MSN_unique_ID,M_class,M_Neuron_id,T_Batch,M_soma_average_radius,M_soma_maximal_radius,M_soma_minimal_radius,M_soma_max_pairwise_dist,M_soma_perimeter,M_soma_area,M_soma_circularity_index,M_soma_shape_factor,M_soma_aspect_ratio,M_cell_max_radial_dist,M_total_number_of_neurites,M_basal_dendrite_longthest_path,M_basal_dendrite_Nseg,M_basal_dendrite_avg_tortuosity,M_basal_dendrite_max_tortuosity,M_Total_neurite_length_(sections),M_Total_neurite_volume,M_Total_neurite_area,M_Number_of_bifurcation_points,M_Maximum_branch_order,M_trunk_angle_min,M_trunk_angle_max,Selected_ASC_filename,Selected_ASC_path,Selected_modification_time,Selected_modification_year,Mapping_status,Length_relative_error,Radial_relative_error,ASC_parse_success,ASC_parse_error,Recalc_success,Recalc_error,Recalc_total_length_um,Recalc_total_area_um2,Recalc_total_volume_um3,Recalc_effective_radius_2V_over_A_um,ASC_point_radius_n,ASC_point_radius_min_um,ASC_point_radius_q25_um,ASC_point_radius_median_um,ASC_point_radius_q75_um,ASC_point_radius_max_um,ASC_length_weighted_segment_radius_um,ASC_unique_positive_radius_n_6dp,Batch,Is_Batch8,Recalc_area_per_length_um,Recalc_volume_per_length_um2,Historical_area_per_length_um,Historical_volume_per_length_um2,Area_recalc_over_historical,Volume_recalc_over_historical
A10161_Batch4,M3,10-16-1_mod.ASC,Batch4,7.923239,9.786915,6.5411577,17.7034539511182,50.7451678873255,188.154149887152,0.91819363552835,0.600340703966421,0.86366567678835,131.70013,6.0,168.611770629882,6.0,1.0657091,1.2577248,1592.97104883193,153.261763668513,1751.56309062291,14.0,4.0,0.071056933333822,2.05760101710789,10-16-1.asc,E:\ASC files\10-16-1.asc,2024-10-29 23:33:20,2024.0,Verified_year_and_length,3.29272683339007e-09,0.05105899533464535,True,,True,,1592.9710540771484,1751.5630645751953,153.26176071166992,0.1749999915062611,297.0,0.17499999701976776,0.17499999701976776,0.17499999701976776,0.17499999701976776,0.17499999701976776,0.17499999701976773,1.0,Batch4,False,1.0995573711726505,0.09621126530793031,1.0995573911448486,0.09621126748090902,0.9999999851288743,0.9999999807072357
A10162_Batch4,M3,10-16-2_mod.ASC,Batch4,7.0343976,10.522973,4.8334727,16.8826479869656,46.7608464617164,157.175494851777,0.903295760887055,0.551446907833222,0.858170547792617,114.81048,7.0,128.002254009246,7.0,1.0488342,1.2995021,1169.45423078536,44.4547806822569,808.268738162675,16.0,5.0,0.118482275507064,2.28268701359344,10-16-2.asc,E:\ASC files\10-16-2.asc,2024-10-30 15:32:22,2024.0,Verified_year_and_length,6.238473730874588e-08,0.07753805874833085,True,,True,,1169.454303741455,808.2687911987305,44.45478296279907,0.10999999863131892,219.0,0.10999999940395355,0.10999999940395355,0.10999999940395355,0.10999999940395355,0.10999999940395355,0.10999999940395351,1.0,Batch4,False,0.691150384083262,0.03801327065159718,0.6911503818493804,0.03801327107295409,1.0000000656168584,1.0000000513002683
A10163_Batch4,M1,10-16-3_mod.ASC,Batch4,7.5608554,9.793724,4.6286054,17.8373043873696,47.5641029663117,158.138240756234,0.878391543195528,0.497025254267434,0.656982459433511,105.31573,4.0,123.175680160522,4.0,1.1169726,1.9967235,633.709725379943,24.089379559552,437.988719369594,7.0,3.0,0.318291708113146,2.39705085280213,10-16-3.asc,E:\ASC files\10-16-3.asc,2024-10-30 15:36:06,2024.0,Verified_year_and_length,1.0534351522929777e-08,0.06938760992296389,True,,True,,633.7097320556641,437.9887504577637,24.089380502700806,0.10999999647262083,121.0,0.10999999940395355,0.10999999940395355,0.10999999940395355,0.10999999940395355,0.10999999940395355,0.10999999940395355,1.0,Batch4,False,0.691150424717308,0.03801327214047714,0.6911503829407007,0.03801327105262448,1.0000000709793844,1.0000000391520587
A10167_Batch4,M2,10-16-7_mod.ASC,Batch4,6.233992,8.768336,4.4090757,16.4983969114282,41.2599580821195,111.365111410501,0.822056097587032,0.40913408388914,0.632982007183492,141.66315,4.0,167.13864326477,4.0,1.0529927,1.2188114,983.263492107391,37.377061140515,679.582932391296,6.0,3.0,0.403034144692495,2.8633201253469,10-16-7.asc,E:\ASC files\10-16-7.asc,2024-10-30 15:48:44,2024.0,Verified_year_and_length,3.394674767398772e-09,0.06197991792612439,True,,True,,983.2634887695312,679.5829200744629,37.377061545848846,0.11000000277156285,188.0,0.10999999940395355,0.10999999940395355,0.10999999940395355,0.10999999940395355,0.10999999940395355,0.10999999940395355,1.0,Batch4,False,0.6911503659358915,0.03801327108425737,0.6911503761161435,0.038013270542981495,0.999999981875894,1.0000000108444547
A10184_Batch4,M3,10-18-4_mod.ASC,Batch4,7.580429,9.045201,5.3598237,17.9402772376703,48.0027257195027,167.85131494794,0.915382941639478,0.521514571836806,0.758232483684984,217.29279,7.0,238.293064117431,7.0,1.0493153,1.216044,2310.7283411026,87.8383422537159,1597.06076558596,18.0,6.0,0.0883860893565977,2.41152929400477,10-18-4.asc,E:\ASC files\10-18-4.asc,2024-10-30 16:06:58,2024.0,Verified_year_and_length,1.031789738588645e-08,0.03259160178765166,True,,True,,2310.728317260742,1597.0609283447266,87.83834195137024,0.10999998859456198,361.0,0.10999999940395355,0.10999999940395355,0.10999999940395355,0.10999999940395355,0.10999999940395355,0.10999999940395357,1.0,Batch4,False,0.6911504552114399,0.038013271095192355,0.6911503776440885,0.03801327083381963,1.0000001019114426,0.9999999965579308
A10243_Batch4,M1,10-24-3_mod.ASC,Batch4,6.91351,8.3018,6.123298,15.1170803500753,43.9140748530297,143.944933880469,0.937991219435697,0.629883949128328,0.829666928569843,144.64334,9.0,166.210266113281,9.0,1.0706799,1.2326922,758.532998085022,28.8343198960373,524.260362978616,3.0,2.0,0.0390497192721816,3.10007427800822,10-24-3.asc,E:\ASC files\10-24-3.asc,2024-10-30 16:21:06,2024.0,Verified_year_and_length,1.508713770629167e-08,0.011410484545663284,True,,True,,758.5330095291138,524.2603816986084,28.834319949150085,0.10999999601620335,137.0,0.10999999940395355,0.10999999940395355,0.10999999940395355,0.10999999940395355,0.10999999940395355,0.10999999940395357,1.0,Batch4,False,0.6911503851678935,0.03801326980753285,0.691150370916168,0.03801327031102388,1.0000000357074343,1.000000001841999
A11114_Batch4,M4,11-11-4_mod.ASC,Batch4,4.836164,6.4293413,3.4704516,12.0913701979672,32.1891077349383,74.7938576721353,0.907105751767147,0.511581578364175,0.742741034272318,97.17734,3.0,113.962106704711,3.0,1.1025369,1.4028641,614.820370674133,23.3713330077039,424.933326327318,9.0,4.0,0.229894983744431,1.41689578498922,11-11-4.asc,E:\ASC files\11-11-4.asc,2024-12-28 19:53:00,2024.0,Verified_year_and_length,4.653429565357818e-09,0.051943066065599425,True,,True,,614.8203735351562,424.93334197998047,23.37133502960205,0.11000000574538642,142.0,0.10999999940395355,0.10999999940395355,0.10999999940395355,0.10999999940395355,0.10999999940395355,0.10999999940395355,1.0,Batch4,False,0.6911503916772567,0.03801327352771215,0.6911503694345565,0.038013270416004434,1.0000000368355728,1.0000000865118883
A11126_Batch4,M3,11-12-6_mod.ASC,Batch4,5.822421,7.671053,4.6375756,13.325154934955,37.4011043231778,100.218122953781,0.900300056044442,0.564419135942766,0.814285478510192,170.51036,5.0,183.420485973358,5.0,1.1010897,1.4800164,1901.55722999572,72.2844103084132,1314.26200495395,14.0,4.0,0.316738431804445,2.51057032004454,11-12-6.asc,E:\ASC files\11-12-6.asc,2024-12-28 20:07:58,2024.0,Verified_year_and_length,3.0091407776255404e-09,0.029215811978603946,True,,True,,1901.5572357177734,1314.2621383666992,72.28440761566162,0.10999998479069503,407.0,0.10999999940395355,0.10999999940395355,0.10999999940395355,0.10999999940395355,0.10999999940395355,0.10999999940395355,1.0,Batch4,False,0.6911504495790839,0.038013269470890634,0.6911503814991191,0.03801327100135498,1.0000001015115316,0.999999962747824
A11156_Batch4,M2,11-15-6_mod.ASC,Batch4,6.774315,10.079247,4.5700083,17.9870969106632,44.2879199967006,130.275059405481,0.834642655383112,0.402660594843302,0.638373871588137,146.77719,5.0,167.789833307266,5.0,1.0906261,1.9388359,2101.04290032386,79.8675115202629,1452.13657177802,20.0,5.0,0.0801099646661789,1.76699795157727,11-15-6.asc,E:\ASC files\11-15-6.asc,2024-12-28 21:10:26,2024.0,Verified_year_and_length,3.256770241212401e-08,0.04273707863290532,True,,True,,2101.04296875,1452.1366424560547,79.86751747131348,0.11000000294218933,383.0,0.10999999940395355,0.10999999940395355,0.10999999940395355,0.10999999940395355,0.10999999940395355,0.10999999940395357,1.0,Batch4,False,0.6911503781952602,0.03801327181748694,0.691150367064939,0.038013270223064895,1.0000000486717544,1.0000000745115312
A11181_Batch4,M4,11-18-1_mod.ASC,Batch4,6.089286,8.228509,3.9558947,13.7258139998546,39.2643874572683,112.494123953278,0.916942386226208,0.597109002703135,0.933550263836279,117.006584,4.0,158.112104415893,4.0,1.0750962,1.64126,973.415989875793,37.0027253251574,672.7768216628,6.0,3.0,0.879019417298303,3.09778240237183,11-18-1.asc,E:\ASC files\11-18-1.asc,2024-12-28 21:20:18,2024.0,Verified_year_and_length,1.0776911458537545e-08,0.03599385058079159,True,,True,,973.4160003662109,672.7768630981445,37.00272727012634,0.10999999940464181,143.0,0.10999999940395355,0.10999999940395355,0.10999999940395355,0.10999999940395355,0.10999999940395355,0.10999999940395352,1.0,Batch4,False,0.6911504052173353,0.03801327208121242,0.6911503700988574,0.038013270492792,1.0000000615885436,1.0000000525628565
A11186_Batch4,M4,11-18-6_mod.ASC,Batch4,6.6182327,7.7006183,4.650036,15.2169983972602,42.8421608876265,134.714034848031,0.922316487815101,0.581774731265991,0.820123220562635,128.01894,3.0,159.064884662628,3.0,1.1209117,1.7684468,1219.58254384994,46.3603216589971,842.914939141654,9.0,4.0,0.199819509252937,1.97071151262215,11-18-6.asc,E:\ASC files\11-18-6.asc,2024-12-28 21:32:34,2024.0,Verified_year_and_length,3.2451660880371055e-08,0.05303119696249888,True,,True,,1219.582504272461,842.9150085449219,46.36032199859619,0.10999999176340562,239.0,0.10999999940395355,0.10999999940395355,0.10999999940395355,0.10999999940395355,0.10999999940395355,0.10999999940395355,1.0,Batch4,False,0.6911504597614417,0.0380132724405163,0.6911503804250645,0.038013270928467284,1.0000000823372142,1.00000000732521
A11274_Batch4,M1,11-27-4_mod.ASC,Batch4,7.2906494,9.61166,4.9981775,18.1422620809287,46.8785924706785,151.180596899357,0.8644836675853,0.459317701498135,0.636701802262628,170.29407,3.0,184.821590423583,3.0,1.0693109,1.2130159,634.658805847168,24.125456908848,438.644670830209,5.0,3.0,0.995771094643815,2.91020157999437,11-27-4.asc,E:\ASC files\11-27-4.asc,2024-12-28 23:02:14,2024.0,Verified_year_and_length,4.207438802291717e-08,0.05237457783711469,True,,True,,634.6588325500488,438.64469146728516,24.125457286834717,0.10999999660834392,92.0,0.10999999940395355,0.10999999940395355,0.10999999940395355,0.10999999940395355,0.10999999940395355,0.10999999940395358,1.0,Batch4,False,0.6911503771322585,0.03801326957020203,0.6911503736951834,0.0380132705740124,1.0000000470473656,1.0000000156675464
A1174_Batch4,M3,11-7-4_mod.ASC,Batch4,5.2758503,6.3977547,3.9074533,11.6264850015522,33.5216118552707,82.2113177978899,0.919372877736806,0.60818364673186,0.889186344610014,122.21757,5.0,132.552676677703,5.0,1.0741938,1.3024606,1510.88672375679,57.4337463920035,1044.24993271889,11.0,4.0,0.0289396563300426,1.17139695851073,11-7-4.asc,E:\ASC files\11-7-4.asc,2024-12-28 19:39:20,2024.0,Verified_year_and_length,3.203348803320462e-08,0.02520070360852555,True,,True,,1510.8867721557617,1044.2499904632568,57.433749198913574,0.10999999947030777,334.0,0.10999999940395355,0.10999999940395355,0.10999999940395355,0.10999999940395355,0.10999999940395355,0.10999999940395354,1.0,Batch4,False,0.691150395719794,0.03801327158154017,0.6911503796408928,0.03801327094144796,1.000000055297458,1.0000000488721397
A20256113_Batch7,M4,6-11-3_mod.ASC,Batch7,6.1286497,7.1071053,5.232573,12.8982049309948,37.9932094689531,106.738351327483,0.929219661160761,0.641596438765793,0.900285232410541,140.42805,4.0,159.825106620788,4.0,1.0868655,1.2178125,930.245899200439,38.649450861058,672.164356532496,5.0,4.0,0.299256798836052,1.32944477593748,6-11-3.asc,E:\ASC files\6-11-3.asc,2025-06-16 16:08:06,2025.0,Verified_year_and_length,9.226666196847717e-09,0.03668085574728027,True,,True,,930.2458906173706,672.1644277572632,38.64945411682129,0.1149999985740949,153.0,0.11500000208616257,0.11500000208616257,0.11500000208616257,0.11500000208616257,0.11500000208616257,0.11500000208616257,1.0,Batch7,False,0.7225664037184534,0.0415475676986555,0.7225663204860476,0.04154756381541463,1.0000001059633206,1.0000000842382806
A20256116_Batch7,M1,6-11-6_mod.ASC,Batch7,11.717005,14.136097,10.086659,24.899928803247,73.1559024512561,399.326083740219,0.937645769983961,0.644067623654497,0.878254599004884,168.30626,4.0,173.565017700195,4.0,1.1619489,2.0606062,757.13527393341,31.4571274892658,547.080474420105,3.0,2.0,0.170375335661957,2.30102784180864,6-11-6.asc,E:\ASC files\6-11-6.asc,2025-06-16 16:24:34,2025.0,Verified_year_and_length,6.297911435479629e-09,0.057045888759852816,True,,True,,757.1352691650391,547.0805206298828,31.457128763198853,0.11499999571171203,104.0,0.11500000208616257,0.11500000208616257,0.11500000208616257,0.11500000208616257,0.11500000208616257,0.11500000208616254,1.0,Batch7,False,0.7225664196481001,0.04154756758047931,0.7225663540650474,0.04154756563624647,1.0000000844661434,1.0000000404974374
A20256117_Batch7,M4,6-11-7_mod.ASC,Batch7,6.257707,6.930723,5.1095796,13.6806557923136,38.5661950997161,109.132807812537,0.922043913117651,0.583097926179364,0.858484390393429,147.2819,4.0,162.303461074829,4.0,1.11448,1.5752593,1022.00202274322,42.4616937812875,738.464230960582,8.0,4.0,0.215208872995494,1.30454412629969,6-11-7.asc,E:\ASC files\6-11-7.asc,2025-06-16 16:36:48,2025.0,Verified_year_and_length,6.5320079434213964e-09,0.035780342169294,True,,True,,1022.0020294189453,738.4642639160156,42.46169376373291,0.11499999617736956,166.0,0.11500000208616257,0.11500000208616257,0.11500000208616257,0.11500000208616257,0.11500000208616257,0.11500000208616255,1.0,Batch7,False,0.7225663380882582,0.0415475630590228,0.7225663105621098,0.04154756334758849,1.000000044626987,0.9999999995865781
A20256162_Batch7,M4,6-14-2_mod.ASC,Batch7,5.934596,6.9551497,4.4944057,13.0601067134156,37.2867980325745,103.803750659106,0.938237374830865,0.608582688900386,0.863652072711198,148.3692,3.0,189.442291736602,3.0,1.052402,1.3280865,1242.48529112339,31.6174018188791,702.608912870957,12.0,4.0,0.483775016420622,1.42341931244172,6-14-2 2025.asc,E:\ASC files\6-14-2 2025.asc,2025-07-07 16:30:22,2025.0,Verified_year_and_length,2.5041442798287718e-08,0.025341441185021848,True,,True,,1242.4852600097656,702.6089782714844,31.61740207672119,0.08999999446208157,237.0,0.09000000357627869,0.09000000357627869,0.09000000357627869,0.09000000357627869,0.09000000357627869,0.09000000357627869,1.0,Batch7,False,0.565486771461548,0.025446903149959853,0.5654867046640809,0.02544690230521144,1.000000093082405,1.000000008155069
A20256163_Batch7,M1,6-14-3_mod.ASC,Batch7,6.8518844,8.987672,4.405263,16.3666374750997,43.0681810796886,125.925533651723,0.853120942676923,0.470105004412485,0.62878309630839,81.574615,5.0,88.3885307312011,5.0,1.0687397,1.371562,435.501337051391,11.0821599527499,246.270215675047,6.0,3.0,0.0565723501686106,1.02026051435279,6-14-3.asc,E:\ASC files\6-14-3.asc,2025-07-07 16:34:12,2025.0,Verified_year_and_length,8.759325325452346e-09,0.06901691475358755,True,,True,,435.50134086608887,246.2702350616455,11.082159996032715,0.08999999527558551,111.0,0.09000000357627869,0.09000000357627869,0.09000000357627869,0.09000000357627869,0.09000000357627869,0.09000000357627869,1.0,Batch7,False,0.5654867435583177,0.025446902124327417,0.5654867039960112,0.025446902247838927,1.000000078720841,1.0000000039056298
A20256164_Batch7,M3,6-14-4_mod.ASC,Batch7,6.801333,8.543295,5.1680927,15.1493426995538,43.8271062483955,137.173115362529,0.897414893521933,0.597697476146678,0.845854398731123,116.673744,5.0,131.630110740661,5.0,1.0663644,1.3348145,1112.76703500747,28.3164740692989,629.254965577621,10.0,3.0,0.221870561835562,2.37715788237145,6-14-4.asc,E:\ASC files\6-14-4.asc,2025-07-07 16:41:06,2025.0,Verified_year_and_length,3.5566735630161757e-08,0.05922743124937508,True,,True,,1112.767074584961,629.254997253418,28.316473722457886,0.08999999633234244,205.0,0.09000000357627869,0.09000000357627869,0.09000000357627869,0.09000000357627869,0.09000000357627869,0.0900000035762787,1.0,Batch7,False,0.5654867147180078,0.025446901125304542,0.5654867063647305,0.025446902342060134,1.0000000503385729,0.9999999877512641
A20256171_Batch7,M3,6-17-1_mod.ASC,Batch7,7.2201366,8.832531,5.9383106,16.7886481580961,44.8216010613422,147.573357077024,0.923087966262855,0.523572106961412,0.69461972191667,141.30946,5.0,157.460708618164,5.0,1.0805423,1.4658113,1314.71520805358,33.4554289331556,743.453957380373,11.0,4.0,0.115029536937025,1.26775393057029,6-17-1.asc,E:\ASC files\6-17-1.asc,2025-07-07 16:55:56,2025.0,Verified_year_and_length,1.0155379264137966e-08,0.04835656576221081,True,,True,,1314.7151947021484,743.4539852142334,33.45543074607849,0.0900000037969747,267.0,0.09000000357627869,0.09000000357627869,0.09000000357627869,0.09000000357627869,0.09000000357627869,0.09000000357627867,1.0,Batch7,False,0.5654867215425045,0.02544690354298209,0.5654866946287536,0.02544690190561191,1.0000000374385798,1.0000000541891987
A20256173_Batch7,M2,6-17-3_mod.ASC,Batch7,5.3935394,6.902417,3.4697165,13.4471672220895,34.293509266382,76.4067509765738,0.816427714601152,0.42254223149535,0.541207459802179,134.70013,6.0,145.345711708068,6.0,1.1488312,1.8894149,1053.90422010421,26.8185974517744,595.968817107547,7.0,2.0,0.0309272107930747,1.38987664284953,6-17-3.asc,E:\ASC files\6-17-3.asc,2025-07-07 17:12:16,2025.0,Verified_year_and_length,2.9409145722435465e-08,0.03722271859856175,True,,True,,1053.9042510986328,595.9688415527344,26.818598747253418,0.09000000294438336,236.0,0.09000000357627869,0.09000000357627869,0.09000000357627869,0.09000000357627869,0.09000000357627869,0.09000000357627869,1.0,Batch7,False,0.5654867042537044,0.025446902523921518,0.5654866976893002,0.025446902043074256,1.0000000410175611,1.0000000483052487
A20256177_Batch7,M1,6-17-7_mod.ASC,Batch7,7.4051795,9.680416,5.394217,18.1281924087808,47.3013861338693,157.568135144072,0.884974025015026,0.479467738986882,0.692946868711361,130.76866,4.0,171.436864852905,4.0,1.121115,1.589247,698.70057106018,17.7797646733866,395.105871753467,4.0,4.0,0.45419019597666,2.05233642856079,6-17-7.asc,E:\ASC files\6-17-7.asc,2025-07-07 17:16:56,2025.0,Verified_year_and_length,1.9108957829113464e-08,0.0654493004618685,True,,True,,698.7005577087402,395.1058864593506,17.779765605926514,0.09000000362057747,113.0,0.09000000357627869,0.09000000357627869,0.09000000357627869,0.09000000357627869,0.09000000357627869,0.09000000357627867,1.0,Batch7,False,0.565486719740181,0.025446903412002387,0.5654866878868431,0.02544690159106111,1.000000037220109,1.000000052449508
A20256202_Batch7,M1,6-20-2_mod.ASC,Batch7,7.881818,9.7333765,5.93735,18.3964023526117,49.4516877082238,173.437679180875,0.891232636057274,0.512480864969849,0.699534255067856,127.48104,5.0,133.819358825683,5.0,1.0812302,1.5303917,636.111307144165,16.1870619427379,359.712478777374,4.0,2.0,0.172080997415501,1.90532084837214,6-20-2.asc,E:\ASC files\6-20-2.asc,2025-07-07 17:20:44,2025.0,Verified_year_and_length,8.995353225407584e-09,0.04574374354021592,True,,True,,636.1113128662109,359.712495803833,16.18706238269806,0.0900000003976819,89.0,0.09000000357627869,0.09000000357627869,0.09000000357627869,0.09000000357627869,0.09000000357627869,0.09000000357627869,1.0,Batch7,False,0.5654867136115357,0.025446902224961022,0.5654866919318109,0.02544690176222468,1.0000000473335233,1.0000000271797416
A20256206_Batch7,M1,6-20-6_mod.ASC,Batch7,4.990474,5.7190003,3.1128604,11.3076000270451,31.1444981660473,68.1003146896254,0.882259427802492,0.532608683005674,0.718798733612401,107.03355,5.0,117.807159423828,5.0,1.1078025,1.6181246,615.732216835022,15.6684777661187,348.1883865021,4.0,2.0,0.256912919415359,2.51766774679079,6-20-6.asc,E:\ASC files\6-20-6.asc,2025-07-07 17:42:20,2025.0,Verified_year_and_length,3.252576379302447e-08,0.05147147421883133,True,,True,,615.7321968078613,348.1884021759033,15.668477833271027,0.08999999847987686,115.0,0.09000000357627869,0.09000000357627869,0.09000000357627869,0.09000000357627869,0.09000000357627869,0.09000000357627866,1.0,Batch7,False,0.5654867554125242,0.02544690356375884,0.5654867115640838,0.025446902627017938,1.0000000450152962,1.0000000042858233
A20256263_Batch7,M1,6-26-3_mod.ASC,Batch7,5.717774,6.9596806,4.4253225,12.6751185689655,36.2685878627848,96.2559479919727,0.919551689736758,0.599133377087866,0.842422869218878,87.51762,6.0,91.6057739257812,6.0,1.114755,2.0950422,475.55222082138,12.1013304596848,268.918447594589,5.0,2.0,0.205214984621134,2.03444296352876,6-26-3.asc,E:\ASC files\6-26-3.asc,2025-07-07 18:30:10,2025.0,Verified_year_and_length,1.3035127185846046e-08,0.05438379887994277,True,,True,,475.5522270202637,268.91845512390137,12.101330757141113,0.09000000205687297,112.0,0.09000000357627869,0.09000000357627869,0.09000000357627869,0.09000000357627869,0.09000000357627869,0.09000000357627869,1.0,Batch7,False,0.565486690723546,0.025446901664126716,0.5654866822619596,0.02544690137033368,1.000000027998497,1.0000000245804637
A20256274_Batch7,M3,6-27-4_mod.ASC,Batch7,5.103871,6.4834676,3.9604945,11.4187006121309,31.9916332047307,73.6889872894389,0.904772992542999,0.565157135754368,0.868968071175466,130.92918,5.0,137.075101852417,5.0,1.0562297,1.2198908,874.032291412353,22.2414139560809,494.253631099062,9.0,3.0,0.135267077877483,1.37324617360369,6-27-4.asc,E:\ASC files\6-27-4.asc,2025-07-07 18:37:06,2025.0,Verified_year_and_length,2.6186886213550603e-08,0.029856888060352534,True,,True,,874.0323143005371,494.2536811828613,22.241414427757263,0.08999999504112344,155.0,0.09000000357627869,0.09000000357627869,0.09000000357627869,0.09000000357627869,0.09000000357627869,0.09000000357627867,1.0,Batch7,False,0.5654867366985148,0.025446901749343703,0.5654866942048504,0.025446901876063292,1.0000001013321829,1.0000000212071212
A20256303_Batch7,M1,6-30-3_mod.ASC,Batch7,7.2363024,9.2921505,4.9940395,17.7158768648603,45.9051604883148,148.417474691755,0.885058305153755,0.472889566076143,0.64007800402675,98.32893,5.0,119.469532966613,5.0,1.0860711,1.4664307,598.907698631286,29.3988128742402,470.381007029646,4.0,1.0,0.327023550177387,2.45616188193016,2025-6-30-3.asc,E:\ASC files\2025-6-30-3.asc,2025-07-14 19:59:28,2025.0,Verified_year_and_length,1.1146491624111561e-08,0.07972493580308397,True,,True,,598.9076919555664,470.3810157775879,29.398813486099243,0.125,100.0,0.125,0.125,0.125,0.125,0.125,0.125,1.0,Batch7,False,0.7853981875599052,0.049087386722494075,0.7853981641989767,0.04908738515371699,1.0000000185975662,1.0000000208123725
A20256307_Batch7,M3,6-30-7_mod.ASC,Batch7,6.860471,9.072221,4.518984,17.2780987534291,44.8182534549113,141.53492279665,0.885449138624385,0.474101913928503,0.669183208073585,140.30621,6.0,143.302410125732,6.0,1.0554354,1.2617695,1306.84748673439,64.1497255971964,1026.39561295338,11.0,4.0,0.305114180294926,2.60824375735482,2025-6-30-7.asc,E:\ASC files\2025-6-30-7.asc,2025-07-14 19:50:46,2025.0,Verified_year_and_length,2.46291236986756e-08,0.021935492905292252,True,,True,,1306.8475189208984,1026.395652770996,64.14972829818726,0.125,230.0,0.125,0.125,0.125,0.125,0.125,0.125,1.0,Batch7,False,0.7853981722508228,0.04908738576567642,0.7853981611260423,0.049087384907856885,1.0000000387936345,1.0000000421044803
A2025644_Batch7,M3,6-4-4_mod.ASC,Batch7,6.911857,8.042261,6.061903,14.5482849922576,43.3401309586672,141.983552481047,0.949877200608563,0.670833030255774,0.941158353204038,172.13994,6.0,192.449387073516,6.0,1.0715847,1.4775367,1511.46033334732,62.7974946028046,1092.13032803205,12.0,5.0,0.116526367684139,1.80523688179267,6-4-4.asc,E:\ASC files\6-4-4.asc,2025-06-16 14:25:40,2025.0,Verified_year_and_length,1.104183856078853e-08,0.03058414917256059,True,,True,,1511.460350036621,1092.1303939819336,62.797494888305664,0.11499999493530162,266.0,0.11500000208616257,0.11500000208616257,0.11500000208616257,0.11500000208616257,0.11500000208616257,0.11500000208616255,1.0,Batch7,False,0.72256635376209,0.041547563511529856,0.7225663181073296,0.04154756378140047,1.0000000603864592,1.0000000045463766
A2025647_Batch7,M3,6-4-7_mod.ASC,Batch7,7.3024073,8.737081,4.8608356,17.1778552264451,45.385928820396,143.456754333572,0.875161914116119,0.486164366943718,0.677878678862571,113.42725,6.0,150.267870903015,6.0,1.0644914,1.324352,1568.72445106506,65.1766790074296,1133.50744834537,15.0,4.0,0.110394106339137,1.8224852789114,6-4-7.asc,E:\ASC files\6-4-7.asc,2025-06-16 14:42:06,2025.0,Verified_year_and_length,4.012336790612516e-08,0.024469506128928446,True,,True,,1568.7245140075684,1133.5075645446777,65.17668306827545,0.11499999665984846,271.0,0.11500000208616257,0.11500000208616257,0.11500000208616257,0.11500000208616257,0.11500000208616257,0.11500000208616258,1.0,Batch7,False,0.7225663616672526,0.04154756458912645,0.7225663165865703,0.04154756366752552,1.0000001025130518,1.0000000623051974
A2025653_Batch7,M3,6-5-3_mod.ASC,Batch7,6.456851,9.146729,5.003849,15.7344216693392,42.3854454224651,127.489015441853,0.891762341247941,0.514957274771052,0.881548777247965,106.69673,8.0,127.513366699218,8.0,1.094972,1.3649182,1557.19432020187,64.697630207585,1125.17616688545,14.0,3.0,0.0515407777508917,1.68145840918551,6-5-3.asc,E:\ASC files\6-5-3.asc,2025-06-16 14:55:54,2025.0,Verified_year_and_length,2.480346426822218e-08,0.041723713500360415,True,,True,,1557.1943588256836,1125.1762161254883,64.69763278961182,0.11500000064415908,272.0,0.11500000208616257,0.11500000208616257,0.11500000208616257,0.11500000208616257,0.11500000208616257,0.11500000208616257,1.0,Batch7,False,0.7225663320370681,0.04154756432485525,0.7225663183382184,0.04154756369725121,1.0000000437620702,1.0000000399091407
A2025654_Batch7,M3,6-5-4_mod.ASC,Batch7,8.99262,11.099481,6.942314,20.3876434266492,57.7441053882937,246.544974871911,0.929160425981373,0.593146669860128,0.781280325938381,146.56458,6.0,159.839243888854,6.0,1.08673,1.5705484,1572.90374135971,65.3503197646283,1136.52728995387,7.0,3.0,0.0886800090335994,1.45869703261214,6-5-4.asc,E:\ASC files\6-5-4.asc,2025-06-16 15:13:56,2025.0,Verified_year_and_length,1.849259211969773e-08,0.059009428435755455,True,,True,,1572.9037704467773,1136.52738571167,65.35032224655151,0.11499999572052634,218.0,0.11500000208616257,0.11500000208616257,0.11500000208616257,0.11500000208616257,0.11500000208616257,0.11500000208616258,1.0,Batch7,False,0.7225663814060561,0.04154756538474633,0.7225663338885502,0.041547564575144094,1.00000008425473,1.0000000379787464
A2025656_Batch7,M3,6-5-6_mod.ASC,Batch7,6.8862886,8.834055,5.3912115,15.9763147616036,44.1601942122241,143.464834323152,0.924471177820544,0.562072379655225,0.81677648883814,197.31279,4.0,207.00085401535,4.0,1.0717734,1.3796552,1509.86204528808,62.731088988537,1090.97544900574,12.0,4.0,0.0199960315995408,2.08634379890279,6-5-6.asc,E:\ASC files\6-5-6.asc,2025-06-16 15:21:38,2025.0,Verified_year_and_length,5.053041200837574e-08,0.013107014287402153,True,,True,,1509.8621215820312,1090.9754791259766,62.73109149932861,0.11500000265741071,239.0,0.11500000208616257,0.11500000208616257,0.11500000208616257,0.11500000208616257,0.11500000208616257,0.11500000208616257,1.0,Batch7,False,0.7225662949825207,0.04154756292157265,0.7225663115450943,0.04154756335806029,1.0000000276085375,1.0000000400246776
A20257151_Batch7,M3,2025-7-15-1_mod.ASC,Batch7,8.17346,9.884399,5.770032,18.175676976249,51.5815196424135,183.223881109617,0.865373669360426,0.554626845603424,0.729080696093267,120.94081,6.0,147.571811676025,6.0,1.0614555,1.5481652,894.3265542984,43.9001528430398,702.402447181186,9.0,3.0,0.0801955746724025,2.01583166704491,2025-7-15-1.asc,E:\ASC files\2025-7-15-1.asc,2025-07-25 19:48:02,2025.0,Verified_year_and_length,9.597241518669848e-09,0.055370849554487137,True,,True,,894.326545715332,702.4024419784546,43.90015286207199,0.12500000067886602,152.0,0.125,0.125,0.125,0.125,0.125,0.125,1.0,Batch7,False,0.7853981807245072,0.049087386561871775,0.7853981790043362,0.04908738606948723,0.9999999925929481,1.0000000004335337
A20257152_Batch7,M4,2025-7-15-2_mod.ASC,Batch7,6.6353593,7.3999796,5.65693,14.6310980788815,41.7729872491888,131.303400787292,0.94557236621191,0.613369435913706,0.870086875838322,85.76295,3.0,102.778487682342,3.0,1.1117668,1.8601016,991.554802894592,48.6728322938046,778.765317616324,8.0,5.0,0.507116108937182,1.05708223930262,2025-7-15-2.asc,E:\ASC files\2025-7-15-2.asc,2025-07-25 20:04:48,2025.0,Verified_year_and_length,3.173929671710875e-08,0.06888855579946304,True,,True,,991.5547714233398,778.7653427124023,48.67283391952515,0.125,192.0,0.125,0.125,0.125,0.125,0.125,0.125,1.0,Batch7,False,0.7853982101205703,0.049087388132535645,0.7853981598827586,0.04908738493496946,1.00000003222547,1.000000033400985
A20257156_Batch7,M4,2025-7-15-6_mod.ASC,Batch7,6.5171404,7.1404395,5.4153147,13.7304903662729,39.960626792797,118.922295565716,0.935854999127421,0.630799279056911,0.858617520491944,103.70087,4.0,128.413934707641,4.0,1.0661893,1.3600975,810.515264987945,39.7860748983571,636.577199922619,7.0,3.0,0.204800100813408,1.62572282865101,2025-7-15-6.asc,E:\ASC files\2025-7-15-6.asc,2025-07-25 21:11:18,2025.0,Verified_year_and_length,2.0590976908734455e-08,0.011700653775365858,True,,True,,810.5152816772461,636.577220916748,39.78607630729675,0.125,134.0,0.125,0.125,0.125,0.125,0.125,0.125,1.0,Batch7,False,0.7853981723817002,0.04908738577385626,0.7853981626516152,0.049087385046287624,1.0000000329797063,1.000000035412884
A2025716_Batch7,M3,7-1-6_mod.ASC,Batch7,4.8259077,6.099046,3.4857273,11.6027336435398,31.0732139172065,69.8718357391188,0.90936800056315,0.519016910916854,0.706000158618275,125.74036,6.0,148.699165344238,6.0,1.0645651,1.2379466,918.90484714508,45.1066364510676,721.706183215456,9.0,4.0,0.293902486324265,2.96505236897482,2025-7-1-6.asc,E:\ASC files\2025-7-1-6.asc,2025-07-11 21:16:50,2025.0,Verified_year_and_length,3.2172976852695043e-08,0.04441488603790883,True,,True,,918.9048767089844,721.7061748504639,45.10663604736328,0.12500000033035408,182.0,0.125,0.125,0.125,0.125,0.125,0.125,1.0,Batch7,False,0.7853981333032222,0.049087383461181126,0.7853981676750372,0.0490873854798004,0.9999999884094215,0.9999999910500017
A2025717_Batch7,M2,7-1-7_mod.ASC,Batch7,6.143704,8.830081,4.025755,17.15473395226,40.8424914228742,105.907189398189,0.797830902195149,0.359879798411707,0.528865886083852,165.53574,6.0,175.352249145507,6.0,1.0548369,1.2570248,747.033915519714,36.6699415719476,586.719066589835,5.0,3.0,0.102740490768561,2.24543974087883,2025-7-1-7.asc,E:\ASC files\2025-7-1-7.asc,2025-07-11 21:21:40,2025.0,Verified_year_and_length,1.404275886471636e-08,0.051041358546602585,True,,True,,747.0339050292969,586.7190952301025,36.66994345188141,0.125,128.0,0.125,0.125,0.125,0.125,0.125,0.125,1.0,Batch7,False,0.7853982145657671,0.04908738841036044,0.7853981651979651,0.04908738520450734,1.0000000488142777,1.0000000512663432
A20257171_Batch7,M4,2025-7-17-1_mod.ASC,Batch7,6.7932906,7.8049307,5.8170166,14.8658830098089,42.510419129891,136.778705111704,0.951124958506349,0.618923633563901,0.866758750562236,120.228264,5.0,138.65341758728,5.0,1.0543677,1.2884781,787.831502914428,38.672588138284,618.761410633327,10.0,3.0,0.386257800510644,2.02435627600095,2025-7-17-1.asc,E:\ASC files\2025-7-17-1.asc,2025-07-28 15:43:06,2025.0,Verified_year_and_length,2.421010004849532e-09,0.040283567820274084,True,,True,,787.8315010070801,618.7614135742188,38.672590255737305,0.12500000616505358,138.0,0.125,0.125,0.125,0.125,0.125,0.125,1.0,Batch7,False,0.7853981629108,0.04908738760293588,0.7853981572764489,0.04908738479639663,1.0000000047528685,1.0000000547533385
A20257172_Batch7,M4,2025-7-17-2_mod.ASC,Batch7,7.38571,9.06693,6.59277,16.7672421022359,45.8531420576109,156.558690344216,0.935726312893842,0.556870112043546,0.745691242330986,105.35904,4.0,116.869107246398,4.0,1.1532353,2.6517987,916.059496164321,44.9669660327312,719.471455590608,14.0,5.0,0.235333105529731,1.53991197930292,2025-7-17-2.asc,E:\ASC files\2025-7-17-2.asc,2025-07-25 21:06:22,2025.0,Verified_year_and_length,5.231334175408535e-08,0.06823003840216132,True,,True,,916.0594482421875,719.4714889526367,44.96696758270264,0.12499999867447935,177.0,0.125,0.125,0.125,0.125,0.125,0.125,1.0,Batch7,False,0.7853982515362071,0.049087390200482146,0.7853981740303367,0.04908738594055807,1.0000000463701908,1.0000000344691131
A20257174_Batch7,M3,2025-7-17-4_mod.ASC,Batch7,6.277028,7.2619944,4.4655795,14.3161264408231,39.227176795393,111.264708236674,0.908642804644671,0.542883175382912,0.714678932076492,122.22322,7.0,143.823538064956,7.0,1.0681908,1.2231195,1121.23054051399,55.0382760567733,880.61241631025,9.0,3.0,0.167534983953321,1.84537127678133,2025-7-17-4.asc,E:\ASC files\2025-7-17-4.asc,2025-07-25 20:35:24,2025.0,Verified_year_and_length,1.9350251521005756e-08,0.04602666541936934,True,,True,,1121.230562210083,880.6124572753906,55.038278579711914,0.125,194.0,0.125,0.125,0.125,0.125,0.125,0.125,1.0,Batch7,False,0.785398192803089,0.04908738705019306,0.7853981714648649,0.04908738574989482,1.0000000465189225,1.00000004583971
A20257178_Batch7,M1,2025-7-17-8_mod.ASC,Batch7,6.252049,6.9880214,5.3285193,13.1217854968935,39.1954312149167,112.501094290171,0.920228580128609,0.653387585856672,0.984760885713761,127.46187,3.0,130.663909912109,3.0,1.1118512,1.4315122,465.080329895019,22.8295773433492,365.273238190584,3.0,2.0,0.649431486130301,2.18862698856333,2025-7-17-8.asc,E:\ASC files\2025-7-17-8.asc,2025-07-25 20:58:08,2025.0,Verified_year_and_length,1.6404465055276336e-08,0.035322858687624054,True,,True,,465.080322265625,365.27325439453125,22.829578399658203,0.125,52.0,0.125,0.125,0.125,0.125,0.125,0.125,1.0,Batch7,False,0.7853982138292014,0.04908738836432509,0.7853981661039844,0.04908738528783284,1.0000000443611674,1.0000000462693193
A20257186_Batch7,M1,2025-7-18-6_mod.ASC,Batch7,7.813538,10.588225,6.3067966,19.080203854095,49.959149260302,181.600404241937,0.914316603433009,0.498827962046712,0.69070210705827,103.24685,5.0,122.701221466064,5.0,1.0723403,1.4201815,678.3893597126,33.3003596603186,532.805756683737,7.0,3.0,0.294427320009233,1.96338388911387,2025-7-18-6.asc,E:\ASC files\2025-7-18-6.asc,2025-07-25 20:41:12,2025.0,Verified_year_and_length,1.3003574744117468e-08,0.06834253445803527,True,,True,,678.3893508911133,532.8057632446289,33.300360441207886,0.12500000089495494,122.0,0.125,0.125,0.125,0.125,0.125,0.125,1.0,Batch7,False,0.7853981825403806,0.049087386760221785,0.7853981626561188,0.049087384970817216,1.0000000123138533,1.0000000234498754
A2025731_Batch7,M4,7-3-1_mod.ASC,Batch7,5.808792,7.0354824,4.9794016,12.0643464371739,36.3234481112579,96.2469868164042,0.916690792194692,0.66127109934214,0.91159041111547,137.15466,3.0,151.196336746215,3.0,1.1306612,1.3194793,744.161419868469,36.528938183619,584.463011100531,5.0,2.0,0.394627890209001,1.21862536396204,2025-7-3-1.asc,E:\ASC files\2025-7-3-1.asc,2025-07-11 21:25:52,2025.0,Verified_year_and_length,2.434930346469065e-08,0.031157711499911343,True,,True,,744.1614379882812,584.4630432128906,36.52894115447998,0.12500000326342042,112.0,0.125,0.125,0.125,0.125,0.125,0.125,1.0,Batch7,False,0.785398185631455,0.04908738788350818,0.7853981616029426,0.049087385086525326,1.0000000549433565,1.0000000813289718
A2025735_Batch7,M3,7-3-5_mod.ASC,Batch7,7.948144,8.656364,6.939393,17.1054705554938,49.3176447280765,181.657757077016,0.93855376501714,0.620846012637186,0.873346706452556,144.32848,6.0,171.242080688476,6.0,1.0589553,1.2123672,1270.54052257537,62.3675122233928,997.880194701752,9.0,4.0,0.126957591735986,1.66314158159615,2025-7-3-5.asc,E:\ASC files\2025-7-3-5.asc,2025-07-14 19:03:32,2025.0,Verified_year_and_length,1.1259071300041248e-08,0.04487511277335032,True,,True,,1270.5405082702637,997.880241394043,62.367515087127686,0.125,203.0,0.125,0.125,0.125,0.125,0.125,0.125,1.0,Batch7,False,0.7853982103668421,0.04908738814792763,0.7853981647740452,0.04908738534129917,1.0000000467914798,1.0000000459170935
A2025781_Batch7,M1,2025-7-8-1_mod.ASC,Batch7,6.668129,8.4372015,5.6400213,14.3896427783058,42.1238630746071,130.001017135568,0.920662023970041,0.627836737758119,0.888834423471535,146.20108,4.0,155.626062393188,4.0,1.2232395,2.4173708,629.969129562377,30.9235378496584,494.776607491748,2.0,2.0,0.0912389998958516,2.43031972459797,2025-7-8-1.asc,E:\ASC files\2025-7-8-1.asc,2025-07-25 19:19:10,2025.0,Verified_year_and_length,1.5138430799271272e-08,0.019045168136860788,True,,True,,629.9691390991211,494.776611328125,30.923538208007812,0.125,99.0,0.125,0.125,0.125,0.125,0.125,0.125,1.0,Batch7,False,0.7853981736877994,0.04908738585548746,0.7853981794877096,0.04908738602975699,1.0000000077537559,1.0000000115882413
A2025784_Batch7,M4,2025-7-8-4_mod.ASC,Batch7,7.1053333,9.193122,4.934603,16.6321996287257,45.0248828133289,143.231320468126,0.88785629345641,0.517772067661197,0.668559736219587,131.5734,3.0,163.383575439453,3.0,1.0356473,1.1482599,1002.17105627059,49.1939565941863,787.103306595816,9.0,4.0,0.164044254485694,1.74468348190835,2025-7-8-4.asc,E:\ASC files\2025-7-8-4.asc,2025-07-25 19:24:50,2025.0,Verified_year_and_length,2.521762981374976e-08,0.026451826234384725,True,,True,,1002.1710815429688,787.1033630371094,49.193960189819336,0.125,135.0,0.125,0.125,0.125,0.125,0.125,0.125,1.0,Batch7,False,0.7853981995022891,0.049087387468893066,0.7853981629891484,0.049087385118917005,1.0000000717076054,1.0000000730909504
A2025794_Batch7,M3,2025-7-9-4_mod.ASC,Batch7,8.460207,9.727636,7.1247416,18.0908103445092,53.5031817430881,219.505935507128,0.96360027025233,0.670702965792184,0.944471045916301,127.351494,4.0,237.664427518844,4.0,1.1275706,3.4636104,1170.19905781745,57.4420119262035,919.072191207489,16.0,6.0,0.0823272493888555,1.91252261621846,2025-7-9-4.asc,E:\ASC files\2025-7-9-4.asc,2025-07-25 19:35:42,2025.0,Verified_year_and_length,2.0170455845371073e-08,0.003032852230970411,True,,True,,1170.1990814208984,919.0722122192383,57.44201326370239,0.125,219.0,0.125,0.125,0.125,0.125,0.125,0.125,1.0,Batch7,False,0.7853981658430865,0.04908738536519291,0.7853981637292203,0.04908738521234086,1.000000022861914,1.0000000232843322
A2025795_Batch7,M1,2025-7-9-5_mod.ASC,Batch7,6.6756,7.94184,5.054324,15.5157061577391,42.6472853114693,131.586031478829,0.909152777724417,0.546596311666957,0.779508319717582,135.3407,5.0,141.538233757019,5.0,1.0449232,1.1765127,619.898986339569,30.4292210842039,486.867539153567,5.0,2.0,0.222884290766267,3.1313794741117,2025-7-9-5.asc,E:\ASC files\2025-7-9-5.asc,2025-07-25 21:35:18,2025.0,Verified_year_and_length,5.38452242589508e-09,0.042304969456250056,True,,True,,619.898983001709,486.8675537109375,30.429221868515015,0.1249999990206019,94.0,0.125,0.125,0.125,0.125,0.125,0.125,1.0,Batch7,False,0.7853982133563127,0.04908738795016079,0.7853981856438625,0.04908738642062458,1.0000000299000638,1.0000000257749324
A2025796_Batch7,M3,2025-7-9-6_mod.ASC,Batch7,7.184603,8.704574,6.60223,15.9572748738307,45.1658259102987,155.44492645876,0.957561118416181,0.610462652740344,0.907677713203725,131.85738,6.0,165.732413768768,6.0,1.1137899,1.5983788,987.807839632034,48.488904466438,775.822470986104,8.0,4.0,0.168190695089623,1.96021848531646,2025-7-9-6.asc,E:\ASC files\2025-7-9-6.asc,2025-07-25 21:17:54,2025.0,Verified_year_and_length,2.5825658879596122e-08,0.04097860635424326,True,,True,,987.8078651428223,775.8225002288818,48.488906264305115,0.125,171.0,0.125,0.125,0.125,0.125,0.125,0.125,1.0,Batch7,False,0.7853981807653551,0.04908738629783469,0.7853981714450696,0.04908738574549124,1.0000000376926153,1.0000000370779074
D2510215_Batch8,M2,2025-10-21-5 mod.ASC,Batch8,4.861992,7.7358522,3.2462885,12.4403474299266,32.5493586616064,67.9383085052251,0.805823117249028,0.438985030660321,0.667278780120427,125.52634,5.0,138.070036888122,5.0,1.0685023,1.1911476,1074.84418296813,930.708991886027,3545.55854067512,10.0,3.0,0.199137008586696,3.12872470938679,10-21-5 trace.asc,E:\ASC files\10-21-5 trace.asc,2025-10-31 15:18:48,2025.0,Verified_year_and_length,5.32359614483097e-09,0.03622925803547981,True,,True,,1074.8441772460938,3545.55859375,930.7090301513672,0.5249999431920217,204.0,0.5249999761581421,0.5249999761581421,0.5249999761581421,0.5249999761581421,0.5249999761581421,0.5249999761581421,1.0,Batch8,True,3.2986721878460874,0.8659013556141489,3.2986721209061507,0.8659013154036144,1.0000000149693988,1.0000000411141834
D251022_Batch8,M1,2025-10-2-2 mod.ASC,Batch8,9.443867,10.436838,7.1145067,20.2196350611113,56.9138967200547,229.55232127686,0.890543032111309,0.561480997873263,0.831178599963495,174.1502,4.0,202.230796813964,4.0,1.174105,1.6470517,774.215028762817,1423.4241334711,3721.37031315427,2.0,1.0,0.258619775231928,3.09746103431615,10-2-2 trace.asc,E:\ASC files\10-2-2 trace.asc,2025-10-20 22:00:46,2025.0,Verified_year_and_length,2.709949370980959e-08,0.036546531480305795,True,,True,,774.2150497436523,3721.3704223632812,1423.4241638183594,0.7649999877810628,81.0,0.7649999856948853,0.7649999856948853,0.7649999856948853,0.7649999856948853,0.7649999856948853,0.7649999856948853,1.0,Batch8,True,4.806636636158715,1.838538483964713,4.806636625358409,1.8385384945907193,1.0000000293464508,1.0000000213198994
D2510232_Batch8,M4,2025-10-23-2 mod.ASC,Batch8,5.5890355,6.537265,4.3265467,11.7088762393365,34.243713262459,84.0350370025261,0.900551504154773,0.612956936965289,0.947617177793286,121.243866,4.0,138.099908828735,4.0,1.0385015,1.1270548,637.545474529266,552.051472229229,2103.05350050718,7.0,4.0,0.0266557580221015,1.43338306706201,10-23-2 trace.asc,E:\ASC files\10-23-2 trace.asc,2025-10-31 17:31:04,2025.0,Verified_year_and_length,2.9169133139235697e-08,0.052256602476704134,True,,True,,637.5454559326172,2103.053596496582,552.0514755249023,0.5249999110289433,116.0,0.5249999761581421,0.5249999761581421,0.5249999761581421,0.5249999761581421,0.5249999761581421,0.5249999761581422,1.0,Batch8,True,3.298672395712057,0.8659013571312305,3.298672148931772,0.8659013267043236,1.0000000456428721,1.000000005969866
D251027_Batch8,M1,2025-10-2-7 mod.ASC,Batch8,5.7883286,7.9343715,4.450539,13.094744843995,35.9608607936585,90.8613271545619,0.882935100526649,0.529889111061849,0.777479422029903,150.99022,6.0,169.634069442749,6.0,1.1274478,1.6555859,1017.18570327758,1870.13508565942,4889.24207222987,3.0,2.0,0.267579475079883,2.83014614266969,10-2-7 trace.asc,E:\ASC files\10-2-7 trace.asc,2025-10-20 22:52:30,2025.0,Verified_year_and_length,7.500500991174286e-09,0.025810644410808155,True,,True,,1017.1857109069824,4889.242294311523,1870.1352157592773,0.7650000156200562,139.0,0.7649999856948853,0.7649999856948853,0.7649999856948853,0.7649999856948853,0.7649999856948853,0.7649999856948853,1.0,Batch8,True,4.806636823429213,1.8385386225016425,4.80663664115189,1.8385385083898278,1.0000000454225113,1.0000000695670908
D251033_Batch8,M2,2025-10-3-3 mod.ASC,Batch8,6.3792567,8.4436455,3.2623458,16.4339018886803,39.4194749328237,96.9300756561568,0.783874876522348,0.358903068936663,0.582405335738747,140.88264,6.0,158.922763824462,6.0,1.0676873,1.1527247,968.255400180816,1780.17486457711,4654.0519364847,6.0,2.0,0.0066233812309014,0.785833209956716,10-3-3 trace.asc,E:\ASC files\10-3-3 trace.asc,2025-10-20 23:02:04,2025.0,Verified_year_and_length,1.4281641913060593e-08,0.02050510877296071,True,,True,,968.2553863525391,4654.05224609375,1780.1749420166016,0.7649999819021122,133.0,0.7649999856948853,0.7649999856948853,0.7649999856948853,0.7649999856948853,0.7649999856948853,0.7649999856948851,1.0,Batch8,True,4.806637083244919,1.838538640846192,4.806636694838555,1.8385385346104683,1.000000066524623,1.000000043501059
D251064_Batch8,M1,2025-10-6-4 mod.ASC,Batch8,8.804915,10.867677,6.4060736,21.4680467378364,56.0091674099906,216.033570028608,0.865391993697213,0.468744492826444,0.712294324913423,188.14566,7.0,203.095809936523,7.0,1.0846486,1.516492,1035.61616325378,1904.02025653763,4977.83076057928,6.0,2.0,0.010647492916406,3.06714579864684,10-6-4 trace.asc,E:\ASC files\10-6-4 trace.asc,2025-10-20 23:19:14,2025.0,Verified_year_and_length,5.525261379839489e-09,0.04777834753386689,True,,True,,1035.61616897583,4977.830902099609,1904.0203475952148,0.76500001106591,123.0,0.7649999856948853,0.7649999856948853,0.7649999856948853,0.7649999856948853,0.7649999856948853,0.7649999856948851,1.0,Batch8,True,4.8066369097176445,1.8385386445619045,4.8066367996223045,1.838538566794313,1.0000000284301207,1.0000000478238529
D251072_Batch8,M2,2025-10-7-2 mod.ASC,Batch8,5.8823256,9.443559,3.2767231,15.5185199322856,39.8161429590968,94.6097846832125,0.749941770919857,0.392857869728271,0.631779494325967,135.1177,8.0,153.034354209899,8.0,1.1238729,1.4623293,1069.13117599487,1965.63885233246,5138.92511471302,5.0,3.0,0.0956823045752704,3.10507711104491,10-7-2 trace.asc,E:\ASC files\10-7-2 trace.asc,2025-10-20 23:25:18,2025.0,Verified_year_and_length,3.5680375870931337e-09,0.06052116987200084,True,,True,,1069.1311798095703,5138.925354003906,1965.6389541625977,0.7650000024347906,158.0,0.7649999856948853,0.7649999856948853,0.7649999856948853,0.7649999856948853,0.7649999856948853,0.764999985694885,1.0,Batch8,True,4.806636875859549,1.8385386108678543,4.806636669191731,1.8385385221821382,1.0000000465643848,1.0000000518051104
D251075_Batch8,M1,2025-10-7-5 mod.ASC,Batch8,5.1992927,6.348982,4.264448,10.9700771961269,31.7711078158975,70.215833023074,0.874138402250788,0.583466176610267,0.84064938283227,129.33519,6.0,157.034931182861,6.0,1.0761999,1.2953343,925.825332641601,1702.16553041763,4450.10598163312,5.0,2.0,0.0696767879934156,2.00487079085358,10-7-5 trace.asc,E:\ASC files\10-7-5 trace.asc,2025-10-20 23:37:34,2025.0,Verified_year_and_length,3.708288552035255e-08,0.022494984774698988,True,,True,,925.8252983093262,4450.106048583984,1702.1656303405762,0.7650000300025219,145.0,0.7649999856948853,0.7649999856948853,0.7649999856948853,0.7649999856948853,0.7649999856948853,0.7649999856948854,1.0,Batch8,True,4.806636907319815,1.8385386891554436,4.806636656761058,1.8385385130486167,1.0000000150447799,1.0000000587034248
D251076_Batch8,M3,2025-10-7-6 mod.ASC,Batch8,8.20941,9.987784,6.728047,17.935509934258,52.1701522614228,188.920945736812,0.872259617247416,0.587290063919237,0.867516112931409,214.67789,4.0,231.963854312896,4.0,1.066918,1.3248363,1626.7073264122,2990.76405120279,7818.99099420895,7.0,6.0,0.0250319145056628,3.1302249686257,10-7-6 trace.asc,E:\ASC files\10-7-6 trace.asc,2025-10-21 14:58:16,2025.0,Verified_year_and_length,6.155736234277543e-09,0.010658285113477205,True,,True,,1626.7073364257812,7818.9912109375,2990.764190673828,0.7650000134263444,199.0,0.7649999856948853,0.7649999856948853,0.7649999856948853,0.7649999856948853,0.7649999856948853,0.7649999856948854,1.0,Batch8,True,4.806636716913979,1.8385385764873767,4.806636613270932,1.8385385020666862,1.0000000277182248,1.0000000466339154
D251081_Batch8,M1,2025-10-8-1 mod.ASC,Batch8,8.489761,10.418464,6.742015,18.9037737247158,53.618072025193,207.44747163984,0.90676682480319,0.580511898355147,0.847537927104874,151.08133,5.0,155.424484252929,5.0,1.0743175,1.2789696,951.178521633148,1748.77834096114,4571.9695226254,3.0,2.0,0.255480450151951,2.55158801941105,10-8-1 trace.asc,E:\ASC files\10-8-1 trace.asc,2025-10-21 15:23:24,2025.0,Verified_year_and_length,5.51443119621206e-09,0.05115567594350501,True,,True,,951.1785163879395,4571.969467163086,1748.7783508300781,0.7650000129660524,128.0,0.7649999856948853,0.7649999856948853,0.7649999856948853,0.7649999856948853,0.7649999856948853,0.7649999856948854,1.0,Batch8,True,4.806636597013301,1.8385385295191385,4.806636628816483,1.8385385090051598,0.9999999878690543,1.0000000056433327
D251162_Batch8,M2,2025-11-6-2_mod.ASC,Batch8,6.895594,9.807913,4.2251897,18.2116035528806,44.8498151052468,125.490933773806,0.783972630059798,0.378369373301786,0.596024349714914,130.97324,9.0,140.992180824279,9.0,1.1130792,1.2973291,1562.22200298309,1038.50430420429,4515.2360796776,8.0,3.0,0.0016194458753809,2.87156371599024,,,,,Missing_matching_ASC,,,,,False,Missing_matching_ASC,,,,,,,,,,,,,Batch8,True,,,2.8902653214816323,0.6647610277036478,,
D251171_Batch8,M3,2025-11-7-1_mod.ASC,Batch8,7.0150476,8.653768,5.52623,16.5270259445651,44.2895527836807,140.732298110961,0.901573324912125,0.515233819365237,0.807862610076693,152.42303,7.0,165.031320095062,7.0,1.0567795,1.3172523,1154.40957403182,767.406477512985,3336.54987166926,8.0,3.0,0.057159636103976,2.44811501574943,,,,,Missing_matching_ASC,,,,,False,Missing_matching_ASC,,,,,,,,,,,,,Batch8,True,,,2.890265246169287,0.6647610127078106,,
D251172_Batch8,M1,2025-11-7-2_mod.ASC,Batch8,6.225834,7.101082,5.1712246,12.8182399690211,37.6963799432755,101.541597659234,0.897954981776762,0.617998181157393,0.993996973422387,154.9367,10.0,169.271865844726,10.0,1.0922724,1.5844924,1360.53659820556,904.431691582495,3932.31166694966,4.0,2.0,0.0263113717257112,2.06668914522029,,,,,Missing_matching_ASC,,,,,False,Missing_matching_ASC,,,,,,,,,,,,,Batch8,True,,,2.8902652616152094,0.6647610161868256,,
D251174_Batch8,M2,2025-11-7-4_mod.ASC,Batch8,5.566407,8.202673,3.4485233,14.8365285476661,36.4786678910083,85.4210705901495,0.806671907810975,0.388061374003763,0.642799512989812,130.51599,9.0,145.805003643035,9.0,1.1504418,1.764337,1162.42797613143,772.736827502768,3359.72531334238,5.0,3.0,0.0067834329225247,2.22367014606686,,,,,Missing_matching_ASC,,,,,False,Missing_matching_ASC,,,,,,,,,,,,,Batch8,True,,,2.890265360374046,0.6647610375607466,,
D258155_Batch8,M3,2025-8-15-5 mod.ASC,Batch8,8.196075,10.735693,6.10062,19.492650521179,52.6191681980563,192.662894857814,0.874419811062803,0.507056423107185,0.775472893991569,111.341324,5.0,131.576316833496,5.0,1.0929875,2.0713942,1021.50342082977,488.11131480362,2503.13507278084,10.0,3.0,0.0129740463220187,2.49512078792821,8-15-5 trace.asc,E:\ASC files\8-15-5 trace.asc,2025-08-27 21:23:46,2025.0,Verified_year_and_length,2.7074366632246355e-08,0.04522119977538057,True,,True,,1021.5034484863281,2503.1353759765625,488.1113395690918,0.38999995306179724,136.0,0.38999998569488525,0.38999998569488525,0.38999998569488525,0.38999998569488525,0.38999998569488525,0.38999998569488525,1.0,Batch8,True,2.450442413763486,0.47783621317419833,2.450442183294439,0.4778362018671713,1.000000121126393,1.000000050737344
D258182_Batch8,M1,2025-8-18-2 mod.ASC,Batch8,5.9381866,7.7961855,4.304543,14.4076844069727,38.1691241988949,100.060683972085,0.863075803239247,0.482031137891135,0.705161285874517,145.30643,5.0,179.322115898132,5.0,1.0760602,1.3343832,641.443974018096,306.505145553668,1571.82133704063,3.0,3.0,0.0492148996923725,2.87676627169556,8-18-2 trace.asc,E:\ASC files\8-18-2 trace.asc,2025-08-27 21:44:42,2025.0,Verified_year_and_length,5.203667275892768e-09,0.034428920894859015,True,,True,,641.443977355957,1571.821403503418,306.50515365600586,0.3899999745172567,88.0,0.38999998569488525,0.38999998569488525,0.38999998569488525,0.38999998569488525,0.38999998569488525,0.38999998569488525,1.0,Batch8,True,2.4504422194164057,0.4778362015642041,2.450442128553361,0.4778361914193009,1.000000042283933,1.00000002643459
D258224_Batch8,M1,2025-8-22-4 mod.ASC,Batch8,5.63299,6.8936896,3.5775564,12.4896976304263,34.6554026405421,77.6145721618087,0.812103222521455,0.497553079967494,0.897773960986741,142.61276,6.0,156.176067352294,6.0,1.0637046,1.2100813,903.510996520519,318.546587098357,1901.77062168024,1.0,2.0,0.0476663653494809,2.26536074483835,8-22-4 trace.asc,E:\ASC files\8-22-4 trace.asc,2025-09-26 19:58:14,2025.0,Verified_year_and_length,1.1940575126662965e-08,0.04283881885732247,True,,True,,903.51100730896,1901.7706451416016,318.54658699035645,0.33500000413208414,117.0,0.33500000834465027,0.33500000834465027,0.33500000834465027,0.33500000834465027,0.33500000834465027,0.33500000834465016,1.0,Batch8,True,2.104867156854993,0.35256525312195547,2.1048671560214376,0.35256525745132167,1.0000000123365884,0.9999999996609583
D259101_Batch8,M3,2025-9-10-1 mod.ASC,Batch8,7.4744086,9.221942,6.2933044,15.864351073568,44.8199012713608,135.824878213461,0.849664351208043,0.539677982198657,0.89806855118757,149.22144,6.0,165.455902099609,6.0,1.0559379,1.1990147,1477.14135026931,1900.78001561872,5939.93773956627,7.0,4.0,0.0154332397167608,2.93828354062811,9-10-1 trace.asc,E:\ASC files\9-10-1 trace.asc,2025-09-29 19:37:28,2025.0,Verified_year_and_length,2.6147668316716158e-08,0.0600241457780694,True,,True,,1477.1413116455078,5939.938507080078,1900.780029296875,0.639999901356302,189.0,0.6399999856948853,0.6399999856948853,0.6399999856948853,0.6399999856948853,0.6399999856948853,0.6399999856948853,1.0,Batch8,True,4.021239173429588,1.2867963371625166,4.021238548689541,1.2867962942559106,1.0000001292124332,1.0000000071960746
D259121_Batch8,M4,2025-9-12-1 mod.ASC,Batch8,6.4184713,7.099368,5.878291,13.4610124902696,38.6557478019751,105.652424392756,0.888507652948069,0.583074451950286,0.869159547421829,190.42656,3.0,207.287210464477,3.0,1.0441362,1.2617668,1188.780377388,1529.71818250837,4780.3694478632,9.0,3.0,0.51882895295149,2.64333122373941,9-12-1 trace.asc,E:\ASC files\9-12-1 trace.asc,2025-09-29 19:52:34,2025.0,Verified_year_and_length,2.807802194910543e-08,0.026512612016567922,True,,True,,1188.7804107666016,4780.369689941406,1529.7181701660156,0.6399999453535007,127.0,0.6399999856948853,0.6399999856948853,0.6399999856948853,0.6399999856948853,0.6399999856948853,0.6399999856948855,1.0,Batch8,True,4.0212386128222946,1.2867962462298277,4.021238522094952,1.2867962927428882,1.0000000506400624,0.9999999919316155
D259122_Batch8,M2,2025-9-12-2 mod.ASC,Batch8,4.358249,6.4999814,2.708203,11.2003836320856,30.1057588934878,57.8183405975576,0.801634369099469,0.460892697014116,0.682445078845194,155.60703,5.0,169.847110748291,5.0,1.1661408,1.8526587,1117.23882484436,1437.65876197821,4492.68376223329,5.0,3.0,0.174792707809793,2.64427669168703,9-12-2 trace.asc,E:\ASC files\9-12-2 trace.asc,2025-09-29 20:31:24,2025.0,Verified_year_and_length,2.5607980416291458e-08,0.018414416282819073,True,,True,,1117.2388534545898,4492.6839599609375,1437.6587829589844,0.6399999625041439,121.0,0.6399999856948853,0.6399999856948853,0.6399999856948853,0.6399999856948853,0.6399999856948853,0.6399999856948855,1.0,Batch8,True,4.02123856153875,1.2867962643025088,4.021238487535694,1.2867962784756313,1.0000000440110317,1.0000000145937096
D259161_Batch8,M2,2025-9-16-1 mod.ASC,Batch8,6.950597,10.817882,4.4729557,18.5981307447745,44.8033921324847,123.452115573105,0.772834690369633,0.356911008772669,0.533845851159525,119.23073,9.0,140.892398834228,9.0,1.1061378,2.4663544,1568.84324264526,2018.78166876115,6308.69289410335,7.0,3.0,0.0271345121028151,3.14110437233494,9-16-1 trace.asc,E:\ASC files\9-16-1 trace.asc,2025-09-29 21:35:42,2025.0,Verified_year_and_length,1.458921236333118e-08,0.06820026228226125,True,,True,,1568.8432655334473,6308.693283081055,2018.7817268371582,0.6399999607688078,239.0,0.6399999856948853,0.6399999856948853,0.6399999856948853,0.6399999856948853,0.6399999856948853,0.6399999856948851,1.0,Batch8,True,4.021238718793197,1.2867963111348286,4.0212385295207245,1.2867962928898105,1.0000000616574163,1.0000000287678499
D259162_Batch8,M2,2025-9-16-2 mod.ASC,Batch8,6.8802047,10.324197,4.278903,18.5204767608284,46.0757900230383,133.857499372912,0.792331625152165,0.390245930629668,0.589624645447353,145.56721,5.0,160.965309143066,5.0,1.0789565,1.549144,1196.69875764846,1539.907519766,4812.21112230577,8.0,3.0,0.0894893260487679,2.07667548756378,9-16-2 trace.asc,E:\ASC files\9-16-2 trace.asc,2025-09-29 21:49:52,2025.0,Verified_year_and_length,1.6336872920856284e-08,0.022920941870039013,True,,True,,1196.6987380981445,4812.211364746094,1539.907470703125,0.6399999310023553,197.0,0.6399999856948853,0.6399999856948853,0.6399999856948853,0.6399999856948853,0.6399999856948853,0.6399999856948853,1.0,Batch8,True,4.021238772586916,1.286796268499811,4.021238504301511,1.2867962884761013,1.0000000503802342,0.999999968139077
D259164_Batch8,M1,2025-9-16-4 mod.ASC,Batch8,5.235263,6.1399927,4.728361,11.2134323204079,31.0040158970701,63.9484174469252,0.835995160858793,0.508572261176935,0.813499045897747,123.93121,6.0,147.084651947021,6.0,1.1156414,1.5725324,890.970328330993,1146.49730466743,3582.80416976433,3.0,2.0,0.012304377587889,1.63577679215104,9-16-4 trace.asc,E:\ASC files\9-16-4 trace.asc,2025-09-29 21:58:22,2025.0,Verified_year_and_length,5.351886715559443e-09,0.004048313280256499,True,,True,,890.9703330993652,3582.804489135742,1146.4973220825195,0.639999936116571,151.0,0.6399999856948853,0.6399999856948853,0.6399999856948853,0.6399999856948853,0.6399999856948853,0.6399999856948853,1.0,Batch8,True,4.0212388179889835,1.2867962933112125,4.021238481056721,1.2867962806517945,1.0000000891400693,1.0000000151898216
D25943_Batch8,M1,2025-9-4-3 mod.ASC,Batch8,7.2192135,9.05066,4.4360843,16.4725877607143,45.8164830412501,139.211230779998,0.833375328632989,0.51303927490745,0.784746981355028,170.04683,8.0,183.472591400146,8.0,1.0856488,1.2716467,1430.53464746475,504.356801405238,3011.0853008917,5.0,2.0,0.0197017258677452,3.13866296504205,9-4-3 trace.asc,E:\ASC files\9-4-3 trace.asc,2025-09-26 21:04:54,2025.0,Verified_year_and_length,1.0333164356946738e-08,0.044255795273058014,True,,True,,1430.5346326828003,3011.0852699279785,504.35681533813477,0.33500002167005943,168.0,0.33500000834465027,0.33500000834465027,0.33500000834465027,0.33500000834465027,0.33500000834465027,0.33500000834465027,1.0,Batch8,True,2.10486709034163,0.3525652604385205,2.104867090236552,0.35256524705576275,0.9999999897167571,1.0000000276250796
D25952_Batch8,M1,2025-9-5-2 mod.ASC,Batch8,5.702746,7.0502057,4.6310263,12.0990112556526,34.9756501188325,85.9781681579768,0.88321504885536,0.587338441300659,0.89096262608514,123.88917,7.0,135.052128791809,7.0,1.0563112,1.1640925,1054.49111366271,930.560206025948,3511.54823420686,5.0,3.0,0.0372782027751516,2.80261887099042,9-5-2 trace.asc,E:\ASC files\9-5-2 trace.asc,2025-09-26 21:35:04,2025.0,Verified_year_and_length,1.8087766042137916e-09,0.04294749817392236,True,,True,,1054.491111755371,3511.5484313964844,930.5602569580078,0.5299999559384915,119.0,0.5299999713897705,0.5299999713897705,0.5299999713897705,0.5299999713897705,0.5299999713897705,0.5299999713897704,1.0,Batch8,True,3.3300882219395325,0.8824733054496208,3.3300880289163493,0.8824732555532919,1.0000000561546107,1.0000000547326864
D25953_Batch8,M1,2025-9-5-3 mod.ASC,Batch8,8.882973,12.75808,7.5674167,21.9868348431744,56.5544710644406,217.647875695838,0.855126581923927,0.450224375497488,0.698810582120369,129.48726,6.0,137.483275413513,6.0,1.02377,1.0828674,641.958617210388,566.51130548134,2137.77869701871,2.0,2.0,0.0787472743937922,1.79539708513821,9-5-3 trace.asc,E:\ASC files\9-5-3 trace.asc,2025-09-26 21:41:34,2025.0,Verified_year_and_length,1.4855701258814622e-09,0.056250011003435366,True,,True,,641.9586181640625,2137.7786712646484,566.5113372802734,0.529999990078619,53.0,0.5299999713897705,0.5299999713897705,0.5299999713897705,0.5299999713897705,0.5299999713897705,0.5299999713897704,1.0,Batch8,True,3.33008796949947,0.8824732953978237,3.3300880145644958,0.8824732471745577,0.999999987952887,1.0000000561311544
D25992_Batch8,M1,2025-9-9-2 mod.ASC,Batch8,6.678785,9.489481,4.890562,16.476832927714,44.4789734380638,131.801668078638,0.837184656367393,0.485482333355691,0.852893407144275,166.45172,8.0,185.686923980712,8.0,1.0608718,1.3560319,1232.35807466506,1585.79382964082,4955.60584496056,4.0,2.0,0.0432872471489045,2.6719032509336,9-9-2 trace.asc,E:\ASC files\9-9-2 trace.asc,2025-09-29 18:20:40,2025.0,Verified_year_and_length,5.803968075338188e-09,0.021389500718708813,True,,True,,1232.358081817627,4955.606170654297,1585.7938766479492,0.6399999604644023,154.0,0.6399999856948853,0.6399999856948853,0.6399999856948853,0.6399999856948853,0.6399999856948853,0.6399999856948854,1.0,Batch8,True,4.021238829663197,1.2867963460011829,4.0212385887173525,1.2867963153256567,1.0000000657222845,1.0000000296426486
D25993_Batch8,M1,2025-9-9-3 mod.ASC,Batch8,5.1258616,6.6995835,3.940277,11.8253521425772,32.1222267677338,68.4429127809123,0.833541180185489,0.489440968826901,0.957746055674277,173.27313,4.0,192.752950668334,4.0,1.0414631,1.1735299,1010.03999328613,1299.71569441033,4061.61166204119,4.0,2.0,0.474558133979301,3.06121870765633,9-9-3 trace.asc,E:\ASC files\9-9-3 trace.asc,2025-09-29 18:27:16,2025.0,Verified_year_and_length,3.02142302978351e-08,0.022375350419035635,True,,True,,1010.0400238037109,4061.6118774414062,1299.7157592773438,0.6399999795628398,106.0,0.6399999856948853,0.6399999856948853,0.6399999856948853,0.6399999856948853,0.6399999856948853,0.6399999856948853,1.0,Batch8,True,4.021238546712017,1.2867962938564974,4.021238454951549,1.2867962685138339,1.0000000530331883,1.000000049908618
D25995_Batch8,M1,2025-9-9-5 mod.ASC,Batch8,6.431517,9.06788,4.782591,15.8923541394217,41.6376291476422,114.82534636231,0.832291851310105,0.454633355469208,0.666146350986398,107.395615,4.0,127.146117210388,4.0,1.1199199,1.3501877,722.415749549865,929.601905712001,2905.00605961143,2.0,3.0,0.329953596483772,2.64443738757295,9-9-5 trace.asc,E:\ASC files\9-9-5 trace.asc,2025-09-29 19:23:52,2025.0,Verified_year_and_length,2.5082250359478145e-08,0.049377479088757135,True,,True,,722.4157676696777,2905.006317138672,929.6019287109375,0.6399999361285812,75.0,0.6399999856948853,0.6399999856948853,0.6399999856948853,0.6399999856948853,0.6399999856948853,0.6399999856948853,1.0,Batch8,True,4.0212388033963515,1.286796288665719,4.021238547777412,1.286796289105315,1.000000088649468,1.0000000247406298
J10104_Batch3,M3,10-10-4_mod.ASC,Batch3,8.14303,9.897502,6.085027,17.7034633459391,50.588448903703,185.753074371372,0.912101452023977,0.592678998267741,0.844059907613886,130.26456,6.0,140.847988605499,6.0,1.0730273,1.4679229,1185.93455219268,114.10026815941,1304.00312220343,12.0,5.0,0.0877143750850327,2.52356923541063,10-10-4.asc,E:\ASC files\10-10-4.asc,2024-10-29 23:15:46,2024.0,Verified_year_and_length,2.0103849666911468e-08,0.0176069433431401,True,,True,,1185.93452835083,1304.0031509399414,114.10027265548706,0.17499999531940116,216.0,0.17499999701976776,0.17499999701976776,0.17499999701976776,0.17499999701976776,0.17499999701976776,0.1749999970197678,1.0,Batch3,False,1.0995574542831623,0.09621127467648302,1.0995574079467136,0.09621126895109808,1.0000000220371492,1.0000000394046142
J10114_Batch3,M3,10-11-4_mod.ASC,Batch3,6.9946556,8.418549,5.49647,15.9174062285609,45.6429185842134,145.789696237305,0.879406924394038,0.575416393848094,0.925471067037431,146.48132,6.0,159.981171607971,6.0,1.0456531,1.1754133,1239.64002037048,119.26733908854,1363.05535866113,8.0,5.0,0.224413448352971,2.28953334508685,10-11-4.asc,E:\ASC files\10-11-4.asc,2024-10-29 23:24:20,2024.0,Verified_year_and_length,4.615895917374896e-09,0.05193777198647233,True,,True,,1239.6400260925293,1363.0553703308105,119.26734852790833,0.1750000053174104,210.0,0.17499999701976776,0.17499999701976776,0.17499999701976776,0.17499999701976776,0.17499999701976776,0.17499999701976776,1.0,Batch3,False,1.0995574050858126,0.0962112758684076,1.0995574007474895,0.09621126869790445,1.0000000085614136,1.0000000791446209
J10141_Batch3,M2,10-14-1_mod.ASC,Batch3,7.9455314,10.929208,4.8412595,21.4394515414342,52.0884130024788,165.458261001622,0.76633042418373,0.359965694205039,0.618873426300768,182.74892,7.0,191.739674568176,7.0,1.1005139,1.7489997,1597.04929304122,60.7090675659638,1103.80122696827,15.0,3.0,0.0172704677436608,3.12761029255624,10-14-1.asc,E:\ASC files\10-14-1.asc,2024-10-30 14:38:52,2024.0,Verified_year_and_length,4.478601932884469e-09,0.009592948118123616,True,,True,,1597.0492858886719,1103.8013381958008,60.70906972885132,0.10999999298439386,308.0,0.10999999940395355,0.10999999940395355,0.10999999940395355,0.10999999940395355,0.10999999940395355,0.10999999940395357,1.0,Batch3,False,0.691150453494987,0.038013272517804605,0.6911503807539525,0.03801327099325599,1.0000001007677182,1.0000000356270917
J10145_Batch3,M1,10-14-5_mod.ASC,Batch3,11.322794,14.758754,8.020528,26.0328204733365,72.0950522713865,376.37744049728,0.909960470324209,0.555368364981783,0.781330360328194,199.5192,5.0,218.991294860839,5.0,1.0344976,1.1110637,1132.69626522064,43.0574900162865,782.863450658128,6.0,2.0,0.136762515150005,1.95347478941038,10-14-5.asc,E:\ASC files\10-14-5.asc,2024-10-30 14:55:52,2024.0,Verified_year_and_length,5.893652494016386e-09,0.03383865011683393,True,,True,,1132.6962585449219,782.8635177612305,43.05749225616455,0.10999999688144077,135.0,0.10999999940395355,0.10999999940395355,0.10999999940395355,0.10999999940395355,0.10999999940395355,0.10999999940395354,1.0,Batch3,False,0.6911504402485696,0.03801327313597454,0.6911503769332484,0.03801327093446296,1.0000000857149511,1.000000052020637
J10147_Batch3,M1,10-14-7_mod.ASC,Batch3,9.339394,11.278411,7.809009,20.4923790956785,58.8957300655052,260.214317956473,0.942699841698349,0.619649960699406,0.888510915694472,142.23897,6.0,150.489333152771,6.0,1.0757102,1.3274746,1093.81139087677,41.5793479608262,755.988144717512,7.0,2.0,0.0658321272362624,1.76058472796307,10-14-7.asc,E:\ASC files\10-14-7.asc,2024-10-30 15:04:22,2024.0,Verified_year_and_length,4.359409329435718e-09,0.06088507558409014,True,,True,,1093.8113861083984,755.9882164001465,41.579349994659424,0.1099999949540255,169.0,0.10999999940395355,0.10999999940395355,0.10999999940395355,0.10999999940395355,0.10999999940395355,0.10999999940395357,1.0,Batch3,False,0.6911504359904578,0.03801327223571144,0.6911503674427197,0.03801327021059572,1.0000000948197865,1.0000000489145051
J10152_Batch3,M4,10-15-2_mod.ASC,Batch3,7.02134,7.9231725,5.774343,15.1819404176067,44.164820916705,145.17171669926,0.935274145593616,0.629835951943196,0.88375571033172,137.9098,3.0,162.954055786132,3.0,1.053937,1.1739529,1129.4032292366,42.9323108476399,780.587467607919,7.0,3.0,0.219498603194889,0.752624863700764,10-15-2.asc,E:\ASC files\10-15-2.asc,2024-10-30 15:10:00,2024.0,Verified_year_and_length,2.7443176849838776e-08,0.0025234791146097673,True,,True,,1129.4031982421875,780.5875091552734,42.932308197021484,0.10999998768486942,176.0,0.10999999940395355,0.10999999940395355,0.10999999940395355,0.10999999940395355,0.10999999940395355,0.10999999940395357,1.0,Batch3,False,0.691150432697717,0.038013269542570526,0.6911503769433555,0.0380132708462851,1.0000000532257514,0.9999999382605231
J10153_Batch3,M4,10-15-3_mod.ASC,Batch3,7.930295,8.93793,6.673495,16.7183234495854,50.1996390779406,186.004589938325,0.927539334242514,0.665484913747522,0.952090853423586,88.54791,5.0,110.405672550201,5.0,1.0495496,1.1891792,953.245041370391,36.235961975911,658.835673360014,9.0,3.0,0.312589558438939,2.0012672657817,10-15-3.asc,E:\ASC files\10-15-3.asc,2024-10-30 15:15:40,2024.0,Verified_year_and_length,1.5506980953033977e-08,0.0781283380642556,True,,True,,953.2450561523438,658.8357009887695,36.235962867736816,0.10999999791557893,177.0,0.10999999940395355,0.10999999940395355,0.10999999940395355,0.10999999940395355,0.10999999940395355,0.10999999940395354,1.0,Batch3,False,0.6911503990884345,0.03801327122953967,0.6911503808221942,0.038013270883442474,1.0000000419357309,1.0000000246116223
J10156_Batch3,M1,10-15-6_mod.ASC,Batch3,8.471104,10.047538,6.866442,18.5982073061506,52.8006204805663,206.483664141734,0.930716707537547,0.596957660601823,0.869683564626659,114.847404,7.0,127.884932994842,7.0,1.0350509,1.1403335,611.811761379242,23.2569665392948,422.853939206002,4.0,4.0,0.0395050953594862,2.27770035866381,10-15-6.asc,E:\ASC files\10-15-6.asc,2024-10-30 16:49:00,2024.0,Verified_year_and_length,3.8969270313483676e-09,0.08201781605668142,True,,True,,611.8117637634277,422.8539791107178,23.256966590881348,0.10999998930974643,102.0,0.10999999940395355,0.10999999940395355,0.10999999940395355,0.10999999940395355,0.10999999940395355,0.10999999940395354,1.0,Batch3,False,0.6911504553453222,0.03801327134970591,0.6911503928148396,0.038013271413523175,1.0000000943699752,1.0000000022181115
J1022_Batch3,M3,10-2-2_mod.ASC,Batch3,6.526095,7.546569,4.8865848,14.1476357176378,41.5592106800525,129.994912823429,0.945805074988006,0.64946928870429,0.902552085369695,133.87215,5.0,140.013574600219,5.0,1.0621386,1.5551571,1181.56914138793,113.68026559134,1299.2030874735,7.0,3.0,0.239876350819865,2.34161434417715,10-2-2.asc,E:\ASC files\10-2-2.asc,2024-10-29 22:52:42,2024.0,Verified_year_and_length,1.4528246840852616e-08,0.04491345960580436,True,,True,,1181.5691242218018,1299.203104019165,113.68026685714722,0.17499999269624633,190.0,0.17499999701976776,0.17499999701976776,0.17499999701976776,0.17499999701976776,0.17499999701976776,0.17499999701976776,1.0,Batch3,False,1.0995574252795737,0.0962112706965144,1.0995573953018032,0.09621126822743992,1.0000000127352413,1.0000000111348017
J1074_Batch3,M3,10-7-4_mod.ASC,Batch3,6.340635,8.090986,4.1661167,15.1473638072793,39.4311244260365,106.49541840516,0.860721130313139,0.464148350553854,0.675039305876234,160.5186,5.0,176.475555419921,5.0,1.083317,1.7058808,989.098005771637,37.5988501569911,683.615456758191,9.0,3.0,0.15722611694881,3.14159265358979,10-7-4.asc,E:\ASC files\10-7-4.asc,2025-01-04 20:09:04,2025.0,Verified_year_and_length,1.3016509179431976e-08,0.04295483833459375,True,,True,,989.0980186462402,683.6155071258545,37.598851680755615,0.109999996456586,228.0,0.10999999940395355,0.10999999940395355,0.10999999940395355,0.10999999940395355,0.10999999940395355,0.10999999940395357,1.0,Batch3,False,0.6911504160745424,0.038013271659583805,0.6911503741480844,0.03801327061382421,1.0000000736783567,1.0000000405268914
J1082_Batch3,M2,10-8-2_mod.ASC,Batch3,6.1489263,8.191045,4.0150523,16.2040231048594,41.131534718479,108.186391415423,0.803586570532443,0.412028187205772,0.578742900454778,127.44166,6.0,135.772908210754,6.0,1.0500662,1.2491288,1158.96853351593,44.0561850268211,801.021547321467,16.0,4.0,0.185450120110892,2.63901015641029,10-8-2.asc,E:\ASC files\10-8-2.asc,2025-01-04 20:16:10,2025.0,Verified_year_and_length,5.760053227645001e-09,0.0469733703405322,True,,True,,1158.9685401916504,801.0215930938721,44.05618703365326,0.10999999853559576,253.0,0.10999999940395355,0.10999999940395355,0.10999999940395355,0.10999999940395355,0.10999999940395355,0.10999999940395357,1.0,Batch3,False,0.6911504198046763,0.0380132725831954,0.6911503842916517,0.03801327107058645,1.0000000571425391,1.0000000455516556
J4235_Batch6,M3,4-23-5_mod.ASC,Batch6,6.9815187,8.188873,5.562815,15.9970530992908,43.5845288262515,136.171160839847,0.900803973167296,0.532114590087726,0.706897533687115,172.76802,5.0,209.448980093002,5.0,1.0818598,1.7912105,1702.72133469581,43.3289827542313,962.866258746022,12.0,4.0,0.136057273442189,2.62005089278795,4-23-5.asc,E:\ASC files\4-23-5.asc,2025-06-09 19:43:52,2025.0,Verified_year_and_length,2.030319766728791e-08,0.014551528204237713,True,,True,,1702.721300125122,962.8663101196289,43.32898306846619,0.08999999815775647,250.0,0.09000000357627869,0.09000000357627869,0.09000000357627869,0.09000000357627869,0.09000000357627869,0.09000000357627871,1.0,Batch6,False,0.565486735879133,0.025446902593678846,0.5654866942264734,0.025446901892476722,1.000000053354873,1.0000000072523025
J4241_Batch6,M3,4-24-1_mod.ASC,Batch6,9.372151,11.751188,7.7847767,21.8698781911307,58.8974209680311,251.285870172199,0.910301748070567,0.525382182821201,0.791488776144066,140.90433,5.0,144.215950965881,5.0,1.0504639,1.3608482,1417.83345174789,36.0794688276384,801.765957747673,14.0,4.0,0.36321698256737,2.63262334936799,4-24-1.asc,E:\ASC files\4-24-1.asc,2025-06-09 20:12:24,2025.0,Verified_year_and_length,1.1770984946387854e-08,0.04865463856254019,True,,True,,1417.8334350585938,801.7660140991211,36.07946968078613,0.08999999762106575,189.0,0.09000000357627869,0.09000000357627869,0.09000000357627869,0.09000000357627869,0.09000000357627869,0.09000000357627869,1.0,Batch6,False,0.5654867449687326,0.025446902850965073,0.5654866985676382,0.025446901949703626,1.0000000702841614,1.0000000236463495
J4281_Batch6,M3,4-28-1_mod.ASC,Batch6,8.072317,9.454368,6.1760883,17.8851657264892,49.9365051206443,176.873887829598,0.891327482436032,0.552939715312482,0.7943312659716,151.0164,7.0,165.061551094055,7.0,1.039893,1.2364789,1672.68178129196,63.5841051692617,1156.07463829819,17.0,8.0,0.0312417323424853,2.69599538617451,4-28-1.asc,E:\ASC files\4-28-1.asc,2025-06-06 16:25:34,2025.0,Verified_year_and_length,1.8529774892914256e-08,0.052071400194883606,True,,True,,1672.681812286377,1156.0747051239014,63.58410668373108,0.10999999637033232,257.0,0.10999999940395355,0.10999999940395355,0.10999999940395355,0.10999999940395355,0.10999999940395355,0.10999999940395355,1.0,Batch6,False,0.6911504008904544,0.03801327079465186,0.6911503737460758,0.038013270593615284,1.0000000578039767,1.0000000238183644
J4283_Batch6,M4,4-28-3_mod.ASC,Batch6,6.5421586,9.027873,4.6226845,17.1922824614141,42.3424825811989,116.785534158349,0.818552012147517,0.395113597545238,0.556063386257784,104.696724,4.0,145.428788661956,4.0,1.1225042,1.4131294,911.236734390258,34.6390888814315,629.801617582134,8.0,4.0,0.325119992844011,0.838833941377596,4-28-3.asc,E:\ASC files\4-28-3.asc,2025-06-06 16:12:08,2025.0,Verified_year_and_length,2.302457195251727e-08,0.05347476536599443,True,,True,,911.2367553710938,629.801628112793,34.63909101486206,0.11000000466387631,185.0,0.10999999940395355,0.10999999940395355,0.10999999940395355,0.10999999940395355,0.10999999940395355,0.10999999940395357,1.0,Batch6,False,0.6911503782091312,0.03801327241322215,0.6911503825661258,0.038013270947214156,1.000000016720597,1.000000061590262
J4285_Batch6,M4,4-28-5_mod.ASC,Batch6,5.3233347,6.3735614,4.710834,11.2202898256705,33.5904140169054,85.9116714294067,0.956822366901752,0.682407856516298,0.937683743254711,114.53844,5.0,122.683990478515,5.0,1.1336432,1.5654604,774.170857906341,29.4287665418502,535.068482193946,9.0,3.0,0.0949872646301955,1.20632265320074,4-28-5.asc,E:\ASC files\4-28-5.asc,2025-06-06 16:04:06,2025.0,Verified_year_and_length,1.6630182564438188e-08,0.041747197508130295,True,,True,,774.1708450317383,535.0685272216797,29.428767681121826,0.10999999508074017,165.0,0.10999999940395355,0.10999999940395355,0.10999999940395355,0.10999999940395355,0.10999999940395355,0.10999999940395354,1.0,Batch6,False,0.6911504490972451,0.03801327300037416,0.6911503794407596,0.03801327089660418,1.0000000841532162,1.0000000387128567
J5146_Batch6,M3,5-14-6_mod.ASC,Batch6,6.5232115,8.04053,5.1077714,14.2835440324563,42.0745651684688,126.720580801367,0.899534337509475,0.621119549733574,0.849974302719836,139.4794,6.0,153.728770732879,6.0,1.0651431,1.3967798,1561.52459859848,59.3586580994389,1079.24833002349,10.0,3.0,0.1483480533594,1.62080258903548,5-14-6.asc,E:\ASC files\5-14-6.asc,2025-06-05 15:34:14,2025.0,Verified_year_and_length,2.3513213587521155e-08,0.03356489017150563,True,,True,,1561.5246353149414,1079.2483825683594,59.35865879058838,0.10999999582918737,263.0,0.10999999940395355,0.10999999940395355,0.10999999940395355,0.10999999940395355,0.10999999940395355,0.10999999940395355,1.0,Batch6,False,0.6911504040092762,0.03801327077918078,0.6911503866107208,0.03801327123038296,1.0000000486865421,1.000000011643617
J5161_Batch6,M3,5-16-1_mod.ASC,Batch6,8.557052,10.341899,6.9598293,19.6599821479876,51.9253579035918,193.926844915724,0.903834258263051,0.501731876027263,0.699304209286097,145.44319,7.0,151.44511604309,7.0,1.1377373,1.5555058,957.823452949523,36.4100021897785,662.000039606529,7.0,4.0,0.0863822617967843,1.65461130928208,5-16-1.asc,E:\ASC files\5-16-1.asc,2025-06-05 15:39:40,2025.0,Verified_year_and_length,1.8917694118290665e-08,0.04511883210287949,True,,True,,957.8234348297119,662.0000801086426,36.41000199317932,0.10999999271058693,170.0,0.10999999940395355,0.10999999940395355,0.10999999940395355,0.10999999940395355,0.10999999940395355,0.10999999940395352,1.0,Batch6,False,0.6911504313175812,0.03801327120342647,0.6911503759570358,0.03801327068955922,1.0000000611814368,0.9999999946004073
J5164_Batch6,M2,5-16-4_mod.ASC,Batch6,4.52865,6.607655,3.5204506,11.1442425852079,28.2536210298536,52.4809823731193,0.826158905500965,0.42257212128349,0.637198449687524,98.256485,6.0,107.914830207824,6.0,1.092012,1.4044555,1020.2435259819,38.7827932541419,705.141694814237,12.0,6.0,0.144589518001168,1.78165520529714,5-16-4.asc,E:\ASC files\5-16-4.asc,2025-06-05 15:55:22,2025.0,Verified_year_and_length,3.1314177170903745e-08,0.009121901685102537,True,,True,,1020.2434940338135,705.1417636871338,38.782795786857605,0.1099999965512332,201.0,0.10999999940395355,0.10999999940395355,0.10999999940395355,0.10999999940395355,0.10999999940395355,0.10999999940395352,1.0,Batch6,False,0.6911504634047326,0.038013274295451906,0.691150374255594,0.038013270622635584,1.0000000976724215,1.000000065305139
J5167_Batch6,M4,5-16-7_mod.ASC,Batch6,7.177136,8.69341,6.3053026,15.8462842312651,45.359879552165,152.482675192295,0.931293520633589,0.607247338086396,0.864890088753048,128.87201,4.0,146.600489616394,4.0,1.0692314,1.4218736,1173.58114624023,44.611657557704,811.121047891204,10.0,3.0,0.100468064139499,0.849380110359364,5-16-7.asc,E:\ASC files\5-16-7.asc,2025-06-05 16:03:36,2025.0,Verified_year_and_length,3.68112579795747e-15,0.012584658145936413,True,,True,,1173.5811462402344,811.1210632324219,44.611660957336426,0.11000000611389184,166.0,0.10999999940395355,0.10999999940395355,0.10999999940395355,0.10999999940395355,0.10999999940395355,0.10999999940395355,1.0,Batch6,False,0.6911503868573429,0.038013273389963215,0.6911503737852047,0.038013270493161166,1.0000000189135987,1.0000000762050238
J5191_Batch6,M3,5-19-1_mod.ASC,Batch6,8.101789,9.684237,6.153253,19.0519990249241,51.7694336810129,200.52852087398,0.940241002358338,0.552452634796906,0.834357925802775,147.92693,8.0,173.490346908569,8.0,1.0815017,1.392288,1976.54341077804,75.1348811439688,1366.08874597539,16.0,3.0,0.0214736874094095,1.58681063729539,5-19-1.asc,E:\ASC files\5-19-1.asc,2025-06-05 16:15:32,2025.0,Verified_year_and_length,1.1338653443681797e-08,0.013535174867986334,True,,True,,1976.5433883666992,1366.088882446289,75.13488364219666,0.10999999283743642,331.0,0.10999999940395355,0.10999999940395355,0.10999999940395355,0.10999999940395355,0.10999999940395355,0.10999999940395357,1.0,Batch6,False,0.6911504652448563,0.038013273113262525,0.6911503883629085,0.03801327141830543,1.0000000998989995,1.0000000332499077
J5192_Batch6,M1,5-19-2_mod.ASC,Batch6,6.653881,8.826269,4.990713,16.2204508320644,43.5679474075172,132.699030749499,0.878503336525146,0.504361478363605,0.793089251233544,84.23113,7.0,99.0060653686523,7.0,1.1626385,1.739005,733.479481935501,27.8819542980553,506.944624410058,4.0,2.0,0.0324252808974755,1.69340375619207,5-19-2.asc,E:\ASC files\5-19-2.asc,2025-06-05 16:22:06,2025.0,Verified_year_and_length,1.3977213088498557e-08,0.078593423634478,True,,True,,733.4794921875,506.94466400146484,27.881954789161682,0.10999999317117229,145.0,0.10999999940395355,0.10999999940395355,0.10999999940395355,0.10999999940395355,0.10999999940395355,0.10999999940395358,1.0,Batch6,False,0.6911504267005111,0.03801327110865452,0.6911503823833433,0.038013270970417026,1.00000007809809,1.0000000176137718
J5195_Batch6,M3,5-19-5_mod.ASC,Batch6,5.5677404,6.9134183,4.5786667,12.260258190928,35.3236658934274,87.9539123962168,0.885795541377313,0.585134803306565,0.941584626460343,127.856636,5.0,166.097993850708,5.0,1.0742409,1.4803733,1308.12017583847,49.7259267032174,904.107756868811,13.0,3.0,0.0874636292124274,1.56456751173124,5-19-5.asc,E:\ASC files\5-19-5.asc,2025-06-05 16:31:18,2025.0,Verified_year_and_length,9.842064249551651e-09,0.02874953979186456,True,,True,,1308.1201629638672,904.1078414916992,49.725929260253906,0.1099999955275478,200.0,0.10999999940395355,0.10999999940395355,0.10999999940395355,0.10999999940395355,0.10999999940395355,0.10999999940395352,1.0,Batch6,False,0.691150451685739,0.03801327329714696,0.6911503801929376,0.0380132709682766,1.0000000935982327,1.0000000514226015
J5205_Batch6,M3,5-20-5_mod.ASC,Batch6,6.7274213,8.595487,4.328656,16.3638671288951,43.4494461842253,134.399518353282,0.894620994888709,0.501909970892317,0.763223979171483,140.1505,5.0,159.938733577728,5.0,1.083406,1.2377532,1437.78918290138,54.6550692525683,993.72853163642,10.0,4.0,0.142725570640951,1.39256656808667,5-20-5.asc,E:\ASC files\5-20-5.asc,2025-06-05 17:07:38,2025.0,Verified_year_and_length,4.145574363274e-09,0.022958198703135247,True,,True,,1437.789176940918,993.7286529541016,54.65507173538208,0.10999999159309035,242.0,0.10999999940395355,0.10999999940395355,0.10999999940395355,0.10999999940395355,0.10999999940395355,0.10999999940395355,1.0,Batch6,False,0.6911504613412013,0.03801327246854633,0.6911503740980511,0.038013270584132064,1.0000001220833232,1.0000000454269624
J5214_Batch6,M3,5-21-4_mod.ASC,Batch6,5.9452176,7.345742,4.274459,13.0637786002366,38.5346658650252,107.896572329802,0.91309153605748,0.632222612583857,0.983376208277172,138.28755,6.0,149.877962112426,6.0,1.0599331,1.1864206,1041.10929155349,39.575969312312,719.563079627308,10.0,4.0,0.0087483056643449,0.941324450315126,5-21-4.asc,E:\ASC files\5-21-4.asc,2025-06-05 17:24:40,2025.0,Verified_year_and_length,7.786141646473847e-09,0.026293726510674603,True,,True,,1041.1092834472656,719.5631408691406,39.57597064971924,0.109999994168452,215.0,0.10999999940395355,0.10999999940395355,0.10999999940395355,0.10999999940395355,0.10999999940395355,0.10999999940395357,1.0,Batch6,False,0.6911504414662036,0.038013272265402714,0.6911503772611738,0.03801327068482768,1.0000000851097484,1.0000000337934172
J5216_Batch6,M4,5-21-6_mod.ASC,Batch6,6.0558605,7.5344048,4.4032454,14.3470369616906,38.6582758844344,103.316462264978,0.868749221903077,0.501932240401763,0.663306341074411,120.47773,3.0,127.339292526245,3.0,1.0750934,1.4442378,988.402912139892,37.5724272838343,683.135040231255,12.0,5.0,0.203494121599461,1.01538415209797,5-21-6.asc,E:\ASC files\5-21-6.asc,2025-06-05 17:36:06,2025.0,Verified_year_and_length,5.789183626434984e-08,0.056792373902317936,True,,True,,988.4029693603516,683.1351013183594,37.57242774963379,0.10999999173552648,216.0,0.10999999940395355,0.10999999940395355,0.10999999940395355,0.10999999940395355,0.10999999940395355,0.10999999940395355,1.0,Batch6,False,0.6911503936096556,0.038013268792534,0.691150371817772,0.03801327052192714,1.0000000894217114,1.0000000123973753
J5223_Batch6,M4,5-22-3_mod.ASC,Batch6,6.082915,6.861338,4.924691,12.6389890990877,38.5569474676889,113.239705288666,0.957201359959392,0.708882168170308,0.948906696003647,97.72429,5.0,109.239738941192,5.0,1.0742046,1.4806865,946.785161018371,35.9904010569212,654.370928330074,12.0,4.0,0.210799076804321,1.99174441700251,5-22-3.asc,E:\ASC files\5-22-3.asc,2025-06-05 17:41:50,2025.0,Verified_year_and_length,3.1225567947462046e-08,0.04757871465117262,True,,True,,946.7851905822754,654.3709678649902,35.99040150642395,0.10999999472424482,173.0,0.10999999940395355,0.10999999940395355,0.10999999940395355,0.10999999940395355,0.10999999940395355,0.10999999940395357,1.0,Batch6,False,0.691150404943016,0.038013270448695714,0.6911503847675712,0.038013271160914255,1.0000000604166759,1.0000000124895176
J5227_Batch6,M1,5-22-7_mod.ASC,Batch6,5.1572685,6.962137,3.3896554,12.848910512853,31.6525589443266,65.36157977907,0.819812908082481,0.395904038219011,0.56088879400655,124.15326,4.0,133.518736839294,4.0,1.0538968,1.1198401,489.209282875061,18.596445034179,338.117181854846,5.0,2.0,0.0239138916698791,1.92941865803348,5-22-7.asc,E:\ASC files\5-22-7.asc,2025-06-05 17:45:04,2025.0,Verified_year_and_length,4.0937818002939575e-08,0.03368078185935268,True,,True,,489.2092628479004,338.11719608306885,18.5964457988739,0.11000000008461631,84.0,0.10999999940395355,0.10999999940395355,0.10999999940395355,0.10999999940395355,0.10999999940395355,0.10999999940395354,1.0,Batch6,False,0.6911504375749986,0.038013274095866224,0.6911503801966851,0.03801327097656146,1.0000000420807447,1.0000000411204883
M1164_Batch5,M3,1-16-4_mod.ASC,Batch5,7.073953,8.847278,5.648895,15.4067598364264,44.9137181346083,152.656541104079,0.950970978843522,0.643121150227896,0.888546134218014,135.20999,5.0,141.337041139602,5.0,1.0744616,1.5183889,1558.56761288642,59.2462531694037,1077.20460557707,14.0,5.0,0.217549255171412,2.36637758720937,1-16-4.asc,E:\ASC files\1-16-4.asc,2025-01-30 17:47:56,2025.0,Verified_year_and_length,3.350106678664866e-08,0.03570779171814751,True,,True,,1558.5676651000977,1077.2046813964844,59.246257305145264,0.10999999968128364,283.0,0.10999999940395355,0.10999999940395355,0.10999999940395355,0.10999999940395355,0.10999999940395355,0.10999999940395357,1.0,Batch5,False,0.6911504104169272,0.03801327246279052,0.6911503849243471,0.03801327108272283,1.0000000703853418,1.0000000698059597
M1175_Batch5,M3,1-17-5_mod.ASC,Batch5,7.4785233,9.269748,5.991154,16.8901530128954,47.3766510005727,166.609073294093,0.932781227897473,0.584025057430951,0.861480886765451,161.2932,5.0,196.204521179199,5.0,1.0852194,1.6777502,1577.12135457992,59.9515402622419,1090.02800596495,13.0,4.0,0.236837884095957,2.26967175186281,1-17-5.asc,E:\ASC files\1-17-5.asc,2025-01-30 18:39:52,2025.0,Parse_failure,inf,inf,False,"RawDataError: 
[1;31mE:\ASC files\1-17-5.asc:2:error[0m

Unexpected token: 180.28",False,"RawDataError: 
[1;31mE:\ASC files\1-17-5.asc:2:error[0m

Unexpected token: 180.28",,,,,,,,,,,,,Batch5,False,,,0.6911503688663757,0.03801327024590984,,
M12132_Batch5,M1,12-13-2_mod.ASC,Batch5,9.048834,12.097534,6.3791633,21.7392825853179,57.4728173748563,235.913687695283,0.897507381228484,0.499186375603132,0.712327109098845,84.16606,9.0,98.0947275161743,9.0,1.1003096,1.4847343,948.023169994354,36.0374609619817,655.226566114416,7.0,2.0,0.0635951722423971,2.60730790798738,12-13-2.asc,E:\ASC files\12-13-2.asc,2025-01-17 16:13:14,2025.0,Verified_year_and_length,8.55066856316927e-09,0.10443334186583603,True,,True,,948.0231781005859,655.2265939712524,36.037462174892426,0.10999999849357012,210.0,0.10999999940395355,0.10999999940395355,0.10999999940395355,0.10999999940395355,0.10999999940395355,0.10999999940395357,1.0,Batch5,False,0.6911503949555676,0.03801327120197142,0.6911503714812351,0.03801327024759988,1.0000000425148154,1.0000000336569417
M1275_Batch5,M1,1-27-5_mod.ASC,Batch5,7.181285,8.751004,5.7844696,17.128052506877,44.609644555546,141.487752923625,0.893451922358949,0.482284026385731,0.716040001152326,112.56445,4.0,145.355499744415,4.0,1.1774557,1.3358512,604.88109254837,22.9935089073203,418.063797531749,3.0,3.0,0.0596701474530271,1.83541936805351,1-27-5.asc,E:\ASC files\1-27-5.asc,2025-02-10 19:39:34,2025.0,Review_metric_mismatch,1.0,1.0,True,,True,,0.0,0.0,0.0,,0.0,,,,,,,0.0,Batch5,False,,,0.6911503809293197,0.03801327102232345,0.0,0.0
M1276_Batch5,M1,1-27-6_mod.ASC,Batch5,6.3971577,7.9917445,5.37117,14.7022186676857,41.2287006942271,123.250665765371,0.911170899681494,0.570195149225601,0.739075342248936,90.43722,5.0,106.666770935058,5.0,1.0728295,1.1889199,679.610079765319,25.8342014176188,469.71275306721,7.0,2.0,0.0246043758640937,1.82938248149169,1-27-6.asc,E:\ASC files\1-27-6.asc,2025-02-10 19:46:24,2025.0,Verified_year_and_length,2.6662069553423878e-08,0.074064067285217,True,,True,,679.6100616455078,469.7127876281738,25.834200859069824,0.10999998952347136,124.0,0.10999999940395355,0.10999999940395355,0.10999999940395355,0.10999999940395355,0.10999999940395355,0.10999999940395355,1.0,Batch5,False,0.6911504318974919,0.03801327013393341,0.6911503626158838,0.03801326994228778,1.0000000735789345,0.9999999783794759
M1293_Batch5,M1,12-9-3_mod.ASC,Batch5,5.3044863,6.67989,3.990803,12.1175095258683,33.7424212951451,81.029333575396,0.894333798785188,0.551842986615992,0.785324948768443,156.39932,6.0,166.9686794281,6.0,1.0532141,1.1504695,910.603249549865,34.6150076654006,629.363777523213,7.0,3.0,0.0631178767779793,3.13561244511122,12-9-3.asc,E:\ASC files\12-9-3.asc,2024-12-29 16:16:16,2024.0,Verified_year_and_length,3.0371685881390865e-08,0.029769418539711434,True,,True,,910.6032772064209,629.3638248443604,34.615007758140564,0.10999999171131497,157.0,0.10999999940395355,0.10999999940395355,0.10999999940395355,0.10999999940395355,0.10999999940395355,0.10999999940395355,1.0,Batch5,False,0.6911504061078537,0.03801326947156795,0.6911503751324454,0.03801327052425049,1.0000000751888638,1.0000000026791838
M1296_Batch5,M4,12-9-6_mod.ASC,Batch5,7.224714,8.414665,5.8883066,16.0240548889202,45.7671280949587,157.214481198112,0.943181098054649,0.612276652391385,0.844778885507778,164.32207,3.0,176.227944374084,3.0,1.1880447,2.893495,668.751990556716,25.4214509868968,462.208198407407,5.0,3.0,0.265205048854163,1.88958953503531,12-9-6.asc,E:\ASC files\12-9-6.asc,2024-12-29 16:31:04,2024.0,Verified_year_and_length,2.4599375075980326e-08,0.02816134326768502,True,,True,,668.751974105835,462.20818042755127,25.421452462673187,0.11000001098707454,144.0,0.10999999940395355,0.10999999940395355,0.10999999940395355,0.10999999940395355,0.10999999940395355,0.10999999940395355,1.0,Batch5,False,0.691150379100643,0.03801327464739574,0.6911503889844612,0.03801327150553108,0.9999999611000935,1.0000000580524058
M2103_Batch5,M1,2-10-3_mod.ASC,Batch5,6.583316,7.724065,5.678288,13.755847325581,41.686590728724,134.094861074932,0.969681793994366,0.708659218050792,0.924175068508273,122.08383,5.0,136.649209022521,5.0,1.0558635,1.2225126,868.115604877471,32.9999135450383,599.998431384548,7.0,2.0,0.0077895978841893,1.50883338900403,2-10-3.asc,E:\ASC files\2-10-3.asc,2025-02-19 22:58:26,2025.0,Verified_year_and_length,3.130886826060415e-08,0.054325873844802426,True,,True,,868.1155776977539,599.9984664916992,32.99991536140442,0.10999999901453403,170.0,0.10999999940395355,0.10999999940395355,0.10999999940395355,0.10999999940395355,0.10999999940395355,0.10999999940395357,1.0,Batch5,False,0.6911504434500503,0.038013274049200144,0.6911503813702715,0.03801327076673852,1.0000000585120716,1.0000000550415418
M2121_Batch5,M1,2-12-1_mod.ASC,Batch5,6.602621,8.845448,5.175252,15.5115628352485,41.1399674037218,122.879316540551,0.912348504794508,0.510702135923761,0.735088791342688,110.67098,4.0,117.442466735839,4.0,1.0558896,1.2327279,675.740201473236,25.6870961086443,467.038111691892,6.0,2.0,0.67159713614256,2.06721363960037,2-12-1.asc,E:\ASC files\2-12-1.asc,2025-02-19 23:03:10,2025.0,Verified_year_and_length,7.762167494418762e-09,0.04930538275975215,True,,True,,675.7401962280273,467.0381546020508,25.68709707260132,0.10999999387411302,126.0,0.10999999940395355,0.10999999940395355,0.10999999940395355,0.10999999940395355,0.10999999940395355,0.10999999940395357,1.0,Batch5,False,0.6911504705640592,0.03801327376406842,0.6911504016982627,0.038013272042482865,1.0000000918772103,1.0000000375268974
M2253_Batch5,M4,2-25-3_mod.ASC,Batch5,6.1017747,8.593057,4.5656176,14.3018963936329,39.4323310767904,115.633842724608,0.934522838110272,0.565324364390957,0.781135562247151,183.58955,4.0,199.011839389801,4.0,1.060603,1.2862706,1775.68016147613,67.4994117665468,1227.26203186638,17.0,4.0,0.0263498590925871,0.7675896795517,2-25-3.asc,E:\ASC files\2-25-3.asc,2025-03-13 21:58:30,2025.0,Verified_year_and_length,2.524255159973573e-08,0.030004031735849396,True,,True,,1775.6802062988281,1227.2620849609375,67.49941444396973,0.10999999962700414,286.0,0.10999999940395355,0.10999999940395355,0.10999999940395355,0.10999999940395355,0.10999999940395355,0.10999999940395357,1.0,Batch5,False,0.6911504000593688,0.03801327187436716,0.6911503876047994,0.03801327132608964,1.000000043262609,1.0000000396658706
M2255_Batch5,M2,2-25-5_mod.ASC,Batch5,6.7807393,9.332985,3.3552854,18.3534902629999,44.8911760422987,133.576170272892,0.832946074348916,0.396544249456535,0.518767395834596,133.21552,6.0,143.829627990722,6.0,1.089702,1.4006971,1059.40848064422,40.2715817251621,732.210576371009,9.0,3.0,0.0097044359875917,2.31359082427013,2-25-5.asc,E:\ASC files\2-25-5.asc,2025-03-13 22:08:46,2025.0,Verified_year_and_length,2.700579486006895e-09,0.05809996856532981,True,,True,,1059.4084777832031,732.2106323242188,40.27158260345459,0.10999999406078703,224.0,0.10999999940395355,0.10999999940395355,0.10999999940395355,0.10999999940395355,0.10999999940395355,0.10999999940395358,1.0,Batch5,False,0.6911504369460577,0.038013271979588356,0.6911503822640311,0.03801327104789004,1.0000000764168282,1.0000000218092375
M234_Batch5,M1,2-3-4_mod.ASC,Batch5,5.3099403,5.874962,4.8352337,10.9213589537428,33.1128225476706,83.1524124694987,0.952998713402631,0.697142390124991,0.945582928500537,110.09298,6.0,151.213672637939,6.0,1.126368,1.508477,658.58719921112,25.0350538521429,455.182796692066,5.0,2.0,0.122590105286024,2.31239725108332,2-3-4.asc,E:\ASC files\2-3-4.asc,2025-02-12 16:30:02,2025.0,Verified_year_and_length,7.2403049378687745e-09,0.046174496280396944,True,,True,,658.5872039794922,455.18282318115234,25.035054445266724,0.10999999635444656,142.0,0.10999999940395355,0.10999999940395355,0.10999999940395355,0.10999999940395355,0.10999999940395355,0.10999999940395357,1.0,Batch5,False,0.6911504208261634,0.03801327188562609,0.6911503856092264,0.03801327126025348,1.0000000581943924,1.0000000236917335
M251_Batch5,M1,2-5-1_mod.ASC,Batch5,8.752796,10.135278,6.920958,19.6817816673731,54.5606476555443,222.087949353037,0.937509817376671,0.573318788457033,0.811553013070327,121.62078,5.0,146.634292602539,5.0,1.1320537,1.5247108,1133.23765277862,43.0780701547681,783.237640152825,8.0,2.0,0.0159498594680817,2.32121351551289,2-5-1.asc,E:\ASC files\2-5-1.asc,2025-02-12 16:35:32,2025.0,Verified_year_and_length,9.257037049303093e-09,0.08184471916710598,True,,True,,1133.237663269043,783.2376937866211,43.07807159423828,0.10999999600625483,190.0,0.10999999940395355,0.10999999940395355,0.10999999940395355,0.10999999940395355,0.10999999940395355,0.10999999940395358,1.0,Batch5,False,0.6911504260520434,0.03801327205272305,0.691150385122115,0.03801327113438533,1.0000000684770411,1.0000000334153822
M253_Batch5,M3,2-5-3_mod.ASC,Batch5,5.7425385,8.167972,4.580873,13.4284706309562,37.3506446192248,103.300164379878,0.930496349336455,0.572859217282721,0.839551404360769,111.11143,8.0,137.11675786972,8.0,1.1061714,1.6477972,940.561097383499,35.7538037407733,650.069157115351,9.0,5.0,0.033118359144472,2.18540707288025,2-5-3.asc,E:\ASC files\2-5-3.asc,2025-02-12 16:46:16,2025.0,Verified_year_and_length,2.7883403758668315e-09,0.0031695223316935773,True,,True,,940.5611000061035,650.0692024230957,35.753803849220276,0.10999999297290203,245.0,0.10999999940395355,0.10999999940395355,0.10999999940395355,0.10999999940395355,0.10999999940395355,0.10999999940395357,1.0,Batch5,False,0.6911504233152713,0.03801327085394905,0.6911503770714594,0.03801327084464269,1.0000000696968072,1.000000003033159
M266_Batch5,M4,2-6-6_mod.ASC,Batch5,7.150499,8.847719,5.3949137,17.1282073977352,45.2345101813349,146.842192929121,0.901822240832155,0.500526453658112,0.748943401484004,112.77125,4.0,167.914233207702,4.0,1.1468445,4.330154,1306.65339088439,49.6701692779881,903.093988363802,13.0,5.0,0.294843785300189,2.04549306913253,2-6-6.asc,E:\ASC files\2-6-6.asc,2025-02-12 17:05:26,2025.0,Verified_year_and_length,1.6056931723153913e-08,0.0182590434513105,True,,True,,1306.6534118652344,903.0940704345703,49.67017078399658,0.10999999315706993,226.0,0.10999999940395355,0.10999999940395355,0.10999999940395355,0.10999999940395355,0.10999999940395355,0.10999999940395355,1.0,Batch5,False,0.6911504322675841,0.03801327140997009,0.6911503805554398,0.03801327086777737,1.0000000908773277,1.0000000303201801
M272_Batch5,M1,2-7-2_mod.ASC,Batch5,7.9528956,9.889354,6.641692,17.3049072478318,49.9351317572375,183.987477673333,0.927226274033223,0.614397887615636,0.823806773346902,121.31682,7.0,123.719894409179,7.0,1.0572158,1.1802636,1100.62048244476,41.8381847593539,760.69426712143,6.0,2.0,0.0362402161803637,2.37703913326615,2-7-2.asc,E:\ASC files\2-7-2.asc,2025-02-12 17:19:12,2025.0,Verified_year_and_length,1.4730296974053823e-08,0.06953067131600903,True,,True,,1100.6204986572266,760.6943092346191,41.83818507194519,0.10999999491002144,174.0,0.10999999940395355,0.10999999940395355,0.10999999940395355,0.10999999940395355,0.10999999940395355,0.10999999940395355,1.0,Batch5,False,0.6911504103028042,0.038013270807683845,0.6911503822205209,0.03801327108361692,1.0000000553615176,1.0000000074714352
M3111_Batch5,M2,3-11-1_mod.ASC,Batch5,5.729271,7.362844,3.9714677,13.8832355217481,36.6571256916917,92.672355581657,0.866649017357773,0.480804827608611,0.613748215765799,104.29707,7.0,110.333179473876,7.0,1.0377115,1.1427066,833.899320125579,80.2305119484612,916.920176625739,7.0,2.0,0.066716845995971,1.6814351627712,3-11-1.asc,E:\ASC files\3-11-1.asc,2025-03-21 21:25:42,2025.0,Verified_year_and_length,2.8590820609668423e-09,0.06207776321921568,True,,True,,833.8993225097656,916.9201965332031,80.23051404953003,0.1749999931354435,153.0,0.17499999701976776,0.17499999701976776,0.17499999701976776,0.17499999701976776,0.17499999701976776,0.17499999701976776,1.0,Batch5,False,1.0995574307142637,0.09621127141351103,1.0995574099852459,0.09621126916901561,1.0000000217112293,1.0000000261879025
M3122_Batch5,M3,3-12-2_mod.ASC,Batch5,5.295978,7.0286984,4.096629,12.5996891489627,33.8494929299659,79.9651858672731,0.877013907760259,0.503710831508364,0.732388923952598,134.85048,5.0,145.898612976074,5.0,1.1287608,2.089669,957.310022354126,92.1040125498646,1052.61733216677,7.0,3.0,0.0508430349967895,2.52840188225568,3-12-2.asc,E:\ASC files\3-12-2.asc,2025-03-21 21:32:04,2025.0,Verified_year_and_length,3.785568225256898e-08,0.04819224896547222,True,,True,,957.31005859375,1052.6172714233398,92.10401391983032,0.17500000507361632,206.0,0.17499999701976776,0.17499999701976776,0.17499999701976776,0.17499999701976776,0.17499999701976776,0.17499999701976773,1.0,Batch5,False,1.0995573084958412,0.09621126728275206,1.0995574135725366,0.0962112694938377,0.9999999422929603,1.0000000148741155
M3124_Batch5,M1,3-12-4_mod.ASC,Batch5,6.492727,8.175236,5.012046,14.4676572523769,41.1475705878506,126.704498745733,0.94040190733632,0.605334758734102,0.826755127294711,123.13622,5.0,131.135270118713,5.0,1.1300325,1.524106,745.17091846466,71.6938409905143,819.358221742881,6.0,2.0,0.088808461817145,1.25538053508534,3-12-4.asc,E:\ASC files\3-12-4.asc,2025-03-21 21:36:24,2025.0,Verified_year_and_length,3.839419333801419e-09,0.06290815217025253,True,,True,,745.1709213256836,819.3582000732422,71.69384527206421,0.17500000675078498,133.0,0.17499999701976776,0.17499999701976776,0.17499999701976776,0.17499999701976776,0.17499999701976776,0.17499999701976773,1.0,Batch5,False,1.0995573990133392,0.09621127612510497,1.099557432315093,0.09621127074877173,0.9999999735529121,1.0000000597199123
M3214_Batch5,M1,3-21-4_mod.ASC,Batch5,6.382962,7.9198093,4.8768425,14.6238763841294,40.6859449841686,118.044585180701,0.896121958510272,0.551977094053783,0.784808595374264,98.800476,6.0,102.11277770996,6.0,1.0378705,1.0842794,505.182544708251,19.2036408048362,349.157105643425,3.0,2.0,0.222756979634666,2.66316350364274,3-21-4.asc,E:\ASC files\3-21-4.asc,2025-04-11 18:26:50,2025.0,Verified_year_and_length,1.9128493863377803e-15,0.010601796469053985,True,,True,,505.18254470825195,349.157133102417,19.203641295433044,0.10999999412757298,79.0,0.10999999940395355,0.10999999940395355,0.10999999940395355,0.10999999940395355,0.10999999940395355,0.10999999940395354,1.0,Batch5,False,0.6911504301956014,0.03801327163139285,0.6911503758410089,0.03801327066026507,1.000000078643658,1.0000000255470745
M3263_Batch5,M3,3-26-3_mod.ASC,Batch5,6.6546893,7.4346957,5.6164308,14.5678698032049,41.7482056583924,129.241279422072,0.931827416565029,0.608988576086617,0.830629926834663,114.57613,4.0,137.045352935791,4.0,1.1188529,1.5144967,942.920132160186,35.8434786814838,651.699613735558,8.0,4.0,0.0090562990105764,1.77094193834946,3-26-3.asc,E:\ASC files\3-26-3.asc,2025-04-11 19:00:26,2025.0,Verified_year_and_length,1.9722402069330817e-08,0.031448344514472655,True,,True,,942.9201507568359,651.6996765136719,35.8434784412384,0.10999998843941869,208.0,0.10999999940395355,0.10999999940395355,0.10999999940395355,0.10999999940395355,0.10999999940395355,0.10999999940395355,1.0,Batch5,False,0.6911504393989082,0.038013270171889525,0.6911503864516549,0.03801327117639122,1.0000000963298312,0.9999999932973749
M3266_Batch5,M1,3-26-6_mod.ASC,Batch5,7.353246,8.748088,6.490272,16.037187407903,45.7862358020606,153.613129199133,0.920806378343794,0.597271686264494,0.895652891526994,141.29369,6.0,179.204076766967,6.0,1.0728799,1.3254241,940.459949970245,35.7499582167157,649.999238655431,4.0,2.0,0.0580232671491313,1.97717807094958,3-26-6.asc,E:\ASC files\3-26-6.asc,2025-04-11 19:10:12,2025.0,Verified_year_and_length,3.1942605646107355e-08,0.012522946117420818,True,,True,,940.4599800109863,649.9992446899414,35.74995803833008,0.1099999987088702,142.0,0.10999999940395355,0.10999999940395355,0.10999999940395355,0.10999999940395355,0.10999999940395355,0.10999999940395355,1.0,Batch5,False,0.6911503503661561,0.03801326882395618,0.691150366026747,0.038013270227878156,1.000000009283873,0.9999999950101867
M3271_Batch5,M4,3-27-1_mod.ASC,Batch5,6.356026,7.3388658,5.1728806,14.1408924102855,40.1326448244103,118.03802228393,0.920950366769832,0.590293890518461,0.966601392563631,137.06259,3.0,164.551371574401,3.0,1.1042277,1.739437,1111.40218448638,42.2480318695765,768.146034658096,10.0,4.0,0.827481951870489,0.827481951870489,3-27-1.asc,E:\ASC files\3-27-1.asc,2025-04-11 19:32:42,2025.0,Verified_year_and_length,2.1452044226660782e-08,0.03037640657425879,True,,True,,1111.4021606445312,768.1460800170898,42.24803447723389,0.11000000019864437,202.0,0.10999999940395355,0.10999999940395355,0.10999999940395355,0.10999999940395355,0.10999999940395355,0.10999999940395354,1.0,Batch5,False,0.6911504289065101,0.038013273658504626,0.6911503732675176,0.03801327049676519,1.0000000590499616,1.0000000617225766
M3272_Batch5,M4,3-27-2_mod.ASC,Batch5,6.10755,7.3969812,4.7471795,13.6256870230674,39.5530069429428,113.349352725199,0.910478924780172,0.610523276355261,0.904848919877776,129.45465,4.0,150.314706802368,4.0,1.1081411,1.8513625,1643.55383443832,62.4768575341917,1135.9428634731,17.0,5.0,0.120798936768866,0.897389533505759,3-27-2.asc,E:\ASC files\3-27-2.asc,2025-04-11 19:45:10,2025.0,Verified_year_and_length,8.70374659644638e-10,0.05131083677577931,True,,True,,1643.5538330078125,1135.9429931640625,62.47686195373535,0.10999999529855266,327.0,0.10999999940395355,0.10999999940395355,0.10999999940395355,0.10999999940395355,0.10999999940395355,0.10999999940395354,1.0,Batch5,False,0.6911504633135207,0.038013273857539887,0.691150383803099,0.038013271135437426,1.0000001141703219,1.0000000707388916
M3273_Batch5,M3,3-27-3_mod.ASC,Batch5,6.8578715,8.272142,6.0105987,15.260009765625,42.6658489085936,137.3502839813,0.948153480430134,0.589820602724712,0.822323630368094,136.97662,8.0,149.248619079589,8.0,1.1146681,1.5282522,1394.9224114418,53.0255638584434,964.101162718099,10.0,3.0,0.0665933515431876,2.28241221841606,3-27-3.asc,E:\ASC files\3-27-3.asc,2025-04-11 20:05:48,2025.0,Verified_year_and_length,1.2647995152233567e-08,0.03942432697410334,True,,True,,1394.9223937988281,964.1011962890625,53.025566816329956,0.11000000211685562,293.0,0.10999999940395355,0.10999999940395355,0.10999999940395355,0.10999999940395355,0.10999999940395355,0.10999999940395357,1.0,Batch5,False,0.6911504185286615,0.03801327375060921,0.6911503857204491,0.03801327114935078,1.0000000348209968,1.0000000557822746
M3282_Batch5,M2,3-28-2_mod.ASC,Batch5,8.253274,11.3145895,5.2873936,20.4927384409357,52.604620318757,188.533520547556,0.856151576295261,0.448940290633514,0.599801609827383,143.08987,8.0,155.21911239624,8.0,1.1186514,1.8197912,1432.33600449562,54.4477767797494,989.959578043765,12.0,5.0,0.134102309622693,2.68721379041048,3-28-2.asc,E:\ASC files\3-28-2.asc,2025-04-11 20:45:04,2025.0,Verified_year_and_length,3.3457326749367194e-08,0.015477973430646746,True,,True,,1432.3359565734863,989.9596271514893,54.44777834415436,0.10999999767833452,278.0,0.10999999940395355,0.10999999940395355,0.10999999940395355,0.10999999940395355,0.10999999940395355,0.10999999940395354,1.0,Batch5,False,0.6911504403755426,0.03801327341834478,0.6911503829664376,0.03801327105431698,1.0000000496057873,1.0000000287322102
M3285_Batch5,M3,3-28-5_mod.ASC,Batch5,7.8764987,8.577928,6.5465107,16.4963381760258,49.951658022527,188.893432449316,0.951320611018252,0.694131504592967,1.0,129.15376,4.0,137.047810554504,4.0,1.0832087,1.4542209,1320.20972919464,50.1854900590126,912.463454906639,11.0,4.0,0.264026120562252,2.65307754210477,3-28-5.asc,E:\ASC files\3-28-5.asc,2025-04-11 20:56:58,2025.0,Verified_year_and_length,9.390754137205011e-09,0.06355306606177198,True,,True,,1320.209716796875,912.4635009765625,50.185489654541016,0.10999999364540079,236.0,0.10999999940395355,0.10999999940395355,0.10999999940395355,0.10999999940395355,0.10999999940395355,0.10999999940395354,1.0,Batch5,False,0.6911504205486411,0.0380132709341833,0.6911503791623046,0.03801327088357921,1.0000000504896096,0.9999999919404675
M3311_Batch5,M4,3-31-1_mod.ASC,Batch5,5.089889,6.645077,4.092519,11.376684715989,33.0631729337681,79.9384627930121,0.918917662752836,0.617624261237076,0.83961531650254,138.05011,3.0,146.559032440185,3.0,1.0571555,1.2596109,882.751796483993,33.5562839180174,610.114254124888,6.0,3.0,0.106800803742938,0.988260280387146,3-31-1.asc,E:\ASC files\3-31-1.asc,2025-04-11 21:17:22,2025.0,Verified_year_and_length,2.1876937042303642e-08,0.03079089548562528,True,,True,,882.7518157958984,610.1143417358398,33.55628418922424,0.10999998490038135,164.0,0.10999999940395355,0.10999999940395355,0.10999999940395355,0.10999999940395355,0.10999999940395355,0.10999999940395357,1.0,Batch5,False,0.6911504805977139,0.03801327121481992,0.6911503964704209,0.03801327173920498,1.0000001435976151,1.0000000080821476
M332_Batch5,M4,3-3-2_mod.ASC,Batch5,7.977656,10.890399,4.7984796,20.2945687284321,50.1320200640772,166.230659127817,0.831171381373367,0.403600293556686,0.604802494868741,100.87057,3.0,110.640304565429,3.0,1.0363822,1.3111558,711.100856781005,27.03126943075,491.477627519092,14.0,5.0,0.879412995302027,2.20035315119175,3-3-2.asc,E:\ASC files\3-3-2.asc,2025-03-17 16:05:54,2025.0,Verified_year_and_length,5.364496665617856e-09,0.07774909255695814,True,,True,,711.1008605957031,491.47764587402344,27.03127145767212,0.11000000380322823,156.0,0.10999999940395355,0.10999999940395355,0.10999999940395355,0.10999999940395355,0.10999999940395355,0.10999999940395357,1.0,Batch5,False,0.6911504022963817,0.03801327344060235,0.6911503801920611,0.0380132707941241,1.000000037346423,1.000000074984348
M342_Batch5,M1,3-4-2_mod.ASC,Batch5,7.1593432,10.224595,4.748949,17.1296502029874,48.1365301614117,168.689964321907,0.914849272374491,0.57489993207601,0.877811255172642,114.39439,6.0,123.027450561523,6.0,1.1495464,1.8980458,677.358487129211,25.7486118958983,468.156579922317,5.0,3.0,0.327853814987563,3.10554377039226,3-4-2.asc,E:\ASC files\3-4-2.asc,2025-03-17 15:59:30,2025.0,Verified_year_and_length,2.1118972409232245e-08,0.06991239170760061,True,,True,,677.3585014343262,468.15661430358887,25.74861216545105,0.10999999307391463,139.0,0.10999999940395355,0.10999999940395355,0.10999999940395355,0.10999999940395355,0.10999999940395355,0.10999999940395355,1.0,Batch5,False,0.691150422283405,0.03801327083210386,0.6911503861219248,0.038013271236958114,1.0000000734396852,1.0000000104686322
M354_Batch5,M2,3-5-4_mod.ASC,Batch5,6.7209234,9.478695,4.097059,18.2448145575618,45.4558021099004,136.527483444195,0.830331086711752,0.410148547726932,0.584356303619979,123.10555,5.0,140.107048034667,5.0,1.0692947,1.4780464,1168.32545614242,44.4118715386555,807.488571988736,12.0,3.0,0.0591703077664128,1.90974030643207,3-5-4.asc,E:\ASC files\3-5-4.asc,2025-03-17 15:34:02,2025.0,Verified_year_and_length,1.1835985403003282e-08,0.06118953144558933,True,,True,,1168.3254699707031,807.488639831543,44.41187334060669,0.10999999541757473,227.0,0.10999999940395355,0.10999999940395355,0.10999999940395355,0.10999999940395355,0.10999999940395355,0.10999999940395355,1.0,Batch5,False,0.6911504204832507,0.03801327154300621,0.6911503705952824,0.03801327045059407,1.000000084017049,1.0000000405736378
M362_Batch5,M3,3-6-2_mod.ASC,Batch5,6.815989,8.729342,5.2881384,16.0777993452844,43.881796672029,140.161575991776,0.914681793317798,0.542220288299286,0.808255458542729,165.53755,5.0,169.951661109924,5.0,1.0530062,1.2832443,1337.86267375946,50.856535903508,924.664286556731,12.0,3.0,0.105722362636557,1.99065104238232,3-6-2.asc,E:\ASC files\3-6-2.asc,2025-03-17 15:22:42,2025.0,Verified_year_and_length,7.841176251851627e-09,0.031390590593861796,True,,True,,1337.862663269043,924.6643447875977,50.856536865234375,0.10999999546195653,214.0,0.10999999940395355,0.10999999940395355,0.10999999940395355,0.10999999940395355,0.10999999940395355,0.10999999940395358,1.0,Batch5,False,0.6911504223671189,0.03801327166195621,0.6911503734223923,0.03801327064503461,1.000000062975144,1.0000000189105758
M4112_Batch5,M4,4-11-2_mod.ASC,Batch5,8.010703,9.337286,6.7039857,17.2387501327728,50.4345240818552,189.649079321301,0.936924830153551,0.638174121274877,0.944016891054764,110.29377,5.0,118.923765182495,5.0,1.0581722,1.2890792,917.616547584533,34.8816062289131,634.211021276231,9.0,2.0,0.253944009634432,1.70137576643596,4-11-2.asc,E:\ASC files\4-11-2.asc,2025-04-17 16:36:22,2025.0,Verified_year_and_length,5.3004047220889055e-08,0.04191727745008149,True,,True,,917.6165962219238,634.2110633850098,34.88160693645477,0.10999999511291791,153.0,0.10999999940395355,0.10999999940395355,0.10999999940395355,0.10999999940395355,0.10999999940395355,0.10999999940395354,1.0,Batch5,False,0.6911503845900658,0.038013269463599286,0.6911503753345359,0.03801327070739177,1.0000000663955328,1.0000000202840909
M4113_Batch5,M1,4-11-3_mod.ASC,Batch5,8.605344,9.577268,7.1574726,18.745170258823,53.7999479921401,211.791339361458,0.919505537831202,0.602739173217759,0.866700670599623,154.55385,5.0,156.821372985839,5.0,1.0804442,1.368593,780.416668415069,29.6661901607509,539.385274224484,4.0,2.0,0.170157945711834,2.76844364232241,4-11-3.asc,E:\ASC files\4-11-3.asc,2025-04-17 16:39:58,2025.0,Verified_year_and_length,2.3829129349740297e-08,0.05634947571974906,True,,True,,780.4166870117188,539.3852920532227,29.666190147399902,0.10999999660529362,103.0,0.10999999940395355,0.10999999940395355,0.10999999940395355,0.10999999940395355,0.10999999940395355,0.10999999940395358,1.0,Batch5,False,0.6911503829045152,0.038013269886622035,0.6911503765288735,0.038013270809552684,1.0000000330538106,0.9999999995499591
M4114_Batch5,M1,4-11-4_mod.ASC,Batch5,6.7384825,9.624194,5.2578597,16.0001761449656,43.169243663414,135.609848236082,0.91443368212169,0.529714306294461,0.736840979001308,136.1509,5.0,148.17820739746,5.0,1.1035912,1.3389606,809.001653909683,30.7527998508128,559.141814267235,5.0,2.0,0.249362930793921,2.14683673208518,4-11-4.asc,E:\ASC files\4-11-4.asc,2025-04-17 16:44:10,2025.0,Verified_year_and_length,7.367678695538011e-09,0.04733640892373365,True,,True,,809.0016479492188,559.1418685913086,30.752800464630127,0.10999999174487916,140.0,0.10999999940395355,0.10999999940395355,0.10999999940395355,0.10999999940395355,0.10999999940395355,0.10999999940395358,1.0,Batch5,False,0.6911504692341567,0.0380132729551133,0.6911503969924611,0.03801327191630939,1.0000000971561638,1.0000000199597217
M4115_Batch5,M3,4-11-5_mod.ASC,Batch5,12.71529,16.582235,9.689506,30.7732911607651,82.6037049907684,478.660308776889,0.881532293642568,0.505451540818343,0.771990745540712,284.37204,4.0,323.454364776611,4.0,1.0597799,1.1971102,1059.71858406066,40.2833697703392,732.424901397534,5.0,3.0,0.293222736393105,1.71077610324393,4-11-5.asc,E:\ASC files\4-11-5.asc,2025-04-17 16:51:06,2025.0,Verified_year_and_length,8.999325080336556e-09,0.05426685448147864,True,,True,,1059.718593597412,732.4249382019043,40.2833731174469,0.11000000414060768,115.0,0.10999999940395355,0.10999999940395355,0.10999999940395355,0.10999999940395355,0.10999999940395355,0.10999999940395354,1.0,Batch5,False,0.6911504078790874,0.03801327386424115,0.6911503793686501,0.03801327104784765,1.000000050250026,1.0000000830890692
M4116_Batch5,M1,4-11-6_mod.ASC,Batch5,7.572849,9.615025,5.6606073,16.8338394922551,47.4851495775991,157.433588916435,0.877387896802714,0.555560080327211,0.791650701623658,134.51671,5.0,142.969802856445,5.0,1.1838673,2.3145986,723.457721710205,27.5009943573133,500.018078126599,3.0,2.0,0.364507266605855,2.17993477511919,4-11-6.asc,E:\ASC files\4-11-6.asc,2025-04-17 17:01:40,2025.0,Verified_year_and_length,5.272868427327241e-09,0.03700697285379321,True,,True,,723.4577255249023,500.0181083679199,27.50099539756775,0.10999999774941012,108.0,0.10999999940395355,0.10999999940395355,0.10999999940395355,0.10999999940395355,0.10999999940395355,0.10999999940395355,1.0,Batch5,False,0.6911504165708279,0.03801327213364747,0.6911503784140837,0.038013270896193926,1.000000060480455,1.0000000378260667
M414_Batch5,M3,4-1-4_mod.ASC,Batch5,8.026599,9.555496,6.83592,17.4152198436358,50.922795175871,192.22109886771,0.931507704177174,0.633786717420331,0.872709141801312,112.09434,7.0,141.015146255493,7.0,1.1197277,1.7497017,998.129171609878,37.9421545371419,689.857357409344,11.0,4.0,0.0512763110748396,2.06099101377037,4-1-4.asc,E:\ASC files\4-1-4.asc,2025-04-11 21:36:00,2025.0,Verified_year_and_length,1.3615330386983735e-08,0.06512487798084853,True,,True,,998.1291580200195,689.857400894165,37.94215512275696,0.10999999441501354,200.0,0.10999999940395355,0.10999999940395355,0.10999999940395355,0.10999999940395355,0.10999999940395355,0.10999999940395354,1.0,Batch5,False,0.6911504341408374,0.03801327194771315,0.6911503811642697,0.038013270843437204,1.0000000630345107,1.0000000154344175
M4155_Batch5,M1,4-15-5_mod.ASC,Batch5,6.804955,9.253985,5.6498075,16.2699532647098,44.412056422903,144.698600546224,0.921875830914731,0.546627806344907,0.74710239151896,131.63882,5.0,142.058380126953,5.0,1.1850512,2.3783503,834.025803565979,31.7040482758723,576.437241589323,4.0,3.0,0.0532266993072041,1.80332657418822,4-15-5.asc,E:\ASC files\4-15-5.asc,2025-04-23 15:02:42,2025.0,Verified_year_and_length,8.004213042691119e-09,0.030697088709517754,True,,True,,834.0258102416992,576.4372634887695,31.704049825668335,0.11000000115810005,147.0,0.10999999940395355,0.10999999940395355,0.10999999940395355,0.10999999940395355,0.10999999940395355,0.10999999940395355,1.0,Batch5,False,0.6911503893647116,0.03801327181526979,0.6911503686393098,0.03801327026132498,1.0000000379910334,1.0000000488832221
M416_Batch5,M3,4-1-6_mod.ASC,Batch5,8.006631,9.147364,6.503452,17.0349080425053,50.5868435993132,189.494139288435,0.930530220843538,0.653004532238303,0.852897255551506,156.07584,7.0,161.345397949218,7.0,1.0591573,1.2331349,1354.63174343109,51.4939831846143,936.254242642439,10.0,4.0,0.0522851231227479,1.57689843487659,4-1-6.asc,E:\ASC files\4-1-6.asc,2025-04-11 21:41:50,2025.0,Verified_year_and_length,1.1968171292136143e-08,0.049170798139205114,True,,True,,1354.6317596435547,936.2542877197266,51.493982791900635,0.10999999352166528,225.0,0.10999999940395355,0.10999999940395355,0.10999999940395355,0.10999999940395355,0.10999999940395355,0.10999999940395355,1.0,Batch5,False,0.6911504038308417,0.03801326997194447,0.6911503788262335,0.03801327071679817,1.0000000481464175,0.9999999923736009
M4164_Batch5,M1,4-16-4_mod.ASC,Batch5,9.5166855,10.824601,8.705118,20.0170151254204,59.4259563195176,265.557106668129,0.944964369486378,0.662764584717125,0.939475111326955,134.35568,5.0,142.662490844726,5.0,1.0522873,1.2198777,837.514470100402,31.8366637977084,578.848431737644,5.0,3.0,0.0051790105330249,1.5977522452581,4-16-4.asc,E:\ASC files\4-16-4.asc,2025-04-23 15:08:50,2025.0,Verified_year_and_length,2.3912613529319094e-08,0.0624591477237764,True,,True,,837.5144500732422,578.8484573364258,31.8366641998291,0.10999999670492577,123.0,0.10999999940395355,0.10999999940395355,0.10999999940395355,0.10999999940395355,0.10999999940395355,0.10999999940395355,1.0,Batch5,False,0.6911504121341482,0.038013271528682196,0.691150365041754,0.0380132701395497,1.000000044223635,1.0000000126307425
M4167_Batch5,M3,4-16-7_mod.ASC,Batch5,8.938294,10.541164,7.310259,20.4987658921371,56.8742612344144,237.48471622623,0.922601151125556,0.565171474480527,0.851963407033646,132.17018,6.0,157.166285514831,6.0,1.0694126,1.2668971,1118.5356221199,42.519198190932,773.076330715533,12.0,3.0,0.160831916563951,2.44572323012626,4-16-7.asc,E:\ASC files\4-16-7.asc,2025-04-23 15:16:20,2025.0,Verified_year_and_length,2.0036331101418714e-08,0.025262582033620973,True,,True,,1118.53564453125,773.0764007568359,42.51919937133789,0.10999999309178735,206.0,0.10999999940395355,0.10999999940395355,0.10999999940395355,0.10999999940395355,0.10999999940395355,0.10999999940395357,1.0,Batch5,False,0.6911504381076856,0.03801327170861561,0.6911503893370542,0.03801327141494847,1.0000000906007598,1.0000000277617156
M417_Batch5,M1,4-1-7_mod.ASC,Batch5,13.568689,17.04139,10.499845,31.4995319324413,85.8533796442801,538.869457955938,0.918710418462306,0.543094454769839,0.757574904061177,168.44354,7.0,176.760457038879,7.0,1.0690292,1.2749373,1238.56830835342,47.0820335293497,856.036974419509,5.0,2.0,0.216848920099374,2.84620374977154,4-1-7.asc,E:\ASC files\4-1-7.asc,2025-04-11 21:46:22,2025.0,Verified_year_and_length,5.00487451689717e-09,0.05746974412645729,True,,True,,1238.568302154541,856.0370101928711,47.082035303115845,0.10999999939840903,161.0,0.10999999940395355,0.10999999940395355,0.10999999940395355,0.10999999940395355,0.10999999940395355,0.10999999940395352,1.0,Batch5,False,0.6911504264268342,0.03801327324558096,0.6911503940848797,0.03801327162321923,1.0000000417895059,1.0000000376739493
M4172_Batch5,M1,4-17-2_mod.ASC,Batch5,9.6115055,11.170197,7.2154565,20.6845073187057,61.3521361872223,284.262322933995,0.949007811275855,0.664398952043692,0.904266509674304,146.45688,4.0,155.460979461669,4.0,1.1014171,1.9295063,691.743997573852,26.2954523646358,478.099134636047,6.0,3.0,0.0313560132202308,1.81563748742998,4-17-2.asc,E:\ASC files\4-17-2.asc,2025-04-23 15:27:06,2025.0,Verified_year_and_length,2.7573033825634014e-09,0.07087954490054077,True,,True,,691.7439956665039,478.0991668701172,26.295453310012817,0.10999999636960828,116.0,0.10999999940395355,0.10999999940395355,0.10999999940395355,0.10999999940395355,0.10999999940395355,0.10999999940395354,1.0,Batch5,False,0.6911504398523369,0.03801327293730511,0.6911503913483603,0.03801327146583364,1.0000000674213105,1.0000000359521108
M4173_Batch5,M1,4-17-3_mod.ASC,Batch5,9.2810955,11.767208,8.006353,20.6300823026243,58.7051315548009,258.258495620684,0.941699521358502,0.606809953285663,0.85681234166821,112.698006,8.0,123.508960247039,8.0,1.0831873,1.1926173,722.485127925872,27.4640229361583,499.345872645936,4.0,2.0,0.0352799387568085,2.14747354619173,4-17-3.asc,E:\ASC files\4-17-3.asc,2025-04-23 15:33:48,2025.0,Verified_year_and_length,3.2999801583017638e-09,0.06731776643333112,True,,True,,722.4851303100586,499.345908164978,27.464024007320404,0.10999999622805205,141.0,0.10999999940395355,0.10999999940395355,0.10999999940395355,0.10999999940395355,0.10999999940395355,0.10999999940395351,1.0,Batch5,False,0.6911504295606484,0.03801327232234394,0.6911503826791153,0.03801327096517916,1.0000000711311416,1.0000000390023742
M4176_Batch5,M2,4-17-6_mod.ASC,Batch5,6.564374,8.573519,4.5343046,15.2988733037854,40.73490516482,111.038983120699,0.840914654269958,0.47441299846188,0.64227229313009,142.80841,5.0,157.356399536132,5.0,1.1265672,2.2769961,1395.96339511871,53.0651340741472,964.820620274642,9.0,4.0,0.0593554772120779,2.04536983368716,4-17-6.asc,E:\ASC files\4-17-6.asc,2025-04-23 15:41:34,2025.0,Verified_year_and_length,1.1613814534816253e-08,0.04789108219717454,True,,True,,1395.96337890625,964.8206558227539,53.06513261795044,0.10999999284364197,260.0,0.10999999940395355,0.10999999940395355,0.10999999940395355,0.10999999940395355,0.10999999940395355,0.10999999940395354,1.0,Batch5,False,0.6911504058069916,0.03801326984632466,0.6911503723151677,0.03801327044799384,1.0000000368442705,0.9999999725583137
M4178_Batch5,M4,4-17-8_mod.ASC,Batch5,7.7042007,8.902563,6.8770323,15.7525937751384,48.039938569791,176.448466787813,0.960777593532806,0.711072268538945,0.969013332265233,123.99522,3.0,136.607438087463,3.0,1.1091672,1.8799642,989.352848529815,37.6085377631828,683.79159393342,12.0,4.0,0.134598471433906,0.824083226990727,4-17-8.asc,E:\ASC files\4-17-8.asc,2025-04-23 15:48:16,2025.0,Verified_year_and_length,4.337718083173609e-09,0.06879779616580177,True,,True,,989.3528442382812,683.7916412353516,37.60853862762451,0.10999999520228174,206.0,0.10999999940395355,0.10999999940395355,0.10999999940395355,0.10999999940395355,0.10999999940395355,0.10999999940395355,1.0,Batch5,False,0.6911504274916335,0.038013271854067325,0.6911503766826355,0.03801327081543187,1.0000000691759476,1.0000000229852517
M4179_Batch5,M3,4-17-9_mod.ASC,Batch5,7.361899,10.101775,5.3783545,17.8075563932146,47.2323911494999,159.292495935107,0.897274481301329,0.502327160174531,0.723894375768158,137.29843,6.0,167.966552734375,6.0,1.0861676,1.4373558,1333.54328584671,50.6923428602431,921.678964563691,10.0,4.0,0.175628398155382,2.80371742318677,4-17-9.asc,E:\ASC files\4-17-9.asc,2025-04-23 15:54:58,2025.0,Verified_year_and_length,8.224146139419903e-09,0.014548683629510065,True,,True,,1333.5432968139648,921.6790313720703,50.69234585762024,0.10999999811682029,224.0,0.10999999940395355,0.10999999940395355,0.10999999940395355,0.10999999940395355,0.10999999940395355,0.10999999940395358,1.0,Batch5,False,0.691150436265624,0.038013273343829077,0.6911503918513504,0.03801327140877687,1.0000000724855203,1.0000000591287947
M4181_Batch5,M3,4-18-1_mod.ASC,Batch5,6.3370833,8.01966,4.8048606,14.92422201111,39.6568316216791,112.928729678271,0.902356768266598,0.507015271874776,0.716894200198802,107.14805,6.0,125.277879714965,6.0,1.103094,1.3367214,1193.94714975357,45.3858364649257,825.197029184283,11.0,3.0,0.239262933192872,3.04014347175638,4-18-1.asc,E:\ASC files\4-18-1.asc,2025-04-23 17:05:00,2025.0,Verified_year_and_length,3.0752165817784753e-08,0.06654162086415569,True,,True,,1193.9471130371094,825.1970901489258,45.38583755493164,0.10999999417530841,225.0,0.10999999940395355,0.10999999940395355,0.10999999940395355,0.10999999940395355,0.10999999940395355,0.10999999940395355,1.0,Batch5,False,0.6911504547716744,0.03801327299957297,0.691150382455876,0.038013270917639286,1.0000000738788928,1.0000000240164337
M4182_Batch5,M3,4-18-2_mod.ASC,Batch5,7.1660533,8.47981,5.440236,16.7893931203669,44.6895937488196,143.90811319882,0.905487229633011,0.510522964964059,0.715862158935837,142.40875,4.0,146.922967910766,4.0,1.0921695,1.4089676,1117.95434761047,42.497101581054,772.674574753545,8.0,3.0,0.276809122956937,2.00896119285155,4-18-2.asc,E:\ASC files\4-18-2.asc,2025-04-23 17:11:04,2025.0,Verified_year_and_length,2.5591593423576005e-08,0.0488670368072867,True,,True,,1117.9543762207031,772.6745986938477,42.4971022605896,0.10999999827204875,155.0,0.10999999940395355,0.10999999940395355,0.10999999940395355,0.10999999940395355,0.10999999940395355,0.10999999940395354,1.0,Batch5,False,0.6911503860344553,0.038013270634757956,0.691150382307712,0.0380132709997397,1.0000000309836812,1.0000000159901634
M4185_Batch5,M3,4-18-5_mod.ASC,Batch5,7.016102,9.406327,5.720777,15.5874576862852,45.0917565790403,150.95869234926,0.932982894716111,0.621308864698669,0.929376821392923,107.96393,8.0,130.1077876091,8.0,1.065047,1.2590722,1474.93628215789,56.0671523170542,1019.4027677128,11.0,3.0,0.0109183549038991,1.73811949215008,4-18-5.asc,E:\ASC files\4-18-5.asc,2025-04-23 17:25:24,2025.0,Verified_year_and_length,4.202814675749435e-08,0.02993451510209383,True,,True,,1474.9363441467285,1019.4028244018555,56.067152976989746,0.10999999535980821,291.0,0.10999999940395355,0.10999999940395355,0.10999999940395355,0.10999999940395355,0.10999999940395355,0.10999999940395357,1.0,Batch5,False,0.6911503865555597,0.038013269657020614,0.6911503771684113,0.03801327080721463,1.0000000556100663,1.0000000117704488
M4186_Batch5,M4,4-18-6_mod.ASC,Batch5,5.7421417,6.4920526,5.0126333,11.8028548373746,35.48536638786,92.157369085704,0.919689746499727,0.66153973720655,0.997642040396329,113.017685,6.0,136.011770248413,6.0,1.1510515,1.6490556,999.672080039978,38.0008055468676,690.923737773663,7.0,2.0,0.0908541825000809,0.754851951610142,4-18-6.asc,E:\ASC files\4-18-6.asc,2025-04-23 17:35:34,2025.0,Verified_year_and_length,6.6779100348354035e-09,0.04416815897983825,True,,True,,999.6720733642578,690.9237670898438,38.00080633163452,0.10999999751548022,216.0,0.10999999940395355,0.10999999940395355,0.10999999940395355,0.10999999940395355,0.10999999940395355,0.10999999940395357,1.0,Batch5,False,0.6911504137198067,0.03801327189600093,0.6911503797785692,0.03801327085712738,1.0000000424304147,1.0000000206513233
M421_Batch5,M2,4-2-1_mod.ASC,Batch5,6.777733,8.348977,4.537554,16.0148044263882,43.5145490482999,127.652603350812,0.847169995653037,0.497721495566018,0.590233454907665,126.41261,5.0,143.683142423629,5.0,1.1062734,1.7600063,1192.66202616691,45.3369854525233,824.308825658975,13.0,4.0,0.229722547583137,1.71312722798692,4-2-1.asc,E:\ASC files\4-2-1.asc,2025-04-11 21:53:04,2025.0,Verified_year_and_length,3.138502107840432e-08,0.041735769854417605,True,,True,,1192.6620635986328,824.3089466094971,45.336987257003784,0.1099999883380653,249.0,0.10999999940395355,0.10999999940395355,0.10999999940395355,0.10999999940395355,0.10999999940395355,0.10999999940395354,1.0,Batch5,False,0.6911504706725561,0.038013271856914756,0.6911503909520929,0.038013271536976485,1.0000001467296216,1.00000003980151
M42210_Batch5,M4,4-22-10_mod.ASC,Batch5,7.223295,8.116054,6.5415525,15.569360761022,44.9250373167107,150.028001031488,0.934125642016207,0.618914644628935,0.962506418241074,194.67662,3.0,207.47174835205,3.0,1.164129,2.2992573,1085.7466430664,41.2727813196326,750.414206273924,7.0,3.0,0.164928791895852,1.03899136196725,4-22-10.asc,E:\ASC files\4-22-10.asc,2025-06-06 17:35:30,2025.0,Verified_year_and_length,5.654255784414912e-15,0.03285117497934677,True,,True,,1085.7466430664062,750.4142608642578,41.272783279418945,0.1099999971532651,162.0,0.10999999940395355,0.10999999940395355,0.10999999940395355,0.10999999940395355,0.10999999940395355,0.10999999940395355,1.0,Batch5,False,0.6911504315085053,0.03801327274920677,0.6911503812294372,0.038013270944194405,1.0000000727469354,1.000000047483748
M4225_Batch5,M1,4-22-5_mod.ASC,Batch5,6.849395,8.8011675,5.366071,15.5797141890974,42.6071263256172,128.040885714697,0.886327136193159,0.527508785641853,0.676072770011674,124.27949,7.0,135.782632827758,7.0,1.1055646,1.3563056,906.902744293212,34.4743403761988,626.806187174264,4.0,1.0,0.0446247016014866,1.86827337390758,4-22-5.asc,E:\ASC files\4-22-5.asc,2025-06-06 21:23:28,2025.0,Verified_year_and_length,1.2618875373774034e-08,0.040653807305425595,True,,True,,906.9027557373047,626.8062171936035,34.47434139251709,0.109999998235081,153.0,0.10999999940395355,0.10999999940395355,0.10999999940395355,0.10999999940395355,0.10999999940395355,0.10999999940395355,1.0,Batch5,False,0.6911504163244218,0.038013272287930944,0.6911503919450159,0.038013271646968196,1.0000000478925386,1.0000000294804274
M4231_Batch5,M1,4-23-1_mod.ASC,Batch5,5.6524763,7.2167315,4.173915,13.1359162156384,35.7593129373031,90.0352407989557,0.88479785824595,0.521785241341749,0.712969995258739,112.982635,8.0,132.433109283447,8.0,1.0705812,1.4233328,856.253353118896,32.5489908409131,591.7998339691,7.0,2.0,0.0129326317645039,1.80501714913671,4-23-1.asc,E:\ASC files\4-23-1.asc,2025-06-09 16:34:44,2025.0,Verified_year_and_length,1.1137753308470556e-09,0.04168423957017264,True,,True,,856.2533521652222,591.7998695373535,32.548991560935974,0.10999999572957503,146.0,0.10999999940395355,0.10999999940395355,0.10999999940395355,0.10999999940395355,0.10999999940395355,0.10999999940395355,1.0,Batch5,False,0.6911504264956853,0.03801327198150967,0.6911503841864954,0.03801327109827209,1.0000000601018308,1.0000000221212042
M4237_Batch5,M3,4-23-7_mod.ASC,Batch5,6.220715,7.8355675,5.1708927,13.5223041548355,38.8986833584252,108.569236230454,0.901668387316076,0.593752405609821,0.873997500801456,143.24698,6.0,155.04893875122,6.0,1.0674131,1.3606255,961.648300647735,24.4709703108507,543.799327882726,7.0,3.0,0.0428191613086541,1.34821236823841,4-23-7.asc,E:\ASC files\4-23-7.asc,2025-06-09 19:58:30,2025.0,Verified_year_and_length,7.4378106181473345e-09,0.027958197433780484,True,,True,,961.648307800293,543.7993259429932,24.470971822738647,0.0900000079268357,171.0,0.09000000357627869,0.09000000357627869,0.09000000357627869,0.09000000357627869,0.09000000357627869,0.0900000035762787,1.0,Batch5,False,0.5654866977168589,0.025446903638518724,0.5654867039399335,0.0254469022556041,0.999999996432999,1.000000061782918
M4243_Batch5,M2,4-24-3_mod.ASC,Batch5,7.4086037,10.2895,4.29075,18.6636251155488,47.1295827492579,153.351675112964,0.867583329698556,0.440247115695766,0.618213524784516,103.00717,5.0,108.550367355346,5.0,1.1108162,1.8709351,972.607667922973,24.7498523725774,549.99670666029,13.0,4.0,0.0301957269035724,1.35721549709743,4-24-3.asc,E:\ASC files\4-24-3.asc,2025-06-09 20:26:52,2025.0,Verified_year_and_length,9.805333431420932e-09,0.01967611386337534,True,,True,,972.6076583862305,549.996711730957,24.749851942062378,0.08999999968788654,189.0,0.09000000357627869,0.09000000357627869,0.09000000357627869,0.09000000357627869,0.09000000357627869,0.09000000357627869,1.0,Batch5,False,0.56548671706279,0.02544690217957754,0.5654867063045279,0.025446902372702144,1.0000000092194499,0.9999999826053498
M4246_Batch5,M3,4-24-6_mod.ASC,Batch5,6.5933137,8.444797,5.4803214,14.7990237546076,42.5642267785662,126.058144964626,0.874362008629428,0.575578783955842,0.984059360777928,141.47714,9.0,146.410034179687,9.0,1.0717326,1.5033302,1548.08323097229,39.3939228065082,875.420486332487,11.0,3.0,0.0479842926993776,1.42395859873711,4-24-6.asc,E:\ASC files\4-24-6.asc,2025-06-09 20:55:52,2025.0,Verified_year_and_length,8.624497806427364e-09,0.03364887187588448,True,,True,,1548.0832443237305,875.4205360412598,39.39392375946045,0.08999999917206365,219.0,0.09000000357627869,0.09000000357627869,0.09000000357627869,0.09000000357627869,0.09000000357627869,0.09000000357627867,1.0,Batch5,False,0.565486732868607,0.025446902744993803,0.5654867056357622,0.02544690234889143,1.0000000567827387,1.0000000241903364
M4248_Batch5,M1,4-24-8_mod.ASC,Batch5,8.483342,10.445287,5.9996815,20.1901543068066,54.6577694031621,217.080644305446,0.913118533739904,0.532527237318011,0.819293321430221,136.0514,8.0,137.656452178955,8.0,1.0499328,1.2248341,949.339653015136,24.1577534198685,536.838952792776,7.0,2.0,0.042720184159858,2.15721933036114,4-24-8.asc,E:\ASC files\4-24-8.asc,2025-06-09 21:00:02,2025.0,Verified_year_and_length,7.185215788293008e-16,0.062054175991803455,True,,True,,949.3396530151367,536.838996887207,24.15775340795517,0.08999999459067186,126.0,0.09000000357627869,0.09000000357627869,0.09000000357627869,0.09000000357627869,0.09000000357627869,0.09000000357627867,1.0,Batch5,False,0.5654867519566755,0.0254469023085987,0.5654867055091997,0.025446902321147786,1.0000000821371675,0.9999999995068528
M4252_Batch5,M1,4-25-2_mod.ASC,Batch5,7.5952377,9.053861,5.92463,16.5200466231129,46.8304031763077,158.493686627131,0.908167671171339,0.580750282957608,0.834193042589656,141.27217,9.0,148.485317230224,9.0,1.0685123,1.3767523,873.826202392578,33.2169916456829,603.945299834407,3.0,1.0,0.0738037851766122,2.19259692127484,4-25-2.asc,E:\ASC files\4-25-2.asc,2025-06-06 17:22:16,2025.0,Verified_year_and_length,4.365510405692818e-09,0.03886368748933583,True,,True,,873.8262062072754,603.9453468322754,33.216992020606995,0.10999999319419161,112.0,0.10999999940395355,0.10999999940395355,0.10999999940395355,0.10999999940395355,0.10999999940395355,0.10999999940395355,1.0,Batch5,False,0.6911504170304282,0.038013270584754906,0.6911503662636527,0.03801327032164198,1.0000000778180878,1.0000000112871177
M4253_Batch5,M3,4-25-3_mod.ASC,Batch5,6.534851,8.229849,4.812969,15.3973164887178,41.9914693612266,129.741033996571,0.924623815687912,0.547251904203004,0.759218066952545,163.3844,6.0,175.147308349609,6.0,1.0888814,1.530494,1652.80285024642,62.8284418966089,1142.33530514543,11.0,4.0,0.10057200759168,1.57337838052391,4-25-3.asc,E:\ASC files\4-25-3.asc,2025-06-06 17:10:34,2025.0,Verified_year_and_length,1.9329637557892522e-08,0.041515617003855254,True,,True,,1652.8028182983398,1142.3353462219238,62.82844400405884,0.1099999999332123,272.0,0.10999999940395355,0.10999999940395355,0.10999999940395355,0.10999999940395355,0.10999999940395355,0.10999999940395355,1.0,Batch5,False,0.691150410427075,0.038013272550408955,0.6911503722147605,0.03801327054054975,1.000000035958351,1.0000000335429287
M431_Batch5,M3,4-3-1_mod.ASC,Batch5,11.819441,14.060067,8.746633,27.1418493314715,75.0315097161826,420.208932934561,0.937967465271957,0.570409053340978,0.805156415999709,169.57478,6.0,188.88623714447,6.0,1.0508947,1.1411471,1306.76888465881,49.6745606435648,903.17382757915,8.0,3.0,0.261441092460465,2.80484341206651,4-3-1.asc,E:\ASC files\4-3-1.asc,2025-04-11 22:25:46,2025.0,Verified_year_and_length,1.6055508068682405e-08,0.049901431092635035,True,,True,,1306.7689056396484,903.1738510131836,49.67456352710724,0.11000000381185115,166.0,0.10999999940395355,0.10999999940395355,0.10999999940395355,0.10999999940395355,0.10999999940395355,0.10999999940395355,1.0,Batch5,False,0.6911503993669718,0.03801327328246467,0.691150392530936,0.03801327168616702,1.000000025946316,1.0000000580486752
M472_Batch5,M3,4-7-2_mod.ASC,Batch5,4.914369,5.795973,3.6926246,11.4451010448733,29.807526328095,62.5420211487217,0.884565310015313,0.477455224089917,0.662858735440653,120.42572,5.0,127.232841968536,5.0,1.1091592,1.6195616,1172.50931835174,44.5709144266653,810.380261950256,11.0,3.0,0.223242374376364,1.95683530321877,4-7-2.asc,E:\ASC files\4-7-2.asc,2025-04-17 15:29:22,2025.0,Verified_year_and_length,3.497455353171438e-08,0.029423281978236786,True,,True,,1172.50927734375,810.3803024291992,44.57091569900513,0.10999999769342658,231.0,0.10999999940395355,0.10999999940395355,0.10999999940395355,0.10999999940395355,0.10999999940395355,0.10999999940395354,1.0,Batch5,False,0.6911504395641692,0.038013273378934696,0.6911503808681466,0.03801327096429481,1.0000000499505541,1.0000000285464152
M483_Batch5,M2,4-8-3_mod.ASC,Batch5,5.007318,6.6310697,3.2976606,12.585181070148,31.9330535835189,67.5189031646587,0.832059422739304,0.426291272982292,0.590633412862006,106.16939,5.0,124.701170921325,5.0,1.0842549,1.2400901,832.886954784393,31.6607573028645,575.650131850129,6.0,3.0,0.129266445467793,1.38897514747254,4-8-3.asc,E:\ASC files\4-8-3.asc,2025-04-17 15:44:40,2025.0,Verified_year_and_length,1.8892871921420685e-08,0.05968091433445405,True,,True,,832.8869705200195,575.6501541137695,31.660759925842285,0.11000000503634004,183.0,0.10999999940395355,0.10999999940395355,0.10999999940395355,0.10999999940395355,0.10999999940395355,0.10999999940395357,1.0,Batch5,False,0.6911503895352785,0.03801327316487451,0.6911503758624072,0.03801327073379415,1.0000000386756456,1.0000000828463376
M484_Batch5,M3,4-8-4_mod.ASC,Batch5,5.647258,7.911385,3.907933,13.5049580617126,36.4630345378121,89.6538159393237,0.847369885397502,0.491566523962059,0.734491106724397,134.11845,6.0,141.144668579101,6.0,1.1498507,2.0290895,1131.72917985916,43.0207285139597,782.195067037419,6.0,4.0,0.148805866371545,2.60203372578329,4-8-4.asc,E:\ASC files\4-8-4.asc,2025-04-17 15:52:36,2025.0,Verified_year_and_length,1.306138741635918e-08,0.053305266186228516,True,,True,,1131.7291946411133,782.1951599121094,43.02073001861572,0.10999999034371347,221.0,0.10999999940395355,0.10999999940395355,0.10999999940395355,0.10999999940395355,0.10999999940395355,0.10999999940395355,1.0,Batch5,False,0.6911504656908264,0.038013272276021984,0.6911503926537979,0.038013271443008555,1.0000001187359704,1.0000000349751403
M491_Batch5,M1,4-9-1_mod.ASC,Batch5,10.024181,12.208706,8.273041,22.9550924233399,64.4957340490589,301.448844168102,0.910671000481116,0.57207837528131,0.759109442303878,91.78033,5.0,107.900356292724,5.0,1.0696422,1.2492402,671.270824432373,25.5171991542796,463.949076513921,3.0,2.0,0.228204121920036,2.07036510351845,4-9-1.asc,E:\ASC files\4-9-1.asc,2025-04-17 16:03:06,2025.0,Verified_year_and_length,5.682799142731564e-09,0.07969310236080465,True,,True,,671.2708206176758,463.94908142089844,25.517200231552124,0.11000000324778188,92.0,0.10999999940395355,0.10999999940395355,0.10999999940395355,0.10999999940395355,0.10999999940395355,0.10999999940395358,1.0,Batch5,False,0.6911503780158231,0.03801327191322311,0.6911503667781727,0.03801327009237584,1.0000000105765432,1.0000000422175066
M496_Batch5,M1,4-9-6_mod.ASC,Batch5,8.742713,10.519416,7.0777345,19.3136218512724,54.2955515375511,215.143666723743,0.917085721884187,0.576767948453004,0.789792901033439,99.29524,7.0,120.143407821655,7.0,1.1138602,1.4577298,793.88579750061,30.1781953603462,548.694459531393,2.0,1.0,0.0775147310263327,2.46156218244968,4-9-6.asc,E:\ASC files\4-9-6.asc,2025-04-17 16:22:00,2025.0,Verified_year_and_length,1.2012738926715286e-08,0.06186416333553123,True,,True,,793.8857879638672,548.6945114135742,30.17819595336914,0.10999999207436052,110.0,0.10999999940395355,0.10999999940395355,0.10999999940395355,0.10999999940395355,0.10999999940395355,0.10999999940395352,1.0,Batch5,False,0.6911504396883692,0.0380132714439557,0.6911503660335622,0.03801327024032448,1.0000000945556864,1.000000019650709
M497_Batch5,M1,4-9-7_mod.ASC,Batch5,6.725386,8.444095,5.523415,14.9143711928668,42.0033257067991,128.135759753524,0.912668068901981,0.576050360624841,0.807778161715947,93.92238,5.0,120.563121318817,5.0,1.217075,2.6255183,636.805599689483,24.2070632475402,440.128422859571,6.0,3.0,0.53109132033315,2.84332569755419,4-9-7.asc,E:\ASC files\4-9-7.asc,2025-04-17 16:26:28,2025.0,Verified_year_and_length,1.2729522182727086e-08,0.04202443851191932,True,,True,,636.805591583252,440.1284523010254,24.207064509391785,0.10999999833155703,125.0,0.10999999940395355,0.10999999940395355,0.10999999940395355,0.10999999940395355,0.10999999940395355,0.10999999940395354,1.0,Batch5,False,0.6911504203453367,0.038013272542420984,0.691150365314289,0.038013270076996765,1.0000000668928724,1.000000052127413
M498_Batch5,M1,4-9-8_mod.ASC,Batch5,6.7746015,7.3472195,5.6445026,14.066488263443,41.5051134890612,127.493730670073,0.930026839702352,0.644343501906412,0.907895889356338,133.37971,5.0,143.9794921875,5.0,1.0960189,1.509236,753.739342212677,28.6520980138213,520.947240178226,4.0,2.0,0.217536551655766,2.26588256105538,4-9-8.asc,E:\ASC files\4-9-8.asc,2025-04-17 16:30:54,2025.0,Verified_year_and_length,4.997766918662151e-08,0.03270697606421461,True,,True,,753.7393798828125,520.9472770690918,28.65209984779358,0.10999999849886356,137.0,0.10999999940395355,0.10999999940395355,0.10999999940395355,0.10999999940395355,0.10999999940395355,0.10999999940395355,1.0,Batch5,False,0.6911504042021607,0.03801327171236331,0.6911503898004494,0.0380132711790129,1.000000070814975,1.0000000640083069
O1013_Batch2,M4,10-1-3_mod.ASC,Batch2,9.512576,11.307938,7.813812,20.6697191601917,59.5355396590035,264.467965805088,0.937627528308142,0.619018919685837,0.843658530856105,108.78478,4.0,124.491924285888,4.0,1.0635631,1.2055985,791.204068183898,30.0762540664061,546.840980723112,9.0,4.0,0.566536345372539,2.62174204135654,10-1-3.asc,E:\ASC files\10-1-3.asc,2024-10-30 16:39:04,2024.0,Verified_year_and_length,3.6160378513732182e-09,0.08613433182821079,True,,True,,791.2040710449219,546.841007232666,30.07625412940979,0.10999999536103977,142.0,0.10999999940395355,0.10999999940395355,0.10999999940395355,0.10999999940395355,0.10999999940395355,0.10999999940395357,1.0,Batch2,False,0.6911503962694072,0.038013270191707804,0.6911503652633025,0.03801327024953509,1.0000000484776286,1.0000000020947983
O8204_Batch2,M1,8-20-4_mod.ASC,Batch2,6.0646653,7.2735205,4.896574,13.464923080531,37.9606001899857,102.9301121186,0.897606872522794,0.567720651153833,0.836276095811789,138.89598,4.0,145.735456466674,4.0,1.025231,1.2087032,570.727335691452,54.9104005581322,627.547459939337,5.0,3.0,0.439639955852383,2.48334867599056,8-20-4.asc,E:\ASC files\8-20-4.asc,2024-10-29 17:42:26,2024.0,Verified_year_and_length,4.219226061790765e-08,0.032452841286953936,True,,True,,570.7273597717285,627.5474548339844,54.910400390625,0.17499999392126087,88.0,0.17499999701976776,0.17499999701976776,0.17499999701976776,0.17499999701976776,0.17499999701976776,0.17499999701976776,1.0,Batch2,False,1.099557335195884,0.09621126348767875,1.0995573905340381,0.09621126784054723,0.9999999918645951,0.9999999969494449
O8211_Batch2,M1,8-21-1_mod.ASC,Batch2,4.891276,6.4416766,4.058632,11.3019616427973,30.9752230986769,70.973883764702,0.929564540962456,0.555636686621284,0.848547013938658,129.15863,5.0,132.852165222167,5.0,1.0901663,1.3355635,831.406066179275,79.990632827867,914.178701740634,6.0,3.0,0.199160810056416,2.60335697041952,8-21-1.asc,E:\ASC files\8-21-1.asc,2024-10-29 18:57:02,2024.0,Verified_year_and_length,3.297803357523463e-08,0.03423943004022708,True,,True,,831.4060935974121,914.1786499023438,79.99063611030579,0.17500000928451065,195.0,0.17499999701976776,0.17499999701976776,0.17499999701976776,0.17499999701976776,0.17499999701976776,0.17499999701976776,1.0,Batch2,False,1.099557312536384,0.09621126995135938,1.0995574111477686,0.09621126917616059,0.999999943295233,1.0000000410352896
O8221_Batch2,M3,8-22-1_mod.ASC,Batch2,9.096398,10.282464,7.899047,19.6746921658452,57.0320923095684,242.506553612648,0.93690322619308,0.626480543349774,0.931739119501138,130.71451,6.0,148.407921791076,6.0,1.0698191,1.2806036,1278.70830106735,123.026145885208,1406.01315520078,10.0,3.0,0.0088161760540833,1.6735807061403,8-22-1.asc,E:\ASC files\8-22-1.asc,2024-10-29 19:28:32,2024.0,Verified_year_and_length,1.5289120860282237e-08,0.06405597153399906,True,,True,,1278.7083206176758,1406.0131301879883,123.02615165710449,0.1750000039340394,259.0,0.17499999701976776,0.17499999701976776,0.17499999701976776,0.17499999701976776,0.17499999701976776,0.17499999701976776,1.0,Batch2,False,1.0995573482378047,0.09621127013365888,1.0995573846100533,0.09621126709079537,0.9999999822101298,1.0000000469160149
O8233_Batch2,M3,8-23-3_mod.ASC,Batch2,7.9779253,10.31055,6.0528493,18.7612545568418,52.0015373484739,200.438122506719,0.931446304319034,0.569451280524641,0.987919904234451,124.12285,7.0,132.185795783996,7.0,1.040926,1.1767969,1345.9097354412,129.491683734133,1479.90502135106,11.0,4.0,0.0888736261015514,2.83010685417751,8-23-3.asc,E:\ASC files\8-23-3.asc,2024-10-29 19:53:40,2024.0,Verified_year_and_length,6.554299409941259e-09,0.02677367978138695,True,,True,,1345.9097442626953,1479.9049835205078,129.4916877746582,0.17500000231989726,225.0,0.17499999701976776,0.17499999701976776,0.17499999701976776,0.17499999701976776,0.17499999701976776,0.1749999970197678,1.0,Batch2,False,1.0995573736121633,0.09621127146649437,1.0995574089267846,0.09621126909501446,0.9999999744371756,1.0000000312029707
O8244_Batch2,M3,8-24-4_mod.ASC,Batch2,8.62296,11.954473,6.143397,20.9338464816111,55.6606114736657,216.026242980966,0.876234665206449,0.492956324407093,0.708834545545152,135.15236,5.0,186.952497482299,5.0,1.1318287,1.7093997,1208.46548461914,116.268000720934,1328.77720845409,8.0,4.0,0.374673155324633,2.0875329728673,8-24-4.asc,E:\ASC files\8-24-4.asc,2024-10-29 20:09:44,2024.0,Verified_year_and_length,2.998813272084288e-08,0.06413173822110387,True,,True,,1208.4654483795166,1328.7772598266602,116.26800584793091,0.1749999933970847,186.0,0.17499999701976776,0.17499999701976776,0.17499999701976776,0.17499999701976776,0.17499999701976776,0.1749999970197678,1.0,Batch2,False,1.099557510401704,0.09621127853000654,1.0995574349174462,0.09621127140224202,1.0000000386615377,1.0000000440963712
O8273_Batch2,M1,8-27-3_mod.ASC,Batch2,7.2819095,10.074427,5.184198,16.4932456908396,47.4846518825478,169.876957263331,0.946755464875556,0.624485295414783,0.876100749060239,149.29236,9.0,161.941993713378,9.0,1.0881319,1.77326,1174.82016468048,113.030941148535,1291.78224149751,5.0,2.0,0.0005980199656453,2.53001804041337,8-27-3.asc,E:\ASC files\8-27-3.asc,2024-10-29 20:24:10,2024.0,Verified_year_and_length,2.0294049707714462e-08,0.025144960028796418,True,,True,,1174.8201885223389,1291.782211303711,113.03094410896301,0.1750000009597412,195.0,0.17499999701976776,0.17499999701976776,0.17499999701976776,0.17499999701976776,0.17499999701976776,0.1749999970197678,1.0,Batch2,False,1.099557382418227,0.09621127148924012,1.0995574304334832,0.09621127092185758,0.999999976626247,1.0000000261913062
O9161_Batch2,M4,9-16-1_mod.ASC,Batch2,8.23573,10.52323,5.916691,19.4429442614894,53.1468332085698,207.198161596665,0.921809072112837,0.548102566201311,0.719697657702411,119.654915,4.0,141.523491859436,4.0,1.0902712,1.3676052,975.940105438232,93.8964375646853,1073.1021861692,10.0,3.0,0.436438149749169,1.66844873935523,9-16-1.asc,E:\ASC files\9-16-1.asc,2024-10-29 21:08:48,2024.0,Verified_year_and_length,1.9543706295692884e-08,0.0673006091883062,True,,True,,975.9401245117188,1073.1022033691406,93.89644050598145,0.17499999573420247,200.0,0.17499999701976776,0.17499999701976776,0.17499999701976776,0.17499999701976776,0.17499999701976776,0.17499999701976776,1.0,Batch2,False,1.099557417936919,0.09621127172423576,1.0995574218023747,0.09621127059075255,1.0000000160282412,1.000000031324896
O9242_Batch2,M1,9-24-2_mod.ASC,Batch2,4.988937,7.3545575,2.9867787,12.8238214509832,32.6922380347692,69.5792159301928,0.818088126971661,0.4231015392234,0.612455004723338,89.3512,5.0,94.2016811370849,5.0,1.0364184,1.1287262,519.80251789093,50.0108593471769,571.552706084628,5.0,3.0,0.0499831204610095,1.06376309874007,9-24-2.asc,E:\ASC files\9-24-2.asc,2024-10-29 21:49:06,2024.0,Verified_year_and_length,2.7520287957645223e-08,0.03294219135963787,True,,True,,519.8025321960449,571.5527038574219,50.01086139678955,0.17499999933257296,104.0,0.17499999701976776,0.17499999701976776,0.17499999701976776,0.17499999701976776,0.17499999701976776,0.17499999701976773,1.0,Batch2,False,1.0995573673770778,0.09621126927855715,1.099557401921929,0.09621126798325873,0.9999999961032359,1.000000040983352
O935_Batch2,M4,9-3-5_mod.ASC,Batch2,6.93978,9.704226,5.1387887,16.3068580678195,45.7974207698669,150.154808056657,0.899636499797716,0.564675130336704,0.828988427276007,151.57355,3.0,158.499502182006,3.0,1.0329071,1.1113087,883.916932106018,85.0427698967135,971.917410407407,9.0,3.0,0.252555184063658,1.33581427297687,9-3-5.asc,E:\ASC files\9-3-5.asc,2024-10-29 20:38:20,2024.0,Verified_year_and_length,3.3446473133897e-08,0.028287526391632484,True,,True,,883.9169616699219,971.9173889160156,85.04277038574219,0.17499999764504845,142.0,0.17499999701976776,0.17499999701976776,0.17499999701976776,0.17499999701976776,0.17499999701976776,0.17499999701976776,1.0,Batch2,False,1.0995573465179815,0.09621126652562124,1.0995574076081103,0.09621126919029692,0.9999999778876362,1.0000000057503853
