cell_label,donor_label,Lib_region_of_interest_label,T_class,Epsy_width_rheo,Epsy_fast_trough_v_rheo,Epsy_peak_deltav_rheo,Epsy_peak_v_rheo,Epsy_postap_slope_rheo,Epsy_threshold_v_rheo,Epsy_trough_t_rheo,Epsy_trough_v_rheo,Epsy_upstroke_downstroke_ratio_rheo,Epsy_ahp_delay_5spike,Epsy_ahp_delay_ratio_5spike,Epsy_postap_slope_hero,Epsy_trough_t_hero,Epsy_downstroke_adapt_ratio,Epsy_peak_v_adapt_ratio,Epsy_threshold_v_adapt_ratio,Epsy_upstroke_adapt_ratio,Epsy_width_adapt_ratio,Epsy_threshold_v_short_square
Q21.26.021.14.07.07,Q21.26.021,Ca,D1,0.0015199999999999,-60.625,93.0,52.09375,-0.0729344505668953,-40.90625,0.252055,-60.90625381469727,6.363510380623772,0.0046299999999999,0.0391675831147949,-0.1826120758652765,0.1706499999999999,0.9098054142496746,0.9407539707731112,0.9125926830150464,0.7617281697618583,1.0921501706484584,-48.65625
Q21.26.021.14.08.05,Q21.26.021,Ca,D1,0.00096,-57.68750381469727,97.68750381469728,50.21875381469727,-0.1513044403115806,-47.46875,0.52153,-62.78125381469727,5.547427179605824,0.0311300000000001,0.1590496870609279,-0.4264684934521733,0.252225,1.0180268211673595,1.008436000583973,0.9765777488614183,0.9318331839020918,1.0706521739131505,-55.53125381469727
Q21.26.023.13.03.05,Q21.26.023,Ca,D1,0.00114,-54.5625,90.78125381469728,46.40625,0.5494604391607069,-44.37500381469727,0.4718299999999999,-57.00000381469727,4.692958821486457,0.0269749999999999,0.1570276799487729,-0.654961410475912,0.17378,0.995051379554068,1.051460357244936,0.999293200011284,0.959284915478094,1.077922077922114,-44.84375381469727
QM22.26.003.14.51.04,QM22.26.003,Ca,D1,0.0008599999999998,-48.93750381469727,93.81250762939452,50.84375381469727,0.5510217818830083,-42.96875381469727,0.563105,-55.46875381469727,4.922883398489769,0.03386,0.2693822347746532,1.293415533623996,0.1910749999999999,0.8884423672929754,0.9993841613330438,0.9819141839263849,0.9100701546828612,1.082352941176486,-46.03125
QM22.26.003.14.01.09,QM22.26.003,Ca,D1,0.0009599999999998,-53.03125,82.46875762939453,43.18750381469727,1.3027526895948995,-39.28125381469727,0.74184,-56.21875381469727,3.956497944891086,0.02732,0.1395443865563387,0.9068485468523048,0.25516,0.9871385781211046,1.0630037524324634,1.0015674937855117,1.0017506803579903,1.040816326530536,-44.21875381469727
QM22.26.031.14.03A.01,QM22.26.031,Ca,D1,0.00096,-44.09375,90.12500381469728,52.65625381469727,0.4546417199679894,-37.46875,0.48618,-49.81250381469727,3.648841865758784,0.0423599999999999,0.2419189034837235,0.5890828336050694,0.24694,0.9900150968335564,1.0168674686391463,0.9991672589769696,0.9656265914810516,1.0408163265306538,-46.96875
QM22.26.031.14.03A.02,QM22.26.031,Ca,D1,0.0009799999999999,-51.00000381469727,91.59375762939452,50.31250381469727,0.7672377171327683,-41.28125381469727,0.5997600000000001,-52.68750381469727,3.768293394552207,0.0503599999999999,0.258680912266283,1.6327278526730693,0.2433399999999999,0.972597749724376,1.0290037808697978,0.9886621325653946,0.944881320576052,1.0624999999999425,-46.21875381469727
QM22.26.031.14.03A.03,QM22.26.031,Ca,D1,0.00102,-45.03125381469727,90.12500762939452,51.62500381469727,0.4952651203416301,-38.50000381469727,0.57318,-51.00000381469727,3.821306636802402,0.0422599999999999,0.2842728373469659,0.4887695833642387,0.2114399999999999,0.9974456892101816,1.045426256661358,1.0057708161582852,0.971731411959648,1.0384615384614686,-41.46875
QM22.26.031.14.04A.01,QM22.26.031,Ca,D1,0.0008399999999999,-52.28125381469727,88.96875381469727,48.43750381469727,2.423721033435263,-40.53125,0.2960599999999999,-52.3125,4.090742732568074,0.0021599999999999,0.0144269302698366,1.0631221207361845,0.1795199999999999,0.991118947979427,1.0277226894690232,0.9652830188679246,0.9416877264609446,1.0714285714286376,-45.09375381469727
QM22.26.031.14.04A.04,QM22.26.031,Ca,D1,0.00078,-48.03125,90.6875,50.96875,1.703024511848673,-39.71875,0.5801000000000001,-52.09375,3.86821625444064,0.0348000000000001,0.175597941265517,2.0979832331331827,0.2057999999999999,0.9846274695554614,0.9951159954799706,0.9814516129032258,0.8955292060308253,1.0512820512821024,-43.50000381469727
QM22.26.031.14.51A.01,QM22.26.031,Ca,D1,0.0008799999999999,-54.50000381469727,100.81250381469728,55.09375381469727,0.8340777019180663,-45.71875,0.4776599999999999,-57.5,5.12971657516278,0.0357400000000001,0.1843218153687471,0.9619874482692452,0.1970399999999999,0.9294737681535932,0.9863635679513018,1.0165630613580603,0.9387567384473589,1.0952380952380512,-50.875
QM22.26.031.14.55A.02,QM22.26.031,Ca,D1,0.00078,-52.28125381469727,90.59375381469728,52.37500381469727,0.5167100509661605,-38.21875,0.6429199999999999,-55.37500381469727,4.881308776563509,0.0239799999999998,0.11803504626895,0.978659400054214,0.2720999999999999,0.9972741444631796,0.9916566620668424,1.0160607573703684,0.9349167650361252,1.0263157894737112,-42.28125
QM22.26.031.14.55A.03,QM22.26.031,Ca,D1,0.0008,-52.875,97.56250762939452,53.50000381469727,-1.5091398669155438,-44.06250381469727,0.43012,-62.15625381469727,5.276707292045559,0.0316800000000001,0.2342848691022047,-1.5781682213934605,0.1877599999999999,0.9616193456688168,1.0105882352941176,1.0042888649537616,0.9522654126260204,1.1025641025642048,-47.84375
QM22.26.031.14.55A.04,QM22.26.031,Ca,D1,0.0007599999999999,-52.50000381469727,88.15625381469727,46.5,1.3254492142420091,-41.65625381469727,0.4069799999999999,-56.09375381469727,3.995017359211054,0.0212799999999999,0.1183932346723042,0.0807540133155174,0.1692999999999999,0.9332540794659674,1.0288264393070092,1.018390802877417,0.9584476302392564,1.0810810810810163,-45.15625
QM22.26.031.14.55A.05,QM22.26.031,Ca,D1,0.00082,-49.00000381469727,90.9375,51.84375,0.3072893253901773,-39.09375,0.6534,-55.75,4.70704047422274,0.0316399999999998,0.1882212968471142,-0.8520147121169691,0.19844,0.9882091684570744,1.004926108004106,1.0122348094911748,0.9313373378089506,1.0769230769230111,-43.90625381469727
QM24.26.011.14v.02A.04,QM24.26.011,Ca,D1,0.0011799999999999,-45.25000381469727,86.09375381469727,46.68750381469727,-0.3803203757559259,-39.40625,0.7139599999999999,-51.96875381469727,3.975375436052337,0.0391399999999999,0.2346241457858767,0.3367583894498168,0.18112,0.9348030976824628,1.0350386279399526,0.9750000984438004,0.9077179133402572,1.1228070175437843,-42.25000381469727
QM25.26.006.14v.03A.03,QM25.26.006,Ca,D1,0.00112,-43.09375381469727,84.62500762939453,45.81250381469727,-0.5514231980887444,-38.81250381469727,0.5565,-51.65625381469727,3.586930031900344,0.0625999999999999,0.2705739972337482,-0.3185264865180955,0.2818799999999999,0.8785040204249603,1.0354906054279749,0.9766130016696069,0.9214440203645832,1.1272727272728558,-46.59375
QN22.26.002.14.03.04,QN22.26.002,Ca,D1,0.0010399999999999,-42.65625,94.87500381469728,51.65625381469727,0.0348175094666053,-43.21875,1.10992,-52.0,5.015811082767808,0.0716999999999998,0.3938262111391844,-0.2100798644539056,0.16856,0.8581601786913053,0.9383955029156966,0.9482369724294196,0.7507546537777179,1.1896551724136877,-47.50000381469727
QN22.26.002.14.05.05,QN22.26.002,Ca,D1,0.0016249999999999,-54.15625,81.8750057220459,23.28125190734864,-1.1000937448274577,-58.59375381469727,0.2294649999999999,-57.4375,5.643767083551566,0.0498,0.5884785819793217,-0.4729413772236338,0.1661949999999999,0.9021336526220024,1.1060402597688808,0.9562666695138888,0.9370860125858084,1.190769230769252,-56.40625381469727
QN22.26.002.14.05.09,QN22.26.002,Ca,D1,0.001165,-49.00000381469727,95.93750381469728,47.78125,-0.233428664188606,-48.15625381469727,0.91415,-53.65625381469727,5.771528972768289,0.0246649999999999,0.3434041072050112,-0.1765588050576896,0.24667,0.8557094479298167,1.0261780083798706,0.9907283967294536,0.9460240840056208,1.1902654867257372,-48.46875381469727
QN22.26.002.14.06.02,QN22.26.002,Ca,D1,0.0014,-48.53125381469727,86.68750381469727,37.62500381469727,-0.6417523225679268,-49.0625,1.10774,-52.65625381469727,5.595195349497143,0.03889,0.2132068748115463,-0.3240617886497519,0.1943849999999999,0.9568002971916802,1.0320674042322442,0.9857790058631626,0.9607424779367368,1.0921985815601776,-50.93750190734863
QN22.26.002.14.07.01,QN22.26.002,Ca,D1,0.00109,-47.3125,94.90625762939452,50.21875381469727,-1.10172381941586,-44.68750381469727,0.3055699999999999,-50.15625,5.398642808176162,0.0445900000000001,0.2599166448077881,-0.948164621852682,0.1580349999999999,0.9093624816274448,1.015556937212794,0.9825174840098576,0.938699812825568,1.1284403669724994,-46.06250381469727
QN22.26.002.3A.02.03,QN22.26.002,Ca,D1,0.0009799999999999,-55.00000381469727,86.09375381469727,44.62500381469727,1.5037394250712564,-41.46875,0.59856,-55.03125,4.970330603678296,0.0354000000000001,0.1609237203382129,0.5408866398971233,0.1769199999999999,0.9883152045339372,0.9985815604064888,0.9947447447447448,0.9495094416093302,1.0816326530610811,-46.09375
QN22.26.009.14.1A.02,QN22.26.009,Ca,D1,0.0008399999999999,-54.12500381469727,88.15625381469727,48.28125381469727,1.0763806229477353,-39.875,0.4171949999999999,-54.37500381469727,3.7218493172363902,0.0022299999999999,0.0153169860567343,1.401528286907505,0.26087,0.9726923544021804,1.017094017094017,0.9773082963771388,0.933735574633236,1.073619631901777,-50.62500381469727
QN22.26.009.14.3A.01,QN22.26.009,Ca,D1,0.0009599999999999,-53.65625381469727,70.09375381469727,33.875003814697266,1.3868215822108805,-36.21875,0.337435,-53.78125381469727,2.684746559325433,0.00259,0.020747386550247,1.9188335036803807,0.1984849999999999,0.9208250664108336,1.100558659217877,0.98186528688576,0.951545358502772,1.0523560209424063,-36.59375
QN22.26.009.14.4A.03,QN22.26.009,Ca,D1,0.00103,-57.1875,78.8125,35.25,1.334022098333563,-43.5625,0.6574899999999999,-57.28125381469727,3.0641273739478074,0.0022699999999999,0.0144816586921849,1.7373018164365368,0.25433,0.9341308925784632,1.1032905533098514,0.988456076529807,0.9717869995007616,1.0640394088669778,-37.052084604899086
QN22.26.009.14.4A.04,QN22.26.009,Ca,D1,0.00136,-43.12500381469727,58.53125190734863,20.00000190734864,-0.3068086610136129,-38.53125,0.601375,-45.875,3.669536149367884,0.02078,0.2052244333613155,-1.1902063515315051,0.2326599999999999,0.93513109272168,1.143072276005363,0.9964477105420182,0.9671000642107456,1.0864661654135197,-9.3125
QN22.26.010.14.03.07,QN22.26.010,Ca,D1,0.001005,-55.06250381469727,87.59375762939453,42.25000381469727,0.9256748956868428,-45.34375381469727,0.402155,-55.81250381469727,3.617943269337145,0.0261149999999998,0.1121657897562541,1.833569607448094,0.2222049999999999,0.9792615467247144,1.0671642702017257,0.9841725754401052,0.9435248214498946,1.0564102564101734,-45.96875381469727
QN22.26.010.14.06.04,QN22.26.010,Ca,D1,0.00129,-50.84375381469727,83.87500762939453,51.78125381469727,-0.3868246326991608,-32.093753814697266,0.3362249999999999,-51.00000381469727,5.430894584096943,0.0112700000000001,0.0727730604074523,6.628848391234522,0.380685,0.8973526559936285,0.9883791310998474,0.9014217545007782,0.8559504401138766,1.179372197309401,-40.31250381469727
QN22.26.010.14.52.01,QN22.26.010,Ca,D1,0.0008000000000001,-52.12500381469727,90.50000381469728,52.71875,-1.5408940694000202,-37.78125381469727,0.5960399999999999,-58.09375381469727,5.276249768236093,0.02976,0.2157459765115265,-1.490120819518312,0.2488799999999999,0.9452759777076332,0.9621301775147928,0.9869600664969752,0.8951331895140467,1.0249999999997468,-57.81250381469727
QN22.26.010.14.53.03,QN22.26.010,Ca,D1,0.0009799999999999,-55.1875,77.46875762939453,33.062503814697266,0.0920568708455886,-44.40625381469727,0.83314,-59.15625381469727,2.994571569286516,0.0269000000000001,0.1279611835220252,0.6942941301705098,0.2234999999999999,0.9086849121582852,1.061127029608405,0.9836647741434986,0.9446599891169808,1.06000000000006,-41.59375381469727
QN22.26.011.14.5A.02,QN22.26.011,Ca,D1,0.0012749999999999,-55.00000381469727,91.34375,47.3125,0.6072196196274159,-44.03125,0.4133349999999999,-57.84375381469727,4.911124512372925,0.0901,0.4844086021505375,0.2043819660046008,0.2025649999999999,0.8516841977128415,1.0712774326537138,0.9971118254745472,0.9813190698015648,1.0846774193547657,-42.93750381469727
QN22.26.011.14.5A.04,QN22.26.011,Ca,D1,0.0011099999999999,-49.31250381469727,92.43750762939452,51.09375381469727,0.6600576995338615,-41.34375381469727,0.6698299999999999,-52.50000381469727,4.664538801820812,0.0546299999999999,0.3804317548746516,0.623154569058022,0.2430299999999999,1.0169674649834122,1.0394243567398702,1.0087370920837653,0.9766184651414622,1.695852534562062,-35.937503814697266
QN22.26.011.14.8B.01,QN22.26.011,Ca,D1,0.0013150000000001,-50.65625,84.9375,46.25,-0.0267014251518232,-38.6875,0.6441950000000001,-56.81250381469727,4.2294673818037225,0.047965,0.2357581715409194,-0.270385163598488,0.3127699999999999,0.8525188512894761,1.0156657950963912,0.9177263441064416,0.8412078245674339,1.1422924901185485,-46.00000381469727
QN22.26.014.14.6A.03,QN22.26.014,Ca,D1,0.0010099999999999,-53.96875381469727,83.50000381469727,43.68750381469727,1.1686350885392651,-39.8125,0.3945349999999999,-54.0,3.12030658671196,0.0023499999999998,0.0162968099861293,2.047094037001143,0.2292199999999999,0.9129652118554088,1.011461318051576,0.9742350089169308,0.9320825544359154,1.0550000000000272,-42.40625381469727
QN22.26.015.14.01A.03,QN22.26.015,Ca,D1,0.0010649999999999,-52.46875381469727,89.21875381469727,52.06250381469727,0.0192156544044215,-37.15625,0.2984199999999999,-53.75,5.206687793603881,0.0136549999999999,0.0267194990705409,-0.0176094808948602,0.186255,0.9514453073407272,1.0513307171506532,1.0,0.927020949845128,1.1000000000000212,-44.59375
QN22.26.015.14.02A.05,QN22.26.015,Ca,D1,0.00107,-53.21875381469727,83.31250381469727,33.71875,-0.0418530297918196,-49.59375381469727,0.3343899999999999,-59.65625,3.7035983625529583,0.05386,0.3588633107905521,0.1260718835047481,0.4928599999999999,0.8623148517013198,1.1109186499742745,0.978244471556933,0.9514787509056885,1.095454545454465,-34.15625
QN22.26.015.14.04A.05,QN22.26.015,Ca,D1,0.0010799999999999,-56.18750381469727,89.18750762939453,39.28125381469727,0.0793702643361971,-49.90625381469727,0.3102799999999999,-59.06250381469727,4.032015384067061,0.0329599999999998,0.1982616018526866,1.0964800247364013,0.3779999999999999,0.8562547274608389,1.0753205128205128,0.97183106778693,0.9236262578874034,1.1280788177339556,-46.21875381469727
QN22.26.015.14.05A.03,QN22.26.015,Ca,D1,0.0012400000000001,-35.531253814697266,63.28125381469727,36.40625381469727,0.1864811262864525,-26.875,0.7736400000000001,-36.18750381469727,3.4346950404464813,0.0033099999999999,0.0184170260119622,-0.2019203857190975,0.2055299999999999,0.915113920854456,1.0531644484724785,1.0235148514851484,0.972414030007823,1.064516129032232,-25.28125
QN22.26.015.14.05A.04,QN22.26.015,Ca,D1,0.00115,-54.68750381469727,86.53125381469727,42.84375,0.0977040114855037,-43.68750381469727,0.45196,-57.90625,4.2297288505121164,0.0345550000000001,0.2419733202618962,0.3893653087774922,0.2103549999999999,0.8654623475532089,1.07680608365019,1.00362056480811,0.9680167442914676,1.0892857142857038,-47.81250381469727
QN22.26.015.14.05A.06,QN22.26.015,Ca,D1,0.00117,-48.28125381469727,91.93750381469728,49.9375,-0.2199328457143999,-42.00000381469727,0.3629849999999999,-55.46875381469727,5.999649039082649,0.036475,0.1766686040879592,0.4450943280785718,0.2598449999999999,0.9648933350987592,1.0525624136555125,0.975628241359296,0.9724007869776832,1.0948275862070442,-40.1875
QN22.26.016.14.07.01,QN22.26.016,Ca,D1,0.00096,-54.15625,83.12500762939453,40.00000381469727,-1.000988449932387,-43.12500381469727,0.55856,-58.34375381469727,3.7384830512374463,0.01204,0.165977391783844,0.3278002947798616,0.1583799999999999,1.024736755427048,1.0838870346842886,1.0,0.9811767038321046,1.0444444444444938,-46.68750381469727
QN22.26.016.14.08.01,QN22.26.016,Ca,D1,0.0010799999999999,-51.4375,83.46875381469727,44.78125381469727,0.4549892106793575,-38.6875,0.1449999999999999,-51.59375,3.95094730221502,0.0066,0.1089108910891095,-0.0438970554714318,0.13182,0.6842196056242764,0.8488767994878532,0.769169934499875,0.5783835508371897,1.3018867924528006,-42.65625
QN22.26.016.14.08.02,QN22.26.016,Ca,D1,0.00124,-47.84375,81.40625381469727,42.1875,0.7934934795456764,-39.21875381469727,0.30312,-48.59375381469727,3.80595396165828,0.0210999999999998,0.1586943441636575,-0.8020067414036242,0.4228399999999999,0.8428123721153896,1.0501567398119125,0.9237631792376316,0.8807690540139345,1.1666666666665433,-41.12500381469727
QN22.26.016.14.08.03,QN22.26.016,Ca,D1,0.0014,-57.00000381469727,71.5625,40.375,-0.4031963435099559,-31.1875,0.15824,-57.4375,4.18109107934302,0.00486,0.1057901610796708,-0.4746497421410339,0.1350799999999999,0.8118689937445779,0.9925373134328358,0.9113383535828152,0.7665476253182456,1.2089552238805563,-42.6875
QN22.26.017.14.01A.01,QN22.26.017,Ca,D1,0.0009,-48.71875,90.9375,54.71875,0.5967592753738842,-36.21875,0.2128999999999999,-49.125,4.336873269938163,0.01976,0.1444655651411023,0.5679124099026472,0.2115599999999999,1.0587396906453057,1.0228441588065749,0.9758412424503884,0.9306572542770666,1.044444444444365,-36.6875
QN22.26.017.14.01A.03,QN22.26.017,Ca,D1,0.0010799999999999,-50.84375381469727,83.59375762939453,41.37500381469727,-0.174119709100122,-42.21875381469727,0.47986,-57.40625381469727,4.279085226991613,0.0406199999999998,0.2743482372011341,0.1736436429686389,0.1987799999999999,1.0392003915106451,1.0853008298456217,0.975317875841436,0.9487011884529826,1.0555555555554013,-46.5
QN22.26.017.14.03A.01,QN22.26.017,Ca,D1,0.0008599999999999,-54.18750381469727,87.53125381469727,46.28125381469727,1.1447540122957554,-41.25,0.2926999999999999,-55.00000381469727,3.855451170349357,0.0184200000000001,0.1239235737351997,1.13996999420806,0.1798599999999999,0.8653966289841322,1.016415868673051,0.9602494192146264,0.916076403552916,1.0952380952380512,-48.28125381469727
QN22.26.017.14.05A.01,QN22.26.017,Ca,D1,0.00082,-58.50000381469727,95.34375381469728,45.96875381469727,0.3190080966220783,-49.375,0.2070599999999999,-60.375,4.501920176366709,0.02034,0.1479918509895228,-0.1080322576785505,0.15592,0.8954197952387862,0.9890109060928088,0.9487179526329051,0.8684383622417078,1.1538461538461648,-59.5
QN22.26.017.14.06A.01,QN22.26.017,Ca,D1,0.0009199999999999,-48.8125,83.34375762939453,45.81250381469727,1.065266212260952,-37.53125381469727,0.23396,-49.15625381469727,3.4784080991326465,0.01496,0.1294565593631019,0.6483798138547224,0.15158,0.8034447716044897,0.9736477115117892,0.91469203955001,0.8090916793174782,1.2045454545454086,-46.4375
QN22.26.017.14.06B.02,QN22.26.017,Ca,D1,0.0008399999999999,-44.71875381469727,84.96875381469727,52.0,1.2739490896803622,-32.968753814697266,0.3608799999999999,-47.9375,4.237215950931236,0.0271599999999998,0.113223278305819,0.3891361885485994,0.2200199999999999,0.9537788675747286,1.042398620272751,0.9161735148729846,0.8842786235261431,1.0952380952380512,-36.15625381469727
QN22.26.019.14.52A.02,QN22.26.019,Ca,D1,0.00116,-38.6875,73.8125057220459,51.62500381469727,-0.5427829890386673,-22.18750190734864,0.57542,-42.93750381469727,4.279777902841097,0.0266999999999999,0.2090510491700589,-0.9295744640323929,0.23084,0.9812339417869592,0.995145631427533,0.9607293161246736,0.962842550103239,1.0,-23.84375
QN22.26.020.14.01.04,QN22.26.020,Ca,D1,0.00112,-46.5,83.53125381469727,44.78125381469727,-1.4732995845643986,-38.75,0.60554,-53.84375,4.1114544614915305,0.03722,0.2450941656789148,-0.8358137376062682,0.28622,0.7761101904145423,0.8917963224893918,0.9752769658547622,0.7361513424814251,1.2142857142856294,-42.65625
QN22.26.020.14.02.01,QN22.26.020,Ca,D1,0.0010199999999999,-50.12500381469727,78.03125381469727,45.56250381469727,-0.189588344775681,-32.46875,0.2947599999999999,-50.53125381469727,3.879721319777852,0.0046199999999998,0.0583186064125202,0.472577932460421,0.18388,0.8559770894152888,0.920757370037288,0.8832188489968162,0.6712535559952479,1.2000000000000888,-38.87500381469727
QN22.26.020.14.02.05,QN22.26.020,Ca,D1,0.00086,-47.87500381469727,90.62500381469728,58.71875381469727,0.1225404489597732,-31.90625,0.1994799999999999,-48.21875381469727,4.208233744020917,0.0023,0.0252469813391885,1.1487664558195,0.1562799999999999,1.02857481922366,0.9994612069319884,0.9526160523545472,0.8973593365671245,1.0476190476189595,-37.06250381469727
QN22.26.020.14.07A.03,QN22.26.020,Ca,D1,0.0009000000000001,-54.875,86.06250762939453,41.37500381469727,0.3175543204723198,-44.68750381469727,0.67282,-55.50000381469727,4.061436919306386,0.00262,0.0220205076483448,0.4546514924693383,0.2104799999999999,0.96709291260665,1.035391563011853,0.9972106848468008,0.95838693959224,1.0454545454545914,-42.1875
QN22.26.023.14.03A.02,QN22.26.023,Ca,D1,0.0008399999999999,-50.5,88.21875,51.6875,0.4826166447172545,-36.53125,0.26274,-54.09375381469727,4.4177069698566696,0.0199,0.0604092040556129,1.2730123419847343,0.1852999999999999,0.9236288282495037,0.9922711058263972,0.9048843187660668,0.8147953624640474,1.095238095238196,-46.71875381469727
QN22.26.023.14.53A.01,QN22.26.023,Ca,D1,0.00106,-45.09375381469727,77.2500057220459,46.28125381469727,-0.343644208619776,-30.96875190734864,0.51508,-51.21875,3.401180538174068,0.0462,0.2786489746682752,-1.645074703368852,0.25726,0.9582711206800026,0.9652637823446548,0.979979981203128,0.8695870404981448,1.0192307692305742,-36.71875381469727
QN22.26.025.14.03A.03,QN22.26.025,Ca,D1,0.00104,-41.21875,80.78125190734863,54.0,1.5037381242332395,-26.78125190734864,0.2840399999999999,-41.28125381469727,4.1934558544841325,0.0167999999999999,0.1403274306715665,-0.1000504060107652,0.19054,1.01776048875045,1.0340176669034091,1.013513588495278,0.9750495299139118,1.0384615384616822,-27.34375190734864
QN22.26.025.14.06A.05,QN22.26.025,Ca,D1,0.0011799999999999,-50.53125381469727,94.15625381469728,53.75,-0.8064351664969145,-40.40625381469727,0.5262199999999999,-55.84375,4.128217376585692,0.0347399999999999,0.1966489301483074,-0.569667961364003,0.2343399999999999,0.8257411002472397,1.015098650456789,0.9865292231173292,0.882342466287187,1.1754385964911067,-46.09375
QN22.26.027.14.03.02,QN22.26.027,Ca,D1,0.0010599999999999,-46.46875381469727,79.84375762939453,42.81250381469727,0.4302841015572016,-37.03125381469727,0.47218,-49.15625381469727,3.787970811923331,0.0391000000000001,0.324750830564785,-0.4052077562249178,0.2048799999999999,0.9911600352537916,1.050566129864387,0.9786324808618287,0.9287452805661384,1.0566037735848544,-37.75000381469727
QN22.26.027.14.05.02,QN22.26.027,Ca,D1,0.00102,-52.68750381469727,89.40625,50.96875,-0.2131694915225779,-38.4375,0.2284999999999999,-52.78125381469727,4.5303712757603565,0.0231799999999999,0.0622515844881297,1.0430951223403049,0.1750199999999999,0.941268082666189,0.9727722772277227,0.9410318469516368,0.8270503432750782,1.1428571428571752,-45.25000381469727
QN22.26.027.14.05.03,QN22.26.027,Ca,D1,0.00102,-51.18750381469727,78.62500381469727,40.00000381469727,-0.2227231740574257,-38.625,0.46842,-51.28125,3.515978397449828,0.0293000000000001,0.1039670711801863,1.2583224293590891,0.2280199999999999,0.8583295898741308,1.0441413499761738,0.9683597034657292,0.9063737735995664,1.0384615384615796,-43.71875
QN22.26.028.14.02.01,QN22.26.028,Ca,D1,0.0012799999999999,-48.62500381469727,81.59375381469727,39.5,-0.9215737161186176,-42.09375381469727,0.32402,-52.34375381469727,3.961784294145871,0.02434,0.1897116134060797,0.4028335045368671,0.1616799999999999,0.7930787946719424,1.0386162510056316,0.9134035304973988,0.788216972976441,1.283333333333344,-43.78125
QN22.26.028.14.02.04,QN22.26.028,Ca,D1,0.0009799999999999,-44.34375,90.62500762939452,53.50000381469727,1.1563511656507377,-37.12500381469727,0.7339199999999999,-51.62500381469727,4.095738601332116,0.04732,0.2148565201598258,0.2338786486004599,0.2667199999999999,0.9301813570993104,0.9994141769604638,1.0077719144913364,0.9031101260823844,1.085106382978814,-44.68750381469727
QN22.26.028.14.06.02,QN22.26.028,Ca,D1,0.0012199999999999,-50.0,83.65625762939453,42.15625381469727,-0.8410394860769412,-41.50000381469727,0.76444,-53.37500381469727,4.974595524878878,0.04512,0.2210247869109435,-0.6382724126834217,0.25226,0.8727193809543604,0.9878972179049262,0.97713423938286,0.8904917284346768,1.1166666666667855,-43.59375381469727
QN22.26.028.14.06.04,QN22.26.028,Ca,D1,0.0009399999999999,-54.34375381469727,98.53125381469728,49.25000381469727,1.5550151784073754,-49.28125,0.82846,-60.75000381469727,4.910202203562363,0.03922,0.4001224239951034,0.6039535800703888,0.26058,0.9579572460830312,0.9809765377298668,0.9882275997383912,0.9010668738952432,1.0869565217392143,-57.59375
QN22.26.036.14.06B.02,QN22.26.036,Ca,D1,0.00108,-51.46875381469727,76.37500381469727,36.625,-0.263599829173436,-39.75000381469727,0.52864,-51.59375,3.418159757659069,0.0263200000000001,0.1993637327677633,0.6762153560061167,0.21294,0.8098689172615987,1.0517090271691498,0.97639653815893,0.9123803614921216,1.092592592592585,-47.50000381469727
QN22.26.036.14.07A.04,QN22.26.036,Ca,D1,0.0009799999999999,-51.46875381469727,82.09375381469727,53.50000381469727,0.4518384627917016,-28.59375,0.5917999999999999,-52.53125381469727,5.360846765372778,0.02658,0.1191821361312888,1.6355358276212668,0.2494799999999999,1.0080066282763902,0.9935370869978334,0.969860064585576,0.9395354621075064,1.0204081632652136,-37.65625
QN22.26.036.14.51A.01,QN22.26.036,Ca,D1,0.00062,-54.0,92.75000762939452,48.28125381469727,2.1525473152964643,-44.46875381469727,0.93488,-54.06250381469727,4.106657777267682,0.0015799999999999,0.0192214111922131,2.1752281127074284,0.2626999999999999,0.9137865233966086,0.9644736870636238,1.013293942671495,0.9150459058421604,1.0312499999998537,-44.00000381469727
QN22.26.036.14.51A.02,QN22.26.036,Ca,D1,0.0007199999999999,-49.4375,86.84375381469727,49.75000381469727,-0.846533260104329,-37.09375,0.57024,-53.37500381469727,4.798735476292753,0.0174199999999999,0.1470042194092827,0.0607786271550839,0.20192,0.9251600753940178,0.9716802274302648,0.9829205807002562,0.8899463991113807,1.0555555555557696,-41.0625
QN22.26.036.14.53A.01,QN22.26.036,Ca,D1,0.00096,-53.93750381469727,89.28125381469727,42.78125381469727,0.2913300108406005,-46.5,0.6304599999999999,-54.75000381469727,4.553172248701543,0.0208399999999999,0.2010418676442212,0.8312678912978017,0.1999999999999999,0.8896469995308555,1.0030030946473818,0.9938017369630252,0.92149547013109,1.0833333333333044,-48.42187690734863
QN22.26.037.14.03A.02,QN22.26.037,Ca,D1,0.0010199999999999,-53.75,91.90625381469728,52.75000381469727,0.3069589709678894,-39.15625,0.37156,-53.87500381469727,4.860549976006699,0.00316,0.0143245693563012,0.2892458351934073,0.2222999999999999,0.9489638937481032,0.9838323365111328,0.9597791798107256,0.8854764048886302,1.0980392156862615,-54.37500381469727
QN23.26.003.14.07A.02,QN23.26.003,Ca,D1,0.0008599999999999,-53.37500381469727,97.03125381469728,55.4375,0.2835670748844883,-41.59375381469727,0.293,-55.37500381469727,4.75457882424703,0.01546,0.0931774349083897,0.2794799718694847,0.1768999999999999,1.0216097376131446,1.0034325641134512,0.9793577067656718,0.9123482014558336,1.071428571428373,-49.96875381469727
QN23.26.010.14.07A.01,QN23.26.010,Ca,D1,0.0009199999999999,-46.09375,86.28125381469727,51.50000381469727,-0.3137127977076726,-34.78125,0.3346999999999999,-46.37500381469727,3.969286609581336,0.0024999999999999,0.0210437710437705,0.9237982279374533,0.2086799999999999,0.9775953524642303,1.0138138128010472,0.9810811910543356,0.9270608321802712,1.0681818181817608,-42.43750254313151
QN23.26.016.14.03A.04,QN23.26.016,Ca,D1,0.0010999999999998,-47.00000381469727,84.46875762939453,42.56250381469727,0.1824994288093996,-41.90625381469727,0.8286199999999999,-52.8125,4.119282716108927,0.0635399999999999,0.3702797202797199,0.6881061383729355,0.2548599999999999,0.9300568834977349,0.9726534531192258,0.9938272546838832,0.8859424254673401,1.0740740740740398,-39.34375381469727
QN23.26.016.14.09A.03,QN23.26.016,Ca,D1,0.00112,-50.0,87.65625,42.6875,0.0344871120347189,-44.96875,0.4793799999999999,-53.93750381469727,4.564187749950759,0.0496999999999998,0.4221165279429244,0.9346315456628576,0.3325599999999999,0.8974002560348427,1.06042286295608,0.9971889517026232,0.9517864510935624,1.1320754716981467,-51.4375
QN23.26.017.14v.02A.05,QN23.26.017,Ca,D1,0.0012599999999998,-51.50000381469727,74.62500381469727,37.90625,-0.3913646310742583,-36.71875381469727,1.0691799999999998,-55.96875381469727,4.670333858469338,0.0295399999999999,0.1539022611232671,-1.8666385924902016,0.2626399999999999,0.9304481487495488,0.9662162162162162,1.0389845874886672,0.9272558811526708,0.9848484848483856,-82.09375
QN24.26.003.14.01.01,QN24.26.003,Ca,D1,0.0011799999999999,-49.9375,73.15625762939453,33.062503814697266,-0.2099166481811526,-40.09375381469727,0.7296,-51.9375,3.749148784305194,0.0420199999999999,0.2676092217551902,0.0081832871508343,0.2558799999999999,0.8872760595409201,1.060041407867495,0.9920571890147588,0.9246705181191252,1.065573770491687,-41.15625
QN24.26.003.14.02.06,QN24.26.003,Ca,D1,0.00112,-41.43750381469727,85.68750381469727,49.00000381469727,0.1886780906994605,-36.6875,0.6251199999999999,-48.46875381469727,4.329893024886268,0.05318,0.3289213260761998,1.45185481125655,0.33912,0.9733489515041543,0.9791667461395264,1.0410210775481428,0.9441329699414194,1.036363636363774,-29.50000190734864
QN24.26.003.41.06.01B.02,QN24.26.003,Ca,D1,0.0010799999999999,-51.4375,80.34375381469727,37.875,-1.0225983518367774,-42.46875381469727,0.3765,-54.03125381469727,3.937067260162428,0.0320599999999999,0.1510696447083214,-0.5139266733897164,0.21398,0.930274042185347,1.0519373454245673,0.955089733092738,0.8951399996158355,1.0740740740740398,-45.46875
QN24.26.005.14d.01.01A.03,QN24.26.005,Ca,D1,0.0010599999999998,-52.65625381469727,77.50000381469727,32.0,0.4609510225666131,-45.50000381469727,0.6763399999999999,-56.875,3.2230727230500555,0.0513799999999999,0.2580094405945564,1.2899419631056206,0.2312599999999999,0.8896107282653523,1.0840164507245893,0.9993041907239476,0.9601385139294452,1.056603773584965,-47.87500381469727
QN24.26.012.14V.03A.03,QN24.26.012,Ca,D1,0.0010799999999999,-46.34375,81.28125381469727,44.25,-0.5717846048083396,-37.03125381469727,0.58298,-50.68750381469727,4.075169347545232,0.0478199999999999,0.2616259984681033,-0.2865792986324298,0.20514,0.848239073959253,1.056712219720253,0.9974337040205304,0.9251217363362128,1.0740740740738342,-22.09375
QN24.26.017.14v.04A.04,QN24.26.017,Ca,D1,0.00102,-52.15625,87.90625,43.3125,0.3449795991689865,-44.59375,0.7012400000000001,-58.46875,3.69393979930063,0.04966,0.2647403774389594,-0.1302879267795849,0.3133799999999999,0.9855552971085108,1.0247633809689094,0.9862164036406394,0.9071860985650448,1.079999999999969,-57.87500381469727
Q21.26.009.12.01.04,Q21.26.009,Ca,D2,0.00114,-53.00000381469727,83.90625762939453,40.56250381469727,0.235048529397256,-43.34375381469727,0.321555,-56.12500381469727,4.928553483178969,0.0372749999999999,0.250310579860994,0.5446300456192279,0.1745249999999999,0.9820691267544052,1.0984221381782615,0.96875008871389,0.9544895200034962,1.1017699115046031,-46.56250381469727
Q21.26.009.12.01.05,Q21.26.009,Ca,D2,0.00102,-49.125,90.03125762939453,51.46875381469727,-0.7162879197703346,-38.56250381469727,0.42756,-54.06250381469727,4.284152033700131,0.03831,0.1918858001502631,0.6499799767240739,0.18961,0.9009946729617636,1.0510384995248676,0.9877351774900348,0.957087084487588,1.1128205128205748,-39.03125381469727
Q21.26.021.14.07.01,Q21.26.021,Ca,D2,0.001255,-60.31250381469727,94.37500762939452,53.65625381469727,0.2061052378650883,-40.71875381469727,0.20515,-60.65625381469727,6.261548197260652,0.0042999999999999,0.0292676286414373,0.5772890041204998,0.14658,0.8401463529819629,1.0085372788604734,0.9736843023085056,0.9056754467634152,1.156378600823069,-47.00000381469727
Q21.26.021.14.08.03,Q21.26.021,Ca,D2,0.00107,-48.71875,100.59375,61.8125,-0.3179274641560913,-38.78125,0.4638549999999999,-54.46875,6.677164114723438,0.0458750000000001,0.2170005439795657,0.4411912024905946,0.2236149999999999,0.9680643444946264,1.001005468982881,0.9759421658912868,0.9401429787833224,1.100961538461566,-50.93750381469727
Q21.26.021.14.08.04,Q21.26.021,Ca,D2,0.001275,-56.43750381469727,91.68750762939452,43.96875381469727,-0.8030365902056438,-47.71875381469727,0.36462,-63.40625,6.666534309606303,0.0434149999999999,0.2199954394588155,-0.4615927475823469,0.2408449999999999,0.9251885192754816,1.0094466105104836,0.9616936304235972,0.9152126402979504,1.1150793650794106,-50.62500381469727
Q21.26.023.13.02.02,Q21.26.023,Ca,D2,0.0010649999999999,-50.34375,72.43750190734863,30.81250190734864,0.3721618261341807,-41.625,0.366805,-51.6875,3.0416838190475666,0.0260149999999999,0.1844119940455088,1.1492405533469736,0.1691749999999999,0.8911916891645988,1.117456823055871,0.989369872490746,0.9608257201942416,1.096153846153725,-37.78125381469727
Q21.26.023.13.02.03,Q21.26.023,Ca,D2,0.000865,-52.62500381469727,94.125,55.125,-0.458467297707282,-39.0,0.4986049999999999,-56.53125381469727,5.1920634054823225,0.0218450000000001,0.1557797903444348,0.536534880028976,0.2040499999999999,1.0320221203752402,1.005672149352013,0.9725275683440444,0.9249997200973936,1.08720930232551,-47.34375381469727
QM22.26.003.14.02.06,QM22.26.003,Ca,D2,0.00082,-57.03125,103.50000381469728,53.50000381469727,0.7089477518547953,-50.0,0.4378399999999999,-66.21875762939453,4.904908800669396,0.0334800000000001,0.198600071182822,-0.0019748398337051,0.1864799999999999,0.8986356392549091,1.005260010103797,0.9760148352215944,0.9306885955606062,1.1282051282051135,-50.28125381469727
QM22.26.003.14.03.04,QM22.26.003,Ca,D2,0.000925,-50.5,98.87500381469728,54.3125,1.596063703349617,-44.56250381469727,1.10994,-53.34375381469727,5.446372820252832,0.05651,0.3367498957153927,1.3999924577100076,0.29646,0.9807757168173992,0.9912993045603808,1.0014104371141237,0.929421746391486,1.0949720670393583,-52.90625381469727
QM22.26.030.14.02A.03,QM22.26.030,Ca,D2,0.0008799999999999,-51.96875381469727,99.06250762939452,54.53125381469727,-0.2929684524027377,-44.53125381469727,0.4433999999999999,-57.56250381469727,5.285457062456262,0.0430999999999999,0.3409810126582276,0.0541861653821653,0.18522,0.9707498371762624,1.031663715638738,1.0078070419235716,0.964061395187211,1.0930232558140376,-51.31250381469727
QM22.26.030.14.07A.03,QM22.26.030,Ca,D2,0.0010399999999999,-53.96875381469727,91.46875,49.6875,0.4117712962048759,-41.78125,0.4522599999999999,-60.40625381469727,4.905465014105388,0.042,0.2416292716603386,0.4158442085372476,0.1870599999999999,0.8827671317562086,1.019387115468048,0.975415851099286,0.9276867666032124,1.1458333333334851,-50.96875
QM22.26.031.14.02.06,QM22.26.031,Ca,D2,0.00094,-56.90625381469727,95.81250381469728,53.37500381469727,-0.1329908711925844,-42.4375,0.45164,-58.625,5.714412823340665,0.0288600000000001,0.1899684044233813,0.5630138133996409,0.1929,0.9789012901224076,1.0188678511948603,0.989705972110524,0.9647336799232578,1.108695652173897,-48.21875381469727
QM22.26.031.14.02.07,QM22.26.031,Ca,D2,0.0009599999999999,-47.00000381469727,100.34375762939452,58.18750381469727,-1.2505707672099502,-42.15625381469727,0.5682199999999998,-54.53125381469727,6.456367837532295,0.0563199999999999,0.3625128733264672,-0.9503511013815475,0.2451199999999999,0.92424642427536,0.9886792460279936,0.9895367130570348,0.9159636489415074,1.1458333333332538,-49.125
QM22.26.031.14.04A.03,QM22.26.031,Ca,D2,0.0008000000000001,-52.3125,90.34375762939452,44.93750381469727,2.1574583915122565,-45.40625381469727,0.7724,-56.53125381469727,4.302526467764955,0.05102,0.24573740487429,0.5570180420006323,0.55898,0.9693796925918936,1.045827633378933,0.9892550143266476,0.9798961581218784,1.073170731707251,-47.59375381469727
QM22.26.031.14.04A.05,QM22.26.031,Ca,D2,0.00084,-53.6875,90.62500381469728,46.84375381469727,1.4637614998395347,-43.78125,0.42446,-56.12500381469727,4.739838250601635,0.0365599999999999,0.1803828695480557,1.584632803044009,0.1967399999999999,0.9165536065885164,1.029959969555569,0.9956988376019582,0.9748771476517972,1.0476190476189595,-46.68750381469727
QM22.26.031.14.04A.06,QM22.26.031,Ca,D2,0.00094,-51.9375,84.75000381469727,40.81250381469727,0.911432783639098,-43.9375,0.4339199999999999,-53.90625,3.998896892138303,0.03336,0.238387880520223,0.8490530827624133,0.1885199999999999,0.8923709358810812,1.0558572536850273,1.0082397918129682,0.9555006815607308,1.108695652173897,-41.828125
QM22.26.031.14.04A.08,QM22.26.031,Ca,D2,0.0009,-45.12500381469727,89.65625762939453,49.81250381469727,-0.9161613680459698,-39.84375381469727,0.47884,-55.46875381469727,4.771977002142749,0.0424599999999999,0.3547794117647054,-0.3070943508252581,0.2071799999999999,0.9528460401217396,1.045659081901009,1.0119426751592355,0.946244503609908,1.1136363636362117,-39.21875381469727
QN21.26.028.14.01.01,QN21.26.028,Ca,D2,0.00134,-48.12500381469727,82.00000762939453,47.90625381469727,-0.6237370606537915,-34.093753814697266,0.38572,-51.00000381469727,4.667557652145938,0.0149399999999999,0.0256753969890698,-0.6075077937457571,0.1777399999999999,0.8400485623758093,0.9701392711179802,0.8430182662924165,0.7517505072680889,1.1451612903225443,-37.84375381469727
QN21.26.029.14.03.04,QN21.26.029,Ca,D2,0.0015399999999998,-45.65625381469727,77.59375381469727,42.56250381469727,-1.4847746661434584,-35.03125,1.0718,-46.8125,4.691386549187208,0.03726,0.2867036011080336,0.3117133227235493,0.2259199999999999,0.8765674801705683,0.999247554621408,0.9125780553077608,0.8352859881445939,1.089743589743608,-32.5625
QN22.26.002.14.01.03,QN22.26.002,Ca,D2,0.0014899999999999,-49.96875381469727,83.96875,44.25,-0.6730573162157287,-39.71875,0.5684450000000001,-55.00000381469727,4.273090235002447,0.04481,0.2277393779223422,-0.3593850824605386,0.19988,0.8195164563753349,0.9609928246037628,0.9659706141948784,0.7634485906645687,1.221428571428584,-45.34375381469727
QN22.26.002.14.01.04,QN22.26.002,Ca,D2,0.0012649999999999,-52.43750381469727,86.5625,45.46875,-0.1696226424829462,-41.09375,0.4466299999999999,-52.59375381469727,3.749762133237054,0.03187,0.1283760649332342,0.1644911323214752,0.2153049999999999,0.8254463919091997,0.9297259371597868,0.948091607890438,0.7459391414973763,1.2559055118110405,-48.90625
QN22.26.002.14.05.04,QN22.26.002,Ca,D2,0.0020399999999999,-49.96875381469727,78.8125057220459,20.12500190734864,-0.8911156480094348,-58.68750381469727,0.503755,-51.03125381469727,7.04804896288854,0.0171049999999999,0.8584692597239624,0.0308662497706393,0.1775649999999999,0.5134481439650225,0.8695651349781928,0.8125665073534358,0.6311647025123198,1.887254901960804,-50.5
QN22.26.002.14.05.06,QN22.26.002,Ca,D2,0.001035,-50.37500381469727,102.84375762939452,48.62500381469727,-1.2631708217340274,-54.21875381469727,0.4496649999999999,-52.03125381469727,6.125572494480593,0.0209399999999999,0.7820728291316513,-0.8313686259927059,0.1839099999999999,0.7398252524515678,0.9974292276629192,0.941210378776062,0.9037399604867468,1.3091787439613376,-59.78125381469727
QN22.26.002.14.05.08,QN22.26.002,Ca,D2,0.0013699999999998,-54.40625,91.78125762939452,32.187503814697266,-1.0774919572526651,-59.59375381469727,0.6128100000000001,-56.71875,5.86343516677026,0.0623949999999999,0.8006544334659301,-0.963773874659944,0.20166,0.8760712977263563,1.060194049108525,0.9417933964894064,0.9359056074665124,1.178832116788375,-56.93750381469727
QN22.26.002.14.05.10,QN22.26.002,Ca,D2,0.0015499999999999,-55.59375,74.00000381469727,20.5,-0.1832269748919022,-53.50000381469727,0.4630899999999999,-56.56250381469727,5.9862199028402925,0.0213499999999999,0.7199460461979427,-0.3929800282864283,0.1599299999999999,0.7076370035025903,1.1097561906023723,0.9281542107302791,0.830412846910406,1.4096774193549595,-47.28125254313151
QN22.26.002.14.07.02,QN22.26.002,Ca,D2,0.0008749999999999,-52.15625,99.56250762939452,53.81250381469727,-0.8621850614872888,-45.75000381469727,0.78776,-54.71875,5.884432532185582,0.01604,0.1744426318651447,-1.0465333578056508,0.1580849999999999,0.8355672393573456,0.9739281594337182,0.9702098873639056,0.8838808205001748,1.1736842105264007,-48.15625381469727
QN22.26.009.14.1A.03,QN22.26.009,Ca,D2,0.0010949999999999,-54.18750381469727,77.37500762939453,40.71875381469727,0.4568674817916386,-36.65625381469727,0.364535,-54.28125381469727,3.999527468965226,0.0184949999999999,0.1377551020408159,0.8351484318043133,0.2384049999999999,0.850737456098506,1.0486525987953963,0.9420408163265306,0.8863663106905779,1.1365853658535714,-46.4375
QN22.26.009.14.4A.05,QN22.26.009,Ca,D2,0.000995,-59.31250381469727,86.84375762939453,33.781253814697266,0.1894155680262861,-53.06250381469727,0.3411399999999999,-65.40625762939453,3.289092600464542,0.0280899999999999,0.3194404958207757,-1.036537635919526,0.1804049999999999,0.894371755160351,1.1248799231508164,0.9952324198939094,0.9918688622907232,1.1250000000000144,-54.25
QN22.26.009.14.4A.10,QN22.26.009,Ca,D2,0.000955,-56.75000381469727,97.59375381469728,54.68750381469727,-0.1014983118445401,-42.90625,0.3790649999999999,-58.15625,6.194448209276299,0.03444,0.1782562563080666,0.3867585565206754,0.2008649999999999,0.90954773820509,1.0051077623758125,0.9616221014267288,0.9100605450397778,1.1297297297298503,-47.9375
QN22.26.010.14.03.04,QN22.26.010,Ca,D2,0.001025,-58.59375381469727,93.43750381469728,52.15625,0.7268094291001851,-41.28125381469727,0.78314,-61.00000381469727,5.503759418853343,0.01774,0.1006296443360376,0.173584827969648,0.1847599999999999,0.8854261571628307,0.9909855769230768,0.9569093649777766,0.8974143322935667,1.1666666666665897,-49.56250381469727
QN22.26.010.14.06.05,QN22.26.010,Ca,D2,0.0009799999999999,-54.96875381469727,91.5,49.78125,0.345676356508884,-41.71875,0.4115149999999999,-55.09375381469727,4.613348333501948,0.0134800000000001,0.1418648705535692,0.7661935864553979,0.20381,0.9346778709302598,1.0303230034927235,0.9771515634342084,0.9146207738164136,1.1145833333333948,-46.46875381469727
QN22.26.010.14.06.06,QN22.26.010,Ca,D2,0.0011849999999999,-60.18750381469727,104.06250762939452,54.59375381469727,-0.452948543531291,-49.46875381469727,0.279865,-63.18750381469727,5.812198886490261,0.0152499999999999,0.1024486916798225,-0.2576917348688028,0.2378449999999999,0.9065950353705056,1.0005912938246648,0.9650887573964496,0.9107067573001714,1.1016949152543425,-54.50000381469727
QN22.26.010.14.07.01,QN22.26.010,Ca,D2,0.001,-53.59375,91.65625762939452,50.28125381469727,0.1986829271090813,-41.37500381469727,0.4620749999999999,-55.78125381469727,5.578451612540975,0.038955,0.3278074641309384,0.8458180688522544,0.1917049999999999,0.8923403709348267,1.0254129586390293,0.976568315034014,0.9183492098779557,1.1384615384615262,-45.95312690734863
QN22.26.011.14.10A.06,QN22.26.011,Ca,D2,0.00107,-54.53125381469727,91.93750762939452,43.09375381469727,0.0475107759041023,-48.84375381469727,0.4469899999999999,-61.87500381469727,4.887111957334648,0.0526250000000001,0.3327852784013665,-0.0488049845085569,0.370195,0.7897846561592732,1.054559043348281,0.9897828871310383,0.9455764425959232,1.1400966183574393,-47.78125
QN22.26.011.14.10A.07,QN22.26.011,Ca,D2,0.00099,-51.03125381469727,97.12500381469728,51.18750381469727,0.1684381697930682,-45.9375,1.10916,-61.8125,6.210251533713666,0.07257,0.4458164393660158,-0.2718033011003442,0.2553999999999999,0.95387317412179,0.9694377274268414,0.968750002591506,0.8603685074018488,1.1230769230770528,-53.03125
QN22.26.011.14.2A.08,QN22.26.011,Ca,D2,0.00124,-53.84375,98.15625762939452,53.21875381469727,0.2402494131583941,-44.93750381469727,0.57826,-59.09375,6.135834648278324,0.0497400000000001,0.2657903174094266,-0.3258446392824093,0.1840399999999999,0.9338911639392216,1.0281606483345191,1.0007101405134946,0.942508870370774,1.1551724137932669,-48.09375
QN22.26.011.14.4B.01,QN22.26.011,Ca,D2,0.0009799999999999,-55.125,85.90625,46.25,-0.1324739132132524,-39.65625,0.5922000000000001,-60.87500381469727,4.796669869559763,0.06048,0.3157894736842111,0.173339541498234,0.2259199999999999,0.9993802724395812,1.0408720177590685,0.9710365853658536,0.931661603161381,1.059999999999838,-48.5
QN22.26.011.14.55.03,QN22.26.011,Ca,D2,0.0010799999999999,-39.71875,80.09375762939453,46.46875381469727,-1.2475609642390024,-33.625003814697266,0.3868649999999999,-52.46875381469727,3.562291984731597,0.039995,0.2082910189308129,-1.1515228873658023,0.2173549999999999,0.7794676650687267,0.9016171765089688,0.9322964876808384,0.6748302867414424,1.2718446601941298,-38.71875381469727
QN22.26.011.14.5A.03,QN22.26.011,Ca,D2,0.001,-47.75000381469727,100.65625762939452,57.93750381469727,1.200296885865934,-42.71875381469727,0.5998699999999999,-54.21875381469727,6.047534468691528,0.06183,0.3968549422336333,0.5799061822889764,0.2176799999999999,0.9399539308011527,1.0005398908551744,0.9947839046199702,0.9435386489569212,1.080808080808158,-49.18750381469727
QN22.26.011.14.5A.05,QN22.26.011,Ca,D2,0.0011699999999998,-50.5,93.03125762939452,48.87500381469727,0.1690542052148496,-44.15625381469727,0.76108,-56.875,6.704465792776645,0.045725,0.2378042438111088,-0.2831773044216768,0.1688,0.8731547758084455,1.0353568202893058,0.9623044096728308,0.9280473422934208,1.1422222222221616,-48.06250381469727
QN22.26.011.14.6A.05,QN22.26.011,Ca,D2,0.00102,-49.09375381469727,108.56250762939452,61.06250381469727,0.0042331986328705,-47.50000381469727,0.4100399999999999,-64.46875762939453,6.067957473732626,0.0589600000000001,0.4044450541912479,0.5315014392182974,0.2299799999999999,0.912457843205498,1.0046177524044688,0.9740597419392428,0.9346518121395656,1.122448979591735,-52.62500381469727
QN22.26.011.14.6A.09,QN22.26.011,Ca,D2,0.0010999999999999,-52.12500381469727,105.31250381469728,59.75,-0.5358430199199985,-45.56250381469727,0.3993199999999999,-59.65625,7.143867460895724,0.04482,0.3166148629556374,0.3078501928829324,0.2178799999999999,0.8797478034482554,1.004190675746464,0.9733606579589296,0.9094095724283904,1.1698113207545628,-53.4375
QN22.26.011.14.8B.02,QN22.26.011,Ca,D2,0.0010449999999999,-53.81250381469727,95.96875762939452,50.62500381469727,0.6889930116327374,-45.34375381469727,0.962835,-59.40625381469727,5.723494598896432,0.0718999999999998,0.4246021200578725,0.2961359362965294,0.2307999999999999,0.8963703905986216,1.0103155332164926,0.9668049820554124,0.9108317959624304,1.1159420289856348,-49.6875
QN22.26.014.14.2A.04,QN22.26.014,Ca,D2,0.0009099999999999,-60.15625381469727,96.12500381469728,49.00000381469727,0.0430904235881276,-47.125,0.3230449999999999,-62.03125381469727,4.831752612687319,0.0186300000000001,0.1359209134352325,0.5361704992289564,0.1809449999999999,0.9452401696550544,1.0233311711937505,1.0,0.9311662495405169,1.1179775280897943,-52.50000381469727
QN22.26.014.14.5A.01,QN22.26.014,Ca,D2,0.0011499999999999,-52.37500381469727,87.21875381469727,44.59375,-0.3498071703893223,-42.62500381469727,1.077145,-56.96875381469727,4.414422162799309,0.04024,0.2538000630715866,-0.660188354943552,0.1951599999999999,0.7998667665473852,1.0711743710403718,0.947097722263042,0.9114806192794626,1.1504424778762123,-40.84375
QN22.26.015.14.02A.08,QN22.26.015,Ca,D2,0.0010149999999999,-51.40625381469727,97.56250381469728,47.125,0.0706676793096139,-50.43750381469727,0.4610349999999999,-64.84375,6.298068632815586,0.0673950000000001,0.4132634289919061,0.9780767034378228,0.2148549999999999,0.9229212845285372,1.0254350715496203,0.9822629982661536,0.9481704610589586,1.1299999999998522,-50.18750381469727
QN22.26.016.14.04A.03,QN22.26.016,Ca,D2,0.0010999999999999,-52.43750381469727,84.62500381469727,47.87500381469727,-0.0167291992955231,-36.75,0.3265599999999999,-53.03125,4.749582798559279,0.01346,0.1374310802532166,-0.6963551215125959,0.2705199999999999,0.9343102338470166,1.0038143671547228,0.9555202584826497,0.8766850323343411,1.117647058823427,-49.84375
QN22.26.016.14.04A.04,QN22.26.016,Ca,D2,0.0012,-58.12500381469727,86.43750762939453,40.15625381469727,0.0317094411149576,-46.28125381469727,0.60178,-58.56250381469727,4.264554356504973,0.0109400000000001,0.0350057596313841,0.1145762778366607,0.2916199999999999,0.9365014580076656,1.0700637914572553,0.9795081150485916,0.9346746687848844,1.1071428571429631,-54.12500381469727
QN22.26.016.14.06A.01,QN22.26.016,Ca,D2,0.0009999999999998,-47.40625381469727,96.50000381469728,58.59375381469727,2.086745345727341,-37.90625,0.5685,-47.87500381469727,6.028339677888991,0.00346,0.0274996026068988,1.4250602011753897,0.2395,0.9697133187313234,0.9935622321812556,0.9574469084045112,0.9194983108652486,1.1224489795919617,-43.53125
QN22.26.016.14.08.05,QN22.26.016,Ca,D2,0.0010999999999999,-60.12500381469727,90.37500762939452,50.28125381469727,-0.6779010846692628,-40.09375381469727,0.1784199999999999,-60.53125,5.584878949128444,0.004,0.0542299349240781,0.6152434988451703,0.1362999999999999,0.8160656976018774,0.9624470757542776,0.9030006209144676,0.8274568415255925,1.2199999999999978,-49.0625
QN22.26.017.14.01A.02,QN22.26.017,Ca,D2,0.00178,-42.34375,58.00000190734863,31.00000190734864,-0.5543864223058532,-27.0,0.34164,-45.28125381469727,4.520865452565878,0.0229399999999999,0.1002096802376374,0.1908444072229765,0.2040199999999999,0.6817901289815049,1.1057957681692732,0.875809943390885,0.8043807842800813,1.3658536585366183,-29.875
QN22.26.017.14.03A.03,QN22.26.017,Ca,D2,0.0008799999999999,-54.90625381469727,99.87500381469728,54.81250381469727,0.0775196607821661,-45.0625,0.4008599999999999,-56.03125381469727,5.592134906448868,0.0222999999999999,0.1796648404769576,1.1420216372175622,0.1669599999999999,0.9902606251682412,1.0086555106751298,1.004940014114326,0.944972675408608,1.0952380952380512,-51.25000381469727
QN22.26.019.14.04A.02,QN22.26.019,Ca,D2,0.0012,-57.62500381469727,78.5625,24.0,0.1616371154931324,-54.5625,0.7902399999999998,-61.28125381469727,3.839678235048608,0.0567200000000001,0.3494762784966116,0.0308565254616557,0.1708599999999999,0.8836759999716269,1.05125,1.0098551432291667,0.9734822739139358,1.081967213114745,-54.40625
QN22.26.019.14.51A.01,QN22.26.019,Ca,D2,0.0008999999999999,-50.03125381469727,82.625,44.96875,0.3285540506806259,-37.65625,0.74918,-53.37500381469727,4.025871782821793,0.0219799999999998,0.1441122475740879,0.1655959493499401,0.29002,0.9279393685798568,0.9958535743402298,0.9949915513698416,0.9363704274282664,1.0930232558139206,-46.90625
QN22.26.019.14.51A.02,QN22.26.019,Ca,D2,0.00096,-43.84375381469727,76.56250381469727,38.50000381469727,-1.153864140607564,-38.0625,0.3797799999999999,-57.84375381469727,4.407179720077955,0.0439199999999999,0.3027712670619052,-1.0434030261351035,0.2065999999999999,0.8708692307181004,1.0526314863049355,1.0065789467079818,0.958248070256544,1.136363636363774,-39.40625
QN22.26.020.14.01.02,QN22.26.020,Ca,D2,0.00092,-48.37500381469727,89.46875381469727,53.71875381469727,-0.2638673431183421,-35.75,0.3296999999999999,-55.31250381469727,4.488981043825227,0.0323599999999999,0.247552019583843,-0.6035030659913692,0.1611599999999999,0.8627296923636344,0.9743742569297632,1.0194445574725115,0.8404578458471673,1.181818181818113,-45.50000381469727
QN22.26.020.14.03.04,QN22.26.020,Ca,D2,0.0012799999999999,-50.03125381469727,80.03125381469727,40.59375,-0.437663388099782,-39.43750381469727,0.5942799999999999,-50.62500381469727,4.5971458863418055,0.03916,0.1825470818571698,-0.5047026197525566,0.2145599999999999,0.9178397432319636,0.9772898415608808,0.9678178963893248,0.874758512580789,1.1470588235294863,-38.71875381469727
QN22.26.020.14.04.05,QN22.26.020,Ca,D2,0.0011399999999999,-44.15625381469727,70.34375762939453,37.75000381469727,-0.6819873820381247,-32.593753814697266,0.96242,-47.625,3.802481545228852,0.03736,0.2573002754820941,-0.2400406285758815,0.2630599999999999,0.8890682023359177,1.0506644466905108,1.015166896901068,0.98721807297596,1.0517241379309883,-31.12500190734864
QN22.26.020.14.04.06,QN22.26.020,Ca,D2,0.00108,-50.43750381469727,74.78125381469727,31.312503814697266,0.6430325680000912,-43.46875,0.53748,-55.28125,3.5082312963317923,0.01634,0.2346352670878803,0.0180074236975788,0.2303799999999999,0.8661245555639694,1.105538267576084,0.986049838203075,0.9406206819641106,1.0943396226414936,-30.87500190734864
QN22.26.021.14.04A.01,QN22.26.021,Ca,D2,0.00134,-49.0625,85.06250381469727,44.56250381469727,0.1189976291967074,-40.5,0.2201599999999999,-49.59375381469727,3.946434274392696,0.0266999999999999,0.1970770593445522,-0.1232532293495058,0.1653999999999999,0.839726482815961,1.069351133082754,0.9477849067011966,0.8608855232016693,1.2343749999999634,-44.28125
QN22.26.023.14.05A.01,QN22.26.023,Ca,D2,0.00134,-46.09375,64.96875190734863,24.93750190734864,-0.4836544314321282,-40.03125,0.5235400000000001,-47.03125381469727,3.01983582883647,0.00374,0.0409907935116185,0.0005272651986156,0.1916199999999999,0.950376982250201,1.1317440300614587,1.0057851239669422,0.9922123613420734,1.0769230769229785,-32.656253814697266
QN22.26.023.14.05A.03,QN22.26.023,Ca,D2,0.00124,-50.875,77.21875762939453,37.62500381469727,-0.6640845954465144,-39.59375381469727,0.38094,-55.31250381469727,5.795438068174759,0.02234,0.1891937669376696,-0.8787227236711198,0.1689199999999999,0.829984875972136,1.0480927629013177,0.9032513877874704,0.8973203681027649,1.186440677966201,-34.406253814697266
QN22.26.023.14.06A.03,QN22.26.023,Ca,D2,0.00104,-50.15625,88.50000381469727,49.125,-0.8026986762600574,-39.37500381469727,0.4692399999999999,-59.40625381469727,4.101462731110926,0.0433000000000001,0.1900790166812999,-0.6398863877458179,0.2344399999999999,0.9068058755995878,1.0382652252924998,0.946909575602577,0.8861780168111827,1.1568627450979752,-50.40625
QN22.26.025.14.03A.01,QN22.26.025,Ca,D2,0.0009599999999998,-48.84375381469727,84.78125762939453,44.06250381469727,1.1187762680401403,-40.71875381469727,0.6272800000000001,-49.59375381469727,4.273593397540987,0.03854,0.3020849662956577,0.8513100545381049,0.2067199999999999,0.9314869449746588,1.081294869069063,0.9802995445786544,0.9774995463744248,1.0408163265303094,-45.6875
QN22.26.025.14.03B.04,QN22.26.025,Ca,D2,0.0008799999999999,-51.34375381469727,100.90625,58.21875,0.6607205531861169,-42.6875,0.49752,-54.59375381469727,5.839834156691353,0.0026399999999999,0.0358988305683978,1.0402772827287776,0.16448,0.9677919711468664,1.024523227286274,0.9992390578921708,0.9475007162863248,1.095238095237919,-46.40625
QN22.26.025.14.06A.01,QN22.26.025,Ca,D2,0.0012199999999999,-59.93750381469727,86.53125762939453,39.90625381469727,-0.8378128539542299,-46.62500381469727,0.68282,-64.06250762939453,4.412422201372551,0.0405200000000001,0.1700948702879695,0.1805872661877897,0.1684199999999999,0.7447780691097294,1.0483619298724214,0.966202786034219,0.9229010710950292,1.169491525423794,-48.15625381469727
QN22.26.025.14.06A.02,QN22.26.025,Ca,D2,0.0011999999999999,-51.59375,98.31250762939452,56.96875381469727,-0.8264015791349784,-41.34375381469727,0.3768799999999999,-54.06250381469727,5.635431104715307,0.0357799999999999,0.2084352790399623,0.1351691777748057,0.1820199999999999,0.7798216866642596,1.0054406964091405,0.963268369178292,0.8808739657559426,1.20689655172426,-45.03125381469727
QN22.26.027.14.05.04,QN22.26.027,Ca,D2,0.00104,-45.0,89.9062557220459,58.90625381469727,0.5648370426106233,-31.00000190734864,0.3218799999999999,-45.375,5.224593503441827,0.0029000000000001,0.0132106413994174,0.2177925362168018,0.1952399999999999,1.0048559521661165,0.9967723928583552,0.9644723730774882,0.912828510034232,1.058823529411829,-30.75
QN22.26.028.14.02.02,QN22.26.028,Ca,D2,0.0009599999999998,-42.78125381469727,92.06250381469728,60.40625381469727,1.2475334022216278,-31.65625,1.02216,-43.34375381469727,4.385580895074468,0.0301200000000001,0.189124701745574,-0.4810232740708094,0.2165999999999999,0.941191764937,0.9730569965227672,0.9367704873882844,0.8465831875348114,1.1250000000000144,-36.84375
QN22.26.028.14.02.03,QN22.26.028,Ca,D2,0.001,-46.06250381469727,92.4375,52.15625,-0.5830548489486166,-40.28125,0.62322,-55.84375,4.342121168803891,0.0390000000000001,0.2099709271024019,-1.1652499375087615,0.3688399999999999,0.85087952536466,0.9886295639664828,0.9747236351266292,0.8809199487247027,1.117647058823427,-48.5
QN22.26.028.14.05.01,QN22.26.028,Ca,D2,0.00126,-49.40625381469727,89.59375381469727,53.78125381469727,-0.4002244235607127,-35.8125,0.1901,-50.15625,5.409237722933546,0.0216,0.2756508422664633,0.0218630244283483,0.1685199999999999,0.8242333004148159,0.9988432620828244,0.9036734693877552,0.8722766576761055,1.2096774193547766,-45.34375381469727
QN22.26.028.14.06.03,QN22.26.028,Ca,D2,0.00094,-42.46875381469727,97.21875762939452,56.34375381469727,-0.8238863629563585,-40.87500381469727,0.63186,-53.09375381469727,5.401179524094262,0.0924599999999999,0.4483126454615979,-0.3346358251946164,0.2800399999999999,0.8693695552927534,0.9860335205055264,0.9946194301202884,0.906762009179327,1.1458333333334851,-51.09375
QN22.26.036.14.07A.01,QN22.26.036,Ca,D2,0.00086,-45.90625381469727,93.84375381469728,59.78125381469727,0.7864728013318603,-34.0625,0.9088,-60.56250381469727,5.157698970266124,0.00286,0.0304904051172716,0.1714026186382673,0.2356599999999999,0.9444062528252792,0.986351706911313,0.9766136576239476,0.9029449531184868,1.1219512195121752,-43.0
QN22.26.037.14.05A.03,QN22.26.037,Ca,D2,0.00086,-48.15625381469727,91.84375381469728,57.53125381469727,1.1645217351910468,-34.3125,0.5911600000000001,-48.15625381469727,4.800026230730509,0.0021599999999999,0.0142913854704243,1.2010835578211567,0.2438799999999999,0.990294385527744,1.0185995611211958,1.01122555853163,0.963318045807407,1.0731707317073964,-38.25000381469727
QN23.26.001.14.18A.03,QN23.26.001,Ca,D2,0.0009599999999998,-50.5,95.68750762939452,51.62500381469727,-0.2056309685351494,-44.06250381469727,0.63228,-62.34375381469727,5.098332601738644,0.0361599999999999,0.2657260435038211,-0.5198727672928302,0.2241999999999999,0.9457583185816092,1.0180572838080584,1.007107233164254,0.9435543610134368,1.0851063829785776,-48.10937690734863
QN23.26.010.14.07A.02,QN23.26.010,Ca,D2,0.0008400000000001,-56.625,91.37500381469728,46.46875381469727,0.214387295736794,-44.90625,0.7433399999999999,-61.15625381469727,3.762072780555192,0.0272799999999999,0.179568193786203,-0.2620343129977209,0.18678,0.9517323575678216,1.0221774193548387,0.9875173370319,0.9161172322039108,1.0999999999999583,-50.15625
QN23.26.015.14.14A.01,QN23.26.015,Ca,D2,0.0008799999999999,-54.68750381469727,97.81250762939452,50.37500381469727,-0.4318307319518,-47.43750381469727,0.3980999999999999,-59.65625,5.207297535262474,0.04224,0.2681904761904766,-0.864517452478554,0.2160399999999999,0.901811382779432,0.9649781139932035,0.929733246584255,0.8260615509593985,1.195121951219588,-59.03125
QN23.26.016.14.03A.05,QN23.26.016,Ca,D2,0.0011399999999999,-44.96875,73.875,36.3125,-0.7323897162306218,-37.5625,0.68472,-46.96875,4.075291712608702,0.03488,0.2653682288496654,0.1365828946762148,0.2373999999999999,0.8623519340703584,1.005235708612838,0.9901168014375562,0.927100423387298,1.0714285714286422,-10.84375
QN23.26.016.14.09A.04,QN23.26.016,Ca,D2,0.00104,-52.18750381469727,85.15625381469727,39.875,0.4628654237726327,-45.28125381469727,0.4371599999999999,-52.50000381469727,4.34125331148757,0.0468399999999999,0.5231181594817947,1.1481520988964775,0.2016799999999999,0.7758275501836668,1.0464744567871094,0.9823196605374824,0.9228237120234252,1.1600000000000488,-45.28125381469727
QN23.26.019.14.02A.05,QN23.26.019,Ca,D2,0.00092,-60.75000381469727,100.43750762939452,52.84375381469727,0.6159903093724107,-47.59375381469727,0.6821999999999999,-60.81250381469727,4.315932043613949,0.00252,0.0179563916203511,0.9996820338842076,0.2219,0.959828874338379,1.0065399061060123,0.9901055408970976,0.948326542771534,1.0888888888891,-54.90625381469727
QN24.26.003.41.05.01B.01,QN24.26.003,Ca,D2,0.00106,-55.4375,71.34375,30.75,0.2926584115267173,-40.59375,0.9691,-55.71875381469727,2.7543313629922657,0.0030999999999998,0.0160157057243225,0.0455891153979136,0.1790799999999999,0.9171837378472332,1.0622405966452066,1.011556239282994,0.9923409088087612,1.0545454545455095,-41.09375
QN24.26.005.14d.02.01A.02,QN24.26.005,Ca,D2,0.00114,-53.09375381469727,80.81250762939453,34.500003814697266,0.3071617421508447,-46.31250381469727,0.3584199999999999,-53.21875381469727,4.139983607145827,0.00356,0.0356,0.0142580861727675,0.20514,0.8226298038724583,1.1034172548343737,0.9817690764520288,0.9229443956802702,1.160714285714346,-46.8125
QN24.26.012.14V.03A.02,QN24.26.012,Ca,D2,0.0009599999999999,-52.96875,92.03125762939452,48.68750381469727,-0.036129237755808,-43.34375381469727,0.3884199999999999,-58.34375381469727,5.032104103315245,0.0349600000000001,0.1879165770801983,0.5884191134396642,0.15438,0.9130156774076368,1.0025839002676162,0.9644382091538496,0.869874112828528,1.1777777777778298,-50.90625381469727
QN24.26.012.14V.03A.05,QN24.26.012,Ca,D2,0.0011800000000001,-51.84375,77.21875,32.625,0.4423279603293805,-44.59375,0.9248999999999998,-57.34375,3.62056338967847,0.0468599999999999,0.3532338308457704,-0.0401615368363959,0.1787599999999999,0.8548272205348898,1.0671786200290907,0.9765841061090308,0.9243826475307928,1.1228070175440883,-49.71875381469727
QN24.26.013.14v.01A.02,QN24.26.013,Ca,D2,0.001,-50.90625381469727,88.03125762939453,41.65625381469727,-0.4616527194822241,-46.37500381469727,0.5866399999999998,-57.00000381469727,4.551526318514486,0.07712,0.5499144324015981,-0.3053513050912004,0.1955199999999999,0.8111556097371038,0.944657960611545,0.9740791290342216,0.7686577023151653,1.2448979591836966,-54.34375381469727
QN24.26.017.15.02.01A.02,QN24.26.017,Ca,D2,0.00106,-51.31250381469727,77.40625381469727,39.0,-0.0134148713122649,-38.40625381469727,0.44086,-58.09375381469727,4.394002762447722,0.0378199999999999,0.1687488845261466,-0.5467274909855963,0.2276599999999999,0.9748047708869202,1.0417651694247438,0.9534882818661918,0.8979573931783417,1.0754716981131818,-51.46875381469727
QN24.26.017.15.03A.05,QN24.26.017,Ca,D2,0.00164,-44.84375381469727,65.6250057220459,31.43750190734864,0.0813808962099112,-34.187503814697266,0.4094,-49.375,3.989676637674371,0.0288199999999998,0.1633601632467965,-0.4774344701358956,0.20006,0.6966099451458214,1.03480040724253,0.9376744186046512,0.8103206354708604,1.1666666666667107,-25.75000095367432
QN25.26.003.15.08.03,QN25.26.003,Ca,D2,0.0008599999999999,-55.96875381469727,91.8125,45.46875,0.6324403613949484,-46.34375,0.4276799999999999,-61.18750381469727,4.91337884308399,0.0307599999999999,0.1700011053387859,0.1938515454524229,0.1947399999999999,0.9643532081854284,1.0521861732225797,0.9870573038626108,0.9703557693697236,1.0697674418605372,-54.06250190734863
Q21.26.019.13.01.02,Q21.26.019,Ca,Hybrid,0.0012199999999999,-44.56250381469727,81.25000762939453,39.59375381469727,-0.4987164502604471,-41.65625381469727,0.35206,-56.28125381469727,5.853551698081264,0.0444900000000001,0.2890744290308962,-0.8618841360473464,0.20264,0.7732387308500821,1.0084942076935208,0.8855720624718846,0.7490232175877408,1.3866666666667562,-51.28125
Q21.26.023.13.04.02,Q21.26.023,Ca,Hybrid,0.001645,-47.43750381469727,75.96875381469727,33.937503814697266,-0.9461122219727804,-42.03125,0.2903349999999999,-56.21875381469727,7.426928473330197,0.0458799999999999,0.1862920253370145,-0.6429482170049085,0.1466449999999999,0.7974340541947318,1.0521901152182072,0.8549784430521735,0.7776505623429467,1.3820598006642764,-46.25
QM22.26.003.14.01.05,QM22.26.003,Ca,Hybrid,0.00092,-52.0,99.12500762939452,51.15625381469727,-0.9078313717810108,-47.96875381469727,0.2174399999999999,-63.8125,5.618753299344618,0.0308399999999999,0.1446936286009194,-0.6978694314654048,0.1710999999999999,0.8299047376864752,0.9853121186003392,0.8443222814000704,0.8465275749983264,1.2727272727272956,-52.73437690734863
QM22.26.003.14.01.06,QM22.26.003,Ca,Hybrid,0.00092,-49.18750381469727,93.03125381469728,52.15625,-2.5609739735588644,-40.87500381469727,0.67668,-62.375,5.432621190875116,0.03976,0.1969096671949286,-0.1942016056007579,0.1638799999999999,0.883146885936651,0.9969306325197536,0.9486802670046212,0.8849803692692614,1.1333333333333415,-54.71875
QN22.26.002.14.03.03,QN22.26.002,Ca,Hybrid,0.00086,-49.75000381469727,103.28125762939452,54.18750381469727,-1.338496999166646,-49.09375381469727,0.57978,-56.68750381469727,5.648936327857448,0.0441599999999999,0.2609620612220774,-0.0763129976284835,0.1375199999999999,0.8254822346624612,0.9586320369440088,0.9692504828658572,0.8740835499205309,1.124999999999844,-57.40625381469727
QN22.26.011.14.7B.03,QN22.26.011,Ca,Hybrid,0.0011799999999999,-44.03125,79.81250381469727,41.46875,-0.3041228434037151,-38.34375381469727,0.5627,-54.5625,5.069787950827704,0.036305,0.2351436251173938,-0.0163540463488581,0.1781799999999999,0.8253206445068093,1.0953919695110428,0.8128942691452785,0.8907913324636282,1.2546296296296602,-51.65625381469727
QN22.26.014.14.6A.02,QN22.26.014,Ca,Hybrid,0.0010599999999999,-41.59375381469727,94.06250381469728,56.03125381469727,-1.211274288242828,-38.03125,0.3645049999999999,-53.06250381469727,5.529361239024492,0.04611,0.3015992412597711,-0.1781955534070261,0.1962649999999999,0.8445918067749538,0.9856915748524822,0.9618506531306028,0.8494400853023597,1.2111111111111343,-50.96875
QN22.26.015.14.02A.03,QN22.26.015,Ca,Hybrid,0.00116,-46.31250381469727,74.78125381469727,32.500003814697266,-0.6213158821156182,-42.28125,0.561585,-61.34375,4.33188148276201,0.039895,0.2934534755424789,-0.3650990450570886,0.1879799999999999,0.747964527562542,1.0974358974358975,0.9140239605355884,0.9006503414056497,1.2045454545454843,-41.875
QN22.26.028.14.04.02,QN22.26.028,Ca,Hybrid,0.0012999999999999,-42.96875381469727,79.25000381469727,43.28125381469727,-0.5823582278318755,-35.96875,0.51286,-50.84375381469727,5.714191722723292,0.04654,0.2999484403196696,-0.1693989241936471,0.1798199999999999,0.778424411220822,1.0551300698315027,0.8398096748612213,0.8258063803472804,1.2711864406780586,-42.31250381469727
Q21.26.006.14.01.04,Q21.26.006,NAC,D1,0.001055,-51.40625381469727,90.75000762939452,49.56250381469727,0.3745034089636668,-41.18750381469727,0.6197300000000001,-54.15625,3.9289939396073015,0.043635,0.237017925040739,0.0585269843437148,0.27392,0.8796944070181366,0.9929891656187474,0.9622205088666153,0.8940066353389345,1.08612440191369,-46.09375
QN21.26.028.14.02.03,QN21.26.028,NAC,D1,0.0020799999999999,-38.25000381469727,81.25000381469727,46.34375,-0.7011303680112584,-34.906253814697266,0.4798799999999999,-46.12500381469727,5.412989737376106,0.10182,0.4548378450817477,-1.2418849258105895,0.1889199999999999,0.7484227038579501,0.9840277777777776,0.8757224991670878,0.7614809906319905,1.27173913043482,-32.78125
QN21.26.028.14.02.06,QN21.26.028,NAC,D1,0.00286,-37.09375,69.90625381469727,37.84375381469727,-0.2493828826460012,-32.0625,0.8283800000000001,-49.40625381469727,6.069698945013641,0.0190799999999999,0.0901275389702408,-0.9115810735907935,0.1963599999999999,0.7712919621916918,1.0248076322243904,0.8423745635471207,0.8004944864814904,1.3008130081301092,-33.312503814697266
QN22.26.002.14.02.03,QN22.26.002,NAC,D1,0.0008099999999999,-41.75000381469727,84.5000057220459,53.50000381469727,-0.0559716995862543,-31.00000190734864,0.6325400000000001,-42.78125381469727,3.4421348619679986,0.03709,0.2128367715835084,0.4378679074079364,0.2807549999999999,1.0074084959473026,0.986244019138756,1.02270381693939,0.9469305032685456,0.981132075471714,-36.125
QN22.26.002.14.04.02,QN22.26.002,NAC,D1,0.0019599999999999,-44.78125381469727,55.84375190734863,32.40625,-1.98918551186982,-23.43750190734864,0.84656,-50.34375,2.818988590041442,0.0309199999999998,0.2199772339214558,-0.2396495518874265,0.2359399999999999,1.0096830938385932,0.9510386662242676,0.8976897758465572,0.824325874781759,1.0000000000000675,-32.78125
QN22.26.002.14.04.03,QN22.26.002,NAC,D1,0.0010999999999999,-54.50000381469727,88.28125381469727,48.31250381469727,-0.0060863295331891,-39.96875,0.3890799999999999,-54.59375381469727,4.490737662950233,0.02936,0.1885193270836012,0.4779172544108412,0.2284,0.9233719476372756,1.036222506842372,0.990291360898311,0.9112635986121852,1.185185185185048,-46.84375381469727
QN22.26.011.14.2A.04,QN22.26.011,NAC,D1,0.0011999999999999,-42.40625381469727,86.62500762939453,51.34375381469727,0.5784293148854301,-35.281253814697266,0.3454,-46.84375381469727,4.092773677166079,0.04794,0.1131728045325781,0.1757342327549002,0.1558199999999999,0.6697704704067967,0.9218942940161824,0.8348056176061605,0.618612051988513,1.3818181818181634,-39.03125381469727
QN22.26.011.14.6A.03,QN22.26.011,NAC,D1,0.0013199999999999,-41.71875,84.75000381469727,48.34375,-0.8631276636560361,-36.40625381469727,0.8708,-53.1875,5.031460564032925,0.07118,0.3922195283226806,-0.7958581586520664,0.2471399999999999,0.871466161551445,0.912930553651925,0.9617391344961008,0.7968095218707445,1.0909090909091828,-44.68750381469727
QN22.26.020.14.02.03,QN22.26.020,NAC,D1,0.00082,-54.03125381469727,81.25000381469727,45.28125381469727,1.7152458583737389,-35.96875,0.8263400000000001,-54.40625,4.068555095372948,0.00198,0.0131369426751598,1.5640720855723336,0.2312199999999999,0.9085247345408708,1.0027873711424615,0.9973334418402776,0.9647604522220178,1.0243902439023267,-37.26042048136393
QN22.26.034.14.03.03,QN22.26.034,NAC,D1,0.0013,-44.15625381469727,82.50000762939453,47.03125381469727,-0.3557487043315025,-35.468753814697266,0.3212399999999999,-47.03125381469727,4.0406447963948215,0.0231999999999998,0.0642338999944622,-0.7986882678141966,0.1643399999999999,0.7646785903574776,0.908587180809196,0.7871772582681712,0.5736445126062029,1.328124999999908,-40.87500381469727
QN23.26.005.14.01.04,QN23.26.005,NAC,D1,0.00124,-38.9375,80.1562557220459,52.06250381469727,-0.4249355544739344,-28.09375190734864,0.3850399999999999,-40.65625381469727,4.160871507299621,0.02976,0.0770266073092452,1.031290524575147,0.18438,0.8051452500093957,0.9676645999262754,0.944654164824096,0.8171753976574067,1.063492063491949,-48.40625
QN23.26.008.14.02.02,QN23.26.008,NAC,D1,0.0011800000000001,-48.21875381469727,77.03125,38.75,-1.1447520501028985,-38.28125,0.6983600000000001,-52.46875381469727,4.030206949882502,0.0228000000000001,0.1516159063705288,-0.3626559945374122,0.32968,0.9134004101673991,1.040949936880357,0.9701873935264056,0.9448200140021654,1.0508474576272653,-40.84375
QN23.26.008.14.02.05,QN23.26.008,NAC,D1,0.00126,-46.1875,67.06250762939453,32.500003814697266,-0.00616913398978,-34.562503814697266,0.2861399999999999,-46.53125381469727,3.071011015741831,0.0138199999999999,0.0575162310637587,-0.822000078585649,0.1877599999999999,0.8531798538588699,0.9530651925624102,0.9471285323609844,0.8007755585716406,1.1147540983606796,-36.53125
QN23.26.010.14.02A.01,QN23.26.010,NAC,D1,0.00124,-44.4375,62.8437557220459,24.90625190734864,0.766633253591153,-37.93750381469727,0.24172,-44.46875381469727,3.79088129275292,0.05386,0.4062452858651384,0.3133036056674934,0.93094,0.7992451133175991,1.0225846908676786,0.9851729833689774,0.9307905546194536,1.1129032258063838,-20.03125190734864
QN23.26.010.14.02A.03,QN23.26.010,NAC,D1,0.0014599999999999,-50.96875,61.34375381469727,20.21875,0.0011448691306969,-41.12500381469727,0.80942,-60.25000381469727,4.001503077193679,0.0049799999999999,0.0281961272789037,-0.652131307964568,0.23212,0.773867611817187,0.9651163677836574,1.007329089633805,0.9428525707950076,1.1594202898549046,-32.500003814697266
QN23.26.010.14.03A.02,QN23.26.010,NAC,D1,0.0013199999999999,-46.00000381469727,74.06250381469727,39.15625,0.7044949049714065,-34.906253814697266,0.91056,-49.09375381469727,4.051903558823419,0.0374799999999999,0.1997441910040503,0.7339875129596871,0.3066399999999999,0.87028735622618,1.051282051282051,1.0038987544544955,0.9415037744819268,1.107692307692418,-23.62500190734864
QN23.26.010.14.03A.04,QN23.26.010,NAC,D1,0.0010799999999999,-43.34375381469727,81.28125381469727,47.00000381469727,-0.5864993470095744,-34.28125,0.4232199999999999,-48.37500381469727,3.263924094894689,0.0356400000000001,0.2039134912461387,0.0538174983187106,0.19104,0.8122452595001601,0.9447895146580824,0.8178722554570879,0.7022792575267339,1.1698113207545628,-46.15625381469727
QN23.26.010.14.03A.06,QN23.26.010,NAC,D1,0.0012599999999999,-47.3125,92.65625381469728,50.68750381469727,-0.5863908055549947,-41.96875,0.4446199999999999,-50.21875381469727,4.902666946175423,0.0376800000000001,0.2106204583566246,-0.4505222461729843,0.22186,0.8033916486271678,0.9504950495049505,0.9587785366119118,0.7969465862820388,1.183333333333335,-49.18750381469727
QN23.26.018.14.04A.01,QN23.26.018,NAC,D1,0.0011999999999998,-47.9375,72.03125,36.625,0.0609086667707644,-35.40625,0.64184,-48.1875,3.827889842398914,0.03794,0.245407503234153,0.0378154669041508,0.2619999999999999,0.943993338999744,1.0318964431345503,0.9871440583094732,0.9240555708801927,1.0333333333332748,-27.37500190734864
QN23.26.018.14.04A.02,QN23.26.018,NAC,D1,0.0011799999999999,-43.15625,63.06250190734863,26.75000190734864,-0.5560651882273941,-36.3125,0.7333999999999999,-48.15625381469727,2.5660534221205324,0.0366,0.2768113749810929,-0.596415839002987,0.2711599999999999,0.8952630193117147,1.0662649948999492,0.989830509526604,0.9615174207266812,1.0535714285713826,-24.50000190734864
QN23.26.018.14.05A.04,QN23.26.018,NAC,D1,0.0012,-51.00000381469727,78.34375,40.6875,-0.7724814991128054,-37.65625,0.6282999999999999,-52.53125381469727,4.175651002693782,0.0060799999999998,0.0398062066256374,-0.4340162693796324,0.2684399999999999,0.8202901110520604,0.9363847944142746,1.0215826216682464,0.8417645586554957,1.118644067796639,-38.28125
QN24.26.003.14.01.03,QN24.26.003,NAC,D1,0.00136,-52.40625,82.43750381469727,39.12500381469727,-0.5697355621170872,-43.3125,0.54968,-57.87500381469727,4.570543958563797,0.0203999999999999,0.1085452804086409,-0.2796197886433351,0.1306199999999999,0.745084675946655,1.0744862935851325,0.6727556982653975,0.7971167752000865,1.3770491803278824,-65.46875
QN24.26.012.14V.06A.04,QN24.26.012,NAC,D1,0.001,-45.78125,85.65625381469727,53.50000381469727,0.4689616213520792,-32.15625,0.3961,-46.53125381469727,3.3295433339805696,0.00536,0.0535678592844296,0.547839050743611,0.22782,0.8477479991486786,0.9115566101393352,0.8972055404321313,0.7045154662022394,1.1224489795918344,-39.12500381469727
QN24.26.012.14V.05A.07,QN24.26.012,NAC,D1,0.00092,-53.37500381469727,93.1875,50.5,0.3974118604930122,-42.6875,0.7616,-57.5,4.983073712840899,0.0288399999999999,0.0918295867031776,0.7047622562119272,0.27212,0.9951999140793146,0.982378855979244,0.9978022872309982,0.9199761460380548,1.0444444444446117,-53.75
QN24.26.012.14V.06A.01,QN24.26.012,NAC,D1,0.00132,-42.125,79.15625,45.15625,-0.1034887688823391,-34.0,0.4323999999999999,-49.46875381469727,4.142412637439753,0.0399199999999999,0.1930180833575087,1.0353900573243229,0.1898199999999999,0.5235889606796775,0.8056767843164361,0.836010057437017,0.4648457565547351,1.6428571428569871,-48.75000381469727
QN24.26.012.14V.06A.02,QN24.26.012,NAC,D1,0.0013199999999999,-50.28125381469727,82.18750381469727,44.00000381469727,-0.939192377383702,-38.1875,1.09024,-54.0,3.585565217407939,0.0340399999999998,0.208680725846002,-0.0377546778810589,0.2083599999999999,0.76885074023493,0.9161764705882351,0.9584371429786188,0.7008902838955076,1.2608695652174018,-45.84375381469727
QN24.26.012.14V.07A.01,QN24.26.012,NAC,D1,0.0010000000000001,-47.43750381469727,78.21875381469727,41.875,0.6569409645036528,-36.34375381469727,0.93958,-48.5,3.839224227616867,0.0025600000000001,0.0214513155689636,-0.1392615837516274,0.31618,0.9691145399344482,1.0187828682999018,0.9728784969993984,0.9268648881175188,1.0200000000001332,-37.28125381469727
QN24.26.013.14v.02A.02,QN24.26.013,NAC,D1,0.0012399999999999,-41.9375,68.12500762939453,36.25000381469727,0.2332178953717443,-31.875003814697266,0.9698599999999998,-42.1875,3.010454208817096,0.0029000000000001,0.0196503591272538,-0.0245932299326465,0.2904799999999999,0.9462105644848454,1.019409280701015,1.0106045185950756,0.9595100142505316,1.0161290322579897,-31.0625
QN24.26.014.14v.01A.01,QN24.26.014,NAC,D1,0.0012199999999999,-50.90625381469727,74.78125190734863,30.84375190734864,-0.4824986610565328,-43.9375,0.6369199999999999,-55.4375,3.710323897711557,0.05034,0.2615336658354117,-0.1138506165914348,0.2067199999999999,0.8485541492293951,1.037487271202434,0.9451957342989138,0.8783149163360034,1.0806451612904988,-43.96875381469727
QN24.26.014.14v.01A.02,QN24.26.014,NAC,D1,0.0011399999999999,-48.75000381469727,75.0625,34.875,0.9416839876859708,-40.1875,0.99868,-52.03125381469727,3.745883376835815,0.0528600000000001,0.3457613814756677,0.7552594574533608,0.2376599999999999,0.8580485522797808,1.0082720588235294,0.9596199524940616,0.8827773113518393,1.0909090909089807,-35.281253814697266
QN24.26.014.14v.01A.03,QN24.26.014,NAC,D1,0.00102,-48.93750381469727,76.71875762939453,36.56250381469727,0.3537574728456618,-40.15625381469727,0.95542,-49.18750381469727,3.377856144745227,0.0024600000000001,0.0237451737451749,0.4864600182712417,0.2433199999999999,0.8934639087824728,0.9938053097345132,0.9781022887837084,0.9345337037560004,1.02000000000002,-38.25000381469727
QN25.26.004.14v.03A.01,QN25.26.004,NAC,D1,0.0012400000000001,-48.12500381469727,96.00000381469728,54.78125381469727,0.3346742066525467,-41.21875,1.03584,-52.28125381469727,4.619533801328304,0.0423199999999999,0.2247954955912035,0.0216190607158278,0.3536199999999999,0.9402404542484032,1.0028801843317972,1.0046912604146303,0.933695826657044,1.0483870967742412,-45.90625381469727
QN25.26.004.14v.04A.01,QN25.26.004,NAC,D1,0.0009799999999999,-47.28125381469727,85.37500381469727,46.78125381469727,-0.3324930274804188,-38.59375,0.50078,-55.75,3.669755514874955,0.0322599999999999,0.170832450751959,-0.3958860146663616,0.28434,0.9187470979668984,0.9924915509012372,1.0272952826038513,0.912840692064568,1.0612244897957472,-44.390625
QM25.26.006.14v.10A.01,QM25.26.006,NAC,D2,0.0015399999999999,-50.90625381469727,70.03125190734863,30.25000190734864,-0.7405467274881926,-39.78125,0.4593799999999999,-56.50000381469727,4.458814886791352,0.0442199999999999,0.207839819514946,-1.0458224526228777,0.2778,0.8592545049695022,0.9275794256301152,0.9242877714931804,0.7547672285621787,1.0389610389610031,-43.81250381469727
QN22.26.002.14.02.02,QN22.26.002,NAC,D2,0.0009149999999999,-47.65625381469727,85.34375762939453,46.06250381469727,0.146669900981527,-39.28125381469727,0.836775,-55.09375381469727,4.295457192707528,0.0447600000000001,0.3755821271239783,-0.0904095646475807,0.26643,0.937524634293909,0.9877551020408164,0.9943638314152144,0.907708556575279,1.120689655172306,-47.87500381469727
QN22.26.002.14.02.04,QN22.26.002,NAC,D2,0.0011299999999999,-49.71875381469727,91.21875762939452,43.65625381469727,-0.4627520580710135,-47.56250381469727,0.53657,-56.0625,5.881024465583931,0.0301200000000001,0.4957616657065277,-0.2467367937041765,0.2123899999999999,0.8033325796092253,0.9978370585897844,1.0054532224021888,0.8958339064239037,1.2211981566820438,-48.4270871480306
QN22.26.002.14.02.05,QN22.26.002,NAC,D2,0.000825,-44.00000381469727,88.93750762939453,49.25000381469727,0.6306122282184289,-39.68750381469727,0.973495,-47.375,3.2897406528920814,0.0321149999999998,0.3633740665308885,0.2431375019254448,0.1902649999999999,0.8615270770281247,0.9606451643897144,0.984992197527893,0.8206088479234913,1.12422360248445,-40.21875
QN22.26.002.14.02.07,QN22.26.002,NAC,D2,0.001035,-46.93750381469727,81.43750762939453,33.468753814697266,-0.2051292674838969,-47.96875381469727,0.565105,-52.62500381469727,3.6388609136392462,0.030575,0.8184981930129834,-0.4174427479086881,0.270565,0.8431497738354851,1.0140960830920185,0.9706093215682648,0.8593670864100469,1.142857142857096,-57.28125381469727
QN22.26.002.14.04.10,QN22.26.002,NAC,D2,0.0010399999999999,-53.31250381469727,99.87500381469728,48.28125381469727,-0.4637479217091356,-51.59375,0.84074,-58.50000381469727,6.573141669670935,0.01922,0.6678248783877692,-0.7527383968845246,0.42978,0.5069590709581203,0.7066942123765471,0.8398596712320675,0.4351556383718512,1.7659574468084076,-53.65625381469727
QN22.26.011.14.6A.01,QN22.26.011,NAC,D2,0.0011399999999999,-45.09375381469727,92.96875381469728,60.68750381469727,-0.8167024111079478,-32.28125,0.4702199999999999,-47.40625381469727,4.98330254840365,0.02936,0.2754221388367734,-1.4147948604076972,0.1430999999999999,0.7963287663859856,0.9336786974225646,0.9216867517870094,0.694326003034119,1.254545454545409,-38.03125
QN22.26.027.14.02.02,QN22.26.027,NAC,D2,0.0012199999999999,-51.00000381469727,77.18750381469727,37.1875,0.0430535071784104,-40.00000381469727,0.32344,-54.15625,5.521771135918674,0.0306199999999998,0.2274550586837013,-0.6582602849758057,0.1735199999999999,0.8258718583789852,0.92954149960151,0.920031063479684,0.765236710819002,1.186440677966201,-40.21875
QN22.26.027.14.02.06,QN22.26.027,NAC,D2,0.0016199999999999,-38.34375381469727,55.6875,36.21875,-0.5103364425048665,-19.46875,0.5244200000000001,-45.56250381469727,5.467416510518609,0.0499199999999999,0.2445620223397998,-0.6001612755018864,0.21774,0.7740907795502662,0.961070658613392,0.9083851018505118,0.8449999777006978,1.2567567567568014,-11.437500953674316
QN23.26.008.14.01.02,QN23.26.008,NAC,D2,0.0010400000000001,-44.96875,76.21875381469727,38.65625381469727,-0.4961337921338168,-37.5625,0.67014,-47.87500381469727,3.547099917378763,0.0534399999999999,0.2738546684431685,-0.4287833593787456,0.23474,0.8332605828855445,1.0459677419354838,0.9617020277487088,0.9069251835288326,1.0925925925924729,-39.3125
QN23.26.008.14.02.01,QN23.26.008,NAC,D2,0.00112,-54.0,89.46875381469727,45.84375381469727,-1.5789046028346212,-43.625,0.71644,-59.53125381469727,5.683016159473562,0.0355400000000001,0.2743554114559219,-0.8823861448680916,0.2219999999999999,0.8480489171903248,0.9842465753424656,0.964463400382348,0.8626383688033044,1.1428571428571994,-55.65625381469727
QN23.26.008.14.03.02,QN23.26.008,NAC,D2,0.00102,-64.03125,85.3437557220459,30.34375190734864,-0.7597903001317735,-55.00000381469727,0.89416,-67.40625,3.986279441073719,0.0321599999999999,0.2518402505873137,0.2480514809076701,0.2165799999999998,0.9560508736524582,1.0094438608851968,1.0110851088544486,0.9035651615487452,1.0980392156862615,-56.40625381469727
QN23.26.008.14.03.03,QN23.26.008,NAC,D2,0.0010000000000001,-54.09375381469727,89.1875,46.4375,-1.222838941554963,-42.75,0.88334,-58.0625,4.675582555336413,0.0453400000000001,0.3763905030715603,0.1074632149032256,0.2460999999999999,0.9141318206855708,1.011258277235562,0.991137281397018,0.925244160951785,1.122448979591735,-48.03125
QN23.26.010.14.03A.05,QN23.26.010,NAC,D2,0.00116,-37.34375,86.81250381469727,53.59375,0.9193527640229648,-33.218753814697266,0.30494,-42.62500381469727,4.431600271989946,0.04848,0.2504390949478256,0.6231698605710696,0.1634999999999999,0.7726924285894182,0.95947556909823,0.8702502882624247,0.7699653011967158,1.2857142857141723,-45.78125
QN23.26.015.14.06A.03,QN23.26.015,NAC,D2,0.0013599999999998,-48.40625,74.75000762939453,32.500003814697266,0.6402893931576135,-42.25000381469727,0.7810999999999999,-48.90625,3.531436264709086,0.0038599999999999,0.0299317617866003,-0.305073787097821,0.21898,0.8723933055076378,1.0461827260057943,1.018025078369906,0.9492184394424532,1.0735294117646963,-51.81250381469727
QN23.26.018.14.04A.06,QN23.26.018,NAC,D2,0.00096,-51.375,88.71875,48.1875,0.0012715668877008,-40.53125,0.8690799999999999,-54.65625381469727,3.9579766737815993,0.0419,0.2621371371371375,-0.0202338873709148,0.2419599999999999,0.9098225890479972,0.9761430621881454,1.0031226557925936,0.8799380012541455,1.108695652173897,-47.625
QN23.26.018.14.04A.07,QN23.26.018,NAC,D2,0.0011799999999999,-45.15625,76.46875381469727,35.375003814697266,-0.6536217147655634,-41.09375,0.3594799999999999,-52.21875381469727,4.530650073875851,0.0457199999999999,0.3367707719505007,0.1307018629047832,0.1669599999999999,0.7996490109450181,1.0365965233302836,1.003949447077409,0.871928839038589,1.172413793103534,-40.5
QN23.26.018.14.05A.02,QN23.26.018,NAC,D2,0.0012199999999999,-54.46875,88.68750762939453,39.28125381469727,-0.1001167487932557,-49.40625381469727,0.92636,-63.09375,5.481528162334053,0.0905800000000001,0.5096781453972544,-0.538021606501177,0.1938199999999999,0.8994302759739429,1.0852460016969774,0.996778350515464,0.9442865738357644,1.147540983606432,-50.65625
QN23.26.018.14.05A.05,QN23.26.018,NAC,D2,0.0010000000000001,-51.50000381469727,97.25000762939452,54.37500381469727,0.4988130383309659,-42.87500381469727,0.97046,-56.53125381469727,6.254230140871942,0.0484999999999999,0.2818784145065676,-0.0159744492140685,0.2115399999999999,0.9012084020968396,0.9776733254994124,1.016344632937959,0.897145178896849,1.183673469387829,-50.34375
QN24.26.003.14.01.02,QN24.26.003,NAC,D2,0.0017,-47.90625381469727,59.46875,20.53125,-0.4173115661527422,-38.9375,0.5948599999999999,-48.84375381469727,3.2215113285356525,0.0291799999999999,0.1743130227001194,-0.589412770909924,0.41312,0.8291723228903015,1.0883152100674829,0.9665787195072526,0.9122152522614562,1.0731707317073236,-74.375
QN24.26.005.14v.03.01A.08,QN24.26.005,NAC,D2,0.0012799999999999,-40.34375,67.62500190734863,27.03125190734864,-1.7074368777968632,-40.59375,0.78132,-54.21875381469727,3.826536914219871,0.0477199999999999,0.2969138875062219,-0.907245194685816,0.2487399999999999,0.837409835155448,1.0246212121212122,0.9568345323741008,0.8594388397117825,1.1147540983606796,-46.34375
QN24.26.005.14v.03.01A.07,QN24.26.005,NAC,D2,0.0010799999999999,-40.15625381469727,80.37500381469727,39.8125,-0.8497733246153168,-40.56250381469727,1.0299,-53.96875381469727,4.528903963907337,0.0489599999999998,0.307808374198415,0.1744623891488249,0.2753,0.8822420295748112,0.997605746209098,0.9820312517136334,0.8616184889373926,1.1481481481483005,-43.81250381469727
QN24.26.010.14v.03A.03,QN24.26.010,NAC,D2,0.0010199999999997,-49.71875381469727,96.56250381469728,53.53125,-1.170966628122872,-43.03125381469727,0.97106,-55.71875381469727,5.603344706827029,0.0463599999999999,0.2437434279705571,-0.1741797357863217,0.2465599999999999,0.905708316877093,0.9958726418065024,1.0082457847999415,0.9357993578153944,1.0784313725488788,-47.25000381469727
QN24.26.010.14v.03A.05,QN24.26.010,NAC,D2,0.0009799999999999,-49.75000381469727,91.90625381469728,52.12500381469727,-0.4273777005237622,-39.78125,0.4963399999999999,-56.09375381469727,4.933878337627362,0.0348599999999998,0.2265696087352132,-0.5295040394439294,0.2046799999999999,0.932228502639088,0.9811893217816902,1.0048349090010575,0.8586119805709588,1.122448979591735,-45.21875
QN24.26.012.14V.05A.02,QN24.26.012,NAC,D2,0.00116,-47.65625381469727,80.96875762939453,38.96875381469727,-0.4589201992373684,-42.00000381469727,0.4693,-53.37500381469727,4.64858344758972,0.05512,0.3177677850801342,-0.2929641809654894,0.2612199999999999,0.9282542818536624,1.01742748719528,1.0137299758382745,0.9223635476090324,1.0862068965518148,-45.6875
QN24.26.012.14V.05A.05,QN24.26.012,NAC,D2,0.0009799999999999,-52.46875381469727,91.50000762939452,43.90625381469727,-1.163392379698083,-47.59375381469727,0.49052,-58.59375381469727,5.793588481803807,0.0562199999999999,0.3241466789667896,0.1353589025873769,0.24372,0.957016346326639,0.9956554106229636,1.0,0.9269283825690976,1.0833333333335358,-55.28125
QN24.26.012.14V.07A.02,QN24.26.012,NAC,D2,0.0010399999999999,-56.90625381469727,82.15625762939453,36.18750381469727,-0.6932516977634438,-45.96875381469727,0.5802799999999999,-61.65625,3.7366681288105617,0.04308,0.2529059528002819,0.6624325638619181,0.4458199999999999,0.8399123143940396,0.963458114492584,0.973492381203309,0.872288263006272,1.1346153846154217,-61.03125381469727
QN24.26.013.14v.01A.03,QN24.26.013,NAC,D2,0.0012199999999999,-49.625,86.62500762939453,38.09375381469727,-0.8738350984774309,-48.53125381469727,0.7131999999999998,-60.90625381469727,6.002615796093069,0.04098,0.3597892888498681,-0.1340348600310728,0.2125799999999999,0.7506871629206215,1.075336322869955,0.96695886716116,0.9126046889586412,1.2982456140349887,-49.15625381469727
QN24.26.014.14v.02A.02,QN24.26.014,NAC,D2,0.001,-46.21875381469727,88.78125,52.8125,0.770526961088731,-35.96875,0.4826799999999999,-47.65625381469727,4.499414026848609,0.02756,0.1835131175922228,0.1086467076673948,0.2031399999999999,0.8491288823296397,0.955528846153846,0.9296264118158124,0.79822629147839,1.1458333333334851,-42.31250381469727
QN24.26.014.14v.02A.04,QN24.26.014,NAC,D2,0.0008799999999999,-53.71875381469727,90.46875381469728,47.00000381469727,1.2913651847116163,-43.46875,0.95446,-56.0,3.804655717439981,0.0362599999999999,0.2634025860816503,1.265777787701494,0.2025999999999999,0.940693542436258,0.9738078449475972,0.988346774996586,0.8574898470572481,1.068181818182013,-54.34375381469727
QN24.26.014.14v.02A.05,QN24.26.014,NAC,D2,0.00102,-46.68750381469727,91.28125381469728,53.1875,0.8756599930966109,-38.09375381469727,0.8992999999999999,-49.46875381469727,5.072830371994759,0.02888,0.2082792441944323,0.4658814631052225,0.1787799999999999,0.9258980036123,0.9875813137291264,0.966805080556276,0.8964733078349192,1.1020408163265214,-42.93750381469727
QN24.26.014.14v.06A.04,QN24.26.014,NAC,D2,0.0011999999999999,-37.53125381469727,87.21875381469727,49.125,0.065932690992488,-38.09375381469727,0.3492599999999999,-49.65625381469727,3.875943523770897,0.06542,0.3963887542413958,-0.5678766686899911,0.1549199999999999,0.7616224946229145,0.9521345445297226,0.9702380952380952,0.7203425698339444,1.2500000000000495,-39.5
QN25.26.004.14v.03A.05,QN25.26.004,NAC,D2,0.00106,-45.43750381469727,93.03125381469728,54.50000381469727,-0.021566139717875,-38.53125,0.86738,-45.78125,4.794069121294176,0.03814,0.3963009143807151,-0.2006647661141994,0.2855999999999999,0.9621706844674572,1.0120137299771168,0.9966073978543788,0.9499276446162144,1.076923076923044,-36.03125
Q21.26.006.14.01.01,Q21.26.006,NAC,Hybrid,0.00133,-41.43750381469727,80.03125381469727,46.25,-1.308384684833141,-33.781253814697266,0.6639250000000001,-50.40625,4.899221182340164,0.0353750000000001,0.1879299811405962,-0.3348127468249466,0.2171749999999999,0.9225992536952884,1.0107527702085433,0.9953052789392606,0.9452548849188652,1.1023622047244686,-44.78125381469727
QN24.26.012.14V.05A.03,QN24.26.012,NAC,Hybrid,0.0011799999999999,-44.8125,77.96875381469727,40.06250381469727,0.1042277180201747,-37.90625,0.5616399999999999,-50.68750381469727,4.331804649277336,0.0451999999999999,0.279219174697306,-0.2686953690052873,0.2817199999999999,0.9681227754426234,0.969453379203244,0.9612849115779658,0.8531528114367148,1.0344827586207226,-48.65625
QN24.26.012.14V.07A.04,QN24.26.012,NAC,Hybrid,0.0011999999999999,-45.21875,84.46875,37.0,-0.4612849838916238,-47.46875,0.20864,-52.28125381469727,4.80044715443541,0.0383399999999998,0.2992039956297787,-0.6853796774749096,0.13462,0.7023255959021003,1.0379638671875,0.7540663630448926,0.7346835786625848,1.3103448275861211,-49.81250381469727
Q21.26.019.12.01.03,Q21.26.019,Pu,D1,0.0012149999999999,-50.62500381469727,85.18750762939453,49.09375381469727,-0.1007115280991907,-36.09375381469727,0.3642249999999999,-50.90625381469727,4.97128413012342,0.02021,0.20117459685447,0.9105557270530508,0.2620999999999999,0.8963409197187423,0.9872773536895676,0.9428806994223992,0.8273900781816657,1.1806167400881156,-44.75
QM22.26.003.14.06.03,QM22.26.003,Pu,D1,0.0011249999999998,-40.87500381469727,89.43750762939453,51.65625381469727,0.8269152728931146,-37.78125381469727,0.746915,-46.75,4.143628009490081,0.0475000000000001,0.3174709263467455,0.4829316375758789,0.29268,0.9976220528716926,1.049413214310138,0.9982993197278912,0.984445990263277,1.0582959641255454,-37.90625
QM22.26.031.14.02.02,QM22.26.031,Pu,D1,0.0012400000000001,-44.87500381469727,76.09375762939453,39.18750381469727,-0.1034325844969759,-36.90625381469727,0.6981399999999999,-46.5,4.108139873123545,0.02584,0.1959654178674356,1.0258047644545032,0.2336199999999999,0.9346603156444429,1.067937033968517,1.003445410913275,0.9521358189238214,1.080645161290402,-32.906253814697266
QN22.26.002.14.03.01,QN22.26.002,Pu,D1,0.00102,-51.84375,89.18750381469727,46.12500381469727,-0.6981295524436728,-43.0625,0.35274,-54.25,4.858976447416598,0.0275799999999999,0.2264739694531116,0.4155855312869612,0.2033999999999999,0.8297947115174134,0.8972089942462425,0.8943261637087416,0.6759481229293322,1.2448979591836966,-60.50000381469727
QN22.26.009.14.2B.03,QN22.26.009,Pu,D1,0.00094,-54.03125381469727,76.18750381469727,32.84375,1.1120729438804025,-43.34375381469727,0.4287399999999999,-55.96875381469727,3.225366387987492,0.0147399999999999,0.1089753068165014,1.6900150015339372,0.1425199999999999,1.0041483478895032,1.039596920137014,0.9755940912010276,0.9512816278251942,1.0833333333334232,-46.40625
QN22.26.009.14.2B.06,QN22.26.009,Pu,D1,0.00082,-56.65625381469727,96.62500381469728,50.65625,0.7272017890560367,-45.96875381469727,0.4619999999999999,-57.59375,4.405920067881681,0.0423600000000001,0.1684562157003108,1.0829471409280529,0.20264,0.9802385872779492,0.9949906077717584,0.971542025148908,0.9026779237869428,1.073170731707251,-61.34375
QN22.26.009.14.3B.03,QN22.26.009,Pu,D1,0.0009449999999999,-47.34375381469727,80.03125381469727,45.625,0.9596765939499732,-34.406253814697266,0.5496650000000001,-47.53125,3.0632482366201192,0.0021550000000001,0.0076012768734242,2.058691097942751,0.278005,0.947353392161814,1.0637118214351562,0.9640350915703928,0.9537927630885232,1.0486486486488498,-37.1875
QN22.26.009.14.3B.05,QN22.26.009,Pu,D1,0.0009099999999999,-51.81250381469727,86.03125381469727,47.50000381469727,1.2371659331297689,-38.53125,0.4235849999999999,-51.90625381469727,3.638024406621206,0.014305,0.1279803176023262,1.7149721051113345,0.185525,0.9441169862794287,1.0529171448236605,0.9918962730868918,0.9556543041676908,1.067796610169566,-41.96875
QN22.26.009.14.3B.06,QN22.26.009,Pu,D1,0.0008699999999999,-51.46875381469727,89.40625762939453,46.62500381469727,1.3257996376934331,-42.78125381469727,0.5380450000000001,-52.78125381469727,3.892356425407904,0.0228050000000001,0.1415887995529766,1.180050219386428,0.2452349999999999,0.939281186365534,1.0379747693884054,0.9992647956399356,0.961262432385397,1.0400000000000102,-47.09375381469727
QN22.26.009.14.3B.07,QN22.26.009,Pu,D1,0.0007399999999999,-49.81250381469727,89.06250381469727,53.4375,2.562714849343004,-35.625003814697266,0.5403850000000001,-49.96875381469727,3.589082588175992,0.001905,0.0174075935486822,1.8062930504508368,0.2115149999999999,0.9871051539200402,1.0088183415188374,1.0072202166064983,0.9464873775591112,1.0479452054796137,-38.6875
QN22.26.010.14.01.02,QN22.26.010,Pu,D1,0.00133,-47.90625381469727,76.9687557220459,45.28125381469727,-0.6677219755131912,-31.68750190734864,0.2364599999999999,-49.0625,5.04450248504143,0.0140849999999999,0.1549164100307954,-0.0358970221907874,0.1521949999999999,0.8708906970174835,1.0013324450366423,0.9326660675336436,0.8456746976837927,1.1910569105689934,-37.96875
QN22.26.010.14.04.04,QN22.26.010,Pu,D1,0.0012199999999999,-48.96875,74.25000190734863,48.71875,-0.7764044462894344,-25.53125190734864,0.3126849999999999,-50.90625381469727,4.729067996450236,0.01512,0.0606960780378147,0.0771832940623713,0.1910349999999999,0.863482132120578,0.9905362776025236,0.8929804372842347,0.8377659219453214,1.1826086956522142,-36.81250381469727
QN22.26.010.14.04.05,QN22.26.010,Pu,D1,0.00097,-54.18750381469727,78.28125381469727,40.5,0.0954727971937925,-37.78125381469727,0.3082149999999999,-54.50000381469727,3.2914951627268643,0.01262,0.0696314279408523,0.1617624571356007,0.1846149999999999,0.8690091222918549,1.0591317311240802,0.9397379976910056,0.8828004732439301,1.1049723756908123,-38.56250381469727
QN22.26.010.14.51.01,QN22.26.010,Pu,D1,0.00082,-47.375,89.40625,55.90625,0.6099849211994808,-33.5,0.6500049999999999,-49.75000381469727,3.408526631424536,0.0224299999999999,0.1458292698784211,0.2649458829122559,0.2478299999999999,0.9804798152896674,0.9328063930380082,0.9535104364326376,0.8438693733561995,1.0184049079754467,-39.625
QN22.26.010.14.51.04,QN22.26.010,Pu,D1,0.0007599999999999,-54.81250381469727,83.31250381469727,46.15625381469727,0.7168452820788151,-37.15625,0.2684699999999999,-55.03125,3.850097447672739,0.0022949999999999,0.0145101634369167,1.0112153967218351,0.16229,1.0033579702739384,0.9923185209988216,1.070143767416561,0.8754559840354429,1.0540540540539527,-43.75000381469727
QN22.26.011.14.6B.01,QN22.26.011,Pu,D1,0.0010999999999999,-55.93750381469727,77.625,41.40625,0.7016847059990371,-36.21875,0.2210999999999999,-56.12500381469727,3.517981505213056,0.0033799999999999,0.0348094747682795,1.0385814174952928,0.1663199999999999,0.8607466400843516,0.9158143194335168,0.8523544469834896,0.7275958251313239,1.1509433962264684,-47.17187690734863
QN22.26.014.14.4A.04,QN22.26.014,Pu,D1,0.0010799999999999,-55.50000381469727,91.62500381469728,55.71875381469727,0.8051921075126075,-35.90625,0.3424399999999999,-56.03125381469727,4.836216166543918,0.002785,0.0209005628517826,0.2183440766450034,0.1783849999999999,0.9107955777710824,1.0068181813452854,0.9525,0.920983943713238,1.056872037914642,-43.59375381469727
QN22.26.014.14.4A.05,QN22.26.014,Pu,D1,0.0008149999999997,-46.25,88.4687557220459,59.25000381469727,-0.1168268673672819,-29.21875190734864,0.5869599999999999,-50.93750381469727,4.504475623050102,0.024065,0.1297024900291044,-0.522384831174,0.2034999999999999,1.0533836010973083,1.0267093347592258,0.9905561391148032,0.950059453605261,1.0304878048782469,-34.23437690734863
QN22.26.014.14.5B.03,QN22.26.014,Pu,D1,0.0011050000000001,-58.375,92.50000762939452,39.18750381469727,-0.2272163140630603,-53.31250381469727,0.62985,-66.46875,4.3000611560857696,0.050715,0.3823795521375259,0.3503001416922091,0.1651799999999999,0.8728859920623245,1.0938037865748709,0.9825379057452344,0.9760990379298984,1.095454545454465,-57.34375
QN22.26.014.14.5B.05,QN22.26.014,Pu,D1,0.0011349999999999,-56.59375381469727,98.00000381469728,50.09375,-0.3204129797176206,-47.90625381469727,0.280815,-64.46875762939453,4.865747611577753,0.0313350000000001,0.2318191906488134,-1.0774804456815912,0.1647849999999999,0.8997434566452831,1.013941619916242,0.9295861696080532,0.8924033293271533,1.15789473684196,-53.37500381469727
QN22.26.015.14.01B.01,QN22.26.015,Pu,D1,0.0010750000000001,-48.90625,94.46875381469728,50.8125,0.0165849800693586,-43.65625381469727,0.80029,-57.15625381469727,5.1198578175395335,0.0505999999999999,0.2540543254506202,0.049522024411561,0.2749749999999999,0.974408911363606,1.0062265735800795,0.979432539319407,0.9353217992844588,1.0576923076923632,-55.81250381469727
QN22.26.015.14.05B.01,QN22.26.015,Pu,D1,0.0013099999999999,-47.65625381469727,83.50000381469727,56.65625381469727,0.2504041275071894,-26.84375,0.2178349999999999,-47.78125,4.809897910888053,0.00353,0.0524595036409575,0.7728307678454446,0.1548249999999999,0.865746744122478,1.009724472616386,0.9087912087912088,0.8697662409899553,1.139917695473245,-35.51562690734863
QN22.26.015.14.06B.04,QN22.26.015,Pu,D1,0.0011649999999999,-51.4375,79.87500381469727,38.71875381469727,0.2349569459576458,-41.15625,0.4278099999999999,-53.59375,3.4310550563337268,0.0266249999999999,0.2406670884931745,0.0595372055395498,0.1957399999999999,0.8761626134775923,1.105034605128542,1.0108948456029183,0.9813196334716168,1.079646017699148,-38.34375381469727
QN22.26.019.14.51B.03,QN22.26.019,Pu,D1,0.0009599999999998,-47.0625,88.15625381469727,52.59375381469727,-1.5342586726563403,-35.5625,1.10996,-50.96875,4.863080964523374,0.02966,0.2277334152334155,-0.7467180856777011,0.26126,0.8742001464361907,0.9722557318376064,0.9657594381035997,0.8913381044177925,1.0833333333331792,-41.15625
QN22.26.019.14.52B.03,QN22.26.019,Pu,D1,0.00082,-44.125,79.31250381469727,42.5,-0.1434885974986734,-36.81250381469727,0.8982000000000001,-50.0,3.138415143653733,0.0309999999999999,0.2498388136686003,-0.7152146447737048,0.28302,0.9209438457340148,0.9097632314681346,1.003478154352268,0.8108363893162378,1.0487804878046536,-44.68750381469727
QN22.26.020.14.07B.01,QN22.26.020,Pu,D1,0.0009,-50.43750381469727,100.12500762939452,61.15625381469727,0.658013363524798,-38.96875381469727,0.3764599999999999,-51.71875381469727,5.418127639489588,0.0250799999999999,0.1585735963581184,0.6793178274160646,0.1824999999999999,0.9764605276025607,1.016520455379614,1.011363536154657,0.9735320796796884,1.0909090909091828,-46.5
QN22.26.020.14.08B.02,QN22.26.020,Pu,D1,0.0010799999999999,-53.78125381469727,95.21875762939452,50.12500381469727,0.8446381189496391,-45.09375381469727,0.7749999999999999,-56.03125381469727,5.079842285744231,0.0380799999999998,0.174183514774494,0.7067794208282444,0.2512399999999999,0.9711818509129324,1.0073664070168618,1.0042105259551015,0.9480822751741754,1.0555555555555098,-51.62500381469727
QN22.26.020.14.08B.03,QN22.26.020,Pu,D1,0.0010799999999999,-48.43750381469727,96.81250381469728,55.56250381469727,-0.1679892585666572,-41.25,0.5937399999999999,-53.53125,5.199053544126543,0.0407600000000001,0.2324361313868618,0.6398203119130127,0.20856,0.9821734636764556,1.0085567592444231,0.9969111029395754,0.9477085011177748,1.076923076923044,-42.53125
QN22.26.020.14.08B.05,QN22.26.020,Pu,D1,0.0011999999999999,-48.34375,81.18750762939453,39.68750381469727,-0.1128576465921489,-41.50000381469727,0.2310399999999999,-48.96875,4.107287100916685,0.0304999999999999,0.1411906304971761,0.1698960531952031,0.1621999999999999,0.8791482339718149,1.0416665562877063,0.9383852691218132,0.8857974394521234,1.127272727272654,-43.81250381469727
QN22.26.021.14.06B.03,QN22.26.021,Pu,D1,0.0008599999999999,-54.21875381469727,89.56250762939453,49.15625381469727,1.1379102575551687,-40.40625381469727,0.5458999999999999,-54.34375381469727,4.001878975476431,0.01814,0.0516132703579355,1.7850213032744389,0.1706799999999999,0.9971056088962076,1.034505287806193,0.962278675904542,0.9242447483140888,1.095238095238196,-48.78125381469727
QN22.26.028.14.05.05,QN22.26.028,Pu,D1,0.0012,-47.96875381469727,90.68750762939452,58.03125381469727,-0.3312494717491416,-32.656253814697266,0.3469999999999999,-51.00000381469727,4.333968479525593,0.01668,0.1517743403093725,-1.0348493359164077,0.1746599999999999,0.9638586198243082,1.0173442396045054,0.9962336366010476,0.9397065532862432,1.087719298245602,-39.00000381469727
QN22.26.028.14.06.05,QN22.26.028,Pu,D1,0.0010999999999998,-50.31250381469727,76.125,35.90625,-0.1232246818391681,-40.21875,0.67962,-55.81250381469727,3.70046515403365,0.04058,0.2344038817005549,-0.0243090521916157,0.2735999999999999,0.9073322632107153,1.0621275492304325,0.999219873654382,0.9734923242089344,1.0545454545455095,-42.96875381469727
QN22.26.028.14.51.01,QN22.26.028,Pu,D1,0.0009999999999998,-41.50000381469727,76.5937557220459,47.75000381469727,0.0317793184984818,-28.84375190734864,0.72092,-46.4375,3.5979810889436665,0.0244200000000001,0.2316888045540803,-0.1946727522243541,0.2394599999999999,0.8679742134158447,0.949673206629678,0.9697916685872606,0.871940423025418,1.039999999999929,-37.37500381469727
QN22.26.036.14.01B.06,QN22.26.036,Pu,D1,0.0010599999999998,-49.75000381469727,91.25,48.71875,1.4342315718825818,-42.53125,0.6255599999999999,-54.75000381469727,4.821061210046659,0.0287999999999999,0.2502606882168919,1.1413605430052416,0.1786399999999999,0.9103344845947496,1.041477637677778,1.0146604938271604,0.9587048464985822,1.0980392156862615,-47.28125381469727
QN22.26.036.14.02B.05,QN22.26.036,Pu,D1,0.00102,-50.68750381469727,81.03125762939453,38.71875381469727,-0.5198730967065258,-42.31250381469727,0.61744,-57.37500381469727,3.99630696833849,0.0296199999999999,0.1699173932996786,0.1110771448959323,0.2149599999999999,0.9161891044403216,1.0417690375931536,0.9794117647058824,0.9291726935315762,1.1224489795919617,-45.03125381469727
QN22.26.036.14.03B.04,QN22.26.036,Pu,D1,0.0008599999999999,-46.46875381469727,90.50000381469728,53.4375,-0.0229610615896317,-37.06250381469727,0.5152599999999999,-47.40625381469727,3.56135947610315,0.0403999999999999,0.2556638400202504,0.2494084882553675,0.2520799999999999,0.9623892722859628,0.9976344637601712,1.0232142857142856,0.9259080407003448,1.0465116279068958,-39.53125381469727
QN22.26.036.14.04B.01,QN22.26.036,Pu,D1,0.0011799999999999,-48.25,85.37500381469727,49.00000381469727,1.0843596096613153,-36.375,0.2435799999999999,-48.28125381469727,4.477189358502137,0.0178799999999998,0.1385831654007123,-0.4964723505656829,0.17736,0.9329676812041034,1.040496407576747,0.9230111206159112,0.8914483959608597,1.0877192982456996,-42.84375
QN22.26.036.14.04B.03,QN22.26.036,Pu,D1,0.0011599999999999,-50.0,76.09375762939453,37.68750381469727,0.9185916236771924,-38.40625381469727,0.4862799999999999,-50.06250381469727,2.992222560315383,0.00262,0.0186556536599264,1.1616152730602922,0.2452799999999999,0.8985360138243331,1.077526238737206,0.9940977054386024,0.966959894974203,1.0877192982456996,-38.1875
QN22.26.036.14.04B.06,QN22.26.036,Pu,D1,0.0009199999999999,-45.21875,92.4375,58.375,-0.3672506609479478,-34.0625,0.54122,-48.28125381469727,5.360594912280702,0.0271399999999999,0.1234197362437469,0.1492932841641376,0.2774799999999999,0.9648599702159794,1.0032034167693316,1.0009423919082463,0.9602822056468052,1.0888888888888533,-38.40625381469727
QN22.26.036.14.04B.08,QN22.26.036,Pu,D1,0.0010799999999999,-47.00000381469727,73.59375381469727,36.3125,1.1741853795674289,-37.28125381469727,0.93418,-48.0,3.3790283650349897,0.00258,0.0230357142857145,0.345530492020539,0.2765399999999999,0.8892237076143632,1.074394569264976,0.9849290780141844,0.959636430800267,1.0740740740739447,-26.37500190734864
QN22.26.036.14.06A.02,QN22.26.036,Pu,D1,0.0007399999999999,-45.03125381469727,87.87500381469727,53.50000381469727,2.286588891535346,-34.375,0.2796999999999999,-47.71875381469727,4.472766493649811,0.01848,0.1741424802110823,3.659192522889647,0.1772199999999999,0.9134681711898388,0.990098939509792,0.9303796441485228,0.8594972430388839,1.1081081081082216,-43.40625
QN22.26.036.14.07B.02,QN22.26.036,Pu,D1,0.0008399999999999,-40.00000381469727,82.8125057220459,57.46875381469727,0.3827811574978748,-25.34375190734864,0.24902,-40.28125,5.037760128418121,0.01238,0.0227397964806584,0.9434861703931376,0.17884,1.038741649230832,1.0224043715846995,0.981343359496463,0.9479649712081428,1.047619047619098,-31.03125
QN22.26.036.14.07B.04,QN22.26.036,Pu,D1,0.00078,-48.06250381469727,78.90625381469727,44.93750381469727,2.77020701550758,-33.96875,0.95482,-48.15625381469727,3.604527756973948,0.0016800000000001,0.0157156220767083,3.3583982105165497,0.25744,0.9234981417429388,1.0137780988528666,1.0175927056206595,0.9621577293648376,1.0256410256411934,-29.43750190734864
QN22.26.036.14.51B.01,QN22.26.036,Pu,D1,0.0010799999999999,-46.06250381469727,72.81250381469727,44.21875381469727,-0.55736920712829,-28.59375,0.92104,-48.8125,3.67516570324716,0.02776,0.172123015873016,-0.4172401728556087,0.3097999999999999,0.9274315073967708,1.0440251534771738,1.0554297913819883,1.0476166983295505,1.0185185185185357,-23.03125190734864
QN23.26.001.14.15B.02,QN23.26.001,Pu,D1,0.0010799999999999,-47.84375,70.59375762939453,35.218753814697266,0.1069314197023981,-35.375003814697266,0.2373999999999999,-48.40625,3.7031751458340367,0.0026199999999998,0.0261477045908168,-0.2035230832535031,0.1533799999999999,0.937066684898642,1.1060198760739557,0.9821905609973286,0.9831659947433486,1.0370370370370752,-34.343753814697266
QN23.26.003.14.02A.02,QN23.26.003,Pu,D1,0.0012999999999998,-46.56250381469727,72.46875381469727,32.093753814697266,-0.8310164534082802,-40.375,0.98782,-50.71875,3.64000300195212,0.0591999999999999,0.3486044046637614,0.1622761145766358,0.3352399999999999,0.8286284733711807,1.107995776088582,0.9637064728649032,0.9538303809518354,1.109374999999931,-39.46875
QN23.26.003.14.10B.01,QN23.26.003,Pu,D1,0.00112,-53.50000381469727,60.75,15.75,-0.251377139696733,-45.0,0.1795399999999999,-53.90625,2.9279846151531936,0.00894,0.1380481778875857,0.1757128341802546,0.14242,0.8123665659202345,1.173357533547335,0.969978643366914,0.9071670546504734,1.1818181818182645,-46.59375
QN23.26.008.14.05A.01,QN23.26.008,Pu,D1,0.00098,-53.93750381469727,77.5,40.5,-0.2957804913994151,-37.0,0.3959599999999999,-54.06250381469727,3.4921072592512874,0.0035799999999999,0.0357570914902109,0.1805726765903485,0.1923999999999999,0.9759571533351252,1.059139878702237,0.996745222397884,0.9614935365410648,1.0624999999999425,-48.03125
QN23.26.010.14.02A.02,QN23.26.010,Pu,D1,0.0009800000000002,-49.40625381469727,83.65625,44.5,0.0429339652060001,-39.15625,0.96666,-53.03125,3.875952013869586,0.05122,0.2867540029112084,0.6319805027559585,0.2623399999999999,0.9699174454008028,1.0648967493200838,0.9902990130265884,0.9575576147985811,1.0816326530613076,-32.625
QN23.26.010.14.02A.04,QN23.26.010,Pu,D1,0.0010999999999998,-43.28125381469727,73.75000762939453,35.281253814697266,-0.4637030600676226,-38.46875381469727,1.10602,-49.59375381469727,3.477829283506111,0.0532799999999999,0.2887491870799912,0.957991118645759,0.28784,0.8444006424891791,1.052819938658855,1.0084104289318756,0.9670378927717688,1.0535714285713826,-27.125
QN23.26.016.14.04A.01,QN23.26.016,Pu,D1,0.0008999999999999,-48.15625381469727,68.43750190734863,42.125,-0.9885454555672684,-26.31250190734864,0.3368799999999999,-50.78125381469727,3.503154543592669,0.0095799999999999,0.0514279579128189,-0.9914956511672588,0.1752199999999999,0.745647816333652,0.8916030635359145,0.8851435792887385,0.6915826090558495,1.255813953488216,-23.375
QN23.26.016.14.07B.01,QN23.26.016,Pu,D1,0.00126,-37.93750381469727,87.37500381469727,49.0625,-0.564879290906152,-38.31250381469727,0.6998800000000001,-48.46875381469727,4.982137639298793,0.0483199999999999,0.3519300801165326,-0.985924172605914,0.2188999999999999,0.762200689897295,0.9207355738744452,0.9728584580749046,0.7606369647462792,1.2580645161290178,-47.0625
QN23.26.019.14.04A.04,QN23.26.019,Pu,D1,0.0009,-59.40625381469727,95.12500381469728,40.65625381469727,0.4401215075655646,-54.46875,0.39142,-61.96875,4.682045223282543,0.0481799999999998,0.3215000667289463,-0.0849335014101487,0.1595999999999999,0.8797227778603962,1.021789881198523,0.9906159073726172,0.9400274622936852,1.0681818181817608,-54.75000381469727
QN24.26.005.14v.03.01A.01,QN24.26.005,Pu,D1,0.0010000000000001,-53.31250381469727,84.81250381469727,41.15625,1.4510064122640087,-43.65625381469727,0.59954,-53.46875381469727,3.710406103228152,0.0027999999999999,0.0179395181957964,0.9059164339303472,0.20882,0.9725204680136876,1.0256409312214865,0.9689118295519098,0.8937625271608605,1.0576923076921496,-48.53125381469727
QN24.26.005.14v.03.01A.04,QN24.26.005,Pu,D1,0.0009800000000002,-53.46875381469727,79.28125,36.28125,0.6906486895499826,-43.0,1.04838,-55.03125,3.077259243371173,0.04058,0.290354894104179,0.5346698332610682,0.2238799999999999,0.9218384217423018,1.040622294763374,0.997080203128546,0.9598258104825708,1.040816326530536,-45.0
QN24.26.008.14v.04.01A.04,QN24.26.008,Pu,D1,0.00116,-48.09375,89.46875381469727,50.31250381469727,-0.0427541547505255,-39.15625,0.53604,-52.50000381469727,5.863211704626528,0.0281,0.2958517582648978,-0.1623102515262584,0.1866999999999999,0.8794963262197798,0.9931164718838,0.9810387469084914,0.8935651788264756,1.1228070175438938,-41.0
QN25.26.003.14v.07A.01,QN25.26.003,Pu,D1,0.0009199999999999,-51.21875,85.03125381469727,46.84375381469727,1.5131897606603462,-38.1875,0.1854999999999999,-51.34375381469727,3.942837790319806,0.00252,0.0314606741573043,0.6570222208211443,0.1879599999999999,0.9435307127440092,1.003335556766396,0.9746318511213686,0.8950774548174081,1.0217391304349268,-42.90625
QN25.26.005.14v.04A.02,QN25.26.005,Pu,D1,0.0010799999999999,-49.40625381469727,91.50000381469728,48.0,-0.6445704041266203,-43.50000381469727,0.3735799999999999,-56.84375381469727,4.2976924194955215,0.0362199999999999,0.2781874039938548,0.2634062956450331,0.2011799999999999,0.9598476621040204,1.0517242188795175,1.000728421027176,0.9404182091977588,1.1000000000001,-46.4375
Q21.26.009.12.02.03,Q21.26.009,Pu,D2,0.001305,-60.87500381469727,82.46875762939453,33.875003814697266,-0.0655524170194579,-48.59375381469727,0.2776399999999999,-63.03125762939453,4.3473980574821285,0.0301850000000001,0.1204725509369205,-0.7349810206656737,0.1749,0.7898099218756799,1.0928030303030305,0.9560655772872712,0.8978625927708734,1.1526104417669023,-52.75000381469727
Q21.26.013.12.01.01,Q21.26.013,Pu,D2,0.0010499999999999,-50.5,94.43750762939452,55.15625381469727,0.0889314107163699,-39.28125381469727,0.7710300000000001,-53.40625381469727,5.8403157602624765,0.0697649999999998,0.3519751778416823,0.1401579852943568,0.2215499999999999,0.9140014582829156,0.986939239068711,0.948330780660026,0.8707137790671328,1.1625615763546528,-43.21875
Q21.26.013.12.01.02,Q21.26.013,Pu,D2,0.0011799999999999,-43.25000381469727,96.18750762939452,60.34375381469727,-0.2302285951878047,-35.843753814697266,0.64951,-49.59375381469727,6.935626587931719,0.0629299999999999,0.2699873436729087,-0.7790750977611203,0.2203749999999999,0.7904647950977416,0.954118813102408,0.952212497407356,0.8106543746549202,1.2242152466368508,-43.50000381469727
Q21.26.013.12.02.02,Q21.26.013,Pu,D2,0.00094,-49.75000381469727,87.65625,49.625,0.3903828256088109,-38.03125,0.3810999999999999,-53.00000381469727,4.623192149545448,0.0248049999999999,0.1110986697720247,0.2157789161188436,0.2177299999999999,1.0322199546218147,1.0307210031347962,0.985973597359736,0.9368499206163462,1.0874316939891586,-50.5
Q21.26.013.12.02.03,Q21.26.013,Pu,D2,0.0010299999999999,-52.46875381469727,92.18750762939452,51.00000381469727,-0.4172059379251827,-41.18750381469727,0.4638549999999999,-55.93750381469727,5.006871879555954,0.0212149999999999,0.1115639461506098,-0.7115822743482448,0.2195599999999999,0.9749341484954268,1.0325462667517549,0.9496997913440784,0.909478888021202,1.09045226130657,-50.875
Q21.26.015.12.03.03,Q21.26.015,Pu,D2,0.001445,-48.25,66.65625190734863,35.5,-0.4787638550763417,-31.15625190734864,0.3613599999999999,-50.59375381469727,4.1619639583623,0.0160099999999998,0.121675026599786,-0.7652973267091023,0.19,0.8907217725006551,1.0766488330155553,0.967967969925005,0.9463073850592488,1.13090909090915,-36.96875381469727
QM22.26.003.14.07.05,QM22.26.003,Pu,D2,0.0011750000000001,-47.375,82.09375762939453,47.59375381469727,0.0043285290203414,-34.500003814697266,0.7374750000000001,-48.31250381469727,3.9580779576837433,0.0003549999999998,0.3622448979590715,0.7051446825084429,0.1970749999999999,0.9221485671712786,1.0424559909015758,0.983379390543463,0.9738709484109696,1.0635593220338404,-39.53125381469727
QM22.26.003.14.07.09,QM22.26.003,Pu,D2,0.0010000000000001,-46.75,97.31250762939452,56.75000381469727,-0.0477976474112717,-40.56250381469727,0.597585,-52.40625,4.937267608061137,0.037425,0.3144297416509142,0.9078135907557788,0.2339049999999999,0.9267090968471904,1.0277161843773153,1.0031322455343252,0.9738221436313748,1.0837696335080598,-44.8125
QM22.26.003.14.07.12,QM22.26.003,Pu,D2,0.0010700000000001,-50.0,92.53125762939452,50.12500381469727,1.8664397658389416,-42.40625381469727,0.629065,-50.71875,5.398510919312695,0.047865,0.2733580810965165,1.6865502146845657,0.2307149999999999,0.9417905797560104,1.0188565219405794,1.0074404755146866,0.9762923318121162,1.084507042253555,-42.00000381469727
QM22.26.003.14.08.01,QM22.26.003,Pu,D2,0.0011649999999999,-41.90625381469727,82.00000762939453,45.34375381469727,-0.6247164151376979,-36.65625381469727,0.482975,-45.90625381469727,5.367793091574524,0.0221200000000001,0.3809851877368264,-0.8866725511480134,0.1723499999999999,0.8679138652741429,1.0669456918203015,0.9730901746654326,0.9641394171052836,1.1327433628317367,-33.59375
QM22.26.003.14.55.04,QM22.26.003,Pu,D2,0.0008199999999999,-53.90625,96.50000762939452,50.90625381469727,-0.1861583234313982,-45.59375381469727,0.29924,-61.62500381469727,6.310932403549811,0.0457999999999998,0.2736288684430629,-1.0567057305742458,0.1959399999999999,1.0220098292459632,1.0061538456915682,1.0237595213342805,0.9517369308689808,1.073170731707251,-63.625
QM22.26.031.14.02.03,QM22.26.031,Pu,D2,0.0009399999999999,-52.12500381469727,102.68750762939452,55.68750381469727,-0.6883665787138746,-47.00000381469727,0.78984,-61.09375,4.952083083210316,0.0238399999999997,0.3615407946618112,0.3379640092415487,0.12882,0.8538513966657422,0.998880110899436,0.9391361305168008,0.8865772715141262,1.1555555555555856,-48.21875381469727
QM25.26.006.14v.15A.04,QM25.26.006,Pu,D2,0.00126,-49.00000381469727,77.59375381469727,38.65625381469727,-0.5272252901617648,-38.9375,0.5593799999999999,-55.1875,4.472417882906087,0.0520799999999999,0.2712782581518903,-0.4306321383683054,0.25556,0.8393693856804516,1.098928377634223,1.033641818393871,1.0035550686361243,1.1111111111112286,-36.46875
QN21.26.028.14.53.01,QN21.26.028,Pu,D2,0.0012,-47.59375381469727,102.18750762939452,59.15625381469727,-0.1874475839355942,-43.03125381469727,1.0135,-54.5625,6.554570100611228,0.0604199999999999,0.3997618102421595,-0.7689078092425332,0.2137199999999999,0.8124575865318775,0.9677760189823515,0.9869469757237668,0.8777556731035439,1.2105263157895043,-50.71875
QN21.26.028.14.53.03,QN21.26.028,Pu,D2,0.0010999999999999,-54.12500381469727,98.87500762939452,52.65625381469727,-0.5380226595194719,-46.21875381469727,0.4252599999999999,-58.78125,6.854273927721539,0.0378199999999999,0.2147887323943659,-0.1214173114727608,0.1767599999999999,0.8754375511752435,0.9622641536594496,0.917485191881006,0.8348395994819335,1.2075471698113287,-53.75
QN21.26.028.14.53.07,QN21.26.028,Pu,D2,0.00098,-50.5,102.00000381469728,51.18750381469727,-0.7221477019062842,-50.8125,0.4222999999999999,-65.40625762939453,5.313008693735481,0.06172,0.3331534060239663,-1.4608730779300627,0.2192799999999999,0.8512644845100665,1.0143369904840576,0.9835025393488898,0.9375998049240288,1.1276595744680875,-51.53125
QN22.26.002.14.01.05,QN22.26.002,Pu,D2,0.00123,-51.18750381469727,99.81250762939452,50.31250381469727,-0.3844437705513451,-49.50000381469727,0.76573,-55.31250381469727,6.6846833751048615,0.027625,0.3359071011673149,-0.7851972743788579,0.2273249999999999,0.7464737189760832,0.976947116554712,0.9668578738340788,0.893111667654228,1.2703862660944831,-52.65625381469727
QN22.26.009.14.3B.02,QN22.26.009,Pu,D2,0.000825,-54.81250381469727,81.87500762939453,48.75000381469727,1.2851389708516698,-33.125003814697266,0.2686249999999999,-54.90625381469727,4.045878237262533,0.0129599999999998,0.0925714285714276,0.6624690494267286,0.1821599999999999,1.015550118001778,1.052393268825574,0.9620721596946008,0.9449567534786985,1.0749999999997952,-39.43750381469727
QN22.26.010.14.01.04,QN22.26.010,Pu,D2,0.00101,-45.71875,91.03125381469728,52.03125381469727,-0.221022548581091,-39.0,0.3633099999999999,-50.71875,5.474013620086251,0.0219150000000001,0.1453972466412348,0.1241403709491745,0.176205,0.9147810747495868,1.0247734120700314,0.9596199524940616,0.9128290719079308,1.1641791044774668,-43.53125
QN22.26.010.14.08.04,QN22.26.010,Pu,D2,0.00118,-46.75,86.09375381469727,48.65625,0.1584714051692081,-37.43750381469727,0.4150099999999999,-49.6875,4.355338717207765,0.0253450000000001,0.272526881720432,0.5032024256048547,0.17822,0.8103458894642187,1.0643889567280025,0.9906701629095102,0.9508933460881882,1.1945701357465708,-40.65625381469727
QN22.26.010.14.08.05,QN22.26.010,Pu,D2,0.001125,-55.65625381469727,92.81250381469728,52.28125381469727,0.5594740418248458,-40.53125,0.3118999999999999,-56.0,5.425814348981808,0.0033749999999999,0.0331776849348724,1.1428582416069324,0.1924799999999999,0.8542982411201984,1.025769954025301,0.9855932218293558,0.9357156119679566,1.1447963800904386,-42.84375
QN22.26.010.14.08.06,QN22.26.010,Pu,D2,0.001015,-46.65625,87.09375,48.65625,-0.5406004823520162,-38.4375,0.5610649999999999,-52.18750381469727,5.465013818760153,0.04837,0.3245655237200565,-0.5171994777450318,0.2176349999999999,0.950881740968752,1.02844222499697,0.9917491749174916,0.95034832586932,1.1049999999999107,-43.50000381469727
QN22.26.010.14.51.05,QN22.26.010,Pu,D2,0.0008049999999999,-53.90625,78.8750057220459,51.34375381469727,0.2671360954036125,-27.53125190734864,0.4362,-54.40625,4.392190673767945,0.0029349999999999,0.0208659178160095,-0.6134083700043742,0.1609249999999999,1.0217596679763363,0.9729894912381024,0.9490586966879406,0.874505291465601,1.030303030302957,-30.53125190734864
QN22.26.010.14.54.02,QN22.26.010,Pu,D2,0.00096,-52.5625,99.00000762939452,54.53125381469727,-0.209415352574687,-44.46875381469727,0.5998600000000001,-60.09375381469727,6.544208309596629,0.0432449999999999,0.3127463388175732,-0.3955098411273021,0.1693449999999999,0.8354803748703427,1.0,0.9551629642683142,0.9082026825187682,1.1871657754011045,-53.37500381469727
QN22.26.010.14.54.07,QN22.26.010,Pu,D2,0.000885,-48.78125381469727,91.12500381469728,53.75,-0.4149282698720742,-37.37500381469727,0.4019949999999999,-53.90625,5.202954171985906,0.0357999999999998,0.1845313265122024,0.7189473261074194,0.2108849999999999,0.9837876975559472,1.0175335334829712,0.9957228400342172,0.939729923244254,1.0809248554912174,-42.03125
QN22.26.011.14.3A.07,QN22.26.011,Pu,D2,0.001105,-48.25,96.09375762939452,54.50000381469727,0.0564859468662208,-41.59375381469727,0.3733699999999999,-53.96875381469727,5.526250676611324,0.0467899999999998,0.4181225146329468,-0.5547281335710045,0.1632349999999999,0.866494527925659,1.0385527124694816,0.989457740373934,0.9624160703823508,1.1220657276996024,-43.3125
QN22.26.014.14.2B.02,QN22.26.014,Pu,D2,0.000985,-60.00000381469727,102.28125381469728,55.34375,-0.6977036051506269,-46.93750381469727,0.30644,-62.78125381469727,5.943114082752554,0.02746,0.0663309057091441,-0.3356703438718292,0.1694299999999999,0.91724051223489,0.9949720673819896,0.9099678527268504,0.893683694574334,1.1210526315788047,-55.71875381469727
QN22.26.014.14.4A.02,QN22.26.014,Pu,D2,0.000855,-55.96875381469727,99.68750381469728,51.75000381469727,0.5099329207547738,-47.9375,0.559885,-64.25,5.348773659442995,0.0503749999999998,0.2725993668659857,0.3062221447942027,0.1934449999999999,0.9828511020211128,1.0240385348980243,0.9708737887090264,0.9525672722222416,1.0828402366864092,-53.921875
QN22.26.014.14.4A.06,QN22.26.014,Pu,D2,0.0008799999999999,-50.5,104.25,64.53125,-0.0753121765436799,-39.71875,0.3718099999999999,-55.96875381469727,6.760253467188536,0.037835,0.2044582545258042,-0.099469800266464,0.211385,0.9510446474412316,1.013248221939388,0.9810575218958184,0.9613431490330048,1.0994152046783716,-45.34375381469727
QN22.26.014.14.5B.02,QN22.26.014,Pu,D2,0.0010599999999999,-55.1875,95.00000762939452,55.31250381469727,0.1920560031892869,-39.68750381469727,0.3826049999999999,-61.00000381469727,6.452606498084139,0.0435499999999999,0.2126309108219612,-0.2998342799803348,0.206115,0.9468675612183368,1.0322033876095609,0.970335675253708,0.9501386768909664,1.1170731707316015,-41.28125381469727
QN22.26.015.14.01B.04,QN22.26.015,Pu,D2,0.0011099999999999,-62.0625,92.06250381469728,48.96875,-0.2561791705102493,-43.09375381469727,0.1752749999999999,-62.28125381469727,6.1743352885770815,0.0047650000000001,0.0574650265315982,0.0559558461926344,0.1323999999999999,0.804180457918756,0.9295180774721388,0.887277530494441,0.7481538265169401,1.2222222222222818,-50.40625
QN22.26.015.14.01B.06,QN22.26.015,Pu,D2,0.0010299999999999,-58.25000381469727,102.71875381469728,56.0,-0.0091727427800346,-46.71875381469727,0.3709199999999999,-61.71875381469727,6.467655553142566,0.0356849999999999,0.1822848823844914,-0.1805091483887911,0.1794649999999999,0.9028643225992726,1.0147058122932944,0.9717105285877004,0.9374274235604076,1.1224489795918344,-55.21875381469727
QN22.26.015.14.01B.07,QN22.26.015,Pu,D2,0.00102,-50.37500381469727,99.25000381469728,53.37500381469727,0.2678348330246156,-45.875,1.10379,-62.53125381469727,5.810066909031495,0.065085,0.418526139798084,0.1624834930002108,0.232825,0.8777221984321912,1.036452079022061,0.9891157292995324,0.953789220858124,1.1280788177339556,-46.34375
QN22.26.015.14.05B.03,QN22.26.015,Pu,D2,0.0010949999999999,-57.65625,95.37500381469728,51.03125381469727,0.6386236881781655,-44.34375,0.25833,-58.12500381469727,5.52948932553841,0.00374,0.0296155521241642,0.3386554649430291,0.1617099999999999,0.9460600297509796,1.0240739969080044,0.9844193499081532,0.9186594649726296,1.100917431192605,-50.65625
QN22.26.015.14.06B.01,QN22.26.015,Pu,D2,0.0012149999999999,-54.90625381469727,89.28125381469727,40.03125,-0.276183219257187,-49.25000381469727,0.3417149999999999,-59.93750381469727,4.572437866797208,0.0464199999999999,0.3991573154477827,0.0034638126052528,0.1644049999999999,0.7549124005205826,0.8538960362108078,1.1025824964131994,0.8770909637518237,1.1302521008403592,-49.15625381469727
QN22.26.015.14.06B.03,QN22.26.015,Pu,D2,0.001035,-54.50000381469727,91.21875381469728,48.34375,-0.2643151605962849,-42.87500381469727,0.427745,-60.25000381469727,6.192517594528382,0.0329649999999999,0.27311516155758,0.2618383553224876,0.184815,0.9821335516135176,1.0476190437745558,1.020164208714142,0.9619399750876824,1.1149999999999762,-50.0
QN22.26.020.14.02.04,QN22.26.020,Pu,D2,0.001,-49.71875381469727,84.12500381469727,43.59375381469727,0.714570515447828,-40.53125,0.4723,-50.875,4.183141989090296,0.00248,0.0201005025125631,0.9520289946576526,0.2046199999999999,0.8772821229535342,1.0652492610227289,1.0103584674623316,0.9741522117152108,1.0612244897958676,-36.09375381469727
QN22.26.021.14.06B.02,QN22.26.021,Pu,D2,0.00094,-48.5,87.46875,49.4375,0.2821535272531881,-38.03125,0.23614,-53.03125,4.829409691768082,0.02298,0.1932716568544995,0.6643016177573919,0.1571,0.9491010890806996,1.012017632171215,0.974047138743157,0.917952371031363,1.1304347826088372,-45.46875
QN22.26.021.14.08B.02,QN22.26.021,Pu,D2,0.0010599999999999,-52.78125381469727,92.09375381469728,54.68750381469727,-0.4750300949013156,-37.40625,0.21292,-54.37500381469727,5.5658648246207045,0.0119599999999999,0.1307389593353735,-0.5617550245313008,0.1471199999999999,0.8419603561703677,0.9583332683421992,0.8415766012908134,0.7854755765758591,1.1960784313725237,-45.09375381469727
QN22.26.021.14.08B.05,QN22.26.021,Pu,D2,0.0009799999999999,-56.0,98.31250381469728,57.46875381469727,-0.4590583858777491,-40.84375,0.2949999999999999,-56.0625,5.377886453286917,0.02078,0.1388480555926767,0.3741233404422484,0.1633799999999999,0.994033169284718,1.0153089109520157,0.9992336230063136,0.9642052802031784,1.04166666666671,-46.59375
QN22.26.027.14.04.03,QN22.26.027,Pu,D2,0.00116,-55.53125381469727,94.68750381469728,50.90625381469727,0.4690839912849325,-43.78125,0.5665199999999999,-61.00000381469727,5.608827201719518,0.03584,0.2864450127877243,-0.1608638218048457,0.1998799999999999,0.8071597964866593,0.981549890572148,0.9921596585581418,0.8614124805967819,1.200000000000101,-51.96875381469727
QN22.26.028.14.03.01,QN22.26.028,Pu,D2,0.0013799999999999,-49.6875,85.21875381469727,49.0625,-0.4774060161200266,-36.15625381469727,0.2537,-49.84375,4.696512509131692,0.01844,0.157257376769572,0.2297986804664565,0.1785999999999999,0.8511611859363024,0.9969306325197536,0.8889796914859693,0.8095091224000843,1.2063492063493364,-47.50000381469727
QN22.26.028.14.04.03,QN22.26.028,Pu,D2,0.0009399999999999,-58.40625381469727,96.06250381469728,45.25000381469727,0.292548490010765,-50.8125,0.5112399999999999,-63.18750381469727,5.415771092901558,0.0525799999999998,0.3058043503547742,0.2185062781225607,0.2200599999999999,0.9293457080478832,0.9992996344644128,1.0050664973917234,0.9045657028582978,1.1521739130436437,-61.34375
QN22.26.028.14.54B.05,QN22.26.028,Pu,D2,0.0009599999999999,-51.56250381469727,96.46875381469728,54.03125381469727,-0.8070114237670823,-42.4375,0.3992199999999999,-55.87500381469727,5.991047077960656,0.0315399999999999,0.1928108570729911,-0.6913341643685037,0.1682999999999999,0.9373881600532298,1.029291151976813,1.0238645111624327,0.9343634298304848,1.085106382978814,-46.37500381469727
QN22.26.036.14.01B.05,QN22.26.036,Pu,D2,0.0008399999999999,-51.9375,95.96875381469728,56.34375381469727,-1.5281443217019224,-39.625,0.41394,-55.21875381469727,5.520927421815279,0.0204200000000001,0.2035080725533195,-1.2917297497820168,0.1712999999999999,1.0213839307107442,1.0254668221963468,1.0,0.9868585471034982,1.0714285714285054,-43.17187690734863
QN22.26.036.14.02B.02,QN22.26.036,Pu,D2,0.0009,-55.15625381469727,88.68750762939453,49.40625381469727,0.4039654213610699,-39.28125381469727,0.5612199999999999,-56.18750381469727,5.059409450119016,0.0246999999999999,0.1681415929203535,-0.0076876653920899,0.2097,0.9223470060346638,1.0262989095574089,0.9740361919748228,0.9196307911793352,1.111111111110974,-48.34375
QN22.26.036.14.02B.03,QN22.26.036,Pu,D2,0.00116,-48.28125381469727,78.12500381469727,45.9375,0.1739857161501526,-32.187503814697266,0.2982399999999999,-49.15625381469727,5.147741789903621,0.0143999999999999,0.1330622805396412,0.4086018832793491,0.20706,0.7968687392217599,0.9820955716646634,0.8864502784262762,0.8033564412713916,1.2641509433962936,-43.50000381469727
QN22.26.036.14.02B.04,QN22.26.036,Pu,D2,0.0008599999999999,-54.78125381469727,94.125,51.9375,0.7322643670627756,-42.1875,0.41184,-56.53125381469727,5.562472880103784,0.02736,0.1828388131515639,0.874885595674093,0.1955,0.9440970561123552,1.0116420811939553,0.9798056260810116,0.951863851241184,1.0952380952380512,-49.40625381469727
QN22.26.036.14.04B.05,QN22.26.036,Pu,D2,0.0010999999999999,-53.1875,78.78125381469727,35.375003814697266,-0.0194614992622437,-43.40625,0.39524,-56.34375381469727,3.832435378759542,0.03766,0.3216054654141762,-0.6500068522886587,0.17986,0.8421271592512959,1.1085712996917667,1.0007337652753576,0.9787304127756078,1.1132075471697085,-44.34375
QN22.26.036.14.04B.07,QN22.26.036,Pu,D2,0.00102,-46.84375381469727,91.78125381469728,52.8125,-0.2106202525953542,-38.96875381469727,0.5952999999999999,-51.53125,5.855587472816046,0.0409399999999999,0.3644943019943019,-0.2400664681283346,0.1978599999999999,0.8524255546226269,1.013553329404832,0.9926589549965832,0.9565939419849016,1.1632653061225022,-42.84375
QN22.26.036.14.05B.04,QN22.26.036,Pu,D2,0.0012,-52.3125,87.34375762939453,42.09375381469727,-0.5310876289399158,-45.25000381469727,1.0581199999999995,-56.90625381469727,6.2387834142674246,0.0544599999999999,0.338597363839841,-0.0316188136206502,0.2393799999999999,0.814095729467205,0.9667924528301888,0.9643107067879636,0.897019078207222,1.213114754098301,-51.84375
QN22.26.036.14.06A.03,QN22.26.036,Pu,D2,0.0007399999999999,-42.00000381469727,87.62500762939453,55.53125381469727,2.7883868132493888,-32.093753814697266,0.8006,-45.375,4.116606107797818,0.0208399999999999,0.1899034080554034,1.2587816511807848,0.18908,0.9953964874309924,1.0266821326814988,1.031568163989894,0.9533251929541484,1.0540540540541108,-37.90625
QN22.26.036.14.06A.04,QN22.26.036,Pu,D2,0.00078,-52.50000381469727,88.18750381469727,50.21875381469727,0.7854402570365654,-37.96875,0.3611999999999999,-54.0,5.133201225952462,0.02552,0.2172654520687906,0.2433936455241489,0.17308,0.9629355159440008,1.0186683246553527,0.960264904677546,0.8965697676335953,1.1025641025640625,-43.53125
QN22.26.036.14.06A.05,QN22.26.036,Pu,D2,0.0008199999999999,-51.40625381469727,87.93750381469727,49.50000381469727,0.1978466874534643,-38.4375,0.2317199999999999,-52.84375381469727,5.147651673163726,0.0155,0.0294856186273019,0.4565317719051792,0.1619999999999999,0.9081382322504674,1.0129789864029666,0.9223058663912383,0.8509473617346766,1.1749999999998924,-43.09375381469727
QN22.26.036.14.07B.03,QN22.26.036,Pu,D2,0.0006999999999999,-49.4375,92.03125,55.59375,1.1505195477087464,-36.4375,1.01998,-49.84375,5.222170886544791,0.02834,0.2062290787367196,2.361268597431857,0.2039999999999999,1.0359063273532756,1.022033896785489,1.0114235500878734,0.9873097153876766,1.057142857142753,-42.5
QN22.26.036.14.51B.02,QN22.26.036,Pu,D2,0.00092,-50.40625,89.00000762939453,51.78125381469727,1.7025742591270914,-37.21875381469727,0.8601999999999999,-50.5625,5.060700397919847,0.0022599999999999,0.0148684210526311,0.9747288719538916,0.2487999999999999,0.945505871327166,1.0182038821467514,1.039349871685201,1.0052762192190643,1.0212765957444647,-40.03125
QN23.26.008.14.06B.01,QN23.26.008,Pu,D2,0.0009799999999999,-60.50000381469727,85.53125381469727,41.59375381469727,0.1505458835995115,-43.9375,0.18784,-60.625,4.141280738771037,0.0036,0.0446650124069484,0.7011091383670826,0.1562599999999999,0.8426653358829568,1.0177469135802468,0.927494615936827,0.8616456797556076,1.1739130434781877,-48.96875
QN23.26.017.14v.05A.02,QN23.26.017,Pu,D2,0.0012199999999999,-49.375,83.68750762939453,50.78125381469727,-1.0907721043625735,-32.906253814697266,0.5557999999999998,-51.25000381469727,5.622336640800473,0.0145999999999999,0.081183274021352,-1.084415269852438,0.2146999999999999,0.8873596859120771,0.9400000762939452,0.97270955165692,0.8087305031620513,1.098360655737621,-36.28125
QN23.26.017.14v.05A.03,QN23.26.017,Pu,D2,0.0013799999999999,-47.03125381469727,74.7187557220459,44.00000381469727,-0.7013804801591397,-30.71875190734864,0.4856999999999999,-49.75000381469727,3.730815547838104,0.02132,0.1362126245847176,-0.6049063504474707,0.2166799999999999,0.8887106075660053,0.8652738631630493,0.9517587355871928,0.7503372086128237,1.1142857142857527,-39.03125381469727
QN23.26.017.14v.05A.04,QN23.26.017,Pu,D2,0.0011399999999999,-44.00000381469727,60.43750381469727,31.43750190734864,-0.6266625656761121,-29.00000190734864,0.4075799999999999,-48.46875381469727,2.9692628347856296,0.0233399999999999,0.1436661332020183,-0.212532666025468,0.1772399999999999,0.8481225625354372,0.972055830714568,0.9849462375471062,0.8198305852775128,1.0847457627120465,-32.500003814697266
QN23.26.019.14.04A.02,QN23.26.019,Pu,D2,0.0008399999999999,-50.68750381469727,102.31250381469728,52.68750381469727,-1.132572394176104,-49.625,0.4946799999999999,-59.5,4.602643451477444,0.04038,0.2527541311967958,-0.7244895618324281,0.2054799999999999,0.9398086365406872,1.0065631725110495,1.001913265157173,0.9430392917462818,1.073170731707251,-52.15625
QN23.26.019.14.13B.02,QN23.26.019,Pu,D2,0.0012199999999999,-55.37500381469727,74.31250381469727,34.375,-0.222619239234722,-39.93750381469727,0.13428,-55.68750381469727,3.6468215253353655,0.0040599999999999,0.0128269935549094,-0.1466657745203247,0.12704,0.904874753697204,1.072587532023911,0.8694689482770308,0.877415404566318,1.1639344262295812,-43.68750190734863
QN24.26.003.14.07.01,QN24.26.003,Pu,D2,0.00086,-64.03125,101.06250762939452,48.43750381469727,-0.8580052255663131,-52.62500381469727,0.52016,-67.625,5.321743008637091,0.042,0.1728964268071794,-0.0465618086038933,0.1445999999999999,0.9876241738885468,1.0299800946504414,0.9802158287860072,0.9686651908570104,1.0909090909089303,-58.25000381469727
QN24.26.003.41.05.01A.01,QN24.26.003,Pu,D2,0.0008799999999999,-54.03125381469727,92.12500762939452,48.31250381469727,0.0688519444138812,-43.81250381469727,0.2603,-58.87500381469727,5.499746144383503,0.0269399999999999,0.2093565433633815,0.7171614958072279,0.20628,0.959425740740322,1.0093240086607316,0.9564874383467662,0.9101565385880386,1.1162790697673035,-47.3125
QN24.26.003.41.05.01A.02,QN24.26.003,Pu,D2,0.00112,-56.28125381469727,81.25000762939453,34.250003814697266,-0.0877983512711299,-47.00000381469727,0.32408,-59.15625381469727,3.8066067143165,0.0260599999999999,0.1120763805264061,-0.729409208794588,0.15214,0.8954477768774144,1.088422971741112,0.9864773506766152,0.963266332892432,1.0727272727272452,-48.12500381469727
QN24.26.008.14v.06.01A.04,QN24.26.008,Pu,D2,0.00124,-49.15625381469727,87.34375762939453,43.50000381469727,-0.2252798478520524,-43.84375381469727,0.5013399999999999,-53.87500381469727,5.805007918123956,0.0526999999999999,0.3797924473911788,-0.9190576404845576,0.2065599999999999,0.7913015465008865,0.9761042722664736,0.9592696629213484,0.8320842480387008,1.213114754098301,-45.96875381469727
QN24.26.010.41.02.03,QN24.26.010,Pu,D2,0.0010399999999999,-53.00000381469727,83.40625381469727,44.75,-0.706245302618673,-38.65625381469727,0.4083799999999999,-59.5,5.299432969061376,0.03224,0.1665633395329616,-0.4405391523053339,0.1922599999999999,0.941876604925175,1.0379383488178535,0.9727344677289492,0.9317589912885684,1.0980392156862615,-43.03125381469727
QN24.26.013.14.04A.03,QN24.26.013,Pu,D2,0.0014199999999999,-44.4375,57.5000057220459,17.250001907348633,-1.231438978902692,-40.25000381469727,1.08634,-50.5,3.522720767248942,0.0566999999999999,0.345858240819812,0.2592451074066099,0.2659199999999999,0.8913129072298367,1.1470588235294117,1.0180533751962324,0.996349265806491,1.0845070422534506,-30.12500190734864
QN24.26.014.14v.04A.02,QN24.26.014,Pu,D2,0.0009799999999999,-56.15625,74.25000762939453,41.18750381469727,-0.6657206489583444,-33.062503814697266,0.2910399999999999,-61.34375,3.5870448983150744,0.0274399999999999,0.1067704280155638,-0.2956739792431647,0.1752399999999999,0.8854580592824111,0.9304732887698484,0.9241748438893844,0.7309799768809666,1.1777777777778298,-47.9375
QN24.26.015.14v.12.07,QN24.26.015,Pu,D2,0.0012799999999999,-45.875,67.3437557220459,42.56250381469727,-0.7291540697133103,-24.78125190734864,0.8399999999999999,-46.68750381469727,3.2044404164408333,0.0065199999999998,0.0581727337615976,-0.2823296406931083,0.4105,0.8850761218667482,0.9853657698369984,1.023427865067912,0.927539735829304,1.0645161290323273,-36.25000381469727
QN24.26.017.15.02.01B.01.01,QN24.26.017,Pu,D2,0.0007,-51.90625381469727,95.53125762939452,54.50000381469727,-0.49690406606743,-41.03125381469727,0.2544799999999999,-56.28125381469727,5.2814348990631945,0.0142199999999999,0.1229253112033186,0.8384502875584728,0.1506599999999999,1.0006977179883976,1.0259666024641156,0.974397500794422,0.9476634543213326,1.0857142857143809,-46.427084604899086
QN25.26.004.14v.03A.03,QN25.26.004,Pu,D2,0.0010999999999999,-53.40625381469727,97.875,51.84375,-1.289871322805966,-46.03125,0.4146999999999999,-58.68750381469727,6.4860997429441145,0.0353400000000001,0.3871603856266438,-0.5719966323160682,0.1775599999999999,0.7799509618423538,0.9842995180655572,1.01259622113366,0.9013549005899903,1.2352941176470715,-52.90625381469727
QM22.26.003.14.06.04,QM22.26.003,Pu,Hybrid,0.0010999999999999,-47.6875,85.37500381469727,49.50000381469727,-1.086083481784773,-35.875,0.2188549999999999,-54.81250381469727,5.593061470080429,0.0130399999999999,0.0573931031447369,-0.2516663450035705,0.1430449999999999,0.7378282042240826,1.0231958762886595,0.7718518518518519,0.7987983183082629,1.4555555555556967,-49.50000381469727
QN22.26.011.14.10A.01,QN22.26.011,Pu,Hybrid,0.00137,-38.9375,72.50000762939453,39.34375381469727,-1.0161385651490429,-33.156253814697266,0.908835,-45.53125,4.690048928058161,0.0089599999999999,0.2796504369538071,-0.5995384286652496,0.13787,0.2140357114881305,0.7324238775408124,0.3354609855090431,0.1318494451519689,3.443946188340837,-44.97916793823242
QN22.26.020.14.53B.03,QN22.26.020,Pu,Hybrid,0.0010399999999999,-35.531253814697266,89.81250762939453,56.75000381469727,-1.0512775765180276,-33.062503814697266,0.26392,-50.8125,5.123055098487932,0.04102,0.2060478199718709,0.1970014155568994,0.2082399999999999,0.7823625353484489,0.9544205840162444,0.8565217012863343,0.780982239778478,1.4042553191490117,-42.81250381469727
QN22.26.036.14.01B.02,QN22.26.036,Pu,Hybrid,0.0009799999999999,-41.37500381469727,77.8125057220459,47.15625381469727,-1.1011787974755196,-30.65625190734864,0.2297399999999999,-50.28125381469727,4.6762114376266455,0.0224199999999999,0.2327174589993769,-0.4061774019952946,0.15574,0.7236092194740218,0.9091483420001972,0.6225114272663366,0.6025743470631442,1.3488372093024277,-45.84375381469727
QN22.26.036.14.01B.03,QN22.26.036,Pu,Hybrid,0.00136,-38.53125,64.81250381469727,32.750003814697266,-0.4646275201802624,-32.0625,0.52416,-47.40625381469727,4.110397290979657,0.0299399999999998,0.1675808798835769,1.0996543000178265,0.1657799999999999,0.7617796853081679,1.150826499823799,0.8371277564024109,0.8662800274939748,1.2833333333332515,-42.46875
QN22.26.036.14.07B.05,QN22.26.036,Pu,Hybrid,0.00068,-43.21875,79.96875381469727,46.37500381469727,0.2918944500984034,-33.59375,0.22658,-51.40625381469727,4.135927985307744,0.0257399999999998,0.0723969173651343,1.7699192731274913,0.1371,0.7962758536625397,0.9742690772341008,0.7807571459267794,0.8206501318564926,1.2666666666667283,-44.45312881469727
QN23.26.017.14v.05A.05,QN23.26.017,Pu,Hybrid,0.0014199999999999,-38.56250381469727,71.8750057220459,48.87500381469727,-0.9034777114292528,-23.00000190734864,0.4183599999999999,-45.34375381469727,4.011872320486425,0.0407199999999998,0.1333246021871516,-1.5127170133843542,0.1651599999999999,0.5622780717861439,0.8275000762939453,0.757177033492823,0.4817605787716652,1.5862068965517109,-33.687503814697266
QN23.26.017.14v.05A.06,QN23.26.017,Pu,Hybrid,0.0013999999999999,-44.1875,74.21875381469727,37.53125381469727,-0.8648553174291483,-36.6875,0.2833999999999999,-50.84375381469727,4.017409502738851,0.03342,0.1955529549444119,-0.554868720412727,0.14296,0.7910741675789943,0.942708339404176,0.813642842524833,0.6947808592982332,1.3076923076923668,-77.96875762939453
QN24.26.015.14v.13.08,QN24.26.015,Pu,Hybrid,0.00142,-49.6875,70.21875,36.9375,-0.5408070939924868,-33.28125,0.29918,-60.00000381469727,4.93971202381374,0.0323599999999999,0.1869223659889091,-1.5831538931356957,0.17518,0.8518944802477724,1.0188840134115966,0.8262196052365187,0.8364158539525515,1.208955223880722,-42.0
QN25.26.002.14v.06A.02,QN25.26.002,Pu,Hybrid,0.00114,-46.09375,86.53125762939453,36.71875381469727,0.1076272619608776,-49.81250381469727,0.1872599999999999,-49.15625381469727,4.886530938704132,0.03302,0.2962497757042889,-0.0459048927079915,0.1323999999999999,0.812947202573941,1.0723404180164955,0.8745294185984446,0.8862921399081706,1.2631578947368065,-54.40625381469727
