MSN_unique_ID,A10161_Batch4,A10162_Batch4,A10163_Batch4,A10167_Batch4,A10184_Batch4,A10243_Batch4,A11114_Batch4,A11126_Batch4,A11156_Batch4,A11181_Batch4,A11186_Batch4,A11274_Batch4,A1174_Batch4,A20256113_Batch7,A20256116_Batch7,A20256117_Batch7,A20256162_Batch7,A20256163_Batch7,A20256164_Batch7,A20256171_Batch7,A20256173_Batch7,A20256177_Batch7,A20256202_Batch7,A20256206_Batch7,A20256263_Batch7,A20256274_Batch7,A20256303_Batch7,A20256307_Batch7,A2025644_Batch7,A2025647_Batch7,A2025653_Batch7,A2025654_Batch7,A2025656_Batch7,A20257151_Batch7,A20257152_Batch7,A20257156_Batch7,A2025716_Batch7,A2025717_Batch7,A20257171_Batch7,A20257172_Batch7,A20257174_Batch7,A20257178_Batch7,A20257186_Batch7,A2025731_Batch7,A2025735_Batch7,A2025781_Batch7,A2025784_Batch7,A2025794_Batch7,A2025795_Batch7,A2025796_Batch7,D2510215_Batch8,D251022_Batch8,D2510232_Batch8,D251027_Batch8,D251033_Batch8,D251064_Batch8,D251072_Batch8,D251075_Batch8,D251076_Batch8,D251081_Batch8,D251162_Batch8,D251171_Batch8,D251172_Batch8,D251174_Batch8,D258155_Batch8,D258182_Batch8,D258224_Batch8,D259101_Batch8,D259121_Batch8,D259122_Batch8,D259161_Batch8,D259162_Batch8,D259164_Batch8,D25943_Batch8,D25952_Batch8,D25953_Batch8,D25992_Batch8,D25993_Batch8,D25995_Batch8,J10104_Batch3,J10114_Batch3,J10141_Batch3,J10145_Batch3,J10147_Batch3,J10152_Batch3,J10153_Batch3,J10156_Batch3,J1022_Batch3,J1074_Batch3,J1082_Batch3,J4235_Batch6,J4241_Batch6,J4281_Batch6,J4283_Batch6,J4285_Batch6,J5146_Batch6,J5161_Batch6,J5164_Batch6,J5167_Batch6,J5191_Batch6,J5192_Batch6,J5195_Batch6,J5205_Batch6,J5214_Batch6,J5216_Batch6,J5223_Batch6,J5227_Batch6,M1164_Batch5,M1175_Batch5,M12132_Batch5,M1275_Batch5,M1276_Batch5,M1293_Batch5,M1296_Batch5,M2103_Batch5,M2121_Batch5,M2253_Batch5,M2255_Batch5,M234_Batch5,M251_Batch5,M253_Batch5,M266_Batch5,M272_Batch5,M3111_Batch5,M3122_Batch5,M3124_Batch5,M3214_Batch5,M3263_Batch5,M3266_Batch5,M3271_Batch5,M3272_Batch5,M3273_Batch5,M3282_Batch5,M3285_Batch5,M3311_Batch5,M332_Batch5,M342_Batch5,M354_Batch5,M362_Batch5,M4112_Batch5,M4113_Batch5,M4114_Batch5,M4115_Batch5,M4116_Batch5,M414_Batch5,M4155_Batch5,M416_Batch5,M4164_Batch5,M4167_Batch5,M417_Batch5,M4172_Batch5,M4173_Batch5,M4176_Batch5,M4178_Batch5,M4179_Batch5,M4181_Batch5,M4182_Batch5,M4185_Batch5,M4186_Batch5,M421_Batch5,M42210_Batch5,M4225_Batch5,M4231_Batch5,M4237_Batch5,M4243_Batch5,M4246_Batch5,M4248_Batch5,M4252_Batch5,M4253_Batch5,M431_Batch5,M472_Batch5,M483_Batch5,M484_Batch5,M491_Batch5,M496_Batch5,M497_Batch5,M498_Batch5,O1013_Batch2,O8204_Batch2,O8211_Batch2,O8221_Batch2,O8233_Batch2,O8244_Batch2,O8273_Batch2,O9161_Batch2,O9242_Batch2,O935_Batch2
A10161_Batch4,1.0,1.0,0.03225806451612903,0.4233128834355828,1.0,0.3161290322580645,0.01592356687898089,1.0,0.471875,0.3086816720257235,0.0182370820668693,0.01875,1.0,0.2984126984126984,0.2870967741935484,0.44193548387096776,0.01948051948051948,0.0,0.8504983388704319,0.9968253968253968,0.009900990099009901,0.04416403785488959,0.02875399361022364,0.006578947368421052,0.0,0.7247706422018348,0.0,0.9644012944983819,1.0,0.8738170347003155,0.9969325153374233,0.9967532467532467,1.0,0.934640522875817,0.0189873417721519,0.28903654485049834,0.9493670886075949,0.0,0.2981366459627329,0.21671826625386997,0.968944099378882,0.0,0.039735099337748346,0.01567398119122257,1.0,0.11428571428571428,0.038338658146964855,0.9012345679012346,0.25705329153605017,0.8814102564102564,0.4,0.0,0.3665594855305466,0.2953846153846154,0.019736842105263157,0.615625,0.0,0.41423948220064727,1.0,0.303125,0.0033444816053511705,0.96,0.6105610561056105,0.08201892744479496,0.9113149847094801,0.27586206896551724,0.0,0.9935275080906149,0.06976744186046512,0.459546925566343,0.0,0.17834394904458598,0.4448051948051948,0.6314102564102564,0.6130030959752322,0.06707317073170732,0.6078431372549019,0.3717948717948718,0.0,1.0,1.0,0.0,0.720125786163522,0.6363636363636364,0.016181229773462782,0.25,0.3333333333333333,0.8952380952380953,0.9169435215946844,0.22981366459627328,0.996742671009772,1.0,1.0,0.03194888178913738,0.3246753246753247,1.0,0.9642857142857143,0.30030959752321984,0.2508038585209003,1.0,0.003003003003003003,1.0,1.0,1.0,0.013201320132013201,0.31309904153354634,0.013114754098360656,0.9968051118210862,1.0,0.02,0.022292993630573247,0.021671826625386997,0.7051282051282052,0.04220779220779221,0.61198738170347,0.04153354632587859,0.5673076923076923,0.0,0.27741935483870966,0.6153846153846154,0.9839743589743589,0.5401929260450161,0.5993690851735016,0.3354632587859425,0.9404388714733543,0.3090909090909091,0.0,0.984472049689441,0.3961038961038961,0.019169329073482427,0.46153846153846156,1.0,0.35802469135802467,0.8240740740740741,0.022292993630573247,0.009404388714733543,0.2698412698412698,0.2445141065830721,1.0,0.3064516129032258,0.2875,0.29518072289156627,0.939297124600639,0.12779552715654952,0.9868852459016394,0.39087947882736157,1.0,0.6321070234113713,1.0,0.6061538461538462,0.4074074074074074,0.3076923076923077,0.39490445859872614,0.014925373134328358,0.9811912225705329,0.964968152866242,0.819047619047619,1.0,0.21639344262295082,0.3180327868852459,0.022950819672131147,0.0,0.5851393188854489,0.9672131147540983,0.3219814241486068,1.0,0.5981308411214953,0.0,1.0,0.9783950617283951,0.9577039274924471,0.24516129032258063,0.9235474006116208,0.0,0.0,0.031746031746031744,0.3032258064516129,0.2772585669781931,0.17405063291139242,0.3949843260188088,1.0,0.9967741935483871,0.9660493827160493,0.6273291925465838,0.2948328267477204,0.009933774834437087,0.018461538461538463
A10162_Batch4,1.0,1.0,0.02786377708978328,0.4437869822485207,1.0,0.30303030303030304,0.021148036253776436,1.0,0.4884393063583815,0.33015873015873015,0.02631578947368421,0.015151515151515152,1.0,0.3132530120481928,0.27300613496932513,0.4369230769230769,0.018575851393188854,0.0,0.8466257668711656,0.9968944099378882,0.009554140127388535,0.039634146341463415,0.02694610778443114,0.006269592476489028,0.0,0.7196531791907514,0.0,0.9573170731707317,1.0,0.8772455089820359,0.9970238095238095,0.9938650306748467,1.0,0.9292307692307692,0.02023121387283237,0.30094043887147337,0.9525222551928784,0.0,0.3,0.24705882352941178,0.9647058823529412,0.0,0.030959752321981424,0.02108433734939759,1.0,0.11695906432748537,0.038461538461538464,0.9117647058823529,0.25588235294117645,0.8787878787878788,0.41887905604719766,0.0,0.38580246913580246,0.282798833819242,0.01557632398753894,0.601823708206687,0.0,0.3987538940809969,1.0,0.29393939393939394,0.0031847133757961785,0.9470588235294117,0.5886075949367089,0.09253731343283582,0.9152046783625731,0.27299703264094954,0.0,0.9785276073619632,0.0759493670886076,0.4880239520958084,0.0,0.17771084337349397,0.425531914893617,0.6234177215189873,0.6011904761904762,0.08259587020648967,0.6006191950464397,0.3498452012383901,0.0,1.0,1.0,0.0,0.7232142857142857,0.6441717791411042,0.01529051987767584,0.26625386996904027,0.3217665615141956,0.9,0.9079754601226994,0.2359882005899705,0.9938461538461538,1.0,1.0,0.03426791277258567,0.33647798742138363,1.0,0.9507692307692308,0.2964071856287425,0.2616822429906542,1.0,0.002881844380403458,1.0,1.0,0.9967213114754099,0.015479876160990712,0.3323353293413174,0.012269938650306749,0.9970326409495549,1.0,0.012195121951219513,0.0121580547112462,0.01791044776119403,0.7160883280757098,0.043076923076923075,0.5838323353293413,0.034375,0.5930599369085173,0.0,0.2716049382716049,0.5905044510385756,0.9815950920245399,0.5817610062893082,0.5735735735735735,0.34441087613293053,0.9402985074626866,0.30523255813953487,0.0,0.9852507374631269,0.3793103448275862,0.018575851393188854,0.49693251533742333,1.0,0.3663663663663664,0.8387096774193549,0.024464831804281346,0.0060790273556231,0.27076923076923076,0.254601226993865,1.0,0.31722054380664655,0.2818181818181818,0.27596439169139464,0.9343283582089552,0.12615384615384614,0.9879518072289156,0.36419753086419754,1.0,0.610223642172524,0.9969135802469136,0.5918367346938775,0.4260355029585799,0.29102167182662536,0.41411042944785276,0.01694915254237288,0.9826086956521739,0.9554896142433235,0.803030303030303,1.0,0.21316614420062696,0.30864197530864196,0.02476780185758514,0.0,0.5747800586510264,0.9685534591194969,0.3202416918429003,1.0,0.5863095238095238,0.0,1.0,0.9792899408284024,0.9481268011527377,0.25925925925925924,0.9196428571428571,0.0,0.0,0.0243161094224924,0.2912912912912913,0.2915451895043732,0.1676829268292683,0.4166666666666667,1.0,0.9969788519637462,0.9578313253012049,0.5970149253731343,0.311046511627907,0.00625,0.02318840579710145
A10163_Batch4,0.03225806451612903,0.02786377708978328,1.0,0.05864197530864197,0.03821656050955414,0.48286604361370716,0.2761904761904762,0.03215434083601286,0.012307692307692308,0.4045307443365696,0.2668711656441718,0.6624203821656051,0.031446540880503145,0.3888888888888889,0.5297805642633229,0.24842767295597484,0.267741935483871,0.6529968454258676,0.134185303514377,0.038338658146964855,0.0,0.9935691318327974,0.7682539682539683,0.7781456953642384,0.7387096774193549,0.182370820668693,0.7142857142857143,0.03492063492063492,0.032362459546925564,0.024844720496894408,0.025,0.04516129032258064,0.03205128205128205,0.04950495049504951,0.26865671641791045,0.40924092409240925,0.06329113924050633,0.0033003300330033004,0.39814814814814814,0.2546583850931677,0.04819277108433735,0.7554179566563467,1.0,0.3280757097791798,0.031746031746031744,0.6151419558359621,0.27906976744186046,0.052795031055900624,0.575,0.11075949367088607,0.027950310559006212,0.646875,0.38924050632911394,0.4984894259818731,0.0,0.2508038585209003,0.0030581039755351682,0.4171974522292994,0.03481012658227848,0.5030674846625767,0.0,0.05521472392638037,0.25245901639344265,0.01282051282051282,0.0486322188449848,0.5256410256410257,0.6496815286624203,0.04126984126984127,0.2508361204013378,0.03115264797507788,0.003205128205128205,0.006329113924050633,0.37987012987012986,0.2459016393442623,0.2693498452012384,0.6296296296296297,0.24838709677419354,0.4728434504792332,0.7476923076923077,0.03503184713375796,0.025477707006369428,0.0030959752321981426,0.18867924528301888,0.23948220064724918,0.24758842443729903,0.44694533762057875,0.5,0.08860759493670886,0.04430379746835443,0.00911854103343465,0.038461538461538464,0.03184713375796178,0.03492063492063492,0.24522292993630573,0.38064516129032255,0.02821316614420063,0.03821656050955414,0.009433962264150943,0.2724358974358974,0.035483870967741936,0.7341389728096677,0.03559870550161812,0.03225806451612903,0.03424657534246575,0.2662337662337662,0.3873015873015873,0.5814696485623003,0.037383177570093455,0.03459119496855346,0.7507987220447284,0.7756410256410257,0.7563291139240507,0.20388349514563106,0.36245954692556637,0.26332288401253917,0.9522292993630573,0.1237785016286645,0.0033783783783783786,0.5382165605095541,0.23867069486404835,0.026143790849673203,0.16233766233766234,0.2815533980582524,0.18152866242038215,0.044444444444444446,0.525679758308157,0.7547770700636943,0.037383177570093455,0.4401294498381877,0.25477707006369427,0.16037735849056603,0.030864197530864196,0.009433962264150943,0.09538461538461539,0.24437299035369775,0.2948717948717949,0.5691823899371069,0.00974025974025974,0.03715170278637771,0.4258064516129032,0.5172413793103449,0.541795665634675,0.08544303797468354,0.6720257234726688,0.03125,0.45723684210526316,0.035830618892508145,0.2727272727272727,0.0392156862745098,0.2537764350453172,0.4192546583850932,0.49019607843137253,0.013071895424836602,0.24629080118694363,0.040123456790123455,0.04643962848297214,0.12698412698412698,0.026143790849673203,0.3388704318936877,0.003205128205128205,0.2621359223300971,0.6645367412140575,0.277602523659306,0.0438871473354232,0.003215434083601286,0.031446540880503145,0.25705329153605017,0.6634304207119741,0.03773584905660377,0.04024767801857585,0.045180722891566265,0.0707395498392283,0.04892966360856269,0.7462235649546828,0.6646525679758308,0.9778481012658228,0.5209003215434084,0.4049079754601227,0.6677115987460815,0.43788819875776397,0.035830618892508145,0.03896103896103896,0.0380952380952381,0.240625,0.31626506024096385,0.631578947368421,0.28
A10167_Batch4,0.4233128834355828,0.4437869822485207,0.05864197530864197,1.0,0.42342342342342343,0.14018691588785046,0.015197568389057751,0.4251497005988024,0.7807017543859649,0.11455108359133127,0.014619883040935672,0.03903903903903904,0.4133738601823708,0.09198813056379822,0.14860681114551083,0.1606060606060606,0.01238390092879257,0.06060606060606061,0.3385093167701863,0.4143302180685358,0.5174603174603175,0.0513595166163142,0.04923076923076923,0.0375,0.024242424242424242,0.3063583815028902,0.026865671641791045,0.4695121951219512,0.4,0.5,0.4144144144144144,0.43167701863354035,0.42813455657492355,0.49226006191950467,0.011869436201780416,0.1069182389937107,0.45151515151515154,0.5466237942122186,0.09939759036144578,0.08682634730538923,0.45348837209302323,0.02976190476190476,0.053125,0.01466275659824047,0.42105263157894735,0.0688622754491018,0.018808777429467086,0.37900874635568516,0.13513513513513514,0.38837920489296635,0.9640718562874252,0.02932551319648094,0.13580246913580246,0.1495601173020528,0.5375,0.25671641791044775,0.5315315315315315,0.2018348623853211,0.43558282208588955,0.15963855421686746,0.46774193548387094,0.41369047619047616,0.24605678233438485,0.4864864864864865,0.5072886297376094,0.17325227963525835,0.03353658536585366,0.4117647058823529,0.04777070063694268,0.9447852760736196,0.5015576323987538,0.7537993920972644,0.2175226586102719,0.26582278481012656,0.27575757575757576,0.06069364161849711,0.265625,0.18769230769230769,0.02710843373493976,0.4072948328267477,0.42857142857142855,0.516320474777448,0.34545454545454546,0.24615384615384617,0.01238390092879257,0.0856269113149847,0.17295597484276728,0.3850746268656716,0.5229357798165137,0.8035714285714286,0.4409937888198758,0.4212121212121212,0.4327485380116959,0.2808641975308642,0.11214953271028037,0.42727272727272725,0.475,0.8353658536585366,0.06990881458966565,0.434375,0.02616279069767442,0.4430769230769231,0.4351851851851852,0.41346153846153844,0.006134969325153374,0.10029498525073746,0.18808777429467086,0.450920245398773,0.42507645259938837,0.043209876543209874,0.03680981595092025,0.04216867469879518,0.311178247734139,0.01567398119122257,0.2514792899408284,0.04242424242424243,0.19076923076923077,0.4769736842105263,0.14506172839506173,0.26176470588235295,0.44,0.24691358024691357,0.24024024024024024,0.8170731707317073,0.4880239520958084,0.12893982808022922,0.022082018927444796,0.4171597633136095,0.17846153846153845,0.006134969325153374,0.1458966565349544,0.40828402366863903,0.8323353293413174,0.3391812865497076,0.003115264797507788,0.06606606606606606,0.14067278287461774,0.8102409638554217,0.4259818731117825,0.10185185185185185,0.13293051359516617,0.15743440233236153,0.4024024024024024,0.09235668789808917,0.44072948328267475,0.1792452830188679,0.43597560975609756,0.26366559485530544,0.401840490797546,0.2767857142857143,0.17210682492581603,0.13622291021671826,0.8165137614678899,0.011363636363636364,0.436046511627907,0.44410876132930516,0.32941176470588235,0.4119496855345912,0.059006211180124224,0.8425925925925926,0.009316770186335404,0.02735562310030395,0.3283582089552239,0.4166666666666667,0.8201219512195121,0.44837758112094395,0.25513196480938416,0.0243161094224924,0.4298780487804878,0.4393063583815029,0.471976401179941,0.8664596273291926,0.5131964809384164,0.03206997084548105,0.023952095808383235,0.04294478527607362,0.1484848484848485,0.09763313609467456,0.08385093167701864,0.18840579710144928,0.3993808049535604,0.44954128440366975,0.4457831325301205,0.2598187311178248,0.10294117647058823,0.13395638629283488,0.008771929824561403
A10184_Batch4,1.0,1.0,0.03821656050955414,0.42342342342342343,1.0,0.3146417445482866,0.021875,1.0,0.48059701492537316,0.3333333333333333,0.023668639053254437,0.018404907975460124,1.0,0.3159509202453988,0.2961783439490446,0.4241486068111455,0.022435897435897436,0.0,0.8280254777070064,0.9936708860759493,0.006389776357827476,0.04716981132075472,0.03459119496855346,0.00964630225080386,0.0,0.6936936936936937,0.0,0.9683544303797469,1.0,0.8803680981595092,0.9968652037617555,0.9967845659163987,1.0,0.9365079365079365,0.02108433734939759,0.2958199356913183,0.9473684210526315,0.0,0.30246913580246915,0.22530864197530864,0.9674556213017751,0.0,0.0440251572327044,0.018518518518518517,1.0,0.11490683229813664,0.0379746835443038,0.9009287925696594,0.28134556574923547,0.8675078864353313,0.41566265060240964,0.0,0.37694704049844235,0.303951367781155,0.009708737864077669,0.6116207951070336,0.0,0.3987341772151899,1.0,0.3170731707317073,0.006472491909385114,0.9510703363914373,0.6006493506493507,0.08099688473520249,0.918918918918919,0.2664576802507837,0.0,0.9841772151898734,0.07666666666666666,0.47619047619047616,0.0,0.15822784810126583,0.4462025316455696,0.6290322580645161,0.6092307692307692,0.07507507507507508,0.5955414012738853,0.36075949367088606,0.0,1.0,1.0,0.0,0.7261538461538461,0.6459627329192547,0.01948051948051948,0.24838709677419354,0.3395638629283489,0.8909657320872274,0.9230769230769231,0.22629969418960244,0.9935691318327974,1.0,1.0,0.038461538461538464,0.32792207792207795,1.0,0.964968152866242,0.3069620253164557,0.25157232704402516,1.0,0.0029154518950437317,1.0,1.0,0.9966887417218543,0.019169329073482427,0.3181818181818182,0.012578616352201259,0.9968944099378882,1.0,0.019230769230769232,0.018808777429467086,0.024922118380062305,0.7232704402515723,0.04075235109717868,0.5794392523364486,0.04892966360856269,0.5608974358974359,0.0,0.2916666666666667,0.6048632218844985,0.9811912225705329,0.5573248407643312,0.5913312693498453,0.32075471698113206,0.9512195121951219,0.31419939577039274,0.0,0.9848024316109423,0.3887147335423197,0.021875,0.45482866043613707,1.0,0.37341772151898733,0.8313253012048193,0.025396825396825397,0.009433962264150943,0.29073482428115016,0.25391849529780564,1.0,0.31974921630094044,0.29283489096573206,0.2982456140350877,0.9357798165137615,0.13141025641025642,0.9843260188087775,0.3639240506329114,1.0,0.6148648648648649,1.0,0.5975609756097561,0.42201834862385323,0.3141025641025641,0.41455696202531644,0.01749271137026239,0.9817073170731707,0.9597523219814241,0.7888198757763976,1.0,0.20634920634920634,0.32038834951456313,0.028662420382165606,0.0,0.5802469135802469,0.961038961038961,0.3149847094801223,1.0,0.6012269938650306,0.0,1.0,0.9786585365853658,0.9520958083832335,0.25,0.9333333333333333,0.0,0.0,0.031055900621118012,0.31384615384615383,0.27627627627627627,0.18553459119496854,0.4036697247706422,1.0,0.996875,0.959375,0.6114457831325302,0.311178247734139,0.009433962264150943,0.021212121212121213
A10243_Batch4,0.3161290322580645,0.30303030303030304,0.48286604361370716,0.14018691588785046,0.3146417445482866,1.0,0.012539184952978056,0.3103448275862069,0.12874251497005987,0.2727272727272727,0.008982035928143712,0.25076452599388377,0.30340557275541796,0.209375,0.9619047619047619,0.184375,0.009554140127388535,0.4953271028037383,0.325,0.3146417445482866,0.0032679738562091504,0.4891640866873065,0.670846394984326,0.6045016077170418,0.5923566878980892,0.2955223880597015,0.6074766355140186,0.32608695652173914,0.30670926517571884,0.2839506172839506,0.325,0.3217665615141956,0.3166144200626959,0.34285714285714286,0.008955223880597015,0.21864951768488747,0.2953846153846154,0.0,0.22699386503067484,0.08132530120481928,0.31419939577039274,0.5339506172839507,0.475,0.059880239520958084,0.3238993710691824,0.7760736196319018,0.00974025974025974,0.28353658536585363,0.9261538461538461,0.329153605015674,0.11692307692307692,0.6595744680851063,0.3054662379421222,0.96996996996997,0.00625,0.7304075235109718,0.0,0.9208860759493671,0.31875,0.9814241486068112,0.0033003300330033004,0.3515151515151515,0.7645161290322581,0.06832298136645963,0.3192771084337349,0.8875,0.7329192546583851,0.33865814696485624,0.029605263157894735,0.1574074074074074,0.0,0.039755351681957186,0.8660436137071651,0.7151898734177216,0.7438271604938271,0.743202416918429,0.7428571428571429,0.9245283018867925,0.5993975903614458,0.3069620253164557,0.2961783439490446,0.0,0.631578947368421,0.7076923076923077,0.00625,0.22784810126582278,0.9435736677115988,0.35987261146496813,0.3238993710691824,0.03903903903903904,0.3291139240506329,0.321875,0.30275229357798167,0.0946372239747634,0.22044728434504793,0.3159509202453988,0.3117283950617284,0.05846153846153846,0.11356466876971609,0.3249211356466877,0.6268656716417911,0.33974358974358976,0.29906542056074764,0.31756756756756754,0.003194888178913738,0.19076923076923077,0.41875,0.2962962962962963,0.32,0.6439628482972136,0.6178343949044586,0.6483180428134556,0.6540880503144654,0.07861635220125786,0.7585139318885449,0.4603174603174603,0.1829652996845426,0.0,0.949685534591195,0.7341389728096677,0.3184713375796178,0.21656050955414013,0.753125,0.2639751552795031,0.3487654320987654,0.7774390243902439,0.5930599369085173,0.3263473053892216,0.9647435897435898,0.006329113924050633,0.16408668730650156,0.3230769230769231,0.08598726114649681,0.29289940828402367,0.009615384615384616,0.02147239263803681,0.9065420560747663,0.04126984126984127,0.3293768545994065,0.29874213836477986,0.9722222222222222,0.9164179104477612,0.34579439252336447,0.8125,0.3157894736842105,0.8831168831168831,0.33650793650793653,0.7378640776699029,0.33974358974358976,0.7560240963855421,0.6990881458966566,0.9904153354632588,0.08722741433021806,0.005847953216374269,0.3151515151515151,0.3166144200626959,0.3146417445482866,0.33762057877813506,0.12903225806451613,0.07260726072607261,0.015772870662460567,0.657051282051282,0.7191358024691358,0.33125,0.07120743034055728,0.3151515151515151,0.7283950617283951,0.6802507836990596,0.3,0.3242424242424242,0.28402366863905326,0.12698412698412698,0.311178247734139,0.6140350877192983,0.6458333333333334,0.48757763975155277,0.9625,0.22522522522522523,0.4461538461538462,0.7112462006079028,0.328125,0.31962025316455694,0.2848297213622291,0.7407407407407407,0.15976331360946747,0.41533546325878595,0.0121580547112462
A11114_Batch4,0.01592356687898089,0.021148036253776436,0.2761904761904762,0.015197568389057751,0.021875,0.012539184952978056,1.0,0.018575851393188854,0.005865102639296188,0.5828025477707006,0.985207100591716,0.6871165644171779,0.02127659574468085,0.6330275229357798,0.018691588785046728,0.556923076923077,0.9902597402597403,0.10091743119266056,0.15705128205128205,0.02531645569620253,0.0,0.329073482428115,0.05214723926380368,0.07028753993610223,0.059190031152647975,0.27245508982035926,0.012307692307692308,0.015772870662460567,0.01904761904761905,0.018518518518518517,0.021406727828746176,0.012539184952978056,0.0219435736677116,0.02572347266881029,1.0,0.6198083067092651,0.051829268292682924,0.0,0.6288343558282209,0.7852760736196319,0.03235294117647059,0.1903323262839879,0.33121019108280253,0.9512195121951219,0.015527950310559006,0.006191950464396285,0.9777070063694268,0.10736196319018405,0.01488095238095238,0.1111111111111111,0.0060790273556231,0.0029850746268656717,0.5205047318611987,0.011976047904191617,0.0,0.00303951367781155,0.0,0.00946372239747634,0.021875,0.012195121951219513,0.0,0.012012012012012012,0.003236245954692557,0.0,0.01488095238095238,0.009259259259259259,0.003125,0.012738853503184714,0.9230769230769231,0.009287925696594427,0.0,0.003048780487804878,0.006153846153846154,0.003134796238244514,0.00303951367781155,0.020958083832335328,0.003246753246753247,0.01875,0.06461538461538462,0.021538461538461538,0.025559105431309903,0.0,0.009230769230769232,0.006230529595015576,0.9906542056074766,0.6357827476038339,0.01875,0.08333333333333333,0.015822784810126583,0.008771929824561403,0.018575851393188854,0.015015015015015015,0.024024024024024024,0.445141065830721,0.6081504702194357,0.015105740181268883,0.025078369905956112,0.009287925696594427,0.765625,0.016025641025641024,0.05621301775147929,0.015625,0.015479876160990712,0.023255813953488372,0.9903536977491961,0.6288343558282209,0.05732484076433121,0.0243161094224924,0.022082018927444796,0.052795031055900624,0.078125,0.0694006309148265,0.0,0.9283489096573209,0.003076923076923077,0.35185185185185186,0.4448051948051948,0.0,0.01875,0.0,0.01875,0.4585987261146497,0.00303951367781155,0.015723270440251572,0.018072289156626505,0.14868804664723032,0.062111801242236024,0.01812688821752266,0.0031847133757961785,0.9872611464968153,0.5370370370370371,0.0121580547112462,0.0,0.18208955223880596,0.9842767295597484,0.8832807570977917,0.03470031545741325,0.006230529595015576,0.021671826625386997,0.5403726708074534,0.015337423312883436,0.02702702702702703,0.04643962848297214,0.022082018927444796,0.021538461538461538,0.01910828025477707,0.015432098765432098,0.003215434083601286,0.016025641025641024,0.0030864197530864196,0.17682926829268292,0.015723270440251572,0.00949367088607595,0.9941860465116279,0.020895522388059702,0.03134796238244514,0.17737003058103976,0.01910828025477707,0.8,0.009404388714733543,0.9839743589743589,0.0,0.0029850746268656717,0.012658227848101266,0.009259259259259259,0.020833333333333332,0.003067484662576687,0.0031446540880503146,0.021739130434782608,0.015151515151515152,0.03235294117647059,0.015723270440251572,0.017595307917888565,0.06287425149700598,0.003003003003003003,0.29846153846153844,0.01529051987767584,0.6366366366366366,0.43343653250773995,0.16265060240963855,0.025477707006369428,0.021806853582554516,0.03125,0.0030581039755351682,0.6686390532544378,0.102803738317757,0.9877675840978594
A11126_Batch4,1.0,1.0,0.03215434083601286,0.4251497005988024,1.0,0.3103448275862069,0.018575851393188854,1.0,0.49700598802395207,0.3333333333333333,0.02694610778443114,0.015479876160990712,1.0,0.32,0.29283489096573206,0.45962732919254656,0.01892744479495268,0.0,0.8543689320388349,0.9936102236421726,0.009933774834437087,0.043343653250773995,0.027950310559006212,0.006557377049180328,0.0,0.7215568862275449,0.0,0.9683544303797469,1.0,0.8785046728971962,0.9969604863221885,0.9936507936507937,1.0,0.9523809523809523,0.021148036253776436,0.31699346405228757,0.9595015576323987,0.0,0.30218068535825543,0.23839009287925697,0.9728915662650602,0.0,0.03594771241830065,0.018018018018018018,1.0,0.11392405063291139,0.04304635761589404,0.9040247678018576,0.25382262996941896,0.891640866873065,0.41304347826086957,0.0,0.37735849056603776,0.30538922155688625,0.01607717041800643,0.5913312693498453,0.0,0.4086687306501548,1.0,0.315625,0.0033112582781456954,0.9501557632398754,0.5903225806451613,0.08895705521472393,0.9369369369369369,0.275,0.0,0.9809523809523809,0.08881578947368421,0.46273291925465837,0.0,0.17757009345794392,0.438871473354232,0.6325878594249201,0.5950920245398773,0.08408408408408409,0.5903225806451613,0.35331230283911674,0.0,1.0,1.0,0.0,0.7115987460815048,0.6194968553459119,0.01948051948051948,0.2643312101910828,0.31493506493506496,0.8953846153846153,0.9292604501607717,0.23867069486404835,0.99375,1.0,1.0,0.04100946372239748,0.34276729559748426,1.0,0.9620253164556962,0.30745341614906835,0.2830188679245283,1.0,0.0029940119760479044,1.0,1.0,0.9966996699669967,0.01935483870967742,0.3230769230769231,0.015822784810126583,0.996875,1.0,0.01892744479495268,0.022222222222222223,0.025236593059936908,0.7098765432098766,0.04416403785488959,0.598159509202454,0.03761755485893417,0.5936507936507937,0.0,0.28125,0.5963302752293578,0.9811320754716981,0.5705128205128205,0.5784615384615385,0.321875,0.9595015576323987,0.3026706231454006,0.0,0.9849397590361446,0.38961038961038963,0.01904761904761905,0.5,1.0,0.390625,0.8333333333333334,0.025559105431309903,0.009287925696594427,0.27044025157232704,0.2571428571428571,1.0,0.3333333333333333,0.290519877675841,0.296969696969697,0.934375,0.11290322580645161,0.9875,0.38387096774193546,1.0,0.6071428571428571,0.9968051118210862,0.593939393939394,0.42153846153846153,0.31329113924050633,0.4240506329113924,0.017341040462427744,0.9880952380952381,0.9655172413793104,0.8213166144200627,1.0,0.23300970873786409,0.31446540880503143,0.026402640264026403,0.0,0.5626911314984709,0.9650793650793651,0.3259493670886076,1.0,0.5779816513761468,0.0,1.0,0.9757575757575757,0.954954954954955,0.2515923566878981,0.9401197604790419,0.0,0.0,0.03067484662576687,0.2950310559006211,0.2917933130699088,0.16875,0.40762463343108507,1.0,0.9968553459119497,0.9661538461538461,0.6,0.31736526946107785,0.012658227848101266,0.02416918429003021
A11156_Batch4,0.471875,0.4884393063583815,0.012307692307692308,0.7807017543859649,0.48059701492537316,0.12874251497005987,0.005865102639296188,0.49700598802395207,1.0,0.115625,0.00847457627118644,0.011730205278592375,0.48672566371681414,0.10982658959537572,0.10909090909090909,0.17737003058103976,0.006153846153846154,0.041791044776119404,0.3582554517133956,0.47904191616766467,0.5251572327044025,0.021341463414634148,0.015015015015015015,0.003105590062111801,0.0,0.3226744186046512,0.0,0.5181818181818182,0.44879518072289154,0.6283185840707964,0.4749262536873156,0.486404833836858,0.49700598802395207,0.5379939209726444,0.0056179775280898875,0.11598746081504702,0.49851632047477745,0.484472049689441,0.11764705882352941,0.09171597633136094,0.5014492753623189,0.0,0.01524390243902439,0.008823529411764706,0.4831804281345566,0.05089820359281437,0.012461059190031152,0.4388059701492537,0.10662824207492795,0.38461538461538464,0.7871720116618076,0.0,0.1303030303030303,0.12285714285714286,0.53125,0.26112759643916916,0.5161290322580645,0.19753086419753085,0.48484848484848486,0.11538461538461539,0.4891640866873065,0.46551724137931033,0.278125,0.5207100591715976,0.5232558139534884,0.1497005988023952,0.0,0.47575757575757577,0.030959752321981424,0.7653958944281525,0.4723926380368098,0.7240356083086054,0.21470588235294116,0.2852760736196319,0.26409495548961426,0.03142857142857143,0.2682926829268293,0.15384615384615385,0.0,0.4823529411764706,0.48307692307692307,0.4985507246376812,0.33527696793002915,0.258160237388724,0.006024096385542169,0.09063444108761329,0.12693498452012383,0.4126506024096386,0.5481927710843374,0.7913043478260869,0.49096385542168675,0.49557522123893805,0.4913294797687861,0.2553846153846154,0.13253012048192772,0.4884393063583815,0.5,0.8303571428571429,0.09696969696969697,0.48466257668711654,0.0028328611898017,0.5045045045045045,0.47878787878787876,0.46006389776357826,0.006134969325153374,0.10946745562130178,0.1355421686746988,0.48656716417910445,0.49240121580547114,0.01488095238095238,0.012048192771084338,0.017964071856287425,0.3149847094801223,0.014925373134328358,0.25970149253731345,0.01488095238095238,0.2610062893081761,0.4937888198757764,0.1111111111111111,0.263768115942029,0.49117647058823527,0.2545454545454545,0.25073746312684364,0.5927051671732523,0.530791788856305,0.12857142857142856,0.0,0.47413793103448276,0.17846153846153845,0.00303951367781155,0.20710059171597633,0.47093023255813954,0.9757575757575757,0.37283236994219654,0.0030303030303030303,0.038461538461538464,0.10385756676557864,0.8053892215568862,0.5014836795252225,0.11275964391691394,0.10714285714285714,0.11714285714285715,0.43202416918429004,0.06306306306306306,0.49122807017543857,0.1696969696969697,0.4818181818181818,0.27672955974842767,0.4727272727272727,0.2756598240469208,0.17251461988304093,0.11976047904191617,0.9542682926829268,0.005649717514124294,0.4852941176470588,0.49096385542168675,0.3609467455621302,0.48328267477203646,0.08256880733944955,0.8374233128834356,0.006042296072507553,0.0,0.29941860465116277,0.46319018404907975,0.8473053892215568,0.5014409221902018,0.2485207100591716,0.0,0.4909090909090909,0.4824561403508772,0.5142857142857142,0.7325227963525835,0.5344827586206896,0.0,0.0,0.01466275659824047,0.12797619047619047,0.10787172011661808,0.05757575757575758,0.18023255813953487,0.4744744744744745,0.4954682779456193,0.4940119760479042,0.2631578947368421,0.1246376811594203,0.08868501529051988,0.002898550724637681
A11181_Batch4,0.3086816720257235,0.33015873015873015,0.4045307443365696,0.11455108359133127,0.3333333333333333,0.2727272727272727,0.5828025477707006,0.3333333333333333,0.115625,1.0,0.5943396226415094,0.5,0.34285714285714286,0.9745222929936306,0.2779552715654952,0.752411575562701,0.5928338762214984,0.14102564102564102,0.4935483870967742,0.34539473684210525,0.0,0.4401294498381877,0.17857142857142858,0.18,0.15210355987055016,0.6134969325153374,0.11688311688311688,0.3333333333333333,0.32903225806451614,0.28753993610223644,0.33015873015873015,0.31666666666666665,0.3333333333333333,0.31290322580645163,0.5833333333333334,0.9730639730639731,0.3375796178343949,0.0,0.984375,0.7261146496815286,0.3323170731707317,0.2082018927444795,0.44155844155844154,0.5878594249201278,0.33881578947368424,0.15384615384615385,0.6125827814569537,0.36217948717948717,0.2733118971061093,0.44694533762057875,0.11180124223602485,0.09615384615384616,0.9362416107382551,0.2578616352201258,0.006514657980456026,0.26537216828478966,0.0,0.29900332225913623,0.31475409836065577,0.28391167192429023,0.0,0.29721362229102166,0.2814569536423841,0.03225806451612903,0.2996941896024465,0.238562091503268,0.11551155115511551,0.32673267326732675,0.5924657534246576,0.10714285714285714,0.0,0.03785488958990536,0.2838709677419355,0.2781456953642384,0.29430379746835444,0.17737003058103976,0.25333333333333335,0.29411764705882354,0.1550632911392405,0.3300970873786408,0.33003300330033003,0.0,0.29595015576323985,0.28802588996763756,0.5691318327974276,0.9695945945945946,0.2983606557377049,0.4290322580645161,0.288961038961039,0.046153846153846156,0.3238095238095238,0.32038834951456313,0.3387096774193548,0.2364217252396166,0.9639344262295082,0.31189710610932475,0.31596091205211724,0.08038585209003216,0.7222222222222222,0.3222591362126246,0.16257668711656442,0.3051948051948052,0.3222591362126246,0.3434343434343434,0.5714285714285714,0.9528301886792453,0.13114754098360656,0.34069400630914826,0.33225806451612905,0.16025641025641027,0.1607717041800643,0.16878980891719744,0.3246753246753247,0.635483870967742,0.2902208201892745,0.4786885245901639,0.4983388704318937,0.0,0.28052805280528054,0.2693498452012384,0.32679738562091504,0.5668789808917197,0.2830188679245283,0.15584415584415584,0.3074433656957929,0.4676923076923077,0.15286624203821655,0.315625,0.29900332225913623,0.5498392282958199,0.5431309904153354,0.33015873015873015,0.09177215189873418,0.4674922600619195,0.5620915032679739,0.5228758169934641,0.3193548387096774,0.05144694533762058,0.34185303514376997,0.9837133550488599,0.25878594249201275,0.2981366459627329,0.38436482084690554,0.19281045751633988,0.3226837060702875,0.2912621359223301,0.3301282051282051,0.2896551724137931,0.32786885245901637,0.2884012539184953,0.5419354838709678,0.2861736334405145,0.09570957095709572,0.5619335347432024,0.32601880877742945,0.3396825396825397,0.5047923322683706,0.33114754098360655,0.8151815181518152,0.07666666666666666,0.5973597359735974,0.0970873786407767,0.27884615384615385,0.3246753246753247,0.08333333333333333,0.3503184713375796,0.26582278481012656,0.12211221122112212,0.33225806451612905,0.30063291139240506,0.3148148148148148,0.08881578947368421,0.2826086956521739,0.15454545454545454,0.10869565217391304,0.4180064308681672,0.2783171521035599,0.9749216300940439,0.6440129449838188,0.534375,0.34516129032258064,0.33774834437086093,0.32786885245901637,0.25471698113207547,0.8620689655172413,0.1525974025974026,0.6006191950464397
A11186_Batch4,0.0182370820668693,0.02631578947368421,0.2668711656441718,0.014619883040935672,0.023668639053254437,0.008982035928143712,0.985207100591716,0.02694610778443114,0.00847457627118644,0.5943396226415094,1.0,0.6529411764705882,0.026239067055393587,0.6445086705202312,0.009202453987730062,0.5508982035928144,0.9969230769230769,0.0830860534124629,0.16615384615384615,0.020895522388059702,0.0,0.31722054380664655,0.04491017964071856,0.05660377358490566,0.041916167664670656,0.2753623188405797,0.00906344410876133,0.021212121212121213,0.030395136778115502,0.02064896755162242,0.02416918429003021,0.014925373134328358,0.03343465045592705,0.03067484662576687,0.9913544668587896,0.6242424242424243,0.04985337243401759,0.0,0.6422287390029325,0.8005865102639296,0.03488372093023256,0.1543026706231454,0.3081570996978852,0.9174041297935103,0.027439024390243903,0.0,0.9787878787878788,0.11014492753623188,0.008771929824561403,0.13069908814589665,0.008849557522123894,0.0,0.5349544072948328,0.005780346820809248,0.0,0.002967359050445104,0.0,0.00911854103343465,0.029850746268656716,0.005988023952095809,0.0,0.020114942528735632,0.0030959752321981426,0.0,0.017341040462427744,0.0,0.0,0.018461538461538463,0.9470404984423676,0.008928571428571428,0.0,0.005934718100890208,0.003003003003003003,0.0030864197530864196,0.0029940119760479044,0.017191977077363897,0.0030959752321981426,0.015060240963855422,0.05278592375366569,0.029498525073746312,0.03343465045592705,0.0,0.008875739644970414,0.005988023952095809,0.9938650306748467,0.6424242424242425,0.021406727828746176,0.08708708708708708,0.024691358024691357,0.011594202898550725,0.020958083832335328,0.02359882005899705,0.03206997084548105,0.43902439024390244,0.6246246246246246,0.02631578947368421,0.0364741641337386,0.011869436201780416,0.7613293051359517,0.023880597014925373,0.04843304843304843,0.021212121212121213,0.021021021021021023,0.025236593059936908,0.9908814589665653,0.6441176470588236,0.04804804804804805,0.029239766081871343,0.026392961876832845,0.03680981595092025,0.06006006006006006,0.05357142857142857,0.003048780487804878,0.8966565349544073,0.0029069767441860465,0.3283582089552239,0.45592705167173253,0.0,0.011799410029498525,0.0028735632183908046,0.026706231454005934,0.45896656534954405,0.002976190476190476,0.012195121951219513,0.022922636103151862,0.141643059490085,0.04491017964071856,0.02616279069767442,0.006097560975609756,0.9940119760479041,0.5478260869565217,0.02064896755162242,0.0030959752321981426,0.1924198250728863,0.9970149253731343,0.8660714285714286,0.030211480362537766,0.008823529411764706,0.028901734104046242,0.5435435435435435,0.008797653958944282,0.019886363636363636,0.06158357771260997,0.011976047904191617,0.023391812865497075,0.021341463414634148,0.023668639053254437,0.0,0.024242424242424242,0.0028735632183908046,0.17210682492581603,0.009230769230769232,0.011940298507462687,0.9944598337950139,0.02849002849002849,0.038011695906432746,0.187683284457478,0.030864197530864196,0.7791411042944786,0.012048192771084338,0.9938837920489296,0.0,0.005763688760806916,0.03058103975535168,0.008902077151335312,0.02608695652173913,0.0029154518950437317,0.0,0.026785714285714284,0.023121387283236993,0.0339943342776204,0.012121212121212121,0.02857142857142857,0.05128205128205128,0.0,0.28994082840236685,0.005917159763313609,0.6511627906976745,0.41389728096676737,0.1686046511627907,0.030211480362537766,0.023809523809523808,0.03235294117647059,0.0,0.686046511627907,0.09063444108761329,0.9971264367816092
A11274_Batch4,0.01875,0.015151515151515152,0.6624203821656051,0.03903903903903904,0.018404907975460124,0.25076452599388377,0.6871165644171779,0.015479876160990712,0.011730205278592375,0.5,0.6529411764705882,1.0,0.015337423312883436,0.5230769230769231,0.28164556962025317,0.40923076923076923,0.6613418530351438,0.3834355828220859,0.14556962025316456,0.025157232704402517,0.0,0.6759259259259259,0.3684210526315789,0.39158576051779936,0.35365853658536583,0.22822822822822822,0.290625,0.027607361963190184,0.012307692307692308,0.015060240963855422,0.021406727828746176,0.0220125786163522,0.012618296529968454,0.03115264797507788,0.611764705882353,0.5172413793103449,0.04573170731707317,0.006493506493506494,0.5198776758409785,0.4820359281437126,0.02976190476190476,0.5030864197530864,0.694006309148265,0.7560240963855421,0.018691588785046728,0.27439024390243905,0.6720257234726688,0.04573170731707317,0.2694610778443114,0.10559006211180125,0.026865671641791045,0.3008849557522124,0.4968553459119497,0.24397590361445784,0.0031545741324921135,0.1419939577039275,0.006042296072507553,0.22839506172839505,0.01529051987767584,0.2652439024390244,0.003257328990228013,0.03343465045592705,0.13548387096774195,0.006097560975609756,0.026865671641791045,0.23780487804878048,0.29102167182662536,0.028037383177570093,0.6442307692307693,0.030959752321981424,0.006211180124223602,0.01529051987767584,0.20186335403726707,0.14106583072100312,0.1574074074074074,0.2991202346041056,0.15335463258785942,0.25,0.3644578313253012,0.015337423312883436,0.018518518518518517,0.006006006006006006,0.11940298507462686,0.14814814814814814,0.6636085626911316,0.5590062111801242,0.25236593059936907,0.08641975308641975,0.033950617283950615,0.012012012012012012,0.021604938271604937,0.01834862385321101,0.018018018018018018,0.3894080996884735,0.5205047318611987,0.01812688821752266,0.028481012658227847,0.01524390243902439,0.47878787878787876,0.0189873417721519,0.34110787172011664,0.018404907975460124,0.012232415902140673,0.020202020202020204,0.6487341772151899,0.5195195195195195,0.294478527607362,0.018518518518518517,0.0189873417721519,0.3271604938271605,0.37538461538461537,0.3577981651376147,0.1238390092879257,0.750788643533123,0.1687116564417178,0.6859756097560976,0.26031746031746034,0.003278688524590164,0.2476780185758514,0.1394658753709199,0.021671826625386997,0.29153605015673983,0.15853658536585366,0.08099688473520249,0.03058103975535168,0.3255131964809384,0.37037037037037035,0.02064896755162242,0.2508038585209003,0.6366459627329193,0.31419939577039274,0.018518518518518517,0.006211180124223602,0.12058823529411765,0.6605504587155964,0.6408668730650154,0.2774390243902439,0.012461059190031152,0.02127659574468085,0.503125,0.25,0.26176470588235295,0.0668693009118541,0.28703703703703703,0.024464831804281346,0.2347266881028939,0.021406727828746176,0.16612377850162866,0.018867924528301886,0.14714714714714713,0.30275229357798167,0.2329192546583851,0.006191950464396285,0.6373937677053825,0.023952095808383235,0.03669724770642202,0.1398176291793313,0.018808777429467086,0.5382165605095541,0.00949367088607595,0.6507936507936508,0.2950310559006211,0.14759036144578314,0.031746031746031744,0.009009009009009009,0.01488095238095238,0.15868263473053892,0.294478527607362,0.01875,0.02976190476190476,0.026239067055393587,0.034161490683229816,0.03235294117647059,0.35,0.28106508875739644,0.6585365853658537,0.25153374233128833,0.5405405405405406,0.5938461538461538,0.3125,0.018808777429467086,0.01892744479495268,0.030395136778115502,0.14329268292682926,0.48502994011976047,0.3395638629283489,0.6848484848484848
A1174_Batch4,1.0,1.0,0.031446540880503145,0.4133738601823708,1.0,0.30340557275541796,0.02127659574468085,1.0,0.48672566371681414,0.34285714285714286,0.026239067055393587,0.015337423312883436,1.0,0.32326283987915405,0.265625,0.4662576687116564,0.025396825396825397,0.0,0.859375,1.0,0.013029315960912053,0.046296296296296294,0.023952095808383235,0.006269592476489028,0.0,0.7337278106508875,0.0,0.9629629629629629,1.0,0.8821752265861027,0.9969418960244648,0.99375,1.0,0.9299363057324841,0.023255813953488372,0.3146417445482866,0.9603658536585366,0.0,0.32238805970149254,0.24924924924924924,0.9703264094955489,0.0,0.0375,0.01812688821752266,1.0,0.10248447204968944,0.04854368932038835,0.9051987767584098,0.24776119402985075,0.8936170212765957,0.4101796407185629,0.0,0.3925233644859813,0.29673590504451036,0.019543973941368076,0.5820433436532507,0.0,0.39692307692307693,1.0,0.2896341463414634,0.006472491909385114,0.9464285714285714,0.5825545171339563,0.09146341463414634,0.9196428571428571,0.24848484848484848,0.0,0.978125,0.08012820512820513,0.45426829268292684,0.0,0.16158536585365854,0.41846153846153844,0.6081504702194357,0.5895061728395061,0.07352941176470588,0.5806451612903226,0.346875,0.0,1.0,1.0,0.0,0.6972477064220184,0.6061538461538462,0.0219435736677116,0.277602523659306,0.3249211356466877,0.9037267080745341,0.915625,0.21021021021021022,0.9938461538461538,1.0,1.0,0.02875399361022364,0.35093167701863354,1.0,0.9592476489028213,0.2878787878787879,0.2888198757763975,1.0,0.0028653295128939827,1.0,1.0,1.0,0.0220125786163522,0.3433734939759036,0.00949367088607595,0.9969512195121951,1.0,0.015337423312883436,0.015479876160990712,0.0182370820668693,0.6984126984126984,0.043343653250773995,0.5740181268882175,0.043076923076923075,0.6069182389937107,0.0,0.270516717325228,0.5803571428571429,0.9785276073619632,0.5700934579439252,0.5632530120481928,0.3364485981308411,0.9459459459459459,0.3176470588235294,0.0,0.9817629179331308,0.3836477987421384,0.024539877300613498,0.5075075075075075,1.0,0.3625,0.8378378378378378,0.030120481927710843,0.009146341463414634,0.2765957446808511,0.24085365853658536,1.0,0.3364485981308411,0.26993865030674846,0.2746268656716418,0.9569230769230769,0.121875,0.9845679012345679,0.371875,1.0,0.59375,0.9968944099378882,0.5740181268882175,0.42900302114803623,0.3028391167192429,0.4169278996865204,0.022922636103151862,0.9852507374631269,0.9574468085106383,0.8203592814371258,1.0,0.23397435897435898,0.3018867924528302,0.031746031746031744,0.0,0.5683890577507599,0.963076923076923,0.3063063063063063,1.0,0.5762195121951219,0.0,1.0,0.982089552238806,0.9618768328445748,0.25696594427244585,0.9285714285714286,0.0,0.0,0.027692307692307693,0.29393939393939394,0.3164179104477612,0.16666666666666666,0.4084084084084084,1.0,1.0,0.9601226993865031,0.5787878787878787,0.34124629080118696,0.009433962264150943,0.02710843373493976
A20256113_Batch7,0.2984126984126984,0.3132530120481928,0.3888888888888889,0.09198813056379822,0.3159509202453988,0.209375,0.6330275229357798,0.32,0.10982658959537572,0.9745222929936306,0.6445086705202312,0.5230769230769231,0.32326283987915405,1.0,0.219435736677116,0.7830188679245284,0.6392405063291139,0.125,0.4790996784565916,0.33229813664596275,0.0,0.4652567975830816,0.15432098765432098,0.16129032258064516,0.13166144200626959,0.6169590643274854,0.08895705521472393,0.30094043887147337,0.32398753894080995,0.28134556574923547,0.32407407407407407,0.29906542056074764,0.31790123456790126,0.2879746835443038,0.624633431085044,0.9778481012658228,0.32727272727272727,0.0,0.9908256880733946,0.7706422018348624,0.30701754385964913,0.2006079027355623,0.43962848297213625,0.6296296296296297,0.3230769230769231,0.11246200607902736,0.6708860759493671,0.35240963855421686,0.2175226586102719,0.4231974921630094,0.08841463414634146,0.07228915662650602,0.9333333333333333,0.20353982300884957,0.006349206349206349,0.24148606811145512,0.0,0.2468354430379747,0.30030959752321984,0.2289156626506024,0.0,0.2887537993920973,0.2532051282051282,0.039755351681957186,0.28654970760233917,0.18769230769230769,0.08206686930091185,0.29337539432176657,0.6387096774193548,0.09146341463414634,0.0,0.036585365853658534,0.24148606811145512,0.2484076433121019,0.2608695652173913,0.142433234421365,0.2310126582278481,0.2310126582278481,0.13513513513513514,0.3128834355828221,0.3069620253164557,0.0,0.25925925925925924,0.2610062893081761,0.6178343949044586,0.9627329192546584,0.2375,0.40372670807453415,0.27129337539432175,0.0391566265060241,0.29721362229102166,0.30513595166163143,0.32727272727272727,0.2507836990595611,0.9969040247678018,0.2953846153846154,0.29846153846153844,0.0696969696969697,0.7652439024390244,0.29874213836477986,0.13411078717201166,0.3057324840764331,0.2984126984126984,0.3258064516129032,0.6118012422360248,0.9940119760479041,0.11320754716981132,0.31901840490797545,0.3126934984520124,0.1526479750778816,0.1524390243902439,0.15337423312883436,0.2870662460567823,0.6840490797546013,0.24397590361445784,0.48942598187311176,0.5297805642633229,0.0,0.22153846153846155,0.23952095808383234,0.31384615384615383,0.5741324921135647,0.25153374233128833,0.13354037267080746,0.3033033033033033,0.4218289085545723,0.12615384615384614,0.3,0.24367088607594936,0.6012269938650306,0.5740740740740741,0.3153153153153153,0.075,0.4629080118694362,0.615625,0.5617283950617284,0.2515527950310559,0.045871559633027525,0.3136094674556213,0.9254658385093167,0.21846153846153846,0.24024024024024024,0.36875,0.1523809523809524,0.32628398791540786,0.24522292993630573,0.3188854489164087,0.2586750788643533,0.30793650793650795,0.2514792899408284,0.48338368580060426,0.24367088607594936,0.096875,0.6127167630057804,0.3044776119402985,0.3192771084337349,0.4954128440366973,0.3258785942492013,0.8422712933753943,0.06269592476489028,0.628482972136223,0.0759493670886076,0.25903614457831325,0.30625,0.07098765432098765,0.32326283987915405,0.2537764350453172,0.090625,0.3221884498480243,0.283987915407855,0.3029411764705882,0.05846153846153846,0.2668621700879765,0.12903225806451613,0.08982035928143713,0.39814814814814814,0.22018348623853212,0.9940652818991098,0.636085626911315,0.47305389221556887,0.3333333333333333,0.3146417445482866,0.303125,0.23867069486404835,0.9029411764705882,0.14012738853503184,0.6468842729970327
A20256116_Batch7,0.2870967741935484,0.27300613496932513,0.5297805642633229,0.14860681114551083,0.2961783439490446,0.9619047619047619,0.018691588785046728,0.29283489096573206,0.10909090909090909,0.2779552715654952,0.009202453987730062,0.28164556962025317,0.265625,0.219435736677116,1.0,0.16613418530351437,0.012738853503184714,0.5141955835962145,0.29260450160771706,0.27124183006535946,0.006944444444444444,0.5286624203821656,0.689873417721519,0.6319218241042345,0.6129032258064516,0.28353658536585363,0.6424050632911392,0.2958199356913183,0.2765273311897106,0.2484472049689441,0.29153605015673983,0.2814569536423841,0.27009646302250806,0.31353135313531355,0.00909090909090909,0.21782178217821782,0.2515527950310559,0.0,0.23692307692307693,0.050314465408805034,0.2804878048780488,0.5833333333333334,0.5032679738562091,0.075,0.2912621359223301,0.8290322580645161,0.009966777408637873,0.2389937106918239,0.9780564263322884,0.3057324840764331,0.10625,0.6956521739130435,0.3,0.981651376146789,0.003257328990228013,0.6930379746835443,0.0,0.8827361563517915,0.2903225806451613,0.9937888198757764,0.0,0.3146417445482866,0.7128712871287128,0.06070287539936102,0.3018292682926829,0.8930817610062893,0.7515527950310559,0.3089171974522293,0.02666666666666667,0.1509433962264151,0.0,0.028938906752411574,0.8512658227848101,0.6918032786885245,0.7142857142857143,0.7469879518072289,0.7193548387096774,0.9363057324840764,0.6300940438871473,0.2852664576802508,0.2572347266881029,0.0,0.5968253968253968,0.703125,0.00967741935483871,0.21241830065359477,0.9646302250803859,0.3333333333333333,0.2916666666666667,0.0364741641337386,0.29430379746835444,0.2929936305732484,0.2772585669781931,0.09003215434083602,0.22611464968152867,0.259375,0.2727272727272727,0.05246913580246913,0.0732484076433121,0.29545454545454547,0.6474164133738601,0.30745341614906835,0.27531645569620256,0.2832764505119454,0.003215434083601286,0.2070063694267516,0.45141065830721006,0.2664576802507837,0.27884615384615385,0.6793650793650794,0.6410256410256411,0.6666666666666666,0.5974025974025974,0.10191082802547771,0.7275541795665634,0.5080385852090032,0.13815789473684212,0.0,0.9968354430379747,0.6959247648902821,0.2765273311897106,0.16720257234726688,0.7192429022082019,0.27070063694267515,0.3103448275862069,0.7926829268292683,0.6205787781350482,0.2803738317757009,0.9385113268608414,0.00949367088607595,0.1111111111111111,0.2866043613707165,0.07232704402515723,0.25696594427244585,0.00967741935483871,0.03164556962025317,0.9552715654952076,0.047619047619047616,0.29357798165137616,0.30844155844155846,0.9935691318327974,0.9721362229102167,0.3050314465408805,0.8449367088607594,0.29153605015673983,0.9096989966555183,0.28391167192429023,0.707641196013289,0.30363036303630364,0.7230769230769231,0.707936507936508,0.978125,0.08038585209003216,0.008902077151335312,0.2852760736196319,0.28205128205128205,0.2888198757763975,0.2916666666666667,0.09584664536741214,0.06430868167202572,0.01282051282051282,0.6938110749185668,0.6927899686520376,0.31189710610932475,0.053125,0.2848297213622291,0.6944444444444444,0.7055016181229773,0.26813880126182965,0.284375,0.25153374233128833,0.12828947368421054,0.30153846153846153,0.6336336336336337,0.6728395061728395,0.535031847133758,1.0,0.23148148148148148,0.5111821086261981,0.7155963302752294,0.27672955974842767,0.28938906752411575,0.24761904761904763,0.6896551724137931,0.14242424242424243,0.44516129032258067,0.012539184952978056
A20256117_Batch7,0.44193548387096776,0.4369230769230769,0.24842767295597484,0.1606060606060606,0.4241486068111455,0.184375,0.556923076923077,0.45962732919254656,0.17737003058103976,0.752411575562701,0.5508982035928144,0.40923076923076923,0.4662576687116564,0.7830188679245284,0.16613418530351437,1.0,0.5492063492063493,0.06116207951070336,0.6205787781350482,0.4666666666666667,0.0,0.29012345679012347,0.07547169811320754,0.06397306397306397,0.04777070063694268,0.7100591715976331,0.018633540372670808,0.4254658385093168,0.4472843450479233,0.4024767801857585,0.45987654320987653,0.43354430379746833,0.4528301886792453,0.42394822006472493,0.5636363636363636,0.7645161290322581,0.45565749235474007,0.0,0.78125,0.7708978328173375,0.4281437125748503,0.11180124223602485,0.29153605015673983,0.5356037151702786,0.46645367412140576,0.08359133126934984,0.564935064935065,0.5327102803738317,0.16516516516516516,0.5462962962962963,0.15432098765432098,0.03058103975535168,0.7101910828025477,0.1746987951807229,0.01282051282051282,0.29846153846153844,0.0,0.24605678233438485,0.43573667711598746,0.1884498480243161,0.0,0.4104938271604938,0.3074433656957929,0.03715170278637771,0.4101796407185629,0.1609907120743034,0.027439024390243903,0.4479495268138801,0.5573770491803278,0.17647058823529413,0.0,0.05956112852664577,0.2654320987654321,0.3076923076923077,0.2996941896024465,0.0625,0.2797427652733119,0.20253164556962025,0.051829268292682924,0.45962732919254656,0.434375,0.0,0.3201219512195122,0.29523809523809524,0.553125,0.7356687898089171,0.2012987012987013,0.5061728395061729,0.432258064516129,0.09090909090909091,0.44135802469135804,0.43558282208588955,0.4298780487804878,0.2445141065830721,0.7632398753894081,0.44242424242424244,0.453125,0.12852664576802508,0.8161290322580645,0.4527687296416938,0.04790419161676647,0.43492063492063493,0.4591194968553459,0.48484848484848486,0.5414012738853503,0.8179012345679012,0.050314465408805034,0.4520123839009288,0.4339622641509434,0.06501547987616099,0.06687898089171974,0.065625,0.36477987421383645,0.5669781931464174,0.2888198757763975,0.2897196261682243,0.6153846153846154,0.0,0.16666666666666666,0.30606060606060603,0.4440894568690096,0.7174603174603175,0.2803738317757009,0.13312693498452013,0.44376899696048633,0.35714285714285715,0.04113924050632911,0.4294478527607362,0.21543408360128619,0.5194805194805194,0.6521739130434783,0.4617737003058104,0.12618296529968454,0.6492307692307693,0.5389408099688473,0.453416149068323,0.20679012345679013,0.09717868338557993,0.4382716049382716,0.7088607594936709,0.18012422360248448,0.20303030303030303,0.5,0.10191082802547771,0.43962848297213625,0.2524271844660194,0.4585987261146497,0.31,0.44871794871794873,0.29754601226993865,0.425,0.2006172839506173,0.16666666666666666,0.5402298850574713,0.45481927710843373,0.45962732919254656,0.6363636363636364,0.4405144694533762,0.7381703470031545,0.11708860759493671,0.5705128205128205,0.016025641025641024,0.3105590062111801,0.44155844155844154,0.12933753943217666,0.44477611940298506,0.284375,0.02531645569620253,0.47266881028938906,0.4367469879518072,0.4421364985163205,0.10476190476190476,0.40606060606060607,0.043859649122807015,0.018292682926829267,0.27575757575757576,0.17295597484276728,0.7598784194528876,0.42724458204334365,0.42342342342342343,0.4517133956386293,0.44025157232704404,0.468944099378882,0.29906542056074764,0.8541666666666666,0.07348242811501597,0.5609756097560976
A20256162_Batch7,0.01948051948051948,0.018575851393188854,0.267741935483871,0.01238390092879257,0.022435897435897436,0.009554140127388535,0.9902597402597403,0.01892744479495268,0.006153846153846154,0.5928338762214984,0.9969230769230769,0.6613418530351438,0.025396825396825397,0.6392405063291139,0.012738853503184714,0.5492063492063493,1.0,0.07142857142857142,0.16721311475409836,0.026058631921824105,0.0,0.31309904153354634,0.04516129032258064,0.0436241610738255,0.028846153846153848,0.27076923076923076,0.0031847133757961785,0.01910828025477707,0.01929260450160772,0.022364217252396165,0.0219435736677116,0.012698412698412698,0.02857142857142857,0.02622950819672131,0.9968944099378882,0.6127946127946128,0.051118210862619806,0.0,0.6214511041009464,0.7763975155279503,0.03363914373088685,0.1509433962264151,0.31715210355987056,0.9192546583850931,0.02287581699346405,0.0,0.9835526315789473,0.11392405063291139,0.012618296529968454,0.12025316455696203,0.006269592476489028,0.0,0.5225806451612903,0.0060790273556231,0.0,0.0,0.0,0.006535947712418301,0.025396825396825397,0.009615384615384616,0.0,0.018808777429467086,0.0,0.0,0.012269938650306749,0.0031446540880503146,0.0,0.02287581699346405,0.9565217391304348,0.006472491909385114,0.0,0.0032258064516129032,0.0,0.0,0.0,0.012232415902140673,0.0,0.012903225806451613,0.034375,0.022508038585209004,0.02922077922077922,0.0,0.006349206349206349,0.003194888178913738,1.0,0.6291390728476821,0.019169329073482427,0.08653846153846154,0.01929260450160772,0.006230529595015576,0.019417475728155338,0.01910828025477707,0.02531645569620253,0.4512987012987013,0.6026490066225165,0.022082018927444796,0.02622950819672131,0.006349206349206349,0.753125,0.012987012987012988,0.0391566265060241,0.019417475728155338,0.012944983818770227,0.023972602739726026,1.0,0.6163522012578616,0.03289473684210526,0.024615384615384615,0.022292993630573247,0.02572347266881029,0.05144694533762058,0.045454545454545456,0.0,0.8996763754045307,0.0,0.34098360655737703,0.45874587458745875,0.0,0.016181229773462782,0.0,0.022435897435897436,0.4448051948051948,0.0,0.016181229773462782,0.019169329073482427,0.12349397590361445,0.04234527687296417,0.022151898734177215,0.003257328990228013,1.0,0.5466237942122186,0.018633540372670808,0.0,0.19504643962848298,1.0,0.89171974522293,0.032362459546925564,0.0064516129032258064,0.027439024390243903,0.5307443365695793,0.009554140127388535,0.024844720496894408,0.056962025316455694,0.01597444089456869,0.022292993630573247,0.020066889632107024,0.016129032258064516,0.0,0.01948051948051948,0.0,0.14240506329113925,0.009836065573770493,0.009375,1.0,0.018808777429467086,0.03164556962025317,0.16938110749185667,0.02622950819672131,0.7838709677419354,0.006472491909385114,0.9967105263157895,0.0,0.0,0.025806451612903226,0.003215434083601286,0.025078369905956112,0.0,0.0,0.022435897435897436,0.015873015873015872,0.036036036036036036,0.012903225806451613,0.018292682926829267,0.041791044776119404,0.0,0.28391167192429023,0.009433962264150943,0.6265432098765432,0.4106583072100313,0.14906832298136646,0.029411764705882353,0.01910828025477707,0.03514376996805112,0.0,0.6818181818181818,0.07590759075907591,1.0
A20256163_Batch7,0.0,0.0,0.6529968454258676,0.06060606060606061,0.0,0.4953271028037383,0.10091743119266056,0.0,0.041791044776119404,0.14102564102564102,0.0830860534124629,0.3834355828220859,0.0,0.125,0.5141955835962145,0.06116207951070336,0.07142857142857142,1.0,0.01607717041800643,0.0,0.07348242811501597,0.5807453416149069,0.8358662613981763,0.887459807073955,0.9119496855345912,0.041176470588235294,0.8359621451104101,0.0,0.0,0.027950310559006212,0.0,0.0030864197530864196,0.0,0.006349206349206349,0.09009009009009009,0.14331210191082802,0.0060790273556231,0.06984126984126984,0.14714714714714713,0.0701219512195122,0.002976190476190476,0.8246153846153846,0.5838509316770186,0.12650602409638553,0.0,0.6676829268292683,0.07936507936507936,0.009202453987730062,0.5321100917431193,0.01524390243902439,0.05454545454545454,0.774390243902439,0.14873417721518986,0.5,0.10443037974683544,0.3136645962732919,0.08868501529051988,0.4423676012461059,0.0,0.5030674846625767,0.08766233766233766,0.03323262839879154,0.32792207792207795,0.07598784194528875,0.011869436201780416,0.558641975308642,0.8048780487804879,0.009259259259259259,0.06907894736842106,0.031055900621118012,0.07763975155279502,0.0764525993883792,0.4472049689440994,0.3037974683544304,0.3394495412844037,0.757396449704142,0.321656050955414,0.43573667711598746,0.8996960486322189,0.0,0.0,0.07926829268292683,0.21515151515151515,0.29153605015673983,0.08333333333333333,0.1540880503144654,0.5047021943573667,0.025,0.006230529595015576,0.06567164179104477,0.0,0.0,0.0,0.37658227848101267,0.12618296529968454,0.0,0.0031446540880503146,0.0705521472392638,0.0694006309148265,0.0,0.893491124260355,0.0,0.0,0.0,0.0759493670886076,0.10670731707317073,0.8672839506172839,0.0,0.0,0.86875,0.8746177370030581,0.8666666666666667,0.22611464968152867,0.13580246913580246,0.3424242424242424,0.559375,0.034482758620689655,0.0891089108910891,0.5109717868338558,0.3323262839879154,0.0030959752321981426,0.03481012658227848,0.3496932515337423,0.25,0.006042296072507553,0.43843843843843844,0.89375,0.0,0.45141065830721006,0.07210031347962383,0.043478260869565216,0.0,0.04024767801857585,0.009036144578313253,0.06896551724137931,0.17337461300309598,0.4984423676012461,0.0668693009118541,0.0,0.175,0.5047021943573667,0.49096385542168675,0.012345679012345678,0.6485623003194888,0.0,0.4208860759493671,0.0,0.3183279742765273,0.0,0.32228915662650603,0.3384615384615385,0.5,0.04501607717041801,0.07536231884057971,0.0,0.003048780487804878,0.03058103975535168,0.0,0.09235668789808917,0.05128205128205128,0.0761904761904762,0.789308176100629,0.3312883435582822,0.009316770186335404,0.06606606606606606,0.0,0.32098765432098764,0.799373040752351,0.0,0.008849557522123894,0.0,0.14779874213836477,0.005970149253731343,0.8914956011730205,0.7934131736526946,0.6137071651090342,0.5015290519877675,0.1317365269461078,0.38181818181818183,0.35398230088495575,0.0,0.0,0.0030581039755351682,0.3201219512195122,0.08708708708708708,0.915625,0.0972644376899696
A20256164_Batch7,0.8504983388704319,0.8466257668711656,0.134185303514377,0.3385093167701863,0.8280254777070064,0.325,0.15705128205128205,0.8543689320388349,0.3582554517133956,0.4935483870967742,0.16615384615384615,0.14556962025316456,0.859375,0.4790996784565916,0.29260450160771706,0.6205787781350482,0.16721311475409836,0.01607717041800643,1.0,0.8511326860841424,0.0,0.1396103896103896,0.05466237942122187,0.03,0.019543973941368076,0.9454545454545454,0.015873015873015872,0.8132911392405063,0.8327868852459016,0.7333333333333333,0.834920634920635,0.8403908794788274,0.8381877022653722,0.8044871794871795,0.14153846153846153,0.46204620462046203,0.8535031847133758,0.0,0.47003154574132494,0.3653250773993808,0.84375,0.04746835443037975,0.13486842105263158,0.17197452229299362,0.8496732026143791,0.10932475884244373,0.17905405405405406,0.78125,0.273015873015873,0.9166666666666666,0.32398753894080995,0.01875,0.540453074433657,0.30340557275541796,0.012944983818770227,0.5382165605095541,0.0,0.4012738853503185,0.8414239482200647,0.3177570093457944,0.0033112582781456954,0.7981651376146789,0.527027027027027,0.0707395498392283,0.7682926829268293,0.25878594249201275,0.015873015873015872,0.834983498349835,0.23,0.3536977491961415,0.0,0.1346153846153846,0.40129449838187703,0.5454545454545454,0.5448717948717948,0.08668730650154799,0.5529801324503312,0.35064935064935066,0.015432098765432098,0.8490566037735849,0.8377483443708609,0.0,0.6346153846153846,0.5645161290322581,0.15100671140939598,0.43564356435643564,0.32903225806451614,0.8955696202531646,0.8096774193548387,0.18098159509202455,0.8322368421052632,0.8439490445859873,0.8259493670886076,0.07741935483870968,0.4752475247524752,0.8432601880877743,0.8252427184466019,0.24271844660194175,0.4262295081967213,0.8488745980707395,0.021341463414634148,0.8407643312101911,0.8478964401294499,0.8605442176870748,0.14563106796116504,0.4919614147909968,0.03333333333333333,0.8307210031347962,0.8415841584158416,0.04487179487179487,0.038338658146964855,0.04516129032258064,0.625,0.20588235294117646,0.542319749216301,0.15081967213114755,0.5913621262458472,0.0,0.28115015974440893,0.546875,0.8433333333333334,0.5732899022801303,0.5286624203821656,0.26666666666666666,0.8244514106583072,0.3628048780487805,0.012944983818770227,0.8297213622291022,0.3778501628664495,0.1461038961038961,0.5273311897106109,0.8584905660377359,0.273015873015873,0.7901234567901234,0.1639871382636656,0.12658227848101267,0.2916666666666667,0.20317460317460317,0.839622641509434,0.495114006514658,0.2964169381107492,0.3052959501557632,0.8860759493670886,0.14802631578947367,0.8548387096774194,0.3627450980392157,0.8639240506329114,0.5457627118644067,0.8493589743589743,0.5321100917431193,0.483974358974359,0.32673267326732675,0.3086816720257235,0.14285714285714285,0.8348909657320872,0.8317460317460318,0.9682539682539683,0.8378378378378378,0.36893203883495146,0.25333333333333335,0.16556291390728478,0.012861736334405145,0.5411392405063291,0.8603896103896104,0.2468354430379747,0.8485804416403786,0.526813880126183,0.019417475728155338,0.8381877022653722,0.834375,0.8115501519756839,0.21428571428571427,0.7767295597484277,0.012345679012345678,0.012461059190031152,0.1414790996784566,0.29874213836477986,0.4634146341463415,0.2770700636942675,0.45768025078369906,0.8366013071895425,0.8290322580645161,0.8483870967741935,0.5425867507886435,0.46153846153846156,0.029508196721311476,0.1419753086419753
A20256171_Batch7,0.9968253968253968,0.9968944099378882,0.038338658146964855,0.4143302180685358,0.9936708860759493,0.3146417445482866,0.02531645569620253,0.9936102236421726,0.47904191616766467,0.34539473684210525,0.020895522388059702,0.025157232704402517,1.0,0.33229813664596275,0.27124183006535946,0.4666666666666667,0.026058631921824105,0.0,0.8511326860841424,1.0,0.00974025974025974,0.05345911949685535,0.03536977491961415,0.00980392156862745,0.0,0.7431192660550459,0.0,0.9617834394904459,0.9936507936507937,0.890282131661442,0.9905660377358491,0.9935897435897436,0.9935691318327974,0.9329073482428115,0.02147239263803681,0.3194888178913738,0.9517684887459807,0.0,0.3113207547169811,0.24610591900311526,0.9663608562691132,0.0,0.05194805194805195,0.021806853582554516,0.9966996699669967,0.11041009463722397,0.04983388704318937,0.906832298136646,0.23529411764705882,0.896774193548387,0.4036144578313253,0.0,0.39805825242718446,0.28792569659442724,0.01639344262295082,0.6088328075709779,0.0,0.3941368078175896,0.9968051118210862,0.29652996845425866,0.0033222591362126247,0.9507692307692308,0.5933333333333334,0.07643312101910828,0.9212121212121213,0.2626582278481013,0.0,0.9810126582278481,0.06622516556291391,0.4728434504792332,0.0,0.16615384615384615,0.4392523364485981,0.6181229773462783,0.5962145110410094,0.0701219512195122,0.5980707395498392,0.3503184713375796,0.0,0.99375,0.9966996699669967,0.0,0.7183544303797469,0.6210191082802548,0.019543973941368076,0.2797427652733119,0.3116883116883117,0.8958990536277602,0.9223300970873787,0.21341463414634146,0.9903846153846154,0.9937106918238994,0.9938461538461538,0.025974025974025976,0.3525641025641026,0.9937694704049844,0.9614147909967846,0.2916666666666667,0.27884615384615385,1.0,0.002976190476190476,0.9935691318327974,1.0,1.0,0.022292993630573247,0.35514018691588783,0.009584664536741214,0.990506329113924,0.9968354430379747,0.025477707006369428,0.01910828025477707,0.021875,0.7106109324758842,0.05063291139240506,0.5981308411214953,0.05956112852664577,0.5846645367412141,0.0,0.2634920634920635,0.595679012345679,0.974025974025974,0.6098360655737705,0.583596214511041,0.34591194968553457,0.9386503067484663,0.3169230769230769,0.0,0.9751552795031055,0.38079470198675497,0.028391167192429023,0.5047021943573667,0.9938461538461538,0.37261146496815284,0.8390092879256966,0.03225806451612903,0.0125,0.27184466019417475,0.2379421221864952,0.9938461538461538,0.3375796178343949,0.27639751552795033,0.2921686746987952,0.9331210191082803,0.12861736334405144,0.9808917197452229,0.38311688311688313,0.9967948717948718,0.6032786885245902,0.9904761904761905,0.5900621118012422,0.43343653250773995,0.29449838187702265,0.40327868852459015,0.020958083832335328,0.9845679012345679,0.9628482972136223,0.8220858895705522,0.9967845659163987,0.23870967741935484,0.30033003300330036,0.03215434083601286,0.0,0.5787878787878787,0.9588607594936709,0.31230283911671924,0.993920972644377,0.5856697819314641,0.0,0.9937304075235109,0.9753086419753086,0.9516616314199395,0.25559105431309903,0.9323076923076923,0.0,0.0,0.043478260869565216,0.2903225806451613,0.30606060606060603,0.18037974683544303,0.4043887147335423,0.9936102236421726,0.9904761904761905,0.9598765432098766,0.6049382716049383,0.33433734939759036,0.009554140127388535,0.02727272727272727
A20256173_Batch7,0.009900990099009901,0.009554140127388535,0.0,0.5174603174603175,0.006389776357827476,0.0032679738562091504,0.0,0.009933774834437087,0.5251572327044025,0.0,0.0,0.0,0.013029315960912053,0.0,0.006944444444444444,0.0,0.0,0.07348242811501597,0.0,0.00974025974025974,1.0,0.0,0.0,0.0,0.0,0.0,0.0,0.039735099337748346,0.010067114093959731,0.11551155115511551,0.0033003300330033004,0.013071895424836602,0.013513513513513514,0.044673539518900345,0.0,0.0,0.02903225806451613,0.9932885906040269,0.0,0.0032258064516129032,0.024922118380062305,0.0,0.0,0.0,0.013289036544850499,0.0031847133757961785,0.0,0.009615384615384616,0.0032679738562091504,0.003278688524590164,0.5608974358974359,0.0,0.0,0.006172839506172839,0.9965986394557823,0.009615384615384616,0.9904761904761905,0.006666666666666667,0.009771986970684038,0.006389776357827476,0.9862068965517241,0.012618296529968454,0.013745704467353952,0.8996763754045307,0.0438871473354232,0.0032679738562091504,0.0,0.006644518272425249,0.0,0.5049180327868853,0.9865319865319865,0.8327868852459016,0.013377926421404682,0.016556291390728478,0.006493506493506494,0.006289308176100629,0.013422818791946308,0.006756756756756757,0.003215434083601286,0.012944983818770227,0.013559322033898305,0.9869706840390879,0.00949367088607595,0.009836065573770493,0.0,0.0,0.006734006734006734,0.006578947368421052,0.05351170568561873,0.7603833865814696,0.01,0.01282051282051282,0.012779552715654952,0.36486486486486486,0.0,0.009584664536741214,0.03333333333333333,0.6843853820598007,0.0,0.013289036544850499,0.0,0.013377926421404682,0.013071895424836602,0.010452961672473868,0.0,0.0,0.2150170648464164,0.009771986970684038,0.009836065573770493,0.0032679738562091504,0.0,0.0,0.013289036544850499,0.0,0.013157894736842105,0.0,0.0033222591362126247,0.9857651245551602,0.0,0.00949367088607595,0.006688963210702341,0.006756756756756757,0.00974025974025974,0.43973941368078173,0.031446540880503145,0.003115264797507788,0.0,0.009615384615384616,0.006644518272425249,0.0,0.003205128205128205,0.006329113924050633,0.6229508196721312,0.0,0.0,0.05379746835443038,0.0,0.7392739273927392,0.006430868167202572,0.0,0.0,0.0031847133757961785,0.003246753246753247,0.0,0.012944983818770227,0.006711409395973154,0.013157894736842105,0.013651877133105802,0.006622516556291391,0.012944983818770227,0.0031645569620253164,0.0034129692832764505,0.5901639344262295,0.0,0.0189873417721519,0.032467532467532464,0.016339869281045753,0.003389830508474576,0.0,0.6755852842809364,0.0,0.0,0.0379746835443038,0.009966777408637873,0.6893203883495146,0.009584664536741214,0.012658227848101266,0.0,0.013029315960912053,0.009708737864077669,0.040880503144654086,0.6688524590163935,0.05329153605015674,0.0,0.0,0.0,0.006369426751592357,0.0,0.0032679738562091504,0.0030959752321981426,0.010101010101010102,0.00949367088607595,0.025806451612903226,0.006349206349206349,0.0,0.15845070422535212,0.0
A20256177_Batch7,0.04416403785488959,0.039634146341463415,0.9935691318327974,0.0513595166163142,0.04716981132075472,0.4891640866873065,0.329073482428115,0.043343653250773995,0.021341463414634148,0.4401294498381877,0.31722054380664655,0.6759259259259259,0.046296296296296294,0.4652567975830816,0.5286624203821656,0.29012345679012347,0.31309904153354634,0.5807453416149069,0.1396103896103896,0.05345911949685535,0.0,1.0,0.717391304347826,0.7115384615384616,0.6749226006191951,0.21212121212121213,0.6426332288401254,0.05,0.0473186119873817,0.03715170278637771,0.0440251572327044,0.05993690851735016,0.04672897196261682,0.07028753993610223,0.30538922155688625,0.4755700325732899,0.07854984894259819,0.0,0.4523076923076923,0.2993827160493827,0.06006006006006006,0.7064220183486238,1.0,0.36890243902439024,0.04501607717041801,0.5636942675159236,0.32679738562091504,0.06481481481481481,0.5429447852760736,0.13291139240506328,0.033846153846153845,0.5963302752293578,0.4472843450479233,0.49244712990936557,0.0,0.2641509433962264,0.0,0.4236760124610592,0.046583850931677016,0.5061349693251533,0.0,0.0804953560371517,0.250814332247557,0.024539877300613498,0.06646525679758308,0.5046728971962616,0.6075949367088608,0.060126582278481014,0.30844155844155846,0.03715170278637771,0.0,0.009345794392523364,0.38557993730407525,0.2507936507936508,0.2727272727272727,0.5770392749244713,0.26666666666666666,0.47648902821316613,0.691131498470948,0.04375,0.035256410256410256,0.0,0.19817073170731708,0.2618296529968454,0.2980769230769231,0.4936708860759494,0.5,0.1165644171779141,0.054313099041533544,0.00909090909090909,0.0529595015576324,0.05263157894736842,0.05263157894736842,0.24367088607594936,0.4462025316455696,0.042682926829268296,0.05660377358490566,0.0121580547112462,0.3149847094801223,0.05501618122977346,0.6744868035190615,0.04792332268370607,0.040880503144654086,0.046511627906976744,0.3028391167192429,0.44200626959247646,0.5063291139240507,0.04984423676012461,0.037267080745341616,0.7088607594936709,0.7241379310344828,0.7006172839506173,0.19808306709265175,0.410828025477707,0.2777777777777778,0.975,0.16181229773462782,0.0,0.5264797507788161,0.24316109422492402,0.05466237942122187,0.19488817891373802,0.2870662460567823,0.16822429906542055,0.06134969325153374,0.5250737463126843,0.689873417721519,0.04573170731707317,0.43450479233226835,0.30407523510971785,0.20189274447949526,0.0513595166163142,0.015822784810126583,0.11890243902439024,0.29936305732484075,0.31901840490797545,0.5555555555555556,0.00949367088607595,0.054380664652567974,0.46178343949044587,0.5126582278481012,0.5301204819277109,0.10158730158730159,0.6498422712933754,0.049079754601226995,0.46153846153846156,0.052795031055900624,0.28431372549019607,0.05177993527508091,0.2672672672672673,0.41975308641975306,0.4840764331210191,0.01567398119122257,0.2915451895043732,0.05198776758409786,0.06441717791411043,0.15432098765432098,0.03908794788273615,0.3782051282051282,0.009523809523809525,0.303125,0.6309148264984227,0.290625,0.06624605678233439,0.012269938650306749,0.048484848484848485,0.2553191489361702,0.620253164556962,0.0529595015576324,0.05421686746987952,0.057057057057057055,0.05732484076433121,0.06006006006006006,0.6834319526627219,0.6172839506172839,0.9814241486068112,0.5172413793103449,0.4622356495468278,0.7056962025316456,0.4427710843373494,0.04854368932038835,0.05625,0.06501547987616099,0.2606060606060606,0.3532934131736527,0.5631067961165048,0.31722054380664655
A20256202_Batch7,0.02875399361022364,0.02694610778443114,0.7682539682539683,0.04923076923076923,0.03459119496855346,0.670846394984326,0.05214723926380368,0.027950310559006212,0.015015015015015015,0.17857142857142858,0.04491017964071856,0.3684210526315789,0.023952095808383235,0.15432098765432098,0.689873417721519,0.07547169811320754,0.04516129032258064,0.8358662613981763,0.05466237942122187,0.03536977491961415,0.0,0.717391304347826,1.0,0.9803921568627451,0.9380804953560371,0.08206686930091185,0.9171779141104295,0.031545741324921134,0.03470031545741325,0.028125,0.027777777777777776,0.04113924050632911,0.03184713375796178,0.04430379746835443,0.051515151515151514,0.16451612903225807,0.04024767801857585,0.0,0.16717325227963525,0.04984423676012461,0.03903903903903904,0.8449848024316109,0.7124600638977636,0.10303030303030303,0.03470031545741325,0.8042813455657493,0.04697986577181208,0.04281345565749235,0.7469512195121951,0.06329113924050633,0.024539877300613498,0.8957055214723927,0.19745222929936307,0.6738461538461539,0.0,0.3746130030959752,0.0,0.5814696485623003,0.034375,0.6656151419558359,0.0,0.06927710843373494,0.3746031746031746,0.027607361963190184,0.04242424242424243,0.7217125382262997,0.9216300940438872,0.05396825396825397,0.04234527687296417,0.03134796238244514,0.0,0.0,0.5555555555555556,0.3512658227848101,0.38461538461538464,0.8623853211009175,0.38562091503267976,0.6282051282051282,0.9483282674772037,0.034161490683229816,0.022435897435897436,0.0,0.2701863354037267,0.34782608695652173,0.03761755485893417,0.18789808917197454,0.6613924050632911,0.07476635514018691,0.045454545454545456,0.006006006006006006,0.03426791277258567,0.036585365853658534,0.027692307692307693,0.18412698412698414,0.1592356687898089,0.024691358024691357,0.03470031545741325,0.003067484662576687,0.05329153605015674,0.035256410256410256,0.9556213017751479,0.02857142857142857,0.021806853582554516,0.03678929765886288,0.03536977491961415,0.14285714285714285,0.707936507936508,0.03363914373088685,0.028662420382165606,0.9680511182108626,0.978328173374613,0.9722222222222222,0.2765273311897106,0.11708860759493671,0.39384615384615385,0.7,0.028938906752411574,0.0,0.703125,0.39221556886227543,0.04113924050632911,0.03492063492063492,0.40809968847352024,0.2169811320754717,0.05167173252279635,0.5813253012048193,0.9389067524115756,0.03353658536585366,0.5941558441558441,0.04100946372239748,0.04113924050632911,0.034161490683229816,0.015772870662460567,0.04242424242424243,0.04024767801857585,0.09657320872274143,0.7120743034055728,0.0061162079510703364,0.03636363636363636,0.21003134796238246,0.6949685534591195,0.7078313253012049,0.06329113924050633,0.889589905362776,0.0375,0.6222222222222222,0.0380952380952381,0.3774193548387097,0.038338658146964855,0.38109756097560976,0.4457831325301205,0.6719745222929936,0.00964630225080386,0.04081632653061224,0.030120481927710843,0.0380952380952381,0.06501547987616099,0.03205128205128205,0.0781758957654723,0.006269592476489028,0.04792332268370607,0.8949044585987261,0.39384615384615385,0.04126984126984127,0.006230529595015576,0.03363914373088685,0.3710691823899371,0.8975155279503105,0.03492063492063492,0.04216867469879518,0.03571428571428571,0.08064516129032258,0.04573170731707317,0.9523809523809523,0.8909090909090909,0.7616099071207431,0.6811145510835913,0.16566265060240964,0.48632218844984804,0.46546546546546547,0.021806853582554516,0.03785488958990536,0.036923076923076927,0.3871951219512195,0.08630952380952381,0.7402597402597403,0.054878048780487805
A20256206_Batch7,0.006578947368421052,0.006269592476489028,0.7781456953642384,0.0375,0.00964630225080386,0.6045016077170418,0.07028753993610223,0.006557377049180328,0.003105590062111801,0.18,0.05660377358490566,0.39158576051779936,0.006269592476489028,0.16129032258064516,0.6319218241042345,0.06397306397306397,0.0436241610738255,0.887459807073955,0.03,0.00980392156862745,0.0,0.7115384615384616,0.9803921568627451,1.0,0.9804560260586319,0.050793650793650794,0.9519230769230769,0.01,0.00964630225080386,0.006309148264984227,0.006600660066006601,0.010033444816053512,0.006557377049180328,0.016611295681063124,0.06542056074766354,0.17,0.013071895424836602,0.0,0.1751592356687898,0.050156739811912224,0.009287925696594427,0.8860759493670886,0.73,0.1189710610932476,0.009966777408637873,0.7906976744186046,0.04778156996587031,0.012658227848101266,0.6635220125786163,0.029411764705882353,0.009554140127388535,0.9,0.19934640522875818,0.6170212765957447,0.0,0.3142857142857143,0.0,0.5033333333333333,0.006600660066006601,0.6057692307692307,0.0,0.03470031545741325,0.2962962962962963,0.016025641025641024,0.024691358024691357,0.6591639871382636,0.9223300970873787,0.01644736842105263,0.03741496598639456,0.022364217252396165,0.0,0.0,0.4967532467532468,0.2847682119205298,0.3193548387096774,0.8548895899053628,0.3201320132013201,0.569078947368421,0.984375,0.006578947368421052,0.010101010101010102,0.0,0.21153846153846154,0.2721311475409836,0.043333333333333335,0.20930232558139536,0.5775577557755776,0.04487179487179487,0.02287581699346405,0.0,0.00967741935483871,0.0064516129032258064,0.006329113924050633,0.20065789473684212,0.152317880794702,0.003215434083601286,0.009771986970684038,0.0,0.044585987261146494,0.006600660066006601,0.9969418960244648,0.009708737864077669,0.003246753246753247,0.006825938566552901,0.048859934853420196,0.1461038961038961,0.7532894736842105,0.006472491909385114,0.006622516556291391,0.9836601307189542,1.0,0.9837133550488599,0.22666666666666666,0.14006514657980457,0.3227848101265823,0.6964856230031949,0.029411764705882353,0.0,0.632258064516129,0.30124223602484473,0.013157894736842105,0.023333333333333334,0.33980582524271846,0.19155844155844157,0.022292993630573247,0.5440251572327044,0.9769736842105263,0.0031847133757961785,0.5276872964169381,0.049019607843137254,0.032679738562091505,0.009584664536741214,0.003246753246753247,0.0125,0.04487179487179487,0.10476190476190476,0.6493506493506493,0.0,0.009523809523809525,0.21904761904761905,0.6360759493670886,0.6273291925465838,0.028938906752411574,0.8169934640522876,0.01282051282051282,0.5288135593220339,0.009836065573770493,0.2953020134228188,0.009771986970684038,0.31347962382445144,0.40836012861736337,0.5954692556634305,0.0033112582781456954,0.048484848484848485,0.00949367088607595,0.012987012987012988,0.03503184713375796,0.006666666666666667,0.07876712328767123,0.003246753246753247,0.05,0.9081967213114754,0.3333333333333333,0.019417475728155338,0.0031847133757961785,0.009316770186335404,0.30745341614906835,0.9129032258064517,0.006493506493506494,0.012738853503184714,0.009375,0.06907894736842106,0.015772870662460567,0.9845201238390093,0.903125,0.7745098039215687,0.6205787781350482,0.1761006289308176,0.4772727272727273,0.42990654205607476,0.00967741935483871,0.006622516556291391,0.00964630225080386,0.31189710610932475,0.0877742946708464,0.8006756756756757,0.06172839506172839
A20256263_Batch7,0.0,0.0,0.7387096774193549,0.024242424242424242,0.0,0.5923566878980892,0.059190031152647975,0.0,0.0,0.15210355987055016,0.041916167664670656,0.35365853658536583,0.0,0.13166144200626959,0.6129032258064516,0.04777070063694268,0.028846153846153848,0.9119496855345912,0.019543973941368076,0.0,0.0,0.6749226006191951,0.9380804953560371,0.9804560260586319,1.0,0.03869047619047619,0.98125,0.0,0.0,0.0,0.0,0.0031545741324921135,0.0,0.0032679738562091504,0.05521472392638037,0.14754098360655737,0.006134969325153374,0.0,0.14018691588785046,0.046012269938650305,0.003067484662576687,0.9252336448598131,0.6797385620915033,0.0990990990990991,0.0,0.8164556962025317,0.0392156862745098,0.003125,0.6483180428134556,0.019169329073482427,0.0,0.9325153374233128,0.16025641025641027,0.6066066066066066,0.0,0.310126582278481,0.0,0.48427672955974843,0.0,0.5975232198142415,0.0,0.027439024390243903,0.3137254901960784,0.021341463414634148,0.01818181818181818,0.6517571884984026,0.9320388349514563,0.0031645569620253164,0.02631578947368421,0.01238390092879257,0.0,0.0,0.47096774193548385,0.2870662460567823,0.3217665615141956,0.8511904761904762,0.3059210526315789,0.5428571428571428,0.9907692307692307,0.0,0.0,0.0,0.19938650306748465,0.27672955974842767,0.03761755485893417,0.17777777777777778,0.5760517799352751,0.03481012658227848,0.006430868167202572,0.0,0.0,0.0,0.0,0.18006430868167203,0.14057507987220447,0.0,0.0031545741324921135,0.0,0.04716981132075472,0.0,0.9939759036144579,0.0,0.0,0.0,0.0379746835443038,0.11708860759493671,0.7555555555555555,0.0,0.0,0.965625,0.9646302250803859,0.9523809523809523,0.20512820512820512,0.11858974358974358,0.3113207547169811,0.6490683229813664,0.019417475728155338,0.0,0.6151419558359621,0.3119266055045872,0.006493506493506494,0.01644736842105263,0.33753943217665616,0.18037974683544303,0.014925373134328358,0.5391566265060241,1.0,0.0,0.5176848874598071,0.041666666666666664,0.01875,0.0,0.0,0.006097560975609756,0.03459119496855346,0.08571428571428572,0.6349206349206349,0.0,0.0,0.1942675159235669,0.6077170418006431,0.6174698795180723,0.0189873417721519,0.8111455108359134,0.003134796238244514,0.5146579804560261,0.0,0.3047619047619048,0.0,0.3149847094801223,0.3824451410658307,0.592948717948718,0.0,0.03823529411764706,0.0,0.0031545741324921135,0.033950617283950615,0.0,0.060897435897435896,0.0,0.038834951456310676,0.932258064516129,0.33746130030959753,0.012944983818770227,0.0,0.0,0.3119266055045872,0.9394904458598726,0.0,0.012084592145015106,0.0,0.05714285714285714,0.003003003003003003,1.0,0.9329268292682927,0.7232704402515723,0.6018808777429467,0.14634146341463414,0.42724458204334365,0.4133738601823708,0.0,0.0,0.0031446540880503146,0.3037974683544304,0.06748466257668712,0.7913907284768212,0.051829268292682924
A20256274_Batch7,0.7247706422018348,0.7196531791907514,0.182370820668693,0.3063583815028902,0.6936936936936937,0.2955223880597015,0.27245508982035926,0.7215568862275449,0.3226744186046512,0.6134969325153374,0.2753623188405797,0.22822822822822822,0.7337278106508875,0.6169590643274854,0.28353658536585363,0.7100591715976331,0.27076923076923076,0.041176470588235294,0.9454545454545454,0.7431192660550459,0.0,0.21212121212121213,0.08206686930091185,0.050793650793650794,0.03869047619047619,1.0,0.020771513353115726,0.7058823529411765,0.716012084592145,0.6190476190476191,0.7192982456140351,0.7121212121212122,0.7212121212121212,0.6930091185410334,0.24855491329479767,0.6068111455108359,0.7396449704142012,0.0,0.6088235294117647,0.48520710059171596,0.7204610951008645,0.08211143695014662,0.19753086419753085,0.27325581395348836,0.75,0.11011904761904762,0.3125,0.6934523809523809,0.25663716814159293,0.8449848024316109,0.27906976744186046,0.02654867256637168,0.683076923076923,0.2947976878612717,0.012195121951219513,0.47604790419161674,0.0,0.3734567901234568,0.7039274924471299,0.30383480825958703,0.0030959752321981426,0.6920821114369502,0.4751552795031056,0.057057057057057055,0.6753623188405797,0.2225609756097561,0.027190332326283987,0.716012084592145,0.321875,0.314540059347181,0.0,0.12048192771084337,0.35119047619047616,0.48466257668711654,0.4749262536873156,0.10601719197707736,0.48606811145510836,0.3213213213213213,0.04129793510324484,0.7248520710059172,0.7102803738317757,0.0,0.5508982035928144,0.4925373134328358,0.26586102719033233,0.5675675675675675,0.30120481927710846,0.8066465256797583,0.7012195121951219,0.15028901734104047,0.6993865030674846,0.7291666666666666,0.7079646017699115,0.11384615384615385,0.6181818181818182,0.7096774193548387,0.7027027027027027,0.2125748502994012,0.5209580838323353,0.7186544342507645,0.03977272727272727,0.7164634146341463,0.7242424242424242,0.7507987220447284,0.25,0.6279761904761905,0.05167173252279635,0.7218934911242604,0.7297297297297297,0.057926829268292686,0.059880239520958084,0.06306306306306306,0.5575757575757576,0.3151515151515151,0.4746268656716418,0.23333333333333334,0.5705521472392638,0.0,0.286144578313253,0.4812680115273775,0.7321428571428571,0.5853658536585366,0.4629080118694362,0.24550898203592814,0.7088235294117647,0.4034582132564842,0.03323262839879154,0.711764705882353,0.3446153846153846,0.2523076923076923,0.5435435435435435,0.7218934911242604,0.24615384615384617,0.7188405797101449,0.2804878048780488,0.21597633136094674,0.30120481927710846,0.16265060240963855,0.7134502923976608,0.6186186186186187,0.2921686746987952,0.29190751445086704,0.7728613569321534,0.1411042944785276,0.7355623100303952,0.3573667711598746,0.7462235649546828,0.4720496894409938,0.7286585365853658,0.476878612716763,0.5059880239520959,0.31044776119402984,0.27692307692307694,0.25348189415041783,0.7130434782608696,0.7126099706744868,0.9323529411764706,0.723404255319149,0.46546546546546547,0.2118380062305296,0.28307692307692306,0.024390243902439025,0.47058823529411764,0.7484662576687117,0.20059880239520958,0.7147058823529412,0.46726190476190477,0.027439024390243903,0.7194029850746269,0.7264705882352941,0.6954022988505747,0.19148936170212766,0.672463768115942,0.039660056657223795,0.02346041055718475,0.20180722891566266,0.2920353982300885,0.6040462427745664,0.37202380952380953,0.49266862170087977,0.7202380952380952,0.7104477611940299,0.7315634218289085,0.48656716417910445,0.6045845272206304,0.05504587155963303,0.26666666666666666
A20256303_Batch7,0.0,0.0,0.7142857142857143,0.026865671641791045,0.0,0.6074766355140186,0.012307692307692308,0.0,0.0,0.11688311688311688,0.00906344410876133,0.290625,0.0,0.08895705521472393,0.6424050632911392,0.018633540372670808,0.0031847133757961785,0.8359621451104101,0.015873015873015872,0.0,0.0,0.6426332288401254,0.9171779141104295,0.9519230769230769,0.98125,0.020771513353115726,1.0,0.0,0.0,0.0,0.0,0.003115264797507788,0.0,0.00964630225080386,0.006060606060606061,0.11217948717948718,0.0030864197530864196,0.0,0.1033434650455927,0.003125,0.005970149253731343,0.8588957055214724,0.6591639871382636,0.06927710843373494,0.0,0.8593272171253823,0.0032258064516129032,0.0,0.6788990825688074,0.018691588785046728,0.006024096385542169,0.9758308157099698,0.12302839116719243,0.6413373860182371,0.0,0.3219814241486068,0.0,0.5096153846153846,0.0,0.6253869969040248,0.0,0.036585365853658534,0.3183279742765273,0.018867924528301886,0.024024024024024024,0.6851851851851852,0.9779874213836478,0.01567398119122257,0.006472491909385114,0.027950310559006212,0.0,0.0,0.49216300940438873,0.29245283018867924,0.3231707317073171,0.8975903614457831,0.31629392971246006,0.5758513931888545,0.9602446483180428,0.0,0.0,0.0,0.21712538226299694,0.27586206896551724,0.009584664536741214,0.138801261829653,0.6012658227848101,0.0380952380952381,0.01567398119122257,0.0,0.0,0.0,0.0,0.13333333333333333,0.08653846153846154,0.0,0.0031645569620253164,0.0,0.00625,0.0,0.9676470588235294,0.0,0.0,0.0,0.0031446540880503146,0.0672782874617737,0.7084639498432602,0.0,0.0,0.9373040752351097,0.9276729559748428,0.9230769230769231,0.22327044025157233,0.08490566037735849,0.303125,0.6200607902735562,0.0,0.0,0.6625386996904025,0.31419939577039274,0.006349206349206349,0.0,0.340625,0.171875,0.018404907975460124,0.5178571428571429,0.98125,0.003067484662576687,0.546031746031746,0.0031847133757961785,0.0,0.0,0.0,0.0,0.006309148264984227,0.051515151515151514,0.660436137071651,0.0,0.0,0.14826498422712933,0.6513761467889908,0.6430678466076696,0.02735562310030395,0.8338461538461538,0.0030959752321981426,0.5431309904153354,0.0,0.31629392971246006,0.0,0.31722054380664655,0.3944954128440367,0.6153846153846154,0.0,0.008695652173913044,0.0,0.006269592476489028,0.018575851393188854,0.0,0.02564102564102564,0.0,0.009433962264150943,0.9748427672955975,0.31076923076923074,0.015723270440251572,0.0,0.0,0.3148148148148148,0.9747634069400631,0.0,0.015197568389057751,0.0,0.050955414012738856,0.012012012012012012,0.9674556213017751,0.9758308157099698,0.7073170731707317,0.6296296296296297,0.10479041916167664,0.41358024691358025,0.4084084084084084,0.0,0.0031645569620253164,0.006191950464396285,0.3076923076923077,0.03283582089552239,0.717948717948718,0.00911854103343465
A20256307_Batch7,0.9644012944983819,0.9573170731707317,0.03492063492063492,0.4695121951219512,0.9683544303797469,0.32608695652173914,0.015772870662460567,0.9683544303797469,0.5181818181818182,0.3333333333333333,0.021212121212121213,0.027607361963190184,0.9629629629629629,0.30094043887147337,0.2958199356913183,0.4254658385093168,0.01910828025477707,0.0,0.8132911392405063,0.9617834394904459,0.039735099337748346,0.05,0.031545741324921134,0.01,0.0,0.7058823529411765,0.0,1.0,0.9646302250803859,0.9467084639498433,0.9597523219814241,0.9495268138801262,0.9567901234567902,0.9258064516129032,0.0182370820668693,0.2984126984126984,0.940251572327044,0.0462046204620462,0.3065015479876161,0.2361963190184049,0.948948948948949,0.0,0.04472843450479233,0.018404907975460124,0.9629629629629629,0.1111111111111111,0.038834951456310676,0.8544891640866873,0.2607361963190184,0.8507936507936508,0.45645645645645644,0.0,0.3753943217665615,0.3018292682926829,0.03821656050955414,0.5660377358490566,0.030864197530864196,0.3973941368078176,0.9589905362776026,0.3167701863354037,0.03728813559322034,0.9093655589123867,0.5704918032786885,0.11490683229813664,0.9003021148036254,0.271875,0.0,0.9394904458598726,0.08143322475570032,0.5015673981191222,0.028938906752411574,0.21069182389937108,0.43613707165109034,0.60062893081761,0.5830721003134797,0.08982035928143713,0.5833333333333334,0.3627760252365931,0.003105590062111801,0.9538461538461539,0.9612903225806452,0.03058103975535168,0.6842105263157895,0.59375,0.018808777429467086,0.268370607028754,0.3344155844155844,0.8683385579937304,0.9331210191082803,0.2682926829268293,0.9588607594936709,0.9571865443425076,0.9573170731707317,0.05345911949685535,0.34838709677419355,0.9542682926829268,0.9522292993630573,0.3512658227848101,0.25477707006369427,0.954248366013072,0.0029585798816568047,0.9587301587301588,0.9495268138801262,0.9623287671232876,0.012345679012345678,0.3149847094801223,0.01875,0.956386292834891,0.9598765432098766,0.015527950310559006,0.01892744479495268,0.021406727828746176,0.690625,0.041401273885350316,0.5692307692307692,0.056962025316455694,0.5454545454545454,0.023255813953488372,0.28525641025641024,0.5748502994011976,0.9424920127795527,0.5479876160990712,0.5534591194968553,0.3633440514469453,0.9347826086956522,0.3151515151515151,0.0,0.9484848484848485,0.38636363636363635,0.0189873417721519,0.44654088050314467,0.9544072948328267,0.3961661341853035,0.803030303030303,0.022151898734177215,0.015822784810126583,0.2911392405063291,0.2861635220125786,0.9601226993865031,0.328125,0.29260450160771706,0.30149253731343284,0.9125,0.1167192429022082,0.9504643962848297,0.3782051282051282,0.9595015576323987,0.5732899022801303,0.9584664536741214,0.5775075987841946,0.4503105590062112,0.31645569620253167,0.4504792332268371,0.02023121387283237,0.9785932721712538,0.9506172839506173,0.7901234567901234,0.9517684887459807,0.1870967741935484,0.35161290322580646,0.022292993630573247,0.0,0.5438066465256798,0.919093851132686,0.36024844720496896,0.9603658536585366,0.5634674922600619,0.0,0.953416149068323,0.9487951807228916,0.9462686567164179,0.2857142857142857,0.9226006191950464,0.0,0.0,0.039755351681957186,0.3072100313479624,0.29573170731707316,0.18042813455657492,0.43373493975903615,0.9558359621451105,0.9652996845425867,0.95,0.5771604938271605,0.3056379821958457,0.019230769230769232,0.0182370820668693
A2025644_Batch7,1.0,1.0,0.032362459546925564,0.4,1.0,0.30670926517571884,0.01904761904761905,1.0,0.44879518072289154,0.32903225806451614,0.030395136778115502,0.012307692307692308,1.0,0.32398753894080995,0.2765273311897106,0.4472843450479233,0.01929260450160772,0.0,0.8327868852459016,0.9936507936507937,0.010067114093959731,0.0473186119873817,0.03470031545741325,0.00964630225080386,0.0,0.716012084592145,0.0,0.9646302250803859,1.0,0.8676923076923077,0.9968944099378882,0.9935275080906149,1.0,0.944078947368421,0.01812688821752266,0.3069306930693069,0.956386292834891,0.0,0.305993690851735,0.2546583850931677,0.9758308157099698,0.0,0.04375,0.018867924528301886,1.0,0.109717868338558,0.042071197411003236,0.903125,0.2608695652173913,0.8840125391849529,0.3875,0.0,0.38263665594855306,0.2809667673716012,0.012779552715654952,0.5975232198142415,0.0,0.3858520900321543,1.0,0.30124223602484473,0.006578947368421052,0.96,0.5909090909090909,0.07987220447284345,0.9274924471299094,0.2601880877742947,0.0,0.9841269841269841,0.07236842105263158,0.4582043343653251,0.0,0.153125,0.4253968253968254,0.6237942122186495,0.5974842767295597,0.07668711656441718,0.5882352941176471,0.3438485804416404,0.0,1.0,1.0,0.0,0.7076923076923077,0.6193548387096774,0.0189873417721519,0.26582278481012656,0.3173076923076923,0.9,0.9150326797385621,0.2084592145015106,0.9937888198757764,1.0,1.0,0.025477707006369428,0.34516129032258064,1.0,0.9556962025316456,0.2610062893081761,0.25705329153605017,1.0,0.0029940119760479044,1.0,1.0,0.9966101694915255,0.019417475728155338,0.32298136645962733,0.012738853503184714,1.0,1.0,0.022082018927444796,0.01904761904761905,0.025078369905956112,0.7092651757188498,0.04100946372239748,0.584375,0.043343653250773995,0.5765472312703583,0.0,0.2715654952076677,0.5914634146341463,0.9808917197452229,0.5770491803278689,0.5768025078369906,0.321656050955414,0.95,0.3086053412462908,0.0,0.9847560975609756,0.3860759493670886,0.019417475728155338,0.5,1.0,0.34177215189873417,0.8357771260997068,0.025396825396825397,0.00625,0.2698412698412698,0.2422360248447205,1.0,0.32051282051282054,0.2923076923076923,0.2919254658385093,0.93125,0.12779552715654952,0.9873015873015873,0.3684210526315789,1.0,0.6129032258064516,0.9967637540453075,0.5895061728395061,0.41896024464831805,0.3051948051948052,0.38412698412698415,0.014749262536873156,0.9876923076923076,0.9657320872274143,0.7993920972644377,1.0,0.21359223300970873,0.28289473684210525,0.02280130293159609,0.0,0.573208722741433,0.9681528662420382,0.2932098765432099,1.0,0.5895061728395061,0.0,1.0,0.9785932721712538,0.9604863221884499,0.23974763406940064,0.9355828220858896,0.0,0.0,0.034161490683229816,0.3065015479876161,0.2808641975308642,0.16932907348242812,0.40307692307692305,1.0,0.9968454258675079,0.9747634069400631,0.5987460815047022,0.331306990881459,0.00949367088607595,0.024024024024024024
A2025647_Batch7,0.8738170347003155,0.8772455089820359,0.024844720496894408,0.5,0.8803680981595092,0.2839506172839506,0.018518518518518517,0.8785046728971962,0.6283185840707964,0.28753993610223644,0.02064896755162242,0.015060240963855422,0.8821752265861027,0.28134556574923547,0.2484472049689441,0.4024767801857585,0.022364217252396165,0.027950310559006212,0.7333333333333333,0.890282131661442,0.11551155115511551,0.03715170278637771,0.028125,0.006309148264984227,0.0,0.6190476190476191,0.0,0.9467084639498433,0.8676923076923077,1.0,0.8724035608308606,0.8722044728434505,0.8761609907120743,0.8571428571428571,0.020833333333333332,0.2829581993569132,0.852760736196319,0.1038961038961039,0.2796352583586626,0.2415902140672783,0.8690476190476191,0.0,0.03115264797507788,0.015105740181268883,0.8850931677018633,0.10703363914373089,0.04472843450479233,0.8012232415902141,0.24085365853658536,0.76,0.5075528700906344,0.0,0.3490566037735849,0.26646706586826346,0.12618296529968454,0.5,0.11782477341389729,0.3625,0.8923076923076924,0.27245508982035926,0.13099041533546327,0.822289156626506,0.5192307692307693,0.19753086419753085,0.8529411764705882,0.25,0.0,0.8710691823899371,0.07741935483870968,0.5195195195195195,0.10443037974683544,0.30864197530864196,0.40061162079510704,0.5335463258785943,0.5137614678899083,0.07058823529411765,0.5031847133757962,0.3177570093457944,0.0,0.8810975609756098,0.878125,0.10030395136778116,0.6146788990825688,0.5279503105590062,0.018691588785046728,0.25236593059936907,0.3018867924528302,0.7839506172839507,0.8660436137071651,0.36253776435045315,0.8801261829652997,0.8803680981595092,0.8757575757575757,0.0949367088607595,0.29780564263322884,0.8803680981595092,0.875,0.44171779141104295,0.2484472049689441,0.8639240506329114,0.0029411764705882353,0.89375,0.8703703703703703,0.8778877887788779,0.01557632398753894,0.2822085889570552,0.046583850931677016,0.8844984802431611,0.8836477987421384,0.021406727828746176,0.015625,0.024464831804281346,0.5943396226415094,0.040372670807453416,0.5015197568389058,0.039634146341463415,0.5202492211838006,0.11409395973154363,0.2554517133956386,0.5029761904761905,0.8553846153846154,0.5362776025236593,0.49230769230769234,0.39375,0.8571428571428571,0.2878338278931751,0.0,0.8567073170731707,0.35873015873015873,0.01875,0.44375,0.8810975609756098,0.5093167701863354,0.7485029940119761,0.02147239263803681,0.021341463414634148,0.24924012158054712,0.3862928348909657,0.8875379939209727,0.2911392405063291,0.25225225225225223,0.2746268656716418,0.801829268292683,0.11490683229813664,0.8785046728971962,0.3471337579617834,0.8765432098765432,0.5258064516129032,0.8734177215189873,0.4984984984984985,0.3957703927492447,0.28434504792332266,0.5648148148148148,0.017341040462427744,0.8939393939393939,0.8707692307692307,0.6930091185410334,0.875,0.20634920634920634,0.4482758620689655,0.021604938271604937,0.0,0.5457317073170732,0.821656050955414,0.46808510638297873,0.8922155688622755,0.4955223880597015,0.0,0.8792569659442725,0.8648648648648649,0.8772455089820359,0.35714285714285715,0.8528528528528528,0.0,0.0,0.02476780185758514,0.27217125382262997,0.2536873156342183,0.14506172839506173,0.3727810650887574,0.8734567901234568,0.9003115264797508,0.8619631901840491,0.5137614678899083,0.3047337278106509,0.047021943573667714,0.017699115044247787
A2025653_Batch7,0.9969325153374233,0.9970238095238095,0.025,0.4144144144144144,0.9968652037617555,0.325,0.021406727828746176,0.9969604863221885,0.4749262536873156,0.33015873015873015,0.02416918429003021,0.021406727828746176,0.9969418960244648,0.32407407407407407,0.29153605015673983,0.45987654320987653,0.0219435736677116,0.0,0.834920634920635,0.9905660377358491,0.0033003300330033004,0.0440251572327044,0.027777777777777776,0.006600660066006601,0.0,0.7192982456140351,0.0,0.9597523219814241,0.9968944099378882,0.8724035608308606,1.0,0.9903225806451613,0.9968454258675079,0.9331210191082803,0.024096385542168676,0.3225806451612903,0.9476923076923077,0.0,0.3212121212121212,0.24846625766871167,0.9672619047619048,0.0,0.035256410256410256,0.024390243902439025,0.9968553459119497,0.10091743119266056,0.04854368932038835,0.9085365853658537,0.2606060606060606,0.8808777429467085,0.40298507462686567,0.0,0.40836012861736337,0.29819277108433734,0.0189873417721519,0.5878787878787879,0.0,0.409375,0.9968652037617555,0.3153153153153153,0.003278688524590164,0.9542682926829268,0.5846645367412141,0.07836990595611286,0.9203539823008849,0.24924012158054712,0.0,0.9810725552050473,0.07142857142857142,0.4525993883792049,0.0,0.16717325227963525,0.4205607476635514,0.6163522012578616,0.5932721712538226,0.0748502994011976,0.5910543130990416,0.3613707165109034,0.0,0.9969230769230769,0.9968051118210862,0.0,0.7003058103975535,0.61875,0.022222222222222223,0.2829581993569132,0.33125,0.8923076923076924,0.9174603174603174,0.2261904761904762,0.9905956112852664,1.0,0.9969512195121951,0.03115264797507788,0.3535031847133758,0.9969604863221885,0.9626168224299065,0.2896341463414634,0.2761904761904762,0.9967948717948718,0.0029498525073746312,1.0,0.9967845659163987,0.9933110367892977,0.022364217252396165,0.34049079754601225,0.009404388714733543,0.9938271604938271,0.996875,0.018461538461538463,0.01834862385321101,0.021604938271604937,0.6908517350157729,0.040372670807453416,0.5907692307692308,0.04375,0.5886075949367089,0.0,0.273015873015873,0.5830815709969789,0.9844236760124611,0.583596214511041,0.5626911314984709,0.31761006289308175,0.9451219512195121,0.31378299120234604,0.0,0.9848942598187311,0.4006514657980456,0.025,0.5015290519877675,0.9969788519637462,0.3586626139817629,0.8228228228228228,0.025236593059936908,0.006269592476489028,0.278125,0.24233128834355827,0.9969879518072289,0.3385579937304075,0.2852760736196319,0.29003021148036257,0.9347826086956522,0.13522012578616352,0.9908536585365854,0.3717948717948718,1.0,0.5947712418300654,0.9935691318327974,0.5915915915915916,0.4307228915662651,0.31974921630094044,0.4095238095238095,0.02318840579710145,0.9878419452887538,0.95625,0.796923076923077,1.0,0.2282958199356913,0.3003194888178914,0.02875399361022364,0.0,0.5723076923076923,0.9588607594936709,0.3219814241486068,0.9970149253731343,0.5828220858895705,0.0,0.9968944099378882,0.972972972972973,0.95,0.24528301886792453,0.9274924471299094,0.0,0.0,0.03374233128834356,0.30625,0.29754601226993865,0.16923076923076924,0.41317365269461076,0.9968847352024922,0.99375,0.9577039274924471,0.6012084592145015,0.32326283987915405,0.00946372239747634,0.020958083832335328
A2025654_Batch7,0.9967532467532467,0.9938650306748467,0.04516129032258064,0.43167701863354035,0.9967845659163987,0.3217665615141956,0.012539184952978056,0.9936507936507937,0.486404833836858,0.31666666666666665,0.014925373134328358,0.0220125786163522,0.99375,0.29906542056074764,0.2814569536423841,0.43354430379746833,0.012698412698412698,0.0030864197530864196,0.8403908794788274,0.9935897435897436,0.013071895424836602,0.05993690851735016,0.04113924050632911,0.010033444816053512,0.0031545741324921135,0.7121212121212122,0.003115264797507788,0.9495268138801262,0.9935275080906149,0.8722044728434505,0.9903225806451613,1.0,0.9935275080906149,0.9283387622149837,0.012269938650306749,0.2973856209150327,0.9447852760736196,0.0,0.28173374613003094,0.2361963190184049,0.9602446483180428,0.0031545741324921135,0.05063291139240506,0.015337423312883436,0.9967845659163987,0.11006289308176101,0.03571428571428571,0.9053627760252366,0.2639751552795031,0.879746835443038,0.4169278996865204,0.006191950464396285,0.36421725239616615,0.3067484662576687,0.012903225806451613,0.6037735849056604,0.0,0.42628205128205127,0.9936908517350158,0.3096774193548387,0.003367003367003367,0.9480122324159022,0.5849673202614379,0.0877742946708464,0.9240121580547113,0.27639751552795033,0.006289308176100629,0.9807073954983923,0.07260726072607261,0.48589341692789967,0.0,0.18322981366459629,0.45569620253164556,0.62,0.5867507886435331,0.07142857142857142,0.5915032679738562,0.3717948717948718,0.003067484662576687,0.9937888198757764,0.9935275080906149,0.0,0.7101910828025477,0.6238244514106583,0.009523809523809525,0.267515923566879,0.32903225806451614,0.8924050632911392,0.910828025477707,0.23404255319148937,0.9906832298136646,0.9938080495356038,0.9938461538461538,0.042071197411003236,0.3173076923076923,0.9937694704049844,0.9492063492063492,0.3089171974522293,0.25796178343949044,0.9935275080906149,0.0029940119760479044,0.9936305732484076,0.99375,0.9933110367892977,0.006578947368421052,0.31761006289308175,0.0189873417721519,0.9905362776025236,0.9936708860759493,0.024922118380062305,0.028846153846153848,0.03492063492063492,0.7147435897435898,0.03492063492063492,0.5777777777777777,0.0625,0.5681818181818182,0.0,0.28662420382165604,0.5975232198142415,0.9839743589743589,0.567741935483871,0.5632911392405063,0.33986928104575165,0.9495268138801262,0.3181818181818182,0.003246753246753247,0.9815950920245399,0.3890675241157556,0.013029315960912053,0.4794952681388013,0.9937888198757764,0.3805031446540881,0.8240740740740741,0.0189873417721519,0.009554140127388535,0.2768729641693811,0.24281150159744408,0.9937694704049844,0.31629392971246006,0.290625,0.2934131736526946,0.9472049689440993,0.13504823151125403,0.9842271293375394,0.3795379537953795,0.9968354430379747,0.594059405940594,0.9967532467532467,0.5914634146341463,0.42946708463949845,0.30844155844155846,0.41904761904761906,0.011730205278592375,0.9749216300940439,0.9501557632398754,0.8006230529595015,0.9932659932659933,0.20327868852459016,0.32038834951456313,0.0165016501650165,0.006309148264984227,0.5884146341463414,0.9707792207792207,0.3270440251572327,0.9938461538461538,0.5799373040752351,0.006430868167202572,0.9968152866242038,0.9845679012345679,0.9484848484848485,0.2540192926045016,0.9272727272727272,0.0030303030303030303,0.006153846153846154,0.043343653250773995,0.32051282051282054,0.27627627627627627,0.16927899686520376,0.4090909090909091,0.9935483870967742,0.990506329113924,0.9528301886792453,0.5873015873015873,0.31212121212121213,0.016129032258064516,0.018404907975460124
A2025656_Batch7,1.0,1.0,0.03205128205128205,0.42813455657492355,1.0,0.3166144200626959,0.0219435736677116,1.0,0.49700598802395207,0.3333333333333333,0.03343465045592705,0.012618296529968454,1.0,0.31790123456790126,0.27009646302250806,0.4528301886792453,0.02857142857142857,0.0,0.8381877022653722,0.9935691318327974,0.013513513513513514,0.04672897196261682,0.03184713375796178,0.006557377049180328,0.0,0.7212121212121212,0.0,0.9567901234567902,1.0,0.8761609907120743,0.9968454258675079,0.9935275080906149,1.0,0.9313725490196079,0.026865671641791045,0.3116883116883117,0.9537037037037037,0.0,0.3148148148148148,0.2453416149068323,0.9637462235649547,0.0,0.04113924050632911,0.018633540372670808,1.0,0.11217948717948718,0.049342105263157895,0.9059561128526645,0.24773413897280966,0.879746835443038,0.42105263157894735,0.0,0.38170347003154576,0.29607250755287007,0.016233766233766232,0.6025236593059937,0.0,0.41324921135646686,1.0,0.2984126984126984,0.006578947368421052,0.9567901234567902,0.6085526315789473,0.0950920245398773,0.9161676646706587,0.26813880126182965,0.0,0.9775641025641025,0.0924092409240924,0.4713375796178344,0.0,0.17307692307692307,0.444794952681388,0.6305732484076433,0.6137071651090342,0.08157099697885196,0.6078431372549019,0.3514376996805112,0.0,1.0,1.0,0.0,0.7084639498432602,0.6392405063291139,0.026058631921824105,0.265625,0.313915857605178,0.8990536277602523,0.9158576051779935,0.2331288343558282,0.9967320261437909,1.0,1.0,0.03514376996805112,0.33548387096774196,1.0,0.9552715654952076,0.30625,0.2802547770700637,1.0,0.0,1.0,1.0,0.9965986394557823,0.025559105431309903,0.3385093167701863,0.012861736334405145,1.0,1.0,0.018867924528301886,0.021806853582554516,0.02786377708978328,0.7124600638977636,0.04113924050632911,0.6056782334384858,0.043478260869565216,0.5787781350482315,0.0,0.26517571884984026,0.6102719033232629,0.9775641025641025,0.5705128205128205,0.5924764890282131,0.34055727554179566,0.94375,0.3212121212121212,0.0,0.9818181818181818,0.38485804416403785,0.028481012658227847,0.47619047619047616,1.0,0.3762057877813505,0.8424242424242424,0.03514376996805112,0.009345794392523364,0.2641509433962264,0.26851851851851855,1.0,0.3333333333333333,0.27848101265822783,0.283987915407855,0.9367088607594937,0.1178343949044586,0.9843260188087775,0.3790849673202614,1.0,0.6181229773462783,0.9968454258675079,0.593939393939394,0.4351851851851852,0.3096774193548387,0.42038216560509556,0.02373887240356083,0.984472049689441,0.9537037037037037,0.8125,1.0,0.22039473684210525,0.3194888178913738,0.035483870967741936,0.0,0.59375,0.9614147909967846,0.3291139240506329,1.0,0.5962732919254659,0.0,1.0,0.9756838905775076,0.9478527607361963,0.27531645569620256,0.926829268292683,0.0,0.0,0.034055727554179564,0.2962962962962963,0.29518072289156627,0.16408668730650156,0.42153846153846153,1.0,0.9968253968253968,0.9584664536741214,0.6088328075709779,0.3312883435582822,0.012987012987012988,0.030959752321981424
A20257151_Batch7,0.934640522875817,0.9292307692307692,0.04950495049504951,0.49226006191950467,0.9365079365079365,0.34285714285714286,0.02572347266881029,0.9523809523809523,0.5379939209726444,0.31290322580645163,0.03067484662576687,0.03115264797507788,0.9299363057324841,0.2879746835443038,0.31353135313531355,0.42394822006472493,0.02622950819672131,0.006349206349206349,0.8044871794871795,0.9329073482428115,0.044673539518900345,0.07028753993610223,0.04430379746835443,0.016611295681063124,0.0032679738562091504,0.6930091185410334,0.00964630225080386,0.9258064516129032,0.944078947368421,0.8571428571428571,0.9331210191082803,0.9283387622149837,0.9313725490196079,1.0,0.024844720496894408,0.28524590163934427,0.9426751592356688,0.026578073089700997,0.29375,0.22910216718266255,0.9544072948328267,0.006269592476489028,0.05161290322580645,0.021739130434782608,0.9435215946843853,0.13680781758957655,0.04276315789473684,0.8504672897196262,0.2779552715654952,0.8478964401294499,0.49221183800623053,0.01557632398753894,0.3696369636963696,0.30340557275541796,0.059602649006622516,0.5897435897435898,0.04416403785488959,0.4304635761589404,0.9379084967320261,0.3141025641025641,0.05016722408026756,0.8952380952380953,0.5953947368421053,0.11501597444089456,0.9694189602446484,0.3,0.016286644951140065,0.9120521172638436,0.06734006734006734,0.5591054313099042,0.03618421052631579,0.234375,0.4437299035369775,0.6146179401993356,0.5987261146496815,0.08868501529051988,0.5816993464052288,0.34615384615384615,0.006309148264984227,0.9365079365079365,0.9273927392739274,0.03773584905660377,0.7047619047619048,0.6258064516129033,0.026143790849673203,0.24671052631578946,0.34868421052631576,0.8364779874213837,0.9933774834437086,0.28615384615384615,0.9348534201954397,0.9354838709677419,0.9367088607594937,0.061488673139158574,0.31493506493506496,0.9337539432176656,0.9808306709265175,0.36075949367088606,0.24675324675324675,0.9509803921568627,0.009009009009009009,0.9276315789473685,0.9344262295081968,0.9389830508474576,0.02280130293159609,0.29449838187702265,0.028938906752411574,0.9265175718849841,0.9333333333333333,0.03205128205128205,0.03215434083601286,0.03481012658227848,0.7083333333333334,0.04918032786885246,0.5854430379746836,0.06430868167202572,0.5529801324503312,0.04081632653061224,0.3081967213114754,0.5943396226415094,0.9448051948051948,0.5566343042071198,0.5681818181818182,0.39228295819935693,0.9841772151898734,0.329153605015674,0.0031746031746031746,0.9467084639498433,0.3987138263665595,0.023178807947019868,0.4651898734177215,0.9265175718849841,0.4342105263157895,0.775,0.01948051948051948,0.012779552715654952,0.28888888888888886,0.3035143769968051,0.9440993788819876,0.3142857142857143,0.2920634920634921,0.3090909090909091,0.8810289389067524,0.14715719063545152,0.941747572815534,0.40468227424749165,0.9444444444444444,0.5986622073578596,0.9344262295081968,0.5876923076923077,0.41379310344827586,0.31596091205211724,0.4806451612903226,0.021021021021021023,0.9588607594936709,0.9775641025641025,0.7993630573248408,0.9311475409836065,0.21262458471760798,0.3717105263157895,0.02631578947368421,0.015772870662460567,0.5869565217391305,0.9198717948717948,0.3706070287539936,0.9476923076923077,0.5682539682539682,0.016025641025641024,0.9315960912052117,0.9150943396226415,0.968944099378882,0.3181818181818182,0.9938650306748467,0.006153846153846154,0.009259259259259259,0.050473186119873815,0.31210191082802546,0.2639751552795031,0.16878980891719744,0.4241486068111455,0.9361022364217252,0.9354838709677419,0.967741935483871,0.6055900621118012,0.2962962962962963,0.02258064516129032,0.0243161094224924
A20257152_Batch7,0.0189873417721519,0.02023121387283237,0.26865671641791045,0.011869436201780416,0.02108433734939759,0.008955223880597015,1.0,0.021148036253776436,0.0056179775280898875,0.5833333333333334,0.9913544668587896,0.611764705882353,0.023255813953488372,0.624633431085044,0.00909090909090909,0.5636363636363636,0.9968944099378882,0.09009009009009009,0.14153846153846153,0.02147239263803681,0.0,0.30538922155688625,0.051515151515151514,0.06542056074766354,0.05521472392638037,0.24855491329479767,0.006060606060606061,0.0182370820668693,0.01812688821752266,0.020833333333333332,0.024096385542168676,0.012269938650306749,0.026865671641791045,0.024844720496894408,1.0,0.6211180124223602,0.044642857142857144,0.0,0.6242603550295858,0.798219584569733,0.02849002849002849,0.14035087719298245,0.31402439024390244,0.9144542772861357,0.021341463414634148,0.003003003003003003,0.9746835443037974,0.12130177514792899,0.008771929824561403,0.12462006079027356,0.005917159763313609,0.0,0.5,0.0029069767441860465,0.0,0.0,0.0,0.005934718100890208,0.024464831804281346,0.005952380952380952,0.0,0.014619883040935672,0.0,0.0,0.01440922190201729,0.003003003003003003,0.0,0.018072289156626505,0.9316770186335404,0.0058823529411764705,0.0,0.002976190476190476,0.0,0.0,0.0,0.011461318051575931,0.0,0.009202453987730062,0.05934718100890208,0.023952095808383235,0.027607361963190184,0.0,0.003003003003003003,0.0,0.9969040247678018,0.6299694189602446,0.015527950310559006,0.08630952380952381,0.01529051987767584,0.008823529411764706,0.018072289156626505,0.01488095238095238,0.023952095808383235,0.44135802469135804,0.6085626911314985,0.020710059171597635,0.024691358024691357,0.009036144578313253,0.770392749244713,0.015432098765432098,0.052478134110787174,0.015197568389057751,0.012084592145015106,0.02280130293159609,0.993920972644377,0.6167664670658682,0.0547112462006079,0.02359882005899705,0.024024024024024024,0.04878048780487805,0.0736196319018405,0.06042296072507553,0.0,0.8982035928143712,0.0,0.32628398791540786,0.4551083591331269,0.0,0.00909090909090909,0.0,0.017964071856287425,0.48297213622291024,0.0,0.008875739644970414,0.017699115044247787,0.1495601173020528,0.05504587155963303,0.020348837209302327,0.0029940119760479044,0.9969879518072289,0.5432835820895522,0.014792899408284023,0.0,0.1930835734870317,0.9939024390243902,0.8865030674846626,0.03254437869822485,0.006060606060606061,0.023529411764705882,0.5363636363636364,0.006042296072507553,0.020348837209302327,0.04747774480712166,0.018518518518518517,0.020958083832335328,0.021604938271604937,0.015015015015015015,0.0,0.018404907975460124,0.0,0.18154761904761904,0.006211180124223602,0.009287925696594427,1.0,0.020527859237536656,0.02967359050445104,0.16913946587537093,0.024539877300613498,0.8037383177570093,0.00906344410876133,0.990625,0.0,0.0,0.024242424242424242,0.005988023952095809,0.02359882005899705,0.0,0.0,0.020833333333333332,0.017595307917888565,0.028735632183908046,0.012232415902140673,0.017699115044247787,0.06051873198847262,0.0,0.2878338278931751,0.006042296072507553,0.6173913043478261,0.39520958083832336,0.17058823529411765,0.02710843373493976,0.021021021021021023,0.027190332326283987,0.0,0.6822157434402333,0.09538461538461539,0.9941348973607038
A20257156_Batch7,0.28903654485049834,0.30094043887147337,0.40924092409240925,0.1069182389937107,0.2958199356913183,0.21864951768488747,0.6198083067092651,0.31699346405228757,0.11598746081504702,0.9730639730639731,0.6242424242424243,0.5172413793103449,0.3146417445482866,0.9778481012658228,0.21782178217821782,0.7645161290322581,0.6127946127946128,0.14331210191082802,0.46204620462046203,0.3194888178913738,0.0,0.4755700325732899,0.16451612903225807,0.17,0.14754098360655737,0.6068111455108359,0.11217948717948718,0.2984126984126984,0.3069306930693069,0.2829581993569132,0.3225806451612903,0.2973856209150327,0.3116883116883117,0.28524590163934427,0.6211180124223602,1.0,0.3113207547169811,0.0,0.9871794871794872,0.750788643533123,0.3009118541033435,0.21153846153846154,0.45819397993311034,0.6446540880503144,0.3081967213114754,0.13183279742765272,0.6566666666666666,0.36421725239616615,0.21794871794871795,0.41368078175895767,0.10126582278481013,0.08950617283950617,0.9315960912052117,0.20249221183800623,0.006756756756756757,0.2222222222222222,0.0,0.254071661237785,0.30670926517571884,0.23948220064724918,0.0,0.26791277258566976,0.22895622895622897,0.03536977491961415,0.28134556574923547,0.19811320754716982,0.10126582278481013,0.28338762214983715,0.6224489795918368,0.10163934426229508,0.0,0.028938906752411574,0.237012987012987,0.24,0.2467948717948718,0.14873417721518986,0.20202020202020202,0.23529411764705882,0.15141955835962145,0.2990353697749196,0.3042071197411003,0.0,0.23870967741935484,0.2379421221864952,0.6026490066225165,1.0,0.247557003257329,0.38461538461538464,0.264026402640264,0.0438871473354232,0.2987012987012987,0.3054662379421222,0.31974921630094044,0.24503311258278146,0.9737704918032787,0.29245283018867924,0.2958199356913183,0.08681672025723473,0.7572815533980582,0.29276315789473684,0.1540785498489426,0.29372937293729373,0.29545454545454547,0.32413793103448274,0.5960264900662252,0.9587301587301588,0.14285714285714285,0.3142857142857143,0.2931596091205212,0.1563517915309446,0.15960912052117263,0.16720257234726688,0.271523178807947,0.6785714285714286,0.23824451410658307,0.49032258064516127,0.5145631067961165,0.0,0.23127035830618892,0.228125,0.30944625407166126,0.5667752442996743,0.23529411764705882,0.14743589743589744,0.28343949044585987,0.43962848297213625,0.14193548387096774,0.29102167182662536,0.24836601307189543,0.5700325732899023,0.554140127388535,0.2984126984126984,0.08496732026143791,0.4520123839009288,0.5956112852664577,0.5271565495207667,0.2524271844660194,0.05448717948717949,0.3113207547169811,0.9453376205787781,0.22186495176848875,0.2468354430379747,0.3375796178343949,0.1465798045602606,0.3258785942492013,0.24414715719063546,0.31528662420382164,0.24745762711864408,0.29042904290429045,0.2468354430379747,0.5032051282051282,0.247557003257329,0.09602649006622517,0.5873493975903614,0.2887537993920973,0.29595015576323985,0.4766355140186916,0.2953020134228188,0.8272425249169435,0.07236842105263158,0.6138613861386139,0.09966777408637874,0.24367088607594936,0.29180327868852457,0.0935483870967742,0.32298136645962733,0.2356687898089172,0.10714285714285714,0.3050314465408805,0.28115015974440893,0.3055555555555556,0.0781758957654723,0.2555205047318612,0.1609907120743034,0.11145510835913312,0.43548387096774194,0.22903225806451613,0.9906832298136646,0.6666666666666666,0.490625,0.32038834951456313,0.3059210526315789,0.30448717948717946,0.225,0.875,0.16346153846153846,0.628125
A2025716_Batch7,0.9493670886075949,0.9525222551928784,0.06329113924050633,0.45151515151515154,0.9473684210526315,0.2953846153846154,0.051829268292682924,0.9595015576323987,0.49851632047477745,0.3375796178343949,0.04985337243401759,0.04573170731707317,0.9603658536585366,0.32727272727272727,0.2515527950310559,0.45565749235474007,0.051118210862619806,0.0060790273556231,0.8535031847133758,0.9517684887459807,0.02903225806451613,0.07854984894259819,0.04024767801857585,0.013071895424836602,0.006134969325153374,0.7396449704142012,0.0030864197530864196,0.940251572327044,0.956386292834891,0.852760736196319,0.9476923076923077,0.9447852760736196,0.9537037037037037,0.9426751592356688,0.044642857142857144,0.3113207547169811,1.0,0.006329113924050633,0.3151515151515151,0.25301204819277107,0.9853801169590644,0.012048192771084338,0.0660377358490566,0.045454545454545456,0.9591194968553459,0.09202453987730061,0.07348242811501597,0.8658536585365854,0.24233128834355827,0.8773584905660378,0.4393939393939394,0.0030120481927710845,0.3929712460063898,0.27988338192419826,0.025396825396825397,0.549079754601227,0.01524390243902439,0.3888888888888889,0.95625,0.28792569659442724,0.01607717041800643,0.899390243902439,0.5591054313099042,0.07668711656441718,0.9017857142857143,0.2530487804878049,0.003134796238244514,0.9375,0.1157556270096463,0.5,0.018808777429467086,0.19384615384615383,0.3931888544891641,0.5740740740740741,0.5545171339563862,0.0718562874251497,0.5591054313099042,0.33641975308641975,0.005970149253731343,0.9559748427672956,0.9503105590062112,0.018018018018018018,0.6687306501547987,0.5875,0.034482758620689655,0.28173374613003094,0.31347962382445144,0.8666666666666667,0.9267515923566879,0.24695121951219512,0.9478527607361963,0.9607250755287009,0.9487951807228916,0.05625,0.3487654320987654,0.9578313253012049,0.9538461538461539,0.3333333333333333,0.271875,0.964516129032258,0.008849557522123894,0.9538461538461539,0.9503105590062112,0.9464882943143813,0.04361370716510903,0.33641975308641975,0.025157232704402517,0.944954128440367,0.9592476489028213,0.027777777777777776,0.031055900621118012,0.03058103975535168,0.6698113207547169,0.07476635514018691,0.5462962962962963,0.07975460122699386,0.5787781350482315,0.013245033112582781,0.2631578947368421,0.5565476190476191,0.9558359621451105,0.5802469135802469,0.5379939209726444,0.34375,0.9367469879518072,0.3092485549132948,0.0,0.960960960960961,0.371875,0.040372670807453416,0.4783950617283951,0.9579579579579579,0.384375,0.8162650602409639,0.046875,0.03058103975535168,0.26006191950464397,0.2786377708978328,0.9667673716012085,0.329073482428115,0.26605504587155965,0.2703488372093023,0.9181818181818182,0.12732919254658384,0.9573170731707317,0.3630573248407643,0.9634146341463414,0.5682539682539682,0.9652996845425867,0.5512048192771084,0.41284403669724773,0.28125,0.44339622641509435,0.03133903133903134,0.9604863221884499,0.9876923076923076,0.84,0.9516129032258065,0.23824451410658307,0.3395638629283489,0.052795031055900624,0.0031645569620253164,0.5363636363636364,0.9365079365079365,0.33024691358024694,0.9611940298507463,0.5474006116207951,0.0030864197530864196,0.950920245398773,0.9373134328358209,0.9668674698795181,0.26959247648902823,0.9272727272727272,0.0029154518950437317,0.0,0.06769230769230769,0.28,0.30029154518950435,0.19937694704049844,0.408955223880597,0.9506172839506173,0.9561128526645768,0.9814814814814815,0.5575757575757576,0.3373134328358209,0.019169329073482427,0.05120481927710843
A2025717_Batch7,0.0,0.0,0.0033003300330033004,0.5466237942122186,0.0,0.0,0.0,0.0,0.484472049689441,0.0,0.0,0.006493506493506494,0.0,0.0,0.0,0.0,0.0,0.06984126984126984,0.0,0.0,0.9932885906040269,0.0,0.0,0.0,0.0,0.0,0.0,0.0462046204620462,0.0,0.1038961038961039,0.0,0.0,0.0,0.026578073089700997,0.0,0.0,0.006329113924050633,1.0,0.0,0.0,0.006191950464396285,0.0,0.0,0.0,0.0,0.0,0.0,0.0,0.0,0.0,0.5723270440251572,0.0,0.0,0.0,0.99,0.0,1.0,0.0,0.0,0.0,0.9931506849315068,0.0,0.0,0.8709677419354839,0.028125,0.0,0.0,0.0,0.0,0.4935897435897436,1.0,0.8135048231511254,0.0,0.003278688524590164,0.0,0.0030959752321981426,0.0,0.0,0.0031847133757961785,0.0,0.0,1.0,0.0,0.0,0.0,0.0,0.0,0.0,0.03594771241830065,0.7453416149068323,0.0031446540880503146,0.0,0.0,0.35064935064935066,0.0,0.0,0.013245033112582781,0.6858974358974359,0.0,0.0,0.0,0.0,0.0,0.0,0.0,0.0,0.2159468438538206,0.0,0.0,0.0032258064516129032,0.0,0.0,0.0,0.0,0.0,0.0032258064516129032,0.0,1.0,0.0,0.0,0.0,0.0,0.0,0.44554455445544555,0.018518518518518517,0.0,0.0,0.0,0.0,0.0,0.0,0.0,0.6131147540983607,0.0,0.0,0.0932475884244373,0.0,0.7311475409836066,0.0,0.0,0.0,0.0,0.0,0.0,0.0,0.0,0.0,0.0,0.0,0.0,0.0,0.0,0.5463576158940397,0.0,0.012618296529968454,0.012618296529968454,0.0031746031746031746,0.0,0.0,0.6677740863787376,0.0,0.0,0.015772870662460567,0.0,0.6644951140065146,0.0,0.0,0.0,0.0,0.0,0.024691358024691357,0.6578947368421053,0.03459119496855346,0.0,0.0,0.0,0.0,0.0,0.003215434083601286,0.0,0.0,0.0,0.012779552715654952,0.0,0.0,0.16938110749185667,0.0
A20257171_Batch7,0.2981366459627329,0.3,0.39814814814814814,0.09939759036144578,0.30246913580246915,0.22699386503067484,0.6288343558282209,0.30218068535825543,0.11764705882352941,0.984375,0.6422287390029325,0.5198776758409785,0.32238805970149254,0.9908256880733946,0.23692307692307693,0.78125,0.6214511041009464,0.14714714714714713,0.47003154574132494,0.3113207547169811,0.0,0.4523076923076923,0.16717325227963525,0.1751592356687898,0.14018691588785046,0.6088235294117647,0.1033434650455927,0.3065015479876161,0.305993690851735,0.2796352583586626,0.3212121212121212,0.28173374613003094,0.3148148148148148,0.29375,0.6242603550295858,0.9871794871794872,0.3151515151515151,0.0,1.0,0.7696969696969697,0.30434782608695654,0.21621621621621623,0.4426751592356688,0.6309523809523809,0.3227848101265823,0.13538461538461538,0.660436137071651,0.36085626911314983,0.2403560830860534,0.40372670807453415,0.1021021021021021,0.09063444108761329,0.9465408805031447,0.22647058823529412,0.00946372239747634,0.2329192546583851,0.0,0.2755417956656347,0.2826086956521739,0.24695121951219512,0.0,0.28402366863905326,0.24050632911392406,0.02967359050445104,0.2976190476190476,0.19504643962848298,0.10429447852760736,0.2919254658385093,0.6261980830670927,0.09480122324159021,0.0,0.036923076923076927,0.24924012158054712,0.240625,0.25766871165644173,0.15976331360946747,0.23270440251572327,0.2453416149068323,0.15337423312883436,0.29721362229102166,0.2974683544303797,0.0,0.2560240963855422,0.253125,0.6081504702194357,0.9716088328075709,0.2554517133956386,0.3787878787878788,0.28164556962025317,0.05604719764011799,0.29906542056074764,0.29573170731707316,0.31212121212121213,0.2668711656441718,0.9875776397515528,0.2972972972972973,0.29283489096573206,0.0783132530120482,0.7546583850931677,0.3,0.15542521994134897,0.29430379746835444,0.2917933130699088,0.3333333333333333,0.590625,0.978328173374613,0.11987381703470032,0.31212121212121213,0.2950310559006211,0.16770186335403728,0.1743119266055046,0.1712538226299694,0.2974683544303797,0.6853582554517134,0.24624624624624625,0.47865853658536583,0.5125786163522013,0.0,0.24,0.24778761061946902,0.3067484662576687,0.5688073394495413,0.2515527950310559,0.138801261829653,0.2921686746987952,0.4144927536231884,0.14506172839506173,0.286144578313253,0.25949367088607594,0.5924764890282131,0.5644171779141104,0.30701754385964913,0.08201892744479496,0.47023809523809523,0.603030303030303,0.5438066465256798,0.27076923076923076,0.052795031055900624,0.31722054380664655,0.9595015576323987,0.22699386503067484,0.2594752186588921,0.35347432024169184,0.1609907120743034,0.3058103975535168,0.26332288401253917,0.3161094224924012,0.24919093851132687,0.296875,0.25970149253731345,0.48955223880597015,0.26332288401253917,0.09316770186335403,0.6063218390804598,0.2976190476190476,0.31901840490797545,0.48787878787878786,0.3108974358974359,0.8439490445859873,0.06896551724137931,0.6329113924050633,0.08544303797468354,0.25688073394495414,0.29721362229102166,0.07530120481927711,0.3263473053892216,0.24702380952380953,0.11838006230529595,0.3065015479876161,0.2823529411764706,0.2886297376093295,0.08099688473520249,0.25882352941176473,0.14857142857142858,0.10119047619047619,0.4205607476635514,0.23692307692307693,0.993993993993994,0.6486486486486487,0.48214285714285715,0.31875,0.3055555555555556,0.2932098765432099,0.2392638036809816,0.8948948948948949,0.15789473684210525,0.6350148367952523
A20257172_Batch7,0.21671826625386997,0.24705882352941178,0.2546583850931677,0.08682634730538923,0.22530864197530864,0.08132530120481928,0.7852760736196319,0.23839009287925697,0.09171597633136094,0.7261146496815286,0.8005865102639296,0.4820359281437126,0.24924924924924924,0.7706422018348624,0.050314465408805034,0.7708978328173375,0.7763975155279503,0.0701219512195122,0.3653250773993808,0.24610591900311526,0.0032258064516129032,0.2993827160493827,0.04984423676012461,0.050156739811912224,0.046012269938650305,0.48520710059171596,0.003125,0.2361963190184049,0.2546583850931677,0.2415902140672783,0.24846625766871167,0.2361963190184049,0.2453416149068323,0.22910216718266255,0.798219584569733,0.750788643533123,0.25301204819277107,0.0,0.7696969696969697,1.0,0.22807017543859648,0.12238805970149254,0.29411764705882354,0.7164179104477612,0.2626582278481013,0.014970059880239521,0.8359621451104101,0.34545454545454546,0.04819277108433735,0.3067484662576687,0.07807807807807808,0.0,0.6697819314641744,0.049707602339181284,0.00946372239747634,0.1345565749235474,0.0030303030303030303,0.08411214953271028,0.21580547112462006,0.0581039755351682,0.003125,0.21893491124260356,0.12987012987012986,0.024242424242424242,0.21597633136094674,0.02694610778443114,0.0,0.22085889570552147,0.7484276729559748,0.08,0.006230529595015576,0.03058103975535168,0.09627329192546584,0.14511041009463724,0.13414634146341464,0.017964071856287425,0.11006289308176101,0.05846153846153846,0.04142011834319527,0.2276923076923077,0.26461538461538464,0.006006006006006006,0.1467065868263473,0.12844036697247707,0.7623456790123457,0.7663551401869159,0.08024691358024691,0.2926829268292683,0.2222222222222222,0.05740181268882175,0.24458204334365324,0.23636363636363636,0.2331288343558282,0.3292307692307692,0.7735849056603774,0.2319277108433735,0.234375,0.07507507507507508,0.9190031152647975,0.22611464968152867,0.04046242774566474,0.24233128834355827,0.23765432098765432,0.2598684210526316,0.7619047619047619,0.7784431137724551,0.04180064308681672,0.2392638036809816,0.22153846153846155,0.0425531914893617,0.05993690851735016,0.05555555555555555,0.17142857142857143,0.7208588957055214,0.12654320987654322,0.3157894736842105,0.64576802507837,0.006349206349206349,0.04672897196261682,0.13134328358208955,0.2422360248447205,0.7492163009404389,0.12962962962962962,0.06501547987616099,0.20909090909090908,0.2323529411764706,0.03715170278637771,0.22916666666666666,0.08668730650154799,0.7685185185185185,0.7395209580838323,0.24251497005988024,0.07098765432098765,0.4114114114114114,0.7795031055900621,0.6483180428134556,0.08282208588957055,0.05198776758409786,0.21791044776119403,0.688622754491018,0.05373134328358209,0.0744047619047619,0.2577639751552795,0.027190332326283987,0.24397590361445784,0.09433962264150944,0.2553846153846154,0.12861736334405144,0.228125,0.12759643916913946,0.2878338278931751,0.07453416149068323,0.09174311926605505,0.7932011331444759,0.25,0.24096385542168675,0.39939024390243905,0.2315112540192926,0.8683385579937304,0.07120743034055728,0.7955974842767296,0.0,0.1377245508982036,0.22468354430379747,0.0672782874617737,0.2455621301775148,0.12275449101796407,0.0,0.24024024024024024,0.2208955223880597,0.24778761061946902,0.053125,0.20118343195266272,0.047058823529411764,0.0,0.27439024390243905,0.048484848484848485,0.7543859649122807,0.43613707165109034,0.2696969696969697,0.24367088607594936,0.23123123123123124,0.2560240963855422,0.13432835820895522,0.8991097922848664,0.08227848101265822,0.7731343283582089
A20257174_Batch7,0.968944099378882,0.9647058823529412,0.04819277108433735,0.45348837209302323,0.9674556213017751,0.31419939577039274,0.03235294117647059,0.9728915662650602,0.5014492753623189,0.3323170731707317,0.03488372093023256,0.02976190476190476,0.9703264094955489,0.30701754385964913,0.2804878048780488,0.4281437125748503,0.03363914373088685,0.002976190476190476,0.84375,0.9663608562691132,0.024922118380062305,0.06006006006006006,0.03903903903903904,0.009287925696594427,0.003067484662576687,0.7204610951008645,0.005970149253731343,0.948948948948949,0.9758308157099698,0.8690476190476191,0.9672619047619048,0.9602446483180428,0.9637462235649547,0.9544072948328267,0.02849002849002849,0.3009118541033435,0.9853801169590644,0.006191950464396285,0.30434782608695654,0.22807017543859648,1.0,0.0058309037900874635,0.052307692307692305,0.029498525073746312,0.9694189602446484,0.10746268656716418,0.04984423676012461,0.877906976744186,0.26392961876832843,0.8699690402476781,0.44510385756676557,0.0058997050147492625,0.38509316770186336,0.29394812680115273,0.02786377708978328,0.5710059171597633,0.01749271137026239,0.40483383685800606,0.9670658682634731,0.3003003003003003,0.018691588785046728,0.9156976744186046,0.5882352941176471,0.09495548961424333,0.9197707736389685,0.2844311377245509,0.005917159763313609,0.9495548961424333,0.09034267912772585,0.5,0.01834862385321101,0.1976401179941003,0.41515151515151516,0.5907692307692308,0.5781710914454278,0.08595988538681948,0.5661538461538461,0.3493975903614458,0.002967359050445104,0.972972972972973,0.963076923076923,0.017543859649122806,0.6686390532544378,0.6024096385542169,0.03058103975535168,0.26153846153846155,0.3211009174311927,0.8682634730538922,0.9451219512195121,0.2543352601156069,0.9666666666666667,0.9761194029850746,0.9676470588235294,0.04819277108433735,0.3323262839879154,0.967551622418879,0.981651376146789,0.31044776119402984,0.24545454545454545,0.9781931464174455,0.005681818181818182,0.96,0.9668674698795181,0.9614147909967846,0.03076923076923077,0.31736526946107785,0.021604938271604937,0.9670658682634731,0.9698795180722891,0.024615384615384615,0.02694610778443114,0.02694610778443114,0.6871165644171779,0.05089820359281437,0.5635838150289018,0.059880239520958084,0.5524691358024691,0.013029315960912053,0.28313253012048195,0.5742857142857143,0.9667673716012085,0.556923076923077,0.551622418879056,0.3424242424242424,0.9583333333333334,0.3181818181818182,0.0,0.9736070381231672,0.3780487804878049,0.03283582089552239,0.47761194029850745,0.9700598802395209,0.38414634146341464,0.8221574344023324,0.0364741641337386,0.017964071856287425,0.27728613569321536,0.28012048192771083,0.9736842105263158,0.3183183183183183,0.28869047619047616,0.30057803468208094,0.9251497005988024,0.1303030303030303,0.9671641791044776,0.3653250773993808,0.9757575757575757,0.5732484076433121,0.9752321981424149,0.564327485380117,0.4294117647058823,0.30434782608695654,0.43373493975903615,0.02535211267605634,0.9739130434782609,0.9940652818991098,0.8083832335329342,0.963076923076923,0.21362229102167182,0.3282674772036474,0.03987730061349693,0.006134969325153374,0.55,0.9483282674772037,0.3323529411764706,0.9738372093023255,0.5743440233236151,0.0060790273556231,0.967551622418879,0.9498525073746312,0.9742120343839542,0.2636363636363636,0.9447674418604651,0.0028089887640449437,0.0,0.047337278106508875,0.2953216374269006,0.28328611898017,0.1804733727810651,0.414985590778098,0.9636363636363636,0.9667673716012085,0.9909365558912386,0.584070796460177,0.3037249283667622,0.015105740181268883,0.03519061583577713
A20257178_Batch7,0.0,0.0,0.7554179566563467,0.02976190476190476,0.0,0.5339506172839507,0.1903323262839879,0.0,0.0,0.2082018927444795,0.1543026706231454,0.5030864197530864,0.0,0.2006079027355623,0.5833333333333334,0.11180124223602485,0.1509433962264151,0.8246153846153846,0.04746835443037975,0.0,0.0,0.7064220183486238,0.8449848024316109,0.8860759493670886,0.9252336448598131,0.08211143695014662,0.8588957055214724,0.0,0.0,0.0,0.0,0.0031545741324921135,0.0,0.006269592476489028,0.14035087719298245,0.21153846153846154,0.012048192771084338,0.0,0.21621621621621623,0.12238805970149254,0.0058309037900874635,1.0,0.7138461538461538,0.2323529411764706,0.0,0.7305389221556886,0.16129032258064516,0.018072289156626505,0.6059701492537314,0.03614457831325301,0.005988023952095809,0.803030303030303,0.23510971786833856,0.5693215339233039,0.0,0.3033033033033033,0.0,0.46226415094339623,0.0,0.56,0.0,0.038348082595870206,0.28888888888888886,0.012269938650306749,0.020710059171597635,0.6012269938650306,0.8193146417445483,0.012195121951219513,0.13738019169329074,0.015384615384615385,0.0,0.0,0.4384858044164038,0.275,0.30246913580246915,0.7638483965014577,0.3081761006289308,0.5213414634146342,0.8795180722891566,0.0,0.0,0.0,0.208955223880597,0.2786377708978328,0.15047021943573669,0.24375,0.5375,0.036585365853658534,0.00949367088607595,0.0,0.0,0.0,0.0,0.21604938271604937,0.19003115264797507,0.0,0.0,0.0,0.13636363636363635,0.0,0.8790560471976401,0.0,0.0,0.0,0.14018691588785046,0.19637462235649547,0.6645569620253164,0.0029940119760479044,0.0,0.8504672897196262,0.8593272171253823,0.8459214501510574,0.205607476635514,0.2553191489361702,0.31137724550898205,0.7111801242236024,0.08709677419354839,0.0,0.5674846625766872,0.3042168674698795,0.0030864197530864196,0.07739938080495357,0.33024691358024694,0.1687116564417178,0.012012012012012012,0.5,0.9009287925696594,0.0029940119760479044,0.4857142857142857,0.1345565749235474,0.09567901234567901,0.0,0.0,0.026627218934911243,0.14067278287461774,0.1697530864197531,0.5880597014925373,0.0,0.0,0.2636363636363636,0.5623100303951368,0.5761194029850746,0.027777777777777776,0.7064220183486238,0.006006006006006006,0.48909657320872274,0.0,0.310126582278481,0.0,0.2955223880597015,0.40059347181008903,0.55,0.0,0.15168539325842698,0.0,0.0029940119760479044,0.04216867469879518,0.0,0.15873015873015872,0.0,0.16037735849056603,0.8187311178247734,0.2857142857142857,0.009375,0.0,0.0,0.30149253731343284,0.7987616099071208,0.0,0.008902077151335312,0.005847953216374269,0.052795031055900624,0.002932551319648094,0.8991097922848664,0.8121387283236994,0.7515151515151515,0.56656346749226,0.20930232558139536,0.4845679012345679,0.4252199413489736,0.0,0.0,0.0030120481927710845,0.29819277108433734,0.15568862275449102,0.7191358024691358,0.15522388059701492
A20257186_Batch7,0.039735099337748346,0.030959752321981424,1.0,0.053125,0.0440251572327044,0.475,0.33121019108280253,0.03594771241830065,0.01524390243902439,0.44155844155844154,0.3081570996978852,0.694006309148265,0.0375,0.43962848297213625,0.5032679738562091,0.29153605015673983,0.31715210355987056,0.5838509316770186,0.13486842105263158,0.05194805194805195,0.0,1.0,0.7124600638977636,0.73,0.6797385620915033,0.19753086419753085,0.6591639871382636,0.04472843450479233,0.04375,0.03115264797507788,0.035256410256410256,0.05063291139240506,0.04113924050632911,0.05161290322580645,0.31402439024390244,0.45819397993311034,0.0660377358490566,0.0,0.4426751592356688,0.29411764705882354,0.052307692307692305,0.7138461538461538,1.0,0.38390092879256965,0.035830618892508145,0.58125,0.3333333333333333,0.06269592476489028,0.5443037974683544,0.1178343949044586,0.028391167192429023,0.5981308411214953,0.4440894568690096,0.470404984423676,0.0,0.2578616352201258,0.0,0.4115755627009646,0.04430379746835443,0.4782608695652174,0.0,0.071875,0.25,0.022364217252396165,0.05120481927710843,0.4952681388012618,0.6051779935275081,0.05144694533762058,0.30564784053156147,0.034161490683229816,0.0,0.006191950464396285,0.3709677419354839,0.24752475247524752,0.2641509433962264,0.5878787878787879,0.26058631921824105,0.4642857142857143,0.696319018404908,0.040372670807453416,0.032362459546925564,0.0,0.20440251572327045,0.24838709677419354,0.2870967741935484,0.5,0.47096774193548385,0.11708860759493671,0.04487179487179487,0.006191950464396285,0.04590163934426229,0.043343653250773995,0.04430379746835443,0.2564935064935065,0.43630573248407645,0.037383177570093455,0.04220779220779221,0.009584664536741214,0.3127035830618892,0.04823151125401929,0.6827794561933535,0.04075235109717868,0.0380952380952381,0.04421768707482993,0.313915857605178,0.43670886075949367,0.5301587301587302,0.04746835443037975,0.03761755485893417,0.7060702875399361,0.732484076433121,0.6942675159235668,0.19407894736842105,0.4095238095238095,0.2639751552795031,0.975,0.1437908496732026,0.0,0.5129032258064516,0.24375,0.03492063492063492,0.1829652996845426,0.28164556962025317,0.16065573770491803,0.04361370716510903,0.513677811550152,0.6977491961414791,0.040498442367601244,0.4174757281553398,0.2984126984126984,0.196875,0.040625,0.012738853503184714,0.11214953271028037,0.3018867924528302,0.33974358974358976,0.5278688524590164,0.009375,0.046153846153846156,0.46254071661237783,0.4952681388012618,0.5061349693251533,0.08945686900958466,0.6314102564102564,0.039755351681957186,0.44155844155844154,0.0462046204620462,0.2786885245901639,0.049342105263157895,0.259375,0.4143302180685358,0.45182724252491696,0.012779552715654952,0.2844311377245509,0.047021943573667714,0.05345911949685535,0.12883435582822086,0.03278688524590164,0.38461538461538464,0.006472491909385114,0.29900332225913623,0.6290322580645161,0.2672955974842767,0.06109324758842444,0.00641025641025641,0.037037037037037035,0.2563291139240506,0.6181229773462783,0.04501607717041801,0.04953560371517028,0.047021943573667714,0.05396825396825397,0.05167173252279635,0.6913946587537092,0.6111111111111112,0.9842271293375394,0.4891640866873065,0.4447852760736196,0.7258064516129032,0.43653250773993807,0.04234527687296417,0.04501607717041801,0.0440251572327044,0.25471698113207547,0.36363636363636365,0.5855263157894737,0.322884012539185
A2025731_Batch7,0.01567398119122257,0.02108433734939759,0.3280757097791798,0.01466275659824047,0.018518518518518517,0.059880239520958084,0.9512195121951219,0.018018018018018018,0.008823529411764706,0.5878594249201278,0.9174041297935103,0.7560240963855421,0.01812688821752266,0.6296296296296297,0.075,0.5356037151702786,0.9192546583850931,0.12650602409638553,0.17197452229299362,0.021806853582554516,0.0,0.36890243902439024,0.10303030303030303,0.1189710610932476,0.0990990990990991,0.27325581395348836,0.06927710843373494,0.018404907975460124,0.018867924528301886,0.015105740181268883,0.024390243902439025,0.015337423312883436,0.018633540372670808,0.021739130434782608,0.9144542772861357,0.6446540880503144,0.045454545454545456,0.0,0.6309523809523809,0.7164179104477612,0.029498525073746312,0.2323529411764706,0.38390092879256965,1.0,0.018633540372670808,0.05757575757575758,0.8996865203761756,0.10303030303030303,0.0701219512195122,0.1196319018404908,0.009009009009009009,0.0748502994011976,0.528125,0.06158357771260997,0.0,0.03048780487804878,0.0,0.05864197530864197,0.021671826625386997,0.06422018348623854,0.0,0.01483679525222552,0.025157232704402517,0.0,0.01775147928994083,0.06060606060606061,0.07975460122699386,0.021739130434782608,0.8695652173913043,0.009230769230769232,0.0,0.0030120481927710845,0.046012269938650305,0.025078369905956112,0.03003003003003003,0.07017543859649122,0.02857142857142857,0.06832298136645963,0.11641791044776119,0.02127659574468085,0.022151898734177215,0.0,0.030120481927710843,0.029585798816568046,0.9371069182389937,0.6614420062695925,0.07210031347962383,0.08641975308641975,0.015527950310559006,0.005917159763313609,0.024691358024691357,0.01818181818181818,0.023809523809523808,0.40923076923076923,0.6132075471698113,0.020771513353115726,0.018867924528301886,0.009146341463414634,0.6871165644171779,0.015479876160990712,0.10526315789473684,0.018575851393188854,0.01529051987767584,0.02287581699346405,0.9065420560747663,0.6309523809523809,0.08695652173913043,0.024024024024024024,0.01834862385321101,0.0975609756097561,0.11076923076923077,0.11009174311926606,0.027607361963190184,1.0,0.03293413173652695,0.41590214067278286,0.3925233644859813,0.0,0.07453416149068323,0.02654867256637168,0.018518518518518517,0.3981191222570533,0.03715170278637771,0.01529051987767584,0.020958083832335328,0.19705882352941176,0.096875,0.024096385542168676,0.06769230769230769,0.913312693498452,0.46808510638297873,0.00906344410876133,0.003134796238244514,0.17751479289940827,0.9190031152647975,0.8043478260869565,0.09876543209876543,0.006060606060606061,0.020958083832335328,0.5535168195718655,0.06422018348623854,0.0830860534124629,0.05504587155963303,0.08099688473520249,0.027439024390243903,0.06451612903225806,0.021148036253776436,0.028391167192429023,0.01875,0.029850746268656716,0.21194029850746268,0.0705521472392638,0.006191950464396285,0.9204545454545454,0.021021021021021023,0.024390243902439025,0.18072289156626506,0.024844720496894408,0.7652733118971061,0.00949367088607595,0.921875,0.06748466257668712,0.03333333333333333,0.02830188679245283,0.009036144578313253,0.023391812865497075,0.03560830860534125,0.058823529411764705,0.0182370820668693,0.017804154302670624,0.029069767441860465,0.01567398119122257,0.01764705882352941,0.10495626822157435,0.0626865671641791,0.35240963855421686,0.0729483282674772,0.6430678466076696,0.45808383233532934,0.2099125364431487,0.024615384615384615,0.01818181818181818,0.024390243902439025,0.021148036253776436,0.6355685131195336,0.12037037037037036,0.9253731343283582
A2025735_Batch7,1.0,1.0,0.031746031746031744,0.42105263157894735,1.0,0.3238993710691824,0.015527950310559006,1.0,0.4831804281345566,0.33881578947368424,0.027439024390243903,0.018691588785046728,1.0,0.3230769230769231,0.2912621359223301,0.46645367412140576,0.02287581699346405,0.0,0.8496732026143791,0.9966996699669967,0.013289036544850499,0.04501607717041801,0.03470031545741325,0.009966777408637873,0.0,0.75,0.0,0.9629629629629629,1.0,0.8850931677018633,0.9968553459119497,0.9967845659163987,1.0,0.9435215946843853,0.021341463414634148,0.3081967213114754,0.9591194968553459,0.0,0.3227848101265823,0.2626582278481013,0.9694189602446484,0.0,0.035830618892508145,0.018633540372670808,1.0,0.11764705882352941,0.0472972972972973,0.9015873015873016,0.26461538461538464,0.8952380952380953,0.411214953271028,0.0,0.40063091482649843,0.3,0.013029315960912053,0.60625,0.0,0.40836012861736337,1.0,0.3166144200626959,0.006779661016949152,0.9475308641975309,0.6084142394822006,0.08917197452229299,0.9251497005988024,0.2507836990595611,0.0,0.9776357827476039,0.08053691275167785,0.46105919003115264,0.0,0.17405063291139242,0.43729903536977494,0.6274509803921569,0.6112852664576802,0.08536585365853659,0.6118421052631579,0.36012861736334406,0.0,1.0,1.0,0.0,0.7142857142857143,0.6253869969040248,0.01935483870967742,0.2709677419354839,0.3300970873786408,0.9041533546325878,0.9265175718849841,0.2191358024691358,0.9937106918238994,1.0,1.0,0.032467532467532464,0.35714285714285715,1.0,0.9616613418530351,0.2980769230769231,0.2618296529968454,1.0,0.0029411764705882353,1.0,1.0,1.0,0.022508038585209004,0.3385093167701863,0.009584664536741214,1.0,1.0,0.021875,0.022082018927444796,0.028125,0.7097791798107256,0.03205128205128205,0.6012658227848101,0.04375,0.5801282051282052,0.0,0.288961038961039,0.6012269938650306,0.9841269841269841,0.5602605863192183,0.5854430379746836,0.33974358974358976,0.9503105590062112,0.3302752293577982,0.0,0.9876923076923076,0.39365079365079364,0.019230769230769232,0.4855305466237942,1.0,0.3717948717948718,0.845679012345679,0.025559105431309903,0.009404388714733543,0.2830188679245283,0.2468354430379747,1.0,0.34824281150159747,0.2884012539184953,0.3048780487804878,0.9380804953560371,0.1282051282051282,0.9904761904761905,0.3980263157894737,1.0,0.5941558441558441,0.9967105263157895,0.5987841945288754,0.444794952681388,0.3141025641025641,0.4140127388535032,0.01791044776119403,0.984472049689441,0.9621451104100947,0.83125,1.0,0.22364217252396165,0.3089171974522293,0.022653721682847898,0.0,0.5807453416149069,0.9803921568627451,0.3161290322580645,1.0,0.5981308411214953,0.0,1.0,0.9818731117824774,0.9541284403669725,0.27070063694267515,0.9320987654320988,0.0,0.0,0.02821316614420063,0.3065015479876161,0.2996941896024465,0.16927899686520376,0.43465045592705165,1.0,0.9967948717948718,0.9596273291925466,0.6196319018404908,0.345565749235474,0.012903225806451613,0.021739130434782608
A2025781_Batch7,0.11428571428571428,0.11695906432748537,0.6151419558359621,0.0688622754491018,0.11490683229813664,0.7760736196319018,0.006191950464396285,0.11392405063291139,0.05089820359281437,0.15384615384615385,0.0,0.27439024390243905,0.10248447204968944,0.11246200607902736,0.8290322580645161,0.08359133126934984,0.0,0.6676829268292683,0.10932475884244373,0.11041009463722397,0.0031847133757961785,0.5636942675159236,0.8042813455657493,0.7906976744186046,0.8164556962025317,0.11011904761904762,0.8593272171253823,0.1111111111111111,0.109717868338558,0.10703363914373089,0.10091743119266056,0.11006289308176101,0.11217948717948718,0.13680781758957655,0.003003003003003003,0.13183279742765272,0.09202453987730061,0.0,0.13538461538461538,0.014970059880239521,0.10746268656716418,0.7305389221556886,0.58125,0.05757575757575758,0.11764705882352941,1.0,0.0,0.09393939393939393,0.822289156626506,0.11526479750778816,0.045454545454545456,0.8828828828828829,0.15605095541401273,0.8149253731343283,0.0,0.4921135646687697,0.0,0.6875,0.1125,0.8126888217522659,0.0,0.16023738872403562,0.5048231511254019,0.036923076923076927,0.1130952380952381,0.7824773413897281,0.8598130841121495,0.13166144200626959,0.006622516556291391,0.0804953560371517,0.0,0.018633540372670808,0.64,0.47096774193548385,0.5062893081761006,0.8708708708708709,0.501628664495114,0.7381703470031545,0.8151515151515152,0.10185185185185185,0.0981012658227848,0.0,0.3933933933933934,0.4754601226993865,0.0,0.14285714285714285,0.7766990291262136,0.13793103448275862,0.1178343949044586,0.017857142857142856,0.10476190476190476,0.10869565217391304,0.10091743119266056,0.09177215189873418,0.11320754716981132,0.10365853658536585,0.10158730158730159,0.02735562310030395,0.022082018927444796,0.1111111111111111,0.8259587020648967,0.12618296529968454,0.11912225705329153,0.10033444816053512,0.0031545741324921135,0.11926605504587157,0.5791139240506329,0.10030395136778116,0.11692307692307692,0.8119122257053292,0.7861635220125787,0.7811550151975684,0.3961661341853035,0.06769230769230769,0.5216049382716049,0.5408805031446541,0.06687898089171974,0.0,0.8369905956112853,0.4984984984984985,0.11490683229813664,0.06329113924050633,0.5168195718654435,0.2120253164556962,0.12462006079027356,0.6607142857142857,0.8081761006289309,0.10682492581602374,0.7387096774193549,0.0,0.043209876543209874,0.10153846153846154,0.040625,0.09309309309309309,0.0,0.024691358024691357,0.8043478260869565,0.021538461538461538,0.10461538461538461,0.19135802469135801,0.7987804878048781,0.7987987987987988,0.13719512195121952,0.8830769230769231,0.103125,0.7227414330218068,0.10658307210031348,0.5142857142857142,0.1167192429022082,0.5229357798165137,0.5258358662613982,0.8,0.04113924050632911,0.0,0.1,0.11009174311926606,0.09422492401215805,0.11038961038961038,0.038338658146964855,0.03164556962025317,0.0,0.8867924528301887,0.47129909365558914,0.1365079365079365,0.02147239263803681,0.10843373493975904,0.49693251533742333,0.890282131661442,0.10030395136778116,0.12316715542521994,0.08035714285714286,0.08695652173913043,0.1130952380952381,0.8117647058823529,0.8851963746223565,0.6055045871559633,0.8067484662576687,0.12835820895522387,0.4049079754601227,0.5416666666666666,0.10725552050473186,0.10802469135802469,0.10303030303030303,0.484472049689441,0.06646525679758308,0.5654952076677316,0.0
A2025784_Batch7,0.038338658146964855,0.038461538461538464,0.27906976744186046,0.018808777429467086,0.0379746835443038,0.00974025974025974,0.9777070063694268,0.04304635761589404,0.012461059190031152,0.6125827814569537,0.9787878787878788,0.6720257234726688,0.04854368932038835,0.6708860759493671,0.009966777408637873,0.564935064935065,0.9835526315789473,0.07936507936507936,0.17905405405405406,0.04983388704318937,0.0,0.32679738562091504,0.04697986577181208,0.04778156996587031,0.0392156862745098,0.3125,0.0032258064516129032,0.038834951456310676,0.042071197411003236,0.04472843450479233,0.04854368932038835,0.03571428571428571,0.049342105263157895,0.04276315789473684,0.9746835443037974,0.6566666666666666,0.07348242811501597,0.0,0.660436137071651,0.8359621451104101,0.04984423676012461,0.16129032258064516,0.3333333333333333,0.8996865203761756,0.0472972972972973,0.0,1.0,0.1337579617834395,0.012779552715654952,0.1423948220064725,0.012658227848101266,0.0,0.567741935483871,0.009316770186335404,0.0,0.006493506493506494,0.0,0.009966777408637873,0.042071197411003236,0.0125,0.0,0.034482758620689655,0.006711409395973154,0.0,0.03459119496855346,0.006472491909385114,0.0,0.045307443365695796,0.9437086092715232,0.012903225806451613,0.0,0.006535947712418301,0.003246753246753247,0.006734006734006734,0.006389776357827476,0.015527950310559006,0.003424657534246575,0.01644736842105263,0.04777070063694268,0.03858520900321544,0.05405405405405406,0.0,0.01282051282051282,0.00974025974025974,0.9801324503311258,0.6478405315614618,0.029900332225913623,0.11400651465798045,0.02622950819672131,0.012461059190031152,0.0429042904290429,0.03821656050955414,0.04792332268370607,0.4,0.6447368421052632,0.04807692307692308,0.039603960396039604,0.01935483870967742,0.7942122186495176,0.033003300330033,0.04643962848297214,0.03642384105960265,0.026845637583892617,0.05263157894736842,0.9865771812080537,0.670926517571885,0.049019607843137254,0.04823151125401929,0.041401273885350316,0.04262295081967213,0.06129032258064516,0.054838709677419356,0.009771986970684038,0.8774193548387097,0.00641025641025641,0.34951456310679613,0.506578947368421,0.0,0.013245033112582781,0.0031446540880503146,0.04262295081967213,0.4583333333333333,0.006535947712418301,0.029605263157894735,0.03773584905660377,0.1411042944785276,0.046511627906976744,0.04375,0.009868421052631578,0.9771241830065359,0.5886075949367089,0.034375,0.006535947712418301,0.21846153846153846,0.9803921568627451,0.8538205980066446,0.033112582781456956,0.006369426751592357,0.046875,0.5780730897009967,0.009523809523809525,0.02476780185758514,0.06168831168831169,0.009900990099009901,0.049019607843137254,0.020134228187919462,0.039735099337748346,0.010101010101010102,0.03289473684210526,0.00946372239747634,0.1794871794871795,0.009900990099009901,0.015822784810126583,0.9787234042553191,0.04153354632587859,0.05177993527508091,0.21316614420062696,0.053156146179401995,0.7959866220735786,0.01644736842105263,0.9735973597359736,0.0,0.009615384615384616,0.04501607717041801,0.01597444089456869,0.050156739811912224,0.00946372239747634,0.0,0.04854368932038835,0.031545741324921134,0.04672897196261682,0.0196078431372549,0.03715170278637771,0.049079754601226995,0.0,0.2967741935483871,0.009708737864077669,0.668769716088328,0.43870967741935485,0.167192429022082,0.05351170568561873,0.041935483870967745,0.05128205128205128,0.006309148264984227,0.7075471698113207,0.08666666666666667,0.98125
A2025794_Batch7,0.9012345679012346,0.9117647058823529,0.052795031055900624,0.37900874635568516,0.9009287925696594,0.28353658536585363,0.10736196319018405,0.9040247678018576,0.4388059701492537,0.36217948717948717,0.11014492753623188,0.04573170731707317,0.9051987767584098,0.35240963855421686,0.2389937106918239,0.5327102803738317,0.11392405063291139,0.009202453987730062,0.78125,0.906832298136646,0.009615384615384616,0.06481481481481481,0.04281345565749235,0.012658227848101266,0.003125,0.6934523809523809,0.0,0.8544891640866873,0.903125,0.8012232415902141,0.9085365853658537,0.9053627760252366,0.9059561128526645,0.8504672897196262,0.12130177514792899,0.36421725239616615,0.8658536585365854,0.0,0.36085626911314983,0.34545454545454546,0.877906976744186,0.018072289156626505,0.06269592476489028,0.10303030303030303,0.9015873015873016,0.09393939393939393,0.1337579617834395,1.0,0.21779141104294478,0.7957317073170732,0.36904761904761907,0.0,0.38924050632911394,0.2403560830860534,0.012698412698412698,0.5370919881305638,0.0,0.36792452830188677,0.908256880733945,0.25227963525835867,0.006472491909385114,0.857566765578635,0.5286624203821656,0.08536585365853659,0.8378378378378378,0.23076923076923078,0.0,0.8785046728971962,0.15873015873015872,0.40993788819875776,0.0,0.16717325227963525,0.390625,0.5434782608695652,0.5405405405405406,0.05637982195845697,0.5145631067961165,0.30094043887147337,0.005988023952095809,0.9088145896656535,0.8930817610062893,0.0,0.6283987915407855,0.5652173913043478,0.11912225705329153,0.3238095238095238,0.27586206896551724,0.8098159509202454,0.8391167192429022,0.21428571428571427,0.896875,0.9235474006116208,0.9036144578313253,0.06481481481481481,0.37579617834394907,0.9093655589123867,0.8629283489096573,0.2676923076923077,0.37037037037037035,0.9206349206349206,0.005813953488372093,0.9119496855345912,0.9207317073170732,0.8928571428571429,0.121875,0.382262996941896,0.009202453987730062,0.9331306990881459,0.9033232628398792,0.022222222222222223,0.024844720496894408,0.030959752321981424,0.6309148264984227,0.12618296529968454,0.5181818181818182,0.07476635514018691,0.6506410256410257,0.0,0.2336448598130841,0.5438066465256798,0.9096573208722741,0.6510903426791277,0.5015105740181269,0.2887537993920973,0.858433734939759,0.27906976744186046,0.003134796238244514,0.9039039039039038,0.3364485981308411,0.1069182389937107,0.572289156626506,0.9063444108761329,0.325,0.8994082840236687,0.11987381703470032,0.07975460122699386,0.25382262996941896,0.23219814241486067,0.9,0.3558282208588957,0.2537313432835821,0.2626865671641791,0.8549382716049383,0.11801242236024845,0.8950617283950617,0.33647798742138363,0.9049079754601227,0.5256410256410257,0.9134615384615384,0.5311572700296736,0.3902439024390244,0.27531645569620256,0.3730407523510972,0.1235632183908046,0.8922155688622755,0.8700906344410876,0.7607361963190185,0.9134615384615384,0.31962025316455694,0.2902208201892745,0.1365079365079365,0.0,0.5150602409638554,0.8773584905660378,0.2682926829268293,0.9041916167664671,0.5269461077844312,0.0,0.908256880733945,0.891566265060241,0.8635014836795252,0.20689655172413793,0.8313609467455622,0.002932551319648094,0.0,0.06666666666666667,0.25227963525835867,0.3373134328358209,0.18181818181818182,0.3772455089820359,0.910828025477707,0.9059561128526645,0.875,0.5462962962962963,0.3798219584569733,0.009615384615384616,0.10619469026548672
A2025795_Batch7,0.25705329153605017,0.25588235294117645,0.575,0.13513513513513514,0.28134556574923547,0.9261538461538461,0.01488095238095238,0.25382262996941896,0.10662824207492795,0.2733118971061093,0.008771929824561403,0.2694610778443114,0.24776119402985075,0.2175226586102719,0.9780564263322884,0.16516516516516516,0.012618296529968454,0.5321100917431193,0.273015873015873,0.23529411764705882,0.0032679738562091504,0.5429447852760736,0.7469512195121951,0.6635220125786163,0.6483180428134556,0.25663716814159293,0.6788990825688074,0.2607361963190184,0.2608695652173913,0.24085365853658536,0.2606060606060606,0.2639751552795031,0.24773413897280966,0.2779552715654952,0.008771929824561403,0.21794871794871795,0.24233128834355827,0.0,0.2403560830860534,0.04819277108433735,0.26392961876832843,0.6059701492537314,0.5443037974683544,0.0701219512195122,0.26461538461538464,0.822289156626506,0.012779552715654952,0.21779141104294478,1.0,0.2795031055900621,0.10385756676557864,0.725609756097561,0.3067484662576687,0.960960960960961,0.003205128205128205,0.6686567164179105,0.0,0.8440366972477065,0.26299694189602446,0.9607250755287009,0.0,0.2930513595166163,0.6697819314641744,0.05246913580246913,0.25958702064896755,0.9049079754601227,0.7819314641744548,0.29003021148036257,0.031746031746031744,0.1377245508982036,0.0,0.039634146341463415,0.8,0.6415094339622641,0.677710843373494,0.7817109144542773,0.6792452830188679,0.9138461538461539,0.6786786786786787,0.24012158054711247,0.2336448598130841,0.0,0.5653495440729484,0.6604938271604939,0.009316770186335404,0.23052959501557632,0.9523809523809523,0.3067484662576687,0.26332288401253917,0.04105571847507331,0.26461538461538464,0.2672672672672673,0.25449101796407186,0.09230769230769231,0.21981424148606812,0.2552552552552553,0.2623456790123457,0.05167173252279635,0.06583072100313479,0.2610062893081761,0.6810344827586207,0.279874213836478,0.24539877300613497,0.2598684210526316,0.0031446540880503146,0.20180722891566266,0.45652173913043476,0.25449101796407186,0.2608695652173913,0.693939393939394,0.68,0.6994047619047619,0.5759493670886076,0.09316770186335403,0.6837349397590361,0.5274390243902439,0.12738853503184713,0.0,0.9723926380368099,0.6528189910979229,0.25796178343949044,0.1536050156739812,0.6936936936936937,0.26851851851851855,0.27218934911242604,0.7638483965014577,0.664576802507837,0.27728613569321536,0.9028213166144201,0.009036144578313253,0.09815950920245399,0.27002967359050445,0.0778816199376947,0.25072886297376096,0.009230769230769232,0.027607361963190184,0.9424242424242424,0.04573170731707317,0.2694610778443114,0.30275229357798167,0.9641791044776119,0.9467455621301775,0.2948328267477204,0.88,0.27522935779816515,0.8575949367088608,0.27384615384615385,0.6739130434782609,0.2791411042944785,0.6906906906906907,0.6636636636636637,0.9467084639498433,0.07763975155279502,0.008595988538681949,0.25595238095238093,0.2696969696969697,0.27002967359050445,0.2779552715654952,0.07936507936507936,0.05521472392638037,0.012779552715654952,0.7178683385579937,0.6586826347305389,0.28125,0.046012269938650305,0.26253687315634217,0.6646706586826348,0.7195121951219512,0.24620060790273557,0.2573099415204678,0.22608695652173913,0.11455108359133127,0.27941176470588236,0.6656976744186046,0.7071005917159763,0.5757575757575758,0.9785932721712538,0.2287390029325513,0.5090361445783133,0.6754385964912281,0.25076452599388377,0.2696969696969697,0.24096385542168675,0.662613981762918,0.14285714285714285,0.4613003095975232,0.011940298507462687
A2025796_Batch7,0.8814102564102564,0.8787878787878788,0.11075949367088607,0.38837920489296635,0.8675078864353313,0.329153605015674,0.1111111111111111,0.891640866873065,0.38461538461538464,0.44694533762057875,0.13069908814589665,0.10559006211180125,0.8936170212765957,0.4231974921630094,0.3057324840764331,0.5462962962962963,0.12025316455696203,0.01524390243902439,0.9166666666666666,0.896774193548387,0.003278688524590164,0.13291139240506328,0.06329113924050633,0.029411764705882353,0.019169329073482427,0.8449848024316109,0.018691588785046728,0.8507936507936508,0.8840125391849529,0.76,0.8808777429467085,0.879746835443038,0.879746835443038,0.8478964401294499,0.12462006079027356,0.41368078175895767,0.8773584905660378,0.0,0.40372670807453415,0.3067484662576687,0.8699690402476781,0.03614457831325301,0.1178343949044586,0.1196319018404908,0.8952380952380953,0.11526479750778816,0.1423948220064725,0.7957317073170732,0.2795031055900621,1.0,0.35294117647058826,0.024922118380062305,0.48417721518987344,0.3202416918429003,0.012987012987012988,0.5700934579439252,0.0,0.41823899371069184,0.881619937694704,0.33126934984520123,0.0033003300330033004,0.8338461538461538,0.5750798722044729,0.06918238993710692,0.8283132530120482,0.28125,0.02476780185758514,0.8733766233766234,0.18604651162790697,0.4025157232704403,0.0,0.14285714285714285,0.415625,0.5961538461538461,0.5893416927899686,0.10179640718562874,0.5822368421052632,0.38095238095238093,0.018461538461538463,0.878125,0.8810289389067524,0.0,0.6746987951807228,0.6050156739811913,0.11612903225806452,0.38263665594855306,0.3409090909090909,0.990625,0.8417721518987342,0.1834862385321101,0.8829113924050633,0.8881987577639752,0.8641975308641975,0.059748427672955975,0.44339622641509435,0.8676923076923077,0.8553054662379421,0.2515527950310559,0.346031746031746,0.8806451612903226,0.021021021021021023,0.8821656050955414,0.8761904761904762,0.8877551020408163,0.10543130990415335,0.42024539877300615,0.042071197411003236,0.8803680981595092,0.8819875776397516,0.0379746835443038,0.04075235109717868,0.04716981132075472,0.6782334384858044,0.13836477987421383,0.5754716981132075,0.12149532710280374,0.5431309904153354,0.0,0.3069620253164557,0.5853658536585366,0.8741935483870967,0.5806451612903226,0.571875,0.3125,0.8689024390243902,0.3799392097264438,0.025477707006369428,0.88125,0.3961661341853035,0.11217948717948718,0.4906832298136646,0.8996865203761756,0.3125,0.8374233128834356,0.12933753943217666,0.07961783439490445,0.3184713375796178,0.19365079365079366,0.8780487804878049,0.43354430379746833,0.31790123456790126,0.3353846153846154,0.9583333333333334,0.15112540192926044,0.8832807570977917,0.39215686274509803,0.9015873015873016,0.5836065573770491,0.8870967741935484,0.5709876543209876,0.4968553459119497,0.3354632587859425,0.31962025316455694,0.10263929618768329,0.8795180722891566,0.8726708074534162,0.8615384615384616,0.8712871287128713,0.3050314465408805,0.25,0.11074918566775244,0.028662420382165606,0.553125,0.9262820512820513,0.24923076923076923,0.8878787878787879,0.567398119122257,0.022222222222222223,0.8722741433021807,0.8888888888888888,0.8670694864048338,0.23076923076923078,0.8383233532934131,0.023529411764705882,0.01775147928994083,0.11875,0.3259493670886076,0.4074074074074074,0.25625,0.48493975903614456,0.8801261829652997,0.884375,0.8871473354231975,0.5792682926829268,0.403030303030303,0.04100946372239748,0.10909090909090909
D2510215_Batch8,0.4,0.41887905604719766,0.027950310559006212,0.9640718562874252,0.41566265060240964,0.11692307692307692,0.0060790273556231,0.41304347826086957,0.7871720116618076,0.11180124223602485,0.008849557522123894,0.026865671641791045,0.4101796407185629,0.08841463414634146,0.10625,0.15432098765432098,0.006269592476489028,0.05454545454545454,0.32398753894080995,0.4036144578313253,0.5608974358974359,0.033846153846153845,0.024539877300613498,0.009554140127388535,0.0,0.27906976744186046,0.006024096385542169,0.45645645645645644,0.3875,0.5075528700906344,0.40298507462686567,0.4169278996865204,0.42105263157894735,0.49221183800623053,0.005917159763313609,0.10126582278481013,0.4393939393939394,0.5723270440251572,0.1021021021021021,0.07807807807807808,0.44510385756676557,0.005988023952095809,0.028391167192429023,0.009009009009009009,0.411214953271028,0.045454545454545456,0.012658227848101266,0.36904761904761907,0.10385756676557864,0.35294117647058826,1.0,0.011834319526627219,0.12852664576802508,0.10946745562130178,0.578125,0.2345679012345679,0.5714285714285714,0.17027863777089783,0.41590214067278286,0.12424242424242424,0.5241157556270096,0.39473684210526316,0.21656050955414013,0.525679758308157,0.5029411764705882,0.1529051987767584,0.012345679012345678,0.3949843260188088,0.044585987261146494,0.9452887537993921,0.5318471337579618,0.7828746177370031,0.17956656346749225,0.2398753894080997,0.24850299401197604,0.038461538461538464,0.2229299363057325,0.15902140672782875,0.008955223880597015,0.3860182370820669,0.4166666666666667,0.5535714285714286,0.30538922155688625,0.21428571428571427,0.006389776357827476,0.07861635220125786,0.13312693498452013,0.36227544910179643,0.5185185185185185,0.8211143695014663,0.4268292682926829,0.42168674698795183,0.40718562874251496,0.271875,0.11285266457680251,0.41964285714285715,0.4559748427672956,0.8549382716049383,0.07142857142857142,0.4169278996865204,0.005633802816901409,0.4228395061728395,0.41590214067278286,0.39672131147540984,0.003115264797507788,0.10416666666666667,0.16300940438871472,0.42249240121580545,0.40615384615384614,0.015479876160990712,0.012269938650306749,0.01524390243902439,0.26875,0.012345679012345678,0.1933534743202417,0.033846153846153845,0.18471337579617833,0.5335463258785943,0.10869565217391304,0.23391812865497075,0.4176829268292683,0.22727272727272727,0.21450151057401812,0.7476923076923077,0.45671641791044776,0.119533527696793,0.003067484662576687,0.40119760479041916,0.16352201257861634,0.006153846153846154,0.14153846153846153,0.3970149253731343,0.8571428571428571,0.3303303303303303,0.003076923076923077,0.06707317073170732,0.10909090909090909,0.8470948012232415,0.41846153846153844,0.10736196319018405,0.10365853658536585,0.11527377521613832,0.3768996960486322,0.0764525993883792,0.42507645259938837,0.14733542319749215,0.4325153374233129,0.22929936305732485,0.3834355828220859,0.2529411764705882,0.14759036144578314,0.0975609756097561,0.8683385579937304,0.005714285714285714,0.42388059701492536,0.4281437125748503,0.31044776119402984,0.40625,0.04672897196261682,0.8761904761904762,0.003194888178913738,0.0125,0.28488372093023256,0.40672782874617736,0.8364197530864198,0.4362017804154303,0.22388059701492538,0.012422360248447204,0.4179566563467492,0.42900302114803623,0.45375722543352603,0.8292682926829268,0.5,0.0029154518950437317,0.008746355685131196,0.030303030303030304,0.12158054711246201,0.093841642228739,0.08333333333333333,0.18507462686567164,0.3931888544891641,0.4254658385093168,0.43636363636363634,0.22865853658536586,0.10355029585798817,0.13354037267080746,0.0058997050147492625
D251022_Batch8,0.0,0.0,0.646875,0.02932551319648094,0.0,0.6595744680851063,0.0029850746268656717,0.0,0.0,0.09615384615384616,0.0,0.3008849557522124,0.0,0.07228915662650602,0.6956521739130435,0.03058103975535168,0.0,0.774390243902439,0.01875,0.0,0.0,0.5963302752293578,0.8957055214723927,0.9,0.9325153374233128,0.02654867256637168,0.9758308157099698,0.0,0.0,0.0,0.0,0.006191950464396285,0.0,0.01557632398753894,0.0,0.08950617283950617,0.0030120481927710845,0.0,0.09063444108761329,0.0,0.0058997050147492625,0.803030303030303,0.5981308411214953,0.0748502994011976,0.0,0.8828828828828829,0.0,0.0,0.725609756097561,0.024922118380062305,0.011834319526627219,1.0,0.10703363914373089,0.6832844574780058,0.0,0.3799392097264438,0.0,0.5709876543209876,0.0,0.6757575757575758,0.0,0.05089820359281437,0.39365079365079364,0.021021021021021023,0.02373887240356083,0.7177914110429447,1.0,0.021739130434782608,0.0,0.030303030303030304,0.0,0.0,0.536144578313253,0.3619047619047619,0.3696969696969697,0.8895348837209303,0.38699690402476783,0.6230529595015576,0.9176829268292683,0.0,0.0,0.0,0.2891566265060241,0.36363636363636365,0.0,0.10410094637223975,0.6470588235294118,0.044642857142857144,0.015723270440251572,0.0,0.0,0.0,0.0,0.1289308176100629,0.0694006309148265,0.0,0.003125,0.0,0.003076923076923077,0.0,0.9244186046511628,0.0,0.0,0.0,0.003134796238244514,0.06382978723404255,0.6677115987460815,0.0,0.0,0.91875,0.8837920489296636,0.8844984802431611,0.28213166144200624,0.08411214953271028,0.40119760479041916,0.5723076923076923,0.0,0.0,0.6975308641975309,0.39104477611940297,0.012307692307692308,0.0,0.4090909090909091,0.1407185628742515,0.021021021021021023,0.5483870967741935,0.9171779141104295,0.008849557522123894,0.5924764890282131,0.0,0.0,0.0,0.0,0.0,0.0,0.030864197530864196,0.672782874617737,0.0,0.0,0.12158054711246201,0.6951219512195121,0.685459940652819,0.030959752321981424,0.8416149068322981,0.006097560975609756,0.5899053627760252,0.0,0.3821656050955414,0.003048780487804878,0.3806646525679758,0.4121212121212121,0.676923076923077,0.0,0.0,0.0,0.0061162079510703364,0.024096385542168676,0.0,0.009375,0.0,0.0,1.0,0.373134328358209,0.02786377708978328,0.0,0.0,0.39039039039039036,1.0,0.0,0.020958083832335328,0.0,0.06134969325153374,0.017699115044247787,0.9130434782608695,1.0,0.6391437308868502,0.6798780487804879,0.08849557522123894,0.39628482972136225,0.42857142857142855,0.0,0.003105590062111801,0.006006006006006006,0.3816568047337278,0.029411764705882353,0.6729559748427673,0.0
D2510232_Batch8,0.3665594855305466,0.38580246913580246,0.38924050632911394,0.13580246913580246,0.37694704049844235,0.3054662379421222,0.5205047318611987,0.37735849056603776,0.1303030303030303,0.9362416107382551,0.5349544072948328,0.4968553459119497,0.3925233644859813,0.9333333333333333,0.3,0.7101910828025477,0.5225806451612903,0.14873417721518986,0.540453074433657,0.39805825242718446,0.0,0.4472843450479233,0.19745222929936307,0.19934640522875818,0.16025641025641027,0.683076923076923,0.12302839116719243,0.3753943217665615,0.38263665594855306,0.3490566037735849,0.40836012861736337,0.36421725239616615,0.38170347003154576,0.3696369636963696,0.5,0.9315960912052117,0.3929712460063898,0.0,0.9465408805031447,0.6697819314641744,0.38509316770186336,0.23510971786833856,0.4440894568690096,0.528125,0.40063091482649843,0.15605095541401273,0.567741935483871,0.38924050632911394,0.3067484662576687,0.48417721518987344,0.12852664576802508,0.10703363914373089,1.0,0.294478527607362,0.006578947368421052,0.31629392971246006,0.0,0.326984126984127,0.3729903536977492,0.32087227414330216,0.0,0.35185185185185186,0.32792207792207795,0.03870967741935484,0.36,0.26813880126182965,0.13141025641025642,0.37777777777777777,0.5445544554455446,0.1305732484076433,0.0,0.041666666666666664,0.3225806451612903,0.32247557003257327,0.3425925925925926,0.21100917431192662,0.32786885245901637,0.31446540880503143,0.17337461300309598,0.37142857142857144,0.38387096774193546,0.0,0.33865814696485624,0.3553459119496855,0.5016181229773463,0.9153094462540716,0.30293159609120524,0.4748427672955975,0.34935897435897434,0.05555555555555555,0.3741935483870968,0.3707165109034268,0.3944099378881988,0.22186495176848875,0.9245901639344263,0.36728395061728397,0.3782051282051282,0.0935483870967742,0.6666666666666666,0.3745928338762215,0.17220543806646527,0.3762057877813505,0.36217948717948717,0.39322033898305087,0.5078864353312302,0.9119496855345912,0.14057507987220447,0.39197530864197533,0.3746031746031746,0.18867924528301888,0.18971061093247588,0.1892744479495268,0.37540453074433655,0.5814696485623003,0.328125,0.4810126582278481,0.4820846905537459,0.0,0.29545454545454547,0.3143712574850299,0.3829113924050633,0.50814332247557,0.3365695792880259,0.18210862619808307,0.3605015673981191,0.4939759036144578,0.17041800643086816,0.3653250773993808,0.3223684210526316,0.4792332268370607,0.5141955835962145,0.37577639751552794,0.09554140127388536,0.47692307692307695,0.5222929936305732,0.45686900958466453,0.326984126984127,0.06624605678233439,0.3875,0.9361022364217252,0.29337539432176657,0.31212121212121213,0.428125,0.1935483870967742,0.3987341772151899,0.3076923076923077,0.39375,0.33557046979865773,0.3709677419354839,0.35514018691588783,0.5758513931888545,0.32903225806451614,0.10476190476190476,0.48502994011976047,0.37423312883435583,0.39184952978056425,0.5446153846153846,0.3841059602649007,0.7313915857605178,0.07692307692307693,0.5145631067961165,0.12140575079872204,0.3447204968944099,0.3741935483870968,0.096875,0.3944099378881988,0.328125,0.13738019169329074,0.3867924528301887,0.36335403726708076,0.3617021276595745,0.0891089108910891,0.3302752293577982,0.17378048780487804,0.12962962962962962,0.42138364779874216,0.2981366459627329,0.9166666666666666,0.6591639871382636,0.5792682926829268,0.3973941368078176,0.3785488958990536,0.39308176100628933,0.3202416918429003,0.8179012345679012,0.1779935275080906,0.5294117647058824
D251027_Batch8,0.2953846153846154,0.282798833819242,0.4984894259818731,0.1495601173020528,0.303951367781155,0.96996996996997,0.011976047904191617,0.30538922155688625,0.12285714285714286,0.2578616352201258,0.005780346820809248,0.24397590361445784,0.29673590504451036,0.20353982300884957,0.981651376146789,0.1746987951807229,0.0060790273556231,0.5,0.30340557275541796,0.28792569659442724,0.006172839506172839,0.49244712990936557,0.6738461538461539,0.6170212765957447,0.6066066066066066,0.2947976878612717,0.6413373860182371,0.3018292682926829,0.2809667673716012,0.26646706586826346,0.29819277108433734,0.3067484662576687,0.29607250755287007,0.30340557275541796,0.0029069767441860465,0.20249221183800623,0.27988338192419826,0.0,0.22647058823529412,0.049707602339181284,0.29394812680115273,0.5693215339233039,0.470404984423676,0.06158357771260997,0.3,0.8149253731343283,0.009316770186335404,0.2403560830860534,0.960960960960961,0.3202416918429003,0.10946745562130178,0.6832844574780058,0.294478527607362,1.0,0.0031446540880503146,0.7050147492625368,0.0,0.8988095238095238,0.2978723404255319,0.9941690962099126,0.0030959752321981426,0.33236994219653176,0.7230769230769231,0.05539358600583091,0.29069767441860467,0.9090909090909091,0.746268656716418,0.33436532507739936,0.03067484662576687,0.16666666666666666,0.0,0.04229607250755287,0.8454545454545455,0.691358024691358,0.7215568862275449,0.7463976945244957,0.7191358024691358,0.9415384615384615,0.6275659824046921,0.2844311377245509,0.2724458204334365,0.0,0.6041666666666666,0.6829268292682927,0.006191950464396285,0.20783132530120482,0.9539877300613497,0.34545454545454546,0.2923076923076923,0.04297994269340974,0.29393939393939394,0.31044776119402984,0.2789317507418398,0.09422492401215805,0.22188449848024316,0.2927536231884058,0.27522935779816515,0.05688622754491018,0.0790273556231003,0.29754601226993865,0.6381766381766382,0.308868501529052,0.2809667673716012,0.2792207792207792,0.0,0.18674698795180722,0.43653250773993807,0.28106508875739644,0.29573170731707316,0.654434250764526,0.6163141993957704,0.6445783132530121,0.6132930513595166,0.0830860534124629,0.7351190476190477,0.4599406528189911,0.1524390243902439,0.0,0.9728915662650602,0.6976744186046512,0.29411764705882354,0.1676829268292683,0.7307692307692307,0.27794561933534745,0.30701754385964913,0.7885714285714286,0.6055045871559633,0.3,0.9447852760736196,0.006153846153846154,0.12158054711246201,0.3026706231454006,0.09309309309309309,0.25958702064896755,0.009259259259259259,0.023880597014925373,0.9337349397590361,0.04819277108433735,0.30701754385964913,0.3083832335329341,0.9940652818991098,0.953757225433526,0.3192771084337349,0.8478260869565217,0.314540059347181,0.8919753086419753,0.3081570996978852,0.7025316455696202,0.3132530120481928,0.7335243553008596,0.7067448680351907,0.9818181818181818,0.09451219512195122,0.005633802816901409,0.2844574780058651,0.3033033033033033,0.3020527859237537,0.3028391167192429,0.09567901234567901,0.08231707317073171,0.012195121951219513,0.696875,0.6862170087976539,0.3159509202453988,0.07207207207207207,0.3068181818181818,0.7038123167155426,0.7121212121212122,0.27927927927927926,0.2953216374269006,0.25217391304347825,0.1276595744680851,0.29239766081871343,0.617816091954023,0.6764705882352942,0.5,0.9792284866468842,0.22318840579710145,0.4420731707317073,0.718475073313783,0.3058103975535168,0.2988165680473373,0.2647058823529412,0.7069486404833837,0.12931034482758622,0.42249240121580545,0.0084985835694051
D251033_Batch8,0.019736842105263157,0.01557632398753894,0.0,0.5375,0.009708737864077669,0.00625,0.0,0.01607717041800643,0.53125,0.006514657980456026,0.0,0.0031545741324921135,0.019543973941368076,0.006349206349206349,0.003257328990228013,0.01282051282051282,0.0,0.10443037974683544,0.012944983818770227,0.01639344262295082,0.9965986394557823,0.0,0.0,0.0,0.0,0.012195121951219513,0.0,0.03821656050955414,0.012779552715654952,0.12618296529968454,0.0189873417721519,0.012903225806451613,0.016233766233766232,0.059602649006622516,0.0,0.006756756756756757,0.025396825396825397,0.99,0.00946372239747634,0.00946372239747634,0.02786377708978328,0.0,0.0,0.0,0.013029315960912053,0.0,0.0,0.012698412698412698,0.003205128205128205,0.012987012987012988,0.578125,0.0,0.006578947368421052,0.0031446540880503146,1.0,0.006349206349206349,0.9811912225705329,0.006472491909385114,0.0196078431372549,0.003205128205128205,0.979933110367893,0.01282051282051282,0.010169491525423728,0.8942307692307693,0.06230529595015576,0.006389776357827476,0.0,0.009708737864077669,0.0,0.4810126582278481,0.9804560260586319,0.8488745980707395,0.00949367088607595,0.010033444816053512,0.00946372239747634,0.006230529595015576,0.006734006734006734,0.0032258064516129032,0.003134796238244514,0.012779552715654952,0.016339869281045753,0.9815384615384616,0.009523809523809525,0.006622516556291391,0.0,0.00641025641025641,0.003289473684210526,0.012698412698412698,0.06862745098039216,0.782608695652174,0.012738853503184714,0.019169329073482427,0.012779552715654952,0.4243421052631579,0.006557377049180328,0.0189873417721519,0.046052631578947366,0.7097791798107256,0.006514657980456026,0.01935483870967742,0.0,0.016286644951140065,0.01948051948051948,0.020202020202020204,0.0,0.00641025641025641,0.24675324675324675,0.012578616352201259,0.009836065573770493,0.00964630225080386,0.0,0.006309148264984227,0.009771986970684038,0.0,0.009584664536741214,0.0,0.010169491525423728,0.9828767123287672,0.0,0.006153846153846154,0.01592356687898089,0.00980392156862745,0.009554140127388535,0.4788273615635179,0.050793650793650794,0.003076923076923077,0.0,0.012779552715654952,0.006600660066006601,0.0,0.006389776357827476,0.018808777429467086,0.645367412140575,0.012195121951219513,0.0,0.07096774193548387,0.0,0.7727272727272727,0.012539184952978056,0.009771986970684038,0.0,0.0,0.0064516129032258064,0.0,0.012861736334405145,0.0,0.01935483870967742,0.010169491525423728,0.013201320132013201,0.009316770186335404,0.003215434083601286,0.0,0.627831715210356,0.0,0.018691588785046728,0.02830188679245283,0.016129032258064516,0.016339869281045753,0.01,0.7029702970297029,0.0,0.0,0.0379746835443038,0.01607717041800643,0.7231270358306189,0.015723270440251572,0.009433962264150943,0.0,0.012861736334405145,0.015384615384615385,0.045871559633027525,0.6753246753246753,0.0672782874617737,0.0,0.0,0.0,0.0031847133757961785,0.009375,0.00641025641025641,0.0031446540880503146,0.012944983818770227,0.01929260450160772,0.025806451612903226,0.006269592476489028,0.01238390092879257,0.21333333333333335,0.0
D251064_Batch8,0.615625,0.601823708206687,0.2508038585209003,0.25671641791044775,0.6116207951070336,0.7304075235109718,0.00303951367781155,0.5913312693498453,0.26112759643916916,0.26537216828478966,0.002967359050445104,0.1419939577039275,0.5820433436532507,0.24148606811145512,0.6930379746835443,0.29846153846153844,0.0,0.3136645962732919,0.5382165605095541,0.6088328075709779,0.009615384615384616,0.2641509433962264,0.3746130030959752,0.3142857142857143,0.310126582278481,0.47604790419161674,0.3219814241486068,0.5660377358490566,0.5975232198142415,0.5,0.5878787878787879,0.6037735849056604,0.6025236593059937,0.5897435897435898,0.0,0.2222222222222222,0.549079754601227,0.0,0.2329192546583851,0.1345565749235474,0.5710059171597633,0.3033033033033033,0.2578616352201258,0.03048780487804878,0.60625,0.4921135646687697,0.006493506493506494,0.5370919881305638,0.6686567164179105,0.5700934579439252,0.2345679012345679,0.3799392097264438,0.31629392971246006,0.7050147492625368,0.006349206349206349,1.0,0.0,0.8150470219435737,0.6123076923076923,0.7040498442367601,0.003257328990228013,0.6513761467889908,0.9968051118210862,0.10153846153846154,0.5922619047619048,0.6780185758513931,0.4520123839009288,0.6234567901234568,0.026058631921824105,0.29721362229102166,0.0,0.07142857142857142,0.8193146417445483,1.0,0.9910179640718563,0.47604790419161674,1.0,0.7546583850931677,0.3161094224924012,0.608433734939759,0.5705128205128205,0.0,0.9148936170212766,0.9814241486068112,0.0,0.20766773162939298,0.7,0.5930599369085173,0.5723270440251572,0.10059171597633136,0.5942492012779552,0.6289308176100629,0.5975609756097561,0.0759493670886076,0.253125,0.6036036036036037,0.5841269841269842,0.12732919254658384,0.16927899686520376,0.6214511041009464,0.3323442136498516,0.6238244514106583,0.5797546012269938,0.6258278145695364,0.0,0.2392638036809816,0.253125,0.5745341614906833,0.5869565217391305,0.33544303797468356,0.35,0.3495440729483283,0.9262820512820513,0.033846153846153845,0.981651376146789,0.23765432098765432,0.33121019108280253,0.0,0.6750788643533123,0.9939759036144579,0.6,0.33121019108280253,0.99079754601227,0.34055727554179566,0.6141975308641975,0.5865102639296188,0.33544303797468356,0.6128048780487805,0.7904761904761904,0.0,0.2676923076923077,0.5975232198142415,0.1723076923076923,0.509090909090909,0.0031746031746031746,0.009230769230769232,0.6573208722741433,0.1111111111111111,0.608955223880597,0.2929936305732484,0.6985074626865672,0.6757575757575758,0.59375,0.540625,0.6086956521739131,0.7354838709677419,0.6184615384615385,0.9934640522875817,0.6325878594249201,0.9848024316109423,0.6055045871559633,0.7206349206349206,0.20249221183800623,0.0,0.608433734939759,0.5925925925925926,0.5248447204968945,0.6293929712460063,0.16666666666666666,0.14195583596214512,0.006309148264984227,0.3860759493670886,0.8338368580060423,0.635483870967742,0.15123456790123457,0.5988023952095808,0.993993993993994,0.3875,0.5856697819314641,0.622356495468278,0.5565476190476191,0.17834394904458598,0.5808383233532934,0.3313953488372093,0.3633633633633634,0.24846625766871167,0.7057057057057057,0.2175226586102719,0.3125,0.606508875739645,0.6132075471698113,0.615625,0.5661538461538461,1.0,0.21068249258160238,0.26479750778816197,0.002932551319648094
D251072_Batch8,0.0,0.0,0.0030581039755351682,0.5315315315315315,0.0,0.0,0.0,0.0,0.5161290322580645,0.0,0.0,0.006042296072507553,0.0,0.0,0.0,0.0,0.0,0.08868501529051988,0.0,0.0,0.9904761904761905,0.0,0.0,0.0,0.0,0.0,0.0,0.030864197530864196,0.0,0.11782477341389729,0.0,0.0,0.0,0.04416403785488959,0.0,0.0,0.01524390243902439,1.0,0.0,0.0030303030303030303,0.01749271137026239,0.0,0.0,0.0,0.0,0.0,0.0,0.0,0.0,0.0,0.5714285714285714,0.0,0.0,0.0,0.9811912225705329,0.0,1.0,0.0,0.0,0.0,0.9936305732484076,0.0,0.0,0.9024390243902439,0.05187319884726225,0.002976190476190476,0.0,0.0,0.0,0.49221183800623053,1.0,0.8383233532934131,0.0030864197530864196,0.0031746031746031746,0.0,0.0,0.0,0.0,0.0,0.0,0.0,1.0,0.0,0.0,0.0,0.0,0.0,0.0,0.05555555555555555,0.7869822485207101,0.003076923076923077,0.0,0.0,0.37962962962962965,0.0,0.0,0.03125,0.7164634146341463,0.0,0.0,0.0,0.0,0.0,0.0,0.0,0.0,0.20376175548589343,0.0,0.0,0.00911854103343465,0.0,0.006060606060606061,0.0,0.0,0.0,0.003134796238244514,0.0,1.0,0.0,0.0,0.0,0.0031446540880503146,0.0,0.45896656534954405,0.03625377643504532,0.0,0.0,0.0,0.0,0.0,0.0,0.0,0.6443768996960486,0.0,0.0,0.07784431137724551,0.0,0.7713414634146342,0.0,0.0,0.0,0.0,0.0,0.0,0.0,0.0,0.0,0.0,0.0,0.0,0.0,0.0,0.5914634146341463,0.0,0.00909090909090909,0.0243161094224924,0.012307692307692308,0.0,0.0,0.7021943573667712,0.0,0.0,0.02735562310030395,0.0,0.696969696969697,0.0,0.0,0.0,0.0,0.0,0.035398230088495575,0.6788990825688074,0.05952380952380952,0.0,0.0,0.0,0.0,0.0,0.003067484662576687,0.0,0.0,0.0,0.021341463414634148,0.0,0.0029498525073746312,0.1619047619047619,0.0
D251075_Batch8,0.41423948220064727,0.3987538940809969,0.4171974522292994,0.2018348623853211,0.3987341772151899,0.9208860759493671,0.00946372239747634,0.4086687306501548,0.19753086419753085,0.29900332225913623,0.00911854103343465,0.22839506172839505,0.39692307692307693,0.2468354430379747,0.8827361563517915,0.24605678233438485,0.006535947712418301,0.4423676012461059,0.4012738853503185,0.3941368078175896,0.006666666666666667,0.4236760124610592,0.5814696485623003,0.5033333333333333,0.48427672955974843,0.3734567901234568,0.5096153846153846,0.3973941368078176,0.3858520900321543,0.3625,0.409375,0.42628205128205127,0.41324921135646686,0.4304635761589404,0.005934718100890208,0.254071661237785,0.3888888888888889,0.0,0.2755417956656347,0.08411214953271028,0.40483383685800606,0.46226415094339623,0.4115755627009646,0.05864197530864197,0.40836012861736337,0.6875,0.009966777408637873,0.36792452830188677,0.8440366972477065,0.41823899371069184,0.17027863777089783,0.5709876543209876,0.326984126984127,0.8988095238095238,0.006472491909385114,0.8150470219435737,0.0,1.0,0.410828025477707,0.9003115264797508,0.0,0.44272445820433437,0.8506493506493507,0.07165109034267912,0.41284403669724773,0.8422712933753943,0.6525974025974026,0.43125,0.037162162162162164,0.20569620253164558,0.0,0.05161290322580645,0.89171974522293,0.8013245033112583,0.8459119496855346,0.6396396396396397,0.8409090909090909,0.9208860759493671,0.5105740181268882,0.3961661341853035,0.38064516129032255,0.0,0.7227414330218068,0.8069620253164557,0.003205128205128205,0.2671009771986971,0.8914473684210527,0.4462025316455696,0.40594059405940597,0.06363636363636363,0.40822784810126583,0.42452830188679247,0.3860182370820669,0.0935483870967742,0.28664495114006516,0.404320987654321,0.4006514657980456,0.07911392405063292,0.12063492063492064,0.42765273311897106,0.5196374622356495,0.4198717948717949,0.3821656050955414,0.3958333333333333,0.003194888178913738,0.24610591900311526,0.34726688102893893,0.4025157232704403,0.3954983922829582,0.5466237942122186,0.5303514376996805,0.534375,0.7491961414790996,0.07096774193548387,0.8333333333333334,0.39747634069400634,0.22151898734177214,0.0,0.8683385579937304,0.8363636363636363,0.4281150159744409,0.24104234527687296,0.8544303797468354,0.32075471698113206,0.4409937888198758,0.7552870090634441,0.5016181229773463,0.4115853658536585,0.9672131147540983,0.0031645569620253164,0.190625,0.4119496855345912,0.12302839116719243,0.35294117647058826,0.006430868167202572,0.02531645569620253,0.8422712933753943,0.06624605678233439,0.40625,0.34951456310679613,0.9059561128526645,0.8597560975609756,0.4339622641509434,0.7339743589743589,0.41455696202531644,0.9511400651465798,0.4228395061728395,0.8295081967213115,0.4281150159744409,0.8526645768025078,0.7169230769230769,0.9012738853503185,0.13099041533546327,0.002967359050445104,0.39814814814814814,0.4143302180685358,0.3853211009174312,0.4261744966442953,0.1357615894039735,0.10191082802547771,0.012944983818770227,0.5616883116883117,0.803125,0.44936708860759494,0.09287925696594428,0.42249240121580545,0.8391167192429022,0.5769230769230769,0.3862928348909657,0.42901234567901236,0.36890243902439024,0.14790996784565916,0.41846153846153844,0.5030487804878049,0.5535168195718655,0.41823899371069184,0.9003115264797508,0.256797583081571,0.4174454828660436,0.7286585365853658,0.41830065359477125,0.4,0.3722397476340694,0.8173374613003096,0.18153846153846154,0.3741935483870968,0.009287925696594427
D251076_Batch8,1.0,1.0,0.03481012658227848,0.43558282208588955,1.0,0.31875,0.021875,1.0,0.48484848484848486,0.31475409836065577,0.029850746268656716,0.01529051987767584,1.0,0.30030959752321984,0.2903225806451613,0.43573667711598746,0.025396825396825397,0.0,0.8414239482200647,0.9968051118210862,0.009771986970684038,0.046583850931677016,0.034375,0.006600660066006601,0.0,0.7039274924471299,0.0,0.9589905362776026,1.0,0.8923076923076924,0.9968652037617555,0.9936908517350158,1.0,0.9379084967320261,0.024464831804281346,0.30670926517571884,0.95625,0.0,0.2826086956521739,0.21580547112462006,0.9670658682634731,0.0,0.04430379746835443,0.021671826625386997,1.0,0.1125,0.042071197411003236,0.908256880733945,0.26299694189602446,0.881619937694704,0.41590214067278286,0.0,0.3729903536977492,0.2978723404255319,0.0196078431372549,0.6123076923076923,0.0,0.410828025477707,1.0,0.3170731707317073,0.006622516556291391,0.9601226993865031,0.5941558441558441,0.0856269113149847,0.9216867469879518,0.2791411042944785,0.0,0.9807073954983923,0.08496732026143791,0.47530864197530864,0.0,0.16927899686520376,0.44660194174757284,0.632258064516129,0.5896656534954408,0.07317073170731707,0.6019417475728155,0.3682539682539683,0.0,1.0,1.0,0.0,0.7308868501529052,0.6435331230283912,0.025078369905956112,0.2507936507936508,0.33121019108280253,0.9006211180124224,0.9203821656050956,0.22658610271903323,0.9968051118210862,1.0,1.0,0.03205128205128205,0.3074433656957929,1.0,0.9591194968553459,0.30670926517571884,0.2379421221864952,1.0,0.0029239766081871343,1.0,1.0,0.9966777408637874,0.026143790849673203,0.3105590062111801,0.012658227848101266,1.0,1.0,0.022151898734177215,0.021739130434782608,0.025157232704402517,0.7138263665594855,0.04153354632587859,0.5925925925925926,0.0529595015576324,0.5508196721311476,0.0,0.29260450160771706,0.5873493975903614,0.9809523809523809,0.5537459283387622,0.5825545171339563,0.3269230769230769,0.9444444444444444,0.3161094224924012,0.0,0.9847094801223242,0.38977635782747605,0.025,0.453125,1.0,0.3761755485893417,0.8384146341463414,0.02875399361022364,0.009202453987730062,0.2861635220125786,0.2555205047318612,1.0,0.3103448275862069,0.2888198757763975,0.3009118541033435,0.9404388714733543,0.1346153846153846,0.984472049689441,0.38613861386138615,1.0,0.6112956810631229,0.9968354430379747,0.5909090909090909,0.42507645259938837,0.31545741324921134,0.4240506329113924,0.020588235294117647,0.981651376146789,0.959375,0.7957317073170732,1.0,0.20846905537459284,0.3215434083601286,0.025236593059936908,0.0,0.567398119122257,0.9640522875816994,0.3271604938271605,1.0,0.5950920245398773,0.0,1.0,0.9788519637462235,0.9556213017751479,0.26498422712933756,0.9307228915662651,0.0,0.0,0.0375,0.3046153846153846,0.27710843373493976,0.1786833855799373,0.4036144578313253,1.0,0.9968253968253968,0.9595015576323987,0.6042944785276073,0.3076923076923077,0.006472491909385114,0.02416918429003021
D251081_Batch8,0.303125,0.29393939393939394,0.5030674846625767,0.15963855421686746,0.3170731707317073,0.9814241486068112,0.012195121951219513,0.315625,0.11538461538461539,0.28391167192429023,0.005988023952095809,0.2652439024390244,0.2896341463414634,0.2289156626506024,0.9937888198757764,0.1884498480243161,0.009615384615384616,0.5030674846625767,0.3177570093457944,0.29652996845425866,0.006389776357827476,0.5061349693251533,0.6656151419558359,0.6057692307692307,0.5975232198142415,0.30383480825958703,0.6253869969040248,0.3167701863354037,0.30124223602484473,0.27245508982035926,0.3153153153153153,0.3096774193548387,0.2984126984126984,0.3141025641025641,0.005952380952380952,0.23948220064724918,0.28792569659442724,0.0,0.24695121951219512,0.0581039755351682,0.3003003003003003,0.56,0.4782608695652174,0.06422018348623854,0.3166144200626959,0.8126888217522659,0.0125,0.25227963525835867,0.9607250755287009,0.33126934984520123,0.12424242424242424,0.6757575757575758,0.32087227414330216,0.9941690962099126,0.003205128205128205,0.7040498442367601,0.0,0.9003115264797508,0.3170731707317073,1.0,0.0,0.3482142857142857,0.7184466019417476,0.04984423676012461,0.30791788856304986,0.906832298136646,0.7339449541284404,0.3385093167701863,0.03536977491961415,0.16257668711656442,0.0,0.034375,0.8440366972477065,0.6978193146417445,0.7169230769230769,0.7470238095238095,0.722397476340694,0.9498432601880877,0.6072507552870091,0.29878048780487804,0.2765273311897106,0.0,0.6204819277108434,0.6965944272445821,0.009375,0.2515923566878981,0.9621451104100947,0.3611111111111111,0.30246913580246915,0.041176470588235294,0.3188854489164087,0.32326283987915405,0.303951367781155,0.08978328173374613,0.2476489028213166,0.3021148036253776,0.29754601226993865,0.0581039755351682,0.08832807570977919,0.31511254019292606,0.6294117647058823,0.32601880877742945,0.2897196261682243,0.3102310231023102,0.0,0.22727272727272727,0.4272151898734177,0.29357798165137616,0.3048780487804878,0.6477987421383647,0.609375,0.6238532110091743,0.6383647798742138,0.08888888888888889,0.7345679012345679,0.4804804804804805,0.1523809523809524,0.0,0.98125,0.7048192771084337,0.30030959752321984,0.1798780487804878,0.7366771159874608,0.3018867924528302,0.3161094224924012,0.7923976608187134,0.5987654320987654,0.3194029850746269,0.9495268138801262,0.006153846153846154,0.12345679012345678,0.3079268292682927,0.08231707317073171,0.2823529411764706,0.006269592476489028,0.01875,0.9380804953560371,0.04573170731707317,0.3159509202453988,0.3249211356466877,1.0,0.9548192771084337,0.3395061728395062,0.8270440251572327,0.32,0.8971061093247589,0.3090909090909091,0.7188498402555911,0.33753943217665616,0.7349397590361446,0.6923076923076923,0.9874213836477987,0.07763975155279502,0.008571428571428572,0.2990936555891239,0.3055555555555556,0.31563421828908556,0.31545741324921134,0.0932475884244373,0.06896551724137931,0.009584664536741214,0.6813880126182965,0.6990595611285266,0.3333333333333333,0.06097560975609756,0.3090909090909091,0.6966966966966966,0.6780185758513931,0.2857142857142857,0.31176470588235294,0.2656716417910448,0.13354037267080746,0.30498533724340177,0.615606936416185,0.6565349544072948,0.5124223602484472,0.9876923076923076,0.24550898203592814,0.49230769230769234,0.7155963302752294,0.31230283911671924,0.30246913580246915,0.2774390243902439,0.7012195121951219,0.1632047477744807,0.4230769230769231,0.008982035928143712
D251162_Batch8,0.0033444816053511705,0.0031847133757961785,0.0,0.46774193548387094,0.006472491909385114,0.0033003300330033004,0.0,0.0033112582781456954,0.4891640866873065,0.0,0.0,0.003257328990228013,0.006472491909385114,0.0,0.0,0.0,0.0,0.08766233766233766,0.0033112582781456954,0.0033222591362126247,0.9862068965517241,0.0,0.0,0.0,0.0,0.0030959752321981426,0.0,0.03728813559322034,0.006578947368421052,0.13099041533546327,0.003278688524590164,0.003367003367003367,0.006578947368421052,0.05016722408026756,0.0,0.0,0.01607717041800643,0.9931506849315068,0.0,0.003125,0.018691588785046728,0.0,0.0,0.0,0.006779661016949152,0.0,0.0,0.006472491909385114,0.0,0.0033003300330033004,0.5241157556270096,0.0,0.0,0.0030959752321981426,0.979933110367893,0.003257328990228013,0.9936305732484076,0.0,0.006622516556291391,0.0,1.0,0.0,0.0035335689045936395,0.9413680781758957,0.053125,0.0032258064516129032,0.0,0.006472491909385114,0.0,0.43870967741935485,0.9932885906040269,0.7896440129449838,0.006493506493506494,0.006711409395973154,0.003194888178913738,0.0,0.003257328990228013,0.0033222591362126247,0.0,0.00641025641025641,0.006779661016949152,1.0,0.0031545741324921135,0.0033333333333333335,0.0,0.0,0.0033112582781456954,0.0,0.056105610561056105,0.7284345047923323,0.01,0.006472491909385114,0.003215434083601286,0.3654485049833887,0.0,0.006472491909385114,0.033783783783783786,0.6558441558441559,0.0033333333333333335,0.006779661016949152,0.0,0.0032258064516129032,0.006430868167202572,0.007042253521126761,0.0,0.0,0.20677966101694914,0.003194888178913738,0.006666666666666667,0.009933774834437087,0.0,0.006493506493506494,0.003355704697986577,0.0,0.0032679738562091504,0.0,0.0033444816053511705,0.9931506849315068,0.0,0.003194888178913738,0.0033222591362126247,0.006557377049180328,0.003236245954692557,0.4234527687296417,0.03536977491961415,0.0031545741324921135,0.0,0.003205128205128205,0.0032258064516129032,0.0,0.0033003300330033004,0.0032258064516129032,0.5921052631578947,0.0031847133757961785,0.0,0.0641025641025641,0.003289473684210526,0.7013422818791947,0.006389776357827476,0.0,0.003205128205128205,0.003115264797507788,0.006535947712418301,0.0,0.003257328990228013,0.003367003367003367,0.0033333333333333335,0.0,0.003289473684210526,0.003236245954692557,0.003194888178913738,0.0033222591362126247,0.5379537953795379,0.0,0.012698412698412698,0.026143790849673203,0.012903225806451613,0.0034602076124567475,0.0,0.6470588235294118,0.0,0.0,0.0297029702970297,0.0033333333333333335,0.656957928802589,0.006349206349206349,0.003278688524590164,0.0,0.0032679738562091504,0.003194888178913738,0.03785488958990536,0.622895622895623,0.058823529411764705,0.0,0.0,0.0,0.0,0.0,0.0,0.0,0.006711409395973154,0.006389776357827476,0.022950819672131147,0.003215434083601286,0.003125,0.1610738255033557,0.0
D251171_Batch8,0.96,0.9470588235294117,0.05521472392638037,0.41369047619047616,0.9510703363914373,0.3515151515151515,0.012012012012012012,0.9501557632398754,0.46551724137931033,0.29721362229102166,0.020114942528735632,0.03343465045592705,0.9464285714285714,0.2887537993920973,0.3146417445482866,0.4104938271604938,0.018808777429467086,0.03323262839879154,0.7981651376146789,0.9507692307692308,0.012618296529968454,0.0804953560371517,0.06927710843373494,0.03470031545741325,0.027439024390243903,0.6920821114369502,0.036585365853658534,0.9093655589123867,0.96,0.822289156626506,0.9542682926829268,0.9480122324159022,0.9567901234567902,0.8952380952380953,0.014619883040935672,0.26791277258566976,0.899390243902439,0.0,0.28402366863905326,0.21893491124260356,0.9156976744186046,0.038348082595870206,0.071875,0.01483679525222552,0.9475308641975309,0.16023738872403562,0.034482758620689655,0.857566765578635,0.2930513595166163,0.8338461538461538,0.39473684210526316,0.05089820359281437,0.35185185185185186,0.33236994219653176,0.01282051282051282,0.6513761467889908,0.0,0.44272445820433437,0.9601226993865031,0.3482142857142857,0.0,1.0,0.6444444444444445,0.07530120481927711,0.8832335329341318,0.311178247734139,0.05757575757575758,0.9659442724458205,0.07232704402515723,0.4660493827160494,0.0,0.16766467065868262,0.46296296296296297,0.6666666666666666,0.6422018348623854,0.1348973607038123,0.637223974763407,0.3944954128440367,0.03273809523809524,0.9483282674772037,0.9526813880126183,0.0,0.7708333333333334,0.6676829268292683,0.018575851393188854,0.2391304347826087,0.359375,0.8575757575757575,0.8847352024922118,0.21470588235294116,0.948170731707317,0.9544072948328267,0.9434523809523809,0.03067484662576687,0.30246913580246915,0.9616519174041298,0.9099378881987578,0.2774390243902439,0.25748502994011974,0.9658385093167702,0.04011461318051576,0.9574468085106383,0.9519519519519519,0.9504950495049505,0.015527950310559006,0.2949852507374631,0.049689440993788817,0.948948948948949,0.954954954954955,0.058823529411764705,0.05864197530864197,0.06006006006006006,0.780564263322884,0.03951367781155015,0.6388059701492538,0.07878787878787878,0.562111801242236,0.0,0.3192771084337349,0.6447761194029851,0.9359756097560976,0.5248447204968945,0.6238532110091743,0.3393939393939394,0.9020771513353115,0.30903790087463556,0.04024767801857585,0.9384164222873901,0.42356687898089174,0.0220125786163522,0.46788990825688076,0.9644970414201184,0.3556231003039514,0.7894736842105263,0.024615384615384615,0.005988023952095809,0.2966360856269113,0.24773413897280966,0.948948948948949,0.2932098765432099,0.32326283987915405,0.3136094674556213,0.906060606060606,0.1651376146788991,0.9390243902439024,0.3862928348909657,0.9608433734939759,0.6560509554140127,0.963076923076923,0.6420118343195266,0.4166666666666667,0.3426791277258567,0.39692307692307693,0.014204545454545454,0.9497041420118343,0.9066265060240963,0.7694610778443114,0.9655172413793104,0.203125,0.3069620253164557,0.02786377708978328,0.03459119496855346,0.5922619047619048,0.9296636085626911,0.3026706231454006,0.9560117302052786,0.640117994100295,0.04294478527607362,0.9546827794561934,0.9491017964071856,0.9159420289855073,0.24610591900311526,0.8967551622418879,0.04335260115606936,0.04451038575667656,0.05864197530864197,0.3323262839879154,0.25722543352601157,0.18711656441717792,0.4059701492537313,0.9473684210526315,0.9544072948328267,0.9057750759878419,0.6666666666666666,0.2727272727272727,0.04559270516717325,0.020710059171597635
D251172_Batch8,0.6105610561056105,0.5886075949367089,0.25245901639344265,0.24605678233438485,0.6006493506493507,0.7645161290322581,0.003236245954692557,0.5903225806451613,0.278125,0.2814569536423841,0.0030959752321981426,0.13548387096774195,0.5825545171339563,0.2532051282051282,0.7128712871287128,0.3074433656957929,0.0,0.32792207792207795,0.527027027027027,0.5933333333333334,0.013745704467353952,0.250814332247557,0.3746031746031746,0.2962962962962963,0.3137254901960784,0.4751552795031056,0.3183279742765273,0.5704918032786885,0.5909090909090909,0.5192307692307693,0.5846645367412141,0.5849673202614379,0.6085526315789473,0.5953947368421053,0.0,0.22895622895622897,0.5591054313099042,0.0,0.24050632911392406,0.12987012987012986,0.5882352941176471,0.28888888888888886,0.25,0.025157232704402517,0.6084142394822006,0.5048231511254019,0.006711409395973154,0.5286624203821656,0.6697819314641744,0.5750798722044729,0.21656050955414013,0.39365079365079364,0.32792207792207795,0.7230769230769231,0.010169491525423728,0.9968051118210862,0.0,0.8506493506493507,0.5941558441558441,0.7184466019417476,0.0035335689045936395,0.6444444444444445,1.0,0.11688311688311688,0.589171974522293,0.7,0.4675324675324675,0.625,0.029801324503311258,0.28434504792332266,0.0,0.06535947712418301,0.8538205980066446,0.9935275080906149,1.0,0.4840764331210191,1.0,0.762987012987013,0.31596091205211724,0.6019417475728155,0.56,0.0,0.9064516129032258,0.980327868852459,0.0,0.2152317880794702,0.7142857142857143,0.5993589743589743,0.5622895622895623,0.090625,0.5888157894736842,0.625,0.5974025974025974,0.08852459016393442,0.2691029900332226,0.5884244372990354,0.5792880258899676,0.1305732484076433,0.17973856209150327,0.627906976744186,0.32621951219512196,0.6151315789473685,0.5806451612903226,0.6075085324232082,0.0,0.24752475247524752,0.2532894736842105,0.5873015873015873,0.5954692556634305,0.3475409836065574,0.34098360655737703,0.3580645161290323,0.921311475409836,0.026143790849673203,0.9936908517350158,0.22295081967213115,0.35333333333333333,0.0,0.6893203883495146,0.9969135802469136,0.6006711409395973,0.3423728813559322,1.0,0.32786885245901637,0.6178343949044586,0.6242236024844721,0.3211920529801324,0.6146496815286624,0.8013029315960912,0.0,0.2875816993464052,0.5942492012779552,0.17333333333333334,0.5111821086261981,0.003215434083601286,0.013245033112582781,0.6550632911392406,0.09779179810725552,0.5904761904761905,0.3069306930693069,0.7096774193548387,0.6813880126182965,0.5909090909090909,0.5162337662337663,0.592948717948718,0.764505119453925,0.6151315789473685,0.9965753424657534,0.6195286195286195,0.9935483870967742,0.6516129032258065,0.7290969899665551,0.19292604501607716,0.0,0.60625,0.5928338762214984,0.5143769968051118,0.6219931271477663,0.15719063545150502,0.13815789473684212,0.006622516556291391,0.3927392739273927,0.8690095846645367,0.6179401993355482,0.15161290322580645,0.5961538461538461,1.0,0.40522875816993464,0.5808580858085809,0.6146496815286624,0.5634674922600619,0.17207792207792208,0.5807453416149069,0.32919254658385094,0.367601246105919,0.24115755627009647,0.7346278317152104,0.24610591900311526,0.3181818181818182,0.6561514195583596,0.6233766233766234,0.6,0.5709677419354838,1.0,0.22327044025157233,0.2608695652173913,0.003125
D251174_Batch8,0.08201892744479496,0.09253731343283582,0.01282051282051282,0.4864864864864865,0.08099688473520249,0.06832298136645963,0.0,0.08895705521472393,0.5207100591715976,0.03225806451612903,0.0,0.006097560975609756,0.09146341463414634,0.039755351681957186,0.06070287539936102,0.03715170278637771,0.0,0.07598784194528875,0.0707395498392283,0.07643312101910828,0.8996763754045307,0.024539877300613498,0.027607361963190184,0.016025641025641024,0.021341463414634148,0.057057057057057055,0.018867924528301886,0.11490683229813664,0.07987220447284345,0.19753086419753085,0.07836990595611286,0.0877742946708464,0.0950920245398773,0.11501597444089456,0.0,0.03536977491961415,0.07668711656441718,0.8709677419354839,0.02967359050445104,0.024242424242424242,0.09495548961424333,0.012269938650306749,0.022364217252396165,0.0,0.08917197452229299,0.036923076923076927,0.0,0.08536585365853659,0.05246913580246913,0.06918238993710692,0.525679758308157,0.021021021021021023,0.03870967741935484,0.05539358600583091,0.8942307692307693,0.10153846153846154,0.9024390243902439,0.07165109034267912,0.0856269113149847,0.04984423676012461,0.9413680781758957,0.07530120481927711,0.11688311688311688,1.0,0.12612612612612611,0.0547112462006079,0.021604938271604937,0.08306709265175719,0.006578947368421052,0.4485981308411215,0.8825396825396825,0.7577639751552795,0.096875,0.10828025477707007,0.08814589665653495,0.023952095808383235,0.07467532467532467,0.05714285714285714,0.01818181818181818,0.08950617283950617,0.08360128617363344,0.8885542168674698,0.0804953560371517,0.109375,0.0,0.03115264797507788,0.04560260586319218,0.06172839506172839,0.1320754716981132,0.7100591715976331,0.08544303797468354,0.0972644376899696,0.08132530120481928,0.33650793650793653,0.03125,0.08955223880597014,0.1111111111111111,0.6503067484662577,0.03470031545741325,0.0759493670886076,0.02359882005899705,0.08571428571428572,0.0804953560371517,0.08305647840531562,0.0,0.03363914373088685,0.2,0.07854984894259819,0.08099688473520249,0.03470031545741325,0.027950310559006212,0.030959752321981424,0.08490566037735849,0.0,0.10091743119266056,0.02476780185758514,0.054838709677419356,0.9210526315789473,0.05214723926380368,0.10703363914373089,0.08668730650154799,0.050314465408805034,0.10606060606060606,0.4605678233438486,0.11009174311926606,0.050746268656716415,0.025236593059936908,0.09253731343283582,0.0670926517571885,0.0,0.05345911949685535,0.08536585365853659,0.5949367088607594,0.07598784194528875,0.0,0.05246913580246913,0.04984423676012461,0.6861538461538461,0.07530120481927711,0.03426791277258567,0.056074766355140186,0.059880239520958084,0.06918238993710692,0.028037383177570093,0.08695652173913043,0.08176100628930817,0.07763975155279502,0.09032258064516129,0.08074534161490683,0.09309309309309309,0.0705521472392638,0.05625,0.5746031746031746,0.0,0.08011869436201781,0.09907120743034056,0.08256880733944955,0.08306709265175719,0.0392156862745098,0.6401273885350318,0.003125,0.022364217252396165,0.13538461538461538,0.07006369426751592,0.6676737160120846,0.09090909090909091,0.10303030303030303,0.02476780185758514,0.08099688473520249,0.09171597633136094,0.11212121212121212,0.6304347826086957,0.12612612612612611,0.022922636103151862,0.026785714285714284,0.021739130434782608,0.05555555555555555,0.03323262839879154,0.03058103975535168,0.07079646017699115,0.09404388714733543,0.08125,0.09202453987730061,0.08695652173913043,0.03939393939393939,0.1597444089456869,0.0
D258155_Batch8,0.9113149847094801,0.9152046783625731,0.0486322188449848,0.5072886297376094,0.918918918918919,0.3192771084337349,0.01488095238095238,0.9369369369369369,0.5232558139534884,0.2996941896024465,0.017341040462427744,0.026865671641791045,0.9196428571428571,0.28654970760233917,0.3018292682926829,0.4101796407185629,0.012269938650306749,0.011869436201780416,0.7682926829268293,0.9212121212121213,0.0438871473354232,0.06646525679758308,0.04242424242424243,0.024691358024691357,0.01818181818181818,0.6753623188405797,0.024024024024024024,0.9003021148036254,0.9274924471299094,0.8529411764705882,0.9203539823008849,0.9240121580547113,0.9161676646706587,0.9694189602446484,0.01440922190201729,0.28134556574923547,0.9017857142857143,0.028125,0.2976190476190476,0.21597633136094674,0.9197707736389685,0.020710059171597635,0.05120481927710843,0.01775147928994083,0.9251497005988024,0.1130952380952381,0.03459119496855346,0.8378378378378378,0.25958702064896755,0.8283132530120482,0.5029411764705882,0.02373887240356083,0.36,0.29069767441860467,0.06230529595015576,0.5922619047619048,0.05187319884726225,0.41284403669724773,0.9216867469879518,0.30791788856304986,0.053125,0.8832335329341318,0.589171974522293,0.12612612612612611,1.0,0.28994082840236685,0.0243161094224924,0.9009009009009009,0.0660377358490566,0.5650887573964497,0.03343465045592705,0.2245508982035928,0.44376899696048633,0.63125,0.6096096096096096,0.09064327485380116,0.5924764890282131,0.3532934131736527,0.011661807580174927,0.9191616766467066,0.9197530864197531,0.04105571847507331,0.6988304093567251,0.6196319018404908,0.012269938650306749,0.24620060790273557,0.3353658536585366,0.8242424242424242,0.9728915662650602,0.27647058823529413,0.9212121212121213,0.9341317365269461,0.9208211143695014,0.06116207951070336,0.30606060606060603,0.9321533923303835,0.9535603715170279,0.3601190476190476,0.2347560975609756,0.9325153374233128,0.02,0.9204892966360856,0.9219219219219219,0.9381107491856677,0.015432098765432098,0.2861356932153392,0.02694610778443114,0.9142011834319527,0.9228486646884273,0.041916167664670656,0.030211480362537766,0.0364741641337386,0.7169230769230769,0.03353658536585366,0.5845697329376854,0.05688622754491018,0.5194029850746269,0.048701298701298704,0.2919254658385093,0.6057971014492753,0.9357798165137615,0.5317220543806647,0.5748502994011976,0.39457831325301207,0.990990990990991,0.3153409090909091,0.021604938271604937,0.9358600583090378,0.38509316770186336,0.011976047904191617,0.4484848484848485,0.9136904761904762,0.42771084337349397,0.7739130434782608,0.008823529411764706,0.005952380952380952,0.2896341463414634,0.29573170731707316,0.9258160237388724,0.31419939577039274,0.28869047619047616,0.3119533527696793,0.851963746223565,0.14156626506024098,0.933933933933934,0.3888888888888889,0.9270516717325228,0.5981308411214953,0.9209726443768997,0.5935672514619883,0.415929203539823,0.3076923076923077,0.45896656534954405,0.014084507042253521,0.9283667621776505,0.9321533923303835,0.7537091988130564,0.9308176100628931,0.2006079027355623,0.37037037037037035,0.015479876160990712,0.03048780487804878,0.6272189349112426,0.906060606060606,0.3652694610778443,0.9333333333333333,0.5970149253731343,0.024691358024691357,0.9109792284866469,0.9051724137931034,0.938953488372093,0.311178247734139,0.9824561403508771,0.02005730659025788,0.020588235294117647,0.041916167664670656,0.3042168674698795,0.2668621700879765,0.1510574018126888,0.4154727793696275,0.9212121212121213,0.9191616766467066,0.927710843373494,0.6169590643274854,0.29394812680115273,0.024390243902439025,0.011764705882352941
D258182_Batch8,0.27586206896551724,0.27299703264094954,0.5256410256410257,0.17325227963525835,0.2664576802507837,0.8875,0.009259259259259259,0.275,0.1497005988023952,0.238562091503268,0.0,0.23780487804878048,0.24848484848484848,0.18769230769230769,0.8930817610062893,0.1609907120743034,0.0031446540880503146,0.558641975308642,0.25878594249201275,0.2626582278481013,0.0032679738562091504,0.5046728971962616,0.7217125382262997,0.6591639871382636,0.6517571884984026,0.2225609756097561,0.6851851851851852,0.271875,0.2601880877742947,0.25,0.24924012158054712,0.27639751552795033,0.26813880126182965,0.3,0.003003003003003003,0.19811320754716982,0.2530487804878049,0.0,0.19504643962848298,0.02694610778443114,0.2844311377245509,0.6012269938650306,0.4952681388012618,0.06060606060606061,0.2507836990595611,0.7824773413897281,0.006472491909385114,0.23076923076923078,0.9049079754601227,0.28125,0.1529051987767584,0.7177914110429447,0.26813880126182965,0.9090909090909091,0.006389776357827476,0.6780185758513931,0.002976190476190476,0.8422712933753943,0.2791411042944785,0.906832298136646,0.0032258064516129032,0.311178247734139,0.7,0.0547112462006079,0.28994082840236685,1.0,0.7632398753894081,0.29874213836477986,0.028938906752411574,0.2120253164556962,0.0,0.05421686746987952,0.8944099378881988,0.664576802507837,0.7,0.7867867867867868,0.7,0.8871473354231975,0.6726726726726727,0.254601226993865,0.2484076433121019,0.0,0.5727554179566563,0.6615384615384615,0.0031746031746031746,0.19375,0.8685897435897436,0.3055555555555556,0.29721362229102166,0.0634441087613293,0.271875,0.28134556574923547,0.26380368098159507,0.10158730158730159,0.2,0.2560240963855422,0.2721518987341772,0.08895705521472393,0.04792332268370607,0.27388535031847133,0.6970588235294117,0.2822085889570552,0.2623456790123457,0.2558139534883721,0.0,0.1687116564417178,0.49375,0.2621951219512195,0.2839506172839506,0.7272727272727273,0.6820987654320988,0.7,0.5846645367412141,0.078125,0.6930091185410334,0.4810126582278481,0.14556962025316456,0.0033003300330033004,0.8805031446540881,0.6756756756756757,0.265625,0.14195583596214512,0.696969696969697,0.3619047619047619,0.3021148036253776,0.7035928143712575,0.65527950310559,0.26993865030674846,0.8639240506329114,0.003115264797507788,0.10429447852760736,0.2621951219512195,0.109375,0.24316109422492402,0.003067484662576687,0.030864197530864196,0.8481012658227848,0.071875,0.27492447129909364,0.26006191950464397,0.9076923076923077,0.8810975609756098,0.2883435582822086,0.8235294117647058,0.27794561933534745,0.8263665594855305,0.28391167192429023,0.6876971608832808,0.2898089171974522,0.6936936936936937,0.6358024691358025,0.8706624605678234,0.11006289308176101,0.002840909090909091,0.2676923076923077,0.2822085889570552,0.24846625766871167,0.2733118971061093,0.06389776357827476,0.102803738317757,0.003194888178913738,0.720125786163522,0.7186544342507645,0.3069620253164557,0.08895705521472393,0.2743362831858407,0.6717791411042945,0.7255520504731862,0.2672955974842767,0.28059701492537314,0.258160237388724,0.14067278287461774,0.29518072289156627,0.6636904761904762,0.7134146341463414,0.5398773006134969,0.896551724137931,0.20241691842900303,0.4525993883792049,0.6706586826347305,0.25617283950617287,0.26875,0.24148606811145512,0.6737804878048781,0.10030395136778116,0.48717948717948717,0.00303951367781155
D258224_Batch8,0.0,0.0,0.6496815286624203,0.03353658536585366,0.0,0.7329192546583851,0.003125,0.0,0.0,0.11551155115511551,0.0,0.29102167182662536,0.0,0.08206686930091185,0.7515527950310559,0.027439024390243903,0.0,0.8048780487804879,0.015873015873015872,0.0,0.0,0.6075949367088608,0.9216300940438872,0.9223300970873787,0.9320388349514563,0.027190332326283987,0.9779874213836478,0.0,0.0,0.0,0.0,0.006289308176100629,0.0,0.016286644951140065,0.0,0.10126582278481013,0.003134796238244514,0.0,0.10429447852760736,0.0,0.005917159763313609,0.8193146417445483,0.6051779935275081,0.07975460122699386,0.0,0.8598130841121495,0.0,0.0,0.7819314641744548,0.02476780185758514,0.012345679012345678,1.0,0.13141025641025642,0.746268656716418,0.0,0.4520123839009288,0.0,0.6525974025974026,0.0,0.7339449541284404,0.0,0.05757575757575758,0.4675324675324675,0.021604938271604937,0.0243161094224924,0.7632398753894081,1.0,0.01929260450160772,0.0,0.031545741324921134,0.0,0.0,0.6107594936708861,0.43322475570032576,0.4691358024691358,0.8820058997050148,0.45806451612903226,0.6930379746835443,0.9209726443768997,0.0,0.0,0.0,0.3343558282208589,0.4161490683229814,0.0,0.11974110032362459,0.7088607594936709,0.047021943573667714,0.009523809523809525,0.0,0.0,0.0,0.0,0.128125,0.08571428571428572,0.0,0.0031847133757961785,0.0,0.0,0.0,0.9416909620991254,0.0,0.0,0.0,0.0,0.0764525993883792,0.7009646302250804,0.0,0.0,0.9396825396825397,0.9166666666666666,0.9130434782608695,0.33647798742138363,0.08411214953271028,0.46504559270516715,0.5880503144654088,0.0,0.0,0.7704402515723271,0.4594594594594595,0.015723270440251572,0.0,0.48125,0.2006269592476489,0.015723270440251572,0.5727002967359051,0.9230769230769231,0.00909090909090909,0.6677215189873418,0.0,0.0,0.0,0.0,0.0,0.0,0.03125,0.7267080745341615,0.0,0.0,0.15170278637770898,0.759375,0.7371601208459214,0.02786377708978328,0.8821656050955414,0.009404388714733543,0.6503267973856209,0.0,0.44871794871794873,0.003246753246753247,0.4608433734939759,0.4551083591331269,0.7358490566037735,0.0,0.0,0.0,0.006211180124223602,0.021671826625386997,0.0,0.019543973941368076,0.0,0.0,1.0,0.4444444444444444,0.031545741324921134,0.0,0.0,0.45987654320987653,1.0,0.0,0.021212121212121213,0.0,0.0732484076433121,0.014925373134328358,0.9255952380952381,1.0,0.658307210031348,0.746875,0.09785932721712538,0.4200626959247649,0.4622356495468278,0.0,0.0031645569620253164,0.006172839506172839,0.45652173913043476,0.030303030303030304,0.7071651090342679,0.0
D259101_Batch8,0.9935275080906149,0.9785276073619632,0.04126984126984127,0.4117647058823529,0.9841772151898734,0.33865814696485624,0.012738853503184714,0.9809523809523809,0.47575757575757577,0.32673267326732675,0.018461538461538463,0.028037383177570093,0.978125,0.29337539432176657,0.3089171974522293,0.4479495268138801,0.02287581699346405,0.009259259259259259,0.834983498349835,0.9810126582278481,0.006644518272425249,0.060126582278481014,0.05396825396825397,0.01644736842105263,0.0031645569620253164,0.716012084592145,0.01567398119122257,0.9394904458598726,0.9841269841269841,0.8710691823899371,0.9810725552050473,0.9807073954983923,0.9775641025641025,0.9120521172638436,0.018072289156626505,0.28338762214983715,0.9375,0.0,0.2919254658385093,0.22085889570552147,0.9495548961424333,0.012195121951219513,0.05144694533762058,0.021739130434782608,0.9776357827476039,0.13166144200626959,0.045307443365695796,0.8785046728971962,0.29003021148036257,0.8733766233766234,0.3949843260188088,0.021739130434782608,0.37777777777777777,0.33436532507739936,0.009708737864077669,0.6234567901234568,0.0,0.43125,0.9807073954983923,0.3385093167701863,0.006472491909385114,0.9659442724458205,0.625,0.08306709265175719,0.9009009009009009,0.29874213836477986,0.01929260450160772,1.0,0.08843537414965986,0.46394984326018807,0.0,0.1723076923076923,0.45016077170418006,0.6442307692307693,0.6269592476489029,0.10240963855421686,0.6038338658146964,0.4,0.009345794392523364,0.98125,0.9868852459016394,0.0,0.7253086419753086,0.6392405063291139,0.019417475728155338,0.2588996763754045,0.3485342019543974,0.877742946708464,0.9058441558441559,0.21406727828746178,0.9744408945686901,0.9840764331210191,0.9782608695652174,0.03559870550161812,0.3268608414239482,0.9814814814814815,0.9453376205787781,0.284375,0.24126984126984127,0.993485342019544,0.015060240963855422,0.9872611464968153,0.9871794871794872,0.9795918367346939,0.019543973941368076,0.30864197530864196,0.01892744479495268,0.978328173374613,0.9810126582278481,0.03459119496855346,0.03492063492063492,0.03761755485893417,0.7216828478964401,0.03164556962025317,0.6050156739811913,0.059748427672955975,0.5374592833876222,0.0,0.3089171974522293,0.61875,0.967741935483871,0.565359477124183,0.5987261146496815,0.3226837060702875,0.9316770186335404,0.32228915662650603,0.006349206349206349,0.9665653495440729,0.40752351097178685,0.01875,0.45686900958466453,0.9906832298136646,0.3753943217665615,0.8251533742331288,0.022082018927444796,0.006389776357827476,0.3018867924528302,0.2222222222222222,0.9813664596273292,0.31629392971246006,0.3169230769230769,0.32,0.922360248447205,0.1574074074074074,0.9683544303797469,0.41346153846153844,0.9841269841269841,0.632258064516129,0.9872611464968153,0.6184615384615385,0.4316109422492401,0.3301282051282051,0.40384615384615385,0.014705882352941176,0.9695121951219512,0.9404388714733543,0.8043478260869565,0.9867549668874173,0.19934640522875818,0.2967741935483871,0.02922077922077922,0.019230769230769232,0.5882352941176471,0.9367088607594937,0.2932098765432099,0.9818731117824774,0.6163522012578616,0.01892744479495268,0.9808306709265175,0.9661538461538461,0.9363636363636364,0.2356687898089172,0.9156626506024096,0.008955223880597015,0.01818181818181818,0.047021943573667714,0.3291139240506329,0.27627627627627627,0.16932907348242812,0.43343653250773995,0.9838709677419355,0.9811320754716981,0.9462025316455697,0.6234567901234568,0.2948328267477204,0.01904761904761905,0.018461538461538463
D259121_Batch8,0.06976744186046512,0.0759493670886076,0.2508361204013378,0.04777070063694268,0.07666666666666666,0.029605263157894735,0.9230769230769231,0.08881578947368421,0.030959752321981424,0.5924657534246576,0.9470404984423676,0.6442307692307693,0.08012820512820513,0.6387096774193548,0.02666666666666667,0.5573770491803278,0.9565217391304348,0.06907894736842106,0.23,0.06622516556291391,0.0,0.30844155844155846,0.04234527687296417,0.03741496598639456,0.02631578947368421,0.321875,0.006472491909385114,0.08143322475570032,0.07236842105263158,0.07741935483870968,0.07142857142857142,0.07260726072607261,0.0924092409240924,0.06734006734006734,0.9316770186335404,0.6224489795918368,0.1157556270096463,0.0,0.6261980830670927,0.7484276729559748,0.09034267912772585,0.13738019169329074,0.30564784053156147,0.8695652173913043,0.08053691275167785,0.006622516556291391,0.9437086092715232,0.15873015873015872,0.031746031746031744,0.18604651162790697,0.044585987261146494,0.0,0.5445544554455446,0.03067484662576687,0.0,0.026058631921824105,0.0,0.037162162162162164,0.08496732026143791,0.03536977491961415,0.0,0.07232704402515723,0.029801324503311258,0.006578947368421052,0.0660377358490566,0.028938906752411574,0.0,0.08843537414965986,1.0,0.038461538461538464,0.0,0.01948051948051948,0.023026315789473683,0.03986710963455149,0.038461538461538464,0.021806853582554516,0.02711864406779661,0.052980132450331126,0.04113924050632911,0.0749185667752443,0.09,0.0,0.04516129032258064,0.025974025974025976,0.9498327759197325,0.6338983050847458,0.048859934853420196,0.16025641025641027,0.08,0.022364217252396165,0.08116883116883117,0.08360128617363344,0.08333333333333333,0.4144736842105263,0.6208053691275168,0.07961783439490445,0.09271523178807947,0.035256410256410256,0.735973597359736,0.06143344709897611,0.031746031746031744,0.0858085808580858,0.07096774193548387,0.07092198581560284,0.9297658862876255,0.6324503311258278,0.046822742474916385,0.08441558441558442,0.08469055374592833,0.032679738562091505,0.046052631578947366,0.039603960396039604,0.03333333333333333,0.8543046357615894,0.03571428571428571,0.33222591362126247,0.46308724832214765,0.0,0.03642384105960265,0.034482758620689655,0.08278145695364239,0.4565916398713826,0.03289473684210526,0.03355704697986577,0.07886435331230283,0.14150943396226415,0.036544850498338874,0.07643312101910828,0.03728813559322034,0.9320388349514563,0.5314465408805031,0.08306709265175719,0.023809523809523808,0.27070063694267515,0.9506578947368421,0.8366013071895425,0.04304635761589404,0.01694915254237288,0.08974358974358974,0.5324675324675324,0.026058631921824105,0.04375,0.11764705882352941,0.02027027027027027,0.09032258064516129,0.04067796610169491,0.08,0.03741496598639456,0.06930693069306931,0.0380952380952381,0.16346153846153846,0.03322259136212625,0.0196078431372549,0.9333333333333333,0.0761904761904762,0.0875,0.2435064935064935,0.08389261744966443,0.74,0.029315960912052116,0.9342105263157895,0.0,0.04113924050632911,0.08666666666666667,0.03666666666666667,0.09584664536741214,0.0380952380952381,0.0,0.08064516129032258,0.08917197452229299,0.0932475884244373,0.0297029702970297,0.07142857142857142,0.03715170278637771,0.0,0.28753993610223644,0.025974025974025976,0.6403785488958991,0.4318936877076412,0.17363344051446947,0.09446254071661238,0.08361204013377926,0.09294871794871795,0.025477707006369428,0.6869009584664537,0.0728476821192053,0.9525316455696202
D259122_Batch8,0.459546925566343,0.4880239520958084,0.03115264797507788,0.9447852760736196,0.47619047619047616,0.1574074074074074,0.009287925696594427,0.46273291925465837,0.7653958944281525,0.10714285714285714,0.008928571428571428,0.030959752321981424,0.45426829268292684,0.09146341463414634,0.1509433962264151,0.17647058823529413,0.006472491909385114,0.031055900621118012,0.3536977491961415,0.4728434504792332,0.5049180327868853,0.03715170278637771,0.03134796238244514,0.022364217252396165,0.01238390092879257,0.314540059347181,0.027950310559006212,0.5015673981191222,0.4582043343653251,0.5195195195195195,0.4525993883792049,0.48589341692789967,0.4713375796178344,0.5591054313099042,0.0058823529411764705,0.10163934426229508,0.5,0.4935897435897436,0.09480122324159021,0.08,0.5,0.015384615384615385,0.034161490683229816,0.009230769230769232,0.46105919003115264,0.0804953560371517,0.012903225806451613,0.40993788819875776,0.1377245508982036,0.4025157232704403,0.9452887537993921,0.030303030303030304,0.1305732484076433,0.16666666666666666,0.4810126582278481,0.29721362229102166,0.49221183800623053,0.20569620253164558,0.47530864197530864,0.16257668711656442,0.43870967741935485,0.4660493827160494,0.28434504792332266,0.4485981308411215,0.5650887573964497,0.2120253164556962,0.031545741324921134,0.46394984326018807,0.038461538461538464,1.0,0.4637223974763407,0.7006172839506173,0.24375,0.3028391167192429,0.30745341614906835,0.0626865671641791,0.3022508038585209,0.20125786163522014,0.0182370820668693,0.45625,0.49038461538461536,0.4652567975830816,0.3669724770642202,0.28391167192429023,0.006329113924050633,0.0761904761904762,0.15822784810126583,0.4133738601823708,0.5787781350482315,0.7537537537537538,0.49074074074074076,0.47560975609756095,0.4660493827160494,0.237012987012987,0.11526479750778816,0.48024316109422494,0.5365079365079365,0.7815384615384615,0.06896551724137931,0.4840764331210191,0.020527859237536656,0.484472049689441,0.48580441640378547,0.45394736842105265,0.003134796238244514,0.09968847352024922,0.1464968152866242,0.47384615384615386,0.4603174603174603,0.025236593059936908,0.021875,0.021604938271604937,0.34394904458598724,0.015527950310559006,0.265625,0.02830188679245283,0.22903225806451613,0.4485049833887043,0.15457413249211358,0.2904191616766467,0.48417721518987344,0.2555205047318612,0.27439024390243905,0.75,0.5379939209726444,0.15178571428571427,0.015723270440251572,0.4523076923076923,0.2129032258064516,0.0031545741324921135,0.16822429906542055,0.4575757575757576,0.8193146417445483,0.3708206686930091,0.003115264797507788,0.046153846153846156,0.13975155279503104,0.7694704049844237,0.4892966360856269,0.10191082802547771,0.14678899082568808,0.16216216216216217,0.4303030303030303,0.09779179810725552,0.48286604361370716,0.19032258064516128,0.4748427672955975,0.2929936305732484,0.46474358974358976,0.3023952095808383,0.18541033434650456,0.13924050632911392,0.819620253164557,0.0058997050147492625,0.4817073170731707,0.49230769230769234,0.35522388059701493,0.45874587458745875,0.044444444444444446,0.8037974683544303,0.0031545741324921135,0.028481012658227847,0.3734567901234568,0.45714285714285713,0.774294670846395,0.5,0.28615384615384615,0.03164556962025317,0.4723926380368098,0.48923076923076925,0.5103857566765578,0.7888198757763976,0.5634218289085545,0.02046783625730994,0.02932551319648094,0.03076923076923077,0.1620795107033639,0.09009009009009009,0.07886435331230283,0.20783132530120482,0.44375,0.4676923076923077,0.49226006191950467,0.2966360856269113,0.0990990990990991,0.08832807570977919,0.0030120481927710845
D259161_Batch8,0.0,0.0,0.003205128205128205,0.5015576323987538,0.0,0.0,0.0,0.0,0.4723926380368098,0.0,0.0,0.006211180124223602,0.0,0.0,0.0,0.0,0.0,0.07763975155279502,0.0,0.0,0.9865319865319865,0.0,0.0,0.0,0.0,0.0,0.0,0.028938906752411574,0.0,0.10443037974683544,0.0,0.0,0.0,0.03618421052631579,0.0,0.0,0.018808777429467086,1.0,0.0,0.006230529595015576,0.01834862385321101,0.0,0.0,0.0,0.0,0.0,0.0,0.0,0.0,0.0,0.5318471337579618,0.0,0.0,0.0,0.9804560260586319,0.0,1.0,0.0,0.0,0.0,0.9932885906040269,0.0,0.0,0.8825396825396825,0.03343465045592705,0.0,0.0,0.0,0.0,0.4637223974763407,1.0,0.797427652733119,0.0,0.003236245954692557,0.0,0.0,0.0,0.0,0.0,0.0,0.0,1.0,0.0,0.0,0.0,0.0,0.0,0.0,0.04472843450479233,0.7300613496932515,0.006369426751592357,0.0,0.0,0.37337662337662336,0.0,0.0,0.03164556962025317,0.6635220125786163,0.0,0.0,0.0,0.0,0.0,0.0,0.0,0.0,0.1864951768488746,0.0,0.0,0.0064516129032258064,0.0,0.003134796238244514,0.0,0.0,0.0,0.003115264797507788,0.0,1.0,0.0,0.0,0.0,0.006557377049180328,0.0,0.4336569579288026,0.03048780487804878,0.0,0.0,0.0,0.0,0.0,0.0,0.0,0.6050955414012739,0.0,0.0,0.0761904761904762,0.0,0.7056962025316456,0.0,0.0,0.0,0.0,0.0,0.0,0.0,0.0,0.0,0.0,0.0,0.0,0.0,0.0,0.5451612903225806,0.0,0.009230769230769232,0.022292993630573247,0.015479876160990712,0.0,0.0,0.6470588235294118,0.0,0.0,0.0220125786163522,0.0,0.6448598130841121,0.0,0.0,0.0,0.0,0.0,0.03323262839879154,0.6419354838709678,0.04229607250755287,0.0,0.0,0.0,0.0,0.0,0.0031446540880503146,0.0,0.0,0.0,0.01929260450160772,0.0,0.0030211480362537764,0.15755627009646303,0.0
D259162_Batch8,0.17834394904458598,0.17771084337349397,0.006329113924050633,0.7537993920972644,0.15822784810126583,0.039755351681957186,0.003048780487804878,0.17757009345794392,0.7240356083086054,0.03785488958990536,0.005934718100890208,0.01529051987767584,0.16158536585365854,0.036585365853658534,0.028938906752411574,0.05956112852664577,0.0032258064516129032,0.0764525993883792,0.1346153846153846,0.16615384615384615,0.8327868852459016,0.009345794392523364,0.0,0.0,0.0,0.12048192771084337,0.0,0.21069182389937108,0.153125,0.30864197530864196,0.16717325227963525,0.18322981366459629,0.17307692307692307,0.234375,0.002976190476190476,0.028938906752411574,0.19384615384615383,0.8135048231511254,0.036923076923076927,0.03058103975535168,0.1976401179941003,0.0,0.006191950464396285,0.0030120481927710845,0.17405063291139242,0.018633540372670808,0.006535947712418301,0.16717325227963525,0.039634146341463415,0.14285714285714285,0.7828746177370031,0.0,0.041666666666666664,0.04229607250755287,0.8488745980707395,0.07142857142857142,0.8383233532934131,0.05161290322580645,0.16927899686520376,0.034375,0.7896440129449838,0.16766467065868262,0.06535947712418301,0.7577639751552795,0.2245508982035928,0.05421686746987952,0.0,0.1723076923076923,0.01948051948051948,0.7006172839506173,0.797427652733119,1.0,0.06501547987616099,0.07301587301587302,0.07430340557275542,0.011940298507462687,0.0761904761904762,0.05660377358490566,0.0060790273556231,0.17337461300309598,0.178125,0.8226299694189603,0.10153846153846154,0.065625,0.003205128205128205,0.03215434083601286,0.04472843450479233,0.13975155279503104,0.2563291139240506,0.991044776119403,0.1875,0.17737003058103976,0.1761194029850746,0.3860759493670886,0.04153354632587859,0.17065868263473055,0.2268370607028754,0.9130434782608695,0.02531645569620253,0.1724137931034483,0.0,0.17701863354037267,0.17956656346749225,0.1644295302013423,0.0,0.0391566265060241,0.21495327102803738,0.18654434250764526,0.17027863777089783,0.00946372239747634,0.0,0.006230529595015576,0.084375,0.006191950464396285,0.07975460122699386,0.009375,0.07348242811501597,0.8026315789473685,0.037383177570093455,0.06845238095238096,0.17592592592592593,0.10625,0.06422018348623854,0.6151419558359621,0.21779141104294478,0.04154302670623145,0.0,0.15588235294117647,0.06031746031746032,0.003125,0.0547112462006079,0.1743119266055046,0.840625,0.14759036144578314,0.003105590062111801,0.07926829268292683,0.040123456790123455,0.9785932721712538,0.17117117117117117,0.03880597014925373,0.03903903903903904,0.038461538461538464,0.15384615384615385,0.028125,0.1609907120743034,0.040625,0.1829652996845426,0.0761904761904762,0.13782051282051283,0.07621951219512195,0.05454545454545454,0.02564102564102564,0.810126582278481,0.0028653295128939827,0.1641337386018237,0.19756838905775076,0.13897280966767372,0.15384615384615385,0.016233766233766232,0.9242902208201893,0.0,0.0,0.13293051359516617,0.15838509316770186,0.8868501529051988,0.1834862385321101,0.06748466257668712,0.0,0.16927899686520376,0.1661631419939577,0.2208955223880597,0.839622641509434,0.24096385542168675,0.0,0.0,0.009316770186335404,0.0375,0.03951367781155015,0.02735562310030395,0.06606606606606606,0.15987460815047022,0.1829652996845426,0.20679012345679013,0.06853582554517133,0.0391566265060241,0.17757009345794392,0.0030120481927710845
D259164_Batch8,0.4448051948051948,0.425531914893617,0.37987012987012986,0.2175226586102719,0.4462025316455696,0.8660436137071651,0.006153846153846154,0.438871473354232,0.21470588235294116,0.2838709677419355,0.003003003003003003,0.20186335403726707,0.41846153846153844,0.24148606811145512,0.8512658227848101,0.2654320987654321,0.0,0.4472049689440994,0.40129449838187703,0.4392523364485981,0.013377926421404682,0.38557993730407525,0.5555555555555556,0.4967532467532468,0.47096774193548385,0.35119047619047616,0.49216300940438873,0.43613707165109034,0.4253968253968254,0.40061162079510704,0.4205607476635514,0.45569620253164556,0.444794952681388,0.4437299035369775,0.0,0.237012987012987,0.3931888544891641,0.0,0.24924012158054712,0.09627329192546584,0.41515151515151516,0.4384858044164038,0.3709677419354839,0.046012269938650305,0.43729903536977494,0.64,0.003246753246753247,0.390625,0.8,0.415625,0.17956656346749225,0.536144578313253,0.3225806451612903,0.8454545454545455,0.00949367088607595,0.8193146417445483,0.0030864197530864196,0.89171974522293,0.44660194174757284,0.8440366972477065,0.006493506493506494,0.46296296296296297,0.8538205980066446,0.096875,0.44376899696048633,0.8944099378881988,0.6107594936708861,0.45016077170418006,0.023026315789473683,0.24375,0.0,0.06501547987616099,1.0,0.819935691318328,0.834375,0.6352583586626139,0.834920634920635,0.8449367088607594,0.4938650306748466,0.434375,0.3961661341853035,0.0,0.7227414330218068,0.8173374613003096,0.0,0.2347266881028939,0.8146964856230032,0.445859872611465,0.41455696202531644,0.08787878787878788,0.43573667711598746,0.45454545454545453,0.41515151515151516,0.09235668789808917,0.2625,0.43034055727554177,0.4353312302839117,0.1111111111111111,0.1461038961038961,0.44805194805194803,0.5135135135135135,0.4444444444444444,0.4236760124610592,0.4440677966101695,0.0,0.23006134969325154,0.3682539682539683,0.4231974921630094,0.43260188087774293,0.5389408099688473,0.5341614906832298,0.525,0.7414330218068536,0.06583072100313479,0.8411214953271028,0.3385093167701863,0.24429967426710097,0.003367003367003367,0.7987220447284346,0.8283132530120482,0.44660194174757284,0.27531645569620256,0.8390092879256966,0.35962145110410093,0.450920245398773,0.7129909365558912,0.4875,0.4427710843373494,0.8823529411764706,0.0,0.18654434250764526,0.43167701863354035,0.14826498422712933,0.3825301204819277,0.003134796238244514,0.015772870662460567,0.7746031746031746,0.09597523219814241,0.43558282208588955,0.330188679245283,0.8385093167701864,0.7970588235294118,0.4430379746835443,0.6772151898734177,0.43492063492063493,0.8469055374592834,0.44654088050314467,0.826797385620915,0.453125,0.8287461773700305,0.684375,0.853125,0.165625,0.0,0.43202416918429004,0.4246153846153846,0.3939393939393939,0.4542483660130719,0.1414790996784566,0.13099041533546327,0.006389776357827476,0.5506329113924051,0.9040247678018576,0.44904458598726116,0.1337386018237082,0.43283582089552236,0.8215384615384616,0.5619047619047619,0.416403785488959,0.4484848484848485,0.4072948328267477,0.16613418530351437,0.4298507462686567,0.5029411764705882,0.524390243902439,0.38198757763975155,0.8369230769230769,0.2391304347826087,0.3987538940809969,0.6728395061728395,0.44339622641509435,0.43613707165109034,0.3956386292834891,0.8184615384615385,0.20795107033639143,0.36129032258064514,0.002967359050445104
D25943_Batch8,0.6314102564102564,0.6234177215189873,0.2459016393442623,0.26582278481012656,0.6290322580645161,0.7151898734177216,0.003134796238244514,0.6325878594249201,0.2852760736196319,0.2781456953642384,0.0030864197530864196,0.14106583072100312,0.6081504702194357,0.2484076433121019,0.6918032786885245,0.3076923076923077,0.0,0.3037974683544304,0.5454545454545454,0.6181229773462783,0.016556291390728478,0.2507936507936508,0.3512658227848101,0.2847682119205298,0.2870662460567823,0.48466257668711654,0.29245283018867924,0.60062893081761,0.6237942122186495,0.5335463258785943,0.6163522012578616,0.62,0.6305732484076433,0.6146179401993356,0.0,0.24,0.5740740740740741,0.003278688524590164,0.240625,0.14511041009463724,0.5907692307692308,0.275,0.24752475247524752,0.025078369905956112,0.6274509803921569,0.47096774193548385,0.006734006734006734,0.5434782608695652,0.6415094339622641,0.5961538461538461,0.2398753894080997,0.3619047619047619,0.32247557003257327,0.691358024691358,0.010033444816053512,1.0,0.0031746031746031746,0.8013245033112583,0.632258064516129,0.6978193146417445,0.006711409395973154,0.6666666666666666,0.9935275080906149,0.10828025477707007,0.63125,0.664576802507837,0.43322475570032576,0.6442307692307693,0.03986710963455149,0.3028391167192429,0.003236245954692557,0.07301587301587302,0.819935691318328,1.0,0.9905956112852664,0.4444444444444444,1.0,0.7380191693290735,0.2981366459627329,0.6276923076923077,0.5901639344262295,0.003105590062111801,0.9254658385093167,0.9808917197452229,0.0,0.21639344262295082,0.6870967741935484,0.639871382636656,0.6026058631921825,0.10397553516819572,0.6185897435897436,0.6466876971608833,0.6273291925465838,0.07142857142857142,0.2671009771986971,0.621875,0.5980707395498392,0.13225806451612904,0.17891373801916932,0.635483870967742,0.3130699088145897,0.6463022508038585,0.6026058631921825,0.6440677966101694,0.0,0.2563291139240506,0.2564935064935065,0.6080246913580247,0.6209150326797386,0.3259493670886076,0.33121019108280253,0.325,0.930921052631579,0.02622950819672131,0.9780564263322884,0.22429906542056074,0.3388704318936877,0.0034482758620689655,0.6527331189710611,0.9908814589665653,0.6171617161716172,0.3474025974025974,0.9873015873015873,0.3605015673981191,0.6366459627329193,0.5885885885885885,0.30128205128205127,0.634375,0.7647058823529411,0.0,0.2770700636942675,0.6242236024844721,0.1864951768488746,0.5351681957186545,0.003246753246753247,0.012658227848101266,0.6352201257861635,0.109375,0.6222910216718266,0.3089171974522293,0.6888888888888889,0.6479750778816199,0.6151419558359621,0.5078369905956113,0.6360759493670886,0.7161716171617162,0.6360759493670886,0.9902597402597403,0.6372549019607843,0.9817629179331308,0.6146496815286624,0.7081967213114754,0.2222222222222222,0.0,0.6388888888888888,0.6044303797468354,0.5382165605095541,0.6480263157894737,0.16065573770491803,0.1485148514851485,0.003246753246753247,0.3509933774834437,0.8452012383900929,0.6414473684210527,0.16199376947040497,0.6184615384615385,0.990625,0.36807817589576547,0.6025641025641025,0.6388888888888888,0.5871559633027523,0.19169329073482427,0.6080246913580247,0.3074626865671642,0.33641975308641975,0.22468354430379747,0.697452229299363,0.23974763406940064,0.31210191082802546,0.6125,0.6401273885350318,0.6237942122186495,0.5852090032154341,1.0,0.22324159021406728,0.2508250825082508,0.0030959752321981426
D25952_Batch8,0.6130030959752322,0.6011904761904762,0.2693498452012384,0.27575757575757576,0.6092307692307692,0.7438271604938271,0.00303951367781155,0.5950920245398773,0.26409495548961426,0.29430379746835444,0.0029940119760479044,0.1574074074074074,0.5895061728395061,0.2608695652173913,0.7142857142857143,0.2996941896024465,0.0,0.3394495412844037,0.5448717948717948,0.5962145110410094,0.006493506493506494,0.2727272727272727,0.38461538461538464,0.3193548387096774,0.3217665615141956,0.4749262536873156,0.3231707317073171,0.5830721003134797,0.5974842767295597,0.5137614678899083,0.5932721712538226,0.5867507886435331,0.6137071651090342,0.5987261146496815,0.0,0.2467948717948718,0.5545171339563862,0.0,0.25766871165644173,0.13414634146341464,0.5781710914454278,0.30246913580246915,0.2641509433962264,0.03003003003003003,0.6112852664576802,0.5062893081761006,0.006389776357827476,0.5405405405405406,0.677710843373494,0.5893416927899686,0.24850299401197604,0.3696969696969697,0.3425925925925926,0.7215568862275449,0.00946372239747634,0.9910179640718563,0.0,0.8459119496855346,0.5896656534954408,0.7169230769230769,0.003194888178913738,0.6422018348623854,1.0,0.08814589665653495,0.6096096096096096,0.7,0.4691358024691358,0.6269592476489029,0.038461538461538464,0.30745341614906835,0.0,0.07430340557275542,0.834375,0.9905956112852664,1.0,0.48672566371681414,0.9968253968253968,0.7668711656441718,0.3373493975903614,0.593167701863354,0.5615141955835962,0.0,0.9054878048780488,0.9813084112149533,0.0,0.23270440251572327,0.7133757961783439,0.6,0.5817610062893082,0.0990990990990991,0.584375,0.6146788990825688,0.5896656534954408,0.08668730650154799,0.27129337539432175,0.5891238670694864,0.5709876543209876,0.1303030303030303,0.1746031746031746,0.615625,0.3498542274052478,0.6050156739811913,0.5679012345679012,0.6225165562913907,0.0,0.2507836990595611,0.27899686520376177,0.5861027190332326,0.5956112852664577,0.3507692307692308,0.3627760252365931,0.3558282208588957,0.9276729559748428,0.034055727554179564,0.9908814589665653,0.24382716049382716,0.32903225806451614,0.0,0.6894409937888198,0.9970414201183432,0.6050156739811913,0.34810126582278483,1.0,0.3723076923076923,0.6215384615384615,0.5993975903614458,0.33647798742138363,0.6090909090909091,0.8152866242038217,0.0,0.26605504587155965,0.5907692307692308,0.1806853582554517,0.5226586102719033,0.003125,0.006230529595015576,0.6593059936908517,0.11042944785276074,0.6085626911314985,0.31076923076923074,0.7169230769230769,0.6796407185628742,0.5957446808510638,0.5362776025236593,0.6134969325153374,0.7402597402597403,0.6273291925465838,0.9967637540453075,0.6182965299684543,0.9939393939393939,0.6227544910179641,0.7375,0.2006269592476489,0.0,0.6116207951070336,0.5950155763239875,0.5370370370370371,0.6193548387096774,0.15960912052117263,0.13782051282051283,0.003125,0.3805031446540881,0.8674698795180723,0.6265822784810127,0.140625,0.5933734939759037,1.0,0.3887147335423197,0.5840978593272171,0.6310975609756098,0.5591715976331361,0.19375,0.5940298507462687,0.34023668639053256,0.36036036036036034,0.2623456790123457,0.7250755287009063,0.24269005847953215,0.33126934984520123,0.6261127596439169,0.628482972136223,0.6137071651090342,0.573170731707317,0.9938837920489296,0.2261904761904762,0.28343949044585987,0.0030120481927710845
D25953_Batch8,0.06707317073170732,0.08259587020648967,0.6296296296296297,0.06069364161849711,0.07507507507507508,0.743202416918429,0.020958083832335328,0.08408408408408409,0.03142857142857143,0.17737003058103976,0.017191977077363897,0.2991202346041056,0.07352941176470588,0.142433234421365,0.7469879518072289,0.0625,0.012232415902140673,0.757396449704142,0.08668730650154799,0.0701219512195122,0.006289308176100629,0.5770392749244713,0.8623853211009175,0.8548895899053628,0.8511904761904762,0.10601719197707736,0.8975903614457831,0.08982035928143713,0.07668711656441718,0.07058823529411765,0.0748502994011976,0.07142857142857142,0.08157099697885196,0.08868501529051988,0.011461318051575931,0.14873417721518986,0.0718562874251497,0.0030959752321981426,0.15976331360946747,0.017964071856287425,0.08595988538681948,0.7638483965014577,0.5878787878787879,0.07017543859649122,0.08536585365853659,0.8708708708708709,0.015527950310559006,0.05637982195845697,0.7817109144542773,0.10179640718562874,0.038461538461538464,0.8895348837209303,0.21100917431192662,0.7463976945244957,0.006230529595015576,0.47604790419161674,0.0,0.6396396396396397,0.07317073170731707,0.7470238095238095,0.0,0.1348973607038123,0.4840764331210191,0.023952095808383235,0.09064327485380116,0.7867867867867868,0.8820058997050148,0.10240963855421686,0.021806853582554516,0.0626865671641791,0.0,0.011940298507462687,0.6352583586626139,0.4444444444444444,0.48672566371681414,1.0,0.48307692307692307,0.7074626865671642,0.8691860465116279,0.07669616519174041,0.08206686930091185,0.0,0.4,0.4457831325301205,0.014970059880239521,0.1798780487804878,0.7283950617283951,0.10778443113772455,0.08588957055214724,0.00872093023255814,0.08108108108108109,0.07941176470588235,0.06804733727810651,0.14329268292682926,0.1377245508982036,0.07871720116618076,0.07951070336391437,0.015197568389057751,0.02735562310030395,0.07692307692307693,0.8653295128939829,0.08181818181818182,0.057057057057057055,0.08253968253968254,0.006042296072507553,0.12650602409638553,0.6737160120845922,0.05917159763313609,0.0790273556231003,0.8445121951219512,0.8303030303030303,0.8377581120943953,0.3871951219512195,0.08157099697885196,0.4924924924924925,0.5479041916167665,0.03115264797507788,0.003205128205128205,0.7424242424242424,0.46839080459770116,0.0851063829787234,0.021671826625386997,0.502906976744186,0.23283582089552238,0.1023391812865497,0.5759312320916905,0.8753799392097265,0.07964601769911504,0.6748466257668712,0.009009009009009009,0.023809523809523808,0.06528189910979229,0.017857142857142856,0.06705539358600583,0.009009009009009009,0.05309734513274336,0.7237237237237237,0.011976047904191617,0.0847953216374269,0.2289156626506024,0.7544378698224852,0.7285714285714285,0.09523809523809523,0.7993920972644377,0.08108108108108109,0.653125,0.08083832335329341,0.48773006134969327,0.08307692307692308,0.49415204678362573,0.46647230320699706,0.7347560975609756,0.021212121212121213,0.008310249307479225,0.07692307692307693,0.08902077151335312,0.09329446064139942,0.08695652173913043,0.05454545454545454,0.018518518518518517,0.018072289156626505,0.8996960486322189,0.4820359281437126,0.09309309309309309,0.011730205278592375,0.07848837209302326,0.47928994082840237,0.8987730061349694,0.06990881458966565,0.09144542772861357,0.06876790830945559,0.0764525993883792,0.09195402298850575,0.8693181818181818,0.896551724137931,0.6041666666666666,0.7432835820895523,0.15561959654178675,0.5180722891566265,0.47564469914040114,0.07575757575757576,0.08734939759036145,0.07058823529411765,0.47305389221556887,0.06628242074927954,0.6790123456790124,0.017341040462427744
D25992_Batch8,0.6078431372549019,0.6006191950464397,0.24838709677419354,0.265625,0.5955414012738853,0.7428571428571429,0.003246753246753247,0.5903225806451613,0.2682926829268293,0.25333333333333335,0.0030959752321981426,0.15335463258785942,0.5806451612903226,0.2310126582278481,0.7193548387096774,0.2797427652733119,0.0,0.321656050955414,0.5529801324503312,0.5980707395498392,0.013422818791946308,0.26666666666666666,0.38562091503267976,0.3201320132013201,0.3059210526315789,0.48606811145510836,0.31629392971246006,0.5833333333333334,0.5882352941176471,0.5031847133757962,0.5910543130990416,0.5915032679738562,0.6078431372549019,0.5816993464052288,0.0,0.20202020202020202,0.5591054313099042,0.0,0.23270440251572327,0.11006289308176101,0.5661538461538461,0.3081761006289308,0.26058631921824105,0.02857142857142857,0.6118421052631579,0.501628664495114,0.003424657534246575,0.5145631067961165,0.6792452830188679,0.5822368421052632,0.2229299363057325,0.38699690402476783,0.32786885245901637,0.7191358024691358,0.006734006734006734,1.0,0.0,0.8409090909090909,0.6019417475728155,0.722397476340694,0.003257328990228013,0.637223974763407,1.0,0.07467532467532467,0.5924764890282131,0.7,0.45806451612903226,0.6038338658146964,0.02711864406779661,0.3022508038585209,0.0,0.0761904761904762,0.834920634920635,1.0,0.9968253968253968,0.48307692307692307,1.0,0.7697368421052632,0.330188679245283,0.5886075949367089,0.5606557377049181,0.0,0.9150943396226415,0.9902597402597403,0.0,0.20065789473684212,0.7166123778501629,0.6139240506329114,0.5732899022801303,0.10759493670886076,0.5827814569536424,0.6193548387096774,0.5993690851735016,0.08064516129032258,0.24919093851132687,0.5825242718446602,0.564935064935065,0.12861736334405144,0.16447368421052633,0.6241830065359477,0.34036144578313254,0.6025641025641025,0.5814696485623003,0.615916955017301,0.0,0.225,0.2721311475409836,0.5764331210191083,0.592948717948718,0.3504823151125402,0.34951456310679613,0.34824281150159747,0.9207920792079208,0.032362459546925564,0.9936507936507937,0.2305194805194805,0.32051282051282054,0.0,0.6784565916398714,0.9968944099378882,0.5888157894736842,0.3300653594771242,0.996742671009772,0.34415584415584416,0.6194968553459119,0.6030769230769231,0.3419354838709677,0.6050955414012739,0.8106312292358804,0.0,0.24838709677419354,0.5930599369085173,0.17721518987341772,0.48909657320872274,0.003289473684210526,0.009584664536741214,0.6644951140065146,0.11038961038961038,0.5963302752293578,0.2990353697749196,0.7147335423197492,0.6708860759493671,0.5947712418300654,0.5469255663430421,0.60625,0.7516339869281046,0.6096774193548387,1.0,0.6237623762376238,0.9937106918238994,0.6352201257861635,0.7363344051446945,0.2012987012987013,0.0,0.60062893081761,0.5897435897435898,0.5189873417721519,0.62,0.1291390728476821,0.14743589743589744,0.006578947368421052,0.38782051282051283,0.8476190476190476,0.6314102564102564,0.15170278637770898,0.5817610062893082,0.9968454258675079,0.39344262295081966,0.5769230769230769,0.616822429906542,0.5460122699386503,0.18,0.5740740740740741,0.33636363636363636,0.36792452830188677,0.25559105431309903,0.7229299363057324,0.2123076923076923,0.3173076923076923,0.6346749226006192,0.6233333333333333,0.6025641025641025,0.5548387096774193,1.0,0.18711656441717792,0.2754098360655738,0.0030864197530864196
D25993_Batch8,0.3717948717948718,0.3498452012383901,0.4728434504792332,0.18769230769230769,0.36075949367088606,0.9245283018867925,0.01875,0.35331230283911674,0.15384615384615385,0.29411764705882354,0.015060240963855422,0.25,0.346875,0.2310126582278481,0.9363057324840764,0.20253164556962025,0.012903225806451613,0.43573667711598746,0.35064935064935066,0.3503184713375796,0.006756756756756757,0.47648902821316613,0.6282051282051282,0.569078947368421,0.5428571428571428,0.3213213213213213,0.5758513931888545,0.3627760252365931,0.3438485804416404,0.3177570093457944,0.3613707165109034,0.3717948717948718,0.3514376996805112,0.34615384615384615,0.009202453987730062,0.23529411764705882,0.33641975308641975,0.0,0.2453416149068323,0.05846153846153846,0.3493975903614458,0.5213414634146342,0.4642857142857143,0.06832298136645963,0.36012861736334406,0.7381703470031545,0.01644736842105263,0.30094043887147337,0.9138461538461539,0.38095238095238093,0.15902140672782875,0.6230529595015576,0.31446540880503143,0.9415384615384615,0.0032258064516129032,0.7546583850931677,0.0,0.9208860759493671,0.3682539682539683,0.9498432601880877,0.0033222591362126247,0.3944954128440367,0.762987012987013,0.05714285714285714,0.3532934131736527,0.8871473354231975,0.6930379746835443,0.4,0.052980132450331126,0.20125786163522014,0.0,0.05660377358490566,0.8449367088607594,0.7380191693290735,0.7668711656441718,0.7074626865671642,0.7697368421052632,1.0,0.5683229813664596,0.34890965732087226,0.31921824104234525,0.0,0.6677115987460815,0.740506329113924,0.00967741935483871,0.25477707006369427,0.9260450160771704,0.3944099378881988,0.3536977491961415,0.06769230769230769,0.36419753086419754,0.3730407523510972,0.345679012345679,0.09433962264150944,0.24758842443729903,0.3394495412844037,0.3442622950819672,0.09841269841269841,0.0732484076433121,0.35064935064935066,0.5769230769230769,0.36163522012578614,0.3387096774193548,0.3422818791946309,0.00964630225080386,0.2260061919504644,0.40189873417721517,0.3375,0.3514376996805112,0.6069182389937107,0.5648148148148148,0.5882352941176471,0.6806451612903226,0.07936507936507936,0.778816199376947,0.4440894568690096,0.16286644951140064,0.0,0.9252336448598131,0.7492260061919505,0.3514376996805112,0.20195439739413681,0.768025078369906,0.3258064516129032,0.3723076923076923,0.7552870090634441,0.5583596214511041,0.345679012345679,0.9299363057324841,0.01282051282051282,0.1419753086419753,0.3556231003039514,0.11006289308176101,0.3048780487804878,0.015625,0.03459119496855346,0.8950617283950617,0.0778816199376947,0.3575757575757576,0.3291139240506329,0.9535603715170279,0.9076923076923077,0.38080495356037153,0.7678018575851393,0.35403726708074534,0.8932038834951457,0.36908517350157727,0.7633333333333333,0.37662337662337664,0.7739938080495357,0.7391304347826086,0.9206349206349206,0.11464968152866242,0.011940298507462687,0.3606060606060606,0.36477987421383645,0.3625,0.3557692307692308,0.0935483870967742,0.10289389067524116,0.018867924528301886,0.6273885350318471,0.7151702786377709,0.3762057877813505,0.096875,0.35276073619631904,0.7461300309597523,0.6378205128205128,0.3375,0.3611111111111111,0.31736526946107785,0.1607717041800643,0.35347432024169184,0.572289156626506,0.6012269938650306,0.46835443037974683,0.9400630914826499,0.24074074074074073,0.4935897435897436,0.7507692307692307,0.3542319749216301,0.35782747603833864,0.32075471698113206,0.7476635514018691,0.15757575757575756,0.38064516129032255,0.018518518518518517
D25995_Batch8,0.0,0.0,0.7476923076923077,0.02710843373493976,0.0,0.5993975903614458,0.06461538461538462,0.0,0.0,0.1550632911392405,0.05278592375366569,0.3644578313253012,0.0,0.13513513513513514,0.6300940438871473,0.051829268292682924,0.034375,0.8996960486322189,0.015432098765432098,0.0,0.003215434083601286,0.691131498470948,0.9483282674772037,0.984375,0.9907692307692307,0.04129793510324484,0.9602446483180428,0.003105590062111801,0.0,0.0,0.0,0.003067484662576687,0.0,0.006309148264984227,0.05934718100890208,0.15141955835962145,0.005970149253731343,0.0031847133757961785,0.15337423312883436,0.04142011834319527,0.002967359050445104,0.8795180722891566,0.696319018404908,0.11641791044776119,0.0,0.8151515151515152,0.04777070063694268,0.005988023952095809,0.6786786786786787,0.018461538461538463,0.008955223880597015,0.9176829268292683,0.17337461300309598,0.6275659824046921,0.003134796238244514,0.3161094224924012,0.0,0.5105740181268882,0.0,0.6072507552870091,0.0,0.03273809523809524,0.31596091205211724,0.01818181818181818,0.011661807580174927,0.6726726726726727,0.9209726443768997,0.009345794392523364,0.04113924050632911,0.0182370820668693,0.0,0.0060790273556231,0.4938650306748466,0.2981366459627329,0.3373493975903614,0.8691860465116279,0.330188679245283,0.5683229813664596,1.0,0.0,0.0,0.0,0.22424242424242424,0.2966360856269113,0.046583850931677016,0.18461538461538463,0.5893416927899686,0.027607361963190184,0.012345679012345678,0.005865102639296188,0.0,0.0,0.0,0.2,0.1289308176100629,0.0,0.003134796238244514,0.0030581039755351682,0.04294478527607362,0.0,0.9912790697674418,0.0,0.0,0.0,0.034482758620689655,0.12275449101796407,0.7561728395061729,0.0,0.0,0.9575757575757575,0.9724770642201835,0.9545454545454546,0.22429906542056074,0.11926605504587157,0.34662576687116564,0.6616314199395771,0.021806853582554516,0.003257328990228013,0.6349693251533742,0.3352941176470588,0.003105590062111801,0.022151898734177215,0.36036036036036034,0.2073170731707317,0.006097560975609756,0.5116959064327485,0.9877675840978594,0.0,0.5341614906832298,0.04878048780487805,0.01812688821752266,0.0,0.0,0.008670520231213872,0.03939393939393939,0.09939759036144578,0.6452599388379205,0.0060790273556231,0.0,0.20364741641337386,0.6312684365781711,0.6147058823529412,0.021538461538461538,0.8012232415902141,0.003003003003003003,0.53125,0.0,0.3291139240506329,0.0,0.3353115727002967,0.38738738738738737,0.5927051671732523,0.003067484662576687,0.040229885057471264,0.003003003003003003,0.0029850746268656717,0.032640949554896145,0.0,0.07255520504731862,0.006329113924050633,0.04643962848297214,0.9245283018867925,0.34421364985163205,0.009174311926605505,0.0,0.0,0.31952662721893493,0.927710843373494,0.0,0.011976047904191617,0.0029585798816568047,0.07339449541284404,0.008928571428571428,0.9911764705882353,0.9174041297935103,0.7384615384615385,0.6200607902735562,0.14411764705882352,0.46546546546546547,0.4066265060240964,0.0,0.0,0.003067484662576687,0.33433734939759036,0.06432748538011696,0.7931034482758621,0.05405405405405406
J10104_Batch3,1.0,1.0,0.03503184713375796,0.4072948328267477,1.0,0.3069620253164557,0.021538461538461538,1.0,0.4823529411764706,0.3300970873786408,0.029498525073746312,0.015337423312883436,1.0,0.3128834355828221,0.2852664576802508,0.45962732919254656,0.022508038585209004,0.0,0.8490566037735849,0.99375,0.012944983818770227,0.04375,0.034161490683229816,0.006578947368421052,0.0,0.7248520710059172,0.0,0.9538461538461539,1.0,0.8810975609756098,0.9969230769230769,0.9937888198757764,1.0,0.9365079365079365,0.023952095808383235,0.2990353697749196,0.9559748427672956,0.0,0.29721362229102166,0.2276923076923077,0.972972972972973,0.0,0.040372670807453416,0.02127659574468085,1.0,0.10185185185185185,0.03858520900321544,0.9088145896656535,0.24012158054711247,0.878125,0.3860182370820669,0.0,0.37142857142857144,0.2844311377245509,0.012779552715654952,0.608433734939759,0.0,0.3961661341853035,1.0,0.29878048780487804,0.00641025641025641,0.9483282674772037,0.6019417475728155,0.08950617283950617,0.9191616766467066,0.254601226993865,0.0,0.98125,0.0749185667752443,0.45625,0.0,0.17337461300309598,0.434375,0.6276923076923077,0.593167701863354,0.07669616519174041,0.5886075949367089,0.34890965732087226,0.0,1.0,1.0,0.0,0.7012195121951219,0.625,0.022292993630573247,0.26959247648902823,0.3280757097791798,0.9012345679012346,0.9196141479099679,0.22822822822822822,1.0,1.0,1.0,0.025157232704402517,0.3333333333333333,1.0,0.9647435897435898,0.2772585669781931,0.2507936507936508,1.0,0.0029239766081871343,1.0,1.0,0.9966777408637874,0.022151898734177215,0.3241590214067278,0.01592356687898089,1.0,1.0,0.0189873417721519,0.021538461538461538,0.02476780185758514,0.7111801242236024,0.04501607717041801,0.5902140672782875,0.048484848484848485,0.5654952076677316,0.0,0.26959247648902823,0.6012084592145015,0.9811912225705329,0.5700636942675159,0.5692307692307692,0.3115264797507788,0.9483282674772037,0.31268436578171094,0.0,0.981651376146789,0.3782051282051282,0.0220125786163522,0.4813664596273292,1.0,0.36503067484662577,0.8338368580060423,0.028037383177570093,0.009202453987730062,0.28164556962025317,0.25153374233128833,1.0,0.3103448275862069,0.26851851851851855,0.2909090909090909,0.9310344827586207,0.11875,0.9845679012345679,0.3706070287539936,1.0,0.5967741935483871,0.9968454258675079,0.5903614457831325,0.41411042944785276,0.29936305732484075,0.4119496855345912,0.020114942528735632,0.9847094801223242,0.9629629629629629,0.8121212121212121,1.0,0.21835443037974683,0.29012345679012347,0.02903225806451613,0.0,0.5784615384615385,0.9681528662420382,0.30340557275541796,1.0,0.5876923076923077,0.0,1.0,0.9789156626506024,0.9501466275659824,0.24444444444444444,0.9341317365269461,0.0,0.0,0.033950617283950615,0.2932098765432099,0.2865671641791045,0.17445482866043613,0.3940298507462687,1.0,0.9969325153374233,0.9654088050314465,0.601823708206687,0.31952662721893493,0.009375,0.023880597014925373
J10114_Batch3,1.0,1.0,0.025477707006369428,0.42857142857142855,1.0,0.2961783439490446,0.025559105431309903,1.0,0.48307692307692307,0.33003300330033003,0.03343465045592705,0.018518518518518517,1.0,0.3069620253164557,0.2572347266881029,0.434375,0.02922077922077922,0.0,0.8377483443708609,0.9966996699669967,0.013559322033898305,0.035256410256410256,0.022435897435897436,0.010101010101010102,0.0,0.7102803738317757,0.0,0.9612903225806452,1.0,0.878125,0.9968051118210862,0.9935275080906149,1.0,0.9273927392739274,0.027607361963190184,0.3042071197411003,0.9503105590062112,0.0,0.2974683544303797,0.26461538461538464,0.963076923076923,0.0,0.032362459546925564,0.022151898734177215,1.0,0.0981012658227848,0.05405405405405406,0.8930817610062893,0.2336448598130841,0.8810289389067524,0.4166666666666667,0.0,0.38387096774193546,0.2724458204334365,0.016339869281045753,0.5705128205128205,0.0,0.38064516129032255,1.0,0.2765273311897106,0.006779661016949152,0.9526813880126183,0.56,0.08360128617363344,0.9197530864197531,0.2484076433121019,0.0,0.9868852459016394,0.09,0.49038461538461536,0.0,0.178125,0.3961661341853035,0.5901639344262295,0.5615141955835962,0.08206686930091185,0.5606557377049181,0.31921824104234525,0.0,1.0,1.0,0.0,0.6927899686520376,0.5816993464052288,0.02572347266881029,0.250814332247557,0.3157894736842105,0.89937106918239,0.9215686274509803,0.22611464968152867,0.9936305732484076,1.0,1.0,0.02857142857142857,0.3223684210526316,1.0,0.9585987261146497,0.3042071197411003,0.26537216828478966,1.0,0.0030581039755351682,1.0,1.0,1.0,0.026143790849673203,0.32142857142857145,0.012861736334405145,0.9968253968253968,1.0,0.015822784810126583,0.01607717041800643,0.022508038585209004,0.6699346405228758,0.045454545454545456,0.5506329113924051,0.028938906752411574,0.5631067961165048,0.0,0.24262295081967214,0.5648148148148148,0.9771241830065359,0.5737179487179487,0.5357142857142857,0.33974358974358976,0.9439252336448598,0.2826747720364742,0.0,0.9809523809523809,0.36977491961414793,0.029315960912052116,0.4748427672955975,1.0,0.3769968051118211,0.822429906542056,0.035256410256410256,0.006329113924050633,0.2532051282051282,0.2586750788643533,1.0,0.31528662420382164,0.2634920634920635,0.2682926829268293,0.9361022364217252,0.10679611650485436,0.9840764331210191,0.3475409836065574,1.0,0.5775577557755776,0.996742671009772,0.5488958990536278,0.39263803680981596,0.2783171521035599,0.4222222222222222,0.02373887240356083,0.9811912225705329,0.9526813880126183,0.7974683544303798,1.0,0.2376237623762376,0.321656050955414,0.03205128205128205,0.0,0.5506329113924051,0.9565217391304348,0.3301282051282051,1.0,0.554858934169279,0.0,1.0,0.9750778816199377,0.9535603715170279,0.2679738562091503,0.9195046439628483,0.0,0.0,0.02830188679245283,0.26498422712933756,0.28134556574923547,0.15654952076677317,0.3710691823899371,1.0,0.9968152866242038,0.954983922829582,0.5682539682539682,0.32087227414330216,0.009966777408637873,0.031055900621118012
J10141_Batch3,0.0,0.0,0.0030959752321981426,0.516320474777448,0.0,0.0,0.0,0.0,0.4985507246376812,0.0,0.0,0.006006006006006006,0.0,0.0,0.0,0.0,0.0,0.07926829268292683,0.0,0.0,0.9869706840390879,0.0,0.0,0.0,0.0,0.0,0.0,0.03058103975535168,0.0,0.10030395136778116,0.0,0.0,0.0,0.03773584905660377,0.0,0.0,0.018018018018018018,1.0,0.0,0.006006006006006006,0.017543859649122806,0.0,0.0,0.0,0.0,0.0,0.0,0.0,0.0,0.0,0.5535714285714286,0.0,0.0,0.0,0.9815384615384616,0.0,1.0,0.0,0.0,0.0,1.0,0.0,0.0,0.8885542168674698,0.04105571847507331,0.0,0.0,0.0,0.0,0.4652567975830816,1.0,0.8226299694189603,0.0,0.003105590062111801,0.0,0.0,0.0,0.0,0.0,0.0,0.0,1.0,0.0,0.0,0.0,0.0,0.0,0.0,0.057750759878419454,0.7662721893491125,0.0061162079510703364,0.0,0.0,0.37116564417177916,0.0,0.0,0.033846153846153845,0.6829268292682927,0.0,0.0,0.0,0.0,0.0,0.0,0.0,0.0,0.2175226586102719,0.0,0.0,0.006153846153846154,0.0,0.003048780487804878,0.0,0.0,0.0,0.0030211480362537764,0.0,1.0,0.0,0.0,0.0,0.006153846153846154,0.0,0.4451219512195122,0.02967359050445104,0.0,0.0,0.0,0.0,0.0,0.0,0.0,0.6099071207430341,0.0,0.0,0.0790273556231003,0.0,0.7469879518072289,0.0,0.0,0.0,0.0,0.0,0.0,0.0,0.0,0.0,0.0,0.0,0.0,0.0,0.0,0.5858895705521472,0.0,0.008928571428571428,0.024242424242424242,0.015015015015015015,0.0,0.0,0.6708074534161491,0.0,0.0,0.020958083832335328,0.0,0.6747720364741642,0.0,0.0,0.0,0.0,0.0,0.03225806451612903,0.6584615384615384,0.04411764705882353,0.0,0.0,0.0,0.0,0.0,0.003067484662576687,0.0,0.0,0.0,0.021148036253776436,0.0,0.0029585798816568047,0.175,0.0
J10145_Batch3,0.720125786163522,0.7232142857142857,0.18867924528301888,0.34545454545454546,0.7261538461538461,0.631578947368421,0.009230769230769232,0.7115987460815048,0.33527696793002915,0.29595015576323985,0.008875739644970414,0.11940298507462686,0.6972477064220184,0.25925925925925924,0.5968253968253968,0.3201219512195122,0.006349206349206349,0.21515151515151515,0.6346153846153846,0.7183544303797469,0.00949367088607595,0.19817073170731708,0.2701863354037267,0.21153846153846154,0.19938650306748465,0.5508982035928144,0.21712538226299694,0.6842105263157895,0.7076923076923077,0.6146788990825688,0.7003058103975535,0.7101910828025477,0.7084639498432602,0.7047619047619048,0.003003003003003003,0.23870967741935484,0.6687306501547987,0.0,0.2560240963855422,0.1467065868263473,0.6686390532544378,0.208955223880597,0.20440251572327045,0.030120481927710843,0.7142857142857143,0.3933933933933934,0.01282051282051282,0.6283987915407855,0.5653495440729484,0.6746987951807228,0.30538922155688625,0.2891566265060241,0.33865814696485624,0.6041666666666666,0.009523809523809525,0.9148936170212766,0.0,0.7227414330218068,0.7308868501529052,0.6204819277108434,0.0031545741324921135,0.7708333333333334,0.9064516129032258,0.0804953560371517,0.6988304093567251,0.5727554179566563,0.3343558282208589,0.7253086419753086,0.04516129032258064,0.3669724770642202,0.0,0.10153846153846154,0.7227414330218068,0.9254658385093167,0.9054878048780488,0.4,0.9150943396226415,0.6677115987460815,0.22424242424242424,0.7012195121951219,0.6927899686520376,0.0,1.0,0.9351851851851852,0.003105590062111801,0.21739130434782608,0.6180124223602484,0.7129629629629629,0.6888888888888889,0.14285714285714285,0.7098765432098766,0.7203647416413373,0.7129909365558912,0.05625,0.2879746835443038,0.7074626865671642,0.6822429906542056,0.18960244648318042,0.17901234567901234,0.7436708860759493,0.21994134897360704,0.7177914110429447,0.7040498442367601,0.7491749174917491,0.0,0.2606060606060606,0.2,0.6960486322188449,0.7107692307692308,0.2515527950310559,0.2445141065830721,0.24074074074074073,0.9424920127795527,0.037383177570093455,0.8957055214723927,0.17027863777089783,0.4031746031746032,0.0,0.5820433436532507,0.9023668639053254,0.7,0.3888888888888889,0.896969696969697,0.3895705521472393,0.712166172106825,0.49262536873156343,0.22884012539184953,0.7155688622754491,0.6932907348242812,0.003115264797507788,0.3261538461538461,0.72,0.23006134969325154,0.6107784431137725,0.009433962264150943,0.006191950464396285,0.5507692307692308,0.16049382716049382,0.7155963302752294,0.3119266055045872,0.6068111455108359,0.5688622754491018,0.7067901234567902,0.40923076923076923,0.716012084592145,0.6257668711656442,0.725609756097561,0.9225806451612903,0.7516129032258064,0.9009009009009009,0.5568862275449101,0.6069182389937107,0.2721518987341772,0.002840909090909091,0.7207207207207207,0.6941896024464832,0.6191950464396285,0.721875,0.17363344051446947,0.21766561514195584,0.006269592476489028,0.2664576802507837,0.7730061349693251,0.7306501547987616,0.1933534743202417,0.7023809523809523,0.9054878048780488,0.28307692307692306,0.7089783281733746,0.7355623100303952,0.6784660766961652,0.2204968944099379,0.6775147928994083,0.23976608187134502,0.24096385542168675,0.18769230769230769,0.6172839506172839,0.23952095808383234,0.3028391167192429,0.5306122448979592,0.7314814814814815,0.7107692307692308,0.6728395061728395,0.9212121212121213,0.23652694610778444,0.2006269592476489,0.008875739644970414
J10147_Batch3,0.6363636363636364,0.6441717791411042,0.23948220064724918,0.24615384615384617,0.6459627329192547,0.7076923076923077,0.006230529595015576,0.6194968553459119,0.258160237388724,0.28802588996763756,0.005988023952095809,0.14814814814814814,0.6061538461538462,0.2610062893081761,0.703125,0.29523809523809524,0.003194888178913738,0.29153605015673983,0.5645161290322581,0.6210191082802548,0.009836065573770493,0.2618296529968454,0.34782608695652173,0.2721311475409836,0.27672955974842767,0.4925373134328358,0.27586206896551724,0.59375,0.6193548387096774,0.5279503105590062,0.61875,0.6238244514106583,0.6392405063291139,0.6258064516129033,0.0,0.2379421221864952,0.5875,0.0,0.253125,0.12844036697247707,0.6024096385542169,0.2786377708978328,0.24838709677419354,0.029585798816568046,0.6253869969040248,0.4754601226993865,0.00974025974025974,0.5652173913043478,0.6604938271604939,0.6050156739811913,0.21428571428571427,0.36363636363636365,0.3553459119496855,0.6829268292682927,0.006622516556291391,0.9814241486068112,0.0,0.8069620253164557,0.6435331230283912,0.6965944272445821,0.0033333333333333335,0.6676829268292683,0.980327868852459,0.109375,0.6196319018404908,0.6615384615384615,0.4161490683229814,0.6392405063291139,0.025974025974025976,0.28391167192429023,0.0,0.065625,0.8173374613003096,0.9808917197452229,0.9813084112149533,0.4457831325301205,0.9902597402597403,0.740506329113924,0.2966360856269113,0.625,0.5816993464052288,0.0,0.9351851851851852,1.0,0.003194888178913738,0.22186495176848875,0.6910828025477707,0.6415094339622641,0.5916398713826366,0.09580838323353294,0.6273885350318471,0.646875,0.6257668711656442,0.05329153605015674,0.284789644012945,0.6261682242990654,0.6024844720496895,0.11987381703470032,0.17901234567901234,0.6546052631578947,0.29673590504451036,0.6261682242990654,0.6253968253968254,0.6442953020134228,0.0,0.25688073394495414,0.2379421221864952,0.6134969325153374,0.6055900621118012,0.3238095238095238,0.321875,0.32098765432098764,0.9235668789808917,0.03194888178913738,0.9937106918238994,0.2302839116719243,0.36807817589576547,0.0,0.6613924050632911,0.9820359281437125,0.6273291925465838,0.3492063492063492,0.9875776397515528,0.34177215189873417,0.6377708978328174,0.593939393939394,0.29780564263322884,0.6374622356495468,0.7717041800643086,0.0031545741324921135,0.2996845425867508,0.6292834890965732,0.15822784810126583,0.531055900621118,0.00641025641025641,0.003105590062111801,0.6430868167202572,0.10658307210031348,0.6307692307692307,0.3167701863354037,0.6791277258566978,0.6565349544072948,0.6305732484076433,0.501577287066246,0.6340694006309149,0.7402597402597403,0.6417445482866043,0.9869706840390879,0.6529968454258676,0.9813664596273292,0.647239263803681,0.7097791798107256,0.19254658385093168,0.002976190476190476,0.6377708978328174,0.6080246913580247,0.5474006116207951,0.6528662420382165,0.1624203821656051,0.12658227848101267,0.009584664536741214,0.35987261146496813,0.8379204892966361,0.656957928802589,0.1441717791411043,0.6207951070336392,0.9815384615384616,0.3542319749216301,0.6178343949044586,0.6426426426426426,0.5688622754491018,0.17363344051446947,0.5981873111782477,0.30791788856304986,0.3312883435582822,0.23510971786833856,0.7018633540372671,0.24464831804281345,0.3157894736842105,0.6190476190476191,0.6455696202531646,0.6175548589341693,0.5893416927899686,0.9849397590361446,0.2222222222222222,0.24193548387096775,0.006042296072507553
J10152_Batch3,0.016181229773462782,0.01529051987767584,0.24758842443729903,0.01238390092879257,0.01948051948051948,0.00625,0.9906542056074766,0.01948051948051948,0.006024096385542169,0.5691318327974276,0.9938650306748467,0.6636085626911316,0.0219435736677116,0.6178343949044586,0.00967741935483871,0.553125,1.0,0.08333333333333333,0.15100671140939598,0.019543973941368076,0.0,0.2980769230769231,0.03761755485893417,0.043333333333333335,0.03761755485893417,0.26586102719033233,0.009584664536741214,0.018808777429467086,0.0189873417721519,0.018691588785046728,0.022222222222222223,0.009523809523809525,0.026058631921824105,0.026143790849673203,0.9969040247678018,0.6026490066225165,0.034482758620689655,0.0,0.6081504702194357,0.7623456790123457,0.03058103975535168,0.15047021943573669,0.2870967741935484,0.9371069182389937,0.01935483870967742,0.0,0.9801324503311258,0.11912225705329153,0.009316770186335404,0.11612903225806452,0.006389776357827476,0.0,0.5016181229773463,0.006191950464396285,0.0,0.0,0.0,0.003205128205128205,0.025078369905956112,0.009375,0.0,0.018575851393188854,0.0,0.0,0.012269938650306749,0.0031746031746031746,0.0,0.019417475728155338,0.9498327759197325,0.006329113924050633,0.0,0.003205128205128205,0.0,0.0,0.0,0.014970059880239521,0.0,0.00967741935483871,0.046583850931677016,0.022292993630573247,0.02572347266881029,0.0,0.003105590062111801,0.003194888178913738,1.0,0.6143790849673203,0.02287581699346405,0.07961783439490445,0.022364217252396165,0.009202453987730062,0.01282051282051282,0.018867924528301886,0.022082018927444796,0.4728434504792332,0.5909090909090909,0.018691588785046728,0.028938906752411574,0.009345794392523364,0.7435897435897436,0.013029315960912053,0.036923076923076927,0.0196078431372549,0.009836065573770493,0.02040816326530612,0.9966887417218543,0.6019108280254777,0.03858520900321544,0.0219435736677116,0.018867924528301886,0.02830188679245283,0.04807692307692308,0.04716981132075472,0.0,0.919093851132686,0.0,0.3108974358974359,0.42996742671009774,0.0,0.009771986970684038,0.0,0.022508038585209004,0.43870967741935485,0.0,0.012861736334405145,0.022151898734177215,0.11818181818181818,0.04854368932038835,0.018867924528301886,0.0,1.0,0.5111111111111111,0.015625,0.0,0.18902439024390244,0.9967948717948718,0.8498402555910544,0.026058631921824105,0.006389776357827476,0.024922118380062305,0.5342019543973942,0.006329113924050633,0.018461538461538463,0.05625,0.009615384615384616,0.018691588785046728,0.016181229773462782,0.015625,0.0,0.01910828025477707,0.0,0.14678899082568808,0.009404388714733543,0.00967741935483871,1.0,0.021406727828746176,0.031746031746031744,0.1806853582554517,0.026402640264026403,0.7781456953642384,0.00967741935483871,0.9968354430379747,0.0,0.0,0.023026315789473683,0.006269592476489028,0.021406727828746176,0.0,0.0,0.019230769230769232,0.018633540372670808,0.02710843373493976,0.012903225806451613,0.021538461538461538,0.045454545454545456,0.0,0.259375,0.006389776357827476,0.6030769230769231,0.39747634069400634,0.15123456790123457,0.026058631921824105,0.01592356687898089,0.025477707006369428,0.0,0.6523076923076923,0.08278145695364239,0.9969230769230769
J10153_Batch3,0.25,0.26625386996904027,0.44694533762057875,0.0856269113149847,0.24838709677419354,0.22784810126582278,0.6357827476038339,0.2643312101910828,0.09063444108761329,0.9695945945945946,0.6424242424242425,0.5590062111801242,0.277602523659306,0.9627329192546584,0.21241830065359477,0.7356687898089171,0.6291390728476821,0.1540880503144654,0.43564356435643564,0.2797427652733119,0.0,0.4936708860759494,0.18789808917197454,0.20930232558139536,0.17777777777777778,0.5675675675675675,0.138801261829653,0.268370607028754,0.26582278481012656,0.25236593059936907,0.2829581993569132,0.267515923566879,0.265625,0.24671052631578946,0.6299694189602446,1.0,0.28173374613003094,0.0,0.9716088328075709,0.7663551401869159,0.26153846153846155,0.24375,0.5,0.6614420062695925,0.2709677419354839,0.14285714285714285,0.6478405315614618,0.3238095238095238,0.23052959501557632,0.38263665594855306,0.07861635220125786,0.10410094637223975,0.9153094462540716,0.20783132530120482,0.00641025641025641,0.20766773162939298,0.0,0.2671009771986971,0.2507936507936508,0.2515923566878981,0.0,0.2391304347826087,0.2152317880794702,0.03115264797507788,0.24620060790273557,0.19375,0.11974110032362459,0.2588996763754045,0.6338983050847458,0.0761904761904762,0.0,0.03215434083601286,0.2347266881028939,0.21639344262295082,0.23270440251572327,0.1798780487804878,0.20065789473684212,0.25477707006369427,0.18461538461538463,0.26959247648902823,0.250814332247557,0.0,0.21739130434782608,0.22186495176848875,0.6143790849673203,1.0,0.22697368421052633,0.36129032258064514,0.23127035830618892,0.03939393939393939,0.26688102893890675,0.2515923566878981,0.2701863354037267,0.2838283828382838,0.9617834394904459,0.2623456790123457,0.2564102564102564,0.0660377358490566,0.744408945686901,0.24422442244224424,0.16819571865443425,0.2467948717948718,0.24758842443729903,0.2925170068027211,0.5967213114754099,0.9554140127388535,0.1492063492063492,0.27129337539432175,0.26282051282051283,0.17475728155339806,0.1832797427652733,0.18354430379746836,0.26031746031746034,0.6962025316455697,0.22364217252396165,0.5316455696202531,0.5049180327868853,0.0,0.2229299363057325,0.21981424148606812,0.2597402597402597,0.5584415584415584,0.215625,0.12140575079872204,0.2523364485981308,0.44680851063829785,0.17491749174917492,0.25766871165644173,0.24675324675324675,0.5928338762214984,0.5605095541401274,0.2610062893081761,0.06840390879478828,0.4153846153846154,0.6070287539936102,0.5628930817610063,0.2709677419354839,0.04100946372239748,0.27358490566037735,0.948220064724919,0.22397476340694006,0.2523076923076923,0.3279742765273312,0.1746031746031746,0.2807570977917981,0.24919093851132687,0.2806451612903226,0.23624595469255663,0.25163398692810457,0.2260061919504644,0.48264984227129337,0.24193548387096775,0.08253968253968254,0.6107784431137725,0.2515527950310559,0.2693498452012384,0.4371069182389937,0.2765273311897106,0.8187702265372169,0.056105610561056105,0.6225806451612903,0.11650485436893204,0.234375,0.26688102893890675,0.06369426751592357,0.28307692307692306,0.21779141104294478,0.12658227848101267,0.27129337539432175,0.25382262996941896,0.25835866261398177,0.04838709677419355,0.2236024844720497,0.17378048780487804,0.134375,0.47619047619047616,0.2267080745341615,0.9815950920245399,0.6677215189873418,0.48923076923076925,0.27358490566037735,0.265625,0.2610062893081761,0.21069182389937108,0.8691588785046729,0.18120805369127516,0.6358024691358025
J10156_Batch3,0.3333333333333333,0.3217665615141956,0.5,0.17295597484276728,0.3395638629283489,0.9435736677115988,0.01875,0.31493506493506496,0.12693498452012383,0.2983606557377049,0.021406727828746176,0.25236593059936907,0.3249211356466877,0.2375,0.9646302250803859,0.2012987012987013,0.019169329073482427,0.5047021943573667,0.32903225806451614,0.3116883116883117,0.006734006734006734,0.5,0.6613924050632911,0.5775577557755776,0.5760517799352751,0.30120481927710846,0.6012658227848101,0.3344155844155844,0.3173076923076923,0.3018867924528302,0.33125,0.32903225806451614,0.313915857605178,0.34868421052631576,0.015527950310559006,0.247557003257329,0.31347962382445144,0.0,0.2554517133956386,0.08024691358024691,0.3211009174311927,0.5375,0.47096774193548385,0.07210031347962383,0.3300970873786408,0.7766990291262136,0.029900332225913623,0.27586206896551724,0.9523809523809523,0.3409090909090909,0.13312693498452013,0.6470588235294118,0.30293159609120524,0.9539877300613497,0.003289473684210526,0.7,0.0,0.8914473684210527,0.33121019108280253,0.9621451104100947,0.0033112582781456954,0.359375,0.7142857142857143,0.04560260586319218,0.3353658536585366,0.8685897435897436,0.7088607594936709,0.3485342019543974,0.048859934853420196,0.15822784810126583,0.0,0.04472843450479233,0.8146964856230032,0.6870967741935484,0.7133757961783439,0.7283950617283951,0.7166123778501629,0.9260450160771704,0.5893416927899686,0.3280757097791798,0.3157894736842105,0.0,0.6180124223602484,0.6910828025477707,0.02287581699346405,0.22697368421052633,1.0,0.36942675159235666,0.3235294117647059,0.043076923076923075,0.32903225806451614,0.3280757097791798,0.3259493670886076,0.09771986970684039,0.24516129032258063,0.3136645962732919,0.310126582278481,0.06289308176100629,0.09779179810725552,0.32792207792207795,0.6102719033232629,0.3512658227848101,0.313915857605178,0.33221476510067116,0.006557377049180328,0.22570532915360503,0.42857142857142855,0.3103448275862069,0.3235294117647059,0.6290322580645161,0.594855305466238,0.6352201257861635,0.6286644951140065,0.0935483870967742,0.719626168224299,0.4603174603174603,0.16393442622950818,0.0,0.9612903225806452,0.7067901234567902,0.31528662420382164,0.21967213114754097,0.725,0.31210191082802546,0.34177215189873417,0.7915407854984894,0.5876623376623377,0.3333333333333333,0.9313725490196079,0.012987012987012988,0.12258064516129032,0.3333333333333333,0.09180327868852459,0.2932098765432099,0.012861736334405145,0.028481012658227847,0.9423076923076923,0.059748427672955975,0.3426791277258567,0.31210191082802546,0.9619047619047619,0.950920245398773,0.35161290322580646,0.8078175895765473,0.34838709677419355,0.8929765886287625,0.3333333333333333,0.7218543046357616,0.3488372093023256,0.7236024844720497,0.7076923076923077,0.9647435897435898,0.09900990099009901,0.017804154302670624,0.3159509202453988,0.322884012539185,0.3238095238095238,0.34415584415584416,0.1189710610932476,0.08250825082508251,0.026143790849673203,0.6459016393442623,0.696875,0.33980582524271846,0.07692307692307693,0.335423197492163,0.6886792452830188,0.6534653465346535,0.30670926517571884,0.31746031746031744,0.28703703703703703,0.14563106796116504,0.3219814241486068,0.5981873111782477,0.6327160493827161,0.49216300940438873,0.9622641509433962,0.24624624624624625,0.4838709677419355,0.7174603174603175,0.3311897106109325,0.32371794871794873,0.290625,0.6990595611285266,0.16718266253869968,0.43086816720257237,0.021671826625386997
J1022_Batch3,0.8952380952380953,0.9,0.08860759493670886,0.3850746268656716,0.8909657320872274,0.35987261146496813,0.08333333333333333,0.8953846153846153,0.4126506024096386,0.4290322580645161,0.08708708708708708,0.08641975308641975,0.9037267080745341,0.40372670807453415,0.3333333333333333,0.5061728395061729,0.08653846153846154,0.025,0.8955696202531646,0.8958990536277602,0.006578947368421052,0.1165644171779141,0.07476635514018691,0.04487179487179487,0.03481012658227848,0.8066465256797583,0.0380952380952381,0.8683385579937304,0.9,0.7839506172839507,0.8923076923076924,0.8924050632911392,0.8990536277602523,0.8364779874213837,0.08630952380952381,0.38461538461538464,0.8666666666666667,0.0,0.3787878787878788,0.2926829268292683,0.8682634730538922,0.036585365853658534,0.11708860759493671,0.08641975308641975,0.9041533546325878,0.13793103448275862,0.11400651465798045,0.8098159509202454,0.3067484662576687,0.990625,0.36227544910179643,0.044642857142857144,0.4748427672955975,0.34545454545454546,0.012698412698412698,0.5930599369085173,0.0,0.4462025316455696,0.9006211180124224,0.3611111111111111,0.0,0.8575757575757575,0.5993589743589743,0.06172839506172839,0.8242424242424242,0.3055555555555556,0.047021943573667714,0.877742946708464,0.16025641025641027,0.4133738601823708,0.0,0.13975155279503104,0.445859872611465,0.639871382636656,0.6,0.10778443113772455,0.6139240506329114,0.3944099378881988,0.027607361963190184,0.9012345679012346,0.89937106918239,0.0,0.7129629629629629,0.6415094339622641,0.07961783439490445,0.36129032258064514,0.36942675159235666,1.0,0.8210862619808307,0.18518518518518517,0.890282131661442,0.8950617283950617,0.8828828828828829,0.062111801242236024,0.4308176100628931,0.8803680981595092,0.8466453674121406,0.25,0.3312302839116719,0.8910256410256411,0.035398230088495575,0.8919753086419753,0.889937106918239,0.9006622516556292,0.08038585209003216,0.41455696202531644,0.051118210862619806,0.8909657320872274,0.9037267080745341,0.053125,0.052795031055900624,0.06230529595015576,0.680379746835443,0.11746031746031746,0.5975232198142415,0.10062893081761007,0.5194805194805194,0.0,0.328125,0.6132930513595166,0.8769716088328076,0.5700636942675159,0.5848484848484848,0.31230283911671924,0.8646153846153846,0.3775811209439528,0.034375,0.8932926829268293,0.4106583072100313,0.078125,0.44936708860759494,0.9006024096385542,0.31974921630094044,0.8138138138138138,0.10062893081761007,0.07076923076923076,0.334384858044164,0.205607476635514,0.8953846153846153,0.42586750788643535,0.3385579937304075,0.35240963855421686,0.9655172413793104,0.17857142857142858,0.8953846153846153,0.3993610223642173,0.9022082018927445,0.6078431372549019,0.9120521172638436,0.5987841945288754,0.5060606060606061,0.3610223642172524,0.33226837060702874,0.06609195402298851,0.8821752265861027,0.8742138364779874,0.8126888217522659,0.8921568627450981,0.3054662379421222,0.2577639751552795,0.08253968253968254,0.050473186119873815,0.5779816513761468,0.9113149847094801,0.26851851851851855,0.8871951219512195,0.5820433436532507,0.0379746835443038,0.8847352024922118,0.906060606060606,0.8520710059171598,0.23270440251572327,0.8272727272727273,0.03550295857988166,0.026706231454005934,0.1059190031152648,0.33436532507739936,0.3829787234042553,0.2626582278481013,0.5,0.9,0.889589905362776,0.871875,0.6042296072507553,0.39221556886227543,0.04792332268370607,0.07761194029850746
J1074_Batch3,0.9169435215946844,0.9079754601226994,0.04430379746835443,0.5229357798165137,0.9230769230769231,0.3238993710691824,0.015822784810126583,0.9292604501607717,0.5481927710843374,0.288961038961039,0.024691358024691357,0.033950617283950615,0.915625,0.27129337539432175,0.2916666666666667,0.432258064516129,0.01929260450160772,0.006230529595015576,0.8096774193548387,0.9223300970873787,0.05351170568561873,0.054313099041533544,0.045454545454545456,0.02287581699346405,0.006430868167202572,0.7012195121951219,0.01567398119122257,0.9331210191082803,0.9150326797385621,0.8660436137071651,0.9174603174603174,0.910828025477707,0.9158576051779935,0.9933774834437086,0.01529051987767584,0.264026402640264,0.9267515923566879,0.03594771241830065,0.28164556962025317,0.2222222222222222,0.9451219512195121,0.00949367088607595,0.04487179487179487,0.015527950310559006,0.9265175718849841,0.1178343949044586,0.02622950819672131,0.8391167192429022,0.26332288401253917,0.8417721518987342,0.5185185185185185,0.015723270440251572,0.34935897435897434,0.2923076923076923,0.06862745098039216,0.5723270440251572,0.05555555555555555,0.40594059405940597,0.9203821656050956,0.30246913580246915,0.056105610561056105,0.8847352024922118,0.5622895622895623,0.1320754716981132,0.9728915662650602,0.29721362229102166,0.009523809523809525,0.9058441558441559,0.08,0.5787781350482315,0.04472843450479233,0.2563291139240506,0.41455696202531644,0.6026058631921825,0.5817610062893082,0.08588957055214724,0.5732899022801303,0.3536977491961415,0.012345679012345678,0.9196141479099679,0.9215686274509803,0.057750759878419454,0.6888888888888889,0.5916398713826366,0.022364217252396165,0.23127035830618892,0.3235294117647059,0.8210862619808307,1.0,0.3117283950617284,0.9188311688311688,0.9238095238095239,0.9130434782608695,0.06050955414012739,0.29073482428115016,0.9184952978056427,0.9774193548387097,0.37777777777777777,0.23225806451612904,0.9356913183279743,0.012012012012012012,0.9198717948717948,0.9206349206349206,0.9233333333333333,0.013114754098360656,0.27899686520376177,0.022435897435897436,0.9074074074074074,0.9294871794871795,0.03536977491961415,0.03205128205128205,0.028481012658227847,0.6883116883116883,0.038461538461538464,0.560126582278481,0.05660377358490566,0.5263157894736842,0.05136986301369863,0.2754098360655738,0.5670731707317073,0.9163987138263665,0.5374592833876222,0.5517241379310345,0.3974358974358974,0.98125,0.3042168674698795,0.00974025974025974,0.9337539432176656,0.37254901960784315,0.016025641025641024,0.439873417721519,0.9161490683229814,0.4528301886792453,0.7723076923076924,0.012658227848101266,0.0125,0.2806451612903226,0.3249211356466877,0.9316770186335404,0.2964169381107492,0.2802547770700637,0.29721362229102166,0.8742138364779874,0.14968152866242038,0.9305993690851735,0.3786407766990291,0.9333333333333333,0.5723684210526315,0.9123376623376623,0.577639751552795,0.4158730158730159,0.3076923076923077,0.4983922829581994,0.01488095238095238,0.9444444444444444,0.964968152866242,0.7924528301886793,0.9183006535947712,0.17647058823529413,0.39228295819935693,0.022727272727272728,0.012987012987012988,0.5723270440251572,0.9096774193548387,0.38170347003154576,0.9296636085626911,0.5683229813664596,0.013245033112582781,0.9120521172638436,0.904320987654321,0.9692307692307692,0.343042071197411,0.9968944099378882,0.011976047904191617,0.006172839506172839,0.03870967741935484,0.2961783439490446,0.24610591900311526,0.1518987341772152,0.42024539877300615,0.9153094462540716,0.9240924092409241,0.95625,0.5925925925925926,0.290519877675841,0.019736842105263157,0.018691588785046728
J1082_Batch3,0.22981366459627328,0.2359882005899705,0.00911854103343465,0.8035714285714286,0.22629969418960244,0.03903903903903904,0.008771929824561403,0.23867069486404835,0.7913043478260869,0.046153846153846156,0.011594202898550725,0.012012012012012012,0.21021021021021022,0.0391566265060241,0.0364741641337386,0.09090909090909091,0.006230529595015576,0.06567164179104477,0.18098159509202455,0.21341463414634146,0.7603833865814696,0.00909090909090909,0.006006006006006006,0.0,0.0,0.15028901734104047,0.0,0.2682926829268293,0.2084592145015106,0.36253776435045315,0.2261904761904762,0.23404255319148937,0.2331288343558282,0.28615384615384615,0.008823529411764706,0.0438871473354232,0.24695121951219512,0.7453416149068323,0.05604719764011799,0.05740181268882175,0.2543352601156069,0.0,0.006191950464396285,0.005917159763313609,0.2191358024691358,0.017857142857142856,0.012461059190031152,0.21428571428571427,0.04105571847507331,0.1834862385321101,0.8211143695014663,0.0,0.05555555555555555,0.04297994269340974,0.782608695652174,0.10059171597633136,0.7869822485207101,0.06363636363636363,0.22658610271903323,0.041176470588235294,0.7284345047923323,0.21470588235294116,0.090625,0.7100591715976331,0.27647058823529413,0.0634441087613293,0.0,0.21406727828746178,0.022364217252396165,0.7537537537537538,0.7300613496932515,0.991044776119403,0.08787878787878788,0.10397553516819572,0.0990990990990991,0.00872093023255814,0.10759493670886076,0.06769230769230769,0.005865102639296188,0.22822822822822822,0.22611464968152867,0.7662721893491125,0.14285714285714285,0.09580838323353294,0.009202453987730062,0.03939393939393939,0.043076923076923075,0.18518518518518517,0.3117283950617284,1.0,0.24550898203592814,0.23582089552238805,0.23391812865497075,0.38080495356037153,0.05864197530864197,0.22413793103448276,0.27492447129909364,0.9582089552238806,0.05198776758409786,0.215625,0.0,0.23547400611620795,0.229607250755287,0.21587301587301588,0.006172839506172839,0.041916167664670656,0.21148036253776434,0.23768115942028986,0.21987951807228914,0.012232415902140673,0.0061162079510703364,0.012084592145015106,0.12732919254658384,0.009230769230769232,0.0990990990990991,0.008955223880597015,0.13522012578616352,0.7388535031847133,0.036585365853658534,0.08771929824561403,0.23100303951367782,0.140625,0.09063444108761329,0.6504559270516718,0.2656716417910448,0.04941860465116279,0.0,0.20408163265306123,0.065625,0.0061162079510703364,0.1033434650455927,0.22713864306784662,0.9003021148036254,0.18155619596541786,0.0030959752321981426,0.07926829268292683,0.041916167664670656,0.9911764705882353,0.2235294117647059,0.041916167664670656,0.04411764705882353,0.04927536231884058,0.19519519519519518,0.027777777777777776,0.23170731707317074,0.055900621118012424,0.22839506172839505,0.08227848101265822,0.20754716981132076,0.10294117647058823,0.06567164179104477,0.03374233128834356,0.8742331288343558,0.00847457627118644,0.2314540059347181,0.24024024024024024,0.17008797653958943,0.21604938271604937,0.043343653250773995,0.9691358024691358,0.006153846153846154,0.0,0.14705882352941177,0.19384615384615383,0.9230769230769231,0.23699421965317918,0.08902077151335312,0.0,0.23170731707317074,0.21929824561403508,0.27405247813411077,0.8773006134969326,0.28823529411764703,0.0,0.0,0.006006006006006006,0.04776119402985075,0.04411764705882353,0.02654867256637168,0.06997084548104957,0.20121951219512196,0.23867069486404835,0.2620481927710843,0.09880239520958084,0.06376811594202898,0.1712538226299694,0.005865102639296188
J4235_Batch6,0.996742671009772,0.9938461538461538,0.038461538461538464,0.4409937888198758,0.9935691318327974,0.3291139240506329,0.018575851393188854,0.99375,0.49096385542168675,0.3238095238095238,0.020958083832335328,0.021604938271604937,0.9938461538461538,0.29721362229102166,0.29430379746835444,0.44135802469135804,0.019417475728155338,0.0,0.8322368421052632,0.9903846153846154,0.01,0.0529595015576324,0.03426791277258567,0.00967741935483871,0.0,0.6993865030674846,0.0,0.9588607594936709,0.9937888198757764,0.8801261829652997,0.9905956112852664,0.9906832298136646,0.9967320261437909,0.9348534201954397,0.018072289156626505,0.2987012987012987,0.9478527607361963,0.0031446540880503146,0.29906542056074764,0.24458204334365324,0.9666666666666667,0.0,0.04590163934426229,0.024691358024691357,0.9937106918238994,0.10476190476190476,0.0429042904290429,0.896875,0.26461538461538464,0.8829113924050633,0.4268292682926829,0.0,0.3741935483870968,0.29393939393939394,0.012738853503184714,0.5942492012779552,0.003076923076923077,0.40822784810126583,0.9968051118210862,0.3188854489164087,0.01,0.948170731707317,0.5888157894736842,0.08544303797468354,0.9212121212121213,0.271875,0.0,0.9744408945686901,0.08116883116883117,0.49074074074074076,0.006369426751592357,0.1875,0.43573667711598746,0.6185897435897436,0.584375,0.08108108108108109,0.5827814569536424,0.36419753086419754,0.0,1.0,0.9936305732484076,0.0061162079510703364,0.7098765432098766,0.6273885350318471,0.01282051282051282,0.26688102893890675,0.32903225806451614,0.890282131661442,0.9188311688311688,0.24550898203592814,1.0,0.9938650306748467,0.9938271604938271,0.04113924050632911,0.3280757097791798,0.9969135802469136,0.9523809523809523,0.29652996845425866,0.2507836990595611,0.9935064935064936,0.0029498525073746312,0.9936102236421726,0.9968253968253968,0.99,0.015723270440251572,0.315625,0.015873015873015872,0.9907692307692307,0.9968454258675079,0.022082018927444796,0.018808777429467086,0.022364217252396165,0.7003154574132492,0.03821656050955414,0.577639751552795,0.04923076923076923,0.5714285714285714,0.0033783783783783786,0.27531645569620256,0.5896656534954408,0.9775641025641025,0.5765472312703583,0.5605095541401274,0.35714285714285715,0.9395770392749244,0.3081570996978852,0.0,0.9817629179331308,0.3980891719745223,0.015772870662460567,0.4906832298136646,0.9937888198757764,0.3742138364779874,0.8323170731707317,0.0220125786163522,0.006349206349206349,0.2875,0.259375,0.9968944099378882,0.31629392971246006,0.2830188679245283,0.2961876832844575,0.9345794392523364,0.14057507987220447,0.984375,0.38095238095238093,0.9936507936507937,0.5980392156862745,0.9936102236421726,0.5848484848484848,0.41975308641975306,0.31210191082802546,0.4195583596214511,0.014577259475218658,0.9877300613496932,0.9622641509433962,0.8079268292682927,0.9967320261437909,0.2182410423452769,0.3183279742765273,0.022653721682847898,0.0,0.5666666666666667,0.9648562300319489,0.3167701863354037,0.9969788519637462,0.5830721003134797,0.0,0.9936102236421726,0.9787878787878788,0.9519519519519519,0.2721518987341772,0.9309309309309309,0.0,0.0,0.037267080745341616,0.2996845425867508,0.28700906344410876,0.17133956386292834,0.39384615384615385,0.9935897435897436,0.9936908517350158,0.96875,0.5943396226415094,0.3263473053892216,0.012738853503184714,0.021148036253776436
J4241_Batch6,1.0,1.0,0.03184713375796178,0.4212121212121212,1.0,0.321875,0.015015015015015015,1.0,0.49557522123893805,0.32038834951456313,0.02359882005899705,0.01834862385321101,1.0,0.30513595166163143,0.2929936305732484,0.43558282208588955,0.01910828025477707,0.0,0.8439490445859873,0.9937106918238994,0.01282051282051282,0.05263157894736842,0.036585365853658534,0.0064516129032258064,0.0,0.7291666666666666,0.0,0.9571865443425076,1.0,0.8803680981595092,1.0,0.9938080495356038,1.0,0.9354838709677419,0.01488095238095238,0.3054662379421222,0.9607250755287009,0.0,0.29573170731707316,0.23636363636363636,0.9761194029850746,0.0,0.043343653250773995,0.01818181818181818,1.0,0.10869565217391304,0.03821656050955414,0.9235474006116208,0.2672672672672673,0.8881987577639752,0.42168674698795183,0.0,0.3707165109034268,0.31044776119402984,0.019169329073482427,0.6289308176100629,0.0,0.42452830188679247,1.0,0.32326283987915405,0.006472491909385114,0.9544072948328267,0.625,0.0972644376899696,0.9341317365269461,0.28134556574923547,0.0,0.9840764331210191,0.08360128617363344,0.47560975609756095,0.0,0.17737003058103976,0.45454545454545453,0.6466876971608833,0.6146788990825688,0.07941176470588235,0.6193548387096774,0.3730407523510972,0.0,1.0,1.0,0.0,0.7203647416413373,0.646875,0.018867924528301886,0.2515923566878981,0.3280757097791798,0.8950617283950617,0.9238095238095239,0.23582089552238805,0.9938650306748467,1.0,1.0,0.03459119496855346,0.335423197492163,1.0,0.959375,0.3,0.2716049382716049,1.0,0.002898550724637681,1.0,1.0,0.9966887417218543,0.015822784810126583,0.31845238095238093,0.009433962264150943,1.0,1.0,0.021739130434782608,0.025078369905956112,0.027607361963190184,0.7241379310344828,0.03459119496855346,0.6071428571428571,0.04573170731707317,0.5673076923076923,0.0,0.2884012539184953,0.6112759643916914,0.984375,0.5638629283489096,0.6054216867469879,0.3448275862068966,0.9461077844311377,0.3255131964809384,0.0,0.9908536585365854,0.40634920634920635,0.01834862385321101,0.47575757575757577,1.0,0.3824451410658307,0.8421052631578947,0.021671826625386997,0.0030581039755351682,0.2874617737003058,0.2476780185758514,1.0,0.32,0.30153846153846153,0.30149253731343284,0.9424242424242424,0.12578616352201258,0.9938080495356038,0.38924050632911394,1.0,0.620253164556962,0.996875,0.6149253731343284,0.43425076452599387,0.31347962382445144,0.4140127388535032,0.017341040462427744,0.987987987987988,0.9657320872274143,0.8151515151515152,1.0,0.21153846153846154,0.3184713375796178,0.025806451612903226,0.0,0.5868263473053892,0.9717868338557993,0.3241590214067278,1.0,0.6097560975609756,0.0,1.0,0.9850299401197605,0.9525222551928784,0.259375,0.935672514619883,0.0,0.0,0.039634146341463415,0.3146417445482866,0.29376854599406527,0.17956656346749225,0.42168674698795183,1.0,0.9969040247678018,0.9663608562691132,0.6288343558282209,0.31044776119402984,0.00949367088607595,0.0182370820668693
J4281_Batch6,1.0,1.0,0.03492063492063492,0.4327485380116959,1.0,0.30275229357798167,0.024024024024024024,1.0,0.4913294797687861,0.3387096774193548,0.03206997084548105,0.018018018018018018,1.0,0.32727272727272727,0.2772585669781931,0.4298780487804878,0.02531645569620253,0.0,0.8259493670886076,0.9938461538461538,0.012779552715654952,0.05263157894736842,0.027692307692307693,0.006329113924050633,0.0,0.7079646017699115,0.0,0.9573170731707317,1.0,0.8757575757575757,0.9969512195121951,0.9938461538461538,1.0,0.9367088607594937,0.023952095808383235,0.31974921630094044,0.9487951807228916,0.0,0.31212121212121213,0.2331288343558282,0.9676470588235294,0.0,0.04430379746835443,0.023809523809523808,1.0,0.10091743119266056,0.04792332268370607,0.9036144578313253,0.25449101796407186,0.8641975308641975,0.40718562874251496,0.0,0.3944099378881988,0.2789317507418398,0.012779552715654952,0.5975609756097561,0.0,0.3860182370820669,1.0,0.303951367781155,0.003215434083601286,0.9434523809523809,0.5974025974025974,0.08132530120481928,0.9208211143695014,0.26380368098159507,0.0,0.9782608695652174,0.08333333333333333,0.4660493827160494,0.0,0.1761194029850746,0.41515151515151516,0.6273291925465838,0.5896656534954408,0.06804733727810651,0.5993690851735016,0.345679012345679,0.0,1.0,1.0,0.0,0.7129909365558912,0.6257668711656442,0.022082018927444796,0.2701863354037267,0.3259493670886076,0.8828828828828829,0.9130434782608695,0.23391812865497075,0.9938271604938271,1.0,1.0,0.034161490683229816,0.34890965732087226,1.0,0.9535603715170279,0.29721362229102166,0.2554517133956386,1.0,0.0029069767441860465,1.0,1.0,0.9967105263157895,0.021604938271604937,0.33433734939759036,0.01529051987767584,0.996996996996997,1.0,0.021604938271604937,0.015432098765432098,0.02147239263803681,0.722397476340694,0.046296296296296294,0.5891238670694864,0.051515151515151514,0.5732484076433121,0.0,0.2680722891566265,0.5880597014925373,0.9815950920245399,0.5603715170278638,0.5670731707317073,0.35240963855421686,0.9451219512195121,0.3092485549132948,0.0,0.9852941176470589,0.3667711598746082,0.025,0.47416413373860183,1.0,0.3734567901234568,0.8353293413173652,0.031055900621118012,0.0030581039755351682,0.2740963855421687,0.24316109422492402,1.0,0.3364485981308411,0.27627627627627627,0.2861356932153392,0.9237804878048781,0.12269938650306748,0.9877675840978594,0.3639240506329114,1.0,0.6081504702194357,0.9968152866242038,0.5887573964497042,0.415929203539823,0.28615384615384615,0.4117647058823529,0.019943019943019943,0.9823529411764705,0.9573170731707317,0.7964071856287425,1.0,0.21587301587301588,0.3142857142857143,0.02857142857142857,0.0,0.5562130177514792,0.9596273291925466,0.31419939577039274,1.0,0.5845697329376854,0.0,1.0,0.9787878787878788,0.9498525073746312,0.2507836990595611,0.9281437125748503,0.0,0.0,0.03927492447129909,0.29357798165137616,0.29673590504451036,0.1882716049382716,0.41055718475073316,1.0,0.9969418960244648,0.960960960960961,0.593939393939394,0.32238805970149254,0.009375,0.02735562310030395
J4283_Batch6,0.03194888178913738,0.03426791277258567,0.24522292993630573,0.2808641975308642,0.038461538461538464,0.0946372239747634,0.445141065830721,0.04100946372239748,0.2553846153846154,0.2364217252396166,0.43902439024390244,0.3894080996884735,0.02875399361022364,0.2507836990595611,0.09003215434083602,0.2445141065830721,0.4512987012987013,0.37658227848101267,0.07741935483870968,0.025974025974025976,0.36486486486486486,0.24367088607594936,0.18412698412698414,0.20065789473684212,0.18006430868167203,0.11384615384615385,0.13333333333333333,0.05345911949685535,0.025477707006369428,0.0949367088607595,0.03115264797507788,0.042071197411003236,0.03514376996805112,0.061488673139158574,0.44135802469135804,0.24503311258278146,0.05625,0.35064935064935066,0.2668711656441718,0.3292307692307692,0.04819277108433735,0.21604938271604937,0.2564935064935065,0.40923076923076923,0.032467532467532464,0.09177215189873418,0.4,0.06481481481481481,0.09230769230769231,0.059748427672955975,0.271875,0.1289308176100629,0.22186495176848875,0.09422492401215805,0.4243421052631579,0.0759493670886076,0.37962962962962965,0.0935483870967742,0.03205128205128205,0.08978328173374613,0.3654485049833887,0.03067484662576687,0.08852459016393442,0.33650793650793653,0.06116207951070336,0.10158730158730159,0.128125,0.03559870550161812,0.4144736842105263,0.237012987012987,0.37337662337662336,0.3860759493670886,0.09235668789808917,0.07142857142857142,0.08668730650154799,0.14329268292682926,0.08064516129032258,0.09433962264150944,0.2,0.025157232704402517,0.02857142857142857,0.37116564417177916,0.05625,0.05329153605015674,0.4728434504792332,0.2838283828382838,0.09771986970684039,0.062111801242236024,0.06050955414012739,0.38080495356037153,0.04113924050632911,0.03459119496855346,0.034161490683229816,1.0,0.28205128205128205,0.03125,0.057692307692307696,0.416403785488959,0.3333333333333333,0.026058631921824105,0.18018018018018017,0.038461538461538464,0.03225806451612903,0.033444816053511704,0.47115384615384615,0.2727272727272727,0.4129032258064516,0.027692307692307693,0.03164556962025317,0.17981072555205047,0.19936708860759494,0.1942675159235669,0.06984126984126984,0.40384615384615385,0.08945686900958466,0.2563291139240506,0.1893687707641196,0.36363636363636365,0.08974358974358974,0.07951070336391437,0.02922077922077922,0.20967741935483872,0.08598726114649681,0.28205128205128205,0.050314465408805034,0.12386706948640483,0.19936708860759494,0.027607361963190184,0.08387096774193549,0.4472843450479233,0.2253968253968254,0.02830188679245283,0.2974683544303797,0.08282208588957055,0.43312101910828027,0.7003154574132492,0.103125,0.3659305993690852,0.037267080745341616,0.23974763406940064,0.08917197452229299,0.08333333333333333,0.056782334384858045,0.08888888888888889,0.03680981595092025,0.08143322475570032,0.03125,0.0756578947368421,0.03870967741935484,0.07621951219512195,0.1360759493670886,0.09748427672955975,0.3076923076923077,0.43440233236151604,0.046296296296296294,0.05128205128205128,0.10658307210031348,0.029411764705882353,0.32558139534883723,0.37216828478964403,0.4337748344370861,0.12944983818770225,0.08181818181818182,0.031746031746031744,0.3968253968253968,0.03058103975535168,0.0696969696969697,0.11708860759493671,0.03503184713375796,0.039755351681957186,0.05740181268882175,0.42207792207792205,0.06481481481481481,0.2072072072072072,0.14860681114551083,0.2389937106918239,0.09657320872274143,0.26461538461538464,0.2689873417721519,0.15709969788519637,0.022508038585209004,0.02875399361022364,0.05345911949685535,0.078125,0.29012345679012347,0.4778481012658228,0.4420731707317073
J4285_Batch6,0.3246753246753247,0.33647798742138363,0.38064516129032255,0.11214953271028037,0.32792207792207795,0.22044728434504793,0.6081504702194357,0.34276729559748426,0.13253012048192772,0.9639344262295082,0.6246246246246246,0.5205047318611987,0.35093167701863354,0.9969040247678018,0.22611464968152867,0.7632398753894081,0.6026490066225165,0.12618296529968454,0.4752475247524752,0.3525641025641026,0.0,0.4462025316455696,0.1592356687898089,0.152317880794702,0.14057507987220447,0.6181818181818182,0.08653846153846154,0.34838709677419355,0.34516129032258064,0.29780564263322884,0.3535031847133758,0.3173076923076923,0.33548387096774196,0.31493506493506496,0.6085626911314985,0.9737704918032787,0.3487654320987654,0.0,0.9875776397515528,0.7735849056603774,0.3323262839879154,0.19003115264797507,0.43630573248407645,0.6132075471698113,0.35714285714285715,0.11320754716981132,0.6447368421052632,0.37579617834394907,0.21981424148606812,0.44339622641509435,0.11285266457680251,0.0694006309148265,0.9245901639344263,0.22188449848024316,0.006557377049180328,0.253125,0.0,0.28664495114006516,0.3074433656957929,0.2476489028213166,0.0,0.30246913580246915,0.2691029900332226,0.03125,0.30606060606060603,0.2,0.08571428571428572,0.3268608414239482,0.6208053691275168,0.11526479750778816,0.0,0.04153354632587859,0.2625,0.2671009771986971,0.27129337539432175,0.1377245508982036,0.24919093851132687,0.24758842443729903,0.1289308176100629,0.3333333333333333,0.3223684210526316,0.0,0.2879746835443038,0.284789644012945,0.5909090909090909,0.9617834394904459,0.24516129032258063,0.4308176100628931,0.29073482428115016,0.05864197530864197,0.3280757097791798,0.335423197492163,0.34890965732087226,0.28205128205128205,1.0,0.3219814241486068,0.3184713375796178,0.0946372239747634,0.7672131147540984,0.3183279742765273,0.13719512195121952,0.3258064516129032,0.32131147540983607,0.3602693602693603,0.5737179487179487,0.9871794871794872,0.12063492063492064,0.33753943217665616,0.3333333333333333,0.14743589743589744,0.15434083601286175,0.14511041009463724,0.3089171974522293,0.671875,0.2563291139240506,0.4702194357366771,0.517799352750809,0.0,0.21935483870967742,0.25914634146341464,0.33225806451612905,0.580327868852459,0.2701863354037267,0.1464968152866242,0.3167701863354037,0.4294294294294294,0.13291139240506328,0.3221884498480243,0.27184466019417475,0.5741935483870968,0.5646687697160884,0.3333333333333333,0.09584664536741214,0.48615384615384616,0.5950920245398773,0.5394321766561514,0.2618296529968454,0.06289308176100629,0.3486238532110092,0.9283387622149837,0.22981366459627328,0.24545454545454545,0.3904761904761905,0.15335463258785942,0.33753943217665616,0.2754098360655738,0.3419354838709677,0.28104575163398693,0.33116883116883117,0.2688821752265861,0.5078864353312302,0.24666666666666667,0.11146496815286625,0.5901162790697675,0.32507739938080493,0.33962264150943394,0.5093167701863354,0.32894736842105265,0.8273615635179153,0.08496732026143791,0.61,0.0749185667752443,0.27531645569620256,0.3289902280130293,0.09841269841269841,0.34441087613293053,0.2631578947368421,0.08794788273615635,0.3470031545741325,0.3067484662576687,0.3221884498480243,0.08860759493670886,0.2878787878787879,0.1347305389221557,0.08978328173374613,0.40384615384615385,0.23174603174603176,0.99079754601227,0.625,0.49074074074074076,0.3546325878594249,0.33544303797468356,0.3258785942492013,0.2608695652173913,0.899390243902439,0.14423076923076922,0.6269113149847095
J5146_Batch6,1.0,1.0,0.02821316614420063,0.42727272727272725,1.0,0.3159509202453988,0.015105740181268883,1.0,0.4884393063583815,0.31189710610932475,0.02631578947368421,0.01812688821752266,1.0,0.2953846153846154,0.259375,0.44242424242424244,0.022082018927444796,0.0,0.8432601880877743,0.9937694704049844,0.009584664536741214,0.042682926829268296,0.024691358024691357,0.003215434083601286,0.0,0.7096774193548387,0.0,0.9542682926829268,1.0,0.8803680981595092,0.9969604863221885,0.9937694704049844,1.0,0.9337539432176656,0.020710059171597635,0.29245283018867924,0.9578313253012049,0.0,0.2972972972972973,0.2319277108433735,0.967551622418879,0.0,0.037383177570093455,0.020771513353115726,1.0,0.10365853658536585,0.04807692307692308,0.9093655589123867,0.2552552552552553,0.8676923076923077,0.41964285714285715,0.0,0.36728395061728397,0.2927536231884058,0.0189873417721519,0.6036036036036037,0.0,0.404320987654321,1.0,0.3021148036253776,0.006472491909385114,0.9616519174041298,0.5884244372990354,0.08955223880597014,0.9321533923303835,0.2560240963855422,0.0,0.9814814814814815,0.07961783439490445,0.48024316109422494,0.0,0.17065868263473055,0.43034055727554177,0.621875,0.5891238670694864,0.07871720116618076,0.5825242718446602,0.3394495412844037,0.0,1.0,1.0,0.0,0.7074626865671642,0.6261682242990654,0.018691588785046728,0.2623456790123457,0.3136645962732919,0.8803680981595092,0.9184952978056427,0.22413793103448276,0.9969135802469136,1.0,1.0,0.03125,0.3219814241486068,1.0,0.9591194968553459,0.29573170731707316,0.2670807453416149,1.0,0.002898550724637681,1.0,1.0,0.996742671009772,0.01892744479495268,0.30606060606060603,0.006191950464396285,0.9969879518072289,1.0,0.012345679012345678,0.018404907975460124,0.02147239263803681,0.7227414330218068,0.036923076923076927,0.5736196319018405,0.04573170731707317,0.5828025477707006,0.0,0.26851851851851855,0.5970588235294118,0.9817629179331308,0.5786163522012578,0.5714285714285714,0.3282674772036474,0.9546827794561934,0.30612244897959184,0.0,0.9825072886297376,0.38198757763975155,0.024464831804281346,0.48606811145510836,1.0,0.3765432098765432,0.8382352941176471,0.030959752321981424,0.008982035928143712,0.27976190476190477,0.24316109422492402,1.0,0.31722054380664655,0.2782874617737003,0.28994082840236685,0.9355828220858896,0.12111801242236025,0.9847094801223242,0.38095238095238093,1.0,0.5981308411214953,0.9968152866242038,0.5857988165680473,0.40181268882175225,0.30153846153846153,0.41509433962264153,0.019830028328611898,0.9880239520958084,0.9574468085106383,0.8121212121212121,1.0,0.2111801242236025,0.30914826498422715,0.02786377708978328,0.0,0.582089552238806,0.9622641509433962,0.3180428134556575,1.0,0.5808383233532934,0.0,1.0,0.978978978978979,0.9590643274853801,0.25925925925925924,0.933933933933934,0.0,0.0,0.03374233128834356,0.28353658536585363,0.26843657817109146,0.1606060606060606,0.39296187683284456,1.0,0.9969040247678018,0.9665653495440729,0.6054216867469879,0.3106508875739645,0.003076923076923077,0.02694610778443114
J5161_Batch6,0.9642857142857143,0.9507692307692308,0.03821656050955414,0.475,0.964968152866242,0.3117283950617284,0.025078369905956112,0.9620253164556962,0.5,0.31596091205211724,0.0364741641337386,0.028481012658227847,0.9592476489028213,0.29846153846153844,0.2727272727272727,0.453125,0.02622950819672131,0.0031446540880503146,0.8252427184466019,0.9614147909967846,0.03333333333333333,0.05660377358490566,0.03470031545741325,0.009771986970684038,0.0031545741324921135,0.7027027027027027,0.0031645569620253164,0.9522292993630573,0.9556962025316456,0.875,0.9626168224299065,0.9492063492063492,0.9552715654952076,0.9808306709265175,0.024691358024691357,0.2958199356913183,0.9538461538461539,0.013245033112582781,0.29283489096573206,0.234375,0.981651376146789,0.0,0.04220779220779221,0.018867924528301886,0.9616613418530351,0.10158730158730159,0.039603960396039604,0.8629283489096573,0.2623456790123457,0.8553054662379421,0.4559748427672956,0.003125,0.3782051282051282,0.27522935779816515,0.046052631578947366,0.5841269841269842,0.03125,0.4006514657980456,0.9591194968553459,0.29754601226993865,0.033783783783783786,0.9099378881987578,0.5792880258899676,0.1111111111111111,0.9535603715170279,0.2721518987341772,0.0031847133757961785,0.9453376205787781,0.09271523178807947,0.5365079365079365,0.03164556962025317,0.2268370607028754,0.4353312302839117,0.5980707395498392,0.5709876543209876,0.07951070336391437,0.564935064935065,0.3442622950819672,0.003134796238244514,0.9647435897435898,0.9585987261146497,0.033846153846153845,0.6822429906542056,0.6024844720496895,0.028938906752411574,0.2564102564102564,0.310126582278481,0.8466453674121406,0.9774193548387097,0.27492447129909364,0.9523809523809523,0.959375,0.9535603715170279,0.057692307692307696,0.3184713375796178,0.9591194968553459,1.0,0.3426791277258567,0.2572347266881029,0.9641693811074918,0.0030120481927710845,0.9614147909967846,0.9585987261146497,0.9545454545454546,0.022151898734177215,0.3057324840764331,0.0220125786163522,0.953125,0.9621451104100947,0.022082018927444796,0.01929260450160772,0.021604938271604937,0.6858974358974359,0.05228758169934641,0.5807453416149069,0.06050955414012739,0.5620915032679739,0.026490066225165563,0.25483870967741934,0.5838323353293413,0.9556962025316456,0.5755627009646302,0.5559105431309904,0.3548387096774194,0.9724770642201835,0.3042168674698795,0.0,0.9660493827160493,0.3709677419354839,0.025889967637540454,0.4588607594936709,0.9565217391304348,0.4025974025974026,0.796969696969697,0.02821316614420063,0.009554140127388535,0.26666666666666666,0.3003194888178914,0.963076923076923,0.3096774193548387,0.27531645569620256,0.28484848484848485,0.9050632911392406,0.11726384364820847,0.9617834394904459,0.38127090301003347,0.9591194968553459,0.5822368421052632,0.9607843137254902,0.5783132530120482,0.41455696202531644,0.29874213836477986,0.44299674267100975,0.02359882005899705,0.9658385093167702,0.9875389408099688,0.801829268292683,0.9611650485436893,0.20846905537459284,0.35737704918032787,0.02912621359223301,0.003236245954692557,0.5669781931464174,0.932258064516129,0.3498452012383901,0.9626168224299065,0.5709876543209876,0.003134796238244514,0.9583333333333334,0.9357798165137615,0.9785276073619632,0.275974025974026,0.9879154078549849,0.0030581039755351682,0.0,0.04,0.28115015974440893,0.2607361963190184,0.18037974683544303,0.40181268882175225,0.9579288025889967,0.954983922829582,0.9780564263322884,0.5854430379746836,0.3212121212121212,0.019672131147540985,0.027950310559006212
J5164_Batch6,0.30030959752321984,0.2964071856287425,0.009433962264150943,0.8353658536585366,0.3069620253164557,0.05846153846153846,0.009287925696594427,0.30745341614906835,0.8303571428571429,0.08038585209003216,0.011869436201780416,0.01524390243902439,0.2878787878787879,0.0696969696969697,0.05246913580246913,0.12852664576802508,0.006349206349206349,0.0705521472392638,0.24271844660194175,0.2916666666666667,0.6843853820598007,0.0121580547112462,0.003067484662576687,0.0,0.0,0.2125748502994012,0.0,0.3512658227848101,0.2610062893081761,0.44171779141104295,0.2896341463414634,0.3089171974522293,0.30625,0.36075949367088606,0.009036144578313253,0.08681672025723473,0.3333333333333333,0.6858974358974359,0.0783132530120482,0.07507507507507508,0.31044776119402984,0.0,0.009584664536741214,0.009146341463414634,0.2980769230769231,0.02735562310030395,0.01935483870967742,0.2676923076923077,0.05167173252279635,0.2515527950310559,0.8549382716049383,0.0,0.0935483870967742,0.05688622754491018,0.7097791798107256,0.12732919254658384,0.7164634146341463,0.07911392405063292,0.30670926517571884,0.0581039755351682,0.6558441558441559,0.2774390243902439,0.1305732484076433,0.6503067484662577,0.3601190476190476,0.08895705521472393,0.0,0.284375,0.035256410256410256,0.7815384615384615,0.6635220125786163,0.9130434782608695,0.1111111111111111,0.13225806451612904,0.1303030303030303,0.015197568389057751,0.12861736334405144,0.09841269841269841,0.0030581039755351682,0.2772585669781931,0.3042071197411003,0.6829268292682927,0.18960244648318042,0.11987381703470032,0.009345794392523364,0.0660377358490566,0.06289308176100629,0.25,0.37777777777777777,0.9582089552238806,0.29652996845425866,0.3,0.29721362229102166,0.416403785488959,0.0946372239747634,0.29573170731707316,0.3426791277258567,1.0,0.06875,0.3022508038585209,0.0,0.31511254019292606,0.3057324840764331,0.2899022801302932,0.0064516129032258064,0.07384615384615385,0.21069182389937108,0.30153846153846153,0.29559748427672955,0.01238390092879257,0.003105590062111801,0.009230769230769232,0.16293929712460065,0.01592356687898089,0.12269938650306748,0.012345679012345678,0.1590909090909091,0.6699029126213593,0.05642633228840126,0.12874251497005987,0.30793650793650795,0.17252396166134185,0.13166144200626959,0.6802507836990596,0.3487654320987654,0.07738095238095238,0.0,0.2767857142857143,0.08917197452229299,0.006134969325153374,0.11598746081504702,0.3033033033033033,0.9339622641509434,0.2469879518072289,0.003067484662576687,0.09287925696594428,0.055900621118012424,0.975,0.3056379821958457,0.07278481012658228,0.052795031055900624,0.05421686746987952,0.2654320987654321,0.028125,0.3058103975535168,0.08064516129032258,0.3167701863354037,0.1266233766233766,0.2779552715654952,0.13149847094801223,0.1076923076923077,0.05345911949685535,0.9161290322580645,0.008695652173913044,0.30120481927710846,0.30340557275541796,0.234375,0.28525641025641024,0.05177993527508091,1.0,0.00641025641025641,0.0,0.18960244648318042,0.2601880877742947,0.984472049689441,0.3081570996978852,0.12121212121212122,0.0,0.30606060606060603,0.2955223880597015,0.3413173652694611,0.9184952978056427,0.3609467455621302,0.0,0.0,0.009259259259259259,0.06172839506172839,0.07317073170731707,0.043343653250773995,0.12158054711246201,0.2777777777777778,0.309375,0.3333333333333333,0.14153846153846153,0.08433734939759036,0.1755485893416928,0.0061162079510703364
J5167_Batch6,0.2508038585209003,0.2616822429906542,0.2724358974358974,0.06990881458966565,0.25157232704402516,0.11356466876971609,0.765625,0.2830188679245283,0.09696969696969697,0.7222222222222222,0.7613293051359517,0.47878787878787876,0.2888198757763975,0.7652439024390244,0.0732484076433121,0.8161290322580645,0.753125,0.0694006309148265,0.4262295081967213,0.27884615384615385,0.0,0.3149847094801223,0.05329153605015674,0.044585987261146494,0.04716981132075472,0.5209580838323353,0.00625,0.25477707006369427,0.25705329153605017,0.2484472049689441,0.2761904761904762,0.25796178343949044,0.2802547770700637,0.24675324675324675,0.770392749244713,0.7572815533980582,0.271875,0.0,0.7546583850931677,0.9190031152647975,0.24545454545454545,0.13636363636363635,0.3127035830618892,0.6871165644171779,0.2618296529968454,0.022082018927444796,0.7942122186495176,0.37037037037037035,0.06583072100313479,0.346031746031746,0.07142857142857142,0.003076923076923077,0.6666666666666666,0.0790273556231003,0.006514657980456026,0.16927899686520376,0.0,0.12063492063492064,0.2379421221864952,0.08832807570977919,0.0033333333333333335,0.25748502994011974,0.17973856209150327,0.03470031545741325,0.2347560975609756,0.04792332268370607,0.0,0.24126984126984127,0.735973597359736,0.06896551724137931,0.0,0.02531645569620253,0.1461038961038961,0.17891373801916932,0.1746031746031746,0.02735562310030395,0.16447368421052633,0.0732484076433121,0.04294478527607362,0.2507936507936508,0.26537216828478966,0.0,0.17901234567901234,0.17901234567901234,0.7435897435897436,0.744408945686901,0.09779179810725552,0.3312302839116719,0.23225806451612904,0.05198776758409786,0.2507836990595611,0.2716049382716049,0.2554517133956386,0.3333333333333333,0.7672131147540984,0.2670807453416149,0.2572347266881029,0.06875,1.0,0.26129032258064516,0.03823529411764706,0.25796178343949044,0.2572347266881029,0.30743243243243246,0.749185667752443,0.7638036809815951,0.050793650793650794,0.2564102564102564,0.23548387096774193,0.04472843450479233,0.05732484076433121,0.059190031152647975,0.21875,0.7006369426751592,0.17445482866043613,0.3238993710691824,0.698051948051948,0.0,0.07523510971786834,0.17846153846153845,0.2689873417721519,0.692063492063492,0.18122977346278318,0.06984126984126984,0.23839009287925697,0.2433234421364985,0.03908794788273615,0.24770642201834864,0.09740259740259741,0.7555555555555555,0.7916666666666666,0.26380368098159507,0.07255520504731862,0.47041420118343197,0.7381703470031545,0.6309148264984227,0.10062893081761007,0.04516129032258064,0.25696594427244585,0.6624605678233438,0.078125,0.09876543209876543,0.3177570093457944,0.03194888178913738,0.2610062893081761,0.12091503267973856,0.271875,0.16831683168316833,0.25245901639344265,0.1728395061728395,0.3149847094801223,0.11074918566775244,0.0914826498422713,0.7565982404692082,0.2631578947368421,0.2664576802507837,0.42902208201892744,0.2698412698412698,0.8885350318471338,0.06493506493506493,0.7738853503184714,0.0031446540880503146,0.17445482866043613,0.2476489028213166,0.06918238993710692,0.2696969696969697,0.18461538461538463,0.0031847133757961785,0.27848101265822783,0.2476780185758514,0.25225225225225223,0.047619047619047616,0.21212121212121213,0.044642857142857144,0.0030303030303030303,0.29283489096573206,0.07142857142857142,0.7469879518072289,0.4177215189873418,0.2932098765432099,0.2829581993569132,0.2610062893081761,0.27639751552795033,0.18012422360248448,0.8388059701492537,0.07936507936507936,0.7537537537537538
J5191_Batch6,1.0,1.0,0.035483870967741936,0.434375,1.0,0.3249211356466877,0.016025641025641024,1.0,0.48466257668711654,0.3222591362126246,0.023880597014925373,0.0189873417721519,1.0,0.29874213836477986,0.29545454545454547,0.4527687296416938,0.012987012987012988,0.0,0.8488745980707395,1.0,0.013289036544850499,0.05501618122977346,0.035256410256410256,0.006600660066006601,0.0,0.7186544342507645,0.0,0.954248366013072,1.0,0.8639240506329114,0.9967948717948718,0.9935275080906149,1.0,0.9509803921568627,0.015432098765432098,0.29276315789473684,0.964516129032258,0.0,0.3,0.22611464968152867,0.9781931464174455,0.0,0.04823151125401929,0.015479876160990712,1.0,0.1111111111111111,0.033003300330033,0.9206349206349206,0.2610062893081761,0.8806451612903226,0.4169278996865204,0.0,0.3745928338762215,0.29754601226993865,0.01935483870967742,0.6214511041009464,0.0,0.42765273311897106,1.0,0.31511254019292606,0.006779661016949152,0.9658385093167702,0.627906976744186,0.0759493670886076,0.9325153374233128,0.27388535031847133,0.0,0.993485342019544,0.06143344709897611,0.4840764331210191,0.0,0.1724137931034483,0.44805194805194803,0.635483870967742,0.615625,0.07692307692307693,0.6241830065359477,0.35064935064935066,0.0,1.0,1.0,0.0,0.7436708860759493,0.6546052631578947,0.013029315960912053,0.24422442244224424,0.32792207792207795,0.8910256410256411,0.9356913183279743,0.215625,0.9935064935064936,1.0,1.0,0.026058631921824105,0.3183279742765273,1.0,0.9641693811074918,0.3022508038585209,0.26129032258064516,1.0,0.003048780487804878,1.0,1.0,1.0,0.013333333333333334,0.3142857142857143,0.015772870662460567,0.9968454258675079,1.0,0.022435897435897436,0.022222222222222223,0.025236593059936908,0.7348242811501597,0.025974025974025976,0.6246056782334385,0.050793650793650794,0.5728155339805825,0.0,0.28253968253968254,0.6184615384615385,0.9838187702265372,0.565359477124183,0.580441640378549,0.3440514469453376,0.9504643962848297,0.3159509202453988,0.0,0.9905660377358491,0.39144736842105265,0.012779552715654952,0.484375,1.0,0.3762057877813505,0.8463949843260188,0.01935483870967742,0.006230529595015576,0.278125,0.26129032258064516,1.0,0.3086816720257235,0.29595015576323985,0.2923076923076923,0.9308176100628931,0.1437908496732026,0.9902912621359223,0.38613861386138615,1.0,0.6338983050847458,0.9967948717948718,0.6170886075949367,0.4140127388535032,0.3114754098360656,0.43234323432343236,0.01466275659824047,0.9845679012345679,0.9711538461538461,0.8173374613003096,1.0,0.2255892255892256,0.3190789473684211,0.023178807947019868,0.0,0.593167701863354,0.9678456591639871,0.3238993710691824,1.0,0.6088328075709779,0.0,1.0,0.9814241486068112,0.9697885196374623,0.2621359223300971,0.940809968847352,0.0,0.0,0.04234527687296417,0.310126582278481,0.2803738317757009,0.16772151898734178,0.403125,1.0,1.0,0.9743589743589743,0.6222222222222222,0.30434782608695654,0.012861736334405145,0.01557632398753894
J5192_Batch6,0.003003003003003003,0.002881844380403458,0.7341389728096677,0.02616279069767442,0.0029154518950437317,0.6268656716417911,0.05621301775147929,0.0029940119760479044,0.0028328611898017,0.16257668711656442,0.04843304843304843,0.34110787172011664,0.0028653295128939827,0.13411078717201166,0.6474164133738601,0.04790419161676647,0.0391566265060241,0.893491124260355,0.021341463414634148,0.002976190476190476,0.0,0.6744868035190615,0.9556213017751479,0.9969418960244648,0.9939759036144579,0.03977272727272727,0.9676470588235294,0.0029585798816568047,0.0029940119760479044,0.0029411764705882353,0.0029498525073746312,0.0029940119760479044,0.0,0.009009009009009009,0.052478134110787174,0.1540785498489426,0.008849557522123894,0.0,0.15542521994134897,0.04046242774566474,0.005681818181818182,0.8790560471976401,0.6827794561933535,0.10526315789473684,0.0029411764705882353,0.8259587020648967,0.04643962848297214,0.005813953488372093,0.6810344827586207,0.021021021021021023,0.005633802816901409,0.9244186046511628,0.17220543806646527,0.6381766381766382,0.0,0.3323442136498516,0.0,0.5196374622356495,0.0029239766081871343,0.6294117647058823,0.0,0.04011461318051576,0.32621951219512196,0.02359882005899705,0.02,0.6970588235294117,0.9416909620991254,0.015060240963855422,0.031746031746031744,0.020527859237536656,0.0,0.0,0.5135135135135135,0.3130699088145897,0.3498542274052478,0.8653295128939829,0.34036144578313254,0.5769230769230769,0.9912790697674418,0.0029239766081871343,0.0030581039755351682,0.0,0.21994134897360704,0.29673590504451036,0.036923076923076927,0.16819571865443425,0.6102719033232629,0.035398230088495575,0.012012012012012012,0.0,0.0029498525073746312,0.002898550724637681,0.0029069767441860465,0.18018018018018017,0.13719512195121952,0.002898550724637681,0.0030120481927710845,0.0,0.03823529411764706,0.003048780487804878,1.0,0.002967359050445104,0.0,0.0,0.03869047619047619,0.11661807580174927,0.7627627627627628,0.002898550724637681,0.0,0.9849397590361446,0.982089552238806,0.973293768545994,0.22590361445783133,0.12316715542521994,0.35294117647058826,0.6676470588235294,0.018404907975460124,0.0,0.6409495548961425,0.34097421203438394,0.008928571428571428,0.01812688821752266,0.37237237237237236,0.20958083832335328,0.01466275659824047,0.5338983050847458,0.9939759036144579,0.0,0.5579268292682927,0.036036036036036036,0.020771513353115726,0.002890173410404624,0.0029940119760479044,0.008595988538681949,0.03273809523809524,0.08083832335329341,0.6588235294117647,0.0,0.0029069767441860465,0.1981981981981982,0.6441176470588236,0.6397694524495677,0.017804154302670624,0.8143712574850299,0.005934718100890208,0.5396341463414634,0.0029940119760479044,0.3292307692307692,0.003067484662576687,0.3474576271186441,0.4028985507246377,0.6234939759036144,0.002967359050445104,0.042134831460674156,0.002890173410404624,0.005865102639296188,0.029069767441860465,0.0,0.06948640483383686,0.003067484662576687,0.03987730061349693,0.9246987951807228,0.35344827586206895,0.011799410029498525,0.0029585798816568047,0.0029069767441860465,0.33819241982507287,0.9380530973451328,0.0029411764705882353,0.011661807580174927,0.0028089887640449437,0.07272727272727272,0.00847457627118644,0.9971671388101983,0.9314285714285714,0.7309941520467836,0.6297376093294461,0.14730878186968838,0.4298507462686567,0.42450142450142453,0.0030120481927710845,0.0058823529411764705,0.0058309037900874635,0.3323353293413174,0.07062146892655367,0.7891566265060241,0.04857142857142857
J5195_Batch6,1.0,1.0,0.03559870550161812,0.4430769230769231,1.0,0.33974358974358976,0.015625,1.0,0.5045045045045045,0.3051948051948052,0.021212121212121213,0.018404907975460124,1.0,0.3057324840764331,0.30745341614906835,0.43492063492063493,0.019417475728155338,0.0,0.8407643312101911,0.9935691318327974,0.013377926421404682,0.04792332268370607,0.02857142857142857,0.009708737864077669,0.0,0.7164634146341463,0.0,0.9587301587301588,1.0,0.89375,1.0,0.9936305732484076,1.0,0.9276315789473685,0.015197568389057751,0.29372937293729373,0.9538461538461539,0.0,0.29430379746835444,0.24233128834355827,0.96,0.0,0.04075235109717868,0.018575851393188854,1.0,0.12618296529968454,0.03642384105960265,0.9119496855345912,0.279874213836478,0.8821656050955414,0.4228395061728395,0.0,0.3762057877813505,0.308868501529052,0.016286644951140065,0.6238244514106583,0.0,0.4198717948717949,1.0,0.32601880877742945,0.0032258064516129032,0.9574468085106383,0.6151315789473685,0.08571428571428572,0.9204892966360856,0.2822085889570552,0.0,0.9872611464968153,0.0858085808580858,0.484472049689441,0.0,0.17701863354037267,0.4444444444444444,0.6463022508038585,0.6050156739811913,0.08181818181818182,0.6025641025641025,0.36163522012578614,0.0,1.0,1.0,0.0,0.7177914110429447,0.6261682242990654,0.0196078431372549,0.2467948717948718,0.3512658227848101,0.8919753086419753,0.9198717948717948,0.23547400611620795,0.9936102236421726,1.0,1.0,0.038461538461538464,0.3258064516129032,1.0,0.9614147909967846,0.31511254019292606,0.25796178343949044,1.0,0.002967359050445104,1.0,1.0,0.9966216216216216,0.015772870662460567,0.3117283950617284,0.01592356687898089,0.9968944099378882,1.0,0.022151898734177215,0.01935483870967742,0.024844720496894408,0.7258064516129032,0.03481012658227848,0.5944272445820433,0.050955414012738856,0.5916398713826366,0.0,0.3052959501557632,0.6111111111111112,0.9843260188087775,0.5727848101265823,0.5956112852664577,0.3525641025641026,0.9504643962848297,0.32335329341317365,0.0,0.9875776397515528,0.4050632911392405,0.01892744479495268,0.49038461538461536,1.0,0.39171974522292996,0.843558282208589,0.022364217252396165,0.00625,0.2961783439490446,0.2639751552795031,1.0,0.32051282051282054,0.296875,0.30513595166163143,0.9320987654320988,0.14376996805111822,0.987460815047022,0.3801916932907348,1.0,0.6217948717948718,0.996742671009772,0.5969230769230769,0.4308176100628931,0.3269230769230769,0.4276729559748428,0.017804154302670624,0.9847560975609756,0.9565217391304348,0.8050314465408805,1.0,0.2057877813504823,0.3238993710691824,0.025396825396825397,0.0,0.5945121951219512,0.9584664536741214,0.3291139240506329,1.0,0.6024844720496895,0.0,1.0,0.9784615384615385,0.9494047619047619,0.2724358974358974,0.9270516717325228,0.0,0.0,0.03503184713375796,0.3149847094801223,0.2809667673716012,0.17721518987341772,0.41358024691358025,1.0,0.9968652037617555,0.9559748427672956,0.6170212765957447,0.3180428134556575,0.012944983818770227,0.018461538461538463
J5205_Batch6,1.0,1.0,0.03225806451612903,0.4351851851851852,1.0,0.29906542056074764,0.015479876160990712,1.0,0.47878787878787876,0.3222591362126246,0.021021021021021023,0.012232415902140673,1.0,0.2984126984126984,0.27531645569620256,0.4591194968553459,0.012944983818770227,0.0,0.8478964401294499,1.0,0.013071895424836602,0.040880503144654086,0.021806853582554516,0.003246753246753247,0.0,0.7242424242424242,0.0,0.9495268138801262,1.0,0.8703703703703703,0.9967845659163987,0.99375,1.0,0.9344262295081968,0.012084592145015106,0.29545454545454547,0.9503105590062112,0.0,0.2917933130699088,0.23765432098765432,0.9668674698795181,0.0,0.0380952380952381,0.01529051987767584,1.0,0.11912225705329153,0.026845637583892617,0.9207317073170732,0.24539877300613497,0.8761904761904762,0.41590214067278286,0.0,0.36217948717948717,0.2809667673716012,0.01948051948051948,0.5797546012269938,0.0,0.3821656050955414,1.0,0.2897196261682243,0.006430868167202572,0.9519519519519519,0.5806451612903226,0.0804953560371517,0.9219219219219219,0.2623456790123457,0.0,0.9871794871794872,0.07096774193548387,0.48580441640378547,0.0,0.17956656346749225,0.4236760124610592,0.6026058631921825,0.5679012345679012,0.057057057057057055,0.5814696485623003,0.3387096774193548,0.0,1.0,1.0,0.0,0.7040498442367601,0.6253968253968254,0.009836065573770493,0.24758842443729903,0.313915857605178,0.889937106918239,0.9206349206349206,0.229607250755287,0.9968253968253968,1.0,1.0,0.03225806451612903,0.32131147540983607,1.0,0.9585987261146497,0.3057324840764331,0.2572347266881029,1.0,0.0,1.0,1.0,1.0,0.009615384615384616,0.3188854489164087,0.00964630225080386,1.0,1.0,0.012698412698412698,0.015723270440251572,0.021806853582554516,0.6905537459283387,0.04180064308681672,0.5625,0.0438871473354232,0.5700636942675159,0.0,0.27586206896551724,0.573134328358209,0.9808917197452229,0.5569620253164557,0.5474683544303798,0.33650793650793653,0.9476923076923077,0.2878787878787879,0.0,0.9846153846153847,0.3639344262295082,0.012698412698412698,0.48417721518987344,1.0,0.3793103448275862,0.8419452887537994,0.0189873417721519,0.006191950464396285,0.273015873015873,0.26582278481012656,1.0,0.3227848101265823,0.2631578947368421,0.2822822822822823,0.9335443037974683,0.11356466876971609,0.9872611464968153,0.3618421052631579,1.0,0.5863192182410424,0.9968051118210862,0.5692307692307692,0.41846153846153844,0.2903225806451613,0.41823899371069184,0.011869436201780416,0.9847560975609756,0.959375,0.8042813455657493,1.0,0.2090032154340836,0.32075471698113206,0.019543973941368076,0.0,0.5596330275229358,0.9583333333333334,0.32298136645962733,1.0,0.5669781931464174,0.0,1.0,0.9785932721712538,0.9529411764705882,0.27419354838709675,0.9329268292682927,0.0,0.0,0.028391167192429023,0.2765957446808511,0.27794561933534745,0.16615384615384615,0.39759036144578314,1.0,0.9968354430379747,0.9591194968553459,0.5869565217391305,0.30606060606060603,0.0032258064516129032,0.018292682926829267
J5214_Batch6,1.0,0.9967213114754099,0.03424657534246575,0.41346153846153844,0.9966887417218543,0.31756756756756754,0.023255813953488372,0.9966996699669967,0.46006389776357826,0.3434343434343434,0.025236593059936908,0.020202020202020204,1.0,0.3258064516129032,0.2832764505119454,0.48484848484848486,0.023972602739726026,0.0,0.8605442176870748,1.0,0.010452961672473868,0.046511627906976744,0.03678929765886288,0.006825938566552901,0.0,0.7507987220447284,0.0,0.9623287671232876,0.9966101694915255,0.8778877887788779,0.9933110367892977,0.9933110367892977,0.9965986394557823,0.9389830508474576,0.02280130293159609,0.32413793103448274,0.9464882943143813,0.0,0.3333333333333333,0.2598684210526316,0.9614147909967846,0.0,0.04421768707482993,0.02287581699346405,1.0,0.10033444816053512,0.05263157894736842,0.8928571428571429,0.2598684210526316,0.8877551020408163,0.39672131147540984,0.0,0.39322033898305087,0.2792207792207792,0.020202020202020204,0.6258278145695364,0.0,0.3958333333333333,0.9966777408637874,0.3102310231023102,0.007042253521126761,0.9504950495049505,0.6075085324232082,0.08305647840531562,0.9381107491856677,0.2558139534883721,0.0,0.9795918367346939,0.07092198581560284,0.45394736842105265,0.0,0.1644295302013423,0.4440677966101695,0.6440677966101694,0.6225165562913907,0.08253968253968254,0.615916955017301,0.3422818791946309,0.0,0.9966777408637874,1.0,0.0,0.7491749174917491,0.6442953020134228,0.02040816326530612,0.2925170068027211,0.33221476510067116,0.9006622516556292,0.9233333333333333,0.21587301587301588,0.99,0.9966887417218543,0.9967105263157895,0.033444816053511704,0.3602693602693603,0.996742671009772,0.9545454545454546,0.2899022801302932,0.30743243243243246,1.0,0.0,0.9966216216216216,1.0,1.0,0.020338983050847456,0.3612040133779264,0.013245033112582781,0.9933333333333333,0.9966887417218543,0.01935483870967742,0.020066889632107024,0.025889967637540454,0.7119205298013245,0.04827586206896552,0.6032786885245902,0.05263157894736842,0.6040955631399317,0.0,0.2727272727272727,0.6198083067092651,0.9735099337748344,0.5785953177257525,0.5993377483443708,0.33676975945017185,0.9516129032258065,0.31309904153354634,0.0,0.9800664451827242,0.375,0.023178807947019868,0.5,0.9966996699669967,0.3562091503267974,0.8354838709677419,0.029900332225913623,0.009900990099009901,0.27906976744186046,0.23529411764705882,0.9967637540453075,0.3447098976109215,0.27124183006535946,0.2939297124600639,0.9407894736842105,0.12244897959183673,0.9836065573770492,0.36486486486486486,0.9966555183946488,0.6334519572953736,0.9931740614334471,0.6123778501628665,0.4253246753246753,0.3184931506849315,0.3875432525951557,0.018461538461538463,0.9805194805194806,0.9531772575250836,0.8295819935691319,0.9965986394557823,0.25597269624573377,0.30103806228373703,0.03436426116838488,0.0,0.6065573770491803,0.9556313993174061,0.28903654485049834,0.9967845659163987,0.6107594936708861,0.0,0.9966666666666667,0.9804560260586319,0.95625,0.24496644295302014,0.9423076923076923,0.0,0.0,0.033444816053511704,0.2899022801302932,0.3116883116883117,0.17905405405405406,0.40836012861736337,0.9966555183946488,0.9966887417218543,0.9514563106796117,0.6185897435897436,0.3504823151125402,0.010169491525423728,0.02903225806451613
J5216_Batch6,0.013201320132013201,0.015479876160990712,0.2662337662337662,0.006134969325153374,0.019169329073482427,0.003194888178913738,0.9903536977491961,0.01935483870967742,0.006134969325153374,0.5714285714285714,0.9908814589665653,0.6487341772151899,0.0220125786163522,0.6118012422360248,0.003215434083601286,0.5414012738853503,1.0,0.0759493670886076,0.14563106796116504,0.022292993630573247,0.0,0.3028391167192429,0.03536977491961415,0.048859934853420196,0.0379746835443038,0.25,0.0031446540880503146,0.012345679012345678,0.019417475728155338,0.01557632398753894,0.022364217252396165,0.006578947368421052,0.025559105431309903,0.02280130293159609,0.993920972644377,0.5960264900662252,0.04361370716510903,0.0,0.590625,0.7619047619047619,0.03076923076923077,0.14018691588785046,0.313915857605178,0.9065420560747663,0.022508038585209004,0.0031545741324921135,0.9865771812080537,0.121875,0.0031446540880503146,0.10543130990415335,0.003115264797507788,0.003134796238244514,0.5078864353312302,0.0,0.0,0.0,0.0,0.003194888178913738,0.026143790849673203,0.0,0.0,0.015527950310559006,0.0,0.0,0.015432098765432098,0.0,0.0,0.019543973941368076,0.9297658862876255,0.003134796238244514,0.0,0.0,0.0,0.0,0.0,0.006042296072507553,0.0,0.00964630225080386,0.034482758620689655,0.022151898734177215,0.026143790849673203,0.0,0.0,0.0,0.9966887417218543,0.5967213114754099,0.006557377049180328,0.08038585209003216,0.013114754098360656,0.006172839506172839,0.015723270440251572,0.015822784810126583,0.021604938271604937,0.47115384615384615,0.5737179487179487,0.01892744479495268,0.022151898734177215,0.0064516129032258064,0.749185667752443,0.013333333333333334,0.03869047619047619,0.015772870662460567,0.009615384615384616,0.020338983050847456,1.0,0.5917721518987342,0.03896103896103896,0.025,0.022364217252396165,0.03858520900321544,0.05144694533762058,0.044444444444444446,0.0,0.8827361563517915,0.0,0.326984126984127,0.4483870967741935,0.0,0.00641025641025641,0.0,0.01892744479495268,0.4440894568690096,0.0,0.006269592476489028,0.018633540372670808,0.12923076923076923,0.03278688524590164,0.018575851393188854,0.003246753246753247,0.9968051118210862,0.5411392405063291,0.012539184952978056,0.0,0.16352201257861634,0.9935897435897436,0.9153605015673981,0.019230769230769232,0.003125,0.021875,0.5130718954248366,0.003194888178913738,0.018018018018018018,0.050793650793650794,0.0064516129032258064,0.0219435736677116,0.01929260450160772,0.015873015873015872,0.0,0.0196078431372549,0.0,0.15625,0.0,0.006535947712418301,0.996996996996997,0.018518518518518517,0.024539877300613498,0.153125,0.026755852842809364,0.761437908496732,0.006622516556291391,0.9901639344262295,0.0032679738562091504,0.0,0.032362459546925564,0.006269592476489028,0.021148036253776436,0.0,0.003257328990228013,0.018867924528301886,0.018461538461538463,0.024464831804281346,0.00964630225080386,0.01529051987767584,0.045180722891566265,0.0030864197530864196,0.2744479495268139,0.0031746031746031746,0.603030303030303,0.4110032362459547,0.16615384615384615,0.025889967637540454,0.01592356687898089,0.022435897435897436,0.0,0.6554878048780488,0.076158940397351,0.9939393939393939
J5223_Batch6,0.31309904153354634,0.3323353293413174,0.3873015873015873,0.10029498525073746,0.3181818181818182,0.19076923076923077,0.6288343558282209,0.3230769230769231,0.10946745562130178,0.9528301886792453,0.6441176470588236,0.5195195195195195,0.3433734939759036,0.9940119760479041,0.2070063694267516,0.8179012345679012,0.6163522012578616,0.10670731707317073,0.4919614147909968,0.35514018691588783,0.0,0.44200626959247646,0.14285714285714285,0.1461038961038961,0.11708860759493671,0.6279761904761905,0.0672782874617737,0.3149847094801223,0.32298136645962733,0.2822085889570552,0.34049079754601225,0.31761006289308175,0.3385093167701863,0.29449838187702265,0.6167664670658682,0.9587301587301588,0.33641975308641975,0.0,0.978328173374613,0.7784431137724551,0.31736526946107785,0.19637462235649547,0.43670886075949367,0.6309523809523809,0.3385093167701863,0.11926605504587157,0.670926517571885,0.382262996941896,0.20180722891566266,0.42024539877300615,0.10416666666666667,0.06382978723404255,0.9119496855345912,0.18674698795180722,0.00641025641025641,0.2392638036809816,0.0,0.24610591900311526,0.3105590062111801,0.22727272727272727,0.0,0.2949852507374631,0.24752475247524752,0.03363914373088685,0.2861356932153392,0.1687116564417178,0.0764525993883792,0.30864197530864196,0.6324503311258278,0.09968847352024922,0.0,0.0391566265060241,0.23006134969325154,0.2563291139240506,0.2507836990595611,0.12650602409638553,0.225,0.2260061919504644,0.12275449101796407,0.3241590214067278,0.32142857142857145,0.0,0.2606060606060606,0.25688073394495414,0.6019108280254777,0.9554140127388535,0.22570532915360503,0.41455696202531644,0.27899686520376177,0.041916167664670656,0.315625,0.31845238095238093,0.33433734939759036,0.2727272727272727,0.9871794871794872,0.30606060606060603,0.3057324840764331,0.07384615384615385,0.7638036809815951,0.3142857142857143,0.11661807580174927,0.3117283950617284,0.3188854489164087,0.3612040133779264,0.5917721518987342,1.0,0.11356466876971609,0.3384146341463415,0.3046153846153846,0.13793103448275862,0.14150943396226415,0.14285714285714285,0.2861635220125786,0.665625,0.2415902140672783,0.4797507788161994,0.5314465408805031,0.0,0.21406727828746178,0.24550898203592814,0.33126934984520123,0.5856697819314641,0.25308641975308643,0.13003095975232198,0.308868501529052,0.4065281899109792,0.1059190031152648,0.30930930930930933,0.2268370607028754,0.5864197530864198,0.5825545171339563,0.3374233128834356,0.08517350157728706,0.47058823529411764,0.6018808777429467,0.5440729483282675,0.25308641975308643,0.053125,0.32228915662650603,0.9104938271604939,0.19384615384615383,0.23723723723723725,0.38769230769230767,0.1375,0.3323170731707317,0.24921135646687698,0.3323170731707317,0.25796178343949044,0.3115264797507788,0.25075528700906347,0.4845679012345679,0.20625,0.10031347962382445,0.6046511627906976,0.31871345029239767,0.3323262839879154,0.5076452599388379,0.321875,0.8380952380952381,0.0625,0.6217948717948718,0.06645569620253164,0.24773413897280966,0.3177570093457944,0.07807807807807808,0.3383233532934132,0.24471299093655588,0.08176100628930817,0.3333333333333333,0.3072289156626506,0.3196480938416422,0.0694006309148265,0.2781065088757396,0.12202380952380952,0.07894736842105263,0.38271604938271603,0.2085889570552147,0.9821428571428571,0.6292834890965732,0.47147147147147145,0.3353846153846154,0.3166144200626959,0.31901840490797545,0.22699386503067484,0.9166666666666666,0.1393188854489164,0.6344410876132931
J5227_Batch6,0.013114754098360656,0.012269938650306749,0.5814696485623003,0.18808777429467086,0.012578616352201259,0.41875,0.05732484076433121,0.015822784810126583,0.1355421686746988,0.13114754098360656,0.04804804804804805,0.294478527607362,0.00949367088607595,0.11320754716981132,0.45141065830721006,0.050314465408805034,0.03289473684210526,0.8672839506172839,0.03333333333333333,0.009584664536741214,0.2150170648464164,0.5063291139240507,0.707936507936508,0.7532894736842105,0.7555555555555555,0.05167173252279635,0.7084639498432602,0.01875,0.012738853503184714,0.046583850931677016,0.009404388714733543,0.0189873417721519,0.012861736334405145,0.028938906752411574,0.0547112462006079,0.14285714285714285,0.025157232704402517,0.2159468438538206,0.11987381703470032,0.04180064308681672,0.021604938271604937,0.6645569620253164,0.5301587301587302,0.08695652173913043,0.009584664536741214,0.5791139240506329,0.049019607843137254,0.009202453987730062,0.45652173913043476,0.042071197411003236,0.16300940438871472,0.6677115987460815,0.14057507987220447,0.43653250773993807,0.24675324675324675,0.253125,0.20376175548589343,0.34726688102893893,0.012658227848101266,0.4272151898734177,0.20677966101694914,0.049689440993788817,0.2532894736842105,0.2,0.02694610778443114,0.49375,0.7009646302250804,0.01892744479495268,0.046822742474916385,0.1464968152866242,0.1864951768488746,0.21495327102803738,0.3682539682539683,0.2564935064935065,0.27899686520376177,0.6737160120845922,0.2721311475409836,0.40189873417721517,0.7561728395061729,0.01592356687898089,0.012861736334405145,0.2175226586102719,0.2,0.2379421221864952,0.03858520900321544,0.1492063492063492,0.42857142857142855,0.051118210862619806,0.022435897435897436,0.21148036253776434,0.015873015873015872,0.009433962264150943,0.01529051987767584,0.4129032258064516,0.12063492063492064,0.006191950464396285,0.0220125786163522,0.21069182389937108,0.050793650793650794,0.015772870662460567,0.7627627627627628,0.01592356687898089,0.00964630225080386,0.013245033112582781,0.03896103896103896,0.11356466876971609,1.0,0.0121580547112462,0.00967741935483871,0.750788643533123,0.7412140575079872,0.75,0.1861198738170347,0.09967845659163987,0.2641509433962264,0.5046728971962616,0.02258064516129032,0.20860927152317882,0.4483870967741935,0.2515527950310559,0.016233766233766232,0.025889967637540454,0.27936507936507937,0.3625,0.01875,0.37272727272727274,0.75,0.006134969325153374,0.36538461538461536,0.03492063492063492,0.01904761904761905,0.006211180124223602,0.14826498422712933,0.024539877300613498,0.0440251572327044,0.16613418530351437,0.4391025641025641,0.22653721682847897,0.015151515151515152,0.16199376947040497,0.42902208201892744,0.4298780487804878,0.04375,0.5636942675159236,0.018867924528301886,0.3536977491961415,0.01282051282051282,0.24509803921568626,0.016286644951140065,0.2786377708978328,0.28703703703703703,0.42207792207792205,0.15584415584415584,0.041176470588235294,0.018518518518518517,0.022082018927444796,0.05,0.006430868167202572,0.08496732026143791,0.1875,0.038461538461538464,0.6828478964401294,0.26153846153846155,0.022435897435897436,0.19195046439628483,0.015197568389057751,0.24842767295597484,0.686084142394822,0.01597444089456869,0.027692307692307693,0.024024024024024024,0.288961038961039,0.027777777777777776,0.7559523809523809,0.689873417721519,0.546583850931677,0.4258064516129032,0.1238390092879257,0.36908517350157727,0.2948328267477204,0.00949367088607595,0.019543973941368076,0.018575851393188854,0.246875,0.06811145510835913,1.0,0.04430379746835443
M1164_Batch5,0.9968051118210862,0.9970326409495549,0.037383177570093455,0.450920245398773,0.9968944099378882,0.2962962962962963,0.0243161094224924,0.996875,0.48656716417910445,0.34069400630914826,0.029239766081871343,0.018518518518518517,0.9969512195121951,0.31901840490797545,0.2664576802507837,0.4520123839009288,0.024615384615384615,0.0,0.8307210031347962,0.990506329113924,0.009771986970684038,0.04984423676012461,0.03363914373088685,0.006472491909385114,0.0,0.7218934911242604,0.0,0.956386292834891,1.0,0.8844984802431611,0.9938271604938271,0.9905362776025236,1.0,0.9265175718849841,0.02359882005899705,0.3142857142857143,0.944954128440367,0.0,0.31212121212121213,0.2392638036809816,0.9670658682634731,0.0029940119760479044,0.04746835443037975,0.024024024024024024,1.0,0.10030395136778116,0.04823151125401929,0.9331306990881459,0.25449101796407186,0.8803680981595092,0.42249240121580545,0.0,0.39197530864197533,0.28106508875739644,0.012578616352201259,0.5745341614906833,0.0,0.4025157232704403,1.0,0.29357798165137616,0.003194888178913738,0.948948948948949,0.5873015873015873,0.07854984894259819,0.9142011834319527,0.2621951219512195,0.0,0.978328173374613,0.08441558441558442,0.47384615384615386,0.0,0.18654434250764526,0.4231974921630094,0.6080246913580247,0.5861027190332326,0.05917159763313609,0.5764331210191083,0.3375,0.0,1.0,0.9968253968253968,0.0,0.6960486322188449,0.6134969325153374,0.0219435736677116,0.27129337539432175,0.3103448275862069,0.8909657320872274,0.9074074074074074,0.23768115942028986,0.9907692307692307,1.0,0.996996996996997,0.027692307692307693,0.33753943217665616,0.9969879518072289,0.953125,0.30153846153846153,0.2564102564102564,0.9968454258675079,0.002898550724637681,0.9968944099378882,1.0,0.9933333333333333,0.025,0.3384146341463415,0.0121580547112462,1.0,1.0,0.018292682926829267,0.018867924528301886,0.024615384615384615,0.6918238993710691,0.03680981595092025,0.5779816513761468,0.048484848484848485,0.592948717948718,0.0,0.27102803738317754,0.5877192982456141,0.9815384615384616,0.5930599369085173,0.5545454545454546,0.3282674772036474,0.9390243902439024,0.3115727002967359,0.0,0.9846153846153847,0.365625,0.021806853582554516,0.49846153846153846,0.996996996996997,0.36990595611285265,0.8436578171091446,0.024844720496894408,0.006134969325153374,0.26666666666666666,0.25846153846153846,0.996969696969697,0.32515337423312884,0.2735562310030395,0.27927927927927926,0.9307228915662651,0.125,0.9876543209876543,0.3562091503267974,0.9968944099378882,0.5917721518987342,0.9936908517350158,0.5718562874251497,0.43333333333333335,0.29754601226993865,0.41324921135646686,0.017142857142857144,0.9792899408284024,0.9542682926829268,0.8042168674698795,1.0,0.21316614420062696,0.3146417445482866,0.021875,0.0,0.5645645645645646,0.9623824451410659,0.3202416918429003,0.9970501474926253,0.5808383233532934,0.0,0.9969135802469136,0.9760479041916168,0.9469026548672567,0.26198083067092653,0.9228486646884273,0.0,0.0,0.03987730061349693,0.2878787878787879,0.2994011976047904,0.15853658536585366,0.4117647058823529,0.9969230769230769,0.9938461538461538,0.96,0.5920245398773006,0.32926829268292684,0.009345794392523364,0.020958083832335328
M1175_Batch5,1.0,1.0,0.03459119496855346,0.42507645259938837,1.0,0.32,0.022082018927444796,1.0,0.49240121580547114,0.33225806451612905,0.026392961876832845,0.0189873417721519,1.0,0.3126934984520124,0.27884615384615385,0.4339622641509434,0.022292993630573247,0.0,0.8415841584158416,0.9968354430379747,0.009836065573770493,0.037267080745341616,0.028662420382165606,0.006622516556291391,0.0,0.7297297297297297,0.0,0.9598765432098766,1.0,0.8836477987421384,0.996875,0.9936708860759493,1.0,0.9333333333333333,0.024024024024024024,0.2931596091205212,0.9592476489028213,0.0,0.2950310559006211,0.22153846153846155,0.9698795180722891,0.0,0.03761755485893417,0.01834862385321101,1.0,0.11692307692307692,0.041401273885350316,0.9033232628398792,0.2608695652173913,0.8819875776397516,0.40615384615384614,0.0,0.3746031746031746,0.29573170731707316,0.009836065573770493,0.5869565217391305,0.0,0.3954983922829582,1.0,0.3048780487804878,0.006666666666666667,0.954954954954955,0.5954692556634305,0.08099688473520249,0.9228486646884273,0.2839506172839506,0.0,0.9810126582278481,0.08469055374592833,0.4603174603174603,0.0,0.17027863777089783,0.43260188087774293,0.6209150326797386,0.5956112852664577,0.0790273556231003,0.592948717948718,0.3514376996805112,0.0,1.0,1.0,0.0,0.7107692307692308,0.6055900621118012,0.018867924528301886,0.26282051282051283,0.3235294117647059,0.9037267080745341,0.9294871794871795,0.21987951807228914,0.9968454258675079,1.0,1.0,0.03164556962025317,0.3333333333333333,1.0,0.9621451104100947,0.29559748427672955,0.23548387096774193,1.0,0.0,1.0,1.0,0.9966887417218543,0.022364217252396165,0.3046153846153846,0.00967741935483871,1.0,1.0,0.019169329073482427,0.01557632398753894,0.022082018927444796,0.7038216560509554,0.041401273885350316,0.5792682926829268,0.04487179487179487,0.5737179487179487,0.0,0.27184466019417475,0.5907692307692308,0.9808917197452229,0.5387096774193548,0.567398119122257,0.3227848101265823,0.9446153846153846,0.32047477744807124,0.0,0.984984984984985,0.3805031446540881,0.01904761904761905,0.4783950617283951,1.0,0.35668789808917195,0.8297872340425532,0.025974025974025976,0.00625,0.2761904761904762,0.2375,1.0,0.3269230769230769,0.28173374613003094,0.28700906344410876,0.9428571428571428,0.1182108626198083,0.9875,0.37216828478964403,1.0,0.5993485342019544,0.9968253968253968,0.5927051671732523,0.4148606811145511,0.30844155844155846,0.40189873417721517,0.017341040462427744,0.9846625766871165,0.9573170731707317,0.7993920972644377,1.0,0.19801980198019803,0.3037974683544304,0.02572347266881029,0.0,0.575,0.9619047619047619,0.2993827160493827,1.0,0.5825545171339563,0.0,1.0,0.9760479041916168,0.9578313253012049,0.24605678233438485,0.9359756097560976,0.0,0.0,0.03125,0.28792569659442724,0.2844311377245509,0.17981072555205047,0.4166666666666667,1.0,0.9968152866242038,0.9621451104100947,0.5932721712538226,0.29518072289156627,0.0064516129032258064,0.021212121212121213
M12132_Batch5,0.02,0.012195121951219513,0.7507987220447284,0.043209876543209874,0.019230769230769232,0.6439628482972136,0.052795031055900624,0.01892744479495268,0.01488095238095238,0.16025641025641027,0.03680981595092025,0.3271604938271605,0.015337423312883436,0.1526479750778816,0.6793650793650794,0.06501547987616099,0.02572347266881029,0.86875,0.04487179487179487,0.025477707006369428,0.0032679738562091504,0.7088607594936709,0.9680511182108626,0.9836601307189542,0.965625,0.057926829268292686,0.9373040752351097,0.015527950310559006,0.022082018927444796,0.021406727828746176,0.018461538461538463,0.024922118380062305,0.018867924528301886,0.03205128205128205,0.04878048780487805,0.1563517915309446,0.027777777777777776,0.0032258064516129032,0.16770186335403728,0.0425531914893617,0.024615384615384615,0.8504672897196262,0.7060702875399361,0.0975609756097561,0.021875,0.8119122257053292,0.04262295081967213,0.022222222222222223,0.693939393939394,0.0379746835443038,0.015479876160990712,0.91875,0.18867924528301888,0.654434250764526,0.00964630225080386,0.33544303797468356,0.00911854103343465,0.5466237942122186,0.022151898734177215,0.6477987421383647,0.009933774834437087,0.058823529411764705,0.3475409836065574,0.03470031545741325,0.041916167664670656,0.7272727272727273,0.9396825396825397,0.03459119496855346,0.032679738562091505,0.025236593059936908,0.0064516129032258064,0.00946372239747634,0.5389408099688473,0.3259493670886076,0.3507692307692308,0.8445121951219512,0.3504823151125402,0.6069182389937107,0.9575757575757575,0.0189873417721519,0.015822784810126583,0.006153846153846154,0.2515527950310559,0.3238095238095238,0.02830188679245283,0.17475728155339806,0.6290322580645161,0.053125,0.03536977491961415,0.012232415902140673,0.022082018927444796,0.021739130434782608,0.021604938271604937,0.17981072555205047,0.14743589743589744,0.012345679012345678,0.022082018927444796,0.01238390092879257,0.04472843450479233,0.022435897435897436,0.9849397590361446,0.022151898734177215,0.012698412698412698,0.01935483870967742,0.03858520900321544,0.13793103448275862,0.750788643533123,0.018292682926829267,0.019169329073482427,1.0,0.9905956112852664,0.9968652037617555,0.24920127795527156,0.11356466876971609,0.3670886075949367,0.6802507836990596,0.03225806451612903,0.0033112582781456954,0.6677524429967426,0.3595166163141994,0.022508038585209004,0.028846153846153848,0.3761755485893417,0.23659305993690852,0.03669724770642202,0.540785498489426,0.9552715654952076,0.015151515151515152,0.5650793650793651,0.03773584905660377,0.03715170278637771,0.02127659574468085,0.015384615384615385,0.024096385542168676,0.028125,0.07643312101910828,0.6801242236024845,0.009375,0.021212121212121213,0.20952380952380953,0.66875,0.6656534954407295,0.0438871473354232,0.842948717948718,0.021671826625386997,0.5596026490066225,0.022222222222222223,0.33881578947368424,0.022082018927444796,0.35714285714285715,0.4179566563467492,0.638095238095238,0.00964630225080386,0.03488372093023256,0.01834862385321101,0.021875,0.05345911949685535,0.0196078431372549,0.06451612903225806,0.013114754098360656,0.03559870550161812,0.9105431309904153,0.39570552147239263,0.032679738562091505,0.009615384615384616,0.02108433734939759,0.3487654320987654,0.9203821656050956,0.022435897435897436,0.030303030303030304,0.021341463414634148,0.09177215189873418,0.03323262839879154,0.9673590504451038,0.9138461538461539,0.7507692307692307,0.6625,0.16566265060240964,0.4797507788161994,0.4420731707317073,0.015432098765432098,0.0219435736677116,0.024922118380062305,0.34662576687116564,0.07076923076923076,0.7877813504823151,0.043209876543209874
M1275_Batch5,0.022292993630573247,0.0121580547112462,0.7756410256410257,0.03680981595092025,0.018808777429467086,0.6178343949044586,0.078125,0.022222222222222223,0.012048192771084338,0.1607717041800643,0.06006006006006006,0.37538461538461537,0.015479876160990712,0.1524390243902439,0.6410256410256411,0.06687898089171974,0.05144694533762058,0.8746177370030581,0.038338658146964855,0.01910828025477707,0.0,0.7241379310344828,0.978328173374613,1.0,0.9646302250803859,0.059880239520958084,0.9276729559748428,0.01892744479495268,0.01904761904761905,0.015625,0.01834862385321101,0.028846153846153848,0.021806853582554516,0.03215434083601286,0.0736196319018405,0.15960912052117263,0.031055900621118012,0.0,0.1743119266055046,0.05993690851735016,0.02694610778443114,0.8593272171253823,0.732484076433121,0.11076923076923077,0.022082018927444796,0.7861635220125787,0.06129032258064516,0.024844720496894408,0.68,0.04075235109717868,0.012269938650306749,0.8837920489296636,0.18971061093247588,0.6163141993957704,0.0,0.35,0.0,0.5303514376996805,0.021739130434782608,0.609375,0.0,0.05864197530864197,0.34098360655737703,0.027950310559006212,0.030211480362537766,0.6820987654320988,0.9166666666666666,0.03492063492063492,0.046052631578947366,0.021875,0.0,0.0,0.5341614906832298,0.33121019108280253,0.3627760252365931,0.8303030303030303,0.34951456310679613,0.5648148148148148,0.9724770642201835,0.021538461538461538,0.01607717041800643,0.0,0.2445141065830721,0.321875,0.04807692307692308,0.1832797427652733,0.594855305466238,0.052795031055900624,0.03205128205128205,0.0061162079510703364,0.018808777429467086,0.025078369905956112,0.015432098765432098,0.19936708860759494,0.15434083601286175,0.018404907975460124,0.01929260450160772,0.003105590062111801,0.05732484076433121,0.022222222222222223,0.982089552238806,0.01935483870967742,0.015723270440251572,0.020066889632107024,0.05144694533762058,0.14150943396226415,0.7412140575079872,0.018867924528301886,0.01557632398753894,0.9905956112852664,1.0,0.9938271604938271,0.26666666666666666,0.12540192926045016,0.3715170278637771,0.7009345794392523,0.03870967741935484,0.0,0.6314102564102564,0.3653250773993808,0.022364217252396165,0.028846153846153848,0.38080495356037153,0.2087227414330218,0.03680981595092025,0.5236686390532544,0.9662576687116564,0.018404907975460124,0.5352564102564102,0.059375,0.04100946372239748,0.02147239263803681,0.012578616352201259,0.02735562310030395,0.04823151125401929,0.1125,0.6334405144694534,0.00625,0.021212121212121213,0.2082018927444795,0.6346749226006192,0.6242236024844721,0.0440251572327044,0.8178913738019169,0.018867924528301886,0.5258064516129032,0.025396825396825397,0.34539473684210525,0.02258064516129032,0.3484848484848485,0.4086687306501548,0.6134185303514377,0.009523809523809525,0.049707602339181284,0.01834862385321101,0.018867924528301886,0.04878048780487805,0.016129032258064516,0.08387096774193549,0.006472491909385114,0.05714285714285714,0.8829113924050633,0.3644859813084112,0.025806451612903226,0.006230529595015576,0.024691358024691357,0.335423197492163,0.8949044585987261,0.022222222222222223,0.027522935779816515,0.02373887240356083,0.07255520504731862,0.030120481927710843,0.9734513274336283,0.8819875776397516,0.7625,0.6257861635220126,0.1712538226299694,0.484472049689441,0.42153846153846153,0.012698412698412698,0.02564102564102564,0.025,0.3597560975609756,0.08708708708708708,0.7806451612903226,0.07098765432098765
M1276_Batch5,0.021671826625386997,0.01791044776119403,0.7563291139240507,0.04216867469879518,0.024922118380062305,0.6483180428134556,0.0694006309148265,0.025236593059936908,0.017964071856287425,0.16878980891719744,0.05357142857142857,0.3577981651376147,0.0182370820668693,0.15337423312883436,0.6666666666666666,0.065625,0.045454545454545456,0.8666666666666667,0.04516129032258064,0.021875,0.0,0.7006172839506173,0.9722222222222222,0.9837133550488599,0.9523809523809523,0.06306306306306306,0.9230769230769231,0.021406727828746176,0.025078369905956112,0.024464831804281346,0.021604938271604937,0.03492063492063492,0.02786377708978328,0.03481012658227848,0.06042296072507553,0.16720257234726688,0.03058103975535168,0.0,0.1712538226299694,0.05555555555555555,0.02694610778443114,0.8459214501510574,0.6942675159235668,0.11009174311926606,0.028125,0.7811550151975684,0.054838709677419356,0.030959752321981424,0.6994047619047619,0.04716981132075472,0.01524390243902439,0.8844984802431611,0.1892744479495268,0.6445783132530121,0.006309148264984227,0.3495440729483283,0.006060606060606061,0.534375,0.025157232704402517,0.6238532110091743,0.006493506493506494,0.06006006006006006,0.3580645161290323,0.030959752321981424,0.0364741641337386,0.7,0.9130434782608695,0.03761755485893417,0.039603960396039604,0.021604938271604937,0.003134796238244514,0.006230529595015576,0.525,0.325,0.3558282208588957,0.8377581120943953,0.34824281150159747,0.5882352941176471,0.9545454545454546,0.02476780185758514,0.022508038585209004,0.003048780487804878,0.24074074074074073,0.32098765432098764,0.04716981132075472,0.18354430379746836,0.6352201257861635,0.06230529595015576,0.028481012658227847,0.012084592145015106,0.022364217252396165,0.027607361963190184,0.02147239263803681,0.1942675159235669,0.14511041009463724,0.02147239263803681,0.021604938271604937,0.009230769230769232,0.059190031152647975,0.025236593059936908,0.973293768545994,0.024844720496894408,0.021806853582554516,0.025889967637540454,0.044444444444444446,0.14285714285714285,0.75,0.024615384615384615,0.022082018927444796,0.9968652037617555,0.9938271604938271,1.0,0.25705329153605017,0.128125,0.373134328358209,0.6697819314641744,0.04792332268370607,0.0032679738562091504,0.665625,0.35502958579881655,0.02857142857142857,0.02875399361022364,0.36923076923076925,0.21630094043887146,0.03680981595092025,0.5441176470588235,0.9472049689440993,0.021148036253776436,0.5516129032258065,0.04375,0.04643962848297214,0.027190332326283987,0.018461538461538463,0.02694610778443114,0.043343653250773995,0.10461538461538461,0.6697247706422018,0.009202453987730062,0.024096385542168676,0.21337579617834396,0.6574074074074074,0.6656626506024096,0.04984423676012461,0.8126984126984127,0.027777777777777776,0.5544871794871795,0.03115264797507788,0.34185303514376997,0.025559105431309903,0.344311377245509,0.42105263157894735,0.6444444444444445,0.012738853503184714,0.04857142857142857,0.02147239263803681,0.021604938271604937,0.046153846153846156,0.02280130293159609,0.08090614886731391,0.012903225806451613,0.055900621118012424,0.8810975609756098,0.37037037037037035,0.0380952380952381,0.009174311926605505,0.029585798816568046,0.35060975609756095,0.8939393939393939,0.025,0.029585798816568046,0.026627218934911243,0.07836990595611286,0.029940119760479042,0.9593023255813954,0.8888888888888888,0.7401812688821753,0.6521739130434783,0.17522658610271905,0.4660493827160494,0.4427710843373494,0.018633540372670808,0.02531645569620253,0.02786377708978328,0.3525835866261398,0.08333333333333333,0.7827476038338658,0.06006006006006006
M1293_Batch5,0.7051282051282052,0.7160883280757098,0.20388349514563106,0.311178247734139,0.7232704402515723,0.6540880503144654,0.0,0.7098765432098766,0.3149847094801223,0.3246753246753247,0.003048780487804878,0.1238390092879257,0.6984126984126984,0.2870662460567823,0.5974025974025974,0.36477987421383645,0.0,0.22611464968152867,0.625,0.7106109324758842,0.013289036544850499,0.19808306709265175,0.2765273311897106,0.22666666666666666,0.20512820512820512,0.5575757575757576,0.22327044025157233,0.690625,0.7092651757188498,0.5943396226415094,0.6908517350157729,0.7147435897435898,0.7124600638977636,0.7083333333333334,0.0,0.271523178807947,0.6698113207547169,0.0,0.2974683544303797,0.17142857142857143,0.6871165644171779,0.205607476635514,0.19407894736842105,0.027607361963190184,0.7097791798107256,0.3961661341853035,0.009771986970684038,0.6309148264984227,0.5759493670886076,0.6782334384858044,0.26875,0.28213166144200624,0.37540453074433655,0.6132930513595166,0.009771986970684038,0.9262820512820513,0.0,0.7491961414790996,0.7138263665594855,0.6383647798742138,0.003355704697986577,0.780564263322884,0.921311475409836,0.08490566037735849,0.7169230769230769,0.5846645367412141,0.33647798742138363,0.7216828478964401,0.03333333333333333,0.34394904458598724,0.0,0.084375,0.7414330218068536,0.930921052631579,0.9276729559748428,0.3871951219512195,0.9207920792079208,0.6806451612903226,0.22429906542056074,0.7111801242236024,0.6699346405228758,0.0,0.9424920127795527,0.9235668789808917,0.0,0.26031746031746034,0.6286644951140065,0.680379746835443,0.6883116883116883,0.12732919254658384,0.7003154574132492,0.7241379310344828,0.722397476340694,0.06984126984126984,0.3089171974522293,0.7227414330218068,0.6858974358974359,0.16293929712460065,0.21875,0.7348242811501597,0.22590361445783133,0.7258064516129032,0.6905537459283387,0.7119205298013245,0.0,0.2861635220125786,0.1861198738170347,0.6918238993710691,0.7038216560509554,0.24920127795527156,0.26666666666666666,0.25705329153605017,1.0,0.03773584905660377,0.9142857142857143,0.19003115264797507,0.4212218649517685,0.0,0.5852090032154341,0.9380804953560371,0.7166123778501629,0.4131147540983607,0.9102564102564102,0.33865814696485624,0.7361963190184049,0.5245398773006135,0.23322683706070288,0.7078313253012049,0.7124183006535948,0.0,0.35555555555555557,0.7055214723926381,0.21935483870967742,0.6067073170731707,0.003194888178913738,0.0031746031746031746,0.5759493670886076,0.12539184952978055,0.7097791798107256,0.34394904458598724,0.620253164556962,0.5802469135802469,0.6990595611285266,0.4253246753246753,0.7060702875399361,0.6655629139072847,0.7278481012658228,0.92,0.7322580645161291,0.9071207430340558,0.5919003115264797,0.6384364820846905,0.25236593059936907,0.0,0.7227414330218068,0.7138364779874213,0.60625,0.7337662337662337,0.18566775244299674,0.16887417218543047,0.006557377049180328,0.27899686520376177,0.7956656346749226,0.7252396166134185,0.1806853582554517,0.7116564417177914,0.9197530864197531,0.28664495114006516,0.7006172839506173,0.7360248447204969,0.6716867469879518,0.19344262295081968,0.6925465838509317,0.24085365853658536,0.2621951219512195,0.18575851393188855,0.6170886075949367,0.2791411042944785,0.29780564263322884,0.5846153846153846,0.7115384615384616,0.7206349206349206,0.6793650793650794,0.9142857142857143,0.2674772036474164,0.16987179487179488,0.0030303030303030303
M1296_Batch5,0.04220779220779221,0.043076923076923075,0.36245954692556637,0.01567398119122257,0.04075235109717868,0.07861635220125786,0.9283489096573209,0.04416403785488959,0.014925373134328358,0.635483870967742,0.8966565349544073,0.750788643533123,0.043343653250773995,0.6840490797546013,0.10191082802547771,0.5669781931464174,0.8996763754045307,0.13580246913580246,0.20588235294117646,0.05063291139240506,0.0,0.410828025477707,0.11708860759493671,0.14006514657980457,0.11858974358974358,0.3151515151515151,0.08490566037735849,0.041401273885350316,0.04100946372239748,0.040372670807453416,0.040372670807453416,0.03492063492063492,0.04113924050632911,0.04918032786885246,0.8982035928143712,0.6785714285714286,0.07476635514018691,0.0,0.6853582554517134,0.7208588957055214,0.05089820359281437,0.2553191489361702,0.4095238095238095,1.0,0.03205128205128205,0.06769230769230769,0.8774193548387097,0.12618296529968454,0.09316770186335403,0.13836477987421383,0.012345679012345678,0.08411214953271028,0.5814696485623003,0.0830860534124629,0.0,0.033846153846153845,0.0,0.07096774193548387,0.04153354632587859,0.08888888888888889,0.0,0.03951367781155015,0.026143790849673203,0.0,0.03353658536585366,0.078125,0.08411214953271028,0.03164556962025317,0.8543046357615894,0.015527950310559006,0.0,0.006191950464396285,0.06583072100313479,0.02622950819672131,0.034055727554179564,0.08157099697885196,0.032362459546925564,0.07936507936507936,0.11926605504587157,0.04501607717041801,0.045454545454545456,0.0,0.037383177570093455,0.03194888178913738,0.919093851132686,0.6962025316455697,0.0935483870967742,0.11746031746031746,0.038461538461538464,0.009230769230769232,0.03821656050955414,0.03459119496855346,0.046296296296296294,0.40384615384615385,0.671875,0.036923076923076927,0.05228758169934641,0.01592356687898089,0.7006369426751592,0.025974025974025976,0.12316715542521994,0.03481012658227848,0.04180064308681672,0.04827586206896552,0.8827361563517915,0.665625,0.09967845659163987,0.03680981595092025,0.041401273885350316,0.11356466876971609,0.12540192926045016,0.128125,0.03773584905660377,1.0,0.03987730061349693,0.4426751592356688,0.4115755627009646,0.0,0.0914826498422713,0.028037383177570093,0.0380952380952381,0.40192926045016075,0.04416403785488959,0.022082018927444796,0.04075235109717868,0.23708206686930092,0.11356466876971609,0.03625377643504532,0.07792207792207792,0.8913738019169329,0.47987616099071206,0.034055727554179564,0.006309148264984227,0.2153846153846154,0.8996763754045307,0.7721518987341772,0.11987381703470032,0.012422360248447204,0.04375,0.5993690851735016,0.08544303797468354,0.10122699386503067,0.08201892744479496,0.0946372239747634,0.0375,0.07987220447284345,0.04126984126984127,0.032362459546925564,0.041935483870967745,0.040123456790123455,0.2523076923076923,0.0914826498422713,0.012618296529968454,0.8961424332344213,0.04242424242424243,0.052795031055900624,0.21981424148606812,0.03908794788273615,0.7908496732026143,0.016181229773462782,0.9163987138263665,0.07792207792207792,0.043478260869565216,0.041666666666666664,0.015723270440251572,0.045871559633027525,0.040372670807453416,0.07692307692307693,0.04643962848297214,0.04024767801857585,0.05105105105105105,0.025396825396825397,0.036923076923076927,0.11904761904761904,0.07033639143730887,0.3931888544891641,0.08385093167701864,0.6816816816816816,0.4888888888888889,0.25609756097560976,0.04430379746835443,0.04416403785488959,0.05362776025236593,0.025078369905956112,0.6798780487804879,0.13268608414239483,0.9036144578313253
M2103_Batch5,0.61198738170347,0.5838323353293413,0.26332288401253917,0.2514792899408284,0.5794392523364486,0.7585139318885449,0.003076923076923077,0.598159509202454,0.25970149253731345,0.2902208201892745,0.0029069767441860465,0.1687116564417178,0.5740181268882175,0.24397590361445784,0.7275541795665634,0.2888198757763975,0.0,0.3424242424242424,0.542319749216301,0.5981308411214953,0.013157894736842105,0.2777777777777778,0.39384615384615385,0.3227848101265823,0.3113207547169811,0.4746268656716418,0.303125,0.5692307692307692,0.584375,0.5015197568389058,0.5907692307692308,0.5777777777777777,0.6056782334384858,0.5854430379746836,0.0,0.23824451410658307,0.5462962962962963,0.0,0.24624624624624625,0.12654320987654322,0.5635838150289018,0.31137724550898205,0.2639751552795031,0.03293413173652695,0.6012658227848101,0.5216049382716049,0.00641025641025641,0.5181818181818182,0.6837349397590361,0.5754716981132075,0.1933534743202417,0.40119760479041916,0.328125,0.7351190476190477,0.009584664536741214,0.981651376146789,0.0,0.8333333333333334,0.5925925925925926,0.7345679012345679,0.0032679738562091504,0.6388059701492538,0.9936908517350158,0.10091743119266056,0.5845697329376854,0.6930091185410334,0.46504559270516715,0.6050156739811913,0.03571428571428571,0.265625,0.0,0.07975460122699386,0.8411214953271028,0.9780564263322884,0.9908814589665653,0.4924924924924925,0.9936507936507937,0.778816199376947,0.34662576687116564,0.5902140672782875,0.5506329113924051,0.0,0.8957055214723927,0.9937106918238994,0.0,0.22364217252396165,0.719626168224299,0.5975232198142415,0.560126582278481,0.0990990990990991,0.577639751552795,0.6071428571428571,0.5891238670694864,0.08945686900958466,0.2563291139240506,0.5736196319018405,0.5807453416149069,0.12269938650306748,0.17445482866043613,0.6246056782334385,0.35294117647058826,0.5944272445820433,0.5625,0.6032786885245902,0.0,0.2415902140672783,0.2641509433962264,0.5779816513761468,0.5792682926829268,0.3670886075949367,0.3715170278637771,0.373134328358209,0.9142857142857143,0.03987730061349693,1.0,0.2523364485981308,0.3312302839116719,0.0,0.6875,0.9940476190476191,0.5917721518987342,0.34285714285714286,0.9907407407407407,0.33229813664596275,0.6068111455108359,0.6029411764705882,0.3375,0.601823708206687,0.8207547169811321,0.0,0.2774390243902439,0.5884146341463414,0.16307692307692306,0.4896142433234421,0.003105590062111801,0.012269938650306749,0.6697819314641744,0.1027190332326284,0.603030303030303,0.31974921630094044,0.7186544342507645,0.6978851963746223,0.5820433436532507,0.5301587301587302,0.5891238670694864,0.750788643533123,0.6069182389937107,0.9967532467532467,0.6170886075949367,0.9879154078549849,0.6452599388379205,0.7523219814241486,0.1829652996845426,0.0,0.5898203592814372,0.5735735735735735,0.5258358662613982,0.61198738170347,0.1592356687898089,0.1305732484076433,0.006230529595015576,0.3993808049535604,0.8549848942598187,0.6261980830670927,0.14678899082568808,0.5835866261398176,0.9909365558912386,0.411214953271028,0.5740740740740741,0.6107784431137725,0.5441176470588235,0.17956656346749225,0.5621301775147929,0.3515850144092219,0.375,0.26625386996904027,0.7303030303030303,0.2359882005899705,0.3353846153846154,0.6366366366366366,0.6125,0.590625,0.5524691358024691,0.9815384615384616,0.19822485207100593,0.27531645569620256,0.002967359050445104
M2121_Batch5,0.04153354632587859,0.034375,0.9522292993630573,0.04242424242424243,0.04892966360856269,0.4603174603174603,0.35185185185185186,0.03761755485893417,0.01488095238095238,0.4786885245901639,0.3283582089552239,0.6859756097560976,0.043076923076923075,0.48942598187311176,0.5080385852090032,0.2897196261682243,0.34098360655737703,0.559375,0.15081967213114755,0.05956112852664577,0.0,0.975,0.7,0.6964856230031949,0.6490683229813664,0.23333333333333334,0.6200607902735562,0.056962025316455694,0.043343653250773995,0.039634146341463415,0.04375,0.0625,0.043478260869565216,0.06430868167202572,0.32628398791540786,0.49032258064516127,0.07975460122699386,0.0032258064516129032,0.47865853658536583,0.3157894736842105,0.059880239520958084,0.7111801242236024,0.975,0.41590214067278286,0.04375,0.5408805031446541,0.34951456310679613,0.07476635514018691,0.5274390243902439,0.12149532710280374,0.033846153846153845,0.5723076923076923,0.4810126582278481,0.4599406528189911,0.0,0.23765432098765432,0.003134796238244514,0.39747634069400634,0.0529595015576324,0.4804804804804805,0.0,0.07878787878787878,0.22295081967213115,0.02476780185758514,0.05688622754491018,0.4810126582278481,0.5880503144654088,0.059748427672955975,0.33222591362126247,0.02830188679245283,0.003115264797507788,0.009375,0.3385093167701863,0.22429906542056074,0.24382716049382716,0.5479041916167665,0.2305194805194805,0.4440894568690096,0.6616314199395771,0.048484848484848485,0.028938906752411574,0.0030211480362537764,0.17027863777089783,0.2302839116719243,0.3108974358974359,0.5316455696202531,0.4603174603174603,0.10062893081761007,0.05660377358490566,0.008955223880597015,0.04923076923076923,0.04573170731707317,0.051515151515151514,0.2563291139240506,0.4702194357366771,0.04573170731707317,0.06050955414012739,0.012345679012345678,0.3238993710691824,0.050793650793650794,0.6676470588235294,0.050955414012738856,0.0438871473354232,0.05263157894736842,0.326984126984127,0.4797507788161994,0.5046728971962616,0.048484848484848485,0.04487179487179487,0.6802507836990596,0.7009345794392523,0.6697819314641744,0.19003115264797507,0.4426751592356688,0.2523364485981308,1.0,0.15755627009646303,0.0033444816053511705,0.5078369905956113,0.22255192878338279,0.04838709677419355,0.1891025641025641,0.2577639751552795,0.13479623824451412,0.055900621118012424,0.5347432024169184,0.6613924050632911,0.05105105105105105,0.416403785488959,0.3069620253164557,0.20754716981132076,0.047619047619047616,0.012618296529968454,0.12275449101796407,0.326984126984127,0.3591331269349845,0.5314465408805031,0.012307692307692308,0.05345911949685535,0.49843260188087773,0.4894894894894895,0.5119760479041916,0.09567901234567901,0.6144200626959248,0.049689440993788817,0.445141065830721,0.056962025316455694,0.24920127795527156,0.05063291139240506,0.24624624624624625,0.4388059701492537,0.4620253164556962,0.012698412698412698,0.3179190751445087,0.05198776758409786,0.060126582278481014,0.15709969788519637,0.04487179487179487,0.39228295819935693,0.0064516129032258064,0.32903225806451614,0.5849056603773585,0.2560240963855422,0.06875,0.003076923076923077,0.045454545454545456,0.2361963190184049,0.580952380952381,0.05396825396825397,0.05952380952380952,0.05120481927710843,0.03470031545741325,0.0626865671641791,0.6646884272997032,0.5825825825825826,0.9720496894409938,0.48580441640378547,0.49393939393939396,0.7661538461538462,0.4603658536585366,0.04430379746835443,0.05379746835443038,0.05828220858895705,0.2375,0.38023952095808383,0.5619047619047619,0.3556231003039514
M2253_Batch5,0.5673076923076923,0.5930599369085173,0.1237785016286645,0.19076923076923077,0.5608974358974359,0.1829652996845426,0.4448051948051948,0.5936507936507937,0.2610062893081761,0.4983388704318937,0.45592705167173253,0.26031746031746034,0.6069182389937107,0.5297805642633229,0.13815789473684212,0.6153846153846154,0.45874587458745875,0.034482758620689655,0.5913621262458472,0.5846645367412141,0.0033222591362126247,0.16181229773462782,0.028938906752411574,0.029411764705882353,0.019417475728155338,0.5705521472392638,0.0,0.5454545454545454,0.5765472312703583,0.5202492211838006,0.5886075949367089,0.5681818181818182,0.5787781350482315,0.5529801324503312,0.4551083591331269,0.5145631067961165,0.5787781350482315,0.0,0.5125786163522013,0.64576802507837,0.5524691358024691,0.08709677419354839,0.1437908496732026,0.3925233644859813,0.5801282051282052,0.06687898089171974,0.506578947368421,0.6506410256410257,0.12738853503184713,0.5431309904153354,0.18471337579617833,0.0,0.4820846905537459,0.1524390243902439,0.010169491525423728,0.33121019108280253,0.0,0.22151898734177214,0.5508196721311476,0.1523809523809524,0.0033444816053511705,0.562111801242236,0.35333333333333333,0.054838709677419356,0.5194029850746269,0.14556962025316456,0.0,0.5374592833876222,0.46308724832214765,0.22903225806451613,0.0,0.07348242811501597,0.24429967426710097,0.3388704318936877,0.32903225806451614,0.03115264797507788,0.32051282051282054,0.16286644951140064,0.021806853582554516,0.5654952076677316,0.5631067961165048,0.0,0.4031746031746032,0.36807817589576547,0.42996742671009774,0.5049180327868853,0.16393442622950818,0.5194805194805194,0.5263157894736842,0.13522012578616352,0.5714285714285714,0.5673076923076923,0.5732484076433121,0.1893687707641196,0.517799352750809,0.5828025477707006,0.5620915032679739,0.1590909090909091,0.698051948051948,0.5728155339805825,0.018404907975460124,0.5916398713826366,0.5700636942675159,0.6040955631399317,0.4483870967741935,0.5314465408805031,0.02258064516129032,0.592948717948718,0.5737179487179487,0.03225806451612903,0.03870967741935484,0.04792332268370607,0.4212218649517685,0.4115755627009646,0.3312302839116719,0.15755627009646303,1.0,0.0,0.13592233009708737,0.33746130030959753,0.5865384615384616,0.6699029126213593,0.3419354838709677,0.17295597484276728,0.5356037151702786,0.27439024390243905,0.012698412698412698,0.5506329113924051,0.2152317880794702,0.4645161290322581,1.0,0.5846645367412141,0.1794871794871795,0.6304347826086957,0.4426751592356688,0.3291139240506329,0.1488673139158576,0.13099041533546327,0.5669781931464174,0.47249190938511326,0.15789473684210525,0.16822429906542055,0.5828025477707006,0.06687898089171974,0.5700325732899023,0.22185430463576158,0.5870967741935483,0.3400673400673401,0.5751633986928104,0.35,0.35443037974683544,0.15737704918032788,0.22295081967213115,0.44610778443113774,0.5692307692307692,0.5737179487179487,0.5714285714285714,0.5723684210526315,0.5784313725490197,0.15789473684210525,0.45723684210526316,0.0,0.33753943217665616,0.56957928802589,0.15335463258785942,0.5784615384615385,0.3333333333333333,0.0,0.5886075949367089,0.54858934169279,0.5613496932515337,0.11437908496732026,0.5125786163522013,0.02147239263803681,0.0,0.13504823151125403,0.14838709677419354,0.5139318885448917,0.24509803921568626,0.32507739938080493,0.5870967741935483,0.5895765472312704,0.5579937304075235,0.3553459119496855,0.596875,0.04304635761589404,0.4236760124610592
M2255_Batch5,0.0,0.0,0.0033783783783783786,0.4769736842105263,0.0,0.0,0.0,0.0,0.4937888198757764,0.0,0.0,0.003278688524590164,0.0,0.0,0.0,0.0,0.0,0.0891089108910891,0.0,0.0,0.9857651245551602,0.0,0.0,0.0,0.0,0.0,0.0,0.023255813953488372,0.0,0.11409395973154363,0.0,0.0,0.0,0.04081632653061224,0.0,0.0,0.013245033112582781,1.0,0.0,0.006349206349206349,0.013029315960912053,0.0,0.0,0.0,0.0,0.0,0.0,0.0,0.0,0.0,0.5335463258785943,0.0,0.0,0.0,0.9828767123287672,0.0,1.0,0.0,0.0,0.0,0.9931506849315068,0.0,0.0,0.9210526315789473,0.048701298701298704,0.0033003300330033004,0.0,0.0,0.0,0.4485049833887043,1.0,0.8026315789473685,0.003367003367003367,0.0034482758620689655,0.0,0.003205128205128205,0.0,0.0,0.003257328990228013,0.0,0.0,1.0,0.0,0.0,0.0,0.0,0.0,0.0,0.05136986301369863,0.7388535031847133,0.0033783783783783786,0.0,0.0,0.36363636363636365,0.0,0.0,0.026490066225165563,0.6699029126213593,0.0,0.0,0.0,0.0,0.0,0.0,0.0,0.0,0.20860927152317882,0.0,0.0,0.0033112582781456954,0.0,0.0032679738562091504,0.0,0.0,0.0,0.0033444816053511705,0.0,1.0,0.0,0.0,0.0,0.006688963210702341,0.0,0.4276094276094276,0.025889967637540454,0.0,0.0,0.0,0.0,0.0,0.0,0.0,0.5993377483443708,0.0,0.0,0.06209150326797386,0.0,0.7233333333333334,0.0,0.0,0.0,0.0,0.0,0.0,0.0,0.0,0.0,0.0,0.0,0.0,0.0,0.0,0.5551724137931034,0.0,0.0033112582781456954,0.023255813953488372,0.016286644951140065,0.0,0.0,0.65625,0.0,0.0,0.02631578947368421,0.0,0.6557377049180327,0.0,0.0,0.0,0.0,0.0,0.02830188679245283,0.6462585034013606,0.04487179487179487,0.0,0.0,0.0,0.0,0.0,0.0033444816053511705,0.0,0.0,0.0,0.013114754098360656,0.0,0.003194888178913738,0.18243243243243243,0.0
M234_Batch5,0.27741935483870966,0.2716049382716049,0.5382165605095541,0.14506172839506173,0.2916666666666667,0.949685534591195,0.01875,0.28125,0.1111111111111111,0.28052805280528054,0.011799410029498525,0.2476780185758514,0.270516717325228,0.22153846153846155,0.9968354430379747,0.16666666666666666,0.016181229773462782,0.5109717868338558,0.28115015974440893,0.2634920634920635,0.0,0.5264797507788161,0.703125,0.632258064516129,0.6151419558359621,0.286144578313253,0.6625386996904025,0.28525641025641024,0.2715654952076677,0.2554517133956386,0.273015873015873,0.28662420382165604,0.26517571884984026,0.3081967213114754,0.00909090909090909,0.23127035830618892,0.2631578947368421,0.0,0.24,0.04672897196261682,0.28313253012048195,0.5674846625766872,0.5129032258064516,0.07453416149068323,0.288961038961039,0.8369905956112853,0.013245033112582781,0.2336448598130841,0.9723926380368099,0.3069620253164557,0.10869565217391304,0.6975308641975309,0.29545454545454547,0.9728915662650602,0.0,0.6750788643533123,0.0,0.8683385579937304,0.29260450160771706,0.98125,0.0,0.3192771084337349,0.6893203883495146,0.05214723926380368,0.2919254658385093,0.8805031446540881,0.7704402515723271,0.3089171974522293,0.03642384105960265,0.15457413249211358,0.0,0.037383177570093455,0.7987220447284346,0.6527331189710611,0.6894409937888198,0.7424242424242424,0.6784565916398714,0.9252336448598131,0.6349693251533742,0.26959247648902823,0.24262295081967214,0.0,0.5820433436532507,0.6613924050632911,0.009771986970684038,0.2229299363057325,0.9612903225806452,0.328125,0.2754098360655738,0.036585365853658534,0.27531645569620256,0.2884012539184953,0.2680722891566265,0.08974358974358974,0.21935483870967742,0.26851851851851855,0.25483870967741934,0.05642633228840126,0.07523510971786834,0.28253968253968254,0.6409495548961425,0.3052959501557632,0.27586206896551724,0.2727272727272727,0.00641025641025641,0.21406727828746178,0.4483870967741935,0.27102803738317754,0.27184466019417475,0.6677524429967426,0.6314102564102564,0.665625,0.5852090032154341,0.0914826498422713,0.6875,0.5078369905956113,0.13592233009708737,0.0,1.0,0.656441717791411,0.2879746835443038,0.1751592356687898,0.696875,0.2601880877742947,0.29846153846153844,0.7951807228915663,0.6230031948881789,0.28307692307692306,0.9193548387096774,0.01282051282051282,0.09748427672955975,0.27639751552795033,0.08653846153846154,0.25382262996941896,0.00964630225080386,0.031446540880503145,0.9682539682539683,0.0529595015576324,0.2852760736196319,0.3054662379421222,0.9842767295597484,0.9789156626506024,0.32087227414330216,0.8753993610223643,0.2884012539184953,0.900990099009901,0.2870662460567823,0.6741214057507987,0.2903225806451613,0.6882716049382716,0.6984126984126984,0.9682539682539683,0.08598726114649681,0.011695906432748537,0.2796352583586626,0.2866043613707165,0.27586206896551724,0.2875816993464052,0.09841269841269841,0.065625,0.01597444089456869,0.6962025316455697,0.6512345679012346,0.30158730158730157,0.059006211180124224,0.2839506172839506,0.6677115987460815,0.7097791798107256,0.271875,0.2822085889570552,0.24477611940298508,0.12140575079872204,0.2865853658536585,0.6393939393939394,0.6790123456790124,0.5345911949685535,0.9968944099378882,0.23867069486404835,0.4827586206896552,0.7116564417177914,0.28846153846153844,0.2848101265822785,0.2413793103448276,0.6677115987460815,0.1437308868501529,0.43934426229508194,0.012195121951219513
M251_Batch5,0.6153846153846154,0.5905044510385756,0.23867069486404835,0.26176470588235295,0.6048632218844985,0.7341389728096677,0.0,0.5963302752293578,0.263768115942029,0.2693498452012384,0.0028735632183908046,0.1394658753709199,0.5803571428571429,0.23952095808383234,0.6959247648902821,0.30606060606060603,0.0,0.3323262839879154,0.546875,0.595679012345679,0.00949367088607595,0.24316109422492402,0.39221556886227543,0.30124223602484473,0.3119266055045872,0.4812680115273775,0.31419939577039274,0.5748502994011976,0.5914634146341463,0.5029761904761905,0.5830815709969789,0.5975232198142415,0.6102719033232629,0.5943396226415094,0.0,0.228125,0.5565476190476191,0.0,0.24778761061946902,0.13134328358208955,0.5742857142857143,0.3042168674698795,0.24375,0.02654867256637168,0.6012269938650306,0.4984984984984985,0.0031446540880503146,0.5438066465256798,0.6528189910979229,0.5853658536585366,0.23391812865497075,0.39104477611940297,0.3143712574850299,0.6976744186046512,0.006153846153846154,0.9939759036144579,0.0,0.8363636363636363,0.5873493975903614,0.7048192771084337,0.003194888178913738,0.6447761194029851,0.9969135802469136,0.10703363914373089,0.6057971014492753,0.6756756756756757,0.4594594594594595,0.61875,0.034482758620689655,0.2904191616766467,0.0,0.06845238095238096,0.8283132530120482,0.9908814589665653,0.9970414201183432,0.46839080459770116,0.9968944099378882,0.7492260061919505,0.3352941176470588,0.6012084592145015,0.5648148148148148,0.0,0.9023668639053254,0.9820359281437125,0.0,0.21981424148606812,0.7067901234567902,0.6132930513595166,0.5670731707317073,0.08771929824561403,0.5896656534954408,0.6112759643916914,0.5880597014925373,0.07951070336391437,0.25914634146341464,0.5970588235294118,0.5838323353293413,0.12874251497005987,0.17846153846153845,0.6184615384615385,0.34097421203438394,0.6111111111111112,0.573134328358209,0.6198083067092651,0.0,0.24550898203592814,0.2515527950310559,0.5877192982456141,0.5907692307692308,0.3595166163141994,0.3653250773993808,0.35502958579881655,0.9380804953560371,0.028037383177570093,0.9940476190476191,0.22255192878338279,0.33746130030959753,0.0,0.656441717791411,1.0,0.5927051671732523,0.3448275862068966,0.9969879518072289,0.3475609756097561,0.6183431952662722,0.5947521865889213,0.3415384615384615,0.6135693215339233,0.7943037974683544,0.0,0.2874617737003058,0.5994152046783626,0.16265060240963855,0.5201149425287356,0.0030303030303030303,0.009009009009009009,0.6507462686567164,0.10030395136778116,0.5959302325581395,0.3009118541033435,0.6985074626865672,0.6608695652173913,0.5933734939759037,0.5213414634146342,0.603030303030303,0.7373417721518988,0.6114457831325302,1.0,0.6153846153846154,0.9941176470588236,0.6350148367952523,0.7225609756097561,0.19937694704049844,0.0,0.5964391691394659,0.5885885885885885,0.52046783625731,0.6230529595015576,0.159375,0.1476923076923077,0.003105590062111801,0.37770897832817335,0.8567251461988304,0.6257668711656442,0.14285714285714285,0.5953079178885631,0.9970414201183432,0.39209726443769,0.5835866261398176,0.6202898550724638,0.5433526011560693,0.17592592592592593,0.5775862068965517,0.3390804597701149,0.37026239067055394,0.24477611940298508,0.7104477611940299,0.2323529411764706,0.3005952380952381,0.6246418338108882,0.6203703703703703,0.5957446808510638,0.5565476190476191,0.9940476190476191,0.2180232558139535,0.26875,0.002932551319648094
M253_Batch5,0.9839743589743589,0.9815950920245399,0.026143790849673203,0.44,0.9811912225705329,0.3184713375796178,0.01875,0.9811320754716981,0.49117647058823527,0.32679738562091504,0.026706231454005934,0.021671826625386997,0.9785276073619632,0.31384615384615383,0.2765273311897106,0.4440894568690096,0.022435897435897436,0.0030959752321981426,0.8433333333333334,0.974025974025974,0.006688963210702341,0.05466237942122187,0.04113924050632911,0.013157894736842105,0.006493506493506494,0.7321428571428571,0.006349206349206349,0.9424920127795527,0.9808917197452229,0.8553846153846154,0.9844236760124611,0.9839743589743589,0.9775641025641025,0.9448051948051948,0.017964071856287425,0.30944625407166126,0.9558359621451105,0.0,0.3067484662576687,0.2422360248447205,0.9667673716012085,0.0030864197530864196,0.03492063492063492,0.018518518518518517,0.9841269841269841,0.11490683229813664,0.04262295081967213,0.9096573208722741,0.25796178343949044,0.8741935483870967,0.4176829268292683,0.012307692307692308,0.3829113924050633,0.29411764705882354,0.01592356687898089,0.6,0.0,0.4281150159744409,0.9809523809523809,0.30030959752321984,0.0033222591362126247,0.9359756097560976,0.6006711409395973,0.08668730650154799,0.9357798165137615,0.265625,0.015723270440251572,0.967741935483871,0.08278145695364239,0.48417721518987344,0.0,0.17592592592592593,0.44660194174757284,0.6171617161716172,0.6050156739811913,0.0851063829787234,0.5888157894736842,0.3514376996805112,0.003105590062111801,0.9811912225705329,0.9771241830065359,0.0,0.7,0.6273291925465838,0.022508038585209004,0.2597402597402597,0.31528662420382164,0.8769716088328076,0.9163987138263665,0.23100303951367782,0.9775641025641025,0.984375,0.9815950920245399,0.02922077922077922,0.33225806451612905,0.9817629179331308,0.9556962025316456,0.30793650793650795,0.2689873417721519,0.9838187702265372,0.008928571428571428,0.9843260188087775,0.9808917197452229,0.9735099337748344,0.01892744479495268,0.33126934984520123,0.016233766233766232,0.9815384615384616,0.9808917197452229,0.022508038585209004,0.022364217252396165,0.02857142857142857,0.7166123778501629,0.0380952380952381,0.5917721518987342,0.04838709677419355,0.5865384615384616,0.0,0.2879746835443038,0.5927051671732523,1.0,0.5646687697160884,0.5828025477707006,0.33865814696485624,0.9535603715170279,0.3170731707317073,0.003115264797507788,1.0,0.3786407766990291,0.016025641025641024,0.5,0.9813664596273292,0.3762057877813505,0.8359133126934984,0.018808777429467086,0.003125,0.2884012539184953,0.25625,0.9810725552050473,0.328125,0.28434504792332266,0.2966360856269113,0.9221183800623053,0.1461038961038961,1.0,0.39666666666666667,0.9840764331210191,0.5993265993265994,0.9837662337662337,0.6024464831804281,0.42990654205607476,0.30944625407166126,0.410828025477707,0.014705882352941176,0.9694189602446484,0.9589905362776026,0.8167701863354038,0.9838709677419355,0.22397476340694006,0.3181818181818182,0.025974025974025976,0.01644736842105263,0.5864197530864198,0.9805825242718447,0.3186119873817035,0.981651376146789,0.5871559633027523,0.015822784810126583,0.9808917197452229,0.9696048632218845,0.9487951807228916,0.25806451612903225,0.9333333333333333,0.006006006006006006,0.009316770186335404,0.03785488958990536,0.2993827160493827,0.3069908814589666,0.15654952076677317,0.4174454828660436,0.9777070063694268,0.9746835443037974,0.9573170731707317,0.6092307692307692,0.33126934984520123,0.012861736334405145,0.018575851393188854
M266_Batch5,0.5401929260450161,0.5817610062893082,0.16233766233766234,0.24691358024691357,0.5573248407643312,0.21656050955414013,0.4585987261146497,0.5705128205128205,0.2545454545454545,0.5668789808917197,0.45896656534954405,0.29153605015673983,0.5700934579439252,0.5741324921135647,0.16720257234726688,0.7174603174603175,0.4448051948051948,0.03481012658227848,0.5732899022801303,0.6098360655737705,0.006756756756756757,0.19488817891373802,0.03492063492063492,0.023333333333333334,0.01644736842105263,0.5853658536585366,0.0,0.5479876160990712,0.5770491803278689,0.5362776025236593,0.583596214511041,0.567741935483871,0.5705128205128205,0.5566343042071198,0.48297213622291024,0.5667752442996743,0.5802469135802469,0.0,0.5688073394495413,0.7492163009404389,0.556923076923077,0.07739938080495357,0.1829652996845426,0.3981191222570533,0.5602605863192183,0.06329113924050633,0.4583333333333333,0.6510903426791277,0.1536050156739812,0.5806451612903226,0.22727272727272727,0.0,0.50814332247557,0.1676829268292683,0.00980392156862745,0.33121019108280253,0.0031446540880503146,0.24104234527687296,0.5537459283387622,0.1798780487804878,0.006557377049180328,0.5248447204968945,0.3423728813559322,0.050314465408805034,0.5317220543806647,0.14195583596214512,0.0,0.565359477124183,0.4565916398713826,0.2555205047318612,0.006557377049180328,0.10625,0.27531645569620256,0.3474025974025974,0.34810126582278483,0.021671826625386997,0.3300653594771242,0.20195439739413681,0.022151898734177215,0.5700636942675159,0.5737179487179487,0.006153846153846154,0.3888888888888889,0.3492063492063492,0.43870967741935485,0.5584415584415584,0.21967213114754097,0.5700636942675159,0.5374592833876222,0.140625,0.5765472312703583,0.5638629283489096,0.5603715170278638,0.20967741935483872,0.580327868852459,0.5786163522012578,0.5755627009646302,0.17252396166134185,0.692063492063492,0.565359477124183,0.01812688821752266,0.5727848101265823,0.5569620253164557,0.5785953177257525,0.4440894568690096,0.5856697819314641,0.025889967637540454,0.5930599369085173,0.5387096774193548,0.028846153846153848,0.028846153846153848,0.02875399361022364,0.4131147540983607,0.40192926045016075,0.34285714285714286,0.1891025641025641,0.6699029126213593,0.006688963210702341,0.1751592356687898,0.3448275862068966,0.5646687697160884,1.0,0.3113207547169811,0.1794871794871795,0.541795665634675,0.2909090909090909,0.009868421052631578,0.5709876543209876,0.24342105263157895,0.44551282051282054,0.6833855799373041,0.583596214511041,0.1987179487179487,0.6498422712933754,0.4222222222222222,0.35555555555555557,0.18412698412698414,0.13166144200626959,0.5791139240506329,0.5273311897106109,0.17142857142857143,0.19571865443425077,0.5787781350482315,0.08524590163934426,0.5682539682539682,0.26058631921824105,0.5573248407643312,0.35785953177257523,0.5784313725490197,0.3293051359516616,0.38557993730407525,0.20192307692307693,0.22435897435897437,0.46107784431137727,0.5862068965517241,0.5723270440251572,0.593167701863354,0.5714285714285714,0.6,0.17096774193548386,0.44694533762057875,0.0,0.3535031847133758,0.5434083601286174,0.16613418530351437,0.5851393188854489,0.31962025316455694,0.0,0.5632911392405063,0.5510835913312694,0.5552147239263804,0.1423841059602649,0.5185185185185185,0.015151515151515152,0.0,0.1786833855799373,0.1619047619047619,0.5559006211180124,0.27564102564102566,0.35276073619631904,0.5828025477707006,0.5660377358490566,0.5723270440251572,0.3281733746130031,0.690625,0.04823151125401929,0.4236760124610592
M272_Batch5,0.5993690851735016,0.5735735735735735,0.2815533980582524,0.24024024024024024,0.5913312693498453,0.753125,0.00303951367781155,0.5784615384615385,0.25073746312684364,0.2830188679245283,0.002976190476190476,0.15853658536585366,0.5632530120481928,0.25153374233128833,0.7192429022082019,0.2803738317757009,0.0,0.3496932515337423,0.5286624203821656,0.583596214511041,0.00974025974025974,0.2870662460567823,0.40809968847352024,0.33980582524271846,0.33753943217665616,0.4629080118694362,0.340625,0.5534591194968553,0.5768025078369906,0.49230769230769234,0.5626911314984709,0.5632911392405063,0.5924764890282131,0.5681818181818182,0.0,0.23529411764705882,0.5379939209726444,0.0,0.2515527950310559,0.12962962962962962,0.551622418879056,0.33024691358024694,0.28164556962025317,0.03715170278637771,0.5854430379746836,0.5168195718654435,0.006535947712418301,0.5015105740181269,0.6936936936936937,0.571875,0.21450151057401812,0.4090909090909091,0.3365695792880259,0.7307692307692307,0.009554140127388535,0.99079754601227,0.0,0.8544303797468354,0.5825545171339563,0.7366771159874608,0.003236245954692557,0.6238532110091743,1.0,0.10606060606060606,0.5748502994011976,0.696969696969697,0.48125,0.5987261146496815,0.03289473684210526,0.27439024390243905,0.0,0.06422018348623854,0.8390092879256966,0.9873015873015873,1.0,0.502906976744186,0.996742671009772,0.768025078369906,0.36036036036036034,0.5692307692307692,0.5357142857142857,0.0,0.896969696969697,0.9875776397515528,0.0,0.215625,0.725,0.5848484848484848,0.5517241379310345,0.09063444108761329,0.5605095541401274,0.6054216867469879,0.5670731707317073,0.08598726114649681,0.2701863354037267,0.5714285714285714,0.5559105431309904,0.13166144200626959,0.18122977346278318,0.580441640378549,0.37237237237237236,0.5956112852664577,0.5474683544303798,0.5993377483443708,0.0,0.25308641975308643,0.27936507936507937,0.5545454545454546,0.567398119122257,0.3761755485893417,0.38080495356037153,0.36923076923076925,0.9102564102564102,0.04416403785488959,0.9907407407407407,0.2577639751552795,0.3419354838709677,0.0,0.696875,0.9969879518072289,0.5828025477707006,0.3113207547169811,1.0,0.3447204968944099,0.590625,0.6194690265486725,0.36217948717948717,0.5884146341463414,0.8269230769230769,0.0,0.2668711656441718,0.5927051671732523,0.16199376947040497,0.4939759036144578,0.003125,0.012121212121212121,0.6855345911949685,0.10248447204968944,0.588957055214724,0.3249211356466877,0.7317073170731707,0.6955223880597015,0.559375,0.5345911949685535,0.584375,0.7547169811320755,0.6012461059190031,0.9968051118210862,0.6018808777429467,0.9969604863221885,0.6396396396396397,0.740506329113924,0.1935483870967742,0.0,0.5783132530120482,0.5572755417956656,0.5076452599388379,0.6070287539936102,0.15822784810126583,0.14240506329113925,0.0032258064516129032,0.3980891719745223,0.8492307692307692,0.6038338658146964,0.1393188854489164,0.5765765765765766,1.0,0.41009463722397477,0.5628930817610063,0.5945121951219512,0.5313432835820896,0.1761006289308176,0.5585585585585585,0.35398230088495575,0.38699690402476783,0.265625,0.7391304347826086,0.23652694610778444,0.3364485981308411,0.6385542168674698,0.6006191950464397,0.575,0.5429447852760736,0.9907120743034056,0.21791044776119403,0.29337539432176657,0.003003003003003003
M3111_Batch5,0.3354632587859425,0.34441087613293053,0.18152866242038215,0.8170731707317073,0.32075471698113206,0.2639751552795031,0.015723270440251572,0.321875,0.5927051671732523,0.15584415584415584,0.012195121951219513,0.08099688473520249,0.3364485981308411,0.13354037267080746,0.27070063694267515,0.13312693498452013,0.016181229773462782,0.25,0.26666666666666666,0.34591194968553457,0.43973941368078173,0.16822429906542055,0.2169811320754717,0.19155844155844157,0.18037974683544303,0.24550898203592814,0.171875,0.3633440514469453,0.321656050955414,0.39375,0.31761006289308175,0.33986928104575165,0.34055727554179566,0.39228295819935693,0.008875739644970414,0.14743589743589744,0.34375,0.44554455445544555,0.138801261829653,0.06501547987616099,0.3424242424242424,0.1687116564417178,0.16065573770491803,0.01529051987767584,0.33974358974358976,0.2120253164556962,0.029605263157894735,0.2887537993920973,0.26851851851851855,0.3125,0.7476923076923077,0.1407185628742515,0.18210862619808307,0.27794561933534745,0.4788273615635179,0.34055727554179566,0.45896656534954405,0.32075471698113206,0.3269230769230769,0.3018867924528302,0.4234527687296417,0.3393939393939394,0.32786885245901637,0.4605678233438486,0.39457831325301207,0.3619047619047619,0.2006269592476489,0.3226837060702875,0.03355704697986577,0.75,0.4336569579288026,0.6151419558359621,0.35962145110410093,0.3605015673981191,0.3723076923076923,0.23283582089552238,0.34415584415584416,0.3258064516129032,0.2073170731707317,0.3115264797507788,0.33974358974358976,0.4451219512195122,0.3895705521472393,0.34177215189873417,0.012861736334405145,0.12140575079872204,0.31210191082802546,0.31230283911671924,0.3974358974358974,0.6504559270516718,0.35714285714285715,0.3448275862068966,0.35240963855421686,0.28205128205128205,0.1464968152866242,0.3282674772036474,0.3548387096774194,0.6802507836990596,0.06984126984126984,0.3440514469453376,0.20958083832335328,0.3525641025641026,0.33650793650793653,0.33676975945017185,0.006269592476489028,0.13003095975232198,0.3625,0.3282674772036474,0.3227848101265823,0.23659305993690852,0.2087227414330218,0.21630094043887146,0.33865814696485624,0.022082018927444796,0.33229813664596275,0.13479623824451412,0.17295597484276728,0.4276094276094276,0.2601880877742947,0.3475609756097561,0.33865814696485624,0.1794871794871795,0.3447204968944099,1.0,0.37538461538461537,0.22629969418960244,0.19745222929936307,0.3128834355828221,0.31189710610932475,0.003205128205128205,0.11949685534591195,0.31761006289308175,0.6512345679012346,0.2691131498470948,0.006349206349206349,0.08176100628930817,0.25382262996941896,0.66875,0.34055727554179566,0.175,0.2631578947368421,0.2691131498470948,0.31210191082802546,0.2515923566878981,0.36507936507936506,0.2733333333333333,0.3546325878594249,0.33121019108280253,0.3227848101265823,0.3630769230769231,0.24242424242424243,0.26031746031746034,0.6349206349206349,0.014705882352941176,0.3373860182370821,0.345679012345679,0.2948717948717949,0.3269230769230769,0.08143322475570032,0.6887417218543046,0.01282051282051282,0.15555555555555556,0.4416403785488959,0.3333333333333333,0.6882716049382716,0.3502994011976048,0.3167701863354037,0.18670886075949367,0.3374233128834356,0.3353658536585366,0.3719512195121951,0.8259493670886076,0.38769230769230767,0.21470588235294116,0.16666666666666666,0.15076923076923077,0.2888198757763975,0.13095238095238096,0.1962025316455696,0.25757575757575757,0.30063291139240506,0.346875,0.340625,0.35625,0.10030395136778116,0.30618892508143325,0.012232415902140673
M3122_Batch5,0.9404388714733543,0.9402985074626866,0.044444444444444446,0.4880239520958084,0.9512195121951219,0.3487654320987654,0.018072289156626505,0.9595015576323987,0.530791788856305,0.3074433656957929,0.022922636103151862,0.03058103975535168,0.9459459459459459,0.3033033033033033,0.3103448275862069,0.44376899696048633,0.019169329073482427,0.006042296072507553,0.8244514106583072,0.9386503067484663,0.031446540880503145,0.06134969325153374,0.05167173252279635,0.022292993630573247,0.014925373134328358,0.7088235294117647,0.018404907975460124,0.9347826086956522,0.95,0.8571428571428571,0.9451219512195121,0.9495268138801262,0.94375,0.9841772151898734,0.017699115044247787,0.28343949044585987,0.9367469879518072,0.018518518518518517,0.2921686746987952,0.20909090909090908,0.9583333333333334,0.012012012012012012,0.04361370716510903,0.020958083832335328,0.9503105590062112,0.12462006079027356,0.03773584905660377,0.858433734939759,0.27218934911242604,0.8689024390243902,0.45671641791044776,0.021021021021021023,0.3605015673981191,0.30701754385964913,0.050793650793650794,0.6141975308641975,0.03625377643504532,0.4409937888198758,0.9444444444444444,0.3161094224924012,0.03536977491961415,0.9020771513353115,0.6178343949044586,0.11009174311926606,0.990990990990991,0.3021148036253776,0.015723270440251572,0.9316770186335404,0.07886435331230283,0.5379939209726444,0.03048780487804878,0.21779141104294478,0.450920245398773,0.6366459627329193,0.6215384615384615,0.1023391812865497,0.6194968553459119,0.3723076923076923,0.006097560975609756,0.9483282674772037,0.9439252336448598,0.02967359050445104,0.712166172106825,0.6377708978328174,0.022151898734177215,0.2523364485981308,0.34177215189873417,0.8646153846153846,0.98125,0.2656716417910448,0.9395770392749244,0.9461077844311377,0.9451219512195121,0.050314465408805034,0.3167701863354037,0.9546827794561934,0.9724770642201835,0.3487654320987654,0.23839009287925697,0.9504643962848297,0.01466275659824047,0.9504643962848297,0.9476923076923077,0.9516129032258065,0.018633540372670808,0.308868501529052,0.01875,0.9390243902439024,0.9446153846153846,0.03669724770642202,0.03680981595092025,0.03680981595092025,0.7361963190184049,0.04075235109717868,0.6068111455108359,0.055900621118012424,0.5356037151702786,0.025889967637540454,0.29846153846153844,0.6183431952662722,0.9535603715170279,0.541795665634675,0.590625,0.37538461538461537,1.0,0.3206997084548105,0.015527950310559006,0.9454545454545454,0.4195583596214511,0.018575851393188854,0.4501510574018127,0.9404761904761905,0.4115853658536585,0.7893175074183977,0.018518518518518517,0.009174311926605505,0.29878048780487804,0.2962962962962963,0.9487951807228916,0.3136645962732919,0.3046153846153846,0.3119533527696793,0.9006024096385542,0.14860681114551083,0.9566563467492261,0.41379310344827586,0.9513677811550152,0.6139240506329114,0.9400630914826499,0.6035502958579881,0.4298780487804878,0.3249211356466877,0.4591194968553459,0.017094017094017096,0.9483282674772037,0.9574468085106383,0.7934131736526946,0.9528301886792453,0.20689655172413793,0.35714285714285715,0.02531645569620253,0.021806853582554516,0.6119402985074627,0.9276729559748428,0.34441087613293053,0.9546827794561934,0.6048632218844985,0.0182370820668693,0.9433962264150944,0.9289940828402367,0.956140350877193,0.2993827160493827,0.9881305637982196,0.014492753623188406,0.01466275659824047,0.04819277108433735,0.311178247734139,0.2743362831858407,0.16408668730650156,0.4277286135693215,0.9420731707317073,0.9446153846153846,0.9571865443425076,0.6295180722891566,0.2988165680473373,0.015479876160990712,0.021212121212121213
M3124_Batch5,0.3090909090909091,0.30523255813953487,0.525679758308157,0.12893982808022922,0.31419939577039274,0.7774390243902439,0.14868804664723032,0.3026706231454006,0.12857142857142856,0.4676923076923077,0.141643059490085,0.3255131964809384,0.3176470588235294,0.4218289085545723,0.7926829268292683,0.35714285714285715,0.12349397590361445,0.43843843843843844,0.3628048780487805,0.3169230769230769,0.003115264797507788,0.5250737463126843,0.5813253012048193,0.5440251572327044,0.5391566265060241,0.4034582132564842,0.5178571428571429,0.3151515151515151,0.3086053412462908,0.2878338278931751,0.31378299120234604,0.3181818181818182,0.3212121212121212,0.329153605015674,0.1495601173020528,0.43962848297213625,0.3092485549132948,0.0,0.4144927536231884,0.2323529411764706,0.3181818181818182,0.5,0.513677811550152,0.19705882352941176,0.3302752293577982,0.6607142857142857,0.1411042944785276,0.27906976744186046,0.7638483965014577,0.3799392097264438,0.119533527696793,0.5483870967741935,0.4939759036144578,0.7885714285714286,0.003076923076923077,0.5865102639296188,0.0,0.7552870090634441,0.3161094224924012,0.7923976608187134,0.0031545741324921135,0.30903790087463556,0.6242236024844721,0.050746268656716415,0.3153409090909091,0.7035928143712575,0.5727002967359051,0.32228915662650603,0.14150943396226415,0.15178571428571427,0.0,0.04154302670623145,0.7129909365558912,0.5885885885885885,0.5993975903614458,0.5759312320916905,0.6030769230769231,0.7552870090634441,0.5116959064327485,0.31268436578171094,0.2826747720364742,0.0,0.49262536873156343,0.593939393939394,0.11818181818181818,0.44680851063829785,0.7915407854984894,0.3775811209439528,0.3042168674698795,0.04941860465116279,0.3081570996978852,0.3255131964809384,0.3092485549132948,0.12386706948640483,0.4294294294294294,0.30612244897959184,0.3042168674698795,0.07738095238095238,0.2433234421364985,0.3159509202453988,0.5338983050847458,0.32335329341317365,0.2878787878787879,0.31309904153354634,0.12923076923076923,0.4065281899109792,0.37272727272727274,0.3115727002967359,0.32047477744807124,0.540785498489426,0.5236686390532544,0.5441176470588235,0.5245398773006135,0.23708206686930092,0.6029411764705882,0.5347432024169184,0.27439024390243905,0.0,0.7951807228915663,0.5947521865889213,0.3170731707317073,0.2909090909090909,0.6194690265486725,0.22629969418960244,0.3206997084548105,1.0,0.5090361445783133,0.3177842565597668,0.7753846153846153,0.1373134328358209,0.26706231454005935,0.29971181556195964,0.09253731343283582,0.31871345029239767,0.11834319526627218,0.11343283582089553,0.8318318318318318,0.05637982195845697,0.3264705882352941,0.5210843373493976,0.7893175074183977,0.8463768115942029,0.34718100890207715,0.6795252225519288,0.3421828908554572,0.8096676737160121,0.32432432432432434,0.6067073170731707,0.32098765432098764,0.6153846153846154,0.8450292397660819,0.8006042296072508,0.11077844311377245,0.1401098901098901,0.30547550432276654,0.3132530120481928,0.37209302325581395,0.32710280373831774,0.2476780185758514,0.08256880733944955,0.1398176291793313,0.5468277945619335,0.5947521865889213,0.35135135135135137,0.07692307692307693,0.3132183908045977,0.5982658959537572,0.5443425076452599,0.2997032640949555,0.2985507246376812,0.27808988764044945,0.12424242424242424,0.3063583815028902,0.5169491525423728,0.5391304347826087,0.5309734513274337,0.8053892215568862,0.42151162790697677,0.4909090909090909,0.8742857142857143,0.3261538461538461,0.32228915662650603,0.30409356725146197,0.5863095238095238,0.3536231884057971,0.3738601823708207,0.13256484149855907
M3214_Batch5,0.0,0.0,0.7547770700636943,0.022082018927444796,0.0,0.5930599369085173,0.062111801242236024,0.0,0.0,0.15286624203821655,0.04491017964071856,0.37037037037037035,0.0,0.12615384615384614,0.6205787781350482,0.04113924050632911,0.04234527687296417,0.89375,0.012944983818770227,0.0,0.0,0.689873417721519,0.9389067524115756,0.9769736842105263,1.0,0.03323262839879154,0.98125,0.0,0.0,0.0,0.0,0.003246753246753247,0.0,0.0031746031746031746,0.05504587155963303,0.14193548387096774,0.0,0.0,0.14506172839506173,0.03715170278637771,0.0,0.9009287925696594,0.6977491961414791,0.096875,0.0,0.8081761006289309,0.046511627906976744,0.003134796238244514,0.664576802507837,0.025477707006369428,0.003067484662576687,0.9171779141104295,0.17041800643086816,0.6055045871559633,0.0,0.33544303797468356,0.0,0.5016181229773463,0.0,0.5987654320987654,0.0,0.04024767801857585,0.3211920529801324,0.025236593059936908,0.021604938271604937,0.65527950310559,0.9230769230769231,0.006349206349206349,0.036544850498338874,0.015723270440251572,0.0,0.0,0.4875,0.30128205128205127,0.33647798742138363,0.8753799392097265,0.3419354838709677,0.5583596214511041,0.9877675840978594,0.0,0.0,0.0,0.22884012539184953,0.29780564263322884,0.04854368932038835,0.17491749174917492,0.5876623376623377,0.034375,0.00974025974025974,0.0,0.0,0.0,0.0,0.19936708860759494,0.13291139240506328,0.0,0.0,0.0,0.03908794788273615,0.0,0.9939759036144579,0.0,0.0,0.0,0.03278688524590164,0.1059190031152648,0.75,0.0,0.0,0.9552715654952076,0.9662576687116564,0.9472049689440993,0.23322683706070288,0.11356466876971609,0.3375,0.6613924050632911,0.012698412698412698,0.0,0.6230031948881789,0.3415384615384615,0.003115264797507788,0.009868421052631578,0.36217948717948717,0.19745222929936307,0.015527950310559006,0.5090361445783133,1.0,0.0,0.5241157556270096,0.0380952380952381,0.012422360248447204,0.0,0.0,0.003067484662576687,0.03184713375796178,0.103125,0.6446540880503144,0.0,0.0,0.20440251572327045,0.6172839506172839,0.6097560975609756,0.0219435736677116,0.7931034482758621,0.0030864197530864196,0.5131578947368421,0.0,0.33554817275747506,0.0,0.3282208588957055,0.3949843260188088,0.6064516129032258,0.0,0.043859649122807015,0.0,0.0,0.024539877300613498,0.0,0.07278481012658228,0.0,0.05177993527508091,0.9134615384615384,0.3333333333333333,0.00967741935483871,0.0,0.0,0.3395638629283489,0.9218241042345277,0.0,0.012345679012345678,0.0,0.0694006309148265,0.006042296072507553,1.0,0.9207317073170732,0.7381703470031545,0.6075949367088608,0.14153846153846153,0.45794392523364486,0.422360248447205,0.0,0.0032258064516129032,0.0,0.3282674772036474,0.06461538461538462,0.7927631578947368,0.05555555555555555
M3263_Batch5,0.984472049689441,0.9852507374631269,0.037383177570093455,0.4171597633136095,0.9848024316109423,0.3263473053892216,0.01812688821752266,0.9849397590361446,0.47413793103448276,0.315625,0.02616279069767442,0.02064896755162242,0.9817629179331308,0.3,0.2803738317757009,0.4294478527607362,0.022151898734177215,0.0,0.8297213622291022,0.9751552795031055,0.009615384615384616,0.04573170731707317,0.03353658536585366,0.0031847133757961785,0.0,0.711764705882353,0.003067484662576687,0.9484848484848485,0.9847560975609756,0.8567073170731707,0.9848942598187311,0.9815950920245399,0.9818181818181818,0.9467084639498433,0.020348837209302327,0.29102167182662536,0.960960960960961,0.0,0.286144578313253,0.22916666666666666,0.9736070381231672,0.0029940119760479044,0.040498442367601244,0.024096385542168676,0.9876923076923076,0.10682492581602374,0.04375,0.9039039039039038,0.27728613569321536,0.88125,0.40119760479041916,0.008849557522123894,0.3653250773993808,0.3,0.012779552715654952,0.6128048780487805,0.0,0.4115853658536585,0.9847094801223242,0.3194029850746269,0.003205128205128205,0.9384164222873901,0.6146496815286624,0.09253731343283582,0.9358600583090378,0.26993865030674846,0.00909090909090909,0.9665653495440729,0.07643312101910828,0.4523076923076923,0.0,0.15588235294117647,0.4427710843373494,0.634375,0.6090909090909091,0.07964601769911504,0.6050955414012739,0.345679012345679,0.0,0.981651376146789,0.9809523809523809,0.0,0.7155688622754491,0.6374622356495468,0.018867924528301886,0.25766871165644173,0.3333333333333333,0.8932926829268293,0.9337539432176656,0.20408163265306123,0.9817629179331308,0.9908536585365854,0.9852941176470589,0.027607361963190184,0.3221884498480243,0.9825072886297376,0.9660493827160493,0.2767857142857143,0.24770642201834864,0.9905660377358491,0.0,0.9875776397515528,0.9846153846153847,0.9800664451827242,0.018575851393188854,0.30930930930930933,0.006134969325153374,0.9846153846153847,0.984984984984985,0.015151515151515152,0.018404907975460124,0.021148036253776436,0.7078313253012049,0.03625377643504532,0.601823708206687,0.05105105105105105,0.5506329113924051,0.0,0.28307692307692306,0.6135693215339233,1.0,0.5709876543209876,0.5884146341463414,0.3128834355828221,0.9454545454545454,0.3177842565597668,0.0,1.0,0.38509316770186336,0.02108433734939759,0.45481927710843373,0.9852507374631269,0.3516819571865443,0.8372093023255814,0.021341463414634148,0.0030211480362537764,0.27607361963190186,0.21921921921921922,0.9821428571428571,0.31736526946107785,0.2883435582822086,0.2982456140350877,0.926605504587156,0.125,1.0,0.38485804416403785,0.99079754601227,0.6074766355140186,0.9845201238390093,0.6040462427745664,0.42729970326409494,0.30407523510971785,0.3993808049535604,0.01977401129943503,0.982089552238806,0.9669669669669669,0.8102409638554217,0.984375,0.19873817034700317,0.290625,0.027692307692307693,0.009259259259259259,0.5692771084337349,0.9725609756097561,0.2891566265060241,0.9881656804733728,0.6024096385542169,0.00906344410876133,0.9847094801223242,0.967741935483871,0.9566473988439307,0.22741433021806853,0.9343283582089552,0.0,0.005917159763313609,0.03323262839879154,0.3009118541033435,0.2831858407079646,0.18072289156626506,0.4088235294117647,0.9815950920245399,0.9786585365853658,0.9696969696969697,0.6200607902735562,0.3088235294117647,0.006230529595015576,0.023809523809523808
M3266_Batch5,0.3961038961038961,0.3793103448275862,0.4401294498381877,0.17846153846153845,0.3887147335423197,0.9647435897435898,0.0031847133757961785,0.38961038961038963,0.17846153846153845,0.29900332225913623,0.006097560975609756,0.2508038585209003,0.3836477987421384,0.24367088607594936,0.9385113268608414,0.21543408360128619,0.003257328990228013,0.45141065830721006,0.3778501628664495,0.38079470198675497,0.006644518272425249,0.43450479233226835,0.5941558441558441,0.5276872964169381,0.5176848874598071,0.3446153846153846,0.546031746031746,0.38636363636363635,0.3860759493670886,0.35873015873015873,0.4006514657980456,0.3890675241157556,0.38485804416403785,0.3987138263665595,0.0029940119760479044,0.24836601307189543,0.371875,0.0,0.25949367088607594,0.08668730650154799,0.3780487804878049,0.4857142857142857,0.4174757281553398,0.06769230769230769,0.39365079365079364,0.7387096774193549,0.009868421052631578,0.3364485981308411,0.9028213166144201,0.3961661341853035,0.16352201257861634,0.5924764890282131,0.3223684210526316,0.9447852760736196,0.006600660066006601,0.7904761904761904,0.0,0.9672131147540983,0.38977635782747605,0.9495268138801262,0.0032258064516129032,0.42356687898089174,0.8013029315960912,0.0670926517571885,0.38509316770186336,0.8639240506329114,0.6677215189873418,0.40752351097178685,0.03728813559322034,0.2129032258064516,0.0,0.06031746031746032,0.8823529411764706,0.7647058823529411,0.8152866242038217,0.6748466257668712,0.8106312292358804,0.9299363057324841,0.5341614906832298,0.3782051282051282,0.36977491961414793,0.0,0.6932907348242812,0.7717041800643086,0.0,0.24675324675324675,0.9313725490196079,0.4106583072100313,0.37254901960784315,0.065625,0.3980891719745223,0.40634920634920635,0.3667711598746082,0.08387096774193549,0.27184466019417475,0.38198757763975155,0.3709677419354839,0.08917197452229299,0.09740259740259741,0.39144736842105265,0.5579268292682927,0.4050632911392405,0.3639344262295082,0.375,0.003246753246753247,0.2268370607028754,0.36538461538461536,0.365625,0.3805031446540881,0.5650793650793651,0.5352564102564102,0.5516129032258065,0.7124183006535948,0.07792207792207792,0.8207547169811321,0.416403785488959,0.2152317880794702,0.0,0.9193548387096774,0.7943037974683544,0.3786407766990291,0.24342105263157895,0.8269230769230769,0.31189710610932475,0.4195583596214511,0.7753846153846153,0.5241157556270096,0.38509316770186336,1.0,0.0032679738562091504,0.1746031746031746,0.391304347826087,0.12418300653594772,0.3353846153846154,0.006472491909385114,0.019230769230769232,0.8878205128205128,0.06962025316455696,0.40062111801242234,0.33653846153846156,0.9495268138801262,0.8950617283950617,0.410828025477707,0.7672131147540984,0.3883495145631068,0.9139072847682119,0.39490445859872614,0.8026315789473685,0.42810457516339867,0.8235294117647058,0.7060702875399361,0.9545454545454546,0.1282051282051282,0.0,0.38317757009345793,0.37341772151898733,0.36741214057507987,0.4139072847682119,0.11363636363636363,0.10476190476190476,0.006666666666666667,0.5915032679738562,0.7661538461538462,0.4032258064516129,0.09433962264150944,0.39184952978056425,0.7854889589905363,0.6051779935275081,0.37012987012987014,0.38699690402476783,0.3448275862068966,0.1553398058252427,0.3829787234042553,0.5259938837920489,0.5718849840255591,0.43769968051118213,0.9389067524115756,0.2484472049689441,0.4472843450479233,0.7178683385579937,0.40384615384615385,0.3883495145631068,0.36156351791530944,0.792332268370607,0.17484662576687116,0.37293729372937295,0.006289308176100629
M3271_Batch5,0.019169329073482427,0.018575851393188854,0.25477707006369427,0.006134969325153374,0.021875,0.006329113924050633,0.9872611464968153,0.01904761904761905,0.00303951367781155,0.5498392282958199,0.9940119760479041,0.6366459627329193,0.024539877300613498,0.6012269938650306,0.00949367088607595,0.5194805194805194,1.0,0.07210031347962383,0.1461038961038961,0.028391167192429023,0.0,0.30407523510971785,0.04100946372239748,0.049019607843137254,0.041666666666666664,0.2523076923076923,0.0031847133757961785,0.0189873417721519,0.019417475728155338,0.01875,0.025,0.013029315960912053,0.028481012658227847,0.023178807947019868,0.9969879518072289,0.5700325732899023,0.040372670807453416,0.0,0.5924764890282131,0.7685185185185185,0.03283582089552239,0.1345565749235474,0.2984126984126984,0.913312693498452,0.019230769230769232,0.0,0.9771241830065359,0.1069182389937107,0.009036144578313253,0.11217948717948718,0.006153846153846154,0.0,0.4792332268370607,0.006153846153846154,0.0,0.0,0.0,0.0031645569620253164,0.025,0.006153846153846154,0.0,0.0220125786163522,0.0,0.0,0.011976047904191617,0.003115264797507788,0.0,0.01875,0.9320388349514563,0.0031545741324921135,0.0,0.003125,0.0,0.0,0.0,0.009009009009009009,0.0,0.01282051282051282,0.04878048780487805,0.0220125786163522,0.029315960912052116,0.0,0.003115264797507788,0.0031545741324921135,1.0,0.5928338762214984,0.012987012987012988,0.078125,0.016025641025641024,0.0061162079510703364,0.015772870662460567,0.01834862385321101,0.025,0.4472843450479233,0.5741935483870968,0.024464831804281346,0.025889967637540454,0.006134969325153374,0.7555555555555555,0.012779552715654952,0.036036036036036036,0.01892744479495268,0.012698412698412698,0.023178807947019868,0.9968051118210862,0.5864197530864198,0.03492063492063492,0.021806853582554516,0.01904761904761905,0.03773584905660377,0.059375,0.04375,0.0,0.8913738019169329,0.0,0.3069620253164557,0.4645161290322581,0.0,0.01282051282051282,0.0,0.016025641025641024,0.44551282051282054,0.0,0.003205128205128205,0.018575851393188854,0.1373134328358209,0.0380952380952381,0.02108433734939759,0.0032679738562091504,1.0,0.5580645161290323,0.018575851393188854,0.0,0.1559633027522936,0.996875,0.8562300319488818,0.03470031545741325,0.0031645569620253164,0.024844720496894408,0.5157232704402516,0.00949367088607595,0.0243161094224924,0.05660377358490566,0.016129032258064516,0.02147239263803681,0.019417475728155338,0.018867924528301886,0.0,0.01929260450160772,0.0,0.1625,0.006369426751592357,0.006369426751592357,1.0,0.021671826625386997,0.02786377708978328,0.17484662576687116,0.029315960912052116,0.7774086378737541,0.006430868167202572,0.9935691318327974,0.0,0.0,0.02875399361022364,0.003115264797507788,0.024615384615384615,0.0,0.0,0.022082018927444796,0.01818181818181818,0.03003003003003003,0.006309148264984227,0.018518518518518517,0.04504504504504504,0.0,0.24193548387096775,0.009287925696594427,0.5885885885885885,0.36908517350157727,0.1441717791411043,0.02903225806451613,0.0189873417721519,0.027522935779816515,0.0,0.647239263803681,0.07395498392282958,0.9969040247678018
M3272_Batch5,0.46153846153846156,0.49693251533742333,0.16037735849056603,0.1458966565349544,0.45482866043613707,0.16408668730650156,0.5370370370370371,0.5,0.20710059171597633,0.5431309904153354,0.5478260869565217,0.31419939577039274,0.5075075075075075,0.5740740740740741,0.1111111111111111,0.6521739130434783,0.5466237942122186,0.043478260869565216,0.5273311897106109,0.5047021943573667,0.003205128205128205,0.20189274447949526,0.04113924050632911,0.032679738562091505,0.01875,0.5435435435435435,0.0,0.44654088050314467,0.5,0.44375,0.5015290519877675,0.4794952681388013,0.47619047619047616,0.4651898734177215,0.5432835820895522,0.554140127388535,0.4783950617283951,0.0,0.5644171779141104,0.7395209580838323,0.47761194029850745,0.09567901234567901,0.196875,0.46808510638297873,0.4855305466237942,0.043209876543209874,0.5886075949367089,0.572289156626506,0.09815950920245399,0.4906832298136646,0.14153846153846153,0.0,0.5141955835962145,0.12158054711246201,0.006389776357827476,0.2676923076923077,0.0,0.190625,0.453125,0.12345679012345678,0.0033003300330033004,0.46788990825688076,0.2875816993464052,0.05345911949685535,0.4484848484848485,0.10429447852760736,0.0,0.45686900958466453,0.5314465408805031,0.16822429906542055,0.0,0.0547112462006079,0.18654434250764526,0.2770700636942675,0.26605504587155965,0.023809523809523808,0.24838709677419354,0.1419753086419753,0.01812688821752266,0.4813664596273292,0.4748427672955975,0.0,0.3261538461538461,0.2996845425867508,0.5111111111111111,0.5605095541401274,0.12258064516129032,0.44936708860759494,0.439873417721519,0.1033434650455927,0.4906832298136646,0.47575757575757577,0.47416413373860183,0.2253968253968254,0.5646687697160884,0.48606811145510836,0.4588607594936709,0.11598746081504702,0.7916666666666666,0.484375,0.020771513353115726,0.49038461538461536,0.48417721518987344,0.5,0.5411392405063291,0.5825545171339563,0.01904761904761905,0.49846153846153846,0.4783950617283951,0.03715170278637771,0.04100946372239748,0.04643962848297214,0.35555555555555557,0.47987616099071206,0.2774390243902439,0.20754716981132076,1.0,0.0,0.09748427672955975,0.2874617737003058,0.5,0.6833855799373041,0.2668711656441718,0.11949685534591195,0.4501510574018127,0.26706231454005935,0.012422360248447204,0.45481927710843373,0.1746031746031746,0.5580645161290323,1.0,0.48328267477203646,0.13975155279503104,0.572289156626506,0.5203761755485894,0.4036697247706422,0.13664596273291926,0.08978328173374613,0.4831804281345566,0.5078369905956113,0.13333333333333333,0.14029850746268657,0.49846153846153846,0.05625,0.484472049689441,0.19047619047619047,0.48466257668711654,0.2709677419354839,0.47770700636942676,0.2852760736196319,0.33540372670807456,0.14285714285714285,0.17834394904458598,0.5446685878962536,0.4759036144578313,0.47706422018348627,0.5213414634146342,0.48089171974522293,0.6558441558441559,0.10862619808306709,0.5576923076923077,0.0,0.27076923076923076,0.49056603773584906,0.11214953271028037,0.5015105740181269,0.27522935779816515,0.0,0.496875,0.46504559270516715,0.46827794561933533,0.08463949843260188,0.4332344213649852,0.02359882005899705,0.0,0.18618618618618618,0.12538226299694188,0.56,0.26006191950464397,0.3123123123123123,0.50625,0.48427672955974843,0.4646153846153846,0.2755417956656347,0.6475903614457831,0.04416403785488959,0.5209580838323353
M3273_Batch5,1.0,1.0,0.030864197530864196,0.40828402366863903,1.0,0.3230769230769231,0.0121580547112462,1.0,0.47093023255813954,0.33015873015873015,0.02064896755162242,0.018518518518518517,1.0,0.3153153153153153,0.2866043613707165,0.4617737003058104,0.018633540372670808,0.0,0.8584905660377359,0.9938461538461538,0.006329113924050633,0.0513595166163142,0.034161490683229816,0.009584664536741214,0.0,0.7218934911242604,0.0,0.9544072948328267,1.0,0.8810975609756098,0.9969788519637462,0.9937888198757764,1.0,0.9265175718849841,0.014792899408284023,0.2984126984126984,0.9579579579579579,0.0,0.30701754385964913,0.24251497005988024,0.9700598802395209,0.0,0.040625,0.00906344410876133,1.0,0.10153846153846154,0.034375,0.9063444108761329,0.27002967359050445,0.8996865203761756,0.3970149253731343,0.0,0.37577639751552794,0.3026706231454006,0.018808777429467086,0.5975232198142415,0.0,0.4119496855345912,1.0,0.3079268292682927,0.0032258064516129032,0.9644970414201184,0.5942492012779552,0.08536585365853659,0.9136904761904762,0.2621951219512195,0.0,0.9906832298136646,0.08306709265175719,0.4575757575757576,0.0,0.1743119266055046,0.43167701863354035,0.6242236024844721,0.5907692307692308,0.06528189910979229,0.5930599369085173,0.3556231003039514,0.0,1.0,1.0,0.0,0.72,0.6292834890965732,0.015625,0.2610062893081761,0.3333333333333333,0.9006024096385542,0.9161490683229814,0.22713864306784662,0.9937888198757764,1.0,1.0,0.02830188679245283,0.3333333333333333,1.0,0.9565217391304348,0.3033033033033033,0.26380368098159507,1.0,0.002890173410404624,1.0,1.0,0.9966996699669967,0.012539184952978056,0.3374233128834356,0.006211180124223602,0.996996996996997,1.0,0.02127659574468085,0.02147239263803681,0.027190332326283987,0.7055214723926381,0.034055727554179564,0.5884146341463414,0.047619047619047616,0.5846645367412141,0.0,0.27639751552795033,0.5994152046783626,0.9813664596273292,0.583596214511041,0.5927051671732523,0.31761006289308175,0.9404761904761905,0.29971181556195964,0.0,0.9852507374631269,0.391304347826087,0.018575851393188854,0.48328267477203646,1.0,0.36890243902439024,0.8433048433048433,0.024096385542168676,0.00909090909090909,0.286144578313253,0.24695121951219512,1.0,0.33229813664596275,0.2909090909090909,0.2916666666666667,0.9402985074626866,0.12422360248447205,0.9907692307692307,0.3867924528301887,1.0,0.60828025477707,0.9968253968253968,0.5899705014749262,0.4124629080118694,0.309375,0.4,0.011363636363636364,0.9822485207100592,0.9578313253012049,0.8053892215568862,1.0,0.22741433021806853,0.3067484662576687,0.025236593059936908,0.0,0.562874251497006,0.9626168224299065,0.3130699088145897,1.0,0.5878787878787879,0.0,1.0,0.9794721407624634,0.9536231884057971,0.2599388379204893,0.9198813056379822,0.0,0.0,0.033846153846153845,0.30153846153846153,0.2976190476190476,0.17933130699088146,0.39457831325301207,1.0,0.9969325153374233,0.9606060606060606,0.6067073170731707,0.32558139534883723,0.006349206349206349,0.020833333333333332
M3282_Batch5,0.35802469135802467,0.3663663663663664,0.009433962264150943,0.8323353293413174,0.37341772151898733,0.08598726114649681,0.0,0.390625,0.9757575757575757,0.09177215189873418,0.0030959752321981426,0.006211180124223602,0.3625,0.075,0.07232704402515723,0.12618296529968454,0.0,0.04024767801857585,0.273015873015873,0.37261146496815284,0.6229508196721312,0.015822784810126583,0.015772870662460567,0.003246753246753247,0.0,0.24615384615384617,0.0,0.3961661341853035,0.34177215189873417,0.5093167701863354,0.3586626139817629,0.3805031446540881,0.3762057877813505,0.4342105263157895,0.0,0.08496732026143791,0.384375,0.6131147540983607,0.08201892744479496,0.07098765432098765,0.38414634146341464,0.0,0.012738853503184714,0.003134796238244514,0.3717948717948718,0.040625,0.006535947712418301,0.325,0.0778816199376947,0.3125,0.8571428571428571,0.0,0.09554140127388536,0.09309309309309309,0.645367412140575,0.1723076923076923,0.6443768996960486,0.12302839116719243,0.3761755485893417,0.08231707317073171,0.5921052631578947,0.3556231003039514,0.17333333333333334,0.5949367088607594,0.42771084337349397,0.109375,0.0,0.3753943217665615,0.023809523809523808,0.8193146417445483,0.6050955414012739,0.840625,0.14826498422712933,0.1864951768488746,0.1806853582554517,0.017857142857142856,0.17721518987341772,0.11006289308176101,0.0,0.36503067484662577,0.3769968051118211,0.6099071207430341,0.23006134969325154,0.15822784810126583,0.0,0.06840390879478828,0.09180327868852459,0.31974921630094044,0.4528301886792453,0.9003021148036254,0.3742138364779874,0.3824451410658307,0.3734567901234568,0.2974683544303797,0.09584664536741214,0.3765432098765432,0.4025974025974026,0.9339622641509434,0.07255520504731862,0.3762057877813505,0.0029940119760479044,0.39171974522292996,0.3793103448275862,0.3562091503267974,0.0,0.08517350157728706,0.14826498422712933,0.36990595611285265,0.35668789808917195,0.015384615384615385,0.012578616352201259,0.018461538461538463,0.21935483870967742,0.006309148264984227,0.16307692307692306,0.012618296529968454,0.1794871794871795,0.5993377483443708,0.08653846153846154,0.16265060240963855,0.3762057877813505,0.1987179487179487,0.16199376947040497,0.6512345679012346,0.4115853658536585,0.09253731343283582,0.0,0.3516819571865443,0.12418300653594772,0.0,0.13975155279503104,0.36890243902439024,1.0,0.283987915407855,0.0,0.041401273885350316,0.08463949843260188,0.9046153846153846,0.37888198757763975,0.08598726114649681,0.07739938080495357,0.09287925696594428,0.3292307692307692,0.05263157894736842,0.3805031446540881,0.10828025477707007,0.3730407523510972,0.17391304347826086,0.34951456310679613,0.16770186335403728,0.13149847094801223,0.08012820512820513,1.0,0.0,0.36645962732919257,0.37658227848101267,0.2808641975308642,0.3562091503267974,0.049019607843137254,0.9419354838709677,0.0,0.0,0.22910216718266255,0.3365695792880259,0.9283489096573209,0.38972809667673713,0.15217391304347827,0.0,0.3746031746031746,0.3619631901840491,0.42136498516320475,0.8285714285714286,0.4457831325301205,0.0,0.0,0.00946372239747634,0.09119496855345911,0.08157099697885196,0.040625,0.13677811550151975,0.3474025974025974,0.3742138364779874,0.4024767801857585,0.18674698795180722,0.09253731343283582,0.09646302250803858,0.0
M3285_Batch5,0.8240740740740741,0.8387096774193549,0.09538461538461539,0.3391812865497076,0.8313253012048193,0.29289940828402367,0.18208955223880596,0.8333333333333334,0.37283236994219654,0.4674922600619195,0.1924198250728863,0.12058823529411765,0.8378378378378378,0.4629080118694362,0.25696594427244585,0.6492307692307693,0.19504643962848298,0.009036144578313253,0.7901234567901234,0.8390092879256966,0.0,0.11890243902439024,0.04242424242424243,0.0125,0.006097560975609756,0.7188405797101449,0.0,0.803030303030303,0.8357771260997068,0.7485029940119761,0.8228228228228228,0.8240740740740741,0.8424242424242424,0.775,0.1930835734870317,0.4520123839009288,0.8162650602409639,0.0,0.47023809523809523,0.4114114114114114,0.8221574344023324,0.026627218934911243,0.11214953271028037,0.17751479289940827,0.845679012345679,0.09309309309309309,0.21846153846153846,0.8994082840236687,0.25072886297376096,0.8374233128834356,0.3303303303303303,0.0,0.47692307692307695,0.25958702064896755,0.012195121951219513,0.509090909090909,0.0,0.35294117647058826,0.8384146341463414,0.2823529411764706,0.0031847133757961785,0.7894736842105263,0.5111821086261981,0.07598784194528875,0.7739130434782608,0.24316109422492402,0.0,0.8251533742331288,0.27070063694267515,0.3708206686930091,0.0,0.14759036144578314,0.3825301204819277,0.5351681957186545,0.5226586102719033,0.06705539358600583,0.48909657320872274,0.3048780487804878,0.008670520231213872,0.8338368580060423,0.822429906542056,0.0,0.6107784431137725,0.531055900621118,0.18902439024390244,0.4153846153846154,0.2932098765432099,0.8138138138138138,0.7723076923076924,0.18155619596541786,0.8323170731707317,0.8421052631578947,0.8353293413173652,0.08282208588957055,0.48615384615384616,0.8382352941176471,0.796969696969697,0.2469879518072289,0.47041420118343197,0.8463949843260188,0.008595988538681949,0.843558282208589,0.8419452887537994,0.8354838709677419,0.16352201257861634,0.47058823529411764,0.024539877300613498,0.8436578171091446,0.8297872340425532,0.024096385542168676,0.02735562310030395,0.02694610778443114,0.6067073170731707,0.2153846153846154,0.4896142433234421,0.12275449101796407,0.6304347826086957,0.0,0.25382262996941896,0.5201149425287356,0.8359133126934984,0.6498422712933754,0.4939759036144578,0.2691131498470948,0.7893175074183977,0.31871345029239767,0.003067484662576687,0.8372093023255814,0.3353846153846154,0.1559633027522936,0.572289156626506,0.8433048433048433,0.283987915407855,1.0,0.18541033434650456,0.1398176291793313,0.256797583081571,0.20180722891566266,0.8240469208211144,0.43154761904761907,0.26176470588235295,0.27485380116959063,0.8413173652694611,0.12195121951219512,0.8323170731707317,0.33125,0.8463855421686747,0.521875,0.8369230769230769,0.5115606936416185,0.43452380952380953,0.2839506172839506,0.3105590062111801,0.1875,0.8284883720930233,0.8168168168168168,0.750733137829912,0.8308157099697885,0.41304347826086957,0.2507836990595611,0.20376175548589343,0.0,0.5029585798816568,0.8190184049079755,0.23372781065088757,0.8376811594202899,0.5087719298245614,0.0,0.8379204892966361,0.8168604651162791,0.8017241379310345,0.19444444444444445,0.7616279069767442,0.0028653295128939827,0.0,0.10416666666666667,0.26865671641791045,0.4424778761061947,0.26253687315634217,0.40828402366863903,0.84,0.8498498498498499,0.8256880733944955,0.5196374622356495,0.47701149425287354,0.027950310559006212,0.1836734693877551
M3311_Batch5,0.022292993630573247,0.024464831804281346,0.24437299035369775,0.003115264797507788,0.025396825396825397,0.009615384615384616,0.9842767295597484,0.025559105431309903,0.0030303030303030303,0.5620915032679739,0.9970149253731343,0.6605504587155964,0.030120481927710843,0.615625,0.00967741935483871,0.5389408099688473,1.0,0.06896551724137931,0.1639871382636656,0.03225806451612903,0.0,0.29936305732484075,0.04024767801857585,0.04487179487179487,0.03459119496855346,0.2804878048780488,0.006309148264984227,0.022151898734177215,0.025396825396825397,0.02147239263803681,0.025236593059936908,0.0189873417721519,0.03514376996805112,0.01948051948051948,0.9939024390243902,0.5956112852664577,0.046875,0.0,0.603030303030303,0.7795031055900621,0.0364741641337386,0.14067278287461774,0.3018867924528302,0.9190031152647975,0.025559105431309903,0.0,0.9803921568627451,0.11987381703470032,0.009230769230769232,0.12933753943217666,0.003076923076923077,0.0,0.5222929936305732,0.009259259259259259,0.0,0.0031746031746031746,0.0,0.006430868167202572,0.02875399361022364,0.006269592476489028,0.0,0.024615384615384615,0.003215434083601286,0.0,0.008823529411764706,0.003067484662576687,0.0,0.022082018927444796,0.9506578947368421,0.003115264797507788,0.0,0.003105590062111801,0.003134796238244514,0.003246753246753247,0.003125,0.009009009009009009,0.003289473684210526,0.015625,0.03939393939393939,0.028037383177570093,0.035256410256410256,0.0,0.009433962264150943,0.00641025641025641,0.9967948717948718,0.6070287539936102,0.012861736334405145,0.10062893081761007,0.012658227848101266,0.0030959752321981426,0.0220125786163522,0.021671826625386997,0.031055900621118012,0.43312101910828027,0.5950920245398773,0.030959752321981424,0.02821316614420063,0.003067484662576687,0.7381703470031545,0.01935483870967742,0.03273809523809524,0.022364217252396165,0.0189873417721519,0.029900332225913623,0.9935897435897436,0.6018808777429467,0.0440251572327044,0.024844720496894408,0.025974025974025976,0.028125,0.04823151125401929,0.043343653250773995,0.003194888178913738,0.8996763754045307,0.003105590062111801,0.326984126984127,0.4426751592356688,0.0,0.00964630225080386,0.0030303030303030303,0.018808777429467086,0.4222222222222222,0.003125,0.006349206349206349,0.018518518518518517,0.11834319526627218,0.03184713375796178,0.021341463414634148,0.006472491909385114,0.996875,0.5203761755485894,0.024096385542168676,0.0,0.18541033434650456,1.0,0.8607594936708861,0.02416918429003021,0.003115264797507788,0.03003003003003003,0.5141955835962145,0.012461059190031152,0.012195121951219513,0.06230529595015576,0.009584664536741214,0.022151898734177215,0.009900990099009901,0.022082018927444796,0.0,0.022508038585209004,0.0030864197530864196,0.16408668730650156,0.009708737864077669,0.006211180124223602,0.9970588235294118,0.024242424242424242,0.03343465045592705,0.18575851393188855,0.03289473684210526,0.7806451612903226,0.003205128205128205,0.9967637540453075,0.0,0.0030864197530864196,0.03215434083601286,0.0,0.030303030303030304,0.003076923076923077,0.0,0.028481012658227847,0.02416918429003021,0.02735562310030395,0.00625,0.021148036253776436,0.03823529411764706,0.0,0.265625,0.009584664536741214,0.6048632218844985,0.4,0.14506172839506173,0.03470031545741325,0.025396825396825397,0.030959752321981424,0.0,0.6594427244582043,0.0744336569579288,1.0
M332_Batch5,0.009404388714733543,0.0060790273556231,0.2948717948717949,0.06606606606606606,0.009433962264150943,0.02147239263803681,0.8832807570977917,0.009287925696594427,0.038461538461538464,0.5228758169934641,0.8660714285714286,0.6408668730650154,0.009146341463414634,0.5617283950617284,0.03164556962025317,0.453416149068323,0.89171974522293,0.17337461300309598,0.12658227848101267,0.0125,0.05379746835443038,0.31901840490797545,0.09657320872274143,0.10476190476190476,0.08571428571428572,0.21597633136094674,0.051515151515151514,0.015822784810126583,0.00625,0.021341463414634148,0.006269592476489028,0.009554140127388535,0.009345794392523364,0.012779552715654952,0.8865030674846626,0.5271565495207667,0.03058103975535168,0.0932475884244373,0.5438066465256798,0.6483180428134556,0.017964071856287425,0.1697530864197531,0.33974358974358976,0.8043478260869565,0.009404388714733543,0.024691358024691357,0.8538205980066446,0.07975460122699386,0.027607361963190184,0.07961783439490445,0.06707317073170732,0.030864197530864196,0.45686900958466453,0.023880597014925373,0.07096774193548387,0.009230769230769232,0.07784431137724551,0.02531645569620253,0.009202453987730062,0.01875,0.0641025641025641,0.005988023952095809,0.013245033112582781,0.05246913580246913,0.005952380952380952,0.030864197530864196,0.03125,0.006389776357827476,0.8366013071895425,0.046153846153846156,0.0761904761904762,0.07926829268292683,0.015772870662460567,0.012658227848101266,0.006230529595015576,0.05309734513274336,0.009584664536741214,0.03459119496855346,0.09939759036144578,0.009202453987730062,0.006329113924050633,0.0790273556231003,0.006191950464396285,0.003105590062111801,0.8498402555910544,0.5628930817610063,0.028481012658227847,0.07076923076923076,0.0125,0.07926829268292683,0.006349206349206349,0.0030581039755351682,0.0030581039755351682,0.7003154574132492,0.5394321766561514,0.008982035928143712,0.009554140127388535,0.09287925696594428,0.6309148264984227,0.006230529595015576,0.08083832335329341,0.00625,0.006191950464396285,0.009900990099009901,0.9153605015673981,0.5440729483282675,0.16613418530351437,0.006134969325153374,0.00625,0.07643312101910828,0.1125,0.10461538461538461,0.0031746031746031746,0.7721518987341772,0.012269938650306749,0.3591331269349845,0.3291139240506329,0.06209150326797386,0.031446540880503145,0.009009009009009009,0.003125,0.35555555555555557,0.012121212121212121,0.08176100628930817,0.009174311926605505,0.11343283582089553,0.103125,0.0030211480362537764,0.019230769230769232,0.8562300319488818,0.4036697247706422,0.00909090909090909,0.041401273885350316,0.1398176291793313,0.8607594936708861,1.0,0.04113924050632911,0.078125,0.009202453987730062,0.470404984423676,0.02416918429003021,0.024024024024024024,0.03353658536585366,0.03492063492063492,0.0031847133757961785,0.025236593059936908,0.0030959752321981426,0.012861736334405145,0.00949367088607595,0.006060606060606061,0.15178571428571427,0.025477707006369428,0.047619047619047616,0.8620689655172413,0.00911854103343465,0.018404907975460124,0.1276595744680851,0.0033112582781456954,0.6389776357827476,0.07643312101910828,0.8539682539682539,0.025,0.012307692307692308,0.006269592476489028,0.07975460122699386,0.00911854103343465,0.00906344410876133,0.028938906752411574,0.006230529595015576,0.012084592145015106,0.020771513353115726,0.09717868338557993,0.012012012012012012,0.10324483775811209,0.036036036036036036,0.3067484662576687,0.027607361963190184,0.5632530120481928,0.43217665615141954,0.15315315315315314,0.009375,0.009375,0.024539877300613498,0.009404388714733543,0.5868263473053892,0.20253164556962025,0.8882175226586103
M342_Batch5,0.2698412698412698,0.27076923076923076,0.5691823899371069,0.14067278287461774,0.29073482428115016,0.9065420560747663,0.03470031545741325,0.27044025157232704,0.10385756676557864,0.3193548387096774,0.030211480362537766,0.2774390243902439,0.2765957446808511,0.2515527950310559,0.9552715654952076,0.20679012345679013,0.032362459546925564,0.4984423676012461,0.2916666666666667,0.27184466019417475,0.0,0.5555555555555556,0.7120743034055728,0.6493506493506493,0.6349206349206349,0.30120481927710846,0.660436137071651,0.2911392405063291,0.2698412698412698,0.24924012158054712,0.278125,0.2768729641693811,0.2641509433962264,0.28888888888888886,0.03254437869822485,0.2524271844660194,0.26006191950464397,0.0,0.27076923076923076,0.08282208588957055,0.27728613569321536,0.5880597014925373,0.5278688524590164,0.09876543209876543,0.2830188679245283,0.8043478260869565,0.033112582781456956,0.25382262996941896,0.9424242424242424,0.3184713375796178,0.10909090909090909,0.672782874617737,0.326984126984127,0.9337349397590361,0.0,0.6573208722741433,0.0,0.8422712933753943,0.2861635220125786,0.9380804953560371,0.003289473684210526,0.2966360856269113,0.6550632911392406,0.04984423676012461,0.2896341463414634,0.8481012658227848,0.7267080745341615,0.3018867924528302,0.04304635761589404,0.13975155279503104,0.0,0.040123456790123455,0.7746031746031746,0.6352201257861635,0.6593059936908517,0.7237237237237237,0.6644951140065146,0.8950617283950617,0.6452599388379205,0.28164556962025317,0.2532051282051282,0.0,0.5507692307692308,0.6430868167202572,0.026058631921824105,0.2709677419354839,0.9423076923076923,0.334384858044164,0.2806451612903226,0.041916167664670656,0.2875,0.2874617737003058,0.2740963855421687,0.103125,0.2618296529968454,0.27976190476190477,0.26666666666666666,0.055900621118012424,0.10062893081761007,0.278125,0.6588235294117647,0.2961783439490446,0.273015873015873,0.27906976744186046,0.019230769230769232,0.25308641975308643,0.4391025641025641,0.26666666666666666,0.2761904761904762,0.6801242236024845,0.6334405144694534,0.6697247706422018,0.5759493670886076,0.11987381703470032,0.6697819314641744,0.5314465408805031,0.1488673139158576,0.0,0.9682539682539683,0.6507462686567164,0.2884012539184953,0.18412698412698414,0.6855345911949685,0.25382262996941896,0.29878048780487804,0.8318318318318318,0.6446540880503144,0.27607361963190186,0.8878205128205128,0.03470031545741325,0.13664596273291926,0.286144578313253,0.08463949843260188,0.256797583081571,0.02416918429003021,0.04113924050632911,1.0,0.05198776758409786,0.28615384615384615,0.34169278996865204,0.9418960244648318,0.9879154078549849,0.30745341614906835,0.8575851393188855,0.28888888888888886,0.8977635782747604,0.28125,0.659016393442623,0.30448717948717946,0.6656441717791411,0.7102803738317757,0.9292604501607717,0.08888888888888889,0.03235294117647059,0.2789317507418398,0.27102803738317754,0.29595015576323985,0.28753993610223644,0.13157894736842105,0.06451612903225806,0.03536977491961415,0.6815286624203821,0.6452599388379205,0.3057324840764331,0.05521472392638037,0.27794561933534745,0.6503067484662577,0.69375,0.2643312101910828,0.2755417956656347,0.24773413897280966,0.12460063897763578,0.2818181818181818,0.6517857142857143,0.6696969696969697,0.544891640866873,0.9559748427672956,0.2746268656716418,0.5,0.7396449704142012,0.28792569659442724,0.27414330218068533,0.24,0.6510903426791277,0.18731117824773413,0.4528301886792453,0.03353658536585366
M354_Batch5,0.2445141065830721,0.254601226993865,0.00974025974025974,0.8102409638554217,0.25391849529780564,0.04126984126984127,0.006230529595015576,0.2571428571428571,0.8053892215568862,0.05144694533762058,0.008823529411764706,0.012461059190031152,0.24085365853658536,0.045871559633027525,0.047619047619047616,0.09717868338557993,0.0064516129032258064,0.0668693009118541,0.20317460317460317,0.2379421221864952,0.7392739273927392,0.00949367088607595,0.0061162079510703364,0.0,0.0,0.16265060240963855,0.0,0.2861635220125786,0.2422360248447205,0.3862928348909657,0.24233128834355827,0.24281150159744408,0.26851851851851855,0.3035143769968051,0.006060606060606061,0.05448717948717949,0.2786377708978328,0.7311475409836066,0.052795031055900624,0.05198776758409786,0.28012048192771083,0.0,0.009375,0.006060606060606061,0.2468354430379747,0.021538461538461538,0.006369426751592357,0.23219814241486067,0.04573170731707317,0.19365079365079366,0.8470948012232415,0.0,0.06624605678233439,0.04819277108433735,0.7727272727272727,0.1111111111111111,0.7713414634146342,0.06624605678233439,0.2555205047318612,0.04573170731707317,0.7013422818791947,0.24773413897280966,0.09779179810725552,0.6861538461538461,0.29573170731707316,0.071875,0.0,0.2222222222222222,0.01694915254237288,0.7694704049844237,0.7056962025316456,0.9785932721712538,0.09597523219814241,0.109375,0.11042944785276074,0.011976047904191617,0.11038961038961038,0.0778816199376947,0.0060790273556231,0.25153374233128833,0.2586750788643533,0.7469879518072289,0.16049382716049382,0.10658307210031348,0.006389776357827476,0.04100946372239748,0.059748427672955975,0.205607476635514,0.3249211356466877,0.9911764705882353,0.259375,0.2476780185758514,0.24316109422492402,0.3659305993690852,0.06289308176100629,0.24316109422492402,0.3003194888178914,0.975,0.04516129032258064,0.26129032258064516,0.0,0.2639751552795031,0.26582278481012656,0.23529411764705882,0.003125,0.053125,0.22653721682847897,0.25846153846153846,0.2375,0.009375,0.00625,0.009202453987730062,0.12539184952978055,0.012422360248447204,0.1027190332326284,0.012307692307692308,0.13099041533546327,0.7233333333333334,0.0529595015576324,0.10030395136778116,0.25625,0.13166144200626959,0.10248447204968944,0.66875,0.2962962962962963,0.05637982195845697,0.0,0.21921921921921922,0.06962025316455696,0.0031645569620253164,0.08978328173374613,0.24695121951219512,0.9046153846153846,0.20180722891566266,0.003115264797507788,0.078125,0.05198776758409786,1.0,0.25,0.050793650793650794,0.04938271604938271,0.0572289156626506,0.2225705329153605,0.038461538461538464,0.25391849529780564,0.05732484076433121,0.27388535031847133,0.09740259740259741,0.23734177215189872,0.10365853658536585,0.07975460122699386,0.04501607717041801,0.8950617283950617,0.005934718100890208,0.2523076923076923,0.26380368098159507,0.19207317073170732,0.2305194805194805,0.04153354632587859,0.9746031746031746,0.003215434083601286,0.0,0.1574074074074074,0.20382165605095542,0.9597523219814241,0.2598187311178248,0.09538461538461539,0.0,0.2586750788643533,0.24085365853658536,0.29393939393939394,0.890625,0.3090909090909091,0.0,0.0,0.006309148264984227,0.05521472392638037,0.04878048780487805,0.03353658536585366,0.08787878787878788,0.23052959501557632,0.25766871165644173,0.2808641975308642,0.10903426791277258,0.0634441087613293,0.17981072555205047,0.0029940119760479044
M362_Batch5,1.0,1.0,0.03715170278637771,0.4259818731117825,1.0,0.3293768545994065,0.021671826625386997,1.0,0.5014836795252225,0.34185303514376997,0.028901734104046242,0.02127659574468085,1.0,0.3136094674556213,0.29357798165137616,0.4382716049382716,0.027439024390243903,0.0,0.839622641509434,0.9938461538461538,0.006430868167202572,0.054380664652567974,0.03636363636363636,0.009523809523809525,0.0,0.7134502923976608,0.0,0.9601226993865031,1.0,0.8875379939209727,0.9969879518072289,0.9937694704049844,1.0,0.9440993788819876,0.023529411764705882,0.3113207547169811,0.9667673716012085,0.0,0.31722054380664655,0.21791044776119403,0.9736842105263158,0.0,0.046153846153846156,0.020958083832335328,1.0,0.10461538461538461,0.046875,0.9,0.2694610778443114,0.8780487804878049,0.41846153846153844,0.0,0.3875,0.30701754385964913,0.012539184952978056,0.608955223880597,0.0,0.40625,1.0,0.3159509202453988,0.006389776357827476,0.948948948948949,0.5904761904761905,0.07530120481927711,0.9258160237388724,0.27492447129909364,0.0,0.9813664596273292,0.08974358974358974,0.4892966360856269,0.0,0.17117117117117117,0.43558282208588955,0.6222910216718266,0.6085626911314985,0.0847953216374269,0.5963302752293578,0.3575757575757576,0.0,1.0,1.0,0.0,0.7155963302752294,0.6307692307692307,0.024922118380062305,0.27358490566037735,0.3426791277258567,0.8953846153846153,0.9316770186335404,0.2235294117647059,0.9968944099378882,1.0,1.0,0.037267080745341616,0.3486238532110092,1.0,0.963076923076923,0.3056379821958457,0.25696594427244585,1.0,0.0029069767441860465,1.0,1.0,0.9967637540453075,0.021875,0.32228915662650603,0.015151515151515152,0.996969696969697,1.0,0.021212121212121213,0.021212121212121213,0.024096385542168676,0.7097791798107256,0.04375,0.603030303030303,0.05345911949685535,0.5669781931464174,0.0,0.2852760736196319,0.5959302325581395,0.9810725552050473,0.5791139240506329,0.588957055214724,0.34055727554179566,0.9487951807228916,0.3264705882352941,0.0,0.9821428571428571,0.40062111801242234,0.024844720496894408,0.4831804281345566,1.0,0.37888198757763975,0.8240469208211144,0.03003003003003003,0.009202453987730062,0.28615384615384615,0.25,1.0,0.3425925925925926,0.30606060606060603,0.3,0.9355828220858896,0.13538461538461538,0.9847094801223242,0.39490445859872614,1.0,0.610223642172524,0.9968354430379747,0.591715976331361,0.42727272727272725,0.328125,0.4254658385093168,0.019943019943019943,0.9852507374631269,0.9637462235649547,0.8102409638554217,1.0,0.21630094043887146,0.31347962382445144,0.03048780487804878,0.0,0.5770392749244713,0.9651898734177216,0.32727272727272727,1.0,0.591044776119403,0.0,1.0,0.9787234042553191,0.9476744186046512,0.2623456790123457,0.935672514619883,0.0,0.0,0.040123456790123455,0.3170731707317073,0.2874251497005988,0.17522658610271905,0.4174174174174174,1.0,0.9969325153374233,0.9662576687116564,0.6114457831325302,0.30538922155688625,0.012578616352201259,0.02694610778443114
M4112_Batch5,0.3064516129032258,0.31722054380664655,0.4258064516129032,0.10185185185185185,0.31974921630094044,0.29874213836477986,0.5403726708074534,0.3333333333333333,0.11275964391691394,0.9837133550488599,0.5435435435435435,0.503125,0.3364485981308411,0.9254658385093167,0.30844155844155846,0.7088607594936709,0.5307443365695793,0.175,0.495114006514658,0.3375796178343949,0.0,0.46178343949044587,0.21003134796238246,0.21904761904761905,0.1942675159235669,0.6186186186186187,0.14826498422712933,0.328125,0.32051282051282054,0.2911392405063291,0.3385579937304075,0.31629392971246006,0.3333333333333333,0.3142857142857143,0.5363636363636364,0.9453376205787781,0.329073482428115,0.0,0.9595015576323987,0.688622754491018,0.3183183183183183,0.2636363636363636,0.46254071661237783,0.5535168195718655,0.34824281150159747,0.19135802469135801,0.5780730897009967,0.3558282208588957,0.30275229357798167,0.43354430379746833,0.10736196319018405,0.12158054711246201,0.9361022364217252,0.3083832335329341,0.009771986970684038,0.2929936305732484,0.0,0.34951456310679613,0.3103448275862069,0.3249211356466877,0.0,0.2932098765432099,0.3069306930693069,0.03426791277258567,0.31419939577039274,0.26006191950464397,0.15170278637770898,0.31629392971246006,0.5324675324675324,0.10191082802547771,0.0,0.03880597014925373,0.330188679245283,0.3089171974522293,0.31076923076923074,0.2289156626506024,0.2990353697749196,0.3291139240506329,0.20364741641337386,0.3103448275862069,0.31528662420382164,0.0,0.3119266055045872,0.3167701863354037,0.5342019543973942,0.948220064724919,0.31210191082802546,0.42586750788643535,0.2964169381107492,0.041916167664670656,0.31629392971246006,0.32,0.3364485981308411,0.23974763406940064,0.9283387622149837,0.31722054380664655,0.3096774193548387,0.07278481012658228,0.6624605678233438,0.3086816720257235,0.1981981981981982,0.32051282051282054,0.3227848101265823,0.3447098976109215,0.5130718954248366,0.9104938271604939,0.16199376947040497,0.32515337423312884,0.3269230769230769,0.20952380952380953,0.2082018927444795,0.21337579617834396,0.34394904458598724,0.5993690851735016,0.31974921630094044,0.49843260188087773,0.47249190938511326,0.0,0.3054662379421222,0.3009118541033435,0.328125,0.5273311897106109,0.3249211356466877,0.175,0.3136645962732919,0.5210843373493976,0.20440251572327045,0.31736526946107785,0.33653846153846156,0.5157232704402516,0.5078369905956113,0.33229813664596275,0.08598726114649681,0.43154761904761907,0.5141955835962145,0.470404984423676,0.34169278996865204,0.050793650793650794,0.3425925925925926,1.0,0.32087227414330216,0.32831325301204817,0.37735849056603776,0.21428571428571427,0.3364485981308411,0.3300970873786408,0.326984126984127,0.3246753246753247,0.31290322580645163,0.3385093167701863,0.6012461059190031,0.32903225806451614,0.10191082802547771,0.5189504373177842,0.3213213213213213,0.3261538461538461,0.5031446540880503,0.326984126984127,0.742671009771987,0.0759493670886076,0.5276872964169381,0.14285714285714285,0.3191489361702128,0.321656050955414,0.08359133126934984,0.34355828220858897,0.30124223602484473,0.1639871382636656,0.33125,0.29754601226993865,0.31343283582089554,0.0781758957654723,0.2774390243902439,0.20658682634730538,0.15384615384615385,0.4392523364485981,0.310126582278481,0.9237804878048781,0.6802507836990596,0.601823708206687,0.3438485804416404,0.321875,0.3220858895705521,0.296875,0.7987804878048781,0.19155844155844157,0.552870090634441
M4113_Batch5,0.2875,0.2818181818181818,0.5172413793103449,0.13293051359516617,0.29283489096573206,0.9722222222222222,0.015337423312883436,0.290519877675841,0.10714285714285714,0.25878594249201275,0.008797653958944282,0.25,0.26993865030674846,0.21846153846153846,0.9935691318327974,0.18012422360248448,0.009554140127388535,0.5047021943573667,0.2964169381107492,0.27639751552795033,0.0,0.5126582278481012,0.6949685534591195,0.6360759493670886,0.6077170418006431,0.2921686746987952,0.6513761467889908,0.29260450160771706,0.2923076923076923,0.25225225225225223,0.2852760736196319,0.290625,0.27848101265822783,0.2920634920634921,0.006042296072507553,0.22186495176848875,0.26605504587155965,0.0,0.22699386503067484,0.05373134328358209,0.28869047619047616,0.5623100303951368,0.4952681388012618,0.06422018348623854,0.2884012539184953,0.7987804878048781,0.009523809523809525,0.2537313432835821,0.9641791044776119,0.31790123456790126,0.10365853658536585,0.6951219512195121,0.29337539432176657,0.9940652818991098,0.0,0.6985074626865672,0.0,0.9059561128526645,0.2888198757763975,1.0,0.003205128205128205,0.32326283987915405,0.7096774193548387,0.056074766355140186,0.28869047619047616,0.9076923076923077,0.759375,0.3169230769230769,0.026058631921824105,0.14678899082568808,0.0,0.03903903903903904,0.8385093167701864,0.6888888888888889,0.7169230769230769,0.7544378698224852,0.7147335423197492,0.9535603715170279,0.6312684365781711,0.26851851851851855,0.2634920634920635,0.0,0.6068111455108359,0.6791277258566978,0.006329113924050633,0.22397476340694006,0.9619047619047619,0.3385579937304075,0.2802547770700637,0.04411764705882353,0.2830188679245283,0.30153846153846153,0.27627627627627627,0.08917197452229299,0.22981366459627328,0.2782874617737003,0.27531645569620256,0.052795031055900624,0.078125,0.29595015576323985,0.6441176470588236,0.296875,0.2631578947368421,0.27124183006535946,0.003194888178913738,0.19384615384615383,0.42902208201892744,0.2735562310030395,0.28173374613003094,0.66875,0.6346749226006192,0.6574074074074074,0.620253164556962,0.08544303797468354,0.7186544342507645,0.4894894894894895,0.15789473684210525,0.0,0.9842767295597484,0.6985074626865672,0.28434504792332266,0.17142857142857143,0.7317073170731707,0.2631578947368421,0.3046153846153846,0.7893175074183977,0.6172839506172839,0.2883435582822086,0.9495268138801262,0.00949367088607595,0.13333333333333333,0.2909090909090909,0.07739938080495357,0.26176470588235295,0.012461059190031152,0.02416918429003021,0.9418960244648318,0.04938271604938271,0.30606060606060603,0.32087227414330216,1.0,0.9585798816568047,0.3241590214067278,0.8395061728395061,0.2946708463949843,0.9018987341772152,0.3055555555555556,0.7077922077922078,0.3057324840764331,0.7341389728096677,0.7168674698795181,0.9779179810725552,0.08695652173913043,0.005714285714285714,0.2818181818181818,0.2857142857142857,0.3009118541033435,0.29260450160771706,0.0877742946708464,0.0660377358490566,0.012779552715654952,0.6990595611285266,0.6895522388059702,0.3052959501557632,0.054878048780487805,0.27794561933534745,0.6930091185410334,0.6915887850467289,0.27639751552795033,0.29253731343283584,0.24169184290030213,0.11392405063291139,0.2988165680473373,0.6231884057971014,0.6878787878787879,0.52,0.9907120743034056,0.2326283987915408,0.47368421052631576,0.7325227963525835,0.28115015974440893,0.2932098765432099,0.24615384615384617,0.6984615384615385,0.13056379821958458,0.41904761904761906,0.011976047904191617
M4114_Batch5,0.29518072289156627,0.27596439169139464,0.541795665634675,0.15743440233236153,0.2982456140350877,0.9164179104477612,0.02702702702702703,0.296969696969697,0.11714285714285715,0.2981366459627329,0.019886363636363636,0.26176470588235295,0.2746268656716418,0.24024024024024024,0.9721362229102167,0.20303030303030303,0.024844720496894408,0.49096385542168675,0.3052959501557632,0.2921686746987952,0.0031847133757961785,0.5301204819277109,0.7078313253012049,0.6273291925465838,0.6174698795180723,0.29190751445086704,0.6430678466076696,0.30149253731343284,0.2919254658385093,0.2746268656716418,0.29003021148036257,0.2934131736526946,0.283987915407855,0.3090909090909091,0.020348837209302327,0.2468354430379747,0.2703488372093023,0.0,0.2594752186588921,0.0744047619047619,0.30057803468208094,0.5761194029850746,0.5061349693251533,0.0830860534124629,0.3048780487804878,0.7987987987987988,0.02476780185758514,0.2626865671641791,0.9467455621301775,0.3353846153846154,0.11527377521613832,0.685459940652819,0.31212121212121213,0.953757225433526,0.0,0.6757575757575758,0.0,0.8597560975609756,0.3009118541033435,0.9548192771084337,0.003115264797507788,0.3136094674556213,0.6813880126182965,0.059880239520958084,0.3119533527696793,0.8810975609756098,0.7371601208459214,0.32,0.04375,0.16216216216216217,0.0,0.038461538461538464,0.7970588235294118,0.6479750778816199,0.6796407185628742,0.7285714285714285,0.6708860759493671,0.9076923076923077,0.6147058823529412,0.2909090909090909,0.2682926829268293,0.0,0.5688622754491018,0.6565349544072948,0.018461538461538463,0.2523076923076923,0.950920245398773,0.35240963855421686,0.29721362229102166,0.04927536231884058,0.2961876832844575,0.30149253731343284,0.2861356932153392,0.08333333333333333,0.24545454545454545,0.28994082840236685,0.28484848484848485,0.05421686746987952,0.09876543209876543,0.2923076923076923,0.6397694524495677,0.30513595166163143,0.2822822822822823,0.2939297124600639,0.018018018018018018,0.23723723723723725,0.4298780487804878,0.27927927927927926,0.28700906344410876,0.6656534954407295,0.6242236024844721,0.6656626506024096,0.5802469135802469,0.10122699386503067,0.6978851963746223,0.5119760479041916,0.16822429906542055,0.0,0.9789156626506024,0.6608695652173913,0.2966360856269113,0.19571865443425077,0.6955223880597015,0.2691131498470948,0.3119533527696793,0.8463768115942029,0.6097560975609756,0.2982456140350877,0.8950617283950617,0.0243161094224924,0.14029850746268657,0.2916666666666667,0.09287925696594428,0.27485380116959063,0.012195121951219513,0.024024024024024024,0.9879154078549849,0.0572289156626506,0.3,0.32831325301204817,0.9585798816568047,1.0,0.32047477744807124,0.8403614457831325,0.3072289156626506,0.926605504587156,0.29819277108433734,0.6823899371069182,0.303951367781155,0.6929824561403509,0.7240356083086054,0.9486404833836858,0.09480122324159021,0.022535211267605635,0.2894736842105263,0.2955223880597015,0.30177514792899407,0.30218068535825543,0.12,0.07384615384615385,0.021806853582554516,0.6867469879518072,0.6666666666666666,0.32601880877742945,0.06547619047619048,0.2985507246376812,0.6755162241887905,0.6909090909090909,0.2765957446808511,0.2961876832844575,0.263768115942029,0.11764705882352941,0.29737609329446063,0.6184971098265896,0.6695652173913044,0.5299401197604791,0.9670658682634731,0.25146198830409355,0.4984709480122324,0.7559523809523809,0.2932098765432099,0.290519877675841,0.26112759643916916,0.6627218934911243,0.17251461988304093,0.422360248447205,0.017543859649122806
M4115_Batch5,0.939297124600639,0.9343283582089552,0.08544303797468354,0.4024024024024024,0.9357798165137615,0.34579439252336447,0.04643962848297214,0.934375,0.43202416918429004,0.38436482084690554,0.06158357771260997,0.0668693009118541,0.9569230769230769,0.36875,0.3050314465408805,0.5,0.056962025316455694,0.012345679012345678,0.8860759493670886,0.9331210191082803,0.003246753246753247,0.10158730158730159,0.06329113924050633,0.028938906752411574,0.0189873417721519,0.7728613569321534,0.02735562310030395,0.9125,0.93125,0.801829268292683,0.9347826086956522,0.9472049689440993,0.9367088607594937,0.8810289389067524,0.04747774480712166,0.3375796178343949,0.9181818181818182,0.0,0.35347432024169184,0.2577639751552795,0.9251497005988024,0.027777777777777776,0.08945686900958466,0.05504587155963303,0.9380804953560371,0.13719512195121952,0.06168831168831169,0.8549382716049383,0.2948328267477204,0.9583333333333334,0.3768996960486322,0.030959752321981424,0.428125,0.3192771084337349,0.0064516129032258064,0.59375,0.0,0.4339622641509434,0.9404388714733543,0.3395061728395062,0.006535947712418301,0.906060606060606,0.5909090909090909,0.06918238993710692,0.851963746223565,0.2883435582822086,0.02786377708978328,0.922360248447205,0.11764705882352941,0.4303030303030303,0.0,0.15384615384615385,0.4430379746835443,0.6151419558359621,0.5957446808510638,0.09523809523809523,0.5947712418300654,0.38080495356037153,0.021538461538461538,0.9310344827586207,0.9361022364217252,0.0,0.7067901234567902,0.6305732484076433,0.05625,0.3279742765273312,0.35161290322580646,0.9655172413793104,0.8742138364779874,0.19519519519519518,0.9345794392523364,0.9424242424242424,0.9237804878048781,0.056782334384858045,0.3904761904761905,0.9355828220858896,0.9050632911392406,0.2654320987654321,0.3177570093457944,0.9308176100628931,0.017804154302670624,0.9320987654320988,0.9335443037974683,0.9407894736842105,0.050793650793650794,0.38769230769230767,0.04375,0.9307228915662651,0.9428571428571428,0.0438871473354232,0.0440251572327044,0.04984423676012461,0.6990595611285266,0.08201892744479496,0.5820433436532507,0.09567901234567901,0.5828025477707006,0.0,0.32087227414330216,0.5933734939759037,0.9221183800623053,0.5787781350482315,0.559375,0.31210191082802546,0.9006024096385542,0.34718100890207715,0.0219435736677116,0.926605504587156,0.410828025477707,0.05660377358490566,0.49846153846153846,0.9402985074626866,0.3292307692307692,0.8413173652694611,0.06230529595015576,0.03353658536585366,0.30745341614906835,0.2225705329153605,0.9355828220858896,0.37735849056603776,0.3241590214067278,0.32047477744807124,1.0,0.16927899686520376,0.9305993690851735,0.39556962025316456,0.9451219512195121,0.6,0.954983922829582,0.5873493975903614,0.4727272727272727,0.3387096774193548,0.3639240506329114,0.05142857142857143,0.9298780487804879,0.9179331306990881,0.8353293413173652,0.9290322580645162,0.27044025157232704,0.27884615384615385,0.05379746835443038,0.031746031746031744,0.573170731707317,0.9490445859872612,0.2896341463414634,0.939209726443769,0.5830815709969789,0.021875,0.9341692789968652,0.9635258358662614,0.8988095238095238,0.23734177215189872,0.8696969696969697,0.020833333333333332,0.01466275659824047,0.07763975155279502,0.3270440251572327,0.3474320241691843,0.21604938271604937,0.45896656534954405,0.9320388349514563,0.95,0.9113149847094801,0.6030769230769231,0.364741641337386,0.034482758620689655,0.0572289156626506
M4116_Batch5,0.12779552715654952,0.12615384615384614,0.6720257234726688,0.09235668789808917,0.13141025641025642,0.8125,0.022082018927444796,0.11290322580645161,0.06306306306306306,0.19281045751633988,0.011976047904191617,0.28703703703703703,0.121875,0.1523809523809524,0.8449367088607594,0.10191082802547771,0.01597444089456869,0.6485623003194888,0.14802631578947367,0.12861736334405144,0.0,0.6498422712933754,0.889589905362776,0.8169934640522876,0.8111455108359134,0.1411042944785276,0.8338461538461538,0.1167192429022082,0.12779552715654952,0.11490683229813664,0.13522012578616352,0.13504823151125403,0.1178343949044586,0.14715719063545152,0.018518518518518517,0.1465798045602606,0.12732919254658384,0.0,0.1609907120743034,0.027190332326283987,0.1303030303030303,0.7064220183486238,0.6314102564102564,0.08099688473520249,0.1282051282051282,0.8830769230769231,0.009900990099009901,0.11801242236024845,0.88,0.15112540192926044,0.0764525993883792,0.8416149068322981,0.1935483870967742,0.8478260869565217,0.0,0.540625,0.0,0.7339743589743589,0.1346153846153846,0.8270440251572327,0.0,0.1651376146788991,0.5162337662337663,0.028037383177570093,0.14156626506024098,0.8235294117647058,0.8821656050955414,0.1574074074074074,0.02027027027027027,0.09779179810725552,0.0,0.028125,0.6772151898734177,0.5078369905956113,0.5362776025236593,0.7993920972644377,0.5469255663430421,0.7678018575851393,0.8012232415902141,0.11875,0.10679611650485436,0.0,0.40923076923076923,0.501577287066246,0.009615384615384616,0.1746031746031746,0.8078175895765473,0.17857142857142858,0.14968152866242038,0.027777777777777776,0.14057507987220447,0.12578616352201258,0.12269938650306748,0.08888888888888889,0.15335463258785942,0.12111801242236025,0.11726384364820847,0.028125,0.03194888178913738,0.1437908496732026,0.8143712574850299,0.14376996805111822,0.11356466876971609,0.12244897959183673,0.0064516129032258064,0.1375,0.5636942675159236,0.125,0.1182108626198083,0.842948717948718,0.8178913738019169,0.8126984126984127,0.4253246753246753,0.0946372239747634,0.5301587301587302,0.6144200626959248,0.06687898089171974,0.0,0.8753993610223643,0.5213414634146342,0.1461038961038961,0.08524590163934426,0.5345911949685535,0.2515923566878981,0.14860681114551083,0.6795252225519288,0.7931034482758621,0.125,0.7672131147540984,0.016129032258064516,0.05625,0.12422360248447205,0.05263157894736842,0.12195121951219512,0.009584664536741214,0.03492063492063492,0.8575851393188855,0.038461538461538464,0.13538461538461538,0.21428571428571427,0.8395061728395061,0.8403614457831325,0.16927899686520376,1.0,0.14551083591331268,0.7516129032258064,0.13166144200626959,0.5143769968051118,0.1396103896103896,0.5443425076452599,0.544891640866873,0.8089171974522293,0.044444444444444446,0.014749262536873156,0.13149847094801223,0.1492063492063492,0.13043478260869565,0.13680781758957655,0.06514657980456026,0.04262295081967213,0.019417475728155338,0.842948717948718,0.5170278637770898,0.1650485436893204,0.04024767801857585,0.12462006079027356,0.5139318885448917,0.8466453674121406,0.11217948717948718,0.12461059190031153,0.11515151515151516,0.10377358490566038,0.1398176291793313,0.8083832335329342,0.8353658536585366,0.6677215189873418,0.8434504792332268,0.1656441717791411,0.4479495268138801,0.5548780487804879,0.1178343949044586,0.13125,0.1320754716981132,0.5109034267912772,0.09146341463414634,0.5581395348837209,0.015527950310559006
M414_Batch5,0.9868852459016394,0.9879518072289156,0.03125,0.44072948328267475,0.9843260188087775,0.3157894736842105,0.021538461538461538,0.9875,0.49122807017543857,0.3226837060702875,0.023391812865497075,0.024464831804281346,0.9845679012345679,0.32628398791540786,0.29153605015673983,0.43962848297213625,0.022292993630573247,0.0,0.8548387096774194,0.9808917197452229,0.012944983818770227,0.049079754601226995,0.0375,0.01282051282051282,0.003134796238244514,0.7355623100303952,0.0030959752321981426,0.9504643962848297,0.9873015873015873,0.8785046728971962,0.9908536585365854,0.9842271293375394,0.9843260188087775,0.941747572815534,0.020958083832335328,0.3258785942492013,0.9573170731707317,0.0,0.3058103975535168,0.24397590361445784,0.9671641791044776,0.006006006006006006,0.039755351681957186,0.027439024390243903,0.9904761904761905,0.103125,0.049019607843137254,0.8950617283950617,0.27522935779816515,0.8832807570977917,0.42507645259938837,0.006097560975609756,0.3987341772151899,0.314540059347181,0.012861736334405145,0.6086956521739131,0.0,0.41455696202531644,0.984472049689441,0.32,0.003257328990228013,0.9390243902439024,0.592948717948718,0.08695652173913043,0.933933933933934,0.27794561933534745,0.009404388714733543,0.9683544303797469,0.09032258064516129,0.48286604361370716,0.0,0.1609907120743034,0.43492063492063493,0.6360759493670886,0.6134969325153374,0.08108108108108109,0.60625,0.35403726708074534,0.003003003003003003,0.9845679012345679,0.9840764331210191,0.0,0.716012084592145,0.6340694006309149,0.018691588785046728,0.2807570977917981,0.34838709677419355,0.8953846153846153,0.9305993690851735,0.23170731707317074,0.984375,0.9938080495356038,0.9877675840978594,0.03680981595092025,0.33753943217665616,0.9847094801223242,0.9617834394904459,0.3058103975535168,0.2610062893081761,0.9902912621359223,0.005934718100890208,0.987460815047022,0.9872611464968153,0.9836065573770492,0.0219435736677116,0.3323170731707317,0.018867924528301886,0.9876543209876543,0.9875,0.021671826625386997,0.018867924528301886,0.027777777777777776,0.7060702875399361,0.0375,0.5891238670694864,0.049689440993788817,0.5700325732899023,0.0,0.2884012539184953,0.603030303030303,1.0,0.5682539682539682,0.584375,0.36507936507936506,0.9566563467492261,0.3421828908554572,0.0030864197530864196,1.0,0.3883495145631068,0.02147239263803681,0.484472049689441,0.9907692307692307,0.3805031446540881,0.8323170731707317,0.022151898734177215,0.0031847133757961785,0.28888888888888886,0.25391849529780564,0.9847094801223242,0.3364485981308411,0.2946708463949843,0.3072289156626506,0.9305993690851735,0.14551083591331268,1.0,0.37888198757763975,0.9937694704049844,0.6065573770491803,0.9869281045751634,0.6151515151515151,0.45141065830721006,0.33024691358024694,0.42946708463949845,0.017341040462427744,0.9787234042553191,0.9569230769230769,0.806060606060606,0.9871794871794872,0.2126984126984127,0.3238993710691824,0.028481012658227847,0.009523809523809525,0.5903614457831325,0.9778481012658228,0.3312302839116719,0.9879518072289156,0.6036036036036037,0.00949367088607595,0.9846153846153847,0.9698795180722891,0.9461077844311377,0.26582278481012656,0.9298780487804879,0.0029411764705882353,0.006060606060606061,0.036923076923076927,0.3167701863354037,0.30120481927710846,0.17133956386292834,0.42771084337349397,0.984472049689441,0.9811320754716981,0.9565217391304348,0.6139817629179332,0.3213213213213213,0.015772870662460567,0.02416918429003021
M4155_Batch5,0.39087947882736157,0.36419753086419754,0.45723684210526316,0.1792452830188679,0.3639240506329114,0.8831168831168831,0.01910828025477707,0.38387096774193546,0.1696969696969697,0.2912621359223301,0.021341463414634148,0.2347266881028939,0.371875,0.24522292993630573,0.9096989966555183,0.2524271844660194,0.020066889632107024,0.4208860759493671,0.3627450980392157,0.38311688311688313,0.006711409395973154,0.46153846153846156,0.6222222222222222,0.5288135593220339,0.5146579804560261,0.3573667711598746,0.5431309904153354,0.3782051282051282,0.3684210526315789,0.3471337579617834,0.3717948717948718,0.3795379537953795,0.3790849673202614,0.40468227424749165,0.021604938271604937,0.24414715719063546,0.3630573248407643,0.0,0.26332288401253917,0.09433962264150944,0.3653250773993808,0.48909657320872274,0.44155844155844154,0.06451612903225806,0.3980263157894737,0.7227414330218068,0.020134228187919462,0.33647798742138363,0.8575949367088608,0.39215686274509803,0.14733542319749215,0.5899053627760252,0.3076923076923077,0.8919753086419753,0.0,0.7354838709677419,0.0,0.9511400651465798,0.38613861386138615,0.8971061093247589,0.003367003367003367,0.3862928348909657,0.764505119453925,0.08176100628930817,0.3888888888888889,0.8263665594855305,0.6503267973856209,0.41346153846153844,0.04067796610169491,0.19032258064516128,0.0,0.040625,0.8469055374592834,0.7161716171617162,0.7402597402597403,0.653125,0.7516339869281046,0.8932038834951457,0.53125,0.3706070287539936,0.3475409836065574,0.0,0.6257668711656442,0.7402597402597403,0.016181229773462782,0.24919093851132687,0.8929765886287625,0.3993610223642173,0.3786407766990291,0.055900621118012424,0.38095238095238093,0.38924050632911394,0.3639240506329114,0.08143322475570032,0.2754098360655738,0.38095238095238093,0.38127090301003347,0.08064516129032258,0.12091503267973856,0.38613861386138615,0.5396341463414634,0.3801916932907348,0.3618421052631579,0.36486486486486486,0.01929260450160772,0.24921135646687698,0.3536977491961415,0.3562091503267974,0.37216828478964403,0.5596026490066225,0.5258064516129032,0.5544871794871795,0.6655629139072847,0.07987220447284345,0.750788643533123,0.445141065830721,0.22185430463576158,0.0,0.900990099009901,0.7373417721518988,0.39666666666666667,0.26058631921824105,0.7547169811320755,0.2733333333333333,0.41379310344827586,0.8096676737160121,0.5131578947368421,0.38485804416403785,0.9139072847682119,0.019417475728155338,0.19047619047619047,0.3867924528301887,0.10828025477707007,0.33125,0.009900990099009901,0.025236593059936908,0.8977635782747604,0.05732484076433121,0.39490445859872614,0.3300970873786408,0.9018987341772152,0.926605504587156,0.39556962025316456,0.7516129032258064,0.37888198757763975,1.0,0.39344262295081966,0.7391304347826086,0.40066225165562913,0.7461300309597523,0.7476635514018691,0.8996763754045307,0.10819672131147541,0.02147239263803681,0.36728395061728397,0.38412698412698415,0.3742138364779874,0.38047138047138046,0.14965986394557823,0.0915032679738562,0.023411371237458192,0.6188925081433225,0.7337461300309598,0.4163934426229508,0.0946372239747634,0.37383177570093457,0.7412140575079872,0.6091205211726385,0.35987261146496813,0.36990595611285265,0.3343465045592705,0.1266233766233766,0.3981191222570533,0.5272727272727272,0.5745341614906833,0.45741324921135645,0.9285714285714286,0.2476489028213166,0.4129032258064516,0.765625,0.369281045751634,0.36942675159235666,0.3471337579617834,0.7333333333333333,0.19444444444444445,0.3557692307692308,0.015625
M416_Batch5,1.0,1.0,0.035830618892508145,0.43597560975609756,1.0,0.33650793650793653,0.015432098765432098,1.0,0.4818181818181818,0.3301282051282051,0.023668639053254437,0.021406727828746176,1.0,0.3188854489164087,0.28391167192429023,0.4585987261146497,0.016129032258064516,0.0,0.8639240506329114,0.9967948717948718,0.013157894736842105,0.052795031055900624,0.0380952380952381,0.009836065573770493,0.0,0.7462235649546828,0.0,0.9595015576323987,1.0,0.8765432098765432,1.0,0.9968354430379747,1.0,0.9444444444444444,0.015015015015015015,0.31528662420382164,0.9634146341463414,0.0,0.3161094224924012,0.2553846153846154,0.9757575757575757,0.0,0.0462046204620462,0.021148036253776436,1.0,0.10658307210031348,0.039735099337748346,0.9049079754601227,0.27384615384615385,0.9015873015873016,0.4325153374233129,0.0,0.39375,0.3081570996978852,0.01935483870967742,0.6184615384615385,0.0,0.4228395061728395,1.0,0.3090909090909091,0.0033333333333333335,0.9608433734939759,0.6151315789473685,0.07763975155279502,0.9270516717325228,0.28391167192429023,0.0,0.9841269841269841,0.08,0.4748427672955975,0.0,0.1829652996845426,0.44654088050314467,0.6360759493670886,0.6273291925465838,0.08083832335329341,0.6096774193548387,0.36908517350157727,0.0,1.0,1.0,0.0,0.725609756097561,0.6417445482866043,0.015625,0.2806451612903226,0.3333333333333333,0.9022082018927445,0.9333333333333333,0.22839506172839505,0.9936507936507937,1.0,1.0,0.03125,0.3419354838709677,1.0,0.9591194968553459,0.3167701863354037,0.271875,1.0,0.0029940119760479044,1.0,1.0,0.9966555183946488,0.015873015873015872,0.3323170731707317,0.01282051282051282,0.9968944099378882,1.0,0.022222222222222223,0.025396825396825397,0.03115264797507788,0.7278481012658228,0.04126984126984127,0.6069182389937107,0.056962025316455694,0.5870967741935483,0.0,0.2870662460567823,0.6114457831325302,0.9840764331210191,0.5573248407643312,0.6012461059190031,0.3546325878594249,0.9513677811550152,0.32432432432432434,0.0,0.99079754601227,0.39490445859872614,0.018867924528301886,0.48466257668711654,1.0,0.3730407523510972,0.8463855421686747,0.022082018927444796,0.0030959752321981426,0.28125,0.27388535031847133,1.0,0.326984126984127,0.3055555555555556,0.29819277108433734,0.9451219512195121,0.13166144200626959,0.9937694704049844,0.39344262295081966,1.0,0.6221498371335505,0.9967637540453075,0.6067073170731707,0.440625,0.3249211356466877,0.4195583596214511,0.014705882352941176,0.9878787878787879,0.9626168224299065,0.8307692307692308,1.0,0.21639344262295082,0.3259493670886076,0.026058631921824105,0.0,0.5771604938271605,0.9683544303797469,0.32407407407407407,1.0,0.6111111111111112,0.0,1.0,0.9818181818181818,0.9616519174041298,0.266025641025641,0.9309309309309309,0.0,0.0,0.040372670807453416,0.32298136645962733,0.29819277108433734,0.18238993710691823,0.42201834862385323,1.0,0.996875,0.9627329192546584,0.6196319018404908,0.33633633633633636,0.01282051282051282,0.020958083832335328
M4164_Batch5,0.6321070234113713,0.610223642172524,0.2727272727272727,0.26366559485530544,0.6148648648648649,0.7378640776699029,0.003215434083601286,0.6071428571428571,0.27672955974842767,0.2896551724137931,0.0,0.16612377850162866,0.59375,0.2586750788643533,0.707641196013289,0.31,0.0,0.3183279742765273,0.5457627118644067,0.6032786885245902,0.013651877133105802,0.28431372549019607,0.3774193548387097,0.2953020134228188,0.3047619047619048,0.4720496894409938,0.31629392971246006,0.5732899022801303,0.6129032258064516,0.5258064516129032,0.5947712418300654,0.594059405940594,0.6181229773462783,0.5986622073578596,0.0,0.24745762711864408,0.5682539682539682,0.0,0.24919093851132687,0.12861736334405144,0.5732484076433121,0.310126582278481,0.2786885245901639,0.028391167192429023,0.5941558441558441,0.5142857142857142,0.010101010101010102,0.5256410256410257,0.6739130434782609,0.5836065573770491,0.22929936305732485,0.3821656050955414,0.33557046979865773,0.7025316455696202,0.010169491525423728,0.9934640522875817,0.0,0.8295081967213115,0.6112956810631229,0.7188498402555911,0.0,0.6560509554140127,0.9965753424657534,0.09032258064516129,0.5981308411214953,0.6876971608832808,0.44871794871794873,0.632258064516129,0.03741496598639456,0.2929936305732484,0.0,0.0761904761904762,0.826797385620915,0.9902597402597403,0.9967637540453075,0.48773006134969327,1.0,0.7633333333333333,0.3291139240506329,0.5967741935483871,0.5775577557755776,0.0,0.9225806451612903,0.9869706840390879,0.0,0.23624595469255663,0.7218543046357616,0.6078431372549019,0.5723684210526315,0.08227848101265822,0.5980392156862745,0.620253164556962,0.6081504702194357,0.0756578947368421,0.28104575163398693,0.5981308411214953,0.5822368421052632,0.1266233766233766,0.16831683168316833,0.6338983050847458,0.3292307692307692,0.6217948717948718,0.5863192182410424,0.6334519572953736,0.0,0.25796178343949044,0.24509803921568626,0.5917721518987342,0.5993485342019544,0.33881578947368424,0.34539473684210525,0.34185303514376997,0.92,0.032362459546925564,0.9967532467532467,0.24920127795527156,0.3400673400673401,0.0,0.6741214057507987,1.0,0.5993265993265994,0.35785953177257523,0.9968051118210862,0.33121019108280253,0.6139240506329114,0.6067073170731707,0.33554817275747506,0.6074766355140186,0.8026315789473685,0.0,0.2709677419354839,0.60828025477707,0.17391304347826086,0.521875,0.0,0.012861736334405145,0.659016393442623,0.09740259740259741,0.610223642172524,0.3246753246753247,0.7077922077922078,0.6823899371069182,0.6,0.5143769968051118,0.6065573770491803,0.7391304347826086,0.6221498371335505,1.0,0.625,0.990506329113924,0.6266233766233766,0.7239057239057239,0.19344262295081968,0.0,0.6163522012578616,0.5993485342019544,0.5207667731629393,0.6270627062706271,0.15151515151515152,0.1362126245847176,0.0,0.380327868852459,0.8535825545171339,0.6363636363636364,0.13548387096774195,0.6037735849056604,0.996742671009772,0.38205980066445183,0.5980392156862745,0.6175548589341693,0.5579937304075235,0.17263843648208468,0.5924764890282131,0.3157894736842105,0.3667711598746082,0.268370607028754,0.7203947368421053,0.23824451410658307,0.3354632587859425,0.6069182389937107,0.6426229508196721,0.6091205211726385,0.5566037735849056,0.9902912621359223,0.21875,0.2550335570469799,0.0
M4167_Batch5,1.0,0.9969135802469136,0.0392156862745098,0.401840490797546,1.0,0.33974358974358976,0.016025641025641024,0.9968051118210862,0.4727272727272727,0.32786885245901637,0.024242424242424242,0.018867924528301886,0.9968944099378882,0.30793650793650795,0.30363036303630364,0.44871794871794873,0.01948051948051948,0.0,0.8493589743589743,0.9904761904761905,0.006622516556291391,0.05177993527508091,0.038338658146964855,0.009771986970684038,0.0,0.7286585365853658,0.0,0.9584664536741214,0.9967637540453075,0.8734177215189873,0.9935691318327974,0.9967532467532467,0.9968454258675079,0.9344262295081968,0.018404907975460124,0.29042904290429045,0.9652996845425867,0.0,0.296875,0.228125,0.9752321981424149,0.0,0.049342105263157895,0.01875,0.9967105263157895,0.1167192429022082,0.03289473684210526,0.9134615384615384,0.2791411042944785,0.8870967741935484,0.3834355828220859,0.003048780487804878,0.3709677419354839,0.3132530120481928,0.013201320132013201,0.6325878594249201,0.0,0.4281150159744409,0.9968354430379747,0.33753943217665616,0.003289473684210526,0.963076923076923,0.6195286195286195,0.08074534161490683,0.9209726443768997,0.2898089171974522,0.003246753246753247,0.9872611464968153,0.06930693069306931,0.46474358974358976,0.0,0.13782051282051283,0.453125,0.6372549019607843,0.6182965299684543,0.08307692307692308,0.6237623762376238,0.37662337662337664,0.0,0.9968454258675079,0.996742671009772,0.0,0.7516129032258064,0.6529968454258676,0.01910828025477707,0.25163398692810457,0.3488372093023256,0.9120521172638436,0.9123376623376623,0.20754716981132076,0.9936102236421726,0.996875,0.9968152866242038,0.03870967741935484,0.33116883116883117,0.9968152866242038,0.9607843137254902,0.2779552715654952,0.25245901639344265,0.9967948717948718,0.003067484662576687,0.996742671009772,0.9968051118210862,0.9931740614334471,0.0196078431372549,0.3115264797507788,0.016286644951140065,0.9936908517350158,0.9968253968253968,0.022082018927444796,0.02258064516129032,0.025559105431309903,0.7322580645161291,0.041935483870967745,0.6170886075949367,0.05063291139240506,0.5751633986928104,0.0,0.2903225806451613,0.6153846153846154,0.9837662337662337,0.5784313725490197,0.6018808777429467,0.3227848101265823,0.9400630914826499,0.32098765432098764,0.0,0.9845201238390093,0.42810457516339867,0.01929260450160772,0.47770700636942676,0.9968253968253968,0.34951456310679613,0.8369230769230769,0.022508038585209004,0.00949367088607595,0.30448717948717946,0.23734177215189872,0.9968354430379747,0.31290322580645163,0.3057324840764331,0.303951367781155,0.954983922829582,0.1396103896103896,0.9869281045751634,0.40066225165562913,0.9967637540453075,0.625,1.0,0.6206896551724138,0.4192546583850932,0.3269230769230769,0.40460526315789475,0.018018018018018018,0.9848942598187311,0.9651898734177216,0.8150470219435737,0.9967213114754099,0.21710526315789475,0.2931596091205212,0.026578073089700997,0.003257328990228013,0.5766871165644172,0.970873786407767,0.2897196261682243,0.9969135802469136,0.620253164556962,0.0031645569620253164,1.0,0.9907692307692307,0.9506172839506173,0.23734177215189872,0.9296636085626911,0.0,0.00303951367781155,0.038461538461538464,0.33121019108280253,0.27469135802469136,0.16718266253869968,0.4146341463414634,0.9967741935483871,0.9967948717948718,0.9642857142857143,0.6317460317460317,0.3128834355828221,0.013071895424836602,0.018518518518518517
M417_Batch5,0.6061538461538462,0.5918367346938775,0.2537764350453172,0.2767857142857143,0.5975609756097561,0.7560240963855421,0.0030864197530864196,0.593939393939394,0.2756598240469208,0.2884012539184953,0.0028735632183908046,0.14714714714714713,0.5740181268882175,0.2514792899408284,0.7230769230769231,0.29754601226993865,0.0,0.32228915662650603,0.5321100917431193,0.5900621118012422,0.012944983818770227,0.2672672672672673,0.38109756097560976,0.31347962382445144,0.3149847094801223,0.476878612716763,0.31722054380664655,0.5775075987841946,0.5895061728395061,0.4984984984984985,0.5915915915915916,0.5914634146341463,0.593939393939394,0.5876923076923077,0.0,0.2468354430379747,0.5512048192771084,0.0,0.25970149253731345,0.12759643916913946,0.564327485380117,0.2955223880597015,0.259375,0.029850746268656716,0.5987841945288754,0.5229357798165137,0.00946372239747634,0.5311572700296736,0.6906906906906907,0.5709876543209876,0.2529411764705882,0.3806646525679758,0.35514018691588783,0.7335243553008596,0.009316770186335404,0.9848024316109423,0.0,0.8526645768025078,0.5909090909090909,0.7349397590361446,0.003236245954692557,0.6420118343195266,0.9935483870967742,0.09309309309309309,0.5935672514619883,0.6936936936936937,0.4608433734939759,0.6184615384615385,0.0380952380952381,0.3023952095808383,0.0,0.07621951219512195,0.8287461773700305,0.9817629179331308,0.9939393939393939,0.49415204678362573,0.9937106918238994,0.7739938080495357,0.3353115727002967,0.5903614457831325,0.5488958990536278,0.0,0.9009009009009009,0.9813664596273292,0.0,0.2260061919504644,0.7236024844720497,0.5987841945288754,0.577639751552795,0.10294117647058823,0.5848484848484848,0.6149253731343284,0.5887573964497042,0.07621951219512195,0.2688821752265861,0.5857988165680473,0.5783132530120482,0.13149847094801223,0.1728395061728395,0.6170886075949367,0.3474576271186441,0.5969230769230769,0.5692307692307692,0.6123778501628665,0.0,0.25075528700906347,0.2786377708978328,0.5718562874251497,0.5927051671732523,0.35714285714285715,0.3484848484848485,0.344311377245509,0.9071207430340558,0.040123456790123455,0.9879154078549849,0.24624624624624625,0.35,0.0,0.6882716049382716,0.9941176470588236,0.6024464831804281,0.3293051359516616,0.9969604863221885,0.3630769230769231,0.6035502958579881,0.6153846153846154,0.3282208588957055,0.6040462427745664,0.8235294117647058,0.0,0.2852760736196319,0.5899705014749262,0.16770186335403728,0.5115606936416185,0.0030864197530864196,0.006060606060606061,0.6656441717791411,0.10365853658536585,0.591715976331361,0.3385093167701863,0.7341389728096677,0.6929824561403509,0.5873493975903614,0.5443425076452599,0.6151515151515151,0.7461300309597523,0.6067073170731707,0.990506329113924,0.6206896551724138,1.0,0.6555891238670695,0.7438271604938271,0.20121951219512196,0.0,0.5898203592814372,0.5903614457831325,0.5285285285285285,0.6182965299684543,0.15772870662460567,0.14953271028037382,0.003134796238244514,0.39274924471299094,0.8338278931750742,0.6212121212121212,0.14893617021276595,0.5877192982456141,0.9940652818991098,0.3957703927492447,0.5765765765765766,0.6187683284457478,0.5590778097982709,0.18885448916408668,0.5877192982456141,0.3342857142857143,0.375366568914956,0.2620481927710843,0.7313432835820896,0.24107142857142858,0.32934131736526945,0.650887573964497,0.616822429906542,0.6030769230769231,0.5649546827794562,0.9878787878787879,0.21037463976945245,0.270516717325228,0.002932551319648094
M4172_Batch5,0.4074074074074074,0.4260355029585799,0.4192546583850932,0.17210682492581603,0.42201834862385323,0.6990881458966566,0.17682926829268292,0.42153846153846153,0.17251461988304093,0.5419354838709678,0.17210682492581603,0.30275229357798167,0.42900302114803623,0.48338368580060426,0.707936507936508,0.425,0.14240506329113925,0.3384615384615385,0.483974358974359,0.43343653250773995,0.0031645569620253164,0.41975308641975306,0.4457831325301205,0.40836012861736337,0.3824451410658307,0.5059880239520959,0.3944954128440367,0.4503105590062112,0.41896024464831805,0.3957703927492447,0.4307228915662651,0.42946708463949845,0.4351851851851852,0.41379310344827586,0.18154761904761904,0.5032051282051282,0.41284403669724773,0.0,0.48955223880597015,0.2878338278931751,0.4294117647058823,0.40059347181008903,0.4143302180685358,0.21194029850746268,0.444794952681388,0.5258358662613982,0.1794871794871795,0.3902439024390244,0.6636636636636637,0.4968553459119497,0.14759036144578314,0.4121212121212121,0.5758513931888545,0.7067448680351907,0.003215434083601286,0.6055045871559633,0.0,0.7169230769230769,0.42507645259938837,0.6923076923076923,0.003194888178913738,0.4166666666666667,0.6516129032258065,0.0705521472392638,0.415929203539823,0.6358024691358025,0.4551083591331269,0.4316109422492401,0.16346153846153846,0.18541033434650456,0.0,0.05454545454545454,0.684375,0.6146496815286624,0.6227544910179641,0.46647230320699706,0.6352201257861635,0.7391304347826086,0.38738738738738737,0.41411042944785276,0.39263803680981596,0.0,0.5568862275449101,0.647239263803681,0.14678899082568808,0.48264984227129337,0.7076923076923077,0.5060606060606061,0.4158730158730159,0.06567164179104477,0.41975308641975306,0.43425076452599387,0.415929203539823,0.1360759493670886,0.5078864353312302,0.40181268882175225,0.41455696202531644,0.1076923076923077,0.3149847094801223,0.4140127388535032,0.4028985507246377,0.4308176100628931,0.41846153846153844,0.4253246753246753,0.15625,0.4845679012345679,0.28703703703703703,0.43333333333333335,0.4148606811145511,0.4179566563467492,0.4086687306501548,0.42105263157894735,0.5919003115264797,0.2523076923076923,0.6452599388379205,0.4388059701492537,0.35443037974683544,0.0,0.6984126984126984,0.6350148367952523,0.42990654205607476,0.38557993730407525,0.6396396396396397,0.24242424242424243,0.4298780487804878,0.8450292397660819,0.3949843260188088,0.42729970326409494,0.7060702875399361,0.1625,0.33540372670807456,0.4124629080118694,0.13149847094801223,0.43452380952380953,0.16408668730650156,0.15178571428571427,0.7102803738317757,0.07975460122699386,0.42727272727272725,0.6012461059190031,0.7168674698795181,0.7240356083086054,0.4727272727272727,0.544891640866873,0.45141065830721006,0.7476635514018691,0.440625,0.6266233766233766,0.4192546583850932,0.6555891238670695,1.0,0.7044025157232704,0.13836477987421383,0.166189111747851,0.4226190476190476,0.43558282208588955,0.4835820895522388,0.4394904458598726,0.3089171974522293,0.11612903225806452,0.16459627329192547,0.4339622641509434,0.6006191950464397,0.42901234567901236,0.1094224924012158,0.4341317365269461,0.6265060240963856,0.4307692307692308,0.4036697247706422,0.4186746987951807,0.3590504451038576,0.1345565749235474,0.41002949852507375,0.40233236151603496,0.42136498516320475,0.4233128834355828,0.6978851963746223,0.49117647058823527,0.47575757575757577,0.9940652818991098,0.43312101910828027,0.4307692307692308,0.4146341463414634,0.6280487804878049,0.4147058823529412,0.29523809523809524,0.16176470588235295
M4173_Batch5,0.3076923076923077,0.29102167182662536,0.49019607843137253,0.13622291021671826,0.3141025641025641,0.9904153354632588,0.015723270440251572,0.31329113924050633,0.11976047904191617,0.2861736334405145,0.009230769230769232,0.2329192546583851,0.3028391167192429,0.24367088607594936,0.978125,0.2006172839506173,0.009836065573770493,0.5,0.32673267326732675,0.29449838187702265,0.0034129692832764505,0.4840764331210191,0.6719745222929936,0.5954692556634305,0.592948717948718,0.31044776119402984,0.6153846153846154,0.31645569620253167,0.3051948051948052,0.28434504792332266,0.31974921630094044,0.30844155844155846,0.3096774193548387,0.31596091205211724,0.006211180124223602,0.247557003257329,0.28125,0.0,0.26332288401253917,0.07453416149068323,0.30434782608695654,0.55,0.45182724252491696,0.0705521472392638,0.3141025641025641,0.8,0.009900990099009901,0.27531645569620256,0.9467084639498433,0.3354632587859425,0.0975609756097561,0.676923076923077,0.32903225806451614,0.9818181818181818,0.0,0.7206349206349206,0.0,0.9012738853503185,0.31545741324921134,0.9874213836477987,0.0033222591362126247,0.3426791277258567,0.7290969899665551,0.05625,0.3076923076923077,0.8706624605678234,0.7358490566037735,0.3301282051282051,0.03322259136212625,0.13924050632911392,0.0,0.02564102564102564,0.853125,0.7081967213114754,0.7375,0.7347560975609756,0.7363344051446945,0.9206349206349206,0.5927051671732523,0.29936305732484075,0.2783171521035599,0.0,0.6069182389937107,0.7097791798107256,0.009404388714733543,0.24193548387096775,0.9647435897435898,0.3610223642172524,0.3076923076923077,0.03374233128834356,0.31210191082802546,0.31347962382445144,0.28615384615384615,0.09748427672955975,0.24666666666666667,0.30153846153846153,0.29874213836477986,0.05345911949685535,0.11074918566775244,0.3114754098360656,0.6234939759036144,0.3269230769230769,0.2903225806451613,0.3184931506849315,0.0,0.20625,0.42207792207792205,0.29754601226993865,0.30844155844155846,0.638095238095238,0.6134185303514377,0.6444444444444445,0.6384364820846905,0.0914826498422713,0.7523219814241486,0.4620253164556962,0.15737704918032788,0.0,0.9682539682539683,0.7225609756097561,0.30944625407166126,0.20192307692307693,0.740506329113924,0.26031746031746034,0.3249211356466877,0.8006042296072508,0.6064516129032258,0.30407523510971785,0.9545454545454546,0.006369426751592357,0.14285714285714285,0.309375,0.08012820512820513,0.2839506172839506,0.009708737864077669,0.025477707006369428,0.9292604501607717,0.04501607717041801,0.328125,0.32903225806451614,0.9779179810725552,0.9486404833836858,0.3387096774193548,0.8089171974522293,0.33024691358024694,0.8996763754045307,0.3249211356466877,0.7239057239057239,0.3269230769230769,0.7438271604938271,0.7044025157232704,1.0,0.08250825082508251,0.008823529411764706,0.2953846153846154,0.30625,0.32298136645962733,0.3181818181818182,0.12052117263843648,0.07096774193548387,0.016129032258064516,0.6688102893890675,0.709480122324159,0.3300970873786408,0.06070287539936102,0.3159509202453988,0.7046153846153846,0.6930379746835443,0.28434504792332266,0.30124223602484473,0.26299694189602446,0.13157894736842105,0.296969696969697,0.6024464831804281,0.6523076923076923,0.4984423676012461,0.9811320754716981,0.24539877300613497,0.4554140127388535,0.7236024844720497,0.3173076923076923,0.30670926517571884,0.2721518987341772,0.7278481012658228,0.15692307692307692,0.42443729903536975,0.012461059190031152
M4176_Batch5,0.39490445859872614,0.41411042944785276,0.013071895424836602,0.8165137614678899,0.41455696202531644,0.08722741433021806,0.00949367088607595,0.4240506329113924,0.9542682926829268,0.09570957095709572,0.011940298507462687,0.006191950464396285,0.4169278996865204,0.096875,0.08038585209003216,0.16666666666666666,0.009375,0.04501607717041801,0.3086816720257235,0.40327868852459015,0.5901639344262295,0.01567398119122257,0.00964630225080386,0.0033112582781456954,0.0,0.27692307692307694,0.0,0.4504792332268371,0.38412698412698415,0.5648148148148148,0.4095238095238095,0.41904761904761906,0.42038216560509556,0.4806451612903226,0.009287925696594427,0.09602649006622517,0.44339622641509435,0.5463576158940397,0.09316770186335403,0.09174311926605505,0.43373493975903615,0.0,0.012779552715654952,0.006191950464396285,0.4140127388535032,0.04113924050632911,0.015822784810126583,0.3730407523510972,0.07763975155279502,0.31962025316455694,0.8683385579937304,0.0,0.10476190476190476,0.09451219512195122,0.627831715210356,0.20249221183800623,0.5914634146341463,0.13099041533546327,0.4240506329113924,0.07763975155279502,0.5379537953795379,0.39692307692307693,0.19292604501607716,0.5746031746031746,0.45896656534954405,0.11006289308176101,0.0,0.40384615384615385,0.0196078431372549,0.819620253164557,0.5451612903225806,0.810126582278481,0.165625,0.2222222222222222,0.2006269592476489,0.021212121212121213,0.2012987012987013,0.11464968152866242,0.003067484662576687,0.4119496855345912,0.4222222222222222,0.5858895705521472,0.2721518987341772,0.19254658385093168,0.00967741935483871,0.08253968253968254,0.09900990099009901,0.33226837060702874,0.4983922829581994,0.8742331288343558,0.4195583596214511,0.4140127388535032,0.4117647058823529,0.3076923076923077,0.11146496815286625,0.41509433962264153,0.44299674267100975,0.9161290322580645,0.0914826498422713,0.43234323432343236,0.002967359050445104,0.4276729559748428,0.41823899371069184,0.3875432525951557,0.006535947712418301,0.10031347962382445,0.15584415584415584,0.41324921135646686,0.40189873417721517,0.00964630225080386,0.009523809523809525,0.012738853503184714,0.25236593059936907,0.012618296529968454,0.1829652996845426,0.012698412698412698,0.22295081967213115,0.5551724137931034,0.08598726114649681,0.19937694704049844,0.410828025477707,0.22435897435897437,0.1935483870967742,0.6349206349206349,0.4591194968553459,0.11077844311377245,0.0,0.3993808049535604,0.1282051282051282,0.006369426751592357,0.17834394904458598,0.4,1.0,0.3105590062111801,0.006211180124223602,0.047619047619047616,0.08888888888888889,0.8950617283950617,0.4254658385093168,0.10191082802547771,0.08695652173913043,0.09480122324159021,0.3639240506329114,0.044444444444444446,0.42946708463949845,0.10819672131147541,0.4195583596214511,0.19344262295081968,0.40460526315789475,0.20121951219512196,0.13836477987421383,0.08250825082508251,1.0,0.008982035928143712,0.4123076923076923,0.422360248447205,0.31230283911671924,0.40404040404040403,0.07395498392282958,0.9255663430420712,0.003289473684210526,0.0,0.24375,0.3745928338762215,0.930379746835443,0.44375,0.1831831831831832,0.0,0.41875,0.40797546012269936,0.4594594594594595,0.8108974358974359,0.4709480122324159,0.0,0.0,0.012618296529968454,0.09404388714733543,0.08615384615384615,0.050793650793650794,0.14330218068535824,0.39933993399339934,0.4158730158730159,0.43260188087774293,0.19814241486068113,0.12462006079027356,0.10631229235880399,0.006006006006006006
M4178_Batch5,0.014925373134328358,0.01694915254237288,0.24629080118694363,0.011363636363636364,0.01749271137026239,0.005847953216374269,0.9941860465116279,0.017341040462427744,0.005649717514124294,0.5619335347432024,0.9944598337950139,0.6373937677053825,0.022922636103151862,0.6127167630057804,0.008902077151335312,0.5402298850574713,1.0,0.07536231884057971,0.14285714285714285,0.020958083832335328,0.0,0.2915451895043732,0.04081632653061224,0.048484848484848485,0.03823529411764706,0.25348189415041783,0.008695652173913044,0.02023121387283237,0.014749262536873156,0.017341040462427744,0.02318840579710145,0.011730205278592375,0.02373887240356083,0.021021021021021023,1.0,0.5873493975903614,0.03133903133903134,0.0,0.6063218390804598,0.7932011331444759,0.02535211267605634,0.15168539325842698,0.2844311377245509,0.9204545454545454,0.01791044776119403,0.0,0.9787234042553191,0.1235632183908046,0.008595988538681949,0.10263929618768329,0.005714285714285714,0.0,0.48502994011976047,0.005633802816901409,0.0,0.0,0.0,0.002967359050445104,0.020588235294117647,0.008571428571428572,0.0,0.014204545454545454,0.0,0.0,0.014084507042253521,0.002840909090909091,0.0,0.014705882352941176,0.9333333333333333,0.0058997050147492625,0.0,0.0028653295128939827,0.0,0.0,0.0,0.008310249307479225,0.0,0.011940298507462687,0.040229885057471264,0.020114942528735632,0.02373887240356083,0.0,0.002840909090909091,0.002976190476190476,1.0,0.6107784431137725,0.017804154302670624,0.06609195402298851,0.01488095238095238,0.00847457627118644,0.014577259475218658,0.017341040462427744,0.019943019943019943,0.43440233236151604,0.5901162790697675,0.019830028328611898,0.02359882005899705,0.008695652173913044,0.7565982404692082,0.01466275659824047,0.042134831460674156,0.017804154302670624,0.011869436201780416,0.018461538461538463,0.996996996996997,0.6046511627906976,0.041176470588235294,0.017142857142857144,0.017341040462427744,0.03488372093023256,0.049707602339181284,0.04857142857142857,0.0,0.8961424332344213,0.0,0.3179190751445087,0.44610778443113774,0.0,0.011695906432748537,0.0,0.014705882352941176,0.46107784431137727,0.0,0.014705882352941176,0.017094017094017096,0.1401098901098901,0.043859649122807015,0.01977401129943503,0.0,1.0,0.5446685878962536,0.011363636363636364,0.0,0.1875,0.9970588235294118,0.8620689655172413,0.03235294117647059,0.005934718100890208,0.019943019943019943,0.5189504373177842,0.005714285714285714,0.022535211267605635,0.05142857142857143,0.014749262536873156,0.017341040462427744,0.02147239263803681,0.014705882352941176,0.0,0.018018018018018018,0.0,0.166189111747851,0.008823529411764706,0.008982035928143712,1.0,0.01977401129943503,0.023121387283236993,0.16761363636363635,0.023952095808383235,0.7777777777777778,0.008849557522123894,0.9940119760479041,0.0,0.0,0.020958083832335328,0.005747126436781609,0.019943019943019943,0.0,0.0,0.01775147928994083,0.016853932584269662,0.02535211267605634,0.014619883040935672,0.01680672268907563,0.04657534246575343,0.0,0.2492753623188406,0.0058309037900874635,0.6090651558073654,0.38372093023255816,0.1601123595505618,0.02359882005899705,0.01764705882352941,0.02023121387283237,0.0,0.6619718309859155,0.07418397626112759,0.9971590909090909
M4179_Batch5,0.9811912225705329,0.9826086956521739,0.040123456790123455,0.436046511627907,0.9817073170731707,0.3151515151515151,0.020895522388059702,0.9880952380952381,0.4852941176470588,0.32601880877742945,0.02849002849002849,0.023952095808383235,0.9852507374631269,0.3044776119402985,0.2852760736196319,0.45481927710843373,0.018808777429467086,0.0,0.8348909657320872,0.9845679012345679,0.0189873417721519,0.05198776758409786,0.030120481927710843,0.00949367088607595,0.0,0.7130434782608696,0.0,0.9785932721712538,0.9876923076923076,0.8939393939393939,0.9878419452887538,0.9749216300940439,0.984472049689441,0.9588607594936709,0.020527859237536656,0.2887537993920973,0.9604863221884499,0.012618296529968454,0.2976190476190476,0.25,0.9739130434782609,0.0,0.047021943573667714,0.021021021021021023,0.984472049689441,0.1,0.04153354632587859,0.8922155688622755,0.25595238095238093,0.8795180722891566,0.42388059701492536,0.0,0.37423312883435583,0.2844574780058651,0.018691588785046728,0.608433734939759,0.00909090909090909,0.39814814814814814,0.981651376146789,0.2990936555891239,0.012698412698412698,0.9497041420118343,0.60625,0.08011869436201781,0.9283667621776505,0.2676923076923077,0.0,0.9695121951219512,0.0761904761904762,0.4817073170731707,0.009230769230769232,0.1641337386018237,0.43202416918429004,0.6388888888888888,0.6116207951070336,0.07692307692307693,0.60062893081761,0.3606060606060606,0.003003003003003003,0.9847094801223242,0.9811912225705329,0.008928571428571428,0.7207207207207207,0.6377708978328174,0.021406727828746176,0.2515527950310559,0.3159509202453988,0.8821752265861027,0.9444444444444444,0.2314540059347181,0.9877300613496932,0.987987987987988,0.9823529411764705,0.046296296296296294,0.32507739938080493,0.9880239520958084,0.9658385093167702,0.30120481927710846,0.2631578947368421,0.9845679012345679,0.002890173410404624,0.9847560975609756,0.9847560975609756,0.9805194805194806,0.018518518518518517,0.31871345029239767,0.018518518518518517,0.9792899408284024,0.9846625766871165,0.01834862385321101,0.01834862385321101,0.02147239263803681,0.7227414330218068,0.04242424242424243,0.5898203592814372,0.05198776758409786,0.5692307692307692,0.0033112582781456954,0.2796352583586626,0.5964391691394659,0.9694189602446484,0.5862068965517241,0.5783132530120482,0.3373860182370821,0.9483282674772037,0.30547550432276654,0.0,0.982089552238806,0.38317757009345793,0.021671826625386997,0.4759036144578313,0.9822485207100592,0.36645962732919257,0.8284883720930233,0.024242424242424242,0.00911854103343465,0.2789317507418398,0.2523076923076923,0.9852507374631269,0.3213213213213213,0.2818181818181818,0.2894736842105263,0.9298780487804879,0.13149847094801223,0.9787234042553191,0.36728395061728397,0.9878787878787879,0.6163522012578616,0.9848942598187311,0.5898203592814372,0.4226190476190476,0.2953846153846154,0.4123076923076923,0.01977401129943503,1.0,0.9760479041916168,0.799410029498525,0.9873417721518988,0.205607476635514,0.3146417445482866,0.025157232704402517,0.0,0.5652173913043478,0.9545454545454546,0.3165680473372781,0.9910979228486647,0.5982404692082112,0.0,0.982089552238806,0.9676470588235294,0.9710982658959537,0.2628398791540785,0.9391304347826087,0.0,0.0,0.03636363636363636,0.2964071856287425,0.2781065088757396,0.1798780487804878,0.4064327485380117,0.9878048780487805,0.9848942598187311,0.9760479041916168,0.6126126126126126,0.3176470588235294,0.01557632398753894,0.02040816326530612
M4181_Batch5,0.964968152866242,0.9554896142433235,0.04643962848297214,0.44410876132930516,0.9597523219814241,0.3166144200626959,0.03134796238244514,0.9655172413793104,0.49096385542168675,0.3396825396825397,0.038011695906432746,0.03669724770642202,0.9574468085106383,0.3192771084337349,0.28205128205128205,0.45962732919254656,0.03164556962025317,0.003048780487804878,0.8317460317460318,0.9628482972136223,0.032467532467532464,0.06441717791411043,0.0380952380952381,0.012987012987012988,0.0031545741324921135,0.7126099706744868,0.006269592476489028,0.9506172839506173,0.9657320872274143,0.8707692307692307,0.95625,0.9501557632398754,0.9537037037037037,0.9775641025641025,0.02967359050445104,0.29595015576323985,0.9876923076923076,0.012618296529968454,0.31901840490797545,0.24096385542168675,0.9940652818991098,0.0029940119760479044,0.05345911949685535,0.024390243902439025,0.9621451104100947,0.11009174311926606,0.05177993527508091,0.8700906344410876,0.2696969696969697,0.8726708074534162,0.4281437125748503,0.0061162079510703364,0.39184952978056425,0.3033033033033033,0.02830188679245283,0.5925925925925926,0.0243161094224924,0.4143302180685358,0.959375,0.3055555555555556,0.026143790849673203,0.9066265060240963,0.5928338762214984,0.09907120743034056,0.9321533923303835,0.2822085889570552,0.006211180124223602,0.9404388714733543,0.0875,0.49230769230769234,0.022292993630573247,0.19756838905775076,0.4246153846153846,0.6044303797468354,0.5950155763239875,0.08902077151335312,0.5897435897435898,0.36477987421383645,0.0029850746268656717,0.9629629629629629,0.9526813880126183,0.024242424242424242,0.6941896024464832,0.6080246913580247,0.031746031746031744,0.2693498452012384,0.322884012539185,0.8742138364779874,0.964968152866242,0.24024024024024024,0.9622641509433962,0.9657320872274143,0.9573170731707317,0.05128205128205128,0.33962264150943394,0.9574468085106383,0.9875389408099688,0.30340557275541796,0.2664576802507837,0.9711538461538461,0.005865102639296188,0.9565217391304348,0.959375,0.9531772575250836,0.024539877300613498,0.3323262839879154,0.022082018927444796,0.9542682926829268,0.9573170731707317,0.021875,0.018867924528301886,0.021604938271604937,0.7138364779874213,0.052795031055900624,0.5735735735735735,0.060126582278481014,0.5737179487179487,0.023255813953488372,0.2866043613707165,0.5885885885885885,0.9589905362776026,0.5723270440251572,0.5572755417956656,0.345679012345679,0.9574468085106383,0.3132530120481928,0.0,0.9669669669669669,0.37341772151898733,0.02786377708978328,0.47706422018348627,0.9578313253012049,0.37658227848101267,0.8168168168168168,0.03343465045592705,0.018404907975460124,0.27102803738317754,0.26380368098159507,0.9637462235649547,0.3261538461538461,0.2857142857142857,0.2955223880597015,0.9179331306990881,0.1492063492063492,0.9569230769230769,0.38412698412698415,0.9626168224299065,0.5993485342019544,0.9651898734177216,0.5903614457831325,0.43558282208588955,0.30625,0.422360248447205,0.023121387283236993,0.9760479041916168,1.0,0.8262195121951219,0.9556962025316456,0.22955974842767296,0.33121019108280253,0.03514376996805112,0.006329113924050633,0.5468277945619335,0.9442724458204335,0.3212121212121212,0.9665653495440729,0.5805471124620061,0.006153846153846154,0.9597523219814241,0.9395770392749244,0.9878787878787879,0.2693498452012384,0.9644970414201184,0.0029498525073746312,0.0,0.0547112462006079,0.2978723404255319,0.2930513595166163,0.18322981366459629,0.4259818731117825,0.9622641509433962,0.9541284403669725,0.9968652037617555,0.5913312693498453,0.32335329341317365,0.015723270440251572,0.03625377643504532
M4182_Batch5,0.819047619047619,0.803030303030303,0.12698412698412698,0.32941176470588235,0.7888198757763976,0.3146417445482866,0.17737003058103976,0.8213166144200627,0.3609467455621302,0.5047923322683706,0.187683284457478,0.1398176291793313,0.8203592814371258,0.4954128440366973,0.2888198757763975,0.6363636363636364,0.16938110749185667,0.03058103975535168,0.9682539682539683,0.8220858895705522,0.016339869281045753,0.15432098765432098,0.06501547987616099,0.03503184713375796,0.033950617283950615,0.9323529411764706,0.018575851393188854,0.7901234567901234,0.7993920972644377,0.6930091185410334,0.796923076923077,0.8006230529595015,0.8125,0.7993630573248408,0.16913946587537093,0.4766355140186916,0.84,0.0031746031746031746,0.48787878787878786,0.39939024390243905,0.8083832335329342,0.04216867469879518,0.12883435582822086,0.18072289156626506,0.83125,0.09422492401215805,0.21316614420062696,0.7607361963190185,0.27002967359050445,0.8615384615384616,0.31044776119402984,0.024096385542168676,0.5446153846153846,0.3020527859237537,0.016129032258064516,0.5248447204968945,0.012307692307692308,0.3853211009174312,0.7957317073170732,0.31563421828908556,0.012903225806451613,0.7694610778443114,0.5143769968051118,0.08256880733944955,0.7537091988130564,0.24846625766871167,0.021671826625386997,0.8043478260869565,0.2435064935064935,0.35522388059701493,0.015479876160990712,0.13897280966767372,0.3939393939393939,0.5382165605095541,0.5370370370370371,0.09329446064139942,0.5189873417721519,0.3625,0.032640949554896145,0.8121212121212121,0.7974683544303798,0.015015015015015015,0.6191950464396285,0.5474006116207951,0.1806853582554517,0.4371069182389937,0.3238095238095238,0.8126888217522659,0.7924528301886793,0.17008797653958943,0.8079268292682927,0.8151515151515152,0.7964071856287425,0.10658307210031348,0.5093167701863354,0.8121212121212121,0.801829268292683,0.234375,0.42902208201892744,0.8173374613003096,0.029069767441860465,0.8050314465408805,0.8042813455657493,0.8295819935691319,0.153125,0.5076452599388379,0.05,0.8042168674698795,0.7993920972644377,0.05345911949685535,0.04878048780487805,0.046153846153846156,0.60625,0.21981424148606812,0.5258358662613982,0.15709969788519637,0.5714285714285714,0.016286644951140065,0.27586206896551724,0.52046783625731,0.8167701863354038,0.593167701863354,0.5076452599388379,0.2948717948717949,0.7934131736526946,0.37209302325581395,0.024539877300613498,0.8102409638554217,0.36741214057507987,0.17484662576687116,0.5213414634146342,0.8053892215568862,0.2808641975308642,0.750733137829912,0.18575851393188855,0.1276595744680851,0.29595015576323985,0.19207317073170732,0.8102409638554217,0.5031446540880503,0.3009118541033435,0.30177514792899407,0.8353293413173652,0.13043478260869565,0.806060606060606,0.3742138364779874,0.8307692307692308,0.5207667731629393,0.8150470219435737,0.5285285285285285,0.4835820895522388,0.32298136645962733,0.31230283911671924,0.16761363636363635,0.799410029498525,0.8262195121951219,1.0,0.7891373801916933,0.3801916932907348,0.24367088607594936,0.19626168224299065,0.015625,0.5227963525835866,0.8275862068965517,0.23030303030303031,0.8005952380952381,0.5015015015015015,0.018575851393188854,0.8111455108359134,0.8076923076923077,0.7970588235294118,0.2222222222222222,0.7781065088757396,0.029498525073746312,0.01466275659824047,0.13230769230769232,0.3159509202453988,0.4896142433234421,0.294478527607362,0.45722713864306785,0.8125,0.804953560371517,0.8368580060422961,0.5272727272727272,0.5315315315315315,0.047021943573667714,0.18154761904761904
M4185_Batch5,1.0,1.0,0.026143790849673203,0.4119496855345912,1.0,0.33762057877813506,0.01910828025477707,1.0,0.48328267477203646,0.33114754098360655,0.030864197530864196,0.018808777429467086,1.0,0.3258785942492013,0.2916666666666667,0.4405144694533762,0.02622950819672131,0.0,0.8378378378378378,0.9967845659163987,0.003389830508474576,0.03908794788273615,0.03205128205128205,0.006666666666666667,0.0,0.723404255319149,0.0,0.9517684887459807,1.0,0.875,1.0,0.9932659932659933,1.0,0.9311475409836065,0.024539877300613498,0.2953020134228188,0.9516129032258065,0.0,0.3108974358974359,0.2315112540192926,0.963076923076923,0.0,0.03278688524590164,0.024844720496894408,1.0,0.11038961038961038,0.053156146179401995,0.9134615384615384,0.2779552715654952,0.8712871287128713,0.40625,0.0,0.3841059602649007,0.3028391167192429,0.016339869281045753,0.6293929712460063,0.0,0.4261744966442953,1.0,0.31545741324921134,0.0034602076124567475,0.9655172413793104,0.6219931271477663,0.08306709265175719,0.9308176100628931,0.2733118971061093,0.0,0.9867549668874173,0.08389261744966443,0.45874587458745875,0.0,0.15384615384615385,0.4542483660130719,0.6480263157894737,0.6193548387096774,0.08695652173913043,0.62,0.3557692307692308,0.0,1.0,1.0,0.0,0.721875,0.6528662420382165,0.026402640264026403,0.2765273311897106,0.34415584415584416,0.8921568627450981,0.9183006535947712,0.21604938271604937,0.9967320261437909,1.0,1.0,0.029411764705882353,0.32894736842105265,1.0,0.9611650485436893,0.28525641025641024,0.2698412698412698,1.0,0.0,1.0,1.0,0.9965986394557823,0.026755852842809364,0.321875,0.006430868167202572,1.0,1.0,0.0196078431372549,0.016129032258064516,0.02280130293159609,0.7337662337662337,0.03908794788273615,0.61198738170347,0.04487179487179487,0.5723684210526315,0.0,0.2875816993464052,0.6230529595015576,0.9838709677419355,0.5714285714285714,0.6070287539936102,0.3269230769230769,0.9528301886792453,0.32710280373831774,0.0,0.984375,0.4139072847682119,0.029315960912052116,0.48089171974522293,1.0,0.3562091503267974,0.8308157099697885,0.03289473684210526,0.0033112582781456954,0.28753993610223644,0.2305194805194805,1.0,0.326984126984127,0.29260450160771706,0.30218068535825543,0.9290322580645162,0.13680781758957655,0.9871794871794872,0.38047138047138046,1.0,0.6270627062706271,0.9967213114754099,0.6182965299684543,0.4394904458598726,0.3181818181818182,0.40404040404040403,0.023952095808383235,0.9873417721518988,0.9556962025316456,0.7891373801916933,1.0,0.2098360655737705,0.2871287128712871,0.03618421052631579,0.0,0.6012658227848101,0.9606557377049181,0.29354838709677417,1.0,0.6170886075949367,0.0,1.0,0.9748427672955975,0.9467084639498433,0.24092409240924093,0.9327217125382263,0.0,0.0,0.025396825396825397,0.3042071197411003,0.2902208201892745,0.1779935275080906,0.4254658385093168,1.0,0.9967105263157895,0.9584664536741214,0.6369426751592356,0.3167701863354037,0.00974025974025974,0.02821316614420063
M4186_Batch5,0.21639344262295082,0.21316614420062696,0.3388704318936877,0.059006211180124224,0.20634920634920634,0.12903225806451613,0.8,0.23300970873786409,0.08256880733944955,0.8151815181518152,0.7791411042944786,0.5382165605095541,0.23397435897435898,0.8422712933753943,0.09584664536741214,0.7381703470031545,0.7838709677419354,0.09235668789808917,0.36893203883495146,0.23870967741935484,0.0,0.3782051282051282,0.0781758957654723,0.07876712328767123,0.060897435897435896,0.46546546546546547,0.02564102564102564,0.1870967741935484,0.21359223300970873,0.20634920634920634,0.2282958199356913,0.20327868852459016,0.22039473684210525,0.21262458471760798,0.8037383177570093,0.8272425249169435,0.23824451410658307,0.0,0.8439490445859873,0.8683385579937304,0.21362229102167182,0.15873015873015872,0.38461538461538464,0.7652733118971061,0.22364217252396165,0.038338658146964855,0.7959866220735786,0.31962025316455694,0.07936507936507936,0.3050314465408805,0.04672897196261682,0.009375,0.7313915857605178,0.09567901234567901,0.01,0.16666666666666666,0.0,0.1357615894039735,0.20846905537459284,0.0932475884244373,0.0,0.203125,0.15719063545150502,0.0392156862745098,0.2006079027355623,0.06389776357827476,0.019543973941368076,0.19934640522875818,0.74,0.044444444444444446,0.0,0.016233766233766232,0.1414790996784566,0.16065573770491803,0.15960912052117263,0.05454545454545454,0.1291390728476821,0.0935483870967742,0.07255520504731862,0.21835443037974683,0.2376237623762376,0.0,0.17363344051446947,0.1624203821656051,0.7781456953642384,0.8187702265372169,0.1189710610932476,0.3054662379421222,0.17647058823529413,0.043343653250773995,0.2182410423452769,0.21153846153846154,0.21587301587301588,0.32558139534883723,0.8273615635179153,0.2111801242236025,0.20846905537459284,0.05177993527508091,0.8885350318471338,0.2255892255892256,0.06948640483383686,0.2057877813504823,0.2090032154340836,0.25597269624573377,0.761437908496732,0.8380952380952381,0.08496732026143791,0.21316614420062696,0.19801980198019803,0.06451612903225806,0.08387096774193549,0.08090614886731391,0.18566775244299674,0.7908496732026143,0.1592356687898089,0.39228295819935693,0.5784313725490197,0.0,0.09841269841269841,0.159375,0.22397476340694006,0.6,0.15822784810126583,0.08143322475570032,0.20689655172413793,0.2476780185758514,0.07278481012658228,0.19873817034700317,0.11363636363636363,0.7774086378737541,0.6558441558441559,0.22741433021806853,0.049019607843137254,0.41304347826086957,0.7806451612903226,0.6389776357827476,0.13157894736842105,0.04153354632587859,0.21630094043887146,0.742671009771987,0.0877742946708464,0.12,0.27044025157232704,0.06514657980456026,0.2126984126984127,0.14965986394557823,0.21639344262295082,0.15151515151515152,0.21710526315789475,0.15772870662460567,0.3089171974522293,0.12052117263843648,0.07395498392282958,0.7777777777777778,0.205607476635514,0.22955974842767296,0.3801916932907348,0.2098360655737705,1.0,0.048859934853420196,0.7928802588996764,0.02280130293159609,0.15217391304347827,0.21283783783783783,0.060897435897435896,0.22784810126582278,0.16455696202531644,0.026058631921824105,0.21451104100946372,0.20253164556962025,0.22839506172839505,0.05245901639344262,0.1792452830188679,0.07033639143730887,0.025078369905956112,0.34935897435897434,0.09003215434083602,0.8338557993730408,0.48220064724919093,0.27070063694267515,0.23300970873786409,0.19614147909967847,0.2126984126984127,0.1492063492063492,0.8660436137071651,0.11221122112211221,0.7836990595611285
M421_Batch5,0.3180327868852459,0.30864197530864196,0.003205128205128205,0.8425925925925926,0.32038834951456313,0.07260726072607261,0.009404388714733543,0.31446540880503143,0.8374233128834356,0.07666666666666666,0.012048192771084338,0.00949367088607595,0.3018867924528302,0.06269592476489028,0.06430868167202572,0.11708860759493671,0.006472491909385114,0.05128205128205128,0.25333333333333335,0.30033003300330036,0.6755852842809364,0.009523809523809525,0.006269592476489028,0.003246753246753247,0.0,0.2118380062305296,0.0,0.35161290322580646,0.28289473684210525,0.4482758620689655,0.3003194888178914,0.32038834951456313,0.3194888178913738,0.3717105263157895,0.00906344410876133,0.07236842105263158,0.3395638629283489,0.6677740863787376,0.06896551724137931,0.07120743034055728,0.3282674772036474,0.0,0.006472491909385114,0.00949367088607595,0.3089171974522293,0.03164556962025317,0.01644736842105263,0.2902208201892745,0.05521472392638037,0.25,0.8761904761904762,0.0,0.07692307692307693,0.08231707317073171,0.7029702970297029,0.14195583596214512,0.7021943573667712,0.10191082802547771,0.3215434083601286,0.06896551724137931,0.6470588235294118,0.3069620253164557,0.13815789473684212,0.6401273885350318,0.37037037037037035,0.102803738317757,0.0,0.2967741935483871,0.029315960912052116,0.8037974683544303,0.6470588235294118,0.9242902208201893,0.13099041533546327,0.1485148514851485,0.13782051282051283,0.018518518518518517,0.14743589743589744,0.10289389067524116,0.006329113924050633,0.29012345679012347,0.321656050955414,0.6708074534161491,0.21766561514195584,0.12658227848101267,0.00967741935483871,0.056105610561056105,0.08250825082508251,0.2577639751552795,0.39228295819935693,0.9691358024691358,0.3183279742765273,0.3184713375796178,0.3142857142857143,0.37216828478964403,0.08496732026143791,0.30914826498422715,0.35737704918032787,1.0,0.06493506493506493,0.3190789473684211,0.003067484662576687,0.3238993710691824,0.32075471698113206,0.30103806228373703,0.006622516556291391,0.0625,0.1875,0.3146417445482866,0.3037974683544304,0.013114754098360656,0.006472491909385114,0.012903225806451613,0.16887417218543047,0.016181229773462782,0.1305732484076433,0.0064516129032258064,0.15789473684210525,0.65625,0.065625,0.1476923076923077,0.3181818181818182,0.17096774193548386,0.14240506329113925,0.6887417218543046,0.35714285714285715,0.08256880733944955,0.0,0.290625,0.10476190476190476,0.006430868167202572,0.10862619808306709,0.3067484662576687,0.9419354838709677,0.2507836990595611,0.003205128205128205,0.07643312101910828,0.06451612903225806,0.9746031746031746,0.31347962382445144,0.0759493670886076,0.0660377358490566,0.07384615384615385,0.27884615384615385,0.04262295081967213,0.3238993710691824,0.0915032679738562,0.3259493670886076,0.1362126245847176,0.2931596091205212,0.14953271028037382,0.11612903225806452,0.07096774193548387,0.9255663430420712,0.008849557522123894,0.3146417445482866,0.33121019108280253,0.24367088607594936,0.2871287128712871,0.048859934853420196,1.0,0.006514657980456026,0.0,0.20253164556962025,0.2779552715654952,0.9838187702265372,0.32621951219512196,0.13924050632911392,0.0,0.3194888178913738,0.303951367781155,0.35276073619631904,0.9042904290429042,0.37003058103975534,0.0,0.0,0.00964630225080386,0.078125,0.062111801242236024,0.028938906752411574,0.12462006079027356,0.28938906752411575,0.31347962382445144,0.3471337579617834,0.14860681114551083,0.08125,0.1423948220064725,0.00625
M42210_Batch5,0.022950819672131147,0.02476780185758514,0.2621359223300971,0.009316770186335404,0.028662420382165606,0.015772870662460567,0.9839743589743589,0.026402640264026403,0.006042296072507553,0.5973597359735974,0.9938837920489296,0.6507936507936508,0.031746031746031744,0.628482972136223,0.01282051282051282,0.5705128205128205,0.9967105263157895,0.0761904761904762,0.16556291390728478,0.03215434083601286,0.0,0.303125,0.04792332268370607,0.05,0.038834951456310676,0.28307692307692306,0.009433962264150943,0.022292993630573247,0.02280130293159609,0.021604938271604937,0.02875399361022364,0.0165016501650165,0.035483870967741936,0.02631578947368421,0.990625,0.6138613861386139,0.052795031055900624,0.0,0.6329113924050633,0.7955974842767296,0.03987730061349693,0.16037735849056603,0.29900332225913623,0.921875,0.022653721682847898,0.0,0.9735973597359736,0.1365079365079365,0.012779552715654952,0.11074918566775244,0.003194888178913738,0.0,0.5145631067961165,0.012195121951219513,0.0,0.006309148264984227,0.0,0.012944983818770227,0.025236593059936908,0.009584664536741214,0.0,0.02786377708978328,0.006622516556291391,0.003125,0.015479876160990712,0.003194888178913738,0.0,0.02922077922077922,0.9342105263157895,0.0031545741324921135,0.0,0.0,0.006389776357827476,0.003246753246753247,0.003125,0.018072289156626505,0.006578947368421052,0.018867924528301886,0.04643962848297214,0.02903225806451613,0.03205128205128205,0.0,0.006269592476489028,0.009584664536741214,0.9968354430379747,0.6225806451612903,0.026143790849673203,0.08253968253968254,0.022727272727272728,0.006153846153846154,0.022653721682847898,0.025806451612903226,0.02857142857142857,0.4337748344370861,0.61,0.02786377708978328,0.02912621359223301,0.00641025641025641,0.7738853503184714,0.023178807947019868,0.03987730061349693,0.025396825396825397,0.019543973941368076,0.03436426116838488,0.9901639344262295,0.6217948717948718,0.038461538461538464,0.021875,0.02572347266881029,0.03559870550161812,0.05714285714285714,0.055900621118012424,0.006557377049180328,0.9163987138263665,0.006230529595015576,0.32903225806451614,0.45723684210526316,0.0,0.01597444089456869,0.003105590062111801,0.025974025974025976,0.44694533762057875,0.0032258064516129032,0.01282051282051282,0.02531645569620253,0.1398176291793313,0.05177993527508091,0.027692307692307693,0.006666666666666667,0.9935691318327974,0.5576923076923077,0.025236593059936908,0.0,0.20376175548589343,0.9967637540453075,0.8539682539682539,0.03536977491961415,0.003215434083601286,0.03048780487804878,0.5276872964169381,0.012779552715654952,0.021806853582554516,0.05379746835443038,0.019417475728155338,0.028481012658227847,0.023411371237458192,0.026058631921824105,0.0,0.026578073089700997,0.003134796238244514,0.16459627329192547,0.016129032258064516,0.003289473684210526,0.9940119760479041,0.025157232704402517,0.03514376996805112,0.19626168224299065,0.03618421052631579,0.7928802588996764,0.006514657980456026,1.0,0.0,0.006369426751592357,0.023809523809523808,0.009316770186335404,0.03076923076923077,0.0031545741324921135,0.0,0.028846153846153848,0.025078369905956112,0.03374233128834356,0.013071895424836602,0.024844720496894408,0.0486322188449848,0.0,0.2807570977917981,0.00964630225080386,0.6338461538461538,0.3948220064724919,0.165625,0.03536977491961415,0.026058631921824105,0.03164556962025317,0.003076923076923077,0.6820987654320988,0.07666666666666666,0.9969230769230769
M4225_Batch5,0.0,0.0,0.6645367412140575,0.02735562310030395,0.0,0.657051282051282,0.0,0.0,0.0,0.0970873786407767,0.0,0.2950310559006211,0.0,0.0759493670886076,0.6938110749185668,0.016025641025641024,0.0,0.789308176100629,0.012861736334405145,0.0,0.0,0.6309148264984227,0.8949044585987261,0.9081967213114754,0.932258064516129,0.024390243902439025,0.9748427672955975,0.0,0.0,0.0,0.0,0.006309148264984227,0.0,0.015772870662460567,0.0,0.09966777408637874,0.0031645569620253164,0.0,0.08544303797468354,0.0,0.006134969325153374,0.8187311178247734,0.6290322580645161,0.06748466257668712,0.0,0.8867924528301887,0.0,0.0,0.7178683385579937,0.028662420382165606,0.0125,1.0,0.12140575079872204,0.696875,0.0,0.3860759493670886,0.0,0.5616883116883117,0.0,0.6813880126182965,0.0,0.03459119496855346,0.3927392739273927,0.022364217252396165,0.03048780487804878,0.720125786163522,1.0,0.019230769230769232,0.0,0.028481012658227847,0.0,0.0,0.5506329113924051,0.3509933774834437,0.3805031446540881,0.8996960486322189,0.38782051282051283,0.6273885350318471,0.9245283018867925,0.0,0.0,0.0,0.2664576802507837,0.35987261146496813,0.0,0.11650485436893204,0.6459016393442623,0.050473186119873815,0.012987012987012988,0.0,0.0,0.0,0.0,0.12944983818770225,0.0749185667752443,0.0,0.003236245954692557,0.0,0.0031446540880503146,0.0,0.9246987951807228,0.0,0.0,0.0,0.0032679738562091504,0.06645569620253164,0.6828478964401294,0.0,0.0,0.9105431309904153,0.8829113924050633,0.8810975609756098,0.27899686520376177,0.07792207792207792,0.3993808049535604,0.5849056603773585,0.0,0.0,0.6962025316455697,0.37770897832817335,0.01644736842105263,0.0,0.3980891719745223,0.15555555555555556,0.021806853582554516,0.5468277945619335,0.9134615384615384,0.009259259259259259,0.5915032679738562,0.0,0.0,0.0,0.0,0.0,0.0,0.025,0.6815286624203821,0.0,0.0,0.14285714285714285,0.6990595611285266,0.6867469879518072,0.031746031746031744,0.842948717948718,0.009523809523809525,0.6188925081433225,0.0,0.380327868852459,0.003257328990228013,0.39274924471299094,0.4339622641509434,0.6688102893890675,0.0,0.0,0.0,0.006329113924050633,0.015625,0.0,0.02280130293159609,0.0,0.0,1.0,0.37341772151898733,0.029315960912052116,0.0,0.0,0.40683229813664595,1.0,0.0,0.015384615384615385,0.0,0.04516129032258064,0.015060240963855422,0.9181818181818182,1.0,0.6594427244582043,0.6835443037974683,0.08895705521472393,0.3924050632911392,0.4506172839506173,0.0,0.003194888178913738,0.006329113924050633,0.3836477987421384,0.03353658536585366,0.6721311475409836,0.0
M4231_Batch5,0.5851393188854489,0.5747800586510264,0.277602523659306,0.3283582089552239,0.5802469135802469,0.7191358024691358,0.0029850746268656717,0.5626911314984709,0.29941860465116277,0.27884615384615385,0.005763688760806916,0.14759036144578314,0.5683890577507599,0.25903614457831325,0.6927899686520376,0.3105590062111801,0.0,0.3312883435582822,0.5411392405063291,0.5787878787878787,0.0379746835443038,0.290625,0.39384615384615385,0.3333333333333333,0.33746130030959753,0.47058823529411764,0.31076923076923074,0.5438066465256798,0.573208722741433,0.5457317073170732,0.5723076923076923,0.5884146341463414,0.59375,0.5869565217391305,0.0,0.24367088607594936,0.5363636363636364,0.015772870662460567,0.25688073394495414,0.1377245508982036,0.55,0.2857142857142857,0.2672955974842767,0.03333333333333333,0.5807453416149069,0.47129909365558914,0.009615384615384616,0.5150602409638554,0.6586826347305389,0.553125,0.28488372093023256,0.373134328358209,0.3447204968944099,0.6862170087976539,0.0379746835443038,0.8338368580060423,0.02735562310030395,0.803125,0.567398119122257,0.6990595611285266,0.0297029702970297,0.5922619047619048,0.8690095846645367,0.13538461538461538,0.6272189349112426,0.7186544342507645,0.4444444444444444,0.5882352941176471,0.04113924050632911,0.3734567901234568,0.0220125786163522,0.13293051359516617,0.9040247678018576,0.8452012383900929,0.8674698795180723,0.4820359281437126,0.8476190476190476,0.7151702786377709,0.34421364985163205,0.5784615384615385,0.5506329113924051,0.020958083832335328,0.7730061349693251,0.8379204892966361,0.0,0.234375,0.696875,0.5779816513761468,0.5723270440251572,0.14705882352941177,0.5666666666666667,0.5868263473053892,0.5562130177514792,0.08181818181818182,0.27531645569620256,0.582089552238806,0.5669781931464174,0.18960244648318042,0.17445482866043613,0.593167701863354,0.35344827586206895,0.5945121951219512,0.5596330275229358,0.6065573770491803,0.0,0.24773413897280966,0.26153846153846155,0.5645645645645646,0.575,0.39570552147239263,0.3644859813084112,0.37037037037037035,0.7956656346749226,0.043478260869565216,0.8549848942598187,0.2560240963855422,0.33753943217665616,0.02631578947368421,0.6512345679012346,0.8567251461988304,0.5864197530864198,0.3535031847133758,0.8492307692307692,0.4416403785488959,0.6119402985074627,0.5947521865889213,0.3333333333333333,0.5692771084337349,0.7661538461538462,0.0,0.27076923076923076,0.562874251497006,0.22910216718266255,0.5029585798816568,0.0030864197530864196,0.012307692307692308,0.6452599388379205,0.1574074074074074,0.5770392749244713,0.3191489361702128,0.6895522388059702,0.6666666666666666,0.573170731707317,0.5170278637770898,0.5903614457831325,0.7337461300309598,0.5771604938271605,0.8535825545171339,0.5766871165644172,0.8338278931750742,0.6006191950464397,0.709480122324159,0.24375,0.0,0.5652173913043478,0.5468277945619335,0.5227963525835866,0.6012658227848101,0.15217391304347827,0.20253164556962025,0.006369426751592357,0.37341772151898733,1.0,0.5887850467289719,0.20909090909090908,0.5825825825825826,0.8461538461538461,0.39384615384615385,0.5611940298507463,0.5958083832335329,0.5398230088495575,0.21766561514195584,0.5718562874251497,0.3313782991202346,0.3727810650887574,0.2809667673716012,0.7033639143730887,0.24550898203592814,0.3261538461538461,0.6066066066066066,0.5875,0.5727554179566563,0.5386904761904762,0.8466257668711656,0.20648967551622419,0.2701863354037267,0.0029940119760479044
M4237_Batch5,0.9672131147540983,0.9685534591194969,0.0438871473354232,0.4166666666666667,0.961038961038961,0.33125,0.012658227848101266,0.9650793650793651,0.46319018404907975,0.3246753246753247,0.03058103975535168,0.031746031746031744,0.963076923076923,0.30625,0.31189710610932475,0.44155844155844154,0.025806451612903226,0.009316770186335404,0.8603896103896104,0.9588607594936709,0.009966777408637873,0.06624605678233439,0.04126984126984127,0.019417475728155338,0.012944983818770227,0.7484662576687117,0.015723270440251572,0.919093851132686,0.9681528662420382,0.821656050955414,0.9588607594936709,0.9707792207792207,0.9614147909967846,0.9198717948717948,0.024242424242424242,0.29180327868852457,0.9365079365079365,0.0,0.29721362229102166,0.22468354430379747,0.9483282674772037,0.009375,0.06109324758842444,0.02830188679245283,0.9803921568627451,0.1365079365079365,0.04501607717041801,0.8773584905660378,0.28125,0.9262820512820513,0.40672782874617736,0.02786377708978328,0.3741935483870968,0.3159509202453988,0.01607717041800643,0.635483870967742,0.0,0.44936708860759494,0.9640522875816994,0.3333333333333333,0.0033333333333333335,0.9296636085626911,0.6179401993355482,0.07006369426751592,0.906060606060606,0.3069620253164557,0.031545741324921134,0.9367088607594937,0.08666666666666667,0.45714285714285713,0.0,0.15838509316770186,0.44904458598726116,0.6414473684210527,0.6265822784810127,0.09309309309309309,0.6314102564102564,0.3762057877813505,0.009174311926605505,0.9681528662420382,0.9565217391304348,0.0,0.7306501547987616,0.656957928802589,0.023026315789473683,0.26688102893890675,0.33980582524271846,0.9113149847094801,0.9096774193548387,0.19384615384615383,0.9648562300319489,0.9717868338557993,0.9596273291925466,0.031746031746031744,0.3289902280130293,0.9622641509433962,0.932258064516129,0.2601880877742947,0.2476489028213166,0.9678456591639871,0.011799410029498525,0.9584664536741214,0.9583333333333334,0.9556313993174061,0.032362459546925564,0.3177570093457944,0.022435897435897436,0.9623824451410659,0.9619047619047619,0.032679738562091505,0.025806451612903226,0.0380952380952381,0.7252396166134185,0.041666666666666664,0.6261980830670927,0.06875,0.56957928802589,0.0,0.30158730158730157,0.6257668711656442,0.9805825242718447,0.5434083601286174,0.6038338658146964,0.3333333333333333,0.9276729559748428,0.35135135135135137,0.00967741935483871,0.9725609756097561,0.4032258064516129,0.02875399361022364,0.49056603773584906,0.9626168224299065,0.3365695792880259,0.8190184049079755,0.03215434083601286,0.006269592476489028,0.3057324840764331,0.20382165605095542,0.9651898734177216,0.321656050955414,0.3052959501557632,0.32601880877742945,0.9490445859872612,0.1650485436893204,0.9778481012658228,0.4163934426229508,0.9683544303797469,0.6363636363636364,0.970873786407767,0.6212121212121212,0.42901234567901236,0.3300970873786408,0.3745928338762215,0.020958083832335328,0.9545454545454546,0.9442724458204335,0.8275862068965517,0.9606557377049181,0.21283783783783783,0.2779552715654952,0.023809523809523808,0.029315960912052116,0.5887850467289719,1.0,0.2626582278481013,0.9604863221884499,0.6144200626959248,0.02912621359223301,0.9592476489028213,0.9781931464174455,0.9240121580547113,0.22641509433962265,0.9090909090909091,0.01524390243902439,0.015197568389057751,0.050793650793650794,0.328125,0.28615384615384615,0.18269230769230768,0.43465045592705165,0.9611650485436893,0.9646302250803859,0.9371069182389937,0.632258064516129,0.30275229357798167,0.025396825396825397,0.024464831804281346
M4243_Batch5,0.3219814241486068,0.3202416918429003,0.003215434083601286,0.8201219512195121,0.3149847094801223,0.07120743034055728,0.009259259259259259,0.3259493670886076,0.8473053892215568,0.08333333333333333,0.008902077151335312,0.009009009009009009,0.3063063063063063,0.07098765432098765,0.053125,0.12933753943217666,0.003215434083601286,0.06606606606606606,0.2468354430379747,0.31230283911671924,0.6893203883495146,0.012269938650306749,0.006230529595015576,0.0031847133757961785,0.0,0.20059880239520958,0.0,0.36024844720496896,0.2932098765432099,0.46808510638297873,0.3219814241486068,0.3270440251572327,0.3291139240506329,0.3706070287539936,0.005988023952095809,0.0935483870967742,0.33024691358024694,0.6644951140065146,0.07530120481927711,0.0672782874617737,0.3323529411764706,0.0,0.00641025641025641,0.009036144578313253,0.3161290322580645,0.02147239263803681,0.01597444089456869,0.2682926829268293,0.046012269938650305,0.24923076923076923,0.8364197530864198,0.0,0.096875,0.07207207207207207,0.7231270358306189,0.15123456790123457,0.696969696969697,0.09287925696594428,0.3271604938271605,0.06097560975609756,0.656957928802589,0.3026706231454006,0.15161290322580645,0.6676737160120846,0.3652694610778443,0.08895705521472393,0.0,0.2932098765432099,0.03666666666666667,0.774294670846395,0.6448598130841121,0.8868501529051988,0.1337386018237082,0.16199376947040497,0.140625,0.011730205278592375,0.15170278637770898,0.096875,0.0,0.30340557275541796,0.3301282051282051,0.6747720364741642,0.1933534743202417,0.1441717791411043,0.006269592476489028,0.06369426751592357,0.07692307692307693,0.26851851851851855,0.38170347003154576,0.9230769230769231,0.3167701863354037,0.3241590214067278,0.31419939577039274,0.3968253968253968,0.09841269841269841,0.3180428134556575,0.3498452012383901,0.984472049689441,0.06918238993710692,0.3238993710691824,0.0029585798816568047,0.3291139240506329,0.32298136645962733,0.28903654485049834,0.006269592476489028,0.07807807807807808,0.19195046439628483,0.3202416918429003,0.2993827160493827,0.009615384615384616,0.006230529595015576,0.009174311926605505,0.1806853582554517,0.015723270440251572,0.14678899082568808,0.003076923076923077,0.15335463258785942,0.6557377049180327,0.059006211180124224,0.14285714285714285,0.3186119873817035,0.16613418530351437,0.1393188854489164,0.6882716049382716,0.34441087613293053,0.07692307692307693,0.0,0.2891566265060241,0.09433962264150944,0.003115264797507788,0.11214953271028037,0.3130699088145897,0.9283489096573209,0.23372781065088757,0.0,0.07975460122699386,0.05521472392638037,0.9597523219814241,0.32727272727272727,0.08359133126934984,0.054878048780487805,0.06547619047619048,0.2896341463414634,0.04024767801857585,0.3312302839116719,0.0946372239747634,0.32407407407407407,0.13548387096774195,0.2897196261682243,0.14893617021276595,0.1094224924012158,0.06070287539936102,0.930379746835443,0.005747126436781609,0.3165680473372781,0.3212121212121212,0.23030303030303031,0.29354838709677417,0.060897435897435896,0.9838187702265372,0.009316770186335404,0.0,0.20909090909090908,0.2626582278481013,1.0,0.3333333333333333,0.14153846153846153,0.0,0.33229813664596275,0.3044776119402985,0.36795252225519287,0.8955696202531646,0.3644578313253012,0.0,0.0,0.012084592145015106,0.06521739130434782,0.07530120481927711,0.03048780487804878,0.10882352941176471,0.296875,0.309375,0.3438485804416404,0.15692307692307692,0.08358208955223881,0.1550632911392405,0.0029850746268656717
M4246_Batch5,1.0,1.0,0.031446540880503145,0.44837758112094395,1.0,0.3151515151515151,0.020833333333333332,1.0,0.5014409221902018,0.3503184713375796,0.02608695652173913,0.01488095238095238,1.0,0.32326283987915405,0.2848297213622291,0.44477611940298506,0.025078369905956112,0.0,0.8485804416403786,0.993920972644377,0.009584664536741214,0.048484848484848485,0.03363914373088685,0.009316770186335404,0.0,0.7147058823529412,0.0,0.9603658536585366,1.0,0.8922155688622755,0.9970149253731343,0.9938461538461538,1.0,0.9476923076923077,0.02359882005899705,0.32298136645962733,0.9611940298507463,0.0,0.3263473053892216,0.2455621301775148,0.9738372093023255,0.0,0.037037037037037035,0.023391812865497075,1.0,0.10843373493975904,0.050156739811912224,0.9041916167664671,0.26253687315634217,0.8878787878787879,0.4362017804154303,0.0,0.3944099378881988,0.3068181818181818,0.015723270440251572,0.5988023952095808,0.0,0.42249240121580545,1.0,0.3090909090909091,0.006349206349206349,0.9560117302052786,0.5961538461538461,0.09090909090909091,0.9333333333333333,0.2743362831858407,0.0,0.9818731117824774,0.09584664536741214,0.5,0.0,0.1834862385321101,0.43283582089552236,0.6184615384615385,0.5933734939759037,0.07848837209302326,0.5817610062893082,0.35276073619631904,0.0,1.0,1.0,0.0,0.7023809523809523,0.6207951070336392,0.021406727828746176,0.28307692307692306,0.335423197492163,0.8871951219512195,0.9296636085626911,0.23699421965317918,0.9969788519637462,1.0,1.0,0.03058103975535168,0.34441087613293053,1.0,0.9626168224299065,0.3081570996978852,0.2696969696969697,1.0,0.0029069767441860465,1.0,1.0,0.9967845659163987,0.021148036253776436,0.3383233532934132,0.015197568389057751,0.9970501474926253,1.0,0.02108433734939759,0.024691358024691357,0.029585798816568046,0.7116564417177914,0.045871559633027525,0.5835866261398176,0.045454545454545456,0.5784615384615385,0.0,0.2839506172839506,0.5953079178885631,0.981651376146789,0.5851393188854489,0.5765765765765766,0.3502994011976048,0.9546827794561934,0.3132183908045977,0.0,0.9881656804733728,0.39184952978056425,0.024615384615384615,0.5015105740181269,1.0,0.38972809667673713,0.8376811594202899,0.030303030303030304,0.00911854103343465,0.27794561933534745,0.2598187311178248,1.0,0.34355828220858897,0.27794561933534745,0.2985507246376812,0.939209726443769,0.12462006079027356,0.9879518072289156,0.37383177570093457,1.0,0.6037735849056604,0.9969135802469136,0.5877192982456141,0.4341317365269461,0.3159509202453988,0.44375,0.019943019943019943,0.9910979228486647,0.9665653495440729,0.8005952380952381,1.0,0.22784810126582278,0.32621951219512196,0.03076923076923077,0.0,0.5825825825825826,0.9604863221884499,0.3333333333333333,1.0,0.5882352941176471,0.0,1.0,0.9825072886297376,0.9595375722543352,0.26993865030674846,0.9415204678362573,0.0,0.0,0.03560830860534125,0.303951367781155,0.30523255813953487,0.17325227963525835,0.40406976744186046,1.0,1.0,0.9696048632218845,0.6101190476190477,0.3284457478005865,0.012232415902140673,0.028985507246376812
M4248_Batch5,0.5981308411214953,0.5863095238095238,0.25705329153605017,0.25513196480938416,0.6012269938650306,0.7283950617283951,0.003067484662576687,0.5779816513761468,0.2485207100591716,0.26582278481012656,0.0029154518950437317,0.15868263473053892,0.5762195121951219,0.2537764350453172,0.6944444444444444,0.284375,0.0,0.32098765432098764,0.526813880126183,0.5856697819314641,0.012658227848101266,0.2553191489361702,0.3710691823899371,0.30745341614906835,0.3119266055045872,0.46726190476190477,0.3148148148148148,0.5634674922600619,0.5895061728395061,0.4955223880597015,0.5828220858895705,0.5799373040752351,0.5962732919254659,0.5682539682539682,0.0,0.2356687898089172,0.5474006116207951,0.0,0.24702380952380953,0.12275449101796407,0.5743440233236151,0.30149253731343284,0.2563291139240506,0.03560830860534125,0.5981308411214953,0.49693251533742333,0.00946372239747634,0.5269461077844312,0.6646706586826348,0.567398119122257,0.22388059701492538,0.39039039039039036,0.328125,0.7038123167155426,0.009433962264150943,0.993993993993994,0.0,0.8391167192429022,0.5950920245398773,0.6966966966966966,0.003278688524590164,0.640117994100295,1.0,0.10303030303030303,0.5970149253731343,0.6717791411042945,0.45987654320987653,0.6163522012578616,0.0380952380952381,0.28615384615384615,0.0,0.06748466257668712,0.8215384615384616,0.990625,1.0,0.47928994082840237,0.9968454258675079,0.7461300309597523,0.31952662721893493,0.5876923076923077,0.554858934169279,0.0,0.9054878048780488,0.9815384615384616,0.0,0.21779141104294478,0.6886792452830188,0.5820433436532507,0.5683229813664596,0.08902077151335312,0.5830721003134797,0.6097560975609756,0.5845697329376854,0.0696969696969697,0.2631578947368421,0.5808383233532934,0.5709876543209876,0.12121212121212122,0.18461538461538463,0.6088328075709779,0.33819241982507287,0.6024844720496895,0.5669781931464174,0.6107594936708861,0.0,0.24471299093655588,0.24842767295597484,0.5808383233532934,0.5825545171339563,0.3487654320987654,0.335423197492163,0.35060975609756095,0.9197530864197531,0.040372670807453416,0.9909365558912386,0.2361963190184049,0.3333333333333333,0.0,0.6677115987460815,0.9970414201183432,0.5871559633027523,0.31962025316455694,1.0,0.3167701863354037,0.6048632218844985,0.5982658959537572,0.3395638629283489,0.6024096385542169,0.7854889589905363,0.0,0.27522935779816515,0.5878787878787879,0.15217391304347827,0.5087719298245614,0.003076923076923077,0.00906344410876133,0.6503067484662577,0.09538461538461539,0.591044776119403,0.30124223602484473,0.6930091185410334,0.6755162241887905,0.5830815709969789,0.5139318885448917,0.6036036036036037,0.7412140575079872,0.6111111111111112,0.996742671009772,0.620253164556962,0.9940652818991098,0.6265060240963856,0.7046153846153846,0.1831831831831832,0.0,0.5982404692082112,0.5805471124620061,0.5015015015015015,0.6170886075949367,0.16455696202531644,0.13924050632911392,0.0031545741324921135,0.40683229813664595,0.8461538461538461,0.6144200626959248,0.14153846153846153,0.5882352941176471,1.0,0.3951367781155015,0.5808383233532934,0.6172106824925816,0.5441176470588235,0.16770186335403728,0.5630498533724341,0.3333333333333333,0.3834808259587021,0.25149700598802394,0.7044776119402985,0.23214285714285715,0.3146417445482866,0.6174698795180723,0.6069182389937107,0.5921450151057401,0.5498489425981873,0.9939024390243902,0.2072072072072072,0.25625,0.002932551319648094
M4252_Batch5,0.0,0.0,0.6634304207119741,0.0243161094224924,0.0,0.6802507836990596,0.0031446540880503146,0.0,0.0,0.12211221122112212,0.0,0.294478527607362,0.0,0.090625,0.7055016181229773,0.02531645569620253,0.0,0.799373040752351,0.019417475728155338,0.0,0.0,0.620253164556962,0.8975155279503105,0.9129032258064517,0.9394904458598726,0.027439024390243903,0.9747634069400631,0.0,0.0,0.0,0.0,0.006430868167202572,0.0,0.016025641025641024,0.0,0.10714285714285714,0.0030864197530864196,0.0,0.11838006230529595,0.0,0.0060790273556231,0.7987616099071208,0.6181229773462783,0.058823529411764705,0.0,0.890282131661442,0.0,0.0,0.7195121951219512,0.022222222222222223,0.012422360248447204,1.0,0.13738019169329074,0.7121212121212122,0.0,0.3875,0.0,0.5769230769230769,0.0,0.6780185758513931,0.0,0.04294478527607362,0.40522875816993464,0.02476780185758514,0.024691358024691357,0.7255520504731862,1.0,0.01892744479495268,0.0,0.03164556962025317,0.0,0.0,0.5619047619047619,0.36807817589576547,0.3887147335423197,0.8987730061349694,0.39344262295081966,0.6378205128205128,0.927710843373494,0.0,0.0,0.0,0.28307692307692306,0.3542319749216301,0.0,0.12658227848101267,0.6534653465346535,0.0379746835443038,0.013245033112582781,0.0,0.0,0.0,0.0,0.11708860759493671,0.08794788273615635,0.0,0.003134796238244514,0.0,0.0031847133757961785,0.0,0.9380530973451328,0.0,0.0,0.0,0.003257328990228013,0.08176100628930817,0.686084142394822,0.0,0.0,0.9203821656050956,0.8949044585987261,0.8939393939393939,0.28664495114006516,0.07692307692307693,0.411214953271028,0.580952380952381,0.0,0.0,0.7097791798107256,0.39209726443769,0.015822784810126583,0.0,0.41009463722397477,0.18670886075949367,0.0182370820668693,0.5443425076452599,0.9218241042345277,0.00906344410876133,0.6051779935275081,0.0,0.0,0.0,0.0,0.0,0.0,0.028938906752411574,0.69375,0.0,0.0,0.1639871382636656,0.6915887850467289,0.6909090909090909,0.021875,0.8466453674121406,0.00949367088607595,0.6091205211726385,0.0,0.38205980066445183,0.0031645569620253164,0.3957703927492447,0.4307692307692308,0.6930379746835443,0.0,0.0,0.0,0.006153846153846154,0.018575851393188854,0.0,0.026058631921824105,0.0,0.0,1.0,0.39384615384615385,0.02912621359223301,0.0,0.0,0.3951367781155015,1.0,0.0,0.012084592145015106,0.0,0.05787781350482315,0.015015015015015015,0.9208211143695014,1.0,0.6583850931677019,0.6904024767801857,0.10876132930513595,0.4143302180685358,0.4451219512195122,0.0,0.0,0.006211180124223602,0.38769230769230767,0.02735562310030395,0.686084142394822,0.0
M4253_Batch5,1.0,1.0,0.03773584905660377,0.4298780487804878,1.0,0.3,0.021739130434782608,1.0,0.4909090909090909,0.33225806451612905,0.026785714285714284,0.01875,1.0,0.3221884498480243,0.26813880126182965,0.47266881028938906,0.022435897435897436,0.0,0.8381877022653722,0.9937304075235109,0.013029315960912053,0.0529595015576324,0.03492063492063492,0.006493506493506494,0.0,0.7194029850746269,0.0,0.953416149068323,1.0,0.8792569659442725,0.9968944099378882,0.9968152866242038,1.0,0.9315960912052117,0.020833333333333332,0.3050314465408805,0.950920245398773,0.0,0.3065015479876161,0.24024024024024024,0.967551622418879,0.0,0.04501607717041801,0.0182370820668693,1.0,0.10030395136778116,0.04854368932038835,0.908256880733945,0.24620060790273557,0.8722741433021807,0.4179566563467492,0.0,0.3867924528301887,0.27927927927927926,0.012861736334405145,0.5856697819314641,0.0,0.3862928348909657,1.0,0.2857142857142857,0.0032679738562091504,0.9546827794561934,0.5808580858085809,0.08099688473520249,0.9109792284866469,0.2672955974842767,0.0,0.9808306709265175,0.08064516129032258,0.4723926380368098,0.0,0.16927899686520376,0.416403785488959,0.6025641025641025,0.5840978593272171,0.06990881458966565,0.5769230769230769,0.3375,0.0,1.0,1.0,0.0,0.7089783281733746,0.6178343949044586,0.019230769230769232,0.27129337539432175,0.30670926517571884,0.8847352024922118,0.9120521172638436,0.23170731707317074,0.9936102236421726,1.0,1.0,0.03503184713375796,0.3470031545741325,1.0,0.9583333333333334,0.30606060606060603,0.27848101265822783,1.0,0.0029411764705882353,1.0,1.0,0.9966666666666667,0.018867924528301886,0.3333333333333333,0.01597444089456869,0.9969135802469136,1.0,0.022435897435897436,0.022222222222222223,0.025,0.7006172839506173,0.04643962848297214,0.5740740740740741,0.05396825396825397,0.5886075949367089,0.0,0.271875,0.5835866261398176,0.9808917197452229,0.5632911392405063,0.5628930817610063,0.3374233128834356,0.9433962264150944,0.2997032640949555,0.0,0.9847094801223242,0.37012987012987014,0.022082018927444796,0.496875,1.0,0.3746031746031746,0.8379204892966361,0.028481012658227847,0.006230529595015576,0.2643312101910828,0.2586750788643533,1.0,0.33125,0.27639751552795033,0.2765957446808511,0.9341692789968652,0.11217948717948718,0.9846153846153847,0.35987261146496813,1.0,0.5980392156862745,1.0,0.5765765765765766,0.4036697247706422,0.28434504792332266,0.41875,0.01775147928994083,0.982089552238806,0.9597523219814241,0.8111455108359134,1.0,0.21451104100946372,0.3194888178913738,0.028846153846153848,0.0,0.5611940298507463,0.9592476489028213,0.33229813664596275,1.0,0.5808383233532934,0.0,1.0,0.9784615384615385,0.9552238805970149,0.266025641025641,0.9244712990936556,0.0,0.0,0.040498442367601244,0.28703703703703703,0.2972972972972973,0.1962025316455696,0.3932926829268293,1.0,0.9968652037617555,0.9597523219814241,0.5925925925925926,0.3143712574850299,0.012738853503184714,0.02416918429003021
M431_Batch5,0.9783950617283951,0.9792899408284024,0.04024767801857585,0.4393063583815029,0.9786585365853658,0.3242424242424242,0.015151515151515152,0.9757575757575757,0.4824561403508772,0.30063291139240506,0.023121387283236993,0.02976190476190476,0.982089552238806,0.283987915407855,0.284375,0.4367469879518072,0.015873015873015872,0.008849557522123894,0.834375,0.9753086419753086,0.009708737864077669,0.05421686746987952,0.04216867469879518,0.012738853503184714,0.012084592145015106,0.7264705882352941,0.015197568389057751,0.9487951807228916,0.9785932721712538,0.8648648648648649,0.972972972972973,0.9845679012345679,0.9756838905775076,0.9150943396226415,0.017595307917888565,0.28115015974440893,0.9373134328358209,0.0,0.2823529411764706,0.2208955223880597,0.9498525073746312,0.008902077151335312,0.04953560371517028,0.017804154302670624,0.9818731117824774,0.12316715542521994,0.031545741324921134,0.891566265060241,0.2573099415204678,0.8888888888888888,0.42900302114803623,0.020958083832335328,0.36335403726708076,0.2953216374269006,0.015384615384615385,0.622356495468278,0.0,0.42901234567901236,0.9788519637462235,0.31176470588235294,0.003194888178913738,0.9491017964071856,0.6146496815286624,0.09171597633136094,0.9051724137931034,0.28059701492537314,0.021212121212121213,0.9661538461538461,0.08917197452229299,0.48923076923076925,0.0,0.1661631419939577,0.4484848484848485,0.6388888888888888,0.6310975609756098,0.09144542772861357,0.616822429906542,0.3611111111111111,0.011976047904191617,0.9789156626506024,0.9750778816199377,0.0,0.7355623100303952,0.6426426426426426,0.018633540372670808,0.25382262996941896,0.31746031746031744,0.906060606060606,0.904320987654321,0.21929824561403508,0.9787878787878788,0.9850299401197605,0.9787878787878788,0.039755351681957186,0.3067484662576687,0.978978978978979,0.9357798165137615,0.2955223880597015,0.2476780185758514,0.9814241486068112,0.011661807580174927,0.9784615384615385,0.9785932721712538,0.9804560260586319,0.018461538461538463,0.3072289156626506,0.027692307692307693,0.9760479041916168,0.9760479041916168,0.030303030303030304,0.027522935779816515,0.029585798816568046,0.7360248447204969,0.04024767801857585,0.6107784431137725,0.05952380952380952,0.54858934169279,0.0,0.2822085889570552,0.6202898550724638,0.9696048632218845,0.5510835913312694,0.5945121951219512,0.3353658536585366,0.9289940828402367,0.2985507246376812,0.012345679012345678,0.967741935483871,0.38699690402476783,0.01818181818181818,0.46504559270516715,0.9794721407624634,0.3619631901840491,0.8168604651162791,0.02416918429003021,0.012084592145015106,0.2755417956656347,0.24085365853658536,0.9787234042553191,0.29754601226993865,0.29253731343283584,0.2961876832844575,0.9635258358662614,0.12461059190031153,0.9698795180722891,0.36990595611285265,0.9818181818181818,0.6175548589341693,0.9907692307692307,0.6187683284457478,0.4186746987951807,0.30124223602484473,0.40797546012269936,0.016853932584269662,0.9676470588235294,0.9395770392749244,0.8076923076923077,0.9748427672955975,0.20253164556962025,0.303951367781155,0.025078369905956112,0.015384615384615385,0.5958083832335329,0.9781931464174455,0.3044776119402985,0.9825072886297376,0.6172106824925816,0.012084592145015106,0.9784615384615385,1.0,0.9331395348837209,0.25696594427244585,0.908284023668639,0.014204545454545454,0.008875739644970414,0.04451038575667656,0.3042168674698795,0.26409495548961426,0.17210682492581603,0.39941690962099125,0.9817073170731707,0.990990990990991,0.9454545454545454,0.6234939759036144,0.3029411764705882,0.01892744479495268,0.020527859237536656
M472_Batch5,0.9577039274924471,0.9481268011527377,0.045180722891566265,0.471976401179941,0.9520958083832335,0.28402366863905326,0.03235294117647059,0.954954954954955,0.5142857142857142,0.3148148148148148,0.0339943342776204,0.026239067055393587,0.9618768328445748,0.3029411764705882,0.25153374233128833,0.4421364985163205,0.036036036036036036,0.0,0.8115501519756839,0.9516616314199395,0.040880503144654086,0.057057057057057055,0.03571428571428571,0.009375,0.0,0.6954022988505747,0.0,0.9462686567164179,0.9604863221884499,0.8772455089820359,0.95,0.9484848484848485,0.9478527607361963,0.968944099378882,0.028735632183908046,0.3055555555555556,0.9668674698795181,0.024691358024691357,0.2886297376093295,0.24778761061946902,0.9742120343839542,0.005847953216374269,0.047021943573667714,0.029069767441860465,0.9541284403669725,0.08035714285714286,0.04672897196261682,0.8635014836795252,0.22608695652173913,0.8670694864048338,0.45375722543352603,0.0,0.3617021276595745,0.25217391304347825,0.045871559633027525,0.5565476190476191,0.035398230088495575,0.36890243902439024,0.9556213017751479,0.2656716417910448,0.03785488958990536,0.9159420289855073,0.5634674922600619,0.11212121212121212,0.938953488372093,0.258160237388724,0.0,0.9363636363636364,0.0932475884244373,0.5103857566765578,0.03323262839879154,0.2208955223880597,0.4072948328267477,0.5871559633027523,0.5591715976331361,0.06876790830945559,0.5460122699386503,0.31736526946107785,0.0029585798816568047,0.9501466275659824,0.9535603715170279,0.03225806451612903,0.6784660766961652,0.5688622754491018,0.02710843373493976,0.25835866261398177,0.28703703703703703,0.8520710059171598,0.9692307692307692,0.27405247813411077,0.9519519519519519,0.9525222551928784,0.9498525073746312,0.05740181268882175,0.3221884498480243,0.9590643274853801,0.9785276073619632,0.3413173652694611,0.25225225225225223,0.9697885196374623,0.0028089887640449437,0.9494047619047619,0.9529411764705882,0.95625,0.024464831804281346,0.3196480938416422,0.024024024024024024,0.9469026548672567,0.9578313253012049,0.021341463414634148,0.02373887240356083,0.026627218934911243,0.6716867469879518,0.05105105105105105,0.5441176470588235,0.05120481927710843,0.5613496932515337,0.02830188679245283,0.24477611940298508,0.5433526011560693,0.9487951807228916,0.5552147239263804,0.5313432835820896,0.3719512195121951,0.956140350877193,0.27808988764044945,0.0,0.9566473988439307,0.3448275862068966,0.03003003003003003,0.46827794561933533,0.9536231884057971,0.42136498516320475,0.8017241379310345,0.02735562310030395,0.020771513353115726,0.24773413897280966,0.29393939393939394,0.9476744186046512,0.31343283582089554,0.24169184290030213,0.263768115942029,0.8988095238095238,0.11515151515151516,0.9461077844311377,0.3343465045592705,0.9616519174041298,0.5579937304075235,0.9506172839506173,0.5590778097982709,0.3590504451038576,0.26299694189602446,0.4594594594594595,0.02535211267605634,0.9710982658959537,0.9878787878787879,0.7970588235294118,0.9467084639498433,0.22839506172839505,0.35276073619631904,0.03374233128834356,0.0,0.5398230088495575,0.9240121580547113,0.36795252225519287,0.9595375722543352,0.5441176470588235,0.0,0.9552238805970149,0.9331395348837209,1.0,0.2996941896024465,0.9622093023255814,0.0,0.0,0.04451038575667656,0.25825825825825827,0.27873563218390807,0.17159763313609466,0.36127167630057805,0.9602446483180428,0.9491017964071856,1.0,0.5689149560117303,0.3153409090909091,0.01834862385321101,0.034782608695652174
M483_Batch5,0.24516129032258063,0.25925925925925924,0.0707395498392283,0.8664596273291926,0.25,0.12698412698412698,0.015723270440251572,0.2515923566878981,0.7325227963525835,0.08881578947368421,0.012121212121212121,0.034161490683229816,0.25696594427244585,0.05846153846153846,0.12828947368421054,0.10476190476190476,0.012903225806451613,0.14779874213836477,0.21428571428571427,0.25559105431309903,0.6688524590163935,0.05732484076433121,0.08064516129032258,0.06907894736842106,0.05714285714285714,0.19148936170212766,0.050955414012738856,0.2857142857142857,0.23974763406940064,0.35714285714285715,0.24528301886792453,0.2540192926045016,0.27531645569620256,0.3181818181818182,0.012232415902140673,0.0781758957654723,0.26959247648902823,0.6578947368421053,0.08099688473520249,0.053125,0.2636363636363636,0.052795031055900624,0.05396825396825397,0.01567398119122257,0.27070063694267515,0.08695652173913043,0.0196078431372549,0.20689655172413793,0.11455108359133127,0.23076923076923078,0.8292682926829268,0.06134969325153374,0.0891089108910891,0.1276595744680851,0.6753246753246753,0.17834394904458598,0.6788990825688074,0.14790996784565916,0.26498422712933756,0.13354037267080746,0.622895622895623,0.24610591900311526,0.17207792207792208,0.6304347826086957,0.311178247734139,0.14067278287461774,0.0732484076433121,0.2356687898089172,0.0297029702970297,0.7888198757763976,0.6419354838709678,0.839622641509434,0.16613418530351437,0.19169329073482427,0.19375,0.0764525993883792,0.18,0.1607717041800643,0.07339449541284404,0.24444444444444444,0.2679738562091503,0.6584615384615384,0.2204968944099379,0.17363344051446947,0.012903225806451613,0.04838709677419355,0.14563106796116504,0.23270440251572327,0.343042071197411,0.8773006134969326,0.2721518987341772,0.259375,0.2507836990595611,0.42207792207792205,0.08860759493670886,0.25925925925925924,0.275974025974026,0.9184952978056427,0.047619047619047616,0.2621359223300971,0.07272727272727272,0.2724358974358974,0.27419354838709675,0.24496644295302014,0.00964630225080386,0.0694006309148265,0.288961038961039,0.26198083067092653,0.24605678233438485,0.09177215189873418,0.07255520504731862,0.07836990595611286,0.19344262295081968,0.025396825396825397,0.17956656346749225,0.03470031545741325,0.11437908496732026,0.6462585034013606,0.12140575079872204,0.17592592592592593,0.25806451612903225,0.1423841059602649,0.1761006289308176,0.8259493670886076,0.2993827160493827,0.12424242424242424,0.0694006309148265,0.22741433021806853,0.1553398058252427,0.006309148264984227,0.08463949843260188,0.2599388379204893,0.8285714285714286,0.19444444444444445,0.00625,0.09717868338557993,0.12460063897763578,0.890625,0.2623456790123457,0.0781758957654723,0.11392405063291139,0.11764705882352941,0.23734177215189872,0.10377358490566038,0.26582278481012656,0.1266233766233766,0.266025641025641,0.17263843648208468,0.23734177215189872,0.18885448916408668,0.1345565749235474,0.13157894736842105,0.8108974358974359,0.014619883040935672,0.2628398791540785,0.2693498452012384,0.2222222222222222,0.24092409240924093,0.05245901639344262,0.9042904290429042,0.013071895424836602,0.04516129032258064,0.21766561514195584,0.22641509433962265,0.8955696202531646,0.26993865030674846,0.16770186335403728,0.05787781350482315,0.266025641025641,0.25696594427244585,0.2996941896024465,1.0,0.31626506024096385,0.08284023668639054,0.057750759878419454,0.04792332268370607,0.13793103448275862,0.06990881458966565,0.06687898089171974,0.15170278637770898,0.23809523809523808,0.26666666666666666,0.28253968253968254,0.18670886075949367,0.0804953560371517,0.23300970873786409,0.0125
M484_Batch5,0.9235474006116208,0.9196428571428571,0.04892966360856269,0.5131964809384164,0.9333333333333333,0.311178247734139,0.017595307917888565,0.9401197604790419,0.5344827586206896,0.2826086956521739,0.02857142857142857,0.03235294117647059,0.9285714285714286,0.2668621700879765,0.30153846153846153,0.40606060606060607,0.018292682926829267,0.005970149253731343,0.7767295597484277,0.9323076923076923,0.05329153605015674,0.06006006006006006,0.04573170731707317,0.015772870662460567,0.003003003003003003,0.672463768115942,0.012012012012012012,0.9226006191950464,0.9355828220858896,0.8528528528528528,0.9274924471299094,0.9272727272727272,0.926829268292683,0.9938650306748467,0.017699115044247787,0.2555205047318612,0.9272727272727272,0.03459119496855346,0.25882352941176473,0.20118343195266272,0.9447674418604651,0.002932551319648094,0.05167173252279635,0.01764705882352941,0.9320987654320988,0.1130952380952381,0.03715170278637771,0.8313609467455622,0.27941176470588236,0.8383233532934131,0.5,0.017699115044247787,0.3302752293577982,0.29239766081871343,0.0672782874617737,0.5808383233532934,0.05952380952380952,0.41846153846153844,0.9307228915662651,0.30498533724340177,0.058823529411764705,0.8967551622418879,0.5807453416149069,0.12612612612612611,0.9824561403508771,0.29518072289156627,0.014925373134328358,0.9156626506024096,0.07142857142857142,0.5634218289085545,0.04229607250755287,0.24096385542168675,0.4298507462686567,0.6080246913580247,0.5940298507462687,0.09195402298850575,0.5740740740740741,0.35347432024169184,0.008928571428571428,0.9341317365269461,0.9195046439628483,0.04411764705882353,0.6775147928994083,0.5981873111782477,0.021538461538461538,0.2236024844720497,0.3219814241486068,0.8272727272727273,0.9968944099378882,0.28823529411764703,0.9309309309309309,0.935672514619883,0.9281437125748503,0.06481481481481481,0.2878787878787879,0.933933933933934,0.9879154078549849,0.3609467455621302,0.21212121212121213,0.940809968847352,0.00847457627118644,0.9270516717325228,0.9329268292682927,0.9423076923076923,0.01529051987767584,0.2781065088757396,0.027777777777777776,0.9228486646884273,0.9359756097560976,0.03323262839879154,0.030120481927710843,0.029940119760479042,0.6925465838509317,0.036923076923076927,0.5621301775147929,0.0626865671641791,0.5125786163522013,0.04487179487179487,0.2865853658536585,0.5775862068965517,0.9333333333333333,0.5185185185185185,0.5585585585585585,0.38769230769230767,0.9881305637982196,0.3063583815028902,0.006042296072507553,0.9343283582089552,0.3829787234042553,0.018518518518518517,0.4332344213649852,0.9198813056379822,0.4457831325301205,0.7616279069767442,0.021148036253776436,0.012012012012012012,0.2818181818181818,0.3090909090909091,0.935672514619883,0.2774390243902439,0.2988165680473373,0.29737609329446063,0.8696969696969697,0.1398176291793313,0.9298780487804879,0.3981191222570533,0.9309309309309309,0.5924764890282131,0.9296636085626911,0.5877192982456141,0.41002949852507375,0.296969696969697,0.4709480122324159,0.01680672268907563,0.9391304347826087,0.9644970414201184,0.7781065088757396,0.9327217125382263,0.1792452830188679,0.37003058103975534,0.024844720496894408,0.015060240963855422,0.5718562874251497,0.9090909090909091,0.3644578313253012,0.9415204678362573,0.5630498533724341,0.015015015015015015,0.9244712990936556,0.908284023668639,0.9622093023255814,0.31626506024096385,1.0,0.00872093023255814,0.011627906976744186,0.04776119402985075,0.30903790087463556,0.24411764705882352,0.15501519756838905,0.4088235294117647,0.9283489096573209,0.9283582089552239,0.9580838323353293,0.5885885885885885,0.27988338192419826,0.021538461538461538,0.02318840579710145
M491_Batch5,0.0,0.0,0.7462235649546828,0.03206997084548105,0.0,0.6140350877192983,0.06287425149700598,0.0,0.0,0.15454545454545454,0.05128205128205128,0.35,0.0,0.12903225806451613,0.6336336336336337,0.043859649122807015,0.041791044776119404,0.8914956011730205,0.012345679012345678,0.0,0.0,0.6834319526627219,0.9523809523809523,0.9845201238390093,1.0,0.039660056657223795,0.9674556213017751,0.0,0.0,0.0,0.0,0.0030303030303030303,0.0,0.006153846153846154,0.06051873198847262,0.1609907120743034,0.0029154518950437317,0.0,0.14857142857142858,0.047058823529411764,0.0028089887640449437,0.8991097922848664,0.6913946587537092,0.10495626822157435,0.0,0.8117647058823529,0.049079754601226995,0.002932551319648094,0.6656976744186046,0.023529411764705882,0.0029154518950437317,0.9130434782608695,0.17378048780487804,0.617816091954023,0.0,0.3313953488372093,0.0,0.5030487804878049,0.0,0.615606936416185,0.0,0.04335260115606936,0.32919254658385094,0.022922636103151862,0.02005730659025788,0.6636904761904762,0.9255952380952381,0.008955223880597015,0.03715170278637771,0.02046783625730994,0.0,0.0,0.5029411764705882,0.3074626865671642,0.34023668639053256,0.8693181818181818,0.33636363636363636,0.572289156626506,0.9911764705882353,0.0,0.0,0.0,0.23976608187134502,0.30791788856304986,0.045454545454545456,0.17378048780487804,0.5981873111782477,0.03550295857988166,0.011976047904191617,0.0,0.0,0.0,0.0,0.2072072072072072,0.1347305389221557,0.0,0.0030581039755351682,0.0,0.044642857142857144,0.0,0.9971671388101983,0.0,0.0,0.0,0.045180722891566265,0.12202380952380952,0.7559523809523809,0.0,0.0,0.9673590504451038,0.9734513274336283,0.9593023255813954,0.24085365853658536,0.11904761904761904,0.3515850144092219,0.6646884272997032,0.02147239263803681,0.0,0.6393939393939394,0.3390804597701149,0.006006006006006006,0.015151515151515152,0.35398230088495575,0.21470588235294116,0.014492753623188406,0.5169491525423728,1.0,0.0,0.5259938837920489,0.04504504504504504,0.02359882005899705,0.0,0.0,0.0028653295128939827,0.03823529411764706,0.10324483775811209,0.6517857142857143,0.0,0.0,0.20658682634730538,0.6231884057971014,0.6184971098265896,0.020833333333333332,0.8083832335329342,0.0029411764705882353,0.5272727272727272,0.0,0.3157894736842105,0.0,0.3342857142857143,0.40233236151603496,0.6024464831804281,0.0,0.04657534246575343,0.0,0.0029498525073746312,0.029498525073746312,0.0,0.07033639143730887,0.0,0.0486322188449848,0.9181818181818182,0.3313782991202346,0.01524390243902439,0.0,0.0,0.3333333333333333,0.9208211143695014,0.0,0.014204545454545454,0.0,0.08284023668639054,0.00872093023255814,1.0,0.9190751445086706,0.7294117647058823,0.6253687315634219,0.14492753623188406,0.46511627906976744,0.42528735632183906,0.0,0.0029850746268656717,0.0029850746268656717,0.31976744186046513,0.07670454545454546,0.793939393939394,0.059154929577464786
M496_Batch5,0.0,0.0,0.6646525679758308,0.023952095808383235,0.0,0.6458333333333334,0.003003003003003003,0.0,0.0,0.10869565217391304,0.0,0.28106508875739644,0.0,0.08982035928143713,0.6728395061728395,0.018292682926829267,0.0,0.7934131736526946,0.012461059190031152,0.0,0.0,0.6172839506172839,0.8909090909090909,0.903125,0.9329268292682927,0.02346041055718475,0.9758308157099698,0.0,0.0,0.0,0.0,0.006153846153846154,0.0,0.009259259259259259,0.0,0.11145510835913312,0.0,0.0,0.10119047619047619,0.0,0.0,0.8121387283236994,0.6111111111111112,0.0626865671641791,0.0,0.8851963746223565,0.0,0.0,0.7071005917159763,0.01775147928994083,0.008746355685131196,1.0,0.12962962962962962,0.6764705882352942,0.0,0.3633633633633634,0.0,0.5535168195718655,0.0,0.6565349544072948,0.0,0.04451038575667656,0.367601246105919,0.026785714285714284,0.020588235294117647,0.7134146341463414,1.0,0.01818181818181818,0.0,0.02932551319648094,0.0,0.0,0.524390243902439,0.33641975308641975,0.36036036036036034,0.896551724137931,0.36792452830188677,0.6012269938650306,0.9174041297935103,0.0,0.0,0.0,0.24096385542168675,0.3312883435582822,0.0,0.134375,0.6327160493827161,0.026706231454005934,0.006172839506172839,0.0,0.0,0.0,0.0,0.14860681114551083,0.08978328173374613,0.0,0.0,0.0,0.0030303030303030303,0.0,0.9314285714285714,0.0,0.0,0.0,0.0030864197530864196,0.07894736842105263,0.689873417721519,0.0,0.0,0.9138461538461539,0.8819875776397516,0.8888888888888888,0.2621951219512195,0.07033639143730887,0.375,0.5825825825825826,0.0,0.0,0.6790123456790124,0.37026239067055394,0.009316770186335404,0.0,0.38699690402476783,0.16666666666666666,0.01466275659824047,0.5391304347826087,0.9207317073170732,0.005917159763313609,0.5718849840255591,0.0,0.0,0.0,0.0,0.0,0.0,0.036036036036036036,0.6696969696969697,0.0,0.0,0.15384615384615385,0.6878787878787879,0.6695652173913044,0.01466275659824047,0.8353658536585366,0.006060606060606061,0.5745341614906833,0.0,0.3667711598746082,0.00303951367781155,0.375366568914956,0.42136498516320475,0.6523076923076923,0.0,0.0,0.0,0.0,0.01466275659824047,0.0,0.025078369905956112,0.0,0.0,1.0,0.3727810650887574,0.015197568389057751,0.0,0.0,0.3834808259587021,1.0,0.0,0.008875739644970414,0.0,0.057750759878419454,0.011627906976744186,0.9190751445086706,1.0,0.6586102719033232,0.6686746987951807,0.10355029585798817,0.39090909090909093,0.4255952380952381,0.0,0.0,0.0,0.3652694610778443,0.023529411764705882,0.6878787878787879,0.0
M497_Batch5,0.031746031746031744,0.0243161094224924,0.9778481012658228,0.04294478527607362,0.031055900621118012,0.48757763975155277,0.29846153846153844,0.03067484662576687,0.01466275659824047,0.4180064308681672,0.28994082840236685,0.6585365853658537,0.027692307692307693,0.39814814814814814,0.535031847133758,0.27575757575757576,0.28391167192429023,0.6137071651090342,0.1414790996784566,0.043478260869565216,0.0,0.9814241486068112,0.7616099071207431,0.7745098039215687,0.7232704402515723,0.20180722891566266,0.7073170731707317,0.039755351681957186,0.034161490683229816,0.02476780185758514,0.03374233128834356,0.043343653250773995,0.034055727554179564,0.050473186119873815,0.2878338278931751,0.43548387096774194,0.06769230769230769,0.0,0.4205607476635514,0.27439024390243905,0.047337278106508875,0.7515151515151515,0.9842271293375394,0.35240963855421686,0.02821316614420063,0.6055045871559633,0.2967741935483871,0.06666666666666667,0.5757575757575758,0.11875,0.030303030303030304,0.6391437308868502,0.42138364779874216,0.5,0.0,0.24846625766871167,0.0,0.41823899371069184,0.0375,0.5124223602484472,0.0,0.05864197530864197,0.24115755627009647,0.021739130434782608,0.041916167664670656,0.5398773006134969,0.658307210031348,0.047021943573667714,0.28753993610223644,0.03076923076923077,0.0,0.009316770186335404,0.38198757763975155,0.22468354430379747,0.2623456790123457,0.6041666666666666,0.25559105431309903,0.46835443037974683,0.7384615384615385,0.033950617283950615,0.02830188679245283,0.0,0.18769230769230769,0.23510971786833856,0.259375,0.47619047619047616,0.49216300940438873,0.1059190031152648,0.03870967741935484,0.006006006006006006,0.037267080745341616,0.039634146341463415,0.03927492447129909,0.2389937106918239,0.40384615384615385,0.03374233128834356,0.04,0.009259259259259259,0.29283489096573206,0.04234527687296417,0.7309941520467836,0.03503184713375796,0.028391167192429023,0.033444816053511704,0.2744479495268139,0.38271604938271603,0.546583850931677,0.03987730061349693,0.03125,0.7507692307692307,0.7625,0.7401812688821753,0.18575851393188855,0.3931888544891641,0.26625386996904027,0.9720496894409938,0.13504823151125403,0.0,0.5345911949685535,0.24477611940298508,0.03785488958990536,0.1786833855799373,0.265625,0.15076923076923077,0.04819277108433735,0.5309734513274337,0.7381703470031545,0.03323262839879154,0.43769968051118213,0.24193548387096775,0.18618618618618618,0.033846153846153845,0.00946372239747634,0.10416666666666667,0.265625,0.3067484662576687,0.544891640866873,0.006309148264984227,0.040123456790123455,0.4392523364485981,0.52,0.5299401197604791,0.07763975155279502,0.6677215189873418,0.036923076923076927,0.45741324921135645,0.040372670807453416,0.268370607028754,0.038461538461538464,0.2620481927710843,0.4233128834355828,0.4984423676012461,0.012618296529968454,0.2492753623188406,0.03636363636363636,0.0547112462006079,0.13230769230769232,0.025396825396825397,0.34935897435897434,0.00964630225080386,0.2807570977917981,0.6594427244582043,0.2809667673716012,0.050793650793650794,0.012084592145015106,0.03560830860534125,0.25149700598802394,0.6583850931677019,0.040498442367601244,0.04451038575667656,0.04451038575667656,0.04792332268370607,0.04776119402985075,0.7294117647058823,0.6586102719033232,1.0,0.5216049382716049,0.42729970326409494,0.6873065015479877,0.4550898203592814,0.04126984126984127,0.03715170278637771,0.04984423676012461,0.24610591900311526,0.3123123123123123,0.6031746031746031,0.29518072289156627
M498_Batch5,0.3032258064516129,0.2912912912912913,0.5209003215434084,0.1484848484848485,0.31384615384615383,0.9625,0.01529051987767584,0.2950310559006211,0.12797619047619047,0.2783171521035599,0.005917159763313609,0.25153374233128833,0.29393939393939394,0.22018348623853212,1.0,0.17295597484276728,0.009433962264150943,0.5015290519877675,0.29874213836477986,0.2903225806451613,0.006369426751592357,0.5172413793103449,0.6811145510835913,0.6205787781350482,0.6018808777429467,0.2920353982300885,0.6296296296296297,0.3072100313479624,0.3065015479876161,0.27217125382262997,0.30625,0.32051282051282054,0.2962962962962963,0.31210191082802546,0.006042296072507553,0.22903225806451613,0.28,0.0,0.23692307692307693,0.048484848484848485,0.2953216374269006,0.56656346749226,0.4891640866873065,0.0729483282674772,0.3065015479876161,0.8067484662576687,0.009708737864077669,0.25227963525835867,0.9785932721712538,0.3259493670886076,0.12158054711246201,0.6798780487804879,0.2981366459627329,0.9792284866468842,0.0031847133757961785,0.7057057057057057,0.0,0.9003115264797508,0.3046153846153846,0.9876923076923076,0.0,0.3323262839879154,0.7346278317152104,0.05555555555555555,0.3042168674698795,0.896551724137931,0.746875,0.3291139240506329,0.025974025974025976,0.1620795107033639,0.0,0.0375,0.8369230769230769,0.697452229299363,0.7250755287009063,0.7432835820895523,0.7229299363057324,0.9400630914826499,0.6200607902735562,0.2932098765432099,0.26498422712933756,0.0,0.6172839506172839,0.7018633540372671,0.006389776357827476,0.2267080745341615,0.9622641509433962,0.33436532507739936,0.2961783439490446,0.04776119402985075,0.2996845425867508,0.3146417445482866,0.29357798165137616,0.09657320872274143,0.23174603174603176,0.28353658536585363,0.28115015974440893,0.06172839506172839,0.07142857142857142,0.310126582278481,0.6297376093294461,0.3149847094801223,0.2765957446808511,0.2899022801302932,0.0031746031746031746,0.2085889570552147,0.4258064516129032,0.2878787878787879,0.28792569659442724,0.6625,0.6257861635220126,0.6521739130434783,0.6170886075949367,0.08385093167701864,0.7303030303030303,0.48580441640378547,0.14838709677419354,0.0,0.9968944099378882,0.7104477611940299,0.2993827160493827,0.1619047619047619,0.7391304347826086,0.2888198757763975,0.311178247734139,0.8053892215568862,0.6075949367088608,0.3009118541033435,0.9389067524115756,0.009287925696594427,0.12538226299694188,0.30153846153846153,0.09119496855345911,0.26865671641791045,0.009584664536741214,0.027607361963190184,0.9559748427672956,0.05521472392638037,0.3170731707317073,0.310126582278481,0.9907120743034056,0.9670658682634731,0.3270440251572327,0.8434504792332268,0.3167701863354037,0.9285714285714286,0.32298136645962733,0.7203947368421053,0.33121019108280253,0.7313432835820896,0.6978851963746223,0.9811320754716981,0.09404388714733543,0.0058309037900874635,0.2964071856287425,0.2978723404255319,0.3159509202453988,0.3042071197411003,0.09003215434083602,0.078125,0.00964630225080386,0.6835443037974683,0.7033639143730887,0.328125,0.06521739130434782,0.303951367781155,0.7044776119402985,0.6904024767801857,0.28703703703703703,0.3042168674698795,0.25825825825825827,0.13793103448275862,0.30903790087463556,0.6253687315634219,0.6686746987951807,0.5216049382716049,1.0,0.22916666666666666,0.4674922600619195,0.7203647416413373,0.30246913580246915,0.3079268292682927,0.2639751552795031,0.7064220183486238,0.15151515151515152,0.42857142857142855,0.00906344410876133
O1013_Batch2,0.2772585669781931,0.2915451895043732,0.4049079754601227,0.09763313609467456,0.27627627627627627,0.22522522522522523,0.6366366366366366,0.2917933130699088,0.10787172011661808,0.9749216300940439,0.6511627906976745,0.5405405405405406,0.3164179104477612,0.9940652818991098,0.23148148148148148,0.7598784194528876,0.6265432098765432,0.1317365269461078,0.4634146341463415,0.30606060606060603,0.0,0.4622356495468278,0.16566265060240964,0.1761006289308176,0.14634146341463414,0.6040462427745664,0.10479041916167664,0.29573170731707316,0.2808641975308642,0.2536873156342183,0.29754601226993865,0.27627627627627627,0.29518072289156627,0.2639751552795031,0.6173913043478261,0.9906832298136646,0.30029154518950435,0.0,0.993993993993994,0.7543859649122807,0.28328611898017,0.20930232558139536,0.4447852760736196,0.6430678466076696,0.2996941896024465,0.12835820895522387,0.668769716088328,0.3373134328358209,0.2287390029325513,0.4074074074074074,0.093841642228739,0.08849557522123894,0.9166666666666666,0.22318840579710145,0.009375,0.2175226586102719,0.0,0.256797583081571,0.27710843373493976,0.24550898203592814,0.0,0.25722543352601157,0.24610591900311526,0.03323262839879154,0.2668621700879765,0.20241691842900303,0.09785932721712538,0.27627627627627627,0.6403785488958991,0.09009009009009009,0.0,0.03951367781155015,0.2391304347826087,0.23974763406940064,0.24269005847953215,0.15561959654178675,0.2123076923076923,0.24074074074074073,0.14411764705882352,0.2865671641791045,0.28134556574923547,0.0,0.23952095808383234,0.24464831804281345,0.6030769230769231,0.9815950920245399,0.24624624624624625,0.3829787234042553,0.24610591900311526,0.04411764705882353,0.28700906344410876,0.29376854599406527,0.29673590504451036,0.26461538461538464,0.99079754601227,0.26843657817109146,0.2607361963190184,0.07317073170731707,0.7469879518072289,0.2803738317757009,0.14730878186968838,0.2809667673716012,0.27794561933534745,0.3116883116883117,0.603030303030303,0.9821428571428571,0.1238390092879257,0.2994011976047904,0.2844311377245509,0.16566265060240964,0.1712538226299694,0.17522658610271905,0.2791411042944785,0.6816816816816816,0.2359882005899705,0.49393939393939396,0.5139318885448917,0.0,0.23867069486404835,0.2323529411764706,0.3069908814589666,0.5559006211180124,0.23652694610778444,0.13095238095238096,0.2743362831858407,0.42151162790697677,0.14153846153846153,0.2831858407079646,0.2484472049689441,0.5885885885885885,0.56,0.2976190476190476,0.08157099697885196,0.4424778761061947,0.6048632218844985,0.5632530120481928,0.2746268656716418,0.04878048780487805,0.2874251497005988,0.9237804878048781,0.2326283987915408,0.25146198830409355,0.3474320241691843,0.1656441717791411,0.30120481927710846,0.2476489028213166,0.29819277108433734,0.23824451410658307,0.27469135802469136,0.24107142857142858,0.49117647058823527,0.24539877300613497,0.08615384615384615,0.6090651558073654,0.2781065088757396,0.2930513595166163,0.4896142433234421,0.2902208201892745,0.8338557993730408,0.062111801242236024,0.6338461538461538,0.08895705521472393,0.24550898203592814,0.28615384615384615,0.07530120481927711,0.30523255813953487,0.23214285714285715,0.10876132930513595,0.2972972972972973,0.26409495548961426,0.27873563218390807,0.06990881458966565,0.24411764705882352,0.14492753623188406,0.10355029585798817,0.42729970326409494,0.22916666666666666,1.0,0.6445783132530121,0.4881656804733728,0.2966360856269113,0.3009118541033435,0.286144578313253,0.22255192878338279,0.8840579710144928,0.1524390243902439,0.6479289940828402
O8204_Batch2,0.17405063291139242,0.1676829268292683,0.6677115987460815,0.08385093167701864,0.18553459119496854,0.4461538461538462,0.43343653250773995,0.16875,0.05757575757575758,0.6440129449838188,0.41389728096676737,0.5938461538461538,0.16666666666666666,0.636085626911315,0.5111821086261981,0.42724458204334365,0.4106583072100313,0.38181818181818183,0.2770700636942675,0.18037974683544303,0.0032679738562091504,0.7056962025316456,0.48632218844984804,0.4772727272727273,0.42724458204334365,0.37202380952380953,0.41358024691358025,0.18042813455657492,0.16932907348242812,0.14506172839506173,0.16923076923076924,0.16927899686520376,0.16408668730650156,0.16878980891719744,0.39520958083832336,0.6666666666666666,0.19937694704049844,0.003215434083601286,0.6486486486486487,0.43613707165109034,0.1804733727810651,0.4845679012345679,0.7258064516129032,0.45808383233532934,0.16927899686520376,0.4049079754601227,0.43870967741935485,0.18181818181818182,0.5090361445783133,0.25625,0.08333333333333333,0.39628482972136225,0.6591639871382636,0.4420731707317073,0.00641025641025641,0.3125,0.003067484662576687,0.4174454828660436,0.1786833855799373,0.49230769230769234,0.0,0.18711656441717792,0.3181818181818182,0.03058103975535168,0.1510574018126888,0.4525993883792049,0.4200626959247649,0.16932907348242812,0.4318936877076412,0.07886435331230283,0.0031446540880503146,0.02735562310030395,0.3987538940809969,0.31210191082802546,0.33126934984520123,0.5180722891566265,0.3173076923076923,0.4935897435897436,0.46546546546546547,0.17445482866043613,0.15654952076677317,0.003067484662576687,0.3028391167192429,0.3157894736842105,0.39747634069400634,0.6677215189873418,0.4838709677419355,0.2626582278481013,0.1518987341772152,0.02654867256637168,0.17133956386292834,0.17956656346749225,0.1882716049382716,0.2689873417721519,0.625,0.1606060606060606,0.18037974683544303,0.043343653250773995,0.4177215189873418,0.16772151898734178,0.4298507462686567,0.17721518987341772,0.16615384615384615,0.17905405405405406,0.4110032362459547,0.6292834890965732,0.36908517350157727,0.15853658536585366,0.17981072555205047,0.4797507788161994,0.484472049689441,0.4660493827160494,0.29780564263322884,0.4888888888888889,0.3353846153846154,0.7661538461538462,0.24509803921568626,0.0033444816053511705,0.4827586206896552,0.3005952380952381,0.15654952076677317,0.27564102564102566,0.3364485981308411,0.1962025316455696,0.16408668730650156,0.4909090909090909,0.45794392523364486,0.18072289156626506,0.4472843450479233,0.36908517350157727,0.26006191950464397,0.17933130699088146,0.040625,0.26253687315634217,0.4,0.43217665615141954,0.5,0.03353658536585366,0.17522658610271905,0.6802507836990596,0.47368421052631576,0.4984709480122324,0.21604938271604937,0.4479495268138801,0.17133956386292834,0.4129032258064516,0.18238993710691823,0.3354632587859425,0.16718266253869968,0.32934131736526945,0.47575757575757577,0.4554140127388535,0.050793650793650794,0.38372093023255816,0.1798780487804878,0.18322981366459629,0.294478527607362,0.1779935275080906,0.48220064724919093,0.028938906752411574,0.3948220064724919,0.3924050632911392,0.3261538461538461,0.18269230769230768,0.03048780487804878,0.17325227963525835,0.3146417445482866,0.4143302180685358,0.1962025316455696,0.17210682492581603,0.17159763313609466,0.06687898089171974,0.15501519756838905,0.46511627906976744,0.39090909090909093,0.6873065015479877,0.4674922600619195,0.6445783132530121,1.0,0.5075075075075075,0.16666666666666666,0.16770186335403728,0.167192429022082,0.3220858895705521,0.5134328358208955,0.3860759493670886,0.4303030303030303
O8211_Batch2,0.3949843260188088,0.4166666666666667,0.43788819875776397,0.18840579710144928,0.4036697247706422,0.7112462006079028,0.16265060240963855,0.40762463343108507,0.18023255813953487,0.534375,0.1686046511627907,0.3125,0.4084084084084084,0.47305389221556887,0.7155963302752294,0.42342342342342343,0.14906832298136646,0.35398230088495575,0.45768025078369906,0.4043887147335423,0.0030959752321981426,0.4427710843373494,0.46546546546546547,0.42990654205607476,0.4133738601823708,0.49266862170087977,0.4084084084084084,0.43373493975903615,0.40307692307692305,0.3727810650887574,0.41317365269461076,0.4090909090909091,0.42153846153846153,0.4241486068111455,0.17058823529411765,0.490625,0.408955223880597,0.0,0.48214285714285715,0.2696969696969697,0.414985590778098,0.4252199413489736,0.43653250773993807,0.2099125364431487,0.43465045592705165,0.5416666666666666,0.167192429022082,0.3772455089820359,0.6754385964912281,0.48493975903614456,0.18507462686567164,0.42857142857142855,0.5792682926829268,0.718475073313783,0.0031446540880503146,0.606508875739645,0.0,0.7286585365853658,0.4036144578313253,0.7155963302752294,0.0,0.4059701492537313,0.6561514195583596,0.07079646017699115,0.4154727793696275,0.6706586826347305,0.4622356495468278,0.43343653250773995,0.17363344051446947,0.20783132530120482,0.0,0.06606606606606606,0.6728395061728395,0.6125,0.6261127596439169,0.47564469914040114,0.6346749226006192,0.7507692307692307,0.4066265060240964,0.3940298507462687,0.3710691823899371,0.0,0.5306122448979592,0.6190476190476191,0.15123456790123457,0.48923076923076925,0.7174603174603175,0.5,0.42024539877300615,0.06997084548104957,0.39384615384615385,0.42168674698795183,0.41055718475073316,0.15709969788519637,0.49074074074074076,0.39296187683284456,0.40181268882175225,0.12158054711246201,0.2932098765432099,0.403125,0.42450142450142453,0.41358024691358025,0.39759036144578314,0.40836012861736337,0.16615384615384615,0.47147147147147145,0.2948328267477204,0.4117647058823529,0.4166666666666667,0.4420731707317073,0.42153846153846153,0.4427710843373494,0.5846153846153846,0.25609756097560976,0.6366366366366366,0.4603658536585366,0.32507739938080493,0.0,0.7116564417177914,0.6246418338108882,0.4174454828660436,0.35276073619631904,0.6385542168674698,0.25757575757575757,0.4277286135693215,0.8742857142857143,0.422360248447205,0.4088235294117647,0.7178683385579937,0.1441717791411043,0.3123123123123123,0.39457831325301207,0.13677811550151975,0.40828402366863903,0.14506172839506173,0.15315315315315314,0.7396449704142012,0.08787878787878788,0.4174174174174174,0.601823708206687,0.7325227963525835,0.7559523809523809,0.45896656534954405,0.5548780487804879,0.42771084337349397,0.765625,0.42201834862385323,0.6069182389937107,0.4146341463414634,0.650887573964497,0.9940652818991098,0.7236024844720497,0.14330218068535824,0.1601123595505618,0.4064327485380117,0.4259818731117825,0.45722713864306785,0.4254658385093168,0.27070063694267515,0.12462006079027356,0.165625,0.4506172839506173,0.6066066066066066,0.43465045592705165,0.10882352941176471,0.40406976744186046,0.6174698795180723,0.4451219512195122,0.3932926829268293,0.39941690962099125,0.36127167630057805,0.15170278637770898,0.4088235294117647,0.42528735632183906,0.4255952380952381,0.4550898203592814,0.7203647416413373,0.4881656804733728,0.5075075075075075,1.0,0.41515151515151516,0.4090909090909091,0.3939393939393939,0.6234939759036144,0.40816326530612246,0.3169230769230769,0.16231884057971013
O8221_Batch2,1.0,1.0,0.035830618892508145,0.3993808049535604,1.0,0.328125,0.025477707006369428,1.0,0.4744744744744745,0.34516129032258064,0.030211480362537766,0.018808777429467086,1.0,0.3333333333333333,0.27672955974842767,0.4517133956386293,0.029411764705882353,0.0,0.8366013071895425,0.9936102236421726,0.010101010101010102,0.04854368932038835,0.021806853582554516,0.00967741935483871,0.0,0.7202380952380952,0.0,0.9558359621451105,1.0,0.8734567901234568,0.9968847352024922,0.9935483870967742,1.0,0.9361022364217252,0.02710843373493976,0.32038834951456313,0.9506172839506173,0.0,0.31875,0.24367088607594936,0.9636363636363636,0.0,0.04234527687296417,0.024615384615384615,1.0,0.10725552050473186,0.05351170568561873,0.910828025477707,0.25076452599388377,0.8801261829652997,0.3931888544891641,0.0,0.3973941368078176,0.3058103975535168,0.012944983818770227,0.6132075471698113,0.0,0.41830065359477125,1.0,0.31230283911671924,0.006711409395973154,0.9473684210526315,0.6233766233766234,0.09404388714733543,0.9212121212121213,0.25617283950617287,0.0,0.9838709677419355,0.09446254071661238,0.44375,0.0,0.15987460815047022,0.44339622641509435,0.6401273885350318,0.628482972136223,0.07575757575757576,0.6233333333333333,0.3542319749216301,0.0,1.0,1.0,0.0,0.7314814814814815,0.6455696202531646,0.026058631921824105,0.27358490566037735,0.3311897106109325,0.9,0.9153094462540716,0.20121951219512196,0.9935897435897436,1.0,1.0,0.022508038585209004,0.3546325878594249,1.0,0.9579288025889967,0.2777777777777778,0.2829581993569132,1.0,0.0030120481927710845,1.0,1.0,0.9966555183946488,0.025889967637540454,0.3353846153846154,0.00949367088607595,0.9969230769230769,1.0,0.015432098765432098,0.012698412698412698,0.018633540372670808,0.7115384615384616,0.04430379746835443,0.6125,0.04430379746835443,0.5870967741935483,0.0,0.28846153846153844,0.6203703703703703,0.9777070063694268,0.5828025477707006,0.6006191950464397,0.30063291139240506,0.9420731707317073,0.3261538461538461,0.0,0.9815950920245399,0.40384615384615385,0.02903225806451613,0.50625,1.0,0.3474025974025974,0.84,0.03470031545741325,0.009375,0.28792569659442724,0.23052959501557632,1.0,0.3438485804416404,0.28115015974440893,0.2932098765432099,0.9320388349514563,0.1178343949044586,0.984472049689441,0.369281045751634,1.0,0.6426229508196721,0.9967741935483871,0.616822429906542,0.43312101910828027,0.3173076923076923,0.39933993399339934,0.02359882005899705,0.9878048780487805,0.9622641509433962,0.8125,1.0,0.23300970873786409,0.28938906752411575,0.03536977491961415,0.0,0.5875,0.9611650485436893,0.296875,1.0,0.6069182389937107,0.0,1.0,0.9817073170731707,0.9602446483180428,0.23809523809523808,0.9283489096573209,0.0,0.0,0.04126984126984127,0.30246913580246915,0.2966360856269113,0.16666666666666666,0.41515151515151516,1.0,0.9968051118210862,0.9595015576323987,0.6273291925465838,0.3353658536585366,0.009554140127388535,0.03067484662576687
O8233_Batch2,0.9967741935483871,0.9969788519637462,0.03896103896103896,0.44954128440366975,0.996875,0.31962025316455694,0.021806853582554516,0.9968553459119497,0.4954682779456193,0.33774834437086093,0.023809523809523808,0.01892744479495268,1.0,0.3146417445482866,0.28938906752411575,0.44025157232704404,0.01910828025477707,0.0,0.8290322580645161,0.9904761904761905,0.00949367088607595,0.05625,0.03785488958990536,0.006622516556291391,0.0,0.7104477611940299,0.0031645569620253164,0.9652996845425867,0.9968454258675079,0.9003115264797508,0.99375,0.990506329113924,0.9968253968253968,0.9354838709677419,0.021021021021021023,0.3059210526315789,0.9561128526645768,0.0,0.3055555555555556,0.23123123123123124,0.9667673716012085,0.0,0.04501607717041801,0.01818181818181818,0.9967948717948718,0.10802469135802469,0.041935483870967745,0.9059561128526645,0.2696969696969697,0.884375,0.4254658385093168,0.003105590062111801,0.3785488958990536,0.2988165680473373,0.01929260450160772,0.615625,0.0,0.4,0.9968253968253968,0.30246913580246915,0.006389776357827476,0.9544072948328267,0.6,0.08125,0.9191616766467066,0.26875,0.0031645569620253164,0.9811320754716981,0.08361204013377926,0.4676923076923077,0.0,0.1829652996845426,0.43613707165109034,0.6237942122186495,0.6137071651090342,0.08734939759036145,0.6025641025641025,0.35782747603833864,0.0,0.9969325153374233,0.9968152866242038,0.0,0.7107692307692308,0.6175548589341693,0.01592356687898089,0.265625,0.32371794871794873,0.889589905362776,0.9240924092409241,0.23867069486404835,0.9936908517350158,0.9969040247678018,0.9969418960244648,0.02875399361022364,0.33544303797468356,0.9969040247678018,0.954983922829582,0.309375,0.2610062893081761,1.0,0.0058823529411764705,0.9968652037617555,0.9968354430379747,0.9966887417218543,0.01592356687898089,0.3166144200626959,0.019543973941368076,0.9938461538461538,0.9968152866242038,0.0219435736677116,0.02564102564102564,0.02531645569620253,0.7206349206349206,0.04416403785488959,0.590625,0.05379746835443038,0.5895765472312704,0.0,0.2848101265822785,0.5957446808510638,0.9746835443037974,0.5660377358490566,0.575,0.346875,0.9446153846153846,0.32228915662650603,0.0032258064516129032,0.9786585365853658,0.3883495145631068,0.0189873417721519,0.48427672955974843,0.9969325153374233,0.3742138364779874,0.8498498498498499,0.025396825396825397,0.009375,0.27414330218068533,0.25766871165644173,0.9969325153374233,0.321875,0.2932098765432099,0.290519877675841,0.95,0.13125,0.9811320754716981,0.36942675159235666,0.996875,0.6091205211726385,0.9967948717948718,0.6030769230769231,0.4307692307692308,0.30670926517571884,0.4158730158730159,0.01764705882352941,0.9848942598187311,0.9541284403669725,0.804953560371517,0.9967105263157895,0.19614147909967847,0.31347962382445144,0.026058631921824105,0.003194888178913738,0.5727554179566563,0.9646302250803859,0.309375,1.0,0.5921450151057401,0.0,0.9968652037617555,0.990990990990991,0.9491017964071856,0.26666666666666666,0.9283582089552239,0.0029850746268656717,0.0,0.03715170278637771,0.3079268292682927,0.3009118541033435,0.16770186335403728,0.4090909090909091,0.9968051118210862,1.0,0.959375,0.601823708206687,0.32732732732732733,0.012658227848101266,0.024390243902439025
O8244_Batch2,0.9660493827160493,0.9578313253012049,0.0380952380952381,0.4457831325301205,0.959375,0.2848297213622291,0.03125,0.9661538461538461,0.4940119760479042,0.32786885245901637,0.03235294117647059,0.030395136778115502,0.9601226993865031,0.303125,0.24761904761904763,0.468944099378882,0.03514376996805112,0.0030581039755351682,0.8483870967741935,0.9598765432098766,0.025806451612903226,0.06501547987616099,0.036923076923076927,0.00964630225080386,0.0031446540880503146,0.7315634218289085,0.006191950464396285,0.95,0.9747634069400631,0.8619631901840491,0.9577039274924471,0.9528301886792453,0.9584664536741214,0.967741935483871,0.027190332326283987,0.30448717948717946,0.9814814814814815,0.012779552715654952,0.2932098765432099,0.2560240963855422,0.9909365558912386,0.0030120481927710845,0.0440251572327044,0.024390243902439025,0.9596273291925466,0.10303030303030303,0.05128205128205128,0.875,0.24096385542168675,0.8871473354231975,0.43636363636363634,0.006006006006006006,0.39308176100628933,0.2647058823529412,0.025806451612903226,0.5661538461538461,0.021341463414634148,0.3722397476340694,0.9595015576323987,0.2774390243902439,0.022950819672131147,0.9057750759878419,0.5709677419354838,0.09202453987730061,0.927710843373494,0.24148606811145512,0.006172839506172839,0.9462025316455697,0.09294871794871795,0.49226006191950467,0.01929260450160772,0.20679012345679013,0.3956386292834891,0.5852090032154341,0.573170731707317,0.07058823529411765,0.5548387096774193,0.32075471698113206,0.003067484662576687,0.9654088050314465,0.954983922829582,0.021148036253776436,0.6728395061728395,0.5893416927899686,0.025477707006369428,0.2610062893081761,0.290625,0.871875,0.95625,0.2620481927710843,0.96875,0.9663608562691132,0.960960960960961,0.05345911949685535,0.3258785942492013,0.9665653495440729,0.9780564263322884,0.3333333333333333,0.27639751552795033,0.9743589743589743,0.0058309037900874635,0.9559748427672956,0.9591194968553459,0.9514563106796117,0.022435897435897436,0.31901840490797545,0.018575851393188854,0.96,0.9621451104100947,0.024922118380062305,0.025,0.02786377708978328,0.6793650793650794,0.05362776025236593,0.5524691358024691,0.05828220858895705,0.5579937304075235,0.013114754098360656,0.2413793103448276,0.5565476190476191,0.9573170731707317,0.5723270440251572,0.5429447852760736,0.340625,0.9571865443425076,0.30409356725146197,0.0,0.9696969696969697,0.36156351791530944,0.027522935779816515,0.4646153846153846,0.9606060606060606,0.4024767801857585,0.8256880733944955,0.030959752321981424,0.024539877300613498,0.24,0.2808641975308642,0.9662576687116564,0.3220858895705521,0.24615384615384617,0.26112759643916916,0.9113149847094801,0.1320754716981132,0.9565217391304348,0.3471337579617834,0.9627329192546584,0.5566037735849056,0.9642857142857143,0.5649546827794562,0.4146341463414634,0.2721518987341772,0.43260188087774293,0.02023121387283237,0.9760479041916168,0.9968652037617555,0.8368580060422961,0.9584664536741214,0.2126984126984127,0.3471337579617834,0.03164556962025317,0.006329113924050633,0.5386904761904762,0.9371069182389937,0.3438485804416404,0.9696048632218845,0.5498489425981873,0.006211180124223602,0.9597523219814241,0.9454545454545454,1.0,0.28253968253968254,0.9580838323353293,0.0029850746268656717,0.0,0.04984423676012461,0.2639751552795031,0.286144578313253,0.167192429022082,0.3939393939393939,0.9595015576323987,0.959375,1.0,0.5740181268882175,0.33636363636363636,0.015822784810126583,0.036036036036036036
O8273_Batch2,0.6273291925465838,0.5970149253731343,0.240625,0.2598187311178248,0.6114457831325302,0.7407407407407407,0.0030581039755351682,0.6,0.2631578947368421,0.25471698113207547,0.0,0.14329268292682926,0.5787878787878787,0.23867069486404835,0.6896551724137931,0.29906542056074764,0.0,0.3201219512195122,0.5425867507886435,0.6049382716049383,0.006349206349206349,0.2606060606060606,0.3871951219512195,0.31189710610932475,0.3037974683544304,0.48656716417910445,0.3076923076923077,0.5771604938271605,0.5987460815047022,0.5137614678899083,0.6012084592145015,0.5873015873015873,0.6088328075709779,0.6055900621118012,0.0,0.225,0.5575757575757576,0.0,0.2392638036809816,0.13432835820895522,0.584070796460177,0.29819277108433734,0.25471698113207547,0.021148036253776436,0.6196319018404908,0.484472049689441,0.006309148264984227,0.5462962962962963,0.662613981762918,0.5792682926829268,0.22865853658536586,0.3816568047337278,0.3202416918429003,0.7069486404833837,0.006269592476489028,1.0,0.0,0.8173374613003096,0.6042944785276073,0.7012195121951219,0.003215434083601286,0.6666666666666666,1.0,0.08695652173913043,0.6169590643274854,0.6737804878048781,0.45652173913043476,0.6234567901234568,0.025477707006369428,0.2966360856269113,0.0,0.06853582554517133,0.8184615384615385,1.0,0.9938837920489296,0.47305389221556887,1.0,0.7476635514018691,0.33433734939759036,0.601823708206687,0.5682539682539682,0.0,0.9212121212121213,0.9849397590361446,0.0,0.21069182389937108,0.6990595611285266,0.6042296072507553,0.5925925925925926,0.09880239520958084,0.5943396226415094,0.6288343558282209,0.593939393939394,0.078125,0.2608695652173913,0.6054216867469879,0.5854430379746836,0.14153846153846153,0.18012422360248448,0.6222222222222222,0.3323353293413174,0.6170212765957447,0.5869565217391305,0.6185897435897436,0.0,0.22699386503067484,0.246875,0.5920245398773006,0.5932721712538226,0.34662576687116564,0.3597560975609756,0.3525835866261398,0.9142857142857143,0.025078369905956112,0.9815384615384616,0.2375,0.3553459119496855,0.0,0.6677115987460815,0.9940476190476191,0.6092307692307692,0.3281733746130031,0.9907120743034056,0.35625,0.6295180722891566,0.5863095238095238,0.3282674772036474,0.6200607902735562,0.792332268370607,0.0,0.2755417956656347,0.6067073170731707,0.18674698795180722,0.5196374622356495,0.0,0.009404388714733543,0.6510903426791277,0.10903426791277258,0.6114457831325302,0.296875,0.6984615384615385,0.6627218934911243,0.6030769230769231,0.5109034267912772,0.6139817629179332,0.7333333333333333,0.6196319018404908,0.9902912621359223,0.6317460317460317,0.9878787878787879,0.6280487804878049,0.7278481012658228,0.19814241486068113,0.0,0.6126126126126126,0.5913312693498453,0.5272727272727272,0.6369426751592356,0.1492063492063492,0.14860681114551083,0.003076923076923077,0.3836477987421384,0.8466257668711656,0.632258064516129,0.15692307692307692,0.6101190476190477,0.9939024390243902,0.38769230769230767,0.5925925925925926,0.6234939759036144,0.5689149560117303,0.18670886075949367,0.5885885885885885,0.31976744186046513,0.3652694610778443,0.24610591900311526,0.7064220183486238,0.22255192878338279,0.3220858895705521,0.6234939759036144,0.6273291925465838,0.601823708206687,0.5740181268882175,1.0,0.20658682634730538,0.26517571884984026,0.0
O9161_Batch2,0.2948328267477204,0.311046511627907,0.31626506024096385,0.10294117647058823,0.311178247734139,0.15976331360946747,0.6686390532544378,0.31736526946107785,0.1246376811594203,0.8620689655172413,0.686046511627907,0.48502994011976047,0.34124629080118696,0.9029411764705882,0.14242424242424243,0.8541666666666666,0.6818181818181818,0.08708708708708708,0.46153846153846156,0.33433734939759036,0.0,0.3532934131736527,0.08630952380952381,0.0877742946708464,0.06748466257668712,0.6045845272206304,0.03283582089552239,0.3056379821958457,0.331306990881459,0.3047337278106509,0.32326283987915405,0.31212121212121213,0.3312883435582822,0.2962962962962963,0.6822157434402333,0.875,0.3373134328358209,0.0,0.8948948948948949,0.8991097922848664,0.3037249283667622,0.15568862275449102,0.36363636363636365,0.6355685131195336,0.345565749235474,0.06646525679758308,0.7075471698113207,0.3798219584569733,0.14285714285714285,0.403030303030303,0.10355029585798817,0.029411764705882353,0.8179012345679012,0.12931034482758622,0.01238390092879257,0.21068249258160238,0.0029498525073746312,0.18153846153846154,0.3076923076923077,0.1632047477744807,0.003125,0.2727272727272727,0.22327044025157233,0.03939393939393939,0.29394812680115273,0.10030395136778116,0.030303030303030304,0.2948328267477204,0.6869009584664537,0.0990990990990991,0.0030211480362537764,0.0391566265060241,0.20795107033639143,0.22324159021406728,0.2261904761904762,0.06628242074927954,0.18711656441717792,0.15757575757575756,0.06432748538011696,0.31952662721893493,0.32087227414330216,0.0029585798816568047,0.23652694610778444,0.2222222222222222,0.6523076923076923,0.8691588785046729,0.16718266253869968,0.39221556886227543,0.290519877675841,0.06376811594202898,0.3263473053892216,0.31044776119402984,0.32238805970149254,0.29012345679012347,0.899390243902439,0.3106508875739645,0.3212121212121212,0.08433734939759036,0.8388059701492537,0.30434782608695654,0.07062146892655367,0.3180428134556575,0.30606060606060603,0.3504823151125402,0.6554878048780488,0.9166666666666666,0.06811145510835913,0.32926829268292684,0.29518072289156627,0.07076923076923076,0.08708708708708708,0.08333333333333333,0.2674772036474164,0.6798780487804879,0.19822485207100593,0.38023952095808383,0.596875,0.003194888178913738,0.1437308868501529,0.2180232558139535,0.33126934984520123,0.690625,0.21791044776119403,0.10030395136778116,0.2988165680473373,0.3536231884057971,0.06461538461538462,0.3088235294117647,0.17484662576687116,0.647239263803681,0.6475903614457831,0.32558139534883723,0.09253731343283582,0.47701149425287354,0.6594427244582043,0.5868263473053892,0.18731117824773413,0.0634441087613293,0.30538922155688625,0.7987804878048781,0.13056379821958458,0.17251461988304093,0.364741641337386,0.09146341463414634,0.3213213213213213,0.19444444444444445,0.33633633633633636,0.21875,0.3128834355828221,0.21037463976945245,0.4147058823529412,0.15692307692307692,0.12462006079027356,0.6619718309859155,0.3176470588235294,0.32335329341317365,0.5315315315315315,0.3167701863354037,0.8660436137071651,0.08125,0.6820987654320988,0.03353658536585366,0.20648967551622419,0.30275229357798167,0.08358208955223881,0.3284457478005865,0.2072072072072072,0.02735562310030395,0.3143712574850299,0.3029411764705882,0.3153409090909091,0.0804953560371517,0.27988338192419826,0.07670454545454546,0.023529411764705882,0.3123123123123123,0.15151515151515152,0.8840579710144928,0.5134328358208955,0.40816326530612246,0.3353658536585366,0.32732732732732733,0.33636363636363636,0.20658682634730538,1.0,0.10461538461538461,0.6839080459770115
O9242_Batch2,0.009933774834437087,0.00625,0.631578947368421,0.13395638629283488,0.009433962264150943,0.41533546325878595,0.102803738317757,0.012658227848101266,0.08868501529051988,0.1525974025974026,0.09063444108761329,0.3395638629283489,0.009433962264150943,0.14012738853503184,0.44516129032258067,0.07348242811501597,0.07590759075907591,0.915625,0.029508196721311476,0.009554140127388535,0.15845070422535212,0.5631067961165048,0.7402597402597403,0.8006756756756757,0.7913907284768212,0.05504587155963303,0.717948717948718,0.019230769230769232,0.00949367088607595,0.047021943573667714,0.00946372239747634,0.016129032258064516,0.012987012987012988,0.02258064516129032,0.09538461538461539,0.16346153846153846,0.019169329073482427,0.16938110749185667,0.15789473684210525,0.08227848101265822,0.015105740181268883,0.7191358024691358,0.5855263157894737,0.12037037037037036,0.012903225806451613,0.5654952076677316,0.08666666666666667,0.009615384615384616,0.4613003095975232,0.04100946372239748,0.13354037267080746,0.6729559748427673,0.1779935275080906,0.42249240121580545,0.21333333333333335,0.26479750778816197,0.1619047619047619,0.3741935483870968,0.006472491909385114,0.4230769230769231,0.1610738255033557,0.04559270516717325,0.2608695652173913,0.1597444089456869,0.024390243902439025,0.48717948717948717,0.7071651090342679,0.01904761904761905,0.0728476821192053,0.08832807570977919,0.15755627009646303,0.17757009345794392,0.36129032258064514,0.2508250825082508,0.28343949044585987,0.6790123456790124,0.2754098360655738,0.38064516129032255,0.7931034482758621,0.009375,0.009966777408637873,0.175,0.2006269592476489,0.24193548387096775,0.08278145695364239,0.18120805369127516,0.43086816720257237,0.04792332268370607,0.019736842105263157,0.1712538226299694,0.012738853503184714,0.00949367088607595,0.009375,0.4778481012658228,0.14423076923076922,0.003076923076923077,0.019672131147540985,0.1755485893416928,0.07936507936507936,0.012861736334405145,0.7891566265060241,0.012944983818770227,0.0032258064516129032,0.010169491525423728,0.076158940397351,0.1393188854489164,1.0,0.009345794392523364,0.0064516129032258064,0.7877813504823151,0.7806451612903226,0.7827476038338658,0.16987179487179488,0.13268608414239483,0.27531645569620256,0.5619047619047619,0.04304635761589404,0.18243243243243243,0.43934426229508194,0.26875,0.012861736334405145,0.04823151125401929,0.29337539432176657,0.30618892508143325,0.015479876160990712,0.3738601823708207,0.7927631578947368,0.006230529595015576,0.37293729372937295,0.07395498392282958,0.04416403785488959,0.006349206349206349,0.09646302250803858,0.027950310559006212,0.0744336569579288,0.20253164556962025,0.4528301886792453,0.17981072555205047,0.012578616352201259,0.19155844155844157,0.41904761904761906,0.422360248447205,0.034482758620689655,0.5581395348837209,0.015772870662460567,0.3557692307692308,0.01282051282051282,0.2550335570469799,0.013071895424836602,0.270516717325228,0.29523809523809524,0.42443729903536975,0.10631229235880399,0.07418397626112759,0.01557632398753894,0.015723270440251572,0.047021943573667714,0.00974025974025974,0.11221122112211221,0.1423948220064725,0.07666666666666666,0.6721311475409836,0.2701863354037267,0.025396825396825397,0.1550632911392405,0.012232415902140673,0.25625,0.686084142394822,0.012738853503184714,0.01892744479495268,0.01834862385321101,0.23300970873786409,0.021538461538461538,0.793939393939394,0.6878787878787879,0.6031746031746031,0.42857142857142855,0.1524390243902439,0.3860759493670886,0.3169230769230769,0.009554140127388535,0.012658227848101266,0.015822784810126583,0.26517571884984026,0.10461538461538461,1.0,0.09345794392523364
O935_Batch2,0.018461538461538463,0.02318840579710145,0.28,0.008771929824561403,0.021212121212121213,0.0121580547112462,0.9877675840978594,0.02416918429003021,0.002898550724637681,0.6006191950464397,0.9971264367816092,0.6848484848484848,0.02710843373493976,0.6468842729970327,0.012539184952978056,0.5609756097560976,1.0,0.0972644376899696,0.1419753086419753,0.02727272727272727,0.0,0.31722054380664655,0.054878048780487805,0.06172839506172839,0.051829268292682924,0.26666666666666666,0.00911854103343465,0.0182370820668693,0.024024024024024024,0.017699115044247787,0.020958083832335328,0.018404907975460124,0.030959752321981424,0.0243161094224924,0.9941348973607038,0.628125,0.05120481927710843,0.0,0.6350148367952523,0.7731343283582089,0.03519061583577713,0.15522388059701492,0.322884012539185,0.9253731343283582,0.021739130434782608,0.0,0.98125,0.10619469026548672,0.011940298507462687,0.10909090909090909,0.0058997050147492625,0.0,0.5294117647058824,0.0084985835694051,0.0,0.002932551319648094,0.0,0.009287925696594427,0.02416918429003021,0.008982035928143712,0.0,0.020710059171597635,0.003125,0.0,0.011764705882352941,0.00303951367781155,0.0,0.018461538461538463,0.9525316455696202,0.0030120481927710845,0.0,0.0030120481927710845,0.002967359050445104,0.0030959752321981426,0.0030120481927710845,0.017341040462427744,0.0030864197530864196,0.018518518518518517,0.05405405405405406,0.023880597014925373,0.031055900621118012,0.0,0.008875739644970414,0.006042296072507553,0.9969230769230769,0.6358024691358025,0.021671826625386997,0.07761194029850746,0.018691588785046728,0.005865102639296188,0.021148036253776436,0.0182370820668693,0.02735562310030395,0.4420731707317073,0.6269113149847095,0.02694610778443114,0.027950310559006212,0.0061162079510703364,0.7537537537537538,0.01557632398753894,0.04857142857142857,0.018461538461538463,0.018292682926829267,0.02903225806451613,0.9939393939393939,0.6344410876132931,0.04430379746835443,0.020958083832335328,0.021212121212121213,0.043209876543209874,0.07098765432098765,0.06006006006006006,0.0030303030303030303,0.9036144578313253,0.002967359050445104,0.3556231003039514,0.4236760124610592,0.0,0.012195121951219513,0.002932551319648094,0.018575851393188854,0.4236760124610592,0.003003003003003003,0.012232415902140673,0.021212121212121213,0.13256484149855907,0.05555555555555555,0.023809523809523808,0.006289308176100629,0.9969040247678018,0.5209580838323353,0.020833333333333332,0.0,0.1836734693877551,1.0,0.8882175226586103,0.03353658536585366,0.0029940119760479044,0.02694610778443114,0.552870090634441,0.011976047904191617,0.017543859649122806,0.0572289156626506,0.015527950310559006,0.02416918429003021,0.015625,0.020958083832335328,0.0,0.018518518518518517,0.002932551319648094,0.16176470588235295,0.012461059190031152,0.006006006006006006,0.9971590909090909,0.02040816326530612,0.03625377643504532,0.18154761904761904,0.02821316614420063,0.7836990595611285,0.00625,0.9969230769230769,0.0,0.0029940119760479044,0.024464831804281346,0.0029850746268656717,0.028985507246376812,0.002932551319648094,0.0,0.02416918429003021,0.020527859237536656,0.034782608695652174,0.0125,0.02318840579710145,0.059154929577464786,0.0,0.29518072289156627,0.00906344410876133,0.6479289940828402,0.4303030303030303,0.16231884057971013,0.03067484662576687,0.024390243902439025,0.036036036036036036,0.0,0.6839080459770115,0.09345794392523364,1.0
