NPCs,HC_K,resolution,raw_GC_K,GC_to_HC_merge_coverage,all_HC_covered,raw_GC_K_le_2x_HC_K,agreement_n,agreement_fraction,raw_ARI,raw_NMI,merged_ARI,merged_NMI,min_HC_size,max_HC_size,min_HC_consensus_fraction,median_HC_consensus_fraction,eligible
3,4,1.3,7,4,True,True,351,0.9,0.4900600809947441,0.6119890446478904,0.739698624532186,0.6978263314283321,64,139,0.8920863309352518,0.9039446721311475,True
2,4,2.4,11,3,False,False,378,0.9692307692307692,0.2962101508251881,0.5600521823158083,0.9140879470364242,0.860711822726653,1,172,0.0,0.9667151162790697,False
2,4,2.6,12,3,False,False,378,0.9692307692307692,0.27237717319241805,0.5464301827367034,0.9140879470364242,0.860711822726653,1,172,0.0,0.9667151162790697,False
2,4,2.7,12,3,False,False,378,0.9692307692307692,0.27237717319241805,0.5464301827367034,0.9140879470364242,0.860711822726653,1,172,0.0,0.9667151162790697,False
2,4,2.8,12,3,False,False,378,0.9692307692307692,0.27237717319241805,0.5464301827367034,0.9140879470364242,0.860711822726653,1,172,0.0,0.9667151162790697,False
2,4,2.9,13,3,False,False,378,0.9692307692307692,0.2508350141095649,0.5347027335780874,0.9140879470364242,0.860711822726653,1,172,0.0,0.9667151162790697,False
2,4,0.3,5,3,False,True,377,0.9666666666666667,0.59167872561675,0.7054543185531474,0.9124129235597428,0.8625207004776076,1,172,0.0,0.9517441860465117,False
2,4,1.7,11,3,False,False,377,0.9666666666666667,0.29738080917507903,0.5525479371149352,0.9089061185823328,0.851767155097375,1,172,0.0,0.9575581395348838,False
2,4,1.8,11,3,False,False,377,0.9666666666666667,0.29738080917507903,0.5525479371149352,0.9089061185823328,0.851767155097375,1,172,0.0,0.9575581395348838,False
2,4,1.9,11,3,False,False,377,0.9666666666666667,0.29738080917507903,0.5525479371149352,0.9089061185823328,0.851767155097375,1,172,0.0,0.9575581395348838,False
2,4,2.2,11,3,False,False,377,0.9666666666666667,0.2948833695513321,0.5553793821841877,0.907250266295352,0.8501242900461358,1,172,0.0,0.9604651162790697,False
2,4,2.3,11,3,False,False,377,0.9666666666666667,0.29391287304699526,0.5551414388179423,0.907250266295352,0.8501242900461358,1,172,0.0,0.9604651162790697,False
2,4,2.5,12,3,False,False,377,0.9666666666666667,0.26998841196315587,0.5415985464226057,0.907250266295352,0.8501242900461358,1,172,0.0,0.9604651162790697,False
2,4,1.3,9,3,False,False,377,0.9666666666666667,0.33405461124452057,0.5765470964270727,0.9063081065281616,0.8521046840968012,1,172,0.0,0.9638081395348838,False
2,4,1.4,9,3,False,False,377,0.9666666666666667,0.3335303663583802,0.5763277135591597,0.9063081065281616,0.8521046840968012,1,172,0.0,0.9638081395348838,False
2,4,1.5,9,3,False,False,377,0.9666666666666667,0.3335303663583802,0.5763277135591597,0.9063081065281616,0.8521046840968012,1,172,0.0,0.9638081395348838,False
2,4,1.6,9,3,False,False,377,0.9666666666666667,0.3335303663583802,0.5763277135591597,0.9063081065281616,0.8521046840968012,1,172,0.0,0.9638081395348838,False
2,5,2.6,12,4,False,False,376,0.9641025641025641,0.2882919312786278,0.5902146119994927,0.9156578263886714,0.8656661348629078,1,172,0.0,0.9574468085106383,False
2,5,2.7,12,4,False,False,376,0.9641025641025641,0.2882919312786278,0.5902146119994927,0.9156578263886714,0.8656661348629078,1,172,0.0,0.9574468085106383,False
2,5,2.8,12,4,False,False,376,0.9641025641025641,0.2882919312786278,0.5902146119994927,0.9156578263886714,0.8656661348629078,1,172,0.0,0.9574468085106383,False
2,5,2.9,13,4,False,False,376,0.9641025641025641,0.2652574518163787,0.5779824336145131,0.9156578263886714,0.8656661348629078,1,172,0.0,0.9574468085106383,False
2,4,2.0,11,3,False,False,376,0.9641025641025641,0.2919585861170671,0.5481093718390083,0.9004474743177243,0.8418422112681885,1,172,0.0,0.9575581395348838,False
2,4,2.1,11,3,False,False,376,0.9641025641025641,0.2919585861170671,0.5481093718390083,0.9004474743177243,0.8418422112681885,1,172,0.0,0.9575581395348838,False
2,5,2.5,12,4,False,False,375,0.9615384615384616,0.2858086951535522,0.5855801863446652,0.9100326895548512,0.8572423614626471,1,172,0.0,0.9574468085106383,False
2,5,3.0,14,4,False,False,375,0.9615384615384616,0.2420607654147946,0.5643082661489937,0.9013837842612736,0.8550122648645443,1,172,0.0,0.9574468085106383,False
2,4,0.6,6,3,False,True,375,0.9615384615384616,0.5056660134767019,0.6497640110062257,0.8946229208813892,0.8378737202868267,1,172,0.0,0.9517441860465117,False
2,4,3.0,14,3,False,False,375,0.9615384615384616,0.22295847641220576,0.5099459566662913,0.893659808892148,0.8374973463932814,1,172,0.0,0.9579941860465117,False
2,4,0.4,5,3,False,True,375,0.9615384615384616,0.5830954610946592,0.6891286974454253,0.8927966110810658,0.8372127389485278,1,172,0.0,0.9579941860465117,False
2,5,2.4,11,4,False,False,374,0.958974358974359,0.3072698534482957,0.596309648723,0.9116211332067883,0.8548638563907208,1,172,0.0,0.9574468085106383,False
2,4,0.7,6,3,False,True,374,0.958974358974359,0.5018909741558888,0.6447331235988468,0.8880729789664006,0.8294485730847617,1,172,0.0,0.9454941860465116,False
2,4,0.5,6,3,False,True,374,0.958974358974359,0.5025028975748642,0.644055687765597,0.886158091077671,0.8279583249457765,1,172,0.0,0.9517441860465117,False
2,5,1.7,11,4,False,False,373,0.9564102564102565,0.3086424668793724,0.5892361568971222,0.9084300625428255,0.8437125769514601,1,172,0.0,0.9574468085106383,False
2,5,1.8,11,4,False,False,373,0.9564102564102565,0.3086424668793724,0.5892361568971222,0.9084300625428255,0.8437125769514601,1,172,0.0,0.9574468085106383,False
2,5,1.9,11,4,False,False,373,0.9564102564102565,0.3086424668793724,0.5892361568971222,0.9084300625428255,0.8437125769514601,1,172,0.0,0.9574468085106383,False
2,5,2.2,11,4,False,False,373,0.9564102564102565,0.3059252232496677,0.5918538452542553,0.9060637832561762,0.8464850106283218,1,172,0.0,0.9574468085106383,False
2,5,2.3,11,4,False,False,373,0.9564102564102565,0.30488700952804326,0.5916032928426124,0.9060637832561762,0.8464850106283218,1,172,0.0,0.9574468085106383,False
2,5,1.3,9,4,False,True,373,0.9564102564102565,0.34748699146470463,0.6138292900630241,0.904787678516456,0.8434713423522355,1,172,0.0,0.9651162790697675,False
2,5,1.4,9,4,False,True,373,0.9564102564102565,0.34693405195667304,0.6136134496635273,0.904787678516456,0.8434713423522355,1,172,0.0,0.9651162790697675,False
2,5,1.5,9,4,False,True,373,0.9564102564102565,0.34693405195667304,0.6136134496635273,0.904787678516456,0.8434713423522355,1,172,0.0,0.9651162790697675,False
2,5,1.6,9,4,False,True,373,0.9564102564102565,0.34693405195667304,0.6136134496635273,0.904787678516456,0.8434713423522355,1,172,0.0,0.9651162790697675,False
2,4,0.9,7,3,False,True,373,0.9564102564102565,0.4117362544920077,0.6022884582767761,0.8824224709307562,0.8185203551021963,1,172,0.0,0.9359011627906977,False
2,4,1.0,7,3,False,True,373,0.9564102564102565,0.4117362544920077,0.6022884582767761,0.8824224709307562,0.8185203551021963,1,172,0.0,0.9359011627906977,False
2,4,0.8,7,3,False,True,373,0.9564102564102565,0.41103988782742895,0.6020821115514255,0.8823060172747195,0.8192280759621619,1,172,0.0,0.9392441860465117,False
2,4,1.1,8,3,False,True,373,0.9564102564102565,0.3659527314691752,0.5795706342866728,0.8805153253671791,0.8161400777133955,1,172,0.0,0.9388081395348837,False
2,4,1.2,8,3,False,True,373,0.9564102564102565,0.3659527314691752,0.5795706342866728,0.8805153253671791,0.8161400777133955,1,172,0.0,0.9388081395348837,False
2,5,2.0,11,4,False,False,372,0.9538461538461539,0.30288078089013704,0.5848750557635605,0.8997425567623499,0.8349267899281911,1,172,0.0,0.9574468085106383,False
2,5,2.1,11,4,False,False,372,0.9538461538461539,0.30288078089013704,0.5848750557635605,0.8997425567623499,0.8349267899281911,1,172,0.0,0.9574468085106383,False
2,6,2.6,12,5,False,True,371,0.9512820512820512,0.3686987945936091,0.6588665917878548,0.8911922028158203,0.8599375806538375,1,137,0.0,0.9399637143328385,False
2,6,2.7,12,5,False,True,371,0.9512820512820512,0.3686987945936091,0.6588665917878548,0.8911922028158203,0.8599375806538375,1,137,0.0,0.9399637143328385,False
2,6,2.8,12,5,False,True,371,0.9512820512820512,0.3686987945936091,0.6588665917878548,0.8911922028158203,0.8599375806538375,1,137,0.0,0.9399637143328385,False
2,6,2.5,12,5,False,True,370,0.9487179487179487,0.3657770291106488,0.6545463743375465,0.8887341382344394,0.854238041030987,1,137,0.0,0.9399637143328385,False
2,6,2.4,11,5,False,True,369,0.9461538461538461,0.3929186316926325,0.6660944022076443,0.8865499658361533,0.8510251864537123,1,137,0.0,0.9399637143328385,False
2,6,2.9,13,5,False,False,369,0.9461538461538461,0.35267852460426435,0.652558349304135,0.8804892238642169,0.8512242512941036,1,137,0.0,0.9332688588007737,False
2,6,1.7,11,5,False,True,368,0.9435897435897436,0.3949821162329459,0.6597289800996765,0.8868289828786102,0.8429891380943967,1,137,0.0,0.9360877453405905,False
2,6,1.8,11,5,False,True,368,0.9435897435897436,0.3949821162329459,0.6597289800996765,0.8868289828786102,0.8429891380943967,1,137,0.0,0.9360877453405905,False
2,6,1.9,11,5,False,True,368,0.9435897435897436,0.3949821162329459,0.6597289800996765,0.8868289828786102,0.8429891380943967,1,137,0.0,0.9360877453405905,False
2,6,1.3,9,5,False,True,368,0.9435897435897436,0.4433235587471251,0.685699396158522,0.8841815040908296,0.8431439886056371,1,137,0.0,0.9464154359757823,False
2,6,1.4,9,5,False,True,368,0.9435897435897436,0.4426549620790975,0.6854884721843885,0.8841815040908296,0.8431439886056371,1,137,0.0,0.9464154359757823,False
2,6,1.5,9,5,False,True,368,0.9435897435897436,0.4426549620790975,0.6854884721843885,0.8841815040908296,0.8431439886056371,1,137,0.0,0.9464154359757823,False
2,6,1.6,9,5,False,True,368,0.9435897435897436,0.4426549620790975,0.6854884721843885,0.8841815040908296,0.8431439886056371,1,137,0.0,0.9464154359757823,False
2,6,2.2,11,5,False,True,368,0.9435897435897436,0.3914378142945044,0.6619908658806958,0.884166336820738,0.8453771509607879,1,137,0.0,0.9399637143328385,False
2,6,2.3,11,5,False,True,368,0.9435897435897436,0.39013179244685875,0.661717259584349,0.884166336820738,0.8453771509607879,1,137,0.0,0.9399637143328385,False
2,6,3.0,14,5,False,False,368,0.9435897435897436,0.3230078034135033,0.6381811305693567,0.8688817470933947,0.8433015008586381,1,137,0.0,0.9635718891038041,False
3,4,3.0,15,4,True,False,368,0.9435897435897436,0.2768985667622255,0.5653956613257777,0.8657099257917883,0.8087982985790024,64,139,0.890625,0.9322634200332043,False
2,6,2.0,11,5,False,True,367,0.941025641025641,0.38784667081476915,0.655479670156124,0.878408320191326,0.8361036775271906,1,137,0.0,0.9360877453405905,False
2,6,2.1,11,5,False,True,367,0.941025641025641,0.38784667081476915,0.655479670156124,0.878408320191326,0.8361036775271906,1,137,0.0,0.9360877453405905,False
3,5,3.0,15,4,False,False,367,0.941025641025641,0.27502299516931455,0.5643263298664021,0.863881552264255,0.8049579577284875,1,139,0.0,0.90625,False
3,4,2.9,15,4,True,False,367,0.941025641025641,0.2779591343025114,0.564077358101669,0.8621110365881658,0.8037869319619837,64,139,0.890625,0.9245711123408966,False
2,7,1.7,11,6,False,True,366,0.9384615384615385,0.5002092341051075,0.7253869608024253,0.8704610016378612,0.8523914880493249,1,129,0.0,0.9433962264150944,False
2,7,1.8,11,6,False,True,366,0.9384615384615385,0.5002092341051075,0.7253869608024253,0.8704610016378612,0.8523914880493249,1,129,0.0,0.9433962264150944,False
2,7,1.9,11,6,False,True,366,0.9384615384615385,0.5002092341051075,0.7253869608024253,0.8704610016378612,0.8523914880493249,1,129,0.0,0.9433962264150944,False
2,7,2.2,11,6,False,True,366,0.9384615384615385,0.495871607275624,0.7266910543688262,0.869525669940165,0.853991364089192,1,129,0.0,0.9433962264150944,False
2,7,2.4,11,6,False,True,366,0.9384615384615385,0.4953882200197186,0.7252345366651837,0.8670021576824734,0.8510866355602795,1,129,0.0,0.9433962264150944,False
2,7,1.3,9,6,False,True,366,0.9384615384615385,0.5570059074010918,0.7517646832232012,0.8661678260472861,0.8512007078205149,1,129,0.0,0.9433962264150944,False
2,7,1.4,9,6,False,True,366,0.9384615384615385,0.5562257836768589,0.7515580667108157,0.8661678260472861,0.8512007078205149,1,129,0.0,0.9433962264150944,False
2,7,1.5,9,6,False,True,366,0.9384615384615385,0.5562257836768589,0.7515580667108157,0.8661678260472861,0.8512007078205149,1,129,0.0,0.9433962264150944,False
2,7,1.6,9,6,False,True,366,0.9384615384615385,0.5562257836768589,0.7515580667108157,0.8661678260472861,0.8512007078205149,1,129,0.0,0.9433962264150944,False
2,7,2.6,12,6,False,True,366,0.9384615384615385,0.4667227563477008,0.7128611587102727,0.8620509613806219,0.8482164071538395,1,129,0.0,0.9404761904761905,False
2,7,2.7,12,6,False,True,366,0.9384615384615385,0.4667227563477008,0.7128611587102727,0.8620509613806219,0.8482164071538395,1,129,0.0,0.9404761904761905,False
2,7,2.8,12,6,False,True,366,0.9384615384615385,0.4667227563477008,0.7128611587102727,0.8620509613806219,0.8482164071538395,1,129,0.0,0.9404761904761905,False
3,5,2.9,15,4,False,False,366,0.9384615384615385,0.2758329768335594,0.5629045791994005,0.8603449848468645,0.8000046810658427,1,139,0.0,0.890625,False
2,7,2.3,11,6,False,True,365,0.9358974358974359,0.4921097568480326,0.7211293476210673,0.8641735436854886,0.8462238985858676,1,129,0.0,0.9433962264150944,False
2,7,2.0,11,6,False,True,365,0.9358974358974359,0.4916410201815013,0.7205687886280322,0.862583762959082,0.8459976860180584,1,129,0.0,0.9433962264150944,False
2,7,2.1,11,6,False,True,365,0.9358974358974359,0.4916410201815013,0.7205687886280322,0.862583762959082,0.8459976860180584,1,129,0.0,0.9433962264150944,False
2,7,2.5,12,6,False,True,365,0.9358974358974359,0.46326953707011875,0.7088003815477056,0.8591299085136497,0.8433083039636534,1,129,0.0,0.9404761904761905,False
2,7,2.9,13,6,False,True,364,0.9333333333333333,0.44714303492531954,0.7058754714708749,0.8490516711836097,0.8407323720419847,1,129,0.0,0.9404761904761905,False
4,4,2.9,15,3,False,False,364,0.9333333333333333,0.1447961765608474,0.4138835721372154,0.8325561892307798,0.7206808352570974,1,243,0.0,0.8772865853658536,False
6,4,2.9,15,3,False,False,364,0.9333333333333333,0.16607716642668466,0.42230027880995197,0.8078729631458585,0.718136037685685,1,211,0.0,0.8997782705099778,False
2,7,3.0,14,6,False,True,363,0.9307692307692308,0.41091908482253303,0.69124335747504,0.8347956975023593,0.8339371423622395,1,129,0.0,0.9433962264150944,False
3,4,2.7,14,4,True,False,361,0.9256410256410257,0.2983202329095067,0.5609409704941032,0.8328717289422939,0.7716365858746131,64,139,0.8,0.9248206967213115,False
4,6,2.9,15,5,False,False,361,0.9256410256410257,0.2560560662402533,0.5659087918920809,0.8286730149871522,0.7834718772308064,1,191,0.0,0.9302884615384616,False
4,5,2.9,15,4,False,False,361,0.9256410256410257,0.2428429850520356,0.5301080259893278,0.8209000302852801,0.7647839795845214,1,191,0.0,0.9230769230769231,False
4,4,3.0,15,3,False,False,361,0.9256410256410257,0.14070464355335902,0.3996164454652397,0.8098890888903173,0.6937042065998827,1,243,0.0,0.8538490853658536,False
3,5,2.7,14,4,False,False,360,0.9230769230769231,0.2951215635559794,0.5593344857389918,0.8314838025763364,0.768212514907501,1,139,0.0,0.890625,False
4,4,2.5,13,3,False,False,360,0.9230769230769231,0.15043650413279017,0.4098539414134962,0.802409684622719,0.6938066322912445,1,243,0.0,0.8321265243902439,False
4,4,2.8,13,3,False,False,360,0.9230769230769231,0.14952959433909735,0.4043896817661464,0.8021061625141656,0.685306601469724,1,243,0.0,0.8477515243902439,False
4,4,2.0,11,3,False,False,360,0.9230769230769231,0.1749693549136709,0.41535805778227775,0.7833061002740023,0.6874055666564236,1,243,0.0,0.8365091463414633,False
4,4,2.2,12,3,False,False,359,0.9205128205128205,0.161893563393699,0.4028600877355712,0.7844927955864194,0.6710432283495258,1,243,0.0,0.8208841463414633,False
2,8,1.7,11,6,False,True,358,0.9179487179487179,0.47971679069743006,0.7161056337967869,0.8579626783489492,0.8393296204357369,1,129,0.0,0.9290624542928185,False
2,8,1.8,11,6,False,True,358,0.9179487179487179,0.47971679069743006,0.7161056337967869,0.8579626783489492,0.8393296204357369,1,129,0.0,0.9290624542928185,False
2,8,1.9,11,6,False,True,358,0.9179487179487179,0.47971679069743006,0.7161056337967869,0.8579626783489492,0.8393296204357369,1,129,0.0,0.9290624542928185,False
2,8,2.2,11,6,False,True,358,0.9179487179487179,0.47522351617389896,0.7174148895495088,0.8570568292122054,0.8408920939399569,1,129,0.0,0.9329384232850666,False
2,8,2.4,11,6,False,True,358,0.9179487179487179,0.4746954671007075,0.7159855547324685,0.8544958150219546,0.8380433257281061,1,129,0.0,0.9329384232850666,False
2,8,1.3,9,6,False,True,358,0.9179487179487179,0.53721647168007,0.74148931178116,0.8529917554114486,0.8378661257247728,1,129,0.0,0.9290624542928185,False
2,8,1.4,9,6,False,True,358,0.9179487179487179,0.5364210095748555,0.7412868836026753,0.8529917554114486,0.8378661257247728,1,129,0.0,0.9290624542928185,False
2,8,1.5,9,6,False,True,358,0.9179487179487179,0.5364210095748555,0.7412868836026753,0.8529917554114486,0.8378661257247728,1,129,0.0,0.9290624542928185,False
2,8,1.6,9,6,False,True,358,0.9179487179487179,0.5364210095748555,0.7412868836026753,0.8529917554114486,0.8378661257247728,1,129,0.0,0.9290624542928185,False
2,8,2.6,12,6,False,True,358,0.9179487179487179,0.44515643357239587,0.7039623960270958,0.8494733520241825,0.835235818626889,1,129,0.0,0.9314784053156147,False
2,8,2.7,12,6,False,True,358,0.9179487179487179,0.44515643357239587,0.7039623960270958,0.8494733520241825,0.835235818626889,1,129,0.0,0.9314784053156147,False
2,8,2.8,12,6,False,True,358,0.9179487179487179,0.44515643357239587,0.7039623960270958,0.8494733520241825,0.835235818626889,1,129,0.0,0.9314784053156147,False
4,4,2.1,12,3,False,False,358,0.9179487179487179,0.1596772330192331,0.39515944560872374,0.7766973923439232,0.6633735944998868,1,243,0.0,0.8147865853658536,False
2,8,2.3,11,6,False,True,357,0.9153846153846154,0.4713909882908945,0.7119326400842626,0.8516521903482995,0.8332536848350853,1,129,0.0,0.9329384232850666,False
2,8,2.0,11,6,False,True,357,0.9153846153846154,0.47094897729382806,0.711373243587986,0.850036815821729,0.8330348668917043,1,129,0.0,0.9290624542928185,False
2,8,2.1,11,6,False,True,357,0.9153846153846154,0.47094897729382806,0.711373243587986,0.850036815821729,0.8330348668917043,1,129,0.0,0.9290624542928185,False
2,8,2.5,12,6,False,True,357,0.9153846153846154,0.4416725670289609,0.699952697186893,0.8465358039573259,0.8304020755201594,1,129,0.0,0.9314784053156147,False
4,4,2.3,12,3,False,False,357,0.9153846153846154,0.1582489052748641,0.39119779000441246,0.7691408747824164,0.6544428174500495,1,243,0.0,0.8147865853658536,False
4,4,2.4,12,3,False,False,357,0.9153846153846154,0.16017651991665874,0.3944313263962751,0.7594941486173339,0.6564963146726102,1,243,0.0,0.8147865853658536,False
2,9,2.2,11,7,False,True,356,0.9128205128205128,0.5898889743989814,0.7695365547993137,0.8440511031223024,0.8505760547107994,1,88,0.0,0.9433962264150944,False
2,9,2.4,11,7,False,True,356,0.9128205128205128,0.5893496599003503,0.7681349585109549,0.8408579617919808,0.8480222840636036,1,88,0.0,0.9433962264150944,False
2,8,2.9,13,6,False,True,356,0.9128205128205128,0.42481792263205653,0.6972341367557449,0.8363221482043557,0.8278882535702218,1,129,0.0,0.9247835497835497,False
2,9,2.9,13,7,False,True,356,0.9128205128205128,0.5418569600339918,0.757491010014173,0.8347104420891742,0.8507388255488011,1,88,0.0,0.9404761904761905,False
2,9,2.6,12,7,False,True,356,0.9128205128205128,0.5554864111262823,0.7556699595814308,0.8345953557188444,0.8454998030942746,1,88,0.0,0.9404761904761905,False
2,9,2.7,12,7,False,True,356,0.9128205128205128,0.5554864111262823,0.7556699595814308,0.8345953557188444,0.8454998030942746,1,88,0.0,0.9404761904761905,False
2,9,2.8,12,7,False,True,356,0.9128205128205128,0.5554864111262823,0.7556699595814308,0.8345953557188444,0.8454998030942746,1,88,0.0,0.9404761904761905,False
2,9,2.0,11,7,False,True,355,0.9102564102564102,0.5848537489328066,0.7637937702594073,0.837668518318683,0.8437932073659457,1,88,0.0,0.9433962264150944,False
2,9,2.1,11,7,False,True,355,0.9102564102564102,0.5848537489328066,0.7637937702594073,0.837668518318683,0.8437932073659457,1,88,0.0,0.9433962264150944,False
2,9,2.3,11,7,False,True,355,0.9102564102564102,0.585438509580061,0.7642917887577223,0.8374007834463508,0.8437425685817779,1,88,0.0,0.9433962264150944,False
2,9,2.5,12,7,False,True,355,0.9102564102564102,0.5513469802359409,0.7518618630073499,0.8310185860623949,0.8411796912734671,1,88,0.0,0.9404761904761905,False
2,9,3.0,14,7,False,True,355,0.9102564102564102,0.5258775634287427,0.7525403966692907,0.8234922806956674,0.8454488100591481,1,88,0.0,0.9433962264150944,False
2,8,3.0,14,6,False,True,355,0.9102564102564102,0.4106751501656186,0.6932085012913143,0.8218656345583109,0.8212334813636841,1,129,0.0,0.9419362084456424,False
4,4,1.8,9,3,False,False,355,0.9102564102564102,0.19787348913791525,0.4131224292965112,0.7462513022884091,0.6497708455144247,1,243,0.0,0.8365091463414633,False
6,4,3.0,15,3,False,False,355,0.9102564102564102,0.1614318454841162,0.40762781128041203,0.7460675220837004,0.6563456687489272,1,211,0.0,0.8707884532529082,False
6,4,2.8,14,3,False,False,355,0.9102564102564102,0.16797600705746918,0.4161405468251892,0.7309721293768962,0.6664846030534884,1,211,0.0,0.9004308487720809,False
4,6,3.0,15,5,False,False,354,0.9076923076923077,0.24315496698291145,0.5427515730272054,0.7804455353153056,0.7413679203302812,1,191,0.0,0.8683894230769231,False
4,5,3.0,15,4,False,False,354,0.9076923076923077,0.23035863512235125,0.5064268174475332,0.7734870703018786,0.7191626290192648,1,191,0.0,0.8461538461538461,False
3,4,1.8,9,4,True,False,354,0.9076923076923077,0.4314811197865128,0.5930058472178008,0.7597336675270119,0.7225462711172571,64,139,0.875,0.903486441615938,False
4,7,2.9,15,6,False,False,353,0.9051282051282051,0.4124242001150719,0.6425211781909591,0.7779979589527108,0.7779909895005541,1,111,0.0,0.9230769230769231,False
3,5,1.8,9,4,False,True,353,0.9051282051282051,0.42833656697007055,0.5908825682657982,0.7578098555577173,0.7191335491853207,1,139,0.0,0.8992805755395683,False
4,4,1.9,9,3,False,False,353,0.9051282051282051,0.1934587697486417,0.4129868015480388,0.7503549689529743,0.6402000085258623,1,243,0.0,0.8243140243902439,False
4,4,1.7,9,3,False,False,353,0.9051282051282051,0.1992055606801478,0.41531894586091206,0.7457672087318507,0.6394079169191125,1,243,0.0,0.8304115853658536,False
2,9,1.7,11,7,False,True,352,0.9025641025641026,0.5764561969666798,0.7568488244195589,0.8229812389223655,0.8350250448630148,1,88,0.0,0.9433962264150944,False
2,9,1.8,11,7,False,True,352,0.9025641025641026,0.5764561969666798,0.7568488244195589,0.8229812389223655,0.8350250448630148,1,88,0.0,0.9433962264150944,False
2,9,1.9,11,7,False,True,352,0.9025641025641026,0.5764561969666798,0.7568488244195589,0.8229812389223655,0.8350250448630148,1,88,0.0,0.9433962264150944,False
2,9,1.4,9,7,False,True,352,0.9025641025641026,0.6412045678153585,0.7823188064717863,0.8189310867661924,0.8340799724927618,1,88,0.0,0.9433962264150944,False
2,9,1.5,9,7,False,True,352,0.9025641025641026,0.6412045678153585,0.7823188064717865,0.8189310867661924,0.8340799724927618,1,88,0.0,0.9433962264150944,False
2,9,1.6,9,7,False,True,352,0.9025641025641026,0.6412045678153585,0.7823188064717865,0.8189310867661924,0.8340799724927618,1,88,0.0,0.9433962264150944,False
4,6,2.8,13,5,False,False,352,0.9025641025641026,0.2587713085326265,0.5495549756843542,0.7670122157370579,0.7306719709706526,1,191,0.0,0.8587740384615384,False
4,6,2.0,11,5,False,True,352,0.9025641025641026,0.3028548510426488,0.5653902541080321,0.7669018330136625,0.7263531660598487,1,191,0.0,0.8257211538461539,False
4,6,2.5,13,5,False,False,352,0.9025641025641026,0.2604231938203221,0.554619042902439,0.7661830749558735,0.7370479453078961,1,191,0.0,0.8431490384615384,False
4,5,2.0,11,4,False,False,352,0.9025641025641026,0.28738775523521237,0.5267634708579857,0.7615075362605099,0.7029057645928272,1,191,0.0,0.8292682926829268,False
4,5,2.5,13,4,False,False,352,0.9025641025641026,0.24679259732976064,0.5175695192703138,0.7603687877695577,0.7143776822011945,1,191,0.0,0.8269230769230769,False
4,5,2.8,13,4,False,False,352,0.9025641025641026,0.2452176404957551,0.5124270869200099,0.7598728386062231,0.707392124355084,1,191,0.0,0.8269230769230769,False
3,4,1.9,9,4,True,False,352,0.9025641025641026,0.4264720165627942,0.5813581617764668,0.749025514435885,0.7048627754085269,64,139,0.875,0.903486441615938,False
3,4,1.5,9,4,True,False,352,0.9025641025641026,0.429201344509576,0.5829113422313441,0.7486367306730924,0.7015643584597541,64,139,0.890625,0.903486441615938,False
6,4,2.1,11,3,False,False,352,0.9025641025641026,0.1952209364174985,0.42430492118130064,0.7202457810441756,0.6457428479314012,1,211,0.0,0.9065425962316496,False
10,4,2.8,12,3,False,False,352,0.9025641025641026,0.1898024066951258,0.4044111360173821,0.6992344359172947,0.661326012930604,1,218,0.0,0.8907221071322877,False
2,9,1.3,9,7,False,True,351,0.9,0.6376765647437533,0.7801015637524206,0.8135945289049991,0.8312593384204474,1,88,0.0,0.9433962264150944,False
3,6,3.0,15,4,False,False,351,0.9,0.2732867374008978,0.5710650095158742,0.8067124990898408,0.7705664321544031,1,139,0.0,0.8984375,False
4,6,2.2,12,5,False,True,351,0.9,0.28114496156667823,0.5519189313104048,0.7657433770893192,0.7197132619208324,1,191,0.0,0.8197115384615384,False
4,5,2.2,12,4,False,False,351,0.9,0.266567586932466,0.5138760361470668,0.7576923212492452,0.6919207820089042,1,191,0.0,0.8269230769230769,False
3,5,1.9,9,4,False,True,351,0.9,0.4233258205473618,0.5792760395882682,0.7470861408644465,0.7015428751998692,1,139,0.0,0.8992805755395683,False
3,4,1.6,9,4,True,False,351,0.9,0.42347458553616574,0.5808131339207635,0.7470189968879889,0.7005372747934463,64,139,0.8769230769230769,0.8949527877697842,False
3,4,1.7,9,4,True,False,351,0.9,0.4224965401890165,0.5803295776029768,0.7470189968879889,0.7005372747934463,64,139,0.8769230769230769,0.8949527877697842,False
3,5,1.5,9,4,False,True,351,0.9,0.42607470183772633,0.5808169225543217,0.7466917380711093,0.6982652098684218,1,139,0.0,0.8992805755395683,False
7,4,0.6,5,3,False,True,351,0.9,0.3334525177530833,0.4784778895200493,0.7204993227279446,0.6219435420268872,1,250,0.0,0.833063829787234,False
7,4,0.7,5,3,False,True,351,0.9,0.3318563909810184,0.4780667150703061,0.7204993227279446,0.6219435420268872,1,250,0.0,0.833063829787234,False
7,4,0.8,5,3,False,True,351,0.9,0.3318563909810184,0.4780667150703061,0.7204993227279446,0.6219435420268872,1,250,0.0,0.833063829787234,False
6,4,2.5,11,3,False,False,351,0.9,0.19473410093052182,0.4195363503551148,0.7107543703921944,0.6365696750493811,1,211,0.0,0.8976734166307626,False
6,4,2.6,13,3,False,False,351,0.9,0.16281587668442354,0.4019610315574649,0.7057329200484341,0.6311309079520904,1,211,0.0,0.8842309349418354,False
6,4,2.7,13,3,False,False,351,0.9,0.16281587668442354,0.4019610315574649,0.7057329200484341,0.6311309079520904,1,211,0.0,0.8842309349418354,False
10,4,2.5,11,3,False,False,351,0.9,0.19523681704296852,0.4063819653697796,0.6917274196036893,0.6555711681254547,1,218,0.0,0.8884285291506363,False
10,4,2.6,11,3,False,False,351,0.9,0.19477752379779933,0.4066191261156597,0.6913957439446677,0.6558412599000468,1,218,0.0,0.8901672092335011,False
10,4,2.9,13,3,False,False,351,0.9,0.18282352913961566,0.39845558259189234,0.6897886284117697,0.6429145843219226,1,218,0.0,0.884866163349348,False
3,6,2.9,15,4,False,False,350,0.8974358974358975,0.2742112673635905,0.5696907913207538,0.8030898146790284,0.7658286234904692,1,139,0.0,0.890625,False
4,6,2.1,12,5,False,True,350,0.8974358974358975,0.2782024643073328,0.5451220351069133,0.7588296567768584,0.7142471531056112,1,191,0.0,0.8197115384615384,False
4,5,2.1,12,4,False,False,350,0.8974358974358975,0.2637172353413303,0.5069113216448617,0.75052623032133,0.6858378554975028,1,191,0.0,0.8170731707317073,False
3,5,1.6,9,4,False,True,350,0.8974358974358975,0.42049036120449695,0.5787809755756721,0.7452068326334065,0.6973075985732302,1,139,0.0,0.890625,False
3,5,1.7,9,4,False,True,350,0.8974358974358975,0.4195098328826002,0.5782997104305735,0.7452068326334065,0.6973075985732302,1,139,0.0,0.890625,False
3,4,1.4,9,4,True,False,350,0.8974358974358975,0.4203028151686781,0.5751221236645812,0.7414391362095835,0.6919017009670172,64,139,0.8769230769230769,0.8949527877697842,False
3,5,1.3,7,4,False,True,350,0.8974358974358975,0.4872106942752433,0.6096341803323455,0.7377426436521054,0.6945478379890848,1,139,0.0,0.9016393442622951,False
7,4,1.5,7,3,False,True,350,0.8974358974358975,0.20622828895636663,0.4163838368717001,0.7225298105724515,0.6353378226699382,1,250,0.0,0.812468085106383,False
7,4,1.6,7,3,False,True,350,0.8974358974358975,0.20622828895636663,0.4163838368717001,0.7225298105724515,0.6353378226699382,1,250,0.0,0.812468085106383,False
4,4,0.6,5,3,False,True,350,0.8974358974358975,0.31086275362160504,0.4864120280209572,0.7152558369803919,0.6128248757894267,1,243,0.0,0.8250762195121951,False
10,4,3.0,15,3,False,False,350,0.8974358974358975,0.1667316705866897,0.3910862173277654,0.684313995149895,0.6587642221839448,1,218,0.0,0.8978137809877025,False
10,4,2.7,11,3,False,False,350,0.8974358974358975,0.19419404967755335,0.40415170084726015,0.6839388380066083,0.650371534431675,1,218,0.0,0.8878736312518496,False
4,6,2.4,12,5,False,True,349,0.8948717948717949,0.2781986337501982,0.5442020214217174,0.753657798750547,0.7094967109720044,1,191,0.0,0.8197115384615384,False
4,6,2.3,12,5,False,True,349,0.8948717948717949,0.276142995800174,0.5415221245253135,0.7531099454228124,0.7079507479263296,1,191,0.0,0.8197115384615384,False
4,5,2.4,12,4,False,False,349,0.8948717948717949,0.2637567691336497,0.5060386029207613,0.7440736421482642,0.6805906464964399,1,191,0.0,0.8170731707317073,False
4,5,2.3,12,4,False,False,349,0.8948717948717949,0.261726066895352,0.5032380199401423,0.7435344971076782,0.6789068867660327,1,191,0.0,0.8170731707317073,False
3,5,1.4,9,4,False,True,349,0.8948717948717949,0.41731954387888137,0.5731086237300302,0.739619280266277,0.6887171262559817,1,139,0.0,0.890625,False
7,4,1.2,7,3,False,True,349,0.8948717948717949,0.205277018415985,0.4137355464932722,0.7154421873243171,0.6266194634083138,1,250,0.0,0.810468085106383,False
7,4,1.3,7,3,False,True,349,0.8948717948717949,0.20389308581810597,0.41293498421301517,0.7154421873243171,0.6266194634083138,1,250,0.0,0.810468085106383,False
7,4,1.1,7,3,False,True,349,0.8948717948717949,0.20442650848442998,0.4137492930498275,0.710896171440695,0.6271132097806019,1,250,0.0,0.810468085106383,False
7,4,1.4,7,3,False,True,349,0.8948717948717949,0.2047635070243708,0.41242849698958406,0.710896171440695,0.6271132097806019,1,250,0.0,0.810468085106383,False
7,4,1.0,5,3,False,True,349,0.8948717948717949,0.300599897206482,0.4597266650318371,0.7107850735851663,0.6136951344542778,1,250,0.0,0.8191063829787234,False
7,4,0.9,5,3,False,True,349,0.8948717948717949,0.301124435170851,0.46658206032317606,0.7105580959489486,0.61779112807185,1,250,0.0,0.8171063829787234,False
5,4,2.4,12,3,False,False,349,0.8948717948717949,0.18166928615551103,0.42761023855024266,0.7074162742528913,0.6431693447554894,1,211,0.0,0.8487208008898777,False
6,4,2.3,11,3,False,False,349,0.8948717948717949,0.19449454305090264,0.41826983699160347,0.6890958061039449,0.6262851672595797,1,211,0.0,0.8953037483843171,False
6,4,2.4,11,3,False,False,349,0.8948717948717949,0.19449454305090264,0.41826983699160347,0.6890958061039449,0.6262851672595797,1,211,0.0,0.8953037483843171,False
10,4,2.3,10,3,False,False,349,0.8948717948717949,0.19529297063495732,0.4091354753621837,0.6728394705559645,0.6449983280200996,1,218,0.0,0.8711157147084936,False
3,4,2.0,10,4,True,False,348,0.8923076923076924,0.377547273754935,0.5689662673705482,0.7346733961557286,0.6948924667861848,64,139,0.8307692307692308,0.8877585431654677,False
3,4,2.1,10,4,True,False,348,0.8923076923076924,0.37577137439332287,0.56784252579113,0.7346733961557286,0.6948924667861848,64,139,0.8307692307692308,0.8877585431654677,False
3,4,2.2,10,4,True,False,348,0.8923076923076924,0.37577137439332287,0.56784252579113,0.7346733961557286,0.6948924667861848,64,139,0.8307692307692308,0.8877585431654677,False
3,4,2.3,10,4,True,False,348,0.8923076923076924,0.3718473969952194,0.5671083408942063,0.7346733961557286,0.6948924667861848,64,139,0.8307692307692308,0.8877585431654677,False
3,4,2.4,12,4,True,False,348,0.8923076923076924,0.3103921256240666,0.5480621709607308,0.7327922458131202,0.697887983790938,64,139,0.8307692307692308,0.8841614208633093,False
3,4,2.5,12,4,True,False,348,0.8923076923076924,0.3103921256240666,0.5480621709607308,0.7327922458131202,0.697887983790938,64,139,0.8307692307692308,0.8841614208633093,False
3,4,2.6,12,4,True,False,348,0.8923076923076924,0.3103921256240666,0.5480621709607308,0.7327922458131202,0.697887983790938,64,139,0.8307692307692308,0.8841614208633093,False
4,4,1.1,6,3,False,True,348,0.8923076923076924,0.27592997440598244,0.4538084152675976,0.7099042197936276,0.600264175567115,1,243,0.0,0.8128810975609756,False
4,4,0.9,5,3,False,True,348,0.8923076923076924,0.3033696884764771,0.4679296386845829,0.7013211189384351,0.600780860330397,1,243,0.0,0.8128810975609756,False
4,4,0.7,5,3,False,True,348,0.8923076923076924,0.30370253024548904,0.48193468138201867,0.6997961104083206,0.6027522504153736,1,243,0.0,0.8016387195121951,False
4,4,0.8,5,3,False,True,348,0.8923076923076924,0.30370253024548904,0.48193468138201867,0.6997961104083206,0.6027522504153736,1,243,0.0,0.8016387195121951,False
6,4,2.2,11,3,False,False,348,0.8923076923076924,0.19343701314748132,0.4138271612298418,0.6816291373266162,0.617415329993901,1,211,0.0,0.89434747428043,False
10,4,2.4,10,3,False,False,348,0.8923076923076924,0.20179522900830593,0.4120653338114603,0.6656181615472994,0.6390682763585595,1,218,0.0,0.8688221367268423,False
2,10,2.2,11,8,False,True,347,0.8897435897435897,0.5987313679036109,0.7748869294909786,0.8245619830472174,0.8368858783286256,1,88,0.0,0.8806818181818181,False
3,4,2.8,13,4,True,False,347,0.8897435897435897,0.2810062131438977,0.545226798366069,0.7667473800879703,0.7167772835128889,64,139,0.8278688524590164,0.8760817307692308,False
4,7,3.0,15,6,False,False,347,0.8897435897435897,0.39783248347361516,0.6265990151630063,0.7405738590916419,0.7507175012523009,1,111,0.0,0.8875,False
4,4,2.6,12,3,False,False,347,0.8897435897435897,0.14301649866769284,0.3823216183854704,0.7382790181685682,0.608638318536873,1,243,0.0,0.7528582317073171,False
4,4,2.7,12,3,False,False,347,0.8897435897435897,0.14314201377096752,0.3815869453943189,0.7382790181685682,0.608638318536873,1,243,0.0,0.7528582317073171,False
3,5,2.0,10,4,False,True,347,0.8897435897435897,0.37459191345128257,0.567129809288534,0.7330497433380475,0.6917932703271046,1,139,0.0,0.8848920863309353,False
3,5,2.1,10,4,False,True,347,0.8897435897435897,0.3728124284662759,0.5660102235134079,0.7330497433380475,0.6917932703271046,1,139,0.0,0.8848920863309353,False
3,5,2.2,10,4,False,True,347,0.8897435897435897,0.3728124284662759,0.5660102235134079,0.7330497433380475,0.6917932703271046,1,139,0.0,0.8848920863309353,False
3,5,2.3,10,4,False,True,347,0.8897435897435897,0.368873191332342,0.5652811105729493,0.7330497433380475,0.6917932703271046,1,139,0.0,0.8848920863309353,False
3,5,2.4,12,4,False,False,347,0.8897435897435897,0.3071237672520499,0.5463977396122035,0.7311699755081429,0.6947712308317044,1,139,0.0,0.8776978417266187,False
3,5,2.5,12,4,False,False,347,0.8897435897435897,0.3071237672520499,0.5463977396122035,0.7311699755081429,0.6947712308317044,1,139,0.0,0.8776978417266187,False
3,5,2.6,12,4,False,False,347,0.8897435897435897,0.3071237672520499,0.5463977396122035,0.7311699755081429,0.6947712308317044,1,139,0.0,0.8776978417266187,False
4,4,0.5,5,3,False,True,347,0.8897435897435897,0.31004245188834906,0.4745568302145799,0.6927141925221527,0.5965541320723067,1,243,0.0,0.7955411585365854,False
2,5,0.3,5,3,False,True,346,0.8871794871794871,0.5398209848090413,0.6753443640962076,0.8752265980399836,0.8160764887385,1,172,0.0,0.9534883720930233,False
2,10,2.4,11,8,False,True,346,0.8871794871794871,0.5964562350942254,0.7724491619520728,0.8209054196189342,0.8338527055907942,1,88,0.0,0.8806818181818181,False
2,10,2.0,11,8,False,True,346,0.8871794871794871,0.5935491001595853,0.7692539910537943,0.8178598970848084,0.8304021775008169,1,88,0.0,0.875,False
2,10,2.1,11,8,False,True,346,0.8871794871794871,0.5935491001595853,0.7692539910537943,0.8178598970848084,0.8304021775008169,1,88,0.0,0.875,False
2,10,2.9,13,8,False,True,346,0.8871794871794871,0.5473447667858918,0.7618433542714763,0.8169713532230126,0.8375442331755617,1,88,0.0,0.8977272727272727,False
2,10,2.6,12,8,False,True,346,0.8871794871794871,0.5615036470113803,0.7601341963168331,0.8168345435353752,0.8325442537115462,1,88,0.0,0.8977272727272727,False
2,10,2.7,12,8,False,True,346,0.8871794871794871,0.5615036470113803,0.7601341963168331,0.8168345435353752,0.8325442537115462,1,88,0.0,0.8977272727272727,False
2,10,2.8,12,8,False,True,346,0.8871794871794871,0.5615036470113803,0.7601341963168331,0.8168345435353752,0.8325442537115462,1,88,0.0,0.8977272727272727,False
3,7,3.0,15,4,False,False,346,0.8871794871794871,0.2649975828983086,0.5690225035409594,0.7979368900264541,0.7592315244213893,1,139,0.0,0.890625,False
3,5,2.8,13,4,False,False,346,0.8871794871794871,0.278957372256738,0.5440764190187551,0.7649845299824709,0.7135325780759677,1,139,0.0,0.859375,False
6,5,2.9,15,4,False,False,346,0.8871794871794871,0.2329295995550999,0.48803703849053487,0.7250368095789953,0.6704215853495291,1,157,0.0,0.8727272727272727,False
4,4,0.4,4,3,False,True,346,0.8871794871794871,0.5029715378151899,0.5151501873729359,0.6853646272743876,0.5759285224645726,1,243,0.0,0.7955411585365854,False
2,5,0.6,6,3,False,True,345,0.8846153846153846,0.4493079588982024,0.6247525103761474,0.8581168453702395,0.7938169528472832,1,172,0.0,0.9534883720930233,False
2,5,0.7,6,3,False,True,345,0.8846153846153846,0.44842628002876755,0.6216032922411922,0.8541958763094862,0.7880005116167694,1,172,0.0,0.9534883720930233,False
2,5,0.9,7,3,False,True,345,0.8846153846153846,0.3568051532809369,0.5847162067151733,0.85287145362783,0.7809168975235173,1,172,0.0,0.9574468085106383,False
2,5,1.0,7,3,False,True,345,0.8846153846153846,0.3568051532809369,0.5847162067151733,0.85287145362783,0.7809168975235173,1,172,0.0,0.9574468085106383,False
2,5,1.1,8,3,False,True,345,0.8846153846153846,0.30720829099687996,0.5636791606261248,0.8509945107601602,0.7786399633731664,1,172,0.0,0.9574468085106383,False
2,5,1.2,8,3,False,True,345,0.8846153846153846,0.30720829099687996,0.5636791606261248,0.8509945107601602,0.7786399633731664,1,172,0.0,0.9574468085106383,False
2,10,2.3,11,8,False,True,345,0.8846153846153846,0.592432059418734,0.7686801087663545,0.8173011034040637,0.8297572835489463,1,88,0.0,0.8806818181818181,False
2,10,2.5,12,8,False,True,345,0.8846153846153846,0.5572402663389094,0.7563980336680761,0.8130932846586644,0.8284147488118093,1,88,0.0,0.8825757575757576,False
2,10,3.0,14,8,False,True,345,0.8846153846153846,0.5307087806681224,0.756903002642221,0.8050931451422364,0.8325099337262705,1,88,0.0,0.9077380952380952,False
3,7,2.9,15,4,False,False,345,0.8846153846153846,0.2645666900132559,0.5671005706032607,0.7946362726700614,0.7547338890876315,1,139,0.0,0.8813559322033898,False
5,4,2.5,12,3,False,False,345,0.8846153846153846,0.17554806295083175,0.4115261267567934,0.6792004293596325,0.5954182281647948,1,211,0.0,0.8164627363737487,False
10,4,2.2,10,3,False,False,345,0.8846153846153846,0.2027508226122964,0.4171260170179083,0.648167831864895,0.636277279761279,1,218,0.0,0.843999704054454,False
2,5,0.4,5,3,False,True,344,0.882051282051282,0.5289386746883186,0.6588831824807916,0.8535657802878367,0.7911423447199475,1,172,0.0,0.9534883720930233,False
2,5,0.8,7,3,False,True,344,0.882051282051282,0.3530622072505953,0.5829563749837472,0.8500648795870157,0.7794997431926267,1,172,0.0,0.9534883720930233,False
2,5,0.5,6,3,False,True,344,0.882051282051282,0.4460835364434167,0.6193003314738594,0.8495579511025215,0.7844993215277327,1,172,0.0,0.9534883720930233,False
3,6,2.7,14,4,False,False,344,0.882051282051282,0.29576421688739984,0.5663852532790584,0.7761172945393586,0.7358325149380919,1,139,0.0,0.84375,False
4,4,1.0,5,3,False,True,344,0.882051282051282,0.29569524728299457,0.4661898820076763,0.6897381262850506,0.5795424411541891,1,243,0.0,0.7772484756097561,False
10,4,2.1,10,3,False,False,344,0.882051282051282,0.19767682719473847,0.40515154323173586,0.6435705410029484,0.6208049869754155,1,218,0.0,0.8474770642201834,False
10,4,1.6,7,3,False,True,344,0.882051282051282,0.2671165708553097,0.46420002986802444,0.6365332593778641,0.6209994433915049,1,218,0.0,0.8486608464042615,False
10,4,1.7,7,3,False,True,344,0.882051282051282,0.2727269874312285,0.46269059942121754,0.6365332593778641,0.6209994433915049,1,218,0.0,0.8486608464042615,False
2,10,1.7,11,8,False,True,343,0.8794871794871795,0.5849103744812554,0.762452753605218,0.8023788397619659,0.8220340853786106,1,88,0.0,0.8522727272727273,False
2,10,1.8,11,8,False,True,343,0.8794871794871795,0.5849103744812554,0.762452753605218,0.8023788397619659,0.8220340853786106,1,88,0.0,0.8522727272727273,False
2,10,1.9,11,8,False,True,343,0.8794871794871795,0.5849103744812554,0.762452753605218,0.8023788397619659,0.8220340853786106,1,88,0.0,0.8522727272727273,False
4,4,1.3,7,3,False,True,343,0.8794871794871795,0.22338580505316477,0.42071163041535636,0.6823757727667115,0.5717693582946964,1,243,0.0,0.7694359756097561,False
10,4,1.2,7,3,False,True,343,0.8794871794871795,0.2725436745675085,0.46614263985642024,0.630136178006334,0.6177289917032208,1,218,0.0,0.8428899082568808,False
10,4,1.3,7,3,False,True,343,0.8794871794871795,0.2725436745675085,0.46614263985642024,0.630136178006334,0.6177289917032208,1,218,0.0,0.8428899082568808,False
10,4,1.4,7,3,False,True,343,0.8794871794871795,0.26617131039878883,0.4641972813242164,0.630136178006334,0.6177289917032208,1,218,0.0,0.8428899082568808,False
10,4,1.5,7,3,False,True,343,0.8794871794871795,0.2725436745675085,0.46614263985642024,0.630136178006334,0.6177289917032208,1,218,0.0,0.8428899082568808,False
3,8,3.0,15,5,False,True,342,0.8769230769230769,0.341336840795737,0.6244634645773159,0.7641070082500235,0.7691540424743217,1,106,0.0,0.8944650423728814,False
6,6,2.9,15,5,False,False,342,0.8769230769230769,0.2804096962436214,0.5363637100831025,0.7398713664777352,0.6860836761054643,1,129,0.0,0.8622895622895623,False
3,4,0.3,4,4,True,True,342,0.8769230769230769,0.7026944604019306,0.6708423438223959,0.7026944604019306,0.6708423438223957,64,139,0.7459016393442623,0.9363758992805755,False
5,4,2.7,13,3,False,False,342,0.8769230769230769,0.17128152978155017,0.3978401838720299,0.6626173390836533,0.5903929609057751,1,211,0.0,0.8245272525027809,False
4,4,1.6,8,3,False,True,342,0.8769230769230769,0.1893032038657348,0.38405040918307093,0.6572452715990823,0.5657346104343337,1,243,0.0,0.7572408536585367,False
3,8,2.9,15,5,False,True,341,0.8743589743589744,0.34089670345120754,0.6226822666531617,0.7602456181501792,0.765266129552762,1,106,0.0,0.8859904661016949,False
4,7,2.8,13,6,False,True,341,0.8743589743589744,0.408883686318666,0.6234404602425637,0.7025871971610851,0.7244477838085702,1,111,0.0,0.8875,False
3,5,0.3,4,4,False,True,341,0.8743589743589744,0.700544663325783,0.667655115486626,0.700544663325783,0.6676551154866261,1,139,0.0,0.935251798561151,False
4,7,2.5,13,6,False,True,341,0.8743589743589744,0.41131684488799536,0.6281566763080203,0.6998688589776825,0.728549533459724,1,111,0.0,0.859375,False
4,7,2.0,11,6,False,True,341,0.8743589743589744,0.47444110422994723,0.6413393015422718,0.6993795210411983,0.7238932938288377,1,111,0.0,0.84375,False
7,5,0.6,5,4,False,True,341,0.8743589743589744,0.5338563109587228,0.6040280737080989,0.6971380939531392,0.6400301395308181,1,178,0.0,0.8611111111111112,False
6,5,3.0,15,4,False,False,341,0.8743589743589744,0.23045259023412057,0.48327575259593014,0.6854105088600901,0.6572530392667761,1,157,0.0,0.8363636363636363,False
6,5,2.8,14,4,False,False,341,0.8743589743589744,0.24037801632066647,0.491314872264163,0.6790079435536375,0.6664562088689293,1,157,0.0,0.8909090909090909,False
4,4,1.2,7,3,False,True,341,0.8743589743589744,0.2262584539892296,0.4118377110020841,0.6645398027377518,0.5610112396556199,1,243,0.0,0.7589557926829269,False
5,4,3.0,15,3,False,False,341,0.8743589743589744,0.16578590338283497,0.39219271570297404,0.6467007700142269,0.5651401478943606,1,211,0.0,0.8170189098998888,False
10,4,1.8,8,3,False,True,341,0.8743589743589744,0.24148115772931208,0.4353564695804913,0.6183042427426745,0.6173216975020562,1,218,0.0,0.8278706717963895,False
10,4,1.9,8,3,False,True,341,0.8743589743589744,0.24148115772931208,0.4353564695804913,0.6183042427426745,0.6173216975020562,1,218,0.0,0.8278706717963895,False
10,4,2.0,9,3,False,False,341,0.8743589743589744,0.21433080269889382,0.42411672558572083,0.6183042427426745,0.6173216975020562,1,218,0.0,0.8278706717963895,False
2,6,0.6,6,4,False,True,340,0.8717948717948718,0.5687302835474372,0.7057390296643251,0.8371566215675047,0.8040762767838326,1,137,0.0,0.9389741052284348,False
2,6,0.9,7,4,False,True,340,0.8717948717948718,0.4596620288433813,0.6643804090222215,0.8371511089853654,0.7960011832516873,1,137,0.0,0.9322117763483424,False
2,6,1.0,7,4,False,True,340,0.8717948717948718,0.4596620288433813,0.6643804090222215,0.8371511089853654,0.7960011832516873,1,137,0.0,0.9322117763483424,False
2,6,0.7,6,4,False,True,340,0.8717948717948718,0.5677029127510723,0.7028035006331013,0.8363765496126316,0.8006597202595356,1,137,0.0,0.9389741052284348,False
2,6,1.1,8,4,False,True,340,0.8717948717948718,0.3993241407569981,0.6418358660707503,0.835177036823033,0.794346750892986,1,137,0.0,0.9360877453405905,False
2,6,1.2,8,4,False,True,340,0.8717948717948718,0.3993241407569981,0.6418358660707503,0.835177036823033,0.794346750892986,1,137,0.0,0.9360877453405905,False
7,6,0.6,5,4,False,True,340,0.8717948717948718,0.5613048621726984,0.6313022461938025,0.7286796841000449,0.6690787288842373,1,178,0.0,0.8638888888888889,False
4,7,2.2,12,6,False,True,340,0.8717948717948718,0.44275534939119376,0.6273152292876034,0.6974358725992882,0.7186435440062429,1,111,0.0,0.8269230769230769,False
3,4,0.4,4,4,True,True,340,0.8717948717948718,0.6958008875681302,0.6615203459844076,0.6958008875681302,0.6615203459844075,64,139,0.7459016393442623,0.9214720531267293,False
7,5,0.7,5,4,False,True,340,0.8717948717948718,0.5279247374041841,0.5984496569811728,0.6904547601635864,0.6335395064086534,1,178,0.0,0.8611111111111112,False
7,5,0.8,5,4,False,True,340,0.8717948717948718,0.5279247374041841,0.5984496569811728,0.6904547601635864,0.6335395064086534,1,178,0.0,0.8611111111111112,False
5,4,2.0,10,3,False,False,340,0.8717948717948718,0.1999498675324399,0.39524897374125795,0.6576674391551499,0.5660123282762921,1,211,0.0,0.85734149054505,False
5,4,2.1,10,3,False,False,340,0.8717948717948718,0.1999498675324399,0.39524897374125795,0.6576674391551499,0.5660123282762921,1,211,0.0,0.85734149054505,False
5,4,2.3,10,3,False,False,340,0.8717948717948718,0.1999498675324399,0.39524897374125795,0.6576674391551499,0.5660123282762921,1,211,0.0,0.85734149054505,False
4,4,1.4,8,3,False,True,340,0.8717948717948718,0.18944534185364997,0.3886410213053724,0.6570728802625149,0.5530760084833051,1,243,0.0,0.7511432926829269,False
4,4,1.5,8,3,False,True,340,0.8717948717948718,0.18955528084652362,0.38691664779804946,0.6570728802625149,0.5530760084833051,1,243,0.0,0.7511432926829269,False
5,4,2.8,13,3,False,False,340,0.8717948717948718,0.1669664804791278,0.3926944828671465,0.6410610081564775,0.5553300696604531,1,211,0.0,0.796579532814238,False
6,4,1.7,8,3,False,True,340,0.8717948717948718,0.25202836729735933,0.43520307338550435,0.6349039645511805,0.5717308226709146,1,211,0.0,0.8335550628233555,False
2,6,0.8,7,4,False,True,339,0.8692307692307693,0.4554095231819606,0.6627814799360914,0.8316882194301952,0.7937440775239786,1,137,0.0,0.9283358073560943,False
2,6,0.5,6,4,False,True,339,0.8692307692307693,0.5651088449908498,0.700749644416146,0.828933426870242,0.7968784997028778,1,137,0.0,0.9386634979912862,False
3,7,2.7,14,4,False,True,339,0.8692307692307693,0.28033116014229476,0.5616257976666496,0.7696370321455585,0.7262362226739099,1,139,0.0,0.7796610169491526,False
4,6,2.6,12,4,False,True,339,0.8692307692307693,0.25264480867704925,0.5323868245515406,0.74826724729482,0.6904732152010901,1,191,0.0,0.8031674208144797,False
4,6,2.7,12,4,False,True,339,0.8692307692307693,0.2530111444326433,0.5318336927091751,0.74826724729482,0.6904732152010901,1,191,0.0,0.8031674208144797,False
4,5,2.6,12,4,False,False,339,0.8692307692307693,0.23909524371804486,0.49416778950883233,0.723287017004141,0.6466237715403994,1,191,0.0,0.8269230769230769,False
4,5,2.7,12,4,False,False,339,0.8692307692307693,0.23944793292990246,0.4935958820118357,0.723287017004141,0.6466237715403994,1,191,0.0,0.8269230769230769,False
7,6,0.7,5,4,False,True,339,0.8692307692307693,0.5551952561493585,0.6259392369911501,0.7219029985592162,0.6628576186608343,1,178,0.0,0.8638888888888889,False
7,6,0.8,5,4,False,True,339,0.8692307692307693,0.5551952561493585,0.6259392369911501,0.7219029985592162,0.6628576186608343,1,178,0.0,0.8638888888888889,False
3,5,0.4,4,4,False,True,339,0.8692307692307693,0.693776450098221,0.6584438572911206,0.693776450098221,0.6584438572911208,1,139,0.0,0.90625,False
5,5,2.4,12,4,False,False,339,0.8692307692307693,0.27998308633008545,0.5120206990996601,0.6828394684314298,0.6467469239964956,1,152,0.0,0.8813559322033898,False
5,4,2.2,10,3,False,False,339,0.8692307692307693,0.2025359057364489,0.39468043330553576,0.6502240676497654,0.559916817988948,1,211,0.0,0.85734149054505,False
7,4,1.9,9,3,False,False,339,0.8692307692307693,0.1624276054274838,0.3670077069253456,0.6418646003990016,0.566890529664126,1,250,0.0,0.7625957446808511,False
7,4,2.0,9,3,False,False,339,0.8692307692307693,0.16169919552899695,0.3667358565515698,0.6418646003990016,0.566890529664126,1,250,0.0,0.7625957446808511,False
7,4,2.1,10,3,False,False,339,0.8692307692307693,0.13696611625872634,0.3520174929246351,0.6418646003990016,0.566890529664126,1,250,0.0,0.7625957446808511,False
5,4,2.9,13,3,False,False,339,0.8692307692307693,0.16280803128996527,0.3806941620262525,0.6328650480382809,0.5543309334916324,1,211,0.0,0.8127085650723025,False
6,4,1.9,9,3,False,False,339,0.8692307692307693,0.23551426165485598,0.4243282062708213,0.6274447742036375,0.5738508853166703,1,211,0.0,0.8723461642199359,False
2,7,0.9,7,5,False,True,338,0.8666666666666667,0.5755374892895084,0.7374341011325418,0.812966364391793,0.8125816686669254,1,129,0.0,0.9433962264150944,False
2,7,1.0,7,5,False,True,338,0.8666666666666667,0.5755374892895084,0.7374341011325418,0.812966364391793,0.8125816686669254,1,129,0.0,0.9433962264150944,False
2,7,1.1,8,5,False,True,338,0.8666666666666667,0.5061726481455734,0.7130101249707903,0.8128579531814162,0.8106740663725305,1,129,0.0,0.9433962264150944,False
2,7,1.2,8,5,False,True,338,0.8666666666666667,0.5061726481455734,0.7130101249707903,0.8128579531814162,0.8106740663725305,1,129,0.0,0.9433962264150944,False
2,10,1.4,9,7,False,True,338,0.8666666666666667,0.6072584179427095,0.7703034141660551,0.7937130566085401,0.8200919213860552,1,88,0.0,0.8903824833702882,False
2,10,1.5,9,7,False,True,338,0.8666666666666667,0.6072584179427095,0.7703034141660551,0.7937130566085401,0.8200919213860552,1,88,0.0,0.8903824833702882,False
2,10,1.6,9,7,False,True,338,0.8666666666666667,0.6072584179427095,0.7703034141660551,0.7937130566085401,0.8200919213860552,1,88,0.0,0.8903824833702882,False
5,6,2.4,12,5,False,True,338,0.8666666666666667,0.3019355189602315,0.5437601983795279,0.6908589216530524,0.6652189972943683,1,152,0.0,0.8456779661016949,False
7,5,1.2,7,4,False,True,338,0.8666666666666667,0.3683365533790708,0.5372292868246298,0.6804068457707347,0.6424719159469509,1,178,0.0,0.8472222222222222,False
7,5,1.3,7,4,False,True,338,0.8666666666666667,0.3665970689194828,0.5365313811937704,0.6804068457707347,0.6424719159469509,1,178,0.0,0.8472222222222222,False
7,5,1.1,7,4,False,True,338,0.8666666666666667,0.367605956970956,0.5373466118071089,0.6799044955069058,0.6406805950421756,1,178,0.0,0.8472222222222222,False
3,4,0.5,5,4,True,True,338,0.8666666666666667,0.5424913840035136,0.6109460335906016,0.6764995563658495,0.6480056389543358,64,139,0.7377049180327869,0.921369154676259,False
7,4,1.7,8,3,False,True,338,0.8666666666666667,0.17441895564389653,0.3699917627811767,0.6351645050848856,0.5583385327694692,1,250,0.0,0.7605957446808511,False
7,4,1.8,8,3,False,True,338,0.8666666666666667,0.1743230936783341,0.3702136009910121,0.6351645050848856,0.5583385327694692,1,250,0.0,0.7605957446808511,False
7,4,2.2,11,3,False,False,338,0.8666666666666667,0.12566283461547997,0.338740779751828,0.6274893045120326,0.536714285032113,1,250,0.0,0.7041371158392435,False
2,7,0.8,7,5,False,True,337,0.8641025641025641,0.5706825855130265,0.7359660869096705,0.8064893419748979,0.8106513393878012,1,129,0.0,0.9433962264150944,False
2,10,1.3,9,7,False,True,337,0.8641025641025641,0.6036495401881179,0.7681285073389763,0.7882321245452265,0.8173355944891069,1,88,0.0,0.8847006651884701,False
4,8,2.9,15,6,False,True,337,0.8641025641025641,0.3767065353512456,0.6341432856416525,0.7642290940703645,0.7619661738111392,1,111,0.0,0.9052884615384615,False
4,9,2.9,15,6,False,True,337,0.8641025641025641,0.3723887682440292,0.6323262145807517,0.7627330862303547,0.7583736104861601,1,111,0.0,0.8875,False
7,6,1.2,7,4,False,True,337,0.8641025641025641,0.3883709927876231,0.5603516667107644,0.7076153952880563,0.6558380600114284,1,178,0.0,0.8236111111111111,False
7,6,1.3,7,4,False,True,337,0.8641025641025641,0.38654611308743164,0.5596632387848228,0.7076153952880563,0.6558380600114284,1,178,0.0,0.8236111111111111,False
7,6,1.1,7,4,False,True,337,0.8641025641025641,0.3875695004428328,0.5608750018315357,0.7075914185165968,0.6560385688307304,1,178,0.0,0.8236111111111111,False
3,6,1.8,9,4,False,True,337,0.8641025641025641,0.43936623798929697,0.6016596227358267,0.703429540171471,0.6898386865026305,1,139,0.0,0.8871402877697842,False
6,6,3.0,15,5,False,False,337,0.8641025641025641,0.27783663478180237,0.532038440454092,0.7004830473213423,0.6720401830367118,1,129,0.0,0.8329105003523608,False
6,6,2.8,14,5,False,False,337,0.8641025641025641,0.2897170812420667,0.5403153580308537,0.695810096220964,0.6810857114955152,1,129,0.0,0.8640591966173361,False
4,7,2.1,12,6,False,True,337,0.8641025641025641,0.43265108738680225,0.6141145542696819,0.6811755143147081,0.7014274409014541,1,111,0.0,0.8269230769230769,False
3,5,0.5,5,4,False,True,337,0.8641025641025641,0.5398521239126922,0.6083046213988212,0.6743255232776016,0.6449300776647796,1,139,0.0,0.920863309352518,False
7,5,1.4,7,4,False,True,337,0.8641025641025641,0.36471355262707766,0.5310679341683084,0.670855671327787,0.6373941950895976,1,178,0.0,0.8333333333333334,False
6,5,2.6,13,4,False,False,337,0.8641025641025641,0.23432455425095505,0.4796096385908527,0.6539460406965665,0.6408163612056608,1,157,0.0,0.8727272727272727,False
6,5,2.7,13,4,False,False,337,0.8641025641025641,0.23432455425095505,0.4796096385908527,0.6539460406965665,0.6408163612056608,1,157,0.0,0.8727272727272727,False
7,4,2.3,11,3,False,False,337,0.8641025641025641,0.12383526881100726,0.337113269572818,0.6205795229046277,0.5317285504025842,1,250,0.0,0.6988179669030733,False
7,4,2.4,11,3,False,False,337,0.8641025641025641,0.12352613127033722,0.3369887366600412,0.6205795229046277,0.5317285504025842,1,250,0.0,0.6988179669030733,False
7,4,2.5,11,3,False,False,337,0.8641025641025641,0.12352613127033722,0.33698873666004125,0.6205795229046277,0.5317285504025842,1,250,0.0,0.6988179669030733,False
6,4,1.8,8,3,False,True,337,0.8641025641025641,0.24238415861530782,0.42423542820614807,0.616092950401756,0.5543075874861758,1,211,0.0,0.829490022172949,False
7,6,1.4,7,4,False,True,336,0.8615384615384616,0.3865286935493271,0.5601596505249984,0.6975816418649349,0.6510290648566858,1,178,0.0,0.8166666666666667,False
4,7,2.3,12,6,False,True,336,0.8615384615384616,0.4300530891740155,0.6108811667886354,0.6776677288498513,0.697018140543271,1,111,0.0,0.8269230769230769,False
3,4,0.6,5,4,True,True,336,0.8615384615384616,0.5350537533945784,0.6024791265494509,0.6696599920101534,0.6387217995175144,64,139,0.7377049180327869,0.9142778085224128,False
3,4,0.7,5,4,True,True,336,0.8615384615384616,0.5350537533945784,0.6024791265494509,0.6696599920101534,0.6387217995175144,64,139,0.7377049180327869,0.9142778085224128,False
3,4,0.8,5,4,True,True,336,0.8615384615384616,0.5350537533945784,0.6024791265494509,0.6696599920101534,0.6387217995175144,64,139,0.7377049180327869,0.9142778085224128,False
3,4,0.9,5,4,True,True,336,0.8615384615384616,0.5350537533945784,0.6024791265494509,0.6696599920101534,0.6387217995175144,64,139,0.7377049180327869,0.9142778085224128,False
3,4,1.0,5,4,True,True,336,0.8615384615384616,0.5350537533945784,0.6024791265494509,0.6696599920101534,0.6387217995175144,64,139,0.7377049180327869,0.9142778085224128,False
3,4,1.1,6,4,True,True,336,0.8615384615384616,0.45936941312014656,0.5768417620952909,0.6681361910810281,0.6336932591212789,64,139,0.7786885245901639,0.8991681654676259,False
3,4,1.2,6,4,True,True,336,0.8615384615384616,0.45936941312014656,0.5768417620952909,0.6681361910810281,0.6336932591212789,64,139,0.7786885245901639,0.8991681654676259,False
6,4,1.6,7,3,False,True,336,0.8615384615384616,0.2668703387625338,0.4314879219673934,0.6160014377434336,0.5466374252714241,1,211,0.0,0.8254249815225425,False
7,4,2.6,11,3,False,False,336,0.8615384615384616,0.12227592196313498,0.33452070972043313,0.6126555068734157,0.5219867093479559,1,250,0.0,0.6877068557919621,False
3,8,2.7,14,5,False,True,335,0.8589743589743589,0.3607311025001601,0.6186087908986496,0.7326603815141361,0.7422237585012181,1,106,0.0,0.8351430084745763,False
3,6,1.5,9,4,False,True,335,0.8589743589743589,0.43718496423964065,0.5919853935255177,0.6949370667976436,0.6708036680251092,1,139,0.0,0.8934257075471699,False
3,6,1.9,9,4,False,True,335,0.8589743589743589,0.4341609007100632,0.5904641254525312,0.6944178549968363,0.6736182982094049,1,139,0.0,0.8871402877697842,False
4,7,2.4,12,6,False,True,335,0.8589743589743589,0.429804290007401,0.6108218220917027,0.67223631728745,0.6948565305017046,1,111,0.0,0.8269230769230769,False
3,5,0.6,5,4,False,True,335,0.8589743589743589,0.5325469066834347,0.5999349900282654,0.6676112069534405,0.6357568856713413,1,139,0.0,0.90625,False
3,5,0.7,5,4,False,True,335,0.8589743589743589,0.5325469066834347,0.5999349900282654,0.6676112069534405,0.6357568856713413,1,139,0.0,0.90625,False
3,5,0.8,5,4,False,True,335,0.8589743589743589,0.5325469066834347,0.5999349900282654,0.6676112069534405,0.6357568856713413,1,139,0.0,0.90625,False
3,5,0.9,5,4,False,True,335,0.8589743589743589,0.5325469066834347,0.5999349900282654,0.6676112069534405,0.6357568856713413,1,139,0.0,0.90625,False
3,5,1.0,5,4,False,True,335,0.8589743589743589,0.5325469066834347,0.5999349900282654,0.6676112069534405,0.6357568856713413,1,139,0.0,0.90625,False
3,5,1.1,6,4,False,True,335,0.8589743589743589,0.4565574597088662,0.5745544584476238,0.6660742749681673,0.6307581492344471,1,139,0.0,0.8920863309352518,False
3,5,1.2,6,4,False,True,335,0.8589743589743589,0.4565574597088662,0.5745544584476238,0.6660742749681673,0.6307581492344471,1,139,0.0,0.8920863309352518,False
5,5,2.5,12,4,False,False,335,0.8589743589743589,0.27172725435510137,0.4971978856218653,0.6586636937720515,0.6132196610509734,1,152,0.0,0.8225806451612904,False
7,5,1.5,7,4,False,True,335,0.8589743589743589,0.3552196506231567,0.5242715535325794,0.6576557048358611,0.6266273266407992,1,178,0.0,0.8333333333333334,False
7,5,1.6,7,4,False,True,335,0.8589743589743589,0.3552196506231567,0.5242715535325794,0.6576557048358611,0.6266273266407992,1,178,0.0,0.8333333333333334,False
6,5,2.1,11,4,False,False,335,0.8589743589743589,0.2762689661012921,0.49678282686032765,0.650078916451083,0.6352566483378258,1,157,0.0,0.9259259259259259,False
5,4,2.6,12,3,False,False,335,0.8589743589743589,0.17068530806603935,0.38349150082362554,0.6118749729692073,0.5481657871201211,1,211,0.0,0.845930707631966,False
6,4,1.1,7,3,False,True,335,0.8589743589743589,0.27264435346297583,0.43240405828446815,0.6099644994892801,0.5410088540745622,1,211,0.0,0.823873925943051,False
6,4,1.2,7,3,False,True,335,0.8589743589743589,0.2671188036538951,0.42928635581690844,0.6099644994892801,0.5410088540745622,1,211,0.0,0.823873925943051,False
6,4,1.3,7,3,False,True,335,0.8589743589743589,0.2671188036538951,0.42928635581690844,0.6099644994892801,0.5410088540745622,1,211,0.0,0.823873925943051,False
6,4,1.4,7,3,False,True,335,0.8589743589743589,0.2655980595679536,0.4286143077882222,0.6099644994892801,0.5410088540745622,1,211,0.0,0.823873925943051,False
6,4,1.5,7,3,False,True,335,0.8589743589743589,0.2655980595679536,0.4286143077882222,0.6099644994892801,0.5410088540745622,1,211,0.0,0.823873925943051,False
7,4,2.7,12,3,False,False,335,0.8589743589743589,0.12815421920480283,0.34014089608471526,0.5918618268047297,0.5241723990914627,1,250,0.0,0.682387706855792,False
7,4,2.8,12,3,False,False,335,0.8589743589743589,0.12854880621033551,0.34067368621670546,0.5918618268047297,0.5241723990914627,1,250,0.0,0.682387706855792,False
7,4,2.9,12,3,False,False,335,0.8589743589743589,0.12795851536559208,0.3404461860329374,0.5918618268047297,0.5241723990914627,1,250,0.0,0.682387706855792,False
3,6,1.6,9,4,False,True,334,0.8564102564102564,0.43126309767457655,0.5900056423580824,0.6924222045875477,0.6695817508130836,1,139,0.0,0.8828125,False
3,6,1.7,9,4,False,True,334,0.8564102564102564,0.43022495372584696,0.5849311895305006,0.6924222045875477,0.6695817508130836,1,139,0.0,0.8828125,False
3,6,1.3,7,4,False,True,334,0.8564102564102564,0.4786929528423271,0.6031497316148603,0.6867640552617106,0.6675525959343289,1,139,0.0,0.8894393918827203,False
7,6,1.5,7,4,False,True,334,0.8564102564102564,0.37561827407206605,0.5501922553607087,0.6845551873641778,0.6407285592139638,1,178,0.0,0.8166666666666667,False
7,6,1.6,7,4,False,True,334,0.8564102564102564,0.37561827407206605,0.5501922553607087,0.6845551873641778,0.6407285592139638,1,178,0.0,0.8166666666666667,False
5,6,2.5,12,5,False,True,334,0.8564102564102564,0.29317375121660205,0.5293529421117504,0.6658193122875493,0.6343251267135556,1,152,0.0,0.8162903225806453,False
4,6,1.8,9,5,False,True,334,0.8564102564102564,0.28994070728709553,0.5230674353811708,0.645043276560195,0.6385116865962713,1,191,0.0,0.8564299738219896,False
4,5,1.8,9,4,False,True,334,0.8564102564102564,0.274182339434184,0.48119498299599917,0.6408951571919508,0.6100647419636289,1,191,0.0,0.84375,False
6,4,2.0,10,3,False,False,334,0.8564102564102564,0.1995558845801749,0.38970155424346636,0.5944126571448637,0.5493635847953203,1,211,0.0,0.8621283929340802,False
3,6,1.4,9,4,False,True,333,0.8538461538461538,0.42790819677886976,0.5798906198199616,0.6876949510955854,0.6616689061994768,1,139,0.0,0.8828125,False
6,6,2.6,13,5,False,False,333,0.8538461538461538,0.28297780722804405,0.5294931120826742,0.6706675869809047,0.6585218413302065,1,129,0.0,0.8433403805496829,False
6,6,2.7,13,5,False,False,333,0.8538461538461538,0.28297780722804405,0.5294931120826742,0.6706675869809047,0.6585218413302065,1,129,0.0,0.8433403805496829,False
6,5,2.5,11,4,False,False,333,0.8538461538461538,0.2732727707083211,0.4889545873418447,0.6385620274056175,0.6260125388542352,1,157,0.0,0.9090909090909091,False
7,4,3.0,13,3,False,False,333,0.8538461538461538,0.11546885078271486,0.33144152242866354,0.5771853117631622,0.5022935002635822,1,250,0.0,0.6712765957446809,False
7,7,0.6,5,4,False,True,332,0.8512820512820513,0.5434697945161605,0.6197848275297886,0.7155804517542675,0.6552366233865737,1,178,0.0,0.8507462686567164,False
6,7,2.9,15,5,False,False,332,0.8512820512820513,0.29291244642548525,0.5517576895105027,0.7048889143861554,0.6697828291755611,1,129,0.0,0.8518518518518519,False
3,7,1.8,9,4,False,True,332,0.8512820512820513,0.4242299414239416,0.5949292773440368,0.6942146683141666,0.6797833544872062,1,139,0.0,0.875,False
4,6,1.9,9,5,False,True,332,0.8512820512820513,0.2841100886289815,0.5229323037742901,0.6402082003159497,0.6383162976383165,1,191,0.0,0.8564299738219896,False
5,5,2.7,13,4,False,False,332,0.8512820512820513,0.2635981630243125,0.48432195181870463,0.6394254093183612,0.6081498719323254,1,152,0.0,0.8387096774193549,False
4,5,1.9,9,4,False,True,332,0.8512820512820513,0.26850668765319036,0.4810622198936055,0.6352685936028744,0.6095092133010643,1,191,0.0,0.84375,False
4,8,3.0,15,6,False,True,331,0.8487179487179487,0.3612846064494434,0.6186297834998827,0.7262410262234048,0.7354854596567952,1,111,0.0,0.866826923076923,False
4,9,3.0,15,6,False,True,331,0.8487179487179487,0.3568744460934377,0.6169386478175093,0.7246868950541867,0.7321445491132039,1,111,0.0,0.8461538461538461,False
7,7,0.7,5,4,False,True,331,0.8487179487179487,0.537271284728594,0.6145420991845594,0.7087297319677947,0.6491787403923488,1,178,0.0,0.8507462686567164,False
7,7,0.8,5,4,False,True,331,0.8487179487179487,0.537271284728594,0.6145420991845594,0.7087297319677947,0.6491787403923488,1,178,0.0,0.8507462686567164,False
3,6,2.0,10,4,False,True,331,0.8487179487179487,0.38162523502707874,0.5783426794910369,0.6779008227644996,0.663722770929334,1,139,0.0,0.8565085431654677,False
3,6,2.1,10,4,False,True,331,0.8487179487179487,0.37974515696884154,0.5772598359360471,0.6779008227644996,0.663722770929334,1,139,0.0,0.8565085431654677,False
3,6,2.2,10,4,False,True,331,0.8487179487179487,0.37974515696884154,0.5772598359360471,0.6779008227644996,0.663722770929334,1,139,0.0,0.8565085431654677,False
3,6,2.3,10,4,False,True,331,0.8487179487179487,0.375502157096085,0.5765406046407174,0.6779008227644996,0.663722770929334,1,139,0.0,0.8565085431654677,False
3,6,2.4,12,4,False,True,331,0.8487179487179487,0.3093161960168006,0.5540148043569294,0.6750052386946116,0.6662701225293208,1,139,0.0,0.8529114208633093,False
3,6,2.5,12,4,False,True,331,0.8487179487179487,0.3093161960168006,0.5540148043569294,0.6750052386946116,0.6662701225293208,1,139,0.0,0.8529114208633093,False
3,6,2.6,12,4,False,True,331,0.8487179487179487,0.3093161960168006,0.5540148043569294,0.6750052386946116,0.6662701225293208,1,139,0.0,0.8529114208633093,False
5,6,2.7,13,5,False,False,331,0.8487179487179487,0.2842075540994094,0.5162451175497932,0.6513659424134486,0.6255274025425219,1,152,0.0,0.8243548387096775,False
5,6,3.0,15,5,False,False,331,0.8487179487179487,0.27761724374152724,0.5160368943170426,0.6433624697587814,0.622230229976887,1,152,0.0,0.8474999999999999,False
4,5,1.7,9,4,False,True,331,0.8487179487179487,0.26958704971032366,0.4815269101034604,0.6299642567168906,0.610213955853706,1,191,0.0,0.84375,False
5,5,3.0,15,4,False,False,331,0.8487179487179487,0.25286775747807616,0.4767098758716859,0.6281367455401399,0.592641127633621,1,152,0.0,0.8275862068965517,False
6,5,2.3,11,4,False,False,331,0.8487179487179487,0.2726571204974105,0.4877374840067391,0.6220339420007946,0.6200189585039025,1,157,0.0,0.9090909090909091,False
6,5,2.4,11,4,False,False,331,0.8487179487179487,0.2726571204974105,0.4877374840067391,0.6220339420007946,0.6200189585039025,1,157,0.0,0.9090909090909091,False
6,4,0.9,6,3,False,True,331,0.8487179487179487,0.2782598062261841,0.44551253739929003,0.5883668135805622,0.5379991479664599,1,211,0.0,0.8483027010364891,False
2,8,0.9,7,5,False,True,330,0.8461538461538461,0.5586323224074247,0.7269001075800942,0.8005415859262769,0.7996584526436206,1,129,0.0,0.9251864853005705,False
2,8,1.0,7,5,False,True,330,0.8461538461538461,0.5586323224074247,0.7269001075800942,0.8005415859262769,0.7996584526436206,1,129,0.0,0.9251864853005705,False
2,8,1.1,8,5,False,True,330,0.8461538461538461,0.48763646339255534,0.7031959406951968,0.8004590130590071,0.7977750587228842,1,129,0.0,0.9290624542928185,False
2,8,1.2,8,5,False,True,330,0.8461538461538461,0.48763646339255534,0.7031959406951968,0.8004590130590071,0.7977750587228842,1,129,0.0,0.9290624542928185,False
3,6,2.8,13,4,False,False,330,0.8461538461538461,0.27868195450300065,0.5516744227184325,0.7236256528298668,0.6886298892430556,1,139,0.0,0.8306308962264151,False
3,7,1.5,9,4,False,True,330,0.8461538461538461,0.4221474369029301,0.5853454538025514,0.6856237198820634,0.661076501317647,1,139,0.0,0.890625,False
3,7,1.9,9,4,False,True,330,0.8461538461538461,0.4190183356203379,0.5838622670895596,0.6851316352876229,0.6638343285901289,1,139,0.0,0.875,False
5,6,2.8,13,5,False,False,330,0.8461538461538461,0.28258998942201774,0.5192978514537557,0.6393339054807566,0.6155158732758845,1,152,0.0,0.8425,False
4,6,1.7,9,5,False,True,330,0.8461538461538461,0.2814353385903189,0.5161737744277815,0.6324565152479753,0.6302244495923648,1,191,0.0,0.8485765706806283,False
5,5,2.8,13,4,False,False,330,0.8461538461538461,0.25720215300425675,0.4791529336080012,0.6265193992621689,0.5868960715773692,1,152,0.0,0.8189655172413793,False
6,5,2.2,11,4,False,False,330,0.8461538461538461,0.2711034623145971,0.48359872217250305,0.6153286534889102,0.6143491439387406,1,157,0.0,0.9024390243902439,False
5,4,1.5,8,3,False,True,330,0.8461538461538461,0.21438989333629904,0.40799477187860417,0.5886390345722856,0.5326545030801517,1,211,0.0,0.8056173526140156,False
5,4,1.6,8,3,False,True,330,0.8461538461538461,0.21398109603719292,0.4080737550702003,0.5886390345722856,0.5326545030801517,1,211,0.0,0.8056173526140156,False
5,4,1.7,8,3,False,True,330,0.8461538461538461,0.21398109603719292,0.4080737550702003,0.5886390345722856,0.5326545030801517,1,211,0.0,0.8056173526140156,False
2,8,0.8,7,5,False,True,329,0.8435897435897436,0.5537508454538231,0.725450303506729,0.7940153845651169,0.7977599487532576,1,129,0.0,0.9213105163083224,False
7,7,1.2,7,4,False,True,329,0.8435897435897436,0.3685556816941034,0.5524068832842225,0.6970918395288327,0.6435367474560288,1,178,0.0,0.7761194029850746,False
7,7,1.3,7,4,False,True,329,0.8435897435897436,0.3666816722432033,0.5517371673212094,0.6970918395288327,0.6435367474560288,1,178,0.0,0.7761194029850746,False
7,7,1.1,7,4,False,True,329,0.8435897435897436,0.3677770107058116,0.552913698366297,0.697070369434059,0.6437305040412835,1,178,0.0,0.7761194029850746,False
3,7,1.6,9,4,False,True,329,0.8435897435897436,0.4169845450539527,0.5836582145595381,0.6837907350517103,0.6601995275766533,1,139,0.0,0.864406779661017,False
3,7,1.7,9,4,False,True,329,0.8435897435897436,0.41593341604365774,0.5786481378922037,0.6837907350517103,0.6601995275766533,1,139,0.0,0.864406779661017,False
3,7,1.3,7,4,False,True,329,0.8435897435897436,0.4649234249234164,0.5959362433567696,0.6773997503872753,0.6578828423870998,1,139,0.0,0.8867924528301887,False
5,6,2.9,13,5,False,False,329,0.8435897435897436,0.27791580946636457,0.5092300368614899,0.6305342308372918,0.6132061754442641,1,152,0.0,0.8392105263157895,False
5,5,2.9,13,4,False,False,329,0.8435897435897436,0.25280640628145007,0.46880495305879827,0.6174547857142137,0.5852985760477692,1,152,0.0,0.8189655172413793,False
8,4,2.4,11,3,False,False,329,0.8435897435897436,0.2218556362728365,0.375088812402917,0.5937191423232563,0.5104417352618952,1,161,0.0,0.8113883113883114,False
8,4,2.7,12,3,False,False,329,0.8435897435897436,0.22127207083389944,0.3823018159163001,0.5936630822329567,0.5103423906151843,1,161,0.0,0.8111573111573112,False
8,4,2.6,11,3,False,False,329,0.8435897435897436,0.23628304543358927,0.39383847164357505,0.5935521859892312,0.5164567908431393,1,161,0.0,0.8021483021483021,False
5,4,1.9,9,3,False,False,329,0.8435897435897436,0.20033580088174643,0.39148731148624516,0.5887531444266294,0.5133552367626237,1,211,0.0,0.8056173526140156,False
8,4,2.1,10,3,False,False,329,0.8435897435897436,0.2604857974208446,0.39434526488271565,0.5852904715687738,0.518846071020753,1,161,0.0,0.81993531993532,False
5,4,1.1,7,3,False,True,329,0.8435897435897436,0.23298931128366585,0.40904595215462286,0.5827573111112446,0.5276330281405527,1,211,0.0,0.8056173526140156,False
5,4,1.2,7,3,False,True,329,0.8435897435897436,0.23298931128366585,0.40904595215462286,0.5827573111112446,0.5276330281405527,1,211,0.0,0.8056173526140156,False
5,4,1.3,7,3,False,True,329,0.8435897435897436,0.23298931128366585,0.40904595215462286,0.5827573111112446,0.5276330281405527,1,211,0.0,0.8056173526140156,False
5,4,1.8,8,3,False,True,329,0.8435897435897436,0.2166155551860841,0.4075516511875332,0.5817963835285751,0.5263573486638404,1,211,0.0,0.8056173526140156,False
3,9,3.0,15,6,False,True,328,0.841025641025641,0.3361214963515792,0.6306511842110365,0.7498977730606323,0.7578758400987989,1,106,0.0,0.7894736842105263,False
6,8,2.9,15,5,False,True,328,0.841025641025641,0.27988113824232597,0.5476486060035837,0.6986927590571353,0.6626390281509762,1,129,0.0,0.6937830687830688,False
7,7,1.4,7,4,False,True,328,0.841025641025641,0.3665810268118505,0.5522389183339153,0.6870812369463464,0.6388169690377158,1,178,0.0,0.7761194029850746,False
3,7,1.4,9,4,False,True,328,0.841025641025641,0.4136355637858751,0.5736595602571625,0.6790286782901681,0.6524183560020613,1,139,0.0,0.864406779661017,False
6,7,2.8,14,6,False,True,328,0.841025641025641,0.3040162368376299,0.5568330236807751,0.655371154667408,0.671853053703024,1,129,0.0,0.8392857142857143,False
5,5,2.0,10,4,False,True,328,0.841025641025641,0.2990685803985972,0.4802531609235482,0.6163489349661423,0.5768235433609403,1,152,0.0,0.8305084745762712,False
5,5,2.1,10,4,False,True,328,0.841025641025641,0.2990685803985972,0.4802531609235482,0.6163489349661423,0.5768235433609403,1,152,0.0,0.8305084745762712,False
5,5,2.3,10,4,False,True,328,0.841025641025641,0.2990685803985972,0.4802531609235482,0.6163489349661423,0.5768235433609403,1,152,0.0,0.8305084745762712,False
8,4,2.8,13,3,False,False,328,0.841025641025641,0.2164818592440343,0.38401580056682444,0.5880332992512312,0.5074267591980001,1,161,0.0,0.8021483021483021,False
8,4,2.9,13,3,False,False,328,0.841025641025641,0.21322956348780064,0.38309537369582014,0.5880332992512312,0.5074267591980001,1,161,0.0,0.8021483021483021,False
8,4,3.0,14,3,False,False,328,0.841025641025641,0.20983705509441025,0.3825190099365099,0.5875787573565542,0.5119757976581272,1,161,0.0,0.8014553014553014,False
10,4,1.1,6,3,False,True,328,0.841025641025641,0.27748693254645007,0.4268289137173491,0.5357174719908256,0.5260250198090101,1,218,0.0,0.8050088783663806,False
3,9,2.9,15,5,False,True,327,0.8384615384615385,0.3308822848211024,0.6268014499253014,0.7440304739538499,0.7539850953414664,1,106,0.0,0.890625,False
4,7,2.6,12,5,False,True,327,0.8384615384615385,0.3989397197950172,0.6063466172647426,0.6723892471266295,0.6878542831857271,1,111,0.0,0.8269230769230769,False
6,7,3.0,15,6,False,False,327,0.8384615384615385,0.2912538059258069,0.5484205298180082,0.6614099914521994,0.6640092224003197,1,129,0.0,0.8363636363636363,False
7,5,2.2,11,4,False,False,327,0.8384615384615385,0.2507185719817962,0.4688892781206113,0.6305300409936514,0.5927000548299597,1,178,0.0,0.8444444444444444,False
5,6,2.0,10,5,False,True,327,0.8384615384615385,0.3230544391891492,0.5145942451081634,0.623019158938385,0.6005609178244354,1,152,0.0,0.8302542372881356,False
5,6,2.1,10,5,False,True,327,0.8384615384615385,0.3230544391891492,0.5145942451081634,0.623019158938385,0.6005609178244354,1,152,0.0,0.8302542372881356,False
5,6,2.3,10,5,False,True,327,0.8384615384615385,0.3230544391891492,0.5145942451081634,0.623019158938385,0.6005609178244354,1,152,0.0,0.8302542372881356,False
7,5,2.1,10,4,False,True,327,0.8384615384615385,0.26465741678686333,0.46858166173877813,0.6153282026565926,0.5958812719943952,1,178,0.0,0.8472222222222222,False
7,5,1.8,8,4,False,True,327,0.8384615384615385,0.31931810810726435,0.4938421722139127,0.6145051655775674,0.6021712947707598,1,178,0.0,0.8333333333333334,False
7,5,1.9,9,4,False,True,327,0.8384615384615385,0.30028358186062243,0.48547412791046596,0.6109740049785908,0.6040642322274754,1,178,0.0,0.8333333333333334,False
7,5,2.0,9,4,False,True,327,0.8384615384615385,0.3006219190321205,0.48424615417337885,0.6109740049785908,0.6040642322274754,1,178,0.0,0.8333333333333334,False
5,5,2.2,10,4,False,True,327,0.8384615384615385,0.30331572583984706,0.4801156923856642,0.6094675367917467,0.5720988127978425,1,152,0.0,0.8305084745762712,False
4,10,2.9,15,6,False,True,326,0.8358974358974359,0.36708953510659176,0.6349293159911111,0.746469121830462,0.7445849222281974,1,111,0.0,0.8459239130434782,False
7,7,1.5,7,4,False,True,326,0.8358974358974359,0.35549426179603005,0.5424678399762256,0.6739157361010493,0.6287923841610513,1,178,0.0,0.7761194029850746,False
7,7,1.6,7,4,False,True,326,0.8358974358974359,0.35549426179603005,0.5424678399762256,0.6739157361010493,0.6287923841610513,1,178,0.0,0.7761194029850746,False
3,6,0.3,4,4,False,True,326,0.8358974358974359,0.6717144535163726,0.6442221092642515,0.6717144535163726,0.6442221092642515,1,139,0.0,0.8261164653183113,False
3,7,2.0,10,4,False,True,326,0.8358974358974359,0.3675012318646719,0.5727504626120534,0.6702361942599054,0.6549499232599709,1,139,0.0,0.8135593220338984,False
3,7,2.1,10,4,False,True,326,0.8358974358974359,0.36560248411288404,0.5716806148540172,0.6702361942599054,0.6549499232599709,1,139,0.0,0.8135593220338984,False
3,7,2.2,10,4,False,True,326,0.8358974358974359,0.36560248411288404,0.5716806148540172,0.6702361942599054,0.6549499232599709,1,139,0.0,0.8135593220338984,False
3,7,2.3,10,4,False,True,326,0.8358974358974359,0.36127815533771546,0.5709768728722504,0.6702361942599054,0.6549499232599709,1,139,0.0,0.8135593220338984,False
3,7,2.4,12,4,False,True,326,0.8358974358974359,0.293517482225846,0.5489879208850579,0.6673452714589703,0.6574497020175832,1,139,0.0,0.8135593220338984,False
3,7,2.5,12,4,False,True,326,0.8358974358974359,0.293517482225846,0.5489879208850579,0.6673452714589703,0.6574497020175832,1,139,0.0,0.8135593220338984,False
3,7,2.6,12,4,False,True,326,0.8358974358974359,0.293517482225846,0.5489879208850579,0.6673452714589703,0.6574497020175832,1,139,0.0,0.8135593220338984,False
7,6,2.2,11,4,False,True,326,0.8358974358974359,0.267272615820411,0.5014640867578583,0.6510219135267639,0.5990295549506702,1,178,0.0,0.768888888888889,False
7,6,2.1,10,4,False,True,326,0.8358974358974359,0.2824959824670842,0.5020329971034418,0.6347248874526538,0.600882813766639,1,178,0.0,0.7636111111111111,False
7,6,1.8,8,4,False,True,326,0.8358974358974359,0.34061671674629324,0.5283284275367657,0.6323162021215634,0.6046994194083274,1,178,0.0,0.7566666666666667,False
7,5,2.6,11,4,False,False,326,0.8358974358974359,0.24779161805641362,0.4693745013058465,0.6292311624744098,0.5933114230580369,1,178,0.0,0.8222222222222222,False
7,6,1.9,9,4,False,True,326,0.8358974358974359,0.3203138108558009,0.5193394578285226,0.628779968659003,0.6065067336253666,1,178,0.0,0.7566666666666667,False
7,6,2.0,9,4,False,True,326,0.8358974358974359,0.3206482519991183,0.5181320068031905,0.628779968659003,0.6065067336253666,1,178,0.0,0.7566666666666667,False
7,5,2.3,11,4,False,False,326,0.8358974358974359,0.24837022611553347,0.4677089186166935,0.625277090919496,0.5896180638013445,1,178,0.0,0.8444444444444444,False
7,5,2.4,11,4,False,False,326,0.8358974358974359,0.2482905484496806,0.4678591720615567,0.625277090919496,0.5896180638013445,1,178,0.0,0.8444444444444444,False
7,5,2.5,11,4,False,False,326,0.8358974358974359,0.2482905484496806,0.4678591720615567,0.625277090919496,0.5896180638013445,1,178,0.0,0.8444444444444444,False
5,6,2.2,10,5,False,True,326,0.8358974358974359,0.3273342397407617,0.5144305552598137,0.6161762998256545,0.5963490006049756,1,152,0.0,0.8302542372881356,False
6,5,1.9,9,4,False,True,326,0.8358974358974359,0.31904535261721906,0.4939817796968803,0.5931594027578919,0.5833296852523453,1,157,0.0,0.8518518518518519,False
8,4,2.0,9,3,False,False,326,0.8358974358974359,0.26593532402379716,0.39068479060981515,0.5661156335229967,0.49820902118685445,1,161,0.0,0.8244398244398244,False
3,9,2.7,14,5,False,True,325,0.8333333333333334,0.3400861778877943,0.6203869952111863,0.7297845525447462,0.7410525829902408,1,106,0.0,0.890625,False
3,7,2.8,13,4,False,True,325,0.8333333333333334,0.2694530191977936,0.5491959387856494,0.7152789201087262,0.6792016925251634,1,139,0.0,0.8018867924528302,False
4,8,2.8,13,6,False,True,325,0.8333333333333334,0.3722897682986291,0.6149200350827109,0.6886325390033774,0.7105966718972344,1,111,0.0,0.8572115384615384,False
4,9,2.8,13,6,False,True,325,0.8333333333333334,0.3680751577945738,0.6132196782145047,0.6869807027540545,0.707508652137036,1,111,0.0,0.8269230769230769,False
4,8,2.5,13,6,False,True,325,0.8333333333333334,0.37495618658954094,0.6195052027125164,0.686031134487374,0.7145282909392628,1,111,0.0,0.8431490384615384,False
4,9,2.5,13,6,False,True,325,0.8333333333333334,0.37076819546233497,0.6177653793610584,0.6843936136130816,0.7113916647000035,1,111,0.0,0.8269230769230769,False
4,8,2.0,11,6,False,True,325,0.8333333333333334,0.44105919731406884,0.6338673683933108,0.6836459909493199,0.7123106690959552,1,111,0.0,0.8349184782608696,False
4,9,2.0,11,6,False,True,325,0.8333333333333334,0.4374746894983631,0.6319296986889977,0.6820033974197026,0.7091972813156168,1,111,0.0,0.8260869565217391,False
4,7,2.7,12,5,False,True,325,0.8333333333333334,0.393397081853959,0.5989592192108567,0.6613194774587544,0.6787651497077727,1,111,0.0,0.8269230769230769,False
7,6,2.6,11,4,False,True,325,0.8333333333333334,0.2653347246648689,0.5069370425142239,0.6490002745907579,0.5984918599108068,1,178,0.0,0.7511111111111111,False
7,6,2.3,11,4,False,True,325,0.8333333333333334,0.2648666631671763,0.5003253487426813,0.6449760140163046,0.5949650787884546,1,178,0.0,0.7622222222222222,False
7,6,2.4,11,4,False,True,325,0.8333333333333334,0.2647740678102322,0.5004603148908773,0.6449760140163046,0.5949650787884546,1,178,0.0,0.7622222222222222,False
7,6,2.5,11,4,False,True,325,0.8333333333333334,0.2647740678102322,0.5004603148908773,0.6449760140163046,0.5949650787884546,1,178,0.0,0.7622222222222222,False
7,6,2.7,12,4,False,True,325,0.8333333333333334,0.2731787124158608,0.517789244647014,0.6350400272062949,0.6089790282062858,1,178,0.0,0.7511111111111111,False
7,6,2.8,12,4,False,True,325,0.8333333333333334,0.27359557315437366,0.5182014785414477,0.6322476165732023,0.6108579310367572,1,178,0.0,0.7511111111111111,False
7,6,2.9,12,4,False,True,325,0.8333333333333334,0.27251023970255855,0.5179196761999006,0.6322476165732023,0.6108579310367572,1,178,0.0,0.7511111111111111,False
7,5,2.7,12,4,False,False,325,0.8333333333333334,0.25119920296505915,0.4714349569934626,0.6160914270446562,0.5960724191321431,1,178,0.0,0.8222222222222222,False
7,5,2.8,12,4,False,False,325,0.8333333333333334,0.25160855922030695,0.47187413996654454,0.6142735730828753,0.5993581465890712,1,178,0.0,0.8222222222222222,False
7,5,2.9,12,4,False,False,325,0.8333333333333334,0.25058624273938057,0.4716058493014253,0.6142735730828753,0.5993581465890712,1,178,0.0,0.8222222222222222,False
7,5,1.7,8,4,False,True,325,0.8333333333333334,0.31169483077587634,0.4845602483905359,0.6023175319992122,0.5887540006396895,1,178,0.0,0.8333333333333334,False
10,5,2.9,13,4,False,False,325,0.8333333333333334,0.2181731288728218,0.45563681023897373,0.5979969500331421,0.5933278669612232,1,177,0.0,0.8536585365853658,False
5,5,2.6,12,4,False,False,325,0.8333333333333334,0.2652741715762375,0.4725950361433732,0.5938863801184916,0.5776395473573595,1,152,0.0,0.8157894736842105,False
8,5,2.4,11,4,False,False,325,0.8333333333333334,0.2965368259203249,0.4602784077346016,0.5845177110633002,0.564400614077541,1,117,0.0,0.811965811965812,False
8,5,2.7,12,4,False,False,325,0.8333333333333334,0.2950002811147035,0.46855941330014894,0.583106984742181,0.5669138836223147,1,117,0.0,0.8205128205128205,False
8,5,2.6,11,4,False,False,325,0.8333333333333334,0.3127506917226135,0.4803234147427875,0.5821556310260307,0.5767619213830047,1,117,0.0,0.8205128205128205,False
8,4,2.5,11,3,False,False,325,0.8333333333333334,0.22440751334759085,0.3732649299228515,0.568141870584461,0.4933720397860601,1,161,0.0,0.8021483021483021,False
8,4,1.4,7,3,False,True,325,0.8333333333333334,0.3109409338386284,0.41731896694963133,0.5673125409170715,0.4966141140072091,1,161,0.0,0.8123123123123124,False
8,4,1.5,7,3,False,True,325,0.8333333333333334,0.3109409338386284,0.41731896694963133,0.5673125409170715,0.4966141140072091,1,161,0.0,0.8123123123123124,False
10,4,0.6,5,3,False,True,325,0.8333333333333334,0.2987207476016385,0.47310946948955485,0.5125380567166523,0.5986330940682373,1,218,0.0,0.8485498668245043,False
10,4,0.7,5,3,False,True,325,0.8333333333333334,0.29865337719498425,0.46911288790010575,0.5124875220101979,0.592927989325615,1,218,0.0,0.8468111867416396,False
4,8,2.2,12,6,False,True,324,0.8307692307692308,0.40679239027264485,0.6203681919536048,0.6815857941012428,0.7072525690531068,1,111,0.0,0.826505016722408,False
4,9,2.2,12,6,False,True,324,0.8307692307692308,0.40292092255504736,0.6185837329226853,0.6799305758960407,0.7041969613803871,1,111,0.0,0.8260869565217391,False
3,6,0.4,4,4,False,True,324,0.8307692307692308,0.6647526418756378,0.6354136901434225,0.6647526418756378,0.6354136901434225,1,139,0.0,0.8116155660377358,False
6,8,2.8,14,6,False,True,324,0.8307692307692308,0.29088747584463803,0.5525048256152477,0.6481811043750711,0.6648989138775097,1,129,0.0,0.8382475083056479,False
7,6,1.7,8,4,False,True,324,0.8307692307692308,0.3326985919890785,0.519378349770917,0.6199253240406364,0.5919051581547273,1,178,0.0,0.7566666666666667,False
5,6,2.6,12,5,False,True,324,0.8307692307692308,0.2863896702106592,0.505497410915427,0.6033374806287254,0.5966667431988448,1,152,0.0,0.8128947368421053,False
8,5,2.1,10,4,False,True,324,0.8307692307692308,0.3418079903293173,0.4771265748048415,0.5848922003147896,0.5669060008668355,1,117,0.0,0.8290598290598291,False
8,4,1.6,7,3,False,True,324,0.8307692307692308,0.30280013956913915,0.4075336855421967,0.561537321667649,0.4920497533437818,1,161,0.0,0.8080388080388081,False
8,4,2.2,10,3,False,False,324,0.8307692307692308,0.23408841869934083,0.3737207869769866,0.5612942523914418,0.4796534720315931,1,161,0.0,0.8158928158928158,False
8,4,2.3,10,3,False,False,324,0.8307692307692308,0.23232893192361262,0.37128366222735776,0.5606730328847497,0.4799336879492421,1,161,0.0,0.8113883113883114,False
8,4,1.3,7,3,False,True,324,0.8307692307692308,0.30918766836838196,0.4162054258956124,0.5600148813819313,0.493521089831994,1,161,0.0,0.8168168168168168,False
2,9,0.9,7,6,False,True,323,0.8282051282051283,0.6581968508245202,0.7689400620079799,0.753459737349925,0.7969431381648191,1,88,0.0,0.9433962264150944,False
2,9,1.0,7,6,False,True,323,0.8282051282051283,0.6581968508245202,0.7689400620079799,0.753459737349925,0.7969431381648191,1,88,0.0,0.9433962264150944,False
2,9,1.1,8,6,False,True,323,0.8282051282051283,0.5790112309258968,0.7450760366778143,0.7527921441269836,0.7953846760831785,1,88,0.0,0.9433962264150944,False
2,9,1.2,8,6,False,True,323,0.8282051282051283,0.5790112309258968,0.7450760366778143,0.7527921441269836,0.7953846760831785,1,88,0.0,0.9433962264150944,False
6,8,3.0,15,6,False,True,323,0.8282051282051283,0.2790354565359652,0.5445395584774766,0.6551574160489672,0.6575598047729034,1,129,0.0,0.8264933880528955,False
6,7,2.6,13,5,False,True,323,0.8282051282051283,0.2959549686962465,0.5454071442644823,0.6338028893599216,0.643155600553716,1,129,0.0,0.813953488372093,False
6,7,2.7,13,5,False,True,323,0.8282051282051283,0.2959549686962465,0.5454071442644823,0.6338028893599216,0.643155600553716,1,129,0.0,0.813953488372093,False
10,5,2.8,12,4,False,False,323,0.8282051282051283,0.22127267542232798,0.444541199984202,0.5868895317877636,0.5772820493741454,1,177,0.0,0.807909604519774,False
8,5,2.0,9,4,False,True,323,0.8282051282051283,0.35183650728873594,0.4798121354389419,0.5790707964415368,0.5573869420827308,1,117,0.0,0.8198198198198198,False
8,5,2.8,13,4,False,False,323,0.8282051282051283,0.2881538984593325,0.4677509120754988,0.571533008894402,0.5630834141700546,1,117,0.0,0.8205128205128205,False
6,5,1.7,8,4,False,True,323,0.8282051282051283,0.344367170007821,0.5078616564119678,0.568415670857888,0.5756255384780509,1,157,0.0,0.8535031847133758,False
5,4,1.4,7,3,False,True,323,0.8282051282051283,0.22238509164609813,0.3963387699178395,0.5425878662242588,0.49340484544659263,1,211,0.0,0.798087922863213,False
2,9,0.8,7,6,False,True,322,0.8256410256410256,0.6526360046256591,0.7675822450150135,0.7481349056949745,0.7955391069084616,1,88,0.0,0.9433962264150944,False
6,9,2.9,15,6,False,True,322,0.8256410256410256,0.3597437270113544,0.5988978638574671,0.6864063293434203,0.6787504781267525,1,112,0.0,0.8518518518518519,False
3,6,0.5,5,4,False,True,322,0.8256410256410256,0.5008026027103873,0.5894795990143593,0.645846484208696,0.6228053955561134,1,139,0.0,0.8142052395819194,False
8,5,1.4,7,4,False,True,322,0.8256410256410256,0.4065759774432029,0.5097612128730195,0.5766264110106987,0.5556912200464648,1,117,0.0,0.8230088495575221,False
8,5,1.5,7,4,False,True,322,0.8256410256410256,0.4065759774432029,0.5097612128730195,0.5766264110106987,0.5556912200464648,1,117,0.0,0.8230088495575221,False
5,7,2.4,12,5,False,True,321,0.823076923076923,0.27659719880434436,0.5422021279478946,0.6688194336385044,0.6442546200381299,1,152,0.0,0.8533333333333334,False
5,8,2.4,12,5,False,True,321,0.823076923076923,0.2725454377738128,0.5417822808005388,0.6678252830411964,0.6423434158281461,1,152,0.0,0.8016666666666667,False
4,8,2.1,12,6,False,True,321,0.823076923076923,0.39793028849968054,0.6079485054060575,0.6661656345335755,0.6911238549663533,1,111,0.0,0.8197115384615384,False
4,9,2.1,12,6,False,True,321,0.823076923076923,0.3940137143038337,0.6062680038117917,0.6644620011606762,0.6882342907618026,1,111,0.0,0.8125,False
3,7,0.3,4,4,False,True,321,0.823076923076923,0.6614567460171327,0.6346639635866139,0.6614567460171327,0.634663963586614,1,139,0.0,0.7169811320754716,False
6,6,2.1,11,4,False,True,321,0.823076923076923,0.30471987836018966,0.5236948373935849,0.6489932599558431,0.6270168616239795,1,129,0.0,0.8738156761412575,False
10,5,3.0,15,4,False,False,321,0.823076923076923,0.18896861983057703,0.4341645609949774,0.5786997321985947,0.572207137640145,1,177,0.0,0.7627118644067796,False
8,5,1.3,7,4,False,True,321,0.823076923076923,0.4044956826248639,0.5086104174151365,0.5714270106553446,0.5534509622165047,1,117,0.0,0.8053097345132744,False
8,5,1.6,7,4,False,True,321,0.823076923076923,0.39712809019845,0.5006276234153079,0.5709972422811934,0.551480336766468,1,117,0.0,0.8230088495575221,False
6,5,2.0,10,4,False,True,321,0.823076923076923,0.27286140728083863,0.46171781515437665,0.5704666598648015,0.5586096577621417,1,157,0.0,0.7777777777777778,False
8,5,2.9,13,4,False,False,321,0.823076923076923,0.27978337739371756,0.4613448255520709,0.562242982965525,0.551982902151813,1,117,0.0,0.8205128205128205,False
8,5,2.5,11,4,False,False,321,0.823076923076923,0.2991396702220279,0.4584975394930579,0.5617973285561063,0.5566642380005548,1,117,0.0,0.8205128205128205,False
8,5,2.3,10,4,False,True,321,0.823076923076923,0.3096470877639599,0.45917330840551485,0.5613842108544013,0.5468423104812229,1,117,0.0,0.811965811965812,False
8,5,2.2,10,4,False,True,321,0.823076923076923,0.3117297332912514,0.46131475863065113,0.561102261960743,0.5456299198384661,1,117,0.0,0.811965811965812,False
8,5,3.0,14,4,False,False,321,0.823076923076923,0.2743935023813416,0.4594533091101413,0.5608690534566968,0.5551898847377226,1,117,0.0,0.8461538461538461,False
8,4,1.2,7,3,False,True,321,0.823076923076923,0.3022189650688363,0.4113368933974995,0.5425515536198363,0.48160386962692675,1,161,0.0,0.8081435472739821,False
8,4,1.8,8,3,False,True,321,0.823076923076923,0.2670192318167999,0.3809067949364658,0.5393494112368193,0.46872851464332665,1,161,0.0,0.8213622126665605,False
8,4,1.7,8,3,False,True,321,0.823076923076923,0.26821970865415373,0.38443381365596474,0.5391466521138643,0.4678556291605979,1,161,0.0,0.8170887083930563,False
8,4,1.9,8,3,False,True,321,0.823076923076923,0.26916638566773765,0.38867109360539115,0.5381786395637823,0.46818516473829996,1,161,0.0,0.8194245368158412,False
10,4,0.9,5,3,False,True,321,0.823076923076923,0.2820111992022886,0.4417414884241629,0.4907376310003246,0.5554542768799645,1,218,0.0,0.837636874815034,False
10,4,1.0,5,3,False,True,321,0.823076923076923,0.2820111992022886,0.4417414884241629,0.4907376310003246,0.5554542768799645,1,218,0.0,0.837636874815034,False
4,10,3.0,15,7,False,True,320,0.8205128205128205,0.3560393902132201,0.6194450959128965,0.7078204847309758,0.713135123897489,1,111,0.0,0.7867892976588629,False
4,8,2.3,12,6,False,True,320,0.8205128205128205,0.39517507714205896,0.6048025901297749,0.6625240998192894,0.6868669691217385,1,111,0.0,0.8197115384615384,False
4,9,2.3,12,6,False,True,320,0.8205128205128205,0.3912410415002086,0.6031491010091317,0.6608058390033774,0.6840238735842016,1,111,0.0,0.8125,False
3,6,0.6,5,4,False,True,320,0.8205128205128205,0.4931979206538753,0.5814456271295514,0.6389379340734629,0.6140338568621367,1,139,0.0,0.8068985849056604,False
3,6,0.7,5,4,False,True,320,0.8205128205128205,0.4931979206538753,0.5814456271295514,0.6389379340734629,0.6140338568621367,1,139,0.0,0.8068985849056604,False
3,6,0.8,5,4,False,True,320,0.8205128205128205,0.4931979206538753,0.5814456271295514,0.6389379340734629,0.6140338568621367,1,139,0.0,0.8068985849056604,False
3,6,0.9,5,4,False,True,320,0.8205128205128205,0.4931979206538753,0.5814456271295514,0.6389379340734629,0.6140338568621367,1,139,0.0,0.8068985849056604,False
3,6,1.0,5,4,False,True,320,0.8205128205128205,0.4931979206538753,0.5814456271295514,0.6389379340734629,0.6140338568621367,1,139,0.0,0.8068985849056604,False
7,6,3.0,13,4,False,False,320,0.8205128205128205,0.24229918070409323,0.49670107666026453,0.600517755715547,0.5706520057448243,1,178,0.0,0.74,False
7,5,3.0,13,4,False,False,320,0.8205128205128205,0.22220415308970606,0.45083985483586997,0.5820210747254558,0.5558907695099765,1,178,0.0,0.8,False
10,5,2.6,11,4,False,False,320,0.8205128205128205,0.2234512790170151,0.44420126250745773,0.5688921816210671,0.5701817258406835,1,177,0.0,0.7853107344632768,False
4,5,1.6,8,4,False,True,320,0.8205128205128205,0.260385944878742,0.4547257451030152,0.5648648527790232,0.5523219859493964,1,191,0.0,0.84375,False
6,4,0.6,5,3,False,True,320,0.8205128205128205,0.28363335166799736,0.44991398081219475,0.5287058515482201,0.5095712921112051,1,211,0.0,0.7359940872135994,False
6,4,0.7,5,3,False,True,320,0.8205128205128205,0.28363335166799736,0.44991398081219475,0.5287058515482201,0.5095712921112051,1,211,0.0,0.7359940872135994,False
6,4,0.8,5,3,False,True,320,0.8205128205128205,0.28363335166799736,0.44991398081219475,0.5287058515482201,0.5095712921112051,1,211,0.0,0.7359940872135994,False
6,4,1.0,6,3,False,True,320,0.8205128205128205,0.26367909760726066,0.41200705724960274,0.5287058515482201,0.5095712921112051,1,211,0.0,0.7359940872135994,False
10,4,0.8,5,3,False,True,320,0.8205128205128205,0.2789969422031369,0.44003434616275267,0.48496936807056473,0.5526262451110999,1,218,0.0,0.8353432968333827,False
4,8,2.4,12,6,False,True,319,0.8179487179487179,0.3949926620130509,0.6058044084279036,0.6570803659372532,0.6860634158377342,1,111,0.0,0.8197115384615384,False
4,9,2.4,12,6,False,True,319,0.8179487179487179,0.39104211947535794,0.6041444654353182,0.6553431717415436,0.6832300360469236,1,111,0.0,0.8125,False
3,7,0.4,4,4,False,True,319,0.8179487179487179,0.6551436717645099,0.6263145439765779,0.6551436717645099,0.6263145439765779,1,139,0.0,0.7169811320754716,False
6,9,2.8,14,7,False,True,319,0.8179487179487179,0.37253391098582594,0.6057686190979844,0.6468818255031257,0.6749399737178937,1,112,0.0,0.8392857142857143,False
6,6,2.5,11,4,False,True,319,0.8179487179487179,0.3011280607776256,0.5162078659192699,0.6370017748503625,0.6161333100825186,1,129,0.0,0.861522198731501,False
3,6,1.1,6,4,False,True,319,0.8179487179487179,0.44783378759957565,0.5691683453448892,0.628573666495877,0.6113916256384487,1,139,0.0,0.8186846749015881,False
3,6,1.2,6,4,False,True,319,0.8179487179487179,0.44783378759957565,0.5691683453448892,0.628573666495877,0.6113916256384487,1,139,0.0,0.8186846749015881,False
6,8,2.6,13,5,False,True,319,0.8179487179487179,0.2831751623201493,0.5412591331278919,0.6272803856583989,0.6363611462173636,1,129,0.0,0.6748338870431894,False
6,8,2.7,13,5,False,True,319,0.8179487179487179,0.2831751623201493,0.5412591331278919,0.6272803856583989,0.6363611462173636,1,129,0.0,0.6748338870431894,False
4,7,1.8,9,6,False,True,319,0.8179487179487179,0.4462180209552121,0.5866323630756546,0.5861460213194302,0.641134747587379,1,111,0.0,0.7941176470588235,False
6,6,1.7,8,5,False,True,319,0.8179487179487179,0.4066185832849814,0.5578405583975374,0.5817259040893163,0.607461094705754,1,129,0.0,0.8051038843721771,False
4,6,1.6,8,4,False,True,319,0.8179487179487179,0.2710348564558074,0.4817904523912976,0.5801109126596659,0.5645334301328427,1,191,0.0,0.8189338235294117,False
10,5,2.5,11,4,False,False,319,0.8179487179487179,0.22203123153126833,0.44288537241276604,0.5668965923003921,0.5661747852466865,1,177,0.0,0.7853107344632768,False
4,5,1.4,8,4,False,True,319,0.8179487179487179,0.2595487597219069,0.46728607532338967,0.5637945542630334,0.5663859510856079,1,191,0.0,0.84375,False
4,5,1.5,8,4,False,True,319,0.8179487179487179,0.2590765325517549,0.46549964193360627,0.5637945542630334,0.5663859510856079,1,191,0.0,0.84375,False
10,5,2.3,10,4,False,True,319,0.8179487179487179,0.22622344310232786,0.4526482701852678,0.5629682039926006,0.5654749953011561,1,177,0.0,0.8064516129032258,False
10,5,2.7,11,4,False,False,319,0.8179487179487179,0.22276601647170163,0.4419176464116188,0.5621231269174667,0.5657068587436406,1,177,0.0,0.7796610169491526,False
6,5,1.8,8,4,False,True,319,0.8179487179487179,0.3273924120589457,0.49421497033421086,0.547356214457498,0.5591218956756561,1,157,0.0,0.8343949044585988,False
8,4,1.1,7,3,False,True,319,0.8179487179487179,0.2988905666206554,0.40709641643329575,0.53283556579301,0.47378661014250706,1,161,0.0,0.7995965387269734,False
6,9,3.0,15,7,False,True,318,0.8153846153846154,0.3585493649420556,0.5984615040808074,0.6458612344466697,0.6662128662125609,1,112,0.0,0.8235294117647058,False
7,7,2.2,11,4,False,True,318,0.8153846153846154,0.24785521964729906,0.49708994030611126,0.6446602701057268,0.590288806417944,1,178,0.0,0.6567164179104478,False
7,7,2.1,10,4,False,True,318,0.8153846153846154,0.26450014186785886,0.49777130966321886,0.6285656598019367,0.5924941699011059,1,178,0.0,0.6417910447761194,False
7,7,1.8,8,4,False,True,318,0.8153846153846154,0.32464400788765735,0.5233378076633421,0.6262460178017306,0.5961896938336857,1,178,0.0,0.6417910447761194,False
7,7,1.9,9,4,False,True,318,0.8153846153846154,0.3035528366358479,0.5146404475399471,0.6227321260634268,0.5979410661055979,1,178,0.0,0.6417910447761194,False
7,7,2.0,9,4,False,True,318,0.8153846153846154,0.30387556494025897,0.5134577620179545,0.6227321260634268,0.5979410661055979,1,178,0.0,0.6417910447761194,False
4,6,1.5,8,4,False,True,318,0.8153846153846154,0.2709857104275339,0.5014541299685569,0.5795499967157763,0.5839991771462232,1,191,0.0,0.8115808823529411,False
4,6,1.4,8,4,False,True,318,0.8153846153846154,0.269256865849731,0.48997267698670877,0.5788248745485716,0.5770500690984619,1,191,0.0,0.8115808823529411,False
5,5,1.5,8,4,False,True,318,0.8153846153846154,0.3257398652457397,0.49509287574302674,0.5567883214323813,0.5490768632412513,1,152,0.0,0.847457627118644,False
5,5,1.1,7,4,False,True,318,0.8153846153846154,0.3556831244410545,0.5036449485196954,0.5567750383816976,0.55053645936398,1,152,0.0,0.8421052631578947,False
5,5,1.2,7,4,False,True,318,0.8153846153846154,0.3556831244410545,0.5036449485196954,0.5567750383816976,0.55053645936398,1,152,0.0,0.8421052631578947,False
5,5,1.3,7,4,False,True,318,0.8153846153846154,0.3556831244410545,0.5036449485196954,0.5567750383816976,0.55053645936398,1,152,0.0,0.8421052631578947,False
8,5,1.2,7,4,False,True,318,0.8153846153846154,0.39665565056517826,0.503999896996978,0.5561724278126744,0.544249469991586,1,117,0.0,0.7787610619469026,False
8,5,1.9,8,4,False,True,318,0.8153846153846154,0.356792023136597,0.47915186098147744,0.554899887283153,0.5379243369202054,1,117,0.0,0.8376068376068376,False
8,5,1.8,8,4,False,True,318,0.8153846153846154,0.3539904613923021,0.4717606495257959,0.5548668932016985,0.5357548896733597,1,117,0.0,0.8290598290598291,False
8,5,1.7,8,4,False,True,318,0.8153846153846154,0.3555574521418475,0.47512829908774584,0.5546234716093215,0.5350422219142563,1,117,0.0,0.8205128205128205,False
10,5,2.4,10,4,False,True,318,0.8153846153846154,0.23480716774917246,0.4554927009358628,0.5545409440275663,0.5625890948016318,1,177,0.0,0.8022598870056498,False
5,7,2.5,12,5,False,True,317,0.8128205128205128,0.26710822282808794,0.5283152441408377,0.6434234901748042,0.6147793929805185,1,152,0.0,0.8225806451612904,False
7,7,2.6,11,4,False,True,317,0.8128205128205128,0.24647009041228712,0.5027029154907301,0.6431767972999687,0.590069161097644,1,178,0.0,0.6417910447761194,False
5,8,2.5,12,5,False,True,317,0.8128205128205128,0.2629967367223467,0.5280337956461643,0.6423995155942106,0.6132532605766777,1,152,0.0,0.7862903225806452,False
7,7,2.3,11,4,False,True,317,0.8128205128205128,0.2460235770978232,0.4962010103298595,0.6390989403343608,0.5866427607919337,1,178,0.0,0.6417910447761194,False
7,7,2.4,11,4,False,True,317,0.8128205128205128,0.24592122091013152,0.49633495935419536,0.6390989403343608,0.5866427607919337,1,178,0.0,0.6417910447761194,False
7,7,2.5,11,4,False,True,317,0.8128205128205128,0.24592122091013152,0.4963349593541954,0.6390989403343608,0.5866427607919337,1,178,0.0,0.6417910447761194,False
3,7,0.5,5,4,False,True,317,0.8128205128205128,0.4879371983177663,0.5814973660475458,0.6354759761824152,0.613582309682986,1,139,0.0,0.7075471698113207,False
7,7,2.7,12,4,False,True,317,0.8128205128205128,0.2542300371331881,0.5134172107882506,0.6293184308115021,0.6002422544785783,1,178,0.0,0.6417910447761194,False
7,7,2.8,12,4,False,True,317,0.8128205128205128,0.2546431037242593,0.513823659767615,0.6265498101925067,0.6020643581121026,1,178,0.0,0.6417910447761194,False
7,7,2.9,12,4,False,True,317,0.8128205128205128,0.2535230122503508,0.5135486794609548,0.6265498101925067,0.6020643581121026,1,178,0.0,0.6417910447761194,False
6,6,2.3,11,4,False,True,317,0.8128205128205128,0.3003023720409845,0.5150292331542091,0.6206969697393042,0.6107581356892862,1,129,0.0,0.857646229739253,False
6,6,2.4,11,4,False,True,317,0.8128205128205128,0.3003023720409845,0.5150292331542091,0.6206969697393042,0.6107581356892862,1,129,0.0,0.857646229739253,False
5,6,1.5,8,4,False,True,317,0.8128205128205128,0.3463424898972463,0.5207103337551762,0.5881371719105474,0.5784294636923699,1,152,0.0,0.838728813559322,False
5,6,1.1,7,4,False,True,317,0.8128205128205128,0.378504942093866,0.5299493923806087,0.5880994890345757,0.5797786839988521,1,152,0.0,0.8360526315789474,False
5,6,1.2,7,4,False,True,317,0.8128205128205128,0.378504942093866,0.5299493923806087,0.5880994890345757,0.5797786839988521,1,152,0.0,0.8360526315789474,False
5,6,1.3,7,4,False,True,317,0.8128205128205128,0.378504942093866,0.5299493923806087,0.5880994890345757,0.5797786839988521,1,152,0.0,0.8360526315789474,False
4,7,1.9,9,6,False,True,317,0.8128205128205128,0.4384459518377936,0.5865006602155651,0.579541082696838,0.6409771399575376,1,111,0.0,0.7927927927927928,False
4,5,1.3,7,4,False,True,317,0.8128205128205128,0.2921247707323269,0.4896281099581455,0.556168841961974,0.5649799055981118,1,191,0.0,0.8219895287958116,False
5,5,1.6,8,4,False,True,317,0.8128205128205128,0.3231500932757402,0.49244258931823076,0.551664167553442,0.5443535702137119,1,152,0.0,0.8305084745762712,False
5,5,1.7,8,4,False,True,317,0.8128205128205128,0.3231500932757402,0.49244258931823076,0.551664167553442,0.5443535702137119,1,152,0.0,0.8305084745762712,False
5,4,0.9,6,3,False,True,317,0.8128205128205128,0.24352769753576484,0.3957696250828439,0.5148031715655902,0.4771519950068851,1,211,0.0,0.7838699133845399,False
5,4,1.0,6,3,False,True,317,0.8128205128205128,0.24352769753576484,0.3957696250828439,0.5148031715655902,0.4771519950068851,1,211,0.0,0.7838699133845399,False
7,7,1.7,8,4,False,True,316,0.8102564102564103,0.31661522098962747,0.5145532481845831,0.613732294983575,0.5837297777027088,1,178,0.0,0.6417910447761194,False
6,6,2.2,11,4,False,True,316,0.8102564102564103,0.29845948683464374,0.5110676536874416,0.6126909566465424,0.6052394891326244,1,129,0.0,0.8581962563811685,False
5,6,1.6,8,4,False,True,316,0.8102564102564103,0.34360774445050934,0.5181392902020959,0.5829105172985132,0.5739358772655738,1,152,0.0,0.8302542372881356,False
5,6,1.7,8,4,False,True,316,0.8102564102564103,0.34360774445050934,0.5181392902020959,0.5829105172985132,0.5739358772655738,1,152,0.0,0.8302542372881356,False
4,6,1.3,7,4,False,True,316,0.8102564102564103,0.30293752063819795,0.5122028014840967,0.5736313962577049,0.5839691913716503,1,191,0.0,0.8227594702802588,False
8,6,2.1,10,4,False,True,316,0.8102564102564103,0.3441782181568839,0.4878845036108488,0.566453904242372,0.5502762018118336,1,117,0.0,0.81993531993532,False
8,6,2.4,11,4,False,True,316,0.8102564102564103,0.305156692445123,0.4757133484902199,0.5602443237919538,0.5468679930457098,1,117,0.0,0.8113883113883114,False
7,5,1.0,5,4,False,True,316,0.8102564102564103,0.40470856450414044,0.5168257389302325,0.5528576351580519,0.5406179707154253,1,178,0.0,0.8258426966292135,False
7,5,0.9,5,4,False,True,316,0.8102564102564103,0.40513269859695766,0.5222270896039785,0.5492864621640811,0.545286551109514,1,178,0.0,0.8202247191011236,False
8,5,1.1,7,4,False,True,316,0.8102564102564103,0.392960404254744,0.5001711211316505,0.5454812041142338,0.5364173983473298,1,117,0.0,0.7787610619469026,False
5,5,1.8,8,4,False,True,316,0.8102564102564103,0.32734025586581833,0.4923670972965497,0.5454118367167851,0.5396985213090313,1,152,0.0,0.8305084745762712,False
5,5,1.9,9,4,False,True,316,0.8102564102564103,0.30098991040896167,0.47503118342591366,0.5437056853860825,0.531726020499303,1,152,0.0,0.8305084745762712,False
6,5,0.9,6,4,False,True,316,0.8102564102564103,0.37708417481038914,0.5156756219355881,0.539546541548618,0.5522512320997512,1,157,0.0,0.8861788617886179,False
6,5,1.1,7,4,False,True,316,0.8102564102564103,0.36834705860848105,0.5017034140191807,0.5362847128051903,0.5492704045075071,1,157,0.0,0.8703703703703703,False
6,5,1.6,7,4,False,True,316,0.8102564102564103,0.35611395816835817,0.4978456609039491,0.5354324359573921,0.5464012804565734,1,157,0.0,0.821656050955414,False
6,5,1.2,7,4,False,True,316,0.8102564102564103,0.3601921284944089,0.49789316955575735,0.5348604621525289,0.5449897999690485,1,157,0.0,0.821656050955414,False
6,5,1.3,7,4,False,True,316,0.8102564102564103,0.3601921284944089,0.49789316955575735,0.5348604621525289,0.5449897999690485,1,157,0.0,0.821656050955414,False
6,5,1.4,7,4,False,True,316,0.8102564102564103,0.3581825219876902,0.49724452627234245,0.5348604621525289,0.5449897999690485,1,157,0.0,0.821656050955414,False
6,5,1.5,7,4,False,True,316,0.8102564102564103,0.3581825219876902,0.49724452627234245,0.5348604621525289,0.5449897999690485,1,157,0.0,0.821656050955414,False
3,10,3.0,15,6,False,True,315,0.8076923076923077,0.32390320325454175,0.6325940840030864,0.7278628943936396,0.740131002225391,1,106,0.0,0.6947368421052631,False
6,10,2.9,15,6,False,True,315,0.8076923076923077,0.35965519219193565,0.6011467421249703,0.6756939361795867,0.6700727959702086,1,112,0.0,0.6917701863354038,False
4,10,2.8,13,7,False,True,315,0.8076923076923077,0.3689404838635792,0.6166848799588278,0.6711231127430574,0.6907431328968181,1,111,0.0,0.7759197324414716,False
4,10,2.5,13,7,False,True,315,0.8076923076923077,0.37172300218960913,0.621157178237863,0.6686328984038679,0.6944197277194635,1,111,0.0,0.7759197324414716,False
6,9,2.6,13,6,False,True,315,0.8076923076923077,0.3626185044076762,0.5933698860562672,0.6340733553337506,0.6520479280158443,1,112,0.0,0.6545454545454545,False
6,9,2.7,13,6,False,True,315,0.8076923076923077,0.3626185044076762,0.5933698860562672,0.6340733553337506,0.6520479280158443,1,112,0.0,0.6545454545454545,False
3,7,0.6,5,4,False,True,315,0.8076923076923077,0.4810268459691867,0.5738735136197074,0.6292155054240953,0.6052694952525726,1,139,0.0,0.7075471698113207,False
3,7,0.7,5,4,False,True,315,0.8076923076923077,0.4810268459691867,0.5738735136197074,0.6292155054240953,0.6052694952525726,1,139,0.0,0.7075471698113207,False
3,7,0.8,5,4,False,True,315,0.8076923076923077,0.4810268459691867,0.5738735136197074,0.6292155054240953,0.6052694952525726,1,139,0.0,0.7075471698113207,False
3,7,0.9,5,4,False,True,315,0.8076923076923077,0.4810268459691867,0.5738735136197074,0.6292155054240953,0.6052694952525726,1,139,0.0,0.7075471698113207,False
3,7,1.0,5,4,False,True,315,0.8076923076923077,0.4810268459691867,0.5738735136197074,0.6292155054240953,0.6052694952525726,1,139,0.0,0.7075471698113207,False
7,6,1.0,5,4,False,True,315,0.8076923076923077,0.4286878212310603,0.5476817830681603,0.5823194040780442,0.5738596018563824,1,178,0.0,0.8262546816479401,False
7,6,0.9,5,4,False,True,315,0.8076923076923077,0.42831539249665396,0.5488234936112019,0.5779778786004979,0.573827364113723,1,178,0.0,0.8234456928838951,False
5,6,1.8,8,4,False,True,315,0.8076923076923077,0.3478157716183962,0.5180224448976495,0.5765092010890659,0.5694702164017452,1,152,0.0,0.8302542372881356,False
5,6,1.9,9,4,False,True,315,0.8076923076923077,0.31932836759739697,0.5004567911689599,0.5747678279916649,0.5618521629847204,1,152,0.0,0.8302542372881356,False
4,7,1.7,9,6,False,True,315,0.8076923076923077,0.43667193063646564,0.5810338128788672,0.5742462114908928,0.6347622180196489,1,111,0.0,0.7875,False
8,6,2.0,9,4,False,True,315,0.8076923076923077,0.3508571173752068,0.48889863186041166,0.5622644621544415,0.5420245573292443,1,117,0.0,0.816772655007949,False
3,10,2.9,15,5,False,True,314,0.8051282051282052,0.31851643608666097,0.6288210159691859,0.7226392409613218,0.7357811384729447,1,106,0.0,0.4489795918367347,False
4,10,2.0,11,6,False,True,314,0.8051282051282052,0.4156112909792178,0.625199570406315,0.6702201157009205,0.6951849854133143,1,111,0.0,0.810479375696767,False
4,10,2.2,12,7,False,True,314,0.8051282051282052,0.4049157723183786,0.6220330053549599,0.6663968632051688,0.6897177615543975,1,111,0.0,0.7908653846153846,False
5,7,2.7,13,5,False,True,314,0.8051282051282052,0.25792115156636813,0.5161591675467433,0.6279605892837749,0.60653148818304,1,152,0.0,0.8387096774193549,False
5,8,2.7,13,5,False,True,314,0.8051282051282052,0.2536476342012776,0.5160014829382911,0.62686565274981,0.6051240943744265,1,152,0.0,0.7943548387096775,False
5,7,3.0,15,5,False,False,314,0.8051282051282052,0.2503617826140231,0.5171134029181857,0.6189549959145451,0.6046662814234196,1,152,0.0,0.8666666666666667,False
3,7,1.1,6,4,False,True,314,0.8051282051282052,0.43429119846794356,0.5621825137625784,0.6187398252834037,0.6026829031098527,1,139,0.0,0.7452830188679245,False
3,7,1.2,6,4,False,True,314,0.8051282051282052,0.43429119846794356,0.5621825137625784,0.6187398252834037,0.6026829031098527,1,139,0.0,0.7452830188679245,False
5,8,3.0,15,5,False,True,314,0.8051282051282052,0.24593337474009075,0.5169501076613701,0.6178360177410823,0.6032887571630188,1,152,0.0,0.8365591397849462,False
8,6,2.7,12,4,False,True,314,0.8051282051282052,0.301538610448515,0.4817939812229207,0.5497891859501757,0.5512723023691991,1,117,0.0,0.8111573111573112,False
8,6,2.6,11,4,False,True,314,0.8051282051282052,0.3068093684056045,0.4855765118241417,0.5480925763015853,0.5605721459065918,1,117,0.0,0.8021483021483021,False
9,4,2.2,10,3,False,False,314,0.8051282051282052,0.19025678787761963,0.3393044495572299,0.4974213018609394,0.4389354154013497,1,176,0.0,0.7431513319478557,False
9,4,2.3,10,3,False,False,314,0.8051282051282052,0.18962992507533705,0.33770363445758833,0.4974213018609394,0.4389354154013497,1,176,0.0,0.7431513319478557,False
9,4,2.5,11,3,False,False,314,0.8051282051282052,0.18805273491232688,0.3358660994488954,0.4974213018609394,0.4389354154013497,1,176,0.0,0.7431513319478557,False
9,4,1.9,9,3,False,False,314,0.8051282051282052,0.21812637179316846,0.3375378438756602,0.4905892807521596,0.4371821660267909,1,176,0.0,0.7502833931607784,False
7,4,0.4,3,3,False,True,314,0.8051282051282052,0.48251016225959675,0.5056033662082442,0.48251016225959675,0.5056033662082442,1,250,0.0,0.8068510638297872,False
5,7,2.8,13,5,False,True,313,0.8025641025641026,0.25608902385297055,0.5191043589095388,0.6158847328641653,0.5970013854875201,1,152,0.0,0.8533333333333334,False
5,8,2.8,13,5,False,True,313,0.8025641025641026,0.25179605431319524,0.5189181560416537,0.6147841329186,0.5957198975331977,1,152,0.0,0.813763440860215,False
8,6,2.2,10,4,False,True,313,0.8025641025641026,0.3084046545180561,0.47059387946986514,0.5441558839535596,0.5306095815786553,1,117,0.0,0.8128456510809452,False
8,6,2.3,10,4,False,True,313,0.8025641025641026,0.3068520981887353,0.4687622391659357,0.5439029745251911,0.5316116890980097,1,117,0.0,0.8113883113883114,False
8,6,2.5,11,4,False,True,313,0.8025641025641026,0.2996173747840849,0.4696703117219047,0.5431123101250406,0.5403308830430666,1,117,0.0,0.8021483021483021,False
9,5,1.9,9,4,False,True,313,0.8025641025641026,0.3041413151310565,0.4502887177287645,0.5078646902836538,0.5325687683573597,1,135,0.0,0.753731343283582,False
9,4,2.6,11,3,False,False,313,0.8025641025641026,0.18234397870057037,0.327453788295567,0.4936293225754421,0.4379220750250549,1,176,0.0,0.7319573020971093,False
9,4,2.7,11,3,False,False,313,0.8025641025641026,0.17869762281165605,0.32446039212551797,0.4936293225754421,0.4379220750250549,1,176,0.0,0.7319573020971093,False
9,4,2.9,13,3,False,False,313,0.8025641025641026,0.15904792478949162,0.31965896236302793,0.4928451540844661,0.43259891153753305,1,176,0.0,0.7420177593047421,False
9,4,2.4,10,3,False,False,313,0.8025641025641026,0.18743318304829384,0.3358697344346702,0.4913406786151111,0.4343342977122976,1,176,0.0,0.7431513319478557,False
9,4,2.0,9,3,False,False,313,0.8025641025641026,0.19432253148171197,0.32641738869714493,0.48913346430246235,0.4275065817130456,1,176,0.0,0.7506140185150199,False
9,4,2.1,9,3,False,False,313,0.8025641025641026,0.19432253148171197,0.32641738869714493,0.48913346430246235,0.4275065817130456,1,176,0.0,0.7506140185150199,False
3,10,2.7,14,5,False,True,312,0.8,0.32889016994270237,0.6225764490942812,0.7081013133392968,0.723194746054748,1,106,0.0,0.4489795918367347,False
6,10,2.8,14,7,False,True,312,0.8,0.36793282430228835,0.6052849943402697,0.6320442875838165,0.66550050159733,1,112,0.0,0.7469155844155844,False
5,7,2.9,13,5,False,True,312,0.8,0.25100801375578324,0.5093913359230164,0.6064304512981679,0.5948580201161108,1,152,0.0,0.8533333333333334,False
5,8,2.9,13,5,False,True,312,0.8,0.24668135950524925,0.5092997020591398,0.6052837115067025,0.5936085620920442,1,152,0.0,0.8298924731182795,False
7,7,3.0,13,4,False,True,312,0.8,0.22359946068227418,0.49323582814360944,0.5945378038151912,0.5629049223593287,1,178,0.0,0.6417910447761194,False
8,6,1.4,7,4,False,True,312,0.8,0.39497357297779434,0.5103799974365842,0.5504370228574896,0.541711457541509,1,117,0.0,0.7957516339869282,False
8,6,1.5,7,4,False,True,312,0.8,0.39497357297779434,0.5103799974365842,0.5504370228574896,0.541711457541509,1,117,0.0,0.7957516339869282,False
8,6,2.8,13,4,False,False,312,0.8,0.29420061185361546,0.4808040253839559,0.5380811025312748,0.5475612566251665,1,117,0.0,0.8021483021483021,False
5,5,1.4,7,4,False,True,312,0.8,0.3423074053111277,0.49229684338841007,0.5200922592994223,0.5253891870709236,1,152,0.0,0.8026315789473685,False
10,5,2.2,10,4,False,True,312,0.8,0.23089579674016902,0.44944626080811717,0.515224221930867,0.5558837030441729,1,177,0.0,0.7804878048780488,False
9,5,2.3,10,4,False,True,312,0.8,0.2653969878481055,0.44031648038023063,0.5054580936969123,0.5247258487828144,1,135,0.0,0.7848101265822784,False
9,5,2.2,10,4,False,True,312,0.8,0.2661557911041297,0.44181815877838276,0.504049854737186,0.5260295872616414,1,135,0.0,0.7848101265822784,False
9,5,2.5,11,4,False,False,312,0.8,0.2630192840779932,0.4375000094025181,0.504049854737186,0.5260295872616414,1,135,0.0,0.7848101265822784,False
9,5,2.0,9,4,False,True,312,0.8,0.27372901166379376,0.4375205748044992,0.5040292158712509,0.5242420156540689,1,135,0.0,0.7848101265822784,False
9,5,2.1,9,4,False,True,312,0.8,0.27372901166379376,0.4375205748044992,0.5040292158712509,0.5242420156540689,1,135,0.0,0.7848101265822784,False
9,4,2.8,12,3,False,False,312,0.8,0.1640322996079945,0.3219894347041511,0.49321202296185135,0.43099373126858564,1,176,0.0,0.734555072737578,False
9,4,3.0,14,3,False,False,312,0.8,0.1598382320058527,0.31526044968625716,0.4888949565127315,0.4293741973949906,1,176,0.0,0.7319573020971093,False
7,4,0.5,3,3,False,True,312,0.8,0.4707955455265626,0.5009057771226226,0.4707955455265626,0.5009057771226226,1,250,0.0,0.8061702127659575,False
4,8,2.6,12,5,False,True,311,0.7974358974358975,0.3621709556542034,0.6031553497242444,0.658089154312227,0.6811411635305329,1,111,0.0,0.8156354515050167,False
4,9,2.6,12,5,False,True,311,0.7974358974358975,0.3579899381684984,0.6015268139861487,0.6564409330989,0.6782710278026922,1,111,0.0,0.8043478260869565,False
5,9,2.4,12,5,False,True,311,0.7974358974358975,0.2721432419284453,0.5485646162151507,0.6517688593151868,0.6299799270904609,1,152,0.0,0.75,False
4,10,2.1,12,7,False,True,311,0.7974358974358975,0.3957985880679304,0.6099308006015839,0.6504427135873219,0.674453904169874,1,111,0.0,0.7867892976588629,False
6,10,3.0,15,7,False,True,311,0.7974358974358975,0.3535510813167063,0.5980777904323719,0.6312096014176414,0.656890580030235,1,112,0.0,0.7572192513368984,False
6,7,2.1,11,5,False,True,311,0.7974358974358975,0.32030475949860576,0.5384067460317542,0.6091724576488662,0.6184854938794586,1,129,0.0,0.8392857142857143,False
3,8,2.4,12,5,False,True,311,0.7974358974358975,0.3483587794485457,0.5830561468597135,0.5985477984120874,0.6435335615009082,1,106,0.0,0.7461722488038277,False
3,8,2.5,12,5,False,True,311,0.7974358974358975,0.3483587794485457,0.5830561468597134,0.5985477984120874,0.6435335615009082,1,106,0.0,0.7461722488038277,False
3,8,2.6,12,5,False,True,311,0.7974358974358975,0.3483587794485457,0.5830561468597134,0.5985477984120874,0.6435335615009082,1,106,0.0,0.7461722488038277,False
5,6,1.4,7,4,False,True,311,0.7974358974358975,0.3644048737816397,0.5189306975792481,0.5505173636560001,0.5556534538037595,1,152,0.0,0.8163157894736842,False
8,6,1.3,7,4,False,True,311,0.7974358974358975,0.3928673959153467,0.5092613060076201,0.5465431509630695,0.5399650883178302,1,117,0.0,0.7859477124183006,False
8,6,1.6,7,4,False,True,311,0.7974358974358975,0.38592628288445363,0.5017926284699751,0.5447145213968091,0.5376391635902003,1,117,0.0,0.7914781297134239,False
9,6,1.9,9,4,False,True,311,0.7974358974358975,0.3358528191652129,0.4863113129879912,0.5444565490794496,0.5593166900665957,1,135,0.0,0.7919362400375058,False
4,5,1.2,7,4,False,True,311,0.7974358974358975,0.28470835529448285,0.4754538148357946,0.5237510566108755,0.5497695497261028,1,191,0.0,0.8010471204188482,False
9,5,2.6,11,4,False,False,311,0.7974358974358975,0.2569440178548007,0.4302201287620557,0.5000415909852549,0.5251147303442126,1,135,0.0,0.7848101265822784,False
9,5,2.7,11,4,False,False,311,0.7974358974358975,0.25214457736892426,0.4269216537802084,0.5000415909852549,0.5251147303442126,1,135,0.0,0.7848101265822784,False
9,5,2.9,13,4,False,False,311,0.7974358974358975,0.22669204156099657,0.41940513371724925,0.49953523693784363,0.5209043026415238,1,135,0.0,0.7974683544303798,False
9,5,2.4,10,4,False,True,311,0.7974358974358975,0.2626223347642464,0.4383478020725911,0.49850063807523365,0.5225234833308307,1,135,0.0,0.7848101265822784,False
9,4,1.6,8,3,False,True,311,0.7974358974358975,0.21630262046104654,0.3270749935141274,0.4829974103132932,0.4160095677465269,1,176,0.0,0.7316266767428679,False
9,4,1.8,8,3,False,True,311,0.7974358974358975,0.21468375443848403,0.3261572714292903,0.48052399638639975,0.41681654320850847,1,176,0.0,0.73535802002645,False
4,10,2.3,12,7,False,True,310,0.7948717948717948,0.39295456023200354,0.6068644366388115,0.6466495506103687,0.6704399263998938,1,111,0.0,0.7867892976588629,False
3,8,2.8,13,5,False,True,310,0.7948717948717948,0.3183844593230582,0.5826515440257153,0.6182237323435126,0.6542541229592317,1,106,0.0,0.741852487135506,False
5,7,2.0,10,5,False,True,310,0.7948717948717948,0.30117056481260884,0.5176190567567724,0.597466367401013,0.5877710845746204,1,152,0.0,0.8305084745762712,False
5,7,2.1,10,5,False,True,310,0.7948717948717948,0.30117056481260884,0.5176190567567724,0.597466367401013,0.5877710845746204,1,152,0.0,0.8305084745762712,False
5,7,2.3,10,5,False,True,310,0.7948717948717948,0.30117056481260884,0.5176190567567724,0.597466367401013,0.5877710845746204,1,152,0.0,0.8305084745762712,False
5,8,2.0,10,5,False,True,310,0.7948717948717948,0.2975385400681695,0.5174350536105924,0.5962701866849641,0.5866154646107437,1,152,0.0,0.7902542372881356,False
5,8,2.1,10,5,False,True,310,0.7948717948717948,0.2975385400681695,0.5174350536105924,0.5962701866849641,0.5866154646107437,1,152,0.0,0.7902542372881356,False
5,8,2.3,10,5,False,True,310,0.7948717948717948,0.2975385400681695,0.5174350536105924,0.5962701866849641,0.5866154646107437,1,152,0.0,0.7902542372881356,False
6,6,1.9,9,4,False,True,310,0.7948717948717948,0.3506579420359129,0.5187872000899889,0.582543183202241,0.5781544175111408,1,129,0.0,0.8173987941429801,False
8,6,1.9,8,4,False,True,310,0.7948717948717948,0.3559452965789642,0.48821812479870974,0.5424101340654188,0.5243883553415867,1,117,0.0,0.7815485168426345,False
9,6,2.3,10,4,False,True,310,0.7948717948717948,0.29270230920343454,0.47520591943282064,0.542063470145737,0.5509326948800071,1,135,0.0,0.7959138352209638,False
8,6,1.8,8,4,False,True,310,0.7948717948717948,0.3523610781965436,0.4807418636751891,0.5418364744810612,0.5233230273097883,1,117,0.0,0.7870789341377578,False
8,6,1.7,8,4,False,True,310,0.7948717948717948,0.35403737817042547,0.48403006829256,0.5415846710863647,0.5226345849643784,1,117,0.0,0.7828054298642534,False
9,6,2.0,9,4,False,True,310,0.7948717948717948,0.3024307563627142,0.4733737728197449,0.5410112365288414,0.5515177232246393,1,135,0.0,0.8046857650455252,False
9,6,2.1,9,4,False,True,310,0.7948717948717948,0.3024307563627142,0.4733737728197449,0.5410112365288414,0.5515177232246393,1,135,0.0,0.8046857650455252,False
9,6,2.2,10,4,False,True,310,0.7948717948717948,0.2931024566460002,0.476187609572854,0.5397348804322228,0.5507923558695266,1,135,0.0,0.7959138352209638,False
9,6,2.5,11,4,False,True,310,0.7948717948717948,0.2895102659552081,0.47171635920446015,0.5397348804322228,0.5507923558695266,1,135,0.0,0.7959138352209638,False
4,6,1.2,7,4,False,True,310,0.7948717948717948,0.29583081531421124,0.49888474001465605,0.5381551969004751,0.5609421715024842,1,191,0.0,0.7902294425623653,False
8,6,2.9,13,4,False,False,310,0.7948717948717948,0.28543048081939104,0.47452505295452224,0.52879548076846,0.5368019518874281,1,117,0.0,0.8021483021483021,False
8,6,3.0,14,4,False,False,310,0.7948717948717948,0.27949888041747245,0.47245506466039144,0.5275871575050658,0.53987694631175,1,117,0.0,0.7999470058293587,False
10,5,2.1,10,4,False,True,310,0.7948717948717948,0.221251210535367,0.43695884595357204,0.5049622920880271,0.5455454348167004,1,177,0.0,0.7804878048780488,False
9,5,2.8,12,4,False,False,310,0.7948717948717948,0.23340931891959074,0.4228064288263934,0.4974721815215774,0.5192838113489483,1,135,0.0,0.7974683544303798,False
9,5,3.0,14,4,False,False,310,0.7948717948717948,0.22745120678636555,0.41476769211135395,0.4951318095284423,0.5185884180884597,1,135,0.0,0.7848101265822784,False
9,5,1.6,8,4,False,True,310,0.7948717948717948,0.30301625093245105,0.4421941501774181,0.49477283213256357,0.5163096510386358,1,135,0.0,0.7468354430379747,False
9,5,1.8,8,4,False,True,310,0.7948717948717948,0.3009493526714697,0.44120847336733476,0.49474134785913143,0.5158939909761454,1,135,0.0,0.7468354430379747,False
9,4,1.2,7,3,False,True,310,0.7948717948717948,0.2379479198323945,0.3464216218163304,0.48240831703849535,0.42044300423086245,1,176,0.0,0.7092386170413754,False
9,4,1.4,7,3,False,True,310,0.7948717948717948,0.23579430005915597,0.3439313019525431,0.48240831703849535,0.42044300423086245,1,176,0.0,0.7092386170413754,False
9,4,1.5,7,3,False,True,310,0.7948717948717948,0.23589561236636156,0.3441030496771233,0.48240831703849535,0.42044300423086245,1,176,0.0,0.7092386170413754,False
9,4,1.7,7,3,False,True,310,0.7948717948717948,0.23517789656593913,0.3409480913250489,0.48240831703849535,0.42044300423086245,1,176,0.0,0.7092386170413754,False
2,10,0.9,7,6,False,True,309,0.7923076923076923,0.6290018619886881,0.7563981956224591,0.7284526156974825,0.7832796796262121,1,88,0.0,0.8777680652680653,False
2,10,1.0,7,6,False,True,309,0.7923076923076923,0.6290018619886881,0.7563981956224591,0.7284526156974825,0.7832796796262121,1,88,0.0,0.8777680652680653,False
2,10,1.1,8,6,False,True,309,0.7923076923076923,0.5459389958716315,0.7334251752206306,0.7277544862525812,0.7817573401934542,1,88,0.0,0.8834498834498834,False
2,10,1.2,8,6,False,True,309,0.7923076923076923,0.5459389958716315,0.7334251752206306,0.7277544862525812,0.7817573401934542,1,88,0.0,0.8834498834498834,False
4,8,2.7,12,5,False,True,309,0.7923076923076923,0.35638913490374335,0.5959593865837902,0.6466689389922465,0.6723569209764301,1,111,0.0,0.8156354515050167,False
4,9,2.7,12,5,False,True,309,0.7923076923076923,0.3521821631118804,0.5943902380933465,0.6449826148913553,0.66958130506529,1,111,0.0,0.8043478260869565,False
4,10,2.4,12,7,False,True,309,0.7923076923076923,0.3927240883333098,0.6078383467707337,0.6425780690091516,0.6710259545462058,1,111,0.0,0.7867892976588629,False
6,7,2.5,11,5,False,True,309,0.7923076923076923,0.315848613389928,0.533142619180265,0.593328459803611,0.6105315121096017,1,129,0.0,0.8303571428571429,False
5,7,2.2,10,5,False,True,309,0.7923076923076923,0.3013934504581724,0.5160784866639947,0.5903618696732191,0.5837644051040215,1,152,0.0,0.8305084745762712,False
5,8,2.2,10,5,False,True,309,0.7923076923076923,0.29777863847779845,0.5159103525213481,0.5891464321766079,0.5826618354693436,1,152,0.0,0.7902542372881356,False
6,7,1.7,8,5,False,True,309,0.7923076923076923,0.3900238846134336,0.5531772907666983,0.5595753394120884,0.5938673298197862,1,129,0.0,0.7232142857142857,False
9,6,2.9,13,4,False,False,309,0.7923076923076923,0.2492116425355108,0.453048849216265,0.5344483033710788,0.5447961196154238,1,135,0.0,0.793471019320453,False
9,6,2.4,10,4,False,True,309,0.7923076923076923,0.2892117693380233,0.4728043431477332,0.5340016043576657,0.5474657307791216,1,135,0.0,0.7959138352209638,False
9,6,2.6,11,4,False,True,309,0.7923076923076923,0.2825540878311538,0.4643662231573749,0.533523427319212,0.5466541635759339,1,135,0.0,0.7827559404841217,False
9,6,2.7,11,4,False,True,309,0.7923076923076923,0.27758351018793126,0.46122590835206956,0.533523427319212,0.5466541635759339,1,135,0.0,0.7827559404841217,False
4,5,1.1,6,4,False,True,309,0.7923076923076923,0.3234126425969051,0.5014088810517702,0.516165562855309,0.5572211545781699,1,191,0.0,0.7486910994764397,False
4,5,0.6,5,4,False,True,309,0.7923076923076923,0.368782803412629,0.5290847799948448,0.5137134201399168,0.5627871217966156,1,191,0.0,0.7439024390243902,False
9,5,1.5,7,4,False,True,309,0.7923076923076923,0.32883249098933043,0.46212618006017175,0.49474593792226407,0.5180569812752694,1,135,0.0,0.7468354430379747,False
9,5,1.7,7,4,False,True,309,0.7923076923076923,0.327946822263732,0.4591689474243657,0.49474593792226407,0.5180569812752694,1,135,0.0,0.7468354430379747,False
9,5,1.2,7,4,False,True,309,0.7923076923076923,0.3308699903920364,0.46415185812558807,0.4935269886454374,0.5196644757490417,1,135,0.0,0.7468354430379747,False
9,4,1.1,7,3,False,True,309,0.7923076923076923,0.2391862103963437,0.34667309954279985,0.4772708673120068,0.417114081951937,1,176,0.0,0.7055072737577933,False
9,4,1.3,7,3,False,True,309,0.7923076923076923,0.23416940823367532,0.34011930508367966,0.4769035327319318,0.41368475024140305,1,176,0.0,0.7092386170413754,False
2,10,0.8,7,6,False,True,308,0.7897435897435897,0.6233679454253647,0.7550647491144242,0.7230642724158408,0.7819016258230908,1,88,0.0,0.872086247086247,False
4,4,0.2,2,2,False,True,308,0.7897435897435897,0.6777103953062139,0.5365363335884022,0.6777103953062139,0.5365363335884024,1,243,0.0,0.4451219512195122,False
7,4,0.3,2,2,False,True,308,0.7897435897435897,0.6213544673323546,0.5077671510896467,0.6213544673323546,0.5077671510896467,1,250,0.0,0.34574468085106386,False
6,10,2.6,13,6,False,True,308,0.7897435897435897,0.3578745773116109,0.5930463865792415,0.6204527892165831,0.6425863637930305,1,112,0.0,0.5951298701298702,False
6,10,2.7,13,6,False,True,308,0.7897435897435897,0.3578745773116109,0.5930463865792415,0.6204527892165831,0.6425863637930305,1,112,0.0,0.5951298701298702,False
10,6,2.9,13,5,False,False,308,0.7897435897435897,0.2956730370373528,0.5079254169008052,0.5537399468038634,0.5809579673368939,1,124,0.0,0.7998451413085559,False
4,6,1.1,6,4,False,True,308,0.7897435897435897,0.33785311452711636,0.5392382027560694,0.5338098240140196,0.5846533861831524,1,191,0.0,0.8008161379735139,False
9,6,2.8,12,4,False,True,308,0.7897435897435897,0.2567440021392232,0.4566536744260426,0.5334078271982452,0.5445204922597645,1,135,0.0,0.7846990894958916,False
8,6,1.2,7,4,False,True,308,0.7897435897435897,0.3871724938932786,0.5056865940068395,0.533105213510247,0.5317184586154908,1,117,0.0,0.7712418300653594,False
9,6,1.8,8,4,False,True,308,0.7897435897435897,0.3327566724093779,0.47806875196646326,0.5313881606219543,0.5436283625696183,1,135,0.0,0.7900843881856541,False
9,6,1.6,8,4,False,True,308,0.7897435897435897,0.3344915877949431,0.47851810544479867,0.5307256080232161,0.5427482356128814,1,135,0.0,0.7856984232733732,False
4,6,0.6,5,4,False,True,308,0.7897435897435897,0.3812630736237041,0.5480957621671702,0.5303646246080381,0.5826582844387588,1,191,0.0,0.8102864182322143,False
9,6,3.0,14,4,False,False,308,0.7897435897435897,0.24999380327623688,0.4484464336259089,0.5300945502830109,0.5426670499362999,1,135,0.0,0.7827559404841217,False
5,5,0.9,6,4,False,True,308,0.7897435897435897,0.37053448873465067,0.49609800059823633,0.5084884720834086,0.5184827921372268,1,152,0.0,0.7697368421052632,False
5,5,1.0,6,4,False,True,308,0.7897435897435897,0.37053448873465067,0.49609800059823633,0.5084884720834086,0.5184827921372268,1,152,0.0,0.7697368421052632,False
4,5,0.7,5,4,False,True,308,0.7897435897435897,0.3637750104002156,0.5265738327379724,0.5070014926730734,0.5585036640535949,1,191,0.0,0.7486910994764397,False
4,5,0.8,5,4,False,True,308,0.7897435897435897,0.3637750104002156,0.5265738327379724,0.5070014926730734,0.5585036640535949,1,191,0.0,0.7486910994764397,False
9,5,1.3,7,4,False,True,308,0.7897435897435897,0.3265968180951177,0.45834817883054285,0.489648682401433,0.512772874638057,1,135,0.0,0.7468354430379747,False
10,5,1.8,8,4,False,True,308,0.7897435897435897,0.26943712394449787,0.46012518675398767,0.48954672998863663,0.5455524672378876,1,177,0.0,0.7804878048780488,False
10,5,1.9,8,4,False,True,308,0.7897435897435897,0.26943712394449787,0.46012518675398767,0.48954672998863663,0.5455524672378876,1,177,0.0,0.7804878048780488,False
9,5,1.4,7,4,False,True,308,0.7897435897435897,0.3257324418807515,0.4566860982497096,0.48946173841320667,0.5096999906525272,1,135,0.0,0.7468354430379747,False
9,5,1.1,7,4,False,True,308,0.7897435897435897,0.33242673212408164,0.46447269045534545,0.48871216875610124,0.5171428904199716,1,135,0.0,0.7468354430379747,False
8,4,1.0,6,3,False,True,308,0.7897435897435897,0.3125099999006405,0.41850062282776307,0.46810652094386007,0.45098102805872375,1,161,0.0,0.66008316008316,False
5,9,2.5,12,5,False,True,307,0.7871794871794872,0.2623794874524346,0.5350421498336847,0.6290958668154132,0.6028951509207482,1,152,0.0,0.75,False
6,8,2.1,11,5,False,True,307,0.7871794871794872,0.3072430595256357,0.5338083440247563,0.6014854351636907,0.6116479093047553,1,129,0.0,0.8304955703211517,False
6,7,2.3,11,5,False,True,307,0.7871794871794872,0.3158676801941306,0.5328537486085361,0.5810212849062024,0.6075976596826271,1,129,0.0,0.8303571428571429,False
6,7,2.4,11,5,False,True,307,0.7871794871794872,0.3158676801941306,0.5328537486085361,0.5810212849062024,0.6075976596826271,1,129,0.0,0.8303571428571429,False
5,7,2.6,12,5,False,True,307,0.7871794871794872,0.2612667248267783,0.5057961436983341,0.5774559806919554,0.5791954250112684,1,152,0.0,0.8157894736842105,False
5,8,2.6,12,5,False,True,307,0.7871794871794872,0.2571116713608256,0.505738319643262,0.5761823188442444,0.578157181308415,1,152,0.0,0.7828947368421053,False
7,7,1.0,5,4,False,True,307,0.7871794871794872,0.4107993253387908,0.538689578944004,0.5690759099751219,0.5632617470064862,1,178,0.0,0.8059701492537313,False
7,7,0.9,5,4,False,True,307,0.7871794871794872,0.41036950775866443,0.5398164674520255,0.5646761487505138,0.5632407043176691,1,178,0.0,0.8059701492537313,False
5,6,0.9,6,4,False,True,307,0.7871794871794872,0.39488245688444634,0.5238017974300115,0.5384920835287911,0.5488560177948987,1,152,0.0,0.7998684210526316,False
5,6,1.0,6,4,False,True,307,0.7871794871794872,0.39488245688444634,0.5238017974300115,0.5384920835287911,0.5488560177948987,1,152,0.0,0.7998684210526316,False
9,6,1.5,7,4,False,True,307,0.7871794871794872,0.3563884961542821,0.4903689168314991,0.5277371300290057,0.5396936171779689,1,135,0.0,0.7593826337996891,False
9,6,1.7,7,4,False,True,307,0.7871794871794872,0.35638200104528595,0.48868623505902853,0.5277371300290057,0.5396936171779689,1,135,0.0,0.7593826337996891,False
9,6,1.2,7,4,False,True,307,0.7871794871794872,0.3577310206703472,0.4913715278681008,0.525293007959417,0.5395093577141902,1,135,0.0,0.7593826337996891,False
4,6,0.7,5,4,False,True,307,0.7871794871794872,0.3761854894214331,0.545682942961606,0.5236644382641604,0.578617921019051,1,191,0.0,0.8040330497382199,False
4,6,0.8,5,4,False,True,307,0.7871794871794872,0.3761854894214331,0.545682942961606,0.5236644382641604,0.578617921019051,1,191,0.0,0.8040330497382199,False
4,5,0.9,5,4,False,True,307,0.7871794871794872,0.36000288311368933,0.5127103805871559,0.5055064946562069,0.5445727851485107,1,191,0.0,0.7382198952879581,False
6,7,2.2,11,5,False,True,306,0.7846153846153846,0.31391602517422323,0.5289710287867817,0.5737294466073283,0.6025870830509439,1,129,0.0,0.813953488372093,False
10,6,2.8,12,5,False,True,306,0.7846153846153846,0.29765961457747175,0.5009666659562532,0.5514667458527575,0.5695730446634841,1,124,0.0,0.7229965156794425,False
9,6,1.3,7,4,False,True,306,0.7846153846153846,0.3540567636403416,0.48677325483161316,0.5224428814813764,0.534672005417726,1,135,0.0,0.7593826337996891,False
9,6,1.4,7,4,False,True,306,0.7846153846153846,0.35309866055097083,0.4851659562713999,0.522349190052461,0.5318043067114162,1,135,0.0,0.7593826337996891,False
8,6,1.1,7,4,False,True,306,0.7846153846153846,0.3834133146459244,0.501964732726781,0.5222270194419958,0.524145735475532,1,117,0.0,0.7626948215183509,False
4,6,0.9,5,4,False,True,306,0.7846153846153846,0.37246305837377547,0.5323194315592131,0.5221867002288741,0.5651740483310936,1,191,0.0,0.7955805358792731,False
9,6,1.1,7,4,False,True,306,0.7846153846153846,0.35824433856473326,0.4904997222490643,0.519639433139864,0.5362125280208243,1,135,0.0,0.7549966688874084,False
4,4,0.3,3,3,False,True,306,0.7846153846153846,0.45603365653953204,0.506502812198517,0.45603365653953204,0.5065028121985169,1,243,0.0,0.7897698045267489,False
3,9,2.8,13,5,False,True,305,0.782051282051282,0.3160012986427092,0.5859092331175818,0.623485312175518,0.6498787927076689,1,106,0.0,0.6818181818181818,False
6,8,2.5,11,5,False,True,305,0.782051282051282,0.3030793448060003,0.5287073430826815,0.5858680815078637,0.6039301202690789,1,129,0.0,0.822155315614618,False
3,8,1.8,9,5,False,True,305,0.782051282051282,0.43361571352151335,0.6109166954594641,0.5848669982889128,0.6524211061592945,1,106,0.0,0.7375,False
2,5,0.2,3,2,False,True,305,0.782051282051282,0.5247799753500662,0.6011819441465241,0.5696964630053004,0.6273410648075404,1,172,0.0,0.0,False
2,4,0.2,3,3,False,True,305,0.782051282051282,0.5664440188789068,0.632344536309056,0.5664440188789068,0.632344536309056,1,172,0.0,0.7482558139534883,False
4,7,1.5,8,5,False,True,305,0.782051282051282,0.43134262113263755,0.5804488091919613,0.5625711457404377,0.6230094331293307,1,111,0.0,0.7794117647058824,False
6,6,2.0,10,4,False,True,305,0.782051282051282,0.2968475265921416,0.4874305154059071,0.5592657868210396,0.5550859656507555,1,129,0.0,0.7803617571059431,False
4,7,1.6,8,5,False,True,305,0.782051282051282,0.4279537227560525,0.5562518096292288,0.5562579595716866,0.5997498168127966,1,111,0.0,0.7875,False
6,8,1.7,8,5,False,True,305,0.782051282051282,0.37867261141579917,0.54802496467522,0.5520752196169685,0.587219662678059,1,129,0.0,0.6294642857142857,False
6,4,0.5,4,3,False,True,305,0.782051282051282,0.2891375778578518,0.43264568400958864,0.42902383809525224,0.48352793292187374,1,211,0.0,0.7930202498922878,False
5,9,2.7,13,5,False,True,304,0.7794871794871795,0.2525848697924417,0.5230790853768896,0.6124812070497618,0.5946588142689319,1,152,0.0,0.75,False
5,9,3.0,15,5,False,True,304,0.7794871794871795,0.24445066114512862,0.5238587037637619,0.6047513712333147,0.5936200267014846,1,152,0.0,0.7692307692307693,False
4,7,1.4,8,5,False,True,304,0.7794871794871795,0.4258847451577712,0.5647267157705868,0.555037142361993,0.6065085902386748,1,111,0.0,0.7794117647058824,False
8,5,1.0,6,4,False,True,304,0.7794871794871795,0.4104241680551866,0.5141650189435047,0.48486213688021784,0.5289534087842763,1,117,0.0,0.7435897435897436,False
10,5,1.6,7,3,False,True,304,0.7794871794871795,0.2817538793228138,0.4748011990766782,0.4718428061019388,0.5539497089866029,1,177,0.0,0.7661290322580645,False
10,5,1.7,7,3,False,True,304,0.7794871794871795,0.2870108407142322,0.4727002290723863,0.4718428061019388,0.5539497089866029,1,177,0.0,0.7661290322580645,False
9,4,0.7,5,3,False,True,304,0.7794871794871795,0.29310089778797227,0.3738247154124811,0.4563915304712617,0.4711425489258505,1,176,0.0,0.6487341772151899,False
9,4,0.8,5,3,False,True,304,0.7794871794871795,0.2919818847534286,0.37032708419445415,0.4563915304712617,0.4711425489258505,1,176,0.0,0.6487341772151899,False
5,4,0.8,5,3,False,True,304,0.7794871794871795,0.23257391584504064,0.3920706049656018,0.44235154033182045,0.4528379233796976,1,211,0.0,0.6965803235822847,False
10,4,0.5,4,3,False,True,304,0.7794871794871795,0.26503199907732594,0.3997616894726124,0.41682648871780276,0.4448504398238777,1,218,0.0,0.7000961823024563,False
2,6,0.3,5,3,False,True,303,0.7769230769230769,0.5289663080015393,0.6740655699128963,0.720854641042529,0.7404725743508384,1,137,0.0,0.4689922480620155,False
5,9,2.8,13,5,False,True,303,0.7769230769230769,0.2506731316681096,0.5259410091140008,0.6032275499968068,0.5869385095605107,1,152,0.0,0.7307692307692307,False
3,8,1.9,9,5,False,True,303,0.7769230769230769,0.4278491379903702,0.6005130585253186,0.573576553192232,0.6387370206138462,1,106,0.0,0.7375,False
6,8,2.3,11,5,False,True,303,0.7769230769230769,0.3030722502033901,0.5284245336830358,0.5735674756731758,0.6010132723262871,1,129,0.0,0.8182793466223699,False
6,8,2.4,11,5,False,True,303,0.7769230769230769,0.3030722502033901,0.5284245336830358,0.5735674756731758,0.6010132723262871,1,129,0.0,0.8182793466223699,False
3,8,2.3,10,5,False,True,303,0.7769230769230769,0.37295710331362014,0.5903924278097304,0.5731011851855502,0.6343725152966199,1,106,0.0,0.7173059768064229,False
10,6,2.6,11,5,False,True,303,0.7769230769230769,0.300779588956129,0.5013348367923365,0.5408613410164789,0.5634525427087441,1,124,0.0,0.7150600077429345,False
6,6,1.8,8,4,False,True,303,0.7769230769230769,0.3583452866014799,0.5183295846752755,0.5213940809768863,0.5519770891251635,1,129,0.0,0.8010388437217706,False
9,7,1.9,9,4,False,True,303,0.7769230769230769,0.32416097721486986,0.4857422657283563,0.5189955756358723,0.5467007767464904,1,135,0.0,0.7468354430379747,False
9,5,0.8,5,4,False,True,303,0.7769230769230769,0.4007956856902695,0.49937104475448724,0.4775810743368148,0.5582788521539092,1,135,0.0,0.7974683544303798,False
10,5,2.0,9,4,False,True,303,0.7769230769230769,0.2363410141521425,0.4507008683989927,0.47048876734976164,0.5366807753795818,1,177,0.0,0.7796610169491526,False
5,4,0.7,5,3,False,True,303,0.7769230769230769,0.2094619807264174,0.35782010625141253,0.4652459470075123,0.42524353637527285,1,211,0.0,0.6942106553358391,False
10,5,1.2,7,3,False,True,303,0.7769230769230769,0.28683853632742434,0.47569636735656406,0.4644684775948701,0.5503789959136863,1,177,0.0,0.75,False
10,5,1.3,7,3,False,True,303,0.7769230769230769,0.28683853632742434,0.47569636735656406,0.4644684775948701,0.5503789959136863,1,177,0.0,0.75,False
10,5,1.4,7,3,False,True,303,0.7769230769230769,0.28060119943934164,0.4746366222315522,0.4644684775948701,0.5503789959136863,1,177,0.0,0.75,False
10,5,1.5,7,3,False,True,303,0.7769230769230769,0.28683853632742434,0.47569636735656406,0.4644684775948701,0.5503789959136863,1,177,0.0,0.75,False
6,9,2.1,11,6,False,True,302,0.7743589743589744,0.392133146331896,0.5860541445723411,0.6043683397819338,0.6262935263929227,1,112,0.0,0.8392857142857143,False
5,9,2.9,13,5,False,True,302,0.7743589743589744,0.24543757858578352,0.5164779151716917,0.5920914422008121,0.5841501912516431,1,152,0.0,0.7692307692307693,False
3,8,1.5,9,5,False,True,302,0.7743589743589744,0.4279288076090788,0.6007060618927867,0.5732313317105611,0.6359448052404919,1,106,0.0,0.7400493421052632,False
6,8,2.2,11,5,False,True,302,0.7743589743589744,0.30108766563189454,0.5245819564047954,0.5662637343307233,0.5960594766352854,1,129,0.0,0.8132267441860466,False
4,8,1.8,9,6,False,True,302,0.7743589743589744,0.4121734298161759,0.5792756042333139,0.5646435333301547,0.6310944130581049,1,111,0.0,0.7985703094398746,False
4,9,1.8,9,6,False,True,302,0.7743589743589744,0.4080420846346909,0.5770214768121118,0.5619700633599765,0.6280275979186607,1,111,0.0,0.7927927927927928,False
10,6,3.0,15,5,False,False,302,0.7743589743589744,0.26402811910929513,0.4879416948606571,0.5425482369346835,0.553292882991799,1,124,0.0,0.6827332559039876,False
10,6,2.3,10,5,False,True,302,0.7743589743589744,0.3083574697236778,0.5134929197693342,0.5356249035810282,0.5644011746753338,1,124,0.0,0.735191637630662,False
6,6,1.6,7,4,False,True,302,0.7743589743589744,0.37475868648389693,0.5165933954335525,0.5231439418530816,0.5472087430501017,1,129,0.0,0.796973803071364,False
9,7,2.3,10,4,False,True,302,0.7743589743589744,0.2797105759864266,0.47534202314471347,0.5202189361352135,0.5396692057040587,1,135,0.0,0.7848101265822784,False
9,7,2.2,10,4,False,True,302,0.7743589743589744,0.280129304732681,0.4763044727607416,0.5179406823026553,0.5395198706956589,1,135,0.0,0.7848101265822784,False
9,7,2.5,11,4,False,True,302,0.7743589743589744,0.27627258053725773,0.4719190502754503,0.5179406823026553,0.5395198706956589,1,135,0.0,0.7848101265822784,False
9,7,2.0,9,4,False,True,302,0.7743589743589744,0.28973019160484953,0.47331069821729455,0.5178911278931951,0.5399386794727538,1,135,0.0,0.7848101265822784,False
9,7,2.1,9,4,False,True,302,0.7743589743589744,0.28973019160484953,0.47331069821729455,0.5178911278931951,0.5399386794727538,1,135,0.0,0.7848101265822784,False
9,5,0.7,5,4,False,True,302,0.7743589743589744,0.39636877238333645,0.4955360924923078,0.47024762986845553,0.5540712531635598,1,135,0.0,0.7974683544303798,False
2,6,0.4,5,3,False,True,301,0.7717948717948718,0.5167287264602739,0.6589553155888018,0.6982208982144303,0.7179919849632558,1,137,0.0,0.4689922480620155,False
4,10,2.6,12,6,False,True,301,0.7717948717948718,0.35876812036718186,0.6052451776847637,0.6450322425253522,0.6665888921648465,1,111,0.0,0.6794871794871795,False
6,9,2.5,11,6,False,True,301,0.7717948717948718,0.388548870094904,0.5833923386126405,0.5956120716102764,0.6238313478501217,1,112,0.0,0.8303571428571429,False
3,9,2.4,12,5,False,True,301,0.7717948717948718,0.3260149443471001,0.5851015765273154,0.5922837350010792,0.6444295538961056,1,106,0.0,0.6818181818181818,False
3,9,2.5,12,5,False,True,301,0.7717948717948718,0.3260149443471001,0.5851015765273154,0.5922837350010792,0.6444295538961056,1,106,0.0,0.6818181818181818,False
3,9,2.6,12,5,False,True,301,0.7717948717948718,0.3260149443471001,0.5851015765273154,0.5922837350010792,0.6444295538961056,1,106,0.0,0.6818181818181818,False
5,9,2.0,10,6,False,True,301,0.7717948717948718,0.3000704044752466,0.5267906862595866,0.5851840334722792,0.5810439197144586,1,152,0.0,0.75,False
5,9,2.1,10,6,False,True,301,0.7717948717948718,0.3000704044752466,0.5267906862595866,0.5851840334722792,0.5810439197144586,1,152,0.0,0.75,False
5,9,2.3,10,6,False,True,301,0.7717948717948718,0.3000704044752466,0.5267906862595866,0.5851840334722792,0.5810439197144586,1,152,0.0,0.75,False
3,8,1.6,9,5,False,True,301,0.7717948717948718,0.4218373923972767,0.5990998486158895,0.5693318746522787,0.6344257222098999,1,106,0.0,0.7269402319357716,False
3,8,1.7,9,5,False,True,301,0.7717948717948718,0.42060718632780053,0.5943769250657773,0.5693318746522787,0.6344257222098999,1,106,0.0,0.7269402319357716,False
3,8,1.3,7,5,False,True,301,0.7717948717948718,0.47884381516388,0.6104113150998306,0.5687717366268533,0.6344691107585927,1,106,0.0,0.7328699106256207,False
3,8,2.0,10,5,False,True,301,0.7717948717948718,0.372405583934773,0.5895468290257632,0.5677602478258179,0.6316127114581706,1,106,0.0,0.7067796610169492,False
3,8,2.1,10,5,False,True,301,0.7717948717948718,0.37019592127118417,0.5885369179415786,0.5677602478258179,0.6316127114581706,1,106,0.0,0.7067796610169492,False
3,8,2.2,10,5,False,True,301,0.7717948717948718,0.37019592127118417,0.5885369179415786,0.5677602478258179,0.6316127114581706,1,106,0.0,0.7067796610169492,False
4,8,1.9,9,6,False,True,301,0.7717948717948718,0.40851857122020924,0.5782226165782354,0.5616046504446174,0.6298963096828885,1,111,0.0,0.7901463963963964,False
4,9,1.9,9,6,False,True,301,0.7717948717948718,0.40507898480945026,0.5766927257068191,0.5595197656571811,0.627649016067821,1,111,0.0,0.7875,False
6,6,0.9,6,4,False,True,301,0.7717948717948718,0.3924672525655469,0.5280835949831565,0.5391489066947521,0.5511448035366316,1,129,0.0,0.8035545471733787,False
6,6,1.1,7,4,False,True,301,0.7717948717948718,0.37963652846279927,0.516500313843394,0.5379220087885623,0.5515941188939782,1,129,0.0,0.7917743324720069,False
10,6,2.4,10,5,False,True,301,0.7717948717948718,0.31655686398123783,0.5150191782406285,0.5289305381783445,0.560380512415157,1,124,0.0,0.735191637630662,False
6,6,1.2,7,4,False,True,301,0.7717948717948718,0.3741290591402062,0.5139915972053073,0.5159699702482782,0.5421025248035821,1,129,0.0,0.796973803071364,False
6,6,1.3,7,4,False,True,301,0.7717948717948718,0.3741290591402062,0.5139915972053073,0.5159699702482782,0.5421025248035821,1,129,0.0,0.796973803071364,False
6,6,1.4,7,4,False,True,301,0.7717948717948718,0.3718396648836997,0.5133699108037831,0.5159699702482782,0.5421025248035821,1,129,0.0,0.796973803071364,False
6,6,1.5,7,4,False,True,301,0.7717948717948718,0.3718396648836997,0.5133699108037831,0.5159699702482782,0.5421025248035821,1,129,0.0,0.796973803071364,False
9,7,2.9,13,4,False,True,301,0.7717948717948718,0.23514633849624958,0.45405236372569413,0.5135894173445328,0.5340281385249012,1,135,0.0,0.7735849056603774,False
9,7,2.6,11,4,False,True,301,0.7717948717948718,0.26880846530043107,0.46470830409155606,0.5133871190318405,0.5359824691926336,1,135,0.0,0.7641509433962265,False
9,7,2.7,11,4,False,True,301,0.7717948717948718,0.26500713216955846,0.462100155193737,0.5133871190318405,0.5359824691926336,1,135,0.0,0.7641509433962265,False
9,7,2.4,10,4,False,True,301,0.7717948717948718,0.27606050173623714,0.47298731147479534,0.5121177479120002,0.5362834340220897,1,135,0.0,0.7848101265822784,False
9,6,0.8,5,4,False,True,301,0.7717948717948718,0.4307369883307059,0.5177686872003892,0.49753570187273877,0.5592207451337831,1,135,0.0,0.6838218965134355,False
5,9,2.2,10,6,False,True,300,0.7692307692307693,0.300345826721875,0.525303596100303,0.5778296989831563,0.5773163253030261,1,152,0.0,0.75,False
3,8,1.4,9,5,False,True,300,0.7692307692307693,0.4182111301274145,0.5897030997632158,0.5654429985358866,0.6284996380634773,1,106,0.0,0.7269402319357716,False
5,7,1.5,8,4,False,True,300,0.7692307692307693,0.328037852854458,0.5217706062486782,0.5629975596827016,0.5638920768538096,1,152,0.0,0.847457627118644,False
5,7,1.1,7,4,False,True,300,0.7692307692307693,0.360424845648142,0.5291554534934461,0.5627522394655097,0.565196565072716,1,152,0.0,0.8421052631578947,False
5,7,1.2,7,4,False,True,300,0.7692307692307693,0.360424845648142,0.5291554534934461,0.5627522394655097,0.565196565072716,1,152,0.0,0.8421052631578947,False
5,7,1.3,7,4,False,True,300,0.7692307692307693,0.360424845648142,0.5291554534934461,0.5627522394655097,0.565196565072716,1,152,0.0,0.8421052631578947,False
5,8,1.5,8,4,False,True,300,0.7692307692307693,0.3248145818518816,0.5215317262815605,0.5618613872252904,0.5630183529580814,1,152,0.0,0.423728813559322,False
5,8,1.1,7,4,False,True,300,0.7692307692307693,0.3575935621105251,0.5288230103905814,0.56160218348914,0.5643063579443949,1,152,0.0,0.42105263157894735,False
5,8,1.2,7,4,False,True,300,0.7692307692307693,0.3575935621105251,0.5288230103905814,0.56160218348914,0.5643063579443949,1,152,0.0,0.42105263157894735,False
5,8,1.3,7,4,False,True,300,0.7692307692307693,0.3575935621105251,0.5288230103905814,0.56160218348914,0.5643063579443949,1,152,0.0,0.42105263157894735,False
6,7,1.9,9,4,False,True,300,0.7692307692307693,0.33248865599405564,0.5157337412241711,0.5469250379234574,0.5611450517063599,1,129,0.0,0.7829457364341085,False
6,9,1.7,8,6,False,True,300,0.7692307692307693,0.4635603720567916,0.5897141973007237,0.5413474820857799,0.6002960912606693,1,112,0.0,0.6545454545454545,False
10,6,2.5,11,5,False,True,300,0.7692307692307693,0.29478631565732616,0.4974796849196137,0.5313774593364764,0.5560551130272109,1,124,0.0,0.7079589216944802,False
10,6,2.7,11,5,False,True,300,0.7692307692307693,0.29554999800108417,0.49551997573515916,0.5292482449716635,0.5540117901340762,1,124,0.0,0.7079589216944802,False
9,7,2.8,12,4,False,True,300,0.7692307692307693,0.24310101302426146,0.45759888048045205,0.5135492435525965,0.5341102538935186,1,135,0.0,0.7547169811320755,False
9,7,3.0,14,4,False,True,300,0.7692307692307693,0.2359260314991516,0.4495315958830401,0.5098023016580271,0.5321154884596199,1,135,0.0,0.7641509433962265,False
9,7,1.8,8,4,False,True,300,0.7692307692307693,0.3212376413877913,0.4776638234628246,0.5077804516088641,0.5320724214187184,1,135,0.0,0.7468354430379747,False
9,7,1.6,8,4,False,True,300,0.7692307692307693,0.3224251615703444,0.4778657299239206,0.5076952412184013,0.5313684499128386,1,135,0.0,0.7468354430379747,False
9,6,0.7,5,4,False,True,300,0.7692307692307693,0.4254482161408843,0.5175793631843622,0.48736961349672187,0.5574422604566763,1,135,0.0,0.6838218965134355,False
4,5,1.0,5,4,False,True,300,0.7692307692307693,0.34117836470991797,0.5069222894461544,0.47831715358735044,0.535816754666741,1,191,0.0,0.7277486910994765,False
6,5,0.6,5,4,False,True,300,0.7692307692307693,0.3829508213707172,0.5143833942902771,0.4633624177227926,0.5252451651447994,1,157,0.0,0.8598726114649682,False
6,5,0.7,5,4,False,True,300,0.7692307692307693,0.3829508213707172,0.5143833942902771,0.4633624177227926,0.5252451651447994,1,157,0.0,0.8598726114649682,False
6,5,0.8,5,4,False,True,300,0.7692307692307693,0.3829508213707172,0.5143833942902771,0.4633624177227926,0.5252451651447994,1,157,0.0,0.8598726114649682,False
6,5,1.0,6,4,False,True,300,0.7692307692307693,0.3577529858710826,0.48250567078359236,0.4633624177227926,0.5252451651447994,1,157,0.0,0.8598726114649682,False
4,10,2.7,12,6,False,True,299,0.7666666666666667,0.3528269987510897,0.598232289356315,0.6331847283234409,0.6583076458743372,1,111,0.0,0.6794871794871795,False
6,9,2.3,11,6,False,True,299,0.7666666666666667,0.3883728115207508,0.5828803020375326,0.5856816354180998,0.6188938479105569,1,112,0.0,0.8303571428571429,False
6,9,2.4,11,6,False,True,299,0.7666666666666667,0.3883728115207508,0.5828803020375326,0.5856816354180998,0.6188938479105569,1,112,0.0,0.8303571428571429,False
5,7,1.6,8,4,False,True,299,0.7666666666666667,0.325090178386406,0.5193012476536377,0.557737015622774,0.5596103332056355,1,152,0.0,0.8305084745762712,False
5,7,1.7,8,4,False,True,299,0.7666666666666667,0.325090178386406,0.5193012476536377,0.557737015622774,0.5596103332056355,1,152,0.0,0.8305084745762712,False
5,8,1.6,8,4,False,True,299,0.7666666666666667,0.32184916586779133,0.5190895102796284,0.5565974701205624,0.5587944796168091,1,152,0.0,0.4152542372881356,False
5,8,1.7,8,4,False,True,299,0.7666666666666667,0.32184916586779133,0.5190895102796284,0.5565974701205624,0.5587944796168091,1,152,0.0,0.4152542372881356,False
4,8,1.7,9,6,False,True,299,0.7666666666666667,0.4060057311862982,0.5745397012460964,0.5551277048103186,0.6257524867357455,1,111,0.0,0.7959239130434783,False
4,9,1.7,9,6,False,True,299,0.7666666666666667,0.4025936737965093,0.5730382149682528,0.5530041134140029,0.6235489729271005,1,111,0.0,0.7875,False
9,7,1.5,7,4,False,True,299,0.7666666666666667,0.33993994525315496,0.48743131542016727,0.5080606182633037,0.529383906444406,1,135,0.0,0.7468354430379747,False
9,7,1.7,7,4,False,True,299,0.7666666666666667,0.3399118522231247,0.4857857912036355,0.5080606182633037,0.529383906444406,1,135,0.0,0.7468354430379747,False
9,7,1.2,7,4,False,True,299,0.7666666666666667,0.34136185027409643,0.4884099502426391,0.505667070119158,0.529192660937029,1,135,0.0,0.7468354430379747,False
4,6,1.0,5,4,False,True,299,0.7666666666666667,0.3531646190515429,0.5256859805245843,0.49455754411879016,0.5555952590897608,1,191,0.0,0.7756390514320912,False
8,4,0.6,4,3,False,True,299,0.7666666666666667,0.3280777512292342,0.38421871160996707,0.42233509194656355,0.4261159765286461,1,161,0.0,0.6737537824494346,False
6,9,2.2,11,6,False,True,298,0.764102564102564,0.38566427232557254,0.5791285828438988,0.5779487108906326,0.6155355565173453,1,112,0.0,0.8125,False
5,10,2.4,12,6,False,True,298,0.764102564102564,0.36465411931627756,0.5885129249046107,0.5695593784212996,0.6232702448258858,1,91,0.0,0.7766393442622951,False
5,7,1.8,8,4,False,True,298,0.764102564102564,0.3253448180245748,0.5177329030799093,0.5510969895880206,0.5553724531028508,1,152,0.0,0.8305084745762712,False
5,7,1.9,9,4,False,True,298,0.764102564102564,0.2938371097733164,0.5026758337789461,0.5499420587477766,0.5504800094764811,1,152,0.0,0.8305084745762712,False
5,8,1.8,8,4,False,True,298,0.764102564102564,0.32211895957130404,0.5175381170910563,0.5499401301723547,0.5546148621112222,1,152,0.0,0.4152542372881356,False
5,8,1.9,9,4,False,True,298,0.764102564102564,0.2902775915837948,0.5026470065752865,0.548784501838787,0.5497891188319655,1,152,0.0,0.4152542372881356,False
10,7,2.9,13,5,False,True,298,0.764102564102564,0.292530580028948,0.5173409198802734,0.5221346568701377,0.5751408095802032,1,114,0.0,0.746031746031746,False
9,7,1.4,7,4,False,True,298,0.764102564102564,0.3365778122626398,0.48233993160997696,0.5026901571924751,0.5216911865703088,1,135,0.0,0.7468354430379747,False
9,7,1.3,7,4,False,True,298,0.764102564102564,0.3375921005195791,0.48391101627772076,0.5026452332897995,0.5245023838508466,1,135,0.0,0.7468354430379747,False
9,7,1.1,7,4,False,True,298,0.764102564102564,0.34128012642514155,0.48735104634897997,0.5005115900098769,0.5261546166314298,1,135,0.0,0.7452830188679245,False
5,9,2.6,12,5,False,True,297,0.7615384615384615,0.25634639312954577,0.5131192154465739,0.5587890630851527,0.5673599999841963,1,152,0.0,0.75,False
10,9,2.9,13,5,False,True,297,0.7615384615384615,0.29956911784684154,0.5229126366232073,0.5364178234866122,0.5751164890316834,1,111,0.0,0.7307692307692307,False
10,10,2.9,13,5,False,True,297,0.7615384615384615,0.29921993109699674,0.5231156471660299,0.5362993230438404,0.5751799736681428,1,111,0.0,0.36538461538461536,False
10,8,2.9,13,5,False,True,297,0.7615384615384615,0.2996187268394821,0.5206790173042131,0.5361961832132517,0.5725207154291523,1,111,0.0,0.7384004884004884,False
4,5,0.5,5,3,False,True,297,0.7615384615384615,0.33679470989630056,0.5053882059561527,0.47191543430671185,0.5060917663382117,1,191,0.0,0.7317073170731707,False
6,8,1.9,9,4,False,True,296,0.7589743589743589,0.3203932600391925,0.5110888983497075,0.5396197048276687,0.5546632766481826,1,129,0.0,0.39147286821705424,False
6,7,2.0,10,5,False,True,296,0.7589743589743589,0.31357344743711113,0.5044383703690042,0.5358929248331639,0.553764542460197,1,129,0.0,0.7829457364341085,False
10,7,2.8,12,5,False,True,296,0.7589743589743589,0.2950144338529879,0.5107010015656117,0.5201776504762495,0.564124108406009,1,114,0.0,0.7142857142857143,False
4,6,0.5,5,3,False,True,296,0.7589743589743589,0.3488489308698624,0.5252627038953386,0.4904544866786176,0.5293633750609402,1,191,0.0,0.4296875,False
4,5,0.4,4,3,False,True,296,0.7589743589743589,0.372433917761773,0.4750159173446544,0.4664297981556447,0.4898569279197894,1,191,0.0,0.7317073170731707,False
8,5,0.6,4,4,False,True,296,0.7589743589743589,0.44121052051888143,0.49742688247555183,0.44121052051888143,0.49742688247555183,1,117,0.0,0.6637168141592921,False
2,7,0.6,6,5,False,True,295,0.7564102564102564,0.5076107219020176,0.6919760304585519,0.6666716393972054,0.7337600598971977,1,129,0.0,0.8992248062015504,False
2,7,0.7,6,5,False,True,295,0.7564102564102564,0.5063474928530408,0.6892458890453868,0.6656171040194012,0.7308432297832109,1,129,0.0,0.8992248062015504,False
6,10,2.1,11,6,False,True,295,0.7564102564102564,0.3893127502647567,0.5862245946323609,0.5903374595698377,0.6175872762147335,1,112,0.0,0.7469155844155844,False
7,8,0.6,5,5,False,True,295,0.7564102564102564,0.5525687095989759,0.6061865319724811,0.5525687095989759,0.606186531972481,1,110,0.0,0.7207219251336898,False
10,9,2.8,12,5,False,True,295,0.7564102564102564,0.30379646425607193,0.5183107069164958,0.5354023543199691,0.5665631495081026,1,111,0.0,0.7142857142857143,False
10,10,2.8,12,5,False,True,295,0.7564102564102564,0.30345538395446303,0.518530200159659,0.5352860390013106,0.5666588019791163,1,111,0.0,0.35714285714285715,False
10,8,2.8,12,5,False,True,295,0.7564102564102564,0.3038365913725664,0.5160284711448508,0.5351797518571868,0.5639191816432638,1,111,0.0,0.7229965156794425,False
7,8,1.3,7,5,False,True,295,0.7564102564102564,0.4641357317342183,0.5744143530863207,0.5312203079981235,0.6096358401941573,1,110,0.0,0.7198778833107191,False
4,6,0.4,4,3,False,True,295,0.7564102564102564,0.3879377884569078,0.49842376586274356,0.4849314264730807,0.5137849290940203,1,191,0.0,0.4296875,False
5,5,0.8,5,4,False,True,295,0.7564102564102564,0.3681187611147678,0.4984466412678782,0.4483142269615433,0.5033934298933699,1,152,0.0,0.8026315789473685,False
9,4,0.9,5,3,False,True,295,0.7564102564102564,0.26952396976554344,0.3386811549514123,0.4341876066725006,0.4011051166814161,1,176,0.0,0.6501983752125449,False
8,4,0.8,5,3,False,True,295,0.7564102564102564,0.2983970598246509,0.40109050532857876,0.42799058799470674,0.4179468772377843,1,161,0.0,0.6066066066066067,False
9,4,1.0,5,3,False,True,295,0.7564102564102564,0.2776301133070367,0.3464499774956453,0.4217944335193061,0.40306182323719153,1,176,0.0,0.6375401473644436,False
2,7,0.5,6,5,False,True,294,0.7538461538461538,0.5035943599909056,0.6865389047488923,0.6614064294762086,0.7275052681308535,1,129,0.0,0.8992248062015504,False
6,10,2.5,11,6,False,True,294,0.7538461538461538,0.3856316748730985,0.5835989658680936,0.5814646815334188,0.6151726069845653,1,112,0.0,0.7424512987012988,False
6,9,1.9,9,5,False,True,294,0.7538461538461538,0.413714286128989,0.5780014700343166,0.566112173734533,0.596620223630145,1,112,0.0,0.6363636363636364,False
5,10,2.7,13,6,False,True,294,0.7538461538461538,0.34554042380139066,0.5706785138037205,0.5513933845290725,0.6064409024930608,1,91,0.0,0.7766393442622951,False
5,10,2.5,12,6,False,True,294,0.7538461538461538,0.3521187998322733,0.5757538922401623,0.5502634746201938,0.60223012531531,1,91,0.0,0.7692307692307692,False
7,8,0.7,5,5,False,True,294,0.7538461538461538,0.5468360297427961,0.6004555639966698,0.5468360297427961,0.6004555639966698,1,110,0.0,0.7161764705882353,False
7,8,0.8,5,5,False,True,294,0.7538461538461538,0.5468360297427961,0.6004555639966698,0.5468360297427961,0.6004555639966698,1,110,0.0,0.7161764705882353,False
7,8,1.2,7,5,False,True,294,0.7538461538461538,0.4646077764362724,0.5740710151069238,0.5271104353449001,0.6081061595858503,1,110,0.0,0.7153324287652646,False
7,8,1.4,7,5,False,True,294,0.7538461538461538,0.4673977752118354,0.5769809031589181,0.5270280719268639,0.6085097607618685,1,110,0.0,0.7198778833107191,False
7,8,1.1,7,5,False,True,294,0.7538461538461538,0.4637981875578272,0.5745520095550022,0.5266916017699348,0.6093022311082839,1,110,0.0,0.7153324287652646,False
5,7,1.4,7,4,False,True,294,0.7538461538461538,0.3452098100863612,0.5185931524921187,0.523771691813307,0.5422963687239151,1,152,0.0,0.8026315789473685,False
5,8,1.4,7,4,False,True,294,0.7538461538461538,0.3422853932009479,0.5183815713914454,0.5225197589314762,0.5417198428385661,1,152,0.0,0.40131578947368424,False
5,6,0.8,5,4,False,True,294,0.7538461538461538,0.3731101014780502,0.5041607924944469,0.4603715706182255,0.509494295958989,1,152,0.0,0.7013157894736842,False
5,5,0.7,5,4,False,True,294,0.7538461538461538,0.3412583746298345,0.46804587646461565,0.4500381752451825,0.4830888230705148,1,152,0.0,0.7960526315789473,False
8,6,1.0,6,4,False,True,294,0.7538461538461538,0.3995929646559425,0.5140811351168867,0.4488256451227841,0.5134530457771458,1,117,0.0,0.66008316008316,False
9,5,0.9,5,4,False,True,294,0.7538461538461538,0.3750195664715498,0.46977206002706845,0.44848936466324646,0.4975103722819689,1,135,0.0,0.8227848101265823,False
9,5,1.0,5,4,False,True,294,0.7538461538461538,0.38403169335500154,0.47695560643620183,0.4383913447656287,0.5045989705880286,1,135,0.0,0.7974683544303798,False
3,9,2.3,10,5,False,True,293,0.7512820512820513,0.35361849604782475,0.5923666477668625,0.5658066731650384,0.6355135798410637,1,106,0.0,0.6210526315789474,False
5,10,3.0,15,6,False,True,293,0.7512820512820513,0.335738164495635,0.5665846672723969,0.5473139564796287,0.6037932186800474,1,91,0.0,0.7780580075662042,False
6,10,1.7,8,6,False,True,293,0.7512820512820513,0.4465904265261472,0.582915404123431,0.5297552841965001,0.5925324541322625,1,112,0.0,0.5951298701298702,False
7,8,1.5,7,5,False,True,293,0.7512820512820513,0.45581343561861404,0.564665388289345,0.5201515101018208,0.5967867783217864,1,110,0.0,0.7198778833107191,False
7,8,1.6,7,5,False,True,293,0.7512820512820513,0.45581343561861404,0.564665388289345,0.5201515101018208,0.5967867783217864,1,110,0.0,0.7198778833107191,False
6,7,1.8,8,4,False,True,293,0.7512820512820513,0.340314614877559,0.5149774840903591,0.5007865926873073,0.539812360782974,1,129,0.0,0.7142857142857143,False
10,6,2.2,10,5,False,True,293,0.7512820512820513,0.31145573950087735,0.508211776949676,0.4965075364111403,0.554627099136852,1,124,0.0,0.7221986417657046,False
9,7,0.8,5,4,False,True,293,0.7512820512820513,0.418205843136523,0.5131658442199873,0.49116551714419043,0.5529345216832465,1,135,0.0,0.5377358490566038,False
5,6,0.7,5,4,False,True,293,0.7512820512820513,0.36503611303949984,0.4964943716386531,0.4793922916282924,0.5135977891799753,1,152,0.0,0.6980263157894737,False
10,5,1.1,6,3,False,True,293,0.7512820512820513,0.32491465075819503,0.47172851918054903,0.4225134736261406,0.4946340021708003,1,177,0.0,0.7338709677419355,False
8,4,0.7,5,3,False,True,293,0.7512820512820513,0.29239540340589243,0.3976424867413194,0.4188697793854609,0.41181079670731197,1,161,0.0,0.5975975975975976,False
3,10,2.8,13,5,False,True,292,0.7487179487179487,0.3040402613405368,0.5888161435153477,0.601885780604448,0.6340510062554291,1,106,0.0,0.3409090909090909,False
6,10,2.3,11,6,False,True,292,0.7487179487179487,0.3854292425806495,0.5830937856427701,0.5715255707386135,0.6102996922749367,1,112,0.0,0.7424512987012988,False
6,10,2.4,11,6,False,True,292,0.7487179487179487,0.3854292425806495,0.5830937856427701,0.5715255707386135,0.6102996922749367,1,112,0.0,0.7424512987012988,False
6,8,2.0,10,5,False,True,292,0.7487179487179487,0.3012607961031694,0.5001441880864946,0.5282950877531115,0.5478248618594077,1,129,0.0,0.7803617571059431,False
10,7,2.3,10,5,False,True,292,0.7487179487179487,0.3030083519563707,0.518903020264956,0.5072980690679856,0.5565251762569217,1,114,0.0,0.7142857142857143,False
10,7,3.0,15,5,False,False,292,0.7487179487179487,0.2587166904966492,0.4978524501549251,0.5054208343259512,0.5469666466898991,1,114,0.0,0.6825396825396826,False
6,7,1.6,7,4,False,True,292,0.7487179487179487,0.358031396045306,0.5122464969076781,0.5027757473360657,0.5346442126119455,1,129,0.0,0.7053571428571429,False
10,7,2.6,11,5,False,True,292,0.7487179487179487,0.2953100614251463,0.5092858780416561,0.502080453833314,0.5544474552580543,1,114,0.0,0.6984126984126984,False
9,7,0.7,5,4,False,True,292,0.7487179487179487,0.41295183945822334,0.512971575986847,0.48112305646640025,0.5511782075621015,1,135,0.0,0.5377358490566038,False
9,6,0.9,5,4,False,True,292,0.7487179487179487,0.4025945923843195,0.4822482210065767,0.47784727649645137,0.5028484373419557,1,135,0.0,0.6833222296246947,False
9,6,1.0,5,4,False,True,292,0.7487179487179487,0.4052417114619503,0.4896822756136134,0.46138655480346275,0.5117009375357804,1,135,0.0,0.6706640017765935,False
8,4,0.9,5,3,False,True,292,0.7487179487179487,0.2917061013164383,0.39514108819731564,0.4144702084335702,0.40667479433169196,1,161,0.0,0.5975975975975976,False
6,10,2.2,11,6,False,True,291,0.7461538461538462,0.38265994969461486,0.5793931482665655,0.5636859317980899,0.6069994204405714,1,112,0.0,0.7335227272727273,False
3,9,2.0,10,5,False,True,291,0.7461538461538462,0.3531473274487027,0.591543060974515,0.5603701611066596,0.6328313005227412,1,106,0.0,0.6,False
3,9,2.1,10,5,False,True,291,0.7461538461538462,0.35086985944900223,0.590556759987871,0.5603701611066596,0.6328313005227412,1,106,0.0,0.6,False
3,9,2.2,10,5,False,True,291,0.7461538461538462,0.35086985944900223,0.590556759987871,0.5603701611066596,0.6328313005227412,1,106,0.0,0.6,False
4,10,1.8,9,6,False,True,291,0.7461538461538462,0.38276486325151005,0.5713093288678609,0.5444393486986552,0.616945228275872,1,111,0.0,0.7901463963963964,False
8,7,2.4,11,5,False,True,291,0.7461538461538462,0.3067866938532561,0.49458986777427116,0.5233573756645324,0.5227636273120675,1,111,0.0,0.6530612244897959,False
10,9,2.3,10,5,False,True,291,0.7461538461538462,0.3115667695189603,0.5258482126526208,0.5213148552543067,0.5592117112392186,1,111,0.0,0.7142857142857143,False
10,10,2.3,10,5,False,True,291,0.7461538461538462,0.31124208957500954,0.526050501467802,0.5211888837112943,0.5593340768513064,1,111,0.0,0.35714285714285715,False
10,8,2.3,10,5,False,True,291,0.7461538461538462,0.3115881800455479,0.5235348558168235,0.5211021817837975,0.5565496227650554,1,111,0.0,0.735191637630662,False
10,9,3.0,15,5,False,True,291,0.7461538461538462,0.2651398369006399,0.5031365544816777,0.5201775915415042,0.5469040917992422,1,111,0.0,0.6825396825396826,False
10,10,3.0,15,5,False,True,291,0.7461538461538462,0.264752767851956,0.5033886852848553,0.5200647326972224,0.5470743594730413,1,111,0.0,0.3412698412698413,False
10,8,3.0,15,5,False,True,291,0.7461538461538462,0.2652403154520202,0.5009073683639047,0.519957175010706,0.5441478979042718,1,111,0.0,0.6827332559039876,False
10,9,2.6,11,5,False,True,291,0.7461538461538462,0.30294786247065963,0.5156177403889525,0.516144027047433,0.5560298760871057,1,111,0.0,0.6984126984126984,False
10,10,2.6,11,5,False,True,291,0.7461538461538462,0.3026107527932822,0.515847343027395,0.5160234649719013,0.5561649956406147,1,111,0.0,0.3492063492063492,False
10,8,2.6,11,5,False,True,291,0.7461538461538462,0.3029844717849875,0.5133038723812356,0.5159294966985004,0.5533338995423114,1,111,0.0,0.7150600077429345,False
8,7,2.7,12,5,False,True,291,0.7461538461538462,0.30557486297542064,0.5033426997397829,0.5147155319812933,0.5364035413339294,1,111,0.0,0.7142857142857143,False
6,7,0.9,6,4,False,True,291,0.7461538461538462,0.37629924473207754,0.5220534327209018,0.5038132957782196,0.5340418969862434,1,129,0.0,0.7209302325581395,False
6,7,1.1,7,4,False,True,291,0.7461538461538462,0.3624591173849714,0.5118980745944204,0.501744933949655,0.5348636013080581,1,129,0.0,0.7131782945736435,False
6,7,1.2,7,4,False,True,291,0.7461538461538462,0.35666476413849885,0.5094616333047387,0.49548199650637115,0.529705327416126,1,129,0.0,0.7053571428571429,False
6,7,1.3,7,4,False,True,291,0.7461538461538462,0.35666476413849885,0.5094616333047387,0.49548199650637115,0.529705327416126,1,129,0.0,0.7053571428571429,False
6,7,1.4,7,4,False,True,291,0.7461538461538462,0.35508881913347073,0.5091069166979896,0.49548199650637115,0.529705327416126,1,129,0.0,0.7053571428571429,False
6,7,1.5,7,4,False,True,291,0.7461538461538462,0.35508881913347073,0.5091069166979896,0.49548199650637115,0.529705327416126,1,129,0.0,0.7053571428571429,False
10,6,2.1,10,5,False,True,291,0.7461538461538462,0.2955576057513816,0.49271015536985946,0.4864803452757266,0.5429051226483016,1,124,0.0,0.7171052631578947,False
8,5,0.8,5,4,False,True,291,0.7461538461538462,0.3987326278612257,0.5033271603347915,0.4352762202141603,0.5030976593957716,1,117,0.0,0.6576576576576577,False
3,9,1.8,9,5,False,True,290,0.7435897435897436,0.39849314499384203,0.6033492826192585,0.5623572427155116,0.6424152870061106,1,106,0.0,0.6,False
6,9,2.0,10,6,False,True,290,0.7435897435897436,0.39073298053661315,0.5658597366339158,0.5507018925022027,0.5892183177075576,1,112,0.0,0.7777777777777778,False
5,9,1.5,8,4,False,True,290,0.7435897435897436,0.2970219988909222,0.5135358252536879,0.5455202550297664,0.5521209803884631,1,152,0.0,0.0,False
5,9,1.1,7,4,False,True,290,0.7435897435897436,0.33188790635222476,0.5203744081861784,0.5451668399324839,0.5533950471862012,1,152,0.0,0.0,False
5,9,1.2,7,4,False,True,290,0.7435897435897436,0.33188790635222476,0.5203744081861784,0.5451668399324839,0.5533950471862012,1,152,0.0,0.0,False
5,9,1.3,7,4,False,True,290,0.7435897435897436,0.33188790635222476,0.5203744081861784,0.5451668399324839,0.5533950471862012,1,152,0.0,0.0,False
4,10,1.9,9,6,False,True,290,0.7435897435897436,0.3797280965269078,0.5709873900867491,0.541947634743344,0.6165761157640441,1,111,0.0,0.785054347826087,False
8,7,2.1,10,5,False,True,290,0.7435897435897436,0.34849984834189635,0.5035866164861901,0.5304389155556385,0.5381860150866417,1,111,0.0,0.6530612244897959,False
5,10,2.9,13,6,False,True,290,0.7435897435897436,0.33044047463636705,0.5584601062523612,0.5289832597006514,0.5922228043135415,1,91,0.0,0.7780580075662042,False
8,7,2.0,9,5,False,True,290,0.7435897435897436,0.36109274610400766,0.5067176509194214,0.5245280275787367,0.5300141641284157,1,111,0.0,0.6530612244897959,False
5,7,0.9,6,4,False,True,290,0.7435897435897436,0.3799874875653651,0.523240011448729,0.5105475623446049,0.5359122524129801,1,152,0.0,0.7697368421052632,False
5,7,1.0,6,4,False,True,290,0.7435897435897436,0.3799874875653651,0.523240011448729,0.5105475623446049,0.5359122524129801,1,152,0.0,0.7697368421052632,False
5,8,0.9,6,4,False,True,290,0.7435897435897436,0.3774508507122054,0.5229642794269658,0.5092118767769894,0.5354255141212538,1,152,0.0,0.3848684210526316,False
5,8,1.0,6,4,False,True,290,0.7435897435897436,0.3774508507122054,0.5229642794269658,0.5092118767769894,0.5354255141212538,1,152,0.0,0.3848684210526316,False
8,7,2.8,13,5,False,True,290,0.7435897435897436,0.2981301171785029,0.505006134059684,0.504188784759169,0.5383145658131666,1,111,0.0,0.7346938775510204,False
10,7,2.5,11,5,False,True,290,0.7435897435897436,0.2923115784186527,0.5074054900982177,0.49953213179363803,0.5510612672192744,1,114,0.0,0.6842105263157895,False
10,7,2.4,10,5,False,True,290,0.7435897435897436,0.3083365957099183,0.5188334756948718,0.49447251279250193,0.5497279202963122,1,114,0.0,0.7142857142857143,False
6,5,0.5,4,4,False,True,290,0.7435897435897436,0.4228902721252727,0.5168715986448829,0.4228902721252727,0.516871598644883,1,157,0.0,0.9074074074074074,False
7,4,0.2,2,2,False,True,290,0.7435897435897436,0.3708021267755877,0.4326565101685001,0.3708021267755877,0.4326565101685001,1,250,0.0,0.4888888888888889,False
4,8,1.5,8,5,False,True,289,0.7410256410256411,0.4009862249102736,0.5716524662739689,0.5435816199908602,0.6116586806045212,1,111,0.0,0.7811373873873874,False
4,9,1.5,8,5,False,True,289,0.7410256410256411,0.39767665525569623,0.5701448944358078,0.5415297153606524,0.6095390803865689,1,111,0.0,0.7747747747747747,False
5,9,1.6,8,4,False,True,289,0.7410256410256411,0.29397658652448266,0.5111428196977396,0.5402644077745726,0.5479872361243179,1,152,0.0,0.0,False
5,9,1.7,8,4,False,True,289,0.7410256410256411,0.29397658652448266,0.5111428196977396,0.5402644077745726,0.5479872361243179,1,152,0.0,0.0,False
5,9,1.9,9,5,False,True,289,0.7410256410256411,0.2928835746380276,0.5124600048079556,0.5371263919049178,0.5461810698444924,1,152,0.0,0.6923076923076923,False
10,9,2.5,11,5,False,True,289,0.7410256410256411,0.29944797869349216,0.5141485349453411,0.5131435457590698,0.5526445107885165,1,111,0.0,0.6666666666666666,False
10,10,2.5,11,5,False,True,289,0.7410256410256411,0.2991099624533573,0.5143826655144275,0.5130218858009784,0.5527922670044234,1,111,0.0,0.3333333333333333,False
10,8,2.5,11,5,False,True,289,0.7410256410256411,0.2994867824780871,0.5118278056221778,0.5129305444656129,0.5499328356224377,1,111,0.0,0.6991869918699187,False
3,8,0.5,5,5,False,True,289,0.7410256410256411,0.5114311471773011,0.5951512769373052,0.5114311471773011,0.5951512769373053,1,106,0.0,0.664299900695134,False
8,7,2.3,10,5,False,True,289,0.7410256410256411,0.310783697872599,0.48657529648923675,0.5090026499477033,0.5143443461416045,1,111,0.0,0.6530612244897959,False
10,9,2.4,10,5,False,True,289,0.7410256410256411,0.3168227442352304,0.5250076189484033,0.5082039318040239,0.5521169247286404,1,111,0.0,0.7142857142857143,False
10,10,2.4,10,5,False,True,289,0.7410256410256411,0.31650346742720287,0.5252130535770334,0.5080750129113439,0.5522657375859779,1,111,0.0,0.35714285714285715,False
10,8,2.4,10,5,False,True,289,0.7410256410256411,0.3168370387098854,0.522684351243671,0.5079969681623089,0.5494194802178469,1,111,0.0,0.735191637630662,False
6,8,1.8,8,4,False,True,289,0.7410256410256411,0.3285020159697101,0.5102441868043357,0.49359893892356904,0.5335509580489842,1,129,0.0,0.35714285714285715,False
10,7,2.7,11,5,False,True,289,0.7410256410256411,0.2897947439338885,0.5036267122888118,0.49038367447286624,0.5453106693219111,1,114,0.0,0.6842105263157895,False
10,5,0.9,5,3,False,True,289,0.7410256410256411,0.3391417272244173,0.4871657352520111,0.43977756900792164,0.5214434392088337,1,177,0.0,0.7005649717514124,False
10,5,1.0,5,3,False,True,289,0.7410256410256411,0.3391417272244173,0.4871657352520111,0.43977756900792164,0.5214434392088337,1,177,0.0,0.7005649717514124,False
8,5,0.7,5,4,False,True,289,0.7410256410256411,0.3922317742671576,0.5002520578065106,0.42780210936739754,0.49920078569788695,1,117,0.0,0.6396396396396397,False
3,10,2.4,12,5,False,True,288,0.7384615384615385,0.3150718448310127,0.5880750965860984,0.5692471029444092,0.6289139058989562,1,106,0.0,0.3409090909090909,False
3,10,2.5,12,5,False,True,288,0.7384615384615385,0.3150718448310127,0.5880750965860984,0.5692471029444092,0.6289139058989562,1,106,0.0,0.3409090909090909,False
3,10,2.6,12,5,False,True,288,0.7384615384615385,0.3150718448310127,0.5880750965860984,0.5692471029444092,0.6289139058989562,1,106,0.0,0.3409090909090909,False
3,9,1.6,9,5,False,True,288,0.7384615384615385,0.39424056756067605,0.5952159663438142,0.5525696362680367,0.6289179903087999,1,106,0.0,0.5894736842105263,False
3,9,1.7,9,5,False,True,288,0.7384615384615385,0.3929656540375492,0.5906078146549157,0.5525696362680367,0.6289179903087999,1,106,0.0,0.5894736842105263,False
3,9,1.9,9,5,False,True,288,0.7384615384615385,0.3927030839490363,0.5931856834525541,0.5507472528083108,0.629126705290728,1,106,0.0,0.6,False
4,8,1.4,8,5,False,True,288,0.7384615384615385,0.3960196546304931,0.5585522163169266,0.5362717603961128,0.5981672738742723,1,111,0.0,0.7783783783783784,False
4,8,1.6,8,5,False,True,288,0.7384615384615385,0.3945137125283524,0.5495946189406467,0.534981964051218,0.5907644251916566,1,111,0.0,0.7856418918918919,False
4,10,1.7,9,6,False,True,288,0.7384615384615385,0.376206730947021,0.5652757195228447,0.5343293075582835,0.6110519425186038,1,111,0.0,0.7766328828828828,False
4,9,1.4,8,5,False,True,288,0.7384615384615385,0.39270240542138335,0.5571628286736713,0.5341910454788196,0.596188373929955,1,111,0.0,0.7567567567567568,False
5,9,1.8,8,4,False,True,288,0.7384615384615385,0.29433511546463176,0.5096116660684846,0.5335275873064075,0.5439092788201542,1,152,0.0,0.0,False
4,9,1.6,8,5,False,True,288,0.7384615384615385,0.3904647344342663,0.5475594832969284,0.5323460833532491,0.588026926563797,1,111,0.0,0.7837837837837838,False
5,10,2.8,13,6,False,True,288,0.7384615384615385,0.3290818569117624,0.5613000501143922,0.5234987457713629,0.5864252881808882,1,91,0.0,0.7588272383354351,False
8,7,2.2,10,5,False,True,288,0.7384615384615385,0.3113193242373428,0.4891824597359965,0.5080870666628622,0.5103070921696571,1,111,0.0,0.6530612244897959,False
8,7,2.5,11,5,False,True,288,0.7384615384615385,0.29958010630145143,0.4879019235183862,0.5048190522150667,0.519430061176941,1,111,0.0,0.6530612244897959,False
7,8,1.9,9,5,False,True,288,0.7384615384615385,0.41621875751523646,0.5483146259249364,0.5047778438286787,0.56743532089405,1,110,0.0,0.7176470588235294,False
7,8,2.0,9,5,False,True,288,0.7384615384615385,0.41654632965073096,0.5472042998128753,0.5047778438286787,0.56743532089405,1,110,0.0,0.7176470588235294,False
10,9,2.7,11,5,False,True,288,0.7384615384615385,0.29730047062530546,0.5101399698902033,0.5042293379796998,0.54718334676381,1,111,0.0,0.6507936507936508,False
10,10,2.7,11,5,False,True,288,0.7384615384615385,0.2969607150692841,0.5103859928708969,0.5041073156801152,0.5473518538107071,1,111,0.0,0.3253968253968254,False
10,8,2.7,11,5,False,True,288,0.7384615384615385,0.2973417700991331,0.507805119197467,0.5040190147337265,0.5444401548038633,1,111,0.0,0.6912504839334108,False
8,7,2.6,11,5,False,True,288,0.7384615384615385,0.30338955987093474,0.5011659836063502,0.5039925100773207,0.532570045693189,1,111,0.0,0.6530612244897959,False
7,8,2.2,11,5,False,True,288,0.7384615384615385,0.3401058263186915,0.5335985225308906,0.5027576905705511,0.5716250241936282,1,110,0.0,0.7010854816824966,False
6,8,1.6,7,4,False,True,288,0.7384615384615385,0.3468863731256966,0.507368565523196,0.49551159388185395,0.5284680320405124,1,129,0.0,0.35267857142857145,False
8,7,2.9,13,5,False,True,288,0.7384615384615385,0.29075992740887824,0.4985639258476219,0.4940050320508618,0.5289509734340484,1,111,0.0,0.7346938775510204,False
8,7,3.0,14,5,False,True,288,0.7384615384615385,0.28313004921552837,0.49642634200948704,0.493569497842606,0.5373475732148538,1,111,0.0,0.7346938775510204,False
10,5,0.8,5,3,False,True,288,0.7384615384615385,0.33556506005490305,0.48549512931318883,0.4354515945751418,0.5193615397672627,1,177,0.0,0.6949152542372882,False
8,6,0.6,4,4,False,True,288,0.7384615384615385,0.4344825330020221,0.5004951039105622,0.4344825330020221,0.5004951039105622,1,117,0.0,0.6233031674208145,False
10,5,0.6,5,3,False,True,288,0.7384615384615385,0.3301611472977251,0.4798845278956159,0.43324017538357873,0.5423329052797645,1,177,0.0,0.6892655367231638,False
10,5,0.7,5,3,False,True,288,0.7384615384615385,0.3299007633177439,0.47630100887805393,0.43117653605619033,0.5368474605522766,1,177,0.0,0.6949152542372882,False
8,5,0.9,5,4,False,True,288,0.7384615384615385,0.39116745406942954,0.4963838513577224,0.4239462347171334,0.49366392514390267,1,117,0.0,0.6396396396396397,False
5,4,0.5,5,3,False,True,288,0.7384615384615385,0.16569106479459,0.32367271359992433,0.3849166178230885,0.3802862313118564,1,211,0.0,0.6586656316391567,False
5,4,0.6,5,3,False,True,288,0.7384615384615385,0.16569106479459,0.32367271359992433,0.3849166178230885,0.3802862313118564,1,211,0.0,0.6586656316391567,False
2,8,0.6,6,5,False,True,287,0.735897435897436,0.4908900875809825,0.68133756760651,0.6528371896742557,0.7217661870421889,1,129,0.0,0.6758028792912514,False
2,8,0.7,6,5,False,True,287,0.735897435897436,0.4895977211967766,0.6786541675644547,0.6517622069747098,0.7189026019351313,1,129,0.0,0.6758028792912514,False
6,10,1.9,9,5,False,True,287,0.735897435897436,0.396031342069353,0.5717506099629448,0.5554581646178609,0.588964723219097,1,112,0.0,0.3181818181818182,False
6,10,2.0,10,6,False,True,287,0.735897435897436,0.3884802395851583,0.5708904396182615,0.5521636455121267,0.5946490866812564,1,112,0.0,0.7333603896103896,False
3,9,1.5,9,5,False,True,287,0.735897435897436,0.3930413062080053,0.5933544869883666,0.55021717275583,0.6264277365437319,1,106,0.0,0.5894736842105263,False
3,9,1.4,9,5,False,True,287,0.735897435897436,0.3906217236699984,0.5860410832275612,0.5485115503800668,0.623163985924002,1,106,0.0,0.5894736842105263,False
7,8,2.6,11,5,False,True,287,0.735897435897436,0.337381438130221,0.5399985381562856,0.5117342874889586,0.5606467686102956,1,110,0.0,0.7403743315508022,False
7,8,2.3,11,5,False,True,287,0.735897435897436,0.3375171750342662,0.5327517641915843,0.5098733243674752,0.5531650705990903,1,110,0.0,0.7403743315508022,False
7,8,2.4,11,5,False,True,287,0.735897435897436,0.3371167103650716,0.5327138867306417,0.5098733243674752,0.5531650705990903,1,110,0.0,0.7403743315508022,False
7,8,2.5,11,5,False,True,287,0.735897435897436,0.3371167103650716,0.5327138867306417,0.5098733243674752,0.5531650705990903,1,110,0.0,0.7403743315508022,False
3,8,0.6,5,5,False,True,287,0.735897435897436,0.5037788830650585,0.5880346013438364,0.5037788830650585,0.5880346013438367,1,106,0.0,0.664299900695134,False
3,8,0.7,5,5,False,True,287,0.735897435897436,0.5037788830650585,0.5880346013438364,0.5037788830650585,0.5880346013438367,1,106,0.0,0.664299900695134,False
3,8,0.8,5,5,False,True,287,0.735897435897436,0.5037788830650585,0.5880346013438364,0.5037788830650585,0.5880346013438367,1,106,0.0,0.664299900695134,False
3,8,0.9,5,5,False,True,287,0.735897435897436,0.5037788830650585,0.5880346013438364,0.5037788830650585,0.5880346013438367,1,106,0.0,0.664299900695134,False
3,8,1.0,5,5,False,True,287,0.735897435897436,0.5037788830650585,0.5880346013438364,0.5037788830650585,0.5880346013438367,1,106,0.0,0.664299900695134,False
7,8,2.1,10,5,False,True,287,0.735897435897436,0.3619702309635091,0.531684105119415,0.5012624587601536,0.560910232821625,1,110,0.0,0.7131016042780749,False
6,8,0.9,6,4,False,True,287,0.735897435897436,0.3658523775972379,0.5168692731068081,0.4962494726023667,0.527932402810627,1,129,0.0,0.36046511627906974,False
6,8,1.1,7,4,False,True,287,0.735897435897436,0.3514091506536903,0.507012702651952,0.4942452496463366,0.5287274954692013,1,129,0.0,0.35658914728682173,False
6,8,1.2,7,4,False,True,287,0.735897435897436,0.3455516262844312,0.5046058152726639,0.4881979830528473,0.5235908805874481,1,129,0.0,0.35267857142857145,False
6,8,1.3,7,4,False,True,287,0.735897435897436,0.3455516262844312,0.5046058152726639,0.4881979830528473,0.5235908805874481,1,129,0.0,0.35267857142857145,False
6,8,1.4,7,4,False,True,287,0.735897435897436,0.3439526989009431,0.5042574399138514,0.4881979830528473,0.5235908805874481,1,129,0.0,0.35267857142857145,False
6,8,1.5,7,4,False,True,287,0.735897435897436,0.3439526989009431,0.5042574399138514,0.4881979830528473,0.5235908805874481,1,129,0.0,0.35267857142857145,False
2,8,0.5,6,5,False,True,286,0.7333333333333333,0.486859577021065,0.67598149824242,0.6475708068558446,0.7156059380105106,1,129,0.0,0.6698504983388704,False
3,9,1.3,7,5,False,True,286,0.7333333333333333,0.4482320380871556,0.6023803413371579,0.545621545729722,0.6249981476948057,1,106,0.0,0.5789473684210527,False
6,9,1.8,8,5,False,True,286,0.7333333333333333,0.4104569264152307,0.5578922368046795,0.5197777081746587,0.5694955081041805,1,112,0.0,0.6545454545454545,False
8,7,1.7,8,5,False,True,286,0.7333333333333333,0.36792950635443405,0.5053950326643877,0.5016417627223413,0.5140060280348541,1,111,0.0,0.673469387755102,False
8,7,1.8,8,5,False,True,286,0.7333333333333333,0.3655400682952258,0.5019477855223311,0.5009201767057068,0.5155995975578467,1,111,0.0,0.673469387755102,False
3,8,1.1,6,5,False,True,286,0.7333333333333333,0.4466806025134956,0.5764533078957604,0.497193221605772,0.5849309659973397,1,106,0.0,0.6621151936444886,False
3,8,1.2,6,5,False,True,286,0.7333333333333333,0.4466806025134956,0.5764533078957604,0.497193221605772,0.5849309659973397,1,106,0.0,0.6621151936444886,False
8,4,0.5,4,3,False,True,286,0.7333333333333333,0.2765400190354013,0.3649200305957382,0.3566020397051399,0.4028405420812256,1,161,0.0,0.6279396931570844,False
7,9,0.6,5,5,False,True,285,0.7307692307692307,0.5299944956985184,0.5972768102678296,0.5299944956985184,0.5972768102678295,1,110,0.0,0.6323529411764706,False
6,9,1.1,7,5,False,True,285,0.7307692307692307,0.4402613857484035,0.5609777317619463,0.5185632624573495,0.5630458124423161,1,112,0.0,0.6181818181818182,False
6,9,0.9,6,5,False,True,285,0.7307692307692307,0.45012593637316917,0.565898405645991,0.5165636331331844,0.5633809199399566,1,112,0.0,0.6545454545454545,False
7,9,1.3,7,5,False,True,285,0.7307692307692307,0.4352166188025998,0.5672245729214406,0.5090101269532684,0.6009217732573001,1,110,0.0,0.6636363636363637,False
10,6,2.0,9,5,False,True,285,0.7307692307692307,0.31918366467077847,0.5129433982435868,0.46716746634752637,0.5448650654763373,1,124,0.0,0.7000128008192524,False
6,6,0.6,5,4,False,True,285,0.7307692307692307,0.3998900056915916,0.5260704291268183,0.439164156936421,0.5192774579828409,1,129,0.0,0.707542908762421,False
6,6,0.7,5,4,False,True,285,0.7307692307692307,0.3998900056915916,0.5260704291268183,0.439164156936421,0.5192774579828409,1,129,0.0,0.707542908762421,False
6,6,0.8,5,4,False,True,285,0.7307692307692307,0.3998900056915916,0.5260704291268183,0.439164156936421,0.5192774579828409,1,129,0.0,0.707542908762421,False
6,6,1.0,6,4,False,True,285,0.7307692307692307,0.3685070953688194,0.4960466546131771,0.439164156936421,0.5192774579828409,1,129,0.0,0.707542908762421,False
7,9,0.7,5,5,False,True,284,0.7282051282051282,0.5241245738668613,0.5916815275882413,0.5241245738668613,0.5916815275882411,1,110,0.0,0.6323529411764706,False
7,9,0.8,5,5,False,True,284,0.7282051282051282,0.5241245738668613,0.5916815275882413,0.5241245738668613,0.5916815275882411,1,110,0.0,0.6323529411764706,False
9,8,1.9,9,5,False,True,284,0.7282051282051282,0.3397624356100651,0.5130225644246112,0.5115597559147019,0.554297577008518,1,135,0.0,0.6868505573398829,False
5,9,1.4,7,4,False,True,284,0.7282051282051282,0.3161444726985378,0.5101584344355223,0.5056248078156439,0.5313551553467679,1,152,0.0,0.0,False
7,9,1.4,7,5,False,True,284,0.7282051282051282,0.43934505030320536,0.5699953821412619,0.5056135025542126,0.6000893714384626,1,110,0.0,0.6636363636363637,False
7,9,1.2,7,5,False,True,284,0.7282051282051282,0.4357478387456564,0.5668840376508886,0.504860247352416,0.5994255367579324,1,110,0.0,0.6545454545454545,False
7,9,1.1,7,5,False,True,284,0.7282051282051282,0.43499118851664303,0.5673497316682647,0.504472556122164,0.6005910170983445,1,110,0.0,0.6545454545454545,False
8,7,1.9,8,5,False,True,284,0.7282051282051282,0.3627444892915405,0.5039153720067084,0.4983266509546174,0.5164909981857434,1,111,0.0,0.673469387755102,False
9,7,0.9,5,4,False,True,284,0.7282051282051282,0.3909367201231543,0.4791835261073757,0.47148780017193054,0.4989177214752366,1,135,0.0,0.5094339622641509,False
9,7,1.0,5,4,False,True,284,0.7282051282051282,0.3936529201616385,0.4864379699255539,0.45559509033662693,0.5074873220109208,1,135,0.0,0.5094339622641509,False
7,9,1.5,7,5,False,True,283,0.7256410256410256,0.42745421479950874,0.5579410188753904,0.49852271463641357,0.5886442511477583,1,110,0.0,0.6636363636363637,False
7,9,1.6,7,5,False,True,283,0.7256410256410256,0.42745421479950874,0.5579410188753904,0.49852271463641357,0.5886442511477583,1,110,0.0,0.6636363636363637,False
10,7,2.2,10,5,False,True,283,0.7256410256410256,0.3051202376627796,0.5132293604405649,0.4732479816330336,0.5487140775791803,1,114,0.0,0.7105263157894737,False
8,5,0.5,4,4,False,True,283,0.7256410256410256,0.38938198033190763,0.48309307610449015,0.38938198033190763,0.4830930761044902,1,117,0.0,0.5726495726495726,False
9,8,2.3,10,5,False,True,282,0.7230769230769231,0.28967885862207715,0.4981853554762947,0.522930758247666,0.5402572047514814,1,135,0.0,0.6008419441255262,False
9,8,2.2,10,5,False,True,282,0.7230769230769231,0.29015389423061283,0.49910656997301794,0.5205145750305319,0.5401266977065733,1,135,0.0,0.6008419441255262,False
9,8,2.5,11,5,False,True,282,0.7230769230769231,0.2857631813189001,0.49484349335050265,0.5205145750305319,0.5401266977065733,1,135,0.0,0.6008419441255262,False
9,8,2.0,9,5,False,True,282,0.7230769230769231,0.30037311165880176,0.4960180253441253,0.5177189802775368,0.5420143219620039,1,135,0.0,0.6211251435132032,False
9,8,2.1,9,5,False,True,282,0.7230769230769231,0.30037311165880176,0.4960180253441253,0.5177189802775368,0.5420143219620039,1,135,0.0,0.6211251435132032,False
6,9,1.6,7,5,False,True,282,0.7230769230769231,0.4274264011579192,0.5540771483077794,0.5034158049062917,0.5546986411178225,1,112,0.0,0.6363636363636364,False
6,9,1.2,7,5,False,True,282,0.7230769230769231,0.42925407855162745,0.554482349076001,0.5032730993629532,0.5547576757621732,1,112,0.0,0.6181818181818182,False
6,9,1.3,7,5,False,True,282,0.7230769230769231,0.42925407855162745,0.554482349076001,0.5032730993629532,0.5547576757621732,1,112,0.0,0.6181818181818182,False
6,9,1.4,7,5,False,True,282,0.7230769230769231,0.4274101097264111,0.5541293987241219,0.5032730993629532,0.5547576757621732,1,112,0.0,0.6181818181818182,False
6,9,1.5,7,5,False,True,282,0.7230769230769231,0.4274101097264111,0.5541293987241219,0.5032730993629532,0.5547576757621732,1,112,0.0,0.6181818181818182,False
5,10,2.0,10,7,False,True,282,0.7230769230769231,0.38269888759557297,0.5538274709392849,0.4864912975726782,0.5690342536202357,1,91,0.0,0.7211538461538461,False
5,10,2.1,10,7,False,True,282,0.7230769230769231,0.38269888759557297,0.5538274709392849,0.4864912975726782,0.5690342536202357,1,91,0.0,0.7211538461538461,False
5,10,2.3,10,7,False,True,282,0.7230769230769231,0.38269888759557297,0.5538274709392849,0.4864912975726782,0.5690342536202357,1,91,0.0,0.7211538461538461,False
10,9,2.2,10,5,False,True,282,0.7230769230769231,0.3141376015951894,0.520407985839844,0.48632912039792914,0.5516301115920604,1,111,0.0,0.6825396825396826,False
10,10,2.2,10,5,False,True,282,0.7230769230769231,0.31382474489702844,0.5206295899211103,0.48618887834053115,0.5517799263945794,1,111,0.0,0.3412698412698413,False
10,8,2.2,10,5,False,True,282,0.7230769230769231,0.3141467591245007,0.518044130642753,0.4861360453944245,0.5489449489574988,1,111,0.0,0.7061347061347061,False
7,8,1.8,8,5,False,True,282,0.7230769230769231,0.4221020174276735,0.5431377876210784,0.48287417678808975,0.5605459770399251,1,110,0.0,0.6931818181818181,False
9,9,1.9,9,5,False,True,281,0.7205128205128205,0.3389971347110764,0.5249098042694034,0.5166490363047876,0.5673425965016927,1,135,0.0,0.6268656716417911,False
9,8,2.6,11,5,False,True,281,0.7205128205128205,0.2768902082393891,0.48773297536946,0.5151189793355192,0.5314336355394454,1,135,0.0,0.5784538844240337,False
9,8,1.8,8,5,False,True,281,0.7205128205128205,0.33662378638398394,0.5019616813968467,0.5107901782149009,0.5420705452261148,1,135,0.0,0.6414083429008802,False
8,7,1.6,7,5,False,True,281,0.7205128205128205,0.3780574490845864,0.5149708619225238,0.5033975021525937,0.5222454763690444,1,111,0.0,0.7142857142857143,False
5,10,2.2,10,7,False,True,281,0.7205128205128205,0.38336641989902603,0.5525053752614647,0.48066213702836097,0.5656983972499278,1,91,0.0,0.7211538461538461,False
7,8,1.7,8,5,False,True,281,0.7205128205128205,0.4138160757229162,0.5348015453255621,0.47636205777159657,0.55157307981462,1,110,0.0,0.6886363636363637,False
10,7,2.1,10,5,False,True,281,0.7205128205128205,0.29210083547790816,0.502330692884054,0.4617260693159687,0.5406174718692671,1,114,0.0,0.6842105263157895,False
8,6,0.8,5,4,False,True,281,0.7205128205128205,0.3893978612835423,0.5035700366018315,0.3984856994500242,0.4910727224991804,1,117,0.0,0.6066066066066067,False
2,9,0.6,6,6,False,True,280,0.717948717948718,0.5799914192369425,0.727952910537929,0.5799914192369425,0.727952910537929,1,88,0.0,0.7954545454545454,False
2,9,0.7,6,6,False,True,280,0.717948717948718,0.5785783774175639,0.7254045189805527,0.5785783774175639,0.7254045189805527,1,88,0.0,0.7954545454545454,False
3,10,2.3,10,5,False,True,280,0.717948717948718,0.34524563109177525,0.5953265311320233,0.5411710629593864,0.6204408441838897,1,106,0.0,0.3105263157894737,False
9,8,1.6,8,5,False,True,280,0.717948717948718,0.33533111366096235,0.4990267081930322,0.5088229987778852,0.5375244452988551,1,135,0.0,0.6264829697665519,False
8,7,1.4,7,5,False,True,280,0.717948717948718,0.37977467577663987,0.52016110489713,0.5062897631536433,0.5293285247031907,1,111,0.0,0.7346938775510204,False
8,7,1.5,7,5,False,True,280,0.717948717948718,0.37977467577663987,0.52016110489713,0.5062897631536433,0.5293285247031907,1,111,0.0,0.7346938775510204,False
5,9,0.9,6,4,False,True,280,0.717948717948718,0.35338427128975886,0.5143016768199347,0.49183862999038425,0.5252650669356522,1,152,0.0,0.0,False
5,9,1.0,6,4,False,True,280,0.717948717948718,0.35338427128975886,0.5143016768199347,0.49183862999038425,0.5252650669356522,1,152,0.0,0.0,False
5,10,2.6,12,6,False,True,280,0.717948717948718,0.32983016682439015,0.5437340006630577,0.4774202246831403,0.562847542033727,1,91,0.0,0.6936813186813187,False
10,9,2.1,10,5,False,True,280,0.717948717948718,0.29962914757329334,0.5093152488817719,0.4741656790103711,0.54250905741834,1,111,0.0,0.6825396825396826,False
10,10,2.1,10,5,False,True,280,0.717948717948718,0.29930476712112164,0.509569443586091,0.47402326685980406,0.542692820476053,1,111,0.0,0.3412698412698413,False
10,8,2.1,10,5,False,True,280,0.717948717948718,0.29965463786087465,0.5069232349685041,0.47397758806531987,0.5397772820913157,1,111,0.0,0.711462148962149,False
8,6,0.9,5,4,False,True,280,0.717948717948718,0.3882761647508754,0.5029003445324375,0.399517774814738,0.4911342035706001,1,117,0.0,0.5975975975975976,False
5,5,0.5,5,4,False,True,280,0.717948717948718,0.29717112458049444,0.4394437214895483,0.38535579808368425,0.45285976828845753,1,152,0.0,0.6973684210526315,False
5,5,0.6,5,4,False,True,280,0.717948717948718,0.29717112458049444,0.4394437214895483,0.38535579808368425,0.45285976828845753,1,152,0.0,0.6973684210526315,False
2,9,0.5,6,6,False,True,279,0.7153846153846154,0.5755063024065216,0.7229166528329022,0.5755063024065216,0.7229166528329022,1,88,0.0,0.7954545454545454,False
9,9,2.3,10,5,False,True,279,0.7153846153846154,0.29568213495298645,0.5105454985028848,0.5275901712974054,0.5534335440326782,1,135,0.0,0.5897435897435898,False
9,9,2.2,10,5,False,True,279,0.7153846153846154,0.2961716502080608,0.5114514691958858,0.5251663464313684,0.5533186477051536,1,135,0.0,0.5897435897435898,False
9,9,2.5,11,5,False,True,279,0.7153846153846154,0.291606634716889,0.5071578443194509,0.5251663464313684,0.5533186477051536,1,135,0.0,0.5897435897435898,False
9,9,2.0,9,5,False,True,279,0.7153846153846154,0.3069187254549823,0.5087124732284016,0.5222250116857987,0.5551049090759624,1,135,0.0,0.6153846153846154,False
9,9,2.1,9,5,False,True,279,0.7153846153846154,0.3069187254549823,0.5087124732284016,0.5222250116857987,0.5551049090759624,1,135,0.0,0.6153846153846154,False
3,8,0.3,4,4,False,True,279,0.7153846153846154,0.5196823445369969,0.5938526398069699,0.5196823445369969,0.59385263980697,1,106,0.0,0.3584905660377358,False
7,10,0.6,5,5,False,True,279,0.7153846153846154,0.519007871624141,0.5915359795881946,0.519007871624141,0.5915359795881945,1,110,0.0,0.3161764705882353,False
9,8,2.4,10,5,False,True,279,0.7153846153846154,0.28341890188892993,0.49059665575673067,0.5124304984078016,0.5325481646404395,1,135,0.0,0.5805587447378492,False
9,8,2.7,11,5,False,True,279,0.7153846153846154,0.27247745359675535,0.4806982681750096,0.5122331653523468,0.523635503809396,1,135,0.0,0.552812858783008,False
9,8,2.9,13,5,False,True,279,0.7153846153846154,0.24155022208523547,0.4750767978272292,0.5119779255495909,0.5252408769878781,1,135,0.0,0.5602755453501722,False
9,8,3.0,14,5,False,True,279,0.7153846153846154,0.2425511727991372,0.47173106986119073,0.5106848173155384,0.5294062516077295,1,135,0.0,0.5709911978568696,False
6,10,1.8,8,5,False,True,279,0.7153846153846154,0.39247999452733257,0.5516054427792934,0.5084084017158327,0.5620358012939576,1,112,0.0,0.32727272727272727,False
8,7,1.3,7,5,False,True,279,0.7153846153846154,0.3775672051235753,0.5191129627240905,0.5002169306033566,0.5266662001126916,1,111,0.0,0.7346938775510204,False
8,8,2.1,10,4,False,True,279,0.7153846153846154,0.3358875519952857,0.5025934514568035,0.4918229077538531,0.5225075962758865,1,111,0.0,0.40540540540540543,False
8,8,2.4,11,4,False,True,279,0.7153846153846154,0.2924037520206801,0.49378531498464195,0.48907389439499815,0.5080438941900769,1,111,0.0,0.40540540540540543,False
8,8,2.7,12,5,False,True,279,0.7153846153846154,0.29097139472168304,0.5023971254726386,0.47827901238774706,0.5095529557940106,1,111,0.0,0.4414414414414415,False
5,6,0.5,5,4,False,True,279,0.7153846153846154,0.3211963909102506,0.47136806101512896,0.41398879440411196,0.486760612632767,1,152,0.0,0.6486842105263158,False
5,6,0.6,5,4,False,True,279,0.7153846153846154,0.3211963909102506,0.47136806101512896,0.41398879440411196,0.486760612632767,1,152,0.0,0.6486842105263158,False
8,6,0.7,5,4,False,True,279,0.7153846153846154,0.3842384089574652,0.5012302755298084,0.39104710722294095,0.4872966863763291,1,117,0.0,0.5975975975975976,False
3,10,2.0,10,5,False,True,278,0.7128205128205128,0.3420589708557523,0.5933341733874005,0.5356351110218512,0.6178290067050946,1,106,0.0,0.3,False
3,10,2.1,10,5,False,True,278,0.7128205128205128,0.3424857203476571,0.5935588502406276,0.5356351110218512,0.6178290067050946,1,106,0.0,0.3,False
3,10,2.2,10,5,False,True,278,0.7128205128205128,0.3424857203476571,0.5935588502406276,0.5356351110218512,0.6178290067050946,1,106,0.0,0.3,False
4,10,1.5,8,5,False,True,278,0.7128205128205128,0.36980293703720885,0.5615960148721606,0.5217333833126799,0.5990401812041959,1,111,0.0,0.38738738738738737,False
9,9,2.6,11,5,False,True,278,0.7128205128205128,0.28238431893465404,0.5000560137513017,0.5198036601008549,0.5448676329279373,1,135,0.0,0.5671641791044776,False
9,9,1.8,8,5,False,True,278,0.7128205128205128,0.335945722303914,0.514196174785437,0.5158889067987931,0.5553927453073582,1,135,0.0,0.6410256410256411,False
9,8,2.8,12,5,False,True,278,0.7128205128205128,0.24750297169828256,0.4739521905477675,0.5147921949213695,0.5248526050071511,1,135,0.0,0.5453501722158438,False
7,10,0.7,5,5,False,True,278,0.7128205128205128,0.5130791954868119,0.5860232989768137,0.5130791954868119,0.5860232989768137,1,110,0.0,0.3161764705882353,False
7,10,0.8,5,5,False,True,278,0.7128205128205128,0.5130791954868119,0.5860232989768137,0.5130791954868119,0.5860232989768137,1,110,0.0,0.3161764705882353,False
6,10,1.1,7,5,False,True,278,0.7128205128205128,0.4239345288757782,0.5544174139617327,0.5070913087176713,0.5557040863265392,1,112,0.0,0.3090909090909091,False
6,10,0.9,6,5,False,True,278,0.7128205128205128,0.4342915691841835,0.558803969299114,0.5043441549806429,0.5558151675092334,1,112,0.0,0.32727272727272727,False
7,10,1.3,7,5,False,True,278,0.7128205128205128,0.4171950760573692,0.5598038663315354,0.49462468277719707,0.5922926214485872,1,110,0.0,0.33181818181818185,False
8,8,2.0,9,4,False,True,278,0.7128205128205128,0.34900368765538853,0.5056494287409814,0.4865189288906154,0.5137772904130925,1,111,0.0,0.4068627450980392,False
7,9,1.9,9,5,False,True,278,0.7128205128205128,0.3839037028325587,0.542284189354863,0.48258545063118435,0.5599880978739232,1,110,0.0,0.7,False
7,9,2.0,9,5,False,True,278,0.7128205128205128,0.384198196678713,0.5411992110329102,0.48258545063118435,0.5599880978739232,1,110,0.0,0.7,False
7,9,2.2,11,6,False,True,278,0.7128205128205128,0.34638938743347997,0.5442539740436327,0.48032473283714905,0.5767904540802831,1,110,0.0,0.6721311475409836,False
7,9,2.1,10,6,False,True,278,0.7128205128205128,0.37022063845196135,0.5435218711019562,0.4736090569912642,0.5609487716552197,1,110,0.0,0.6909090909090909,False
8,8,2.8,13,5,False,True,278,0.7128205128205128,0.2831530255183499,0.5040460672101057,0.4673910018772594,0.5072097456950716,1,111,0.0,0.44594594594594594,False
4,7,1.3,7,5,False,True,278,0.7128205128205128,0.41190877053482866,0.5493712913817252,0.44821115432816155,0.5596755098811371,1,111,0.0,0.8,False
3,10,1.8,9,5,False,True,277,0.7102564102564103,0.36177156497271307,0.5957182736262642,0.5385441826342978,0.6268848074566233,1,106,0.0,0.3,False
4,10,1.6,8,5,False,True,277,0.7102564102564103,0.36451982088129614,0.5401291943045212,0.514281811800019,0.575929879487217,1,111,0.0,0.3918918918918919,False
4,10,1.4,8,5,False,True,277,0.7102564102564103,0.36481472967300776,0.54885321107983,0.5142277867851247,0.5859832413444087,1,111,0.0,0.3783783783783784,False
9,9,1.6,8,5,False,True,277,0.7102564102564103,0.33467359814204234,0.5113325585092835,0.5139343640444742,0.5509671542002358,1,135,0.0,0.6119402985074627,False
3,8,0.4,4,4,False,True,277,0.7102564102564103,0.5128595703303718,0.5861137493848617,0.5128595703303718,0.5861137493848616,1,106,0.0,0.3584905660377358,False
7,10,2.6,11,6,False,True,277,0.7102564102564103,0.3504844666816961,0.5675476283610754,0.496863775336514,0.5862737282182457,1,110,0.0,0.7037126325940213,False
7,10,1.4,7,5,False,True,277,0.7102564102564103,0.4212636067786581,0.5625508660026242,0.49122122859296935,0.5914691937285125,1,110,0.0,0.33181818181818185,False
7,10,1.2,7,5,False,True,277,0.7102564102564103,0.4177584242673308,0.559463302806216,0.4904631145296145,0.5908160881881522,1,110,0.0,0.32727272727272727,False
7,10,1.1,7,5,False,True,277,0.7102564102564103,0.4170350546613327,0.5599176006868649,0.4900945110057294,0.5919618907294562,1,110,0.0,0.32727272727272727,False
7,9,2.6,11,6,False,True,277,0.7102564102564103,0.3435528570732642,0.5505188461702937,0.48886072441010275,0.566395872347249,1,110,0.0,0.7352941176470589,False
7,9,2.3,11,6,False,True,277,0.7102564102564103,0.34370952004016975,0.5434164483678928,0.48686514690037624,0.5593355091226695,1,110,0.0,0.7352941176470589,False
7,9,2.4,11,6,False,True,277,0.7102564102564103,0.34329260806570916,0.5433762403784461,0.48686514690037624,0.5593355091226695,1,110,0.0,0.7352941176470589,False
7,9,2.5,11,6,False,True,277,0.7102564102564103,0.34329260806570916,0.5433762403784461,0.48686514690037624,0.5593355091226695,1,110,0.0,0.7352941176470589,False
7,10,2.2,11,6,False,True,277,0.7102564102564103,0.34927505738416725,0.5557858193979669,0.4850460528717363,0.5900286324098833,1,110,0.0,0.6644237827257157,False
7,8,2.9,12,6,False,True,277,0.7102564102564103,0.3298532604000907,0.5355664393894731,0.4820583956423182,0.5665752864143384,1,110,0.0,0.7247474747474747,False
8,8,2.6,11,4,False,True,277,0.7102564102564103,0.2890502958776707,0.500246246751356,0.4739225310822623,0.5199967439358583,1,111,0.0,0.3918918918918919,False
8,8,2.3,10,4,False,True,277,0.7102564102564103,0.2970572855448047,0.4858925851642995,0.4739010406132653,0.4960008929578533,1,111,0.0,0.40540540540540543,False
5,7,0.8,5,4,False,True,277,0.7102564102564103,0.36075989002905573,0.5004157344926136,0.4587049690599787,0.505107648068014,1,152,0.0,0.5733333333333334,False
5,8,0.8,5,4,False,True,277,0.7102564102564103,0.3585199037085113,0.5004101022397193,0.45743078477160665,0.5050369823717029,1,152,0.0,0.2866666666666667,False
9,9,2.4,10,5,False,True,276,0.7076923076923077,0.289244636601628,0.5030768955030959,0.5169672090965104,0.5458965335404034,1,135,0.0,0.5641025641025641,False
9,9,2.7,11,5,False,True,276,0.7076923076923077,0.2778161584558562,0.4931187677420063,0.5168842969412782,0.5372405605463179,1,135,0.0,0.5384615384615384,False
9,9,2.9,13,5,False,True,276,0.7076923076923077,0.24794875363358018,0.48827272200591815,0.5163314653383746,0.5386989788356588,1,135,0.0,0.5384615384615384,False
9,9,3.0,14,5,False,True,276,0.7076923076923077,0.24998726799220228,0.48569747929500184,0.5152852174803543,0.542869239323829,1,135,0.0,0.5522388059701493,False
7,10,2.3,11,6,False,True,276,0.7076923076923077,0.3465581573872216,0.5549509650526252,0.49160983194849756,0.5727121895290747,1,110,0.0,0.7037126325940213,False
7,10,2.4,11,6,False,True,276,0.7076923076923077,0.34613464612806016,0.5549079766823785,0.49160983194849756,0.5727121895290747,1,110,0.0,0.7037126325940213,False
7,10,2.5,11,6,False,True,276,0.7076923076923077,0.34613464612806016,0.5549079766823785,0.49160983194849756,0.5727121895290747,1,110,0.0,0.7037126325940213,False
8,7,1.2,7,5,False,True,276,0.7076923076923077,0.3711926341759531,0.5157392797274827,0.48538517758097954,0.5193878259967744,1,111,0.0,0.7346938775510204,False
8,8,2.9,13,5,False,True,276,0.7076923076923077,0.2755819216132519,0.49771335920179266,0.48415837665195244,0.5244515792462813,1,111,0.0,0.6037360890302067,False
7,10,1.5,7,5,False,True,276,0.7076923076923077,0.40924009901674563,0.5506574049883466,0.48402477916148673,0.5801961382456721,1,110,0.0,0.33181818181818185,False
7,10,1.6,7,5,False,True,276,0.7076923076923077,0.40924009901674563,0.5506574049883466,0.48402477916148673,0.5801961382456721,1,110,0.0,0.33181818181818185,False
8,8,3.0,14,5,False,True,276,0.7076923076923077,0.2674612576897686,0.49562441579477323,0.48358540965163926,0.53268062739299,1,111,0.0,0.6257949125596185,False
7,8,2.7,12,6,False,True,276,0.7076923076923077,0.3287316766121578,0.5345582132199542,0.47963260346862957,0.5654987738238528,1,110,0.0,0.7202020202020202,False
7,8,2.8,12,6,False,True,276,0.7076923076923077,0.32919867435568967,0.5349296412661407,0.47936431096533955,0.5657052917414237,1,110,0.0,0.7202020202020202,False
5,7,0.7,5,4,False,True,276,0.7076923076923077,0.3511529744254579,0.4904873749649806,0.4759775580449028,0.5061984044302033,1,152,0.0,0.5733333333333334,False
5,8,0.7,5,4,False,True,276,0.7076923076923077,0.3488990596645126,0.49060603064889313,0.47463868678443955,0.5061134046947185,1,152,0.0,0.2866666666666667,False
8,8,2.2,10,4,False,True,276,0.7076923076923077,0.29767015146221504,0.4884526003207124,0.47161441136061627,0.4932890592225191,1,111,0.0,0.4068627450980392,False
8,8,2.5,11,4,False,True,276,0.7076923076923077,0.2852219982264992,0.4872097301172315,0.46856898179811823,0.5025388657569504,1,111,0.0,0.3918918918918919,False
10,6,1.8,8,5,False,True,276,0.7076923076923077,0.318856378410312,0.5130251283230819,0.40783979765701905,0.5296029855369815,1,124,0.0,0.7410503540519277,False
10,6,1.9,8,5,False,True,276,0.7076923076923077,0.318856378410312,0.5130251283230819,0.40783979765701905,0.5296029855369815,1,124,0.0,0.7410503540519277,False
3,10,1.6,9,5,False,True,275,0.7051282051282052,0.3564094226331533,0.5874097449683279,0.5274898100495691,0.6140415346990256,1,106,0.0,0.29473684210526313,False
3,10,1.7,9,5,False,True,275,0.7051282051282052,0.3550858520374586,0.5829052955811622,0.5274898100495691,0.6140415346990256,1,106,0.0,0.29473684210526313,False
3,10,1.9,9,5,False,True,275,0.7051282051282052,0.35597093357001164,0.5857692522991356,0.5266021880115777,0.613954860097891,1,106,0.0,0.3,False
9,9,2.8,12,5,False,True,275,0.7051282051282052,0.25444056749263066,0.4875950575683125,0.5191862898234657,0.538324920674985,1,135,0.0,0.5384615384615384,False
6,10,1.6,7,5,False,True,275,0.7051282051282052,0.4108030707971766,0.5476356888732375,0.4918992590845994,0.5474944554189837,1,112,0.0,0.3181818181818182,False
6,10,1.2,7,5,False,True,275,0.7051282051282052,0.41273384174928773,0.5480262435651025,0.4917883598863354,0.5475459699478558,1,112,0.0,0.3090909090909091,False
6,10,1.3,7,5,False,True,275,0.7051282051282052,0.41273384174928773,0.5480262435651025,0.4917883598863354,0.5475459699478558,1,112,0.0,0.3090909090909091,False
6,10,1.4,7,5,False,True,275,0.7051282051282052,0.41083990511562096,0.5476819271055635,0.4917883598863354,0.5475459699478558,1,112,0.0,0.3090909090909091,False
6,10,1.5,7,5,False,True,275,0.7051282051282052,0.41083990511562096,0.5476819271055635,0.4917883598863354,0.5475459699478558,1,112,0.0,0.3090909090909091,False
6,6,0.5,4,4,False,True,275,0.7051282051282052,0.4529155937168383,0.5292486989126116,0.4529155937168383,0.5292486989126115,1,129,0.0,0.6862618432385874,False
6,7,0.6,5,4,False,True,275,0.7051282051282052,0.3862902091526314,0.5194780942499103,0.43371448890030273,0.5121436646044113,1,129,0.0,0.5089285714285714,False
6,7,0.7,5,4,False,True,275,0.7051282051282052,0.3862902091526314,0.5194780942499103,0.43371448890030273,0.5121436646044113,1,129,0.0,0.5089285714285714,False
6,7,0.8,5,4,False,True,275,0.7051282051282052,0.3862902091526314,0.5194780942499103,0.43371448890030273,0.5121436646044113,1,129,0.0,0.5089285714285714,False
6,7,1.0,6,4,False,True,275,0.7051282051282052,0.35048006714103236,0.4906905478363271,0.43371448890030273,0.5121436646044113,1,129,0.0,0.5089285714285714,False
3,10,1.5,9,5,False,True,274,0.7025641025641025,0.3552728274018039,0.5855815205696786,0.5251210758376501,0.6125054033414004,1,106,0.0,0.29473684210526313,False
3,10,1.4,9,5,False,True,274,0.7025641025641025,0.35283018724669657,0.5784281990530995,0.5233943634394639,0.6093242098248932,1,106,0.0,0.29473684210526313,False
8,8,1.7,8,5,False,True,274,0.7025641025641025,0.35537473082807897,0.5036960140615769,0.4943934193516739,0.5118677916338958,1,111,0.0,0.5705484896661367,False
8,8,1.8,8,5,False,True,274,0.7025641025641025,0.35290156765586617,0.5003144623471765,0.4936198424050605,0.5134295223708899,1,111,0.0,0.5779014308426074,False
8,8,1.4,7,4,False,True,274,0.7025641025641025,0.3650142464222724,0.5163093671257991,0.48842226806739497,0.520054594028417,1,111,0.0,0.3897058823529412,False
8,8,1.5,7,4,False,True,274,0.7025641025641025,0.3650142464222724,0.5163093671257991,0.48842226806739497,0.520054594028417,1,111,0.0,0.3897058823529412,False
8,8,1.6,7,4,False,True,274,0.7025641025641025,0.3642809099043619,0.511805289111022,0.4863699643794948,0.5128551158460506,1,111,0.0,0.3897058823529412,False
3,9,0.5,5,5,False,True,274,0.7025641025641025,0.48352316421924457,0.5858879153637938,0.48352316421924457,0.5858879153637938,1,106,0.0,0.6210526315789474,False
3,9,0.6,5,5,False,True,274,0.7025641025641025,0.48245957413550183,0.5830157134421365,0.48245957413550183,0.5830157134421367,1,106,0.0,0.6210526315789474,False
3,9,0.7,5,5,False,True,274,0.7025641025641025,0.48245957413550183,0.5830157134421365,0.48245957413550183,0.5830157134421367,1,106,0.0,0.6210526315789474,False
3,9,0.8,5,5,False,True,274,0.7025641025641025,0.48245957413550183,0.5830157134421365,0.48245957413550183,0.5830157134421367,1,106,0.0,0.6210526315789474,False
3,9,0.9,5,5,False,True,274,0.7025641025641025,0.48245957413550183,0.5830157134421365,0.48245957413550183,0.5830157134421367,1,106,0.0,0.6210526315789474,False
3,9,1.0,5,5,False,True,274,0.7025641025641025,0.48245957413550183,0.5830157134421365,0.48245957413550183,0.5830157134421367,1,106,0.0,0.6210526315789474,False
8,7,1.1,7,5,False,True,274,0.7025641025641025,0.3675636570628927,0.5124895171960244,0.4817165841321401,0.5157191102092388,1,111,0.0,0.7346938775510204,False
9,8,1.5,7,4,False,True,274,0.7025641025641025,0.33577689775083214,0.49861298562712153,0.4786605804842802,0.5024089541702867,1,135,0.0,0.37341772151898733,False
9,8,1.7,7,4,False,True,274,0.7025641025641025,0.33560884068422736,0.49449000439318663,0.4786605804842802,0.5024089541702867,1,135,0.0,0.37341772151898733,False
9,8,1.2,7,4,False,True,274,0.7025641025641025,0.3374207927584919,0.49955201714431813,0.476381307849762,0.502199983428892,1,135,0.0,0.37341772151898733,False
7,8,3.0,13,6,False,True,274,0.7025641025641025,0.28928410667814985,0.5147159677238315,0.46569706309303166,0.5459424914730454,1,110,0.0,0.7045454545454546,False
10,7,2.0,9,5,False,True,274,0.7025641025641025,0.31043209166026403,0.5162529235047585,0.44065061775662995,0.5374216800762531,1,114,0.0,0.6846846846846847,False
2,10,0.6,6,5,False,True,273,0.7,0.54558907582696,0.7123978330121871,0.5776888060113846,0.717795407060587,1,88,0.0,0.3977272727272727,False
2,10,0.7,6,5,False,True,273,0.7,0.5441045920349588,0.7099105836415744,0.5764081976826961,0.7151576383863174,1,88,0.0,0.3977272727272727,False
3,10,1.3,7,5,False,True,273,0.7,0.41373210563663626,0.5910303122645956,0.5194660961377437,0.6120132633271738,1,106,0.0,0.2894736842105263,False
10,6,1.4,7,4,False,True,273,0.7,0.34301858103211863,0.5145146935630481,0.48439338343334054,0.5435962099317991,1,124,0.0,0.5908521303258145,False
10,6,1.6,7,4,False,True,273,0.7,0.3441774737783414,0.5138689928157403,0.48439338343334054,0.5435962099317991,1,124,0.0,0.5908521303258145,False
8,8,1.3,7,4,False,True,273,0.7,0.36280672500269345,0.5152788607163558,0.48437621607444903,0.5184592002299522,1,111,0.0,0.3897058823529412,False
3,9,1.1,6,5,False,True,273,0.7,0.4213189617530733,0.5719925717237301,0.47605070625627866,0.5799851212143375,1,106,0.0,0.5789473684210527,False
3,9,1.2,6,5,False,True,273,0.7,0.4213189617530733,0.5719925717237301,0.47605070625627866,0.5799851212143375,1,106,0.0,0.5789473684210527,False
9,8,1.4,7,4,False,True,273,0.7,0.3321590350841101,0.4937738024736672,0.47329756996901856,0.49514709927507294,1,135,0.0,0.37341772151898733,False
9,8,1.3,7,4,False,True,273,0.7,0.33333089179226155,0.49527363281898024,0.4728919277589738,0.49783768218773333,1,135,0.0,0.37341772151898733,False
9,8,1.1,7,4,False,True,273,0.7,0.33513878298118244,0.4975556961269541,0.4722206204257061,0.49892074667680797,1,135,0.0,0.37341772151898733,False
10,9,2.0,9,5,False,True,273,0.7,0.3167791881545612,0.5210387162450243,0.4509287657063924,0.5392574895402302,1,111,0.0,0.6846846846846847,False
10,10,2.0,9,5,False,True,273,0.7,0.316478774528816,0.5212624359194471,0.4507760116037807,0.5394525873381834,1,111,0.0,0.34234234234234234,False
10,8,2.0,9,5,False,True,273,0.7,0.3167755399777597,0.5186333604820983,0.4507547523955393,0.5365201955938286,1,111,0.0,0.6915486915486915,False
8,6,0.5,4,4,False,True,273,0.7,0.3833614404108247,0.48269839290164995,0.3833614404108247,0.48269839290164995,1,117,0.0,0.5461287078934138,False
2,10,0.5,6,5,False,True,272,0.6974358974358974,0.541072001169516,0.7074662346470562,0.572756541548154,0.7125919264968256,1,88,0.0,0.3977272727272727,False
5,10,1.1,7,5,False,True,272,0.6974358974358974,0.4097478982610127,0.5495507297618771,0.4797797423907741,0.5594290005989199,1,91,0.0,0.33516483516483514,False
5,10,1.2,7,5,False,True,272,0.6974358974358974,0.4097478982610127,0.5495507297618771,0.4797797423907741,0.5594290005989199,1,91,0.0,0.33516483516483514,False
5,10,1.3,7,5,False,True,272,0.6974358974358974,0.4097478982610127,0.5495507297618771,0.4797797423907741,0.5594290005989199,1,91,0.0,0.33516483516483514,False
7,10,1.9,9,5,False,True,272,0.6974358974358974,0.36751414592145554,0.5380331947960999,0.4710421765984516,0.5548045839367172,1,110,0.0,0.35,False
7,10,2.0,9,5,False,True,272,0.6974358974358974,0.36779145852945505,0.5369639688952846,0.4710421765984516,0.5548045839367172,1,110,0.0,0.35,False
7,10,2.1,10,6,False,True,272,0.6974358974358974,0.3529472597544892,0.5393637724059849,0.4614676100776653,0.5559122486300669,1,110,0.0,0.6897168405365126,False
8,8,1.9,8,4,False,True,272,0.6974358974358974,0.35008102716352346,0.5022449153752034,0.4612473033509533,0.4990734588336137,1,111,0.0,0.3627450980392157,False
7,9,1.8,8,5,False,True,272,0.6974358974358974,0.39108728285051686,0.5370679374303026,0.4603103479739901,0.5532580754245517,1,110,0.0,0.6363636363636364,False
4,7,1.2,7,5,False,True,272,0.6974358974358974,0.39710699605793937,0.5434474463999481,0.44482180787291276,0.5616602910457698,1,111,0.0,0.7117117117117117,False
9,9,1.5,7,4,False,True,271,0.6948717948717948,0.3357211793038299,0.5113183420247303,0.481756477289509,0.5037505402810576,1,135,0.0,0.0,False
9,9,1.7,7,4,False,True,271,0.6948717948717948,0.3355382097672309,0.5072714562180106,0.481756477289509,0.5037505402810576,1,135,0.0,0.0,False
9,9,1.2,7,4,False,True,271,0.6948717948717948,0.3374230475627302,0.5122487553448801,0.47948445189715694,0.5035478889132728,1,135,0.0,0.0,False
5,10,1.5,8,5,False,True,271,0.6948717948717948,0.38237002239928397,0.542506578080278,0.47254330379155857,0.5510846539752251,1,91,0.0,0.32967032967032966,False
7,9,1.7,8,5,False,True,271,0.6948717948717948,0.382620056203143,0.5288997078951981,0.45363597053230864,0.544494973748243,1,110,0.0,0.6272727272727273,False
6,8,0.6,5,4,False,True,271,0.6948717948717948,0.3768825355602866,0.5140187419381296,0.4267954932299691,0.5061494303583416,1,129,0.0,0.2544642857142857,False
6,8,0.7,5,4,False,True,271,0.6948717948717948,0.3768825355602866,0.5140187419381296,0.4267954932299691,0.5061494303583416,1,129,0.0,0.2544642857142857,False
6,8,0.8,5,4,False,True,271,0.6948717948717948,0.3768825355602866,0.5140187419381296,0.4267954932299691,0.5061494303583416,1,129,0.0,0.2544642857142857,False
6,8,1.0,6,4,False,True,271,0.6948717948717948,0.3398123584517732,0.4858604645874907,0.4267954932299691,0.5061494303583416,1,129,0.0,0.2544642857142857,False
9,9,1.4,7,4,False,True,270,0.6923076923076923,0.3320350850202698,0.5065746546084844,0.4763738012112834,0.496660485774142,1,135,0.0,0.0,False
9,9,1.3,7,4,False,True,270,0.6923076923076923,0.3332481175400747,0.5080521389429691,0.47591549887214973,0.49928542159412675,1,135,0.0,0.0,False
9,9,1.1,7,4,False,True,270,0.6923076923076923,0.33512076016097714,0.5102995504140694,0.47529897513008196,0.500346013507555,1,135,0.0,0.0,False
8,8,1.2,7,4,False,True,270,0.6923076923076923,0.3563201736113649,0.5119713629740623,0.4702029517171308,0.5109439445918866,1,111,0.0,0.38235294117647056,False
5,10,1.6,8,5,False,True,270,0.6923076923076923,0.37859553095908427,0.5402592032819457,0.4684295777314469,0.5479854592476933,1,91,0.0,0.32967032967032966,False
5,10,1.7,8,5,False,True,270,0.6923076923076923,0.37859553095908427,0.5402592032819457,0.4684295777314469,0.5479854592476933,1,91,0.0,0.32967032967032966,False
4,7,1.1,6,5,False,True,270,0.6923076923076923,0.43380563034010855,0.5726879320885393,0.46485043668561,0.5946050484695953,1,111,0.0,0.6306306306306306,False
5,10,1.9,9,6,False,True,270,0.6923076923076923,0.37490072353198417,0.5407675395298942,0.462067232876083,0.5463812231416131,1,91,0.0,0.6703296703296704,False
5,4,0.4,4,2,False,True,270,0.6923076923076923,0.136372354403501,0.27069536257000726,0.22711921316710096,0.29251870197099467,1,211,0.0,0.2629310344827586,False
10,6,1.2,7,4,False,True,269,0.6897435897435897,0.33808587776966725,0.5159508185284059,0.4785014638852821,0.5475237419148095,1,124,0.0,0.576858813700919,False
10,6,1.3,7,4,False,True,269,0.6897435897435897,0.33808587776966725,0.5159508185284059,0.4785014638852821,0.5475237419148095,1,124,0.0,0.576858813700919,False
10,6,1.5,7,4,False,True,269,0.6897435897435897,0.33808587776966725,0.5159508185284059,0.4785014638852821,0.5475237419148095,1,124,0.0,0.576858813700919,False
8,9,2.1,10,4,False,True,269,0.6897435897435897,0.31437470998317607,0.5028346297694807,0.46317532972795766,0.5092262224851537,1,102,0.0,0.0,False
5,10,1.8,8,5,False,True,269,0.6897435897435897,0.37932999762155295,0.538904967534408,0.4629863919343795,0.5444628049255718,1,91,0.0,0.3241758241758242,False
8,10,2.1,10,4,False,True,269,0.6897435897435897,0.31370017569804576,0.5018908168645779,0.462788379786256,0.5080025968630321,1,102,0.0,0.0,False
8,9,2.4,11,4,False,True,269,0.6897435897435897,0.30296930748038325,0.5044022479957816,0.46062941768906546,0.4951513482464536,1,102,0.0,0.0,False
8,10,2.4,11,4,False,True,269,0.6897435897435897,0.30320086275132785,0.5074814455423369,0.4602450212085441,0.49396293810443487,1,102,0.0,0.0,False
8,9,2.7,12,5,False,True,269,0.6897435897435897,0.30044088317632545,0.5120524139247847,0.44992318013033283,0.49697832396749025,1,102,0.0,0.08108108108108109,False
8,10,2.7,12,5,False,True,269,0.6897435897435897,0.30067084411424594,0.5150867855880537,0.4495316781173173,0.49580067021747753,1,102,0.0,0.04054054054054054,False
10,6,1.7,7,4,False,True,269,0.6897435897435897,0.3379661098774316,0.5124014122707865,0.4260991163172473,0.5240255369694282,1,124,0.0,0.6900820599886814,False
10,5,0.5,4,3,False,True,269,0.6897435897435897,0.3351437011413155,0.4474613228999935,0.30986221467710295,0.4191804189015229,1,177,0.0,0.49193548387096775,False
9,8,0.8,5,4,False,True,268,0.6871794871794872,0.41266634301029204,0.49794518009577055,0.4922797880809377,0.5301328497923162,1,135,0.0,0.23880597014925373,False
8,8,1.1,7,4,False,True,268,0.6871794871794872,0.3526831576568251,0.5087810367581798,0.4641786937135336,0.5058861202910482,1,111,0.0,0.375,False
5,9,0.7,5,4,False,True,268,0.6871794871794872,0.32936491177877214,0.4860908769937275,0.4597783601681573,0.5008433704279243,1,152,0.0,0.0,False
8,9,2.0,9,4,False,True,268,0.6871794871794872,0.32875812725600245,0.5058238771406928,0.45684600214390175,0.5005776316860373,1,102,0.0,0.0,False
8,10,2.0,9,4,False,True,268,0.6871794871794872,0.3281022853342428,0.5048565871584277,0.45645580786528855,0.49937913000697637,1,102,0.0,0.0,False
8,9,2.8,13,5,False,True,268,0.6871794871794872,0.2920276843418495,0.5135319771325233,0.44025803416753373,0.49511768868863903,1,102,0.0,0.10810810810810811,False
8,10,2.8,13,5,False,True,268,0.6871794871794872,0.29225332009388116,0.5165214035152479,0.43986421117152985,0.493947547615268,1,102,0.0,0.05405405405405406,False
7,8,0.9,5,5,False,True,268,0.6871794871794872,0.42962081587581685,0.5316418010157087,0.42962081587581685,0.5316418010157087,1,110,0.0,0.6070855614973262,False
7,8,1.0,5,5,False,True,268,0.6871794871794872,0.428629733172387,0.5301428834888364,0.428629733172387,0.5301428834888363,1,110,0.0,0.6116310160427807,False
9,8,0.7,5,4,False,True,267,0.6846153846153846,0.40609102903109967,0.4958730241764541,0.4803616666117977,0.525613294307447,1,135,0.0,0.23880597014925373,False
7,10,2.9,12,7,False,True,267,0.6846153846153846,0.3424880991028996,0.5629618551856465,0.4621289606198999,0.5902287474419224,1,110,0.0,0.6497019374068554,False
8,10,3.0,14,5,False,True,267,0.6846153846153846,0.2777950793794894,0.5096752926920933,0.4604150224400925,0.5275575555394817,1,102,0.0,0.3014705882352941,False
8,9,3.0,14,5,False,True,267,0.6846153846153846,0.27757717084867495,0.5067235905227396,0.46013332094484105,0.5237829244289598,1,102,0.0,0.6029411764705882,False
5,10,1.4,7,5,False,True,267,0.6846153846153846,0.39316663534404483,0.5324162219807501,0.45746274074153975,0.5382053415299934,1,91,0.0,0.34065934065934067,False
7,9,2.9,12,7,False,True,267,0.6846153846153846,0.3356540941079081,0.5460584600599624,0.45424672709019376,0.5712800420076252,1,110,0.0,0.6721311475409836,False
8,9,2.6,11,4,False,True,267,0.6846153846153846,0.29955144532490025,0.5107457229412681,0.44760654223649204,0.5075136337176439,1,102,0.0,0.0,False
8,10,2.6,11,4,False,True,267,0.6846153846153846,0.2997818134187346,0.5138192223353799,0.44722152478299104,0.506290501129955,1,102,0.0,0.0,False
8,9,2.3,10,4,False,True,267,0.6846153846153846,0.3075186551847823,0.4962389659160373,0.4451168557282609,0.4836558874524174,1,102,0.0,0.0,False
8,10,2.3,10,4,False,True,267,0.6846153846153846,0.3077535336694462,0.49940644874731355,0.4447282949197973,0.48250005695237114,1,102,0.0,0.0,False
5,9,0.8,5,4,False,True,267,0.6846153846153846,0.3325570120446527,0.49026416126260713,0.43735268939179645,0.49380422603867824,1,152,0.0,0.0,False
7,10,2.7,12,7,False,True,266,0.6820512820512821,0.3413355584180555,0.562002214482209,0.4603420177144527,0.5896751355787818,1,110,0.0,0.6451564828614009,False
7,10,2.8,12,7,False,True,266,0.6820512820512821,0.34181541746074373,0.5623557391464461,0.4592496865431441,0.589414490494537,1,110,0.0,0.6451564828614009,False
8,9,2.9,13,5,False,True,266,0.6820512820512821,0.2840284309969753,0.5073192664371009,0.4544633461138693,0.5174317623097994,1,102,0.0,0.5588235294117647,False
8,10,2.9,13,5,False,True,266,0.6820512820512821,0.28425033722669557,0.5103160249021232,0.45402794101168037,0.5162583862107106,1,102,0.0,0.27941176470588236,False
7,9,2.7,12,7,False,True,266,0.6820512820512821,0.3345148795766665,0.5450761030039951,0.4524717257861516,0.5707288783640196,1,110,0.0,0.6721311475409836,False
7,9,2.8,12,7,False,True,266,0.6820512820512821,0.3349891984796849,0.5454379980029508,0.45139077284026563,0.5704564907577189,1,110,0.0,0.6721311475409836,False
7,10,1.8,8,5,False,True,266,0.6820512820512821,0.3753303341949321,0.5327824507920703,0.4486158617145831,0.5481715803296111,1,110,0.0,0.3181818181818182,False
8,9,2.5,11,4,False,True,266,0.6820512820512821,0.29558908363903463,0.49800980869024414,0.44202662887785066,0.4905799607692549,1,102,0.0,0.0,False
8,9,2.2,10,4,False,True,266,0.6820512820512821,0.30821973193257124,0.49875933272362327,0.4419682157287168,0.48065130091304353,1,102,0.0,0.0,False
8,10,2.5,11,4,False,True,266,0.6820512820512821,0.29581790658366514,0.5011130507640665,0.4416391203114478,0.4894043022579986,1,102,0.0,0.0,False
8,10,2.2,10,4,False,True,266,0.6820512820512821,0.30845505496010783,0.501927084062639,0.44157902305895486,0.4795037248363223,1,102,0.0,0.0,False
9,9,0.8,5,4,False,True,265,0.6794871794871795,0.4150347829534852,0.5117092293348254,0.49770736665875176,0.5446801999888662,1,135,0.0,0.0,False
7,10,3.0,13,7,False,True,265,0.6794871794871795,0.2999264053210235,0.5422640378917438,0.4463095083597624,0.5721937182424899,1,110,0.0,0.6488077496274218,False
7,10,1.7,8,5,False,True,265,0.6794871794871795,0.36679091327820046,0.524716864935366,0.44187110494455933,0.5395363935943676,1,110,0.0,0.31363636363636366,False
7,9,3.0,13,7,False,True,265,0.6794871794871795,0.2936318857107901,0.5254827285349922,0.43855349873576593,0.5530204700247119,1,110,0.0,0.6885245901639344,False
6,7,0.5,4,4,False,True,265,0.6794871794871795,0.41508126479242774,0.5123546126140024,0.41508126479242774,0.5123546126140024,1,129,0.0,0.46511627906976744,False
10,8,1.8,8,5,False,True,265,0.6794871794871795,0.31656868865379306,0.5158691534316734,0.39143209860567285,0.5211198294658452,1,111,0.0,0.5971500346500347,False
10,8,1.9,8,5,False,True,265,0.6794871794871795,0.31656868865379306,0.5158691534316734,0.39143209860567285,0.5211198294658452,1,111,0.0,0.5971500346500347,False
10,9,1.8,8,5,False,True,265,0.6794871794871795,0.3164003547931073,0.515760765028461,0.39142831779238285,0.5209700691925692,1,111,0.0,0.5096153846153846,False
10,9,1.9,8,5,False,True,265,0.6794871794871795,0.3164003547931073,0.515760765028461,0.39142831779238285,0.5209700691925692,1,111,0.0,0.5096153846153846,False
10,10,1.8,8,5,False,True,265,0.6794871794871795,0.31611635447728786,0.5160075962981793,0.3912688100670509,0.5212346002555999,1,111,0.0,0.2548076923076923,False
10,10,1.9,8,5,False,True,265,0.6794871794871795,0.31611635447728786,0.5160075962981793,0.3912688100670509,0.5212346002555999,1,111,0.0,0.2548076923076923,False
10,7,1.8,8,5,False,True,265,0.6794871794871795,0.3113383426045132,0.5164246213491976,0.38064813042110274,0.5226138877352069,1,114,0.0,0.6846846846846847,False
10,7,1.9,8,5,False,True,265,0.6794871794871795,0.3113383426045132,0.5164246213491976,0.38064813042110274,0.5226138877352069,1,114,0.0,0.6846846846846847,False
3,9,0.3,4,4,False,True,264,0.676923076923077,0.4970997188220583,0.5838844239462722,0.4970997188220583,0.5838844239462723,1,106,0.0,0.0,False
3,9,0.4,4,4,False,True,264,0.676923076923077,0.4961181692111663,0.580749419036678,0.4961181692111663,0.580749419036678,1,106,0.0,0.0,False
9,9,0.7,5,4,False,True,264,0.676923076923077,0.40842722472436216,0.5097079150793847,0.4857910579409127,0.5403240708299172,1,135,0.0,0.0,False
8,9,1.7,8,5,False,True,264,0.676923076923077,0.3346708304339205,0.5034274537950016,0.45837236472584075,0.5039883320150985,1,102,0.0,0.5675675675675675,False
8,9,1.8,8,5,False,True,264,0.676923076923077,0.33297356803932415,0.5003711698855279,0.4582218867494264,0.505687461755862,1,102,0.0,0.5675675675675675,False
8,10,1.7,8,5,False,True,264,0.676923076923077,0.33404019058484613,0.5024412012973867,0.45792641037444015,0.5028569232174591,1,102,0.0,0.28378378378378377,False
8,10,1.8,8,5,False,True,264,0.676923076923077,0.3323404526489095,0.4993926746610655,0.4577739900568736,0.5045528486229587,1,102,0.0,0.28378378378378377,False
8,9,1.4,7,4,False,True,264,0.676923076923077,0.3466144240615628,0.5157206735133679,0.4564795399602465,0.5063089614555024,1,102,0.0,0.0,False
8,9,1.5,7,4,False,True,264,0.676923076923077,0.3466144240615628,0.5157206735133679,0.4564795399602465,0.5063089614555024,1,102,0.0,0.0,False
8,10,1.4,7,4,False,True,264,0.676923076923077,0.34602287421312705,0.5146726998122984,0.4560875457971814,0.5050961593007706,1,102,0.0,0.0,False
8,10,1.5,7,4,False,True,264,0.676923076923077,0.34602287421312705,0.5146726998122984,0.4560875457971814,0.5050961593007706,1,102,0.0,0.0,False
8,9,1.6,7,4,False,True,264,0.676923076923077,0.34569682184971745,0.5113283472520314,0.45439961374231047,0.4993184251033232,1,102,0.0,0.0,False
8,10,1.6,7,4,False,True,264,0.676923076923077,0.3451021174573004,0.5102919814394711,0.4540073876070931,0.49812452991326395,1,102,0.0,0.0,False
6,9,1.0,6,5,False,True,264,0.676923076923077,0.41322586488272844,0.5262539557683609,0.429791991325743,0.5063405509466342,1,112,0.0,0.6,False
8,9,1.3,7,4,False,True,263,0.6743589743589744,0.3443870109764882,0.5147152148666063,0.45173016260004395,0.504778768492185,1,102,0.0,0.0,False
8,10,1.3,7,4,False,True,263,0.6743589743589744,0.3437958154158009,0.5136688839857897,0.4513378192037394,0.5035698395693077,1,102,0.0,0.0,False
10,4,0.2,2,2,False,True,263,0.6743589743589744,0.3170133938340491,0.5107390316652015,0.3170133938340491,0.5107390316652015,1,218,0.0,0.4787234042553192,False
10,4,0.3,2,2,False,True,263,0.6743589743589744,0.3170133938340491,0.5107390316652015,0.3170133938340491,0.5107390316652015,1,218,0.0,0.4787234042553192,False
5,10,0.9,6,5,False,True,262,0.6717948717948717,0.41992813769471127,0.5426064856593846,0.44246351362286834,0.5353552006287393,1,91,0.0,0.27472527472527475,False
5,10,1.0,6,5,False,True,262,0.6717948717948717,0.41992813769471127,0.5426064856593846,0.44246351362286834,0.5353552006287393,1,91,0.0,0.27472527472527475,False
10,7,1.4,7,4,False,True,262,0.6717948717948717,0.3313298466231224,0.5157051234152622,0.4423651462075852,0.5264446341520452,1,114,0.0,0.5238095238095238,False
10,7,1.6,7,4,False,True,262,0.6717948717948717,0.3324908163719283,0.5150781583837164,0.4423651462075852,0.5264446341520452,1,114,0.0,0.5238095238095238,False
2,6,0.2,3,2,False,True,262,0.6717948717948717,0.5351418817504434,0.6069102040866526,0.43834287928919297,0.5548622866872023,1,137,0.0,0.0,False
8,9,1.9,8,4,False,True,262,0.6717948717948717,0.3291032323585582,0.5020111035981583,0.42900093257451744,0.48592345748409843,1,102,0.0,0.0,False
8,10,1.9,8,4,False,True,262,0.6717948717948717,0.3284694401240885,0.5010286137902701,0.42860655829549615,0.48476462432363054,1,102,0.0,0.0,False
4,8,1.3,7,5,False,True,262,0.6717948717948717,0.37832393453033525,0.5397618365703124,0.4223259781622797,0.5488046431886765,1,111,0.0,0.6477477477477478,False
4,9,1.3,7,5,False,True,262,0.6717948717948717,0.37515132841519505,0.5385052238554178,0.4199565370356394,0.5473347260229278,1,111,0.0,0.4954954954954955,False
8,7,1.0,6,5,False,True,262,0.6717948717948717,0.39187703746365016,0.5247122497175776,0.4081691803020986,0.5014018443576297,1,111,0.0,0.5765765765765766,False
5,7,0.5,5,4,False,True,262,0.6717948717948717,0.30693769928481174,0.46638625425725433,0.40811279148932983,0.4806392860810642,1,152,0.0,0.5733333333333334,False
5,7,0.6,5,4,False,True,262,0.6717948717948717,0.30693769928481174,0.46638625425725433,0.40811279148932983,0.4806392860810642,1,152,0.0,0.5733333333333334,False
5,8,0.5,5,4,False,True,262,0.6717948717948717,0.30468637856945596,0.4668106233350882,0.40658444746920397,0.48090184703068806,1,152,0.0,0.2866666666666667,False
5,8,0.6,5,4,False,True,262,0.6717948717948717,0.30468637856945596,0.4668106233350882,0.40658444746920397,0.48090184703068806,1,152,0.0,0.2866666666666667,False
3,10,0.5,5,5,False,True,261,0.6692307692307692,0.4539738253704797,0.5764396349223622,0.4539738253704797,0.5764396349223622,1,106,0.0,0.3105263157894737,False
3,10,0.6,5,5,False,True,261,0.6692307692307692,0.45287010093526187,0.5736419635097626,0.45287010093526187,0.5736419635097627,1,106,0.0,0.3105263157894737,False
3,10,0.7,5,5,False,True,261,0.6692307692307692,0.45287010093526187,0.5736419635097626,0.45287010093526187,0.5736419635097627,1,106,0.0,0.3105263157894737,False
3,10,0.8,5,5,False,True,261,0.6692307692307692,0.45287010093526187,0.5736419635097626,0.45287010093526187,0.5736419635097627,1,106,0.0,0.3105263157894737,False
3,10,0.9,5,5,False,True,261,0.6692307692307692,0.45287010093526187,0.5736419635097626,0.45287010093526187,0.5736419635097627,1,106,0.0,0.3105263157894737,False
3,10,1.0,5,5,False,True,261,0.6692307692307692,0.45287010093526187,0.5736419635097626,0.45287010093526187,0.5736419635097627,1,106,0.0,0.3105263157894737,False
6,8,0.5,4,4,False,True,261,0.6692307692307692,0.4078142832018472,0.5064164871336221,0.4078142832018472,0.5064164871336221,1,129,0.0,0.23255813953488372,False
3,10,1.1,6,5,False,True,260,0.6666666666666666,0.38786573266101776,0.5610451157831818,0.44766352495000905,0.5682380410690374,1,106,0.0,0.2894736842105263,False
3,10,1.2,6,5,False,True,260,0.6666666666666666,0.38786573266101776,0.5610451157831818,0.44766352495000905,0.5682380410690374,1,106,0.0,0.2894736842105263,False
8,9,1.2,7,4,False,True,260,0.6666666666666666,0.3376226621410764,0.5114894797837636,0.4373423472952204,0.4974786680312502,1,102,0.0,0.0,False
8,10,1.2,7,4,False,True,260,0.6666666666666666,0.33702847069671726,0.5104509109660476,0.43694812220111284,0.49628922337834885,1,102,0.0,0.0,False
5,5,0.4,4,3,False,True,260,0.6666666666666666,0.28378340536215835,0.40498084879371776,0.31608584855228083,0.42912415162077977,1,152,0.0,0.5258620689655172,False
6,4,0.4,3,2,False,True,260,0.6666666666666666,0.20262741537406298,0.3443215742005815,0.26847497969617423,0.338564557976985,1,211,0.0,0.3412322274881517,False
9,8,0.9,5,4,False,True,259,0.6641025641025641,0.3991290949801463,0.4979918440236157,0.4847759299797103,0.5000033915022197,1,135,0.0,0.21641791044776118,False
6,9,0.5,4,4,False,True,259,0.6641025641025641,0.46621857638910996,0.541589100067818,0.46621857638910996,0.541589100067818,1,112,0.0,0.0,False
9,8,1.0,5,4,False,True,259,0.6641025641025641,0.39570594245486806,0.48105207020685603,0.45927846853021087,0.4832499715963378,1,135,0.0,0.21641791044776118,False
9,10,1.9,9,6,False,True,259,0.6641025641025641,0.40591504632187947,0.5505828649365603,0.43907313710385376,0.5544719532178466,1,70,0.0,0.5634328358208955,False
5,6,0.4,4,3,False,True,259,0.6641025641025641,0.3122677085394963,0.4420770314978415,0.33132294869836204,0.435360687658987,1,152,0.0,0.3,False
10,7,1.2,7,4,False,True,258,0.6615384615384615,0.32641880701491294,0.5171009568810692,0.4359751362727765,0.5302728530232905,1,114,0.0,0.5396825396825397,False
10,7,1.3,7,4,False,True,258,0.6615384615384615,0.32641880701491294,0.5171009568810692,0.4359751362727765,0.5302728530232905,1,114,0.0,0.5396825396825397,False
10,7,1.5,7,4,False,True,258,0.6615384615384615,0.32641880701491294,0.5171009568810692,0.4359751362727765,0.5302728530232905,1,114,0.0,0.5396825396825397,False
8,9,1.1,7,4,False,True,258,0.6615384615384615,0.33393769521825534,0.5083775145385845,0.43113601318835476,0.4923640037944245,1,102,0.0,0.0,False
8,10,1.1,7,4,False,True,258,0.6615384615384615,0.33334379472848424,0.5073452706313966,0.43074078855386944,0.49118841336044805,1,102,0.0,0.0,False
7,9,0.9,5,5,False,True,258,0.6615384615384615,0.4043538086410418,0.5244914397297965,0.4043538086410418,0.5244914397297965,1,110,0.0,0.5818181818181818,False
7,9,1.0,5,5,False,True,258,0.6615384615384615,0.40345323090230767,0.5230201917380766,0.40345323090230767,0.5230201917380765,1,110,0.0,0.5909090909090909,False
10,7,1.7,7,4,False,True,258,0.6615384615384615,0.3262184832966687,0.5136572150309651,0.39768524539092104,0.5116353959053695,1,114,0.0,0.6140350877192983,False
2,7,0.3,5,4,False,True,257,0.658974358974359,0.46438356394644453,0.6618397420597558,0.5514961107168782,0.6735167101087809,1,129,0.0,0.4523809523809524,False
4,5,0.2,2,2,False,True,257,0.658974358974359,0.4577067556559891,0.44614846054655627,0.4577067556559891,0.4461484605465562,1,191,0.0,0.0,False
9,10,2.0,9,6,False,True,257,0.658974358974359,0.3654045109205302,0.5347614513495954,0.44212825034049374,0.5432339367314207,1,70,0.0,0.5648351648351648,False
9,10,2.1,9,6,False,True,257,0.658974358974359,0.3654045109205302,0.5347614513495954,0.44212825034049374,0.5432339367314207,1,70,0.0,0.5648351648351648,False
9,10,2.3,10,6,False,True,257,0.658974358974359,0.35676517372042355,0.5409290764537587,0.4420632013236225,0.5403939968291199,1,70,0.0,0.5805860805860805,False
9,10,2.2,10,6,False,True,257,0.658974358974359,0.35737705685460275,0.541786937407616,0.44129818611156035,0.5407737553465713,1,70,0.0,0.5805860805860805,False
10,9,1.4,7,5,False,True,257,0.658974358974359,0.3315539948228902,0.510767598720488,0.42294798046860604,0.5212611821362986,1,111,0.0,0.36538461538461536,False
10,9,1.6,7,5,False,True,257,0.658974358974359,0.3327242595569953,0.5101606615148916,0.42294798046860604,0.5212611821362986,1,111,0.0,0.36538461538461536,False
10,10,1.4,7,5,False,True,257,0.658974358974359,0.3312958386614731,0.5110390837663793,0.4228274835420816,0.521531228197099,1,111,0.0,0.18269230769230768,False
10,10,1.6,7,5,False,True,257,0.658974358974359,0.3324659585836749,0.5104340350161631,0.4228274835420816,0.521531228197099,1,111,0.0,0.18269230769230768,False
10,8,1.4,7,5,False,True,257,0.658974358974359,0.331505564795653,0.5081719222917686,0.42275526661782614,0.5183452789509736,1,111,0.0,0.44459706959706957,False
10,8,1.6,7,5,False,True,257,0.658974358974359,0.3326755964880806,0.5075636860663283,0.42275526661782614,0.5183452789509736,1,111,0.0,0.44459706959706957,False
6,10,1.0,6,5,False,True,257,0.658974358974359,0.39746910433523047,0.5200254522569162,0.4166889479590797,0.5000551934302813,1,112,0.0,0.3,False
4,5,0.3,3,3,False,True,257,0.658974358974359,0.33971890431075846,0.4572569351321003,0.33971890431075846,0.4572569351321003,1,191,0.0,0.6596858638743456,False
2,7,0.4,5,4,False,True,256,0.6564102564102564,0.4583924478168144,0.6470035625940865,0.539169893769267,0.6542589337805297,1,129,0.0,0.44047619047619047,False
9,9,0.9,5,4,False,True,256,0.6564102564102564,0.4006245647331668,0.5115407878283452,0.4892132060267985,0.5148147193814184,1,135,0.0,0.0,False
9,9,1.0,5,4,False,True,256,0.6564102564102564,0.3976439757484244,0.49511810027427694,0.4642263670147808,0.4987815262669233,1,135,0.0,0.0,False
9,10,2.5,11,6,False,True,256,0.6564102564102564,0.3493691521586804,0.5367251552629886,0.43745932586814085,0.5387944208069859,1,70,0.0,0.5805860805860805,False
8,7,0.6,4,4,False,True,256,0.6564102564102564,0.4355902592558238,0.502245893570231,0.4355902592558238,0.502245893570231,1,111,0.0,0.6568627450980392,False
9,10,1.8,8,6,False,True,256,0.6564102564102564,0.4024731260625192,0.54068221525933,0.4337703016968994,0.54348831079049,1,70,0.0,0.5776556776556776,False
4,8,1.2,7,5,False,True,256,0.6564102564102564,0.3687942587458829,0.537669880020758,0.42467381987934255,0.5547038744380873,1,111,0.0,0.5808558558558559,False
4,9,1.2,7,5,False,True,256,0.6564102564102564,0.3656607315270564,0.5364256871351396,0.42245283799619693,0.5531581046044424,1,111,0.0,0.45,False
8,8,1.0,6,4,False,True,256,0.6564102564102564,0.3789350947556777,0.5205676416175252,0.39705563250783454,0.4936438602974065,1,111,0.0,0.2882882882882883,False
9,10,3.0,14,6,False,True,255,0.6538461538461539,0.3128206740049533,0.5272872721948181,0.43251524984624756,0.5390905758982469,1,70,0.0,0.547547974413646,False
9,10,2.6,11,6,False,True,255,0.6538461538461539,0.3435313682705141,0.5344640924843682,0.4299108733381202,0.5331161254656346,1,70,0.0,0.5550106609808102,False
9,10,1.6,8,6,False,True,255,0.6538461538461539,0.40090671133298966,0.538035809610987,0.4296207332686993,0.5401342603101628,1,70,0.0,0.5702558635394457,False
6,9,0.6,5,5,False,True,255,0.6538461538461539,0.42021113274695276,0.5433963928304683,0.42021113274695276,0.5433963928304681,1,112,0.0,0.5089285714285714,False
6,9,0.7,5,5,False,True,255,0.6538461538461539,0.42021113274695276,0.5433963928304683,0.42021113274695276,0.5433963928304681,1,112,0.0,0.5089285714285714,False
6,9,0.8,5,5,False,True,255,0.6538461538461539,0.42021113274695276,0.5433963928304683,0.42021113274695276,0.5433963928304681,1,112,0.0,0.5089285714285714,False
10,6,0.9,5,3,False,True,255,0.6538461538461539,0.34253135102196375,0.496688928414281,0.40421542660638543,0.47226912273021615,1,124,0.0,0.39473684210526316,False
10,6,1.0,5,3,False,True,255,0.6538461538461539,0.34253135102196375,0.496688928414281,0.40421542660638543,0.47226912273021615,1,124,0.0,0.39473684210526316,False
10,6,0.6,5,3,False,True,255,0.6538461538461539,0.33688696388836853,0.48980168670182117,0.4037152201819261,0.4908370224003043,1,124,0.0,0.39035087719298245,False
4,8,1.1,6,5,False,True,254,0.6512820512820513,0.401517264495655,0.5633537713971919,0.4379002070372527,0.5840125043681162,1,111,0.0,0.5340653153153153,False
4,9,1.1,6,5,False,True,254,0.6512820512820513,0.3987190212035555,0.5618138644166919,0.43563778265429126,0.5821695292133559,1,111,0.0,0.4375,False
9,10,2.9,13,6,False,True,254,0.6512820512820513,0.30772612598906296,0.5289293242919547,0.4317297304064526,0.5339158324116299,1,70,0.0,0.5263736263736263,False
10,9,1.2,7,5,False,True,254,0.6512820512820513,0.3265329172778673,0.5119924345849295,0.41854670709939806,0.5226891739816332,1,111,0.0,0.3269230769230769,False
10,9,1.3,7,5,False,True,254,0.6512820512820513,0.3265329172778673,0.5119924345849295,0.41854670709939806,0.5226891739816332,1,111,0.0,0.3269230769230769,False
10,9,1.5,7,5,False,True,254,0.6512820512820513,0.3265329172778673,0.5119924345849295,0.41854670709939806,0.5226891739816332,1,111,0.0,0.3269230769230769,False
10,8,1.2,7,5,False,True,254,0.6512820512820513,0.3266660235055991,0.5120883945294685,0.41850043473284343,0.5228515975271504,1,111,0.0,0.4333028083028083,False
10,8,1.3,7,5,False,True,254,0.6512820512820513,0.3266660235055991,0.5120883945294685,0.41850043473284343,0.5228515975271504,1,111,0.0,0.4333028083028083,False
10,8,1.5,7,5,False,True,254,0.6512820512820513,0.3266660235055991,0.5120883945294685,0.41850043473284343,0.5228515975271504,1,111,0.0,0.4333028083028083,False
10,10,1.2,7,5,False,True,254,0.6512820512820513,0.3262757166881006,0.5122604575032403,0.4184269201224872,0.5229544850131849,1,111,0.0,0.16346153846153846,False
10,10,1.3,7,5,False,True,254,0.6512820512820513,0.3262757166881006,0.5122604575032403,0.4184269201224872,0.5229544850131849,1,111,0.0,0.16346153846153846,False
10,10,1.5,7,5,False,True,254,0.6512820512820513,0.3262757166881006,0.5122604575032403,0.4184269201224872,0.5229544850131849,1,111,0.0,0.16346153846153846,False
10,6,0.8,5,3,False,True,254,0.6512820512820513,0.33883002387211053,0.4937920299441528,0.400044074775321,0.4694921145426627,1,124,0.0,0.39035087719298245,False
10,6,1.1,6,3,False,True,254,0.6512820512820513,0.32197181744079945,0.4815453786094125,0.400044074775321,0.4694921145426627,1,124,0.0,0.39035087719298245,False
10,6,0.7,5,3,False,True,254,0.6512820512820513,0.33326180060627075,0.4854949152917271,0.39769785897331583,0.48460814412943953,1,124,0.0,0.39035087719298245,False
5,9,0.5,5,4,False,True,254,0.6512820512820513,0.28538243347880177,0.46276778611317476,0.3908970434518216,0.4762359542243645,1,152,0.0,0.0,False
5,9,0.6,5,4,False,True,254,0.6512820512820513,0.28538243347880177,0.46276778611317476,0.3908970434518216,0.4762359542243645,1,152,0.0,0.0,False
10,9,1.7,7,5,False,True,254,0.6512820512820513,0.3262798665125201,0.5086493010586783,0.3763823301739165,0.5065466008577623,1,111,0.0,0.3269230769230769,False
10,8,1.7,7,5,False,True,254,0.6512820512820513,0.32641424709545513,0.5087307991899068,0.3763785649380015,0.506628234779051,1,111,0.0,0.5418399168399168,False
10,10,1.7,7,5,False,True,254,0.6512820512820513,0.326021673482601,0.5089282869853137,0.37623097781531883,0.5068685599349,1,111,0.0,0.16346153846153846,False
10,4,0.4,3,2,False,True,254,0.6512820512820513,0.18641091014147948,0.300717991963893,0.2825896692442333,0.41824434957129364,1,218,0.0,0.4787234042553192,False
9,10,2.4,10,6,False,True,253,0.6487179487179487,0.3490354747180574,0.533835976190375,0.42973304058617984,0.5318611180066914,1,70,0.0,0.5677655677655677,False
9,10,2.7,11,6,False,True,253,0.6487179487179487,0.33952310584661816,0.5308539993050225,0.42513786914439616,0.5275509072797843,1,70,0.0,0.5335164835164835,False
9,10,1.2,7,5,False,True,253,0.6487179487179487,0.4143271224405166,0.5494039976803243,0.4146478147888907,0.5150810154958133,1,70,0.0,0.3,False
8,7,0.8,5,4,False,True,253,0.6487179487179487,0.3900993546122326,0.5206701819388463,0.4092944894437051,0.4972666445297649,1,111,0.0,0.6576576576576577,False
6,10,0.5,4,4,False,True,252,0.6461538461538462,0.4556870129691142,0.5335939958874524,0.4556870129691142,0.5335939958874524,1,112,0.0,0.0,False
9,10,2.8,12,6,False,True,252,0.6461538461538462,0.3121189477327144,0.5245366645800063,0.4271302871775496,0.5283563384602502,1,70,0.0,0.5335164835164835,False
9,10,1.3,7,5,False,True,252,0.6461538461538462,0.40985992643350716,0.5455789253852037,0.41190990279531786,0.5113760094369958,1,70,0.0,0.29285714285714287,False
9,10,1.1,7,5,False,True,252,0.6461538461538462,0.41170303999539787,0.5475963543162183,0.41109336109569256,0.5128367887149906,1,70,0.0,0.3,False
8,7,0.9,5,4,False,True,252,0.6461538461538462,0.3887753344675022,0.5200343727131712,0.4103764329294272,0.49732248951703656,1,111,0.0,0.6396396396396397,False
7,10,1.0,5,5,False,True,252,0.6461538461538462,0.3913738863690582,0.518367360325314,0.3913738863690582,0.5183673603253142,1,110,0.0,0.29545454545454547,False
3,10,0.3,4,4,False,True,251,0.6435897435897436,0.4723826692956827,0.5733652746264605,0.4723826692956827,0.5733652746264604,1,106,0.0,0.0,False
3,10,0.4,4,4,False,True,251,0.6435897435897436,0.4713750329628779,0.5703177738306305,0.4713750329628779,0.5703177738306305,1,106,0.0,0.0,False
8,8,0.6,4,4,False,True,251,0.6435897435897436,0.4266507741321882,0.49733015479849535,0.4266507741321882,0.49733015479849535,1,111,0.0,0.23529411764705882,False
8,7,0.7,5,4,False,True,251,0.6435897435897436,0.38458645159345306,0.5184821981861845,0.40171702488731914,0.4937580164470447,1,111,0.0,0.6396396396396397,False
4,10,1.3,7,5,False,True,251,0.6435897435897436,0.34841875361811697,0.5303025300503496,0.39859052851579535,0.5381760705761661,1,111,0.0,0.24774774774774774,False
4,7,0.4,4,4,False,True,251,0.6435897435897436,0.3895556019406739,0.4936556220693776,0.3895556019406739,0.4936556220693775,1,111,0.0,0.5125,False
7,10,0.9,5,5,False,True,251,0.6435897435897436,0.3889814857956695,0.51699224095548,0.3889814857956695,0.51699224095548,1,110,0.0,0.2909090909090909,False
5,10,0.7,5,5,False,True,250,0.6410256410256411,0.3939655365961391,0.5154361667862966,0.3939655365961391,0.5154361667862966,1,91,0.0,0.2866666666666667,False
2,8,0.3,5,4,False,True,249,0.6384615384615384,0.4493442790679354,0.6514425222406954,0.5399273487069778,0.6619098348852852,1,129,0.0,0.2261904761904762,False
4,7,0.6,5,5,False,True,249,0.6384615384615384,0.41211595958546343,0.5456605358145091,0.41211595958546343,0.545660535814509,1,111,0.0,0.5,False
9,10,1.5,7,5,False,True,249,0.6384615384615384,0.40305652408190706,0.5384727947562049,0.40336700335192,0.5087577017049851,1,70,0.0,0.2642857142857143,False
9,10,1.7,7,5,False,True,249,0.6384615384615384,0.40280367048712235,0.5346641236216962,0.40336700335192,0.5087577017049851,1,70,0.0,0.2642857142857143,False
4,7,0.7,5,5,False,True,249,0.6384615384615384,0.4024947341275561,0.5423696718808861,0.4024947341275561,0.5423696718808861,1,111,0.0,0.5125,False
4,7,0.8,5,5,False,True,249,0.6384615384615384,0.4024947341275561,0.5423696718808861,0.4024947341275561,0.5423696718808861,1,111,0.0,0.5125,False
5,10,0.8,5,5,False,True,249,0.6384615384615384,0.398660780946618,0.5251448219984659,0.398660780946618,0.5251448219984659,1,91,0.0,0.2866666666666667,False
2,8,0.4,5,4,False,True,248,0.6358974358974359,0.4426476685188046,0.6365551595023349,0.5270907199046893,0.6426515043788108,1,129,0.0,0.22023809523809523,False
6,10,0.6,5,5,False,True,248,0.6358974358974359,0.4066308101920028,0.5365282672800924,0.4066308101920028,0.5365282672800923,1,112,0.0,0.2544642857142857,False
6,10,0.7,5,5,False,True,248,0.6358974358974359,0.4066308101920028,0.5365282672800924,0.4066308101920028,0.5365282672800923,1,112,0.0,0.2544642857142857,False
6,10,0.8,5,5,False,True,248,0.6358974358974359,0.4066308101920028,0.5365282672800924,0.4066308101920028,0.5365282672800923,1,112,0.0,0.2544642857142857,False
9,10,1.4,7,5,False,True,248,0.6358974358974359,0.398759405428097,0.5340207707031746,0.3998313830575849,0.5038336283563853,1,70,0.0,0.2642857142857143,False
4,7,0.9,5,5,False,True,247,0.6333333333333333,0.40157377261992294,0.5314807685505089,0.40157377261992294,0.5314807685505089,1,111,0.0,0.5,False
8,9,1.0,6,4,False,True,246,0.6307692307692307,0.36067710367221545,0.5188217820251054,0.3878083030509988,0.48746103025209253,1,102,0.0,0.0,False
8,10,1.0,6,4,False,True,246,0.6307692307692307,0.36014768269216135,0.5177132283966662,0.387439087003452,0.48627960282229643,1,102,0.0,0.0,False
4,10,1.2,7,5,False,True,245,0.6282051282051282,0.33926944639303036,0.5282166873042882,0.4021218861617487,0.5437855961980131,1,111,0.0,0.225,False
10,7,0.9,5,3,False,True,245,0.6282051282051282,0.33869983994695696,0.5001638175275394,0.3761785166771435,0.46071961872022904,1,114,0.0,0.0,False
10,7,1.0,5,3,False,True,245,0.6282051282051282,0.33869983994695696,0.5001638175275394,0.3761785166771435,0.46071961872022904,1,114,0.0,0.0,False
4,6,0.3,3,2,False,True,245,0.6282051282051282,0.3154738837513338,0.43912685359277775,0.24050332885548406,0.3386961425708385,1,191,0.0,0.0,False
4,6,0.2,2,2,False,True,244,0.6256410256410256,0.4428435654170351,0.4251110203926238,0.4428435654170351,0.4251110203926238,1,191,0.0,0.0,False
8,8,0.8,5,4,False,True,244,0.6256410256410256,0.3774293953749444,0.5157962684677851,0.40017150298451537,0.4924653078865507,1,111,0.0,0.20588235294117646,False
10,7,0.8,5,3,False,True,244,0.6256410256410256,0.3348907304718614,0.49736343385585746,0.3719857105575967,0.45805450454251706,1,114,0.0,0.0,False
10,7,1.1,6,3,False,True,244,0.6256410256410256,0.3152697932742933,0.48559777234171386,0.3719857105575967,0.45805450454251706,1,114,0.0,0.0,False
10,7,0.7,5,3,False,True,244,0.6256410256410256,0.3293657389754031,0.4893510464724226,0.3702749703868811,0.4724852300867788,1,114,0.0,0.0,False
10,7,0.6,5,3,False,True,244,0.6256410256410256,0.32936301711139104,0.49128455584104014,0.37001528423694835,0.4748409910710098,1,114,0.0,0.0,False
7,5,0.4,3,3,False,True,244,0.6256410256410256,0.3333629804291649,0.4620882399806457,0.3333629804291649,0.4620882399806457,1,178,0.0,0.6629213483146067,False
4,10,1.1,6,5,False,True,243,0.6230769230769231,0.3744558547205059,0.5528033419713253,0.4149436594687094,0.5722117349228217,1,111,0.0,0.21875,False
8,8,0.9,5,4,False,True,243,0.6230769230769231,0.37605953394872027,0.5151762556424389,0.40126065838973707,0.4925208949743926,1,111,0.0,0.20588235294117646,False
6,5,0.4,3,3,False,True,243,0.6230769230769231,0.33440297729707197,0.42825010488082504,0.33440297729707197,0.42825010488082504,1,157,0.0,0.5095541401273885,False
7,5,0.5,3,3,False,True,243,0.6230769230769231,0.3332216965162513,0.46002339703931044,0.3332216965162513,0.46002339703931044,1,178,0.0,0.651685393258427,False
9,10,0.8,5,5,False,True,242,0.6205128205128205,0.41895965320996,0.5306679060981665,0.41895965320996,0.5306679060981665,1,70,0.0,0.23880597014925373,False
8,9,0.6,4,4,False,True,242,0.6205128205128205,0.39352746038988284,0.4883756482806084,0.39352746038988284,0.48837564828060853,1,102,0.0,0.0,False
8,10,0.6,4,4,False,True,242,0.6205128205128205,0.39322925429078526,0.48737572969653997,0.39322925429078526,0.48737572969654,1,102,0.0,0.0,False
8,8,0.7,5,4,False,True,242,0.6205128205128205,0.37187191035125455,0.5136535121679182,0.39260168412435176,0.48903427178416303,1,111,0.0,0.20588235294117646,False
8,7,0.5,4,4,False,True,242,0.6205128205128205,0.38778076346376616,0.4847399345264245,0.38778076346376616,0.4847399345264245,1,111,0.0,0.5196078431372549,False
5,7,0.4,4,3,False,True,242,0.6205128205128205,0.3084852970579934,0.4380467238629152,0.33950221239148265,0.4306245012810682,1,152,0.0,0.0,False
5,8,0.4,4,3,False,True,242,0.6205128205128205,0.3071906097947947,0.43891279230477476,0.339284969227863,0.4317424155747175,1,152,0.0,0.0,False
5,9,0.4,4,3,False,True,242,0.6205128205128205,0.28975204189362885,0.4316937401718052,0.3255328151551373,0.4199098591881088,1,152,0.0,0.0,False
2,9,0.3,5,5,False,True,241,0.617948717948718,0.5162988337749219,0.6901544972471956,0.5162988337749219,0.6901544972471956,1,88,0.0,0.4523809523809524,False
9,10,0.7,5,5,False,True,241,0.617948717948718,0.4121457228920276,0.5288343757700734,0.4121457228920276,0.5288343757700734,1,70,0.0,0.23880597014925373,False
9,4,0.5,4,2,False,True,241,0.617948717948718,0.13776831798654113,0.24437570308660553,0.1588950356731873,0.24089666566733198,1,176,0.0,0.24253731343283583,False
9,4,0.6,4,2,False,True,241,0.617948717948718,0.13776831798654113,0.24437570308660553,0.1588950356731873,0.24089666566733198,1,176,0.0,0.24253731343283583,False
2,9,0.4,5,5,False,True,240,0.6153846153846154,0.5089859056183784,0.6761352438589859,0.5089859056183784,0.6761352438589859,1,88,0.0,0.44047619047619047,False
9,5,0.5,4,3,False,True,240,0.6153846153846154,0.25130601680287706,0.40107244870082265,0.25540233754998387,0.42401336673010664,1,135,0.0,0.48507462686567165,False
9,5,0.6,4,3,False,True,240,0.6153846153846154,0.25130601680287706,0.40107244870082265,0.25540233754998387,0.42401336673010664,1,135,0.0,0.48507462686567165,False
10,9,0.9,5,4,False,True,239,0.6128205128205129,0.3367245243968465,0.49104448749251217,0.39079611985092866,0.49213398051762564,1,111,0.0,0.0,False
10,9,1.0,5,4,False,True,239,0.6128205128205129,0.3367245243968465,0.49104448749251217,0.39079611985092866,0.49213398051762564,1,111,0.0,0.0,False
10,8,0.9,5,4,False,True,239,0.6128205128205129,0.33677043505753007,0.4910508129923133,0.39072562778216313,0.49214664623912585,1,111,0.0,0.25,False
10,8,1.0,5,4,False,True,239,0.6128205128205129,0.33677043505753007,0.4910508129923133,0.39072562778216313,0.49214664623912585,1,111,0.0,0.25,False
10,10,0.9,5,4,False,True,239,0.6128205128205129,0.3365367739728466,0.4914164424997542,0.39069958938930033,0.4925391738290042,1,111,0.0,0.0,False
10,10,1.0,5,4,False,True,239,0.6128205128205129,0.3365367739728466,0.4914164424997542,0.39069958938930033,0.4925391738290042,1,111,0.0,0.0,False
4,7,1.0,5,5,False,True,239,0.6128205128205129,0.382670604890499,0.5267939583798973,0.382670604890499,0.5267939583798973,1,111,0.0,0.5125,False
10,9,0.8,5,4,False,True,238,0.6102564102564103,0.3330734063495192,0.48841711029991164,0.38698785407433994,0.489925595346603,1,111,0.0,0.0,False
10,9,1.1,6,4,False,True,238,0.6102564102564103,0.3106959816624101,0.4774518810123039,0.38698785407433994,0.489925595346603,1,111,0.0,0.0,False
10,8,0.8,5,4,False,True,238,0.6102564102564103,0.33312089977169473,0.4884109767721568,0.3869175319163214,0.48992672022305567,1,111,0.0,0.24519230769230768,False
10,8,1.1,6,4,False,True,238,0.6102564102564103,0.31080048467329363,0.477396719703018,0.3869175319163214,0.48992672022305567,1,111,0.0,0.24519230769230768,False
10,10,0.8,5,4,False,True,238,0.6102564102564103,0.3328848049949643,0.48879877563671736,0.3868914677299448,0.4903399756932983,1,111,0.0,0.0,False
10,10,1.1,6,4,False,True,238,0.6102564102564103,0.310464181287762,0.4778524924917303,0.3868914677299448,0.4903399756932983,1,111,0.0,0.0,False
10,9,0.7,5,4,False,True,238,0.6102564102564103,0.327578262556566,0.4806316059306029,0.38210605208392334,0.481346633027503,1,111,0.0,0.0,False
10,8,0.7,5,4,False,True,238,0.6102564102564103,0.3276250850622577,0.48058844844239634,0.3820349226959117,0.4813027809565221,1,111,0.0,0.24519230769230768,False
10,10,0.7,5,4,False,True,238,0.6102564102564103,0.3273908536625023,0.4810428948937524,0.3820107060483378,0.4817969697093549,1,111,0.0,0.0,False
10,9,0.6,5,4,False,True,238,0.6102564102564103,0.3275858155482612,0.4825042822738472,0.3782806791554046,0.481573785750744,1,111,0.0,0.0,False
10,8,0.6,5,4,False,True,238,0.6102564102564103,0.327632425738716,0.48247002306748976,0.3782086250087129,0.48153106760504616,1,111,0.0,0.24519230769230768,False
10,10,0.6,5,4,False,True,238,0.6102564102564103,0.3273985778713479,0.4829087067884994,0.3781863839917385,0.48202379445352594,1,111,0.0,0.0,False
7,5,0.3,2,2,False,True,238,0.6102564102564103,0.355203679892647,0.40439422987902474,0.355203679892647,0.40439422987902474,1,178,0.0,0.0,False
9,6,0.5,4,3,False,True,238,0.6102564102564103,0.2805135641258752,0.41641519170517816,0.2777093276585309,0.41758141874587434,1,135,0.0,0.27631578947368424,False
9,6,0.6,4,3,False,True,238,0.6102564102564103,0.2805135641258752,0.41641519170517816,0.2777093276585309,0.41758141874587434,1,135,0.0,0.27631578947368424,False
8,8,0.5,4,4,False,True,237,0.6076923076923076,0.3800171450254235,0.48086798329520536,0.3800171450254235,0.48086798329520536,1,111,0.0,0.22794117647058823,False
5,10,0.5,5,5,False,True,237,0.6076923076923076,0.3578414189181018,0.49780477755447367,0.3578414189181018,0.4978047775544735,1,91,0.0,0.21428571428571427,False
5,10,0.6,5,5,False,True,237,0.6076923076923076,0.3578414189181018,0.49780477755447367,0.3578414189181018,0.4978047775544735,1,91,0.0,0.21428571428571427,False
4,7,0.5,5,4,False,True,237,0.6076923076923076,0.3966887244369209,0.5335929635407067,0.3531837824199273,0.4827384979844004,1,111,0.0,0.5125,False
9,10,0.9,5,5,False,True,235,0.6025641025641025,0.41770613575437354,0.5395424937748916,0.41770613575437354,0.5395424937748916,1,70,0.0,0.21641791044776118,False
8,4,0.4,3,3,False,True,235,0.6025641025641025,0.21214988121857334,0.27581617264228925,0.21214988121857334,0.27581617264228925,1,161,0.0,0.48279980888676544,False
2,10,0.3,5,4,False,True,234,0.6,0.48281271343071674,0.6742043312686661,0.5194929654704175,0.6773819191926078,1,88,0.0,0.0,False
8,9,0.8,5,4,False,True,234,0.6,0.35424434339815875,0.5119495923292353,0.38506035256686516,0.48894936186805227,1,102,0.0,0.0,False
8,10,0.8,5,4,False,True,234,0.6,0.35375686434101866,0.5108076047332902,0.3846898038662787,0.48776407772782265,1,102,0.0,0.0,False
8,5,0.4,3,3,False,True,234,0.6,0.32498877682093075,0.40696532224704046,0.32498877682093075,0.4069653222470405,1,117,0.0,0.6923076923076923,False
8,6,0.4,3,3,False,True,234,0.6,0.3222573113499476,0.40770394826623485,0.3222573113499476,0.40770394826623485,1,117,0.0,0.34615384615384615,False
10,5,0.4,3,3,False,True,234,0.6,0.2538153007353097,0.3546256958598117,0.2538153007353097,0.3546256958598117,1,177,0.0,0.5,False
9,4,0.3,3,2,False,True,234,0.6,0.08800513708720448,0.2131958040694229,0.13064705602366256,0.2125752760100622,1,176,0.0,0.21641791044776118,False
2,10,0.4,5,4,False,True,233,0.5974358974358974,0.4767534623749321,0.6610293250119188,0.5132502236171275,0.6635420612961523,1,88,0.0,0.0,False
8,9,0.9,5,4,False,True,233,0.5974358974358974,0.3544235130219223,0.5117999288618178,0.3875789914359597,0.4894983043168657,1,102,0.0,0.0,False
8,10,0.9,5,4,False,True,233,0.5974358974358974,0.35393501731575505,0.5106588497840242,0.3872088179325892,0.48831175265599214,1,102,0.0,0.0,False
9,5,0.3,3,3,False,True,233,0.5974358974358974,0.23178253441113095,0.4047547804029066,0.23178253441113095,0.4047547804029066,1,135,0.0,0.43283582089552236,False
8,9,0.7,5,4,False,True,232,0.5948717948717949,0.35022386905548253,0.5103161209966426,0.37890049266085163,0.4861120383884725,1,102,0.0,0.0,False
8,10,0.7,5,4,False,True,232,0.5948717948717949,0.34973585008439007,0.5091780021345438,0.37853083834025447,0.48493364445318604,1,102,0.0,0.0,False
4,8,0.4,4,4,False,True,232,0.5948717948717949,0.3638192788350759,0.48182109124292655,0.3638192788350759,0.4818210912429265,1,111,0.0,0.25625,False
4,9,0.4,4,4,False,True,232,0.5948717948717949,0.36077600428841544,0.4784214830260087,0.36077600428841544,0.4784214830260087,1,111,0.0,0.0,False
4,10,0.4,4,4,False,True,232,0.5948717948717949,0.345031268545055,0.4699812736282336,0.345031268545055,0.4699812736282336,1,111,0.0,0.0,False
9,10,1.0,5,5,False,True,231,0.5923076923076923,0.39876886744239565,0.5139458988579142,0.39876886744239565,0.5139458988579142,1,70,0.0,0.21641791044776118,False
4,8,0.6,5,5,False,True,230,0.5897435897435898,0.3735976911889948,0.5327146551979614,0.3735976911889948,0.5327146551979614,1,111,0.0,0.4391891891891892,False
4,8,0.9,5,5,False,True,230,0.5897435897435898,0.36979493423736387,0.5225728046383482,0.36979493423736387,0.5225728046383482,1,111,0.0,0.4391891891891892,False
4,9,0.6,5,5,False,True,230,0.5897435897435898,0.36924402318229377,0.5291186358584811,0.36924402318229377,0.5291186358584811,1,111,0.0,0.3783783783783784,False
4,9,0.9,5,5,False,True,230,0.5897435897435898,0.36662751485224426,0.5205534237294736,0.36662751485224426,0.5205534237294736,1,111,0.0,0.3783783783783784,False
4,8,0.7,5,5,False,True,230,0.5897435897435898,0.36384903386405365,0.5295203796276012,0.36384903386405365,0.5295203796276012,1,111,0.0,0.45444819819819815,False
4,8,0.8,5,5,False,True,230,0.5897435897435898,0.36384903386405365,0.5295203796276012,0.36384903386405365,0.5295203796276012,1,111,0.0,0.45444819819819815,False
4,9,0.7,5,5,False,True,230,0.5897435897435898,0.3594827931783509,0.5259545195845903,0.3594827931783509,0.5259545195845903,1,111,0.0,0.3963963963963964,False
4,9,0.8,5,5,False,True,230,0.5897435897435898,0.3594827931783509,0.5259545195845903,0.3594827931783509,0.5259545195845903,1,111,0.0,0.3963963963963964,False
9,7,0.5,4,3,False,True,230,0.5897435897435898,0.2724706383071897,0.4144938473074788,0.27747237145201514,0.4152840649790284,1,135,0.0,0.0,False
9,7,0.6,4,3,False,True,230,0.5897435897435898,0.2724706383071897,0.4144938473074788,0.27747237145201514,0.4152840649790284,1,135,0.0,0.0,False
9,6,0.3,3,3,False,True,230,0.5897435897435898,0.25302266721785893,0.39471014535974097,0.25302266721785893,0.394710145359741,1,135,0.0,0.2412280701754386,False
7,6,0.3,2,2,False,True,229,0.5871794871794872,0.3596231134049411,0.3863587727625332,0.3596231134049411,0.3863587727625332,1,178,0.0,0.0,False
7,6,0.4,3,3,False,True,229,0.5871794871794872,0.3109134643423335,0.4466322621658509,0.3109134643423335,0.4466322621658509,1,178,0.0,0.33146067415730335,False
8,9,0.5,4,4,False,True,228,0.5846153846153846,0.347704953174222,0.47448228048454294,0.347704953174222,0.474482280484543,1,102,0.0,0.0,False
8,10,0.5,4,4,False,True,228,0.5846153846153846,0.34741955443462696,0.4735105878284041,0.34741955443462696,0.47351058782840416,1,102,0.0,0.0,False
7,6,0.5,3,3,False,True,228,0.5846153846153846,0.3096166812966269,0.44427223182668246,0.3096166812966269,0.4442722318266824,1,178,0.0,0.3258426966292135,False
6,6,0.4,3,3,False,True,227,0.5820512820512821,0.36191508275152307,0.4493894347725439,0.36191508275152307,0.4493894347725439,1,129,0.0,0.24806201550387597,False
9,4,0.4,3,2,False,True,226,0.5794871794871795,0.12446402355571397,0.1731681792617762,0.13825784968219934,0.14514943492077187,1,176,0.0,0.34328358208955223,False
9,5,0.4,3,3,False,True,225,0.5769230769230769,0.2503335765516271,0.3556242036528817,0.2503335765516271,0.35562420365288167,1,135,0.0,0.6865671641791045,False
4,8,1.0,5,5,False,True,223,0.5717948717948718,0.3545617244438307,0.5170241071799274,0.3545617244438307,0.5170241071799274,1,111,0.0,0.4274211711711712,False
4,9,1.0,5,5,False,True,223,0.5717948717948718,0.3519572069596885,0.5158860890999827,0.3519572069596885,0.5158860890999827,1,111,0.0,0.34234234234234234,False
5,10,0.4,4,4,False,True,223,0.5717948717948718,0.3275831029822027,0.46969777613982583,0.3275831029822027,0.46969777613982583,1,91,0.0,0.0,False
9,7,0.3,3,3,False,True,222,0.5692307692307692,0.25657790030697114,0.39566982681943397,0.25657790030697114,0.3956698268194341,1,135,0.0,0.0,False
10,5,0.2,2,2,False,True,222,0.5692307692307692,0.22186695236901297,0.42380870677716787,0.22186695236901297,0.42380870677716787,1,177,0.0,0.0,False
10,5,0.3,2,2,False,True,222,0.5692307692307692,0.22186695236901297,0.42380870677716787,0.22186695236901297,0.42380870677716787,1,177,0.0,0.0,False
7,7,0.3,2,2,False,True,221,0.5666666666666667,0.35518916781650667,0.38037481934315875,0.35518916781650667,0.3803748193431587,1,178,0.0,0.0,False
4,10,0.6,5,4,False,True,221,0.5666666666666667,0.346735624286826,0.5203884326883822,0.32351265659047,0.4748256677197302,1,111,0.0,0.0,False
4,10,0.9,5,4,False,True,221,0.5666666666666667,0.344120645732848,0.5120034074010532,0.3182014192034158,0.4641220055507131,1,111,0.0,0.0,False
7,7,0.4,3,3,False,True,221,0.5666666666666667,0.29732418346827894,0.43703335800749943,0.29732418346827894,0.43703335800749943,1,178,0.0,0.0,False
4,10,0.7,5,4,False,True,220,0.5641025641025641,0.33691665234205614,0.517285595882711,0.3124431495455864,0.4694510394650921,1,111,0.0,0.0,False
4,10,0.8,5,4,False,True,220,0.5641025641025641,0.33691665234205614,0.517285595882711,0.3124431495455864,0.4694510394650921,1,111,0.0,0.0,False
7,7,0.5,3,3,False,True,220,0.5641025641025641,0.2954283656830119,0.43449039371706694,0.2954283656830119,0.43449039371706694,1,178,0.0,0.0,False
5,4,0.3,2,2,False,True,220,0.5641025641025641,0.06763536759050563,0.13307368265813874,0.06763536759050563,0.13307368265813876,1,211,0.0,0.28879310344827586,False
7,5,0.2,2,2,False,True,219,0.5615384615384615,0.19811580862500835,0.3335607479612976,0.19811580862500835,0.3335607479612976,1,178,0.0,0.0,False
7,6,0.2,2,2,False,True,219,0.5615384615384615,0.19410433222045556,0.3205246250831067,0.19410433222045556,0.3205246250831067,1,178,0.0,0.0,False
7,7,0.2,2,2,False,True,219,0.5615384615384615,0.18809657136467817,0.309939637799158,0.18809657136467817,0.309939637799158,1,178,0.0,0.0,False
4,8,0.5,5,4,False,True,218,0.558974358974359,0.3598879146837826,0.521583127737351,0.32551887817164665,0.47138626253002286,1,111,0.0,0.25625,False
4,9,0.5,5,4,False,True,218,0.558974358974359,0.3555554671022626,0.5180917089864187,0.32225871161188724,0.4681312962020357,1,111,0.0,0.0,False
4,10,0.5,5,4,False,True,218,0.558974358974359,0.33316786216850364,0.5095737948531642,0.3054176160075731,0.45999730837638,1,111,0.0,0.0,False
6,7,0.4,3,3,False,True,217,0.5564102564102564,0.32911548599773977,0.43317189849041654,0.32911548599773977,0.43317189849041654,1,129,0.0,0.0,False
6,8,0.4,3,3,False,True,217,0.5564102564102564,0.32220890343219905,0.4272743395939294,0.32220890343219905,0.4272743395939294,1,129,0.0,0.0,False
4,10,1.0,5,4,False,True,217,0.5564102564102564,0.32931922422286664,0.5074311981260002,0.30466729001783155,0.4589561764262259,1,111,0.0,0.0,False
4,7,0.3,3,3,False,True,214,0.5487179487179488,0.32272135072175623,0.43408152199438377,0.32272135072175623,0.4340815219943837,1,111,0.0,0.0,False
5,5,0.3,2,2,False,True,214,0.5487179487179488,0.2605889367542491,0.32861740744990847,0.2605889367542491,0.32861740744990847,1,152,0.0,0.0,False
6,9,0.4,3,3,False,True,213,0.5461538461538461,0.3716876505415579,0.4651710483339506,0.3716876505415579,0.4651710483339506,1,112,0.0,0.0,False
5,6,0.3,2,2,False,True,213,0.5461538461538461,0.27538357479571757,0.337319128562422,0.27538357479571757,0.337319128562422,1,152,0.0,0.0,False
8,4,0.3,3,2,False,True,212,0.5435897435897435,0.11128365024652896,0.24532014570418945,0.1223439382158472,0.21344026410100028,1,161,0.0,0.23504273504273504,False
5,4,0.2,1,1,False,True,211,0.541025641025641,0.0,0.0,0.0,0.0,1,211,0.0,0.0,False
6,4,0.2,1,1,False,True,211,0.541025641025641,0.0,0.0,0.0,0.0,1,211,0.0,0.0,False
6,4,0.3,2,1,False,True,211,0.541025641025641,0.16623288605249148,0.2709897510279963,0.0,0.0,1,211,0.0,0.0,False
2,7,0.2,3,2,False,True,210,0.5384615384615384,0.3790285497990952,0.5556595492101414,0.3384379675543185,0.4993945660816774,1,129,0.0,0.0,False
2,8,0.2,3,2,False,True,210,0.5384615384615384,0.36746380824719105,0.545190240953837,0.3314327695324964,0.4883345703136665,1,129,0.0,0.0,False
9,6,0.4,3,3,False,True,210,0.5384615384615384,0.2369331193564368,0.34902127432449315,0.2369331193564368,0.3490212743244932,1,135,0.0,0.33771929824561403,False
8,5,0.3,3,3,False,True,209,0.5358974358974359,0.2403030412324059,0.40032532671215104,0.2403030412324059,0.4003253267121511,1,117,0.0,0.4700854700854701,False
8,6,0.3,3,3,False,True,209,0.5358974358974359,0.22964027149708802,0.40091011299640283,0.22964027149708802,0.4009101129964028,1,117,0.0,0.23504273504273504,False
10,6,0.5,4,3,False,True,207,0.5307692307692308,0.2528181876630382,0.4434948608674341,0.17181931958640262,0.374302053128656,1,124,0.0,0.24596774193548387,False
6,10,0.4,3,3,False,True,206,0.5282051282051282,0.3639149680312666,0.45852062788789,0.3639149680312666,0.45852062788789,1,112,0.0,0.0,False
9,9,0.5,4,3,False,True,205,0.5256410256410257,0.27823298418098386,0.4274399586431222,0.29858417934592363,0.42700783281254334,1,135,0.0,0.0,False
9,9,0.6,4,3,False,True,205,0.5256410256410257,0.27823298418098386,0.4274399586431222,0.29858417934592363,0.42700783281254334,1,135,0.0,0.0,False
9,8,0.5,4,3,False,True,205,0.5256410256410257,0.27605621383830004,0.4107477438989894,0.29273816234294886,0.4078210702511652,1,135,0.0,0.0,False
9,8,0.6,4,3,False,True,205,0.5256410256410257,0.27605621383830004,0.4107477438989894,0.29273816234294886,0.4078210702511652,1,135,0.0,0.0,False
2,9,0.2,3,3,False,True,202,0.517948717948718,0.43332386257291655,0.5973487185805557,0.43332386257291655,0.5973487185805558,1,88,0.0,0.0,False
2,10,0.2,3,3,False,True,202,0.517948717948718,0.41079922051797724,0.5819896331599466,0.41079922051797724,0.5819896331599466,1,88,0.0,0.0,False
9,7,0.4,3,3,False,True,202,0.517948717948718,0.22553277717494266,0.34540854931466936,0.22553277717494266,0.3454085493146694,1,135,0.0,0.0,False
8,7,0.4,3,3,False,True,201,0.5153846153846153,0.30611149528023235,0.4014365124919239,0.30611149528023235,0.40143651249192375,1,111,0.0,0.0,False
8,8,0.4,3,3,False,True,201,0.5153846153846153,0.3009136341073334,0.4001106641636268,0.3009136341073334,0.4001106641636268,1,111,0.0,0.0,False
4,8,0.3,3,3,False,True,200,0.5128205128205128,0.2972091737946502,0.42075095885950764,0.2972091737946502,0.42075095885950764,1,111,0.0,0.0,False
4,9,0.3,3,3,False,True,200,0.5128205128205128,0.29472959476668364,0.41779761236458013,0.29472959476668364,0.41779761236458013,1,111,0.0,0.0,False
4,10,0.3,3,3,False,True,200,0.5128205128205128,0.2818097718477012,0.4092423294666944,0.2818097718477012,0.4092423294666944,1,111,0.0,0.0,False
5,7,0.3,2,2,False,True,200,0.5128205128205128,0.2743935429605842,0.33494696536329505,0.2743935429605842,0.334946965363295,1,152,0.0,0.0,False
5,8,0.3,2,2,False,True,200,0.5128205128205128,0.27172100202940347,0.32987547707467474,0.27172100202940347,0.32987547707467474,1,152,0.0,0.0,False
5,9,0.3,2,2,False,True,200,0.5128205128205128,0.2600095140188628,0.31990763968520897,0.2600095140188628,0.3199076396852089,1,152,0.0,0.0,False
3,4,0.2,2,2,False,True,199,0.5102564102564102,0.35705287183985596,0.4232924499550257,0.35705287183985596,0.4232924499550257,64,139,0.0,0.48201438848920863,False
9,9,0.3,3,3,False,True,199,0.5102564102564102,0.2825391994556946,0.41080204030817075,0.2825391994556946,0.4108020403081707,1,135,0.0,0.0,False
9,8,0.3,3,3,False,True,199,0.5102564102564102,0.2764249569319509,0.3909992843724172,0.2764249569319509,0.39099928437241716,1,135,0.0,0.0,False
3,5,0.2,2,2,False,True,198,0.5076923076923077,0.355469657946139,0.42049171069716806,0.355469657946139,0.42049171069716806,1,139,0.0,0.0,False
3,6,0.2,2,2,False,True,198,0.5076923076923077,0.3319785373054955,0.3982034793973437,0.3319785373054955,0.3982034793973437,1,139,0.0,0.0,False
7,8,0.5,3,3,False,True,196,0.5025641025641026,0.3137669870123896,0.4346253284103369,0.3137669870123896,0.43462532841033696,1,110,0.0,0.0,False
7,8,0.4,3,3,False,True,196,0.5025641025641026,0.3132835227313309,0.4366579516639997,0.3132835227313309,0.4366579516639997,1,110,0.0,0.0,False
7,9,0.5,3,3,False,True,196,0.5025641025641026,0.29511595211580743,0.42658459804343946,0.29511595211580743,0.4265845980434394,1,110,0.0,0.0,False
7,9,0.4,3,3,False,True,196,0.5025641025641026,0.294232093445761,0.4282647066541406,0.294232093445761,0.4282647066541406,1,110,0.0,0.0,False
10,7,0.5,4,3,False,True,196,0.5025641025641026,0.2517223565380049,0.44650643933536305,0.17493971468128602,0.36639389237580927,1,114,0.0,0.0,False
3,7,0.2,2,2,False,True,193,0.4948717948717949,0.32471359543198264,0.38994269639152035,0.32471359543198264,0.38994269639152035,1,139,0.0,0.0,False
8,9,0.4,3,3,False,True,191,0.4897435897435897,0.2687340142042422,0.39128516514781264,0.2687340142042422,0.3912851651478126,1,102,0.0,0.0,False
8,10,0.4,3,3,False,True,191,0.4897435897435897,0.26844491977106777,0.3902714342158937,0.26844491977106777,0.3902714342158937,1,102,0.0,0.0,False
7,10,0.5,3,3,False,True,189,0.4846153846153846,0.28570534836691547,0.4192371555034135,0.28570534836691547,0.4192371555034136,1,110,0.0,0.0,False
7,10,0.4,3,3,False,True,189,0.4846153846153846,0.28491681172854355,0.4208743285617126,0.28491681172854355,0.4208743285617126,1,110,0.0,0.0,False
10,9,0.5,4,4,False,True,189,0.4846153846153846,0.25227791818503753,0.4371283272897239,0.25227791818503753,0.4371283272897239,1,111,0.0,0.0,False
10,8,0.5,4,4,False,True,189,0.4846153846153846,0.2522256642614123,0.4368505772841035,0.2522256642614123,0.4368505772841035,1,111,0.0,0.22522522522522523,False
10,10,0.5,4,4,False,True,189,0.4846153846153846,0.2521751075754448,0.4377630732709094,0.2521751075754448,0.4377630732709094,1,111,0.0,0.0,False
6,5,0.3,2,2,False,True,187,0.4794871794871795,0.31607788966369116,0.3761213214836856,0.31607788966369116,0.3761213214836856,1,157,0.0,0.0,False
8,7,0.3,3,3,False,True,187,0.4794871794871795,0.2638735597386613,0.4091349418493733,0.2638735597386613,0.4091349418493733,1,111,0.0,0.0,False
9,10,0.5,4,4,False,True,183,0.46923076923076923,0.29510008982880653,0.4557358135259144,0.29510008982880653,0.4557358135259144,1,70,0.0,0.0,False
9,10,0.6,4,4,False,True,183,0.46923076923076923,0.29510008982880653,0.4557358135259144,0.29510008982880653,0.4557358135259144,1,70,0.0,0.0,False
9,9,0.4,3,3,False,True,178,0.4564102564102564,0.22029868187218993,0.34938593812841023,0.22029868187218993,0.34938593812841023,1,135,0.0,0.0,False
9,8,0.4,3,3,False,True,178,0.4564102564102564,0.2175528164752519,0.3398536184229007,0.2175528164752519,0.33985361842290074,1,135,0.0,0.0,False
8,8,0.3,3,3,False,True,176,0.4512820512820513,0.2630663443312935,0.4092682563711592,0.2630663443312935,0.4092682563711592,1,111,0.0,0.0,False
9,4,0.2,2,1,False,True,176,0.4512820512820513,-0.02217571588544858,0.0831836167624607,0.0,0.0,1,176,0.0,0.0,False
9,6,0.2,2,2,False,True,174,0.4461538461538462,0.15440245180636114,0.3354128916610285,0.15440245180636114,0.3354128916610285,1,135,0.0,0.0,False
9,5,0.2,2,2,False,True,174,0.4461538461538462,0.15410625637902067,0.3334674253631018,0.15410625637902067,0.3334674253631019,1,135,0.0,0.0,False
9,7,0.2,2,2,False,True,174,0.4461538461538462,0.14592887975174523,0.3221706255718703,0.14592887975174523,0.3221706255718703,1,135,0.0,0.0,False
9,8,0.2,2,2,False,True,174,0.4461538461538462,0.12087969069080286,0.2942086045734785,0.12087969069080286,0.2942086045734785,1,135,0.0,0.0,False
9,9,0.2,2,2,False,True,174,0.4461538461538462,0.11506854536029797,0.2842947848656831,0.11506854536029797,0.2842947848656831,1,135,0.0,0.0,False
6,6,0.3,2,2,False,True,173,0.44358974358974357,0.32405024187513004,0.37932730062729936,0.32405024187513004,0.37932730062729947,1,129,0.0,0.0,False
6,7,0.3,2,2,False,True,173,0.44358974358974357,0.3023117637021132,0.3656721297990387,0.3023117637021132,0.36567212979903874,1,129,0.0,0.0,False
6,8,0.3,2,2,False,True,171,0.43846153846153846,0.2985298878504996,0.3603939335393978,0.2985298878504996,0.3603939335393978,1,129,0.0,0.0,False
4,7,0.2,2,2,False,True,171,0.43846153846153846,0.2692534192443528,0.37831242216090216,0.2692534192443528,0.37831242216090216,1,111,0.0,0.0,False
10,6,0.4,3,3,False,True,171,0.43846153846153846,0.19505696296296127,0.36844134511864807,0.19505696296296127,0.36844134511864807,1,124,0.0,0.25,False
10,6,0.2,2,2,False,True,169,0.43333333333333335,0.14384792917367548,0.3573090087632916,0.14384792917367548,0.3573090087632916,1,124,0.0,0.0,False
10,6,0.3,2,2,False,True,169,0.43333333333333335,0.14384792917367548,0.3573090087632916,0.14384792917367548,0.3573090087632916,1,124,0.0,0.0,False
4,8,0.2,2,2,False,True,167,0.4282051282051282,0.2542591501082568,0.3684184119754037,0.2542591501082568,0.3684184119754037,1,111,0.0,0.0,False
4,9,0.2,2,2,False,True,167,0.4282051282051282,0.2517923337648685,0.3631808528682477,0.2517923337648685,0.36318085286824775,1,111,0.0,0.0,False
8,9,0.3,3,3,False,True,167,0.4282051282051282,0.24225909856199973,0.39949368993629064,0.24225909856199973,0.3994936899362908,1,102,0.0,0.0,False
8,10,0.3,3,3,False,True,167,0.4282051282051282,0.2420749422499284,0.3983812871097393,0.2420749422499284,0.3983812871097393,1,102,0.0,0.0,False
4,10,0.2,2,2,False,True,167,0.4282051282051282,0.24184777509906463,0.3553712612104459,0.24184777509906463,0.3553712612104459,1,111,0.0,0.0,False
8,4,0.2,2,1,False,True,161,0.4128205128205128,0.000677191841985422,0.1258463871512076,0.0,0.0,1,161,0.0,0.0,False
6,9,0.3,2,2,False,True,160,0.41025641025641024,0.23095025619609363,0.3300343256910826,0.23095025619609363,0.3300343256910826,1,112,0.0,0.0,False
10,7,0.4,3,2,False,True,159,0.4076923076923077,0.19295742480055514,0.3725643989723402,0.14510287148891826,0.32013406193855226,1,114,0.0,0.0,False
10,7,0.2,2,2,False,True,159,0.4076923076923077,0.12975075873193623,0.3381487413761549,0.12975075873193623,0.3381487413761549,1,114,0.0,0.0,False
10,7,0.3,2,2,False,True,159,0.4076923076923077,0.12975075873193623,0.3381487413761549,0.12975075873193623,0.3381487413761549,1,114,0.0,0.0,False
6,10,0.3,2,2,False,True,158,0.40512820512820513,0.2248483739967144,0.3241587977562701,0.2248483739967144,0.3241587977562701,1,112,0.0,0.0,False
8,5,0.2,2,2,False,True,158,0.40512820512820513,0.1575555345112853,0.3332645075672113,0.1575555345112853,0.3332645075672113,1,117,0.0,0.0,False
8,6,0.2,2,2,False,True,158,0.40512820512820513,0.14593725525519324,0.3165855835518954,0.14593725525519324,0.3165855835518954,1,117,0.0,0.0,False
10,8,0.4,3,3,False,True,157,0.4025641025641026,0.18992513505093586,0.3635047382799189,0.18992513505093586,0.36350473827991897,1,111,0.0,0.0,False
10,9,0.4,3,3,False,True,157,0.4025641025641026,0.18972971022053023,0.3614360148900751,0.18972971022053023,0.3614360148900751,1,111,0.0,0.0,False
10,10,0.4,3,3,False,True,157,0.4025641025641026,0.18966951713093577,0.3624692636491058,0.18966951713093577,0.36246926364910587,1,111,0.0,0.0,False
6,5,0.2,1,1,False,True,157,0.4025641025641026,0.0,0.0,0.0,0.0,1,157,0.0,0.0,False
10,8,0.2,2,2,False,True,156,0.4,0.11988160857097897,0.3240014080717894,0.11988160857097897,0.3240014080717894,1,111,0.0,0.0,False
10,8,0.3,2,2,False,True,156,0.4,0.11988160857097897,0.3240014080717894,0.11988160857097897,0.3240014080717894,1,111,0.0,0.0,False
10,9,0.2,2,2,False,True,156,0.4,0.11968476575953764,0.3215759214411909,0.11968476575953764,0.3215759214411909,1,111,0.0,0.0,False
10,9,0.3,2,2,False,True,156,0.4,0.11968476575953764,0.3215759214411909,0.11968476575953764,0.3215759214411909,1,111,0.0,0.0,False
10,10,0.2,2,2,False,True,156,0.4,0.11957232694934837,0.3197030227311861,0.11957232694934837,0.3197030227311861,1,111,0.0,0.0,False
10,10,0.3,2,2,False,True,156,0.4,0.11957232694934837,0.3197030227311861,0.11957232694934837,0.3197030227311861,1,111,0.0,0.0,False
8,7,0.2,2,2,False,True,155,0.3974358974358974,0.11995859568242759,0.29139112839029946,0.11995859568242759,0.29139112839029946,1,111,0.0,0.0,False
8,8,0.2,2,2,False,True,155,0.3974358974358974,0.1169910940773548,0.2837857011453738,0.1169910940773548,0.28378570114537377,1,111,0.0,0.0,False
9,10,0.4,3,3,False,True,153,0.3923076923076923,0.2285435207680262,0.37493367110150344,0.2285435207680262,0.37493367110150344,1,70,0.0,0.0,False
7,8,0.3,2,2,False,True,153,0.3923076923076923,0.20945338543537026,0.3371533845845299,0.20945338543537026,0.3371533845845299,1,110,0.0,0.0,False
7,9,0.3,2,2,False,True,153,0.3923076923076923,0.19866882315644108,0.3277631287489679,0.19866882315644108,0.3277631287489679,1,110,0.0,0.0,False
7,10,0.3,2,2,False,True,153,0.3923076923076923,0.19307790776004222,0.3212487521340474,0.19307790776004222,0.32124875213404736,1,110,0.0,0.0,False
5,5,0.2,1,1,False,True,152,0.38974358974358975,0.0,0.0,0.0,0.0,1,152,0.0,0.0,False
5,6,0.2,1,1,False,True,152,0.38974358974358975,0.0,0.0,0.0,0.0,1,152,0.0,0.0,False
5,7,0.2,1,1,False,True,152,0.38974358974358975,0.0,0.0,0.0,0.0,1,152,0.0,0.0,False
5,8,0.2,1,1,False,True,152,0.38974358974358975,0.0,0.0,0.0,0.0,1,152,0.0,0.0,False
5,9,0.2,1,1,False,True,152,0.38974358974358975,0.0,0.0,0.0,0.0,1,152,0.0,0.0,False
3,8,0.2,2,2,False,True,151,0.3871794871794872,0.2382431963648503,0.35383413522331875,0.2382431963648503,0.3538341352233187,1,106,0.0,0.0,False
7,8,0.2,2,2,False,True,151,0.3871794871794872,0.11046082508113518,0.2700286736859284,0.11046082508113518,0.2700286736859284,1,110,0.0,0.0,False
7,9,0.2,2,2,False,True,151,0.3871794871794872,0.10379285948662792,0.26093176868898066,0.10379285948662792,0.26093176868898066,1,110,0.0,0.0,False
3,9,0.2,2,2,False,True,150,0.38461538461538464,0.2197689683251173,0.3403052425886136,0.2197689683251173,0.3403052425886136,1,106,0.0,0.0,False
8,9,0.2,2,2,False,True,145,0.3717948717948718,0.10628755560983513,0.27182723935299685,0.10628755560983513,0.2718272393529968,1,102,0.0,0.0,False
8,10,0.2,2,2,False,True,145,0.3717948717948718,0.106191444712521,0.27076116699380465,0.106191444712521,0.27076116699380465,1,102,0.0,0.0,False
7,10,0.2,2,2,False,True,144,0.36923076923076925,0.10127892267575676,0.25565178575214553,0.10127892267575676,0.25565178575214553,1,110,0.0,0.0,False
5,10,0.3,2,2,False,True,141,0.36153846153846153,0.15443418201016176,0.2874444230680941,0.15443418201016176,0.2874444230680941,1,91,0.0,0.0,False
3,10,0.2,2,2,False,True,137,0.35128205128205126,0.20915773384319217,0.3288337348000206,0.20915773384319217,0.3288337348000206,1,106,0.0,0.0,False
9,10,0.3,3,3,False,True,134,0.3435897435897436,0.17380639172558043,0.3760833195429272,0.17380639172558043,0.3760833195429272,1,70,0.0,0.0,False
6,6,0.2,1,1,False,True,129,0.33076923076923076,0.0,0.0,0.0,0.0,1,129,0.0,0.0,False
6,7,0.2,1,1,False,True,129,0.33076923076923076,0.0,0.0,0.0,0.0,1,129,0.0,0.0,False
6,8,0.2,1,1,False,True,129,0.33076923076923076,0.0,0.0,0.0,0.0,1,129,0.0,0.0,False
6,9,0.2,1,1,False,True,112,0.28717948717948716,0.0,0.0,0.0,0.0,1,112,0.0,0.0,False
6,10,0.2,1,1,False,True,112,0.28717948717948716,0.0,0.0,0.0,0.0,1,112,0.0,0.0,False
9,10,0.2,2,2,False,True,109,0.2794871794871795,0.07550533436915387,0.2555610170515082,0.07550533436915387,0.2555610170515082,1,70,0.0,0.0,False
5,10,0.2,1,1,False,True,91,0.23333333333333334,0.0,0.0,0.0,0.0,1,91,0.0,0.0,False
