dataset,cell_label,donor_label,Lib_region_of_interest_label,Subclass_name,T_class,observed_n_20,missing_n_20,missing_rate_20,observed_n_retained,missing_n_retained,missing_rate_retained,cell_qc_status,first_isi_rheo,first_isi_inv_rheo,adp_v_last_rheo,fast_trough_v_last_rheo,downstroke_rheo,fast_trough_v_rheo,peak_deltav_rheo,peak_v_rheo,postap_slope_rheo,threshold_v_rheo,trough_t_rheo,trough_v_rheo,upstroke_downstroke_ratio_rheo,upstroke_rheo,width_rheo,width_rheo_ms,width_suprathresh_rheo,avg_rate_rheo,latency_rheo,rheobase_i
dSTR_plus_vSTR,Q21.26.017.13.02.03,Q21.26.017,Ca,STR D1 MSN,D1,0,20,1.0,0,17,1.0,Exclude,,,,,,,,,,,,,,,,,,,,
dSTR_plus_vSTR,Q21.26.021.14.07.06,Q21.26.021,Ca,STR D1 MSN,D1,17,3,0.15,17,0,0.0,Keep,,,,-63.0,-76.4093651026382,-63.0,95.56250762939452,51.09375381469727,-0.1950433521900385,-44.46875381469727,0.163765,-64.03125,6.310199876286194,482.1583662177742,0.001225,1.225,0.0010649999999999,0.9999999999999998,0.048155,130.0
dSTR_plus_vSTR,Q21.26.021.14.07.07,Q21.26.021,Ca,STR D1 MSN,D1,17,3,0.15,17,0,0.0,Keep,,,,-60.625,-61.079346086967135,-60.625,93.0,52.09375,-0.0729344505668953,-40.90625,0.252055,-60.90625381469727,6.363510380623772,388.67905286612734,0.0015199999999999,1.5199999999999,0.0012899999999999,0.9999999999999998,0.137415,260.0
dSTR_plus_vSTR,Q21.26.021.14.07.08,Q21.26.021,Ca,STR D1 MSN,D1,18,2,0.1,17,0,0.0,Keep,,,-45.3125,-47.84375,-73.91675845088946,-47.84375,89.7500057220459,58.75000381469727,-0.0125228274568801,-31.00000190734864,0.2192249999999999,-48.03125,4.491645094859405,332.0078455238451,0.00129,1.2899999999999998,0.00112,0.9999999999999998,0.1054399999999999,300.0
dSTR_plus_vSTR,Q21.26.021.14.08.05,Q21.26.021,Ca,STR D1 MSN,D1,19,1,0.05,17,0,0.0,Keep,,1.881556046850745,-56.96875381469727,-56.96875381469727,-100.2022928415216,-57.68750381469727,97.68750381469728,50.21875381469727,-0.1513044403115806,-47.46875,0.52153,-62.78125381469727,5.547427179605824,555.8649227678791,0.00096,0.96,0.0008799999999999,2.0,0.3658949999999999,360.0
dSTR_plus_vSTR,Q21.26.023.13.03.05,Q21.26.023,Ca,STR D1 MSN,D1,19,1,0.05,17,0,0.0,Keep,,2.5022520268241406,-53.46875381469727,-54.53125381469727,-78.07335332993557,-54.5625,90.78125381469728,46.40625,0.5494604391607069,-44.37500381469727,0.4718299999999999,-57.00000381469727,4.692958821486457,366.39503223275017,0.00114,1.14,0.0010449999999999,2.0,0.323445,230.0
dSTR_plus_vSTR,QM22.26.003.14.51.04,QM22.26.003,Ca,STR D1 MSN,D1,17,3,0.15,16,1,0.058823529411764705,Keep,,1.6823687752355314,,,-98.71595744691946,-48.93750381469727,93.81250762939452,50.84375381469727,0.5510217818830083,-42.96875381469727,0.563105,-55.46875381469727,4.922883398489769,485.9671480814623,0.0008599999999998,0.8599999999998,0.0008199999999998,2.0,0.40508,230.0
dSTR_plus_vSTR,QM22.26.003.14.01.09,QM22.26.003,Ca,STR D1 MSN,D1,18,2,0.1,17,0,0.0,Keep,,,-51.00000381469727,-53.03125,-96.86816269902408,-53.03125,82.46875762939453,43.18750381469727,1.3027526895948995,-39.28125381469727,0.74184,-56.21875381469727,3.956497944891086,383.25868664406414,0.0009599999999998,0.9599999999998,0.0008799999999999,1.0,0.5915800000000002,390.0
dSTR_plus_vSTR,QM22.26.003.14.03.03,QM22.26.003,Ca,STR D1 MSN,D1,18,2,0.1,17,0,0.0,Keep,,,-45.3125,-46.4375,-86.4482864814057,-46.4375,83.65625,51.6875,-0.0224736168972532,-31.96875,0.6194550000000001,-47.00000381469727,3.880441051051102,335.4574796554727,0.00103,1.03,0.000885,0.9999999999999998,0.485545,420.0
dSTR_plus_vSTR,QM22.26.031.14.03A.01,QM22.26.031,Ca,STR D1 MSN,D1,18,2,0.1,17,0,0.0,Keep,,,-43.46875,-44.09375,-92.7014424369036,-44.09375,90.12500381469728,52.65625381469727,0.4546417199679894,-37.46875,0.48618,-49.81250381469727,3.648841865758784,338.2529041800018,0.00096,0.96,0.00092,1.0,0.32454,290.0
dSTR_plus_vSTR,QM22.26.031.14.03A.02,QM22.26.031,Ca,STR D1 MSN,D1,19,1,0.05,17,0,0.0,Keep,,1.9435590453237963,-48.09375,-50.5,-95.34242475525966,-51.00000381469727,91.59375762939452,50.31250381469727,0.7672377171327683,-41.28125381469727,0.5997600000000001,-52.68750381469727,3.768293394552207,359.2782294258358,0.0009799999999999,0.9799999999999,0.0008999999999999,2.0,0.4297600000000001,450.0
dSTR_plus_vSTR,QM22.26.031.14.03A.03,QM22.26.031,Ca,STR D1 MSN,D1,19,1,0.05,17,0,0.0,Keep,,2.761210514689638,-44.65625,-45.375,-89.93810469912617,-45.03125381469727,90.12500762939452,51.62500381469727,0.4952651203416301,-38.50000381469727,0.57318,-51.00000381469727,3.821306636802402,343.6810763882002,0.00102,1.02,0.0009599999999999,2.0000000000000004,0.4012599999999999,239.9999847412109
dSTR_plus_vSTR,QM22.26.031.14.04A.01,QM22.26.031,Ca,STR D1 MSN,D1,18,2,0.1,17,0,0.0,Keep,,,-49.40625381469727,-52.28125381469727,-105.83452768568178,-52.28125381469727,88.96875381469727,48.43750381469727,2.423721033435263,-40.53125,0.2960599999999999,-52.3125,4.090742732568074,432.9418249849774,0.0008399999999999,0.8399999999998999,0.00078,1.0,0.18366,300.0
dSTR_plus_vSTR,QM22.26.031.14.04A.04,QM22.26.031,Ca,STR D1 MSN,D1,18,2,0.1,17,0,0.0,Keep,,,-45.9375,-48.03125,-113.98522289746278,-48.03125,90.6875,50.96875,1.703024511848673,-39.71875,0.5801000000000001,-52.09375,3.86821625444064,440.919491978005,0.00078,0.78,0.00072,1.0,0.41724,330.0
dSTR_plus_vSTR,QM22.26.031.14.51A.01,QM22.26.031,Ca,STR D1 MSN,D1,19,1,0.05,17,0,0.0,Keep,,1.8335166850018336,-53.06250381469727,-54.12500381469727,-107.45957882578284,-54.50000381469727,100.81250381469728,55.09375381469727,0.8340777019180663,-45.71875,0.4776599999999999,-57.5,5.12971657516278,551.2371826626295,0.0008799999999999,0.8799999999999,0.00082,2.0,0.30516,320.0
dSTR_plus_vSTR,QM22.26.031.14.51A.02,QM22.26.031,Ca,STR D1 MSN,D1,17,3,0.15,17,0,0.0,Keep,,,,-50.71875,-89.58217556427023,-50.71875,91.78125762939452,50.18750381469727,0.1397200142146423,-41.59375381469727,0.8304399999999998,-55.84375,4.473302417284322,400.72816249723854,0.0009999999999998,0.9999999999998,0.0009400000000001,1.0000000000000002,0.6503,440.0
dSTR_plus_vSTR,QM22.26.031.14.55A.02,QM22.26.031,Ca,STR D1 MSN,D1,18,2,0.1,17,0,0.0,Keep,,,-50.93750381469727,-52.28125381469727,-112.3098591396733,-52.28125381469727,90.59375381469728,52.37500381469727,0.5167100509661605,-38.21875,0.6429199999999999,-55.37500381469727,4.881308776563509,548.2191011130988,0.00078,0.78,0.00068,1.0,0.4999000000000002,360.0
dSTR_plus_vSTR,QM22.26.031.14.55A.03,QM22.26.031,Ca,STR D1 MSN,D1,18,2,0.1,17,0,0.0,Keep,,2.08620186089206,,-53.00000381469727,-103.73634456321894,-52.875,97.56250762939452,53.50000381469727,-1.5091398669155438,-44.06250381469727,0.43012,-62.15625381469727,5.276707292045559,547.3863258068881,0.0008,0.8,0.0007599999999999,2.0,0.27424,180.0
dSTR_plus_vSTR,QM22.26.031.14.55A.04,QM22.26.031,Ca,STR D1 MSN,D1,18,2,0.1,17,0,0.0,Keep,,,-52.62500381469727,-52.50000381469727,-127.769493277512,-52.50000381469727,88.15625381469727,46.5,1.3254492142420091,-41.65625381469727,0.4069799999999999,-56.09375381469727,3.995017359211054,510.4413436212605,0.0007599999999999,0.7599999999999,0.0006999999999999,1.0,0.2713,280.0
dSTR_plus_vSTR,QM22.26.031.14.55A.05,QM22.26.031,Ca,STR D1 MSN,D1,17,3,0.15,17,0,0.0,Keep,,,,-49.00000381469727,-105.372856510476,-49.00000381469727,90.9375,51.84375,0.3072893253901773,-39.09375,0.6534,-55.75,4.70704047422274,495.99430047927575,0.00082,0.82,0.0007399999999999,1.0,0.5056,310.0
dSTR_plus_vSTR,QM24.26.011.14v.01A.04,QM24.26.011,Ca,STR D1 MSN,D1,18,2,0.1,17,0,0.0,Keep,,,-45.96875381469727,-45.56250381469727,-66.64197596431279,-45.56250381469727,79.53125381469727,44.53125381469727,-0.4064767300828207,-35.0,0.4377,-49.125,4.741144309628801,315.95922512562095,0.00114,1.14,0.001,1.0000000000000002,0.2462799999999999,320.0
dSTR_plus_vSTR,QM24.26.011.14v.02A.04,QM24.26.011,Ca,STR D1 MSN,D1,18,2,0.1,17,0,0.0,Keep,,,-45.43750381469727,-45.25000381469727,-70.43340965389122,-45.25000381469727,86.09375381469727,46.68750381469727,-0.3803203757559259,-39.40625,0.7139599999999999,-51.96875381469727,3.975375436052337,279.9992466154907,0.0011799999999999,1.1799999999999,0.00112,1.0,0.5119000000000002,160.0
dSTR_plus_vSTR,QM25.26.006.14v.03A.03,QM25.26.006,Ca,STR D1 MSN,D1,18,2,0.1,17,0,0.0,Keep,,1.8594964483617835,,-42.53125,-73.34767639767873,-43.09375381469727,84.62500762939453,45.81250381469727,-0.5514231980887444,-38.81250381469727,0.5565,-51.65625381469727,3.586930031900344,263.09298324094186,0.00112,1.12,0.0010799999999999,2.0000000000000004,0.365,230.0
dSTR_plus_vSTR,QN21.26.029.14.03.05,QN21.26.029,Ca,STR D1 MSN,D1,0,20,1.0,0,17,1.0,Exclude,,,,,,,,,,,,,,,,,,,,
dSTR_plus_vSTR,QN22.26.002.14.04.08,QN22.26.002,Ca,STR D1 MSN,D1,0,20,1.0,0,17,1.0,Exclude,,,,,,,,,,,,,,,,,,,,
dSTR_plus_vSTR,QN22.26.002.14.03.04,QN22.26.002,Ca,STR D1 MSN,D1,17,3,0.15,17,0,0.0,Keep,,,,-42.65625,-79.56410710560968,-42.65625,94.87500381469728,51.65625381469727,0.0348175094666053,-43.21875,1.10992,-52.0,5.015811082767808,399.078530210842,0.0010399999999999,1.0399999999999,0.0010399999999999,1.0,0.91366,38.0
dSTR_plus_vSTR,QN22.26.002.14.04.07,QN22.26.002,Ca,STR D1 MSN,D1,18,2,0.1,17,0,0.0,Keep,,40.12841091492804,,-7.21875,-6.347066207763627,-7.500000476837158,21.75,10.40625,-0.3352197843923287,-11.34375,0.8002199999999999,-10.156250953674316,6.89463334063366,43.76069429125635,0.0026600000000001,2.6600000000001,0.00322,2.0,0.6694000000000002,90.0
dSTR_plus_vSTR,QN22.26.002.14.05.05,QN22.26.002,Ca,STR D1 MSN,D1,18,2,0.1,17,0,0.0,Keep,,45.93477262287538,,-53.96875381469727,-42.41414516017619,-54.15625,81.8750057220459,23.28125190734864,-1.1000937448274577,-58.59375381469727,0.2294649999999999,-57.4375,5.643767083551566,239.3755563319804,0.0016249999999999,1.6249999999999,0.0016999999999999,10.999999999999998,0.10031,140.0
dSTR_plus_vSTR,QN22.26.002.14.05.09,QN22.26.002,Ca,STR D1 MSN,D1,18,2,0.1,17,0,0.0,Keep,,4.212654815064455,,-49.00000381469727,-71.69051167010211,-49.00000381469727,95.93750381469728,47.78125,-0.233428664188606,-48.15625381469727,0.91415,-53.65625381469727,5.771528972768289,413.7638651765775,0.001165,1.165,0.001155,2.0,0.5868250000000002,200.0
dSTR_plus_vSTR,QN22.26.002.14.06.02,QN22.26.002,Ca,STR D1 MSN,D1,17,3,0.15,17,0,0.0,Keep,,,,-48.53125381469727,-56.14854894611718,-48.53125381469727,86.68750381469727,37.62500381469727,-0.6417523225679268,-49.0625,1.10774,-52.65625381469727,5.595195349497143,314.1620999443276,0.0014,1.4,0.0014050000000001,0.9999999999999998,0.9604,310.0
dSTR_plus_vSTR,QN22.26.002.14.07.01,QN22.26.002,Ca,STR D1 MSN,D1,18,2,0.1,17,0,0.0,Keep,,15.520720161415491,,-46.40625,-76.14850051548524,-47.3125,94.90625762939452,50.21875381469727,-1.10172381941586,-44.68750381469727,0.3055699999999999,-50.15625,5.398642808176162,411.0985546613232,0.00109,1.09,0.001065,6.999999999999998,0.17332,80.0
dSTR_plus_vSTR,QN22.26.002.3A.02.03,QN22.26.002,Ca,STR D1 MSN,D1,19,1,0.05,17,0,0.0,Keep,,4.575821359934109,-53.53125,-54.15625,-80.88688597032473,-55.00000381469727,86.09375381469727,44.62500381469727,1.5037394250712564,-41.46875,0.59856,-55.03125,4.970330603678296,402.0345647745416,0.0009799999999999,0.9799999999999,0.0009000000000001,2.0,0.4855200000000001,130.0
dSTR_plus_vSTR,QN22.26.009.14.1A.02,QN22.26.009,Ca,STR D1 MSN,D1,18,2,0.1,17,0,0.0,Keep,,,-50.78125381469727,-54.12500381469727,-107.29394213283408,-54.12500381469727,88.15625381469727,48.28125381469727,1.0763806229477353,-39.875,0.4171949999999999,-54.37500381469727,3.7218493172363902,399.3318852706893,0.0008399999999999,0.8399999999998999,0.0007449999999999,0.9999999999999998,0.304635,620.0
dSTR_plus_vSTR,QN22.26.009.14.3A.01,QN22.26.009,Ca,STR D1 MSN,D1,19,1,0.05,17,0,0.0,Keep,,4.946209966613082,-50.43750381469727,-53.34375381469727,-100.4756060532271,-53.65625381469727,70.09375381469727,33.875003814697266,1.3868215822108805,-36.21875,0.337435,-53.78125381469727,2.684746559325433,269.7515376475391,0.0009599999999999,0.9599999999999,0.0008399999999999,2.0,0.224805,249.9999847412109
dSTR_plus_vSTR,QN22.26.009.14.4A.03,QN22.26.009,Ca,STR D1 MSN,D1,18,2,0.1,17,0,0.0,Keep,,,-53.34375381469727,-57.1875,-97.5537464008028,-57.1875,78.8125,35.25,1.334022098333563,-43.5625,0.6574899999999999,-57.28125381469727,3.0641273739478074,298.9171047778623,0.00103,1.03,0.0009350000000001,0.9999999999999998,0.544745,249.9999847412109
dSTR_plus_vSTR,QN22.26.009.14.4A.04,QN22.26.009,Ca,STR D1 MSN,D1,19,1,0.05,17,0,0.0,Keep,,2.772425456410541,-44.09375,-43.9375,-53.16664234961429,-43.12500381469727,58.53125190734863,20.00000190734864,-0.3068086610136129,-38.53125,0.601375,-45.875,3.669536149367884,195.09691604242312,0.00136,1.36,0.0012999999999998,2.0,0.4657250000000001,270.0
dSTR_plus_vSTR,QN22.26.010.14.03.07,QN22.26.010,Ca,STR D1 MSN,D1,18,2,0.1,17,0,0.0,Keep,,,-52.3125,-55.06250381469727,-90.69591009679316,-55.06250381469727,87.59375762939453,42.25000381469727,0.9256748956868428,-45.34375381469727,0.402155,-55.81250381469727,3.617943269337145,328.1326574910996,0.001005,1.005,0.0009299999999999,0.9999999999999998,0.253245,479.9999694824219
dSTR_plus_vSTR,QN22.26.010.14.06.04,QN22.26.010,Ca,STR D1 MSN,D1,18,2,0.1,17,0,0.0,Keep,,,-50.5,-50.84375381469727,-61.59484708774705,-50.84375381469727,83.87500762939453,51.78125381469727,-0.3868246326991608,-32.093753814697266,0.3362249999999999,-51.00000381469727,5.430894584096943,334.5151214571248,0.00129,1.2899999999999998,0.0010749999999999,0.9999999999999998,0.2218149999999999,360.0
dSTR_plus_vSTR,QN22.26.010.14.52.01,QN22.26.010,Ca,STR D1 MSN,D1,18,2,0.1,17,0,0.0,Keep,,3.1265632816408213,,-51.90625381469727,-106.3088833641262,-52.12500381469727,90.50000381469728,52.71875,-1.5408940694000202,-37.78125381469727,0.5960399999999999,-58.09375381469727,5.276249768236093,560.9122212114087,0.0008000000000001,0.8000000000001,0.0006999999999999,2.0,0.4459600000000001,140.0
dSTR_plus_vSTR,QN22.26.010.14.53.03,QN22.26.010,Ca,STR D1 MSN,D1,18,2,0.1,17,0,0.0,Keep,,,-54.96875381469727,-55.1875,-98.60534689703589,-55.1875,77.46875762939453,33.062503814697266,0.0920568708455886,-44.40625381469727,0.83314,-59.15625381469727,2.994571569286516,295.280768397498,0.0009799999999999,0.9799999999999,0.00092,1.0,0.673,150.0
dSTR_plus_vSTR,QN22.26.011.14.2A.07,QN22.26.011,Ca,STR D1 MSN,D1,0,20,1.0,0,17,1.0,Exclude,,,,,,,,,,,,,,,,,,,,
dSTR_plus_vSTR,QN22.26.011.14.5A.02,QN22.26.011,Ca,STR D1 MSN,D1,19,1,0.05,17,0,0.0,Keep,,3.518091787014723,-52.93750381469727,-54.0,-75.1004697083627,-55.00000381469727,91.34375,47.3125,0.6072196196274159,-44.03125,0.4133349999999999,-57.84375381469727,4.911124512372925,368.8277576754604,0.0012749999999999,1.2749999999999,0.0011749999999999,2.0,0.246985,290.0
dSTR_plus_vSTR,QN22.26.011.14.5A.04,QN22.26.011,Ca,STR D1 MSN,D1,19,1,0.05,17,0,0.0,Keep,,3.300983693140556,-44.87500381469727,-48.15625381469727,-83.46690182159651,-49.31250381469727,92.43750762939452,51.09375381469727,0.6600576995338615,-41.34375381469727,0.6698299999999999,-52.50000381469727,4.664538801820812,389.3346022146051,0.0011099999999999,1.1099999999999,0.0010499999999999,2.0,0.493745,310.0
dSTR_plus_vSTR,QN22.26.011.14.8B.01,QN22.26.011,Ca,STR D1 MSN,D1,18,2,0.1,17,0,0.0,Keep,,,-51.00000381469727,-50.65625,-64.25087707747771,-50.65625,84.9375,46.25,-0.0267014251518232,-38.6875,0.6441950000000001,-56.81250381469727,4.2294673818037225,271.74698885147245,0.0013150000000001,1.3150000000001,0.0011649999999998,0.9999999999999998,0.4644350000000001,290.0
dSTR_plus_vSTR,QN22.26.014.14.6A.03,QN22.26.014,Ca,STR D1 MSN,D1,19,1,0.05,17,0,0.0,Keep,,2.745631014647941,-49.03125381469727,-53.34375381469727,-103.60070433786908,-53.96875381469727,83.50000381469727,43.68750381469727,1.1686350885392651,-39.8125,0.3945349999999999,-54.0,3.12030658671196,323.2659601334512,0.0010099999999999,1.0099999999999,0.00091,3.0,0.28178,140.0
dSTR_plus_vSTR,QN22.26.015.14.01A.03,QN22.26.015,Ca,STR D1 MSN,D1,18,2,0.1,17,0,0.0,Keep,,,-52.37500381469727,-52.46875381469727,-83.45396437204722,-52.46875381469727,89.21875381469727,52.06250381469727,0.0192156544044215,-37.15625,0.2984199999999999,-53.75,5.206687793603881,434.5187376237915,0.0010649999999999,1.0649999999999,0.000935,0.9999999999999998,0.170085,360.0
dSTR_plus_vSTR,QN22.26.015.14.02A.05,QN22.26.015,Ca,STR D1 MSN,D1,19,1,0.05,17,0,0.0,Keep,,4.742483164184769,-52.21875381469727,-51.84375,-82.68536414061178,-53.21875381469727,83.31250381469727,33.71875,-0.0418530297918196,-49.59375381469727,0.3343899999999999,-59.65625,3.7035983625529583,306.2333792382649,0.00107,1.07,0.0010449999999999,3.999999999999999,0.15334,270.0
dSTR_plus_vSTR,QN22.26.015.14.04A.05,QN22.26.015,Ca,STR D1 MSN,D1,18,2,0.1,17,0,0.0,Keep,,,-54.84375381469727,-56.18750381469727,-87.88085133119931,-56.18750381469727,89.18750762939453,39.28125381469727,0.0793702643361971,-49.90625381469727,0.3102799999999999,-59.06250381469727,4.032015384067061,354.3369445323059,0.0010799999999999,1.0799999999999002,0.0010299999999999,0.9999999999999998,0.1607549999999999,340.0
dSTR_plus_vSTR,QN22.26.015.14.05A.03,QN22.26.015,Ca,STR D1 MSN,D1,19,1,0.05,17,0,0.0,Keep,,2.9886431560071727,-35.59375,-35.687503814697266,-64.4798694612902,-35.531253814697266,63.28125381469727,36.40625381469727,0.1864811262864525,-26.875,0.7736400000000001,-36.18750381469727,3.4346950404464813,221.46868784733,0.0012400000000001,1.2400000000001,0.0011499999999999,2.0,0.6324750000000001,239.9999847412109
dSTR_plus_vSTR,QN22.26.015.14.05A.04,QN22.26.015,Ca,STR D1 MSN,D1,19,1,0.05,17,0,0.0,Keep,,3.5412645855835128,-54.09375381469727,-54.21875381469727,-82.2043669050348,-54.68750381469727,86.53125381469727,42.84375,0.0977040114855037,-43.68750381469727,0.45196,-57.90625,4.2297288505121164,347.70218233630914,0.00115,1.15,0.001055,2.0,0.3011,290.0
dSTR_plus_vSTR,QN22.26.015.14.05A.06,QN22.26.015,Ca,STR D1 MSN,D1,18,2,0.1,17,0,0.0,Keep,,2.243812686516929,,-48.09375,-70.22123642658256,-48.28125381469727,91.93750381469728,49.9375,-0.2199328457143999,-42.00000381469727,0.3629849999999999,-55.46875381469727,5.999649039082649,421.3027736499416,0.00117,1.17,0.0011099999999999,2.0,0.205085,290.0
dSTR_plus_vSTR,QN22.26.016.14.04A.02,QN22.26.016,Ca,STR D1 MSN,D1,17,3,0.15,17,0,0.0,Keep,,,,-54.50000381469727,-90.96770254244288,-54.50000381469727,79.56250381469727,42.5,0.2491105573175285,-37.06250381469727,0.1510799999999999,-54.84375381469727,3.2846299367241447,298.795239045925,0.00102,1.02,0.0008799999999999,1.0,0.0382,1019.9999389648438
dSTR_plus_vSTR,QN22.26.016.14.07.01,QN22.26.016,Ca,STR D1 MSN,D1,17,3,0.15,17,0,0.0,Keep,,,,-54.15625,-97.16665906719744,-54.15625,83.12500762939453,40.00000381469727,-1.000988449932387,-43.12500381469727,0.55856,-58.34375381469727,3.7384830512374463,363.2559080680849,0.00096,0.96,0.0008799999999999,1.0,0.41666,59.999996185302734
dSTR_plus_vSTR,QN22.26.016.14.08.01,QN22.26.016,Ca,STR D1 MSN,D1,17,3,0.15,17,0,0.0,Keep,,,,-51.4375,-80.58202562579565,-51.4375,83.46875381469727,44.78125381469727,0.4549892106793575,-38.6875,0.1449999999999999,-51.59375,3.95094730221502,318.3753367532589,0.0010799999999999,1.0799999999999002,0.0009799999999999,1.0,0.03166,130.0
dSTR_plus_vSTR,QN22.26.016.14.08.02,QN22.26.016,Ca,STR D1 MSN,D1,18,2,0.1,17,0,0.0,Keep,,,-48.03125,-47.84375,-70.23747148904717,-47.84375,81.40625381469727,42.1875,0.7934934795456764,-39.21875381469727,0.30312,-48.59375381469727,3.80595396165828,267.32058287059954,0.00124,1.24,0.00116,1.0,0.17048,260.0
dSTR_plus_vSTR,QN22.26.016.14.08.03,QN22.26.016,Ca,STR D1 MSN,D1,17,3,0.15,17,0,0.0,Keep,,,,-57.00000381469727,-69.80836812727516,-57.00000381469727,71.5625,40.375,-0.4031963435099559,-31.1875,0.15824,-57.4375,4.18109107934302,291.87514524044377,0.0014,1.4,0.00114,1.0,0.04364,210.0
dSTR_plus_vSTR,QN22.26.017.14.06B.05,QN22.26.017,Ca,STR D1 MSN,D1,0,20,1.0,0,17,1.0,Exclude,,,,,,,,,,,,,,,,,,,,
dSTR_plus_vSTR,QN22.26.017.14.01A.01,QN22.26.017,Ca,STR D1 MSN,D1,19,1,0.05,17,0,0.0,Keep,,9.859988168014192,-45.81250381469727,-45.96875381469727,-101.8918536221602,-48.71875,90.9375,54.71875,0.5967592753738842,-36.21875,0.2128999999999999,-49.125,4.336873269938163,441.8920563983986,0.0009,0.9,0.0008,8.0,0.08604,360.0
dSTR_plus_vSTR,QN22.26.017.14.01A.03,QN22.26.017,Ca,STR D1 MSN,D1,18,2,0.1,17,0,0.0,Keep,,,-50.5,-50.84375381469727,-80.46458735224408,-50.84375381469727,83.59375762939453,41.37500381469727,-0.174119709100122,-42.21875381469727,0.47986,-57.40625381469727,4.279085226991613,344.31482703496386,0.0010799999999999,1.0799999999999002,0.00102,1.0,0.32562,190.0
dSTR_plus_vSTR,QN22.26.017.14.03A.01,QN22.26.017,Ca,STR D1 MSN,D1,18,2,0.1,17,0,0.0,Keep,,,-52.43750381469727,-54.18750381469727,-108.48064302588348,-54.18750381469727,87.53125381469727,46.28125381469727,1.1447540122957554,-41.25,0.2926999999999999,-55.00000381469727,3.855451170349357,418.2418221143933,0.0008599999999999,0.8599999999999001,0.0007799999999998,1.0000000000000002,0.15998,270.0
dSTR_plus_vSTR,QN22.26.017.14.05A.01,QN22.26.017,Ca,STR D1 MSN,D1,18,2,0.1,17,0,0.0,Keep,,,-58.21875,-58.50000381469727,-116.223433527962,-58.50000381469727,95.34375381469728,45.96875381469727,0.3190080966220783,-49.375,0.2070599999999999,-60.375,4.501920176366709,523.2286203661472,0.00082,0.82,0.00078,1.0,0.07444,230.0
dSTR_plus_vSTR,QN22.26.017.14.06A.01,QN22.26.017,Ca,STR D1 MSN,D1,18,2,0.1,17,0,0.0,Keep,,,-48.28125381469727,-48.8125,-93.93500396640091,-48.8125,83.34375762939453,45.81250381469727,1.065266212260952,-37.53125381469727,0.23396,-49.15625381469727,3.4784080991326465,326.74427858878624,0.0009199999999999,0.9199999999999,0.0008199999999999,1.0,0.10414,239.9999847412109
dSTR_plus_vSTR,QN22.26.017.14.06B.02,QN22.26.017,Ca,STR D1 MSN,D1,18,2,0.1,17,0,0.0,Keep,,,-43.53125,-44.71875381469727,-100.36375693292284,-44.71875381469727,84.96875381469727,52.0,1.2739490896803622,-32.968753814697266,0.3608799999999999,-47.9375,4.237215950931236,425.26291177156605,0.0008399999999999,0.8399999999998999,0.00076,1.0,0.21648,450.0
dSTR_plus_vSTR,QN22.26.019.14.52A.02,QN22.26.019,Ca,STR D1 MSN,D1,18,2,0.1,17,0,0.0,Keep,,3.5023816195012607,,-37.75000381469727,-68.76647472818911,-38.6875,73.8125057220459,51.62500381469727,-0.5427829890386673,-22.18750190734864,0.57542,-42.93750381469727,4.279777902841097,294.3052389979845,0.00116,1.16,0.0009999999999998,2.0,0.4239000000000001,180.0
dSTR_plus_vSTR,QN22.26.020.14.01.04,QN22.26.020,Ca,STR D1 MSN,D1,17,3,0.15,17,0,0.0,Keep,,,,-46.5,-76.90807778215459,-46.5,83.53125381469727,44.78125381469727,-1.4732995845643986,-38.75,0.60554,-53.84375,4.1114544614915305,316.20405952217715,0.00112,1.12,0.0010400000000001,1.0,0.4356600000000001,150.0
dSTR_plus_vSTR,QN22.26.020.14.02.01,QN22.26.020,Ca,STR D1 MSN,D1,18,2,0.1,17,0,0.0,Keep,,,-49.71875381469727,-50.12500381469727,-83.65301480566832,-50.12500381469727,78.03125381469727,45.56250381469727,-0.189588344775681,-32.46875,0.2947599999999999,-50.53125381469727,3.879721319777852,324.5503850052437,0.0010199999999999,1.0199999999999,0.00084,1.0,0.16662,280.0
dSTR_plus_vSTR,QN22.26.020.14.02.05,QN22.26.020,Ca,STR D1 MSN,D1,18,2,0.1,17,0,0.0,Keep,,,-45.50000381469727,-47.87500381469727,-109.58111790241372,-47.87500381469727,90.62500381469728,58.71875381469727,0.1225404489597732,-31.90625,0.1994799999999999,-48.21875381469727,4.208233744020917,461.14295806447205,0.00086,0.86,0.0007399999999999,1.0,0.08704,239.9999847412109
dSTR_plus_vSTR,QN22.26.020.14.07A.03,QN22.26.020,Ca,STR D1 MSN,D1,18,2,0.1,17,0,0.0,Keep,,,-53.31250381469727,-54.875,-97.81222661016317,-54.875,86.06250762939453,41.37500381469727,0.3175543204723198,-44.68750381469727,0.67282,-55.50000381469727,4.061436919306386,397.2581883140792,0.0009000000000001,0.9000000000001,0.0008399999999999,1.0,0.5250800000000002,170.0
dSTR_plus_vSTR,QN22.26.023.14.06A.02,QN22.26.023,Ca,STR D1 MSN,D1,0,20,1.0,0,17,1.0,Exclude,,,,,,,,,,,,,,,,,,,,
dSTR_plus_vSTR,QN22.26.023.14.03A.02,QN22.26.023,Ca,STR D1 MSN,D1,18,2,0.1,17,0,0.0,Keep,,,-49.84375,-50.5,-102.98026588097042,-50.5,88.21875,51.6875,0.4826166447172545,-36.53125,0.26274,-54.09375381469727,4.4177069698566696,454.936638340056,0.0008399999999999,0.8399999999998999,0.0007399999999999,1.0,0.1259800000000001,370.0
dSTR_plus_vSTR,QN22.26.023.14.53A.01,QN22.26.023,Ca,STR D1 MSN,D1,18,2,0.1,17,0,0.0,Keep,,3.288608260983951,,-42.65625,-75.47648316867833,-45.09375381469727,77.2500057220459,46.28125381469727,-0.343644208619776,-30.96875190734864,0.51508,-51.21875,3.401180538174068,256.7091456431313,0.00106,1.06,0.00094,3.0,0.36128,160.0
dSTR_plus_vSTR,QN22.26.025.14.03A.03,QN22.26.025,Ca,STR D1 MSN,D1,19,1,0.05,17,0,0.0,Keep,,5.629362756136005,-40.46875381469727,-40.93750381469727,-84.91226015600571,-41.21875,80.78125190734863,54.0,1.5037381242332395,-26.78125190734864,0.2840399999999999,-41.28125381469727,4.1934558544841325,356.0758144686819,0.00104,1.0399999999999998,0.00092,3.0,0.17096,260.0
dSTR_plus_vSTR,QN22.26.025.14.06A.05,QN22.26.025,Ca,STR D1 MSN,D1,18,2,0.1,17,0,0.0,Keep,,2.6506918305677782,,-49.78125,-79.8185582442062,-50.53125381469727,94.15625381469728,53.75,-0.8064351664969145,-40.40625381469727,0.5262199999999999,-55.84375,4.128217376585692,329.50835911774914,0.0011799999999999,1.1799999999999,0.00106,2.0,0.35384,170.0
dSTR_plus_vSTR,QN22.26.027.14.03.01,QN22.26.027,Ca,STR D1 MSN,D1,17,3,0.15,17,0,0.0,Keep,,,,-46.71875381469727,-48.9749340371978,-46.71875381469727,73.56250381469727,38.25000381469727,0.3055502340792465,-35.3125,0.2293799999999999,-47.71875381469727,5.18765932030438,254.0652730193613,0.0013799999999999,1.3799999999999,0.0012199999999999,1.0000000000000002,0.0968999999999999,380.0
dSTR_plus_vSTR,QN22.26.027.14.03.02,QN22.26.027,Ca,STR D1 MSN,D1,19,1,0.05,17,0,0.0,Keep,,3.2925062557618854,-45.0,-45.3125,-77.81445188244297,-46.46875381469727,79.84375762939453,42.81250381469727,0.4302841015572016,-37.03125381469727,0.47218,-49.15625381469727,3.787970811923331,294.75887247650644,0.0010599999999999,1.0599999999999,0.00096,3.0,0.30632,160.0
dSTR_plus_vSTR,QN22.26.027.14.05.02,QN22.26.027,Ca,STR D1 MSN,D1,18,2,0.1,17,0,0.0,Keep,,,-50.75000381469727,-52.68750381469727,-90.5727498661176,-52.68750381469727,89.40625,50.96875,-0.2131694915225779,-38.4375,0.2284999999999999,-52.78125381469727,4.5303712757603565,410.3281843600869,0.00102,1.02,0.0009,1.0000000000000002,0.1152999999999999,260.0
dSTR_plus_vSTR,QN22.26.027.14.05.03,QN22.26.027,Ca,STR D1 MSN,D1,18,2,0.1,17,0,0.0,Keep,,,-49.00000381469727,-51.18750381469727,-89.86309469451942,-51.18750381469727,78.62500381469727,40.00000381469727,-0.2227231740574257,-38.625,0.46842,-51.28125,3.515978397449828,315.9566996739185,0.00102,1.02,0.0009399999999999,1.0,0.3556,249.9999847412109
dSTR_plus_vSTR,QN22.26.028.14.02.01,QN22.26.028,Ca,STR D1 MSN,D1,17,3,0.15,17,0,0.0,Keep,,,,-48.62500381469727,-61.90886712924614,-48.62500381469727,81.59375381469727,39.5,-0.9215737161186176,-42.09375381469727,0.32402,-52.34375381469727,3.961784294145871,245.26957746101093,0.0012799999999999,1.2799999999999,0.0012199999999999,1.0000000000000002,0.1588999999999999,90.0
dSTR_plus_vSTR,QN22.26.028.14.02.04,QN22.26.028,Ca,STR D1 MSN,D1,18,2,0.1,17,0,0.0,Keep,,,-44.4375,-44.34375,-92.12893710804325,-44.34375,90.62500762939452,53.50000381469727,1.1563511656507377,-37.12500381469727,0.7339199999999999,-51.62500381469727,4.095738601332116,377.3360440131116,0.0009799999999999,0.9799999999999,0.0008999999999999,1.0000000000000002,0.55258,249.9999847412109
dSTR_plus_vSTR,QN22.26.028.14.06.02,QN22.26.028,Ca,STR D1 MSN,D1,18,2,0.1,17,0,0.0,Keep,,,-50.21875381469727,-50.0,-66.79698999506083,-50.0,83.65625762939453,42.15625381469727,-0.8410394860769412,-41.50000381469727,0.76444,-53.37500381469727,4.974595524878878,332.2880075048088,0.0012199999999999,1.2199999999999,0.0011400000000001,1.0,0.5905200000000002,160.0
dSTR_plus_vSTR,QN22.26.028.14.06.04,QN22.26.028,Ca,STR D1 MSN,D1,19,1,0.05,17,0,0.0,Keep,,3.0378516313263257,-52.50000381469727,-53.00000381469727,-99.6244814634389,-54.34375381469727,98.53125381469728,49.25000381469727,1.5550151784073754,-49.28125,0.82846,-60.75000381469727,4.910202203562363,489.17634841053547,0.0009399999999999,0.9399999999999,0.0008999999999999,2.0,0.64038,160.0
dSTR_plus_vSTR,QN22.26.036.14.06B.02,QN22.26.036,Ca,STR D1 MSN,D1,19,1,0.05,17,0,0.0,Keep,,4.387504387504385,-50.21875381469727,-50.96875,-86.95472963295794,-51.46875381469727,76.37500381469727,36.625,-0.263599829173436,-39.75000381469727,0.52864,-51.59375,3.418159757659069,297.2251575695014,0.00108,1.08,0.0009799999999999,2.0000000000000004,0.4156799999999999,140.0
dSTR_plus_vSTR,QN22.26.036.14.07A.04,QN22.26.036,Ca,STR D1 MSN,D1,18,2,0.1,17,0,0.0,Keep,,,-49.96875381469727,-51.46875381469727,-87.39009758322513,-51.46875381469727,82.09375381469727,53.50000381469727,0.4518384627917016,-28.59375,0.5917999999999999,-52.53125381469727,5.360846765372778,468.4849219546439,0.0009799999999999,0.9799999999999,0.00078,1.0000000000000002,0.4494399999999999,640.0
dSTR_plus_vSTR,QN22.26.036.14.51A.01,QN22.26.036,Ca,STR D1 MSN,D1,18,2,0.1,17,0,0.0,Keep,,,-50.62500381469727,-54.0,-137.45016630382477,-54.0,92.75000762939452,48.28125381469727,2.1525473152964643,-44.46875381469727,0.93488,-54.06250381469727,4.106657777267682,564.4607944383383,0.00062,0.62,0.0006000000000001,1.0000000000000002,0.8229199999999999,160.0
dSTR_plus_vSTR,QN22.26.036.14.51A.02,QN22.26.036,Ca,STR D1 MSN,D1,18,2,0.1,17,0,0.0,Keep,,3.0207829869502163,,-48.90625,-115.61654765985372,-49.4375,86.84375381469727,49.75000381469727,-0.846533260104329,-37.09375,0.57024,-53.37500381469727,4.798735476292753,554.813228901832,0.0007199999999999,0.7199999999998999,0.0006599999999999,2.0000000000000004,0.4326599999999999,190.0
dSTR_plus_vSTR,QN22.26.036.14.53A.01,QN22.26.036,Ca,STR D1 MSN,D1,19,1,0.05,17,0,0.0,Keep,,4.4559308439533005,-53.00000381469727,-53.00000381469727,-86.31598128634818,-53.93750381469727,89.28125381469727,42.78125381469727,0.2913300108406005,-46.5,0.6304599999999999,-54.75000381469727,4.553172248701543,393.0115306124422,0.00096,0.96,0.00092,2.0000000000000004,0.4942,110.0
dSTR_plus_vSTR,QN22.26.037.14.03A.02,QN22.26.037,Ca,STR D1 MSN,D1,19,1,0.05,17,0,0.0,Keep,,3.37997701615629,-51.62500381469727,-52.8125,-86.44751047846408,-53.75,91.90625381469728,52.75000381469727,0.3069589709678894,-39.15625,0.37156,-53.87500381469727,4.860549976006699,420.1824449819375,0.0010199999999999,1.0199999999999,0.0008799999999999,2.9999999999999987,0.25848,410.0
dSTR_plus_vSTR,QN23.26.003.14.07A.02,QN23.26.003,Ca,STR D1 MSN,D1,18,2,0.1,17,0,0.0,Keep,,,-53.03125,-53.37500381469727,-114.20002431767726,-53.37500381469727,97.03125381469728,55.4375,0.2835670748844883,-41.59375381469727,0.293,-55.37500381469727,4.75457882424703,542.9730173493242,0.0008599999999999,0.8599999999999001,0.0007599999999999,0.9999999999999996,0.1629,460.0
dSTR_plus_vSTR,QN23.26.010.14.07A.01,QN23.26.010,Ca,STR D1 MSN,D1,18,2,0.1,17,0,0.0,Keep,,,-45.0,-46.09375,-96.3737051277131,-46.09375,86.28125381469727,51.50000381469727,-0.3137127977076726,-34.78125,0.3346999999999999,-46.37500381469727,3.969286609581336,382.5348572791717,0.0009199999999999,0.9199999999999,0.00082,1.0,0.22188,260.0
dSTR_plus_vSTR,QN23.26.016.14.03A.04,QN23.26.016,Ca,STR D1 MSN,D1,18,2,0.1,17,0,0.0,Keep,,,-46.53125381469727,-47.00000381469727,-73.50379431293032,-47.00000381469727,84.46875762939453,42.56250381469727,0.1824994288093996,-41.90625381469727,0.8286199999999999,-52.8125,4.119282716108927,302.78290948167955,0.0010999999999998,1.0999999999998,0.0010599999999998,1.0,0.6299000000000001,220.0
dSTR_plus_vSTR,QN23.26.016.14.09A.03,QN23.26.016,Ca,STR D1 MSN,D1,19,1,0.05,17,0,0.0,Keep,,3.9010688928766495,-48.65625,-49.96875381469727,-75.13735237129389,-50.0,87.65625,42.6875,0.0344871120347189,-44.96875,0.4793799999999999,-53.93750381469727,4.564187749950759,342.9409832567932,0.00112,1.12,0.00106,3.0000000000000004,0.30486,260.0
dSTR_plus_vSTR,QN23.26.017.14v.02A.05,QN23.26.017,Ca,STR D1 MSN,D1,18,2,0.1,17,0,0.0,Keep,,,-52.03125381469727,-51.50000381469727,-59.3699565330314,-51.50000381469727,74.62500381469727,37.90625,-0.3913646310742583,-36.71875381469727,1.0691799999999998,-55.96875381469727,4.670333858469338,277.2775181720694,0.0012599999999998,1.2599999999998,0.0010999999999998,1.0,0.9076,290.0
dSTR_plus_vSTR,QN24.26.001.14.02A.05,QN24.26.001,Ca,STR D1 MSN,D1,0,20,1.0,0,17,1.0,Exclude,,,,,,,,,,,,,,,,,,,,
dSTR_plus_vSTR,QN24.26.003.14.01.01,QN24.26.003,Ca,STR D1 MSN,D1,18,2,0.1,17,0,0.0,Keep,,,-49.4375,-49.9375,-64.24979377306856,-49.9375,73.15625762939453,33.062503814697266,-0.2099166481811526,-40.09375381469727,0.7296,-51.9375,3.749148784305194,240.88203621615943,0.0011799999999999,1.1799999999999,0.0010799999999999,1.0,0.5551800000000002,180.0
dSTR_plus_vSTR,QN24.26.003.14.02.06,QN24.26.003,Ca,STR D1 MSN,D1,18,2,0.1,17,0,0.0,Keep,,,-39.90625381469727,-41.43750381469727,-75.52427620936494,-41.43750381469727,85.68750381469727,49.00000381469727,0.1886780906994605,-36.6875,0.6251199999999999,-48.46875381469727,4.329893024886268,327.0120367685132,0.00112,1.12,0.00106,1.0000000000000002,0.44416,320.0
dSTR_plus_vSTR,QN24.26.003.41.06.01B.02,QN24.26.003,Ca,STR D1 MSN,D1,18,2,0.1,17,0,0.0,Keep,,,-51.59375,-51.4375,-77.71449915269501,-51.4375,80.34375381469727,37.875,-1.0225983518367774,-42.46875381469727,0.3765,-54.03125381469727,3.937067260162428,305.96721025399626,0.0010799999999999,1.0799999999999002,0.00102,1.0,0.2317,210.0
dSTR_plus_vSTR,QN24.26.005.14d.01.01A.03,QN24.26.005,Ca,STR D1 MSN,D1,18,2,0.1,17,0,0.0,Keep,,,-50.5,-52.65625381469727,-82.82808215275642,-52.65625381469727,77.50000381469727,32.0,0.4609510225666131,-45.50000381469727,0.6763399999999999,-56.875,3.2230727230500555,266.9609322890984,0.0010599999999998,1.0599999999998,0.0010199999999997,1.0,0.50474,230.0
dSTR_plus_vSTR,QN24.26.012.14V.02A.01,QN24.26.012,Ca,STR D1 MSN,D1,0,20,1.0,0,17,1.0,Exclude,,,,,,,,,,,,,,,,,,,,
dSTR_plus_vSTR,QN24.26.012.14V.03A.03,QN24.26.012,Ca,STR D1 MSN,D1,18,2,0.1,17,0,0.0,Keep,,,-45.71875,-46.34375,-82.6519379828876,-46.34375,81.28125381469727,44.25,-0.5717846048083396,-37.03125381469727,0.58298,-50.68750381469727,4.075169347545232,336.820644183073,0.0010799999999999,1.0799999999999002,0.001,1.0000000000000002,0.41134,230.0
dSTR_plus_vSTR,QN24.26.017.14v.04A.04,QN24.26.017,Ca,STR D1 MSN,D1,18,2,0.1,17,0,0.0,Keep,,,-51.40625381469727,-52.15625,-91.32177381254478,-52.15625,87.90625,43.3125,0.3449795991689865,-44.59375,0.7012400000000001,-58.46875,3.69393979930063,337.3371348288892,0.00102,1.02,0.0009399999999999,1.0,0.5291000000000001,370.0
dSTR_plus_vSTR,QN24.26.017.15.04A.01,QN24.26.017,Ca,STR D1 MSN,D1,17,3,0.15,17,0,0.0,Keep,,,,-46.31250381469727,-87.39796881368207,-46.31250381469727,83.90625,55.75,-0.4772326589057686,-28.15625,0.48164,-53.65625381469727,5.216201101072658,455.8853811574422,0.0009799999999999,0.9799999999999,0.0008199999999999,1.0,0.33752,620.0
dSTR_plus_vSTR,Q21.26.009.12.01.04,Q21.26.009,Ca,STR D2 MSN,D2,19,1,0.05,17,0,0.0,Keep,,5.160224985809381,-52.8125,-52.53125381469727,-71.4134019337632,-53.00000381469727,83.90625762939453,40.56250381469727,0.235048529397256,-43.34375381469727,0.321555,-56.12500381469727,4.928553483178969,351.96477084630834,0.00114,1.14,0.0010499999999999,3.999999999999999,0.16857,190.0
dSTR_plus_vSTR,Q21.26.009.12.01.05,Q21.26.009,Ca,STR D2 MSN,D2,18,2,0.1,17,0,0.0,Keep,,,-48.5,-49.125,-93.58115349495408,-49.125,90.03125762939453,51.46875381469727,-0.7162879197703346,-38.56250381469727,0.42756,-54.06250381469727,4.284152033700131,400.9158890614116,0.00102,1.02,0.00095,0.9999999999999998,0.2714499999999999,70.0
dSTR_plus_vSTR,Q21.26.021.14.07.01,Q21.26.021,Ca,STR D2 MSN,D2,18,2,0.1,17,0,0.0,Keep,,,-56.875,-60.31250381469727,-78.4301054750201,-60.31250381469727,94.37500762939452,53.65625381469727,0.2061052378650883,-40.71875381469727,0.20515,-60.65625381469727,6.261548197260652,491.09388554807487,0.001255,1.255,0.0010599999999999,0.9999999999999998,0.09153,140.0
dSTR_plus_vSTR,Q21.26.021.14.07.04,Q21.26.021,Ca,STR D2 MSN,D2,17,3,0.15,17,0,0.0,Keep,,,,-60.56250381469727,-65.75130674950282,-60.56250381469727,93.96875762939452,48.68750381469727,-0.6460494008763671,-45.28125381469727,0.13831,-61.09375,6.3865652631598095,419.9250116937398,0.001365,1.365,0.001195,0.9999999999999998,0.02187,110.0
dSTR_plus_vSTR,Q21.26.021.14.08.03,Q21.26.021,Ca,STR D2 MSN,D2,18,2,0.1,17,0,0.0,Keep,,1.853258955873904,,-48.34375,-87.81256678027809,-48.71875,100.59375,61.8125,-0.3179274641560913,-38.78125,0.4638549999999999,-54.46875,6.677164114723438,586.3389197270284,0.00107,1.07,0.0009749999999999,2.0,0.286765,200.0
dSTR_plus_vSTR,Q21.26.021.14.08.04,Q21.26.021,Ca,STR D2 MSN,D2,17,3,0.15,17,0,0.0,Keep,,,,-56.43750381469727,-69.87210238363188,-56.43750381469727,91.68750762939452,43.96875381469727,-0.8030365902056438,-47.71875381469727,0.36462,-63.40625,6.666534309606303,465.8047678248063,0.001275,1.275,0.0011849999999999,0.9999999999999998,0.201395,190.0
dSTR_plus_vSTR,Q21.26.023.13.02.02,Q21.26.023,Ca,STR D2 MSN,D2,18,2,0.1,17,0,0.0,Keep,,,-48.15625381469727,-50.34375,-87.91394166879748,-50.34375,72.43750190734863,30.81250190734864,0.3721618261341807,-41.625,0.366805,-51.6875,3.0416838190475666,267.4064138426729,0.0010649999999999,1.0649999999999,0.0009949999999999,0.9999999999999998,0.20669,249.9999847412109
dSTR_plus_vSTR,Q21.26.023.13.02.03,Q21.26.023,Ca,STR D2 MSN,D2,18,2,0.1,17,0,0.0,Keep,,,-52.78125381469727,-52.62500381469727,-109.4181999661064,-52.62500381469727,94.125,55.125,-0.458467297707282,-39.0,0.4986049999999999,-56.53125381469727,5.1920634054823225,568.1062319377681,0.000865,0.865,0.00076,0.9999999999999998,0.347285,270.0
dSTR_plus_vSTR,Q21.26.023.13.03.04,Q21.26.023,Ca,STR D2 MSN,D2,18,2,0.1,17,0,0.0,Keep,,3.573279019492237,,-55.53125381469727,-77.79425675228548,-56.18750381469727,92.93750381469728,49.125,-0.4167882588626397,-43.81250381469727,0.2551349999999999,-60.40625381469727,6.406011392662382,498.3508950388432,0.0010949999999999,1.0949999999999,0.0009799999999999,3.0,0.10765,70.0
dSTR_plus_vSTR,QM22.26.003.14.02.06,QM22.26.003,Ca,STR D2 MSN,D2,18,2,0.1,17,0,0.0,Keep,,,-57.21875381469727,-57.03125,-114.46026666350048,-57.03125,103.50000381469728,53.50000381469727,0.7089477518547953,-50.0,0.4378399999999999,-66.21875762939453,4.904908800669396,561.4171692847693,0.00082,0.82,0.00078,1.0,0.28032,90.0
dSTR_plus_vSTR,QM22.26.003.14.03.04,QM22.26.003,Ca,STR D2 MSN,D2,18,2,0.1,17,0,0.0,Keep,,,-47.28125381469727,-50.5,-95.39790531828945,-50.5,98.87500381469728,54.3125,1.596063703349617,-44.56250381469727,1.10994,-53.34375381469727,5.446372820252832,519.5725586345848,0.000925,0.925,0.0008699999999999,0.9999999999999998,0.9703000000000002,430.0
dSTR_plus_vSTR,QM22.26.030.14.02A.03,QM22.26.030,Ca,STR D2 MSN,D2,19,1,0.05,17,0,0.0,Keep,,2.999760019198464,-50.28125381469727,-50.78125381469727,-105.03818986349896,-51.96875381469727,99.06250762939452,54.53125381469727,-0.2929684524027377,-44.53125381469727,0.4433999999999999,-57.56250381469727,5.285457062456262,555.1748424416523,0.0008799999999999,0.8799999999999,0.0008199999999999,3.0,0.2591799999999999,220.0
dSTR_plus_vSTR,QM22.26.030.14.07A.03,QM22.26.030,Ca,STR D2 MSN,D2,18,2,0.1,17,0,0.0,Keep,,,-54.06250381469727,-53.96875381469727,-89.27810639840305,-53.96875381469727,91.46875,49.6875,0.4117712962048759,-41.78125,0.4522599999999999,-60.40625381469727,4.905465014105388,437.9506274629445,0.0010399999999999,1.0399999999999,0.0009399999999999,1.0,0.2788,150.0
dSTR_plus_vSTR,QM22.26.031.14.04A.07,QM22.26.031,Ca,STR D2 MSN,D2,0,20,1.0,0,17,1.0,Exclude,,,,,,,,,,,,,,,,,,,,
dSTR_plus_vSTR,QM22.26.031.14.02.06,QM22.26.031,Ca,STR D2 MSN,D2,19,1,0.05,17,0,0.0,Keep,,3.7512191462225215,-54.5625,-55.06250381469727,-97.3962144440708,-56.90625381469727,95.81250381469728,53.37500381469727,-0.1329908711925844,-42.4375,0.45164,-58.625,5.714412823340665,556.5621767640355,0.00094,0.94,0.00082,3.0,0.2924800000000001,119.99999237060548
dSTR_plus_vSTR,QM22.26.031.14.02.07,QM22.26.031,Ca,STR D2 MSN,D2,18,2,0.1,17,0,0.0,Keep,,2.2868642517380167,,-45.81250381469727,-80.75566798400106,-47.00000381469727,100.34375762939452,58.18750381469727,-1.2505707672099502,-42.15625381469727,0.5682199999999998,-54.53125381469727,6.456367837532295,521.388297470341,0.0009599999999999,0.9599999999999,0.0009399999999999,2.0000000000000004,0.3666400000000001,150.0
dSTR_plus_vSTR,QM22.26.031.14.04A.03,QM22.26.031,Ca,STR D2 MSN,D2,18,2,0.1,17,0,0.0,Keep,,,-49.15625381469727,-52.3125,-109.1670681534353,-52.3125,90.34375762939452,44.93750381469727,2.1574583915122565,-45.40625381469727,0.7724,-56.53125381469727,4.302526467764955,469.6942001384561,0.0008000000000001,0.8000000000001,0.0007599999999998,1.0,0.5838200000000002,290.0
dSTR_plus_vSTR,QM22.26.031.14.04A.05,QM22.26.031,Ca,STR D2 MSN,D2,19,1,0.05,17,0,0.0,Keep,,1.6112400103119358,-51.50000381469727,-53.28125,-111.22677761256956,-53.6875,90.62500381469728,46.84375381469727,1.4637614998395347,-43.78125,0.42446,-56.12500381469727,4.739838250601635,527.1969350192188,0.00084,0.8400000000000001,0.0007599999999999,2.0,0.2515,300.0
dSTR_plus_vSTR,QM22.26.031.14.04A.06,QM22.26.031,Ca,STR D2 MSN,D2,19,1,0.05,17,0,0.0,Keep,,3.457814661134164,-49.53125,-51.9375,-105.10944069281229,-51.9375,84.75000381469727,40.81250381469727,0.911432783639098,-43.9375,0.4339199999999999,-53.90625,3.998896892138303,420.3218157208823,0.00094,0.94,0.0008799999999999,3.0,0.2749,230.0
dSTR_plus_vSTR,QM22.26.031.14.04A.08,QM22.26.031,Ca,STR D2 MSN,D2,18,2,0.1,17,0,0.0,Keep,,2.473777953690876,,-44.93750381469727,-93.18431623837132,-45.12500381469727,89.65625762939453,49.81250381469727,-0.9161613680459698,-39.84375381469727,0.47884,-55.46875381469727,4.771977002142749,444.673414049905,0.0009,0.9,0.00084,2.0,0.29638,200.0
dSTR_plus_vSTR,QN21.26.028.14.01.01,QN21.26.028,Ca,STR D2 MSN,D2,17,3,0.15,17,0,0.0,Keep,,,,-48.12500381469727,-62.61864618677078,-48.12500381469727,82.00000762939453,47.90625381469727,-0.6237370606537915,-34.093753814697266,0.38572,-51.00000381469727,4.667557652145938,292.276141176081,0.00134,1.34,0.00116,1.0,0.23838,150.0
dSTR_plus_vSTR,QN21.26.029.14.03.04,QN21.26.029,Ca,STR D2 MSN,D2,17,3,0.15,17,0,0.0,Keep,,,,-45.65625381469727,-51.6622722390259,-45.65625381469727,77.59375381469727,42.56250381469727,-1.4847746661434584,-35.03125,1.0718,-46.8125,4.691386549187208,242.36768908261385,0.0015399999999998,1.5399999999998,0.0014,1.0,0.91158,180.0
dSTR_plus_vSTR,QN22.26.002.14.01.03,QN22.26.002,Ca,STR D2 MSN,D2,17,3,0.15,17,0,0.0,Keep,,,,-49.96875381469727,-56.85885242157679,-49.96875381469727,83.96875,44.25,-0.6730573162157287,-39.71875,0.5684450000000001,-55.00000381469727,4.273090235002447,242.963007056085,0.0014899999999999,1.4899999999999,0.0013299999999999,0.9999999999999998,0.387365,210.0
dSTR_plus_vSTR,QN22.26.002.14.01.04,QN22.26.002,Ca,STR D2 MSN,D2,18,2,0.1,17,0,0.0,Keep,,,-50.71875,-52.43750381469727,-70.74867758218254,-52.43750381469727,86.5625,45.46875,-0.1696226424829462,-41.09375,0.4466299999999999,-52.59375381469727,3.749762133237054,265.2907121742653,0.0012649999999999,1.2649999999999002,0.001105,0.9999999999999998,0.332495,370.0
dSTR_plus_vSTR,QN22.26.002.14.05.04,QN22.26.002,Ca,STR D2 MSN,D2,18,2,0.1,17,0,0.0,Keep,,104.27528675703812,,-48.5,-28.883340126403887,-49.96875381469727,78.8125057220459,20.12500190734864,-0.8911156480094348,-58.68750381469727,0.503755,-51.03125381469727,7.04804896288854,203.5711954226579,0.0020399999999999,2.0399999999999,0.002245,5.999999999999999,0.3856549999999999,59.999996185302734
dSTR_plus_vSTR,QN22.26.002.14.05.06,QN22.26.002,Ca,STR D2 MSN,D2,18,2,0.1,17,0,0.0,Keep,,70.0035001750088,,-48.75000381469727,-82.17040377953593,-50.37500381469727,102.84375762939452,48.62500381469727,-1.2631708217340274,-54.21875381469727,0.4496649999999999,-52.03125381469727,6.125572494480593,503.3407652522895,0.001035,1.035,0.0010799999999999,6.999999999999998,0.328585,110.0
dSTR_plus_vSTR,QN22.26.002.14.05.08,QN22.26.002,Ca,STR D2 MSN,D2,18,2,0.1,17,0,0.0,Keep,,62.20839813374868,,-53.46875381469727,-59.18457053784701,-54.40625,91.78125762939452,32.187503814697266,-1.0774919572526651,-59.59375381469727,0.6128100000000001,-56.71875,5.86343516677026,347.0248922218072,0.0013699999999998,1.3699999999998,0.0014549999999999,9.999999999999998,0.4882700000000001,140.0
dSTR_plus_vSTR,QN22.26.002.14.05.10,QN22.26.002,Ca,STR D2 MSN,D2,18,2,0.1,17,0,0.0,Keep,,50.54334091483434,,-48.06250381469727,-41.762764843822495,-55.59375,74.00000381469727,20.5,-0.1832269748919022,-53.50000381469727,0.4630899999999999,-56.56250381469727,5.9862199028402925,250.00109410572907,0.0015499999999999,1.5499999999999,0.00151,25.0,0.343735,32.0
dSTR_plus_vSTR,QN22.26.002.14.07.02,QN22.26.002,Ca,STR D2 MSN,D2,18,2,0.1,17,0,0.0,Keep,,12.26166390779228,,-53.00000381469727,-95.7478438128186,-52.15625,99.56250762939452,53.81250381469727,-0.8621850614872888,-45.75000381469727,0.78776,-54.71875,5.884432532185582,563.4217270187738,0.0008749999999999,0.8749999999999,0.00082,2.0,0.6528700000000001,46.0
dSTR_plus_vSTR,QN22.26.009.14.1A.03,QN22.26.009,Ca,STR D2 MSN,D2,18,2,0.1,17,0,0.0,Keep,,,-51.71875381469727,-54.18750381469727,-81.1651555684809,-54.18750381469727,77.37500762939453,40.71875381469727,0.4568674817916386,-36.65625381469727,0.364535,-54.28125381469727,3.999527468965226,324.6222692189752,0.0010949999999999,1.0949999999999,0.00095,0.9999999999999998,0.251555,360.0
dSTR_plus_vSTR,QN22.26.009.14.4A.05,QN22.26.009,Ca,STR D2 MSN,D2,18,2,0.1,17,0,0.0,Keep,,4.332849498472668,,-58.40625381469727,-101.89206391638284,-59.31250381469727,86.84375762939453,33.781253814697266,0.1894155680262861,-53.06250381469727,0.3411399999999999,-65.40625762939453,3.289092600464542,335.132433473435,0.000995,0.995,0.000955,3.999999999999999,0.18338,130.0
dSTR_plus_vSTR,QN22.26.009.14.4A.10,QN22.26.009,Ca,STR D2 MSN,D2,18,2,0.1,17,0,0.0,Keep,,,-56.21875381469727,-56.75000381469727,-92.26268660906123,-56.75000381469727,97.59375381469728,54.68750381469727,-0.1014983118445401,-42.90625,0.3790649999999999,-58.15625,6.194448209276299,571.5164338485198,0.000955,0.955,0.00086,0.9999999999999998,0.22726,190.0
dSTR_plus_vSTR,QN22.26.010.14.03.04,QN22.26.010,Ca,STR D2 MSN,D2,18,2,0.1,17,0,0.0,Keep,,,-58.71875381469727,-58.59375381469727,-90.59586139210349,-58.59375381469727,93.43750381469728,52.15625,0.7268094291001851,-41.28125381469727,0.78314,-61.00000381469727,5.503759418853343,498.61782544592137,0.001025,1.025,0.0008899999999998,0.9999999999999998,0.64165,150.0
dSTR_plus_vSTR,QN22.26.010.14.06.05,QN22.26.010,Ca,STR D2 MSN,D2,19,1,0.05,17,0,0.0,Keep,,3.4960756550771745,-53.03125,-53.96875381469727,-94.3149592986762,-54.96875381469727,91.5,49.78125,0.345676356508884,-41.71875,0.4115149999999999,-55.09375381469727,4.613348333501948,435.1077603048519,0.0009799999999999,0.9799999999999,0.00089,3.0,0.2983950000000001,260.0
dSTR_plus_vSTR,QN22.26.010.14.06.06,QN22.26.010,Ca,STR D2 MSN,D2,18,2,0.1,17,0,0.0,Keep,,2.31674543601149,,-59.96875381469727,-86.00904905597417,-60.18750381469727,104.06250762939452,54.59375381469727,-0.452948543531291,-49.46875381469727,0.279865,-63.18750381469727,5.812198886490261,499.9016991512193,0.0011849999999999,1.1849999999999,0.001085,2.0,0.1498399999999999,170.0
dSTR_plus_vSTR,QN22.26.010.14.07.01,QN22.26.010,Ca,STR D2 MSN,D2,19,1,0.05,17,0,0.0,Keep,,3.541515414445841,-51.78125381469727,-52.25,-84.45565381188752,-53.59375,91.65625762939452,50.28125381469727,0.1986829271090813,-41.37500381469727,0.4620749999999999,-55.78125381469727,5.578451612540975,471.13177819512623,0.001,1.0,0.000905,3.0,0.273845,160.0
dSTR_plus_vSTR,QN22.26.011.14.10A.06,QN22.26.011,Ca,STR D2 MSN,D2,19,1,0.05,17,0,0.0,Keep,,2.982848620432513,-54.53125381469727,-54.25,-87.38500855900094,-54.53125381469727,91.93750762939452,43.09375381469727,0.0475107759041023,-48.84375381469727,0.4469899999999999,-61.87500381469727,4.887111957334648,427.0603202204841,0.00107,1.07,0.00102,2.0,0.261455,190.0
dSTR_plus_vSTR,QN22.26.011.14.10A.07,QN22.26.011,Ca,STR D2 MSN,D2,18,2,0.1,17,0,0.0,Keep,,,-51.06250381469727,-51.03125381469727,-90.92384327370956,-51.03125381469727,97.12500381469728,51.18750381469727,0.1684381697930682,-45.9375,1.10916,-61.8125,6.210251533713666,564.6599371416958,0.00099,0.99,0.000955,0.9999999999999998,0.8548800000000001,230.0
dSTR_plus_vSTR,QN22.26.011.14.2A.08,QN22.26.011,Ca,STR D2 MSN,D2,18,2,0.1,17,0,0.0,Keep,,,-52.5625,-53.84375,-76.10170793849733,-53.84375,98.15625762939452,53.21875381469727,0.2402494131583941,-44.93750381469727,0.57826,-59.09375,6.135834648278324,466.9474963621895,0.00124,1.24,0.0011799999999999,1.0,0.38236,180.0
dSTR_plus_vSTR,QN22.26.011.14.4B.01,QN22.26.011,Ca,STR D2 MSN,D2,18,2,0.1,17,0,0.0,Keep,,,-54.68750381469727,-55.125,-95.62291905642172,-55.125,85.90625,46.25,-0.1324739132132524,-39.65625,0.5922000000000001,-60.87500381469727,4.796669869559763,458.6715746772901,0.0009799999999999,0.9799999999999,0.00086,1.0,0.4080000000000001,150.0
dSTR_plus_vSTR,QN22.26.011.14.55.03,QN22.26.011,Ca,STR D2 MSN,D2,17,3,0.15,17,0,0.0,Keep,,,,-39.71875,-73.82708087210213,-39.71875,80.09375762939453,46.46875381469727,-1.2475609642390024,-33.625003814697266,0.3868649999999999,-52.46875381469727,3.562291984731597,262.99361844682085,0.0010799999999999,1.0799999999999002,0.001,0.9999999999999998,0.2309149999999999,140.0
dSTR_plus_vSTR,QN22.26.011.14.55.05,QN22.26.011,Ca,STR D2 MSN,D2,18,2,0.1,17,0,0.0,Keep,,,-49.375,-49.00000381469727,-96.81816720682896,-49.00000381469727,91.71875762939452,57.06250381469727,-0.7686938884922756,-34.656253814697266,0.4086749999999999,-51.96875381469727,4.687359402316342,453.82154637196544,0.000975,0.975,0.0008599999999999,0.9999999999999998,0.264065,509.9999694824219
dSTR_plus_vSTR,QN22.26.011.14.5A.03,QN22.26.011,Ca,STR D2 MSN,D2,19,1,0.05,17,0,0.0,Keep,,2.350010575047587,-45.78125,-46.8125,-90.42804110643009,-47.75000381469727,100.65625762939452,57.93750381469727,1.200296885865934,-42.71875381469727,0.5998699999999999,-54.21875381469727,6.047534468691528,546.8666955273903,0.001,1.0,0.0009599999999999,2.0,0.3887899999999999,280.0
dSTR_plus_vSTR,QN22.26.011.14.5A.05,QN22.26.011,Ca,STR D2 MSN,D2,18,2,0.1,17,0,0.0,Keep,,,-50.28125381469727,-50.5,-68.15498006880576,-50.5,93.03125762939452,48.87500381469727,0.1690542052148496,-44.15625381469727,0.76108,-56.875,6.704465792776645,456.9427324786822,0.0011699999999998,1.1699999999998,0.0011100000000001,0.9999999999999998,0.5679350000000001,210.0
dSTR_plus_vSTR,QN22.26.011.14.6A.05,QN22.26.011,Ca,STR D2 MSN,D2,18,2,0.1,17,0,0.0,Keep,,2.656183595410114,,-47.96875381469727,-97.9497211962932,-49.09375381469727,108.56250762939452,61.06250381469727,0.0042331986328705,-47.50000381469727,0.4100399999999999,-64.46875762939453,6.067957473732626,594.3547427830745,0.00102,1.02,0.001,2.0,0.23834,210.0
dSTR_plus_vSTR,QN22.26.011.14.6A.09,QN22.26.011,Ca,STR D2 MSN,D2,19,1,0.05,17,0,0.0,Keep,,3.2028697713150973,-51.96875381469727,-51.56250381469727,-86.48601640992146,-52.12500381469727,105.31250381469728,59.75,-0.5358430199199985,-45.56250381469727,0.3993199999999999,-59.65625,7.143867460895724,617.8446384533315,0.0010999999999999,1.0999999999999002,0.00104,2.0,0.22828,320.0
dSTR_plus_vSTR,QN22.26.011.14.8B.02,QN22.26.011,Ca,STR D2 MSN,D2,18,2,0.1,17,0,0.0,Keep,,,-51.78125381469727,-53.81250381469727,-82.0140823824749,-53.81250381469727,95.96875762939452,50.62500381469727,0.6889930116327374,-45.34375381469727,0.962835,-59.40625381469727,5.723494598896432,469.4071575495421,0.0010449999999999,1.0449999999999,0.0009799999999999,0.9999999999999998,0.74899,230.0
dSTR_plus_vSTR,QN22.26.014.14.2A.04,QN22.26.014,Ca,STR D2 MSN,D2,18,2,0.1,17,0,0.0,Keep,,4.250526002592821,,-59.68750381469727,-103.62760124842691,-60.15625381469727,96.12500381469728,49.00000381469727,0.0430904235881276,-47.125,0.3230449999999999,-62.03125381469727,4.831752612687319,500.70293307860646,0.0009099999999999,0.9099999999999,0.0008300000000001,3.999999999999999,0.18961,230.0
dSTR_plus_vSTR,QN22.26.014.14.5A.01,QN22.26.014,Ca,STR D2 MSN,D2,18,2,0.1,17,0,0.0,Keep,,,-52.59375381469727,-52.37500381469727,-81.16606520742177,-52.37500381469727,87.21875381469727,44.59375,-0.3498071703893223,-42.62500381469727,1.077145,-56.96875381469727,4.414422162799309,358.30127711885655,0.0011499999999999,1.1499999999999,0.0010700000000001,0.9999999999999998,0.8921800000000002,110.0
dSTR_plus_vSTR,QN22.26.015.14.02A.08,QN22.26.015,Ca,STR D2 MSN,D2,18,2,0.1,17,0,0.0,Keep,,2.0216314565854647,,-51.06250381469727,-84.8483529846257,-51.40625381469727,97.56250381469728,47.125,0.0706676793096139,-50.43750381469727,0.4610349999999999,-64.84375,6.298068632815586,534.3807504785359,0.0010149999999999,1.0149999999999002,0.0010049999999999,2.0,0.264915,119.99999237060548
dSTR_plus_vSTR,QN22.26.016.14.04A.03,QN22.26.016,Ca,STR D2 MSN,D2,17,3,0.15,17,0,0.0,Keep,,,,-52.43750381469727,-80.7492668587712,-52.43750381469727,84.62500381469727,47.87500381469727,-0.0167291992955231,-36.75,0.3265599999999999,-53.03125,4.749582798559279,383.52532886869255,0.0010999999999999,1.0999999999999002,0.0009599999999999,1.0,0.21208,600.0
dSTR_plus_vSTR,QN22.26.016.14.04A.04,QN22.26.016,Ca,STR D2 MSN,D2,18,2,0.1,17,0,0.0,Keep,,,-58.18750381469727,-58.12500381469727,-76.00063243505367,-58.12500381469727,86.43750762939453,40.15625381469727,0.0317094411149576,-46.28125381469727,0.60178,-58.56250381469727,4.264554356504973,324.10882814804125,0.0012,1.2,0.0010799999999999,1.0,0.4874800000000001,340.0
dSTR_plus_vSTR,QN22.26.016.14.06A.01,QN22.26.016,Ca,STR D2 MSN,D2,19,1,0.05,17,0,0.0,Keep,,2.029797426216864,-45.75000381469727,-47.25000381469727,-86.74103217716772,-47.40625381469727,96.50000381469728,58.59375381469727,2.086745345727341,-37.90625,0.5685,-47.87500381469727,6.028339677888991,522.9044059746659,0.0009999999999998,0.9999999999998,0.00092,2.0,0.4191200000000001,390.0
dSTR_plus_vSTR,QN22.26.016.14.08.05,QN22.26.016,Ca,STR D2 MSN,D2,17,3,0.15,17,0,0.0,Keep,,,,-60.12500381469727,-84.2599463949369,-60.12500381469727,90.37500762939452,50.28125381469727,-0.6779010846692628,-40.09375381469727,0.1784199999999999,-60.53125,5.584878949128444,470.5816008757743,0.0010999999999999,1.0999999999999002,0.0009399999999999,1.0,0.06488,140.0
dSTR_plus_vSTR,QN22.26.017.14.01A.02,QN22.26.017,Ca,STR D2 MSN,D2,17,3,0.15,17,0,0.0,Keep,,,,-42.34375,-43.040081835001445,-42.34375,58.00000190734863,31.00000190734864,-0.5543864223058532,-27.0,0.34164,-45.28125381469727,4.520865452565878,194.57841904346623,0.00178,1.7799999999999998,0.0015399999999999,1.0,0.189,320.0
dSTR_plus_vSTR,QN22.26.017.14.03A.03,QN22.26.017,Ca,STR D2 MSN,D2,19,1,0.05,17,0,0.0,Keep,,2.0166982616061,-53.31250381469727,-54.96875381469727,-106.67827764496784,-54.90625381469727,99.87500381469728,54.81250381469727,0.0775196607821661,-45.0625,0.4008599999999999,-56.03125381469727,5.592134906448868,596.5593201782686,0.0008799999999999,0.8799999999999,0.0008,2.0,0.25372,330.0
dSTR_plus_vSTR,QN22.26.019.14.01A.01,QN22.26.019,Ca,STR D2 MSN,D2,0,20,1.0,0,17,1.0,Exclude,,,,,,,,,,,,,,,,,,,,
dSTR_plus_vSTR,QN22.26.019.14.01A.03,QN22.26.019,Ca,STR D2 MSN,D2,19,1,0.05,17,0,0.0,Keep,,3.3462722527104805,-53.09375381469727,-53.56250381469727,-87.93071335208002,-53.96875381469727,94.71875381469728,51.53125,-0.7064672125409192,-43.18750381469727,0.74624,-55.90625,5.201748140399875,457.3934246632167,0.00102,1.02,0.0009599999999998,2.0,0.5893400000000002,160.0
dSTR_plus_vSTR,QN22.26.019.14.04A.02,QN22.26.019,Ca,STR D2 MSN,D2,18,2,0.1,17,0,0.0,Keep,,,-57.62500381469727,-57.62500381469727,-73.27958014637329,-57.62500381469727,78.5625,24.0,0.1616371154931324,-54.5625,0.7902399999999998,-61.28125381469727,3.839678235048608,281.3700089615295,0.0012,1.2,0.00116,1.0,0.5915000000000001,150.0
dSTR_plus_vSTR,QN22.26.019.14.51A.01,QN22.26.019,Ca,STR D2 MSN,D2,18,2,0.1,17,0,0.0,Keep,,2.801591303860594,,-49.59375381469727,-93.20821368056222,-50.03125381469727,82.625,44.96875,0.3285540506806259,-37.65625,0.74918,-53.37500381469727,4.025871782821793,375.2443173837997,0.0008999999999999,0.8999999999999,0.0007999999999999,2.0,0.6128000000000002,330.0
dSTR_plus_vSTR,QN22.26.019.14.51A.02,QN22.26.019,Ca,STR D2 MSN,D2,18,2,0.1,17,0,0.0,Keep,,2.7379257474537275,,-44.8125,-75.05569699157827,-43.84375381469727,76.56250381469727,38.50000381469727,-1.153864140607564,-38.0625,0.3797799999999999,-57.84375381469727,4.407179720077955,330.78394565759976,0.00096,0.96,0.00092,2.0,0.21814,110.0
dSTR_plus_vSTR,QN22.26.020.14.01.02,QN22.26.020,Ca,STR D2 MSN,D2,18,2,0.1,17,0,0.0,Keep,,4.075311761349743,,-46.53125381469727,-97.99185524809609,-48.37500381469727,89.46875381469727,53.71875381469727,-0.2638673431183421,-35.75,0.3296999999999999,-55.31250381469727,4.488981043825227,439.8835806579689,0.00092,0.92,0.00082,4.0,0.1725,100.0
dSTR_plus_vSTR,QN22.26.020.14.03.04,QN22.26.020,Ca,STR D2 MSN,D2,19,1,0.05,17,0,0.0,Keep,,3.520383017672323,-49.09375381469727,-48.65625,-61.960889000370734,-50.03125381469727,80.03125381469727,40.59375,-0.437663388099782,-39.43750381469727,0.5942799999999999,-50.62500381469727,4.5971458863418055,284.8432459821356,0.0012799999999999,1.2799999999999,0.00116,2.0000000000000004,0.48002,210.0
dSTR_plus_vSTR,QN22.26.020.14.04.05,QN22.26.020,Ca,STR D2 MSN,D2,18,2,0.1,17,0,0.0,Keep,,,-43.50000381469727,-44.15625381469727,-71.26041406185713,-44.15625381469727,70.34375762939453,37.75000381469727,-0.6819873820381247,-32.593753814697266,0.96242,-47.625,3.802481545228852,270.96640937557834,0.0011399999999999,1.1399999999999,0.0010400000000001,1.0,0.7897800000000001,190.0
dSTR_plus_vSTR,QN22.26.020.14.04.06,QN22.26.020,Ca,STR D2 MSN,D2,19,1,0.05,17,0,0.0,Keep,,3.4508937814894045,-49.25000381469727,-49.9375,-79.92952234349549,-50.43750381469727,74.78125381469727,31.312503814697266,0.6430325680000912,-43.46875,0.53748,-55.28125,3.5082312963317923,280.41125178630216,0.00108,1.08,0.00104,2.0,0.33636,90.0
dSTR_plus_vSTR,QN22.26.021.14.04A.01,QN22.26.021,Ca,STR D2 MSN,D2,18,2,0.1,17,0,0.0,Keep,,,-47.625,-49.0625,-66.9109077463077,-49.0625,85.06250381469727,44.56250381469727,0.1189976291967074,-40.5,0.2201599999999999,-49.59375381469727,3.946434274392696,264.05949966075644,0.00134,1.34,0.00128,1.0,0.10584,100.0
dSTR_plus_vSTR,QN22.26.023.14.05A.01,QN22.26.023,Ca,STR D2 MSN,D2,19,1,0.05,17,0,0.0,Keep,,4.485109436670255,-46.40625,-46.68750381469727,-66.40230276857883,-46.09375,64.96875190734863,24.93750190734864,-0.4836544314321282,-40.03125,0.5235400000000001,-47.03125381469727,3.01983582883647,200.5240530178015,0.00134,1.34,0.00126,3.0,0.37928,140.0
dSTR_plus_vSTR,QN22.26.023.14.05A.03,QN22.26.023,Ca,STR D2 MSN,D2,18,2,0.1,17,0,0.0,Keep,,2.722273642946588,,-51.09375381469727,-64.1400510170301,-50.875,77.21875762939453,37.62500381469727,-0.6640845954465144,-39.59375381469727,0.38094,-55.31250381469727,5.795438068174759,371.7196933587674,0.00124,1.24,0.00112,2.0,0.1953599999999999,100.0
dSTR_plus_vSTR,QN22.26.023.14.06A.03,QN22.26.023,Ca,STR D2 MSN,D2,17,3,0.15,17,0,0.0,Keep,,,,-50.15625,-86.04713477014886,-50.15625,88.50000381469727,49.125,-0.8026986762600574,-39.37500381469727,0.4692399999999999,-59.40625381469727,4.101462731110926,352.9191163786447,0.00104,1.0399999999999998,0.0009599999999999,1.0,0.30352,220.0
dSTR_plus_vSTR,QN22.26.025.14.03A.01,QN22.26.025,Ca,STR D2 MSN,D2,19,1,0.05,17,0,0.0,Keep,,2.5815778603882698,-46.62500381469727,-48.28125381469727,-94.47997061524072,-48.84375381469727,84.78125762939453,44.06250381469727,1.1187762680401403,-40.71875381469727,0.6272800000000001,-49.59375381469727,4.273593397540987,403.7689786211592,0.0009599999999998,0.9599999999998,0.00092,2.0,0.4745800000000001,239.9999847412109
dSTR_plus_vSTR,QN22.26.025.14.03A.02,QN22.26.025,Ca,STR D2 MSN,D2,18,2,0.1,17,0,0.0,Keep,,,-52.03125381469727,-51.75000381469727,-80.53866705992628,-51.75000381469727,90.75,48.8125,-0.6833929370209817,-41.9375,0.4422399999999999,-58.71875381469727,6.332713762318674,510.02832528919686,0.0009799999999999,0.9799999999999,0.0009,1.0000000000000002,0.274,300.0
dSTR_plus_vSTR,QN22.26.025.14.03B.04,QN22.26.025,Ca,STR D2 MSN,D2,19,1,0.05,17,0,0.0,Keep,,3.780718336483933,-50.46875381469727,-51.81250381469727,-103.66543234592888,-51.34375381469727,100.90625,58.21875,0.6607205531861169,-42.6875,0.49752,-54.59375381469727,5.839834156691353,605.3889326819321,0.0008799999999999,0.8799999999999,0.0007999999999999,3.0,0.3149200000000001,130.0
dSTR_plus_vSTR,QN22.26.025.14.06A.01,QN22.26.025,Ca,STR D2 MSN,D2,18,2,0.1,17,0,0.0,Keep,,,-60.40625381469727,-59.93750381469727,-79.4162321707675,-59.93750381469727,86.53125762939453,39.90625381469727,-0.8378128539542299,-46.62500381469727,0.68282,-64.06250762939453,4.412422201372551,350.4179459796516,0.0012199999999999,1.2199999999999,0.00112,1.0,0.5181600000000002,59.999996185302734
dSTR_plus_vSTR,QN22.26.025.14.06A.02,QN22.26.025,Ca,STR D2 MSN,D2,19,1,0.05,17,0,0.0,Keep,,2.3072308615200035,-51.15625381469727,-50.96875,-78.57493119867745,-51.59375,98.31250762939452,56.96875381469727,-0.8264015791349784,-41.34375381469727,0.3768799999999999,-54.06250381469727,5.635431104715307,442.8036113278921,0.0011999999999999,1.1999999999999,0.0010999999999999,2.0,0.20082,170.0
dSTR_plus_vSTR,QN22.26.027.14.05.04,QN22.26.027,Ca,STR D2 MSN,D2,18,2,0.1,17,0,0.0,Keep,,,-42.75,-45.0,-83.80975091313164,-45.0,89.9062557220459,58.90625381469727,0.5648370426106233,-31.00000190734864,0.3218799999999999,-45.375,5.224593503441827,437.8718801458253,0.00104,1.0399999999999998,0.00092,1.0000000000000002,0.2084399999999999,290.0
dSTR_plus_vSTR,QN22.26.028.14.02.02,QN22.26.028,Ca,STR D2 MSN,D2,18,2,0.1,17,0,0.0,Keep,,,-40.46875381469727,-42.78125381469727,-100.72869083855258,-42.78125381469727,92.06250381469728,60.40625381469727,1.2475334022216278,-31.65625,1.02216,-43.34375381469727,4.385580895074468,441.75382212741874,0.0009599999999998,0.9599999999998,0.00086,1.0,0.8485200000000002,170.0
dSTR_plus_vSTR,QN22.26.028.14.02.03,QN22.26.028,Ca,STR D2 MSN,D2,17,3,0.15,17,0,0.0,Keep,,,,-46.06250381469727,-95.03140966734928,-46.06250381469727,92.4375,52.15625,-0.5830548489486166,-40.28125,0.62322,-55.84375,4.342121168803891,412.63789561787206,0.001,1.0,0.00096,1.0000000000000002,0.4466599999999999,290.0
dSTR_plus_vSTR,QN22.26.028.14.05.01,QN22.26.028,Ca,STR D2 MSN,D2,17,3,0.15,17,0,0.0,Keep,,,,-49.40625381469727,-70.68212854824056,-49.40625381469727,89.59375381469727,53.78125381469727,-0.4002244235607127,-35.8125,0.1901,-50.15625,5.409237722933546,382.3364360803809,0.00126,1.26,0.00112,1.0,0.0739,170.0
dSTR_plus_vSTR,QN22.26.028.14.06.03,QN22.26.028,Ca,STR D2 MSN,D2,17,3,0.15,17,0,0.0,Keep,,,,-42.46875381469727,-91.05339772037792,-42.46875381469727,97.21875762939452,56.34375381469727,-0.8238863629563585,-40.87500381469727,0.63186,-53.09375381469727,5.401179524094262,491.7957473665164,0.00094,0.94,0.00094,0.9999999999999996,0.4025999999999999,170.0
dSTR_plus_vSTR,QN22.26.036.14.07A.01,QN22.26.036,Ca,STR D2 MSN,D2,18,2,0.1,17,0,0.0,Keep,,,-43.84375381469727,-45.90625381469727,-107.23704617757674,-45.90625381469727,93.84375381469728,59.78125381469727,0.7864728013318603,-34.0625,0.9088,-60.56250381469727,5.157698970266124,553.0964026444684,0.00086,0.86,0.00078,1.0,0.6415000000000002,230.0
dSTR_plus_vSTR,QN22.26.037.14.05A.03,QN22.26.037,Ca,STR D2 MSN,D2,19,1,0.05,17,0,0.0,Keep,,2.616978959489165,-44.21875381469727,-47.59375381469727,-108.18795973880346,-48.15625381469727,91.84375381469728,57.53125381469727,1.1645217351910468,-34.3125,0.5911600000000001,-48.15625381469727,4.800026230730509,519.3050445954729,0.00086,0.86,0.0007599999999998,2.0,0.4788200000000002,460.0
dSTR_plus_vSTR,QN23.26.001.14.18A.03,QN23.26.001,Ca,STR D2 MSN,D2,18,2,0.1,17,0,0.0,Keep,,2.4447486798357123,,-48.96875,-92.77865058067914,-50.5,95.68750762939452,51.62500381469727,-0.2056309685351494,-44.06250381469727,0.63228,-62.34375381469727,5.098332601738644,473.0164190007944,0.0009599999999998,0.9599999999998,0.00092,2.0,0.4649799999999999,170.0
dSTR_plus_vSTR,QN23.26.010.14.07A.02,QN23.26.010,Ca,STR D2 MSN,D2,17,3,0.15,17,0,0.0,Keep,,,,-56.625,-109.0238796449809,-56.625,91.37500381469728,46.46875381469727,0.214387295736794,-44.90625,0.7433399999999999,-61.15625381469727,3.762072780555192,410.1557700429079,0.0008400000000001,0.8400000000001,0.00078,1.0,0.5958000000000001,150.0
dSTR_plus_vSTR,QN23.26.015.14.14A.01,QN23.26.015,Ca,STR D2 MSN,D2,18,2,0.1,17,0,0.0,Keep,,2.79876854184159,,-53.50000381469727,-99.89224767151222,-54.68750381469727,97.81250762939452,50.37500381469727,-0.4318307319518,-47.43750381469727,0.3980999999999999,-59.65625,5.207297535262474,520.1686550916942,0.0008799999999999,0.8799999999999,0.00082,2.0,0.2357599999999999,210.0
dSTR_plus_vSTR,QN23.26.016.14.03A.05,QN23.26.016,Ca,STR D2 MSN,D2,19,1,0.05,17,0,0.0,Keep,,2.9195375452528327,-43.75000381469727,-44.15625381469727,-67.47800298504,-44.96875,73.875,36.3125,-0.7323897162306218,-37.5625,0.68472,-46.96875,4.075291712608702,274.9925463483188,0.0011399999999999,1.1399999999999,0.0010799999999999,2.0000000000000004,0.51594,310.0
dSTR_plus_vSTR,QN23.26.016.14.09A.04,QN23.26.016,Ca,STR D2 MSN,D2,19,1,0.05,17,0,0.0,Keep,,6.747638326585703,-49.71875381469727,-51.65625381469727,-87.72398106934818,-52.18750381469727,85.15625381469727,39.875,0.4628654237726327,-45.28125381469727,0.4371599999999999,-52.50000381469727,4.34125331148757,380.83202331418073,0.00104,1.0399999999999998,0.001,2.0,0.3241,190.0
dSTR_plus_vSTR,QN23.26.019.14.02A.05,QN23.26.019,Ca,STR D2 MSN,D2,18,2,0.1,17,0,0.0,Keep,,,-55.65625381469727,-60.75000381469727,-110.57844795188262,-60.75000381469727,100.43750762939452,52.84375381469727,0.6159903093724107,-47.59375381469727,0.6821999999999999,-60.81250381469727,4.315932043613949,477.2490668486275,0.00092,0.92,0.0008399999999999,1.0,0.5695599999999998,340.0
dSTR_plus_vSTR,QN24.26.001.14.02A.04,QN24.26.001,Ca,STR D2 MSN,D2,0,20,1.0,0,17,1.0,Exclude,,,,,,,,,,,,,,,,,,,,
dSTR_plus_vSTR,QN24.26.003.41.05.01B.01,QN24.26.003,Ca,STR D2 MSN,D2,18,2,0.1,17,0,0.0,Keep,,,-52.68750381469727,-55.4375,-95.20276937004374,-55.4375,71.34375,30.75,0.2926584115267173,-40.59375,0.9691,-55.71875381469727,2.7543313629922657,262.2199735196309,0.00106,1.06,0.0009399999999999,1.0,0.85562,100.0
dSTR_plus_vSTR,QN24.26.005.14d.02.01A.02,QN24.26.005,Ca,STR D2 MSN,D2,19,1,0.05,17,0,0.0,Keep,,4.3271311120726965,-47.81250381469727,-50.53125381469727,-77.1359834910362,-53.09375381469727,80.81250762939453,34.500003814697266,0.3071617421508447,-46.31250381469727,0.3584199999999999,-53.21875381469727,4.139983607145827,319.341707173961,0.00114,1.14,0.0010799999999999,3.9999999999999982,0.2449,230.0
dSTR_plus_vSTR,QN24.26.012.14V.03A.01,QN24.26.012,Ca,STR D2 MSN,D2,18,2,0.1,17,0,0.0,Keep,,,-52.46875381469727,-52.78125381469727,-84.25940660136507,-52.78125381469727,90.90625381469728,50.25,0.2092797409256806,-40.65625381469727,0.54284,-56.25000381469727,5.761709734092418,485.4782432039361,0.0009999999999999,0.9999999999999,0.0009,1.0,0.38904,230.0
dSTR_plus_vSTR,QN24.26.012.14V.03A.02,QN24.26.012,Ca,STR D2 MSN,D2,18,2,0.1,17,0,0.0,Keep,,,-52.90625381469727,-52.96875,-92.04374325005094,-52.96875,92.03125762939452,48.68750381469727,-0.036129237755808,-43.34375381469727,0.3884199999999999,-58.34375381469727,5.032104103315245,463.17369809307615,0.0009599999999999,0.9599999999999,0.0009,1.0,0.21348,110.0
dSTR_plus_vSTR,QN24.26.012.14V.03A.05,QN24.26.012,Ca,STR D2 MSN,D2,18,2,0.1,17,0,0.0,Keep,,,-51.75000381469727,-51.84375,-79.76137586431705,-51.84375,77.21875,32.625,0.4423279603293805,-44.59375,0.9248999999999998,-57.34375,3.62056338967847,288.7811173647302,0.0011800000000001,1.1800000000001,0.0010999999999998,1.0,0.74272,170.0
dSTR_plus_vSTR,QN24.26.013.14v.01A.02,QN24.26.013,Ca,STR D2 MSN,D2,18,2,0.1,17,0,0.0,Keep,,1.9944156362185883,,-49.375,-82.69727384716558,-50.90625381469727,88.03125762939453,41.65625381469727,-0.4616527194822241,-46.37500381469727,0.5866399999999998,-57.00000381469727,4.551526318514486,376.3988183847738,0.001,1.0,0.0009599999999999,2.0,0.33008,190.0
dSTR_plus_vSTR,QN24.26.017.14v.04A.05,QN24.26.017,Ca,STR D2 MSN,D2,19,1,0.05,17,0,0.0,Keep,,15.105740181268876,-41.78125,-41.53125381469727,-76.27771830028723,-44.84375381469727,95.78125762939452,54.12500381469727,-0.1589990072261702,-41.65625381469727,0.2514999999999999,-45.15625,6.117033227109064,466.59333733092217,0.0010999999999999,1.0999999999999002,0.00106,6.000000000000001,0.13798,270.0
dSTR_plus_vSTR,QN24.26.017.15.01.01A.03,QN24.26.017,Ca,STR D2 MSN,D2,18,2,0.1,17,0,0.0,Keep,,2.2269730981649745,,-51.25000381469727,-101.5683433501565,-52.40625,93.53125762939452,48.84375381469727,-0.4591386462083973,-44.68750381469727,0.51484,-58.15625,4.92635255680399,500.36146795338897,0.0009,0.9,0.00082,2.0000000000000004,0.35696,350.0
dSTR_plus_vSTR,QN24.26.017.15.02.01A.02,QN24.26.017,Ca,STR D2 MSN,D2,17,3,0.15,17,0,0.0,Keep,,,,-51.31250381469727,-76.02795031693468,-51.31250381469727,77.40625381469727,39.0,-0.0134148713122649,-38.40625381469727,0.44086,-58.09375381469727,4.394002762447722,334.06702371584913,0.00106,1.06,0.0009399999999999,1.0,0.28624,350.0
dSTR_plus_vSTR,QN24.26.017.15.02.01A.04,QN24.26.017,Ca,STR D2 MSN,D2,18,2,0.1,17,0,0.0,Keep,,1.3803003533568905,,-55.46875381469727,-95.97850661014851,-55.50000381469727,97.15625,51.375,-0.2403197326619461,-45.78125,0.39128,-61.09375,6.933069771403203,665.4256828832433,0.0009399999999999,0.9399999999999,0.0008599999999999,2.0,0.2472999999999999,270.0
dSTR_plus_vSTR,QN24.26.017.15.03A.05,QN24.26.017,Ca,STR D2 MSN,D2,17,3,0.15,17,0,0.0,Keep,,,,-44.84375381469727,-42.401224790498176,-44.84375381469727,65.6250057220459,31.43750190734864,0.0813808962099112,-34.187503814697266,0.4094,-49.375,3.989676637674371,169.16717595542994,0.00164,1.64,0.00148,1.0000000000000002,0.26324,400.0
dSTR_plus_vSTR,QN25.26.003.15.07.06,QN25.26.003,Ca,STR D2 MSN,D2,18,2,0.1,17,0,0.0,Keep,,,-46.37500381469727,-51.00000381469727,-70.27000607045781,-51.00000381469727,84.7500057220459,54.78125381469727,0.1596017966582333,-29.96875190734864,0.1330199999999999,-51.15625381469727,7.115600688616309,500.0133035840218,0.0013,1.3,0.00104,1.0,0.01944,230.0
dSTR_plus_vSTR,QN25.26.003.15.08.03,QN25.26.003,Ca,STR D2 MSN,D2,18,2,0.1,17,0,0.0,Keep,,,-56.03125381469727,-55.96875381469727,-103.73891625458444,-55.96875381469727,91.8125,45.46875,0.6324403613949484,-46.34375,0.4276799999999999,-61.18750381469727,4.91337884308399,509.708596329737,0.0008599999999999,0.8599999999999001,0.0008199999999999,0.9999999999999996,0.27024,220.0
dSTR_plus_vSTR,Q21.26.019.13.01.02,Q21.26.019,Ca,STR Hybrid MSN,Hybrid,17,3,0.15,17,0,0.0,Keep,,,,-44.56250381469727,-55.44064570452985,-44.56250381469727,81.25000762939453,39.59375381469727,-0.4987164502604471,-41.65625381469727,0.35206,-56.28125381469727,5.853551698081264,324.52468580647246,0.0012199999999999,1.2199999999999,0.0011799999999999,0.9999999999999998,0.167325,90.0
dSTR_plus_vSTR,Q21.26.021.14.07.02,Q21.26.021,Ca,STR Hybrid MSN,Hybrid,17,3,0.15,17,0,0.0,Keep,,,,-43.375,-65.21967153306937,-43.375,93.43750381469728,58.28125381469727,-0.865431310585809,-35.15625,0.2790799999999999,-50.53125381469727,6.129810645024451,399.7842368284068,0.001325,1.325,0.0011999999999999,0.9999999999999998,0.10074,140.0
dSTR_plus_vSTR,Q21.26.021.14.07.03,Q21.26.021,Ca,STR Hybrid MSN,Hybrid,17,3,0.15,17,0,0.0,Keep,,,,-44.125,-65.12628779826566,-44.125,94.87500381469728,54.28125381469727,-0.9506583756909088,-40.59375,0.2440549999999999,-53.90625,6.368915213771935,414.7838051748637,0.00129,1.2899999999999998,0.00124,0.9999999999999998,0.0743,150.0
dSTR_plus_vSTR,Q21.26.023.13.04.02,Q21.26.023,Ca,STR Hybrid MSN,Hybrid,17,3,0.15,17,0,0.0,Keep,,,,-47.43750381469727,-38.09502815011837,-47.43750381469727,75.96875381469727,33.937503814697266,-0.9461122219727804,-42.03125,0.2903349999999999,-56.21875381469727,7.426928473330197,282.92904926042945,0.001645,1.645,0.0015549999999999,0.9999999999999998,0.12529,90.0
dSTR_plus_vSTR,QM22.26.003.14.01.05,QM22.26.003,Ca,STR Hybrid MSN,Hybrid,17,3,0.15,17,0,0.0,Keep,,,,-52.0,-94.51521720233556,-52.0,99.12500762939452,51.15625381469727,-0.9078313717810108,-47.96875381469727,0.2174399999999999,-63.8125,5.618753299344618,531.0576884938962,0.00092,0.92,0.0008799999999999,1.0,0.0670399999999999,170.0
dSTR_plus_vSTR,QM22.26.003.14.01.06,QM22.26.003,Ca,STR Hybrid MSN,Hybrid,18,2,0.1,17,0,0.0,Keep,,3.5821750967187294,,-49.50000381469727,-90.37276592319104,-49.18750381469727,93.03125381469728,52.15625,-2.5609739735588644,-40.87500381469727,0.67668,-62.375,5.432621190875116,490.9610032323243,0.00092,0.92,0.0008399999999999,2.0,0.5258600000000002,150.0
dSTR_plus_vSTR,QN22.26.002.3A.02.01,QN22.26.002,Ca,STR Hybrid MSN,Hybrid,0,20,1.0,0,17,1.0,Exclude,,,,,,,,,,,,,,,,,,,,
dSTR_plus_vSTR,QN22.26.002.14.03.03,QN22.26.002,Ca,STR Hybrid MSN,Hybrid,18,2,0.1,17,0,0.0,Keep,,4.305148958153952,,-48.8125,-97.85922939057365,-49.75000381469727,103.28125762939452,54.18750381469727,-1.338496999166646,-49.09375381469727,0.57978,-56.68750381469727,5.648936327857448,552.8005559205467,0.00086,0.86,0.00086,3.0,0.39826,29.999998092651367
dSTR_plus_vSTR,QN22.26.011.14.7B.03,QN22.26.011,Ca,STR Hybrid MSN,Hybrid,17,3,0.15,17,0,0.0,Keep,,,,-44.03125,-61.76296207960784,-44.03125,79.81250381469727,41.46875,-0.3041228434037151,-38.34375381469727,0.5627,-54.5625,5.069787950827704,313.12512095862417,0.0011799999999999,1.1799999999999,0.00112,0.9999999999999998,0.4099800000000002,190.0
dSTR_plus_vSTR,QN22.26.014.14.6A.02,QN22.26.014,Ca,STR Hybrid MSN,Hybrid,18,2,0.1,17,0,0.0,Keep,,3.405356625972653,,-41.46875,-76.57591757547377,-41.59375381469727,94.06250381469728,56.03125381469727,-1.211274288242828,-38.03125,0.3645049999999999,-53.06250381469727,5.529361239024492,423.4159104845591,0.0010599999999999,1.0599999999999,0.0010199999999999,3.0,0.198315,150.0
dSTR_plus_vSTR,QN22.26.015.14.02A.03,QN22.26.015,Ca,STR Hybrid MSN,Hybrid,18,2,0.1,17,0,0.0,Keep,,3.419563321763811,,-45.50000381469727,-63.795200444512055,-46.31250381469727,74.78125381469727,32.500003814697266,-0.6213158821156182,-42.28125,0.561585,-61.34375,4.33188148276201,276.35324749467253,0.00116,1.16,0.00112,3.0,0.4006949999999999,80.0
dSTR_plus_vSTR,QN22.26.028.14.04.02,QN22.26.028,Ca,STR Hybrid MSN,Hybrid,18,2,0.1,17,0,0.0,Keep,,4.192872117400419,,-39.84375381469727,-53.936141180832536,-42.96875381469727,79.25000381469727,43.28125381469727,-0.5823582278318755,-35.96875,0.51286,-50.84375381469727,5.714191722723292,308.20145149114813,0.0012999999999999,1.2999999999999,0.0012199999999999,3.0000000000000004,0.3542999999999999,170.0
dSTR_plus_vSTR,Q19.26.016.11.03.02,Q19.26.016,DS,STR D1 MSN,D1,0,20,1.0,0,17,1.0,Exclude,,,,,,,,,,,,,,,,,,,,
dSTR_plus_vSTR,Q19.26.019.11.09.01,Q19.26.019,DS,STR D1 MSN,D1,0,20,1.0,0,17,1.0,Exclude,,,,,,,,,,,,,,,,,,,,
dSTR_plus_vSTR,Q19.26.019.11.11.01,Q19.26.019,DS,STR D1 MSN,D1,0,20,1.0,0,17,1.0,Exclude,,,,,,,,,,,,,,,,,,,,
dSTR_plus_vSTR,Q19.26.019.11.01.02,Q19.26.019,DS,STR D1 MSN,D1,12,8,0.4,12,5,0.29411764705882354,Keep,,,,,-92.68292572,-56.83124924,98.95624924,52.90625,,-46.04999924,0.00246,-56.85625076,5.157307974,477.9943918,0.00098,0.98,,,,250.0
dSTR_plus_vSTR,Q20.26.004.11.02.01,Q20.26.004,DS,STR D1 MSN,D1,12,8,0.4,12,5,0.29411764705882354,Keep,,,,,-94.12310943,-58.91875076,86.77499771,44.0,,-42.77499771,0.0023,-58.96249771,4.404332412,414.5494616,0.00096,0.96,,,,250.0
dSTR_plus_vSTR,Q20.26.004.11.05.03,Q20.26.004,DS,STR D1 MSN,D1,12,8,0.4,12,5,0.29411764705882354,Keep,,,,,-330.4953596,-58.88124847,83.22499847,36.44374847,,-46.78125,0.00646,-60.13124847,1.805681062,596.7692119,0.0003,0.3,,,,150.0
dSTR_plus_vSTR,Q20.26.007.12.09.01,Q20.26.007,DS,STR D1 MSN,D1,0,20,1.0,0,17,1.0,Exclude,,,,,,,,,,,,,,,,,,,,
dSTR_plus_vSTR,Q20.26.008.12.02.02,Q20.26.008,DS,STR D1 MSN,D1,0,20,1.0,0,17,1.0,Exclude,,,,,,,,,,,,,,,,,,,,
dSTR_plus_vSTR,Q20.26.008.12.03.01,Q20.26.008,DS,STR D1 MSN,D1,0,20,1.0,0,17,1.0,Exclude,,,,,,,,,,,,,,,,,,,,
dSTR_plus_vSTR,Q20.26.008.12.03.02,Q20.26.008,DS,STR D1 MSN,D1,0,20,1.0,0,17,1.0,Exclude,,,,,,,,,,,,,,,,,,,,
dSTR_plus_vSTR,Q20.26.008.12.05.01,Q20.26.008,DS,STR D1 MSN,D1,0,20,1.0,0,17,1.0,Exclude,,,,,,,,,,,,,,,,,,,,
dSTR_plus_vSTR,Q20.26.008.12.08.03,Q20.26.008,DS,STR D1 MSN,D1,0,20,1.0,0,17,1.0,Exclude,,,,,,,,,,,,,,,,,,,,
dSTR_plus_vSTR,Q20.26.008.12.11.02,Q20.26.008,DS,STR D1 MSN,D1,0,20,1.0,0,17,1.0,Exclude,,,,,,,,,,,,,,,,,,,,
dSTR_plus_vSTR,Q20.26.008.12.02.03,Q20.26.008,DS,STR D1 MSN,D1,12,8,0.4,12,5,0.29411764705882354,Keep,,,,,-82.94261728,-54.73749924,93.72499847,49.3125,,-44.41249847,0.10908,-58.625,5.798077637,480.9077344,0.00104,1.0399999999999998,,,,300.0
dSTR_plus_vSTR,Q20.26.008.12.08.04,Q20.26.008,DS,STR D1 MSN,D1,12,8,0.4,12,5,0.29411764705882354,Keep,,,,,-89.85300907,-49.79999924,91.83124924,51.32500076,,-40.50624847,0.04722,-53.03125,4.972304885,446.7765559,0.00096,0.96,,,,150.0
dSTR_plus_vSTR,Q20.26.009.12.08.01,Q20.26.009,DS,STR D1 MSN,D1,0,20,1.0,0,17,1.0,Exclude,,,,,,,,,,,,,,,,,,,,
dSTR_plus_vSTR,Q20.26.009.12.09.04,Q20.26.009,DS,STR D1 MSN,D1,0,20,1.0,0,17,1.0,Exclude,,,,,,,,,,,,,,,,,,,,
dSTR_plus_vSTR,Q20.26.009.12.02.04,Q20.26.009,DS,STR D1 MSN,D1,12,8,0.4,12,5,0.29411764705882354,Keep,,,,,-95.49915272,-52.76250076,84.11874771,41.58749771,,-42.53125,0.00196,-52.85625076,3.722365715,355.4827719,0.00092,0.92,,,,400.0
dSTR_plus_vSTR,QN22.26.014.14.1A.07,QN22.26.014,DS,STR D1 MSN,D1,18,2,0.1,17,0,0.0,Keep,,,-53.65625381469727,-53.6875,-89.43565055598583,-53.6875,84.25000381469727,54.93750381469727,-0.4665977396710005,-29.3125,0.3212099999999999,-57.15625381469727,5.670861694959475,507.1772049017212,0.00099,0.99,0.00082,0.9999999999999998,0.17054,210.0
dSTR_plus_vSTR,QN22.26.021.14.07A.04,QN22.26.021,DS,STR D1 MSN,D1,17,3,0.15,17,0,0.0,Keep,,,,-47.46875,-92.11193462468134,-47.46875,95.75000381469728,59.34375,-0.3433825181678425,-36.40625381469727,0.8407800000000001,-51.09375381469727,5.656419808498184,521.0237716101373,0.0009799999999999,0.9799999999999,0.0008999999999999,1.0,0.6896200000000001,200.0
dSTR_plus_vSTR,QN22.26.036.14.52B.02,QN22.26.036,DS,STR D1 MSN,D1,18,2,0.1,17,0,0.0,Keep,,,-48.93750381469727,-49.81250381469727,-100.8808845601231,-49.81250381469727,84.71875762939453,50.53125381469727,-0.565322671557871,-34.187503814697266,1.0000399999999998,-51.09375381469727,4.132762216599422,416.9167080872047,0.00092,0.92,0.00082,1.0000000000000002,0.8493999999999999,230.0
dSTR_plus_vSTR,QN24.26.004.14.07A.03,QN24.26.004,DS,STR D1 MSN,D1,17,3,0.15,17,0,0.0,Keep,,,,-58.00000381469727,-86.13537156400392,-58.00000381469727,89.0,46.09375,-1.246079971406819,-42.90625,0.1819399999999999,-60.15625381469727,5.173540382367629,445.6248231366147,0.0009799999999999,0.9799999999999,0.0008799999999999,1.0,0.05898,180.0
dSTR_plus_vSTR,QN24.26.017.15.02.01B.02.01,QN24.26.017,DS,STR D1 MSN,D1,0,20,1.0,0,17,1.0,Exclude,,,,,,,,,,,,,,,,,,,,
dSTR_plus_vSTR,Q19.26.016.11.03.01,Q19.26.016,DS,STR D2 MSN,D2,0,20,1.0,0,17,1.0,Exclude,,,,,,,,,,,,,,,,,,,,
dSTR_plus_vSTR,Q19.26.016.11.03.03,Q19.26.016,DS,STR D2 MSN,D2,0,20,1.0,0,17,1.0,Exclude,,,,,,,,,,,,,,,,,,,,
dSTR_plus_vSTR,Q19.26.016.11.03.04,Q19.26.016,DS,STR D2 MSN,D2,0,20,1.0,0,17,1.0,Exclude,,,,,,,,,,,,,,,,,,,,
dSTR_plus_vSTR,Q19.26.016.11.02.01,Q19.26.016,DS,STR D2 MSN,D2,12,8,0.4,12,5,0.29411764705882354,Keep,,,,,-99.46438709,-65.33750153,99.43749619,48.36874771,,-51.06874847,0.00246,-65.36249542,5.594478492,556.4513743,0.00094,0.94,,,,150.0
dSTR_plus_vSTR,Q19.26.016.11.05.02,Q19.26.016,DS,STR D2 MSN,D2,12,8,0.4,12,5,0.29411764705882354,Keep,,,,,-86.30448023,-59.375,94.22499847,54.125,,-40.09999847,0.00266,-59.46249771,5.466415823,471.7761764,0.00112,1.12,,,,350.0
dSTR_plus_vSTR,Q19.26.019.11.11.02,Q19.26.019,DS,STR D2 MSN,D2,0,20,1.0,0,17,1.0,Exclude,,,,,,,,,,,,,,,,,,,,
dSTR_plus_vSTR,Q20.26.004.11.04.02,Q20.26.004,DS,STR D2 MSN,D2,0,20,1.0,0,17,1.0,Exclude,,,,,,,,,,,,,,,,,,,,
dSTR_plus_vSTR,Q20.26.008.12.08.01,Q20.26.008,DS,STR D2 MSN,D2,0,20,1.0,0,17,1.0,Exclude,,,,,,,,,,,,,,,,,,,,
dSTR_plus_vSTR,Q20.26.008.12.08.02,Q20.26.008,DS,STR D2 MSN,D2,12,8,0.4,12,5,0.29411764705882354,Keep,,,,,-88.09898881,-56.14374924,89.40625,48.76874924,,-40.63750076,0.00244,-56.28125,5.247546949,462.30358,0.00098,0.98,,,,200.0
dSTR_plus_vSTR,Q20.26.009.12.09.02,Q20.26.009,DS,STR D2 MSN,D2,0,20,1.0,0,17,1.0,Exclude,,,,,,,,,,,,,,,,,,,,
dSTR_plus_vSTR,Q20.26.009.12.01.01,Q20.26.009,DS,STR D2 MSN,D2,12,8,0.4,12,5,0.29411764705882354,Keep,,,,,-90.10169944,-56.3125,104.6437492,55.04999924,,-49.59375,0.04618,-56.86874771,5.973234159,538.1985489,0.00102,1.02,,,,200.0
dSTR_plus_vSTR,Q20.26.009.12.01.05,Q20.26.009,DS,STR D2 MSN,D2,12,8,0.4,12,5,0.29411764705882354,Keep,,,,,-68.67805483,-49.33124924,100.3499985,56.54999924,,-43.79999924,0.09734,-54.58124924,7.092656481,487.1098507,0.00118,1.1800000000000002,,,,200.0
dSTR_plus_vSTR,Q20.26.009.12.05.03,Q20.26.009,DS,STR D2 MSN,D2,12,8,0.4,12,5,0.29411764705882354,Keep,,,,,-103.2105396,-58.81874847,90.92499924,47.5625,,-43.36249924,0.0024,-58.98125076,4.222269875,435.7827521,0.00098,0.98,,,,200.0
dSTR_plus_vSTR,Q20.26.009.12.06.03,Q20.26.009,DS,STR D2 MSN,D2,12,8,0.4,12,5,0.29411764705882354,Keep,,,,,-71.47953334,-52.36874771,94.18749619,50.50624847,,-43.68124771,0.0027,-52.40625,5.274539626,377.0216311,0.00116,1.16,,,,250.0
dSTR_plus_vSTR,Q21.26.003.12.01.01,QM21.26.003,DS,STR D2 MSN,D2,0,20,1.0,0,17,1.0,Exclude,,,,,,,,,,,,,,,,,,,,
dSTR_plus_vSTR,QN22.26.020.14.07A.07,QN22.26.020,DS,STR D2 MSN,D2,19,1,0.05,17,0,0.0,Keep,,2.401306310632984,-54.15625,-55.93750381469727,-108.5065155033852,-56.50000381469727,93.21875381469728,47.78125,1.201032435481373,-45.43750381469727,0.53268,-57.5,4.820242660473419,523.0277349687377,0.0008199999999999,0.8199999999999,0.0007399999999999,2.0,0.36422,200.0
dSTR_plus_vSTR,QN22.26.021.14.06A.01,QN22.26.021,DS,STR D2 MSN,D2,0,20,1.0,0,17,1.0,Exclude,,,,,,,,,,,,,,,,,,,,
dSTR_plus_vSTR,QN24.26.017.15.06A.01,QN24.26.017,DS,STR D2 MSN,D2,18,2,0.1,17,0,0.0,Keep,,2.966478789676654,,-47.50000381469727,-68.16656311673026,-48.78125381469727,80.28125381469727,47.53125,-1.2720143608629877,-32.750003814697266,0.48464,-54.96875381469727,4.930093401813657,336.0675230461061,0.0011999999999999,1.1999999999999,0.00102,2.0,0.33736,210.0
dSTR_plus_vSTR,Q19.26.014.11.05.03,Q19.26.014,DS,STR Hybrid MSN,Hybrid,12,8,0.4,12,5,0.29411764705882354,Keep,,,,,-100.3059576,-51.375,98.59375,56.01250076,,-42.58124924,0.03212,-55.39374924,4.151291207,416.3992397,0.00094,0.94,,,,150.0
dSTR_plus_vSTR,Q20.26.009.12.09.05,Q20.26.009,DS,STR Hybrid MSN,Hybrid,0,20,1.0,0,17,1.0,Exclude,,,,,,,,,,,,,,,,,,,,
dSTR_plus_vSTR,QM25.26.013.14v.09.01.01,QM25.26.013,DS,STR Hybrid MSN,Hybrid,18,2,0.1,17,0,0.0,Keep,,2.94811320754717,,-40.03125,-74.54609604809083,-39.28125381469727,87.8125,49.125,-1.0599803241515162,-38.6875,0.40756,-52.8125,4.715847291132424,351.54800511288664,0.00112,1.12,0.0010999999999999,2.0,0.2022,70.0
dSTR_plus_vSTR,QN22.26.036.14.52A.01,QN22.26.036,DS,STR Hybrid MSN,Hybrid,17,3,0.15,17,0,0.0,Keep,,,,-41.34375381469727,-87.7296193208789,-41.34375381469727,91.37500381469728,51.90625381469727,-1.231384300848693,-39.46875,0.4939399999999999,-58.75000381469727,5.117274231771203,448.9365203138306,0.0009399999999999,0.9399999999999,0.0009,0.9999999999999996,0.31706,70.0
dSTR_plus_vSTR,Q21.26.006.14.02.01,Q21.26.006,NAC,STR D1 MSN,D1,0,20,1.0,0,17,1.0,Exclude,,,,,,,,,,,,,,,,,,,,
dSTR_plus_vSTR,Q21.26.006.14.02.05,Q21.26.006,NAC,STR D1 MSN,D1,0,20,1.0,0,17,1.0,Exclude,,,,,,,,,,,,,,,,,,,,
dSTR_plus_vSTR,Q21.26.006.14.01.04,Q21.26.006,NAC,STR D1 MSN,D1,19,1,0.05,17,0,0.0,Keep,,2.3150559664779893,-50.09375,-50.31250381469727,-88.14341610990533,-51.40625381469727,90.75000762939452,49.56250381469727,0.3745034089636668,-41.18750381469727,0.6197300000000001,-54.15625,3.9289939396073015,346.31494771210265,0.001055,1.055,0.000955,2.0,0.461175,280.0
dSTR_plus_vSTR,Q21.26.021.14.01.04,Q21.26.021,NAC,STR D1 MSN,D1,17,3,0.15,17,0,0.0,Keep,,,,-47.75000381469727,-33.952354483771046,-47.75000381469727,73.90625381469727,36.40625381469727,-0.6022481817186411,-37.5,0.2177499999999999,-48.46875381469727,4.013078467591228,136.25346270284606,0.0021149999999999,2.1149999999999,0.001855,0.9999999999999998,0.099455,59.999996185302734
dSTR_plus_vSTR,Q21.26.021.14.03.01,Q21.26.021,NAC,STR D1 MSN,D1,17,3,0.15,17,0,0.0,Keep,,,,-48.5,-47.55199976824796,-48.5,77.62500190734863,47.21875,0.021916961882907,-30.40625190734864,0.326675,-49.75000381469727,3.912047685395183,186.0256906292867,0.0020499999999999,2.0499999999999,0.001595,0.9999999999999998,0.20288,90.0
dSTR_plus_vSTR,Q21.26.021.14.03.02,Q21.26.021,NAC,STR D1 MSN,D1,17,3,0.15,17,0,0.0,Keep,,,,-45.0,-31.57584246991467,-45.0,73.56250762939453,35.937503814697266,-0.4950527094205168,-37.62500381469727,0.4608799999999999,-53.90625,3.794583301074293,119.81716455369066,0.0022799999999999,2.2799999999999003,0.0020949999999999,0.9999999999999998,0.181805,50.0
dSTR_plus_vSTR,Q21.26.021.14.03.04,Q21.26.021,NAC,STR D1 MSN,D1,17,3,0.15,17,0,0.0,Keep,,,,-44.15625381469727,-50.13441776635244,-44.15625381469727,80.90625381469727,49.56250381469727,-0.1481354280604095,-31.34375,0.2457299999999999,-46.06250381469727,5.231389724303979,262.272677936859,0.001805,1.805,0.0015199999999999,0.9999999999999998,0.103155,340.0
dSTR_plus_vSTR,Q21.26.021.14.03.05,Q21.26.021,NAC,STR D1 MSN,D1,17,3,0.15,17,0,0.0,Keep,,,,-41.5625,-48.407373531780486,-41.5625,88.06250762939453,55.31250381469727,-0.7015842943044471,-32.750003814697266,0.3846699999999999,-45.18750381469727,5.874584604532466,284.37321129565004,0.0017199999999999,1.7199999999999,0.001545,0.9999999999999998,0.19578,90.0
dSTR_plus_vSTR,Q21.26.021.14.03.06,Q21.26.021,NAC,STR D1 MSN,D1,17,3,0.15,17,0,0.0,Keep,,,,-33.90625,-33.726431677987314,-33.90625,64.4687557220459,35.375003814697266,-1.2395380720296398,-29.09375190734864,0.13716,-37.28125381469727,2.5605039152766405,86.35666035979663,0.0019,1.9,0.0017749999999999,0.9999999999999998,0.01449,110.0
dSTR_plus_vSTR,QN21.26.028.14.02.01,QN21.26.028,NAC,STR D1 MSN,D1,17,3,0.15,17,0,0.0,Keep,,,,-43.0,-55.76213171524992,-43.0,83.78125381469727,47.87500381469727,-0.363556318848757,-35.90625,0.47886,-51.03125381469727,4.879560356591435,272.0946873167635,0.0014199999999999,1.4199999999999,0.0013199999999999,1.0,0.25656,150.0
dSTR_plus_vSTR,QN21.26.028.14.02.03,QN21.26.028,NAC,STR D1 MSN,D1,17,3,0.15,17,0,0.0,Keep,,,,-38.25000381469727,-37.707321547071565,-38.25000381469727,81.25000381469727,46.34375,-0.7011303680112584,-34.906253814697266,0.4798799999999999,-46.12500381469727,5.412989737376106,204.1093445582393,0.0020799999999999,2.0799999999999,0.0019599999999999,1.0,0.23092,80.0
dSTR_plus_vSTR,QN21.26.028.14.02.05,QN21.26.028,NAC,STR D1 MSN,D1,17,3,0.15,17,0,0.0,Keep,,,,-42.53125,-69.62074978796126,-42.53125,83.71875381469727,47.03125381469727,-0.884261900944065,-36.6875,0.34764,-53.09375381469727,4.005101256598435,278.83815246108884,0.0011999999999999,1.1999999999999,0.0010999999999999,1.0,0.13672,170.0
dSTR_plus_vSTR,QN21.26.028.14.02.06,QN21.26.028,NAC,STR D1 MSN,D1,17,3,0.15,17,0,0.0,Keep,,,,-37.09375,-24.61196760157208,-37.09375,69.90625381469727,37.84375381469727,-0.2493828826460012,-32.0625,0.8283800000000001,-49.40625381469727,6.069698945013641,149.38723378597197,0.00286,2.8600000000000003,0.00262,1.0,0.38606,59.999996185302734
dSTR_plus_vSTR,QN21.26.029.14.01.01,QN21.26.029,NAC,STR D1 MSN,D1,0,20,1.0,0,17,1.0,Exclude,,,,,,,,,,,,,,,,,,,,
dSTR_plus_vSTR,QN21.26.029.14.02.01,QN21.26.029,NAC,STR D1 MSN,D1,17,3,0.15,17,0,0.0,Keep,,,,-47.00000381469727,-60.51818870792197,-47.00000381469727,75.81250381469727,37.06250381469727,0.238990622031587,-38.75,0.1973999999999999,-50.03125381469727,3.9328674886212656,238.01001683963293,0.0014399999999999,1.4399999999998998,0.00126,1.0,0.05834,450.0
dSTR_plus_vSTR,QN22.26.002.14.02.03,QN22.26.002,NAC,STR D1 MSN,D1,19,1,0.05,17,0,0.0,Keep,,2.3479965719250053,-40.53125,-40.75,-105.74275151714905,-41.75000381469727,84.5000057220459,53.50000381469727,-0.0559716995862543,-31.00000190734864,0.6325400000000001,-42.78125381469727,3.4421348619679986,363.9808113975982,0.0008099999999999,0.8099999999999,0.0007299999999998,2.0,0.4818550000000001,360.0
dSTR_plus_vSTR,QN22.26.002.14.04.02,QN22.26.002,NAC,STR D1 MSN,D1,17,3,0.15,17,0,0.0,Keep,,,,-44.78125381469727,-42.00794611773637,-44.78125381469727,55.84375190734863,32.40625,-1.98918551186982,-23.43750190734864,0.84656,-50.34375,2.818988590041442,118.41992079697452,0.0019599999999999,1.9599999999999005,0.0012999999999998,1.0,0.6647000000000001,260.0
dSTR_plus_vSTR,QN22.26.002.14.04.03,QN22.26.002,NAC,STR D1 MSN,D1,18,2,0.1,17,0,0.0,Keep,,5.4147714966428415,,-51.6875,-79.46115142992477,-54.50000381469727,88.28125381469727,48.31250381469727,-0.0060863295331891,-39.96875,0.3890799999999999,-54.59375381469727,4.490737662950233,356.8391854677549,0.0010999999999999,1.0999999999999002,0.0009599999999999,3.0,0.27554,220.0
dSTR_plus_vSTR,QN22.26.011.14.10A.02,QN22.26.011,NAC,STR D1 MSN,D1,18,2,0.1,17,0,0.0,Keep,,,-38.21875,-38.1875,-72.40105817018687,-38.1875,80.37500190734863,53.28125,-0.1948729328065419,-27.09375190734864,0.2480799999999999,-38.50000381469727,3.559278526621644,257.6955316498307,0.001105,1.105,0.0009949999999999,0.9999999999999998,0.133795,270.0
dSTR_plus_vSTR,QN22.26.011.14.2A.03,QN22.26.011,NAC,STR D1 MSN,D1,17,3,0.15,17,0,0.0,Keep,,,,-44.34375,-38.63062334724718,-44.34375,78.06250381469727,40.28125,-1.5082335538896958,-37.78125381469727,0.4101999999999999,-51.87500381469727,4.454050412168382,172.06274384212782,0.00212,2.12,0.0019799999999999,1.0,0.20166,80.0
dSTR_plus_vSTR,QN22.26.011.14.2A.04,QN22.26.011,NAC,STR D1 MSN,D1,17,3,0.15,17,0,0.0,Keep,,,,-42.40625381469727,-69.02409112813847,-42.40625381469727,86.62500762939453,51.34375381469727,0.5784293148854301,-35.281253814697266,0.3454,-46.84375381469727,4.092773677166079,282.4999832595578,0.0011999999999999,1.1999999999999,0.0011000000000001,1.0,0.1707,90.0
dSTR_plus_vSTR,QN22.26.011.14.6A.03,QN22.26.011,NAC,STR D1 MSN,D1,17,3,0.15,17,0,0.0,Keep,,,,-41.71875,-67.15866855879685,-41.71875,84.75000381469727,48.34375,-0.8631276636560361,-36.40625381469727,0.8708,-53.1875,5.031460564032925,337.90619238654426,0.0013199999999999,1.3199999999999,0.0012199999999999,1.0,0.6573600000000002,140.0
dSTR_plus_vSTR,QN22.26.020.14.02.03,QN22.26.020,NAC,STR D1 MSN,D1,18,2,0.1,17,0,0.0,Keep,,,-50.96875,-54.03125381469727,-106.41298575416413,-54.03125381469727,81.25000381469727,45.28125381469727,1.7152458583737389,-35.96875,0.8263400000000001,-54.40625,4.068555095372948,432.9470954039533,0.00082,0.82,0.0006999999999999,1.0,0.7139200000000001,310.0
dSTR_plus_vSTR,QN22.26.034.14.03.03,QN22.26.034,NAC,STR D1 MSN,D1,17,3,0.15,17,0,0.0,Keep,,,,-44.15625381469727,-64.3326676810339,-44.15625381469727,82.50000762939453,47.03125381469727,-0.3557487043315025,-35.468753814697266,0.3212399999999999,-47.03125381469727,4.0406447963948215,259.94545890356693,0.0013,1.3,0.0011999999999999,1.0000000000000002,0.17062,140.0
dSTR_plus_vSTR,QN23.26.005.14.01.04,QN23.26.005,NAC,STR D1 MSN,D1,18,2,0.1,17,0,0.0,Keep,,,-37.53125381469727,-38.9375,-64.21646756352274,-38.9375,80.1562557220459,52.06250381469727,-0.4249355544739344,-28.09375190734864,0.3850399999999999,-40.65625381469727,4.160871507299621,267.1964701844921,0.00124,1.24,0.00112,1.0000000000000002,0.21692,160.0
dSTR_plus_vSTR,QN23.26.008.14.02.02,QN23.26.008,NAC,STR D1 MSN,D1,18,2,0.1,17,0,0.0,Keep,,,-48.5625,-48.21875381469727,-71.13905646605166,-48.21875381469727,77.03125,38.75,-1.1447520501028985,-38.28125,0.6983600000000001,-52.46875381469727,4.030206949882502,286.7051197775652,0.0011800000000001,1.1800000000001,0.0010799999999999,1.0,0.5493400000000002,200.0
dSTR_plus_vSTR,QN23.26.008.14.02.05,QN23.26.008,NAC,STR D1 MSN,D1,18,2,0.1,17,0,0.0,Keep,,,-45.96875381469727,-46.1875,-59.64853546920861,-46.1875,67.06250762939453,32.500003814697266,-0.00616913398978,-34.562503814697266,0.2861399999999999,-46.53125381469727,3.071011015741831,183.18130949880697,0.00126,1.26,0.00112,1.0000000000000002,0.1711199999999999,150.0
dSTR_plus_vSTR,QN23.26.010.14.02A.01,QN23.26.010,NAC,STR D1 MSN,D1,19,1,0.05,17,0,0.0,Keep,,15.037593984962406,-39.93750381469727,-39.8125,-55.818704297848456,-44.4375,62.8437557220459,24.90625190734864,0.766633253591153,-37.93750381469727,0.24172,-44.46875381469727,3.79088129275292,211.6020819084207,0.00124,1.24,0.0011599999999999,8.0,0.12826,440.0
dSTR_plus_vSTR,QN23.26.010.14.02A.03,QN23.26.010,NAC,STR D1 MSN,D1,19,1,0.05,17,0,0.0,Keep,,2.0198755756645386,-49.90625381469727,-50.62500381469727,-48.20563700824546,-50.96875,61.34375381469727,20.21875,0.0011448691306969,-41.12500381469727,0.80942,-60.25000381469727,4.001503077193679,192.8950048265757,0.0014599999999999,1.4599999999999,0.0013199999999999,2.0000000000000004,0.44628,150.0
dSTR_plus_vSTR,QN23.26.010.14.03A.02,QN23.26.010,NAC,STR D1 MSN,D1,18,2,0.1,17,0,0.0,Keep,,,-45.40625381469727,-46.00000381469727,-55.0255733695797,-46.00000381469727,74.06250381469727,39.15625,0.7044949049714065,-34.906253814697266,0.91056,-49.09375381469727,4.051903558823419,222.9583165624992,0.0013199999999999,1.3199999999999,0.0012,1.0,0.7165800000000002,130.0
dSTR_plus_vSTR,QN23.26.010.14.03A.04,QN23.26.010,NAC,STR D1 MSN,D1,18,2,0.1,17,0,0.0,Keep,,,-43.46875,-43.34375381469727,-75.43730779988073,-43.34375381469727,81.28125381469727,47.00000381469727,-0.5864993470095744,-34.28125,0.4232199999999999,-48.37500381469727,3.263924094894689,246.2216465820177,0.0010799999999999,1.0799999999999002,0.001,1.0000000000000002,0.2641599999999999,190.0
dSTR_plus_vSTR,QN23.26.010.14.03A.06,QN23.26.010,NAC,STR D1 MSN,D1,18,2,0.1,17,0,0.0,Keep,,,-46.71875381469727,-47.3125,-62.7797762418866,-47.3125,92.65625381469728,50.68750381469727,-0.5863908055549947,-41.96875,0.4446199999999999,-50.21875381469727,4.902666946175423,307.7883338693866,0.0012599999999999,1.2599999999999,0.0011999999999999,1.0,0.26444,150.0
dSTR_plus_vSTR,QN23.26.018.14.04A.01,QN23.26.018,NAC,STR D1 MSN,D1,18,2,0.1,17,0,0.0,Keep,,,-45.78125,-47.9375,-64.68431410403225,-47.9375,72.03125,36.625,0.0609086667707644,-35.40625,0.64184,-48.1875,3.827889842398914,247.60442892136587,0.0011999999999998,1.1999999999998,0.00106,1.0,0.5279600000000002,239.9999847412109
dSTR_plus_vSTR,QN23.26.018.14.04A.02,QN23.26.018,NAC,STR D1 MSN,D1,19,1,0.05,17,0,0.0,Keep,,2.8985507246376803,-43.34375381469727,-43.18750381469727,-68.9026051982652,-43.15625,63.06250190734863,26.75000190734864,-0.5560651882273941,-36.3125,0.7333999999999999,-48.15625381469727,2.5660534221205324,176.80776586202842,0.0011799999999999,1.1799999999999,0.0011000000000001,1.9999999999999991,0.5735399999999999,210.0
dSTR_plus_vSTR,QN23.26.018.14.05A.04,QN23.26.018,NAC,STR D1 MSN,D1,18,2,0.1,17,0,0.0,Keep,,,-51.21875,-51.00000381469727,-65.04623884695563,-51.00000381469727,78.34375,40.6875,-0.7724814991128054,-37.65625,0.6282999999999999,-52.53125381469727,4.175651002693782,271.6103924627496,0.0012,1.2,0.00106,1.0000000000000002,0.47938,260.0
dSTR_plus_vSTR,QN24.26.003.14.01.03,QN24.26.003,NAC,STR D1 MSN,D1,18,2,0.1,17,0,0.0,Keep,,,-52.59375381469727,-52.40625,-60.27795735603506,-52.40625,82.43750381469727,39.12500381469727,-0.5697355621170872,-43.3125,0.54968,-57.87500381469727,4.570543958563797,275.5030538281922,0.00136,1.36,0.00124,1.0,0.3666400000000001,110.0
dSTR_plus_vSTR,QN24.26.012.14V.06A.04,QN24.26.012,NAC,STR D1 MSN,D1,17,3,0.15,16,1,0.058823529411764705,Keep,,1.3759321940614766,,,-89.1783082104485,-45.78125,85.65625381469727,53.50000381469727,0.4689616213520792,-32.15625,0.3961,-46.53125381469727,3.3295433339805696,296.9230416377635,0.001,1.0,0.0008799999999999,2.0000000000000004,0.2724799999999999,220.0
dSTR_plus_vSTR,QN24.26.012.14V.05A.07,QN24.26.012,NAC,STR D1 MSN,D1,18,2,0.1,17,0,0.0,Keep,,,-52.84375381469727,-53.37500381469727,-98.44478594761804,-53.37500381469727,93.1875,50.5,0.3974118604930122,-42.6875,0.7616,-57.5,4.983073712840899,490.5576250218247,0.00092,0.92,0.0008399999999999,1.0,0.6174800000000003,400.0
dSTR_plus_vSTR,QN24.26.012.14V.06A.01,QN24.26.012,NAC,STR D1 MSN,D1,18,2,0.1,17,0,0.0,Keep,,1.5091606048715704,,-42.15625381469727,-61.07942649548941,-42.125,79.15625,45.15625,-0.1034887688823391,-34.0,0.4323999999999999,-49.46875381469727,4.142412637439753,253.01618820248777,0.00132,1.32,0.0011999999999999,2.0,0.2448599999999999,180.0
dSTR_plus_vSTR,QN24.26.012.14V.06A.02,QN24.26.012,NAC,STR D1 MSN,D1,18,2,0.1,17,0,0.0,Keep,,,-50.34375,-50.28125381469727,-69.0853461447693,-50.28125381469727,82.18750381469727,44.00000381469727,-0.939192377383702,-38.1875,1.09024,-54.0,3.585565217407939,247.71001416927248,0.0013199999999999,1.3199999999999,0.00116,1.0,0.9003000000000001,160.0
dSTR_plus_vSTR,QN24.26.012.14V.07A.01,QN24.26.012,NAC,STR D1 MSN,D1,18,2,0.1,17,0,0.0,Keep,,,-44.4375,-47.43750381469727,-78.78982285262748,-47.43750381469727,78.21875381469727,41.875,0.6569409645036528,-36.34375381469727,0.93958,-48.5,3.839224227616867,302.4917967854485,0.0010000000000001,1.0000000000001,0.00092,1.0000000000000002,0.7768,239.9999847412109
dSTR_plus_vSTR,QN24.26.013.14v.02A.02,QN24.26.013,NAC,STR D1 MSN,D1,18,2,0.1,17,0,0.0,Keep,,,-40.03125,-41.9375,-67.19636296063146,-41.9375,68.12500762939453,36.25000381469727,0.2332178953717443,-31.875003814697266,0.9698599999999998,-42.1875,3.010454208817096,202.2915736920341,0.0012399999999999,1.2399999999999,0.0011400000000001,1.0,0.85624,230.0
dSTR_plus_vSTR,QN24.26.014.14v.01A.01,QN24.26.014,NAC,STR D1 MSN,D1,18,2,0.1,17,0,0.0,Keep,,,-51.03125381469727,-50.90625381469727,-65.45902212779795,-50.90625381469727,74.78125190734863,30.84375190734864,-0.4824986610565328,-43.9375,0.6369199999999999,-55.4375,3.710323897711557,242.87417412159832,0.0012199999999999,1.2199999999999,0.00116,1.0,0.44904,119.99999237060548
dSTR_plus_vSTR,QN24.26.014.14v.01A.02,QN24.26.014,NAC,STR D1 MSN,D1,18,2,0.1,17,0,0.0,Keep,,,-47.25000381469727,-48.75000381469727,-69.04676500941481,-48.75000381469727,75.0625,34.875,0.9416839876859708,-40.1875,0.99868,-52.03125381469727,3.745883376835815,258.6411292730557,0.0011399999999999,1.1399999999999,0.00106,1.0000000000000002,0.78566,200.0
dSTR_plus_vSTR,QN24.26.014.14v.01A.03,QN24.26.014,NAC,STR D1 MSN,D1,18,2,0.1,17,0,0.0,Keep,,,-47.125,-48.93750381469727,-87.90642284197969,-48.93750381469727,76.71875762939453,36.56250381469727,0.3537574728456618,-40.15625381469727,0.95542,-49.18750381469727,3.377856144745227,296.9352505593533,0.00102,1.02,0.0009400000000001,0.9999999999999996,0.8422400000000001,190.0
dSTR_plus_vSTR,QN25.26.004.14v.03A.01,QN25.26.004,NAC,STR D1 MSN,D1,18,2,0.1,17,0,0.0,Keep,,,-46.96875,-48.12500381469727,-72.74932994576504,-48.12500381469727,96.00000381469728,54.78125381469727,0.3346742066525467,-41.21875,1.03584,-52.28125381469727,4.619533801328304,336.067988708447,0.0012400000000001,1.2400000000001,0.0011799999999999,1.0000000000000002,0.8556599999999999,290.0
dSTR_plus_vSTR,QN25.26.004.14v.04A.01,QN25.26.004,NAC,STR D1 MSN,D1,17,3,0.15,17,0,0.0,Keep,,,,-47.28125381469727,-91.28532708495368,-47.28125381469727,85.37500381469727,46.78125381469727,-0.3324930274804188,-38.59375,0.50078,-55.75,3.669755514874955,334.99483249717287,0.0009799999999999,0.9799999999999,0.0009,1.0,0.34386,170.0
dSTR_plus_vSTR,QM25.26.006.14v.10A.01,QM25.26.006,NAC,STR D2 MSN,D2,17,3,0.15,17,0,0.0,Keep,,,,-50.90625381469727,-50.115083374460994,-50.90625381469727,70.03125190734863,30.25000190734864,-0.7405467274881926,-39.78125,0.4593799999999999,-56.50000381469727,4.458814886791352,223.45387980283647,0.0015399999999999,1.5399999999999,0.0012999999999999,1.0,0.30582,249.9999847412109
dSTR_plus_vSTR,QN22.26.002.14.02.02,QN22.26.002,NAC,STR D2 MSN,D2,18,2,0.1,17,0,0.0,Keep,,,-47.18750381469727,-47.65625381469727,-91.39392921421344,-47.65625381469727,85.34375762939453,46.06250381469727,0.146669900981527,-39.28125381469727,0.836775,-55.09375381469727,4.295457192707528,392.5787106129958,0.0009149999999999,0.9149999999999,0.0008400000000001,0.9999999999999998,0.4871800000000001,350.0
dSTR_plus_vSTR,QN22.26.002.14.02.04,QN22.26.002,NAC,STR D2 MSN,D2,18,2,0.1,17,0,0.0,Keep,,4.571951080123442,,-48.53125381469727,-67.86388240836206,-49.71875381469727,91.21875762939452,43.65625381469727,-0.4627520580710135,-47.56250381469727,0.53657,-56.0625,5.881024465583931,399.1091527730882,0.0011299999999999,1.1299999999999,0.0011099999999999,3.0,0.3743000000000001,150.0
dSTR_plus_vSTR,QN22.26.002.14.02.05,QN22.26.002,NAC,STR D2 MSN,D2,18,2,0.1,17,0,0.0,Keep,,,-43.375,-44.00000381469727,-106.46784570979716,-44.00000381469727,88.93750762939453,49.25000381469727,0.6306122282184289,-39.68750381469727,0.973495,-47.375,3.2897406528920814,350.2516002573616,0.000825,0.825,0.0007950000000001,0.9999999999999998,0.7967900000000001,110.0
dSTR_plus_vSTR,QN22.26.002.14.02.07,QN22.26.002,NAC,STR D2 MSN,D2,18,2,0.1,17,0,0.0,Keep,,5.8024834629221305,,-44.71875381469727,-76.87371480495366,-46.93750381469727,81.43750762939453,33.468753814697266,-0.2051292674838969,-47.96875381469727,0.565105,-52.62500381469727,3.6388609136392462,279.73275608999654,0.001035,1.035,0.00104,3.999999999999999,0.3739100000000001,110.0
dSTR_plus_vSTR,QN22.26.002.14.04.05,QN22.26.002,NAC,STR D2 MSN,D2,18,2,0.1,17,0,0.0,Keep,,72.35890014471809,,-54.21875381469727,-93.15872152673045,-56.59375381469727,105.65625381469728,50.0,-0.0297740137520644,-55.65625381469727,0.5313399999999999,-56.59375381469727,5.914802761375404,551.0154633325075,0.0009799999999999,0.9799999999999,0.0009799999999999,5.0,0.4183400000000001,220.0
dSTR_plus_vSTR,QN22.26.002.14.04.10,QN22.26.002,NAC,STR D2 MSN,D2,17,3,0.15,17,0,0.0,Keep,,,,-53.31250381469727,-81.1304056806044,-53.31250381469727,99.87500381469728,48.28125381469727,-0.4637479217091356,-51.59375,0.84074,-58.50000381469727,6.573141669670935,533.2816502564883,0.0010399999999999,1.0399999999999,0.0010000000000001,1.0,0.4280800000000002,50.0
dSTR_plus_vSTR,QN22.26.011.14.6A.01,QN22.26.011,NAC,STR D2 MSN,D2,17,3,0.15,17,0,0.0,Keep,,,,-45.09375381469727,-80.9281097395094,-45.09375381469727,92.96875381469728,60.68750381469727,-0.8167024111079478,-32.28125,0.4702199999999999,-47.40625381469727,4.98330254840365,403.2892555023874,0.0011399999999999,1.1399999999999,0.00102,1.0,0.3223,52.0
dSTR_plus_vSTR,QN22.26.027.14.02.02,QN22.26.027,NAC,STR D2 MSN,D2,18,2,0.1,17,0,0.0,Keep,,,-51.125,-51.00000381469727,-62.76351457550924,-51.00000381469727,77.18750381469727,37.1875,0.0430535071784104,-40.00000381469727,0.32344,-54.15625,5.521771135918674,346.5657631718579,0.0012199999999999,1.2199999999999,0.0010799999999999,1.0,0.1722599999999999,140.0
dSTR_plus_vSTR,QN22.26.027.14.02.06,QN22.26.027,NAC,STR D2 MSN,D2,17,3,0.15,17,0,0.0,Keep,,,,-38.34375381469727,-38.14169176953439,-38.34375381469727,55.6875,36.21875,-0.5103364425048665,-19.46875,0.5244200000000001,-45.56250381469727,5.467416510518609,208.53651531986404,0.0016199999999999,1.6199999999999,0.00126,1.0,0.353,249.9999847412109
dSTR_plus_vSTR,QN23.26.008.14.01.02,QN23.26.008,NAC,STR D2 MSN,D2,18,2,0.1,17,0,0.0,Keep,,3.850893407270488,,-43.68750381469727,-79.94080083157932,-44.96875,76.21875381469727,38.65625381469727,-0.4961337921338168,-37.5625,0.67014,-47.87500381469727,3.547099917378763,283.5580080248872,0.0010400000000001,1.0400000000001002,0.0010000000000001,2.0,0.5026800000000002,140.0
dSTR_plus_vSTR,QN23.26.008.14.02.01,QN23.26.008,NAC,STR D2 MSN,D2,17,3,0.15,17,0,0.0,Keep,,,,-54.0,-76.8982693258284,-54.0,89.46875381469727,45.84375381469727,-1.5789046028346212,-43.625,0.71644,-59.53125381469727,5.683016159473562,437.01410721423287,0.00112,1.12,0.00102,1.0,0.5540600000000002,110.0
dSTR_plus_vSTR,QN23.26.008.14.03.02,QN23.26.008,NAC,STR D2 MSN,D2,18,2,0.1,17,0,0.0,Keep,,,-64.03125,-64.03125,-84.90324489618186,-64.03125,85.3437557220459,30.34375190734864,-0.7597903001317735,-55.00000381469727,0.89416,-67.40625,3.986279441073719,338.4480596100969,0.00102,1.02,0.00096,1.0000000000000002,0.72496,90.0
dSTR_plus_vSTR,QN23.26.008.14.03.03,QN23.26.008,NAC,STR D2 MSN,D2,18,2,0.1,17,0,0.0,Keep,,,-54.03125381469727,-54.09375381469727,-89.85512233838693,-54.09375381469727,89.1875,46.4375,-1.222838941554963,-42.75,0.88334,-58.0625,4.675582555336413,420.1250425129812,0.0010000000000001,1.0000000000001,0.0009399999999999,1.0,0.7066400000000002,180.0
dSTR_plus_vSTR,QN23.26.010.14.03A.05,QN23.26.010,NAC,STR D2 MSN,D2,18,2,0.1,17,0,0.0,Keep,,,-37.5,-37.34375,-68.68275180904129,-37.34375,86.81250381469727,53.59375,0.9193527640229648,-33.218753814697266,0.30494,-42.62500381469727,4.431600271989946,304.3745015979653,0.00116,1.16,0.0010999999999999,1.0000000000000002,0.14908,130.0
dSTR_plus_vSTR,QN23.26.015.14.06A.03,QN23.26.015,NAC,STR D2 MSN,D2,19,1,0.05,17,0,0.0,Keep,,3.3386752136752134,-46.96875,-47.90625381469727,-64.22330885317578,-48.40625,74.75000762939453,32.500003814697266,0.6402893931576135,-42.25000381469727,0.7810999999999999,-48.90625,3.531436264709086,226.80052192371704,0.0013599999999998,1.3599999999998,0.0012799999999999,2.0,0.6156600000000001,160.0
dSTR_plus_vSTR,QN23.26.018.14.04A.06,QN23.26.018,NAC,STR D2 MSN,D2,18,2,0.1,17,0,0.0,Keep,,,-50.90625381469727,-51.375,-97.3948957982961,-51.375,88.71875,48.1875,0.0012715668877008,-40.53125,0.8690799999999999,-54.65625381469727,3.9579766737815993,385.4867257150454,0.00096,0.96,0.0008400000000001,1.0000000000000002,0.7100399999999999,330.0
dSTR_plus_vSTR,QN23.26.018.14.04A.07,QN23.26.018,NAC,STR D2 MSN,D2,18,2,0.1,17,0,0.0,Keep,,3.8571318367661775,,-44.03125,-61.576074793690665,-45.15625,76.46875381469727,35.375003814697266,-0.6536217147655634,-41.09375,0.3594799999999999,-52.21875381469727,4.530650073875851,278.97964781301954,0.0011799999999999,1.1799999999999,0.00114,4.000000000000001,0.1772999999999999,150.0
dSTR_plus_vSTR,QN23.26.018.14.05A.02,QN23.26.018,NAC,STR D2 MSN,D2,18,2,0.1,17,0,0.0,Keep,,,-54.50000381469727,-54.46875,-66.28785824288,-54.46875,88.68750762939453,39.28125381469727,-0.1001167487932557,-49.40625381469727,0.92636,-63.09375,5.481528162334053,363.35876177915424,0.0012199999999999,1.2199999999999,0.00116,1.0,0.7130400000000001,150.0
dSTR_plus_vSTR,QN23.26.018.14.05A.05,QN23.26.018,NAC,STR D2 MSN,D2,18,2,0.1,17,0,0.0,Keep,,,-50.90625381469727,-51.50000381469727,-82.28746085559798,-51.50000381469727,97.25000762939452,54.37500381469727,0.4988130383309659,-42.87500381469727,0.97046,-56.53125381469727,6.254230140871942,514.644717898901,0.0010000000000001,1.0000000000001,0.0009399999999999,1.0,0.7537400000000001,170.0
dSTR_plus_vSTR,QN24.26.001.14.01A.01,QN24.26.001,NAC,STR D2 MSN,D2,0,20,1.0,0,17,1.0,Exclude,,,,,,,,,,,,,,,,,,,,
dSTR_plus_vSTR,QN24.26.003.14.01.02,QN24.26.003,NAC,STR D2 MSN,D2,18,2,0.1,17,0,0.0,Keep,,2.612739718869206,,-46.96875,-42.97849527507596,-47.90625381469727,59.46875,20.53125,-0.4173115661527422,-38.9375,0.5948599999999999,-48.84375381469727,3.2215113285356525,138.45570941207322,0.0017,1.7,0.0015799999999999,2.0,0.4650800000000001,59.999996185302734
dSTR_plus_vSTR,QN24.26.005.14v.03.01A.08,QN24.26.005,NAC,STR D2 MSN,D2,17,3,0.15,16,1,0.058823529411764705,Keep,,2.552062066149449,,,-57.31571510437514,-40.34375,67.62500190734863,27.03125190734864,-1.7074368777968632,-40.59375,0.78132,-54.21875381469727,3.826536914219871,219.32069961180088,0.0012799999999999,1.2799999999999,0.0012799999999999,2.0,0.6055200000000001,70.0
dSTR_plus_vSTR,QN24.26.005.14v.03.01A.07,QN24.26.005,NAC,STR D2 MSN,D2,17,3,0.15,17,0,0.0,Keep,,,,-40.15625381469727,-65.96891623475278,-40.15625381469727,80.37500381469727,39.8125,-0.8497733246153168,-40.56250381469727,1.0299,-53.96875381469727,4.528903963907337,298.76688623024296,0.0010799999999999,1.0799999999999002,0.0010799999999999,1.0000000000000002,0.8321999999999999,119.99999237060548
dSTR_plus_vSTR,QN24.26.010.14v.03A.03,QN24.26.010,NAC,STR D2 MSN,D2,17,3,0.15,17,0,0.0,Keep,,,,-49.71875381469727,-83.99616723444048,-49.71875381469727,96.56250381469728,53.53125,-1.170966628122872,-43.03125381469727,0.97106,-55.71875381469727,5.603344706827029,470.65947906686,0.0010199999999997,1.0199999999997,0.0009599999999998,1.0,0.7957600000000002,160.0
dSTR_plus_vSTR,QN24.26.010.14v.03A.05,QN24.26.010,NAC,STR D2 MSN,D2,19,1,0.05,17,0,0.0,Keep,,2.952988424285377,-48.96875,-48.46875381469727,-88.15781864230996,-49.75000381469727,91.90625381469728,52.12500381469727,-0.4273777005237622,-39.78125,0.4963399999999999,-56.09375381469727,4.933878337627362,434.95995169177473,0.0009799999999999,0.9799999999999,0.0009,2.0000000000000004,0.32392,150.0
dSTR_plus_vSTR,QN24.26.012.14V.05A.02,QN24.26.012,NAC,STR D2 MSN,D2,18,2,0.1,17,0,0.0,Keep,,2.7379257474537284,,-46.78125381469727,-67.63452983253164,-47.65625381469727,80.96875762939453,38.96875381469727,-0.4589201992373684,-42.00000381469727,0.4693,-53.37500381469727,4.64858344758972,314.4047558650197,0.00116,1.16,0.0010999999999999,2.0,0.28886,170.0
dSTR_plus_vSTR,QN24.26.012.14V.05A.05,QN24.26.012,NAC,STR D2 MSN,D2,18,2,0.1,17,0,0.0,Keep,,2.703579539310045,,-51.71875381469727,-80.07311758419736,-52.46875381469727,91.50000762939452,43.90625381469727,-1.163392379698083,-47.59375381469727,0.49052,-58.59375381469727,5.793588481803807,463.9106917379277,0.0009799999999999,0.9799999999999,0.0009399999999999,2.0,0.31606,330.0
dSTR_plus_vSTR,QN24.26.012.14V.07A.02,QN24.26.012,NAC,STR D2 MSN,D2,19,1,0.05,17,0,0.0,Keep,,2.773155851358846,-55.71875381469727,-55.93750381469727,-84.25759798410346,-56.90625381469727,82.15625762939453,36.18750381469727,-0.6932516977634438,-45.96875381469727,0.5802799999999999,-61.65625,3.7366681288105617,314.8426809973324,0.0010399999999999,1.0399999999999,0.0009199999999998,2.0,0.40646,190.0
dSTR_plus_vSTR,QN24.26.013.14v.01A.03,QN24.26.013,NAC,STR D2 MSN,D2,17,3,0.15,17,0,0.0,Keep,,,,-49.625,-59.013144133169945,-49.625,86.62500762939453,38.09375381469727,-0.8738350984774309,-48.53125381469727,0.7131999999999998,-60.90625381469727,6.002615796093069,354.23323115088294,0.0012199999999999,1.2199999999999,0.0012199999999999,1.0,0.5284200000000001,59.999996185302734
dSTR_plus_vSTR,QN24.26.014.14v.02A.02,QN24.26.014,NAC,STR D2 MSN,D2,19,1,0.05,17,0,0.0,Keep,,3.4454244762954795,-44.84375381469727,-44.53125381469727,-88.3690400818594,-46.21875381469727,88.78125,52.8125,0.770526961088731,-35.96875,0.4826799999999999,-47.65625381469727,4.499414026848609,397.6088984834651,0.001,1.0,0.0009,3.0,0.33592,190.0
dSTR_plus_vSTR,QN24.26.014.14v.02A.04,QN24.26.014,NAC,STR D2 MSN,D2,18,2,0.1,17,0,0.0,Keep,,,-51.62500381469727,-53.71875381469727,-105.57192047968825,-53.71875381469727,90.46875381469728,47.00000381469727,1.2913651847116163,-43.46875,0.95446,-56.0,3.804655717439981,401.6648108541648,0.0008799999999999,0.8799999999999,0.0007999999999999,1.0,0.7783800000000001,180.0
dSTR_plus_vSTR,QN24.26.014.14v.02A.05,QN24.26.014,NAC,STR D2 MSN,D2,18,2,0.1,17,0,0.0,Keep,,,-45.6875,-46.68750381469727,-80.76625265924456,-46.68750381469727,91.28125381469728,53.1875,0.8756599930966109,-38.09375381469727,0.8992999999999999,-49.46875381469727,5.072830371994759,409.7134995220183,0.00102,1.02,0.00092,1.0000000000000002,0.75454,90.0
dSTR_plus_vSTR,QN24.26.014.14v.06A.04,QN24.26.014,NAC,STR D2 MSN,D2,18,2,0.1,17,0,0.0,Keep,,1.7236624379481522,,-36.3125,-65.69280934106293,-37.53125381469727,87.21875381469727,49.125,0.065932690992488,-38.09375381469727,0.3492599999999999,-49.65625381469727,3.875943523770897,254.6216189238091,0.0011999999999999,1.1999999999999,0.0011999999999999,2.0000000000000004,0.1524399999999999,70.0
dSTR_plus_vSTR,QN25.26.004.14v.03A.05,QN25.26.004,NAC,STR D2 MSN,D2,18,2,0.1,17,0,0.0,Keep,,,-41.8125,-45.43750381469727,-86.27474259564767,-45.43750381469727,93.03125381469728,54.50000381469727,-0.021566139717875,-38.53125,0.86738,-45.78125,4.794069121294176,413.6070794253978,0.00106,1.06,0.00102,1.0000000000000002,0.70704,380.0
dSTR_plus_vSTR,QN25.26.004.14v.04A.03,QN25.26.004,NAC,STR D2 MSN,D2,17,3,0.15,17,0,0.0,Keep,,,,-49.56250381469727,-60.79178100655414,-49.56250381469727,66.2187557220459,26.37500190734864,-0.5285104342619655,-39.84375381469727,0.78676,-54.75000381469727,3.7154387448688735,225.868138521335,0.00126,1.26,0.00116,1.0000000000000002,0.605,200.0
dSTR_plus_vSTR,QN25.26.005.14v.06A.02,QN25.26.005,NAC,STR D2 MSN,D2,17,3,0.15,17,0,0.0,Keep,,,,-45.53125,-55.50061158146348,-45.53125,72.62500381469727,42.87500381469727,0.0613018743524909,-29.75,0.7451599999999999,-47.71875381469727,4.431669198425794,245.9603508393656,0.0014399999999998,1.4399999999998,0.0012400000000001,1.0,0.6217800000000001,100.0
dSTR_plus_vSTR,Q21.26.006.14.01.01,Q21.26.006,NAC,STR Hybrid MSN,Hybrid,18,2,0.1,17,0,0.0,Keep,,3.041640052316209,,-41.3125,-56.28468759905663,-41.43750381469727,80.03125381469727,46.25,-1.308384684833141,-33.781253814697266,0.6639250000000001,-50.40625,4.899221182340164,275.751133726697,0.00133,1.33,0.0012199999999999,2.0,0.498355,110.0
dSTR_plus_vSTR,QN22.26.020.14.06.02,QN22.26.020,NAC,STR Hybrid MSN,Hybrid,17,3,0.15,17,0,0.0,Keep,,,,-28.81250190734864,-47.18437931375081,-28.81250190734864,50.93750095367432,40.34375,-1.504104654487565,-10.593750953674316,0.55606,-32.187503814697266,2.849086844558774,134.43239437147858,0.0013199999999999,1.3199999999999,0.001,1.0,0.09918,50.0
dSTR_plus_vSTR,QN23.26.005.14.01.03,QN23.26.005,NAC,STR Hybrid MSN,Hybrid,18,2,0.1,17,0,0.0,Keep,,,-37.34375,-41.21875,-78.97067256344695,-41.21875,68.03125,35.875,0.4936341934315619,-32.15625,0.1460999999999999,-41.50000381469727,3.055643187256577,241.3061976115665,0.00096,0.96,0.0008799999999999,1.0,0.0329600000000001,239.9999847412109
dSTR_plus_vSTR,QN24.26.012.14V.05A.03,QN24.26.012,NAC,STR Hybrid MSN,Hybrid,18,2,0.1,17,0,0.0,Keep,,3.119540803593712,,-43.875,-63.35533045008666,-44.8125,77.96875381469727,40.06250381469727,0.1042277180201747,-37.90625,0.5616399999999999,-50.68750381469727,4.331804649277336,274.4429150001874,0.0011799999999999,1.1799999999999,0.0010799999999999,2.0,0.3997799999999999,210.0
dSTR_plus_vSTR,QN24.26.012.14V.07A.04,QN24.26.012,NAC,STR Hybrid MSN,Hybrid,18,2,0.1,17,0,0.0,Keep,,3.9086929330831777,,-42.84375,-58.887785188070026,-45.21875,84.46875,37.0,-0.4612849838916238,-47.46875,0.20864,-52.28125381469727,4.80044715443541,282.6877008370745,0.0011999999999999,1.1999999999999,0.0012199999999999,3.0,0.04804,110.0
dSTR_plus_vSTR,Q19.26.014.11.01.01,Q19.26.014,Pu,STR D1 MSN,D1,0,20,1.0,0,17,1.0,Exclude,,,,,,,,,,,,,,,,,,,,
dSTR_plus_vSTR,Q19.26.014.11.01.04,Q19.26.014,Pu,STR D1 MSN,D1,0,20,1.0,0,17,1.0,Exclude,,,,,,,,,,,,,,,,,,,,
dSTR_plus_vSTR,Q19.26.019.11.03.01,Q19.26.019,Pu,STR D1 MSN,D1,0,20,1.0,0,17,1.0,Exclude,,,,,,,,,,,,,,,,,,,,
dSTR_plus_vSTR,Q19.26.019.11.08.02,Q19.26.019,Pu,STR D1 MSN,D1,12,8,0.4,12,5,0.29411764705882354,Keep,,,,,-96.59039599,-56.36874771,94.98124695,55.06874847,,-39.91249847,0.00228,-56.48749924,4.992339124,482.2120128,0.00096,0.96,,,,250.0
dSTR_plus_vSTR,Q20.26.003.11.04.02,Q20.26.003,Pu,STR D1 MSN,D1,12,8,0.4,12,5,0.29411764705882354,Keep,,,,,-105.079077,-62.50624847,89.38749695,49.14999771,,-40.23749924,0.00204,-62.63750076,4.700291957,493.9023406,0.00088,0.88,,,,150.0
dSTR_plus_vSTR,Q20.26.009.12.01.03,Q20.26.009,Pu,STR D1 MSN,D1,12,8,0.4,12,5,0.29411764705882354,Keep,,,,,-84.82655805,-51.67499924,95.09999847,48.64999771,,-46.45000076,0.02398,-52.64999771,5.088174175,431.612302,0.00102,1.02,,,,300.0
dSTR_plus_vSTR,Q20.26.009.12.02.01,Q20.26.009,Pu,STR D1 MSN,D1,12,8,0.4,12,5,0.29411764705882354,Keep,,,,,-79.30674417,-55.48749924,89.98124695,42.94374847,,-47.03749847,0.00304,-55.74374771,3.666121059,290.7481249,0.00112,1.12,,,,200.0
dSTR_plus_vSTR,Q21.26.009.12.02.02,Q21.26.009,Pu,STR D1 MSN,D1,17,3,0.15,17,0,0.0,Keep,,,,-49.96875381469727,-64.07015386526159,-49.96875381469727,79.75000762939453,44.78125381469727,-0.7530273761041835,-34.968753814697266,0.2124649999999999,-50.46875381469727,3.659323283065443,234.4534057887372,0.0012549999999998,1.2549999999997998,0.00108,0.9999999999999998,0.098105,300.0
dSTR_plus_vSTR,Q21.26.019.12.01.03,Q21.26.019,Pu,STR D1 MSN,D1,18,2,0.1,17,0,0.0,Keep,,,-49.0625,-50.62500381469727,-69.50338114380455,-50.62500381469727,85.18750762939453,49.09375381469727,-0.1007115280991907,-36.09375381469727,0.3642249999999999,-50.90625381469727,4.97128413012342,345.5210556701149,0.0012149999999999,1.2149999999999,0.0010399999999999,0.9999999999999998,0.25045,340.0
dSTR_plus_vSTR,Q21.26.003.12.03.02,QM21.26.003,Pu,STR D1 MSN,D1,0,20,1.0,0,17,1.0,Exclude,,,,,,,,,,,,,,,,,,,,
dSTR_plus_vSTR,QM22.26.003.14.06.03,QM22.26.003,Pu,STR D1 MSN,D1,18,2,0.1,17,0,0.0,Keep,,,-39.46875,-40.87500381469727,-77.50642409023483,-40.87500381469727,89.43750762939453,51.65625381469727,0.8269152728931146,-37.78125381469727,0.746915,-46.75,4.143628009490081,321.15778977571387,0.0011249999999998,1.1249999999998,0.001095,0.9999999999999998,0.5798550000000002,479.9999694824219
dSTR_plus_vSTR,QM22.26.031.14.02.02,QM22.26.031,Pu,STR D1 MSN,D1,19,1,0.05,17,0,0.0,Keep,,2.195968202380429,-44.46875381469727,-44.8125,-61.83622598019096,-44.87500381469727,76.09375762939453,39.18750381469727,-0.1034325844969759,-36.90625381469727,0.6981399999999999,-46.5,4.108139873123545,254.0318655527005,0.0012400000000001,1.2400000000001,0.0011599999999998,1.9999999999999991,0.52146,150.0
dSTR_plus_vSTR,QM25.26.006.14v.12A.02,QM25.26.006,Pu,STR D1 MSN,D1,18,2,0.1,17,0,0.0,Keep,,6.024822267743101,,-49.03125381469727,-74.48019384580155,-50.59375381469727,86.84375,42.5,-0.5314434755997893,-44.34375,0.3342399999999999,-54.71875,4.743943912691499,353.3298622108731,0.0010999999999999,1.0999999999999002,0.00104,4.0,0.18598,390.0
dSTR_plus_vSTR,QN22.26.002.14.03.01,QN22.26.002,Pu,STR D1 MSN,D1,18,2,0.1,17,0,0.0,Keep,,,-52.28125381469727,-51.84375,-84.46016908141117,-51.84375,89.18750381469727,46.12500381469727,-0.6981295524436728,-43.0625,0.35274,-54.25,4.858976447416598,410.3899723114004,0.00102,1.02,0.00094,1.0,0.2076,310.0
dSTR_plus_vSTR,QN22.26.009.14.2B.03,QN22.26.009,Pu,STR D1 MSN,D1,19,1,0.05,17,0,0.0,Keep,,3.968883949833305,-52.65625381469727,-54.15625,-103.62923229867287,-54.03125381469727,76.18750381469727,32.84375,1.1120729438804025,-43.34375381469727,0.4287399999999999,-55.96875381469727,3.225366387987492,334.24224266908726,0.00094,0.94,0.0008599999999999,2.0,0.29234,140.0
dSTR_plus_vSTR,QN22.26.009.14.2B.06,QN22.26.009,Pu,STR D1 MSN,D1,19,1,0.05,17,0,0.0,Keep,,3.0233401862377547,-54.09375381469727,-56.0,-112.89196071239888,-56.65625381469727,96.62500381469728,50.65625,0.7272017890560367,-45.96875381469727,0.4619999999999999,-57.59375,4.405920067881681,497.3929552052685,0.00082,0.82,0.0007399999999999,2.0,0.30986,239.9999847412109
dSTR_plus_vSTR,QN22.26.009.14.3B.03,QN22.26.009,Pu,STR D1 MSN,D1,18,2,0.1,17,0,0.0,Keep,,,-45.28125381469727,-47.34375381469727,-104.16370922713315,-47.34375381469727,80.03125381469727,45.625,0.9596765939499732,-34.406253814697266,0.5496650000000001,-47.53125,3.0632482366201192,319.07929860982654,0.0009449999999999,0.9449999999999,0.00086,0.9999999999999998,0.436735,520.0
dSTR_plus_vSTR,QN22.26.009.14.3B.05,QN22.26.009,Pu,STR D1 MSN,D1,19,1,0.05,17,0,0.0,Keep,,4.174580976434488,-49.6875,-51.4375,-110.16229279022151,-51.81250381469727,86.03125381469727,47.50000381469727,1.2371659331297689,-38.53125,0.4235849999999999,-51.90625381469727,3.638024406621206,400.77310986017727,0.0009099999999999,0.9099999999999,0.0008299999999999,3.0,0.311195,290.0
dSTR_plus_vSTR,QN22.26.009.14.3B.06,QN22.26.009,Pu,STR D1 MSN,D1,18,2,0.1,17,0,0.0,Keep,,,-49.84375,-51.46875381469727,-101.1459159850172,-51.46875381469727,89.40625762939453,46.62500381469727,1.3257996376934331,-42.78125381469727,0.5380450000000001,-52.78125381469727,3.892356425407904,393.6959559880497,0.0008699999999999,0.8699999999999001,0.000815,0.9999999999999998,0.4015000000000001,469.9999694824219
dSTR_plus_vSTR,QN22.26.009.14.3B.07,QN22.26.009,Pu,STR D1 MSN,D1,19,1,0.05,17,0,0.0,Keep,,2.2927891780350795,-45.96875381469727,-49.75000381469727,-123.27226312060478,-49.81250381469727,89.06250381469727,53.4375,2.562714849343004,-35.625003814697266,0.5403850000000001,-49.96875381469727,3.589082588175992,442.4343331712121,0.0007399999999999,0.7399999999999001,0.0006600000000001,2.0,0.4282100000000001,330.0
dSTR_plus_vSTR,QN22.26.010.14.01.02,QN22.26.010,Pu,STR D1 MSN,D1,18,2,0.1,17,0,0.0,Keep,,,-48.1875,-47.90625381469727,-57.57571926594337,-47.90625381469727,76.9687557220459,45.28125381469727,-0.6677219755131912,-31.68750190734864,0.2364599999999999,-49.0625,5.04450248504143,290.44085891509906,0.00133,1.33,0.00114,0.9999999999999998,0.109705,210.0
dSTR_plus_vSTR,QN22.26.010.14.04.04,QN22.26.010,Pu,STR D1 MSN,D1,18,2,0.1,17,0,0.0,Keep,,2.4507401235173027,,-49.65625381469727,-67.13403373026453,-48.96875,74.25000190734863,48.71875,-0.7764044462894344,-25.53125190734864,0.3126849999999999,-50.90625381469727,4.729067996450236,317.48141038640466,0.0012199999999999,1.2199999999999,0.000955,2.0,0.18368,170.0
dSTR_plus_vSTR,QN22.26.010.14.04.05,QN22.26.010,Pu,STR D1 MSN,D1,18,2,0.1,17,0,0.0,Keep,,,-52.8125,-54.18750381469727,-101.82020470025088,-54.18750381469727,78.28125381469727,40.5,0.0954727971937925,-37.78125381469727,0.3082149999999999,-54.50000381469727,3.2914951627268643,335.1407112387349,0.00097,0.97,0.0008599999999999,0.9999999999999998,0.19522,150.0
dSTR_plus_vSTR,QN22.26.010.14.51.01,QN22.26.010,Pu,STR D1 MSN,D1,18,2,0.1,17,0,0.0,Keep,,,-47.125,-47.375,-114.38783169386424,-47.375,89.40625,55.90625,0.6099849211994808,-33.5,0.6500049999999999,-49.75000381469727,3.408526631424536,389.8939706394438,0.00082,0.82,0.0007350000000001,0.9999999999999998,0.5082150000000001,270.0
dSTR_plus_vSTR,QN22.26.010.14.51.04,QN22.26.010,Pu,STR D1 MSN,D1,19,1,0.05,17,0,0.0,Keep,,2.253216466505937,-51.18750381469727,-53.15625381469727,-112.41262527174496,-54.81250381469727,83.31250381469727,46.15625381469727,0.7168452820788151,-37.15625,0.2684699999999999,-55.03125,3.850097447672739,432.7995616449373,0.0007599999999999,0.7599999999999,0.0006599999999999,3.0,0.156015,239.9999847412109
dSTR_plus_vSTR,QN22.26.010.14.54.06,QN22.26.010,Pu,STR D1 MSN,D1,18,2,0.1,17,0,0.0,Keep,,,-44.59375,-47.0625,-88.10848547499043,-47.0625,62.03125,28.4375,0.1966944361627913,-33.59375,1.10546,-47.375,2.483542199200953,218.82114178482297,0.0009799999999999,0.9799999999999,0.0008649999999998,0.9999999999999998,0.992125,70.0
dSTR_plus_vSTR,QN22.26.011.14.6B.01,QN22.26.011,Pu,STR D1 MSN,D1,18,2,0.1,17,0,0.0,Keep,,,-52.93750381469727,-55.93750381469727,-81.96477721874258,-55.93750381469727,77.625,41.40625,0.7016847059990371,-36.21875,0.2210999999999999,-56.12500381469727,3.517981505213056,288.35057033444485,0.0010999999999999,1.0999999999999002,0.0009199999999999,1.0,0.10794,180.0
dSTR_plus_vSTR,QN22.26.014.14.4A.04,QN22.26.014,Pu,STR D1 MSN,D1,18,2,0.1,17,0,0.0,Keep,,,-54.84375381469727,-55.50000381469727,-96.59229055060864,-55.50000381469727,91.62500381469728,55.71875381469727,0.8051921075126075,-35.90625,0.3424399999999999,-56.03125381469727,4.836216166543918,467.1411971243608,0.0010799999999999,1.0799999999999002,0.000935,0.9999999999999998,0.211185,160.0
dSTR_plus_vSTR,QN22.26.014.14.4A.05,QN22.26.014,Pu,STR D1 MSN,D1,18,2,0.1,17,0,0.0,Keep,,1.8443718991497449,,-45.875,-109.61759329509016,-46.25,88.4687557220459,59.25000381469727,-0.1168268673672819,-29.21875190734864,0.5869599999999999,-50.93750381469727,4.504475623050102,493.769776855154,0.0008149999999997,0.8149999999997,0.0007099999999999,2.0,0.4427800000000001,220.0
dSTR_plus_vSTR,QN22.26.014.14.5B.01,QN22.26.014,Pu,STR D1 MSN,D1,17,3,0.15,17,0,0.0,Keep,,,,-57.46875381469727,-74.9559063627067,-57.46875381469727,88.18750762939453,54.96875381469727,-0.244382955300002,-33.218753814697266,0.1579099999999999,-58.15625,5.901750102310693,442.371028044895,0.0012249999999999,1.2249999999999,0.00099,0.9999999999999998,0.040845,150.0
dSTR_plus_vSTR,QN22.26.014.14.5B.03,QN22.26.014,Pu,STR D1 MSN,D1,18,2,0.1,17,0,0.0,Keep,,,-58.00000381469727,-58.375,-90.56854030394274,-58.375,92.50000762939452,39.18750381469727,-0.2272163140630603,-53.31250381469727,0.62985,-66.46875,4.3000611560857696,389.4502621243726,0.0011050000000001,1.1050000000001,0.0010700000000001,0.9999999999999998,0.435235,80.0
dSTR_plus_vSTR,QN22.26.014.14.5B.05,QN22.26.014,Pu,STR D1 MSN,D1,17,3,0.15,17,0,0.0,Keep,,,,-56.59375381469727,-85.77213379682446,-56.59375381469727,98.00000381469728,50.09375,-0.3204129797176206,-47.90625381469727,0.280815,-64.46875762939453,4.865747611577753,417.3455551618261,0.0011349999999999,1.1349999999999,0.0010599999999999,0.9999999999999998,0.1257749999999999,70.0
dSTR_plus_vSTR,QN22.26.015.14.01B.01,QN22.26.015,Pu,STR D1 MSN,D1,18,2,0.1,17,0,0.0,Keep,,,-48.71875,-48.90625,-82.08014271456834,-48.90625,94.46875381469728,50.8125,0.0165849800693586,-43.65625381469727,0.80029,-57.15625381469727,5.1198578175395335,420.2386603419433,0.0010750000000001,1.0750000000001,0.00102,0.9999999999999998,0.6266750000000001,420.0
dSTR_plus_vSTR,QN22.26.015.14.05B.01,QN22.26.015,Pu,STR D1 MSN,D1,18,2,0.1,17,0,0.0,Keep,,,-45.12500381469727,-47.65625381469727,-83.88001318513956,-47.65625381469727,83.50000381469727,56.65625381469727,0.2504041275071894,-26.84375,0.2178349999999999,-47.78125,4.809897910888053,403.4543001844651,0.0013099999999999,1.3099999999999,0.001075,0.9999999999999998,0.104505,370.0
dSTR_plus_vSTR,QN22.26.015.14.06B.04,QN22.26.015,Pu,STR D1 MSN,D1,19,1,0.05,17,0,0.0,Keep,,4.32816118072237,-50.5,-50.46875381469727,-83.1564524642831,-51.4375,79.87500381469727,38.71875381469727,0.2349569459576458,-41.15625,0.4278099999999999,-53.59375,3.4310550563337268,285.31436669435374,0.0011649999999999,1.1649999999999,0.00109,3.0,0.27937,260.0
dSTR_plus_vSTR,QN22.26.017.14.01B.02,QN22.26.017,Pu,STR D1 MSN,D1,19,1,0.05,17,0,0.0,Keep,,1.2746972594008923,-56.18750381469727,-56.90625381469727,-76.11470585154345,-57.4375,55.00000095367432,10.500000953674316,0.4927955961049736,-44.5,0.27636,-57.65625,2.688977225107389,204.6707105305485,0.00102,1.02,0.0009,2.0,0.1628399999999999,20.0
dSTR_plus_vSTR,QN22.26.019.14.51B.03,QN22.26.019,Pu,STR D1 MSN,D1,17,3,0.15,17,0,0.0,Keep,,,,-47.0625,-84.68370765349562,-47.0625,88.15625381469727,52.59375381469727,-1.5342586726563403,-35.5625,1.10996,-50.96875,4.863080964523374,411.82372669497687,0.0009599999999998,0.9599999999998,0.00086,1.0,0.9786800000000002,360.0
dSTR_plus_vSTR,QN22.26.019.14.52B.03,QN22.26.019,Pu,STR D1 MSN,D1,17,3,0.15,17,0,0.0,Keep,,,,-44.125,-96.27591884479074,-44.125,79.31250381469727,42.5,-0.1434885974986734,-36.81250381469727,0.8982000000000001,-50.0,3.138415143653733,302.1538016716691,0.00082,0.82,0.0007399999999999,1.0,0.7391800000000002,380.0
dSTR_plus_vSTR,QN22.26.020.14.07B.01,QN22.26.020,Pu,STR D1 MSN,D1,19,1,0.05,17,0,0.0,Keep,,2.899727425621992,-48.8125,-50.06250381469727,-103.64096315995282,-50.43750381469727,100.12500762939452,61.15625381469727,0.658013363524798,-38.96875381469727,0.3764599999999999,-51.71875381469727,5.418127639489588,561.5399670802625,0.0009,0.9,0.0008199999999999,3.0,0.22186,150.0
dSTR_plus_vSTR,QN22.26.020.14.08B.02,QN22.26.020,Pu,STR D1 MSN,D1,18,2,0.1,17,0,0.0,Keep,,,-51.90625381469727,-53.78125381469727,-78.91582145812721,-53.78125381469727,95.21875762939452,50.12500381469727,0.8446381189496391,-45.09375381469727,0.7749999999999999,-56.03125381469727,5.079842285744231,400.87992685723657,0.0010799999999999,1.0799999999999002,0.00102,1.0,0.58962,190.0
dSTR_plus_vSTR,QN22.26.020.14.08B.03,QN22.26.020,Pu,STR D1 MSN,D1,18,2,0.1,17,0,0.0,Keep,,,-48.03125,-48.43750381469727,-83.11728409142891,-48.43750381469727,96.81250381469728,55.56250381469727,-0.1679892585666572,-41.25,0.5937399999999999,-53.53125,5.199053544126543,432.1312104337162,0.0010799999999999,1.0799999999999002,0.0010199999999997,1.0,0.42494,170.0
dSTR_plus_vSTR,QN22.26.020.14.08B.05,QN22.26.020,Pu,STR D1 MSN,D1,18,2,0.1,17,0,0.0,Keep,,,-48.06250381469727,-48.34375,-67.00773159778008,-48.34375,81.18750762939453,39.68750381469727,-0.1128576465921489,-41.50000381469727,0.2310399999999999,-48.96875,4.107287100916685,275.2199916532495,0.0011999999999999,1.1999999999999,0.00112,1.0,0.0955599999999999,29.999998092651367
dSTR_plus_vSTR,QN22.26.021.14.06B.03,QN22.26.021,Pu,STR D1 MSN,D1,18,2,0.1,17,0,0.0,Keep,,,-51.56250381469727,-54.21875381469727,-106.33991716956312,-54.21875381469727,89.56250762939453,49.15625381469727,1.1379102575551687,-40.40625381469727,0.5458999999999999,-54.34375381469727,4.001878975476431,425.5594787747797,0.0008599999999999,0.8599999999999001,0.00078,1.0000000000000002,0.41328,360.0
dSTR_plus_vSTR,QN22.26.028.14.05.05,QN22.26.028,Pu,STR D1 MSN,D1,18,2,0.1,17,0,0.0,Keep,,4.866653688923497,,-47.46875,-80.99747541265181,-47.96875381469727,90.68750762939452,58.03125381469727,-0.3312494717491416,-32.656253814697266,0.3469999999999999,-51.00000381469727,4.333968479525593,351.0405053595822,0.0012,1.2,0.00106,3.0,0.21386,100.0
dSTR_plus_vSTR,QN22.26.028.14.06.05,QN22.26.028,Pu,STR D1 MSN,D1,19,1,0.05,17,0,0.0,Keep,,2.4834848259077145,-49.56250381469727,-49.4375,-78.13092084017859,-50.31250381469727,76.125,35.90625,-0.1232246818391681,-40.21875,0.67962,-55.81250381469727,3.70046515403365,289.1207500216424,0.0010999999999998,1.0999999999998,0.0010000000000001,1.9999999999999991,0.51254,160.0
dSTR_plus_vSTR,QN22.26.028.14.51.01,QN22.26.028,Pu,STR D1 MSN,D1,18,2,0.1,17,0,0.0,Keep,,5.006007208650376,,-38.71875381469727,-78.09683227755265,-41.50000381469727,76.5937557220459,47.75000381469727,0.0317793184984818,-28.84375190734864,0.72092,-46.4375,3.5979810889436665,280.9909256410398,0.0009999999999998,0.9999999999998,0.0008799999999999,3.0,0.5811,390.0
dSTR_plus_vSTR,QN22.26.036.14.06A.07,QN22.26.036,Pu,STR D1 MSN,D1,0,20,1.0,0,17,1.0,Exclude,,,,,,,,,,,,,,,,,,,,
dSTR_plus_vSTR,QN22.26.036.14.01B.06,QN22.26.036,Pu,STR D1 MSN,D1,19,1,0.05,17,0,0.0,Keep,,2.851927903262605,-49.4375,-49.375,-89.24064840564714,-49.75000381469727,91.25,48.71875,1.4342315718825818,-42.53125,0.6255599999999999,-54.75000381469727,4.821061210046659,430.2346283878777,0.0010599999999998,1.0599999999998,0.0009799999999999,2.0,0.4667199999999999,210.0
dSTR_plus_vSTR,QN22.26.036.14.02B.05,QN22.26.036,Pu,STR D1 MSN,D1,18,2,0.1,17,0,0.0,Keep,,2.9941912689382604,,-50.34375,-77.49720750007965,-50.68750381469727,81.03125762939453,38.71875381469727,-0.5198730967065258,-42.31250381469727,0.61744,-57.37500381469727,3.99630696833849,309.7026303593422,0.00102,1.02,0.0009399999999999,2.0,0.4663000000000001,200.0
dSTR_plus_vSTR,QN22.26.036.14.03B.04,QN22.26.036,Pu,STR D1 MSN,D1,19,1,0.05,17,0,0.0,Keep,,2.847380410022778,-43.81250381469727,-45.50000381469727,-107.10429163732726,-46.46875381469727,90.50000381469728,53.4375,-0.0229610615896317,-37.06250381469727,0.5152599999999999,-47.40625381469727,3.56135947610315,381.43688395391086,0.0008599999999999,0.8599999999999001,0.00078,2.0000000000000004,0.3509399999999999,220.0
dSTR_plus_vSTR,QN22.26.036.14.04B.01,QN22.26.036,Pu,STR D1 MSN,D1,18,2,0.1,17,0,0.0,Keep,,,-46.93750381469727,-48.25,-78.16177073157007,-48.25,85.37500381469727,49.00000381469727,1.0843596096613153,-36.375,0.2435799999999999,-48.28125381469727,4.477189358502137,349.94504816106934,0.0011799999999999,1.1799999999999,0.0010799999999999,1.0,0.1304,300.0
dSTR_plus_vSTR,QN22.26.036.14.04B.03,QN22.26.036,Pu,STR D1 MSN,D1,19,1,0.05,17,0,0.0,Keep,,3.1687686165156213,-47.34375381469727,-49.40625381469727,-88.60293453371509,-50.0,76.09375762939453,37.68750381469727,0.9185916236771924,-38.40625381469727,0.4862799999999999,-50.06250381469727,2.992222560315383,265.1196996219292,0.0011599999999999,1.1599999999999,0.0010799999999999,3.0000000000000004,0.3731799999999999,260.0
dSTR_plus_vSTR,QN22.26.036.14.04B.06,QN22.26.036,Pu,STR D1 MSN,D1,19,1,0.05,17,0,0.0,Keep,,1.849728089970774,-44.09375,-44.65625,-94.24678084543078,-45.21875,92.4375,58.375,-0.3672506609479478,-34.0625,0.54122,-48.28125381469727,5.360594912280702,505.21881389885056,0.0009199999999999,0.9199999999999,0.0008599999999999,2.0000000000000004,0.3949399999999999,320.0
dSTR_plus_vSTR,QN22.26.036.14.04B.08,QN22.26.036,Pu,STR D1 MSN,D1,18,2,0.1,17,0,0.0,Keep,,,-44.75,-47.00000381469727,-84.42727995986746,-47.00000381469727,73.59375381469727,36.3125,1.1741853795674289,-37.28125381469727,0.93418,-48.0,3.3790283650349897,285.2821737671423,0.0010799999999999,1.0799999999999002,0.0009999999999998,1.0,0.77054,230.0
dSTR_plus_vSTR,QN22.26.036.14.06A.02,QN22.26.036,Pu,STR D1 MSN,D1,18,2,0.1,17,0,0.0,Keep,,,-43.09375381469727,-45.03125381469727,-111.87410485292564,-45.03125381469727,87.87500381469727,53.50000381469727,2.286588891535346,-34.375,0.2796999999999999,-47.71875381469727,4.472766493649811,500.38674769323154,0.0007399999999999,0.7399999999999001,0.00068,1.0000000000000002,0.13544,390.0
dSTR_plus_vSTR,QN22.26.036.14.06A.06,QN22.26.036,Pu,STR D1 MSN,D1,18,2,0.1,17,0,0.0,Keep,,,-47.3125,-47.96875381469727,-114.16444034842858,-47.96875381469727,83.81250381469727,46.31250381469727,1.0117997575904354,-37.5,0.42084,-51.75000381469727,4.064151474487707,463.9815785761298,0.00074,0.74,0.0006599999999999,1.0000000000000002,0.27698,249.9999847412109
dSTR_plus_vSTR,QN22.26.036.14.07B.02,QN22.26.036,Pu,STR D1 MSN,D1,18,2,0.1,17,0,0.0,Keep,,,-39.0,-40.00000381469727,-95.99636423139218,-40.00000381469727,82.8125057220459,57.46875381469727,0.3827811574978748,-25.34375190734864,0.24902,-40.28125,5.037760128418121,483.60665619801097,0.0008399999999999,0.8399999999998999,0.0007599999999999,0.9999999999999996,0.1181999999999999,350.0
dSTR_plus_vSTR,QN22.26.036.14.07B.04,QN22.26.036,Pu,STR D1 MSN,D1,18,2,0.1,17,0,0.0,Keep,,,-43.78125,-48.06250381469727,-115.18371886650512,-48.06250381469727,78.90625381469727,44.93750381469727,2.77020701550758,-33.96875,0.95482,-48.15625381469727,3.604527756973948,415.18291180580144,0.00078,0.78,0.0006999999999999,1.0000000000000002,0.8427600000000001,300.0
dSTR_plus_vSTR,QN22.26.036.14.51B.01,QN22.26.036,Pu,STR D1 MSN,D1,18,2,0.1,17,0,0.0,Keep,,,-46.00000381469727,-46.06250381469727,-96.90724381463544,-46.06250381469727,72.81250381469727,44.21875381469727,-0.55736920712829,-28.59375,0.92104,-48.8125,3.67516570324716,356.15017886375864,0.0010799999999999,1.0799999999999002,0.00092,1.0000000000000002,0.7766799999999999,230.0
dSTR_plus_vSTR,QN23.26.001.14.15B.02,QN23.26.001,Pu,STR D1 MSN,D1,18,2,0.1,17,0,0.0,Keep,,,-46.8125,-47.84375,-81.43178428374333,-47.84375,70.59375762939453,35.218753814697266,0.1069314197023981,-35.375003814697266,0.2373999999999999,-48.40625,3.7031751458340367,301.556159640477,0.0010799999999999,1.0799999999999002,0.00098,1.0000000000000002,0.1005199999999999,239.9999847412109
dSTR_plus_vSTR,QN23.26.003.14.02A.02,QN23.26.003,Pu,STR D1 MSN,D1,18,2,0.1,17,0,0.0,Keep,,,-46.09375,-46.56250381469727,-60.9126970863605,-46.56250381469727,72.46875381469727,32.093753814697266,-0.8310164534082802,-40.375,0.98782,-50.71875,3.64000300195212,221.7224002513524,0.0012999999999998,1.2999999999998,0.0012399999999999,1.0,0.8066600000000002,230.0
dSTR_plus_vSTR,QN23.26.003.14.10B.01,QN23.26.003,Pu,STR D1 MSN,D1,18,2,0.1,17,0,0.0,Keep,,11.475786091347258,,-53.00000381469727,-71.06201344384296,-53.50000381469727,60.75,15.75,-0.251377139696733,-45.0,0.1795399999999999,-53.90625,2.9279846151531936,208.0684820853816,0.00112,1.12,0.0010399999999999,2.0000000000000004,0.0656599999999999,140.0
dSTR_plus_vSTR,QN23.26.008.14.05A.01,QN23.26.008,Pu,STR D1 MSN,D1,19,1,0.05,17,0,0.0,Keep,,6.041565973900433,-52.65625381469727,-53.03125,-87.7558706605633,-53.93750381469727,77.5,40.5,-0.2957804913994151,-37.0,0.3959599999999999,-54.06250381469727,3.4921072592512874,306.4529129756702,0.00098,0.98,0.0008399999999999,3.0,0.28274,200.0
dSTR_plus_vSTR,QN23.26.010.14.02A.02,QN23.26.010,Pu,STR D1 MSN,D1,18,2,0.1,17,0,0.0,Keep,,,-47.53125,-49.40625381469727,-85.88983868977537,-49.40625381469727,83.65625,44.5,0.0429339652060001,-39.15625,0.96666,-53.03125,3.875952013869586,332.90489324056875,0.0009800000000002,0.9800000000002,0.0008999999999999,1.0,0.7882200000000001,210.0
dSTR_plus_vSTR,QN23.26.010.14.02A.04,QN23.26.010,Pu,STR D1 MSN,D1,18,2,0.1,17,0,0.0,Keep,,,-43.0,-43.28125381469727,-70.78655691641677,-43.28125381469727,73.75000762939453,35.281253814697266,-0.4637030600676226,-38.46875381469727,1.10602,-49.59375381469727,3.477829283506111,246.18356052248623,0.0010999999999998,1.0999999999998,0.00106,1.0000000000000002,0.94004,210.0
dSTR_plus_vSTR,QN23.26.016.14.04A.01,QN23.26.016,Pu,STR D1 MSN,D1,18,2,0.1,17,0,0.0,Keep,,2.3436767601012467,,-48.03125,-87.5176970785264,-48.15625381469727,68.43750190734863,42.125,-0.9885454555672684,-26.31250190734864,0.3368799999999999,-50.78125381469727,3.503154543592669,306.5880181654066,0.0008999999999999,0.8999999999999,0.00072,2.0000000000000004,0.2117799999999999,10.0
dSTR_plus_vSTR,QN23.26.016.14.07B.01,QN23.26.016,Pu,STR D1 MSN,D1,18,2,0.1,17,0,0.0,Keep,,1.7105713308244954,,-37.90625,-63.65689464153535,-37.93750381469727,87.37500381469727,49.0625,-0.564879290906152,-38.31250381469727,0.6998800000000001,-48.46875381469727,4.982137639298793,317.1474107944709,0.00126,1.26,0.00126,2.0000000000000004,0.39824,180.0
dSTR_plus_vSTR,QN23.26.019.14.04A.04,QN23.26.019,Pu,STR D1 MSN,D1,19,1,0.05,17,0,0.0,Keep,,1.4535728821443104,-57.15625381469727,-58.68750381469727,-99.29115671998936,-59.40625381469727,95.12500381469728,40.65625381469727,0.4401215075655646,-54.46875,0.39142,-61.96875,4.682045223282543,464.8856860350247,0.0009,0.9,0.0008599999999999,2.0000000000000004,0.2334399999999999,170.0
dSTR_plus_vSTR,QN24.26.001.14.02B.02,QN24.26.001,Pu,STR D1 MSN,D1,0,20,1.0,0,17,1.0,Exclude,,,,,,,,,,,,,,,,,,,,
dSTR_plus_vSTR,QN24.26.005.14v.03.01A.01,QN24.26.005,Pu,STR D1 MSN,D1,19,1,0.05,17,0,0.0,Keep,,5.206164098292377,-49.4375,-50.78125381469727,-88.78850546026925,-53.31250381469727,84.81250381469727,41.15625,1.4510064122640087,-43.65625381469727,0.59954,-53.46875381469727,3.710406103228152,329.44141255628915,0.0010000000000001,1.0000000000001,0.0009199999999998,3.0000000000000004,0.4863799999999999,80.0
dSTR_plus_vSTR,QN24.26.005.14v.03.01A.04,QN24.26.005,Pu,STR D1 MSN,D1,18,2,0.1,17,0,0.0,Keep,,,-50.875,-53.46875381469727,-97.79127780767256,-53.46875381469727,79.28125,36.28125,0.6906486895499826,-43.0,1.04838,-55.03125,3.077259243371173,300.92911355473865,0.0009800000000002,0.9800000000002,0.0009000000000001,1.0000000000000002,0.8947600000000001,140.0
dSTR_plus_vSTR,QN24.26.008.14v.04.01A.04,QN24.26.008,Pu,STR D1 MSN,D1,19,1,0.05,17,0,0.0,Keep,,3.547860640034058,-47.59375381469727,-47.59375381469727,-72.9958520140043,-48.09375,89.46875381469727,50.31250381469727,-0.0427541547505255,-39.15625,0.53604,-52.50000381469727,5.863211704626528,427.9901339176959,0.00116,1.16,0.00106,3.0000000000000004,0.37466,150.0
dSTR_plus_vSTR,QN25.26.003.14v.07A.01,QN25.26.003,Pu,STR D1 MSN,D1,19,1,0.05,17,0,0.0,Keep,,13.075313807531362,-47.21875,-48.5625,-98.23013924006396,-51.21875,85.03125381469727,46.84375381469727,1.5131897606603462,-38.1875,0.1854999999999999,-51.34375381469727,3.942837790319806,387.3055051441006,0.0009199999999999,0.9199999999999,0.00082,12.0,0.0729199999999999,300.0
dSTR_plus_vSTR,QN25.26.005.14v.04A.02,QN25.26.005,Pu,STR D1 MSN,D1,18,2,0.1,17,0,0.0,Keep,,4.404510218463707,,-48.43750381469727,-80.94167862922171,-49.40625381469727,91.50000381469728,48.0,-0.6445704041266203,-43.50000381469727,0.3735799999999999,-56.84375381469727,4.2976924194955215,347.8624386660488,0.0010799999999999,1.0799999999999002,0.001,4.000000000000001,0.2102799999999999,140.0
dSTR_plus_vSTR,Q19.26.014.11.04.01,Q19.26.014,Pu,STR D2 MSN,D2,0,20,1.0,0,17,1.0,Exclude,,,,,,,,,,,,,,,,,,,,
dSTR_plus_vSTR,Q19.26.014.11.01.05,Q19.26.014,Pu,STR D2 MSN,D2,12,8,0.4,12,5,0.29411764705882354,Keep,,,,,-84.02582299,-58.5,96.56874847,49.53749847,,-47.03125,0.00266,-58.59375,4.979018565,418.3661326,0.00114,1.14,,,,200.0
dSTR_plus_vSTR,Q19.26.014.11.02.01,Q19.26.014,Pu,STR D2 MSN,D2,12,8,0.4,12,5,0.29411764705882354,Keep,,,,,-62.25073947,-53.43124771,88.58124924,45.39374924,,-43.1875,0.00332,-53.53125,5.862662261,364.955061,0.00126,1.26,,,,150.0
dSTR_plus_vSTR,Q19.26.014.11.02.02,Q19.26.014,Pu,STR D2 MSN,D2,12,8,0.4,12,5,0.29411764705882354,Keep,,,,,-75.85016945,-52.34375,83.43124771,36.29999924,,-47.13124847,0.00298,-53.79375076,3.617621311,274.3971895,0.00118,1.1800000000000002,,,,100.0
dSTR_plus_vSTR,Q19.26.014.11.05.01,Q19.26.014,Pu,STR D2 MSN,D2,12,8,0.4,12,5,0.29411764705882354,Keep,,,,,-81.09662508,-58.46249771,97.3125,54.20000076,,-43.11249924,0.00286,-58.59375,5.587988001,453.1669679,0.00112,1.12,,,,150.0
dSTR_plus_vSTR,Q19.26.014.1A.03.05,Q19.26.014,Pu,STR D2 MSN,D2,12,8,0.4,12,5,0.29411764705882354,Keep,,,,,-59.9324638,-52.54375076,79.51249695,36.00624847,,-43.50624847,0.02638,-57.63124847,3.620369718,216.9776771,0.00132,1.32,,,,250.0
dSTR_plus_vSTR,Q19.26.019.11.03.03,Q19.26.019,Pu,STR D2 MSN,D2,0,20,1.0,0,17,1.0,Exclude,,,,,,,,,,,,,,,,,,,,
dSTR_plus_vSTR,Q19.26.019.11.08.01,Q19.26.019,Pu,STR D2 MSN,D2,12,8,0.4,12,5,0.29411764705882354,Keep,,,,,-97.47891955,-61.36249924,106.3312492,58.54375076,,-47.78749847,0.03566,-61.75624847,6.498475339,633.4643547,0.00112,1.12,,,,150.0
dSTR_plus_vSTR,Q20.26.003.11.03.01,Q20.26.003,Pu,STR D2 MSN,D2,12,8,0.4,12,5,0.29411764705882354,Keep,,,,,-81.49921802,-51.76250076,79.65625,42.51250076,,-37.14374924,0.00262,-51.85625076,3.444591588,280.7315208,0.00126,1.26,,,,150.0
dSTR_plus_vSTR,Q20.26.003.11.04.01,Q20.26.003,Pu,STR D2 MSN,D2,12,8,0.4,12,5,0.29411764705882354,Keep,,,,,-65.3573092,-51.33749771,95.33124924,56.28125,,-39.04999924,0.00384,-51.53125,7.010099947,458.1612698,0.00126,1.26,,,,100.0
dSTR_plus_vSTR,Q20.26.009.12.01.02,Q20.26.009,Pu,STR D2 MSN,D2,0,20,1.0,0,17,1.0,Exclude,,,,,,,,,,,,,,,,,,,,
dSTR_plus_vSTR,Q20.26.009.12.09.01,Q20.26.009,Pu,STR D2 MSN,D2,0,20,1.0,0,17,1.0,Exclude,,,,,,,,,,,,,,,,,,,,
dSTR_plus_vSTR,Q20.26.009.12.02.02,Q20.26.009,Pu,STR D2 MSN,D2,12,8,0.4,12,5,0.29411764705882354,Keep,,,,,-78.17930839,-58.32500076,84.51249695,38.54999924,,-45.96249771,0.00296,-58.58124924,4.577861382,357.8940368,0.00112,1.12,,,,150.0
dSTR_plus_vSTR,Q21.26.009.12.02.03,Q21.26.009,Pu,STR D2 MSN,D2,18,2,0.1,17,0,0.0,Keep,,,-61.06250381469727,-60.87500381469727,-69.26784604917441,-60.87500381469727,82.46875762939453,33.875003814697266,-0.0655524170194579,-48.59375381469727,0.2776399999999999,-63.03125762939453,4.3473980574821285,301.134899360152,0.001305,1.305,0.0011849999999999,0.9999999999999998,0.13732,190.0
dSTR_plus_vSTR,Q21.26.013.12.01.01,Q21.26.013,Pu,STR D2 MSN,D2,18,2,0.1,17,0,0.0,Keep,,,-48.34375,-50.5,-85.93153393549194,-50.5,94.43750762939452,55.15625381469727,0.0889314107163699,-39.28125381469727,0.7710300000000001,-53.40625381469727,5.8403157602624765,501.8672919469834,0.0010499999999999,1.0499999999999,0.00093,0.9999999999999998,0.4383100000000001,230.0
dSTR_plus_vSTR,Q21.26.013.12.01.02,Q21.26.013,Pu,STR D2 MSN,D2,17,3,0.15,17,0,0.0,Keep,,,,-43.25000381469727,-71.1832709580873,-43.25000381469727,96.18750762939452,60.34375381469727,-0.2302285951878047,-35.843753814697266,0.64951,-49.59375381469727,6.935626587931719,493.7005866728581,0.0011799999999999,1.1799999999999,0.001085,0.9999999999999998,0.370595,170.0
dSTR_plus_vSTR,Q21.26.013.12.02.02,Q21.26.013,Pu,STR D2 MSN,D2,18,2,0.1,17,0,0.0,Keep,,2.5024398788819093,,-49.21875,-94.15382942348737,-49.75000381469727,87.65625,49.625,0.3903828256088109,-38.03125,0.3810999999999999,-53.00000381469727,4.623192149545448,435.291245040308,0.00094,0.94,0.0008449999999999,2.0,0.22643,280.0
dSTR_plus_vSTR,Q21.26.013.12.02.03,Q21.26.013,Pu,STR D2 MSN,D2,18,2,0.1,17,0,0.0,Keep,,,-52.75000381469727,-52.46875381469727,-86.97661992677587,-52.46875381469727,92.18750762939452,51.00000381469727,-0.4172059379251827,-41.18750381469727,0.4638549999999999,-55.93750381469727,5.006871879555954,435.4807924902001,0.0010299999999999,1.0299999999999,0.000945,0.9999999999999998,0.32241,270.0
dSTR_plus_vSTR,Q21.26.015.12.03.03,Q21.26.015,Pu,STR D2 MSN,D2,17,3,0.15,17,0,0.0,Keep,,,,-48.25,-59.76597808156733,-48.25,66.65625190734863,35.5,-0.4787638550763417,-31.15625190734864,0.3613599999999999,-50.59375381469727,4.1619639583623,248.74384671175443,0.001445,1.445,0.00126,0.9999999999999998,0.23059,130.0
dSTR_plus_vSTR,Q21.26.015.12.04.03,Q21.26.015,Pu,STR D2 MSN,D2,18,2,0.1,17,0,0.0,Keep,,,-57.37500381469727,-58.50000381469727,-99.11576376442862,-58.50000381469727,87.75,45.0,-0.7083016896924259,-42.75,0.208845,-58.96875381469727,4.66991157755701,462.8618527219108,0.0008899999999999,0.8899999999999,0.00078,0.9999999999999998,0.09577,290.0
dSTR_plus_vSTR,Q21.26.003.12.02.01,QM21.26.003,Pu,STR D2 MSN,D2,0,20,1.0,0,17,1.0,Exclude,,,,,,,,,,,,,,,,,,,,
dSTR_plus_vSTR,Q21.26.003.12.02.02,QM21.26.003,Pu,STR D2 MSN,D2,0,20,1.0,0,17,1.0,Exclude,,,,,,,,,,,,,,,,,,,,
dSTR_plus_vSTR,QM22.26.003.14.07.05,QM22.26.003,Pu,STR D2 MSN,D2,18,2,0.1,17,0,0.0,Keep,,,-47.03125381469727,-47.375,-79.37755482381209,-47.375,82.09375762939453,47.59375381469727,0.0043285290203414,-34.500003814697266,0.7374750000000001,-48.31250381469727,3.9580779576837433,314.1825500829636,0.0011750000000001,1.1750000000001,0.0010699999999999,0.9999999999999998,0.6048550000000001,170.0
dSTR_plus_vSTR,QM22.26.003.14.07.09,QM22.26.003,Pu,STR D2 MSN,D2,19,1,0.05,17,0,0.0,Keep,,3.19386777387416,-45.50000381469727,-46.4375,-93.99050037909888,-46.75,97.31250762939452,56.75000381469727,-0.0477976474112717,-40.56250381469727,0.597585,-52.40625,4.937267608061137,464.0562529871829,0.0010000000000001,1.0000000000001,0.00095,2.0,0.432225,239.9999847412109
dSTR_plus_vSTR,QM22.26.003.14.07.12,QM22.26.003,Pu,STR D2 MSN,D2,19,1,0.05,17,0,0.0,Keep,,3.9159634249016095,-46.15625381469727,-48.90625,-79.16595337915805,-50.0,92.53125762939452,50.12500381469727,1.8664397658389416,-42.40625381469727,0.629065,-50.71875,5.398510919312695,427.3782637551845,0.0010700000000001,1.0700000000001,0.0010099999999999,3.0,0.46876,280.0
dSTR_plus_vSTR,QM22.26.003.14.08.01,QM22.26.003,Pu,STR D2 MSN,D2,19,1,0.05,17,0,0.0,Keep,,2.9062586279553013,-41.53125381469727,-41.90625381469727,-63.25758093113355,-41.90625381469727,82.00000762939453,45.34375381469727,-0.6247164151376979,-36.65625381469727,0.482975,-45.90625381469727,5.367793091574524,339.553605911855,0.0011649999999999,1.1649999999999,0.0011149999999999,2.0,0.24768,140.0
dSTR_plus_vSTR,QM22.26.003.14.55.04,QM22.26.003,Pu,STR D2 MSN,D2,18,2,0.1,17,0,0.0,Keep,,3.4359538207806484,,-53.15625381469727,-101.0658150794138,-53.90625,96.50000762939452,50.90625381469727,-0.1861583234313982,-45.59375381469727,0.29924,-61.62500381469727,6.310932403549811,637.8195272758456,0.0008199999999999,0.8199999999999,0.0007599999999999,3.0,0.12658,210.0
dSTR_plus_vSTR,QM22.26.031.14.02.03,QM22.26.031,Pu,STR D2 MSN,D2,18,2,0.1,17,0,0.0,Keep,,,-52.15625,-52.12500381469727,-102.92170674330252,-52.12500381469727,102.68750762939452,55.68750381469727,-0.6883665787138746,-47.00000381469727,0.78984,-61.09375,4.952083083210316,509.6768428586414,0.0009399999999999,0.9399999999999,0.0008999999999999,0.9999999999999996,0.59778,4.0
dSTR_plus_vSTR,QM25.26.006.14v.15A.04,QM25.26.006,Pu,STR D2 MSN,D2,19,1,0.05,17,0,0.0,Keep,,1.931546009425944,-48.71875,-48.46875381469727,-67.97444874627816,-49.00000381469727,77.59375381469727,38.65625381469727,-0.5272252901617648,-38.9375,0.5593799999999999,-55.1875,4.472417882906087,304.0101401535377,0.00126,1.26,0.0011599999999999,1.9999999999999991,0.36844,270.0
dSTR_plus_vSTR,QN21.26.028.14.01.07,QN21.26.028,Pu,STR D2 MSN,D2,0,20,1.0,0,17,1.0,Exclude,,,,,,,,,,,,,,,,,,,,
dSTR_plus_vSTR,QN21.26.028.14.53.01,QN21.26.028,Pu,STR D2 MSN,D2,18,2,0.1,17,0,0.0,Keep,,,-47.81250381469727,-47.59375381469727,-73.39081971750942,-47.59375381469727,102.18750762939452,59.15625381469727,-0.1874475839355942,-43.03125381469727,1.0135,-54.5625,6.554570100611228,481.04527257973615,0.0012,1.2,0.00116,1.0,0.8127200000000001,220.0
dSTR_plus_vSTR,QN21.26.028.14.53.03,QN21.26.028,Pu,STR D2 MSN,D2,18,2,0.1,17,0,0.0,Keep,,,-54.75000381469727,-54.12500381469727,-77.16388584709428,-54.12500381469727,98.87500762939452,52.65625381469727,-0.5380226595194719,-46.21875381469727,0.4252599999999999,-58.78125,6.854273927721539,528.9024109234193,0.0010999999999999,1.0999999999999002,0.00102,1.0,0.26656,150.0
dSTR_plus_vSTR,QN21.26.028.14.53.07,QN21.26.028,Pu,STR D2 MSN,D2,18,2,0.1,17,0,0.0,Keep,,2.276245106073022,,-50.06250381469727,-86.25722283681448,-50.5,102.00000381469728,51.18750381469727,-0.7221477019062842,-50.8125,0.4222999999999999,-65.40625762939453,5.313008693735481,458.28537482947394,0.00098,0.98,0.00098,2.0,0.23108,40.0
dSTR_plus_vSTR,QN22.26.002.14.01.05,QN22.26.002,Pu,STR D2 MSN,D2,18,2,0.1,17,0,0.0,Keep,,2.791346824842987,,-50.0,-69.25006272087339,-51.18750381469727,99.81250762939452,50.31250381469727,-0.3844437705513451,-49.50000381469727,0.76573,-55.31250381469727,6.6846833751048615,462.91474299519126,0.00123,1.23,0.0012050000000001,2.0,0.5860250000000002,220.0
dSTR_plus_vSTR,QN22.26.002.14.06.03,QN22.26.002,Pu,STR D2 MSN,D2,18,2,0.1,17,0,0.0,Keep,,151.17157974301,,-48.34375,-87.76170996642196,-51.96875381469727,98.25000381469728,39.25,-0.4589623363998719,-59.00000381469727,0.3275099999999999,-52.84375381469727,4.877912894970383,428.0939767298605,0.0009449999999999,0.9449999999999,0.0010199999999999,6.999999999999998,0.212065,32.0
dSTR_plus_vSTR,QN22.26.009.14.3B.02,QN22.26.009,Pu,STR D2 MSN,D2,19,1,0.05,17,0,0.0,Keep,,2.6128421190149576,-53.1875,-54.40625,-112.56745397927732,-54.81250381469727,81.87500762939453,48.75000381469727,1.2851389708516698,-33.125003814697266,0.2686249999999999,-54.90625381469727,4.045878237262533,455.43421227880987,0.000825,0.825,0.000695,2.0,0.156185,180.0
dSTR_plus_vSTR,QN22.26.010.14.01.04,QN22.26.010,Pu,STR D2 MSN,D2,18,2,0.1,17,0,0.0,Keep,,4.215318467310204,,-45.53125,-77.70739496390998,-45.71875,91.03125381469728,52.03125381469727,-0.221022548581091,-39.0,0.3633099999999999,-50.71875,5.474013620086251,425.371338413865,0.00101,1.01,0.0009549999999999,3.999999999999999,0.208465,220.0
dSTR_plus_vSTR,QN22.26.010.14.08.04,QN22.26.010,Pu,STR D2 MSN,D2,19,1,0.05,17,0,0.0,Keep,,3.69242130527093,-45.65625381469727,-45.84375381469727,-78.00295319503499,-46.75,86.09375381469727,48.65625,0.1584714051692081,-37.43750381469727,0.4150099999999999,-49.6875,4.355338717207765,339.729282106881,0.00118,1.1800000000000002,0.0011099999999999,3.0,0.244385,150.0
dSTR_plus_vSTR,QN22.26.010.14.08.05,QN22.26.010,Pu,STR D2 MSN,D2,19,1,0.05,17,0,0.0,Keep,,3.567860710717853,-51.75000381469727,-54.78125381469727,-79.0987584169242,-55.65625381469727,92.81250381469728,52.28125381469727,0.5594740418248458,-40.53125,0.3118999999999999,-56.0,5.425814348981808,429.17517840519287,0.001125,1.125,0.0009949999999999,3.0,0.1985799999999999,130.0
dSTR_plus_vSTR,QN22.26.010.14.08.06,QN22.26.010,Pu,STR D2 MSN,D2,19,1,0.05,17,0,0.0,Keep,,2.0902354650251347,-45.9375,-46.00000381469727,-76.59888791453238,-46.65625,87.09375,48.65625,-0.5406004823520162,-38.4375,0.5610649999999999,-52.18750381469727,5.465013818760153,418.6139809545795,0.001015,1.015,0.00095,2.0,0.3472,220.0
dSTR_plus_vSTR,QN22.26.010.14.51.05,QN22.26.010,Pu,STR D2 MSN,D2,19,1,0.05,17,0,0.0,Keep,,2.966522790311335,-52.15625,-53.06250381469727,-109.41036558862098,-53.90625,78.8750057220459,51.34375381469727,0.2671360954036125,-27.53125190734864,0.4362,-54.40625,4.392190673767945,480.55118735188233,0.0008049999999999,0.8049999999999,0.000645,2.0,0.32302,180.0
dSTR_plus_vSTR,QN22.26.010.14.54.02,QN22.26.010,Pu,STR D2 MSN,D2,17,3,0.15,17,0,0.0,Keep,,,,-52.5625,-84.91437330017895,-52.5625,99.00000762939452,54.53125381469727,-0.209415352574687,-44.46875381469727,0.5998600000000001,-60.09375381469727,6.544208309596629,555.6973473552212,0.00096,0.96,0.0008949999999998,0.9999999999999998,0.403105,119.99999237060548
dSTR_plus_vSTR,QN22.26.010.14.54.07,QN22.26.010,Pu,STR D2 MSN,D2,18,2,0.1,17,0,0.0,Keep,,1.4366164808642683,,-48.62500381469727,-91.40180898539988,-48.78125381469727,91.12500381469728,53.75,-0.4149282698720742,-37.37500381469727,0.4019949999999999,-53.90625,5.202954171985906,475.5594233876451,0.000885,0.885,0.0008049999999999,2.0,0.242715,340.0
dSTR_plus_vSTR,QN22.26.011.14.3A.07,QN22.26.011,Pu,STR D2 MSN,D2,19,1,0.05,17,0,0.0,Keep,,3.810176982720847,-47.375,-47.53125,-85.40789269088445,-48.25,96.09375762939452,54.50000381469727,0.0564859468662208,-41.59375381469727,0.3733699999999999,-53.96875381469727,5.526250676611324,471.98542477094753,0.001105,1.105,0.0010449999999999,3.0,0.2072,190.0
dSTR_plus_vSTR,QN22.26.014.14.2B.02,QN22.26.014,Pu,STR D2 MSN,D2,18,2,0.1,17,0,0.0,Keep,,,-59.87500381469727,-60.00000381469727,-99.49728217356126,-60.00000381469727,102.28125381469728,55.34375,-0.6977036051506269,-46.93750381469727,0.30644,-62.78125381469727,5.943114082752554,591.3236988812965,0.000985,0.985,0.00089,0.9999999999999998,0.154015,150.0
dSTR_plus_vSTR,QN22.26.014.14.4A.02,QN22.26.014,Pu,STR D2 MSN,D2,18,2,0.1,17,0,0.0,Keep,,,-54.84375381469727,-55.96875381469727,-107.8705865965989,-55.96875381469727,99.68750381469728,51.75000381469727,0.5099329207547738,-47.9375,0.559885,-64.25,5.348773659442995,576.9753522165528,0.000855,0.855,0.0008099999999999,0.9999999999999998,0.36612,110.0
dSTR_plus_vSTR,QN22.26.014.14.4A.06,QN22.26.014,Pu,STR D2 MSN,D2,19,1,0.05,17,0,0.0,Keep,,2.1920210434020166,-50.18750381469727,-50.09375,-103.24649184233868,-50.5,104.25,64.53125,-0.0753121765436799,-39.71875,0.3718099999999999,-55.96875381469727,6.760253467188536,697.9724544522229,0.0008799999999999,0.8799999999999,0.0008099999999999,2.0,0.200295,200.0
dSTR_plus_vSTR,QN22.26.014.14.5B.02,QN22.26.014,Pu,STR D2 MSN,D2,18,2,0.1,17,0,0.0,Keep,,1.946680423208323,,-55.00000381469727,-84.48518432419266,-55.1875,95.00000762939452,55.31250381469727,0.1920560031892869,-39.68750381469727,0.3826049999999999,-61.00000381469727,6.452606498084139,545.1496493621217,0.0010599999999999,1.0599999999999,0.0009449999999999,2.0,0.208175,119.99999237060548
dSTR_plus_vSTR,QN22.26.015.14.01B.04,QN22.26.015,Pu,STR D2 MSN,D2,18,2,0.1,17,0,0.0,Keep,,,-59.56250381469727,-62.0625,-84.88241331757918,-62.0625,92.06250381469728,48.96875,-0.2561791705102493,-43.09375381469727,0.1752749999999999,-62.28125381469727,6.1743352885770815,524.0924799263144,0.0011099999999999,1.1099999999999,0.000935,0.9999999999999998,0.061875,140.0
dSTR_plus_vSTR,QN22.26.015.14.01B.06,QN22.26.015,Pu,STR D2 MSN,D2,18,2,0.1,17,0,0.0,Keep,,,-57.65625,-58.25000381469727,-95.13923302370118,-58.25000381469727,102.71875381469728,56.0,-0.0091727427800346,-46.71875381469727,0.3709199999999999,-61.71875381469727,6.467655553142566,615.3277887874656,0.0010299999999999,1.0299999999999,0.00094,0.9999999999999998,0.21736,260.0
dSTR_plus_vSTR,QN22.26.015.14.01B.07,QN22.26.015,Pu,STR D2 MSN,D2,18,2,0.1,17,0,0.0,Keep,,,-50.37500381469727,-50.37500381469727,-88.69892722059652,-50.37500381469727,99.25000381469728,53.37500381469727,0.2678348330246156,-45.875,1.10379,-62.53125381469727,5.810066909031495,515.3467019109808,0.00102,1.02,0.0009799999999999,0.9999999999999998,0.8770150000000001,150.0
dSTR_plus_vSTR,QN22.26.015.14.05B.03,QN22.26.015,Pu,STR D2 MSN,D2,19,1,0.05,17,0,0.0,Keep,,3.419387929560608,-56.37500381469727,-57.4375,-87.28646399960469,-57.65625,95.37500381469728,51.03125381469727,0.6386236881781655,-44.34375,0.25833,-58.12500381469727,5.52948932553841,482.6495709498069,0.0010949999999999,1.0949999999999,0.00097,2.0,0.1449949999999999,290.0
dSTR_plus_vSTR,QN22.26.015.14.05B.04,QN22.26.015,Pu,STR D2 MSN,D2,18,2,0.1,17,0,0.0,Keep,,,-49.09375381469727,-51.03125381469727,-68.58293449207704,-51.03125381469727,75.4375,41.78125,-0.0712872506918975,-33.65625,0.490095,-55.31250381469727,4.561672877294231,312.85291211775484,0.0012349999999999,1.2349999999999,0.00107,0.9999999999999998,0.319255,170.0
dSTR_plus_vSTR,QN22.26.015.14.06B.01,QN22.26.015,Pu,STR D2 MSN,D2,18,2,0.1,17,0,0.0,Keep,,,-54.09375381469727,-54.90625381469727,-77.82433939952075,-54.90625381469727,89.28125381469727,40.03125,-0.276183219257187,-49.25000381469727,0.3417149999999999,-59.93750381469727,4.572437866797208,355.84695642884657,0.0012149999999999,1.2149999999999,0.00117,0.9999999999999998,0.1622449999999999,140.0
dSTR_plus_vSTR,QN22.26.015.14.06B.03,QN22.26.015,Pu,STR D2 MSN,D2,18,2,0.1,17,0,0.0,Keep,,3.4479786225325384,,-54.12500381469727,-81.27223893042745,-54.50000381469727,91.21875381469728,48.34375,-0.2643151605962849,-42.87500381469727,0.427745,-60.25000381469727,6.192517594528382,503.2797695233865,0.001035,1.035,0.000925,3.0,0.25891,160.0
dSTR_plus_vSTR,QN22.26.020.14.02.04,QN22.26.020,Pu,STR D2 MSN,D2,19,1,0.05,17,0,0.0,Keep,,4.177458434288577,-46.46875381469727,-49.28125,-96.27112415005456,-49.71875381469727,84.12500381469727,43.59375381469727,0.714570515447828,-40.53125,0.4723,-50.875,4.183141989090296,402.715781769018,0.001,1.0,0.00092,3.0,0.30732,300.0
dSTR_plus_vSTR,QN22.26.020.14.52B.02,QN22.26.020,Pu,STR D2 MSN,D2,18,2,0.1,17,0,0.0,Keep,,2.321478317392516,,-43.68750381469727,-71.35995620568747,-45.03125381469727,82.12500762939453,47.56250381469727,-1.1867480138484874,-34.562503814697266,0.7061599999999999,-53.59375,4.8789972124278345,348.1650274065215,0.00112,1.12,0.0010000000000001,2.0000000000000004,0.5455599999999999,400.0
dSTR_plus_vSTR,QN22.26.021.14.06B.02,QN22.26.021,Pu,STR D2 MSN,D2,18,2,0.1,17,0,0.0,Keep,,3.801703163017031,,-47.21875,-86.99490329694446,-48.5,87.46875,49.4375,0.2821535272531881,-38.03125,0.23614,-53.03125,4.829409691768082,420.1340291166906,0.00094,0.94,0.0008799999999999,4.000000000000001,0.0988599999999999,180.0
dSTR_plus_vSTR,QN22.26.021.14.08B.02,QN22.26.021,Pu,STR D2 MSN,D2,18,2,0.1,17,0,0.0,Keep,,,-52.96875,-52.78125381469727,-84.6008356007601,-52.78125381469727,92.09375381469728,54.68750381469727,-0.4750300949013156,-37.40625,0.21292,-54.37500381469727,5.5658648246207045,470.8768150037897,0.0010599999999999,1.0599999999999,0.0009199999999999,1.0000000000000002,0.08282,210.0
dSTR_plus_vSTR,QN22.26.021.14.08B.05,QN22.26.021,Pu,STR D2 MSN,D2,18,2,0.1,17,0,0.0,Keep,,,-54.34375381469727,-56.0,-100.3779096362514,-56.0,98.31250381469728,57.46875381469727,-0.4590583858777491,-40.84375,0.2949999999999999,-56.0625,5.377886453286917,539.8210004420547,0.0009799999999999,0.9799999999999,0.0008799999999999,1.0000000000000002,0.1817999999999999,210.0
dSTR_plus_vSTR,QN22.26.027.14.04.03,QN22.26.027,Pu,STR D2 MSN,D2,19,1,0.05,17,0,0.0,Keep,,2.437716347325825,-55.15625381469727,-54.84375381469727,-78.803836012056,-55.53125381469727,94.68750381469728,50.90625381469727,0.4690839912849325,-43.78125,0.5665199999999999,-61.00000381469727,5.608827201719518,441.99709902426383,0.00116,1.16,0.00104,2.0000000000000004,0.3828999999999999,110.0
dSTR_plus_vSTR,QN22.26.028.14.03.01,QN22.26.028,Pu,STR D2 MSN,D2,18,2,0.1,17,0,0.0,Keep,,,-49.00000381469727,-49.6875,-64.62081600524691,-49.6875,85.21875381469727,49.0625,-0.4774060161200266,-36.15625381469727,0.2537,-49.84375,4.696512509131692,303.4924707189396,0.0013799999999999,1.3799999999999,0.0011999999999999,1.0,0.13946,230.0
dSTR_plus_vSTR,QN22.26.028.14.04.03,QN22.26.028,Pu,STR D2 MSN,D2,19,1,0.05,17,0,0.0,Keep,,2.6772328121653453,-57.09375381469727,-57.46875381469727,-94.32283428112224,-58.40625381469727,96.06250381469728,45.25000381469727,0.292548490010765,-50.8125,0.5112399999999999,-63.18750381469727,5.415771092901558,510.8308793002459,0.0009399999999999,0.9399999999999,0.0008799999999999,2.0000000000000004,0.3208599999999999,249.9999847412109
dSTR_plus_vSTR,QN22.26.028.14.54B.05,QN22.26.028,Pu,STR D2 MSN,D2,18,2,0.1,17,0,0.0,Keep,,,-51.21875,-51.56250381469727,-82.21984569854436,-51.56250381469727,96.46875381469728,54.03125381469727,-0.8070114237670823,-42.4375,0.3992199999999999,-55.87500381469727,5.991047077960656,492.5829663226402,0.0009599999999999,0.9599999999999,0.0009,1.0,0.23928,180.0
dSTR_plus_vSTR,QN22.26.036.14.01B.05,QN22.26.036,Pu,STR D2 MSN,D2,18,2,0.1,17,0,0.0,Keep,,3.554923569143263,,-51.46875381469727,-106.4107010570346,-51.9375,95.96875381469728,56.34375381469727,-1.5281443217019224,-39.625,0.41394,-55.21875381469727,5.520927421815279,587.4857574403705,0.0008399999999999,0.8399999999998999,0.00078,3.0,0.2656400000000001,150.0
dSTR_plus_vSTR,QN22.26.036.14.02B.02,QN22.26.036,Pu,STR D2 MSN,D2,19,1,0.05,17,0,0.0,Keep,,2.71414612962762,-53.03125,-54.09375381469727,-94.29196398127966,-55.15625381469727,88.68750762939453,49.40625381469727,0.4039654213610699,-39.28125381469727,0.5612199999999999,-56.18750381469727,5.059409450119016,477.0616536371682,0.0009,0.9,0.00082,2.0000000000000004,0.39332,230.0
dSTR_plus_vSTR,QN22.26.036.14.02B.03,QN22.26.036,Pu,STR D2 MSN,D2,17,3,0.15,17,0,0.0,Keep,,,,-48.28125381469727,-66.07885725010564,-48.28125381469727,78.12500381469727,45.9375,0.1739857161501526,-32.187503814697266,0.2982399999999999,-49.15625381469727,5.147741789903621,340.1568948954447,0.00116,1.16,0.001,1.0000000000000002,0.1705799999999999,190.0
dSTR_plus_vSTR,QN22.26.036.14.02B.04,QN22.26.036,Pu,STR D2 MSN,D2,19,1,0.05,17,0,0.0,Keep,,2.840263576459895,-53.00000381469727,-54.28125381469727,-103.1468103349504,-54.78125381469727,94.125,51.9375,0.7322643670627756,-42.1875,0.41184,-56.53125381469727,5.562472880103784,573.7513351573704,0.0008599999999999,0.8599999999999001,0.00078,1.9999999999999991,0.251,290.0
dSTR_plus_vSTR,QN22.26.036.14.04B.05,QN22.26.036,Pu,STR D2 MSN,D2,19,1,0.05,17,0,0.0,Keep,,3.073329645337759,-52.37500381469727,-52.93750381469727,-92.55880971149074,-53.1875,78.78125381469727,35.375003814697266,-0.0194614992622437,-43.40625,0.39524,-56.34375381469727,3.832435378759542,354.7256569541894,0.0010999999999999,1.0999999999999002,0.00102,3.0000000000000004,0.2127,170.0
dSTR_plus_vSTR,QN22.26.036.14.04B.07,QN22.26.036,Pu,STR D2 MSN,D2,19,1,0.05,17,0,0.0,Keep,,3.313013517095151,-46.34375,-45.96875381469727,-81.00311490360733,-46.84375381469727,91.78125381469728,52.8125,-0.2106202525953542,-38.96875381469727,0.5952999999999999,-51.53125,5.855587472816046,474.3208248886418,0.00102,1.02,0.00096,2.0,0.4122,119.99999237060548
dSTR_plus_vSTR,QN22.26.036.14.05B.04,QN22.26.036,Pu,STR D2 MSN,D2,17,3,0.15,17,0,0.0,Keep,,,,-52.3125,-64.57502505061512,-52.3125,87.34375762939453,42.09375381469727,-0.5310876289399158,-45.25000381469727,1.0581199999999995,-56.90625381469727,6.2387834142674246,402.869595261681,0.0012,1.2,0.0011400000000001,1.0000000000000002,0.87378,90.0
dSTR_plus_vSTR,QN22.26.036.14.06A.03,QN22.26.036,Pu,STR D2 MSN,D2,18,2,0.1,17,0,0.0,Keep,,,-40.46875381469727,-42.00000381469727,-119.3754124207466,-42.00000381469727,87.62500762939453,55.53125381469727,2.7883868132493888,-32.093753814697266,0.8006,-45.375,4.116606107797818,491.4215518921289,0.0007399999999999,0.7399999999999001,0.00068,1.0000000000000002,0.6330999999999999,280.0
dSTR_plus_vSTR,QN22.26.036.14.06A.04,QN22.26.036,Pu,STR D2 MSN,D2,19,1,0.05,17,0,0.0,Keep,,4.585052728106374,-50.78125381469727,-52.09375,-108.09974284672536,-52.50000381469727,88.18750381469727,50.21875381469727,0.7854402570365654,-37.96875,0.3611999999999999,-54.0,5.133201225952462,554.8977325059565,0.00078,0.78,0.0007,4.000000000000001,0.21262,190.0
dSTR_plus_vSTR,QN22.26.036.14.06A.05,QN22.26.036,Pu,STR D2 MSN,D2,18,2,0.1,17,0,0.0,Keep,,,-51.06250381469727,-51.40625381469727,-104.34014467618226,-51.40625381469727,87.93750381469727,49.50000381469727,0.1978466874534643,-38.4375,0.2317199999999999,-52.84375381469727,5.147651673163726,537.1067203204949,0.0008199999999999,0.8199999999999,0.0007399999999999,1.0,0.09994,160.0
dSTR_plus_vSTR,QN22.26.036.14.06A.08,QN22.26.036,Pu,STR D2 MSN,D2,18,2,0.1,17,0,0.0,Keep,,,-49.0625,-50.12500381469727,-123.4848654915184,-50.12500381469727,95.84375381469728,57.34375,1.2276193684391947,-38.50000381469727,0.9719,-55.28125,5.296443250352728,654.0305823532672,0.00072,0.7200000000000001,0.0006400000000001,1.0,0.8149200000000001,180.0
dSTR_plus_vSTR,QN22.26.036.14.07B.03,QN22.26.036,Pu,STR D2 MSN,D2,18,2,0.1,17,0,0.0,Keep,,,-46.90625,-49.4375,-118.3326556434499,-49.4375,92.03125,55.59375,1.1505195477087464,-36.4375,1.01998,-49.84375,5.222170886544791,617.9533492287542,0.0006999999999999,0.6999999999999,0.0006399999999999,1.0,0.8769600000000002,170.0
dSTR_plus_vSTR,QN22.26.036.14.51B.02,QN22.26.036,Pu,STR D2 MSN,D2,19,1,0.05,17,0,0.0,Keep,,3.823506920547525,-47.84375,-50.37500381469727,-103.25673002553197,-50.40625,89.00000762939453,51.78125381469727,1.7025742591270914,-37.21875381469727,0.8601999999999999,-50.5625,5.060700397919847,522.5513747281118,0.00092,0.92,0.00082,2.0,0.70878,249.9999847412109
dSTR_plus_vSTR,QN23.26.008.14.06B.01,QN23.26.008,Pu,STR D2 MSN,D2,17,3,0.15,17,0,0.0,Keep,,,,-60.50000381469727,-94.57658813433788,-60.50000381469727,85.53125381469727,41.59375381469727,0.1505458835995115,-43.9375,0.18784,-60.625,4.141280738771037,391.66820277941486,0.0009799999999999,0.9799999999999,0.0008599999999999,1.0000000000000002,0.0747999999999999,160.0
dSTR_plus_vSTR,QN23.26.017.14v.05A.02,QN23.26.017,Pu,STR D2 MSN,D2,18,2,0.1,17,0,0.0,Keep,,1.9288635136177763,,-48.06250381469727,-69.32045595964098,-49.375,83.68750762939453,50.78125381469727,-1.0907721043625735,-32.906253814697266,0.5557999999999998,-51.25000381469727,5.622336640800473,389.742939498885,0.0012199999999999,1.2199999999999,0.00102,2.0,0.4344,300.0
dSTR_plus_vSTR,QN23.26.017.14v.05A.03,QN23.26.017,Pu,STR D2 MSN,D2,18,2,0.1,17,0,0.0,Keep,,2.592823065753993,,-45.0,-63.84634805906827,-47.03125381469727,74.7187557220459,44.00000381469727,-0.7013804801591397,-30.71875190734864,0.4856999999999999,-49.75000381469727,3.730815547838104,238.19894801145503,0.0013799999999999,1.3799999999999,0.0011000000000001,2.0,0.35294,420.0
dSTR_plus_vSTR,QN23.26.017.14v.05A.04,QN23.26.017,Pu,STR D2 MSN,D2,18,2,0.1,17,0,0.0,Keep,,5.56049822064057,,-41.03125381469727,-64.01853900456355,-44.00000381469727,60.43750381469727,31.43750190734864,-0.6266625656761121,-29.00000190734864,0.4075799999999999,-48.46875381469727,2.9692628347856296,190.08786860352475,0.0011399999999999,1.1399999999999,0.001,4.000000000000001,0.26688,140.0
dSTR_plus_vSTR,QN23.26.019.14.04A.02,QN23.26.019,Pu,STR D2 MSN,D2,17,3,0.15,17,0,0.0,Keep,,,,-50.68750381469727,-110.624309953821,-50.68750381469727,102.31250381469728,52.68750381469727,-1.132572394176104,-49.625,0.4946799999999999,-59.5,4.602643451477444,509.1642557831653,0.0008399999999999,0.8399999999998999,0.0008399999999999,1.0,0.3292400000000001,249.9999847412109
dSTR_plus_vSTR,QN23.26.019.14.13B.02,QN23.26.019,Pu,STR D2 MSN,D2,17,3,0.15,17,0,0.0,Keep,,,,-55.37500381469727,-87.25543819384805,-55.37500381469727,74.31250381469727,34.375,-0.222619239234722,-39.93750381469727,0.13428,-55.68750381469727,3.6468215253353655,318.20501020789465,0.0012199999999999,1.2199999999999,0.0010999999999999,1.0,0.02056,200.0
dSTR_plus_vSTR,QN24.26.001.14.02A.01,QN24.26.001,Pu,STR D2 MSN,D2,0,20,1.0,0,17,1.0,Exclude,,,,,,,,,,,,,,,,,,,,
dSTR_plus_vSTR,QN24.26.001.14.02B.01,QN24.26.001,Pu,STR D2 MSN,D2,0,20,1.0,0,17,1.0,Exclude,,,,,,,,,,,,,,,,,,,,
dSTR_plus_vSTR,QN24.26.003.14.07.01,QN24.26.003,Pu,STR D2 MSN,D2,19,1,0.05,17,0,0.0,Keep,,2.2421524663677133,-64.06250762939453,-63.78125381469727,-112.98555272512948,-64.03125,101.06250762939452,48.43750381469727,-0.8580052255663131,-52.62500381469727,0.52016,-67.625,5.321743008637091,601.2800752919551,0.00086,0.86,0.00078,2.0000000000000004,0.36132,56.0
dSTR_plus_vSTR,QN24.26.003.41.05.01A.01,QN24.26.003,Pu,STR D2 MSN,D2,18,2,0.1,17,0,0.0,Keep,,,-53.56250381469727,-54.03125381469727,-96.63888132560636,-54.03125381469727,92.12500762939452,48.31250381469727,0.0688519444138812,-43.81250381469727,0.2603,-58.87500381469727,5.499746144383503,531.4893149680383,0.0008799999999999,0.8799999999999,0.00082,1.0000000000000002,0.10124,180.0
dSTR_plus_vSTR,QN24.26.003.41.05.01A.02,QN24.26.003,Pu,STR D2 MSN,D2,19,1,0.05,17,0,0.0,Keep,,2.576389962384707,-56.71875,-56.03125381469727,-89.92060426061595,-56.28125381469727,81.25000762939453,34.250003814697266,-0.0877983512711299,-47.00000381469727,0.32408,-59.15625381469727,3.8066067143165,342.2923759338575,0.00112,1.12,0.00104,2.0,0.15766,130.0
dSTR_plus_vSTR,QN24.26.008.14v.06.01A.04,QN24.26.008,Pu,STR D2 MSN,D2,18,2,0.1,17,0,0.0,Keep,,4.4555337729460005,,-45.53125,-64.91211490114992,-49.15625381469727,87.34375762939453,43.50000381469727,-0.2252798478520524,-43.84375381469727,0.5013399999999999,-53.87500381469727,5.805007918123956,376.8153409833473,0.00124,1.24,0.0011799999999999,3.0,0.31434,130.0
dSTR_plus_vSTR,QN24.26.010.41.02.03,QN24.26.010,Pu,STR D2 MSN,D2,17,3,0.15,17,0,0.0,Keep,,,,-53.00000381469727,-76.29904394137776,-53.00000381469727,83.40625381469727,44.75,-0.706245302618673,-38.65625381469727,0.4083799999999999,-59.5,5.299432969061376,404.3416689708,0.0010399999999999,1.0399999999999,0.00092,1.0,0.25742,230.0
dSTR_plus_vSTR,QN24.26.013.14.04A.03,QN24.26.013,Pu,STR D2 MSN,D2,17,3,0.15,17,0,0.0,Keep,,,,-44.4375,-48.70209452204804,-44.4375,57.5000057220459,17.250001907348633,-1.231438978902692,-40.25000381469727,1.08634,-50.5,3.522720767248942,171.56387978133955,0.0014199999999999,1.4199999999999,0.00136,1.0000000000000002,0.90268,200.0
dSTR_plus_vSTR,QN24.26.014.14v.04A.02,QN24.26.014,Pu,STR D2 MSN,D2,17,3,0.15,17,0,0.0,Keep,,,,-56.15625,-89.31970372833648,-56.15625,74.25000762939453,41.18750381469727,-0.6657206489583444,-33.062503814697266,0.2910399999999999,-61.34375,3.5870448983150744,320.3937875777433,0.0009799999999999,0.9799999999999,0.00078,0.9999999999999996,0.14708,180.0
dSTR_plus_vSTR,QN24.26.015.14v.12.07,QN24.26.015,Pu,STR D2 MSN,D2,17,3,0.15,17,0,0.0,Keep,,,,-45.875,-72.90400827744142,-45.875,67.3437557220459,42.56250381469727,-0.7291540697133103,-24.78125190734864,0.8399999999999999,-46.68750381469727,3.2044404164408333,233.6165506447704,0.0012799999999999,1.2799999999999,0.0010999999999998,1.0000000000000002,0.7233999999999999,130.0
dSTR_plus_vSTR,QN24.26.017.15.02.01B.01.01,QN24.26.017,Pu,STR D2 MSN,D2,18,2,0.1,17,0,0.0,Keep,,3.2266391326794013,,-51.65625381469727,-127.2545246753956,-51.90625381469727,95.53125762939452,54.50000381469727,-0.49690406606743,-41.03125381469727,0.2544799999999999,-56.28125381469727,5.2814348990631945,672.0864876843328,0.0007,0.7,0.0006599999999999,2.0000000000000004,0.1217599999999999,239.9999847412109
dSTR_plus_vSTR,QN25.26.003.14v.07A.02,QN25.26.003,Pu,STR D2 MSN,D2,18,2,0.1,17,0,0.0,Keep,,6.237524950099799,,-52.06250381469727,-91.51380241988548,-53.65625381469727,88.0625,39.09375,-0.6592472510967242,-48.96875,0.2093,-57.31250381469727,4.526894347228968,414.2733148680082,0.001,1.0,0.00096,6.999999999999997,0.0692599999999999,110.0
dSTR_plus_vSTR,QN25.26.004.14v.03A.03,QN25.26.004,Pu,STR D2 MSN,D2,19,1,0.05,17,0,0.0,Keep,,3.423016362018211,-52.34375381469727,-52.03125381469727,-80.20344146594148,-53.40625381469727,97.875,51.84375,-1.289871322805966,-46.03125,0.4146999999999999,-58.68750381469727,6.4860997429441145,520.2075210754764,0.0010999999999999,1.0999999999999002,0.00102,3.0000000000000004,0.2284199999999999,119.99999237060548
dSTR_plus_vSTR,QN25.26.005.14v.04A.05,QN25.26.005,Pu,STR D2 MSN,D2,18,2,0.1,17,0,0.0,Keep,,3.5340684195646044,,-58.50000381469727,-105.1757766149572,-59.43750381469727,92.84375381469728,38.625,-1.2570918528070163,-54.21875381469727,0.5484999999999999,-68.125,3.8820507865812126,408.2977063373845,0.00082,0.82,0.0007999999999999,3.0,0.3923200000000001,34.0
dSTR_plus_vSTR,Q20.26.003.11.03.03,Q20.26.003,Pu,STR Hybrid MSN,Hybrid,12,8,0.4,12,5,0.29411764705882354,Keep,,,,,-98.33127456,-48.69374847,103.9249992,60.5,,-43.42499924,0.00298,-49.03749847,5.414131324,532.3784337,0.0009,0.9,,,,100.0
dSTR_plus_vSTR,QM22.26.003.14.06.04,QM22.26.003,Pu,STR Hybrid MSN,Hybrid,17,3,0.15,17,0,0.0,Keep,,,,-47.6875,-72.16977926843995,-47.6875,85.37500381469727,49.50000381469727,-1.086083481784773,-35.875,0.2188549999999999,-54.81250381469727,5.593061470080429,403.6500117305209,0.0010999999999999,1.0999999999999002,0.00097,0.9999999999999998,0.0810349999999999,160.0
dSTR_plus_vSTR,QN22.26.011.14.10A.01,QN22.26.011,Pu,STR Hybrid MSN,Hybrid,18,2,0.1,17,0,0.0,Keep,,,-39.28125381469727,-38.9375,-47.889233384828216,-38.9375,72.50000762939453,39.34375381469727,-1.0161385651490429,-33.156253814697266,0.908835,-45.53125,4.690048928058161,224.60284770204063,0.00137,1.37,0.0012799999999999,0.9999999999999998,0.086955,80.0
dSTR_plus_vSTR,QN22.26.011.14.6B.02,QN22.26.011,Pu,STR Hybrid MSN,Hybrid,17,3,0.15,17,0,0.0,Keep,,,,-43.5625,-69.40684598876676,-43.5625,83.03125762939453,50.12500381469727,-1.2854280694580855,-32.906253814697266,0.1956199999999999,-50.46875381469727,5.678406518094574,394.1202866629994,0.00116,1.16,0.00102,1.0,0.05252,130.0
dSTR_plus_vSTR,QN22.26.020.14.53B.03,QN22.26.020,Pu,STR Hybrid MSN,Hybrid,17,3,0.15,17,0,0.0,Keep,,,,-35.531253814697266,-83.21066843196503,-35.531253814697266,89.81250762939453,56.75000381469727,-1.0512775765180276,-33.062503814697266,0.26392,-50.8125,5.123055098487932,426.2928391589673,0.0010399999999999,1.0399999999999,0.001,1.0,0.10026,140.0
dSTR_plus_vSTR,QN22.26.036.14.01B.02,QN22.26.036,Pu,STR Hybrid MSN,Hybrid,17,3,0.15,17,0,0.0,Keep,,,,-41.37500381469727,-76.0150274886506,-41.37500381469727,77.8125057220459,47.15625381469727,-1.1011787974755196,-30.65625190734864,0.2297399999999999,-50.28125381469727,4.6762114376266455,355.4623409739318,0.0009799999999999,0.9799999999999,0.0008799999999999,1.0000000000000002,0.0804399999999999,140.0
dSTR_plus_vSTR,QN22.26.036.14.01B.03,QN22.26.036,Pu,STR Hybrid MSN,Hybrid,18,2,0.1,17,0,0.0,Keep,,3.110806943321098,,-38.59375,-50.31289451967761,-38.53125,64.81250381469727,32.750003814697266,-0.4646275201802624,-32.0625,0.52416,-47.40625381469727,4.110397290979657,206.80598533502808,0.00136,1.36,0.00128,2.0000000000000004,0.3656399999999999,119.99999237060548
dSTR_plus_vSTR,QN22.26.036.14.07B.05,QN22.26.036,Pu,STR Hybrid MSN,Hybrid,18,2,0.1,17,0,0.0,Keep,,,-42.06250381469727,-43.21875,-110.4954027171006,-43.21875,79.96875381469727,46.37500381469727,0.2918944500984034,-33.59375,0.22658,-51.40625381469727,4.135927985307744,457.0010283455056,0.00068,0.68,0.0006199999999999,1.0000000000000002,0.0709999999999999,90.0
dSTR_plus_vSTR,QN23.26.017.14v.05A.05,QN23.26.017,Pu,STR Hybrid MSN,Hybrid,17,3,0.15,17,0,0.0,Keep,,,,-38.56250381469727,-58.93192349554721,-38.56250381469727,71.8750057220459,48.87500381469727,-0.9034777114292528,-23.00000190734864,0.4183599999999999,-45.34375381469727,4.011872320486425,236.42735266480943,0.0014199999999999,1.4199999999999,0.0010999999999999,1.0,0.27144,140.0
dSTR_plus_vSTR,QN23.26.017.14v.05A.06,QN23.26.017,Pu,STR Hybrid MSN,Hybrid,17,3,0.15,17,0,0.0,Keep,,,,-44.1875,-50.6275668033057,-44.1875,74.21875381469727,37.53125381469727,-0.8648553174291483,-36.6875,0.2833999999999999,-50.84375381469727,4.017409502738851,203.39166797614632,0.0013999999999999,1.3999999999999,0.00128,1.0,0.13788,140.0
dSTR_plus_vSTR,QN24.26.015.14v.13.08,QN24.26.015,Pu,STR Hybrid MSN,Hybrid,17,3,0.15,17,0,0.0,Keep,,,,-49.6875,-50.10914828596025,-49.6875,70.21875,36.9375,-0.5408070939924868,-33.28125,0.29918,-60.00000381469727,4.93971202381374,247.5247622912235,0.00142,1.42,0.0012199999999999,0.9999999999999996,0.14324,90.0
dSTR_plus_vSTR,QN25.26.002.14v.06A.02,QN25.26.002,Pu,STR Hybrid MSN,Hybrid,18,2,0.1,17,0,0.0,Keep,,10.256410256410254,,-45.81250381469727,-62.88933521565133,-46.09375,86.53125762939453,36.71875381469727,0.1076272619608776,-49.81250381469727,0.1872599999999999,-49.15625381469727,4.886530938704132,307.3106822458155,0.00114,1.14,0.0011799999999999,10.000000000000002,0.0292799999999999,160.0
dSTR_plus_vSTR,QM25.26.006.14v.05A.04,QM25.26.006,VS,STR D1 MSN,D1,18,2,0.1,17,0,0.0,Keep,,1.9386607731379168,,-46.00000381469727,-56.85671598612528,-45.50000381469727,81.87500381469727,46.15625381469727,-1.2552303168652184,-35.71875,0.49828,-51.9375,5.0045383441841045,284.5416152769493,0.00156,1.56,0.0013199999999999,2.0,0.30286,270.0
dSTR_plus_vSTR,QM25.26.006.14v.05A.07,QM25.26.006,VS,STR D1 MSN,D1,17,3,0.15,17,0,0.0,Keep,,,,-35.0,-41.59622776565434,-35.0,70.65625190734863,43.625,-1.096560744629843,-27.03125190734864,0.7911999999999999,-41.03125381469727,4.527367393335504,188.3214052719804,0.0016399999999998,1.6399999999998,0.0014799999999999,1.0000000000000002,0.61672,330.0
dSTR_plus_vSTR,QN24.26.005.14v.01A.05,QN24.26.005,VS,STR D1 MSN,D1,18,2,0.1,17,0,0.0,Keep,,6.309148264984228,,-47.65625381469727,-79.9219235288538,-49.34375381469727,84.43750762939453,47.87500381469727,-1.1287161026906116,-36.56250381469727,0.37676,-49.96875381469727,4.073630352686704,325.5723735322445,0.00106,1.06,0.00094,3.9999999999999982,0.26024,150.0
dSTR_plus_vSTR,QN24.26.015.14v.08a.01,QN24.26.015,VS,STR D1 MSN,D1,18,2,0.1,17,0,0.0,Keep,,,-59.25000381469727,-60.9375,-98.17216729574828,-60.9375,84.06250762939453,43.50000381469727,0.5114211781746861,-40.56250381469727,0.2379199999999999,-61.09375,3.671893699516128,360.4777625611013,0.00104,1.0399999999999998,0.0008799999999999,1.0,0.1246599999999999,170.0
dSTR_plus_vSTR,QN24.26.015.14v.08a.02,QN24.26.015,VS,STR D1 MSN,D1,19,1,0.05,17,0,0.0,Keep,,2.402575561001393,-57.03125,-59.00000381469727,-99.63007247036738,-59.53125381469727,98.03125762939452,54.43750381469727,0.154171706780405,-43.59375381469727,0.1624799999999999,-59.8125,4.841260772096725,482.3351615719435,0.00098,0.98,0.00086,3.9999999999999982,0.0495999999999999,170.0
dSTR_plus_vSTR,QN24.26.015.14v.08a.04,QN24.26.015,VS,STR D1 MSN,D1,19,1,0.05,17,0,0.0,Keep,,2.7332859563767555,-59.00000381469727,-60.65625381469727,-106.37492790371664,-61.15625381469727,88.21875762939453,40.96875381469727,-0.1391625100707501,-47.25000381469727,0.5274399999999999,-61.34375,3.4096495635009547,362.701226494353,0.0010799999999999,1.0799999999999002,0.0009799999999999,2.0000000000000004,0.4144799999999999,150.0
dSTR_plus_vSTR,QN25.26.005.14v.05A.04,QN25.26.005,VS,STR D1 MSN,D1,12,8,0.4,12,5,0.29411764705882354,Keep,,,,,-104.2072728,-43.90625,89.40625,56.8125,,-32.59375,0.00214,-44.125,3.791028767,395.0527689,0.00092,0.92,,,,200.0
dSTR_plus_vSTR,QM25.26.006.14v.05A.08,QM25.26.006,VS,STR D2 MSN,D2,17,3,0.15,17,0,0.0,Keep,,,,-54.03125381469727,-63.68681704880563,-54.03125381469727,78.50000381469727,43.50000381469727,-0.7877574307364137,-35.0,0.4311,-55.93750381469727,4.957425339534785,315.7226406320649,0.0013799999999999,1.3799999999999,0.0010999999999999,1.0,0.30602,200.0
dSTR_plus_vSTR,QM25.26.006.14v.05A.09,QM25.26.006,VS,STR D2 MSN,D2,18,2,0.1,17,0,0.0,Keep,,6.065752759917506,,-46.12500381469727,-54.0735028957097,-48.93750381469727,79.84375762939453,42.93750381469727,-0.9761967056165064,-36.90625381469727,0.30078,-53.37500381469727,5.681973642583846,307.2442182156038,0.00156,1.56,0.0013199999999999,5.0,0.1470999999999999,200.0
dSTR_plus_vSTR,QM25.26.013.14v.07.01.03,QM25.26.013,VS,STR D2 MSN,D2,17,3,0.15,17,0,0.0,Keep,,,,-44.28125,-63.86396291200027,-44.28125,68.75,31.65625,-0.8144537136080862,-37.09375,0.68556,-50.31250381469727,4.148285819138174,264.925971701817,0.0012199999999999,1.2199999999999,0.0011399999999999,1.0,0.50414,239.9999847412109
dSTR_plus_vSTR,QN24.26.005.14v.01A.07,QN24.26.005,VS,STR D2 MSN,D2,18,2,0.1,17,0,0.0,Keep,,2.2566231890598907,,-43.03125381469727,-54.14251332012497,-43.59375381469727,76.0000057220459,49.25000381469727,-0.1848483912537374,-26.75000190734864,0.49758,-45.56250381469727,4.382095538475926,237.257666061993,0.00156,1.56,0.0012199999999999,2.0,0.36834,130.0
dSTR_plus_vSTR,QN24.26.005.14v.05A.02,QN24.26.005,VS,STR D2 MSN,D2,17,3,0.15,17,0,0.0,Keep,,,,-45.12500381469727,-53.02159738341272,-45.12500381469727,64.375,42.4375,-0.987807538641128,-21.9375,0.2775399999999999,-46.8125,4.28210650704442,227.044127169401,0.0013999999999999,1.3999999999999,0.0010599999999999,1.0000000000000002,0.1557799999999999,160.0
dSTR_plus_vSTR,QN25.26.009.14v.08.01.01,QN25.26.009,VS,STR Hybrid MSN,Hybrid,18,2,0.1,17,0,0.0,Keep,,4.092322802422652,,-39.43750381469727,-39.42334873737983,-40.65625381469727,50.87500381469727,19.71875190734864,-0.443437118180779,-31.15625190734864,0.4576999999999999,-43.46875,3.4035490143832923,134.17929973879794,0.00138,1.38,0.0012199999999999,3.0,0.32116,80.0
dSTR_plus_vSTR,QN25.26.009.14v.08.01.05,QN25.26.009,VS,STR Hybrid MSN,Hybrid,18,2,0.1,17,0,0.0,Keep,,4.302925989672977,,-34.406253814697266,-33.47771520642846,-37.78125381469727,60.18750381469727,30.93750190734864,-0.2675221713592346,-29.25000190734864,0.2692599999999999,-46.1875,5.741798504224163,192.22229509711343,0.00168,1.6800000000000002,0.0015,4.000000000000001,0.1139399999999999,180.0
