cell_label,23_Sholl_PC0,23_Sholl_PC1,2_Sholl_PC0,2_Sholl_PC1,3_Sholl_PC0,3_Sholl_PC1,axon_bias_dorsal,axon_bias_medial,axon_exit_distance,axon_exit_theta_coronal,axon_extent_dorsal,axon_extent_medial,axon_max_branch_order,axon_max_euclidean_distance,axon_max_path_distance,axon_mean_contraction,axon_num_branches,axon_soma_percentile_dorsal,axon_soma_percentile_medial,axon_total_length,basal_dendrite_bias_dorsal,basal_dendrite_bias_medial,basal_dendrite_calculate_number_of_stems,basal_dendrite_extent_dorsal,basal_dendrite_extent_medial,basal_dendrite_max_branch_order,basal_dendrite_max_euclidean_distance,basal_dendrite_max_path_distance,basal_dendrite_mean_contraction,basal_dendrite_mean_diameter,basal_dendrite_num_branches,basal_dendrite_soma_percentile_dorsal,basal_dendrite_soma_percentile_medial,basal_dendrite_stem_exit_MedialLateral,basal_dendrite_stem_exit_dorsal,basal_dendrite_stem_exit_ventral,basal_dendrite_total_length,basal_dendrite_total_surface_area,soma_surface_area,Lib_region_of_interest_label,Group_name,Subclass_name,Class_name,Lib_donor_label,T_class_broad,MSN_flag,Observed_M_n,Missing_M_n,Complete_primary21,Complete_all39,Extreme_feature_n_abs_robust_z_ge3p5,Maximum_abs_robust_z,Any_extreme
Q19.26.014.11.04.01,,,,,,,,,,,,,,,,,,,,,,,,,,,,,,,,,,,,,,,,Pu,STRd D2 Striosome MSN,STR D2 MSN,CN LGE GABA,Q19.26.014,D2,True,0,39,False,False,0,,False
Q19.26.014.11.01.01,,,,,,,,,,,,,,,,,,,,,,,,,,,,,,,,,,,,,,,,Pu,STRd D1 Matrix MSN,STR D1 MSN,CN LGE GABA,Q19.26.014,D1,True,0,39,False,False,0,,False
Q19.26.014.11.01.04,,,,,168.8204001631285,29.15024898631688,,,,0.6671500012730818,,,,,,,,,,,1.6404999999999743,99.83240000000006,8.0,439.20450000000005,367.4871999999999,5.0,260.38213683780214,290.7309821246347,0.8383453084375021,0.5732205595026643,56.0,0.4686944937833037,0.3343694493783303,0.5,0.125,0.375,5241.027500139041,9442.031611819792,548.4864335605125,Pu,STRv D1 MSN,STR D1 MSN,CN LGE GABA,Q19.26.014,D1,True,22,17,True,False,0,2.63260328880161,False
Q19.26.014.11.01.05,,,,,282.74134878949417,-36.0671860278309,,,,0.8752107892041443,,,,,,,,,,,-7.847899999999981,14.20170000000013,5.0,432.7522999999999,349.55369999999994,7.0,221.5933047273992,248.37952557304283,0.8521240421463534,0.5657087544767211,69.0,0.4898527656187823,0.4283724631914047,0.4,0.2,0.4,5909.886270023458,10526.67280409218,359.4389553265037,Pu,STRv D2 MSN,STR D2 MSN,CN LGE GABA,Q19.26.014,D2,True,22,17,True,False,0,1.6408415884958618,False
Q19.26.014.11.05.01,,,,,276.82983137368103,-84.81455851952566,,,,0.4479640105397054,,,,,,,,,,,18.58595388122285,0.3208337674853112,5.0,455.79185832615394,312.4350777478545,8.0,237.31162650887973,273.4496956019978,0.8471992072594243,0.6093235972940708,77.0,0.5760047751691205,0.4072821329088738,0.8,0.2,0.0,5946.308781181495,11421.09551941012,502.0263095056125,Pu,STRd D2 Matrix MSN,STR D2 MSN,CN LGE GABA,Q19.26.014,D2,True,22,17,True,False,0,1.971739025960541,False
Q19.26.014.11.02.01,,,,,,,,,,,,,,,,,,,,,,,,,,,,,,,,,,,,,,,,Pu,STRd D2 Matrix MSN,STR D2 MSN,CN LGE GABA,Q19.26.014,D2,True,0,39,False,False,0,,False
Q19.26.014.11.02.02,,,,,,,,,,,,,,,,,,,,,,,,,,,,,,,,,,,,,,,,Pu,STRd D2 Matrix MSN,STR D2 MSN,CN LGE GABA,Q19.26.014,D2,True,0,39,False,False,0,,False
Q19.26.014.1A.03.05,,,,,293.159495652852,-95.84070084260529,,,,0.578306616169104,,,,,,,,,,,6.333725852453085,15.74608623902222,5.0,347.0039533072844,290.31872049864603,6.0,188.64962704349577,291.7439953633246,0.6907486713384531,0.5358513266998342,63.0,0.5238391376451078,0.4388474295190713,0.4,0.2,0.4,5613.621474860063,9461.799336777976,567.6460953389048,Pu,STRd D2 StrioMat Hybrid MSN,STR D2 MSN,CN LGE GABA,Q19.26.014,Hybrid,True,22,17,True,False,0,2.963912995129797,False
Q19.26.019.11.03.01,,,,,-177.19875878846284,-72.7610823084556,,,,0.5865176842136944,,,,,,,,,,,-4.899839459666282,6.595364030106566,4.0,223.74616198649687,306.17748865154334,6.0,177.13499787422026,200.8886647752333,0.9062245448965078,0.5831014536340852,54.0,0.6105263157894737,0.3443609022556391,1.0,0.0,0.0,2578.359948338088,4711.391562054312,427.7620625373266,Pu,STRd D1 Striosome MSN,STR D1 MSN,CN LGE GABA,Q19.26.019,D1,True,22,17,True,False,0,1.766689619699147,False
Q19.26.019.11.03.03,,,,,,,,,,,,,,,,,,,,,,,,,,,,,,,,,,,,,,,,Pu,STRd D2 Matrix MSN,STR D2 MSN,CN LGE GABA,Q19.26.019,D2,True,0,39,False,False,0,,False
Q19.26.019.11.08.01,,,,,,,,,,,,,,,,,,,,,,,,,,,,,,,,,,,,,,,,Pu,STRd D2 Striosome MSN,STR D2 MSN,CN LGE GABA,Q19.26.019,D2,True,0,39,False,False,0,,False
Q19.26.019.11.08.02,,,,,,,,,,,,,,,,,,,,,,,,,,,,,,,,,,,,,,,,Pu,STRd D1 Matrix MSN,STR D1 MSN,CN LGE GABA,Q19.26.019,D1,True,0,39,False,False,0,,False
Q20.26.003.11.03.01,,,,,22.73794539971516,33.28078034313916,,,,0.1107073799777603,,,,,,,,,,,-29.981996526524654,57.57687437578224,5.0,323.3561006656696,347.4301780610226,7.0,229.96596983703904,266.7839718190526,0.8334073945765068,0.5807519242155121,47.0,0.5606867969212552,0.4431616341030195,0.2,0.4,0.4,4151.842546721845,7565.762478053075,515.7484921634202,Pu,STRd D2 Matrix MSN,STR D2 MSN,CN LGE GABA,Q20.26.003,D2,True,22,17,True,False,0,1.8885741265344669,False
Q20.26.003.11.03.03,,,,,-188.5635908583099,-16.239461082871856,,,,0.61667995900852,,,,,,,,,,,57.771021837123726,100.09444672698116,8.0,354.0383789707264,294.4796828483562,4.0,222.8731718896867,258.6055363838289,0.8639558298999274,0.602298921949116,44.0,0.4251832686502803,0.3203967227253126,0.75,0.0,0.25,2727.193760551247,5153.88204826911,415.2733345004453,Pu,STR D1D2 Hybrid MSN,STR Hybrid MSN,CN LGE GABA,Q20.26.003,Hybrid,True,22,17,True,False,0,2.6423350488659483,False
Q20.26.003.11.04.01,,,,,,,,,,,,,,,,,,,,,,,,,,,,,,,,,,,,,,,,Pu,STRd D2 Matrix MSN,STR D2 MSN,CN LGE GABA,Q20.26.003,D2,True,0,39,False,False,0,,False
Q20.26.003.11.04.02,,,,,,,,,,,,,,,,,,,,,,,,,,,,,,,,,,,,,,,,Pu,STRd D1 Matrix MSN,STR D1 MSN,CN LGE GABA,Q20.26.003,D1,True,0,39,False,False,0,,False
Q20.26.009.12.09.01,,,,,,,,,,,,,,,,,,,,,,,,,,,,,,,,,,,,,,,,Pu,STRd D2 Matrix MSN,STR D2 MSN,CN LGE GABA,Q20.26.009,D2,True,0,39,False,False,0,,False
Q20.26.009.12.02.01,,,,,,,,,,,,,,,,,,,,,,,,,,,,,,,,,,,,,,,,Pu,STRd D1 Matrix MSN,STR D1 MSN,CN LGE GABA,Q20.26.009,D1,True,0,39,False,False,0,,False
Q20.26.009.12.02.02,,,,,,,,,,,,,,,,,,,,,,,,,,,,,,,,,,,,,,,,Pu,STRv D2 MSN,STR D2 MSN,CN LGE GABA,Q20.26.009,D2,True,0,39,False,False,0,,False
Q20.26.009.12.01.02,,,,,,,,,,,,,,,,,,,,,,,,,,,,,,,,,,,,,,,,Pu,STRd D2 Matrix MSN,STR D2 MSN,CN LGE GABA,Q20.26.009,D2,True,0,39,False,False,0,,False
Q20.26.009.12.01.03,,,,,160.08358754961455,-164.37990595178306,,,,0.6898979880349638,,,,,,,,,,,-23.470158207116526,7.09252908307684,4.0,365.6465011042971,288.7151245164404,7.0,199.2159642073396,272.843290196172,0.7838882587623756,0.5056276585598474,62.0,0.5269432522651407,0.4744873628993801,0.5,0.25,0.25,4825.319484660426,7669.863278253974,394.8699393126187,Pu,STRd D1 Striosome MSN,STR D1 MSN,CN LGE GABA,Q20.26.009,D1,True,22,17,True,False,0,1.3898327528726113,False
Q21.26.003.12.02.01,,,,,,,,,,,,,,,,,,,,,,,,,,,,,,,,,,,,,,,,Pu,STRd D2 Matrix MSN,STR D2 MSN,CN LGE GABA,QM21.26.003,D2,True,0,39,False,False,0,,False
Q21.26.003.12.02.02,,,,,,,,,,,,,,,,,,,,,,,,,,,,,,,,,,,,,,,,Pu,STRd D2 Matrix MSN,STR D2 MSN,CN LGE GABA,QM21.26.003,D2,True,0,39,False,False,0,,False
Q21.26.003.12.03.02,,,,,,,,,,,,,,,,,,,,,,,,,,,,,,,,,,,,,,,,Pu,STRv D1 MSN,STR D1 MSN,CN LGE GABA,QM21.26.003,D1,True,0,39,False,False,0,,False
Q21.26.006.14.02.01,,,,,,,,,,,,,,,,,,,,,,,,,,,,,,,,,,,,,,,,NAC,STRv D1 MSN,STR D1 MSN,CN LGE GABA,Q21.26.006,D1,True,0,39,False,False,0,,False
Q21.26.006.14.01.01,,,,,,,,,,,,,,,,,,,,,,,,,,,,,,,,,,,,,,,,NAC,STR D1D2 Hybrid MSN,STR Hybrid MSN,CN LGE GABA,Q21.26.006,Hybrid,True,0,39,False,False,0,,False
Q21.26.006.14.01.04,,,,,,,,,,,,,,,,,,,,,,,,,,,,,,,,,,,,,,,,NAC,STRv D1 MSN,STR D1 MSN,CN LGE GABA,Q21.26.006,D1,True,0,39,False,False,0,,False
Q21.26.006.14.02.05,,,,,,,,,,,,,,,,,,,,,,,,,,,,,,,,,,,,,,,,NAC,STRv D1 MSN,STR D1 MSN,CN LGE GABA,Q21.26.006,D1,True,0,39,False,False,0,,False
Q21.26.009.12.02.02,,,,,-43.7734389386178,-37.07800017264623,,,,0.4997566403620553,,,,,,,,,,,-47.13019353047616,42.35007684402623,11.0,319.41100609420005,354.3737904774023,5.0,214.40236619881324,252.7029993677032,0.8873884389736331,0.5083078032786885,53.0,0.5232786885245901,0.4950819672131147,0.7272727272727273,0.0909090909090909,0.1818181818181818,3636.40228941028,5800.833640329744,444.7015059980513,Pu,STRd D1 Matrix MSN,STR D1 MSN,CN LGE GABA,Q21.26.009,D1,True,22,17,True,False,1,4.046944556859572,True
Q21.26.009.12.02.03,,,,,164.16579486748117,-38.41140400778932,,,,0.4484378222130725,,,,,,,,,,,-6.187969788366672,25.59004388129813,6.0,340.6453286492376,405.5345611493894,6.0,231.97348101716312,259.28706552290834,0.8516742782456598,0.5216270428893905,64.0,0.4358916478555305,0.4984198645598194,0.6666666666666666,0.1666666666666666,0.1666666666666666,5044.424376474466,8266.983127581589,647.5739547749452,Pu,STRd D2 Matrix MSN,STR D2 MSN,CN LGE GABA,Q21.26.009,D2,True,22,17,True,False,0,1.00906870341875,False
Q21.26.009.12.01.04,,,,,-135.07163744557067,-104.78659941658938,,,,0.1283063477436279,,,,,,,,,,,35.2318577680162,56.916783996706044,6.0,392.087739637057,241.3706494090304,7.0,218.76048892807376,252.9755921344297,0.7812478375396097,0.6478506431459022,58.0,0.4233737596471885,0.3524439544285189,0.0,0.5,0.5,3125.4676160334143,6383.882408937947,1126.1543476944455,Ca,STRd D2 Striosome MSN,STR D2 MSN,CN LGE GABA,Q21.26.009,D2,True,22,17,True,False,0,3.244846013804387,False
Q21.26.009.12.01.05,,,,,-113.85192563022258,139.40184390291546,,,,0.2271034427998448,,,,,,,,,,,-49.50523505346018,69.18338586744673,8.0,475.2870086903781,487.6012831212847,4.0,323.952268161515,362.4050851114137,0.871378834943435,0.4939752893337504,32.0,0.5145448858304661,0.4469815451986237,0.375,0.375,0.25,3652.642545165944,5668.860037313208,259.8580522637004,Ca,STRd D2 StrioMat Hybrid MSN,STR D2 MSN,CN LGE GABA,Q21.26.009,Hybrid,True,22,17,True,False,0,3.210904455773398,False
Q21.26.013.12.02.02,,,,,,,,,,,,,,,,,,,,,,,,,,,,,,,,,,,,,,,,Pu,STRd D2 Striosome MSN,STR D2 MSN,CN LGE GABA,Q21.26.013,D2,True,0,39,False,False,0,,False
Q21.26.013.12.01.01,,,,,,,,,,,,,,,,,,,,,,,,,,,,,,,,,,,,,,,,Pu,STRv D2 MSN,STR D2 MSN,CN LGE GABA,Q21.26.013,D2,True,0,39,False,False,0,,False
Q21.26.013.12.02.03,,,,,111.3660677455589,-153.81058513886651,,,,0.5754797448806326,,,,,,,,,,,-49.94497072361946,40.10704835021744,5.0,333.4373097097009,296.15135142321896,8.0,211.81733267164407,245.46710796572384,0.8682506601574924,0.6597041519674356,75.0,0.4613297150610583,0.3115332428765265,0.6,0.2,0.2,4465.704815814015,9288.502636302594,805.8570190053442,Pu,STRd D2 Striosome MSN,STR D2 MSN,CN LGE GABA,Q21.26.013,D2,True,22,17,True,False,0,1.6034069450355797,False
Q21.26.013.12.01.02,,,,,,,,,,,,,,,,,,,,,,,,,,,,,,,,,,,,,,,,Pu,STRv D2 MSN,STR D2 MSN,CN LGE GABA,Q21.26.013,D2,True,0,39,False,False,0,,False
Q21.26.015.12.04.03,,,,,,,,,,,,,,,,,,,,,,,,,,,,,,,,,,,,,,,,Pu,STRd D2 Matrix MSN,STR D2 MSN,CN LGE GABA,Q21.26.015,D2,True,0,39,False,False,0,,False
Q21.26.015.12.03.03,,,,,,,,,,,,,,,,,,,,,,,,,,,,,,,,,,,,,,,,Pu,STRd D2 Striosome MSN,STR D2 MSN,CN LGE GABA,Q21.26.015,D2,True,0,39,False,False,0,,False
Q21.26.017.13.02.03,,,,,,,,,,,,,,,,,,,,,,,,,,,,,,,,,,,,,,,,Ca,STRd D1 Matrix MSN,STR D1 MSN,CN LGE GABA,Q21.26.017,D1,True,0,39,False,False,0,,False
Q21.26.019.13.01.02,,,,,64.7956644792248,-52.653020049936174,,,,0.7857968391995113,,,,,,,,,,,56.24246549804798,15.45265124865648,8.0,459.4689406058308,329.03612510423966,5.0,264.66203158959166,306.91930036985514,0.8000919383056445,0.6203319138276551,48.0,0.4223446893787575,0.4907314629258517,1.0,0.0,0.0,4606.789467348204,8966.343563981409,515.7484921634202,Ca,STR D1D2 Hybrid MSN,STR Hybrid MSN,CN LGE GABA,Q21.26.019,Hybrid,True,22,17,True,False,0,2.02679370169327,False
Q21.26.019.12.01.03,,,,,,,,,,,,,,,,,,,,,,,,,,,,,,,,,,,,,,,,Pu,STRd D1 Matrix MSN,STR D1 MSN,CN LGE GABA,Q21.26.019,D1,True,0,39,False,False,0,,False
Q21.26.021.14.03.01,,,,,,,,,,,,,,,,,,,,,,,,,,,,,,,,,,,,,,,,NAC,STRv D1 MSN,STR D1 MSN,CN LGE GABA,Q21.26.021,D1,True,0,39,False,False,0,,False
Q21.26.021.14.03.02,,,,,,,,,,,,,,,,,,,,,,,,,,,,,,,,,,,,,,,,NAC,STRv D1 MSN,STR D1 MSN,CN LGE GABA,Q21.26.021,D1,True,0,39,False,False,0,,False
Q21.26.021.14.01.04,,,,,,,,,,,,,,,,,,,,,,,,,,,,,,,,,,,,,,,,NAC,STRv D1 MSN,STR D1 MSN,CN LGE GABA,Q21.26.021,D1,True,0,39,False,False,0,,False
Q21.26.021.14.03.04,,,,,,,,,,,,,,,,,,,,,,,,,,,,,,,,,,,,,,,,NAC,STRv D1 MSN,STR D1 MSN,CN LGE GABA,Q21.26.021,D1,True,0,39,False,False,0,,False
Q21.26.021.14.03.05,,,,,,,,,,,,,,,,,,,,,,,,,,,,,,,,,,,,,,,,NAC,STRv D1 MSN,STR D1 MSN,CN LGE GABA,Q21.26.021,D1,True,0,39,False,False,0,,False
Q21.26.021.14.03.06,,,,,-214.86145468141257,105.72887893016215,,,,0.7107378967893176,,,,,,,,,,,-76.13569307192813,16.705065734768155,3.0,391.7063878024486,232.10035077636056,5.0,234.57751039675563,293.2465195180704,0.8387535109795279,0.630668340306834,35.0,0.691771269177127,0.4109716410971641,0.6666666666666666,0.0,0.3333333333333333,2517.309560523099,4980.457146775347,782.9969933641723,NAC,STRv D1 MSN,STR D1 MSN,CN LGE GABA,Q21.26.021,D1,True,22,17,True,False,0,1.8010954446299874,False
Q21.26.021.14.07.01,,,,,-174.4611627112772,51.92805763809062,,,,0.3967916862411715,,,,,,,,,,,-210.86592682596347,103.45979496791564,3.0,238.1628589791708,214.845479898102,6.0,232.1960576982732,301.56048588295,0.7729878663909042,0.5085960507757404,33.0,0.9116125999059708,0.1960507757404795,0.6666666666666666,0.3333333333333333,0.0,2636.6673338643145,4205.65323559187,398.9095031961531,Ca,STRd D2 Matrix MSN,STR D2 MSN,CN LGE GABA,Q21.26.021,D2,True,22,17,True,False,2,4.404552560698263,True
Q21.26.021.14.07.02,,,,,,,,,,,,,,,,,,,,,,,,,,,,,,,,,,,,,,,,Ca,STR D1D2 Hybrid MSN,STR Hybrid MSN,CN LGE GABA,Q21.26.021,Hybrid,True,0,39,False,False,0,,False
Q21.26.021.14.07.03,,,,,-95.20655383828216,51.32948949249143,,,,0.6704086373113737,,,,,,,,,,,-76.37164831081054,30.205867378542024,6.0,346.6307530658164,400.2508039189388,7.0,245.752269759386,285.3889735482947,0.8138518407648196,0.6756811818501582,34.0,0.4716848399577911,0.4150545198733731,0.8333333333333334,0.1666666666666666,0.0,3317.660246430526,7036.33506444191,553.2455126395874,Ca,STR D1D2 Hybrid MSN,STR Hybrid MSN,CN LGE GABA,Q21.26.021,Hybrid,True,22,17,True,False,0,1.6358799756458369,False
Q21.26.021.14.07.04,,,,,,,,,,,,,,,,,,,,,,,,,,,,,,,,,,,,,,,,Ca,STRd D2 Matrix MSN,STR D2 MSN,CN LGE GABA,Q21.26.021,D2,True,0,39,False,False,0,,False
Q21.26.021.14.07.06,,,,,,,,,,,,,,,,,,,,,,,,,,,,,,,,,,,,,,,,Ca,STRd D1 Matrix MSN,STR D1 MSN,CN LGE GABA,Q21.26.021,D1,True,0,39,False,False,0,,False
Q21.26.021.14.08.03,,,,,,,,,,,,,,,,,,,,,,,,,,,,,,,,,,,,,,,,Ca,STRd D2 Matrix MSN,STR D2 MSN,CN LGE GABA,Q21.26.021,D2,True,0,39,False,False,0,,False
Q21.26.021.14.07.07,,,,,,,,,,,,,,,,,,,,,,,,,,,,,,,,,,,,,,,,Ca,STRd D1 Matrix MSN,STR D1 MSN,CN LGE GABA,Q21.26.021,D1,True,0,39,False,False,0,,False
Q21.26.021.14.08.04,,,,,,,,,,,,,,,,,,,,,,,,,,,,,,,,,,,,,,,,Ca,STRd D2 Matrix MSN,STR D2 MSN,CN LGE GABA,Q21.26.021,D2,True,0,39,False,False,0,,False
Q21.26.021.14.07.08,,,,,246.34315559084973,74.73343896880897,,,,0.429230037947981,,,,,,,,,,,16.386468751635675,16.95240434163108,6.0,391.32051698127407,455.63105693528246,7.0,261.2987943129664,302.3874697897821,0.8591685207243845,0.6824840032480715,62.0,0.4208282582216808,0.3540397888753552,0.8333333333333334,0.1666666666666666,0.0,5771.325281547582,12383.726270801248,622.0311653332578,Ca,STRd D1 Matrix MSN,STR D1 MSN,CN LGE GABA,Q21.26.021,D1,True,22,17,True,False,0,2.03847801609584,False
Q21.26.021.14.08.05,,,,,,,,,,,,,,,,,,,,,,,,,,,,,,,,,,,,,,,,Ca,STRd D1 Matrix MSN,STR D1 MSN,CN LGE GABA,Q21.26.021,D1,True,0,39,False,False,0,,False
Q21.26.023.13.04.02,,,,,,,,,,,,,,,,,,,,,,,,,,,,,,,,,,,,,,,,Ca,STR D1D2 Hybrid MSN,STR Hybrid MSN,CN LGE GABA,Q21.26.023,Hybrid,True,0,39,False,False,0,,False
Q21.26.023.13.02.02,,,,,,,,,,,,,,,,,,,,,,,,,,,,,,,,,,,,,,,,Ca,STRd D2 Matrix MSN,STR D2 MSN,CN LGE GABA,Q21.26.023,D2,True,0,39,False,False,0,,False
Q21.26.023.13.03.04,,,,,-125.06949074197786,69.82893269388194,,,,0.6074348957968384,,,,,,,,,,,12.57941448443853,22.01046854051953,5.0,367.5857999054279,366.98317662271614,5.0,258.6826451326409,289.96853220611564,0.8283087262466882,0.5009424115633319,37.0,0.6424496006085965,0.4720426017497147,0.6,0.4,0.0,3086.7828893652045,4865.331470216056,329.3426625758957,Ca,STRd D2 Striosome MSN,STR D2 MSN,CN LGE GABA,Q21.26.023,D2,True,22,17,True,False,0,1.394751582616766,False
Q21.26.023.13.03.05,,,,,,,,,,,,,,,,,,,,,,,,,,,,,,,,,,,,,,,,Ca,STRd D1 Striosome MSN,STR D1 MSN,CN LGE GABA,Q21.26.023,D1,True,0,39,False,False,0,,False
Q21.26.023.13.02.03,,,,,,,,,,,,,,,,,,,,,,,,,,,,,,,,,,,,,,,,Ca,STRd D2 Striosome MSN,STR D2 MSN,CN LGE GABA,Q21.26.023,D2,True,0,39,False,False,0,,False
QN21.26.028.14.02.01,,,,,,,,,,,,,,,,,,,,,,,,,,,,,,,,,,,,,,,,NAC,STRv D1 MSN,STR D1 MSN,CN LGE GABA,QN21.26.028,D1,True,0,39,False,False,0,,False
QN21.26.028.14.01.01,,,,,,,,,,,,,,,,,,,,,,,,,,,,,,,,,,,,,,,,Ca,STRv D2 MSN,STR D2 MSN,CN LGE GABA,QN21.26.028,D2,True,0,39,False,False,0,,False
QN21.26.028.14.02.03,,,,,,,,,,,,,,,,,,,,,,,,,,,,,,,,,,,,,,,,NAC,STRv D1 MSN,STR D1 MSN,CN LGE GABA,QN21.26.028,D1,True,0,39,False,False,0,,False
QN21.26.028.14.02.05,,,,,,,,,,,,,,,,,,,,,,,,,,,,,,,,,,,,,,,,NAC,STRv D1 MSN,STR D1 MSN,CN LGE GABA,QN21.26.028,D1,True,0,39,False,False,0,,False
QN21.26.028.14.02.06,,,,,,,,,,,,,,,,,,,,,,,,,,,,,,,,,,,,,,,,NAC,STRv D1 MSN,STR D1 MSN,CN LGE GABA,QN21.26.028,D1,True,0,39,False,False,0,,False
QN21.26.028.14.01.07,,,,,,,,,,,,,,,,,,,,,,,,,,,,,,,,,,,,,,,,Pu,STRv D2 MSN,STR D2 MSN,CN LGE GABA,QN21.26.028,D2,True,0,39,False,False,0,,False
QN21.26.028.14.53.01,,,,,,,,,,,,,,,,,,,,,,,,,,,,,,,,,,,,,,,,Pu,STRd D2 Striosome MSN,STR D2 MSN,CN LGE GABA,QN21.26.028,D2,True,0,39,False,False,0,,False
QN21.26.028.14.53.03,,,,,,,,,,,,,,,,,,,,,,,,,,,,,,,,,,,,,,,,Pu,STRd D2 Matrix MSN,STR D2 MSN,CN LGE GABA,QN21.26.028,D2,True,0,39,False,False,0,,False
QN21.26.028.14.53.07,,,,,,,,,,,,,,,,,,,,,,,,,,,,,,,,,,,,,,,,Pu,STRd D2 StrioMat Hybrid MSN,STR D2 MSN,CN LGE GABA,QN21.26.028,Hybrid,True,0,39,False,False,0,,False
QN21.26.029.14.01.01,,,,,,,,,,,,,,,,,,,,,,,,,,,,,,,,,,,,,,,,NAC,STRv D1 MSN,STR D1 MSN,CN LGE GABA,QN21.26.029,D1,True,0,39,False,False,0,,False
QN21.26.029.14.02.01,,,,,-267.3986145126309,57.87145397873928,,,,0.4284790404340208,,,,,,,,,,,-33.8529375441899,10.530975891724694,6.0,278.86939699790264,332.83459891587154,4.0,192.59925972638104,241.6057041853698,0.8850203455810904,0.6454045259938838,24.0,0.6415902140672783,0.4752293577981651,0.6666666666666666,0.1666666666666666,0.1666666666666666,1999.543931755944,4041.843160104131,597.0023153169567,NAC,STRv D1 MSN,STR D1 MSN,CN LGE GABA,QN21.26.029,D1,True,22,17,True,False,0,2.0944713057431112,False
QN21.26.029.14.03.04,,,,,,,,,,,,,,,,,,,,,,,,,,,,,,,,,,,,,,,,Ca,STRv D2 MSN,STR D2 MSN,CN LGE GABA,QN21.26.029,D2,True,0,39,False,False,0,,False
QN21.26.029.14.03.05,,,,,,,,,,,,,,,,,,,,,,,,,,,,,,,,,,,,,,,,Ca,STRv D1 MSN,STR D1 MSN,CN LGE GABA,QN21.26.029,D1,True,0,39,False,False,0,,False
QN22.26.002.14.04.02,,,,,,,,,,,,,,,,,,,,,,,,,,,,,,,,,,,,,,,,NAC,STRv D1 MSN,STR D1 MSN,CN LGE GABA,QN22.26.002,D1,True,0,39,False,False,0,,False
QN22.26.002.14.02.02,,,,,,,,,,,,,,,,,,,,,,,,,,,,,,,,,,,,,,,,NAC,STRv D2 MSN,STR D2 MSN,CN LGE GABA,QN22.26.002,D2,True,0,39,False,False,0,,False
QN22.26.002.14.04.03,,,,,,,,,,,,,,,,,,,,,,,,,,,,,,,,,,,,,,,,NAC,STRv D1 MSN,STR D1 MSN,CN LGE GABA,QN22.26.002,D1,True,0,39,False,False,0,,False
QN22.26.002.14.03.01,,,,,,,,,,,,,,,,,,,,,,,,,,,,,,,,,,,,,,,,Pu,STRv D1 MSN,STR D1 MSN,CN LGE GABA,QN22.26.002,D1,True,0,39,False,False,0,,False
QN22.26.002.14.01.03,,,,,,,,,,,,,,,,,,,,,,,,,,,,,,,,,,,,,,,,Ca,STRv D2 MSN,STR D2 MSN,CN LGE GABA,QN22.26.002,D2,True,0,39,False,False,0,,False
QN22.26.002.14.01.04,,,,,,,,,,,,,,,,,,,,,,,,,,,,,,,,,,,,,,,,Ca,STRv D2 MSN,STR D2 MSN,CN LGE GABA,QN22.26.002,D2,True,0,39,False,False,0,,False
QN22.26.002.14.02.03,,,,,,,,,,,,,,,,,,,,,,,,,,,,,,,,,,,,,,,,NAC,STRv D1 MSN,STR D1 MSN,CN LGE GABA,QN22.26.002,D1,True,0,39,False,False,0,,False
QN22.26.002.14.04.05,,,,,,,,,,,,,,,,,,,,,,,,,,,,,,,,,,,,,,,,NAC,STRd D2 Matrix MSN,STR D2 MSN,CN LGE GABA,QN22.26.002,D2,True,0,39,False,False,0,,False
QN22.26.002.14.05.04,,,,,,,,,,,,,,,,,,,,,,,,,,,,,,,,,,,,,,,,Ca,STRd D2 Striosome MSN,STR D2 MSN,CN LGE GABA,QN22.26.002,D2,True,0,39,False,False,0,,False
QN22.26.002.14.01.05,,,,,,,,,,,,,,,,,,,,,,,,,,,,,,,,,,,,,,,,Pu,STRv D2 MSN,STR D2 MSN,CN LGE GABA,QN22.26.002,D2,True,0,39,False,False,0,,False
QN22.26.002.14.03.03,,,,,,,,,,,,,,,,,,,,,,,,,,,,,,,,,,,,,,,,Ca,STR D1D2 Hybrid MSN,STR Hybrid MSN,CN LGE GABA,QN22.26.002,Hybrid,True,0,39,False,False,0,,False
QN22.26.002.14.05.05,,,,,,,,,,,,,,,,,,,,,,,,,,,,,,,,,,,,,,,,Ca,STRd D1 Matrix MSN,STR D1 MSN,CN LGE GABA,QN22.26.002,D1,True,0,39,False,False,0,,False
QN22.26.002.14.04.07,,,,,,,,,,,,,,,,,,,,,,,,,,,,,,,,,,,,,,,,Ca,STRv D1 MSN,STR D1 MSN,CN LGE GABA,QN22.26.002,D1,True,0,39,False,False,0,,False
QN22.26.002.14.02.04,,,,,,,,,,,,,,,,,,,,,,,,,,,,,,,,,,,,,,,,NAC,STRv D2 MSN,STR D2 MSN,CN LGE GABA,QN22.26.002,D2,True,0,39,False,False,0,,False
QN22.26.002.14.03.04,,,,,,,,,,,,,,,,,,,,,,,,,,,,,,,,,,,,,,,,Ca,STRv D1 MSN,STR D1 MSN,CN LGE GABA,QN22.26.002,D1,True,0,39,False,False,0,,False
QN22.26.002.14.04.08,,,,,,,,,,,,,,,,,,,,,,,,,,,,,,,,,,,,,,,,Ca,STRv D1 MSN,STR D1 MSN,CN LGE GABA,QN22.26.002,D1,True,0,39,False,False,0,,False
QN22.26.002.14.02.05,,,,,,,,,,,,,,,,,,,,,,,,,,,,,,,,,,,,,,,,NAC,STRv D2 MSN,STR D2 MSN,CN LGE GABA,QN22.26.002,D2,True,0,39,False,False,0,,False
QN22.26.002.14.05.06,,,,,,,,,,,,,,,,,,,,,,,,,,,,,,,,,,,,,,,,Ca,STRd D2 Striosome MSN,STR D2 MSN,CN LGE GABA,QN22.26.002,D2,True,0,39,False,False,0,,False
QN22.26.002.14.02.07,,,,,,,,,,,,,,,,,,,,,,,,,,,,,,,,,,,,,,,,NAC,STRv D2 MSN,STR D2 MSN,CN LGE GABA,QN22.26.002,D2,True,0,39,False,False,0,,False
QN22.26.002.14.05.08,,,,,,,,,,,,,,,,,,,,,,,,,,,,,,,,,,,,,,,,Ca,STRd D2 Matrix MSN,STR D2 MSN,CN LGE GABA,QN22.26.002,D2,True,0,39,False,False,0,,False
QN22.26.002.14.04.10,,,,,-376.5191964021016,80.45796816093424,,,,0.5923247349897182,,,,,,,,,,,50.6794022899021,96.38569764341706,5.0,301.9653273361773,147.47642070186583,4.0,203.14032329101943,245.5146061958687,0.808591122131422,0.5217472509960157,25.0,0.3083665338645418,0.1402390438247012,0.6,0.2,0.2,1445.851837620413,2368.659830803979,240.6161601772461,NAC,STRd D2 Matrix MSN,STR D2 MSN,CN LGE GABA,QN22.26.002,D2,True,22,17,True,False,0,3.1987790062706947,False
QN22.26.002.14.05.09,,,,,,,,,,,,,,,,,,,,,,,,,,,,,,,,,,,,,,,,Ca,STRd D1 Matrix MSN,STR D1 MSN,CN LGE GABA,QN22.26.002,D1,True,0,39,False,False,0,,False
QN22.26.002.14.05.10,,,,,,,,,,,,,,,,,,,,,,,,,,,,,,,,,,,,,,,,Ca,STRv D2 MSN,STR D2 MSN,CN LGE GABA,QN22.26.002,D2,True,0,39,False,False,0,,False
QN22.26.002.14.07.01,,,,,,,,,,,,,,,,,,,,,,,,,,,,,,,,,,,,,,,,Ca,STRd D1 Striosome MSN,STR D1 MSN,CN LGE GABA,QN22.26.002,D1,True,0,39,False,False,0,,False
QN22.26.002.14.07.02,,,,,,,,,,,,,,,,,,,,,,,,,,,,,,,,,,,,,,,,Ca,STRd D2 StrioMat Hybrid MSN,STR D2 MSN,CN LGE GABA,QN22.26.002,Hybrid,True,0,39,False,False,0,,False
QN22.26.002.14.06.02,,,,,,,,,,,,,,,,,,,,,,,,,,,,,,,,,,,,,,,,Ca,STRd D1 Matrix MSN,STR D1 MSN,CN LGE GABA,QN22.26.002,D1,True,0,39,False,False,0,,False
QN22.26.002.14.06.03,,,,,,,,,,,,,,,,,,,,,,,,,,,,,,,,,,,,,,,,Pu,STRd D2 StrioMat Hybrid MSN,STR D2 MSN,CN LGE GABA,QN22.26.002,Hybrid,True,0,39,False,False,0,,False
QN22.26.002.3A.02.01,,,,,,,,,,,,,,,,,,,,,,,,,,,,,,,,,,,,,,,,Ca,STR D1D2 Hybrid MSN,STR Hybrid MSN,CN LGE GABA,QN22.26.002,Hybrid,True,0,39,False,False,0,,False
QN22.26.002.3A.02.03,,,,,,,,,,,,,,,,,,,,,,,,,,,,,,,,,,,,,,,,Ca,STRd D1 Matrix MSN,STR D1 MSN,CN LGE GABA,QN22.26.002,D1,True,0,39,False,False,0,,False
QM22.26.003.14.08.01,,,,,,,,,,,,,,,,,,,,,,,,,,,,,,,,,,,,,,,,Pu,STRd D2 Striosome MSN,STR D2 MSN,CN LGE GABA,QM22.26.003,D2,True,0,39,False,False,0,,False
QM22.26.003.14.07.05,,,,,,,,,,,,,,,,,,,,,,,,,,,,,,,,,,,,,,,,Pu,STRd D2 Striosome MSN,STR D2 MSN,CN LGE GABA,QM22.26.003,D2,True,0,39,False,False,0,,False
QM22.26.003.14.03.03,,,,,,,,,,,,,,,,,,,,,,,,,,,,,,,,,,,,,,,,Ca,STRv D1 MSN,STR D1 MSN,CN LGE GABA,QM22.26.003,D1,True,0,39,False,False,0,,False
QM22.26.003.14.02.06,,,,,-0.3556645438981149,-69.90362547677896,,,,0.7615343369426109,,,,,,,,,,,-82.22328657873004,43.261542732891286,4.0,285.5891959941455,327.47668560027046,8.0,222.6638394447108,270.4826149771057,0.8033271008643187,0.5718832503113325,58.0,0.660024906600249,0.458904109589041,0.5,0.25,0.25,3769.4500427056632,6773.093965509691,572.4874047260415,Ca,STRd D2 StrioMat Hybrid MSN,STR D2 MSN,CN LGE GABA,QM22.26.003,Hybrid,True,22,17,True,False,0,1.7563406422920171,False
QM22.26.003.14.01.05,,,,,,,,,,,,,,,,,,,,,,,,,,,,,,,,,,,,,,,,Ca,STR D1D2 Hybrid MSN,STR Hybrid MSN,CN LGE GABA,QM22.26.003,Hybrid,True,0,39,False,False,0,,False
QM22.26.003.14.06.03,,,,,,,,,,,,,,,,,,,,,,,,,,,,,,,,,,,,,,,,Pu,STRd D1 Striosome MSN,STR D1 MSN,CN LGE GABA,QM22.26.003,D1,True,0,39,False,False,0,,False
QM22.26.003.14.03.04,,,,,102.76660537505823,33.44721193957301,,,,0.5631369796708232,,,,,,,,,,,-19.77620245005801,20.364110640929965,6.0,338.8923249522459,419.4478366606355,5.0,237.4316570381675,297.8243586487235,0.8136363812267025,0.5235759327897208,46.0,0.4124042500617741,0.4729429206819867,0.6666666666666666,0.1666666666666666,0.1666666666666666,4780.080054424406,7873.361579737527,394.8699393126187,Ca,STRd D2 Matrix MSN,STR D2 MSN,CN LGE GABA,QM22.26.003,D2,True,22,17,True,False,0,1.1622448993874936,False
QM22.26.003.14.01.06,,,,,,,,,,,,,,,,,,,,,,,,,,,,,,,,,,,,,,,,Ca,STR D1D2 Hybrid MSN,STR Hybrid MSN,CN LGE GABA,QM22.26.003,Hybrid,True,0,39,False,False,0,,False
QM22.26.003.14.07.09,,,,,73.64435139757973,-90.67244138501944,,,,0.8420503296182135,,,,,,,,,,,-6.297280940668316,42.51371875449792,7.0,314.7722133912512,318.6587055209875,6.0,193.48360537722576,215.53246351384104,0.8660883263146584,0.5127200662434447,57.0,0.4913055478884902,0.4510074523875241,0.4285714285714285,0.1428571428571428,0.4285714285714285,4328.216376855217,6979.517280434192,647.5739547749452,Pu,STRd D2 Matrix MSN,STR D2 MSN,CN LGE GABA,QM22.26.003,D2,True,22,17,True,False,0,1.379160171721129,False
QM22.26.003.14.06.04,,,,,,,,,,,,,,,,,,,,,,,,,,,,,,,,,,,,,,,,Pu,STR D1D2 Hybrid MSN,STR Hybrid MSN,CN LGE GABA,QM22.26.003,Hybrid,True,0,39,False,False,0,,False
QM22.26.003.14.07.12,,,,,,,,,,,,,,,,,,,,,,,,,,,,,,,,,,,,,,,,Pu,STRd D2 Matrix MSN,STR D2 MSN,CN LGE GABA,QM22.26.003,D2,True,0,39,False,False,0,,False
QM22.26.003.14.01.09,,,,,,,,,,,,,,,,,,,,,,,,,,,,,,,,,,,,,,,,Ca,STRd D1 Matrix MSN,STR D1 MSN,CN LGE GABA,QM22.26.003,D1,True,0,39,False,False,0,,False
QM22.26.003.14.51.04,,,,,,,,,,,,,,,,,,,,,,,,,,,,,,,,,,,,,,,,Ca,STRd D1 Matrix MSN,STR D1 MSN,CN LGE GABA,QM22.26.003,D1,True,0,39,False,False,0,,False
QM22.26.003.14.55.04,,,,,127.48251823077668,-216.90262973072765,,,,0.5040616839772244,,,,,,,,,,,62.46931848809618,17.972828719759377,6.0,304.74368366884664,287.8004792018383,10.0,187.2295544730304,225.72729363278216,0.8079698162807233,0.5299692935475644,82.0,0.3343534812547819,0.4789594491201224,0.8333333333333334,0.1666666666666666,0.0,4655.475790135355,7740.474227727439,475.1369987694138,Pu,STRd D2 Striosome MSN,STR D2 MSN,CN LGE GABA,QM22.26.003,D2,True,22,17,True,False,0,2.697963037906381,False
QN22.26.009.14.3B.02,,,,,-43.89618435284496,-93.74558732628898,,,,0.7852691999546005,,,,,,,,,,,75.74075042373352,39.07566374873619,5.0,252.4586370672905,348.669914681759,6.0,219.8117593186724,233.3116803263336,0.8780474445088348,0.4453869986168741,57.0,0.216804979253112,0.3350622406639004,0.6,0.2,0.2,3537.623456291962,4955.656284706431,263.13698579766344,Pu,STRd D2 Matrix MSN,STR D2 MSN,CN LGE GABA,QN22.26.009,D2,True,22,17,True,False,0,2.1119845904797416,False
QN22.26.009.14.3B.03,,,,,181.7553014322628,-66.0021728249375,,,,0.701776300680044,,,,,,,,,,,79.56324702496158,12.826183846706812,7.0,368.9673945419258,356.4669987464905,8.0,259.1911001871205,281.30275364187446,0.8464310479331185,0.5288802341287708,61.0,0.3232778027915353,0.34984241332733,0.5714285714285714,0.2857142857142857,0.1428571428571428,5205.892760521868,8657.436888801574,311.2006008597679,Pu,STRd D1 Matrix MSN,STR D1 MSN,CN LGE GABA,QN22.26.009,D1,True,22,17,True,False,0,1.5741649016202994,False
QN22.26.009.14.3A.01,,,,,,,,,,,,,,,,,,,,,,,,,,,,,,,,,,,,,,,,Ca,STRd D1 Matrix MSN,STR D1 MSN,CN LGE GABA,QN22.26.009,D1,True,0,39,False,False,0,,False
QN22.26.009.14.4A.03,,,,,,,,,,,,,,,,,,,,,,,,,,,,,,,,,,,,,,,,Ca,STRd D1 Matrix MSN,STR D1 MSN,CN LGE GABA,QN22.26.009,D1,True,0,39,False,False,0,,False
QN22.26.009.14.2B.03,,,,,,,,,,,,,,,,,,,,,,,,,,,,,,,,,,,,,,,,Pu,STRd D1 Striosome MSN,STR D1 MSN,CN LGE GABA,QN22.26.009,D1,True,0,39,False,False,0,,False
QN22.26.009.14.4A.04,,,,,4.963092128644348,103.71001513411062,,,,0.7867496295175334,,,,,,,,,,,7.731741671414966,39.26966929450092,7.0,400.8224038024464,418.6052913419538,6.0,241.8825349305113,314.07961325969967,0.8110921279491201,0.497024713584288,47.0,0.5810147299509002,0.4418985270049099,0.4285714285714285,0.4285714285714285,0.1428571428571428,4238.511134206784,6619.301646850181,250.14459712390385,Ca,STRd D1 Striosome MSN,STR D1 MSN,CN LGE GABA,QN22.26.009,D1,True,22,17,True,False,0,1.407399727566513,False
QN22.26.009.14.3B.05,,,,,-39.46764213799315,8.391380523434066,,,,0.5137614989057909,,,,,,,,,,,-10.21822680229934,61.21158084350674,5.0,278.0965031618612,394.4623568212352,8.0,230.35169403833336,291.5302746549328,0.8571829989655394,0.5692332255979314,45.0,0.3988364576599871,0.3930187459599225,1.0,0.0,0.0,3642.1677411457167,6527.654289487609,407.0503036942684,Pu,STRd D1 Matrix MSN,STR D1 MSN,CN LGE GABA,QN22.26.009,D1,True,22,17,True,False,0,1.3489815189531909,False
QN22.26.009.14.4A.05,,,,,-100.43641567910032,53.68248955161201,,,,0.4909300876146439,,,,,,,,,,,-19.57840361221315,65.07589470615096,6.0,264.5753749948872,478.3284496742691,5.0,296.16954674883453,362.7429513298318,0.7335104954193766,0.7128988163679405,42.0,0.6280013527223537,0.4903618532296246,0.8333333333333334,0.1666666666666666,0.0,3458.712050344571,7766.117199256448,949.9245187295652,Ca,STRd D2 StrioMat Hybrid MSN,STR D2 MSN,CN LGE GABA,QN22.26.009,Hybrid,True,22,17,True,False,0,2.3417147653193844,False
QN22.26.009.14.1A.02,,,,,,,,,,,,,,,,,,,,,,,,,,,,,,,,,,,,,,,,Ca,STRd D1 Matrix MSN,STR D1 MSN,CN LGE GABA,QN22.26.009,D1,True,0,39,False,False,0,,False
QN22.26.009.14.1A.03,,,,,,,,,,,,,,,,,,,,,,,,,,,,,,,,,,,,,,,,Ca,STRd D2 Matrix MSN,STR D2 MSN,CN LGE GABA,QN22.26.009,D2,True,0,39,False,False,0,,False
QN22.26.009.14.3B.06,,,,,,,,,,,,,,,,,,,,,,,,,,,,,,,,,,,,,,,,Pu,STRd D1 Matrix MSN,STR D1 MSN,CN LGE GABA,QN22.26.009,D1,True,0,39,False,False,0,,False
QN22.26.009.14.3B.07,,,,,,,,,,,,,,,,,,,,,,,,,,,,,,,,,,,,,,,,Pu,STRd D1 Matrix MSN,STR D1 MSN,CN LGE GABA,QN22.26.009,D1,True,0,39,False,False,0,,False
QN22.26.009.14.2B.06,,,,,,,,,,,,,,,,,,,,,,,,,,,,,,,,,,,,,,,,Pu,STRd D1 Matrix MSN,STR D1 MSN,CN LGE GABA,QN22.26.009,D1,True,0,39,False,False,0,,False
QN22.26.009.14.4A.10,,,,,,,,,,,,,,,,,,,,,,,,,,,,,,,,,,,,,,,,Ca,STRd D2 Matrix MSN,STR D2 MSN,CN LGE GABA,QN22.26.009,D2,True,0,39,False,False,0,,False
QN22.26.010.14.07.01,,,,,19.523994487093773,-37.88007383230328,,,,0.5930834103803512,,,,,,,,,,,79.05891339668688,18.478115157004453,5.0,303.93008744621056,366.0652719589156,6.0,214.92929749747964,255.11897604262643,0.8644029927894279,0.5934676171079429,63.0,0.3383764911259819,0.3860925225487344,0.8,0.0,0.2,4057.709804276026,7544.232574348493,347.99866371740995,Ca,STRd D2 Matrix MSN,STR D2 MSN,CN LGE GABA,QN22.26.010,D2,True,22,17,True,False,0,1.5637827894164193,False
QN22.26.010.14.06.04,,,,,,,,,,,,,,,,,,,,,,,,,,,,,,,,,,,,,,,,Ca,STRd D1 Matrix MSN,STR D1 MSN,CN LGE GABA,QN22.26.010,D1,True,0,39,False,False,0,,False
QN22.26.010.14.06.05,,,,,,,,,,,,,,,,,,,,,,,,,,,,,,,,,,,,,,,,Ca,STRd D2 Matrix MSN,STR D2 MSN,CN LGE GABA,QN22.26.010,D2,True,0,39,False,False,0,,False
QN22.26.010.14.06.06,,,,,,,,,,,,,,,,,,,,,,,,,,,,,,,,,,,,,,,,Ca,STRd D2 Matrix MSN,STR D2 MSN,CN LGE GABA,QN22.26.010,D2,True,0,39,False,False,0,,False
QN22.26.010.14.01.02,,,,,,,,,,,,,,,,,,,,,,,,,,,,,,,,,,,,,,,,Pu,STRd D1 Striosome MSN,STR D1 MSN,CN LGE GABA,QN22.26.010,D1,True,0,39,False,False,0,,False
QN22.26.010.14.01.04,,,,,,,,,,,,,,,,,,,,,,,,,,,,,,,,,,,,,,,,Pu,STRd D2 Striosome MSN,STR D2 MSN,CN LGE GABA,QN22.26.010,D2,True,0,39,False,False,0,,False
QN22.26.010.14.04.04,,,,,,,,,,,,,,,,,,,,,,,,,,,,,,,,,,,,,,,,Pu,STRd D1 Matrix MSN,STR D1 MSN,CN LGE GABA,QN22.26.010,D1,True,0,39,False,False,0,,False
QN22.26.010.14.04.05,,,,,82.30643513471523,-209.99573782812203,,,,0.5876192783228312,,,,,,,,,,,13.958046861353068,22.25407535888607,5.0,251.94757326287072,341.1096584576078,8.0,185.91628492321485,301.5832651988405,0.8819320099664658,0.5904827948080641,83.0,0.4965479149406241,0.4548467274233637,0.6,0.4,0.0,4438.774826698024,8278.253566393,515.7484921634202,Pu,STRd D1 Matrix MSN,STR D1 MSN,CN LGE GABA,QN22.26.010,D1,True,22,17,True,False,0,2.0944713057431112,False
QN22.26.010.14.54.02,,,,,,,,,,,,,,,,,,,,,,,,,,,,,,,,,,,,,,,,Pu,STRd D2 Matrix MSN,STR D2 MSN,CN LGE GABA,QN22.26.010,D2,True,0,39,False,False,0,,False
QN22.26.010.14.08.04,,,,,,,,,,,,,,,,,,,,,,,,,,,,,,,,,,,,,,,,Pu,STRd D2 Matrix MSN,STR D2 MSN,CN LGE GABA,QN22.26.010,D2,True,0,39,False,False,0,,False
QN22.26.010.14.53.03,,,,,,,,,,,,,,,,,,,,,,,,,,,,,,,,,,,,,,,,Ca,STRd D1 Matrix MSN,STR D1 MSN,CN LGE GABA,QN22.26.010,D1,True,0,39,False,False,0,,False
QN22.26.010.14.08.05,,,,,,,,,,,,,,,,,,,,,,,,,,,,,,,,,,,,,,,,Pu,STRd D2 Matrix MSN,STR D2 MSN,CN LGE GABA,QN22.26.010,D2,True,0,39,False,False,0,,False
QN22.26.010.14.54.06,,,,,,,,,,,,,,,,,,,,,,,,,,,,,,,,,,,,,,,,Pu,STRd D1 Matrix MSN,STR D1 MSN,CN LGE GABA,QN22.26.010,D1,True,0,39,False,False,0,,False
QN22.26.010.14.08.06,,,,,,,,,,,,,,,,,,,,,,,,,,,,,,,,,,,,,,,,Pu,STRd D2 Matrix MSN,STR D2 MSN,CN LGE GABA,QN22.26.010,D2,True,0,39,False,False,0,,False
QN22.26.010.14.54.07,,,,,,,,,,,,,,,,,,,,,,,,,,,,,,,,,,,,,,,,Pu,STRv D2 MSN,STR D2 MSN,CN LGE GABA,QN22.26.010,D2,True,0,39,False,False,0,,False
QN22.26.010.14.51.01,,,,,,,,,,,,,,,,,,,,,,,,,,,,,,,,,,,,,,,,Pu,STRv D1 MSN,STR D1 MSN,CN LGE GABA,QN22.26.010,D1,True,0,39,False,False,0,,False
QN22.26.010.14.51.04,,,,,,,,,,,,,,,,,,,,,,,,,,,,,,,,,,,,,,,,Pu,STRd D1 Matrix MSN,STR D1 MSN,CN LGE GABA,QN22.26.010,D1,True,0,39,False,False,0,,False
QN22.26.010.14.51.05,,,,,,,,,,,,,,,,,,,,,,,,,,,,,,,,,,,,,,,,Pu,STRd D2 Matrix MSN,STR D2 MSN,CN LGE GABA,QN22.26.010,D2,True,0,39,False,False,0,,False
QN22.26.010.14.52.01,,,,,299.0884573401386,-116.1385623462505,,,,0.5476916361398992,,,,,,,,,,,78.34880595371715,28.837866958785582,8.0,361.0400936765986,378.3465994254453,8.0,237.01542652230472,289.16779545586405,0.8366451193919894,0.5026225362872422,74.0,0.3029029793735676,0.3099694423223835,1.0,0.0,0.0,6119.823332466757,9683.91634364069,204.3525943220058,Ca,STRv D1 MSN,STR D1 MSN,CN LGE GABA,QN22.26.010,D1,True,22,17,True,False,0,2.023472278429786,False
QN22.26.011.14.10A.01,,,,,,,,,,,,,,,,,,,,,,,,,,,,,,,,,,,,,,,,Pu,STR D1D2 Hybrid MSN,STR Hybrid MSN,CN LGE GABA,QN22.26.011,Hybrid,True,0,39,False,False,0,,False
QN22.26.011.14.10A.02,,,,,,,,,,,,,,,,,,,,,,,,,,,,,,,,,,,,,,,,NAC,STRv D1 MSN,STR D1 MSN,CN LGE GABA,QN22.26.011,D1,True,0,39,False,False,0,,False
QN22.26.010.14.03.04,,,,,,,,,,,,,,,,,,,,,,,,,,,,,,,,,,,,,,,,Ca,STRd D2 Matrix MSN,STR D2 MSN,CN LGE GABA,QN22.26.010,D2,True,0,39,False,False,0,,False
QN22.26.011.14.2A.03,,,,,,,,,,,,,,,,,,,,,,,,,,,,,,,,,,,,,,,,NAC,STRv D1 MSN,STR D1 MSN,CN LGE GABA,QN22.26.011,D1,True,0,39,False,False,0,,False
QN22.26.011.14.7B.03,,,,,,,,,,,,,,,,,,,,,,,,,,,,,,,,,,,,,,,,Ca,STR D1D2 Hybrid MSN,STR Hybrid MSN,CN LGE GABA,QN22.26.011,Hybrid,True,0,39,False,False,0,,False
QN22.26.011.14.2A.04,,,,,,,,,,,,,,,,,,,,,,,,,,,,,,,,,,,,,,,,NAC,STRv D1 MSN,STR D1 MSN,CN LGE GABA,QN22.26.011,D1,True,0,39,False,False,0,,False
QN22.26.010.14.03.07,,,,,,,,,,,,,,,,,,,,,,,,,,,,,,,,,,,,,,,,Ca,STRd D1 Matrix MSN,STR D1 MSN,CN LGE GABA,QN22.26.010,D1,True,0,39,False,False,0,,False
QN22.26.011.14.10A.06,,,,,,,,,,,,,,,,,,,,,,,,,,,,,,,,,,,,,,,,Ca,STRd D2 Matrix MSN,STR D2 MSN,CN LGE GABA,QN22.26.011,D2,True,0,39,False,False,0,,False
QN22.26.011.14.10A.07,,,,,,,,,,,,,,,,,,,,,,,,,,,,,,,,,,,,,,,,Ca,STRv D2 MSN,STR D2 MSN,CN LGE GABA,QN22.26.011,D2,True,0,39,False,False,0,,False
QN22.26.011.14.2A.07,,,,,,,,,,,,,,,,,,,,,,,,,,,,,,,,,,,,,,,,Ca,STRd D1 Matrix MSN,STR D1 MSN,CN LGE GABA,QN22.26.011,D1,True,0,39,False,False,0,,False
QN22.26.011.14.8B.01,,,,,,,,,,,,,,,,,,,,,,,,,,,,,,,,,,,,,,,,Ca,STRd D1 Matrix MSN,STR D1 MSN,CN LGE GABA,QN22.26.011,D1,True,0,39,False,False,0,,False
QN22.26.011.14.3A.07,,,,,-228.85839319559847,82.70872564638844,,,,0.333151739017724,,,,,,,,,,,-4.732509544158347,115.19426439089614,6.0,269.9317507028072,294.86802236513955,6.0,205.36121539409527,242.1014911468474,0.8119072863428065,0.6140976792160908,28.0,0.5208870551830841,0.1083032490974729,0.8333333333333334,0.1666666666666666,0.0,2315.9998717948224,4485.9357544079785,782.9969933641723,Pu,STRd D2 Matrix MSN,STR D2 MSN,CN LGE GABA,QN22.26.011,D2,True,22,17,True,False,1,3.573955322032887,True
QN22.26.011.14.8B.02,,,,,,,,,,,,,,,,,,,,,,,,,,,,,,,,,,,,,,,,Ca,STRv D2 MSN,STR D2 MSN,CN LGE GABA,QN22.26.011,D2,True,0,39,False,False,0,,False
QN22.26.011.14.2A.08,,,,,,,,,,,,,,,,,,,,,,,,,,,,,,,,,,,,,,,,Ca,STRv D2 MSN,STR D2 MSN,CN LGE GABA,QN22.26.011,D2,True,0,39,False,False,0,,False
QN22.26.011.14.6B.01,,,,,,,,,,,,,,,,,,,,,,,,,,,,,,,,,,,,,,,,Pu,STRd D1 Matrix MSN,STR D1 MSN,CN LGE GABA,QN22.26.011,D1,True,0,39,False,False,0,,False
QN22.26.011.14.6A.01,,,,,-431.2185886334978,98.40863306637576,,,,0.5793161139702655,,,,,,,,,,,35.05321914941487,100.5020307059348,4.0,210.05630126359927,122.24896142872704,4.0,171.40144562147063,235.51571976385893,0.7840332829205463,0.5829445420326221,14.0,0.5520702634880803,0.1066499372647427,1.0,0.0,0.0,944.6005592786954,1740.874500939087,293.5724785690259,NAC,STRv D2 MSN,STR D2 MSN,CN LGE GABA,QN22.26.011,D2,True,22,17,True,False,1,3.5933781498506305,True
QN22.26.011.14.6B.02,,,,,-23.79529282195915,-127.57655582711496,,,,0.5086361939667613,,,,,,,,,,,16.91562687044734,11.49909021434314,5.0,222.28823300164456,283.15754606786345,6.0,161.55275293565913,254.7318966887324,0.7807883454812635,0.6628091321017776,53.0,0.4123387940048797,0.4538166608574416,0.4,0.4,0.2,3537.064274205535,7395.719179589488,497.4933637737075,Pu,STR D1D2 Hybrid MSN,STR Hybrid MSN,CN LGE GABA,QN22.26.011,Hybrid,True,22,17,True,False,0,2.0076680919752334,False
QN22.26.011.14.6A.03,,,,,,,,,,,,,,,,,,,,,,,,,,,,,,,,,,,,,,,,NAC,STRv D1 MSN,STR D1 MSN,CN LGE GABA,QN22.26.011,D1,True,0,39,False,False,0,,False
QN22.26.011.14.5A.02,,,,,121.02283748389992,125.70000889369076,,,,0.4567052173264622,,,,,,,,,,,53.31989663708919,49.3125909533268,7.0,419.09214519055786,351.4705847369148,7.0,264.03786987739045,307.25528783912927,0.8725009173667208,0.6009899685001212,49.0,0.3455294402713835,0.4235522171068572,1.0,0.0,0.0,5048.231788881468,9547.64961565098,534.3325417853804,Ca,STRd D1 Matrix MSN,STR D1 MSN,CN LGE GABA,QN22.26.011,D1,True,22,17,True,False,0,1.636841866009471,False
QN22.26.011.14.6A.05,,,,,70.01180738344726,4.791085025982767,,,,0.5973194947293645,,,,,,,,,,,-7.174444688886069,9.314257682289451,7.0,317.53916536377983,370.28236411278846,7.0,231.7963293943411,293.74129439961126,0.7649672429209612,0.6817132897603486,47.0,0.2527233115468409,0.4975490196078431,0.7142857142857143,0.1428571428571428,0.1428571428571428,4374.980131430136,9412.139807000907,852.5638339844297,Ca,STRd D2 Striosome MSN,STR D2 MSN,CN LGE GABA,QN22.26.011,D2,True,22,17,True,False,0,1.8427670146253072,False
QN22.26.011.14.5A.03,,,,,,,,,,,,,,,,,,,,,,,,,,,,,,,,,,,,,,,,Ca,STRd D2 Striosome MSN,STR D2 MSN,CN LGE GABA,QN22.26.011,D2,True,0,39,False,False,0,,False
QN22.26.011.14.5A.04,,,,,15.972629409341152,114.80510105326124,,,,0.7301096910636206,,,,,,,,,,,-43.61702339505109,23.34061651904875,5.0,408.2755878502144,427.31632978770745,5.0,267.74562657264823,343.0339002238231,0.8373889274308428,0.6418494527083918,43.0,0.6570305921975863,0.3418467583497053,0.8,0.2,0.0,4269.476695964861,8613.699936728652,652.744185394329,Ca,STRd D1 Matrix MSN,STR D1 MSN,CN LGE GABA,QN22.26.011,D1,True,22,17,True,False,0,1.7861693974138722,False
QN22.26.011.14.5A.05,,,,,115.44919699907894,191.4881564684332,,,,0.6226375748798892,,,,,,,,,,,-5.283542410533755,11.297610170474002,4.0,511.9416363189598,469.2808213091346,8.0,271.10580301380503,324.7910930698609,0.8457777108647598,0.5587987916759901,52.0,0.5081673752517342,0.4032221973595883,0.75,0.0,0.25,5169.986042236852,9101.2250831781,286.66513269183736,Ca,STRv D2 MSN,STR D2 MSN,CN LGE GABA,QN22.26.011,D2,True,22,17,True,False,0,2.812434877925615,False
QN22.26.011.14.6A.09,,,,,-14.294742657071538,88.52738557496227,,,,0.4376133659169821,,,,,,,,,,,-55.02160662277038,23.610012182028044,7.0,482.57020175072194,391.7351701313181,5.0,271.51947819928233,303.69811973615765,0.8649427120965676,0.6615139018691589,43.0,0.4521028037383177,0.4810163551401869,0.5714285714285714,0.1428571428571428,0.2857142857142857,4003.65243043867,8327.610662684197,632.1866083788865,Ca,STRd D2 Matrix MSN,STR D2 MSN,CN LGE GABA,QN22.26.011,D2,True,22,17,True,False,0,2.372674578055064,False
QN22.26.011.14.4B.01,,,,,116.67628602395176,-3.32616606440169,,,,0.4797997053636845,,,,,,,,,,,-44.7062987848617,51.4518912822127,5.0,324.4578190460393,376.8884079170483,7.0,239.5699317321146,276.03803624921466,0.8074989982877794,0.6271582905982904,51.0,0.4586080586080586,0.3782661782661782,1.0,0.0,0.0,4694.99408422794,9258.404071704532,673.6306836420183,Ca,STRd D2 Matrix MSN,STR D2 MSN,CN LGE GABA,QN22.26.011,D2,True,22,17,True,False,0,1.3489815189531909,False
QN22.26.011.14.55.03,,,,,,,,,,,,,,,,,,,,,,,,,,,,,,,,,,,,,,,,Ca,STRd D2 StrioMat Hybrid MSN,STR D2 MSN,CN LGE GABA,QN22.26.011,Hybrid,True,0,39,False,False,0,,False
QN22.26.011.14.55.05,,,,,,,,,,,,,,,,,,,,,,,,,,,,,,,,,,,,,,,,Ca,STRd D2 Matrix MSN,STR D2 MSN,CN LGE GABA,QN22.26.011,D2,True,0,39,False,False,0,,False
QN22.26.014.14.5A.01,,,,,,,,,,,,,,,,,,,,,,,,,,,,,,,,,,,,,,,,Ca,STRv D2 MSN,STR D2 MSN,CN LGE GABA,QN22.26.014,D2,True,0,39,False,False,0,,False
QN22.26.014.14.2A.04,,,,,,,,,,,,,,,,,,,,,,,,,,,,,,,,,,,,,,,,Ca,STRv D2 MSN,STR D2 MSN,CN LGE GABA,QN22.26.014,D2,True,0,39,False,False,0,,False
QN22.26.014.14.6A.02,,,,,,,,,,,,,,,,,,,,,,,,,,,,,,,,,,,,,,,,Ca,STR D1D2 Hybrid MSN,STR Hybrid MSN,CN LGE GABA,QN22.26.014,Hybrid,True,0,39,False,False,0,,False
QN22.26.014.14.6A.03,,,,,,,,,,,,,,,,,,,,,,,,,,,,,,,,,,,,,,,,Ca,STRd D1 Matrix MSN,STR D1 MSN,CN LGE GABA,QN22.26.014,D1,True,0,39,False,False,0,,False
QN22.26.014.14.5B.01,,,,,157.20986218604207,-111.6728008929339,,,,0.4150473350404443,,,,,,,,,,,29.34462948818145,3.546451786511085,7.0,321.95801962951555,334.93531543324434,8.0,185.37996022302468,231.6091602310587,0.8626282821447713,0.5337718361955086,63.0,0.5173051519154558,0.487450462351387,0.7142857142857143,0.0,0.2857142857142857,4779.540933188764,8013.474678133476,497.4933637737075,Pu,STRd D1 Striosome MSN,STR D1 MSN,CN LGE GABA,QN22.26.014,D1,True,22,17,True,False,0,1.3489815189531904,False
QN22.26.014.14.5B.02,,,,,,,,,,,,,,,,,,,,,,,,,,,,,,,,,,,,,,,,Pu,STRd D2 Matrix MSN,STR D2 MSN,CN LGE GABA,QN22.26.014,D2,True,0,39,False,False,0,,False
QN22.26.014.14.4A.02,,,,,,,,,,,,,,,,,,,,,,,,,,,,,,,,,,,,,,,,Pu,STRd D2 Matrix MSN,STR D2 MSN,CN LGE GABA,QN22.26.014,D2,True,0,39,False,False,0,,False
QN22.26.014.14.2B.02,,,,,,,,,,,,,,,,,,,,,,,,,,,,,,,,,,,,,,,,Pu,STRd D2 Matrix MSN,STR D2 MSN,CN LGE GABA,QN22.26.014,D2,True,0,39,False,False,0,,False
QN22.26.014.14.5B.03,,,,,,,,,,,,,,,,,,,,,,,,,,,,,,,,,,,,,,,,Pu,STRd D1 Matrix MSN,STR D1 MSN,CN LGE GABA,QN22.26.014,D1,True,0,39,False,False,0,,False
QN22.26.014.14.4A.04,,,,,,,,,,,,,,,,,,,,,,,,,,,,,,,,,,,,,,,,Pu,STRd D1 Matrix MSN,STR D1 MSN,CN LGE GABA,QN22.26.014,D1,True,0,39,False,False,0,,False
QN22.26.014.14.5B.05,,,,,,,,,,,,,,,,,,,,,,,,,,,,,,,,,,,,,,,,Pu,STRd D1 Striosome MSN,STR D1 MSN,CN LGE GABA,QN22.26.014,D1,True,0,39,False,False,0,,False
QN22.26.014.14.4A.05,,,,,,,,,,,,,,,,,,,,,,,,,,,,,,,,,,,,,,,,Pu,STRv D1 MSN,STR D1 MSN,CN LGE GABA,QN22.26.014,D1,True,0,39,False,False,0,,False
QN22.26.014.14.4A.06,,,,,69.77955025155961,-102.51963939154167,,,,0.4614742892611763,,,,,,,,,,,-32.34808343949044,0.2483656050954152,4.0,316.7472082802551,316.16840636942686,9.0,195.9856267787514,236.2165032473303,0.8304118566882046,0.5914754080522306,66.0,0.5875952121871599,0.4896626768226333,0.75,0.0,0.25,4393.414817409529,8137.656145657169,363.2935010168992,Pu,STRv D2 MSN,STR D2 MSN,CN LGE GABA,QN22.26.014,D2,True,22,17,True,False,0,2.023472278429786,False
QN22.26.015.14.02A.03,,,,,,,,,,,,,,,,,,,,,,,,,,,,,,,,,,,,,,,,Ca,STR D1D2 Hybrid MSN,STR Hybrid MSN,CN LGE GABA,QN22.26.015,Hybrid,True,0,39,False,False,0,,False
QN22.26.015.14.05A.03,,,,,,,,,,,,,,,,,,,,,,,,,,,,,,,,,,,,,,,,Ca,STRd D1 Matrix MSN,STR D1 MSN,CN LGE GABA,QN22.26.015,D1,True,0,39,False,False,0,,False
QN22.26.015.14.05A.04,,,,,,,,,,,,,,,,,,,,,,,,,,,,,,,,,,,,,,,,Ca,STRd D1 Matrix MSN,STR D1 MSN,CN LGE GABA,QN22.26.015,D1,True,0,39,False,False,0,,False
QN22.26.015.14.01A.03,,,,,,,,,,,,,,,,,,,,,,,,,,,,,,,,,,,,,,,,Ca,STRd D1 Matrix MSN,STR D1 MSN,CN LGE GABA,QN22.26.015,D1,True,0,39,False,False,0,,False
QN22.26.015.14.02A.05,,,,,237.36888447621664,-9.12753372098348,,,,0.1333151675144012,,,,,,,,,,,5.643118800882803,2.564730657588939,3.0,329.8445126532224,520.6035135206844,7.0,286.1458784697414,343.6051350542945,0.7422227346794693,0.5169765437215085,59.0,0.4811438043928719,0.3684210526315789,0.6666666666666666,0.0,0.3333333333333333,5706.362658947756,9268.004504397515,256.5996763067527,Ca,STRd D1 Matrix MSN,STR D1 MSN,CN LGE GABA,QN22.26.015,D1,True,22,17,True,False,0,2.6613494054293474,False
QN22.26.015.14.05A.06,,,,,-56.27271083501546,0.4155513242471613,,,,0.679306530888671,,,,,,,,,,,-5.009383668078954,46.87278654375399,4.0,318.4300681085242,329.87170303797603,6.0,207.03719037914416,231.0813296532449,0.8672517041745521,0.4855755146262188,44.0,0.5417118093174431,0.4900686168291802,0.75,0.0,0.25,3412.710190362757,5233.676428878174,363.2935010168992,Ca,STRd D1 Striosome MSN,STR D1 MSN,CN LGE GABA,QN22.26.015,D1,True,22,17,True,False,0,1.0662594811340063,False
QN22.26.015.14.02A.08,,,,,-56.20106956424388,-67.43293512662493,,,,0.6785530884082702,,,,,,,,,,,17.648030479083445,15.365096663357946,3.0,260.257347724822,293.6860048273335,6.0,178.0382938737056,222.43755612473248,0.8233945196848337,0.5173857350800583,43.0,0.4010189228529839,0.4970887918486172,0.3333333333333333,0.0,0.6666666666666666,3392.2995191354607,5506.906107908337,506.579812814533,Ca,STRd D2 Striosome MSN,STR D2 MSN,CN LGE GABA,QN22.26.015,D2,True,22,17,True,False,0,2.0234722784297863,False
QN22.26.015.14.04A.05,,,,,115.49784284331338,-51.61346035357008,,,,0.7501094213999268,,,,,,,,,,,-19.716339129074186,45.618140587291634,5.0,386.6233473788197,357.16806303676805,7.0,246.7947592006565,263.72523605483224,0.8644374869088799,0.5884974460699232,59.0,0.5358294073890404,0.3176295561616662,0.4,0.4,0.2,4878.511243933357,9053.68715398442,834.8945965396568,Ca,STRd D1 Matrix MSN,STR D1 MSN,CN LGE GABA,QN22.26.015,D1,True,22,17,True,False,0,1.7522168474543693,False
QN22.26.015.14.01B.01,,,,,,,,,,,,,,,,,,,,,,,,,,,,,,,,,,,,,,,,Pu,STRd D1 Striosome MSN,STR D1 MSN,CN LGE GABA,QN22.26.015,D1,True,0,39,False,False,0,,False
QN22.26.015.14.06B.01,,,,,,,,,,,,,,,,,,,,,,,,,,,,,,,,,,,,,,,,Pu,STRv D2 MSN,STR D2 MSN,CN LGE GABA,QN22.26.015,D2,True,0,39,False,False,0,,False
QN22.26.015.14.05B.01,,,,,,,,,,,,,,,,,,,,,,,,,,,,,,,,,,,,,,,,Pu,STRd D1 Matrix MSN,STR D1 MSN,CN LGE GABA,QN22.26.015,D1,True,0,39,False,False,0,,False
QN22.26.015.14.06B.03,,,,,,,,,,,,,,,,,,,,,,,,,,,,,,,,,,,,,,,,Pu,STRd D2 Matrix MSN,STR D2 MSN,CN LGE GABA,QN22.26.015,D2,True,0,39,False,False,0,,False
QN22.26.015.14.05B.03,,,,,,,,,,,,,,,,,,,,,,,,,,,,,,,,,,,,,,,,Pu,STRd D2 Matrix MSN,STR D2 MSN,CN LGE GABA,QN22.26.015,D2,True,0,39,False,False,0,,False
QN22.26.015.14.05B.04,,,,,,,,,,,,,,,,,,,,,,,,,,,,,,,,,,,,,,,,Pu,STRd D2 Striosome MSN,STR D2 MSN,CN LGE GABA,QN22.26.015,D2,True,0,39,False,False,0,,False
QN22.26.015.14.06B.04,,,,,,,,,,,,,,,,,,,,,,,,,,,,,,,,,,,,,,,,Pu,STRd D1 Matrix MSN,STR D1 MSN,CN LGE GABA,QN22.26.015,D1,True,0,39,False,False,0,,False
QN22.26.015.14.01B.04,,,,,,,,,,,,,,,,,,,,,,,,,,,,,,,,,,,,,,,,Pu,STRd D2 Matrix MSN,STR D2 MSN,CN LGE GABA,QN22.26.015,D2,True,0,39,False,False,0,,False
QN22.26.015.14.01B.06,,,,,,,,,,,,,,,,,,,,,,,,,,,,,,,,,,,,,,,,Pu,STRd D2 Matrix MSN,STR D2 MSN,CN LGE GABA,QN22.26.015,D2,True,0,39,False,False,0,,False
QN22.26.015.14.01B.07,,,,,,,,,,,,,,,,,,,,,,,,,,,,,,,,,,,,,,,,Pu,STRd D2 Striosome MSN,STR D2 MSN,CN LGE GABA,QN22.26.015,D2,True,0,39,False,False,0,,False
QN22.26.016.14.04A.02,,,,,260.69340558540523,-81.60111454183706,,,,0.6157598934758691,,,,,,,,,,,72.41117699286588,25.6486130268188,6.0,393.60836216777807,423.9068723305449,7.0,240.59185989908312,289.0778316120925,0.8324668827654551,0.5934911348872755,76.0,0.5473824990447077,0.4482231562858235,0.5,0.3333333333333333,0.1666666666666666,5970.761864276808,11155.936669055172,949.9245187295652,Ca,STRd D1 Matrix MSN,STR D1 MSN,CN LGE GABA,QN22.26.016,D1,True,22,17,True,False,0,2.3417147653193844,False
QN22.26.016.14.04A.03,,,,,333.0976467833424,53.8391474324506,,,,0.5837156093290888,,,,,,,,,,,35.75760780913697,6.019322261131208,4.0,414.3696268436761,433.43336746979753,7.0,244.0188368101326,275.69749983689064,0.8541904132752266,0.6364701614366044,74.0,0.4226374025031743,0.4930165064393252,0.75,0.0,0.25,6399.732855397752,12833.61928155009,721.8279229547232,Ca,STRd D2 Matrix MSN,STR D2 MSN,CN LGE GABA,QN22.26.016,D2,True,22,17,True,False,0,2.2098384885102575,False
QN22.26.016.14.06A.01,,,,,,,,,,,,,,,,,,,,,,,,,,,,,,,,,,,,,,,,Ca,STRv D2 MSN,STR D2 MSN,CN LGE GABA,QN22.26.016,D2,True,0,39,False,False,0,,False
QN22.26.016.14.04A.04,,,,,171.5145285731328,57.55824827737004,,,,0.5394675771983244,,,,,,,,,,,99.04248670280776,32.04247849255029,6.0,324.0292696960305,410.18219395357454,11.0,234.25641703613988,319.46533208508464,0.7866034836604994,0.68346062595754,68.0,0.2245567957977675,0.3898008316918362,1.0,0.0,0.0,5299.767970016189,11426.905858752238,497.4933637737075,Ca,STRd D2 Matrix MSN,STR D2 MSN,CN LGE GABA,QN22.26.016,D2,True,22,17,True,False,0,3.3724537973829762,False
QN22.26.016.14.08.01,,,,,,,,,,,,,,,,,,,,,,,,,,,,,,,,,,,,,,,,Ca,STRd D1 Matrix MSN,STR D1 MSN,CN LGE GABA,QN22.26.016,D1,True,0,39,False,False,0,,False
QN22.26.016.14.07.01,,,,,-207.8762396567392,126.23482698166094,,,,0.3548917950682651,,,,,,,,,,,46.08522008967975,39.777799058195,4.0,367.3269074741811,481.61195074497925,5.0,289.1554951992092,310.7578980349741,0.8756542138985188,0.7101192446043165,30.0,0.5076438848920863,0.3844424460431654,0.75,0.25,0.0,2534.3288009248945,5663.947645357342,782.9969933641723,Ca,STRd D1 Striosome MSN,STR D1 MSN,CN LGE GABA,QN22.26.016,D1,True,22,17,True,False,0,2.0927392698811453,False
QN22.26.016.14.08.02,,,,,,,,,,,,,,,,,,,,,,,,,,,,,,,,,,,,,,,,Ca,STRd D1 Matrix MSN,STR D1 MSN,CN LGE GABA,QN22.26.016,D1,True,0,39,False,False,0,,False
QN22.26.016.14.08.03,,,,,,,,,,,,,,,,,,,,,,,,,,,,,,,,,,,,,,,,Ca,STRd D1 Matrix MSN,STR D1 MSN,CN LGE GABA,QN22.26.016,D1,True,0,39,False,False,0,,False
QN22.26.016.14.08.05,,,,,,,,,,,,,,,,,,,,,,,,,,,,,,,,,,,,,,,,Ca,STRd D2 Matrix MSN,STR D2 MSN,CN LGE GABA,QN22.26.016,D2,True,0,39,False,False,0,,False
QN22.26.017.14.03A.01,,,,,,,,,,,,,,,,,,,,,,,,,,,,,,,,,,,,,,,,Ca,STRd D1 Matrix MSN,STR D1 MSN,CN LGE GABA,QN22.26.017,D1,True,0,39,False,False,0,,False
QN22.26.017.14.06B.02,,,,,,,,,,,,,,,,,,,,,,,,,,,,,,,,,,,,,,,,Ca,STRd D1 Matrix MSN,STR D1 MSN,CN LGE GABA,QN22.26.017,D1,True,0,39,False,False,0,,False
QN22.26.017.14.01A.01,,,,,-52.065548272083845,-160.4894996669179,,,,0.5295045283051579,,,,,,,,,,,12.274752444037176,0.6080125035422554,4.0,263.3231786628287,240.5429186494144,8.0,165.9843883133892,210.38395906113388,0.7455975584053691,0.620565773353752,56.0,0.607197549770291,0.4831546707503829,0.5,0.25,0.25,3368.251824724809,6577.0630768848405,587.1346783495443,Ca,STRd D1 Striosome MSN,STR D1 MSN,CN LGE GABA,QN22.26.017,D1,True,22,17,True,False,0,1.8652611969072874,False
QN22.26.017.14.01A.02,,,,,,,,,,,,,,,,,,,,,,,,,,,,,,,,,,,,,,,,Ca,STRd D2 Matrix MSN,STR D2 MSN,CN LGE GABA,QN22.26.017,D2,True,0,39,False,False,0,,False
QN22.26.017.14.01A.03,,,,,-183.3884636253908,-7.02564290155334,,,,0.4545859530098661,,,,,,,,,,,-83.09364515042807,104.48671269747922,2.0,113.6903562084858,213.3074040392169,8.0,192.30152232787964,230.4084970377893,0.7521098339969299,0.5340834322719914,42.0,0.9185105234754452,0.167835941716136,1.0,0.0,0.0,2438.462413018241,4106.846057434716,436.19066911365815,Ca,STRd D1 Striosome MSN,STR D1 MSN,CN LGE GABA,QN22.26.017,D1,True,22,17,True,False,1,3.669120329748379,True
QN22.26.017.14.03A.03,,,,,,,,,,,,,,,,,,,,,,,,,,,,,,,,,,,,,,,,Ca,STRv D2 MSN,STR D2 MSN,CN LGE GABA,QN22.26.017,D2,True,0,39,False,False,0,,False
QN22.26.017.14.06B.05,,,,,,,,,,,,,,,,,,,,,,,,,,,,,,,,,,,,,,,,Ca,STRd D1 Matrix MSN,STR D1 MSN,CN LGE GABA,QN22.26.017,D1,True,0,39,False,False,0,,False
QN22.26.017.14.06A.01,,,,,,,,,,,,,,,,,,,,,,,,,,,,,,,,,,,,,,,,Ca,STRv D1 MSN,STR D1 MSN,CN LGE GABA,QN22.26.017,D1,True,0,39,False,False,0,,False
QN22.26.017.14.05A.01,,,,,,,,,,,,,,,,,,,,,,,,,,,,,,,,,,,,,,,,Ca,STRd D1 Striosome MSN,STR D1 MSN,CN LGE GABA,QN22.26.017,D1,True,0,39,False,False,0,,False
QN22.26.017.14.01B.02,,,,,,,,,,,,,,,,,,,,,,,,,,,,,,,,,,,,,,,,Pu,STRd D1 Matrix MSN,STR D1 MSN,CN LGE GABA,QN22.26.017,D1,True,0,39,False,False,0,,False
QN22.26.019.14.01A.01,,,,,,,,,,,,,,,,,,,,,,,,,,,,,,,,,,,,,,,,Ca,STRd D2 StrioMat Hybrid MSN,STR D2 MSN,CN LGE GABA,QN22.26.019,Hybrid,True,0,39,False,False,0,,False
QN22.26.019.14.04A.02,,,,,,,,,,,,,,,,,,,,,,,,,,,,,,,,,,,,,,,,Ca,STRd D2 Striosome MSN,STR D2 MSN,CN LGE GABA,QN22.26.019,D2,True,0,39,False,False,0,,False
QN22.26.019.14.01A.03,,,,,-104.09486882412529,31.86491895056116,,,,0.3699278093093535,,,,,,,,,,,-53.07456550266306,7.674578268940593,7.0,384.0373495110862,355.6998499855044,5.0,240.1736476660376,268.596230266995,0.8406256383042591,0.5536478380233356,45.0,0.5693205216197667,0.4227865477007549,0.8571428571428571,0.1428571428571428,0.0,3382.399222855909,5882.115094866734,336.7433903014552,Ca,STRd D2 Matrix MSN,STR D2 MSN,CN LGE GABA,QN22.26.019,D2,True,22,17,True,False,0,1.3489815189531904,False
QN22.26.019.14.51A.01,,,,,250.831253006701,-31.746582899488203,,,,0.586236213995645,,,,,,,,,,,37.4994253868731,46.27916136476762,8.0,366.0916592772023,403.4313636471613,7.0,276.554760190202,321.7208853494116,0.8195832993869531,0.5521550736171906,76.0,0.3338639076800637,0.421408674890569,1.0,0.0,0.0,5860.866048886954,10170.448562902731,727.2859596523232,Ca,STRd D2 Matrix MSN,STR D2 MSN,CN LGE GABA,QN22.26.019,D2,True,22,17,True,False,0,2.023472278429786,False
QN22.26.019.14.51A.02,,,,,,,,,,,,,,,,,,,,,,,,,,,,,,,,,,,,,,,,Ca,STRd D2 StrioMat Hybrid MSN,STR D2 MSN,CN LGE GABA,QN22.26.019,Hybrid,True,0,39,False,False,0,,False
QN22.26.019.14.52A.02,,,,,,,,,,,,,,,,,,,,,,,,,,,,,,,,,,,,,,,,Ca,STRd D1 Striosome MSN,STR D1 MSN,CN LGE GABA,QN22.26.019,D1,True,0,39,False,False,0,,False
QN22.26.019.14.51B.03,,,,,,,,,,,,,,,,,,,,,,,,,,,,,,,,,,,,,,,,Pu,STRd D1 Matrix MSN,STR D1 MSN,CN LGE GABA,QN22.26.019,D1,True,0,39,False,False,0,,False
QN22.26.019.14.52B.03,,,,,,,,,,,,,,,,,,,,,,,,,,,,,,,,,,,,,,,,Pu,STRd D1 Matrix MSN,STR D1 MSN,CN LGE GABA,QN22.26.019,D1,True,0,39,False,False,0,,False
QN22.26.020.14.02.01,,,,,,,,,,,,,,,,,,,,,,,,,,,,,,,,,,,,,,,,Ca,STRv D1 MSN,STR D1 MSN,CN LGE GABA,QN22.26.020,D1,True,0,39,False,False,0,,False
QN22.26.020.14.01.02,,,,,,,,,,,,,,,,,,,,,,,,,,,,,,,,,,,,,,,,Ca,STRd D2 StrioMat Hybrid MSN,STR D2 MSN,CN LGE GABA,QN22.26.020,Hybrid,True,0,39,False,False,0,,False
QN22.26.020.14.02.03,,,,,,,,,,,,,,,,,,,,,,,,,,,,,,,,,,,,,,,,NAC,STRv D1 MSN,STR D1 MSN,CN LGE GABA,QN22.26.020,D1,True,0,39,False,False,0,,False
QN22.26.020.14.03.04,,,,,0.089297014448789,-47.39862222180119,,,,0.7741133803563849,,,,,,,,,,,94.79044135428468,11.086422482073772,6.0,309.266755339314,367.9800484443675,6.0,205.17184476662428,254.2971024173937,0.8003453694957579,0.6140437184437184,54.0,0.4505494505494505,0.3367983367983368,1.0,0.0,0.0,3870.3559215099513,7473.5097009538495,592.0582180447427,Ca,STRv D2 MSN,STR D2 MSN,CN LGE GABA,QN22.26.020,D2,True,22,17,True,False,0,1.8876289088056513,False
QN22.26.020.14.02.04,,,,,,,,,,,,,,,,,,,,,,,,,,,,,,,,,,,,,,,,Pu,STRd D2 Matrix MSN,STR D2 MSN,CN LGE GABA,QN22.26.020,D2,True,0,39,False,False,0,,False
QN22.26.020.14.01.04,,,,,,,,,,,,,,,,,,,,,,,,,,,,,,,,,,,,,,,,Ca,STRv D1 MSN,STR D1 MSN,CN LGE GABA,QN22.26.020,D1,True,0,39,False,False,0,,False
QN22.26.020.14.02.05,,,,,74.15365484779716,-134.87363061127016,,,,0.6654830447590083,,,,,,,,,,,39.9769649516611,62.16236954256169,5.0,271.35724842764193,276.43144681502446,9.0,187.120121359436,231.0894538577176,0.8554103169619368,0.5618852163461538,73.0,0.4362980769230769,0.3079927884615384,0.8,0.2,0.0,3979.660618672209,7027.400347007238,1391.9946548696398,Ca,STRd D1 Striosome MSN,STR D1 MSN,CN LGE GABA,QN22.26.020,D1,True,22,17,True,False,1,4.607207254957356,True
QN22.26.020.14.06.02,,,,,,,,,,,,,,,,,,,,,,,,,,,,,,,,,,,,,,,,NAC,STRv D1 NUDAP MSN,STR Hybrid MSN,CN LGE GABA,QN22.26.020,D1,True,0,39,False,False,0,,False
QN22.26.020.14.07A.03,,,,,,,,,,,,,,,,,,,,,,,,,,,,,,,,,,,,,,,,Ca,STRd D1 Striosome MSN,STR D1 MSN,CN LGE GABA,QN22.26.020,D1,True,0,39,False,False,0,,False
QN22.26.020.14.08B.02,,,,,239.4299884869713,21.48746717350056,,,,0.4869993561420667,,,,,,,,,,,-4.964196931954348,5.846451031993837,3.0,447.7503232526144,363.5836523335757,7.0,260.55815061014715,309.25181496618285,0.8751910863122971,0.5696510874200427,71.0,0.4746268656716418,0.4795309168443497,0.3333333333333333,0.3333333333333333,0.3333333333333333,5588.536677920042,9999.549606360422,694.846103121955,Pu,STRd D1 Matrix MSN,STR D1 MSN,CN LGE GABA,QN22.26.020,D1,True,22,17,True,False,0,1.8513381014791916,False
QN22.26.020.14.08B.03,,,,,,,,,,,,,,,,,,,,,,,,,,,,,,,,,,,,,,,,Pu,STRd D1 Striosome MSN,STR D1 MSN,CN LGE GABA,QN22.26.020,D1,True,0,39,False,False,0,,False
QN22.26.020.14.04.05,,,,,-83.43403145601428,47.619835151682594,,,,0.3412946471524518,,,,,,,,,,,4.662900000000263,29.4798,7.0,376.8679000000002,267.0404,6.0,228.37339718909925,261.64924155617746,0.8839517042470093,0.5619801821493625,45.0,0.4571948998178506,0.3668488160291439,0.2857142857142857,0.4285714285714285,0.2857142857142857,3259.9159568925734,5769.433225991916,611.957952595691,Ca,STRv D2 MSN,STR D2 MSN,CN LGE GABA,QN22.26.020,D2,True,22,17,True,False,0,1.5416931645179321,False
QN22.26.020.14.04.06,,,,,,,,,,,,,,,,,,,,,,,,,,,,,,,,,,,,,,,,Ca,STRv D2 MSN,STR D2 MSN,CN LGE GABA,QN22.26.020,D2,True,0,39,False,False,0,,False
QN22.26.020.14.07B.01,,,,,115.87598044873856,-43.733897487561705,,,,0.7258755147016736,,,,,,,,,,,4.354559790234816,68.58740392630378,6.0,391.3013271501718,266.4170649400111,5.0,212.6891040903597,240.255611036362,0.8676423802340081,0.5514476465947936,60.0,0.516434393899553,0.466210886142519,0.5,0.1666666666666666,0.3333333333333333,4708.620018955062,8211.275301468255,492.9809756188178,Pu,STRd D1 Matrix MSN,STR D1 MSN,CN LGE GABA,QN22.26.020,D1,True,22,17,True,False,0,1.4722422779871878,False
QN22.26.020.14.08B.05,,,,,,,,,,,,,,,,,,,,,,,,,,,,,,,,,,,,,,,,Pu,STRv D1 MSN,STR D1 MSN,CN LGE GABA,QN22.26.020,D1,True,0,39,False,False,0,,False
QN22.26.020.14.52B.02,,,,,444.3356738147348,185.10955457482416,,,,0.5259651264441304,,,,,,,,,,,-21.3938913613938,10.589151618619496,5.0,348.8889744125281,545.1966231335894,6.0,303.445977868928,355.90092688707875,0.7871663472310845,0.548532567281524,67.0,0.6525551859691563,0.4201693377683702,1.0,0.0,0.0,7566.105589545962,13083.634463780816,502.0263095056125,Pu,STRd D2 Striosome MSN,STR D2 MSN,CN LGE GABA,QN22.26.020,D2,True,22,17,True,False,0,3.0404395765632337,False
QN22.26.020.14.53B.03,,,,,,,,,,,,,,,,,,,,,,,,,,,,,,,,,,,,,,,,Pu,STR D1D2 Hybrid MSN,STR Hybrid MSN,CN LGE GABA,QN22.26.020,Hybrid,True,0,39,False,False,0,,False
QN22.26.021.14.04A.01,,,,,,,,,,,,,,,,,,,,,,,,,,,,,,,,,,,,,,,,Ca,STRd D2 Matrix MSN,STR D2 MSN,CN LGE GABA,QN22.26.021,D2,True,0,39,False,False,0,,False
QN22.26.021.14.06B.02,,,,,,,,,,,,,,,,,,,,,,,,,,,,,,,,,,,,,,,,Pu,STRd D2 Striosome MSN,STR D2 MSN,CN LGE GABA,QN22.26.021,D2,True,0,39,False,False,0,,False
QN22.26.021.14.08B.02,,,,,,,,,,,,,,,,,,,,,,,,,,,,,,,,,,,,,,,,Pu,STRd D2 Matrix MSN,STR D2 MSN,CN LGE GABA,QN22.26.021,D2,True,0,39,False,False,0,,False
QN22.26.021.14.06B.03,,,,,,,,,,,,,,,,,,,,,,,,,,,,,,,,,,,,,,,,Pu,STRd D1 Matrix MSN,STR D1 MSN,CN LGE GABA,QN22.26.021,D1,True,0,39,False,False,0,,False
QN22.26.021.14.08B.05,,,,,,,,,,,,,,,,,,,,,,,,,,,,,,,,,,,,,,,,Pu,STRd D2 Striosome MSN,STR D2 MSN,CN LGE GABA,QN22.26.021,D2,True,0,39,False,False,0,,False
QN22.26.023.14.03A.02,,,,,,,,,,,,,,,,,,,,,,,,,,,,,,,,,,,,,,,,Ca,STRd D1 Matrix MSN,STR D1 MSN,CN LGE GABA,QN22.26.023,D1,True,0,39,False,False,0,,False
QN22.26.023.14.06A.02,,,,,405.8714199600554,-116.65930416156444,,,,0.7470687352767776,,,,,,,,,,,9.695532124474084,58.68475434238147,10.0,359.6017513684792,339.2702511660733,5.0,230.3329865461302,294.18458975587754,0.8278590141592449,0.5772517630465445,78.0,0.4173131170662905,0.2623413258110014,0.8,0.1,0.1,6753.875825757193,12282.922145313896,1132.9691844750648,Ca,STRd D1 Matrix MSN,STR D1 MSN,CN LGE GABA,QN22.26.023,D1,True,22,17,True,False,0,3.3724537973829762,False
QN22.26.023.14.06A.03,,,,,527.3048130118899,-238.95264401740948,,,,0.7775639866106353,,,,,,,,,,,-2.0476780969866013,17.031887830324763,13.0,354.0151614001761,337.77807369705494,6.0,230.89354895282383,281.9530481448616,0.8299890493295785,0.5106649305555555,97.0,0.5314078282828283,0.390625,0.7692307692307693,0.1538461538461538,0.0769230769230769,7505.064099449735,12052.19025336366,1324.7405416636195,Ca,STRd D2 Matrix MSN,STR D2 MSN,CN LGE GABA,QN22.26.023,D2,True,22,17,True,False,2,5.395926075812762,True
QN22.26.023.14.05A.01,,,,,-47.8350707015627,13.093414944797756,,,,0.7094555354446735,,,,,,,,,,,87.95678682077914,29.05091910142616,3.0,287.547452372492,394.37492276703335,6.0,250.7000273070786,290.325841182293,0.8299043378580843,0.6116588892769822,47.0,0.329724065665386,0.365700314355571,0.6666666666666666,0.3333333333333333,0.0,3568.189161652185,6887.79545033748,411.15154030884906,Ca,STRv D2 MSN,STR D2 MSN,CN LGE GABA,QN22.26.023,D2,True,22,17,True,False,0,1.746952649774273,False
QN22.26.023.14.05A.03,,,,,-139.24503540900008,44.657349362026366,,,,0.4606994361956261,,,,,,,,,,,37.89150928373056,4.951960084852203,5.0,291.2409309023833,330.8597485597978,5.0,191.8903678385397,256.4464406329262,0.72820478867822,0.6792662606577344,33.0,0.4364596021112464,0.4462038164839627,0.4,0.4,0.2,2934.046255530925,6268.478470927006,515.7484921634202,Ca,STRv D2 MSN,STR D2 MSN,CN LGE GABA,QN22.26.023,D2,True,22,17,True,False,0,2.141593522870636,False
QN22.26.023.14.53A.01,,,,,,,,,,,,,,,,,,,,,,,,,,,,,,,,,,,,,,,,Ca,STRd D1 Striosome MSN,STR D1 MSN,CN LGE GABA,QN22.26.023,D1,True,0,39,False,False,0,,False
QN22.26.025.14.03A.01,,,,,76.46072902353126,-55.832959558138896,,,,0.7845427938620423,,,,,,,,,,,-52.128377839798304,32.48671970376597,8.0,298.059874113108,389.190777340111,6.0,216.9345284247992,243.41730405500164,0.8236469484654422,0.6363409178345699,48.0,0.3679582302830448,0.4820005496015389,0.75,0.125,0.125,4402.28037754447,8812.20971489118,553.2455126395874,Ca,STRd D2 Matrix MSN,STR D2 MSN,CN LGE GABA,QN22.26.025,D2,True,22,17,True,False,0,2.023472278429786,False
QN22.26.025.14.03A.02,,,,,,,,,,,,,,,,,,,,,,,,,,,,,,,,,,,,,,,,Ca,STRd D2 Matrix MSN,STR D2 MSN,CN LGE GABA,QN22.26.025,D2,True,0,39,False,False,0,,False
QN22.26.025.14.06A.01,,,,,290.88261616361467,-199.7296489370306,,,,0.4167937859486816,,,,,,,,,,,71.08703254990178,43.13613346236983,5.0,319.0114600139568,445.4746171287789,8.0,250.14234943285783,289.06326209912555,0.8443299957493517,0.6475482938114517,89.0,0.3909774436090225,0.4168112589165221,1.0,0.0,0.0,6029.756602737506,12333.134639223475,900.5863338925031,Ca,STRd D2 Matrix MSN,STR D2 MSN,CN LGE GABA,QN22.26.025,D2,True,22,17,True,False,0,2.5204654696230664,False
QN22.26.025.14.03A.03,,,,,,,,,,,,,,,,,,,,,,,,,,,,,,,,,,,,,,,,Ca,STRd D1 Striosome MSN,STR D1 MSN,CN LGE GABA,QN22.26.025,D1,True,0,39,False,False,0,,False
QN22.26.025.14.06A.02,,,,,112.87364337741474,-65.78666147464949,,,,0.5381454533412953,,,,,,,,,,,-15.644809997188531,3.1381511120090693,8.0,324.17094551838727,363.1345873893954,6.0,206.2352693230966,237.6535951666701,0.8614366057984019,0.6333974727452923,56.0,0.5066897918731417,0.4447472745292368,0.75,0.0,0.25,4674.303418363157,9332.795826164793,1244.8024034390717,Ca,STRd D2 Matrix MSN,STR D2 MSN,CN LGE GABA,QN22.26.025,D2,True,22,17,True,False,1,3.8528859088911407,True
QN22.26.025.14.06A.05,,,,,-31.46814568927925,-75.19651346239763,,,,0.1914243174203811,,,,,,,,,,,-49.78906988355379,1.4435493136831496,4.0,308.92315266074525,277.974340959775,7.0,183.54841445643143,257.15698851500485,0.8084512729739733,0.6476024790619765,62.0,0.5105527638190954,0.3986599664991624,0.5,0.25,0.25,3614.978362093612,7359.273159054697,829.0459658787636,Ca,STRv D1 MSN,STR D1 MSN,CN LGE GABA,QN22.26.025,D1,True,22,17,True,False,0,1.7222441626840015,False
QN22.26.025.14.03B.04,,,,,,,,,,,,,,,,,,,,,,,,,,,,,,,,,,,,,,,,Ca,STRd D2 StrioMat Hybrid MSN,STR D2 MSN,CN LGE GABA,QN22.26.025,Hybrid,True,0,39,False,False,0,,False
QN22.26.027.14.05.02,,,,,,,,,,,,,,,,,,,,,,,,,,,,,,,,,,,,,,,,Ca,STRv D1 MSN,STR D1 MSN,CN LGE GABA,QN22.26.027,D1,True,0,39,False,False,0,,False
QN22.26.027.14.02.02,,,,,,,,,,,,,,,,,,,,,,,,,,,,,,,,,,,,,,,,NAC,STRv D2 MSN,STR D2 MSN,CN LGE GABA,QN22.26.027,D2,True,0,39,False,False,0,,False
QN22.26.027.14.05.03,,,,,,,,,,,,,,,,,,,,,,,,,,,,,,,,,,,,,,,,Ca,STRd D1 Matrix MSN,STR D1 MSN,CN LGE GABA,QN22.26.027,D1,True,0,39,False,False,0,,False
QN22.26.027.14.03.01,,,,,,,,,,,,,,,,,,,,,,,,,,,,,,,,,,,,,,,,Ca,STRd D1 Matrix MSN,STR D1 MSN,CN LGE GABA,QN22.26.027,D1,True,0,39,False,False,0,,False
QN22.26.027.14.03.02,,,,,,,,,,,,,,,,,,,,,,,,,,,,,,,,,,,,,,,,Ca,STRd D1 Striosome MSN,STR D1 MSN,CN LGE GABA,QN22.26.027,D1,True,0,39,False,False,0,,False
QN22.26.027.14.05.04,,,,,,,,,,,,,,,,,,,,,,,,,,,,,,,,,,,,,,,,Ca,STRd D2 Matrix MSN,STR D2 MSN,CN LGE GABA,QN22.26.027,D2,True,0,39,False,False,0,,False
QN22.26.027.14.02.06,,,,,,,,,,,,,,,,,,,,,,,,,,,,,,,,,,,,,,,,NAC,STRv D2 MSN,STR D2 MSN,CN LGE GABA,QN22.26.027,D2,True,0,39,False,False,0,,False
QN22.26.027.14.04.03,,,,,59.50269830764387,8.248622359602223,,,,0.3436762546773352,,,,,,,,,,,-104.70827909477237,15.229837071335538,5.0,384.7805456297291,376.2514465883904,5.0,252.29169312113697,298.2658907546969,0.8283602165598248,0.6194701644479248,53.0,0.6251631427825634,0.4836857217436701,0.6,0.2,0.2,4403.377876621955,8575.872687279483,461.96987069102295,Pu,STRv D2 MSN,STR D2 MSN,CN LGE GABA,QN22.26.027,D2,True,22,17,True,False,0,2.2192122457651826,False
QN22.26.028.14.02.01,,,,,,,,,,,,,,,,,,,,,,,,,,,,,,,,,,,,,,,,Ca,STRd D1 Striosome MSN,STR D1 MSN,CN LGE GABA,QN22.26.028,D1,True,0,39,False,False,0,,False
QN22.26.028.14.04.02,,,,,,,,,,,,,,,,,,,,,,,,,,,,,,,,,,,,,,,,Ca,STR D1D2 Hybrid MSN,STR Hybrid MSN,CN LGE GABA,QN22.26.028,Hybrid,True,0,39,False,False,0,,False
QN22.26.028.14.04.03,,,,,,,,,,,,,,,,,,,,,,,,,,,,,,,,,,,,,,,,Pu,STRd D2 Matrix MSN,STR D2 MSN,CN LGE GABA,QN22.26.028,D2,True,0,39,False,False,0,,False
QN22.26.028.14.02.02,,,,,,,,,,,,,,,,,,,,,,,,,,,,,,,,,,,,,,,,Ca,STRv D2 MSN,STR D2 MSN,CN LGE GABA,QN22.26.028,D2,True,0,39,False,False,0,,False
QN22.26.028.14.03.01,,,,,,,,,,,,,,,,,,,,,,,,,,,,,,,,,,,,,,,,Pu,STRv D2 MSN,STR D2 MSN,CN LGE GABA,QN22.26.028,D2,True,0,39,False,False,0,,False
QN22.26.028.14.02.03,,,,,-51.12924888164173,-76.63215117603303,,,,0.6000578766814968,,,,,,,,,,,26.629080585001248,47.62011779701528,7.0,350.4960646312311,274.401333324532,7.0,195.68504720509384,235.68985978287816,0.8598481347951572,0.519596736,53.0,0.51648,0.41408,0.7142857142857143,0.1428571428571428,0.1428571428571428,3656.3238552874536,5968.503547722271,511.153873700469,Ca,STRd D2 Matrix MSN,STR D2 MSN,CN LGE GABA,QN22.26.028,D2,True,22,17,True,False,0,1.3489815189531904,False
QN22.26.028.14.02.04,,,,,-15.61558570618763,-69.78341044684228,,,,0.6636878139513035,,,,,,,,,,,-2.467830866024088,0.3925878879780384,6.0,301.97049672414687,354.74034072068594,7.0,202.940881596415,265.27299960360784,0.8305983622964196,0.4944918192918193,50.0,0.4484126984126984,0.3366910866910867,0.6666666666666666,0.1666666666666666,0.1666666666666666,3855.3557264997166,5993.385874790728,307.63386124758864,Ca,STRv D1 MSN,STR D1 MSN,CN LGE GABA,QN22.26.028,D1,True,22,17,True,False,0,1.0603426352543799,False
QN22.26.028.14.06.02,,,,,,,,,,,,,,,,,,,,,,,,,,,,,,,,,,,,,,,,Ca,STRd D1 Striosome MSN,STR D1 MSN,CN LGE GABA,QN22.26.028,D1,True,0,39,False,False,0,,False
QN22.26.028.14.06.03,,,,,,,,,,,,,,,,,,,,,,,,,,,,,,,,,,,,,,,,Ca,STRd D2 Striosome MSN,STR D2 MSN,CN LGE GABA,QN22.26.028,D2,True,0,39,False,False,0,,False
QN22.26.028.14.05.01,,,,,,,,,,,,,,,,,,,,,,,,,,,,,,,,,,,,,,,,Ca,STRd D2 Striosome MSN,STR D2 MSN,CN LGE GABA,QN22.26.028,D2,True,0,39,False,False,0,,False
QN22.26.028.14.06.04,,,,,,,,,,,,,,,,,,,,,,,,,,,,,,,,,,,,,,,,Ca,STRd D1 Striosome MSN,STR D1 MSN,CN LGE GABA,QN22.26.028,D1,True,0,39,False,False,0,,False
QN22.26.028.14.06.05,,,,,,,,,,,,,,,,,,,,,,,,,,,,,,,,,,,,,,,,Pu,STRv D1 MSN,STR D1 MSN,CN LGE GABA,QN22.26.028,D1,True,0,39,False,False,0,,False
QN22.26.028.14.05.05,,,,,-112.75536602139852,-62.52783968731225,,,,0.7309265090094311,,,,,,,,,,,57.529525019111134,77.86442306340112,4.0,321.9812882031938,221.5577150260385,8.0,205.3880224101448,257.9674492988386,0.8044000103593268,0.533796312986481,56.0,0.3281442031954117,0.368701351904957,0.5,0.5,0.0,2991.6377668182504,5020.429569380329,367.16860428431,Pu,STRd D1 Striosome MSN,STR D1 MSN,CN LGE GABA,QN22.26.028,D1,True,22,17,True,False,0,1.8167675670247276,False
QN22.26.028.14.54B.05,,,,,,,,,,,,,,,,,,,,,,,,,,,,,,,,,,,,,,,,Pu,STRd D2 Matrix MSN,STR D2 MSN,CN LGE GABA,QN22.26.028,D2,True,0,39,False,False,0,,False
QN22.26.028.14.51.01,,,,,,,,,,,,,,,,,,,,,,,,,,,,,,,,,,,,,,,,Pu,STRv D1 MSN,STR D1 MSN,CN LGE GABA,QN22.26.028,D1,True,0,39,False,False,0,,False
QM22.26.030.14.02A.03,,,,,80.61594340700196,-32.1279195084247,,,,0.2013989685673936,,,,,,,,,,,-11.111354840538295,3.575072919715211,7.0,379.76577026469386,323.4602952653803,6.0,216.1221584405218,377.7931728425601,0.7751027764971428,0.4964699741602067,51.0,0.5785529715762274,0.4503875968992248,0.4285714285714285,0.1428571428571428,0.4285714285714285,4609.913221789973,7186.645766429901,355.60496721312364,Ca,STRd D2 Striosome MSN,STR D2 MSN,CN LGE GABA,QM22.26.030,D2,True,22,17,True,False,0,2.649097347566917,False
QM22.26.030.14.07A.03,,,,,,,,,,,,,,,,,,,,,,,,,,,,,,,,,,,,,,,,Ca,STRd D2 Matrix MSN,STR D2 MSN,CN LGE GABA,QM22.26.030,D2,True,0,39,False,False,0,,False
QM22.26.031.14.03A.01,,,,,,,,,,,,,,,,,,,,,,,,,,,,,,,,,,,,,,,,Ca,STRd D1 Striosome MSN,STR D1 MSN,CN LGE GABA,QM22.26.031,D1,True,0,39,False,False,0,,False
QM22.26.031.14.04A.01,,,,,,,,,,,,,,,,,,,,,,,,,,,,,,,,,,,,,,,,Ca,STRd D1 Matrix MSN,STR D1 MSN,CN LGE GABA,QM22.26.031,D1,True,0,39,False,False,0,,False
QM22.26.031.14.03A.02,,,,,,,,,,,,,,,,,,,,,,,,,,,,,,,,,,,,,,,,Ca,STRd D1 Matrix MSN,STR D1 MSN,CN LGE GABA,QM22.26.031,D1,True,0,39,False,False,0,,False
QM22.26.031.14.04A.03,,,,,,,,,,,,,,,,,,,,,,,,,,,,,,,,,,,,,,,,Ca,STRd D2 Matrix MSN,STR D2 MSN,CN LGE GABA,QM22.26.031,D2,True,0,39,False,False,0,,False
QM22.26.031.14.04A.04,,,,,,,,,,,,,,,,,,,,,,,,,,,,,,,,,,,,,,,,Ca,STRd D1 Matrix MSN,STR D1 MSN,CN LGE GABA,QM22.26.031,D1,True,0,39,False,False,0,,False
QM22.26.031.14.04A.05,,,,,,,,,,,,,,,,,,,,,,,,,,,,,,,,,,,,,,,,Ca,STRd D2 Matrix MSN,STR D2 MSN,CN LGE GABA,QM22.26.031,D2,True,0,39,False,False,0,,False
QM22.26.031.14.03A.03,,,,,142.48116106955968,-165.04032015112213,,,,0.6900697474454492,,,,,,,,,,,-23.222193469894137,27.29515958476685,4.0,311.15493973807,340.93548309506764,7.0,232.0895911279952,266.29492826578866,0.7997041989119127,0.5081728923153445,72.0,0.4628201939815966,0.3757771698582442,0.75,0.25,0.0,4688.862203696094,7505.242429099948,788.6811634089422,Ca,STRd D1 Striosome MSN,STR D1 MSN,CN LGE GABA,QM22.26.031,D1,True,22,17,True,False,0,1.5153852293039713,False
QM22.26.031.14.04A.06,,,,,,,,,,,,,,,,,,,,,,,,,,,,,,,,,,,,,,,,Ca,STRd D2 Matrix MSN,STR D2 MSN,CN LGE GABA,QM22.26.031,D2,True,0,39,False,False,0,,False
QM22.26.031.14.04A.07,,,,,-99.51286481115,-90.67539255703323,,,,0.2395102409552109,,,,,,,,,,,-18.03218344671313,74.90569272377346,4.0,251.18330133883592,216.35484742174745,7.0,157.9765412239426,220.9110188667372,0.7788264581337155,0.5195724867724868,50.0,0.3854875283446712,0.1749811035525321,0.75,0.0,0.25,3086.374700245373,5055.525646857024,204.3525943220058,Ca,STRd D2 Striosome MSN,STR D2 MSN,CN LGE GABA,QM22.26.031,D2,True,22,17,True,False,0,2.790635163851625,False
QM22.26.031.14.04A.08,,,,,123.54913250925416,-294.6831892424158,,,,0.8582589277696588,,,,,,,,,,,28.72753998400094,13.023677712630075,6.0,227.5640579394685,238.22270436001835,6.0,159.24238070039624,191.8168396630559,0.7921955774414686,0.5957636832602528,78.0,0.4952282692803714,0.4916172298168687,0.8333333333333334,0.0,0.1666666666666666,4683.578331985989,8793.16717580576,632.1866083788865,Ca,STRd D2 Striosome MSN,STR D2 MSN,CN LGE GABA,QM22.26.031,D2,True,22,17,True,False,0,2.749408580460847,False
QM22.26.031.14.02.02,,,,,,,,,,,,,,,,,,,,,,,,,,,,,,,,,,,,,,,,Pu,STRv D1 MSN,STR D1 MSN,CN LGE GABA,QM22.26.031,D1,True,0,39,False,False,0,,False
QM22.26.031.14.02.03,,,,,,,,,,,,,,,,,,,,,,,,,,,,,,,,,,,,,,,,Pu,STRd D2 StrioMat Hybrid MSN,STR D2 MSN,CN LGE GABA,QM22.26.031,Hybrid,True,0,39,False,False,0,,False
QM22.26.031.14.02.06,,,,,65.02913040594717,-41.82973193168712,,,,0.5441424139340578,,,,,,,,,,,27.82620060379122,2.465882360027962,10.0,315.7499780654798,298.17394505071513,6.0,215.9426264514252,256.5682231177128,0.7957377678021899,0.5880388258100249,46.0,0.4688451952367765,0.3364718914428136,1.0,0.0,0.0,4344.825401695813,8043.601147559457,632.1866083788865,Ca,STRv D2 MSN,STR D2 MSN,CN LGE GABA,QM22.26.031,D2,True,22,17,True,False,0,3.3724537973829762,False
QM22.26.031.14.02.07,,,,,,,,,,,,,,,,,,,,,,,,,,,,,,,,,,,,,,,,Ca,STRd D2 Striosome MSN,STR D2 MSN,CN LGE GABA,QM22.26.031,D2,True,0,39,False,False,0,,False
QM22.26.031.14.51A.01,,,,,,,,,,,,,,,,,,,,,,,,,,,,,,,,,,,,,,,,Ca,STRd D1 Matrix MSN,STR D1 MSN,CN LGE GABA,QM22.26.031,D1,True,0,39,False,False,0,,False
QM22.26.031.14.51A.02,,,,,,,,,,,,,,,,,,,,,,,,,,,,,,,,,,,,,,,,Ca,STRv D1 MSN,STR D1 MSN,CN LGE GABA,QM22.26.031,D1,True,0,39,False,False,0,,False
QM22.26.031.14.55A.02,,,,,,,,,,,,,,,,,,,,,,,,,,,,,,,,,,,,,,,,Ca,STRd D1 Matrix MSN,STR D1 MSN,CN LGE GABA,QM22.26.031,D1,True,0,39,False,False,0,,False
QM22.26.031.14.55A.03,,,,,,,,,,,,,,,,,,,,,,,,,,,,,,,,,,,,,,,,Ca,STRd D1 Striosome MSN,STR D1 MSN,CN LGE GABA,QM22.26.031,D1,True,0,39,False,False,0,,False
QM22.26.031.14.55A.04,,,,,-84.8135127295277,80.5716082368417,,,,0.6956879385869131,,,,,,,,,,,-52.65689801663575,38.087596273791576,6.0,352.72561481054254,339.66924791012394,5.0,223.84649472783792,240.4373987656108,0.8985797630275139,0.6632600505232767,42.0,0.6434500180440275,0.2933958859617467,0.5,0.1666666666666666,0.3333333333333333,3274.2864491478867,6798.576416985998,673.6306836420184,Ca,STRd D1 Matrix MSN,STR D1 MSN,CN LGE GABA,QM22.26.031,D1,True,22,17,True,False,0,1.5988544718373787,False
QM22.26.031.14.55A.05,,,,,-20.30863978432251,-58.37851166431838,,,,0.5098887154942846,,,,,,,,,,,20.29163141200388,38.81758092192484,4.0,245.5391108229942,382.4051966471764,7.0,231.86546739609585,331.40659839071003,0.8314886440178001,0.5653481529911736,54.0,0.3837855508336057,0.4906832298136646,1.0,0.0,0.0,3642.336500409528,6474.71678882442,587.1346783495443,Ca,STRd D1 Striosome MSN,STR D1 MSN,CN LGE GABA,QM22.26.031,D1,True,22,17,True,False,0,1.497511926162578,False
QN22.26.034.14.03.03,,,,,,,,,,,,,,,,,,,,,,,,,,,,,,,,,,,,,,,,NAC,STRv D1 MSN,STR D1 MSN,CN LGE GABA,QN22.26.034,D1,True,0,39,False,False,0,,False
QN22.26.036.14.02B.02,,,,,,,,,,,,,,,,,,,,,,,,,,,,,,,,,,,,,,,,Pu,STRd D2 Matrix MSN,STR D2 MSN,CN LGE GABA,QN22.26.036,D2,True,0,39,False,False,0,,False
QN22.26.036.14.02B.03,,,,,,,,,,,,,,,,,,,,,,,,,,,,,,,,,,,,,,,,Pu,STRd D2 Matrix MSN,STR D2 MSN,CN LGE GABA,QN22.26.036,D2,True,0,39,False,False,0,,False
QN22.26.036.14.06A.02,,,,,,,,,,,,,,,,,,,,,,,,,,,,,,,,,,,,,,,,Pu,STRd D1 Matrix MSN,STR D1 MSN,CN LGE GABA,QN22.26.036,D1,True,0,39,False,False,0,,False
QN22.26.036.14.01B.02,,,,,-71.21368691549304,-108.92421024037836,,,,0.4484719398559995,,,,,,,,,,,25.02635753747381,104.04985046492254,4.0,270.139238866348,253.0825886336732,8.0,191.89152863829065,214.17355597435903,0.8179259419433627,0.5241359067734888,58.0,0.3299344501092498,0.306991988346686,0.75,0.0,0.25,3300.661716380025,5417.688249427436,475.1369987694138,Pu,STR D1D2 Hybrid MSN,STR Hybrid MSN,CN LGE GABA,QN22.26.036,Hybrid,True,22,17,True,False,0,2.7892288512755012,False
QN22.26.036.14.06A.03,,,,,,,,,,,,,,,,,,,,,,,,,,,,,,,,,,,,,,,,Pu,STRd D2 Matrix MSN,STR D2 MSN,CN LGE GABA,QN22.26.036,D2,True,0,39,False,False,0,,False
QN22.26.036.14.02B.04,,,,,,,,,,,,,,,,,,,,,,,,,,,,,,,,,,,,,,,,Pu,STRd D2 Striosome MSN,STR D2 MSN,CN LGE GABA,QN22.26.036,D2,True,0,39,False,False,0,,False
QN22.26.036.14.01B.03,,,,,-20.69911171235367,-19.655831888459687,,,,0.591291496700266,,,,,,,,,,,-90.72085901591754,11.82774989888648,3.0,252.37381924045576,346.1954645358097,7.0,206.0213528598674,280.4335912842033,0.7793820298399264,0.5321141800246609,47.0,0.5579531442663379,0.345869297163995,0.6666666666666666,0.0,0.3333333333333333,3774.597102535021,6332.348343690767,190.11647223881187,Pu,STR D1D2 Hybrid MSN,STR Hybrid MSN,CN LGE GABA,QN22.26.036,Hybrid,True,22,17,True,False,0,1.9312699858007634,False
QN22.26.036.14.02B.05,,,,,,,,,,,,,,,,,,,,,,,,,,,,,,,,,,,,,,,,Pu,STRd D1 Striosome MSN,STR D1 MSN,CN LGE GABA,QN22.26.036,D1,True,0,39,False,False,0,,False
QN22.26.036.14.06A.04,,,,,,,,,,,,,,,,,,,,,,,,,,,,,,,,,,,,,,,,Pu,STRd D2 Striosome MSN,STR D2 MSN,CN LGE GABA,QN22.26.036,D2,True,0,39,False,False,0,,False
QN22.26.036.14.01B.05,,,,,,,,,,,,,,,,,,,,,,,,,,,,,,,,,,,,,,,,Pu,STRd D2 Striosome MSN,STR D2 MSN,CN LGE GABA,QN22.26.036,D2,True,0,39,False,False,0,,False
QN22.26.036.14.06A.05,,,,,,,,,,,,,,,,,,,,,,,,,,,,,,,,,,,,,,,,Pu,STRd D2 Matrix MSN,STR D2 MSN,CN LGE GABA,QN22.26.036,D2,True,0,39,False,False,0,,False
QN22.26.036.14.01B.06,,,,,33.07911287246361,-18.772987871232885,,,,0.8125442708104291,,,,,,,,,,,17.292165605644186,9.31895025853683,5.0,316.90956454817024,335.08353611225823,6.0,199.79115825674097,236.0068115381302,0.8343636884888233,0.5445051626380185,57.0,0.3470605789316622,0.4571769621008654,0.6,0.2,0.2,3947.429514043968,6761.492443556079,276.4582957036702,Pu,STRd D1 Striosome MSN,STR D1 MSN,CN LGE GABA,QN22.26.036,D1,True,22,17,True,False,0,1.109621449363464,False
QN22.26.036.14.06A.06,,,,,54.25664844024334,-246.29354869318607,,,,0.7300046133519071,,,,,,,,,,,-49.15018908697402,24.135899207983183,5.0,206.66988902974023,189.28067664039293,9.0,136.75385786258445,199.5862363571526,0.7388999851261868,0.5011603234190009,69.0,0.773029165463471,0.3771296563673116,0.6,0.2,0.2,4172.240621065379,6573.912780911453,304.08767921242486,Pu,STRv D1 MSN,STR D1 MSN,CN LGE GABA,QN22.26.036,D1,True,22,17,True,False,0,2.804559836774247,False
QN22.26.036.14.06B.02,,,,,-62.67017488098492,-115.4196844011478,,,,0.438464265620771,,,,,,,,,,,16.73996687205681,105.14559420594546,4.0,275.31329505147687,267.4902845286214,8.0,191.4273802579715,215.2733050522596,0.8019619431469401,0.5165376412429377,56.0,0.3915960451977401,0.2814265536723164,0.75,0.0,0.25,3349.72518859419,5428.286718916777,475.1369987694137,Ca,STRd D1 Matrix MSN,STR D1 MSN,CN LGE GABA,QN22.26.036,D1,True,22,17,True,False,0,2.8299220333750603,False
QN22.26.036.14.06A.07,,,,,,,,,,,,,,,,,,,,,,,,,,,,,,,,,,,,,,,,Pu,STRv D1 MSN,STR D1 MSN,CN LGE GABA,QN22.26.036,D1,True,0,39,False,False,0,,False
QN22.26.036.14.06A.08,,,,,,,,,,,,,,,,,,,,,,,,,,,,,,,,,,,,,,,,Pu,STRd D2 Matrix MSN,STR D2 MSN,CN LGE GABA,QN22.26.036,D2,True,0,39,False,False,0,,False
QN22.26.036.14.04B.01,,,,,94.68581780725629,-9.88300921028764,,,,0.462328041005944,,,,,,,,,,,104.39552161000574,72.24789942040516,5.0,209.57023384450625,393.7614931134484,6.0,242.56022384498644,293.63597216830266,0.7943049986181917,0.6147853067814855,51.0,0.278794402583423,0.4332615715823465,0.6,0.2,0.2,4502.326881441863,8709.823449272235,461.96987069102295,Pu,STRd D1 Striosome MSN,STR D1 MSN,CN LGE GABA,QN22.26.036,D1,True,22,17,True,False,0,2.085357188958826,False
QN22.26.036.14.07A.01,,,,,,,,,,,,,,,,,,,,,,,,,,,,,,,,,,,,,,,,Ca,STRd D2 Matrix MSN,STR D2 MSN,CN LGE GABA,QN22.26.036,D2,True,0,39,False,False,0,,False
QN22.26.036.14.04B.03,,,,,151.30461537666008,-33.395939903057666,,,,0.6846568381519796,,,,,,,,,,,43.006005511972944,9.866031853432276,7.0,322.979635492783,380.9187393424965,7.0,218.82183447789143,271.9816580145083,0.8394763580559833,0.6006674056603774,65.0,0.4193396226415094,0.4688679245283018,0.4285714285714285,0.1428571428571428,0.4285714285714285,5030.23166307373,9496.111355445704,479.5671566162416,Pu,STRd D1 Matrix MSN,STR D1 MSN,CN LGE GABA,QN22.26.036,D1,True,22,17,True,False,0,1.3489815189531904,False
QN22.26.036.14.07B.02,,,,,,,,,,,,,,,,,,,,,,,,,,,,,,,,,,,,,,,,Pu,STRd D1 Matrix MSN,STR D1 MSN,CN LGE GABA,QN22.26.036,D1,True,0,39,False,False,0,,False
QN22.26.036.14.07B.03,,,,,,,,,,,,,,,,,,,,,,,,,,,,,,,,,,,,,,,,Pu,STRd D2 Matrix MSN,STR D2 MSN,CN LGE GABA,QN22.26.036,D2,True,0,39,False,False,0,,False
QN22.26.036.14.03B.04,,,,,,,,,,,,,,,,,,,,,,,,,,,,,,,,,,,,,,,,Pu,STRv D1 MSN,STR D1 MSN,CN LGE GABA,QN22.26.036,D1,True,0,39,False,False,0,,False
QN22.26.036.14.05B.04,,,,,-150.60467192276798,-192.7916893704366,,,,0.438097011581392,,,,,,,,,,,-7.566093696495045,3.949623169074712,7.0,226.82983912909825,167.4050208178955,8.0,128.48879044379686,199.5336344825692,0.7331783342745096,0.4921990665110852,55.0,0.6196032672112018,0.3251653053286659,0.7142857142857143,0.1428571428571428,0.1428571428571428,3060.1177674608457,4735.646590095101,283.2422961187662,Pu,STRv D2 MSN,STR D2 MSN,CN LGE GABA,QN22.26.036,D2,True,22,17,True,False,0,3.070150863182123,False
QN22.26.036.14.04B.05,,,,,,,,,,,,,,,,,,,,,,,,,,,,,,,,,,,,,,,,Pu,STRd D2 Matrix MSN,STR D2 MSN,CN LGE GABA,QN22.26.036,D2,True,0,39,False,False,0,,False
QN22.26.036.14.04B.06,,,,,3.950599442887437,-9.222461408506348,,,,,,,,,,,,,,,-25.882265581002684,29.151286011287908,8.0,333.4778937895817,387.76601220016914,6.0,219.77056038072968,261.1697468091788,0.8312110981074335,0.4897966616989568,44.0,0.4935916542473919,0.3478390461997019,0.875,0.0,0.125,3951.552899302447,6086.286006169588,225.1465834731258,Pu,STRd D1 Matrix MSN,STR D1 MSN,CN LGE GABA,QN22.26.036,D1,True,21,18,True,False,0,2.023472278429786,False
QN22.26.036.14.07B.04,,,,,,,,,,,,,,,,,,,,,,,,,,,,,,,,,,,,,,,,Pu,STRd D1 Matrix MSN,STR D1 MSN,CN LGE GABA,QN22.26.036,D1,True,0,39,False,False,0,,False
QN22.26.036.14.04B.07,,,,,-90.85446927429166,-3.3851024925165234,,,,0.3333970936540543,,,,,,,,,,,-77.05713414524325,4.0306764819465,5.0,392.7568773530111,328.7445435534685,6.0,247.57474863097443,283.79315930774413,0.8618723556524446,0.652912157128344,49.0,0.6945479173721639,0.3592956315611243,0.2,0.4,0.4,3365.6759071692386,6913.585443930146,363.2935010168992,Pu,STRd D2 Matrix MSN,STR D2 MSN,CN LGE GABA,QN22.26.036,D2,True,22,17,True,False,0,1.8885741265344669,False
QN22.26.036.14.07A.04,,,,,305.18018390357645,-77.93759561833943,,,,0.3808520311776224,,,,,,,,,,,1.834982559211312,19.8777463811075,9.0,342.3052378530001,425.4889375422247,6.0,231.67627594089123,287.6403923958094,0.7625174178517171,0.5057663197729421,67.0,0.3101229895931883,0.3519394512771996,0.5555555555555556,0.3333333333333333,0.1111111111111111,6052.815160559367,9617.123389121463,333.03274765016766,Ca,STRv D1 MSN,STR D1 MSN,CN LGE GABA,QN22.26.036,D1,True,22,17,True,False,0,2.697963037906381,False
QN22.26.036.14.04B.08,,,,,,,,,,,,,,,,,,,,,,,,,,,,,,,,,,,,,,,,Pu,STRd D1 Matrix MSN,STR D1 MSN,CN LGE GABA,QN22.26.036,D1,True,0,39,False,False,0,,False
QN22.26.036.14.07B.05,,,,,,,,,,,,,,,,,,,,,,,,,,,,,,,,,,,,,,,,Pu,STR D1D2 Hybrid MSN,STR Hybrid MSN,CN LGE GABA,QN22.26.036,Hybrid,True,0,39,False,False,0,,False
QN22.26.036.14.51B.01,,,,,,,,,,,,,,,,,,,,,,,,,,,,,,,,,,,,,,,,Pu,STRv D1 MSN,STR D1 MSN,CN LGE GABA,QN22.26.036,D1,True,0,39,False,False,0,,False
QN22.26.036.14.51B.02,,,,,,,,,,,,,,,,,,,,,,,,,,,,,,,,,,,,,,,,Pu,STRv D2 MSN,STR D2 MSN,CN LGE GABA,QN22.26.036,D2,True,0,39,False,False,0,,False
QN22.26.036.14.51A.01,,,,,,,,,,,,,,,,,,,,,,,,,,,,,,,,,,,,,,,,Ca,STRv D1 MSN,STR D1 MSN,CN LGE GABA,QN22.26.036,D1,True,0,39,False,False,0,,False
QN22.26.036.14.51A.02,,,,,-9.091054693627598,10.073889082042996,,,,0.4034347631669746,,,,,,,,,,,89.22174424569494,57.46129108026497,7.0,320.9010882677594,367.6364472909141,9.0,237.744564345139,292.86786507705284,0.8482305471407295,0.7835731606827545,61.0,0.3384343731606827,0.3808122424955856,0.5714285714285714,0.2857142857142857,0.1428571428571428,3991.31205864884,9849.980546090052,652.744185394329,Ca,STRd D1 Matrix MSN,STR D1 MSN,CN LGE GABA,QN22.26.036,D1,True,22,17,True,False,0,3.0950099139893648,False
QN22.26.036.14.53A.01,,,,,,,,,,,,,,,,,,,,,,,,,,,,,,,,,,,,,,,,Ca,STRd D1 Matrix MSN,STR D1 MSN,CN LGE GABA,QN22.26.036,D1,True,0,39,False,False,0,,False
QN22.26.037.14.03A.02,,,,,194.48836786026845,21.881170125573192,,,,0.7187343419887114,,,,,,,,,,,-5.312461848789098,31.73971477303388,5.0,509.0625963737093,380.4449348756265,6.0,260.3527893294211,316.1688637945014,0.8556094324922899,0.5253834567901234,65.0,0.3853909465020576,0.2045267489711934,0.4,0.4,0.2,5514.437532171362,9089.119890071275,492.9809756188178,Ca,STRd D1 Matrix MSN,STR D1 MSN,CN LGE GABA,QN22.26.037,D1,True,22,17,True,False,0,2.7693287958334656,False
QN22.26.037.14.05A.03,,,,,,,,,,,,,,,,,,,,,,,,,,,,,,,,,,,,,,,,Ca,STRd D2 Matrix MSN,STR D2 MSN,CN LGE GABA,QN22.26.037,D2,True,0,39,False,False,0,,False
QN23.26.001.14.15B.02,,,,,,,,,,,,,,,,,,,,,,,,,,,,,,,,,,,,,,,,Pu,STRd D1 Striosome MSN,STR D1 MSN,CN LGE GABA,QN23.26.001,D1,True,0,39,False,False,0,,False
QN23.26.001.14.18A.03,,,,,,,,,,,,,,,,,,,,,,,,,,,,,,,,,,,,,,,,Ca,STRd D2 Striosome MSN,STR D2 MSN,CN LGE GABA,QN23.26.001,D2,True,0,39,False,False,0,,False
QN23.26.003.14.10B.01,,,,,,,,,,,,,,,,,,,,,,,,,,,,,,,,,,,,,,,,Pu,STRd D1 Matrix MSN,STR D1 MSN,CN LGE GABA,QN23.26.003,D1,True,0,39,False,False,0,,False
QN23.26.003.14.02A.02,,,,,,,,,,,,,,,,,,,,,,,,,,,,,,,,,,,,,,,,Pu,STRd D1 Matrix MSN,STR D1 MSN,CN LGE GABA,QN23.26.003,D1,True,0,39,False,False,0,,False
QN23.26.003.14.07A.02,,,,,273.00652433225105,-183.08763290319567,,,,0.2763985245810534,,,,,,,,,,,22.02157707011065,21.921223638062656,11.0,327.9371563752902,342.93424507706504,6.0,216.2437795578176,256.0318951955562,0.8192947998132409,0.4960852244897959,61.0,0.5691836734693878,0.3742857142857143,0.6363636363636364,0.1818181818181818,0.1818181818181818,5808.656293188868,9056.646821045286,394.8699393126187,Ca,STRd D1 Matrix MSN,STR D1 MSN,CN LGE GABA,QN23.26.003,D1,True,22,17,True,False,1,4.046944556859572,True
QN23.26.005.14.01.03,,,,,,,,,,,,,,,,,,,,,,,,,,,,,,,,,,,,,,,,NAC,STR D1D2 Hybrid MSN,STR Hybrid MSN,CN LGE GABA,QN23.26.005,Hybrid,True,0,39,False,False,0,,False
QN23.26.005.14.01.04,,,,,,,,,,,,,,,,,,,,,,,,,,,,,,,,,,,,,,,,NAC,STRv D1 MSN,STR D1 MSN,CN LGE GABA,QN23.26.005,D1,True,0,39,False,False,0,,False
QN23.26.008.14.01.02,,,,,,,,,,,,,,,,,,,,,,,,,,,,,,,,,,,,,,,,NAC,STRv D2 MSN,STR D2 MSN,CN LGE GABA,QN23.26.008,D2,True,0,39,False,False,0,,False
QN23.26.008.14.02.01,,,,,,,,,,,,,,,,,,,,,,,,,,,,,,,,,,,,,,,,NAC,STRv D2 MSN,STR D2 MSN,CN LGE GABA,QN23.26.008,D2,True,0,39,False,False,0,,False
QN23.26.008.14.05A.01,,,,,,,,,,,,,,,,,,,,,,,,,,,,,,,,,,,,,,,,Pu,STRd D1 Matrix MSN,STR D1 MSN,CN LGE GABA,QN23.26.008,D1,True,0,39,False,False,0,,False
QN23.26.008.14.02.02,,,,,-52.738164440671085,65.49717198665003,,,,0.6161322006111631,,,,,,,,,,,-33.94819454761159,27.42329459903493,5.0,331.8345112061145,364.7244942824578,6.0,233.63322676333945,304.374816069363,0.8056402344360616,0.5393534192269573,39.0,0.5213082259663032,0.4618434093161546,0.8,0.2,0.0,3564.790850980178,6043.833377418873,407.0503036942684,NAC,STRv D1 MSN,STR D1 MSN,CN LGE GABA,QN23.26.008,D1,True,22,17,True,False,0,1.0294858960432243,False
QN23.26.008.14.03.02,,,,,19.17404204494608,-44.50996466638989,,,,0.5657716674120761,,,,,,,,,,,33.1753716916885,5.833357927150246,5.0,396.1310607230832,297.3443908307541,7.0,225.78081110078864,274.5173751327204,0.8170882445956357,0.5386548974943053,59.0,0.3507972665148063,0.4379271070615034,0.4,0.2,0.4,4045.523160292279,6846.198055778632,1146.6605307673494,NAC,STRv D2 MSN,STR D2 MSN,CN LGE GABA,QN23.26.008,D2,True,22,17,True,False,0,3.349934776751461,False
QN23.26.008.14.03.03,,,,,83.29802954755883,-73.56993116963642,,,,,,,,,,,,,,,12.652194892494665,30.599879931935504,7.0,401.8867963713051,314.2789167644775,6.0,218.8780287154698,340.6354213611735,0.8189485600538124,0.5112034323770491,53.0,0.4710553278688524,0.4910348360655737,0.7142857142857143,0.1428571428571428,0.1428571428571428,4528.712519393757,7280.214403855858,492.9809756188178,NAC,STRv D2 MSN,STR D2 MSN,CN LGE GABA,QN23.26.008,D2,True,21,18,True,False,0,1.7266251580641703,False
QN23.26.008.14.02.05,,,,,,,,,,,,,,,,,,,,,,,,,,,,,,,,,,,,,,,,NAC,STRv D1 MSN,STR D1 MSN,CN LGE GABA,QN23.26.008,D1,True,0,39,False,False,0,,False
QN23.26.008.14.06B.01,,,,,-38.909251489769645,-63.09893060443514,,,,0.3908669698244167,,,,,,,,,,,-28.00076083021941,47.622609265561294,8.0,300.34483866640085,356.2985793945443,6.0,225.98960561231576,271.68916491183035,0.7917721442573222,0.5293001230769229,54.0,0.5249230769230769,0.4255384615384615,0.75,0.125,0.125,3726.63905350561,6207.845008097899,453.2945731905061,Pu,STRd D2 Matrix MSN,STR D2 MSN,CN LGE GABA,QN23.26.008,D2,True,22,17,True,False,0,2.023472278429786,False
QN23.26.010.14.02A.01,,,,,214.8688913348402,-172.76140116122477,,,,0.6802330132340987,,,,,,,,,,,-42.88683635364464,35.92352331418289,5.0,265.9617846670433,307.2417922163974,9.0,208.5417025232363,315.29373908674785,0.7388165287616436,0.6085394475138122,73.0,0.7321546961325966,0.3980110497237569,0.8,0.2,0.0,5320.452207801667,10174.591363099396,611.957952595691,NAC,STRv D1 MSN,STR D1 MSN,CN LGE GABA,QN23.26.010,D1,True,22,17,True,False,0,2.133800280996461,False
QN23.26.010.14.02A.02,,,,,,,,,,,,,,,,,,,,,,,,,,,,,,,,,,,,,,,,Pu,STRv D1 MSN,STR D1 MSN,CN LGE GABA,QN23.26.010,D1,True,0,39,False,False,0,,False
QN23.26.010.14.03A.02,,,,,,,,,,,,,,,,,,,,,,,,,,,,,,,,,,,,,,,,NAC,STRv D1 MSN,STR D1 MSN,CN LGE GABA,QN23.26.010,D1,True,0,39,False,False,0,,False
QN23.26.010.14.07A.01,,,,,,,,,,,,,,,,,,,,,,,,,,,,,,,,,,,,,,,,Ca,STRd D1 Matrix MSN,STR D1 MSN,CN LGE GABA,QN23.26.010,D1,True,0,39,False,False,0,,False
QN23.26.010.14.02A.03,,,,,,,,,,,,,,,,,,,,,,,,,,,,,,,,,,,,,,,,NAC,STRv D1 MSN,STR D1 MSN,CN LGE GABA,QN23.26.010,D1,True,0,39,False,False,0,,False
QN23.26.010.14.03A.04,,,,,,,,,,,,,,,,,,,,,,,,,,,,,,,,,,,,,,,,NAC,STRv D1 MSN,STR D1 MSN,CN LGE GABA,QN23.26.010,D1,True,0,39,False,False,0,,False
QN23.26.010.14.02A.04,,,,,,,,,,,,,,,,,,,,,,,,,,,,,,,,,,,,,,,,Pu,STRd D1 Matrix MSN,STR D1 MSN,CN LGE GABA,QN23.26.010,D1,True,0,39,False,False,0,,False
QN23.26.010.14.07A.02,,,,,,,,,,,,,,,,,,,,,,,,,,,,,,,,,,,,,,,,Ca,STRd D2 Matrix MSN,STR D2 MSN,CN LGE GABA,QN23.26.010,D2,True,0,39,False,False,0,,False
QN23.26.010.14.03A.05,,,,,-87.35033356363004,-146.0304170255466,,,,0.3071932165871769,,,,,,,,,,,-1.1936802171817362,14.640206652801211,4.0,244.1134101167695,252.00987490712737,7.0,153.668145917786,216.3305487727509,0.7868808429439412,0.5566332310053722,54.0,0.4447429009976976,0.4186492709132771,0.25,0.25,0.5,3193.857146567916,5583.130676960905,407.0503036942684,NAC,STRv D2 MSN,STR D2 MSN,CN LGE GABA,QN23.26.010,D2,True,22,17,True,False,0,2.261033341717727,False
QN23.26.010.14.03A.06,,,,,,,,,,,,,,,,,,,,,,,,,,,,,,,,,,,,,,,,NAC,STRv D1 MSN,STR D1 MSN,CN LGE GABA,QN23.26.010,D1,True,0,39,False,False,0,,False
QN23.26.015.14.06A.03,,,,,,,,,,,,,,,,,,,,,,,,,,,,,,,,,,,,,,,,NAC,STRv D2 MSN,STR D2 MSN,CN LGE GABA,QN23.26.015,D2,True,0,39,False,False,0,,False
QN23.26.015.14.14A.01,,,,,,,,,,,,,,,,,,,,,,,,,,,,,,,,,,,,,,,,Ca,STRv D2 MSN,STR D2 MSN,CN LGE GABA,QN23.26.015,D2,True,0,39,False,False,0,,False
QN23.26.016.14.03A.04,,,,,-86.8615776995589,-50.326546498752265,,,,0.4897800434917525,,,,,,,,,,,-57.44610850662502,22.94160850802197,6.0,338.89120949301514,325.50677342164136,6.0,225.48456110312733,257.60096859522884,0.8655130873557417,0.5126735606894023,50.0,0.5845251191785845,0.4334433443344334,0.6666666666666666,0.1666666666666666,0.1666666666666666,3222.3472202377848,5189.611242516712,678.9037021464794,Ca,STRv D1 MSN,STR D1 MSN,CN LGE GABA,QN23.26.016,D1,True,22,17,True,False,0,1.246282560858684,False
QN23.26.016.14.09A.03,,,,,55.7087614715349,-7.203706389932677,,,,0.8814349549623374,,,,,,,,,,,-67.59931576520921,91.8363243803909,4.0,381.8650170276351,312.7517561755732,7.0,231.5150482922872,310.9132172725256,0.731065526837882,0.6024516767454645,56.0,0.6283672347443651,0.4076415612974162,0.75,0.25,0.0,4341.500967774097,8221.256678769032,402.969624656703,Ca,STRd D1 Striosome MSN,STR D1 MSN,CN LGE GABA,QN23.26.016,D1,True,22,17,True,False,0,2.3356490383791164,False
QN23.26.016.14.03A.05,,,,,42.42751366290156,-136.85605175914017,,,,0.0917171364769203,,,,,,,,,,,9.175605972633548,16.309764356186975,4.0,348.83661640148875,254.8130528247924,8.0,196.1209472510776,248.4457912371662,0.7835455905356391,0.5373003372681282,56.0,0.3993816750983698,0.485947161326588,0.25,0.5,0.25,4090.94162729167,6911.554913718421,760.4658889552475,Ca,STRv D2 MSN,STR D2 MSN,CN LGE GABA,QN23.26.016,D2,True,22,17,True,False,0,1.6862268986914883,False
QN23.26.016.14.09A.04,,,,,21.86036904573325,82.03792616922627,,,,0.6024615327986586,,,,,,,,,,,-46.31833607270573,125.7424934323104,5.0,429.1670706679674,362.55056341727055,8.0,259.6281001814325,293.11943425547526,0.8327699582172433,0.5540684414864115,49.0,0.5654464780920688,0.3960066555740432,0.2,0.4,0.4,4330.499823642037,7534.7603350915615,240.61616017724623,Ca,STRv D2 MSN,STR D2 MSN,CN LGE GABA,QN23.26.016,D2,True,22,17,True,False,1,3.594839358042858,True
QN23.26.016.14.04A.01,,,,,,,,,,,,,,,,,,,,,,,,,,,,,,,,,,,,,,,,Pu,STRv D1 MSN,STR D1 MSN,CN LGE GABA,QN23.26.016,D1,True,0,39,False,False,0,,False
QN23.26.016.14.07B.01,,,,,,,,,,,,,,,,,,,,,,,,,,,,,,,,,,,,,,,,Pu,STRv D1 MSN,STR D1 MSN,CN LGE GABA,QN23.26.016,D1,True,0,39,False,False,0,,False
QN23.26.018.14.04A.01,,,,,,,,,,,,,,,,,,,,,,,,,,,,,,,,,,,,,,,,NAC,STRv D1 MSN,STR D1 MSN,CN LGE GABA,QN23.26.018,D1,True,0,39,False,False,0,,False
QN23.26.018.14.05A.02,,,,,,,,,,,,,,,,,,,,,,,,,,,,,,,,,,,,,,,,NAC,STRd D2 Striosome MSN,STR D2 MSN,CN LGE GABA,QN23.26.018,D2,True,0,39,False,False,0,,False
QN23.26.018.14.04A.02,,,,,-132.9697907428228,91.6155806204052,,,,0.772411483431425,,,,,,,,,,,13.18039095917598,8.442497956022834,4.0,318.9285909607511,389.1691566046607,7.0,248.53523548929644,300.82885727574546,0.8663170394232689,0.520680870561283,44.0,0.4406261932035128,0.482626956853761,0.5,0.25,0.25,3049.669448730355,4992.04330103423,466.3383558068044,NAC,STRv D1 MSN,STR D1 MSN,CN LGE GABA,QN23.26.018,D1,True,22,17,True,False,0,1.2812071988908769,False
QN23.26.018.14.05A.04,,,,,,,,,,,,,,,,,,,,,,,,,,,,,,,,,,,,,,,,NAC,STRv D1 MSN,STR D1 MSN,CN LGE GABA,QN23.26.018,D1,True,0,39,False,False,0,,False
QN23.26.018.14.05A.05,,,,,,,,,,,,,,,,,,,,,,,,,,,,,,,,,,,,,,,,NAC,STRv D2 MSN,STR D2 MSN,CN LGE GABA,QN23.26.018,D2,True,0,39,False,False,0,,False
QN23.26.018.14.04A.06,,,,,,,,,,,,,,,,,,,,,,,,,,,,,,,,,,,,,,,,NAC,STRv D2 MSN,STR D2 MSN,CN LGE GABA,QN23.26.018,D2,True,0,39,False,False,0,,False
QN23.26.018.14.04A.07,,,,,,,,,,,,,,,,,,,,,,,,,,,,,,,,,,,,,,,,NAC,STRv D2 MSN,STR D2 MSN,CN LGE GABA,QN23.26.018,D2,True,0,39,False,False,0,,False
QN23.26.017.14v.02A.05,,,,,131.96623931022611,47.65364191380826,,,,0.1334568310002232,,,,,,,,,,,35.87978450294477,6.043005581690693,5.0,424.9960605858804,463.5273003545263,7.0,235.7650597674091,302.8636778023421,0.85180605919356,0.6230770273428371,51.0,0.5040897405935967,0.4141154475344706,0.4,0.4,0.2,4897.894710532373,9625.621979507763,453.29457319050624,Ca,STRd D1 Matrix MSN,STR D1 MSN,CN LGE GABA,QN23.26.017,D1,True,22,17,True,False,0,1.8154926922804493,False
QN23.26.017.14v.05A.02,,,,,,,,,,,,,,,,,,,,,,,,,,,,,,,,,,,,,,,,Pu,STRd D2 Matrix MSN,STR D2 MSN,CN LGE GABA,QN23.26.017,D2,True,0,39,False,False,0,,False
QN23.26.017.14v.05A.03,,,,,-326.72462271075983,179.41356764646554,,,,0.9532415023643062,,,,,,,,,,,147.84480800758183,13.52449981944639,3.0,321.6593168992572,245.24348945133545,5.0,252.97208264887675,334.0470384248321,0.8390483246093288,0.6542658307210031,27.0,0.2081504702194357,0.4420062695924764,0.3333333333333333,0.3333333333333333,0.3333333333333333,1831.19795503036,3768.3153495786814,1105.8331828146809,Pu,STRv D2 MSN,STR D2 MSN,CN LGE GABA,QN23.26.017,D2,True,22,17,True,False,0,3.140705420147062,False
QN23.26.017.14v.05A.04,,,,,,,,,,,,,,,,,,,,,,,,,,,,,,,,,,,,,,,,Pu,STRd D2 StrioMat Hybrid MSN,STR D2 MSN,CN LGE GABA,QN23.26.017,Hybrid,True,0,39,False,False,0,,False
QN23.26.017.14v.05A.05,,,,,-16.489175061351943,-30.51436397015129,,,,0.4476690823742774,,,,,,,,,,,108.55880247347136,35.29081545780818,6.0,361.95760962004647,341.9081655365304,6.0,235.3393526753011,290.7020582240469,0.8109532262517113,0.5066716216216216,54.0,0.4485898942420681,0.3945358401880141,0.6666666666666666,0.3333333333333333,0.0,3885.50248190668,6189.512272163671,470.7273984996014,Pu,STR D1D2 Hybrid MSN,STR Hybrid MSN,CN LGE GABA,QN23.26.017,Hybrid,True,22,17,True,False,0,2.1710616644042404,False
QN23.26.017.14v.05A.06,,,,,-138.68058445133585,114.59861294934068,,,,0.4948301835818092,,,,,,,,,,,-20.598105889429235,94.88371426447164,5.0,470.9101804363997,379.7551259396363,5.0,262.07828898876755,331.0072126153493,0.7745473644217504,0.4977047959914101,33.0,0.6213314244810307,0.4799570508231925,0.4,0.2,0.4,3181.081428824562,4973.010157984078,279.8400171227105,Pu,STR D1D2 Hybrid MSN,STR Hybrid MSN,CN LGE GABA,QN23.26.017,Hybrid,True,22,17,True,False,0,2.4488214771881074,False
QN23.26.019.14.13B.02,,,,,,,,,,,,,,,,,,,,,,,,,,,,,,,,,,,,,,,,Pu,STRd D2 Matrix MSN,STR D2 MSN,CN LGE GABA,QN23.26.019,D2,True,0,39,False,False,0,,False
QN23.26.019.14.02A.05,,,,,,,,,,,,,,,,,,,,,,,,,,,,,,,,,,,,,,,,Ca,STRd D2 Matrix MSN,STR D2 MSN,CN LGE GABA,QN23.26.019,D2,True,0,39,False,False,0,,False
QN23.26.019.14.04A.02,,,,,,,,,,,,,,,,,,,,,,,,,,,,,,,,,,,,,,,,Pu,STRd D2 Striosome MSN,STR D2 MSN,CN LGE GABA,QN23.26.019,D2,True,0,39,False,False,0,,False
QN23.26.019.14.04A.04,,,,,,,,,,,,,,,,,,,,,,,,,,,,,,,,,,,,,,,,Pu,STRd D1 Matrix MSN,STR D1 MSN,CN LGE GABA,QN23.26.019,D1,True,0,39,False,False,0,,False
QN24.26.001.14.02B.01,,,,,,,,,,,,,,,,,,,,,,,,,,,,,,,,,,,,,,,,Pu,STRd D2 Matrix MSN,STR D2 MSN,CN LGE GABA,QN24.26.001,D2,True,0,39,False,False,0,,False
QN24.26.001.14.02A.01,,,,,,,,,,,,,,,,,,,,,,,,,,,,,,,,,,,,,,,,Pu,STRv D2 MSN,STR D2 MSN,CN LGE GABA,QN24.26.001,D2,True,0,39,False,False,0,,False
QN24.26.001.14.01A.01,,,,,,,,,,,,,,,,,,,,,,,,,,,,,,,,,,,,,,,,NAC,STRd D2 StrioMat Hybrid MSN,STR D2 MSN,CN LGE GABA,QN24.26.001,Hybrid,True,0,39,False,False,0,,False
QN24.26.001.14.02B.02,,,,,,,,,,,,,,,,,,,,,,,,,,,,,,,,,,,,,,,,Pu,STRd D1 Matrix MSN,STR D1 MSN,CN LGE GABA,QN24.26.001,D1,True,0,39,False,False,0,,False
QN24.26.001.14.02A.04,,,,,,,,,,,,,,,,,,,,,,,,,,,,,,,,,,,,,,,,Ca,STRd D2 StrioMat Hybrid MSN,STR D2 MSN,CN LGE GABA,QN24.26.001,Hybrid,True,0,39,False,False,0,,False
QN24.26.001.14.02A.05,,,,,,,,,,,,,,,,,,,,,,,,,,,,,,,,,,,,,,,,Ca,STRv D1 MSN,STR D1 MSN,CN LGE GABA,QN24.26.001,D1,True,0,39,False,False,0,,False
QN24.26.003.41.05.01A.01,,,,,,,,,,,,,,,,,,,,,,,,,,,,,,,,,,,,,,,,Pu,STRd D2 Striosome MSN,STR D2 MSN,CN LGE GABA,QN24.26.003,D2,True,0,39,False,False,0,,False
QN24.26.003.14.01.01,,,,,,,,,,,,,,,,,,,,,,,,,,,,,,,,,,,,,,,,Ca,STRv D1 MSN,STR D1 MSN,CN LGE GABA,QN24.26.003,D1,True,0,39,False,False,0,,False
QN24.26.003.14.01.02,,,,,-442.2563298389745,104.66639546845408,,,,0.5040108633033396,,,,,,,,,,,138.87887585741885,11.31675281455786,4.0,232.4984544666393,175.0442935215264,5.0,207.8235399338824,268.471834264197,0.7790281785951786,0.5633927178153446,14.0,0.2015604681404421,0.258777633289987,0.75,0.25,0.0,927.7418580041748,1637.5890763512834,347.99866371740995,NAC,STRv D2 MSN,STR D2 MSN,CN LGE GABA,QN24.26.003,D2,True,22,17,True,False,0,2.8044615788763694,False
QN24.26.003.41.05.01A.02,,,,,222.0923771614009,-231.14812441324656,,,,0.6096447937035928,,,,,,,,,,,-2.19152812610264,32.70508667016469,7.0,287.75215073394065,276.1142018677509,9.0,173.67193931525043,231.51290556862656,0.8660771264547491,0.5839424644321196,83.0,0.4629852905714974,0.4579213889558717,0.4285714285714285,0.4285714285714285,0.1428571428571428,5152.366271862042,9445.448702927128,347.99866371740995,Pu,STRd D2 Matrix MSN,STR D2 MSN,CN LGE GABA,QN24.26.003,D2,True,22,17,True,False,0,2.0944713057431112,False
QN24.26.003.14.01.03,,,,,-360.6227395392913,60.51439511423981,,,,0.6442957238052228,,,,,,,,,,,65.74493016921852,42.852230291986544,4.0,273.3301386456337,272.0814478315245,4.0,198.9362163217648,243.92807916032703,0.8098871724341131,0.5224342342342342,20.0,0.4938574938574938,0.4291564291564291,0.5,0.25,0.25,1476.7250663191037,2423.6842359315474,253.36185792682053,NAC,STRv D1 MSN,STR D1 MSN,CN LGE GABA,QN24.26.003,D1,True,22,17,True,False,0,2.3784674149964147,False
QN24.26.003.14.07.01,,,,,-121.33977252291412,84.89903961922307,,,,0.4445258783393182,,,,,,,,,,,-63.40819442664315,64.89599896322324,5.0,306.90640941542506,403.11462325641634,6.0,242.7680477376914,282.9164214938398,0.8345307265955181,0.5334233333333334,33.0,0.7380952380952381,0.3976190476190476,0.8,0.2,0.0,2982.0600603300154,5000.879174683255,647.5739547749452,Pu,STRd D2 Matrix MSN,STR D2 MSN,CN LGE GABA,QN24.26.003,D2,True,22,17,True,False,0,2.1827423146626037,False
QN24.26.003.14.02.06,,,,,,,,,,,,,,,,,,,,,,,,,,,,,,,,,,,,,,,,Ca,STRv D1 MSN,STR D1 MSN,CN LGE GABA,QN24.26.003,D1,True,0,39,False,False,0,,False
QN24.26.003.41.06.01B.02,,,,,403.7839638723135,-34.63558432295949,,,,0.6246162137327286,,,,,,,,,,,-6.496418800501942,61.38201841913372,11.0,404.6667067100484,373.1361611377948,5.0,222.27356472610504,248.41224495338523,0.8598960582509093,0.5021857923497266,71.0,0.4142429049885422,0.3733474352194606,0.9090909090909092,0.0909090909090909,0.0,6692.403753416089,10566.437787039024,363.29350101689903,Ca,STRd D1 Matrix MSN,STR D1 MSN,CN LGE GABA,QN24.26.003,D1,True,22,17,True,False,1,4.046944556859572,True
QN24.26.003.41.05.01B.01,,,,,,,,,,,,,,,,,,,,,,,,,,,,,,,,,,,,,,,,Ca,STRd D2 Matrix MSN,STR D2 MSN,CN LGE GABA,QN24.26.003,D2,True,0,39,False,False,0,,False
QN24.26.005.14d.02.01A.02,,,,,123.9888825710342,62.9793527575893,,,,0.5875445017200188,,,,,,,,,,,48.70128468403391,63.132491712260986,6.0,352.14403559394987,347.6302720339536,6.0,246.0143650786676,318.04301524399614,0.8002362383025442,0.6290208455799231,56.0,0.4707212299344336,0.2471173411711508,0.5,0.1666666666666666,0.3333333333333333,5085.622324822089,10058.170934986809,427.7620625373266,Ca,STRd D2 Matrix MSN,STR D2 MSN,CN LGE GABA,QN24.26.005,D2,True,22,17,True,False,0,1.9431908433373482,False
QN24.26.005.14v.03.01A.01,,,,,,,,,,,,,,,,,,,,,,,,,,,,,,,,,,,,,,,,Pu,STRv D1 MSN,STR D1 MSN,CN LGE GABA,QN24.26.005,D1,True,0,39,False,False,0,,False
QN24.26.005.14d.01.01A.03,,,,,,,,,,,,,,,,,,,,,,,,,,,,,,,,,,,,,,,,Ca,STRd D1 Matrix MSN,STR D1 MSN,CN LGE GABA,QN24.26.005,D1,True,0,39,False,False,0,,False
QN24.26.005.14v.03.01A.04,,,,,,,,,,,,,,,,,,,,,,,,,,,,,,,,,,,,,,,,Pu,STRd D1 Matrix MSN,STR D1 MSN,CN LGE GABA,QN24.26.005,D1,True,0,39,False,False,0,,False
QN24.26.005.14v.03.01A.07,,,,,,,,,,,,,,,,,,,,,,,,,,,,,,,,,,,,,,,,NAC,STRv D2 MSN,STR D2 MSN,CN LGE GABA,QN24.26.005,D2,True,0,39,False,False,0,,False
QN24.26.005.14v.03.01A.08,,,,,,,,,,,,,,,,,,,,,,,,,,,,,,,,,,,,,,,,NAC,STRv D2 MSN,STR D2 MSN,CN LGE GABA,QN24.26.005,D2,True,0,39,False,False,0,,False
QN24.26.008.14v.06.01A.04,,,,,,,,,,,,,,,,,,,,,,,,,,,,,,,,,,,,,,,,Pu,STRv D2 MSN,STR D2 MSN,CN LGE GABA,QN24.26.008,D2,True,0,39,False,False,0,,False
QN24.26.008.14v.04.01A.04,,,,,,,,,,,,,,,,,,,,,,,,,,,,,,,,,,,,,,,,Pu,STRv D1 MSN,STR D1 MSN,CN LGE GABA,QN24.26.008,D1,True,0,39,False,False,0,,False
QN24.26.010.14v.03A.03,,,,,,,,,,,,,,,,,,,,,,,,,,,,,,,,,,,,,,,,NAC,STRv D2 MSN,STR D2 MSN,CN LGE GABA,QN24.26.010,D2,True,0,39,False,False,0,,False
QN24.26.010.14v.03A.05,,,,,-83.96805120464984,2.7190107163801827,,,,0.5773678320339306,,,,,,,,,,,8.536629494087265,106.30480990103024,5.0,292.54539339997154,216.5651775401685,7.0,205.56501179337408,262.23980921292963,0.8181123428717009,0.6590124856376867,45.0,0.3718881654538491,0.2248180773649942,0.4,0.4,0.2,3157.4541962915323,6556.785010503954,592.0582180447427,NAC,STRv D2 MSN,STR D2 MSN,CN LGE GABA,QN24.26.010,D2,True,22,17,True,False,0,2.8729724051058763,False
QN24.26.010.41.02.03,,,,,61.57621841366279,-201.77255816281573,,,,0.6488970078694265,,,,,,,,,,,24.71500868272188,10.975661238116343,6.0,277.90073782960985,305.5951998820418,6.0,162.5559352514082,207.8540359534209,0.8386827363486972,0.6317968622893665,70.0,0.3355607205113306,0.4645554909936084,0.8333333333333334,0.0,0.1666666666666666,4144.711010111563,8231.05916194902,411.151540308849,Pu,STRd D2 Matrix MSN,STR D2 MSN,CN LGE GABA,QN24.26.010,D2,True,22,17,True,False,0,1.9754316675864403,False
QM24.26.011.14v.02A.04,,,,,-152.95667195679977,95.83844286798892,,,,0.3746320483171207,,,,,,,,,,,-100.86730964578804,182.3742611179788,5.0,339.86311099813724,374.19208923364886,5.0,285.41228795682576,339.8877635378395,0.8230173792661907,0.526462388175807,35.0,0.6584986386619992,0.2372617658498638,0.8,0.2,0.0,3002.788303725763,4970.035798076917,457.6219431522569,Ca,STRv D1 MSN,STR D1 MSN,CN LGE GABA,QM24.26.011,D1,True,22,17,True,False,1,5.6980015745128005,True
QM24.26.011.14v.01A.04,,,,,,,,,,,,,,,,,,,,,,,,,,,,,,,,,,,,,,,,Ca,STRv D1 MSN,STR D1 MSN,CN LGE GABA,QM24.26.011,D1,True,0,39,False,False,0,,False
QN24.26.012.14V.06A.01,,,,,,,,,,,,,,,,,,,,,,,,,,,,,,,,,,,,,,,,NAC,STRv D1 MSN,STR D1 MSN,CN LGE GABA,QN24.26.012,D1,True,0,39,False,False,0,,False
QN24.26.012.14V.03A.01,,,,,,,,,,,,,,,,,,,,,,,,,,,,,,,,,,,,,,,,Ca,STRd D2 Matrix MSN,STR D2 MSN,CN LGE GABA,QN24.26.012,D2,True,0,39,False,False,0,,False
QN24.26.012.14V.05A.02,,,,,,,,,,,,,,,,,,,,,,,,,,,,,,,,,,,,,,,,NAC,STRv D2 MSN,STR D2 MSN,CN LGE GABA,QN24.26.012,D2,True,0,39,False,False,0,,False
QN24.26.012.14V.06A.02,,,,,,,,,,,,,,,,,,,,,,,,,,,,,,,,,,,,,,,,NAC,STRv D1 MSN,STR D1 MSN,CN LGE GABA,QN24.26.012,D1,True,0,39,False,False,0,,False
QN24.26.012.14V.03A.02,,,,,-139.7275892799151,-4.308112793363364,,,,0.4382841984229243,,,,,,,,,,,61.92209872884678,60.2945969548658,10.0,333.5144925068248,353.9196365673249,6.0,220.51720569882968,257.12410775603274,0.8472646903906773,0.4970535498489426,38.0,0.6163141993957704,0.4448640483383685,0.7,0.1,0.2,3116.6426432045623,4867.175533274877,436.19066911365815,Ca,STRd D2 Matrix MSN,STR D2 MSN,CN LGE GABA,QN24.26.012,D2,True,22,17,True,False,0,3.3724537973829762,False
QN24.26.012.14V.05A.03,,,,,-185.7800564338125,-15.052589539376896,,,,0.5278755788575793,,,,,,,,,,,-29.6499199125916,98.20872995730528,5.0,324.4648703220861,184.33930748538845,7.0,201.6940050664372,318.76399197837463,0.7731712061494538,0.5091078328981723,43.0,0.582680591818973,0.1118363794604003,0.6,0.4,0.0,2666.301064233501,4265.248521617136,524.9994018203695,NAC,STRv D1 NUDAP MSN,STR Hybrid MSN,CN LGE GABA,QN24.26.012,D1,True,22,17,True,False,1,3.532448704020325,True
QN24.26.012.14V.02A.01,,,,,,,,,,,,,,,,,,,,,,,,,,,,,,,,,,,,,,,,Ca,STRv D1 MSN,STR D1 MSN,CN LGE GABA,QN24.26.012,D1,True,0,39,False,False,0,,False
QN24.26.012.14V.03A.03,,,,,,,,,,,,,,,,,,,,,,,,,,,,,,,,,,,,,,,,Ca,STRd D1 Matrix MSN,STR D1 MSN,CN LGE GABA,QN24.26.012,D1,True,0,39,False,False,0,,False
QN24.26.012.14V.06A.04,,,,,-266.53812826925633,-32.58639212019847,,,,0.7681656612742669,,,,,,,,,,,53.89154080679555,7.72938334796676,5.0,234.4807959192108,190.81445194365853,7.0,171.1407441751378,222.93755124365347,0.7417979132559713,0.6857121599111604,39.0,0.2337590227651304,0.416435313714603,0.6,0.2,0.2,2151.5037106433465,4648.781019797365,694.846103121955,NAC,STRv D1 MSN,STR D1 MSN,CN LGE GABA,QN24.26.012,D1,True,22,17,True,False,0,2.226050724742596,False
QN24.26.012.14V.05A.05,,,,,,,,,,,,,,,,,,,,,,,,,,,,,,,,,,,,,,,,NAC,STRv D2 MSN,STR D2 MSN,CN LGE GABA,QN24.26.012,D2,True,0,39,False,False,0,,False
QN24.26.012.14V.07A.01,,,,,-168.70851779941404,21.381446829445903,,,,0.4469038743665541,,,,,,,,,,,52.70555685503098,135.43426361857638,4.0,221.46030831933467,340.6142946084578,6.0,241.4054831732909,270.3709396231598,0.7833734110596391,0.537814880952381,36.0,0.2223639455782313,0.2967687074829932,1.0,0.0,0.0,2732.2471653590947,4611.108344192518,201.46425475133609,NAC,STRv D1 MSN,STR D1 MSN,CN LGE GABA,QN24.26.012,D1,True,22,17,True,False,1,3.9547674637590924,True
QN24.26.012.14V.03A.05,,,,,,,,,,,,,,,,,,,,,,,,,,,,,,,,,,,,,,,,Ca,STRd D2 Matrix MSN,STR D2 MSN,CN LGE GABA,QN24.26.012,D2,True,0,39,False,False,0,,False
QN24.26.012.14V.07A.02,,,,,,,,,,,,,,,,,,,,,,,,,,,,,,,,,,,,,,,,NAC,STRv D2 MSN,STR D2 MSN,CN LGE GABA,QN24.26.012,D2,True,0,39,False,False,0,,False
QN24.26.012.14V.05A.07,,,,,,,,,,,,,,,,,,,,,,,,,,,,,,,,,,,,,,,,NAC,STRv D1 MSN,STR D1 MSN,CN LGE GABA,QN24.26.012,D1,True,0,39,False,False,0,,False
QN24.26.012.14V.07A.04,,,,,,,,,,,,,,,,,,,,,,,,,,,,,,,,,,,,,,,,NAC,STR D1D2 Hybrid MSN,STR Hybrid MSN,CN LGE GABA,QN24.26.012,Hybrid,True,0,39,False,False,0,,False
QN24.26.013.14v.01A.02,,,,,-120.49623395143988,-131.4635999498191,,,,0.3531316871307008,,,,,,,,,,,-64.81945764592479,20.32042362810722,6.0,261.9134773080673,258.35281159258045,7.0,211.1415677853132,257.71013290298936,0.7669575747257832,0.5545956456456457,54.0,0.6677927927927928,0.4778528528528528,0.1666666666666666,0.3333333333333333,0.5,3149.999193638399,5510.9395659684815,484.0178720400849,Ca,STRv D2 MSN,STR D2 MSN,CN LGE GABA,QN24.26.013,D2,True,22,17,True,False,0,2.0234722784297863,False
QN24.26.013.14v.01A.03,,,,,-199.73548077179072,142.88475979074167,,,,0.5743247767199955,,,,,,,,,,,-47.59045311141276,31.08289537963455,3.0,381.7969627019504,370.34979045644207,4.0,254.32866911364903,311.1737711811936,0.7703473429811074,0.5387517711171662,27.0,0.4318801089918256,0.3637602179836512,0.6666666666666666,0.3333333333333333,0.0,2599.4788432081496,4394.372686739207,611.957952595691,NAC,STRd D2 StrioMat Hybrid MSN,STR D2 MSN,CN LGE GABA,QN24.26.013,Hybrid,True,22,17,True,False,0,1.881474223803134,False
QN24.26.013.14v.02A.02,,,,,,,,,,,,,,,,,,,,,,,,,,,,,,,,,,,,,,,,NAC,STRv D1 MSN,STR D1 MSN,CN LGE GABA,QN24.26.013,D1,True,0,39,False,False,0,,False
QN24.26.013.14.04A.03,,,,,,,,,,,,,,,,,,,,,,,,,,,,,,,,,,,,,,,,Pu,STRv D2 MSN,STR D2 MSN,CN LGE GABA,QN24.26.013,D2,True,0,39,False,False,0,,False
QN24.26.014.14v.01A.01,,,,,,,,,,,,,,,,,,,,,,,,,,,,,,,,,,,,,,,,NAC,STRv D1 MSN,STR D1 MSN,CN LGE GABA,QN24.26.014,D1,True,0,39,False,False,0,,False
QN24.26.014.14v.01A.02,,,,,,,,,,,,,,,,,,,,,,,,,,,,,,,,,,,,,,,,NAC,STRv D1 MSN,STR D1 MSN,CN LGE GABA,QN24.26.014,D1,True,0,39,False,False,0,,False
QN24.26.014.14v.02A.02,,,,,,,,,,,,,,,,,,,,,,,,,,,,,,,,,,,,,,,,NAC,STRv D2 MSN,STR D2 MSN,CN LGE GABA,QN24.26.014,D2,True,0,39,False,False,0,,False
QN24.26.014.14v.01A.03,,,,,,,,,,,,,,,,,,,,,,,,,,,,,,,,,,,,,,,,NAC,STRv D1 MSN,STR D1 MSN,CN LGE GABA,QN24.26.014,D1,True,0,39,False,False,0,,False
QN24.26.014.14v.06A.04,,,,,,,,,,,,,,,,,,,,,,,,,,,,,,,,,,,,,,,,NAC,STRv D2 MSN,STR D2 MSN,CN LGE GABA,QN24.26.014,D2,True,0,39,False,False,0,,False
QN24.26.014.14v.02A.04,,,,,,,,,,,,,,,,,,,,,,,,,,,,,,,,,,,,,,,,NAC,STRv D2 MSN,STR D2 MSN,CN LGE GABA,QN24.26.014,D2,True,0,39,False,False,0,,False
QN24.26.014.14v.02A.05,,,,,,,,,,,,,,,,,,,,,,,,,,,,,,,,,,,,,,,,NAC,STRv D2 MSN,STR D2 MSN,CN LGE GABA,QN24.26.014,D2,True,0,39,False,False,0,,False
QN24.26.014.14v.04A.02,,,,,,,,,,,,,,,,,,,,,,,,,,,,,,,,,,,,,,,,Pu,STRd D2 StrioMat Hybrid MSN,STR D2 MSN,CN LGE GABA,QN24.26.014,Hybrid,True,0,39,False,False,0,,False
QN24.26.015.14v.12.07,,,,,,,,,,,,,,,,,,,,,,,,,,,,,,,,,,,,,,,,Pu,STRv D2 MSN,STR D2 MSN,CN LGE GABA,QN24.26.015,D2,True,0,39,False,False,0,,False
QN24.26.015.14v.13.08,,,,,,,,,,,,,,,,,,,,,,,,,,,,,,,,,,,,,,,,Pu,STR D1D2 Hybrid MSN,STR Hybrid MSN,CN LGE GABA,QN24.26.015,Hybrid,True,0,39,False,False,0,,False
QN24.26.017.15.02.01A.02,,,,,,,,,,,,,,,,,,,,,,,,,,,,,,,,,,,,,,,,Ca,STRv D2 MSN,STR D2 MSN,CN LGE GABA,QN24.26.017,D2,True,0,39,False,False,0,,False
QN24.26.017.14v.04A.04,,,,,,,,,,,,,,,,,,,,,,,,,,,,,,,,,,,,,,,,Ca,STRd D1 Matrix MSN,STR D1 MSN,CN LGE GABA,QN24.26.017,D1,True,0,39,False,False,0,,False
QN24.26.017.15.02.01A.04,,,,,,,,,,,,,,,,,,,,,,,,,,,,,,,,,,,,,,,,Ca,STRv D2 MSN,STR D2 MSN,CN LGE GABA,QN24.26.017,D2,True,0,39,False,False,0,,False
QN24.26.017.15.01.01A.03,,,,,,,,,,,,,,,,,,,,,,,,,,,,,,,,,,,,,,,,Ca,STRv D2 MSN,STR D2 MSN,CN LGE GABA,QN24.26.017,D2,True,0,39,False,False,0,,False
QN24.26.017.14v.04A.05,,,,,,,,,,,,,,,,,,,,,,,,,,,,,,,,,,,,,,,,Ca,STRd D2 Matrix MSN,STR D2 MSN,CN LGE GABA,QN24.26.017,D2,True,0,39,False,False,0,,False
QN24.26.017.15.02.01B.01.01,,,,,,,,,,,,,,,,,,,,,,,,,,,,,,,,,,,,,,,,Pu,STRd D2 Striosome MSN,STR D2 MSN,CN LGE GABA,QN24.26.017,D2,True,0,39,False,False,0,,False
QN24.26.017.15.03A.05,,,,,,,,,,,,,,,,,,,,,,,,,,,,,,,,,,,,,,,,Ca,STRv D2 MSN,STR D2 MSN,CN LGE GABA,QN24.26.017,D2,True,0,39,False,False,0,,False
QN24.26.017.15.04A.01,,,,,,,,,,,,,,,,,,,,,,,,,,,,,,,,,,,,,,,,Ca,STRv D1 MSN,STR D1 MSN,CN LGE GABA,QN24.26.017,D1,True,0,39,False,False,0,,False
QN25.26.002.14v.06A.02,,,,,,,,,,,,,,,,,,,,,,,,,,,,,,,,,,,,,,,,Pu,STR D1D2 Hybrid MSN,STR Hybrid MSN,CN LGE GABA,QN25.26.002,Hybrid,True,0,39,False,False,0,,False
QN25.26.003.15.08.03,,,,,,,,,,,,,,,,,,,,,,,,,,,,,,,,,,,,,,,,Ca,STRv D2 MSN,STR D2 MSN,CN LGE GABA,QN25.26.003,D2,True,0,39,False,False,0,,False
QN25.26.003.14v.07A.01,,,,,,,,,,,,,,,,,,,,,,,,,,,,,,,,,,,,,,,,Pu,STRd D1 Matrix MSN,STR D1 MSN,CN LGE GABA,QN25.26.003,D1,True,0,39,False,False,0,,False
QN25.26.003.14v.07A.02,,,,,,,,,,,,,,,,,,,,,,,,,,,,,,,,,,,,,,,,Pu,STRd D2 Striosome MSN,STR D2 MSN,CN LGE GABA,QN25.26.003,D2,True,0,39,False,False,0,,False
QN25.26.003.15.07.06,,,,,,,,,,,,,,,,,,,,,,,,,,,,,,,,,,,,,,,,Ca,STRv D2 MSN,STR D2 MSN,CN LGE GABA,QN25.26.003,D2,True,0,39,False,False,0,,False
QN25.26.004.14v.03A.01,,,,,,,,,,,,,,,,,,,,,,,,,,,,,,,,,,,,,,,,NAC,STRv D1 MSN,STR D1 MSN,CN LGE GABA,QN25.26.004,D1,True,0,39,False,False,0,,False
QN25.26.004.14v.03A.03,,,,,,,,,,,,,,,,,,,,,,,,,,,,,,,,,,,,,,,,Pu,STRv D2 MSN,STR D2 MSN,CN LGE GABA,QN25.26.004,D2,True,0,39,False,False,0,,False
QN25.26.004.14v.03A.05,,,,,,,,,,,,,,,,,,,,,,,,,,,,,,,,,,,,,,,,NAC,STRv D2 MSN,STR D2 MSN,CN LGE GABA,QN25.26.004,D2,True,0,39,False,False,0,,False
QN25.26.005.14v.04A.02,,,,,,,,,,,,,,,,,,,,,,,,,,,,,,,,,,,,,,,,Pu,STRd D1 Striosome MSN,STR D1 MSN,CN LGE GABA,QN25.26.005,D1,True,0,39,False,False,0,,False
QN25.26.005.14v.06A.02,,,,,,,,,,,,,,,,,,,,,,,,,,,,,,,,,,,,,,,,NAC,STRv D2 MSN,STR D2 MSN,CN LGE GABA,QN25.26.005,D2,True,0,39,False,False,0,,False
QN25.26.004.14v.04A.01,,,,,,,,,,,,,,,,,,,,,,,,,,,,,,,,,,,,,,,,NAC,STRv D1 MSN,STR D1 MSN,CN LGE GABA,QN25.26.004,D1,True,0,39,False,False,0,,False
QN25.26.004.14v.04A.03,,,,,,,,,,,,,,,,,,,,,,,,,,,,,,,,,,,,,,,,NAC,STRv D2 MSN,STR D2 MSN,CN LGE GABA,QN25.26.004,D2,True,0,39,False,False,0,,False
QN25.26.005.14v.04A.05,,,,,,,,,,,,,,,,,,,,,,,,,,,,,,,,,,,,,,,,Pu,STRd D2 StrioMat Hybrid MSN,STR D2 MSN,CN LGE GABA,QN25.26.005,Hybrid,True,0,39,False,False,0,,False
QM25.26.006.14v.03A.03,,,,,-135.11005716947278,-30.60694661905714,,,,0.4700229219403686,,,,,,,,,,,49.86659864294961,33.03930653609757,5.0,323.7675243947806,327.3997489082285,6.0,224.2143784926828,257.95418174297674,0.7980793680961653,0.6975643742953777,45.0,0.5159714393085306,0.3810597519729425,0.8,0.0,0.2,3040.365111675669,6676.326461503254,694.846103121955,Ca,STRd D1 Striosome MSN,STR D1 MSN,CN LGE GABA,QM25.26.006,D1,True,22,17,True,False,0,1.893974485549794,False
QM25.26.006.14v.10A.01,,,,,,,,,,,,,,,,,,,,,,,,,,,,,,,,,,,,,,,,NAC,STRv D2 MSN,STR D2 MSN,CN LGE GABA,QM25.26.006,D2,True,0,39,False,False,0,,False
QM25.26.006.14v.15A.04,,,,,,,,,,,,,,,,,,,,,,,,,,,,,,,,,,,,,,,,Pu,STRv D2 MSN,STR D2 MSN,CN LGE GABA,QM25.26.006,D2,True,0,39,False,False,0,,False
QM25.26.006.14v.12A.02,,,,,,,,,,,,,,,,,,,,,,,,,,,,,,,,,,,,,,,,Pu,STRd D1 Matrix MSN,STR D1 MSN,CN LGE GABA,QM25.26.006,D1,True,0,39,False,False,0,,False
