"Cell_ID","Feature_full","Z_score"
"Q21.26.021.14.08.05","Epsy_width_rheo","-0.418315117699383"
"Q21.26.021.14.08.05","Epsy_fast_trough_v_rheo","-1.50622058533911"
"Q21.26.021.14.08.05","Epsy_peak_deltav_rheo","0.8476810364052197"
"Q21.26.021.14.08.05","Epsy_peak_v_rheo","0.4781819177625077"
"Q21.26.021.14.08.05","Epsy_postap_slope_rheo","-0.0131725146558521"
"Q21.26.021.14.08.05","Epsy_threshold_v_rheo","-0.9883681010413206"
"Q21.26.021.14.08.05","Epsy_trough_t_rheo","0.2198881805717796"
"Q21.26.021.14.08.05","Epsy_trough_v_rheo","-1.8205740292827075"
"Q21.26.021.14.08.05","Epsy_upstroke_downstroke_ratio_rheo","0.9821540528388392"
"Q21.26.021.14.08.05","Epsy_ahp_delay_5spike","0.3071079212399047"
"Q21.26.021.14.08.05","Epsy_ahp_delay_ratio_5spike","0.0227076627062555"
"Q21.26.021.14.08.05","Epsy_postap_slope_hero","-0.4966560886585656"
"Q21.26.021.14.08.05","Epsy_trough_t_hero","0.7910857728728325"
"Q21.26.021.14.08.05","Epsy_downstroke_adapt_ratio","1.1266972335928898"
"Q21.26.021.14.08.05","Epsy_peak_v_adapt_ratio","-0.0300776228030374"
"Q21.26.021.14.08.05","Epsy_threshold_v_adapt_ratio","0.2161249179614182"
"Q21.26.021.14.08.05","Epsy_upstroke_adapt_ratio","0.3642805829690498"
"Q21.26.021.14.08.05","Epsy_width_adapt_ratio","-0.5525304522977817"
"Q21.26.021.14.08.05","Epsy_threshold_v_short_square","-1.0374030418914453"
"Q21.26.023.13.03.05","Epsy_width_rheo","0.4519479981633651"
"Q21.26.023.13.03.05","Epsy_fast_trough_v_rheo","-0.6710979701461167"
"Q21.26.023.13.03.05","Epsy_peak_deltav_rheo","0.4714204986509075"
"Q21.26.023.13.03.05","Epsy_peak_v_rheo","0.1932924532260304"
"Q21.26.023.13.03.05","Epsy_postap_slope_rheo","0.693463350881077"
"Q21.26.023.13.03.05","Epsy_threshold_v_rheo","-0.4435365072906138"
"Q21.26.023.13.03.05","Epsy_trough_t_rheo","0.0217208361594039"
"Q21.26.023.13.03.05","Epsy_trough_v_rheo","-0.3061391778729249"
"Q21.26.023.13.03.05","Epsy_upstroke_downstroke_ratio_rheo","0.164130804773716"
"Q21.26.023.13.03.05","Epsy_ahp_delay_5spike","0.1469907616443358"
"Q21.26.023.13.03.05","Epsy_ahp_delay_ratio_5spike","0.0087961643075472"
"Q21.26.023.13.03.05","Epsy_postap_slope_hero","-0.8534956683294398"
"Q21.26.023.13.03.05","Epsy_trough_t_hero","-0.6158086952988294"
"Q21.26.023.13.03.05","Epsy_downstroke_adapt_ratio","0.942705092917118"
"Q21.26.023.13.03.05","Epsy_peak_v_adapt_ratio","0.7067248835684046"
"Q21.26.023.13.03.05","Epsy_threshold_v_adapt_ratio","0.4980855718622462"
"Q21.26.023.13.03.05","Epsy_upstroke_adapt_ratio","0.5645189825169875"
"Q21.26.023.13.03.05","Epsy_width_adapt_ratio","-0.4845834960514131"
"Q21.26.023.13.03.05","Epsy_threshold_v_short_square","0.0846891302974475"
"QM22.26.003.14.51.04","Epsy_width_rheo","-1.1181538882035955"
"QM22.26.003.14.51.04","Epsy_fast_trough_v_rheo","0.3243030969152629"
"QM22.26.003.14.51.04","Epsy_peak_deltav_rheo","0.6446887648813079"
"QM22.26.003.14.51.04","Epsy_peak_v_rheo","0.5219573011714389"
"QM22.26.003.14.51.04","Epsy_postap_slope_rheo","0.6948585370073602"
"QM22.26.003.14.51.04","Epsy_threshold_v_rheo","-0.2299880706002324"
"QM22.26.003.14.51.04","Epsy_trough_t_rheo","0.3677124839193292"
"QM22.26.003.14.51.04","Epsy_trough_v_rheo","-0.0394084161472965"
"QM22.26.003.14.51.04","Epsy_upstroke_downstroke_ratio_rheo","0.398044623337836"
"QM22.26.003.14.51.04","Epsy_ahp_delay_5spike","0.4013482010278346"
"QM22.26.003.14.51.04","Epsy_ahp_delay_ratio_5spike","0.5956210862910905"
"QM22.26.003.14.51.04","Epsy_postap_slope_hero","1.160517666656763"
"QM22.26.003.14.51.04","Epsy_trough_t_hero","-0.1732519968630625"
"QM22.26.003.14.51.04","Epsy_downstroke_adapt_ratio","0.029283306696273"
"QM22.26.003.14.51.04","Epsy_peak_v_adapt_ratio","-0.1890910790694666"
"QM22.26.003.14.51.04","Epsy_threshold_v_adapt_ratio","0.2829496307548393"
"QM22.26.003.14.51.04","Epsy_upstroke_adapt_ratio","0.2012990167833829"
"QM22.26.003.14.51.04","Epsy_width_adapt_ratio","-0.4433955673505817"
"QM22.26.003.14.51.04","Epsy_threshold_v_short_square","-0.0235207575624032"
"QM22.26.003.14.01.09","Epsy_width_rheo","-0.4183151177005768"
"QM22.26.003.14.01.09","Epsy_fast_trough_v_rheo","-0.3533894723694428"
"QM22.26.003.14.01.09","Epsy_peak_deltav_rheo","-0.0904874477324486"
"QM22.26.003.14.01.09","Epsy_peak_v_rheo","-0.0751786824384751"
"QM22.26.003.14.01.09","Epsy_postap_slope_rheo","1.2982807304316637"
"QM22.26.003.14.01.09","Epsy_threshold_v_rheo","0.2570160703415126"
"QM22.26.003.14.01.09","Epsy_trough_t_rheo","0.8764959300180313"
"QM22.26.003.14.01.09","Epsy_trough_v_rheo","-0.1657720705694189"
"QM22.26.003.14.01.09","Epsy_upstroke_downstroke_ratio_rheo","-0.6706812063556478"
"QM22.26.003.14.01.09","Epsy_ahp_delay_5spike","0.1611678478896939"
"QM22.26.003.14.01.09","Epsy_ahp_delay_ratio_5spike","-0.1195478329448399"
"QM22.26.003.14.01.09","Epsy_postap_slope_hero","0.8823731336250789"
"QM22.26.003.14.01.09","Epsy_trough_t_hero","0.824814400120028"
"QM22.26.003.14.01.09","Epsy_downstroke_adapt_ratio","0.878352730398144"
"QM22.26.003.14.01.09","Epsy_peak_v_adapt_ratio","0.8992806255450715"
"QM22.26.003.14.01.09","Epsy_threshold_v_adapt_ratio","0.5259619585793672"
"QM22.26.003.14.01.09","Epsy_upstroke_adapt_ratio","0.86325469094036"
"QM22.26.003.14.01.09","Epsy_width_adapt_ratio","-0.8363045276818504"
"QM22.26.003.14.01.09","Epsy_threshold_v_short_square","0.1403160124879236"
"QM22.26.031.14.03A.01","Epsy_width_rheo","-0.418315117699383"
"QM22.26.031.14.03A.01","Epsy_fast_trough_v_rheo","0.9268344767173354"
"QM22.26.031.14.03A.01","Epsy_peak_deltav_rheo","0.4320048419362114"
"QM22.26.031.14.03A.01","Epsy_peak_v_rheo","0.6447648791661567"
"QM22.26.031.14.03A.01","Epsy_postap_slope_rheo","0.6074376784714597"
"QM22.26.031.14.03A.01","Epsy_threshold_v_rheo","0.4659131372039699"
"QM22.26.031.14.03A.01","Epsy_trough_t_rheo","0.0816651197264684"
"QM22.26.031.14.03A.01","Epsy_trough_v_rheo","0.7251472813475681"
"QM22.26.031.14.03A.01","Epsy_upstroke_downstroke_ratio_rheo","-1.066557015984962"
"QM22.26.031.14.03A.01","Epsy_ahp_delay_5spike","0.6533357466110924"
"QM22.26.031.14.03A.01","Epsy_ahp_delay_ratio_5spike","0.4787052505546316"
"QM22.26.031.14.03A.01","Epsy_postap_slope_hero","0.6238784984396962"
"QM22.26.031.14.03A.01","Epsy_trough_t_hero","0.7283639290340456"
"QM22.26.031.14.03A.01","Epsy_downstroke_adapt_ratio","0.9018060475393176"
"QM22.26.031.14.03A.01","Epsy_peak_v_adapt_ratio","0.1167590429749135"
"QM22.26.031.14.03A.01","Epsy_threshold_v_adapt_ratio","0.4965400388699968"
"QM22.26.031.14.03A.01","Epsy_upstroke_adapt_ratio","0.6099613153415436"
"QM22.26.031.14.03A.01","Epsy_width_adapt_ratio","-0.836304527680713"
"QM22.26.031.14.03A.01","Epsy_threshold_v_short_square","-0.1113969285575241"
"QM22.26.031.14.03A.02","Epsy_width_rheo","-0.3021729819899881"
"QM22.26.031.14.03A.02","Epsy_fast_trough_v_rheo","0.0084925346035079"
"QM22.26.031.14.03A.02","Epsy_peak_deltav_rheo","0.5192446470647822"
"QM22.26.031.14.03A.02","Epsy_peak_v_rheo","0.4847969363916353"
"QM22.26.031.14.03A.02","Epsy_postap_slope_rheo","0.881793793452528"
"QM22.26.031.14.03A.02","Epsy_threshold_v_rheo","0.0045507531556637"
"QM22.26.031.14.03A.02","Epsy_trough_t_rheo","0.486996850720667"
"QM22.26.031.14.03A.02","Epsy_trough_v_rheo","0.371631843450351"
"QM22.26.031.14.03A.02","Epsy_upstroke_downstroke_ratio_rheo","-0.909025269494906"
"QM22.26.031.14.03A.02","Epsy_ahp_delay_5spike","0.848738204909499"
"QM22.26.031.14.03A.02","Epsy_ahp_delay_ratio_5spike","0.5515463460557309"
"QM22.26.031.14.03A.02","Epsy_postap_slope_hero","1.37854714017079"
"QM22.26.031.14.03A.02","Epsy_trough_t_hero","0.6840815719914619"
"QM22.26.031.14.03A.02","Epsy_downstroke_adapt_ratio","0.758740202627467"
"QM22.26.031.14.03A.02","Epsy_peak_v_adapt_ratio","0.3259931352549835"
"QM22.26.031.14.03A.02","Epsy_threshold_v_adapt_ratio","0.366931742510113"
"QM22.26.031.14.03A.02","Epsy_upstroke_adapt_ratio","0.460181564048292"
"QM22.26.031.14.03A.02","Epsy_width_adapt_ratio","-0.629274332256306"
"QM22.26.031.14.03A.02","Epsy_threshold_v_short_square","-0.0409193808754286"
"QM22.26.031.14.03A.03","Epsy_width_rheo","-0.0872675070868507"
"QM22.26.031.14.03A.03","Epsy_fast_trough_v_rheo","0.8222081701648581"
"QM22.26.031.14.03A.03","Epsy_peak_deltav_rheo","0.4320050731586857"
"QM22.26.031.14.03A.03","Epsy_peak_v_rheo","0.5756276017929556"
"QM22.26.031.14.03A.03","Epsy_postap_slope_rheo","0.6446101037751963"
"QM22.26.031.14.03A.03","Epsy_threshold_v_rheo","0.3491789385251915"
"QM22.26.031.14.03A.03","Epsy_trough_t_rheo","0.4014519100904972"
"QM22.26.031.14.03A.03","Epsy_trough_v_rheo","0.5863552415692017"
"QM22.26.031.14.03A.03","Epsy_upstroke_downstroke_ratio_rheo","-0.8407053157998584"
"QM22.26.031.14.03A.03","Epsy_ahp_delay_5spike","0.6506703806126236"
"QM22.26.031.14.03A.03","Epsy_ahp_delay_ratio_5spike","0.6541211640318945"
"QM22.26.031.14.03A.03","Epsy_postap_slope_hero","0.5354990218505956"
"QM22.26.031.14.03A.03","Epsy_trough_t_hero","0.2209758761458731"
"QM22.26.031.14.03A.03","Epsy_downstroke_adapt_ratio","0.9620764491377076"
"QM22.26.031.14.03A.03","Epsy_peak_v_adapt_ratio","0.6052268309142723"
"QM22.26.031.14.03A.03","Epsy_threshold_v_adapt_ratio","0.577316557870506"
"QM22.26.031.14.03A.03","Epsy_upstroke_adapt_ratio","0.6534253680948579"
"QM22.26.031.14.03A.03","Epsy_width_adapt_ratio","-0.8590465730694117"
"QM22.26.031.14.03A.03","Epsy_threshold_v_short_square","0.3750138810371076"
"QM22.26.031.14.04A.01","Epsy_width_rheo","-1.2905347662741748"
"QM22.26.031.14.04A.01","Epsy_fast_trough_v_rheo","-0.2128540002712224"
"QM22.26.031.14.04A.01","Epsy_peak_deltav_rheo","0.3607575710549819"
"QM22.26.031.14.04A.01","Epsy_peak_v_rheo","0.3490775481305426"
"QM22.26.031.14.04A.01","Epsy_postap_slope_rheo","2.0129016415917573"
"QM22.26.031.14.04A.01","Epsy_threshold_v_rheo","0.1021998381940083"
"QM22.26.031.14.04A.01","Epsy_trough_t_rheo","-1.0144141625773369"
"QM22.26.031.14.04A.01","Epsy_trough_v_rheo","0.4213068080174907"
"QM22.26.031.14.04A.01","Epsy_upstroke_downstroke_ratio_rheo","-0.507501646644825"
"QM22.26.031.14.04A.01","Epsy_ahp_delay_5spike","-2.4136822927053303"
"QM22.26.031.14.04A.01","Epsy_ahp_delay_ratio_5spike","-2.5869387752575705"
"QM22.26.031.14.04A.01","Epsy_postap_slope_hero","0.9991055777888492"
"QM22.26.031.14.04A.01","Epsy_trough_t_hero","-0.453965149757242"
"QM22.26.031.14.04A.01","Epsy_downstroke_adapt_ratio","0.910788064879132"
"QM22.26.031.14.04A.01","Epsy_peak_v_adapt_ratio","0.3040235151191064"
"QM22.26.031.14.04A.01","Epsy_threshold_v_adapt_ratio","0.0734757485578976"
"QM22.26.031.14.04A.01","Epsy_upstroke_adapt_ratio","0.4368323000800585"
"QM22.26.031.14.04A.01","Epsy_width_adapt_ratio","-0.5452520114241236"
"QM22.26.031.14.04A.01","Epsy_threshold_v_short_square","0.0621865050841251"
"QM22.26.031.14.04A.04","Epsy_width_rheo","-1.9110978099769569"
"QM22.26.031.14.04A.04","Epsy_fast_trough_v_rheo","0.450095503517957"
"QM22.26.031.14.04A.04","Epsy_peak_deltav_rheo","0.4658333301788383"
"QM22.26.031.14.04A.04","Epsy_peak_v_rheo","0.5306215286223713"
"QM22.26.031.14.04A.04","Epsy_postap_slope_rheo","1.5743288502852444"
"QM22.26.031.14.04A.04","Epsy_threshold_v_rheo","0.2039009712451125"
"QM22.26.031.14.04A.04","Epsy_trough_t_rheo","0.4241954132532827"
"QM22.26.031.14.04A.04","Epsy_trough_v_rheo","0.4497434063238347"
"QM22.26.031.14.04A.04","Epsy_upstroke_downstroke_ratio_rheo","-0.7810371195069067"
"QM22.26.031.14.04A.04","Epsy_ahp_delay_5spike","0.432088932989434"
"QM22.26.031.14.04A.04","Epsy_ahp_delay_ratio_5spike","0.1303287819457463"
"QM22.26.031.14.04A.04","Epsy_postap_slope_hero","1.6460505805922696"
"QM22.26.031.14.04A.04","Epsy_trough_t_hero","0.1217839784796231"
"QM22.26.031.14.04A.04","Epsy_downstroke_adapt_ratio","0.8578227973666699"
"QM22.26.031.14.04A.04","Epsy_peak_v_adapt_ratio","-0.2645701921436806"
"QM22.26.031.14.04A.04","Epsy_threshold_v_adapt_ratio","0.2771715475068663"
"QM22.26.031.14.04A.04","Epsy_upstroke_adapt_ratio","0.090216297408934"
"QM22.26.031.14.04A.04","Epsy_width_adapt_ratio","-0.735847374075887"
"QM22.26.031.14.04A.04","Epsy_threshold_v_short_square","0.2032045906785203"
"QM22.26.031.14.51A.01","Epsy_width_rheo","-0.9586475505747554"
"QM22.26.031.14.51A.01","Epsy_fast_trough_v_rheo","-0.6572068082064908"
"QM22.26.031.14.51A.01","Epsy_peak_deltav_rheo","0.9985291390676324"
"QM22.26.031.14.51A.01","Epsy_peak_v_rheo","0.8010081439525136"
"QM22.26.031.14.51A.01","Epsy_postap_slope_rheo","0.9372012851192396"
"QM22.26.031.14.51A.01","Epsy_threshold_v_rheo","-0.6659367853516334"
"QM22.26.031.14.51A.01","Epsy_trough_t_rheo","0.0463630518737452"
"QM22.26.031.14.51A.01","Epsy_trough_v_rheo","-0.401230833739944"
"QM22.26.031.14.51A.01","Epsy_upstroke_downstroke_ratio_rheo","0.5993141938138961"
"QM22.26.031.14.51A.01","Epsy_ahp_delay_5spike","0.4620293884076008"
"QM22.26.031.14.51A.01","Epsy_ahp_delay_ratio_5spike","0.18304782029187"
"QM22.26.031.14.51A.01","Epsy_postap_slope_hero","0.9242752125395072"
"QM22.26.031.14.51A.01","Epsy_trough_t_hero","-0.0466435962356078"
"QM22.26.031.14.51A.01","Epsy_downstroke_adapt_ratio","0.3931928598994118"
"QM22.26.031.14.51A.01","Epsy_peak_v_adapt_ratio","-0.4203677564149877"
"QM22.26.031.14.51A.01","Epsy_threshold_v_adapt_ratio","0.7081954630717159"
"QM22.26.031.14.51A.01","Epsy_upstroke_adapt_ratio","0.4153332313727796"
"QM22.26.031.14.51A.01","Epsy_width_adapt_ratio","-0.3245704083957327"
"QM22.26.031.14.51A.01","Epsy_threshold_v_short_square","-0.5035464064963678"
"QM22.26.031.14.55A.03","Epsy_width_rheo","-1.6836234270917998"
"QM22.26.031.14.55A.03","Epsy_fast_trough_v_rheo","-0.3233729829886361"
"QM22.26.031.14.55A.03","Epsy_peak_deltav_rheo","0.8414224405736558"
"QM22.26.031.14.55A.03","Epsy_peak_v_rheo","0.6999530359359414"
"QM22.26.031.14.55A.03","Epsy_postap_slope_rheo","-2.24816341484254"
"QM22.26.031.14.55A.03","Epsy_threshold_v_rheo","-0.3945002296296504"
"QM22.26.031.14.55A.03","Epsy_trough_t_rheo","-0.1674286103306231"
"QM22.26.031.14.55A.03","Epsy_trough_v_rheo","-1.5924398672571962"
"QM22.26.031.14.55A.03","Epsy_upstroke_downstroke_ratio_rheo","0.737477368983704"
"QM22.26.031.14.55A.03","Epsy_ahp_delay_5spike","0.3267253213921812"
"QM22.26.031.14.55A.03","Epsy_ahp_delay_ratio_5spike","0.4438412521185196"
"QM22.26.031.14.55A.03","Epsy_postap_slope_hero","-3.605628483293569"
"QM22.26.031.14.55A.03","Epsy_trough_t_hero","-0.2485420838142844"
"QM22.26.031.14.55A.03","Epsy_downstroke_adapt_ratio","0.6672413075471835"
"QM22.26.031.14.55A.03","Epsy_peak_v_adapt_ratio","0.0075205878448583"
"QM22.26.031.14.55A.03","Epsy_threshold_v_adapt_ratio","0.5592351761699252"
"QM22.26.031.14.55A.03","Epsy_upstroke_adapt_ratio","0.5138679461720157"
"QM22.26.031.14.55A.03","Epsy_width_adapt_ratio","-0.2576327688360666"
"QM22.26.031.14.55A.03","Epsy_threshold_v_short_square","-0.1954704112642011"
"QM22.26.031.14.55A.05","Epsy_width_rheo","-1.4780524522143186"
"QM22.26.031.14.55A.05","Epsy_fast_trough_v_rheo","0.3153609762781477"
"QM22.26.031.14.55A.05","Epsy_peak_deltav_rheo","0.4806998308995657"
"QM22.26.031.14.55A.05","Epsy_peak_v_rheo","0.5904522856165733"
"QM22.26.031.14.55A.05","Epsy_postap_slope_rheo","0.4684111130017172"
"QM22.26.031.14.55A.05","Epsy_threshold_v_rheo","0.2794435481104197"
"QM22.26.031.14.55A.05","Epsy_trough_t_rheo","0.6461072976335465"
"QM22.26.031.14.55A.05","Epsy_trough_v_rheo","-0.085896501027759"
"QM22.26.031.14.55A.05","Epsy_upstroke_downstroke_ratio_rheo","0.1787829480651254"
"QM22.26.031.14.55A.05","Epsy_ahp_delay_5spike","0.3253098290901161"
"QM22.26.031.14.55A.05","Epsy_ahp_delay_ratio_5spike","0.2058105787908423"
"QM22.26.031.14.55A.05","Epsy_postap_slope_hero","-1.216224177883629"
"QM22.26.031.14.55A.05","Epsy_trough_t_hero","-0.0184195265334424"
"QM22.26.031.14.55A.05","Epsy_downstroke_adapt_ratio","0.8870896229069272"
"QM22.26.031.14.55A.05","Epsy_peak_v_adapt_ratio","-0.0915657530820496"
"QM22.26.031.14.55A.05","Epsy_threshold_v_adapt_ratio","0.6558738665566167"
"QM22.26.031.14.55A.05","Epsy_upstroke_adapt_ratio","0.3606097885131868"
"QM22.26.031.14.55A.05","Epsy_width_adapt_ratio","-0.4938932869335941"
"QM22.26.031.14.55A.05","Epsy_threshold_v_short_square","0.1677988946379247"
"QM24.26.011.14v.02A.04","Epsy_width_rheo","0.605173286275551"
"QM24.26.011.14v.02A.04","Epsy_fast_trough_v_rheo","0.7970737657365011"
"QM24.26.011.14v.02A.04","Epsy_peak_deltav_rheo","0.1726876211706996"
"QM24.26.011.14v.02A.04","Epsy_peak_v_rheo","0.2154464259764458"
"QM24.26.011.14v.02A.04","Epsy_postap_slope_rheo","-0.2877616289539354"
"QM24.26.011.14v.02A.04","Epsy_threshold_v_rheo","0.2419540348053817"
"QM24.26.011.14v.02A.04","Epsy_trough_t_rheo","0.8075990671813703"
"QM24.26.011.14v.02A.04","Epsy_trough_v_rheo","0.4658190235865571"
"QM24.26.011.14v.02A.04","Epsy_upstroke_downstroke_ratio_rheo","-0.6474032769879591"
"QM24.26.011.14v.02A.04","Epsy_ahp_delay_5spike","0.5642474388108901"
"QM24.26.011.14v.02A.04","Epsy_ahp_delay_ratio_5spike","0.4454146704787419"
"QM24.26.011.14v.02A.04","Epsy_postap_slope_hero","0.394375293947985"
"QM24.26.011.14v.02A.04","Epsy_trough_t_hero","-0.4118074087184879"
"QM24.26.011.14v.02A.04","Epsy_downstroke_adapt_ratio","0.4392758382710657"
"QM24.26.011.14v.02A.04","Epsy_peak_v_adapt_ratio","0.4291190475458172"
"QM24.26.011.14v.02A.04","Epsy_threshold_v_adapt_ratio","0.1962990789414958"
"QM24.26.011.14v.02A.04","Epsy_upstroke_adapt_ratio","0.1834503969938901"
"QM24.26.011.14v.02A.04","Epsy_width_adapt_ratio","-0.0749605002594581"
"QM24.26.011.14v.02A.04","Epsy_threshold_v_short_square","0.3099350381903944"
"QM25.26.006.14v.03A.03","Epsy_width_rheo","0.3710077303086298"
"QM25.26.006.14v.03A.03","Epsy_fast_trough_v_rheo","1.0332840930433138"
"QM25.26.006.14v.03A.03","Epsy_peak_deltav_rheo","0.0698905780100164"
"QM25.26.006.14v.03A.03","Epsy_peak_v_rheo","0.1458738698830795"
"QM25.26.006.14v.03A.03","Epsy_postap_slope_rheo","-0.5115564613384781"
"QM25.26.006.14v.03A.03","Epsy_threshold_v_rheo","0.3127154359022915"
"QM25.26.006.14v.03A.03","Epsy_trough_t_rheo","0.3451759579276525"
"QM25.26.006.14v.03A.03","Epsy_trough_v_rheo","0.5054723710826228"
"QM25.26.006.14v.03A.03","Epsy_upstroke_downstroke_ratio_rheo","-1.150247180711076"
"QM25.26.006.14v.03A.03","Epsy_ahp_delay_5spike","1.0952717695779064"
"QM25.26.006.14v.03A.03","Epsy_ahp_delay_ratio_5spike","0.6004207471756381"
"QM25.26.006.14v.03A.03","Epsy_postap_slope_hero","-0.3463907286732629"
"QM25.26.006.14v.03A.03","Epsy_trough_t_hero","1.1012407306426606"
"QM25.26.006.14v.03A.03","Epsy_downstroke_adapt_ratio","-0.0613885586568602"
"QM25.26.006.14v.03A.03","Epsy_peak_v_adapt_ratio","0.436818402779265"
"QM25.26.006.14v.03A.03","Epsy_threshold_v_adapt_ratio","0.2165675630429737"
"QM25.26.006.14v.03A.03","Epsy_upstroke_adapt_ratio","0.2869572592753348"
"QM25.26.006.14v.03A.03","Epsy_width_adapt_ratio","-0.035105465664097"
"QM25.26.006.14v.03A.03","Epsy_threshold_v_short_square","-0.0759792184053461"
"QN22.26.002.14.03.04","Epsy_width_rheo","0.0125883037024102"
"QN22.26.002.14.03.04","Epsy_fast_trough_v_rheo","1.0783071778410729"
"QN22.26.002.14.03.04","Epsy_peak_deltav_rheo","0.7022735947470253"
"QN22.26.002.14.03.04","Epsy_peak_v_rheo","0.5777508017424948"
"QN22.26.002.14.03.04","Epsy_postap_slope_rheo","0.192118122696299"
"QN22.26.002.14.03.04","Epsy_threshold_v_rheo","-0.266658827177448"
"QN22.26.002.14.03.04","Epsy_trough_t_rheo","1.575193654599215"
"QN22.26.002.14.03.04","Epsy_trough_v_rheo","0.4618121543447469"
"QN22.26.002.14.03.04","Epsy_upstroke_downstroke_ratio_rheo","0.4894987810177986"
"QN22.26.002.14.03.04","Epsy_ahp_delay_5spike","1.249438533789188"
"QN22.26.002.14.03.04","Epsy_ahp_delay_ratio_5spike","1.0085535018335186"
"QN22.26.002.14.03.04","Epsy_postap_slope_hero","-0.2051487974411441"
"QN22.26.002.14.03.04","Epsy_trough_t_hero","-0.7799369774793798"
"QN22.26.002.14.03.04","Epsy_downstroke_adapt_ratio","-0.2502373354578856"
"QN22.26.002.14.03.04","Epsy_peak_v_adapt_ratio","-1.299561671658831"
"QN22.26.002.14.03.04","Epsy_threshold_v_adapt_ratio","-0.1450027666731382"
"QN22.26.002.14.03.04","Epsy_upstroke_adapt_ratio","-1.1259041238395076"
"QN22.26.002.14.03.04","Epsy_width_adapt_ratio","0.5057047569450973"
"QN22.26.002.14.03.04","Epsy_threshold_v_short_square","-0.162198794366416"
"QN22.26.002.14.05.05","Epsy_width_rheo","1.8250156261419204"
"QN22.26.002.14.05.05","Epsy_fast_trough_v_rheo","-0.5823069961660476"
"QN22.26.002.14.05.05","Epsy_peak_deltav_rheo","-0.1368251179129992"
"QN22.26.002.14.05.05","Epsy_peak_v_rheo","-3.071897804317321"
"QN22.26.002.14.05.05","Epsy_postap_slope_rheo","-1.3759969141383992"
"QN22.26.002.14.05.05","Epsy_threshold_v_rheo","-6.0301337867047895"
"QN22.26.002.14.05.05","Epsy_trough_t_rheo","-1.7223573362972242"
"QN22.26.002.14.05.05","Epsy_trough_v_rheo","-0.3891030750417133"
"QN22.26.002.14.05.05","Epsy_upstroke_downstroke_ratio_rheo","1.066354718749264"
"QN22.26.002.14.05.05","Epsy_ahp_delay_5spike","0.8360895438168684"
"QN22.26.002.14.05.05","Epsy_ahp_delay_ratio_5spike","1.4452459979449317"
"QN22.26.002.14.05.05","Epsy_postap_slope_hero","-0.5646702066191324"
"QN22.26.002.14.05.05","Epsy_trough_t_hero","-0.8606729049021019"
"QN22.26.002.14.05.05","Epsy_downstroke_adapt_ratio","0.1525475499899125"
"QN22.26.002.14.05.05","Epsy_peak_v_adapt_ratio","1.5991944429940514"
"QN22.26.002.14.05.05","Epsy_threshold_v_adapt_ratio","-0.0416013445485621"
"QN22.26.002.14.05.05","Epsy_upstroke_adapt_ratio","0.4030482459295944"
"QN22.26.002.14.05.05","Epsy_width_adapt_ratio","0.5151029339006253"
"QN22.26.002.14.05.05","Epsy_threshold_v_short_square","-1.14757457544833"
"QN22.26.002.14.05.09","Epsy_width_rheo","0.5489935117805046"
"QN22.26.002.14.05.09","Epsy_fast_trough_v_rheo","0.3153609762781477"
"QN22.26.002.14.05.09","Epsy_peak_deltav_rheo","0.7583624741530427"
"QN22.26.002.14.05.09","Epsy_peak_v_rheo","0.2997928782995204"
"QN22.26.002.14.05.09","Epsy_postap_slope_rheo","-0.1086450265086271"
"QN22.26.002.14.05.09","Epsy_threshold_v_rheo","-1.127196935065073"
"QN22.26.002.14.05.09","Epsy_trough_t_rheo","1.2439810389843895"
"QN22.26.002.14.05.09","Epsy_trough_v_rheo","0.2375117068151122"
"QN22.26.002.14.05.09","Epsy_upstroke_downstroke_ratio_rheo","1.1758277903899057"
"QN22.26.002.14.05.09","Epsy_ahp_delay_5spike","0.0472784772060701"
"QN22.26.002.14.05.09","Epsy_ahp_delay_ratio_5spike","0.8595916612456167"
"QN22.26.002.14.05.09","Epsy_postap_slope_hero","-0.1632732410512004"
"QN22.26.002.14.05.09","Epsy_trough_t_hero","0.7250878594723856"
"QN22.26.002.14.05.09","Epsy_downstroke_adapt_ratio","-0.2732886293819748"
"QN22.26.002.14.05.09","Epsy_peak_v_adapt_ratio","0.2774971109600128"
"QN22.26.002.14.05.09","Epsy_threshold_v_adapt_ratio","0.3925329881895325"
"QN22.26.002.14.05.09","Epsy_upstroke_adapt_ratio","0.468517461225331"
"QN22.26.002.14.05.09","Epsy_width_adapt_ratio","0.5108544474023893"
"QN22.26.002.14.05.09","Epsy_threshold_v_short_square","-0.2567941654978197"
"QN22.26.002.14.07.01","Epsy_width_rheo","0.2435409976052376"
"QN22.26.002.14.07.01","Epsy_fast_trough_v_rheo","0.5450565687559645"
"QN22.26.002.14.07.01","Epsy_peak_deltav_rheo","0.7039444412056893"
"QN22.26.002.14.07.01","Epsy_peak_v_rheo","0.4781819177625077"
"QN22.26.002.14.07.01","Epsy_postap_slope_rheo","-1.378995547957521"
"QN22.26.002.14.07.01","Epsy_threshold_v_rheo","-0.4935414404767485"
"QN22.26.002.14.07.01","Epsy_trough_t_rheo","-0.9358461401304012"
"QN22.26.002.14.07.01","Epsy_trough_v_rheo","0.6859173106119003"
"QN22.26.002.14.07.01","Epsy_upstroke_downstroke_ratio_rheo","0.849200218875729"
"QN22.26.002.14.07.01","Epsy_ahp_delay_5spike","0.7112231091541625"
"QN22.26.002.14.07.01","Epsy_ahp_delay_ratio_5spike","0.55672806131649"
"QN22.26.002.14.07.01","Epsy_postap_slope_hero","-1.4177302805919816"
"QN22.26.002.14.07.01","Epsy_trough_t_hero","-1.1783754375768056"
"QN22.26.002.14.07.01","Epsy_downstroke_adapt_ratio","0.2168770295854368"
"QN22.26.002.14.07.01","Epsy_peak_v_adapt_ratio","0.0940158198691379"
"QN22.26.002.14.07.01","Epsy_threshold_v_adapt_ratio","0.2904815049312755"
"QN22.26.002.14.07.01","Epsy_upstroke_adapt_ratio","0.4149150124746268"
"QN22.26.002.14.07.01","Epsy_width_adapt_ratio","-0.0247106912067221"
"QN22.26.002.14.07.01","Epsy_threshold_v_short_square","-0.0264147769483334"
"QN22.26.002.3A.02.03","Epsy_width_rheo","-0.3021729819899881"
"QN22.26.002.3A.02.03","Epsy_fast_trough_v_rheo","-0.77084016097458"
"QN22.26.002.3A.02.03","Epsy_peak_deltav_rheo","0.1726876211706996"
"QN22.26.002.3A.02.03","Epsy_peak_v_rheo","0.0482701121344962"
"QN22.26.002.3A.02.03","Epsy_postap_slope_rheo","1.4402096985666988"
"QN22.26.002.3A.02.03","Epsy_threshold_v_rheo","-0.0204609915794869"
"QN22.26.002.3A.02.03","Epsy_trough_t_rheo","0.4832377563998863"
"QN22.26.002.3A.02.03","Epsy_trough_v_rheo","0.0308980501382771"
"QN22.26.002.3A.02.03","Epsy_upstroke_downstroke_ratio_rheo","0.4449531276491081"
"QN22.26.002.3A.02.03","Epsy_ahp_delay_5spike","0.4512896153095407"
"QN22.26.002.3A.02.03","Epsy_ahp_delay_ratio_5spike","0.0354440742548333"
"QN22.26.002.3A.02.03","Epsy_postap_slope_hero","0.5818612620888195"
"QN22.26.002.3A.02.03","Epsy_trough_t_hero","-0.5251122980754424"
"QN22.26.002.3A.02.03","Epsy_downstroke_adapt_ratio","0.8879544487724013"
"QN22.26.002.3A.02.03","Epsy_peak_v_adapt_ratio","-0.2032597971914242"
"QN22.26.002.3A.02.03","Epsy_threshold_v_adapt_ratio","0.4421435901866673"
"QN22.26.002.3A.02.03","Epsy_upstroke_adapt_ratio","0.4938793812652199"
"QN22.26.002.3A.02.03","Epsy_width_adapt_ratio","-0.4500796519744"
"QN22.26.002.3A.02.03","Epsy_threshold_v_short_square","-0.0293105023595673"
"QN22.26.009.14.1A.02","Epsy_width_rheo","-1.2905347662741748"
"QN22.26.009.14.1A.02","Epsy_fast_trough_v_rheo","-0.5756217295767654"
"QN22.26.009.14.1A.02","Epsy_peak_deltav_rheo","0.3092469826289655"
"QN22.26.009.14.1A.02","Epsy_peak_v_rheo","0.3374303643883549"
"QN22.26.009.14.1A.02","Epsy_postap_slope_rheo","1.129539625418714"
"QN22.26.009.14.1A.02","Epsy_threshold_v_rheo","0.1846577632528697"
"QN22.26.009.14.1A.02","Epsy_trough_t_rheo","-0.2312150794458084"
"QN22.26.009.14.1A.02","Epsy_trough_v_rheo","0.132079514323564"
"QN22.26.009.14.1A.02","Epsy_upstroke_downstroke_ratio_rheo","-0.9696738773292022"
"QN22.26.009.14.1A.02","Epsy_ahp_delay_5spike","-2.3871711405882325"
"QN22.26.009.14.1A.02","Epsy_ahp_delay_ratio_5spike","-2.5218467982659827"
"QN22.26.009.14.1A.02","Epsy_postap_slope_hero","1.2323731205137496"
"QN22.26.009.14.1A.02","Epsy_trough_t_hero","0.8883302385487736"
"QN22.26.009.14.1A.02","Epsy_downstroke_adapt_ratio","0.7595241834267561"
"QN22.26.009.14.1A.02","Epsy_peak_v_adapt_ratio","0.1206876382902698"
"QN22.26.009.14.1A.02","Epsy_threshold_v_adapt_ratio","0.2252946330342889"
"QN22.26.009.14.1A.02","Epsy_upstroke_adapt_ratio","0.3783460571239357"
"QN22.26.009.14.1A.02","Epsy_width_adapt_ratio","-0.5247400354538203"
"QN22.26.009.14.1A.02","Epsy_threshold_v_short_square","-0.4770786752142684"
"QN22.26.009.14.3A.01","Epsy_width_rheo","-0.4183151176999808"
"QN22.26.009.14.3A.01","Epsy_fast_trough_v_rheo","-0.4776604000195836"
"QN22.26.009.14.3A.01","Epsy_peak_deltav_rheo","-1.352217275884139"
"QN22.26.009.14.3A.01","Epsy_peak_v_rheo","-1.0667943651895515"
"QN22.26.009.14.3A.01","Epsy_postap_slope_rheo","1.3585032804705226"
"QN22.26.009.14.3A.01","Epsy_threshold_v_rheo","0.6005510799884923"
"QN22.26.009.14.3A.01","Epsy_trough_t_rheo","-0.6989881761001586"
"QN22.26.009.14.3A.01","Epsy_trough_v_rheo","0.2195564817609147"
"QN22.26.009.14.3A.01","Epsy_upstroke_downstroke_ratio_rheo","-2.5670488296967755"
"QN22.26.009.14.3A.01","Epsy_ahp_delay_5spike","-2.2597174856537188"
"QN22.26.009.14.3A.01","Epsy_ahp_delay_ratio_5spike","-2.1918975636984084"
"QN22.26.009.14.3A.01","Epsy_postap_slope_hero","1.5468803948002146"
"QN22.26.009.14.3A.01","Epsy_trough_t_hero","-0.0175211020481077"
"QN22.26.009.14.3A.01","Epsy_downstroke_adapt_ratio","0.3178417939244317"
"QN22.26.009.14.3A.01","Epsy_peak_v_adapt_ratio","1.5115743337319163"
"QN22.26.009.14.3A.01","Epsy_threshold_v_adapt_ratio","0.2823389750149503"
"QN22.26.009.14.3A.01","Epsy_upstroke_adapt_ratio","0.5086511106032222"
"QN22.26.009.14.3A.01","Epsy_width_adapt_ratio","-0.7255953157551265"
"QN22.26.009.14.3A.01","Epsy_threshold_v_short_square","0.7556795526437075"
"QN22.26.009.14.4A.03","Epsy_width_rheo","-0.0367563393418208"
"QN22.26.009.14.4A.03","Epsy_fast_trough_v_rheo","-1.3497999256808193"
"QN22.26.009.14.4A.03","Epsy_peak_deltav_rheo","-0.3930316144922202"
"QN22.26.009.14.4A.03","Epsy_peak_v_rheo","-0.8934696731521153"
"QN22.26.009.14.4A.03","Epsy_postap_slope_rheo","1.3208284029827744"
"QN22.26.009.14.4A.03","Epsy_threshold_v_rheo","-0.3179652967800546"
"QN22.26.009.14.4A.03","Epsy_trough_t_rheo","0.6575764724498909"
"QN22.26.009.14.4A.03","Epsy_trough_v_rheo","-0.3590911249622314"
"QN22.26.009.14.4A.03","Epsy_upstroke_downstroke_ratio_rheo","-1.92065196343084"
"QN22.26.009.14.4A.03","Epsy_ahp_delay_5spike","-2.372291833174417"
"QN22.26.009.14.4A.03","Epsy_ahp_delay_ratio_5spike","-2.5828219232110508"
"QN22.26.009.14.4A.03","Epsy_postap_slope_hero","1.4415861079616636"
"QN22.26.009.14.4A.03","Epsy_trough_t_hero","0.8153530480749601"
"QN22.26.009.14.4A.03","Epsy_downstroke_adapt_ratio","0.4334777469086066"
"QN22.26.009.14.4A.03","Epsy_peak_v_adapt_ratio","1.5552964442618245"
"QN22.26.009.14.4A.03","Epsy_threshold_v_adapt_ratio","0.3643757516913898"
"QN22.26.009.14.4A.03","Epsy_upstroke_adapt_ratio","0.6538198749645356"
"QN22.26.009.14.4A.03","Epsy_width_adapt_ratio","-0.614737470376756"
"QN22.26.009.14.4A.03","Epsy_threshold_v_short_square","0.721615360743098"
"QN22.26.009.14.4A.04","Epsy_width_rheo","1.18442685181137"
"QN22.26.009.14.4A.04","Epsy_fast_trough_v_rheo","1.0300331907790254"
"QN22.26.009.14.4A.04","Epsy_peak_deltav_rheo","-4.275751095496984"
"QN22.26.009.14.4A.04","Epsy_peak_v_rheo","-4.263607660870395"
"QN22.26.009.14.4A.04","Epsy_postap_slope_rheo","-0.1967255209303482"
"QN22.26.009.14.4A.04","Epsy_threshold_v_rheo","0.3455565751579841"
"QN22.26.009.14.4A.04","Epsy_trough_t_rheo","0.4920411950591393"
"QN22.26.009.14.4A.04","Epsy_trough_v_rheo","1.128410648791528"
"QN22.26.009.14.4A.04","Epsy_upstroke_downstroke_ratio_rheo","-1.038899591248081"
"QN22.26.009.14.4A.04","Epsy_ahp_delay_5spike","-0.1427754776416805"
"QN22.26.009.14.4A.04","Epsy_ahp_delay_ratio_5spike","0.2998464376591884"
"QN22.26.009.14.4A.04","Epsy_postap_slope_hero","-2.0264128601710407"
"QN22.26.009.14.4A.04","Epsy_trough_t_hero","0.5444227974786626"
"QN22.26.009.14.4A.04","Epsy_downstroke_adapt_ratio","0.4421034394223396"
"QN22.26.009.14.4A.04","Epsy_peak_v_adapt_ratio","2.179991404703384"
"QN22.26.009.14.4A.04","Epsy_threshold_v_adapt_ratio","0.4631184649927873"
"QN22.26.009.14.4A.04","Epsy_upstroke_adapt_ratio","0.6204769990726414"
"QN22.26.009.14.4A.04","Epsy_width_adapt_ratio","-0.4053109482702929"
"QN22.26.009.14.4A.04","Epsy_threshold_v_short_square","2.3464539723804463"
"QN22.26.010.14.06.04","Epsy_width_rheo","0.9774004152598552"
"QN22.26.010.14.06.04","Epsy_fast_trough_v_rheo","0.0340448827455119"
"QN22.26.010.14.06.04","Epsy_peak_deltav_rheo","0.0154478136988303"
"QN22.26.010.14.06.04","Epsy_peak_v_rheo","0.5862257443838478"
"QN22.26.010.14.06.04","Epsy_postap_slope_rheo","-0.2959572738280927"
"QN22.26.010.14.06.04","Epsy_threshold_v_rheo","1.000006127338237"
"QN22.26.010.14.06.04","Epsy_trough_t_rheo","-0.7073336133774345"
"QN22.26.010.14.06.04","Epsy_trough_v_rheo","0.5863552415692017"
"QN22.26.010.14.06.04","Epsy_upstroke_downstroke_ratio_rheo","0.878328847319938"
"QN22.26.010.14.06.04","Epsy_ahp_delay_5spike","-0.809308690366667"
"QN22.26.010.14.06.04","Epsy_ahp_delay_ratio_5spike","-0.8274191454325825"
"QN22.26.010.14.06.04","Epsy_postap_slope_hero","3.2908800616837306"
"QN22.26.010.14.06.04","Epsy_trough_t_hero","1.8264210909234848"
"QN22.26.010.14.06.04","Epsy_downstroke_adapt_ratio","0.1097175469516933"
"QN22.26.010.14.06.04","Epsy_peak_v_adapt_ratio","-0.3843675528512405"
"QN22.26.010.14.06.04","Epsy_threshold_v_adapt_ratio","-0.7658643532194506"
"QN22.26.010.14.06.04","Epsy_upstroke_adapt_ratio","-0.2215268087372002"
"QN22.26.010.14.06.04","Epsy_width_adapt_ratio","0.4185398896139748"
"QN22.26.010.14.06.04","Epsy_threshold_v_short_square","0.4691458862860191"
"QN22.26.010.14.52.01","Epsy_width_rheo","-1.683623427090722"
"QN22.26.010.14.52.01","Epsy_fast_trough_v_rheo","-0.1846564397586449"
"QN22.26.010.14.52.01","Epsy_peak_deltav_rheo","0.4546161134939534"
"QN22.26.010.14.52.01","Epsy_peak_v_rheo","0.6488943773582864"
"QN22.26.010.14.52.01","Epsy_postap_slope_rheo","-2.328398901835706"
"QN22.26.010.14.52.01","Epsy_threshold_v_rheo","0.4311038197378536"
"QN22.26.010.14.52.01","Epsy_trough_t_rheo","0.4753129757097479"
"QN22.26.010.14.52.01","Epsy_trough_v_rheo","-0.5201270306598866"
"QN22.26.010.14.52.01","Epsy_upstroke_downstroke_ratio_rheo","0.7370533214397323"
"QN22.26.010.14.52.01","Epsy_ahp_delay_5spike","0.2567365703211015"
"QN22.26.010.14.52.01","Epsy_ahp_delay_ratio_5spike","0.3542086386479555"
"QN22.26.010.14.52.01","Epsy_postap_slope_hero","-3.1347443914093147"
"QN22.26.010.14.52.01","Epsy_trough_t_hero","0.7516943803985987"
"QN22.26.010.14.52.01","Epsy_downstroke_adapt_ratio","0.5290748789514389"
"QN22.26.010.14.52.01","Epsy_peak_v_adapt_ratio","-0.8590564790376457"
"QN22.26.010.14.52.01","Epsy_threshold_v_adapt_ratio","0.3458027296338014"
"QN22.26.010.14.52.01","Epsy_upstroke_adapt_ratio","0.0871658372390234"
"QN22.26.010.14.52.01","Epsy_width_adapt_ratio","-0.9900535783570338"
"QN22.26.010.14.52.01","Epsy_threshold_v_short_square","-1.3323004148016782"
"QN22.26.010.14.53.03","Epsy_width_rheo","-0.3021729819899881"
"QN22.26.010.14.53.03","Epsy_fast_trough_v_rheo","-0.8149877924460368"
"QN22.26.010.14.53.03","Epsy_peak_deltav_rheo","-0.5158166113772694"
"QN22.26.010.14.53.03","Epsy_peak_v_rheo","-1.1751177885531483"
"QN22.26.010.14.53.03","Epsy_postap_slope_rheo","0.2524088814061181"
"QN22.26.010.14.53.03","Epsy_threshold_v_rheo","-0.4484927849391286"
"QN22.26.010.14.53.03","Epsy_trough_t_rheo","1.0823018596349023"
"QN22.26.010.14.53.03","Epsy_trough_v_rheo","-0.7515506032427661"
"QN22.26.010.14.53.03","Epsy_upstroke_downstroke_ratio_rheo","-2.032943780702393"
"QN22.26.010.14.53.03","Epsy_ahp_delay_5spike","0.1438855255242052"
"QN22.26.010.14.53.03","Epsy_ahp_delay_ratio_5spike","-0.2137685042047778"
"QN22.26.010.14.53.03","Epsy_postap_slope_hero","0.712890749979461"
"QN22.26.010.14.53.03","Epsy_trough_t_hero","0.4132829469712786"
"QN22.26.010.14.53.03","Epsy_downstroke_adapt_ratio","0.2108690860695746"
"QN22.26.010.14.53.03","Epsy_peak_v_adapt_ratio","0.8681177224383888"
"QN22.26.010.14.53.03","Epsy_threshold_v_adapt_ratio","0.3047920481313568"
"QN22.26.010.14.53.03","Epsy_upstroke_adapt_ratio","0.4585658945599615"
"QN22.26.010.14.53.03","Epsy_width_adapt_ratio","-0.6529271317589167"
"QN22.26.010.14.53.03","Epsy_threshold_v_short_square","0.3646825956911515"
"QN22.26.011.14.5A.02","Epsy_width_rheo","0.9303020805002828"
"QN22.26.011.14.5A.02","Epsy_fast_trough_v_rheo","-0.77084016097458"
"QN22.26.011.14.5A.02","Epsy_peak_deltav_rheo","0.5046416601726386"
"QN22.26.011.14.5A.02","Epsy_peak_v_rheo","0.26398965829596"
"QN22.26.011.14.5A.02","Epsy_postap_slope_rheo","0.7446294516902328"
"QN22.26.011.14.5A.02","Epsy_threshold_v_rheo","-0.3896478504467534"
"QN22.26.011.14.5A.02","Epsy_trough_t_rheo","-0.2508007841178244"
"QN22.26.011.14.5A.02","Epsy_trough_v_rheo","-0.4692325379309524"
"QN22.26.011.14.5A.02","Epsy_upstroke_downstroke_ratio_rheo","0.386349336943683"
"QN22.26.011.14.5A.02","Epsy_ahp_delay_5spike","1.509439003247462"
"QN22.26.011.14.5A.02","Epsy_ahp_delay_ratio_5spike","1.2336449595644334"
"QN22.26.011.14.5A.02","Epsy_postap_slope_hero","0.2635985330569871"
"QN22.26.011.14.5A.02","Epsy_trough_t_hero","0.0617716566873401"
"QN22.26.011.14.5A.02","Epsy_downstroke_adapt_ratio","-0.3112933214889093"
"QN22.26.011.14.5A.02","Epsy_peak_v_adapt_ratio","1.0360120014925638"
"QN22.26.011.14.5A.02","Epsy_threshold_v_adapt_ratio","0.4712884382564737"
"QN22.26.011.14.5A.02","Epsy_upstroke_adapt_ratio","0.7211377844510665"
"QN22.26.011.14.5A.02","Epsy_width_adapt_ratio","-0.4218553201041788"
"QN22.26.011.14.5A.02","Epsy_threshold_v_short_square","0.2516395566921144"
"QN22.26.011.14.5A.04","Epsy_width_rheo","0.3293580231146893"
"QN22.26.011.14.5A.04","Epsy_fast_trough_v_rheo","0.2701053616541232"
"QN22.26.011.14.5A.04","Epsy_peak_deltav_rheo","0.5678115187402563"
"QN22.26.011.14.5A.04","Epsy_peak_v_rheo","0.5392565726695261"
"QN22.26.011.14.5A.04","Epsy_postap_slope_rheo","0.7906502287159688"
"QN22.26.011.14.5A.04","Epsy_threshold_v_rheo","-0.0037592365428972"
"QN22.26.011.14.5A.04","Epsy_trough_t_rheo","0.6916601056423773"
"QN22.26.011.14.5A.04","Epsy_trough_v_rheo","0.3966178104841149"
"QN22.26.011.14.5A.04","Epsy_upstroke_downstroke_ratio_rheo","0.1344250215641491"
"QN22.26.011.14.5A.04","Epsy_ahp_delay_5spike","0.9408656472722912"
"QN22.26.011.14.5A.04","Epsy_ahp_delay_ratio_5spike","0.9709298070273474"
"QN22.26.011.14.5A.04","Epsy_postap_slope_hero","0.6531026608441015"
"QN22.26.011.14.5A.04","Epsy_trough_t_hero","0.6802063302924769"
"QN22.26.011.14.5A.04","Epsy_downstroke_adapt_ratio","1.1183054158373489"
"QN22.26.011.14.5A.04","Epsy_peak_v_adapt_ratio","0.5036875880581859"
"QN22.26.011.14.5A.04","Epsy_threshold_v_adapt_ratio","0.6134283854499072"
"QN22.26.011.14.5A.04","Epsy_upstroke_adapt_ratio","0.6880230333954602"
"QN22.26.011.14.5A.04","Epsy_width_adapt_ratio","4.065322360271036"
"QN22.26.011.14.5A.04","Epsy_threshold_v_short_square","0.8038784901433409"
"QN22.26.011.14.8B.01","Epsy_width_rheo","1.0536616120142357"
"QN22.26.011.14.8B.01","Epsy_fast_trough_v_rheo","0.0643273811670229"
"QN22.26.011.14.8B.01","Epsy_peak_deltav_rheo","0.0921754668437723"
"QN22.26.011.14.8B.01","Epsy_peak_v_rheo","0.1809001145994773"
"QN22.26.011.14.8B.01","Epsy_postap_slope_rheo","0.1258751702536287"
"QN22.26.011.14.8B.01","Epsy_threshold_v_rheo","0.3273643692369026"
"QN22.26.011.14.8B.01","Epsy_trough_t_rheo","0.6199705210609413"
"QN22.26.011.14.8B.01","Epsy_trough_v_rheo","-0.27157443507048"
"QN22.26.011.14.8B.01","Epsy_upstroke_downstroke_ratio_rheo","-0.3444089124060686"
"QN22.26.011.14.8B.01","Epsy_ahp_delay_5spike","0.79364004756397"
"QN22.26.011.14.8B.01","Epsy_ahp_delay_ratio_5spike","0.4506573278748782"
"QN22.26.011.14.8B.01","Epsy_postap_slope_hero","-0.2825631094094046"
"QN22.26.011.14.8B.01","Epsy_trough_t_hero","1.367778445926867"
"QN22.26.011.14.8B.01","Epsy_downstroke_adapt_ratio","-0.3033981394482969"
"QN22.26.011.14.8B.01","Epsy_peak_v_adapt_ratio","0.0959060785964664"
"QN22.26.011.14.8B.01","Epsy_threshold_v_adapt_ratio","-0.5460479848915964"
"QN22.26.011.14.8B.01","Epsy_upstroke_adapt_ratio","-0.3413466904252113"
"QN22.26.011.14.8B.01","Epsy_width_adapt_ratio","0.0977920274029275"
"QN22.26.011.14.8B.01","Epsy_threshold_v_short_square","-0.0206298531084344"
"QN22.26.014.14.6A.03","Epsy_width_rheo","-0.1390016918324255"
"QN22.26.014.14.6A.03","Epsy_fast_trough_v_rheo","-0.5424882706796468"
"QN22.26.014.14.6A.03","Epsy_peak_deltav_rheo","-0.0122975078444165"
"QN22.26.014.14.6A.03","Epsy_peak_v_rheo","-0.0315501770342133"
"QN22.26.014.14.6A.03","Epsy_postap_slope_rheo","1.1995097501175125"
"QN22.26.014.14.6A.03","Epsy_threshold_v_rheo","0.1923726087125181"
"QN22.26.014.14.6A.03","Epsy_trough_t_rheo","-0.3500136810362289"
"QN22.26.014.14.6A.03","Epsy_trough_v_rheo","0.1877563845142662"
"QN22.26.014.14.6A.03","Epsy_upstroke_downstroke_ratio_rheo","-1.8318008934079135"
"QN22.26.014.14.6A.03","Epsy_ahp_delay_5spike","-2.3430985273863176"
"QN22.26.014.14.6A.03","Epsy_ahp_delay_ratio_5spike","-2.4544267251231413"
"QN22.26.014.14.6A.03","Epsy_postap_slope_hero","1.6183344013687502"
"QN22.26.014.14.6A.03","Epsy_trough_t_hero","0.4965121265372776"
"QN22.26.014.14.6A.03","Epsy_downstroke_adapt_ratio","0.2487471002704674"
"QN22.26.014.14.6A.03","Epsy_peak_v_adapt_ratio","0.0227499795546353"
"QN22.26.014.14.6A.03","Epsy_threshold_v_adapt_ratio","0.1866728843091802"
"QN22.26.014.14.6A.03","Epsy_upstroke_adapt_ratio","0.3661259579474268"
"QN22.26.014.14.6A.03","Epsy_width_adapt_ratio","-0.7004005476038566"
"QN22.26.014.14.6A.03","Epsy_threshold_v_short_square","0.2967717185260313"
"QN22.26.015.14.01A.03","Epsy_width_rheo","0.1311834795444139"
"QN22.26.015.14.01A.03","Epsy_fast_trough_v_rheo","-0.2471677926913839"
"QN22.26.015.14.01A.03","Epsy_peak_deltav_rheo","0.3763628611991338"
"QN22.26.015.14.01A.03","Epsy_peak_v_rheo","0.6051907158458837"
"QN22.26.015.14.01A.03","Epsy_postap_slope_rheo","0.17546241095689"
"QN22.26.015.14.01A.03","Epsy_threshold_v_rheo","0.500249875592844"
"QN22.26.015.14.01A.03","Epsy_trough_t_rheo","-0.9945309148922276"
"QN22.26.015.14.01A.03","Epsy_trough_v_rheo","0.2240604328389363"
"QN22.26.015.14.01A.03","Epsy_upstroke_downstroke_ratio_rheo","0.6721494951739334"
"QN22.26.015.14.01A.03","Epsy_ahp_delay_5spike","-0.6025735800980108"
"QN22.26.015.14.01A.03","Epsy_ahp_delay_ratio_5spike","-1.916840111198505"
"QN22.26.015.14.01A.03","Epsy_postap_slope_hero","0.0250599988797074"
"QN22.26.015.14.01A.03","Epsy_trough_t_hero","-0.2840161428665893"
"QN22.26.015.14.01A.03","Epsy_downstroke_adapt_ratio","0.581508902147827"
"QN22.26.015.14.01A.03","Epsy_peak_v_adapt_ratio","0.7045503699743872"
"QN22.26.015.14.01A.03","Epsy_threshold_v_adapt_ratio","0.5067557225778606"
"QN22.26.015.14.01A.03","Epsy_upstroke_adapt_ratio","0.3285723658718811"
"QN22.26.015.14.01A.03","Epsy_width_adapt_ratio","-0.2810102153603213"
"QN22.26.015.14.01A.03","Epsy_threshold_v_short_square","0.1070472442719769"
"QN22.26.015.14.02A.05","Epsy_width_rheo","0.1541326090816651"
"QN22.26.015.14.02A.05","Epsy_fast_trough_v_rheo","-0.3899507239220935"
"QN22.26.015.14.02A.05","Epsy_peak_deltav_rheo","-0.0263048956390675"
"QN22.26.015.14.02A.05","Epsy_peak_v_rheo","-1.087267587233861"
"QN22.26.015.14.02A.05","Epsy_postap_slope_rheo","0.1093226231653222"
"QN22.26.015.14.02A.05","Epsy_threshold_v_rheo","-1.4446827539855531"
"QN22.26.015.14.02A.05","Epsy_trough_t_rheo","-0.7200786432371284"
"QN22.26.015.14.02A.05","Epsy_trough_v_rheo","-0.870088439192549"
"QN22.26.015.14.02A.05","Epsy_upstroke_downstroke_ratio_rheo","-0.993714119722343"
"QN22.26.015.14.02A.05","Epsy_ahp_delay_5spike","0.9247886000751004"
"QN22.26.015.14.02A.05","Epsy_ahp_delay_ratio_5spike","0.907469382080724"
"QN22.26.015.14.02A.05","Epsy_postap_slope_hero","0.1823872952229237"
"QN22.26.015.14.02A.05","Epsy_trough_t_hero","2.367819574195788"
"QN22.26.015.14.02A.05","Epsy_downstroke_adapt_ratio","-0.2113089392816616"
"QN22.26.015.14.02A.05","Epsy_peak_v_adapt_ratio","1.6768081640553056"
"QN22.26.015.14.02A.05","Epsy_threshold_v_adapt_ratio","0.2370353386978581"
"QN22.26.015.14.02A.05","Epsy_upstroke_adapt_ratio","0.5081683350816187"
"QN22.26.015.14.02A.05","Epsy_width_adapt_ratio","-0.3225862944194355"
"QN22.26.015.14.02A.05","Epsy_threshold_v_short_square","0.931430628408346"
"QN22.26.015.14.04A.05","Epsy_width_rheo","0.1993044110160222"
"QN22.26.015.14.04A.05","Epsy_fast_trough_v_rheo","-1.0664259052413048"
"QN22.26.015.14.04A.05","Epsy_peak_deltav_rheo","0.3744185950318863"
"QN22.26.015.14.04A.05","Epsy_peak_v_rheo","-0.4448507998775607"
"QN22.26.015.14.04A.05","Epsy_postap_slope_rheo","0.2391548155344985"
"QN22.26.015.14.04A.05","Epsy_threshold_v_rheo","-1.5193052734834134"
"QN22.26.015.14.04A.05","Epsy_trough_t_rheo","-0.8984012832747239"
"QN22.26.015.14.04A.05","Epsy_trough_v_rheo","-0.7300596363915333"
"QN22.26.015.14.04A.05","Epsy_upstroke_downstroke_ratio_rheo","-0.578217935823535"
"QN22.26.015.14.04A.05","Epsy_ahp_delay_5spike","0.3711250930839896"
"QN22.26.015.14.04A.05","Epsy_ahp_delay_ratio_5spike","0.2623163828234181"
"QN22.26.015.14.04A.05","Epsy_postap_slope_hero","1.0232365085930617"
"QN22.26.015.14.04A.05","Epsy_trough_t_hero","1.8107235937779096"
"QN22.26.015.14.04A.05","Epsy_downstroke_adapt_ratio","-0.2681540871525179"
"QN22.26.015.14.04A.05","Epsy_peak_v_adapt_ratio","1.1024445739758515"
"QN22.26.015.14.04A.05","Epsy_threshold_v_adapt_ratio","0.1563777382535417"
"QN22.26.015.14.04A.05","Epsy_upstroke_adapt_ratio","0.3032710570343264"
"QN22.26.015.14.04A.05","Epsy_width_adapt_ratio","-0.0279281905325183"
"QN22.26.015.14.04A.05","Epsy_threshold_v_short_square","-0.0409193808754286"
"QN22.26.015.14.05A.03","Epsy_width_rheo","0.816192449158947"
"QN22.26.015.14.05A.03","Epsy_fast_trough_v_rheo","1.7068433586892062"
"QN22.26.015.14.05A.03","Epsy_peak_deltav_rheo","-2.592777049754348"
"QN22.26.015.14.05A.03","Epsy_peak_v_rheo","-0.7564196221631806"
"QN22.26.015.14.05A.03","Epsy_postap_slope_rheo","0.3491787141879706"
"QN22.26.015.14.05A.03","Epsy_threshold_v_rheo","1.4290252045856804"
"QN22.26.015.14.05A.03","Epsy_trough_t_rheo","0.9514137296388122"
"QN22.26.015.14.05A.03","Epsy_trough_v_rheo","1.8770731647104488"
"QN22.26.015.14.05A.03","Epsy_upstroke_downstroke_ratio_rheo","-1.3623370558719698"
"QN22.26.015.14.05A.03","Epsy_ahp_delay_5spike","-2.0406739275054884"
"QN22.26.015.14.05A.03","Epsy_ahp_delay_ratio_5spike","-2.3214434218894358"
"QN22.26.015.14.05A.03","Epsy_postap_slope_hero","-0.1948816810134833"
"QN22.26.015.14.05A.03","Epsy_trough_t_hero","0.1168663198556691"
"QN22.26.015.14.05A.03","Epsy_downstroke_adapt_ratio","0.2676949531506912"
"QN22.26.015.14.05A.03","Epsy_peak_v_adapt_ratio","0.7352835000338375"
"QN22.26.015.14.05A.03","Epsy_threshold_v_adapt_ratio","0.7917669565419725"
"QN22.26.015.14.05A.03","Epsy_upstroke_adapt_ratio","0.6582683717694322"
"QN22.26.015.14.05A.03","Epsy_width_adapt_ratio","-0.6102399971791046"
"QN22.26.015.14.05A.03","Epsy_threshold_v_short_square","1.5052944750228263"
"QN22.26.015.14.05A.04","Epsy_width_rheo","0.4912966712734907"
"QN22.26.015.14.05A.04","Epsy_fast_trough_v_rheo","-0.6991447733025687"
"QN22.26.015.14.05A.04","Epsy_peak_deltav_rheo","0.2023853286938716"
"QN22.26.015.14.05A.04","Epsy_peak_v_rheo","-0.1056182076486043"
"QN22.26.015.14.05A.04","Epsy_postap_slope_rheo","0.2582889774705563"
"QN22.26.015.14.05A.04","Epsy_threshold_v_rheo","-0.3368836315643552"
"QN22.26.015.14.05A.04","Epsy_trough_t_rheo","-0.065431081990548"
"QN22.26.015.14.05A.04","Epsy_trough_v_rheo","-0.4818387686325233"
"QN22.26.015.14.05A.04","Epsy_upstroke_downstroke_ratio_rheo","-0.3441065932647523"
"QN22.26.015.14.05A.04","Epsy_ahp_delay_5spike","0.4241555480620939"
"QN22.26.015.14.05A.04","Epsy_ahp_delay_ratio_5spike","0.4789497978644961"
"QN22.26.015.14.05A.04","Epsy_postap_slope_hero","0.444251010314073"
"QN22.26.015.14.05A.04","Epsy_trough_t_hero","0.2023979412541861"
"QN22.26.015.14.05A.04","Epsy_downstroke_adapt_ratio","-0.1819422423755655"
"QN22.26.015.14.05A.04","Epsy_peak_v_adapt_ratio","1.1267915221126756"
"QN22.26.015.14.05A.04","Epsy_threshold_v_adapt_ratio","0.5510724723917527"
"QN22.26.015.14.05A.04","Epsy_upstroke_adapt_ratio","0.6270109581038166"
"QN22.26.015.14.05A.04","Epsy_width_adapt_ratio","-0.3792877576872165"
"QN22.26.015.14.05A.04","Epsy_threshold_v_short_square","-0.1924328511657302"
"QN22.26.015.14.05A.06","Epsy_width_rheo","0.567884700586158"
"QN22.26.015.14.05A.06","Epsy_fast_trough_v_rheo","0.4160953863622567"
"QN22.26.015.14.05A.06","Epsy_peak_deltav_rheo","0.5391629979367285"
"QN22.26.015.14.05A.06","Epsy_peak_v_rheo","0.4582316811616508"
"QN22.26.015.14.05A.06","Epsy_postap_slope_rheo","-0.0927358595018678"
"QN22.26.015.14.05A.06","Epsy_threshold_v_rheo","-0.0927018411594253"
"QN22.26.015.14.05A.06","Epsy_trough_t_rheo","-0.5327774418711899"
"QN22.26.015.14.05A.06","Epsy_trough_v_rheo","-0.0394084161472965"
"QN22.26.015.14.05A.06","Epsy_upstroke_downstroke_ratio_rheo","1.3653992538251851"
"QN22.26.015.14.05A.06","Epsy_ahp_delay_5spike","0.4849091062186057"
"QN22.26.015.14.05A.06","Epsy_ahp_delay_ratio_5spike","0.1369381717360177"
"QN22.26.015.14.05A.06","Epsy_postap_slope_hero","0.4958752441231412"
"QN22.26.015.14.05A.06","Epsy_trough_t_hero","0.8771254112624143"
"QN22.26.015.14.05A.06","Epsy_downstroke_adapt_ratio","0.6946370460177692"
"QN22.26.015.14.05A.06","Epsy_peak_v_adapt_ratio","0.7251993686388586"
"QN22.26.015.14.05A.06","Epsy_threshold_v_adapt_ratio","0.204196595319864"
"QN22.26.015.14.05A.06","Epsy_upstroke_adapt_ratio","0.6581744481374121"
"QN22.26.015.14.05A.06","Epsy_width_adapt_ratio","-0.3283344604515756"
"QN22.26.015.14.05A.06","Epsy_threshold_v_short_square","0.4791715134968135"
"QN22.26.016.14.08.01","Epsy_width_rheo","0.1993044110160222"
"QN22.26.016.14.08.01","Epsy_fast_trough_v_rheo","-0.0646488163658647"
"QN22.26.016.14.08.01","Epsy_peak_deltav_rheo","-0.0146257702799775"
"QN22.26.016.14.08.01","Epsy_peak_v_rheo","0.061330924041341"
"QN22.26.016.14.08.01","Epsy_postap_slope_rheo","0.6077577005887467"
"QN22.26.016.14.08.01","Epsy_threshold_v_rheo","0.3273643692369026"
"QN22.26.016.14.08.01","Epsy_trough_t_rheo","-3.879928564040088"
"QN22.26.016.14.08.01","Epsy_trough_v_rheo","0.5133133349744141"
"QN22.26.016.14.08.01","Epsy_upstroke_downstroke_ratio_rheo","-0.6775468644434797"
"QN22.26.016.14.08.01","Epsy_ahp_delay_5spike","-1.3695008670950637"
"QN22.26.016.14.08.01","Epsy_ahp_delay_ratio_5spike","-0.3890376517717413"
"QN22.26.016.14.08.01","Epsy_postap_slope_hero","-0.004989731183775"
"QN22.26.016.14.08.01","Epsy_trough_t_hero","-3.315387204085879"
"QN22.26.016.14.08.01","Epsy_downstroke_adapt_ratio","-2.0759738928607847"
"QN22.26.016.14.08.01","Epsy_peak_v_adapt_ratio","-3.06765642796139"
"QN22.26.016.14.08.01","Epsy_threshold_v_adapt_ratio","-2.7114378676024598"
"QN22.26.016.14.08.01","Epsy_upstroke_adapt_ratio","-2.924827847142096"
"QN22.26.016.14.08.01","Epsy_width_adapt_ratio","1.4108766498937826"
"QN22.26.016.14.08.01","Epsy_threshold_v_short_square","0.2756064116246826"
"QN22.26.016.14.08.02","Epsy_width_rheo","0.816192449158612"
"QN22.26.016.14.08.02","Epsy_fast_trough_v_rheo","0.4752598125418608"
"QN22.26.016.14.08.02","Epsy_peak_deltav_rheo","-0.174123279813817"
"QN22.26.016.14.08.02","Epsy_peak_v_rheo","-0.1647714178694692"
"QN22.26.016.14.08.02","Epsy_postap_slope_rheo","0.9036864773551222"
"QN22.26.016.14.08.02","Epsy_threshold_v_rheo","0.2645138428079538"
"QN22.26.016.14.08.02","Epsy_trough_t_rheo","-0.9556983633896636"
"QN22.26.016.14.08.02","Epsy_trough_v_rheo","0.8585454747081612"
"QN22.26.016.14.08.02","Epsy_upstroke_downstroke_ratio_rheo","-0.8603928391090356"
"QN22.26.016.14.08.02","Epsy_ahp_delay_5spike","-0.1258781698442414"
"QN22.26.016.14.08.02","Epsy_ahp_delay_ratio_5spike","0.0202757436006065"
"QN22.26.016.14.08.02","Epsy_postap_slope_hero","-1.1183245138949518"
"QN22.26.016.14.08.02","Epsy_trough_t_hero","2.053446080490365"
"QN22.26.016.14.08.02","Epsy_downstroke_adapt_ratio","-0.3956954623718262"
"QN22.26.016.14.08.02","Epsy_peak_v_adapt_ratio","0.684846484708736"
"QN22.26.016.14.08.02","Epsy_threshold_v_adapt_ratio","-0.4656494374413276"
"QN22.26.016.14.08.02","Epsy_upstroke_adapt_ratio","-0.0244011418754676"
"QN22.26.016.14.08.02","Epsy_width_adapt_ratio","0.3097842237913482"
"QN22.26.016.14.08.02","Epsy_threshold_v_short_square","0.4032663051863527"
"QN22.26.016.14.08.03","Epsy_width_rheo","1.2943032657053253"
"QN22.26.016.14.08.03","Epsy_fast_trough_v_rheo","-1.2938570552662658"
"QN22.26.016.14.08.03","Epsy_peak_deltav_rheo","-1.1577991524072997"
"QN22.26.016.14.08.03","Epsy_peak_v_rheo","-0.3357570052068418"
"QN22.26.016.14.08.03","Epsy_postap_slope_rheo","-0.3166905610176339"
"QN22.26.016.14.08.03","Epsy_threshold_v_rheo","1.0799172518765665"
"QN22.26.016.14.08.03","Epsy_trough_t_rheo","-3.2692057664672767"
"QN22.26.016.14.08.03","Epsy_trough_v_rheo","-0.3891030750417133"
"QN22.26.016.14.08.03","Epsy_upstroke_downstroke_ratio_rheo","-0.4006673477932528"
"QN22.26.016.14.08.03","Epsy_ahp_delay_5spike","-1.6758135995657288"
"QN22.26.016.14.08.03","Epsy_ahp_delay_ratio_5spike","-0.4206481483164566"
"QN22.26.016.14.08.03","Epsy_postap_slope_hero","-0.5672111782134264"
"QN22.26.016.14.08.03","Epsy_trough_t_hero","-2.817783255193593"
"QN22.26.016.14.08.03","Epsy_downstroke_adapt_ratio","-0.6971912005390739"
"QN22.26.016.14.08.03","Epsy_peak_v_adapt_ratio","-0.3103291702841355"
"QN22.26.016.14.08.03","Epsy_threshold_v_adapt_ratio","-0.6317011755069886"
"QN22.26.016.14.08.03","Epsy_upstroke_adapt_ratio","-0.9823309858915922"
"QN22.26.016.14.08.03","Epsy_width_adapt_ratio","0.6672886874766751"
"QN22.26.016.14.08.03","Epsy_threshold_v_short_square","0.2729516160482581"
"QN22.26.017.14.01A.01","Epsy_width_rheo","-0.8102255717289897"
"QN22.26.017.14.01A.01","Epsy_fast_trough_v_rheo","0.3553221074868585"
"QN22.26.017.14.01A.01","Epsy_peak_deltav_rheo","0.4806998308995657"
"QN22.26.017.14.01A.01","Epsy_peak_v_rheo","0.777592498855017"
"QN22.26.017.14.01A.01","Epsy_postap_slope_rheo","0.7354305366669075"
"QN22.26.017.14.01A.01","Epsy_threshold_v_rheo","0.6005510799884923"
"QN22.26.017.14.01A.01","Epsy_trough_t_rheo","-1.965852929659128"
"QN22.26.017.14.01A.01","Epsy_trough_v_rheo","0.8014499006959509"
"QN22.26.017.14.01A.01","Epsy_upstroke_downstroke_ratio_rheo","-0.2217693668683802"
"QN22.26.017.14.01A.01","Epsy_ahp_delay_5spike","-0.1983547384452077"
"QN22.26.017.14.01A.01","Epsy_ahp_delay_ratio_5spike","-0.0818637680255007"
"QN22.26.017.14.01A.01","Epsy_postap_slope_hero","0.6055215061573843"
"QN22.26.017.14.01A.01","Epsy_trough_t_hero","0.22301647490264"
"QN22.26.017.14.01A.01","Epsy_downstroke_adapt_ratio","1.4427625769956498"
"QN22.26.017.14.01A.01","Epsy_peak_v_adapt_ratio","0.2201094346920824"
"QN22.26.017.14.01A.01","Epsy_threshold_v_adapt_ratio","0.2068734614292961"
"QN22.26.017.14.01A.01","Epsy_upstroke_adapt_ratio","0.3555718875222777"
"QN22.26.017.14.01A.01","Epsy_width_adapt_ratio","-0.8013654450276956"
"QN22.26.017.14.01A.01","Epsy_threshold_v_short_square","0.7487390226190608"
"QN22.26.017.14.01A.03","Epsy_width_rheo","0.1993044110160222"
"QN22.26.017.14.01A.03","Epsy_fast_trough_v_rheo","0.0340448827455119"
"QN22.26.017.14.01A.03","Epsy_peak_deltav_rheo","-0.0053274650244912"
"QN22.26.017.14.01A.03","Epsy_peak_v_rheo","-0.2399876319811149"
"QN22.26.017.14.01A.03","Epsy_postap_slope_rheo","-0.0393790052275566"
"QN22.26.017.14.01A.03","Epsy_threshold_v_rheo","-0.123057634410783"
"QN22.26.017.14.01A.03","Epsy_trough_t_rheo","0.0555581806301059"
"QN22.26.017.14.01A.03","Epsy_trough_v_rheo","-0.3830664256366831"
"QN22.26.017.14.01A.03","Epsy_upstroke_downstroke_ratio_rheo","-0.2873711923116887"
"QN22.26.017.14.01A.03","Epsy_ahp_delay_5spike","0.606053380304772"
"QN22.26.017.14.01A.03","Epsy_ahp_delay_ratio_5spike","0.6154826773902459"
"QN22.26.017.14.01A.03","Epsy_postap_slope_hero","0.2320798514181681"
"QN22.26.017.14.01A.03","Epsy_trough_t_hero","-0.0116447606039755"
"QN22.26.017.14.01A.03","Epsy_downstroke_adapt_ratio","1.2926193825845658"
"QN22.26.017.14.01A.03","Epsy_peak_v_adapt_ratio","1.2653695542840482"
"QN22.26.017.14.01A.03","Epsy_threshold_v_adapt_ratio","0.2002950668794014"
"QN22.26.017.14.01A.03","Epsy_upstroke_adapt_ratio","0.4880062622737913"
"QN22.26.017.14.01A.03","Epsy_width_adapt_ratio","-0.6951146255324266"
"QN22.26.017.14.01A.03","Epsy_threshold_v_short_square","-0.0671809358537693"
"QN22.26.017.14.03A.01","Epsy_width_rheo","-1.1181538882027684"
"QN22.26.017.14.03A.01","Epsy_fast_trough_v_rheo","-0.5890139720611702"
"QN22.26.017.14.03A.01","Epsy_peak_deltav_rheo","0.2687698800558805"
"QN22.26.017.14.03A.01","Epsy_peak_v_rheo","0.1833837690435555"
"QN22.26.017.14.03A.01","Epsy_postap_slope_rheo","1.1815602616520928"
"QN22.26.017.14.03A.01","Epsy_threshold_v_rheo","0.0086960463122306"
"QN22.26.017.14.03A.01","Epsy_trough_t_rheo","-1.0431833845287637"
"QN22.26.017.14.03A.01","Epsy_trough_v_rheo","0.035829252000508"
"QN22.26.017.14.03A.01","Epsy_upstroke_downstroke_ratio_rheo","-0.7972021129846283"
"QN22.26.017.14.03A.01","Epsy_ahp_delay_5spike","-0.2757073590407286"
"QN22.26.017.14.03A.01","Epsy_ahp_delay_ratio_5spike","-0.2486293856755077"
"QN22.26.017.14.03A.01","Epsy_postap_slope_hero","1.054302480541246"
"QN22.26.017.14.03A.01","Epsy_trough_t_hero","-0.444906646703071"
"QN22.26.017.14.03A.01","Epsy_downstroke_adapt_ratio","-0.1825543159176437"
"QN22.26.017.14.03A.01","Epsy_peak_v_adapt_ratio","0.1089251989677835"
"QN22.26.017.14.03A.01","Epsy_threshold_v_adapt_ratio","0.0093643272639223"
"QN22.26.017.14.03A.01","Epsy_upstroke_adapt_ratio","0.2466654907481714"
"QN22.26.017.14.03A.01","Epsy_width_adapt_ratio","-0.3245704083957327"
"QN22.26.017.14.03A.01","Epsy_threshold_v_short_square","-0.2382831993402433"
"QN22.26.017.14.05A.01","Epsy_width_rheo","-1.4780524522143186"
"QN22.26.017.14.05A.01","Epsy_fast_trough_v_rheo","-1.7863711548076515"
"QN22.26.017.14.05A.01","Epsy_peak_deltav_rheo","0.727198496021542"
"QN22.26.017.14.05A.01","Epsy_peak_v_rheo","0.1584393555394753"
"QN22.26.017.14.05A.01","Epsy_postap_slope_rheo","0.4797176920030463"
"QN22.26.017.14.05A.01","Epsy_threshold_v_rheo","-1.3937248231747206"
"QN22.26.017.14.05A.01","Epsy_trough_t_rheo","-2.062036882569416"
"QN22.26.017.14.05A.01","Epsy_trough_v_rheo","-1.0533133191341597"
"QN22.26.017.14.05A.01","Epsy_upstroke_downstroke_ratio_rheo","-0.0391108566178265"
"QN22.26.017.14.05A.01","Epsy_ahp_delay_5spike","-0.1664222074827183"
"QN22.26.017.14.05A.01","Epsy_ahp_delay_ratio_5spike","-0.0556424433052494"
"QN22.26.017.14.05A.01","Epsy_postap_slope_hero","-0.080083449756666"
"QN22.26.017.14.05A.01","Epsy_trough_t_hero","-1.2730576973055636"
"QN22.26.017.14.05A.01","Epsy_downstroke_adapt_ratio","0.0923374274178285"
"QN22.26.017.14.05A.01","Epsy_peak_v_adapt_ratio","-0.3730984584278803"
"QN22.26.017.14.05A.01","Epsy_threshold_v_adapt_ratio","-0.1387843934654206"
"QN22.26.017.14.05A.01","Epsy_upstroke_adapt_ratio","-0.1216353521684503"
"QN22.26.017.14.05A.01","Epsy_width_adapt_ratio","0.1988371419349286"
"QN22.26.017.14.05A.01","Epsy_threshold_v_short_square","-1.5677763933175963"
"QN22.26.017.14.06A.01","Epsy_width_rheo","-0.6714470032952203"
"QN22.26.017.14.06A.01","Epsy_fast_trough_v_rheo","0.3420811906278559"
"QN22.26.017.14.06A.01","Epsy_peak_deltav_rheo","-0.0239637250125843"
"QN22.26.017.14.06A.01","Epsy_peak_v_rheo","0.1458738698830795"
"QN22.26.017.14.06A.01","Epsy_postap_slope_rheo","1.120993589788143"
"QN22.26.017.14.06A.01","Epsy_threshold_v_rheo","0.4589891217341361"
"QN22.26.017.14.06A.01","Epsy_trough_t_rheo","-1.662553341097635"
"QN22.26.017.14.06A.01","Epsy_trough_v_rheo","0.7980414354754467"
"QN22.26.017.14.06A.01","Epsy_upstroke_downstroke_ratio_rheo","-1.3004900084616255"
"QN22.26.017.14.06A.01","Epsy_ahp_delay_5spike","-0.5034359888234987"
"QN22.26.017.14.06A.01","Epsy_ahp_delay_ratio_5spike","-0.201135824845405"
"QN22.26.017.14.06A.01","Epsy_postap_slope_hero","0.674490244996861"
"QN22.26.017.14.06A.01","Epsy_trough_t_hero","-1.488419021553426"
"QN22.26.017.14.06A.01","Epsy_downstroke_adapt_ratio","-0.781263716875517"
"QN22.26.017.14.06A.01","Epsy_peak_v_adapt_ratio","-0.6491972776082097"
"QN22.26.017.14.06A.01","Epsy_threshold_v_adapt_ratio","-0.5866587816262201"
"QN22.26.017.14.06A.01","Epsy_upstroke_adapt_ratio","-0.6098077157389935"
"QN22.26.017.14.06A.01","Epsy_width_adapt_ratio","0.6305977362608708"
"QN22.26.017.14.06A.01","Epsy_threshold_v_short_square","-0.0613277715701438"
"QN22.26.017.14.06B.02","Epsy_width_rheo","-1.2905347662741748"
"QN22.26.017.14.06B.02","Epsy_fast_trough_v_rheo","0.8576308140017802"
"QN22.26.017.14.06B.02","Epsy_peak_deltav_rheo","0.0943916804768006"
"QN22.26.017.14.06B.02","Epsy_peak_v_rheo","0.6009883475177767"
"QN22.26.017.14.06B.02","Epsy_postap_slope_rheo","1.2773531340335438"
"QN22.26.017.14.06B.02","Epsy_threshold_v_rheo","0.9203809535238948"
"QN22.26.017.14.06B.02","Epsy_trough_t_rheo","-0.5457984742728091"
"QN22.26.017.14.06B.02","Epsy_trough_v_rheo","0.926972653900047"
"QN22.26.017.14.06B.02","Epsy_upstroke_downstroke_ratio_rheo","-0.3354576695598106"
"QN22.26.017.14.06B.02","Epsy_ahp_delay_5spike","0.1546146897098387"
"QN22.26.017.14.06B.02","Epsy_ahp_delay_ratio_5spike","-0.3468159576127196"
"QN22.26.017.14.06B.02","Epsy_postap_slope_hero","0.4440362319640198"
"QN22.26.017.14.06B.02","Epsy_trough_t_hero","0.3602831238384123"
"QN22.26.017.14.06B.02","Epsy_downstroke_adapt_ratio","0.6012535931521741"
"QN22.26.017.14.06B.02","Epsy_peak_v_adapt_ratio","0.5540788062529222"
"QN22.26.017.14.06B.02","Epsy_threshold_v_adapt_ratio","-0.5668140766656562"
"QN22.26.017.14.06B.02","Epsy_upstroke_adapt_ratio","0.0030249385657036"
"QN22.26.017.14.06B.02","Epsy_width_adapt_ratio","-0.3245704083957327"
"QN22.26.017.14.06B.02","Epsy_threshold_v_short_square","0.7878862870611042"
"QN22.26.019.14.52A.02","Epsy_width_rheo","0.5299338132649696"
"QN22.26.019.14.52A.02","Epsy_fast_trough_v_rheo","1.449934097201131"
"QN22.26.019.14.52A.02","Epsy_peak_deltav_rheo","-0.8902655018066099"
"QN22.26.019.14.52A.02","Epsy_peak_v_rheo","0.5756276017929556"
"QN22.26.019.14.52A.02","Epsy_postap_slope_rheo","-0.4998270329073636"
"QN22.26.019.14.52A.02","Epsy_threshold_v_rheo","1.7607688007709614"
"QN22.26.019.14.52A.02","Epsy_trough_t_rheo","0.4088516414373826"
"QN22.26.019.14.52A.02","Epsy_trough_v_rheo","1.385232683776228"
"QN22.26.019.14.52A.02","Epsy_upstroke_downstroke_ratio_rheo","-0.2865796229267855"
"QN22.26.019.14.52A.02","Epsy_ahp_delay_5spike","0.135563674181488"
"QN22.26.019.14.52A.02","Epsy_ahp_delay_ratio_5spike","0.3199335120083953"
"QN22.26.019.14.52A.02","Epsy_postap_slope_hero","-1.3772954849857355"
"QN22.26.019.14.52A.02","Epsy_trough_t_hero","0.5192660506536366"
"QN22.26.019.14.52A.02","Epsy_downstroke_adapt_ratio","0.8299951729339654"
"QN22.26.019.14.52A.02","Epsy_peak_v_adapt_ratio","-0.2640449887046583"
"QN22.26.019.14.52A.02","Epsy_threshold_v_adapt_ratio","0.0154911030761722"
"QN22.26.019.14.52A.02","Epsy_upstroke_adapt_ratio","0.5900486654013275"
"QN22.26.019.14.52A.02","Epsy_width_adapt_ratio","-1.2379824402925572"
"QN22.26.019.14.52A.02","Epsy_threshold_v_short_square","1.5899319118106705"
"QN22.26.020.14.01.04","Epsy_width_rheo","0.3710077303086298"
"QN22.26.020.14.01.04","Epsy_fast_trough_v_rheo","0.6477562419207328"
"QN22.26.020.14.01.04","Epsy_peak_deltav_rheo","-0.0099717536097549"
"QN22.26.020.14.01.04","Epsy_peak_v_rheo","0.061330924041341"
"QN22.26.020.14.01.04","Epsy_postap_slope_rheo","-2.160219581109773"
"QN22.26.020.14.01.04","Epsy_threshold_v_rheo","0.3200507222000396"
"QN22.26.020.14.01.04","Epsy_trough_t_rheo","0.5049728307463203"
"QN22.26.020.14.01.04","Epsy_trough_v_rheo","0.2105207848012758"
"QN22.26.020.14.01.04","Epsy_upstroke_downstroke_ratio_rheo","-0.4828036291711728"
"QN22.26.020.14.01.04","Epsy_ahp_delay_5spike","0.5076447685269463"
"QN22.26.020.14.01.04","Epsy_ahp_delay_ratio_5spike","0.4928835399472534"
"QN22.26.020.14.01.04","Epsy_postap_slope_hero","-1.184025655444389"
"QN22.26.020.14.01.04","Epsy_trough_t_hero","1.1416819492462873"
"QN22.26.020.14.01.04","Epsy_downstroke_adapt_ratio","-1.0602598815567457"
"QN22.26.020.14.01.04","Epsy_peak_v_adapt_ratio","-2.1978059409267927"
"QN22.26.020.14.01.04","Epsy_threshold_v_adapt_ratio","0.1997807049099002"
"QN22.26.020.14.01.04","Epsy_upstroke_adapt_ratio","-1.2613755054449496"
"QN22.26.020.14.01.04","Epsy_width_adapt_ratio","0.7114621364031508"
"QN22.26.020.14.01.04","Epsy_threshold_v_short_square","0.2756064116246826"
"QN22.26.020.14.02.01","Epsy_width_rheo","-0.0872675070873632"
"QN22.26.020.14.02.01","Epsy_fast_trough_v_rheo","0.1479609277284575"
"QN22.26.020.14.02.01","Epsy_peak_deltav_rheo","-0.4635660086229338"
"QN22.26.020.14.02.01","Epsy_peak_v_rheo","0.1256377530923756"
"QN22.26.020.14.02.01","Epsy_postap_slope_rheo","-0.0572840174595607"
"QN22.26.020.14.02.01","Epsy_threshold_v_rheo","0.9661876049520356"
"QN22.26.020.14.02.01","Epsy_trough_t_rheo","-1.0254800061464997"
"QN22.26.020.14.02.01","Epsy_trough_v_rheo","0.6422562798106554"
"QN22.26.020.14.02.01","Epsy_upstroke_downstroke_ratio_rheo","-0.7665133844137082"
"QN22.26.020.14.02.01","Epsy_ahp_delay_5spike","-1.725272581044936"
"QN22.26.020.14.02.01","Epsy_ahp_delay_ratio_5spike","-1.0681737866290857"
"QN22.26.020.14.02.01","Epsy_postap_slope_hero","0.520892937660996"
"QN22.26.020.14.02.01","Epsy_trough_t_hero","-0.3417670351600397"
"QN22.26.020.14.02.01","Epsy_downstroke_adapt_ratio","-0.2707680150989235"
"QN22.26.020.14.02.01","Epsy_peak_v_adapt_ratio","-1.6341951991585912"
"QN22.26.020.14.02.01","Epsy_threshold_v_adapt_ratio","-1.0160207369277927"
"QN22.26.020.14.02.01","Epsy_upstroke_adapt_ratio","-1.8978553962125475"
"QN22.26.020.14.02.01","Epsy_width_adapt_ratio","0.5926369774491995"
"QN22.26.020.14.02.01","Epsy_threshold_v_short_square","0.5827261275879353"
"QN22.26.020.14.02.05","Epsy_width_rheo","-1.1181538882019408"
"QN22.26.020.14.02.05","Epsy_fast_trough_v_rheo","0.4710848899606601"
"QN22.26.020.14.02.05","Epsy_peak_deltav_rheo","0.4621008820335267"
"QN22.26.020.14.02.05","Epsy_peak_v_rheo","1.0167924354610318"
"QN22.26.020.14.02.05","Epsy_postap_slope_rheo","0.28400786663988"
"QN22.26.020.14.02.05","Epsy_threshold_v_rheo","1.0167479725144049"
"QN22.26.020.14.02.05","Epsy_trough_t_rheo","-2.1968082715508883"
"QN22.26.020.14.02.05","Epsy_trough_v_rheo","0.897922523341288"
"QN22.26.020.14.02.05","Epsy_upstroke_downstroke_ratio_rheo","-0.3690225729416846"
"QN22.26.020.14.02.05","Epsy_ahp_delay_5spike","-2.361257327672739"
"QN22.26.020.14.02.05","Epsy_ahp_delay_ratio_5spike","-1.978475793864372"
"QN22.26.020.14.02.05","Epsy_postap_slope_hero","1.0605327364080506"
"QN22.26.020.14.02.05","Epsy_trough_t_hero","-1.2565122853856865"
"QN22.26.020.14.02.05","Epsy_downstroke_adapt_ratio","1.2097813032497369"
"QN22.26.020.14.02.05","Epsy_peak_v_adapt_ratio","-0.1877315529651829"
"QN22.26.020.14.02.05","Epsy_threshold_v_adapt_ratio","-0.0885036463808968"
"QN22.26.020.14.02.05","Epsy_upstroke_adapt_ratio","0.104296039250284"
"QN22.26.020.14.02.05","Epsy_width_adapt_ratio","-0.770893164442757"
"QN22.26.020.14.02.05","Epsy_threshold_v_short_square","0.720837090746748"
"QN22.26.020.14.07A.03","Epsy_width_rheo","-0.8102255717282714"
"QN22.26.020.14.07A.03","Epsy_fast_trough_v_rheo","-0.7418843862160119"
"QN22.26.020.14.07A.03","Epsy_peak_deltav_rheo","0.1705509029507993"
"QN22.26.020.14.07A.03","Epsy_peak_v_rheo","-0.2399876319811149"
"QN22.26.020.14.07A.03","Epsy_postap_slope_rheo","0.4783174689925341"
"QN22.26.020.14.07A.03","Epsy_threshold_v_rheo","-0.4935414404767485"
"QN22.26.020.14.07A.03","Epsy_trough_t_rheo","0.6998037793167797"
"QN22.26.020.14.07A.03","Epsy_trough_v_rheo","-0.0445226625719101"
"QN22.26.020.14.07A.03","Epsy_upstroke_downstroke_ratio_rheo","-0.5426622994917449"
"QN22.26.020.14.07A.03","Epsy_ahp_delay_5spike","-2.249707371608616"
"QN22.26.020.14.07A.03","Epsy_ahp_delay_ratio_5spike","-2.1271447140582667"
"QN22.26.020.14.07A.03","Epsy_postap_slope_hero","0.5046073898891181"
"QN22.26.020.14.07A.03","Epsy_trough_t_hero","0.2045500574446289"
"QN22.26.020.14.07A.03","Epsy_downstroke_adapt_ratio","0.7129902807698868"
"QN22.26.020.14.07A.03","Epsy_peak_v_adapt_ratio","0.4351315205959974"
"QN22.26.020.14.07A.03","Epsy_threshold_v_adapt_ratio","0.4725041456036822"
"QN22.26.020.14.07A.03","Epsy_upstroke_adapt_ratio","0.5580601179627827"
"QN22.26.020.14.07A.03","Epsy_width_adapt_ratio","-0.7916596842455321"
"QN22.26.020.14.07A.03","Epsy_threshold_v_short_square","0.3151867495803805"
"QN22.26.023.14.03A.02","Epsy_width_rheo","-1.2905347662741748"
"QN22.26.023.14.03A.02","Epsy_fast_trough_v_rheo","0.0892523972302241"
"QN22.26.023.14.03A.02","Epsy_peak_deltav_rheo","0.3132530200229744"
"QN22.26.023.14.03A.02","Epsy_peak_v_rheo","0.5798719541165166"
"QN22.26.023.14.03A.02","Epsy_postap_slope_rheo","0.6330876687580799"
"QN22.26.023.14.03A.02","Epsy_threshold_v_rheo","0.5675569475600873"
"QN22.26.023.14.03A.02","Epsy_trough_t_rheo","-1.3273884507066966"
"QN22.26.023.14.03A.02","Epsy_trough_v_rheo","0.1739762582812413"
"QN22.26.023.14.03A.02","Epsy_upstroke_downstroke_ratio_rheo","-0.1314575673988087"
"QN22.26.023.14.03A.02","Epsy_ahp_delay_5spike","-0.1905653265957728"
"QN22.26.023.14.03A.02","Epsy_ahp_delay_ratio_5spike","-1.0298788289258771"
"QN22.26.023.14.03A.02","Epsy_postap_slope_hero","1.1466882606773587"
"QN22.26.023.14.03A.02","Epsy_trough_t_hero","-0.3069706665289357"
"QN22.26.023.14.03A.02","Epsy_downstroke_adapt_ratio","0.3423465759473874"
"QN22.26.023.14.03A.02","Epsy_peak_v_adapt_ratio","-0.3150598199046379"
"QN22.26.023.14.03A.02","Epsy_threshold_v_adapt_ratio","-0.7188518239993379"
"QN22.26.023.14.03A.02","Epsy_upstroke_adapt_ratio","-0.5613606892647448"
"QN22.26.023.14.03A.02","Epsy_width_adapt_ratio","-0.3245704083944055"
"QN22.26.023.14.03A.02","Epsy_threshold_v_short_square","-0.0877453981151937"
"QN22.26.023.14.53A.01","Epsy_width_rheo","0.1079851929998473"
"QN22.26.023.14.53A.01","Epsy_fast_trough_v_rheo","0.815055726217104"
"QN22.26.023.14.53A.01","Epsy_peak_deltav_rheo","-0.5364830988647853"
"QN22.26.023.14.53A.01","Epsy_peak_v_rheo","0.1833837690435555"
"QN22.26.023.14.53A.01","Epsy_postap_slope_rheo","-0.2419812051900887"
"QN22.26.023.14.53A.01","Epsy_threshold_v_rheo","1.098833777930381"
"QN22.26.023.14.53A.01","Epsy_trough_t_rheo","0.1955959856530067"
"QN22.26.023.14.53A.01","Epsy_trough_v_rheo","0.5597437407161542"
"QN22.26.023.14.53A.01","Epsy_upstroke_downstroke_ratio_rheo","-1.4102902044105123"
"QN22.26.023.14.53A.01","Epsy_ahp_delay_5spike","0.7512763544237891"
"QN22.26.023.14.53A.01","Epsy_ahp_delay_ratio_5spike","0.6323951634899501"
"QN22.26.023.14.53A.01","Epsy_postap_slope_hero","-4.0464374653396336"
"QN22.26.023.14.53A.01","Epsy_trough_t_hero","0.8484887925175689"
"QN22.26.023.14.53A.01","Epsy_downstroke_adapt_ratio","0.6391277494449888"
"QN22.26.023.14.53A.01","Epsy_peak_v_adapt_ratio","-0.8017118127005486"
"QN22.26.023.14.53A.01","Epsy_threshold_v_adapt_ratio","0.2587709200253946"
"QN22.26.023.14.53A.01","Epsy_upstroke_adapt_ratio","-0.1125192725562095"
"QN22.26.023.14.53A.01","Epsy_width_adapt_ratio","-1.04672696727503"
"QN22.26.023.14.53A.01","Epsy_threshold_v_short_square","0.74642214430905"
"QN22.26.025.14.03A.03","Epsy_width_rheo","0.012588303702897"
"QN22.26.025.14.03A.03","Epsy_fast_trough_v_rheo","1.220156727767387"
"QN22.26.025.14.03A.03","Epsy_peak_deltav_rheo","-0.2248781458302222"
"QN22.26.025.14.03A.03","Epsy_peak_v_rheo","0.7320950916777436"
"QN22.26.025.14.03A.03","Epsy_postap_slope_rheo","1.4402088023160484"
"QN22.26.025.14.03A.03","Epsy_threshold_v_rheo","1.4361043975909702"
"QN22.26.025.14.03A.03","Epsy_trough_t_rheo","-1.1199708498911858"
"QN22.26.025.14.03A.03","Epsy_trough_v_rheo","1.5171433363766085"
"QN22.26.025.14.03A.03","Epsy_upstroke_downstroke_ratio_rheo","-0.386226248936268"
"QN22.26.025.14.03A.03","Epsy_ahp_delay_5spike","-0.3767508178288904"
"QN22.26.025.14.03A.03","Epsy_ahp_delay_ratio_5spike","-0.1134635850386603"
"QN22.26.025.14.03A.03","Epsy_postap_slope_hero","-0.0705961440653706"
"QN22.26.025.14.03A.03","Epsy_trough_t_hero","-0.1851492661559584"
"QN22.26.025.14.03A.03","Epsy_downstroke_adapt_ratio","1.1245882712633253"
"QN22.26.025.14.03A.03","Epsy_peak_v_adapt_ratio","0.4117147776479131"
"QN22.26.025.14.03A.03","Epsy_threshold_v_adapt_ratio","0.6713554947966446"
"QN22.26.025.14.03A.03","Epsy_upstroke_adapt_ratio","0.6769347342719622"
"QN22.26.025.14.03A.03","Epsy_width_adapt_ratio","-0.8590465730673464"
"QN22.26.025.14.03A.03","Epsy_threshold_v_short_square","1.3801382691697464"
"QN22.26.025.14.06A.05","Epsy_width_rheo","0.605173286275551"
"QN22.26.025.14.06A.05","Epsy_fast_trough_v_rheo","0.0842889894166429"
"QN22.26.025.14.06A.05","Epsy_peak_deltav_rheo","0.6634876145388421"
"QN22.26.025.14.06A.05","Epsy_peak_v_rheo","0.7160752251758497"
"QN22.26.025.14.06A.05","Epsy_postap_slope_rheo","-0.8812852300435177"
"QN22.26.025.14.06A.05","Epsy_threshold_v_rheo","0.1181140948816595"
"QN22.26.025.14.06A.05","Epsy_trough_t_rheo","0.2373088993356226"
"QN22.26.025.14.06A.05","Epsy_trough_v_rheo","-0.1016272518399578"
"QN22.26.025.14.06A.05","Epsy_upstroke_downstroke_ratio_rheo","-0.4629053622476769"
"QN22.26.025.14.06A.05","Epsy_ahp_delay_5spike","0.4301511169202391"
"QN22.26.025.14.06A.05","Epsy_ahp_delay_ratio_5spike","0.2534360678568937"
"QN22.26.025.14.06A.05","Epsy_postap_slope_hero","-0.7133971652961326"
"QN22.26.025.14.06A.05","Epsy_trough_t_hero","0.567274669166094"
"QN22.26.025.14.06A.05","Epsy_downstroke_adapt_ratio","-0.5606324644309513"
"QN22.26.025.14.06A.05","Epsy_peak_v_adapt_ratio","0.0860556936007527"
"QN22.26.025.14.06A.05","Epsy_threshold_v_adapt_ratio","0.3404485709188757"
"QN22.26.025.14.06A.05","Epsy_upstroke_adapt_ratio","-0.0120919758020976"
"QN22.26.025.14.06A.05","Epsy_width_adapt_ratio","0.3849951278690323"
"QN22.26.025.14.06A.05","Epsy_threshold_v_short_square","-0.0293105023595673"
"QN22.26.027.14.03.02","Epsy_width_rheo","0.1079851929993814"
"QN22.26.027.14.03.02","Epsy_fast_trough_v_rheo","0.6516129923342697"
"QN22.26.027.14.03.02","Epsy_peak_deltav_rheo","-0.3033196527156346"
"QN22.26.027.14.03.02","Epsy_peak_v_rheo","-0.1084033993652958"
"QN22.26.027.14.03.02","Epsy_postap_slope_rheo","0.5849160782970934"
"QN22.26.027.14.03.02","Epsy_threshold_v_rheo","0.5138548024024651"
"QN22.26.027.14.03.02","Epsy_trough_t_rheo","0.0232116489768023"
"QN22.26.027.14.03.02","Epsy_trough_v_rheo","0.7980414354754467"
"QN22.26.027.14.03.02","Epsy_upstroke_downstroke_ratio_rheo","-0.8835547989825029"
"QN22.26.027.14.03.02","Epsy_ahp_delay_5spike","0.5630961868279526"
"QN22.26.027.14.03.02","Epsy_ahp_delay_ratio_5spike","0.7988663819051173"
"QN22.26.027.14.03.02","Epsy_postap_slope_hero","-0.4662316763051327"
"QN22.26.027.14.03.02","Epsy_trough_t_hero","0.1049607558338396"
"QN22.26.027.14.03.02","Epsy_downstroke_adapt_ratio","0.9111221981701614"
"QN22.26.027.14.03.02","Epsy_peak_v_adapt_ratio","0.6917201351287464"
"QN22.26.027.14.03.02","Epsy_threshold_v_adapt_ratio","0.2418981253047216"
"QN22.26.027.14.03.02","Epsy_upstroke_adapt_ratio","0.3413886813352401"
"QN22.26.027.14.03.02","Epsy_width_adapt_ratio","-0.6851487599529169"
"QN22.26.027.14.03.02","Epsy_threshold_v_short_square","0.6690945498232546"
"QN22.26.027.14.05.02","Epsy_width_rheo","-0.0872675070868507"
"QN22.26.027.14.05.02","Epsy_fast_trough_v_rheo","-0.2878784021623865"
"QN22.26.027.14.05.02","Epsy_peak_deltav_rheo","0.3879930106895677"
"QN22.26.027.14.05.02","Epsy_peak_v_rheo","0.5306215286223713"
"QN22.26.027.14.05.02","Epsy_postap_slope_rheo","-0.0847961285629505"
"QN22.26.027.14.05.02","Epsy_threshold_v_rheo","0.3564094742259732"
"QN22.26.027.14.05.02","Epsy_trough_t_rheo","-1.7355119330546926"
"QN22.26.027.14.05.02","Epsy_trough_v_rheo","0.3590250520219769"
"QN22.26.027.14.05.02","Epsy_upstroke_downstroke_ratio_rheo","-0.0083018589255678"
"QN22.26.027.14.05.02","Epsy_ahp_delay_5spike","-0.0217112744997745"
"QN22.26.027.14.05.02","Epsy_ahp_delay_ratio_5spike","-0.997213658483958"
"QN22.26.027.14.05.02","Epsy_postap_slope_hero","0.9844892573156931"
"QN22.26.027.14.05.02","Epsy_trough_t_hero","-0.5793323477944595"
"QN22.26.027.14.05.02","Epsy_downstroke_adapt_ratio","0.4948275083817035"
"QN22.26.027.14.05.02","Epsy_peak_v_adapt_ratio","-0.665061030531122"
"QN22.26.027.14.05.02","Epsy_threshold_v_adapt_ratio","-0.2385339611888046"
"QN22.26.027.14.05.02","Epsy_upstroke_adapt_ratio","-0.4584041051310039"
"QN22.26.027.14.05.02","Epsy_width_adapt_ratio","0.1027540283673428"
"QN22.26.027.14.05.02","Epsy_threshold_v_short_square","0.0480479691404824"
"QN22.26.027.14.05.03","Epsy_width_rheo","-0.0872675070868507"
"QN22.26.027.14.05.03","Epsy_fast_trough_v_rheo","-0.0225612223952917"
"QN22.26.027.14.05.03","Epsy_peak_deltav_rheo","-0.4097506350510378"
"QN22.26.027.14.05.03","Epsy_peak_v_rheo","-0.3726303494055656"
"QN22.26.027.14.05.03","Epsy_postap_slope_rheo","-0.0960179336525246"
"QN22.26.027.14.05.03","Epsy_threshold_v_rheo","0.3346569474369937"
"QN22.26.027.14.05.03","Epsy_trough_t_rheo","0.0071182809521312"
"QN22.26.027.14.05.03","Epsy_trough_v_rheo","0.5520771728795428"
"QN22.26.027.14.05.03","Epsy_upstroke_downstroke_ratio_rheo","-1.247951926124744"
"QN22.26.027.14.05.03","Epsy_ahp_delay_5spike","0.2393164847568836"
"QN22.26.027.14.05.03","Epsy_ahp_delay_ratio_5spike","-0.4395489742628614"
"QN22.26.027.14.05.03","Epsy_postap_slope_hero","1.1366769473929632"
"QN22.26.027.14.05.03","Epsy_trough_t_hero","0.479431299199029"
"QN22.26.027.14.05.03","Epsy_downstroke_adapt_ratio","-0.248646306626762"
"QN22.26.027.14.05.03","Epsy_peak_v_adapt_ratio","0.5835381005515877"
"QN22.26.027.14.05.03","Epsy_threshold_v_adapt_ratio","0.1124981232677373"
"QN22.26.027.14.05.03","Epsy_upstroke_adapt_ratio","0.1732303937560146"
"QN22.26.027.14.05.03","Epsy_width_adapt_ratio","-0.8590465730683383"
"QN22.26.027.14.05.03","Epsy_threshold_v_short_square","0.1841851767117405"
"QN22.26.028.14.02.01","Epsy_width_rheo","0.9461171557606436"
"QN22.26.028.14.02.01","Epsy_fast_trough_v_rheo","0.3684844588969331"
"QN22.26.028.14.02.01","Epsy_peak_deltav_rheo","-0.1591266621704983"
"QN22.26.028.14.02.01","Epsy_peak_v_rheo","-0.4226509616066504"
"QN22.26.028.14.02.01","Epsy_postap_slope_rheo","-1.0652239749046957"
"QN22.26.028.14.02.01","Epsy_threshold_v_rheo","-0.1056669203979963"
"QN22.26.028.14.02.01","Epsy_trough_t_rheo","-0.7942045577446509"
"QN22.26.028.14.02.01","Epsy_trough_v_rheo","0.4172119164179"
"QN22.26.028.14.02.01","Epsy_upstroke_downstroke_ratio_rheo","-0.6641514051076356"
"QN22.26.028.14.02.01","Epsy_ahp_delay_5spike","0.0325294595808142"
"QN22.26.028.14.02.01","Epsy_ahp_delay_ratio_5spike","0.21438578894144"
"QN22.26.028.14.02.01","Epsy_postap_slope_hero","0.4568392571264085"
"QN22.26.028.14.02.01","Epsy_trough_t_hero","-1.0280715339601882"
"QN22.26.028.14.02.01","Epsy_downstroke_adapt_ratio","-0.8859327470214873"
"QN22.26.028.14.02.01","Epsy_peak_v_adapt_ratio","0.489971410656223"
"QN22.26.028.14.02.01","Epsy_threshold_v_adapt_ratio","-0.603944810482512"
"QN22.26.028.14.02.01","Epsy_upstroke_adapt_ratio","-0.7900771194886445"
"QN22.26.028.14.02.01","Epsy_width_adapt_ratio","1.2667564487245366"
"QN22.26.028.14.02.01","Epsy_threshold_v_short_square","0.1787317789055507"
"QN22.26.028.14.02.04","Epsy_width_rheo","-0.3021729819899881"
"QN22.26.028.14.02.04","Epsy_fast_trough_v_rheo","0.8994099388247977"
"QN22.26.028.14.02.04","Epsy_peak_deltav_rheo","0.4621011100550261"
"QN22.26.028.14.02.04","Epsy_peak_v_rheo","0.6999530359359414"
"QN22.26.028.14.02.04","Epsy_postap_slope_rheo","1.190290936964031"
"QN22.26.028.14.02.04","Epsy_threshold_v_rheo","0.5036576563197075"
"QN22.26.028.14.02.04","Epsy_trough_t_rheo","0.857242554113748"
"QN22.26.028.14.02.04","Epsy_trough_v_rheo","0.5093963196593776"
"QN22.26.028.14.02.04","Epsy_upstroke_downstroke_ratio_rheo","-0.5015328219648195"
"QN22.26.028.14.02.04","Epsy_ahp_delay_5spike","0.7783390129157464"
"QN22.26.028.14.02.04","Epsy_ahp_delay_ratio_5spike","0.3497167661465239"
"QN22.26.028.14.02.04","Epsy_postap_slope_hero","0.2934230501427265"
"QN22.26.028.14.02.04","Epsy_trough_t_hero","0.9507209066491076"
"QN22.26.028.14.02.04","Epsy_downstroke_adapt_ratio","0.399326606660858"
"QN22.26.028.14.02.04","Epsy_peak_v_adapt_ratio","-0.1885614188460484"
"QN22.26.028.14.02.04","Epsy_threshold_v_adapt_ratio","0.6016898563281137"
"QN22.26.028.14.02.04","Epsy_upstroke_adapt_ratio","0.1483524340055242"
"QN22.26.028.14.02.04","Epsy_width_adapt_ratio","-0.4178852877287484"
"QN22.26.028.14.02.04","Epsy_threshold_v_short_square","0.0986795953599945"
"QN22.26.028.14.06.02","Epsy_width_rheo","0.7481422308356341"
"QN22.26.028.14.06.02","Epsy_fast_trough_v_rheo","0.1671932362144897"
"QN22.26.028.14.06.02","Epsy_peak_deltav_rheo","-0.0006934284394138"
"QN22.26.028.14.06.02","Epsy_peak_v_rheo","-0.1676228491905742"
"QN22.26.028.14.06.02","Epsy_postap_slope_rheo","-0.9353383139726829"
"QN22.26.028.14.06.02","Epsy_threshold_v_rheo","-0.02465434509592"
"QN22.26.028.14.06.02","Epsy_trough_t_rheo","0.9301199426031492"
"QN22.26.028.14.06.02","Epsy_trough_v_rheo","0.2773514178767829"
"QN22.26.028.14.06.02","Epsy_upstroke_downstroke_ratio_rheo","0.4491476691908107"
"QN22.26.028.14.06.02","Epsy_ahp_delay_5spike","0.724562949825413"
"QN22.26.028.14.06.02","Epsy_ahp_delay_ratio_5spike","0.3804920878072539"
"QN22.26.028.14.06.02","Epsy_postap_slope_hero","-0.8253681214213907"
"QN22.26.028.14.06.02","Epsy_trough_t_hero","0.7914925032345295"
"QN22.26.028.14.06.02","Epsy_downstroke_adapt_ratio","-0.1146378112866026"
"QN22.26.028.14.06.02","Epsy_peak_v_adapt_ratio","-0.3929683769573629"
"QN22.26.028.14.06.02","Epsy_threshold_v_adapt_ratio","0.2231105197581372"
"QN22.26.028.14.06.02","Epsy_upstroke_adapt_ratio","0.0513123652051506"
"QN22.26.028.14.06.02","Epsy_width_adapt_ratio","-0.1300207723708334"
"QN22.26.028.14.06.02","Epsy_threshold_v_short_square","0.1950660207204581"
"QN22.26.028.14.06.04","Epsy_width_rheo","-0.5411348110742435"
"QN22.26.028.14.06.04","Epsy_fast_trough_v_rheo","-0.6228501527015847"
"QN22.26.028.14.06.04","Epsy_peak_deltav_rheo","0.8894598024051296"
"QN22.26.028.14.06.04","Epsy_peak_v_rheo","0.4087894437915153"
"QN22.26.028.14.06.04","Epsy_postap_slope_rheo","1.475321903860232"
"QN22.26.028.14.06.04","Epsy_threshold_v_rheo","-1.3721962300670374"
"QN22.26.028.14.06.04","Epsy_trough_t_rheo","1.0724091700652842"
"QN22.26.028.14.06.04","Epsy_trough_v_rheo","-1.1557491043798065"
"QN22.26.028.14.06.04","Epsy_upstroke_downstroke_ratio_rheo","0.3854308325810373"
"QN22.26.028.14.06.04","Epsy_ahp_delay_5spike","0.5665464914938577"
"QN22.26.028.14.06.04","Epsy_ahp_delay_ratio_5spike","1.025798962719019"
"QN22.26.028.14.06.04","Epsy_postap_slope_hero","0.6366815328990681"
"QN22.26.028.14.06.04","Epsy_trough_t_hero","0.8851685997242477"
"QN22.26.028.14.06.04","Epsy_downstroke_adapt_ratio","0.6364872498841918"
"QN22.26.028.14.06.04","Epsy_peak_v_adapt_ratio","-0.5169483710971137"
"QN22.26.028.14.06.04","Epsy_threshold_v_adapt_ratio","0.3615410229883702"
"QN22.26.028.14.06.04","Epsy_upstroke_adapt_ratio","0.1327314358323302"
"QN22.26.028.14.06.04","Epsy_width_adapt_ratio","-0.400780328317628"
"QN22.26.028.14.06.04","Epsy_threshold_v_short_square","-1.3029115924501715"
"QN22.26.036.14.06B.02","Epsy_width_rheo","0.1993044110164692"
"QN22.26.036.14.06B.02","Epsy_fast_trough_v_rheo","-0.0699666997559123"
"QN22.26.036.14.06B.02","Epsy_peak_deltav_rheo","-0.621185525933192"
"QN22.26.036.14.06B.02","Epsy_peak_v_rheo","-0.7313103246524659"
"QN22.26.036.14.06B.02","Epsy_postap_slope_rheo","-0.1445337725321529"
"QN22.26.036.14.06B.02","Epsy_threshold_v_rheo","0.2000635453937581"
"QN22.26.036.14.06B.02","Epsy_trough_t_rheo","0.246219617202802"
"QN22.26.036.14.06B.02","Epsy_trough_v_rheo","0.5133133349744141"
"QN22.26.036.14.06B.02","Epsy_upstroke_downstroke_ratio_rheo","-1.3859372710613738"
"QN22.26.036.14.06B.02","Epsy_ahp_delay_5spike","0.1195843275270909"
"QN22.26.036.14.06B.02","Epsy_ahp_delay_ratio_5spike","0.2683439069159584"
"QN22.26.036.14.06B.02","Epsy_postap_slope_hero","0.6978508800481111"
"QN22.26.036.14.06B.02","Epsy_trough_t_hero","0.2462853738600051"
"QN22.26.036.14.06B.02","Epsy_downstroke_adapt_ratio","-0.7170724349964668"
"QN22.26.036.14.06B.02","Epsy_peak_v_adapt_ratio","0.7108951895984705"
"QN22.26.036.14.06B.02","Epsy_threshold_v_adapt_ratio","0.2138493285529266"
"QN22.26.036.14.06B.02","Epsy_upstroke_adapt_ratio","0.2187838346466669"
"QN22.26.036.14.06B.02","Epsy_width_adapt_ratio","-0.3488524244526133"
"QN22.26.036.14.06B.02","Epsy_threshold_v_short_square","-0.162198794366416"
"QN22.26.036.14.51A.01","Epsy_width_rheo","-6.802524736290653"
"QN22.26.036.14.51A.01","Epsy_fast_trough_v_rheo","-0.5490749529369737"
"QN22.26.036.14.51A.01","Epsy_peak_deltav_rheo","0.5855255591070996"
"QN22.26.036.14.51A.01","Epsy_peak_v_rheo","0.3374303643883549"
"QN22.26.036.14.51A.01","Epsy_postap_slope_rheo","1.8556430868437157"
"QN22.26.036.14.51A.01","Epsy_threshold_v_rheo","-0.4584345466104991"
"QN22.26.036.14.51A.01","Epsy_trough_t_rheo","1.2827074866304298"
"QN22.26.036.14.51A.01","Epsy_trough_v_rheo","0.1785796284994227"
"QN22.26.036.14.51A.01","Epsy_upstroke_downstroke_ratio_rheo","-0.488512420032557"
"QN22.26.036.14.51A.01","Epsy_ahp_delay_5spike","-2.6606031653828977"
"QN22.26.036.14.51A.01","Epsy_ahp_delay_ratio_5spike","-2.2749622235555576"
"QN22.26.036.14.51A.01","Epsy_postap_slope_hero","1.687461356807955"
"QN22.26.036.14.51A.01","Epsy_trough_t_hero","0.9081285506307858"
"QN22.26.036.14.51A.01","Epsy_downstroke_adapt_ratio","0.2559948905618637"
"QN22.26.036.14.51A.01","Epsy_peak_v_adapt_ratio","-0.8161529093904"
"QN22.26.036.14.51A.01","Epsy_threshold_v_adapt_ratio","0.6686977270516006"
"QN22.26.036.14.51A.01","Epsy_upstroke_adapt_ratio","0.2389031002131962"
"QN22.26.036.14.51A.01","Epsy_width_adapt_ratio","-0.9290162551537414"
"QN22.26.036.14.51A.01","Epsy_threshold_v_short_square","0.1595768393980899"
"QN22.26.036.14.51A.02","Epsy_width_rheo","-2.789240945437724"
"QN22.26.036.14.51A.02","Epsy_fast_trough_v_rheo","0.2517437734118649"
"QN22.26.036.14.51A.02","Epsy_peak_deltav_rheo","0.2233506158735359"
"QN22.26.036.14.51A.02","Epsy_peak_v_rheo","0.4448436225510303"
"QN22.26.036.14.51A.02","Epsy_postap_slope_rheo","-0.9440142189062072"
"QN22.26.036.14.51A.02","Epsy_threshold_v_rheo","0.5070616861957955"
"QN22.26.036.14.51A.02","Epsy_trough_t_rheo","0.3916842411230552"
"QN22.26.036.14.51A.02","Epsy_trough_v_rheo","0.2773514178767829"
"QN22.26.036.14.51A.02","Epsy_upstroke_downstroke_ratio_rheo","0.2731339649095922"
"QN22.26.036.14.51A.02","Epsy_ahp_delay_5spike","-0.3370243954407174"
"QN22.26.036.14.51A.02","Epsy_ahp_delay_ratio_5spike","-0.0629229074250534"
"QN22.26.036.14.51A.02","Epsy_postap_slope_hero","0.1122918821150798"
"QN22.26.036.14.51A.02","Epsy_trough_t_hero","0.0495128408783059"
"QN22.26.036.14.51A.02","Epsy_downstroke_adapt_ratio","0.3556982357425422"
"QN22.26.036.14.51A.02","Epsy_peak_v_adapt_ratio","-0.684870099404583"
"QN22.26.036.14.51A.02","Epsy_threshold_v_adapt_ratio","0.2955113714450899"
"QN22.26.036.14.51A.02","Epsy_upstroke_adapt_ratio","0.0470876470195424"
"QN22.26.036.14.51A.02","Epsy_width_adapt_ratio","-0.6951146255289227"
"QN22.26.036.14.51A.02","Epsy_threshold_v_short_square","0.4083788786209243"
"QN22.26.036.14.53A.01","Epsy_width_rheo","-0.418315117699383"
"QN22.26.036.14.53A.01","Epsy_fast_trough_v_rheo","-0.5359201544566987"
"QN22.26.036.14.53A.01","Epsy_peak_deltav_rheo","0.3802466221697062"
"QN22.26.036.14.53A.01","Epsy_peak_v_rheo","-0.1111920157051471"
"QN22.26.036.14.53A.01","Epsy_postap_slope_rheo","0.4529411352809139"
"QN22.26.036.14.53A.01","Epsy_threshold_v_rheo","-0.8048311689647292"
"QN22.26.036.14.53A.01","Epsy_trough_t_rheo","0.5801076516869367"
"QN22.26.036.14.53A.01","Epsy_trough_v_rheo","0.0748670541309606"
"QN22.26.036.14.53A.01","Epsy_upstroke_downstroke_ratio_rheo","0.0162494139414759"
"QN22.26.036.14.53A.01","Epsy_ahp_delay_5spike","-0.1395882653772904"
"QN22.26.036.14.53A.01","Epsy_ahp_delay_ratio_5spike","0.2774578847640804"
"QN22.26.036.14.53A.01","Epsy_postap_slope_hero","0.8236007702023816"
"QN22.26.036.14.53A.01","Epsy_trough_t_hero","0.0124151104230618"
"QN22.26.036.14.53A.01","Epsy_downstroke_adapt_ratio","0.0402047027228514"
"QN22.26.036.14.53A.01","Epsy_peak_v_adapt_ratio","-0.1253452323757183"
"QN22.26.036.14.53A.01","Epsy_threshold_v_adapt_ratio","0.4305134179608169"
"QN22.26.036.14.53A.01","Epsy_upstroke_adapt_ratio","0.2873423278678708"
"QN22.26.036.14.53A.01","Epsy_width_adapt_ratio","-0.4343049295674345"
"QN22.26.036.14.53A.01","Epsy_threshold_v_short_square","-0.2521569783238497"
"QN22.26.037.14.03A.02","Epsy_width_rheo","-0.0872675070873632"
"QN22.26.037.14.03A.02","Epsy_fast_trough_v_rheo","-0.4969111767290454"
"QN22.26.037.14.03A.02","Epsy_peak_deltav_rheo","0.5373597934453755"
"QN22.26.037.14.03A.02","Epsy_peak_v_rheo","0.6509569671693654"
"QN22.26.037.14.03A.02","Epsy_postap_slope_rheo","0.4680917317279277"
"QN22.26.037.14.03A.02","Epsy_threshold_v_rheo","0.2719899294511361"
"QN22.26.037.14.03A.02","Epsy_trough_t_rheo","-0.4808684414012308"
"QN22.26.037.14.03A.02","Epsy_trough_v_rheo","0.2059872985314781"
"QN22.26.037.14.03A.02","Epsy_upstroke_downstroke_ratio_rheo","0.3357270431615548"
"QN22.26.037.14.03A.02","Epsy_ahp_delay_5spike","-2.0829949421237424"
"QN22.26.037.14.03A.02","Epsy_ahp_delay_ratio_5spike","-2.594680793532853"
"QN22.26.037.14.03A.02","Epsy_postap_slope_hero","0.3483310181268407"
"QN22.26.037.14.03A.02","Epsy_trough_t_hero","0.3952185518928439"
"QN22.26.037.14.03A.02","Epsy_downstroke_adapt_ratio","0.560459998903573"
"QN22.26.037.14.03A.02","Epsy_peak_v_adapt_ratio","-0.4656827159336357"
"QN22.26.037.14.03A.02","Epsy_threshold_v_adapt_ratio","0.0033578766145395"
"QN22.26.037.14.03A.02","Epsy_upstroke_adapt_ratio","0.0123602804598715"
"QN22.26.037.14.03A.02","Epsy_width_adapt_ratio","-0.2989238842445035"
"QN22.26.037.14.03A.02","Epsy_threshold_v_short_square","-0.8969811514786636"
"QN23.26.010.14.07A.01","Epsy_width_rheo","-0.6714470032952203"
"QN23.26.010.14.07A.01","Epsy_fast_trough_v_rheo","0.697387902888892"
"QN23.26.010.14.07A.01","Epsy_peak_deltav_rheo","0.1854652652535807"
"QN23.26.010.14.07A.01","Epsy_peak_v_rheo","0.5671168542684172"
"QN23.26.010.14.07A.01","Epsy_postap_slope_rheo","-0.2051536753184545"
"QN23.26.010.14.07A.01","Epsy_threshold_v_rheo","0.747019166112129"
"QN23.26.010.14.07A.01","Epsy_trough_t_rheo","-0.7179179441821975"
"QN23.26.010.14.07A.01","Epsy_trough_v_rheo","1.0813435364814017"
"QN23.26.010.14.07A.01","Epsy_upstroke_downstroke_ratio_rheo","-0.6548993408473964"
"QN23.26.010.14.07A.01","Epsy_ahp_delay_5spike","-2.290281412864593"
"QN23.26.010.14.07A.01","Epsy_ahp_delay_ratio_5spike","-2.176474982543722"
"QN23.26.010.14.07A.01","Epsy_postap_slope_hero","0.8953394534678486"
"QN23.26.010.14.07A.01","Epsy_trough_t_hero","0.1732567105183818"
"QN23.26.010.14.07A.01","Epsy_downstroke_adapt_ratio","0.8000508744910672"
"QN23.26.010.14.07A.01","Epsy_peak_v_adapt_ratio","0.0637197698891881"
"QN23.26.010.14.07A.01","Epsy_threshold_v_adapt_ratio","0.2725425573277473"
"QN23.26.010.14.07A.01","Epsy_upstroke_adapt_ratio","0.3288690658113068"
"QN23.26.010.14.07A.01","Epsy_width_adapt_ratio","-0.5757242920103017"
"QN23.26.010.14.07A.01","Epsy_threshold_v_short_square","0.2941331649203268"
"QN23.26.016.14.03A.04","Epsy_width_rheo","0.2868803091772151"
"QN23.26.016.14.03A.04","Epsy_fast_trough_v_rheo","0.5851167242314654"
"QN23.26.016.14.03A.04","Epsy_peak_deltav_rheo","0.0586609990164043"
"QN23.26.016.14.03A.04","Epsy_peak_v_rheo","-0.1307992813727423"
"QN23.26.016.14.03A.04","Epsy_postap_slope_rheo","0.3451633474796052"
"QN23.26.016.14.03A.04","Epsy_threshold_v_rheo","-0.0798028248577477"
"QN23.26.016.14.03A.04","Epsy_trough_t_rheo","1.0727484570062111"
"QN23.26.016.14.03A.04","Epsy_trough_v_rheo","0.3548062150075478"
"QN23.26.016.14.03A.04","Epsy_upstroke_downstroke_ratio_rheo","-0.4735010930937088"
"QN23.26.016.14.03A.04","Epsy_ahp_delay_5spike","1.1121882845840836"
"QN23.26.016.14.03A.04","Epsy_ahp_delay_ratio_5spike","0.941520471198518"
"QN23.26.016.14.03A.04","Epsy_postap_slope_hero","0.7077545409012608"
"QN23.26.016.14.03A.04","Epsy_trough_t_hero","0.8214015385478244"
"QN23.26.016.14.03A.04","Epsy_downstroke_adapt_ratio","0.398247943414405"
"QN23.26.016.14.03A.04","Epsy_peak_v_adapt_ratio","-0.6672153436330928"
"QN23.26.016.14.03A.04","Epsy_threshold_v_adapt_ratio","0.4308282748088172"
"QN23.26.016.14.03A.04","Epsy_upstroke_adapt_ratio","0.0159889683336954"
"QN23.26.016.14.03A.04","Epsy_width_adapt_ratio","-0.5204909415492265"
"QN23.26.016.14.03A.04","Epsy_threshold_v_short_square","0.5460956387065886"
"QN23.26.016.14.09A.03","Epsy_width_rheo","0.3710077303086298"
"QN23.26.016.14.09A.03","Epsy_fast_trough_v_rheo","0.1671932362144897"
"QN23.26.016.14.09A.03","Epsy_peak_deltav_rheo","0.2769259919651535"
"QN23.26.016.14.09A.03","Epsy_peak_v_rheo","-0.119576783652377"
"QN23.26.016.14.09A.03","Epsy_postap_slope_rheo","0.1917664081910109"
"QN23.26.016.14.09A.03","Epsy_threshold_v_rheo","-0.5394056722952929"
"QN23.26.016.14.09A.03","Epsy_trough_t_rheo","0.0535567548366084"
"QN23.26.016.14.09A.03","Epsy_trough_v_rheo","0.1968915974839966"
"QN23.26.016.14.09A.03","Epsy_upstroke_downstroke_ratio_rheo","0.0280664999220873"
"QN23.26.016.14.09A.03","Epsy_ahp_delay_5spike","0.833816143598415"
"QN23.26.016.14.09A.03","Epsy_ahp_delay_ratio_5spike","1.0839812171556464"
"QN23.26.016.14.09A.03","Epsy_postap_slope_hero","0.903586751849533"
"QN23.26.016.14.09A.03","Epsy_trough_t_hero","1.5165349595113449"
"QN23.26.016.14.09A.03","Epsy_downstroke_adapt_ratio","0.1101450900053156"
"QN23.26.016.14.09A.03","Epsy_peak_v_adapt_ratio","0.8564108433293475"
"QN23.26.016.14.09A.03","Epsy_threshold_v_adapt_ratio","0.4722368960684172"
"QN23.26.016.14.09A.03","Epsy_upstroke_adapt_ratio","0.5103982804500813"
"QN23.26.016.14.09A.03","Epsy_width_adapt_ratio","0.0075816689156815"
"QN23.26.016.14.09A.03","Epsy_threshold_v_short_square","-0.5638476384329784"
"QN23.26.017.14v.02A.05","Epsy_width_rheo","0.8821421575543574"
"QN23.26.017.14v.02A.05","Epsy_fast_trough_v_rheo","-0.075296623220782"
"QN23.26.017.14v.02A.05","Epsy_peak_deltav_rheo","-0.8012628281632825"
"QN23.26.017.14v.02A.05","Epsy_peak_v_rheo","-0.589064284707641"
"QN23.26.017.14v.02A.05","Epsy_postap_slope_rheo","-0.3016917731072651"
"QN23.26.017.14v.02A.05","Epsy_threshold_v_rheo","0.5475516523112047"
"QN23.26.017.14v.02A.05","Epsy_trough_t_rheo","1.5120153990023266"
"QN23.26.017.14v.02A.05","Epsy_trough_v_rheo","-0.1227895962074294"
"QN23.26.017.14v.02A.05","Epsy_upstroke_downstroke_ratio_rheo","0.1404969181580823"
"QN23.26.017.14v.02A.05","Epsy_ahp_delay_5spike","0.2484381353379962"
"QN23.26.017.14v.02A.05","Epsy_ahp_delay_ratio_5spike","-0.0130632747167672"
"QN23.26.017.14v.02A.05","Epsy_postap_slope_hero","-6.986481513325535"
"QN23.26.017.14v.02A.05","Epsy_trough_t_hero","0.9074835647959826"
"QN23.26.017.14v.02A.05","Epsy_downstroke_adapt_ratio","0.4016380833882462"
"QN23.26.017.14v.02A.05","Epsy_peak_v_adapt_ratio","-0.7843192505034172"
"QN23.26.017.14v.02A.05","Epsy_threshold_v_adapt_ratio","0.9757186504786084"
"QN23.26.017.14v.02A.05","Epsy_upstroke_adapt_ratio","0.3303199258566371"
"QN23.26.017.14v.02A.05","Epsy_width_adapt_ratio","-1.3912771545002205"
"QN23.26.017.14v.02A.05","Epsy_threshold_v_short_square","-11.293326359730033"
"QN24.26.003.14.01.01","Epsy_width_rheo","0.605173286275551"
"QN24.26.003.14.01.01","Epsy_fast_trough_v_rheo","0.1767473536617285"
"QN24.26.003.14.01.01","Epsy_peak_deltav_rheo","-0.9649309989165222"
"QN24.26.003.14.01.01","Epsy_peak_v_rheo","-1.1751177885531483"
"QN24.26.003.14.01.01","Epsy_postap_slope_rheo","-0.0809853160583474"
"QN24.26.003.14.01.01","Epsy_threshold_v_rheo","0.1574686561726575"
"QN24.26.003.14.01.01","Epsy_trough_t_rheo","0.8466360050279088"
"QN24.26.003.14.01.01","Epsy_trough_v_rheo","0.469819141241282"
"QN24.26.003.14.01.01","Epsy_upstroke_downstroke_ratio_rheo","-0.9339340459509607"
"QN24.26.003.14.01.01","Epsy_ahp_delay_5spike","0.6442481878355688"
"QN24.26.003.14.01.01","Epsy_ahp_delay_ratio_5spike","0.5884410798737959"
"QN24.26.003.14.01.01","Epsy_postap_slope_hero","0.0541483465252926"
"QN24.26.003.14.01.01","Epsy_trough_t_hero","0.8329736277413305"
"QN24.26.003.14.01.01","Epsy_downstroke_adapt_ratio","0.0186952485944766"
"QN24.26.003.14.01.01","Epsy_peak_v_adapt_ratio","0.8500658470544025"
"QN24.26.003.14.01.01","Epsy_threshold_v_adapt_ratio","0.4089686801801223"
"QN24.26.003.14.01.01","Epsy_upstroke_adapt_ratio","0.3110640241735936"
"QN24.26.003.14.01.01","Epsy_width_adapt_ratio","-0.6002691833058859"
"QN24.26.003.14.01.01","Epsy_threshold_v_short_square","0.4007076623470192"
"QN24.26.003.14.02.06","Epsy_width_rheo","0.3710077303086298"
"QN24.26.003.14.02.06","Epsy_fast_trough_v_rheo","1.1991431739115126"
"QN24.26.003.14.02.06","Epsy_peak_deltav_rheo","0.1447405261583082"
"QN24.26.003.14.02.06","Epsy_peak_v_rheo","0.390566904031058"
"QN24.26.003.14.02.06","Epsy_postap_slope_rheo","0.3513918527396137"
"QN24.26.003.14.02.06","Epsy_threshold_v_rheo","0.5508972062793371"
"QN24.26.003.14.02.06","Epsy_trough_t_rheo","0.5643199786759964"
"QN24.26.003.14.02.06","Epsy_trough_v_rheo","0.8717544106403659"
"QN24.26.003.14.02.06","Epsy_upstroke_downstroke_ratio_rheo","-0.2296468721128266"
"QN24.26.003.14.02.06","Epsy_ahp_delay_5spike","0.9104013841978652"
"QN24.26.003.14.02.06","Epsy_ahp_delay_ratio_5spike","0.8127407199008396"
"QN24.26.003.14.02.06","Epsy_postap_slope_hero","1.2650335974961295"
"QN24.26.003.14.02.06","Epsy_trough_t_hero","1.5627500003868164"
"QN24.26.003.14.02.06","Epsy_downstroke_adapt_ratio","0.764963246767083"
"QN24.26.003.14.02.06","Epsy_peak_v_adapt_ratio","-0.5495140235389491"
"QN24.26.003.14.02.06","Epsy_threshold_v_adapt_ratio","0.9997304384280482"
"QN24.26.003.14.02.06","Epsy_upstroke_adapt_ratio","0.4547172496892077"
"QN24.26.003.14.02.06","Epsy_width_adapt_ratio","-0.879351147724223"
"QN24.26.003.14.02.06","Epsy_threshold_v_short_square","1.2442846919809354"
"QN24.26.003.41.06.01B.02","Epsy_width_rheo","0.1993044110160222"
"QN24.26.003.41.06.01B.02","Epsy_fast_trough_v_rheo","-0.0646488163658647"
"QN24.26.003.41.06.01B.02","Epsy_peak_deltav_rheo","-0.2611298740041002"
"QN24.26.003.41.06.01B.02","Epsy_peak_v_rheo","-0.5924397884167184"
"QN24.26.003.41.06.01B.02","Epsy_postap_slope_rheo","-1.2369382949170389"
"QN24.26.003.41.06.01B.02","Epsy_threshold_v_rheo","-0.1582016299096678"
"QN24.26.003.41.06.01B.02","Epsy_trough_t_rheo","-0.4517569180404572"
"QN24.26.003.41.06.01B.02","Epsy_trough_v_rheo","0.1831728026102289"
"QN24.26.003.41.06.01B.02","Epsy_upstroke_downstroke_ratio_rheo","-0.6947575650489951"
"QN24.26.003.41.06.01B.02","Epsy_ahp_delay_5spike","0.3400863205170886"
"QN24.26.003.41.06.01B.02","Epsy_ahp_delay_ratio_5spike","-0.0332617751849134"
"QN24.26.003.41.06.01B.02","Epsy_postap_slope_hero","-0.6264594598642449"
"QN24.26.003.41.06.01B.02","Epsy_trough_t_hero","0.2635851678394508"
"QN24.26.003.41.06.01B.02","Epsy_downstroke_adapt_ratio","0.4001297032607131"
"QN24.26.003.41.06.01B.02","Epsy_peak_v_adapt_ratio","0.71472332082192"
"QN24.26.003.41.06.01B.02","Epsy_threshold_v_adapt_ratio","-0.0567027707865749"
"QN24.26.003.41.06.01B.02","Epsy_upstroke_adapt_ratio","0.0872183059096669"
"QN24.26.003.41.06.01B.02","Epsy_width_adapt_ratio","-0.5204909415492265"
"QN24.26.003.41.06.01B.02","Epsy_threshold_v_short_square","0.0281571762532272"
"QN24.26.005.14d.01.01A.03","Epsy_width_rheo","0.1079851929989145"
"QN24.26.005.14d.01.01A.03","Epsy_fast_trough_v_rheo","-0.2820169736662578"
"QN24.26.005.14d.01.01A.03","Epsy_peak_deltav_rheo","-0.5128807234540018"
"QN24.26.005.14d.01.01A.03","Epsy_peak_v_rheo","-1.3241897508946108"
"QN24.26.005.14d.01.01A.03","Epsy_postap_slope_rheo","0.6132426882026987"
"QN24.26.005.14d.01.01A.03","Epsy_threshold_v_rheo","-0.6283747232492745"
"QN24.26.005.14d.01.01A.03","Epsy_trough_t_rheo","0.7093348672144882"
"QN24.26.005.14d.01.01A.03","Epsy_trough_v_rheo","-0.2830314205866732"
"QN24.26.005.14d.01.01A.03","Epsy_upstroke_downstroke_ratio_rheo","-1.6733326040817815"
"QN24.26.005.14d.01.01A.03","Epsy_ahp_delay_5spike","0.8714253853125975"
"QN24.26.005.14d.01.01A.03","Epsy_ahp_delay_ratio_5spike","0.5487203191485475"
"QN24.26.005.14d.01.01A.03","Epsy_postap_slope_hero","1.1581694249968015"
"QN24.26.005.14d.01.01A.03","Epsy_trough_t_hero","0.5251091306002865"
"QN24.26.005.14d.01.01A.03","Epsy_downstroke_adapt_ratio","0.039876077389068"
"QN24.26.005.14d.01.01A.03","Epsy_peak_v_adapt_ratio","1.2444867352432984"
"QN24.26.005.14d.01.01A.03","Epsy_threshold_v_adapt_ratio","0.4982204393046788"
"QN24.26.005.14d.01.01A.03","Epsy_upstroke_adapt_ratio","0.5706530510088498"
"QN24.26.005.14d.01.01A.03","Epsy_width_adapt_ratio","-0.6851487599518661"
"QN24.26.005.14d.01.01A.03","Epsy_threshold_v_short_square","-0.1985113728390225"
"QN24.26.012.14V.03A.03","Epsy_width_rheo","0.1993044110160222"
"QN24.26.012.14V.03A.03","Epsy_fast_trough_v_rheo","0.6669760779922874"
"QN24.26.012.14V.03A.03","Epsy_peak_deltav_rheo","-0.1841792130026929"
"QN24.26.012.14V.03A.03","Epsy_peak_v_rheo","0.0166446433492155"
"QN24.26.012.14V.03A.03","Epsy_postap_slope_rheo","-0.5393890231660539"
"QN24.26.012.14V.03A.03","Epsy_threshold_v_rheo","0.5138548024024651"
"QN24.26.012.14V.03A.03","Epsy_trough_t_rheo","0.4335605961093971"
"QN24.26.012.14V.03A.03","Epsy_trough_v_rheo","0.6237895291671048"
"QN24.26.012.14V.03A.03","Epsy_upstroke_downstroke_ratio_rheo","-0.5261548691603785"
"QN24.26.012.14V.03A.03","Epsy_ahp_delay_5spike","0.7902179734699599"
"QN24.26.012.14V.03A.03","Epsy_ahp_delay_ratio_5spike","0.5638553173994733"
"QN24.26.012.14V.03A.03","Epsy_postap_slope_hero","-0.3038267586794416"
"QN24.26.012.14V.03A.03","Epsy_trough_t_hero","0.109734361981034"
"QN24.26.012.14V.03A.03","Epsy_downstroke_adapt_ratio","-0.3439636344507763"
"QN24.26.012.14V.03A.03","Epsy_peak_v_adapt_ratio","0.7945921260060623"
"QN24.26.012.14V.03A.03","Epsy_threshold_v_adapt_ratio","0.4752462457284494"
"QN24.26.012.14V.03A.03","Epsy_upstroke_adapt_ratio","0.3144285932006624"
"QN24.26.012.14V.03A.03","Epsy_width_adapt_ratio","-0.5204909415511486"
"QN24.26.012.14V.03A.03","Epsy_threshold_v_short_square","1.6902604350193469"
"QN24.26.017.14v.04A.04","Epsy_width_rheo","-0.0872675070868507"
"QN24.26.017.14v.04A.04","Epsy_fast_trough_v_rheo","-0.190266859762766"
"QN24.26.017.14v.04A.04","Epsy_peak_deltav_rheo","0.2931468481873139"
"QN24.26.017.14v.04A.04","Epsy_peak_v_rheo","-0.0642008197471673"
"QN24.26.017.14v.04A.04","Epsy_postap_slope_rheo","0.5046180081591423"
"QN24.26.017.14v.04A.04","Epsy_threshold_v_rheo","-0.4784353607685944"
"QN24.26.017.14v.04A.04","Epsy_trough_t_rheo","0.7750866590898213"
"QN24.26.017.14v.04A.04","Epsy_trough_v_rheo","-0.5988894714861438"
"QN24.26.017.14v.04A.04","Epsy_upstroke_downstroke_ratio_rheo","-1.0064844045581007"
"QN24.26.017.14v.04A.04","Epsy_ahp_delay_5spike","0.8329055238099831"
"QN24.26.017.14v.04A.04","Epsy_ahp_delay_ratio_5spike","0.5767220149693738"
"QN24.26.017.14v.04A.04","Epsy_postap_slope_hero","-0.1067561050411994"
"QN24.26.017.14v.04A.04","Epsy_trough_t_hero","1.3725917287222675"
"QN24.26.017.14v.04A.04","Epsy_downstroke_adapt_ratio","0.8654144787713677"
"QN24.26.017.14v.04A.04","Epsy_peak_v_adapt_ratio","0.2531690328460959"
"QN24.26.017.14v.04A.04","Epsy_threshold_v_adapt_ratio","0.336559648464123"
"QN24.26.017.14v.04A.04","Epsy_upstroke_adapt_ratio","0.1794086184295258"
"QN24.26.017.14v.04A.04","Epsy_width_adapt_ratio","-0.4652467375554009"
"QN24.26.017.14v.04A.04","Epsy_threshold_v_short_square","-1.3407429511864235"
"Q21.26.009.12.01.04","Epsy_width_rheo","0.4519479981633651"
"Q21.26.009.12.01.04","Epsy_fast_trough_v_rheo","-0.3473545527809951"
"Q21.26.009.12.01.04","Epsy_peak_deltav_rheo","0.0177438853641995"
"Q21.26.009.12.01.04","Epsy_peak_v_rheo","-0.3175203023412569"
"Q21.26.009.12.01.04","Epsy_postap_slope_rheo","0.3977097742299637"
"Q21.26.009.12.01.04","Epsy_threshold_v_rheo","-0.2851962033840072"
"Q21.26.009.12.01.04","Epsy_trough_t_rheo","-0.8123748119263616"
"Q21.26.009.12.01.04","Epsy_trough_v_rheo","-0.1495490617103088"
"Q21.26.009.12.01.04","Epsy_upstroke_downstroke_ratio_rheo","0.4036740613035581"
"Q21.26.009.12.01.04","Epsy_ahp_delay_5spike","0.5093055598473756"
"Q21.26.009.12.01.04","Epsy_ahp_delay_ratio_5spike","0.5157820202965661"
"Q21.26.009.12.01.04","Epsy_postap_slope_hero","0.5851538055482093"
"Q21.26.009.12.01.04","Epsy_trough_t_hero","-0.5937869479698983"
"Q21.26.009.12.01.04","Epsy_downstroke_adapt_ratio","0.8368527791373763"
"Q21.26.009.12.01.04","Epsy_peak_v_adapt_ratio","1.4773050689688971"
"Q21.26.009.12.01.04","Epsy_threshold_v_adapt_ratio","0.1174406127235808"
"Q21.26.009.12.01.04","Epsy_upstroke_adapt_ratio","0.529956864037586"
"Q21.26.009.12.01.04","Epsy_width_adapt_ratio","-0.2648677540907679"
"Q21.26.009.12.01.04","Epsy_threshold_v_short_square","-0.0730443386600501"
"Q21.26.009.12.01.05","Epsy_width_rheo","-0.0872675070868507"
"Q21.26.009.12.01.05","Epsy_fast_trough_v_rheo","0.2973691650418164"
"Q21.26.009.12.01.05","Epsy_peak_deltav_rheo","0.4263150581619488"
"Q21.26.009.12.01.05","Epsy_peak_v_rheo","0.5649846652649418"
"Q21.26.009.12.01.05","Epsy_postap_slope_rheo","-0.7450754046859533"
"Q21.26.009.12.01.05","Epsy_threshold_v_rheo","0.3419281346517869"
"Q21.26.009.12.01.05","Epsy_trough_t_rheo","-0.1798497368297972"
"Q21.26.009.12.01.05","Epsy_trough_v_rheo","0.1785796284994227"
"Q21.26.009.12.01.05","Epsy_upstroke_downstroke_ratio_rheo","-0.2815839531035974"
"Q21.26.009.12.01.05","Epsy_ahp_delay_5spike","0.5401195971810062"
"Q21.26.009.12.01.05","Epsy_ahp_delay_ratio_5spike","0.2267758893636827"
"Q21.26.009.12.01.05","Epsy_postap_slope_hero","0.6758399401426164"
"Q21.26.009.12.01.05","Epsy_trough_t_hero","-0.2060584945611747"
"Q21.26.009.12.01.05","Epsy_downstroke_adapt_ratio","0.1423647647805652"
"Q21.26.009.12.01.05","Epsy_peak_v_adapt_ratio","0.6996478842812354"
"Q21.26.009.12.01.05","Epsy_threshold_v_adapt_ratio","0.3554292741246888"
"Q21.26.009.12.01.05","Epsy_upstroke_adapt_ratio","0.5486999313056348"
"Q21.26.009.12.01.05","Epsy_width_adapt_ratio","-0.1646635051140772"
"Q21.26.009.12.01.05","Epsy_threshold_v_short_square","0.5705588383801283"
"Q21.26.021.14.08.03","Epsy_width_rheo","0.1541326090816651"
"Q21.26.021.14.08.03","Epsy_fast_trough_v_rheo","0.3553221074868585"
"Q21.26.021.14.08.03","Epsy_peak_deltav_rheo","0.988305887342321"
"Q21.26.021.14.08.03","Epsy_peak_v_rheo","1.1873725282342482"
"Q21.26.021.14.08.03","Epsy_postap_slope_rheo","-0.2103108827707125"
"Q21.26.021.14.08.03","Epsy_threshold_v_rheo","0.3163859597555338"
"Q21.26.021.14.08.03","Epsy_trough_t_rheo","-0.0126546795148686"
"Q21.26.021.14.08.03","Epsy_trough_v_rheo","0.1179242739434554"
"Q21.26.021.14.08.03","Epsy_upstroke_downstroke_ratio_rheo","1.888635613111966"
"Q21.26.021.14.08.03","Epsy_ahp_delay_5spike","0.7433026574661921"
"Q21.26.021.14.08.03","Epsy_ahp_delay_ratio_5spike","0.3605129892805925"
"Q21.26.021.14.08.03","Epsy_postap_slope_hero","0.4922990075997333"
"Q21.26.021.14.08.03","Epsy_trough_t_hero","0.4150027143622571"
"Q21.26.021.14.08.03","Epsy_downstroke_adapt_ratio","0.7210826058654191"
"Q21.26.021.14.08.03","Epsy_peak_v_adapt_ratio","-0.1605039958758536"
"Q21.26.021.14.08.03","Epsy_threshold_v_adapt_ratio","0.2081416008745674"
"Q21.26.021.14.08.03","Epsy_upstroke_adapt_ratio","0.4255097861537943"
"Q21.26.021.14.08.03","Epsy_width_adapt_ratio","-0.272237293224102"
"Q21.26.021.14.08.03","Epsy_threshold_v_short_square","-0.5101954822298684"
"Q21.26.021.14.08.04","Epsy_width_rheo","0.9303020805006006"
"Q21.26.021.14.08.04","Epsy_fast_trough_v_rheo","-1.1339709651287015"
"Q21.26.021.14.08.04","Epsy_peak_deltav_rheo","0.524695235505957"
"Q21.26.021.14.08.04","Epsy_peak_v_rheo","-0.0073373028489923"
"Q21.26.021.14.08.04","Epsy_postap_slope_rheo","-0.8760310500676772"
"Q21.26.021.14.08.04","Epsy_threshold_v_rheo","-1.037975375028244"
"Q21.26.021.14.08.04","Epsy_trough_t_rheo","-0.5227408536139201"
"Q21.26.021.14.08.04","Epsy_trough_v_rheo","-2.0769419552417223"
"Q21.26.021.14.08.04","Epsy_upstroke_downstroke_ratio_rheo","1.8808440570566087"
"Q21.26.021.14.08.04","Epsy_ahp_delay_5spike","0.6810853387047942"
"Q21.26.021.14.08.04","Epsy_ahp_delay_ratio_5spike","0.375416539327021"
"Q21.26.021.14.08.04","Epsy_postap_slope_hero","-0.5478650896878356"
"Q21.26.021.14.08.04","Epsy_trough_t_hero","0.6526035052384163"
"Q21.26.021.14.08.04","Epsy_downstroke_adapt_ratio","0.3559460421308759"
"Q21.26.021.14.08.04","Epsy_peak_v_adapt_ratio","-0.0124129087654168"
"Q21.26.021.14.08.04","Epsy_threshold_v_adapt_ratio","0.0277931190096539"
"Q21.26.021.14.08.04","Epsy_upstroke_adapt_ratio","0.2401596470454801"
"Q21.26.021.14.08.04","Epsy_width_adapt_ratio","-0.1443032907770481"
"Q21.26.021.14.08.04","Epsy_threshold_v_short_square","-0.4770786752142684"
"Q21.26.023.13.02.02","Epsy_width_rheo","0.1311834795444139"
"Q21.26.023.13.02.02","Epsy_fast_trough_v_rheo","0.113902335925601"
"Q21.26.023.13.02.02","Epsy_peak_deltav_rheo","-1.0497848800681526"
"Q21.26.023.13.02.02","Epsy_peak_v_rheo","-1.5019590071953293"
"Q21.26.023.13.02.02","Epsy_postap_slope_rheo","0.5304497159938596"
"Q21.26.023.13.02.02","Epsy_threshold_v_rheo","-0.0414949900919754"
"Q21.26.023.13.02.02","Epsy_trough_t_rheo","-0.5094316489816731"
"Q21.26.023.13.02.02","Epsy_trough_v_rheo","0.5015414638641403"
"Q21.26.023.13.02.02","Epsy_upstroke_downstroke_ratio_rheo","-1.9566041456117165"
"Q21.26.023.13.02.02","Epsy_ahp_delay_5spike","0.1065962332741738"
"Q21.26.023.13.02.02","Epsy_ahp_delay_ratio_5spike","0.1835796463497305"
"Q21.26.023.13.02.02","Epsy_postap_slope_hero","1.0608680213962398"
"Q21.26.023.13.02.02","Epsy_trough_t_hero","-0.7596373293840442"
"Q21.26.023.13.02.02","Epsy_downstroke_adapt_ratio","0.0541874964618045"
"Q21.26.023.13.02.02","Epsy_peak_v_adapt_ratio","1.780295737299478"
"Q21.26.023.13.02.02","Epsy_threshold_v_adapt_ratio","0.3757067396587307"
"Q21.26.023.13.02.02","Epsy_upstroke_adapt_ratio","0.5755874426360288"
"Q21.26.023.13.02.02","Epsy_width_adapt_ratio","-0.3161787583082475"
"Q21.26.023.13.02.02","Epsy_threshold_v_short_square","0.6667242014840885"
"Q21.26.023.13.02.03","Epsy_width_rheo","-1.0771472032133838"
"Q21.26.023.13.02.03","Epsy_fast_trough_v_rheo","-0.276170886680061"
"Q21.26.023.13.02.03","Epsy_peak_deltav_rheo","0.661785149546926"
"Q21.26.023.13.02.03","Epsy_peak_v_rheo","0.8029493979217862"
"Q21.26.023.13.02.03","Epsy_postap_slope_rheo","-0.3878140350229473"
"Q21.26.023.13.02.03","Epsy_threshold_v_rheo","0.2905829878070278"
"Q21.26.023.13.02.03","Epsy_trough_t_rheo","0.1317075026903253"
"Q21.26.023.13.02.03","Epsy_trough_v_rheo","-0.2207841098318177"
"Q21.26.023.13.02.03","Epsy_upstroke_downstroke_ratio_rheo","0.6583941394303743"
"Q21.26.023.13.02.03","Epsy_ahp_delay_5spike","-0.0874750115345546"
"Q21.26.023.13.02.03","Epsy_ahp_delay_ratio_5spike","0.0001209530328125"
"Q21.26.023.13.02.03","Epsy_postap_slope_hero","0.5780273973508766"
"Q21.26.023.13.02.03","Epsy_trough_t_hero","0.0896191576410922"
"Q21.26.023.13.02.03","Epsy_downstroke_adapt_ratio","1.2367502367063716"
"Q21.26.023.13.02.03","Epsy_peak_v_adapt_ratio","-0.078478258063554"
"Q21.26.023.13.02.03","Epsy_threshold_v_adapt_ratio","0.1651629391493203"
"Q21.26.023.13.02.03","Epsy_upstroke_adapt_ratio","0.3135189246928723"
"Q21.26.023.13.02.03","Epsy_width_adapt_ratio","-0.3984455745017604"
"Q21.26.023.13.02.03","Epsy_threshold_v_short_square","-0.1471798889400529"
"QM22.26.003.14.02.06","Epsy_width_rheo","-1.4780524522143186"
"QM22.26.003.14.02.06","Epsy_fast_trough_v_rheo","-1.3030831641585758"
"QM22.26.003.14.02.06","Epsy_peak_deltav_rheo","1.1203286574759517"
"QM22.26.003.14.02.06","Epsy_peak_v_rheo","0.6999530359359414"
"QM22.26.003.14.02.06","Epsy_postap_slope_rheo","0.8325847236316056"
"QM22.26.003.14.02.06","Epsy_threshold_v_rheo","-1.5421268885496549"
"QM22.26.003.14.02.06","Epsy_trough_t_rheo","-0.1305798658003631"
"QM22.26.003.14.02.06","Epsy_trough_v_rheo","-3.93689459122762"
"QM22.26.003.14.02.06","Epsy_upstroke_downstroke_ratio_rheo","0.3801559256656826"
"QM22.26.003.14.02.06","Epsy_ahp_delay_5spike","0.3886840693718419"
"QM22.26.003.14.02.06","Epsy_ahp_delay_ratio_5spike","0.2641710200553753"
"QM22.26.003.14.02.06","Epsy_postap_slope_hero","0.0427384174642046"
"QM22.26.003.14.02.06","Epsy_trough_t_hero","-0.2786589137657408"
"QM22.26.003.14.02.06","Epsy_downstroke_adapt_ratio","0.1212333639504785"
"QM22.26.003.14.02.06","Epsy_peak_v_adapt_ratio","-0.0857070458301895"
"QM22.26.003.14.02.06","Epsy_threshold_v_adapt_ratio","0.2090546360206863"
"QM22.26.003.14.02.06","Epsy_upstroke_adapt_ratio","0.3558041373864599"
"QM22.26.003.14.02.06","Epsy_width_adapt_ratio","-0.0268040110824669"
"QM22.26.003.14.02.06","Epsy_threshold_v_short_square","-0.4410112208271443"
"QM22.26.003.14.03.04","Epsy_width_rheo","-0.6381163581962176"
"QM22.26.003.14.03.04","Epsy_fast_trough_v_rheo","0.0892523972302241"
"QM22.26.003.14.03.04","Epsy_peak_deltav_rheo","0.9062516719573992"
"QM22.26.003.14.03.04","Epsy_peak_v_rheo","0.7519776597000405"
"QM22.26.003.14.03.04","Epsy_postap_slope_rheo","1.5031243494577329"
"QM22.26.003.14.03.04","Epsy_threshold_v_rheo","-0.473420781767234"
"QM22.26.003.14.03.04","Epsy_trough_t_rheo","1.5752240279083731"
"QM22.26.003.14.03.04","Epsy_trough_v_rheo","0.2817311739639518"
"QM22.26.003.14.03.04","Epsy_upstroke_downstroke_ratio_rheo","0.8922468520484474"
"QM22.26.003.14.03.04","Epsy_ahp_delay_5spike","0.9791996497143046"
"QM22.26.003.14.03.04","Epsy_ahp_delay_ratio_5spike","0.8383160569686487"
"QM22.26.003.14.03.04","Epsy_postap_slope_hero","1.231368704534792"
"QM22.26.003.14.03.04","Epsy_trough_t_hero","1.2329776428580137"
"QM22.26.003.14.03.04","Epsy_downstroke_adapt_ratio","0.8262302610993563"
"QM22.26.003.14.03.04","Epsy_peak_v_adapt_ratio","-0.3323400208044594"
"QM22.26.003.14.03.04","Epsy_threshold_v_adapt_ratio","0.5240389252583015"
"QM22.26.003.14.03.04","Epsy_upstroke_adapt_ratio","0.3464101053656623"
"QM22.26.003.14.03.04","Epsy_width_adapt_ratio","-0.3270095214248243"
"QM22.26.003.14.03.04","Epsy_threshold_v_short_square","-0.7264221619480987"
"QM22.26.030.14.02A.03","Epsy_width_rheo","-0.9586475505747554"
"QM22.26.030.14.02A.03","Epsy_fast_trough_v_rheo","-0.1568104230320408"
"QM22.26.030.14.02A.03","Epsy_peak_deltav_rheo","0.9153563061212096"
"QM22.26.030.14.02A.03","Epsy_peak_v_rheo","0.7658028747376879"
"QM22.26.030.14.02A.03","Epsy_postap_slope_rheo","-0.1799044241146017"
"QM22.26.030.14.02A.03","Epsy_threshold_v_rheo","-0.4684155060522341"
"QM22.26.030.14.02A.03","Epsy_trough_t_rheo","-0.1045888958474385"
"QM22.26.030.14.02A.03","Epsy_trough_v_rheo","-0.4134306828160297"
"QM22.26.030.14.02A.03","Epsy_upstroke_downstroke_ratio_rheo","0.7455798656131984"
"QM22.26.030.14.02A.03","Epsy_ahp_delay_5spike","0.6728697947186895"
"QM22.26.030.14.02A.03","Epsy_ahp_delay_ratio_5spike","0.8518923775523978"
"QM22.26.030.14.02A.03","Epsy_postap_slope_hero","0.1050881286497045"
"QM22.26.030.14.02A.03","Epsy_trough_t_hero","-0.3089096495358474"
"QM22.26.030.14.02A.03","Epsy_downstroke_adapt_ratio","0.7434113992847822"
"QM22.26.030.14.02A.03","Epsy_peak_v_adapt_ratio","0.3715215176001545"
"QM22.26.030.14.02A.03","Epsy_threshold_v_adapt_ratio","0.6021172746876274"
"QM22.26.030.14.02A.03","Epsy_upstroke_adapt_ratio","0.5987734410356952"
"QM22.26.030.14.02A.03","Epsy_width_adapt_ratio","-0.344895534254329"
"QM22.26.030.14.02A.03","Epsy_threshold_v_short_square","-0.5503570106405894"
"QM22.26.030.14.07A.03","Epsy_width_rheo","0.0125883037024102"
"QM22.26.030.14.07A.03","Epsy_fast_trough_v_rheo","-0.5424882706796468"
"QM22.26.030.14.07A.03","Epsy_peak_deltav_rheo","0.5119552777357292"
"QM22.26.030.14.07A.03","Epsy_peak_v_rheo","0.4403647067462805"
"QM22.26.030.14.07A.03","Epsy_postap_slope_rheo","0.5676796944683257"
"QM22.26.030.14.07A.03","Epsy_threshold_v_rheo","-0.062705224754611"
"QM22.26.030.14.07A.03","Epsy_trough_t_rheo","-0.0640770302109749"
"QM22.26.030.14.07A.03","Epsy_trough_v_rheo","-1.06165993773693"
"QM22.26.030.14.07A.03","Epsy_upstroke_downstroke_ratio_rheo","0.3807104631951576"
"QM22.26.030.14.07A.03","Epsy_ahp_delay_5spike","0.6437113829070922"
"QM22.26.030.14.07A.03","Epsy_ahp_delay_ratio_5spike","0.4774027278948459"
"QM22.26.030.14.07A.03","Epsy_postap_slope_hero","0.4689315108126538"
"QM22.26.030.14.07A.03","Epsy_trough_t_hero","-0.2649370260524899"
"QM22.26.030.14.07A.03","Epsy_downstroke_adapt_ratio","-0.0223693467687672"
"QM22.26.030.14.07A.03","Epsy_peak_v_adapt_ratio","0.1604032624587523"
"QM22.26.030.14.07A.03","Epsy_threshold_v_adapt_ratio","0.2015268237876014"
"QM22.26.030.14.07A.03","Epsy_upstroke_adapt_ratio","0.3335239598618157"
"QM22.26.030.14.07A.03","Epsy_width_adapt_ratio","0.1288674598525828"
"QM22.26.030.14.07A.03","Epsy_threshold_v_short_square","-0.5135241895617392"
"QM22.26.031.14.02.06","Epsy_width_rheo","-0.5411348110736116"
"QM22.26.031.14.02.06","Epsy_fast_trough_v_rheo","-1.266401875839805"
"QM22.26.031.14.02.06","Epsy_peak_deltav_rheo","0.7518389165640619"
"QM22.26.031.14.02.06","Epsy_peak_v_rheo","0.6918529430389352"
"QM22.26.031.14.02.06","Epsy_postap_slope_rheo","0.0076913307660445"
"QM22.26.031.14.02.06","Epsy_threshold_v_rheo","-0.1537813168450338"
"QM22.26.031.14.02.06","Epsy_trough_t_rheo","-0.0668767473908437"
"QM22.26.031.14.02.06","Epsy_trough_v_rheo","-0.6326113850836197"
"QM22.26.031.14.02.06","Epsy_upstroke_downstroke_ratio_rheo","1.127190327440703"
"QM22.26.031.14.02.06","Epsy_ahp_delay_5spike","0.2224032209514956"
"QM22.26.031.14.02.06","Epsy_ahp_delay_ratio_5spike","0.2158565457192597"
"QM22.26.031.14.02.06","Epsy_postap_slope_hero","0.6012518742723946"
"QM22.26.031.14.02.06","Epsy_trough_t_hero","-0.1333655850472291"
"QM22.26.031.14.02.06","Epsy_downstroke_adapt_ratio","0.8108110807314681"
"QM22.26.031.14.02.06","Epsy_peak_v_adapt_ratio","0.1514176257439061"
"QM22.26.031.14.02.06","Epsy_threshold_v_adapt_ratio","0.3798717124740132"
"QM22.26.031.14.02.06","Epsy_upstroke_adapt_ratio","0.6035810921680139"
"QM22.26.031.14.02.06","Epsy_width_adapt_ratio","-0.2019498954935198"
"QM22.26.031.14.02.06","Epsy_threshold_v_short_square","-0.2321347358085707"
"QM22.26.031.14.02.07","Epsy_width_rheo","-0.4183151176999808"
"QM22.26.031.14.02.07","Epsy_fast_trough_v_rheo","0.5851167242314654"
"QM22.26.031.14.02.07","Epsy_peak_deltav_rheo","0.9765631477272644"
"QM22.26.031.14.02.07","Epsy_peak_v_rheo","0.9863020984416224"
"QM22.26.031.14.02.07","Epsy_postap_slope_rheo","-1.666929295443258"
"QM22.26.031.14.02.07","Epsy_threshold_v_rheo","-0.1143473436449629"
"QM22.26.031.14.02.07","Epsy_trough_t_rheo","0.3849362054377936"
"QM22.26.031.14.02.07","Epsy_trough_v_rheo","0.1084325133537729"
"QM22.26.031.14.02.07","Epsy_upstroke_downstroke_ratio_rheo","1.7241885374283867"
"QM22.26.031.14.02.07","Epsy_ahp_delay_5spike","0.9753829936507448"
"QM22.26.031.14.02.07","Epsy_ahp_delay_ratio_5spike","0.9184711231799308"
"QM22.26.031.14.02.07","Epsy_postap_slope_hero","-1.4225355035167626"
"QM22.26.031.14.02.07","Epsy_trough_t_hero","0.7061406460369029"
"QM22.26.031.14.02.07","Epsy_downstroke_adapt_ratio","0.3477343460026627"
"QM22.26.031.14.02.07","Epsy_peak_v_adapt_ratio","-0.3790134461507188"
"QM22.26.031.14.02.07","Epsy_threshold_v_adapt_ratio","0.3777744178466853"
"QM22.26.031.14.02.07","Epsy_upstroke_adapt_ratio","0.2458165739750989"
"QM22.26.031.14.02.07","Epsy_width_adapt_ratio","0.1288674598505553"
"QM22.26.031.14.02.07","Epsy_threshold_v_short_square","-0.3223702872130278"
"QM22.26.031.14.04A.03","Epsy_width_rheo","-1.683623427090722"
"QM22.26.031.14.04A.03","Epsy_fast_trough_v_rheo","-0.2185357881487526"
"QM22.26.031.14.04A.03","Epsy_peak_deltav_rheo","0.4452237433733134"
"QM22.26.031.14.04A.03","Epsy_peak_v_rheo","0.0743243418434005"
"QM22.26.031.14.04A.03","Epsy_postap_slope_rheo","1.8585691128631412"
"QM22.26.031.14.04A.03","Epsy_threshold_v_rheo","-0.6124454828132472"
"QM22.26.031.14.04A.03","Epsy_trough_t_rheo","0.9485611971282476"
"QM22.26.031.14.04A.03","Epsy_trough_v_rheo","-0.2207841098318177"
"QM22.26.031.14.04A.03","Epsy_upstroke_downstroke_ratio_rheo","-0.2606541831307884"
"QM22.26.031.14.04A.03","Epsy_ahp_delay_5spike","0.8634691455699394"
"QM22.26.031.14.04A.03","Epsy_ahp_delay_ratio_5spike","0.4957333700219938"
"QM22.26.031.14.04A.03","Epsy_postap_slope_hero","0.5960145759335982"
"QM22.26.031.14.04A.03","Epsy_trough_t_hero","2.614111031197722"
"QM22.26.031.14.04A.03","Epsy_downstroke_adapt_ratio","0.7320269261307276"
"QM22.26.031.14.04A.03","Epsy_peak_v_adapt_ratio","0.6119964515789938"
"QM22.26.031.14.04A.03","Epsy_threshold_v_adapt_ratio","0.3742830839061611"
"QM22.26.031.14.04A.03","Epsy_upstroke_adapt_ratio","0.7111304473540755"
"QM22.26.031.14.04A.03","Epsy_width_adapt_ratio","-0.528939077299137"
"QM22.26.031.14.04A.03","Epsy_threshold_v_short_square","-0.171241409681718"
"QM22.26.031.14.04A.05","Epsy_width_rheo","-1.2905347662732762"
"QM22.26.031.14.04A.05","Epsy_fast_trough_v_rheo","-0.484058386378927"
"QM22.26.031.14.04A.05","Epsy_peak_deltav_rheo","0.4621008820335267"
"QM22.26.031.14.04A.05","Epsy_peak_v_rheo","0.2276703216098796"
"QM22.26.031.14.04A.05","Epsy_postap_slope_rheo","1.4125326696607832"
"QM22.26.031.14.04A.05","Epsy_threshold_v_rheo","-0.351164725751896"
"QM22.26.031.14.04A.05","Epsy_trough_t_rheo","-0.1950294257627564"
"QM22.26.031.14.04A.05","Epsy_trough_v_rheo","-0.1495490617103088"
"QM22.26.031.14.04A.05","Epsy_upstroke_downstroke_ratio_rheo","0.2127402228175301"
"QM22.26.031.14.04A.05","Epsy_ahp_delay_5spike","0.4875259369333651"
"QM22.26.031.14.04A.05","Epsy_ahp_delay_ratio_5spike","0.1595604573881949"
"QM22.26.031.14.04A.05","Epsy_postap_slope_hero","1.3489334215817692"
"QM22.26.031.14.04A.05","Epsy_trough_t_hero","-0.0527615461549346"
"QM22.26.031.14.04A.05","Epsy_downstroke_adapt_ratio","0.2803655868846896"
"QM22.26.031.14.04A.05","Epsy_peak_v_adapt_ratio","0.3423731332524906"
"QM22.26.031.14.04A.05","Epsy_threshold_v_adapt_ratio","0.4538992602701204"
"QM22.26.031.14.04A.05","Epsy_upstroke_adapt_ratio","0.6757153514822886"
"QM22.26.031.14.04A.05","Epsy_width_adapt_ratio","-0.770893164442757"
"QM22.26.031.14.04A.05","Epsy_threshold_v_short_square","-0.0848002041075104"
"QM22.26.031.14.04A.06","Epsy_width_rheo","-0.5411348110736116"
"QM22.26.031.14.04A.06","Epsy_fast_trough_v_rheo","-0.1512819634609616"
"QM22.26.031.14.04A.06","Epsy_peak_deltav_rheo","0.0788321017576546"
"QM22.26.031.14.04A.06","Epsy_peak_v_rheo","-0.2934088353504721"
"QM22.26.031.14.04A.06","Epsy_postap_slope_rheo","1.0000174542287537"
"QM22.26.031.14.04A.06","Epsy_threshold_v_rheo","-0.375148036117063"
"QM22.26.031.14.04A.06","Epsy_trough_t_rheo","-0.1491779113755441"
"QM22.26.031.14.04A.06","Epsy_trough_v_rheo","0.201444990027234"
"QM22.26.031.14.04A.06","Epsy_upstroke_downstroke_ratio_rheo","-0.6185530374883055"
"QM22.26.031.14.04A.06","Epsy_ahp_delay_5spike","0.384655725478519"
"QM22.26.031.14.04A.06","Epsy_ahp_delay_ratio_5spike","0.4627181999000499"
"QM22.26.031.14.04A.06","Epsy_postap_slope_hero","0.8375734440044638"
"QM22.26.031.14.04A.06","Epsy_trough_t_hero","-0.2309430537181034"
"QM22.26.031.14.04A.06","Epsy_downstroke_adapt_ratio","0.0648459345898294"
"QM22.26.031.14.04A.06","Epsy_peak_v_adapt_ratio","0.7803177609595408"
"QM22.26.031.14.04A.06","Epsy_threshold_v_adapt_ratio","0.6073816026715372"
"QM22.26.031.14.04A.06","Epsy_upstroke_adapt_ratio","0.5372590891440593"
"QM22.26.031.14.04A.06","Epsy_width_adapt_ratio","-0.2019498954935198"
"QM22.26.031.14.04A.06","Epsy_threshold_v_short_square","0.3452291284384413"
"QM22.26.031.14.04A.08","Epsy_width_rheo","-0.8102255717289897"
"QM22.26.031.14.04A.08","Epsy_fast_trough_v_rheo","0.8114708969320851"
"QM22.26.031.14.04A.08","Epsy_peak_deltav_rheo","0.4034038356305251"
"QM22.26.031.14.04A.08","Epsy_peak_v_rheo","0.4493143132687443"
"QM22.26.031.14.04A.08","Epsy_postap_slope_rheo","-1.0563082061604414"
"QM22.26.031.14.04A.08","Epsy_threshold_v_rheo","0.1885176540377722"
"QM22.26.031.14.04A.08","Epsy_trough_t_rheo","0.0513019660576975"
"QM22.26.031.14.04A.08","Epsy_trough_v_rheo","-0.0394084161472965"
"QM22.26.031.14.04A.08","Epsy_upstroke_downstroke_ratio_rheo","0.2457880013653539"
"QM22.26.031.14.04A.08","Epsy_ahp_delay_5spike","0.6559949501946486"
"QM22.26.031.14.04A.08","Epsy_ahp_delay_ratio_5spike","0.8950248778170058"
"QM22.26.031.14.04A.08","Epsy_postap_slope_hero","-0.3310641223636442"
"QM22.26.031.14.04A.08","Epsy_trough_t_hero","0.1466691771212284"
"QM22.26.031.14.04A.08","Epsy_downstroke_adapt_ratio","0.5933665669469498"
"QM22.26.031.14.04A.08","Epsy_peak_v_adapt_ratio","0.6091539784443954"
"QM22.26.031.14.04A.08","Epsy_threshold_v_adapt_ratio","0.6523343773214993"
"QM22.26.031.14.04A.08","Epsy_upstroke_adapt_ratio","0.4701241553511495"
"QM22.26.031.14.04A.08","Epsy_width_adapt_ratio","-0.1573050520596046"
"QM22.26.031.14.04A.08","Epsy_threshold_v_short_square","0.5559016042643982"
"QN21.26.028.14.01.01","Epsy_width_rheo","1.1272945564491978"
"QN21.26.028.14.01.01","Epsy_fast_trough_v_rheo","0.4374057100049313"
"QN21.26.028.14.01.01","Epsy_peak_deltav_rheo","-0.1269867071703343"
"QN21.26.028.14.01.01","Epsy_peak_v_rheo","0.3092553372119174"
"QN21.26.028.14.01.01","Epsy_postap_slope_rheo","-0.6116522492174592"
"QN21.26.028.14.01.01","Epsy_threshold_v_rheo","0.8141818913753074"
"QN21.26.028.14.01.01","Epsy_trough_t_rheo","-0.3988845081701999"
"QN21.26.028.14.01.01","Epsy_trough_v_rheo","0.5863552415692017"
"QN21.26.028.14.01.01","Epsy_upstroke_downstroke_ratio_rheo","0.1375890283099382"
"QN21.26.028.14.01.01","Epsy_ahp_delay_5spike","-0.5048926223932981"
"QN21.26.028.14.01.01","Epsy_ahp_delay_ratio_5spike","-1.960180238358"
"QN21.26.028.14.01.01","Epsy_postap_slope_hero","-0.7744466330363545"
"QN21.26.028.14.01.01","Epsy_trough_t_hero","-0.5023060158971769"
"QN21.26.028.14.01.01","Epsy_downstroke_adapt_ratio","-0.4221705555352075"
"QN21.26.028.14.01.01","Epsy_peak_v_adapt_ratio","-0.7128599430752519"
"QN21.26.028.14.01.01","Epsy_threshold_v_adapt_ratio","-1.587258632908978"
"QN21.26.028.14.01.01","Epsy_upstroke_adapt_ratio","-1.1167620377530545"
"QN21.26.028.14.01.01","Epsy_width_adapt_ratio","0.1229768121336815"
"QN21.26.028.14.01.01","Epsy_threshold_v_short_square","0.6619786463411141"
"QN21.26.029.14.03.04","Epsy_width_rheo","1.6396722632475151"
"QN21.26.029.14.03.04","Epsy_fast_trough_v_rheo","0.7496316672483256"
"QN21.26.029.14.03.04","Epsy_peak_deltav_rheo","-0.5040958687798597"
"QN21.26.029.14.03.04","Epsy_peak_v_rheo","-0.1307992813727423"
"QN21.26.029.14.03.04","Epsy_postap_slope_rheo","-2.188084516730597"
"QN21.26.029.14.03.04","Epsy_threshold_v_rheo","0.722147573172152"
"QN21.26.029.14.03.04","Epsy_trough_t_rheo","1.5161591529259058"
"QN21.26.029.14.03.04","Epsy_trough_v_rheo","1.0392655440776657"
"QN21.26.029.14.03.04","Epsy_upstroke_downstroke_ratio_rheo","0.1624921072114401"
"QN21.26.029.14.03.04","Epsy_ahp_delay_5spike","0.5088528545388638"
"QN21.26.029.14.03.04","Epsy_ahp_delay_ratio_5spike","0.6633789235487559"
"QN21.26.029.14.03.04","Epsy_postap_slope_hero","0.3702250013534951"
"QN21.26.029.14.03.04","Epsy_trough_t_hero","0.4490621787641947"
"QN21.26.029.14.03.04","Epsy_downstroke_adapt_ratio","-0.0791758199040586"
"QN21.26.029.14.03.04","Epsy_peak_v_adapt_ratio","-0.1915018623797206"
"QN21.26.029.14.03.04","Epsy_threshold_v_adapt_ratio","-0.6150318155137438"
"QN21.26.029.14.03.04","Epsy_upstroke_adapt_ratio","-0.3900683444629707"
"QN21.26.029.14.03.04","Epsy_width_adapt_ratio","-0.3750681279774154"
"QN21.26.029.14.03.04","Epsy_threshold_v_short_square","1.041716242696449"
"QN22.26.002.14.01.03","Epsy_width_rheo","1.5226307668336827"
"QN22.26.002.14.01.03","Epsy_fast_trough_v_rheo","0.1719748202612665"
"QN22.26.002.14.01.03","Epsy_peak_deltav_rheo","0.0223281567163343"
"QN22.26.002.14.01.03","Epsy_peak_v_rheo","0.0166446433492155"
"QN22.26.002.14.01.03","Epsy_postap_slope_rheo","-0.6819803767165992"
"QN22.26.002.14.01.03","Epsy_threshold_v_rheo","0.2039009712451125"
"QN22.26.002.14.01.03","Epsy_trough_t_rheo","0.3856893416001378"
"QN22.26.002.14.01.03","Epsy_trough_v_rheo","0.035829252000508"
"QN22.26.002.14.01.03","Epsy_upstroke_downstroke_ratio_rheo","-0.2942274494801474"
"QN22.26.002.14.01.03","Epsy_ahp_delay_5spike","0.7167791959323997"
"QN22.26.002.14.01.03","Epsy_ahp_delay_ratio_5spike","0.413031710490049"
"QN22.26.002.14.01.03","Epsy_postap_slope_hero","-0.4020628186145851"
"QN22.26.002.14.01.03","Epsy_trough_t_hero","0.0100656577126623"
"QN22.26.002.14.01.03","Epsy_downstroke_adapt_ratio","-0.621622639491809"
"QN22.26.002.14.01.03","Epsy_peak_v_adapt_ratio","-0.8799161351715126"
"QN22.26.002.14.01.03","Epsy_threshold_v_adapt_ratio","0.0822074766843726"
"QN22.26.002.14.01.03","Epsy_upstroke_adapt_ratio","-1.0102694440699709"
"QN22.26.002.14.01.03","Epsy_width_adapt_ratio","0.7703515060744026"
"QN22.26.002.14.01.03","Epsy_threshold_v_short_square","0.0395371394070447"
"QN22.26.002.14.01.04","Epsy_width_rheo","0.8983163734470434"
"QN22.26.002.14.01.04","Epsy_fast_trough_v_rheo","-0.2414120943559988"
"QN22.26.002.14.01.04","Epsy_peak_deltav_rheo","0.2044907860477459"
"QN22.26.002.14.01.04","Epsy_peak_v_rheo","0.1180067746433903"
"QN22.26.002.14.01.04","Epsy_postap_slope_rheo","-0.0341945267513901"
"QN22.26.002.14.01.04","Epsy_threshold_v_rheo","0.0293187935895246"
"QN22.26.002.14.01.04","Epsy_trough_t_rheo","-0.0896933328867232"
"QN22.26.002.14.01.04","Epsy_trough_v_rheo","0.384162457911992"
"QN22.26.002.14.01.04","Epsy_upstroke_downstroke_ratio_rheo","-0.9331340561631446"
"QN22.26.002.14.01.04","Epsy_ahp_delay_5spike","0.3334252221167001"
"QN22.26.002.14.01.04","Epsy_ahp_delay_ratio_5spike","-0.2102489201349176"
"QN22.26.002.14.01.04","Epsy_postap_slope_hero","0.2226065842049401"
"QN22.26.002.14.01.04","Epsy_trough_t_hero","0.2853397549720169"
"QN22.26.002.14.01.04","Epsy_downstroke_adapt_ratio","-0.5635096854899023"
"QN22.26.002.14.01.04","Epsy_peak_v_adapt_ratio","-1.4632487025571816"
"QN22.26.002.14.01.04","Epsy_threshold_v_adapt_ratio","-0.1468827390561813"
"QN22.26.002.14.01.04","Epsy_upstroke_adapt_ratio","-1.1702830511450095"
"QN22.26.002.14.01.04","Epsy_width_adapt_ratio","1.049838897752774"
"QN22.26.002.14.01.04","Epsy_threshold_v_short_square","-0.3003736002639389"
"QN22.26.002.14.05.04","Epsy_width_rheo","2.5525808116407083"
"QN22.26.002.14.05.04","Epsy_fast_trough_v_rheo","0.1719748202612665"
"QN22.26.002.14.05.04","Epsy_peak_deltav_rheo","-0.393031106228475"
"QN22.26.002.14.05.04","Epsy_peak_v_rheo","-4.206209999452534"
"QN22.26.002.14.05.04","Epsy_postap_slope_rheo","-1.015407314307291"
"QN22.26.002.14.05.04","Epsy_threshold_v_rheo","-6.168847142759613"
"QN22.26.002.14.05.04","Epsy_trough_t_rheo","0.1519715171757435"
"QN22.26.002.14.05.04","Epsy_trough_v_rheo","0.5825743766393736"
"QN22.26.002.14.05.04","Epsy_upstroke_downstroke_ratio_rheo","2.1529986666532643"
"QN22.26.002.14.05.04","Epsy_ahp_delay_5spike","-0.357036483705274"
"QN22.26.002.14.05.04","Epsy_ahp_delay_ratio_5spike","1.855821080717026"
"QN22.26.002.14.05.04","Epsy_postap_slope_hero","0.0794138120489663"
"QN22.26.002.14.05.04","Epsy_trough_t_hero","-0.5071441008242099"
"QN22.26.002.14.05.04","Epsy_downstroke_adapt_ratio","-4.3903055642013085"
"QN22.26.002.14.05.04","Epsy_peak_v_adapt_ratio","-2.643006959708815"
"QN22.26.002.14.05.04","Epsy_threshold_v_adapt_ratio","-2.038404025989218"
"QN22.26.002.14.05.04","Epsy_upstroke_adapt_ratio","-2.322549406646212"
"QN22.26.002.14.05.04","Epsy_width_adapt_ratio","5.139042526593324"
"QN22.26.002.14.05.04","Epsy_threshold_v_short_square","-0.4639194612842258"
"QN22.26.002.14.05.06","Epsy_width_rheo","-0.0119415793994513"
"QN22.26.002.14.05.06","Epsy_fast_trough_v_rheo","0.108993463447938"
"QN22.26.002.14.05.06","Epsy_peak_deltav_rheo","1.0912150752748182"
"QN22.26.002.14.05.06","Epsy_peak_v_rheo","0.3629834272346013"
"QN22.26.002.14.05.06","Epsy_postap_slope_rheo","-1.6926834291157251"
"QN22.26.002.14.05.06","Epsy_threshold_v_rheo","-2.867250345075281"
"QN22.26.002.14.05.06","Epsy_trough_t_rheo","-0.0758300671192233"
"QN22.26.002.14.05.06","Epsy_trough_v_rheo","0.4577965468636366"
"QN22.26.002.14.05.06","Epsy_upstroke_downstroke_ratio_rheo","1.4669791086295976"
"QN22.26.002.14.05.06","Epsy_ahp_delay_5spike","-0.1342957936241078"
"QN22.26.002.14.05.06","Epsy_ahp_delay_ratio_5spike","1.7544816119677893"
"QN22.26.002.14.05.06","Epsy_postap_slope_hero","-1.1752734613591986"
"QN22.26.002.14.05.06","Epsy_trough_t_hero","-0.3410234656941412"
"QN22.26.002.14.05.06","Epsy_downstroke_adapt_ratio","-1.4461874731731206"
"QN22.26.002.14.05.06","Epsy_peak_v_adapt_ratio","-0.2236224323382184"
"QN22.26.002.14.05.06","Epsy_threshold_v_adapt_ratio","-0.236207762984044"
"QN22.26.002.14.05.06","Epsy_upstroke_adapt_ratio","0.1531604958175496"
"QN22.26.002.14.05.06","Epsy_width_adapt_ratio","1.4669578331611215"
"QN22.26.002.14.05.06","Epsy_threshold_v_short_square","-1.6086232255812818"
"QN22.26.002.14.05.08","Epsy_width_rheo","1.2124301760012393"
"QN22.26.002.14.05.08","Epsy_fast_trough_v_rheo","-0.6365286265246123"
"QN22.26.002.14.05.08","Epsy_peak_deltav_rheo","0.5301320974901029"
"QN22.26.002.14.05.08","Epsy_peak_v_rheo","-1.2972330039726891"
"QN22.26.002.14.05.08","Epsy_postap_slope_rheo","-1.334739165080855"
"QN22.26.002.14.05.08","Epsy_threshold_v_rheo","-8.159329990975642"
"QN22.26.002.14.05.08","Epsy_trough_t_rheo","0.5272822128851246"
"QN22.26.002.14.05.08","Epsy_trough_v_rheo","-0.2545050430730047"
"QN22.26.002.14.05.08","Epsy_upstroke_downstroke_ratio_rheo","1.2530894066156124"
"QN22.26.002.14.05.08","Epsy_ahp_delay_5spike","1.091549247924456"
"QN22.26.002.14.05.08","Epsy_ahp_delay_ratio_5spike","1.780013079905138"
"QN22.26.002.14.05.08","Epsy_postap_slope_hero","-1.4522682380317369"
"QN22.26.002.14.05.08","Epsy_trough_t_hero","0.0445427419032295"
"QN22.26.002.14.05.08","Epsy_downstroke_adapt_ratio","-0.083739615467878"
"QN22.26.002.14.05.08","Epsy_peak_v_adapt_ratio","0.8526051043521771"
"QN22.26.002.14.05.08","Epsy_threshold_v_adapt_ratio","-0.2286143476181387"
"QN22.26.002.14.05.08","Epsy_upstroke_adapt_ratio","0.3943554182008053"
"QN22.26.002.14.05.08","Epsy_width_adapt_ratio","0.4139408501962442"
"QN22.26.002.14.05.08","Epsy_threshold_v_short_square","-1.2162103143439855"
"QN22.26.002.14.07.02","Epsy_width_rheo","-0.9974218012192952"
"QN22.26.002.14.07.02","Epsy_fast_trough_v_rheo","-0.190266859762766"
"QN22.26.002.14.07.02","Epsy_peak_deltav_rheo","0.9394487817723276"
"QN22.26.002.14.07.02","Epsy_peak_v_rheo","0.7200900014466683"
"QN22.26.002.14.07.02","Epsy_postap_slope_rheo","-0.9688767561491198"
"QN22.26.002.14.07.02","Epsy_threshold_v_rheo","-0.6713493385665854"
"QN22.26.002.14.07.02","Epsy_trough_t_rheo","0.983520264019557"
"QN22.26.002.14.07.02","Epsy_trough_v_rheo","0.0796960994064263"
"QN22.26.002.14.07.02","Epsy_upstroke_downstroke_ratio_rheo","1.2705710092819522"
"QN22.26.002.14.07.02","Epsy_ahp_delay_5spike","-0.4273973914943109"
"QN22.26.002.14.07.02","Epsy_ahp_delay_ratio_5spike","0.123151496752271"
"QN22.26.002.14.07.02","Epsy_postap_slope_hero","-1.6450921386465984"
"QN22.26.002.14.07.02","Epsy_trough_t_hero","-1.176208048438257"
"QN22.26.002.14.07.02","Epsy_downstroke_adapt_ratio","-0.4652837328409083"
"QN22.26.002.14.07.02","Epsy_peak_v_adapt_ratio","-0.6441182946317964"
"QN22.26.002.14.07.02","Epsy_threshold_v_adapt_ratio","0.1359048247750214"
"QN22.26.002.14.07.02","Epsy_upstroke_adapt_ratio","-0.00007828046667314322"
"QN22.26.002.14.07.02","Epsy_width_adapt_ratio","0.3699979499577618"
"QN22.26.002.14.07.02","Epsy_threshold_v_short_square","-0.2259971371417678"
"QN22.26.009.14.1A.03","Epsy_width_rheo","0.2653205320493708"
"QN22.26.009.14.1A.03","Epsy_fast_trough_v_rheo","-0.5890139720611702"
"QN22.26.009.14.1A.03","Epsy_peak_deltav_rheo","-0.5246493868872967"
"QN22.26.009.14.1A.03","Epsy_peak_v_rheo","-0.3024236016223016"
"QN22.26.009.14.1A.03","Epsy_postap_slope_rheo","0.6094868796793919"
"QN22.26.009.14.1A.03","Epsy_threshold_v_rheo","0.5542375295975359"
"QN22.26.009.14.1A.03","Epsy_trough_t_rheo","-0.5232609879865118"
"QN22.26.009.14.1A.03","Epsy_trough_v_rheo","0.1461393567038778"
"QN22.26.009.14.1A.03","Epsy_upstroke_downstroke_ratio_rheo","-0.6177819412422247"
"QN22.26.009.14.1A.03","Epsy_ahp_delay_5spike","-0.271237712264764"
"QN22.26.009.14.1A.03","Epsy_ahp_delay_ratio_5spike","-0.1335796872939572"
"QN22.26.009.14.1A.03","Epsy_postap_slope_hero","0.8266570794571195"
"QN22.26.009.14.1A.03","Epsy_trough_t_hero","0.6211648694536398"
"QN22.26.009.14.1A.03","Epsy_downstroke_adapt_ratio","-0.320258141402034"
"QN22.26.009.14.1A.03","Epsy_peak_v_adapt_ratio","0.6595689594031122"
"QN22.26.009.14.1A.03","Epsy_threshold_v_adapt_ratio","-0.2253932905225634"
"QN22.26.009.14.1A.03","Epsy_upstroke_adapt_ratio","0.0192879102778226"
"QN22.26.009.14.1A.03","Epsy_width_adapt_ratio","0.0475013797863152"
"QN22.26.009.14.1A.03","Epsy_threshold_v_short_square","-0.0613277715701438"
"QN22.26.009.14.4A.05","Epsy_width_rheo","-0.2190301570694572"
"QN22.26.009.14.4A.05","Epsy_fast_trough_v_rheo","-2.1067684456429268"
"QN22.26.009.14.4A.05","Epsy_peak_deltav_rheo","0.2233508705588012"
"QN22.26.009.14.4A.05","Epsy_peak_v_rheo","-1.0790580127681568"
"QN22.26.009.14.4A.05","Epsy_postap_slope_rheo","0.3521343768628041"
"QN22.26.009.14.4A.05","Epsy_threshold_v_rheo","-2.430035427564549"
"QN22.26.009.14.4A.05","Epsy_trough_t_rheo","-0.6737185267968915"
"QN22.26.009.14.4A.05","Epsy_trough_v_rheo","-3.210500778641675"
"QN22.26.009.14.4A.05","Epsy_upstroke_downstroke_ratio_rheo","-1.57417199202061"
"QN22.26.009.14.4A.05","Epsy_ahp_delay_5spike","0.1921930139196039"
"QN22.26.009.14.4A.05","Epsy_ahp_delay_ratio_5spike","0.7809398792995037"
"QN22.26.009.14.4A.05","Epsy_postap_slope_hero","-1.620880203033976"
"QN22.26.009.14.4A.05","Epsy_trough_t_hero","-0.4304999126406889"
"QN22.26.009.14.4A.05","Epsy_downstroke_adapt_ratio","0.0828978472381255"
"QN22.26.009.14.4A.05","Epsy_peak_v_adapt_ratio","1.8970586667509317"
"QN22.26.009.14.4A.05","Epsy_threshold_v_adapt_ratio","0.4481537929692321"
"QN22.26.009.14.4A.05","Epsy_upstroke_adapt_ratio","0.7948849563526167"
"QN22.26.009.14.4A.05","Epsy_width_adapt_ratio","-0.0553690623432166"
"QN22.26.009.14.4A.05","Epsy_threshold_v_short_square","-0.8821345067182891"
"QN22.26.009.14.4A.10","Epsy_width_rheo","-0.4483645613419693"
"QN22.26.009.14.4A.10","Epsy_fast_trough_v_rheo","-1.2213801387465533"
"QN22.26.009.14.4A.10","Epsy_peak_deltav_rheo","0.8429886479474323"
"QN22.26.009.14.4A.10","Epsy_peak_v_rheo","0.7756315903202612"
"QN22.26.009.14.4A.10","Epsy_postap_slope_rheo","0.0432184193749221"
"QN22.26.009.14.4A.10","Epsy_threshold_v_rheo","-0.2209020938121169"
"QN22.26.009.14.4A.10","Epsy_trough_t_rheo","-0.4368604526419536"
"QN22.26.009.14.4A.10","Epsy_trough_v_rheo","-0.5330474534583719"
"QN22.26.009.14.4A.10","Epsy_upstroke_downstroke_ratio_rheo","1.521659829234113"
"QN22.26.009.14.4A.10","Epsy_ahp_delay_5spike","0.4204127586996247"
"QN22.26.009.14.4A.10","Epsy_ahp_delay_ratio_5spike","0.1466656564556827"
"QN22.26.009.14.4A.10","Epsy_postap_slope_hero","0.4418061833612357"
"QN22.26.009.14.4A.10","Epsy_trough_t_hero","0.0292424167818242"
"QN22.26.009.14.4A.10","Epsy_downstroke_adapt_ratio","0.2185189026105896"
"QN22.26.009.14.4A.10","Epsy_peak_v_adapt_ratio","-0.0883781708832892"
"QN22.26.009.14.4A.10","Epsy_threshold_v_adapt_ratio","0.0268810280847525"
"QN22.26.009.14.4A.10","Epsy_upstroke_adapt_ratio","0.2012261934677738"
"QN22.26.009.14.4A.10","Epsy_width_adapt_ratio","-0.0132447804641526"
"QN22.26.009.14.4A.10","Epsy_threshold_v_short_square","-0.204600179064399"
"QN22.26.010.14.03.04","Epsy_width_rheo","-0.0618626707603594"
"QN22.26.010.14.03.04","Epsy_fast_trough_v_rheo","-1.8210791946692657"
"QN22.26.010.14.03.04","Epsy_peak_deltav_rheo","0.6239920541578604"
"QN22.26.010.14.03.04","Epsy_peak_v_rheo","0.6114805087375487"
"QN22.26.010.14.03.04","Epsy_postap_slope_rheo","0.8477536451430628"
"QN22.26.010.14.03.04","Epsy_threshold_v_rheo","0.0045507531556637"
"QN22.26.010.14.03.04","Epsy_trough_t_rheo","0.9730903259072048"
"QN22.26.010.14.03.04","Epsy_trough_v_rheo","-1.2269625722365087"
"QN22.26.010.14.03.04","Epsy_upstroke_downstroke_ratio_rheo","0.94350585088659"
"QN22.26.010.14.03.04","Epsy_ahp_delay_5spike","-0.3170450359980784"
"QN22.26.010.14.03.04","Epsy_ahp_delay_ratio_5spike","-0.4750246215019808"
"QN22.26.010.14.03.04","Epsy_postap_slope_hero","0.2320191059574873"
"QN22.26.010.14.03.04","Epsy_trough_t_hero","-0.3201078582756383"
"QN22.26.010.14.03.04","Epsy_downstroke_adapt_ratio","0.0018727549411577"
"QN22.26.010.14.03.04","Epsy_peak_v_adapt_ratio","-0.3379222238188054"
"QN22.26.010.14.03.04","Epsy_threshold_v_adapt_ratio","-0.0333626784307902"
"QN22.26.010.14.03.04","Epsy_upstroke_adapt_ratio","0.1047186932851462"
"QN22.26.010.14.03.04","Epsy_width_adapt_ratio","0.3097842237917474"
"QN22.26.010.14.03.04","Epsy_threshold_v_short_square","-0.3667864361523577"
"QN22.26.010.14.06.05","Epsy_width_rheo","-0.3021729819899881"
"QN22.26.010.14.06.05","Epsy_fast_trough_v_rheo","-0.7635661711917583"
"QN22.26.010.14.06.05","Epsy_peak_deltav_rheo","0.5137798174246405"
"QN22.26.010.14.06.05","Epsy_peak_v_rheo","0.4470796872117314"
"QN22.26.010.14.06.05","Epsy_postap_slope_rheo","0.5052830604806379"
"QN22.26.010.14.06.05","Epsy_threshold_v_rheo","-0.0541997936242873"
"QN22.26.010.14.06.05","Epsy_trough_t_rheo","-0.2601246318843997"
"QN22.26.010.14.06.05","Epsy_trough_v_rheo","0.0209985114103105"
"QN22.26.010.14.06.05","Epsy_upstroke_downstroke_ratio_rheo","0.0804591186107496"
"QN22.26.010.14.06.05","Epsy_ahp_delay_5spike","-0.6165421466915059"
"QN22.26.010.14.06.05","Epsy_ahp_delay_ratio_5spike","-0.1016158322334422"
"QN22.26.010.14.06.05","Epsy_postap_slope_hero","0.7717018270407584"
"QN22.26.010.14.06.05","Epsy_trough_t_hero","0.0851535375933199"
"QN22.26.010.14.06.05","Epsy_downstroke_adapt_ratio","0.4381960135594937"
"QN22.26.010.14.06.05","Epsy_peak_v_adapt_ratio","0.3485881065917914"
"QN22.26.010.14.06.05","Epsy_threshold_v_adapt_ratio","0.2233279239777846"
"QN22.26.010.14.06.05","Epsy_upstroke_adapt_ratio","0.2356981770912707"
"QN22.26.010.14.06.05","Epsy_width_adapt_ratio","-0.1487707474673198"
"QN22.26.010.14.06.05","Epsy_threshold_v_short_square","-0.064253477996345"
"QN22.26.010.14.06.06","Epsy_width_rheo","0.6235763619704489"
"QN22.26.010.14.06.06","Epsy_fast_trough_v_rheo","-2.5125040672829067"
"QN22.26.010.14.06.06","Epsy_peak_deltav_rheo","1.1449747455185828"
"QN22.26.010.14.06.06","Epsy_peak_v_rheo","0.769738965814444"
"QN22.26.010.14.06.06","Epsy_postap_slope_rheo","-0.3806326627453992"
"QN22.26.010.14.06.06","Epsy_threshold_v_rheo","-1.415438961675122"
"QN22.26.010.14.06.06","Epsy_trough_t_rheo","-1.1584377239467964"
"QN22.26.010.14.06.06","Epsy_trough_v_rheo","-1.9835662238374197"
"QN22.26.010.14.06.06","Epsy_upstroke_downstroke_ratio_rheo","1.2101679028386436"
"QN22.26.010.14.06.06","Epsy_ahp_delay_5spike","-0.4825195198004842"
"QN22.26.010.14.06.06","Epsy_ahp_delay_ratio_5spike","-0.4555454389581204"
"QN22.26.010.14.06.06","Epsy_postap_slope_hero","-0.2660393277696463"
"QN22.26.010.14.06.06","Epsy_trough_t_hero","0.6138552254567055"
"QN22.26.010.14.06.06","Epsy_downstroke_adapt_ratio","0.1923100909957974"
"QN22.26.010.14.06.06","Epsy_peak_v_adapt_ratio","-0.1678023742707227"
"QN22.26.010.14.06.06","Epsy_threshold_v_adapt_ratio","0.0710077079548248"
"QN22.26.010.14.06.06","Epsy_upstroke_adapt_ratio","0.2061215748472591"
"QN22.26.010.14.06.06","Epsy_width_adapt_ratio","-0.2655512304026519"
"QN22.26.010.14.06.06","Epsy_threshold_v_short_square","-0.9118910750728564"
"QN22.26.010.14.07.01","Epsy_width_rheo","-0.1920195916270849"
"QN22.26.010.14.07.01","Epsy_fast_trough_v_rheo","-0.4649168198534176"
"QN22.26.010.14.07.01","Epsy_peak_deltav_rheo","0.5228799012747013"
"QN22.26.010.14.07.01","Epsy_peak_v_rheo","0.4825938604611152"
"QN22.26.010.14.07.01","Epsy_postap_slope_rheo","0.3614488125121955"
"QN22.26.010.14.07.01","Epsy_threshold_v_rheo","-0.0079244834002079"
"QN22.26.010.14.07.01","Epsy_trough_t_rheo","-0.020435538501896"
"QN22.26.010.14.07.01","Epsy_trough_v_rheo","-0.0911274763765802"
"QN22.26.010.14.07.01","Epsy_upstroke_downstroke_ratio_rheo","1.0094278544313944"
"QN22.26.010.14.07.01","Epsy_ahp_delay_5spike","0.5589132118130067"
"QN22.26.010.14.07.01","Epsy_ahp_delay_ratio_5spike","0.8090524352335307"
"QN22.26.010.14.07.01","Epsy_postap_slope_hero","0.8350385331090863"
"QN22.26.010.14.07.01","Epsy_trough_t_hero","-0.1593624189084429"
"QN22.26.010.14.07.01","Epsy_downstroke_adapt_ratio","0.0645698559198891"
"QN22.26.010.14.07.01","Epsy_peak_v_adapt_ratio","0.2643443227377174"
"QN22.26.010.14.07.01","Epsy_threshold_v_adapt_ratio","0.2160064612183889"
"QN22.26.010.14.07.01","Epsy_upstroke_adapt_ratio","0.2637549496256763"
"QN22.26.010.14.07.01","Epsy_width_adapt_ratio","0.0640618465892654"
"QN22.26.010.14.07.01","Epsy_threshold_v_short_square","-0.0162972982984357"
"QN22.26.011.14.10A.06","Epsy_width_rheo","0.1541326090816651"
"QN22.26.011.14.10A.06","Epsy_fast_trough_v_rheo","-0.6641420140749245"
"QN22.26.011.14.10A.06","Epsy_peak_deltav_rheo","0.5391632179625513"
"QN22.26.011.14.10A.06","Epsy_peak_v_rheo","-0.0834438540707856"
"QN22.26.011.14.10A.06","Epsy_postap_slope_rheo","0.2055978094431299"
"QN22.26.011.14.10A.06","Epsy_threshold_v_rheo","-1.2740824511543467"
"QN22.26.011.14.10A.06","Epsy_trough_t_rheo","-0.088042237422719"
"QN22.26.011.14.10A.06","Epsy_trough_v_rheo","-1.4974347451613286"
"QN22.26.011.14.10A.06","Epsy_upstroke_downstroke_ratio_rheo","0.3623794299129548"
"QN22.26.011.14.10A.06","Epsy_ahp_delay_5spike","0.8985240103746024"
"QN22.26.011.14.10A.06","Epsy_ahp_delay_ratio_5spike","0.8254391470561069"
"QN22.26.011.14.10A.06","Epsy_postap_slope_hero","-0.0106460682501034"
"QN22.26.011.14.10A.06","Epsy_trough_t_hero","1.7641340597957669"
"QN22.26.011.14.10A.06","Epsy_downstroke_adapt_ratio","-0.9194814878773584"
"QN22.26.011.14.10A.06","Epsy_peak_v_adapt_ratio","0.7586209503117951"
"QN22.26.011.14.10A.06","Epsy_threshold_v_adapt_ratio","0.3808246505550926"
"QN22.26.011.14.10A.06","Epsy_upstroke_adapt_ratio","0.4652533375755489"
"QN22.26.011.14.10A.06","Epsy_width_adapt_ratio","0.0784720123094149"
"QN22.26.011.14.10A.06","Epsy_threshold_v_short_square","-0.1893972045299577"
"QN22.26.011.14.10A.07","Epsy_width_rheo","-0.2463865384006364"
"QN22.26.011.14.10A.07","Epsy_fast_trough_v_rheo","0.003346798183453"
"QN22.26.011.14.10A.07","Epsy_peak_deltav_rheo","0.8193724915549496"
"QN22.26.011.14.10A.07","Epsy_peak_v_rheo","0.5457132819058741"
"QN22.26.011.14.10A.07","Epsy_postap_slope_rheo","0.3309380526344534"
"QN22.26.011.14.10A.07","Epsy_threshold_v_rheo","-0.7040652673969165"
"QN22.26.011.14.10A.07","Epsy_trough_t_rheo","1.5740390145771883"
"QN22.26.011.14.10A.07","Epsy_trough_v_rheo","-1.4768995577747095"
"QN22.26.011.14.10A.07","Epsy_upstroke_downstroke_ratio_rheo","1.534120386280585"
"QN22.26.011.14.10A.07","Epsy_ahp_delay_5spike","1.2631503828362067"
"QN22.26.011.14.10A.07","Epsy_ahp_delay_ratio_5spike","1.1433758523361004"
"QN22.26.011.14.10A.07","Epsy_postap_slope_hero","-0.2844169558238482"
"QN22.26.011.14.10A.07","Epsy_trough_t_hero","0.8275390922663325"
"QN22.26.011.14.10A.07","Epsy_downstroke_adapt_ratio","0.6020505226002082"
"QN22.26.011.14.10A.07","Epsy_peak_v_adapt_ratio","-0.7256174740187146"
"QN22.26.011.14.10A.07","Epsy_threshold_v_adapt_ratio","0.1174395225870442"
"QN22.26.011.14.10A.07","Epsy_upstroke_adapt_ratio","-0.1860208655545391"
"QN22.26.011.14.10A.07","Epsy_width_adapt_ratio","-0.0725471824365937"
"QN22.26.011.14.10A.07","Epsy_threshold_v_short_square","-0.7406157103621782"
"QN22.26.011.14.2A.08","Epsy_width_rheo","0.816192449158612"
"QN22.26.011.14.2A.08","Epsy_fast_trough_v_rheo","-0.5163301093614624"
"QN22.26.011.14.2A.08","Epsy_peak_deltav_rheo","0.8709913918916741"
"QN22.26.011.14.2A.08","Epsy_peak_v_rheo","0.6816910476229375"
"QN22.26.011.14.2A.08","Epsy_postap_slope_rheo","0.4028584373001821"
"QN22.26.011.14.2A.08","Epsy_threshold_v_rheo","-0.5342689757784069"
"QN22.26.011.14.2A.08","Epsy_trough_t_rheo","0.4181814594770615"
"QN22.26.011.14.2A.08","Epsy_trough_v_rheo","-0.7371977010651515"
"QN22.26.011.14.2A.08","Epsy_upstroke_downstroke_ratio_rheo","1.4751651385990558"
"QN22.26.011.14.2A.08","Epsy_ahp_delay_5spike","0.8347260429883895"
"QN22.26.011.14.2A.08","Epsy_ahp_delay_ratio_5spike","0.5810256281220901"
"QN22.26.011.14.2A.08","Epsy_postap_slope_hero","-0.3562585448068404"
"QN22.26.011.14.2A.08","Epsy_trough_t_hero","-0.337805597048137"
"QN22.26.011.14.2A.08","Epsy_downstroke_adapt_ratio","0.4314089630674882"
"QN22.26.011.14.2A.08","Epsy_peak_v_adapt_ratio","0.3115372138061952"
"QN22.26.011.14.2A.08","Epsy_threshold_v_adapt_ratio","0.5154606813506322"
"QN22.26.011.14.2A.08","Epsy_upstroke_adapt_ratio","0.4428434679189795"
"QN22.26.011.14.2A.08","Epsy_width_adapt_ratio","0.2103714438894361"
"QN22.26.011.14.2A.08","Epsy_threshold_v_short_square","-0.2198699913904003"
"QN22.26.011.14.4B.01","Epsy_width_rheo","-0.3021729819899881"
"QN22.26.011.14.4B.01","Epsy_fast_trough_v_rheo","-0.8001744477675422"
"QN22.26.011.14.4B.01","Epsy_peak_deltav_rheo","0.1598336388412052"
"QN22.26.011.14.4B.01","Epsy_peak_v_rheo","0.1809001145994773"
"QN22.26.011.14.4B.01","Epsy_postap_slope_rheo","0.0082780821188458"
"QN22.26.011.14.4B.01","Epsy_threshold_v_rheo","0.2115574824490789"
"QN22.26.011.14.4B.01","Epsy_trough_t_rheo","0.4631563364723772"
"QN22.26.011.14.4B.01","Epsy_trough_v_rheo","-1.191050164410363"
"QN22.26.011.14.4B.01","Epsy_upstroke_downstroke_ratio_rheo","0.27102844503662"
"QN22.26.011.14.4B.01","Epsy_ahp_delay_5spike","1.0561808405474251"
"QN22.26.011.14.4B.01","Epsy_ahp_delay_ratio_5spike","0.768441117980984"
"QN22.26.011.14.4B.01","Epsy_postap_slope_hero","0.2317657503595193"
"QN22.26.011.14.4B.01","Epsy_trough_t_hero","0.4490621787641947"
"QN22.26.011.14.4B.01","Epsy_downstroke_adapt_ratio","0.9776944172781928"
"QN22.26.011.14.4B.01","Epsy_peak_v_adapt_ratio","0.5282324532697079"
"QN22.26.011.14.4B.01","Epsy_threshold_v_adapt_ratio","0.1463489679912716"
"QN22.26.011.14.4B.01","Epsy_upstroke_adapt_ratio","0.3630105759451448"
"QN22.26.011.14.4B.01","Epsy_width_adapt_ratio","-0.6529271317610199"
"QN22.26.011.14.4B.01","Epsy_threshold_v_short_square","-0.2598885627624219"
"QN22.26.011.14.55.03","Epsy_width_rheo","0.1993044110160222"
"QN22.26.011.14.55.03","Epsy_fast_trough_v_rheo","1.3591553049056004"
"QN22.26.011.14.55.03","Epsy_peak_deltav_rheo","-0.2821215438499922"
"QN22.26.011.14.55.03","Epsy_peak_v_rheo","0.1982326639341592"
"QN22.26.011.14.55.03","Epsy_postap_slope_rheo","-1.6608114040198156"
"QN22.26.011.14.55.03","Epsy_threshold_v_rheo","0.8589741555848456"
"QN22.26.011.14.55.03","Epsy_trough_t_rheo","-0.392446204088808"
"QN22.26.011.14.55.03","Epsy_trough_v_rheo","0.4007530256037195"
"QN22.26.011.14.55.03","Epsy_upstroke_downstroke_ratio_rheo","-1.183954502015017"
"QN22.26.011.14.55.03","Epsy_ahp_delay_5spike","0.5885838436402596"
"QN22.26.011.14.55.03","Epsy_ahp_delay_ratio_5spike","0.3159733049466379"
"QN22.26.011.14.55.03","Epsy_postap_slope_hero","-1.9170338947255428"
"QN22.26.011.14.55.03","Epsy_trough_t_hero","0.3183862928024738"
"QN22.26.011.14.55.03","Epsy_downstroke_adapt_ratio","-1.0254663223089442"
"QN22.26.011.14.55.03","Epsy_peak_v_adapt_ratio","-2.004657113673257"
"QN22.26.011.14.55.03","Epsy_threshold_v_adapt_ratio","-0.3528946075035549"
"QN22.26.011.14.55.03","Epsy_upstroke_adapt_ratio","-1.8612048101004477"
"QN22.26.011.14.55.03","Epsy_width_adapt_ratio","1.176466026973047"
"QN22.26.011.14.55.03","Epsy_threshold_v_short_square","0.5948509422726832"
"QN22.26.011.14.5A.03","Epsy_width_rheo","-0.1920195916270849"
"QN22.26.011.14.5A.03","Epsy_fast_trough_v_rheo","0.487735936758851"
"QN22.26.011.14.5A.03","Epsy_peak_deltav_rheo","0.9912320655772184"
"QN22.26.011.14.5A.03","Epsy_peak_v_rheo","0.9718249475887945"
"QN22.26.011.14.5A.03","Epsy_postap_slope_rheo","1.2231355568901672"
"QN22.26.011.14.5A.03","Epsy_threshold_v_rheo","-0.1938403984893211"
"QN22.26.011.14.5A.03","Epsy_trough_t_rheo","0.4873409652284723"
"QN22.26.011.14.5A.03","Epsy_trough_v_rheo","0.1554599044030072"
"QN22.26.011.14.5A.03","Epsy_upstroke_downstroke_ratio_rheo","1.4042764711968998"
"QN22.26.011.14.5A.03","Epsy_ahp_delay_5spike","1.081226811739434"
"QN22.26.011.14.5A.03","Epsy_ahp_delay_ratio_5spike","1.016883408954459"
"QN22.26.011.14.5A.03","Epsy_postap_slope_hero","0.6159402766688511"
"QN22.26.011.14.5A.03","Epsy_trough_t_hero","0.323558955387726"
"QN22.26.011.14.5A.03","Epsy_downstroke_adapt_ratio","0.4835663577725408"
"QN22.26.011.14.5A.03","Epsy_peak_v_adapt_ratio","-0.1687083812888458"
"QN22.26.011.14.5A.03","Epsy_threshold_v_adapt_ratio","0.4426263128465579"
"QN22.26.011.14.5A.03","Epsy_upstroke_adapt_ratio","0.450374543993108"
"QN22.26.011.14.5A.03","Epsy_width_adapt_ratio","-0.4577369326073972"
"QN22.26.011.14.5A.03","Epsy_threshold_v_short_square","-0.3286811126207721"
"QN22.26.011.14.5A.05","Epsy_width_rheo","0.5678847005854055"
"QN22.26.011.14.5A.05","Epsy_fast_trough_v_rheo","0.0892523972302241"
"QN22.26.011.14.5A.05","Epsy_peak_deltav_rheo","0.6013448688721812"
"QN22.26.011.14.5A.05","Epsy_peak_v_rheo","0.3814059432291868"
"QN22.26.011.14.5A.05","Epsy_postap_slope_rheo","0.3315627541255988"
"QN22.26.011.14.5A.05","Epsy_threshold_v_rheo","-0.409111635894592"
"QN22.26.011.14.5A.05","Epsy_trough_t_rheo","0.9222673845399494"
"QN22.26.011.14.5A.05","Epsy_trough_v_rheo","-0.2830314205866732"
"QN22.26.011.14.5A.05","Epsy_upstroke_downstroke_ratio_rheo","1.9085908070281812"
"QN22.26.011.14.5A.05","Epsy_ahp_delay_5spike","0.7396037619401419"
"QN22.26.011.14.5A.05","Epsy_ahp_delay_ratio_5spike","0.4600529415368982"
"QN22.26.011.14.5A.05","Epsy_postap_slope_hero","-0.299342604544505"
"QN22.26.011.14.5A.05","Epsy_trough_t_hero","-0.7719823450085435"
"QN22.26.011.14.5A.05","Epsy_downstroke_adapt_ratio","-0.1106176122330371"
"QN22.26.011.14.5A.05","Epsy_peak_v_adapt_ratio","0.4345397472089757"
"QN22.26.011.14.5A.05","Epsy_threshold_v_adapt_ratio","0.0355786143116211"
"QN22.26.011.14.5A.05","Epsy_upstroke_adapt_ratio","0.3362040318786192"
"QN22.26.011.14.5A.05","Epsy_width_adapt_ratio","0.0971743623457137"
"QN22.26.011.14.5A.05","Epsy_threshold_v_short_square","-0.2168110269704529"
"QN22.26.011.14.6A.05","Epsy_width_rheo","-0.0872675070868507"
"QN22.26.011.14.6A.05","Epsy_fast_trough_v_rheo","0.3018803103343506"
"QN22.26.011.14.6A.05","Epsy_peak_deltav_rheo","1.3326243032154714"
"QN22.26.011.14.6A.05","Epsy_peak_v_rheo","1.1470686535607284"
"QN22.26.011.14.6A.05","Epsy_postap_slope_rheo","0.1593764125448248"
"QN22.26.011.14.6A.05","Epsy_threshold_v_rheo","-0.9945167652891992"
"QN22.26.011.14.6A.05","Epsy_trough_t_rheo","-0.2677236374350184"
"QN22.26.011.14.6A.05","Epsy_trough_v_rheo","-2.60207353863775"
"QN22.26.011.14.6A.05","Epsy_upstroke_downstroke_ratio_rheo","1.4207639414921995"
"QN22.26.011.14.6A.05","Epsy_ahp_delay_5spike","1.0273123685049264"
"QN22.26.011.14.6A.05","Epsy_ahp_delay_ratio_5spike","1.0374823424852124"
"QN22.26.011.14.6A.05","Epsy_postap_slope_hero","0.5735845823275147"
"QN22.26.011.14.6A.05","Epsy_trough_t_hero","0.5072299339237466"
"QN22.26.011.14.6A.05","Epsy_downstroke_adapt_ratio","0.2442664886464424"
"QN22.26.011.14.6A.05","Epsy_peak_v_adapt_ratio","-0.0969779459731476"
"QN22.26.011.14.6A.05","Epsy_threshold_v_adapt_ratio","0.1844666480273371"
"QN22.26.011.14.6A.05","Epsy_upstroke_adapt_ratio","0.3851101091490441"
"QN22.26.011.14.6A.05","Epsy_width_adapt_ratio","-0.0781627355750094"
"QN22.26.011.14.6A.05","Epsy_threshold_v_short_square","-0.6946962074520829"
"QN22.26.011.14.6A.09","Epsy_width_rheo","0.2868803091776449"
"QN22.26.011.14.6A.09","Epsy_fast_trough_v_rheo","-0.1846564397586449"
"QN22.26.011.14.6A.09","Epsy_peak_deltav_rheo","1.1987563696447612"
"QN22.26.011.14.6A.09","Epsy_peak_v_rheo","1.0749457518181564"
"QN22.26.011.14.6A.09","Epsy_postap_slope_rheo","-0.4904403510830846"
"QN22.26.011.14.6A.09","Epsy_threshold_v_rheo","-0.6390501764085371"
"QN22.26.011.14.6A.09","Epsy_trough_t_rheo","-0.3241349974279136"
"QN22.26.011.14.6A.09","Epsy_trough_v_rheo","-0.870088439192549"
"QN22.26.011.14.6A.09","Epsy_upstroke_downstroke_ratio_rheo","2.219036062139861"
"QN22.26.011.14.6A.09","Epsy_ahp_delay_5spike","0.7170311087259733"
"QN22.26.011.14.6A.09","Epsy_ahp_delay_ratio_5spike","0.7712793175675754"
"QN22.26.011.14.6A.09","Epsy_postap_slope_hero","0.3664760437579069"
"QN22.26.011.14.6A.09","Epsy_trough_t_hero","0.3267332616702094"
"QN22.26.011.14.6A.09","Epsy_downstroke_adapt_ratio","-0.0499849891728717"
"QN22.26.011.14.6A.09","Epsy_peak_v_adapt_ratio","-0.1044766503643071"
"QN22.26.011.14.6A.09","Epsy_threshold_v_adapt_ratio","0.1756627249824134"
"QN22.26.011.14.6A.09","Epsy_upstroke_adapt_ratio","0.1962912341876361"
"QN22.26.011.14.6A.09","Epsy_width_adapt_ratio","0.3368114507324058"
"QN22.26.011.14.6A.09","Epsy_threshold_v_short_square","-0.787150886678243"
"QN22.26.011.14.8B.02","Epsy_width_rheo","0.0368397766467787"
"QN22.26.011.14.8B.02","Epsy_fast_trough_v_rheo","-0.5098391461380593"
"QN22.26.011.14.8B.02","Epsy_peak_deltav_rheo","0.7599904867955892"
"QN22.26.011.14.8B.02","Epsy_peak_v_rheo","0.5067223299732029"
"QN22.26.011.14.8B.02","Epsy_postap_slope_rheo","0.8155428929226591"
"QN22.26.011.14.8B.02","Epsy_threshold_v_rheo","-0.6018814036436819"
"QN22.26.011.14.8B.02","Epsy_trough_t_rheo","1.333402171051938"
"QN22.26.011.14.8B.02","Epsy_trough_v_rheo","-0.8099731158676028"
"QN22.26.011.14.8B.02","Epsy_upstroke_downstroke_ratio_rheo","1.1349563617018894"
"QN22.26.011.14.8B.02","Epsy_ahp_delay_5spike","1.252605184119581"
"QN22.26.011.14.8B.02","Epsy_ahp_delay_ratio_5spike","1.090364891017498"
"QN22.26.011.14.8B.02","Epsy_postap_slope_hero","0.355068563625308"
"QN22.26.011.14.8B.02","Epsy_trough_t_hero","0.5187083742380539"
"QN22.26.011.14.8B.02","Epsy_downstroke_adapt_ratio","0.1008897834047639"
"QN22.26.011.14.8B.02","Epsy_peak_v_adapt_ratio","0.0027610834874851"
"QN22.26.011.14.8B.02","Epsy_threshold_v_adapt_ratio","0.092794716347799"
"QN22.26.011.14.8B.02","Epsy_upstroke_adapt_ratio","0.2070684042091433"
"QN22.26.011.14.8B.02","Epsy_width_adapt_ratio","-0.1365385322530267"
"QN22.26.011.14.8B.02","Epsy_threshold_v_short_square","-0.3795812895997852"
"QN22.26.014.14.2A.04","Epsy_width_rheo","-0.7397098029022214"
"QN22.26.014.14.2A.04","Epsy_fast_trough_v_rheo","-2.496670192550216"
"QN22.26.014.14.2A.04","Epsy_peak_deltav_rheo","0.7681109983780928"
"QN22.26.014.14.2A.04","Epsy_peak_v_rheo","0.390566904031058"
"QN22.26.014.14.2A.04","Epsy_postap_slope_rheo","0.2009107746419722"
"QN22.26.014.14.2A.04","Epsy_threshold_v_rheo","-0.921708514615722"
"QN22.26.014.14.2A.04","Epsy_trough_t_rheo","-0.8013653829133126"
"QN22.26.014.14.2A.04","Epsy_trough_v_rheo","-1.5496771557064222"
"QN22.26.014.14.2A.04","Epsy_upstroke_downstroke_ratio_rheo","0.3066666113786109"
"QN22.26.014.14.2A.04","Epsy_ahp_delay_5spike","-0.2632358602367918"
"QN22.26.014.14.2A.04","Epsy_ahp_delay_ratio_5spike","-0.1481541469126117"
"QN22.26.014.14.2A.04","Epsy_postap_slope_hero","0.5777060758503616"
"QN22.26.014.14.2A.04","Epsy_trough_t_hero","-0.4163609468819564"
"QN22.26.014.14.2A.04","Epsy_downstroke_adapt_ratio","0.5287695433085011"
"QN22.26.014.14.2A.04","Epsy_peak_v_adapt_ratio","0.2285043454706008"
"QN22.26.014.14.2A.04","Epsy_threshold_v_adapt_ratio","0.5067557225778606"
"QN22.26.014.14.2A.04","Epsy_upstroke_adapt_ratio","0.3593427527316197"
"QN22.26.014.14.2A.04","Epsy_width_adapt_ratio","-0.1182409568553906"
"QN22.26.014.14.2A.04","Epsy_threshold_v_short_square","-0.6806882714828711"
"QN22.26.014.14.5A.01","Epsy_width_rheo","0.4912966712731007"
"QN22.26.014.14.5A.01","Epsy_fast_trough_v_rheo","-0.2299450030240909"
"QN22.26.014.14.5A.01","Epsy_peak_deltav_rheo","0.2482431371121499"
"QN22.26.014.14.5A.01","Epsy_peak_v_rheo","0.0456494807815697"
"QN22.26.014.14.5A.01","Epsy_postap_slope_rheo","-0.249623140362917"
"QN22.26.014.14.5A.01","Epsy_threshold_v_rheo","-0.1804169951398061"
"QN22.26.014.14.5A.01","Epsy_trough_t_rheo","1.5245775257633527"
"QN22.26.014.14.5A.01","Epsy_trough_v_rheo","-0.300338230811855"
"QN22.26.014.14.5A.01","Epsy_upstroke_downstroke_ratio_rheo","-0.1350952055685684"
"QN22.26.014.14.5A.01","Epsy_ahp_delay_5spike","0.5954635565384749"
"QN22.26.014.14.5A.01","Epsy_ahp_delay_ratio_5spike","0.530834944986569"
"QN22.26.014.14.5A.01","Epsy_postap_slope_hero","-0.8623800136965558"
"QN22.26.014.14.5A.01","Epsy_trough_t_hero","-0.0854024163426666"
"QN22.26.014.14.5A.01","Epsy_downstroke_adapt_ratio","-0.8172387287218806"
"QN22.26.014.14.5A.01","Epsy_peak_v_adapt_ratio","1.0343153025494125"
"QN22.26.014.14.5A.01","Epsy_threshold_v_adapt_ratio","-0.159744203793117"
"QN22.26.014.14.5A.01","Epsy_upstroke_adapt_ratio","0.211979398155321"
"QN22.26.014.14.5A.01","Epsy_width_adapt_ratio","0.1691750561206885"
"QN22.26.014.14.5A.01","Epsy_threshold_v_short_square","0.4262127678390747"
"QN22.26.015.14.02A.08","Epsy_width_rheo","-0.1129780320430533"
"QN22.26.015.14.02A.08","Epsy_fast_trough_v_rheo","-0.0593448576957725"
"QN22.26.015.14.02A.08","Epsy_peak_deltav_rheo","0.8414222492935087"
"QN22.26.015.14.02A.08","Epsy_peak_v_rheo","0.2495246060971492"
"QN22.26.015.14.02A.08","Epsy_postap_slope_rheo","0.2300274373127333"
"QN22.26.015.14.02A.08","Epsy_threshold_v_rheo","-1.6514411405810172"
"QN22.26.015.14.02A.08","Epsy_trough_t_rheo","-0.0250003386526883"
"QN22.26.015.14.02A.08","Epsy_trough_v_rheo","-2.8245013787700914"
"QN22.26.015.14.02A.08","Epsy_upstroke_downstroke_ratio_rheo","1.6027896287840655"
"QN22.26.015.14.02A.08","Epsy_ahp_delay_5spike","1.1790732676448572"
"QN22.26.015.14.02A.08","Epsy_ahp_delay_ratio_5spike","1.0609346506825514"
"QN22.26.015.14.02A.08","Epsy_postap_slope_hero","0.9363523027587292"
"QN22.26.015.14.02A.08","Epsy_trough_t_hero","0.2779868397519931"
"QN22.26.015.14.02A.08","Epsy_downstroke_adapt_ratio","0.3361696926408653"
"QN22.26.015.14.02A.08","Epsy_peak_v_adapt_ratio","0.264724627131699"
"QN22.26.015.14.02A.08","Epsy_threshold_v_adapt_ratio","0.2873049526381399"
"QN22.26.015.14.02A.08","Epsy_upstroke_adapt_ratio","0.4841470440588094"
"QN22.26.015.14.02A.08","Epsy_width_adapt_ratio","-0.0108430082397848"
"QN22.26.015.14.02A.08","Epsy_threshold_v_short_square","-0.431239298023889"
"QN22.26.016.14.04A.03","Epsy_width_rheo","0.2868803091776449"
"QN22.26.016.14.04A.03","Epsy_fast_trough_v_rheo","-0.2414120943559988"
"QN22.26.016.14.04A.03","Epsy_peak_deltav_rheo","0.0698903045621438"
"QN22.26.016.14.04A.03","Epsy_peak_v_rheo","0.306893126065857"
"QN22.26.016.14.04A.03","Epsy_postap_slope_rheo","0.136717567052083"
"QN22.26.016.14.04A.03","Epsy_threshold_v_rheo","0.5442024893846799"
"QN22.26.016.14.04A.03","Epsy_trough_t_rheo","-0.7757080649791007"
"QN22.26.016.14.04A.03","Epsy_trough_v_rheo","0.3250279023612836"
"QN22.26.016.14.04A.03","Epsy_upstroke_downstroke_ratio_rheo","0.2227840020103335"
"QN22.26.016.14.04A.03","Epsy_ahp_delay_5spike","-0.6181494102707477"
"QN22.26.016.14.04A.03","Epsy_ahp_delay_ratio_5spike","-0.1361401974151238"
"QN22.26.016.14.04A.03","Epsy_postap_slope_hero","-0.9248621040521866"
"QN22.26.016.14.04A.03","Epsy_trough_t_hero","0.989896685992646"
"QN22.26.016.14.04A.03","Epsy_downstroke_adapt_ratio","0.4350250593346615"
"QN22.26.016.14.04A.03","Epsy_peak_v_adapt_ratio","-0.1110866015643447"
"QN22.26.016.14.04A.03","Epsy_threshold_v_adapt_ratio","-0.0511764853166828"
"QN22.26.016.14.04A.03","Epsy_upstroke_adapt_ratio","-0.0564542831893089"
"QN22.26.016.14.04A.03","Epsy_width_adapt_ratio","-0.1212093556194609"
"QN22.26.016.14.04A.03","Epsy_threshold_v_short_square","-0.3956419153782001"
"QN22.26.016.14.04A.04","Epsy_width_rheo","0.6778532850396287"
"QN22.26.016.14.04A.04","Epsy_fast_trough_v_rheo","-1.65269336832248"
"QN22.26.016.14.04A.04","Epsy_peak_deltav_rheo","0.1960560926755072"
"QN22.26.016.14.04A.04","Epsy_peak_v_rheo","-0.3572006279134949"
"QN22.26.016.14.04A.04","Epsy_postap_slope_rheo","0.1888078172265533"
"QN22.26.016.14.04A.04","Epsy_threshold_v_rheo","-0.7651671220643509"
"QN22.26.016.14.04A.04","Epsy_trough_t_rheo","0.4933035393515248"
"QN22.26.016.14.04A.04","Epsy_trough_v_rheo","-0.6190575697428516"
"QN22.26.016.14.04A.04","Epsy_upstroke_downstroke_ratio_rheo","-0.3040062440056838"
"QN22.26.016.14.04A.04","Epsy_ahp_delay_5spike","-0.8410803564997871"
"QN22.26.016.14.04A.04","Epsy_ahp_delay_ratio_5spike","-1.6231401726049983"
"QN22.26.016.14.04A.04","Epsy_postap_slope_hero","0.1702079695343709"
"QN22.26.016.14.04A.04","Epsy_trough_t_hero","1.1905199264714916"
"QN22.26.016.14.04A.04","Epsy_downstroke_adapt_ratio","0.4539064563252322"
"QN22.26.016.14.04A.04","Epsy_peak_v_adapt_ratio","1.0160215136936617"
"QN22.26.016.14.04A.04","Epsy_threshold_v_adapt_ratio","0.2528650648805695"
"QN22.26.016.14.04A.04","Epsy_upstroke_adapt_ratio","0.3852787617706397"
"QN22.26.016.14.04A.04","Epsy_width_adapt_ratio","-0.2160222296054379"
"QN22.26.016.14.04A.04","Epsy_threshold_v_short_square","-0.8673519545957922"
"QN22.26.016.14.06A.01","Epsy_width_rheo","-0.1920195916281581"
"QN22.26.016.14.06A.01","Epsy_fast_trough_v_rheo","0.5328964175547272"
"QN22.26.016.14.06A.01","Epsy_peak_deltav_rheo","0.7874769741987564"
"QN22.26.016.14.06A.01","Epsy_peak_v_rheo","1.009651381980449"
"QN22.26.016.14.06A.01","Epsy_postap_slope_rheo","1.81614758669982"
"QN22.26.016.14.06A.01","Epsy_threshold_v_rheo","0.4170455586443399"
"QN22.26.016.14.06A.01","Epsy_trough_t_rheo","0.3858733842640271"
"QN22.26.016.14.06A.01","Epsy_trough_v_rheo","0.9333728672392264"
"QN22.26.016.14.06A.01","Epsy_upstroke_downstroke_ratio_rheo","1.3887297004636645"
"QN22.26.016.14.06A.01","Epsy_ahp_delay_5spike","-1.9998550403741933"
"QN22.26.016.14.06A.01","Epsy_ahp_delay_ratio_5spike","-1.885549891991018"
"QN22.26.016.14.06A.01","Epsy_postap_slope_hero","1.247705364808653"
"QN22.26.016.14.06A.01","Epsy_trough_t_hero","0.6353554122297334"
"QN22.26.016.14.06A.01","Epsy_downstroke_adapt_ratio","0.7348004929029605"
"QN22.26.016.14.06A.01","Epsy_peak_v_adapt_ratio","-0.2921276620175329"
"QN22.26.016.14.06A.01","Epsy_threshold_v_adapt_ratio","-0.0264761969327172"
"QN22.26.016.14.06A.01","Epsy_upstroke_adapt_ratio","0.2723790647060289"
"QN22.26.016.14.06A.01","Epsy_width_adapt_ratio","-0.0781627355729814"
"QN22.26.016.14.06A.01","Epsy_threshold_v_short_square","0.2004941834151677"
"QN22.26.016.14.08.05","Epsy_width_rheo","0.2868803091776449"
"QN22.26.016.14.08.05","Epsy_fast_trough_v_rheo","-2.48094777484425"
"QN22.26.016.14.08.05","Epsy_peak_deltav_rheo","0.4471055351038259"
"QN22.26.016.14.08.05","Epsy_peak_v_rheo","0.4825938604611152"
"QN22.26.016.14.08.05","Epsy_postap_slope_rheo","-0.6889812212121209"
"QN22.26.016.14.08.05","Epsy_threshold_v_rheo","0.1574686561726575"
"QN22.26.016.14.08.05","Epsy_trough_t_rheo","-2.65050122799565"
"QN22.26.016.14.08.05","Epsy_trough_v_rheo","-1.095381280296079"
"QN22.26.016.14.08.05","Epsy_upstroke_downstroke_ratio_rheo","1.015059201961419"
"QN22.26.016.14.08.05","Epsy_ahp_delay_5spike","-1.863851622582783"
"QN22.26.016.14.08.05","Epsy_ahp_delay_ratio_5spike","-1.1472074681167368"
"QN22.26.016.14.08.05","Epsy_postap_slope_hero","0.646351853112308"
"QN22.26.016.14.08.05","Epsy_trough_t_hero","-2.667219006727757"
"QN22.26.016.14.08.05","Epsy_downstroke_adapt_ratio","-0.6556336922094201"
"QN22.26.016.14.08.05","Epsy_peak_v_adapt_ratio","-0.8532487894614128"
"QN22.26.016.14.08.05","Epsy_threshold_v_adapt_ratio","-0.7444051359356697"
"QN22.26.016.14.08.05","Epsy_upstroke_adapt_ratio","-0.4550152281988903"
"QN22.26.016.14.08.05","Epsy_width_adapt_ratio","0.7586012311860619"
"QN22.26.016.14.08.05","Epsy_threshold_v_short_square","-0.3160712916391542"
"QN22.26.017.14.01A.02","Epsy_width_rheo","2.1264527624433547"
"QN22.26.017.14.01A.02","Epsy_fast_trough_v_rheo","1.1099195214866926"
"QN22.26.017.14.01A.02","Epsy_peak_deltav_rheo","-4.581444258420558"
"QN22.26.017.14.01A.02","Epsy_peak_v_rheo","-1.47304228613037"
"QN22.26.017.14.01A.02","Epsy_postap_slope_rheo","-0.515590224539007"
"QN22.26.017.14.01A.02","Epsy_threshold_v_rheo","1.4195551870424523"
"QN22.26.017.14.01A.02","Epsy_trough_t_rheo","-0.6703405685937147"
"QN22.26.017.14.01A.02","Epsy_trough_v_rheo","1.1829490593297949"
"QN22.26.017.14.01A.02","Epsy_upstroke_downstroke_ratio_rheo","-0.0185739057769581"
"QN22.26.017.14.01A.02","Epsy_ahp_delay_5spike","-0.0332601087230374"
"QN22.26.017.14.01A.02","Epsy_ahp_delay_ratio_5spike","-0.4795718078446047"
"QN22.26.017.14.01A.02","Epsy_postap_slope_hero","0.2497732102797732"
"QN22.26.017.14.01A.02","Epsy_trough_t_hero","0.0890616838867485"
"QN22.26.017.14.01A.02","Epsy_downstroke_adapt_ratio","-2.104644479828542"
"QN22.26.017.14.01A.02","Epsy_peak_v_adapt_ratio","1.5952956522259871"
"QN22.26.017.14.01A.02","Epsy_threshold_v_adapt_ratio","-1.1193183450642197"
"QN22.26.017.14.01A.02","Epsy_upstroke_adapt_ratio","-0.6500802416506524"
"QN22.26.017.14.01A.02","Epsy_width_adapt_ratio","1.8924747795956625"
"QN22.26.017.14.01A.02","Epsy_threshold_v_short_square","1.2201059933366785"
"QN22.26.017.14.03A.03","Epsy_width_rheo","-0.9586475505747554"
"QN22.26.017.14.03A.03","Epsy_fast_trough_v_rheo","-0.7490888748358155"
"QN22.26.017.14.03A.03","Epsy_peak_deltav_rheo","0.9543709988203178"
"QN22.26.017.14.03A.03","Epsy_peak_v_rheo","0.7834670339986988"
"QN22.26.017.14.03A.03","Epsy_postap_slope_rheo","0.2372163090538945"
"QN22.26.017.14.03A.03","Epsy_threshold_v_rheo","-0.5548804923515086"
"QN22.26.017.14.03A.03","Epsy_trough_t_rheo","-0.3158999583434999"
"QN22.26.017.14.03A.03","Epsy_trough_v_rheo","-0.1334519819540658"
"QN22.26.017.14.03A.03","Epsy_upstroke_downstroke_ratio_rheo","1.0214087675631682"
"QN22.26.017.14.03A.03","Epsy_ahp_delay_5spike","-0.0646362383466888"
"QN22.26.017.14.03A.03","Epsy_ahp_delay_ratio_5spike","0.1552237386507355"
"QN22.26.017.14.03A.03","Epsy_postap_slope_hero","1.055757181602575"
"QN22.26.017.14.03A.03","Epsy_trough_t_hero","-0.834077532108576"
"QN22.26.017.14.03A.03","Epsy_downstroke_adapt_ratio","0.9038047730236988"
"QN22.26.017.14.03A.03","Epsy_peak_v_adapt_ratio","-0.0262392442562905"
"QN22.26.017.14.03A.03","Epsy_threshold_v_adapt_ratio","0.5671831727646075"
"QN22.26.017.14.03A.03","Epsy_upstroke_adapt_ratio","0.4608483232815447"
"QN22.26.017.14.03A.03","Epsy_width_adapt_ratio","-0.3245704083957327"
"QN22.26.017.14.03A.03","Epsy_threshold_v_short_square","-0.5436310905841304"
"QN22.26.019.14.04A.02","Epsy_width_rheo","0.6778532850396287"
"QN22.26.019.14.04A.02","Epsy_fast_trough_v_rheo","-1.4860585172862617"
"QN22.26.019.14.04A.02","Epsy_peak_deltav_rheo","-0.4153529950801103"
"QN22.26.019.14.04A.02","Epsy_peak_v_rheo","-2.872076762876147"
"QN22.26.019.14.04A.02","Epsy_postap_slope_rheo","0.3240322695537432"
"QN22.26.019.14.04A.02","Epsy_threshold_v_rheo","-3.013262502588113"
"QN22.26.019.14.04A.02","Epsy_trough_t_rheo","0.9890893583558232"
"QN22.26.019.14.04A.02","Epsy_trough_v_rheo","-1.3101142288120606"
"QN22.26.019.14.04A.02","Epsy_upstroke_downstroke_ratio_rheo","-0.8172501670959436"
"QN22.26.019.14.04A.02","Epsy_ahp_delay_5spike","0.9834033761636424"
"QN22.26.019.14.04A.02","Epsy_ahp_delay_ratio_5spike","0.8786495843864761"
"QN22.26.019.14.04A.02","Epsy_postap_slope_hero","0.0794030428777477"
"QN22.26.019.14.04A.02","Epsy_trough_t_hero","-0.7053913196734664"
"QN22.26.019.14.04A.02","Epsy_downstroke_adapt_ratio","-0.0140750707057838"
"QN22.26.019.14.04A.02","Epsy_peak_v_adapt_ratio","0.7031963282133593"
"QN22.26.019.14.04A.02","Epsy_threshold_v_adapt_ratio","0.6270121360978553"
"QN22.26.019.14.04A.02","Epsy_upstroke_adapt_ratio","0.66584047524285"
"QN22.26.019.14.04A.02","Epsy_width_adapt_ratio","-0.4469744690982222"
"QN22.26.019.14.04A.02","Epsy_threshold_v_short_square","-0.9007021817308184"
"QN22.26.019.14.51A.01","Epsy_width_rheo","-0.8102255717297051"
"QN22.26.019.14.51A.01","Epsy_fast_trough_v_rheo","0.1624002226278924"
"QN22.26.019.14.51A.01","Epsy_peak_deltav_rheo","-0.0784574643526644"
"QN22.26.019.14.51A.01","Epsy_peak_v_rheo","0.0769146831103167"
"QN22.26.019.14.51A.01","Epsy_postap_slope_rheo","0.4888950627469643"
"QN22.26.019.14.51A.01","Epsy_threshold_v_rheo","0.4450852920246185"
"QN22.26.019.14.51A.01","Epsy_trough_t_rheo","0.8941221520106447"
"QN22.26.019.14.51A.01","Epsy_trough_v_rheo","0.2773514178767829"
"QN22.26.019.14.51A.01","Epsy_upstroke_downstroke_ratio_rheo","-0.5856751556483007"
"QN22.26.019.14.51A.01","Epsy_ahp_delay_5spike","-0.0806512281159139"
"QN22.26.019.14.51A.01","Epsy_ahp_delay_ratio_5spike","-0.0845262165293556"
"QN22.26.019.14.51A.01","Epsy_postap_slope_hero","0.2237522994935262"
"QN22.26.019.14.51A.01","Epsy_trough_t_hero","1.176214958725425"
"QN22.26.019.14.51A.01","Epsy_downstroke_adapt_ratio","0.3798758338974954"
"QN22.26.019.14.51A.01","Epsy_peak_v_adapt_ratio","-0.251503586873222"
"QN22.26.019.14.51A.01","Epsy_threshold_v_adapt_ratio","0.4451856508985827"
"QN22.26.019.14.51A.01","Epsy_upstroke_adapt_ratio","0.3977797880668952"
"QN22.26.019.14.51A.01","Epsy_width_adapt_ratio","-0.344895534255404"
"QN22.26.019.14.51A.01","Epsy_threshold_v_short_square","-0.1054688394148318"
"QN22.26.019.14.51A.02","Epsy_width_rheo","-0.418315117699383"
"QN22.26.019.14.51A.02","Epsy_fast_trough_v_rheo","0.953925957074813"
"QN22.26.019.14.51A.02","Epsy_peak_deltav_rheo","-0.602753195384432"
"QN22.26.019.14.51A.02","Epsy_peak_v_rheo","-0.525774340608827"
"QN22.26.019.14.51A.02","Epsy_postap_slope_rheo","-1.4766030042832357"
"QN22.26.019.14.51A.02","Epsy_threshold_v_rheo","0.3993616873364811"
"QN22.26.019.14.51A.02","Epsy_trough_t_rheo","-0.4327341606594302"
"QN22.26.019.14.51A.02","Epsy_trough_v_rheo","-0.4692325379309524"
"QN22.26.019.14.51A.02","Epsy_upstroke_downstroke_ratio_rheo","-0.1431251536218554"
"QN22.26.019.14.51A.02","Epsy_ahp_delay_5spike","0.6941350502725021"
"QN22.26.019.14.51A.02","Epsy_ahp_delay_ratio_5spike","0.7226678787758831"
"QN22.26.019.14.51A.02","Epsy_postap_slope_hero","-1.6374809017644378"
"QN22.26.019.14.51A.02","Epsy_trough_t_hero","0.1362605857922408"
"QN22.26.019.14.51A.02","Epsy_downstroke_adapt_ratio","-0.1317434906565037"
"QN22.26.019.14.51A.02","Epsy_peak_v_adapt_ratio","0.7263566339222324"
"QN22.26.019.14.51A.02","Epsy_threshold_v_adapt_ratio","0.5871653884110233"
"QN22.26.019.14.51A.02","Epsy_upstroke_adapt_ratio","0.5570607332373463"
"QN22.26.019.14.51A.02","Epsy_width_adapt_ratio","0.0455424277293967"
"QN22.26.019.14.51A.02","Epsy_threshold_v_short_square","0.5411825546875411"
"QN22.26.020.14.03.04","Epsy_width_rheo","0.9461171557606436"
"QN22.26.020.14.03.04","Epsy_fast_trough_v_rheo","0.1624002226278924"
"QN22.26.020.14.03.04","Epsy_peak_deltav_rheo","-0.2874019123228484"
"QN22.26.020.14.03.04","Epsy_peak_v_rheo","-0.3144940820346373"
"QN22.26.020.14.03.04","Epsy_postap_slope_rheo","-0.3608359220545015"
"QN22.26.020.14.03.04","Epsy_threshold_v_rheo","0.2381739042584649"
"QN22.26.020.14.03.04","Epsy_trough_t_rheo","0.4697533642749666"
"QN22.26.020.14.03.04","Epsy_trough_v_rheo","0.6311959747416536"
"QN22.26.020.14.03.04","Epsy_upstroke_downstroke_ratio_rheo","0.0632533867383209"
"QN22.26.020.14.03.04","Epsy_ahp_delay_5spike","0.5648226329605929"
"QN22.26.020.14.03.04","Epsy_ahp_delay_ratio_5spike","0.1725280962055781"
"QN22.26.020.14.03.04","Epsy_postap_slope_hero","-0.6124003649199473"
"QN22.26.020.14.03.04","Epsy_trough_t_hero","0.2731469009126213"
"QN22.26.020.14.03.04","Epsy_downstroke_adapt_ratio","0.2916680190290725"
"QN22.26.020.14.03.04","Epsy_peak_v_adapt_ratio","-0.583350959114437"
"QN22.26.020.14.03.04","Epsy_threshold_v_adapt_ratio","0.105635248456422"
"QN22.26.020.14.03.04","Epsy_upstroke_adapt_ratio","-0.0716262982102606"
"QN22.26.020.14.03.04","Epsy_width_adapt_ratio","0.1396003403459032"
"QN22.26.020.14.03.04","Epsy_threshold_v_short_square","0.5948509422726832"
"QN22.26.020.14.04.05","Epsy_width_rheo","0.4519479981629675"
"QN22.26.020.14.04.05","Epsy_fast_trough_v_rheo","0.9200094285575184"
"QN22.26.020.14.04.05","Epsy_peak_deltav_rheo","-1.3178631919953647"
"QN22.26.020.14.04.05","Epsy_peak_v_rheo","-0.6059868200310078"
"QN22.26.020.14.04.05","Epsy_postap_slope_rheo","-0.6949005833007542"
"QN22.26.020.14.04.05","Epsy_threshold_v_rheo","0.9548131523883916"
"QN22.26.020.14.04.05","Epsy_trough_t_rheo","1.332661940879654"
"QN22.26.020.14.04.05","Epsy_trough_v_rheo","0.9587799267368396"
"QN22.26.020.14.04.05","Epsy_upstroke_downstroke_ratio_rheo","-0.8648567086351924"
"QN22.26.020.14.04.05","Epsy_ahp_delay_5spike","0.5118675296305756"
"QN22.26.020.14.04.05","Epsy_ahp_delay_ratio_5spike","0.5457276547924059"
"QN22.26.020.14.04.05","Epsy_postap_slope_hero","-0.2432673065941769"
"QN22.26.020.14.04.05","Epsy_trough_t_hero","0.9119926343979332"
"QN22.26.020.14.04.05","Epsy_downstroke_adapt_ratio","0.0349590781052648"
"QN22.26.020.14.04.05","Epsy_peak_v_adapt_ratio","0.6933704737065963"
"QN22.26.020.14.04.05","Epsy_threshold_v_adapt_ratio","0.6913424621107693"
"QN22.26.020.14.04.05","Epsy_upstroke_adapt_ratio","0.7624712749493552"
"QN22.26.020.14.04.05","Epsy_width_adapt_ratio","-0.7316259702954565"
"QN22.26.020.14.04.05","Epsy_threshold_v_short_square","1.1382721037603003"
"QN22.26.020.14.04.06","Epsy_width_rheo","0.1993044110164692"
"QN22.26.020.14.04.06","Epsy_fast_trough_v_rheo","0.0991444387684325"
"QN22.26.020.14.04.06","Epsy_peak_deltav_rheo","-0.7845596819324927"
"QN22.26.020.14.04.06","Epsy_peak_v_rheo","-1.425573370039088"
"QN22.26.020.14.04.06","Epsy_postap_slope_rheo","0.7759021742605126"
"QN22.26.020.14.04.06","Epsy_threshold_v_rheo","-0.3038691819345289"
"QN22.26.020.14.04.06","Epsy_trough_t_rheo","0.2783285505771206"
"QN22.26.020.14.04.06","Epsy_trough_v_rheo","-0.0089843931894235"
"QN22.26.020.14.04.06","Epsy_upstroke_downstroke_ratio_rheo","-1.25873933042411"
"QN22.26.020.14.04.06","Epsy_ahp_delay_5spike","-0.4071381000021733"
"QN22.26.020.14.04.06","Epsy_ahp_delay_ratio_5spike","0.4454662077413385"
"QN22.26.020.14.04.06","Epsy_postap_slope_hero","0.0651268158162512"
"QN22.26.020.14.04.06","Epsy_trough_t_hero","0.5128401807753081"
"QN22.26.020.14.04.06","Epsy_downstroke_adapt_ratio","-0.1757773237067967"
"QN22.26.020.14.04.06","Epsy_peak_v_adapt_ratio","1.5911884810964183"
"QN22.26.020.14.04.06","Epsy_threshold_v_adapt_ratio","0.3344884298821132"
"QN22.26.020.14.04.06","Epsy_upstroke_adapt_ratio","0.4290131858093136"
"QN22.26.020.14.04.06","Epsy_width_adapt_ratio","-0.3328105473446782"
"QN22.26.020.14.04.06","Epsy_threshold_v_short_square","1.1547938301957064"
"QN22.26.021.14.04A.01","Epsy_width_rheo","1.1272945564491978"
"QN22.26.021.14.04A.01","Epsy_fast_trough_v_rheo","0.306383461008703"
"QN22.26.021.14.04A.01","Epsy_peak_deltav_rheo","0.1010258951242254"
"QN22.26.021.14.04A.01","Epsy_peak_v_rheo","0.0430267599719617"
"QN22.26.021.14.04A.01","Epsy_postap_slope_rheo","0.2803532360856577"
"QN22.26.021.14.04A.01","Epsy_threshold_v_rheo","0.106187913072415"
"QN22.26.021.14.04A.01","Epsy_trough_t_rheo","-1.8542606819592276"
"QN22.26.021.14.04A.01","Epsy_trough_v_rheo","0.7497311353319801"
"QN22.26.021.14.04A.01","Epsy_upstroke_downstroke_ratio_rheo","-0.6831361971158432"
"QN22.26.021.14.04A.01","Epsy_ahp_delay_5spike","0.135563674181488"
"QN22.26.021.14.04A.01","Epsy_ahp_delay_ratio_5spike","0.2558006784961255"
"QN22.26.021.14.04A.01","Epsy_postap_slope_hero","-0.098290064235409"
"QN22.26.021.14.04A.01","Epsy_trough_t_hero","-0.8888217563286337"
"QN22.26.021.14.04A.01","Epsy_downstroke_adapt_ratio","-0.4252614860127815"
"QN22.26.021.14.04A.01","Epsy_peak_v_adapt_ratio","1.0042723947337748"
"QN22.26.021.14.04A.01","Epsy_threshold_v_adapt_ratio","-0.1508501939771598"
"QN22.26.021.14.04A.01","Epsy_upstroke_adapt_ratio","-0.1818777731126427"
"QN22.26.021.14.04A.01","Epsy_width_adapt_ratio","0.8762160220189172"
"QN22.26.021.14.04A.01","Epsy_threshold_v_short_square","0.1347935812584339"
"QN22.26.023.14.05A.03","Epsy_width_rheo","0.816192449158612"
"QN22.26.023.14.05A.03","Epsy_fast_trough_v_rheo","0.0289583670359451"
"QN22.26.023.14.05A.03","Epsy_peak_deltav_rheo","-0.5394514631832594"
"QN22.26.023.14.05A.03","Epsy_peak_v_rheo","-0.619607544056488"
"QN22.26.023.14.05A.03","Epsy_postap_slope_rheo","-0.6690567920580399"
"QN22.26.023.14.05A.03","Epsy_threshold_v_rheo","0.2191904410069721"
"QN22.26.023.14.05A.03","Epsy_trough_t_rheo","-0.4260637202266985"
"QN22.26.023.14.05A.03","Epsy_trough_v_rheo","-0.0140246811786356"
"QN22.26.023.14.05A.03","Epsy_upstroke_downstroke_ratio_rheo","1.1960449103836264"
"QN22.26.023.14.05A.03","Epsy_ahp_delay_5spike","-0.062649953477069"
"QN22.26.023.14.05A.03","Epsy_ahp_delay_ratio_5spike","0.211413786083234"
"QN22.26.023.14.05A.03","Epsy_postap_slope_hero","-1.2703616075226691"
"QN22.26.023.14.05A.03","Epsy_trough_t_hero","-0.7680208407588688"
"QN22.26.023.14.05A.03","Epsy_downstroke_adapt_ratio","-0.5193141966965795"
"QN22.26.023.14.05A.03","Epsy_peak_v_adapt_ratio","0.650151495320924"
"QN22.26.023.14.05A.03","Epsy_threshold_v_adapt_ratio","-0.7410002826105024"
"QN22.26.023.14.05A.03","Epsy_upstroke_adapt_ratio","0.1039965425059472"
"QN22.26.023.14.05A.03","Epsy_width_adapt_ratio","0.4785379229568051"
"QN22.26.023.14.05A.03","Epsy_threshold_v_short_square","0.9138084425844092"
"QN22.26.023.14.06A.03","Epsy_width_rheo","0.012588303702897"
"QN22.26.023.14.06A.03","Epsy_fast_trough_v_rheo","0.1431276020457135"
"QN22.26.023.14.06A.03","Epsy_peak_deltav_rheo","0.3311900956483718"
"QN22.26.023.14.06A.03","Epsy_peak_v_rheo","0.3996943795410688"
"QN22.26.023.14.06A.03","Epsy_postap_slope_rheo","-0.8755091625113935"
"QN22.26.023.14.06A.03","Epsy_threshold_v_rheo","0.2457276083863956"
"QN22.26.023.14.06A.03","Epsy_trough_t_rheo","0.0106427012427839"
"QN22.26.023.14.06A.03","Epsy_trough_v_rheo","-0.8099731158676028"
"QN22.26.023.14.06A.03","Epsy_upstroke_downstroke_ratio_rheo","-0.4947028493312664"
"QN22.26.023.14.06A.03","Epsy_ahp_delay_5spike","0.6780928100376614"
"QN22.26.023.14.06A.03","Epsy_ahp_delay_ratio_5spike","0.2164894589664022"
"QN22.26.023.14.06A.03","Epsy_postap_slope_hero","-0.8280725670935362"
"QN22.26.023.14.06A.03","Epsy_trough_t_hero","0.5686239500773758"
"QN22.26.023.14.06A.03","Epsy_downstroke_adapt_ratio","0.1941843812387414"
"QN22.26.023.14.06A.03","Epsy_peak_v_adapt_ratio","0.484010039873131"
"QN22.26.023.14.06A.03","Epsy_threshold_v_adapt_ratio","-0.1621804515451558"
"QN22.26.023.14.06A.03","Epsy_upstroke_adapt_ratio","0.0178226834372657"
"QN22.26.023.14.06A.03","Epsy_width_adapt_ratio","0.2250528454593174"
"QN22.26.023.14.06A.03","Epsy_threshold_v_short_square","-0.4540829657649639"
"QN22.26.025.14.03A.01","Epsy_width_rheo","-0.4183151177005768"
"QN22.26.025.14.03A.01","Epsy_fast_trough_v_rheo","0.3376495095306758"
"QN22.26.025.14.03A.01","Epsy_peak_deltav_rheo","0.081062048283739"
"QN22.26.025.14.03A.01","Epsy_peak_v_rheo","0.0006821923904023"
"QN22.26.025.14.03A.01","Epsy_postap_slope_rheo","1.1619065112678295"
"QN22.26.025.14.03A.01","Epsy_threshold_v_rheo","0.0781380510417899"
"QN22.26.025.14.03A.01","Epsy_trough_t_rheo","0.5707259555638303"
"QN22.26.025.14.03A.01","Epsy_trough_v_rheo","0.7497311353319801"
"QN22.26.025.14.03A.01","Epsy_upstroke_downstroke_ratio_rheo","-0.2936516308724092"
"QN22.26.025.14.03A.01","Epsy_ahp_delay_5spike","0.5468564790529264"
"QN22.26.025.14.03A.01","Epsy_ahp_delay_ratio_5spike","0.7202004693740858"
"QN22.26.025.14.03A.01","Epsy_postap_slope_hero","0.8393402373812396"
"QN22.26.025.14.03A.01","Epsy_trough_t_hero","0.1384200396736502"
"QN22.26.025.14.03A.01","Epsy_downstroke_adapt_ratio","0.41063188001502"
"QN22.26.025.14.03A.01","Epsy_peak_v_adapt_ratio","1.200154445341803"
"QN22.26.025.14.03A.01","Epsy_threshold_v_adapt_ratio","0.2627689457457983"
"QN22.26.025.14.03A.01","Epsy_upstroke_adapt_ratio","0.6942421823408657"
"QN22.26.025.14.03A.01","Epsy_width_adapt_ratio","-0.8363045276840353"
"QN22.26.025.14.03A.01","Epsy_threshold_v_short_square","0.0081514666879235"
"QN22.26.025.14.03B.04","Epsy_width_rheo","-0.9586475505747554"
"QN22.26.025.14.03B.04","Epsy_fast_trough_v_rheo","-0.0487732891443575"
"QN22.26.025.14.03B.04","Epsy_peak_deltav_rheo","1.0028955026995106"
"QN22.26.025.14.03B.04","Epsy_peak_v_rheo","0.9881056838820268"
"QN22.26.025.14.03B.04","Epsy_postap_slope_rheo","0.791222896636931"
"QN22.26.025.14.03B.04","Epsy_threshold_v_rheo","-0.1893574706195923"
"QN22.26.025.14.03B.04","Epsy_trough_t_rheo","0.1274032821592343"
"QN22.26.025.14.03B.04","Epsy_trough_v_rheo","0.098897691303711"
"QN22.26.025.14.03B.04","Epsy_upstroke_downstroke_ratio_rheo","1.2333652245365418"
"QN22.26.025.14.03B.04","Epsy_ahp_delay_5spike","-2.243082037216068"
"QN22.26.025.14.03B.04","Epsy_ahp_delay_ratio_5spike","-1.5957488326188656"
"QN22.26.025.14.03B.04","Epsy_postap_slope_hero","0.9824248530989416"
"QN22.26.025.14.03B.04","Epsy_trough_t_hero","-0.9220719982658674"
"QN22.26.025.14.03B.04","Epsy_downstroke_adapt_ratio","0.7188144719923351"
"QN22.26.025.14.03B.04","Epsy_peak_v_adapt_ratio","0.2490356516077257"
"QN22.26.025.14.03B.04","Epsy_threshold_v_adapt_ratio","0.4974211702594771"
"QN22.26.025.14.03B.04","Epsy_upstroke_adapt_ratio","0.4792738679174432"
"QN22.26.025.14.03B.04","Epsy_width_adapt_ratio","-0.3245704083969439"
"QN22.26.025.14.03B.04","Epsy_threshold_v_short_square","-0.0584048841710385"
"QN22.26.025.14.06A.01","Epsy_width_rheo","0.7481422308356341"
"QN22.26.025.14.06A.01","Epsy_fast_trough_v_rheo","-2.3888688310921573"
"QN22.26.025.14.06A.01","Epsy_peak_deltav_rheo","0.2023855858644526"
"QN22.26.025.14.06A.01","Epsy_peak_v_rheo","-0.3819337693103823"
"QN22.26.025.14.06A.01","Epsy_postap_slope_rheo","-0.9302549383856212"
"QN22.26.025.14.06A.01","Epsy_threshold_v_rheo","-0.827779630534386"
"QN22.26.025.14.06A.01","Epsy_trough_t_rheo","0.7267245015239464"
"QN22.26.025.14.06A.01","Epsy_trough_v_rheo","-2.385312195854845"
"QN22.26.025.14.06A.01","Epsy_upstroke_downstroke_ratio_rheo","-0.1373113148932573"
"QN22.26.025.14.06A.01","Epsy_ahp_delay_5spike","0.6032760240614129"
"QN22.26.025.14.06A.01","Epsy_ahp_delay_ratio_5spike","0.0957085350605574"
"QN22.26.025.14.06A.01","Epsy_postap_slope_hero","0.2392395558459008"
"QN22.26.025.14.06A.01","Epsy_trough_t_hero","-0.7845967963467135"
"QN22.26.025.14.06A.01","Epsy_downstroke_adapt_ratio","-1.3924074942629134"
"QN22.26.025.14.06A.01","Epsy_peak_v_adapt_ratio","0.6546800039736911"
"QN22.26.025.14.06A.01","Epsy_threshold_v_adapt_ratio","0.0851544081029181"
"QN22.26.025.14.06A.01","Epsy_upstroke_adapt_ratio","0.2978540433341354"
"QN22.26.025.14.06A.01","Epsy_width_adapt_ratio","0.3340662398501853"
"QN22.26.025.14.06A.01","Epsy_threshold_v_short_square","-0.2259971371417678"
"QN22.26.025.14.06A.02","Epsy_width_rheo","0.6778532850392719"
"QN22.26.025.14.06A.02","Epsy_fast_trough_v_rheo","-0.0913624769814954"
"QN22.26.025.14.06A.02","Epsy_peak_deltav_rheo","0.8787058503407641"
"QN22.26.025.14.06A.02","Epsy_peak_v_rheo","0.9149263944782396"
"QN22.26.025.14.06A.02","Epsy_postap_slope_rheo","-0.912349030561289"
"QN22.26.025.14.06A.02","Epsy_threshold_v_rheo","-0.0037592365428972"
"QN22.26.025.14.06A.02","Epsy_trough_t_rheo","-0.4495407125835586"
"QN22.26.025.14.06A.02","Epsy_trough_v_rheo","0.1785796284994227"
"QN22.26.025.14.06A.02","Epsy_upstroke_downstroke_ratio_rheo","1.0591261306573867"
"QN22.26.025.14.06A.02","Epsy_ahp_delay_5spike","0.4632863233105364"
"QN22.26.025.14.06A.02","Epsy_ahp_delay_ratio_5spike","0.316726095345724"
"QN22.26.025.14.06A.02","Epsy_postap_slope_hero","0.1919778401979558"
"QN22.26.025.14.06A.02","Epsy_trough_t_hero","-0.3886057609132384"
"QN22.26.025.14.06A.02","Epsy_downstroke_adapt_ratio","-1.021806329417037"
"QN22.26.025.14.06A.02","Epsy_peak_v_adapt_ratio","-0.0825375022950108"
"QN22.26.025.14.06A.02","Epsy_threshold_v_adapt_ratio","0.0478559879374724"
"QN22.26.025.14.06A.02","Epsy_upstroke_adapt_ratio","-0.0235797092330678"
"QN22.26.025.14.06A.02","Epsy_width_adapt_ratio","0.6501764400533433"
"QN22.26.025.14.06A.02","Epsy_threshold_v_short_square","0.0678258438819751"
"QN22.26.027.14.05.04","Epsy_width_rheo","0.012588303702897"
"QN22.26.027.14.05.04","Epsy_fast_trough_v_rheo","0.8257762566561756"
"QN22.26.027.14.05.04","Epsy_peak_deltav_rheo","0.4187048516874178"
"QN22.26.027.14.05.04","Epsy_peak_v_rheo","1.0274661875601276"
"QN22.26.027.14.05.04","Epsy_postap_slope_rheo","0.7071741200799314"
"QN22.26.027.14.05.04","Epsy_threshold_v_rheo","1.0961400325017665"
"QN22.26.027.14.05.04","Epsy_trough_t_rheo","-0.8099665521879629"
"QN22.26.027.14.05.04","Epsy_trough_v_rheo","1.1744328103311974"
"QN22.26.027.14.05.04","Epsy_upstroke_downstroke_ratio_rheo","0.6889386693751139"
"QN22.26.027.14.05.04","Epsy_ahp_delay_5spike","-2.160255480053684"
"QN22.26.027.14.05.04","Epsy_ahp_delay_ratio_5spike","-2.682701427471134"
"QN22.26.027.14.05.04","Epsy_postap_slope_hero","0.2772085718041411"
"QN22.26.027.14.05.04","Epsy_trough_t_hero","-0.0837324772954874"
"QN22.26.027.14.05.04","Epsy_downstroke_adapt_ratio","1.021736454947919"
"QN22.26.027.14.05.04","Epsy_peak_v_adapt_ratio","-0.2352397541866203"
"QN22.26.027.14.05.04","Epsy_threshold_v_adapt_ratio","0.0631734180535293"
"QN22.26.027.14.05.04","Epsy_upstroke_adapt_ratio","0.2221705226640209"
"QN22.26.027.14.05.04","Epsy_width_adapt_ratio","-0.6640771703795314"
"QN22.26.027.14.05.04","Epsy_threshold_v_short_square","1.163025440589599"
"QN22.26.028.14.02.02","Epsy_width_rheo","-0.4183151177005768"
"QN22.26.028.14.02.02","Epsy_fast_trough_v_rheo","1.0655354997080513"
"QN22.26.028.14.02.02","Epsy_peak_deltav_rheo","0.5463607924425484"
"QN22.26.028.14.02.02","Epsy_peak_v_rheo","1.11126551502838"
"QN22.26.028.14.02.02","Epsy_postap_slope_rheo","1.2580253830849368"
"QN22.26.028.14.02.02","Epsy_threshold_v_rheo","1.0388991306165505"
"QN22.26.028.14.02.02","Epsy_trough_t_rheo","1.435642099893864"
"QN22.26.028.14.02.02","Epsy_trough_v_rheo","1.3515539995002377"
"QN22.26.028.14.02.02","Epsy_upstroke_downstroke_ratio_rheo","-0.1671511149130145"
"QN22.26.028.14.02.02","Epsy_ahp_delay_5spike","0.270187991172606"
"QN22.26.028.14.02.02","Epsy_ahp_delay_ratio_5spike","0.2110167953297493"
"QN22.26.028.14.02.02","Epsy_postap_slope_hero","-0.5767171082187974"
"QN22.26.028.14.02.02","Epsy_trough_t_hero","0.3063002823738802"
"QN22.26.028.14.02.02","Epsy_downstroke_adapt_ratio","0.494173961253235"
"QN22.26.028.14.02.02","Epsy_peak_v_adapt_ratio","-0.6599000635186064"
"QN22.26.028.14.02.02","Epsy_threshold_v_adapt_ratio","-0.2941891467748213"
"QN22.26.028.14.02.02","Epsy_upstroke_adapt_ratio","-0.2974171804261246"
"QN22.26.028.14.02.02","Epsy_width_adapt_ratio","-0.0553690623432166"
"QN22.26.028.14.02.02","Epsy_threshold_v_short_square","0.7371405633883121"
"QN22.26.028.14.02.03","Epsy_width_rheo","-0.1920195916270849"
"QN22.26.028.14.02.03","Epsy_fast_trough_v_rheo","0.7011599702388241"
"QN22.26.028.14.02.03","Epsy_peak_deltav_rheo","0.5678110844894235"
"QN22.26.028.14.02.03","Epsy_peak_v_rheo","0.6114805087375487"
"QN22.26.028.14.02.03","Epsy_postap_slope_rheo","-0.5549115056415108"
"QN22.26.028.14.02.03","Epsy_threshold_v_rheo","0.133929892963829"
"QN22.26.028.14.02.03","Epsy_trough_t_rheo","0.5586624708629855"
"QN22.26.028.14.02.03","Epsy_trough_v_rheo","-0.1016272518399578"
"QN22.26.028.14.02.03","Epsy_upstroke_downstroke_ratio_rheo","-0.2158552333752604"
"QN22.26.028.14.02.03","Epsy_ahp_delay_5spike","0.5602130052395029"
"QN22.26.028.14.02.03","Epsy_ahp_delay_ratio_5spike","0.324707406352036"
"QN22.26.028.14.02.03","Epsy_postap_slope_hero","-1.9552248311689"
"QN22.26.028.14.02.03","Epsy_trough_t_hero","1.7558958377913674"
"QN22.26.028.14.02.03","Epsy_downstroke_adapt_ratio","-0.3189122329521393"
"QN22.26.028.14.02.03","Epsy_peak_v_adapt_ratio","-0.3798996711975605"
"QN22.26.028.14.02.03","Epsy_threshold_v_adapt_ratio","0.1928215478374645"
"QN22.26.028.14.02.03","Epsy_upstroke_adapt_ratio","-0.0232197049506702"
"QN22.26.028.14.02.03","Epsy_width_adapt_ratio","-0.1212093556194609"
"QN22.26.028.14.02.03","Epsy_threshold_v_short_square","-0.2598885627624219"
"QN22.26.028.14.05.01","Epsy_width_rheo","0.8821421575550075"
"QN22.26.028.14.05.01","Epsy_fast_trough_v_rheo","0.2563479198337512"
"QN22.26.028.14.05.01","Epsy_peak_deltav_rheo","0.3995613128667439"
"QN22.26.028.14.05.01","Epsy_peak_v_rheo","0.7180835359540285"
"QN22.26.028.14.05.01","Epsy_postap_slope_rheo","-0.3129157466235003"
"QN22.26.028.14.05.01","Epsy_threshold_v_rheo","0.6428104432758266"
"QN22.26.028.14.05.01","Epsy_trough_t_rheo","-2.3822398036011734"
"QN22.26.028.14.05.01","Epsy_trough_v_rheo","0.6859173106119003"
"QN22.26.028.14.05.01","Epsy_upstroke_downstroke_ratio_rheo","0.8587883086982516"
"QN22.26.028.14.05.01","Epsy_ahp_delay_5spike","-0.0999632770401332"
"QN22.26.028.14.05.01","Epsy_ahp_delay_ratio_5spike","0.6206329511908544"
"QN22.26.028.14.05.01","Epsy_postap_slope_hero","0.0694204412842646"
"QN22.26.028.14.05.01","Epsy_trough_t_hero","-0.7812668732452336"
"QN22.26.028.14.05.01","Epsy_downstroke_adapt_ratio","-0.5753638568311192"
"QN22.26.028.14.05.01","Epsy_peak_v_adapt_ratio","-0.198638594926394"
"QN22.26.028.14.05.01","Epsy_threshold_v_adapt_ratio","-0.7352714923829139"
"QN22.26.028.14.05.01","Epsy_upstroke_adapt_ratio","-0.091221096520048"
"QN22.26.028.14.05.01","Epsy_width_adapt_ratio","0.6732848708413639"
"QN22.26.028.14.05.01","Epsy_threshold_v_short_square","0.0395371394070447"
"QN22.26.028.14.06.03","Epsy_width_rheo","-0.5411348110736116"
"QN22.26.028.14.06.03","Epsy_fast_trough_v_rheo","1.097327837677212"
"QN22.26.028.14.06.03","Epsy_peak_deltav_rheo","0.8241166277571408"
"QN22.26.028.14.06.03","Epsy_peak_v_rheo","0.8775233603820883"
"QN22.26.028.14.06.03","Epsy_postap_slope_rheo","-0.9084172849526172"
"QN22.26.028.14.06.03","Epsy_threshold_v_rheo","0.0579107780056909"
"QN22.26.028.14.06.03","Epsy_trough_t_rheo","0.5842194965459835"
"QN22.26.028.14.06.03","Epsy_trough_v_rheo","0.3164401525058993"
"QN22.26.028.14.06.03","Epsy_upstroke_downstroke_ratio_rheo","0.8514975852198596"
"QN22.26.028.14.06.03","Epsy_ahp_delay_5spike","1.5389056044467175"
"QN22.26.028.14.06.03","Epsy_ahp_delay_ratio_5spike","1.149446849797406"
"QN22.26.028.14.06.03","Epsy_postap_slope_hero","-0.3681717476426047"
"QN22.26.028.14.06.03","Epsy_trough_t_hero","1.0837594110027695"
"QN22.26.028.14.06.03","Epsy_downstroke_adapt_ratio","-0.1456355212511757"
"QN22.26.028.14.06.03","Epsy_peak_v_adapt_ratio","-0.4262697799988783"
"QN22.26.028.14.06.03","Epsy_threshold_v_adapt_ratio","0.4405987126845252"
"QN22.26.028.14.06.03","Epsy_upstroke_adapt_ratio","0.1761838516038149"
"QN22.26.028.14.06.03","Epsy_width_adapt_ratio","0.1288674598525828"
"QN22.26.028.14.06.03","Epsy_threshold_v_short_square","-0.5268726449358964"
"QN22.26.036.14.07A.01","Epsy_width_rheo","-1.1181538882019408"
"QN22.26.036.14.07A.01","Epsy_fast_trough_v_rheo","0.7199276218983023"
"QN22.26.036.14.07A.01","Epsy_peak_deltav_rheo","0.6464043411260502"
"QN22.26.036.14.07A.01","Epsy_peak_v_rheo","1.0766873974197182"
"QN22.26.036.14.07A.01","Epsy_postap_slope_rheo","0.8978488104111009"
"QN22.26.036.14.07A.01","Epsy_threshold_v_rheo","0.8171931934608632"
"QN22.26.036.14.07A.01","Epsy_trough_t_rheo","1.2338226749943906"
"QN22.26.036.14.07A.01","Epsy_trough_v_rheo","-1.103899299437552"
"QN22.26.036.14.07A.01","Epsy_upstroke_downstroke_ratio_rheo","0.6259186689803855"
"QN22.26.036.14.07A.01","Epsy_ahp_delay_5spike","-2.1726162128312523"
"QN22.26.036.14.07A.01","Epsy_ahp_delay_ratio_5spike","-1.7732966782207953"
"QN22.26.036.14.07A.01","Epsy_postap_slope_hero","0.2297640778734503"
"QN22.26.036.14.07A.01","Epsy_trough_t_hero","0.5849878893454945"
"QN22.26.036.14.07A.01","Epsy_downstroke_adapt_ratio","0.5216554524123249"
"QN22.26.036.14.07A.01","Epsy_peak_v_adapt_ratio","-0.4205798254576816"
"QN22.26.036.14.07A.01","Epsy_threshold_v_adapt_ratio","0.2165757992556205"
"QN22.26.036.14.07A.01","Epsy_upstroke_adapt_ratio","0.1470909732680489"
"QN22.26.036.14.07A.01","Epsy_width_adapt_ratio","-0.0826163212521123"
"QN22.26.036.14.07A.01","Epsy_threshold_v_short_square","0.246291454448275"
"QN22.26.037.14.05A.03","Epsy_width_rheo","-1.1181538882019408"
"QN22.26.037.14.05A.03","Epsy_fast_trough_v_rheo","0.4331598798102276"
"QN22.26.037.14.05A.03","Epsy_peak_deltav_rheo","0.5337488598352614"
"QN22.26.037.14.05A.03","Epsy_peak_v_rheo","0.9481205988989292"
"QN22.26.037.14.05A.03","Epsy_postap_slope_rheo","1.1964260667025273"
"QN22.26.037.14.05A.03","Epsy_threshold_v_rheo","0.7930048451506707"
"QN22.26.037.14.05A.03","Epsy_trough_t_rheo","0.4598469510837635"
"QN22.26.037.14.05A.03","Epsy_trough_v_rheo","0.9044132797840804"
"QN22.26.037.14.05A.03","Epsy_upstroke_downstroke_ratio_rheo","0.2744492001672063"
"QN22.26.037.14.05A.03","Epsy_ahp_delay_5spike","-2.4136822927053303"
"QN22.26.037.14.05A.03","Epsy_ahp_delay_ratio_5spike","-2.5972025195545667"
"QN22.26.037.14.05A.03","Epsy_postap_slope_hero","1.0972251882925297"
"QN22.26.037.14.05A.03","Epsy_trough_t_hero","0.6908081022072171"
"QN22.26.037.14.05A.03","Epsy_downstroke_adapt_ratio","0.9040795607595256"
"QN22.26.037.14.05A.03","Epsy_peak_v_adapt_ratio","0.1467731911723861"
"QN22.26.037.14.05A.03","Epsy_threshold_v_adapt_ratio","0.643641483056887"
"QN22.26.037.14.05A.03","Epsy_upstroke_adapt_ratio","0.593453687053621"
"QN22.26.037.14.05A.03","Epsy_width_adapt_ratio","-0.5289390772977762"
"QN22.26.037.14.05A.03","Epsy_threshold_v_short_square","0.6309734790186965"
"QN23.26.001.14.18A.03","Epsy_width_rheo","-0.4183151177005768"
"QN23.26.001.14.18A.03","Epsy_fast_trough_v_rheo","0.0892523972302241"
"QN23.26.001.14.18A.03","Epsy_peak_deltav_rheo","0.7452957869850144"
"QN23.26.001.14.18A.03","Epsy_peak_v_rheo","0.5756276017929556"
"QN23.26.001.14.18A.03","Epsy_postap_slope_rheo","-0.0759722169916776"
"QN23.26.001.14.18A.03","Epsy_threshold_v_rheo","-0.3945002296296504"
"QN23.26.001.14.18A.03","Epsy_trough_t_rheo","0.5854508634185545"
"QN23.26.001.14.18A.03","Epsy_trough_v_rheo","-1.6582842141682417"
"QN23.26.001.14.18A.03","Epsy_upstroke_downstroke_ratio_rheo","0.5693024309527837"
"QN23.26.001.14.18A.03","Epsy_ahp_delay_5spike","0.4751591904698421"
"QN23.26.001.14.18A.03","Epsy_ahp_delay_ratio_5spike","0.5807626638412233"
"QN23.26.001.14.18A.03","Epsy_postap_slope_hero","-0.6355704854279668"
"QN23.26.001.14.18A.03","Epsy_trough_t_hero","0.4237206058158249"
"QN23.26.001.14.18A.03","Epsy_downstroke_adapt_ratio","0.5331866778186275"
"QN23.26.001.14.18A.03","Epsy_peak_v_adapt_ratio","0.1373819607207534"
"QN23.26.001.14.18A.03","Epsy_threshold_v_adapt_ratio","0.5935994361829434"
"QN23.26.001.14.18A.03","Epsy_upstroke_adapt_ratio","0.4504893872478308"
"QN23.26.001.14.18A.03","Epsy_width_adapt_ratio","-0.4178852877309345"
"QN23.26.001.14.18A.03","Epsy_threshold_v_short_square","-0.2214008582515923"
"QN23.26.010.14.07A.02","Epsy_width_rheo","-1.2905347662723787"
"QN23.26.010.14.07A.02","Epsy_fast_trough_v_rheo","-1.1860038682606628"
"QN23.26.010.14.07A.02","Epsy_peak_deltav_rheo","0.5064726120065072"
"QN23.26.010.14.07A.02","Epsy_peak_v_rheo","0.1982326639341592"
"QN23.26.010.14.07A.02","Epsy_postap_slope_rheo","0.3771642446310521"
"QN23.26.010.14.07A.02","Epsy_threshold_v_rheo","-0.5291414307413741"
"QN23.26.010.14.07A.02","Epsy_trough_t_rheo","0.8801148337918592"
"QN23.26.010.14.07A.02","Epsy_trough_v_rheo","-1.2727457269126454"
"QN23.26.010.14.07A.02","Epsy_upstroke_downstroke_ratio_rheo","-0.9171049145146428"
"QN23.26.010.14.07A.02","Epsy_ahp_delay_5spike","0.1595330553970551"
"QN23.26.010.14.07A.02","Epsy_ahp_delay_ratio_5spike","0.1546386934275855"
"QN23.26.010.14.07A.02","Epsy_postap_slope_hero","-0.2716782847819987"
"QN23.26.010.14.07A.02","Epsy_trough_t_hero","-0.2715456666035208"
"QN23.26.010.14.07A.02","Epsy_downstroke_adapt_ratio","0.5839402984862139"
"QN23.26.010.14.07A.02","Epsy_peak_v_adapt_ratio","0.2086099815662914"
"QN23.26.010.14.07A.02","Epsy_threshold_v_adapt_ratio","0.3527245529315839"
"QN23.26.010.14.07A.02","Epsy_upstroke_adapt_ratio","0.2469728592965824"
"QN23.26.010.14.07A.02","Epsy_width_adapt_ratio","-0.2810102153608949"
"QN23.26.010.14.07A.02","Epsy_threshold_v_short_square","-0.4279876937120646"
"QN23.26.015.14.14A.01","Epsy_width_rheo","-0.9586475505747554"
"QN23.26.015.14.14A.01","Epsy_fast_trough_v_rheo","-0.6991447733025687"
"QN23.26.015.14.14A.01","Epsy_peak_deltav_rheo","0.8539219215518015"
"QN23.26.015.14.14A.01","Epsy_peak_v_rheo","0.4891973142784761"
"QN23.26.015.14.14A.01","Epsy_postap_slope_rheo","-0.3533175531159266"
"QN23.26.015.14.14A.01","Epsy_threshold_v_rheo","-0.9822358304851396"
"QN23.26.015.14.14A.01","Epsy_trough_t_rheo","-0.330690986631415"
"QN23.26.015.14.14A.01","Epsy_trough_v_rheo","-0.870088439192549"
"QN23.26.015.14.14A.01","Epsy_upstroke_downstroke_ratio_rheo","0.6727221645111872"
"QN23.26.015.14.14A.01","Epsy_ahp_delay_5spike","0.6501365654074033"
"QN23.26.015.14.14A.01","Epsy_ahp_delay_ratio_5spike","0.5908001599973044"
"QN23.26.015.14.14A.01","Epsy_postap_slope_hero","-1.241400700178136"
"QN23.26.015.14.14A.01","Epsy_trough_t_hero","0.2972723022253314"
"QN23.26.015.14.14A.01","Epsy_downstroke_adapt_ratio","0.149667675483943"
"QN23.26.015.14.14A.01","Epsy_peak_v_adapt_ratio","-0.806931798325788"
"QN23.26.015.14.14A.01","Epsy_threshold_v_adapt_ratio","-0.3866551723283941"
"QN23.26.015.14.14A.01","Epsy_upstroke_adapt_ratio","-0.4666543843960501"
"QN23.26.015.14.14A.01","Epsy_width_adapt_ratio","0.5517383109364419"
"QN23.26.015.14.14A.01","Epsy_threshold_v_short_square","-1.5007489290813305"
"QN23.26.016.14.03A.05","Epsy_width_rheo","0.4519479981629675"
"QN23.26.016.14.03A.05","Epsy_fast_trough_v_rheo","0.8293382178397017"
"QN23.26.016.14.03A.05","Epsy_peak_deltav_rheo","-0.8832879706136108"
"QN23.26.016.14.03A.05","Epsy_peak_v_rheo","-0.7672585035481362"
"QN23.26.016.14.03A.05","Epsy_postap_slope_rheo","-0.7689352018964635"
"QN23.26.016.14.03A.05","Epsy_threshold_v_rheo","0.4555206347705651"
"QN23.26.016.14.03A.05","Epsy_trough_t_rheo","0.7317854659496988"
"QN23.26.016.14.03A.05","Epsy_trough_v_rheo","1.0240282136007155"
"QN23.26.016.14.03A.05","Epsy_upstroke_downstroke_ratio_rheo","-0.5260080271619755"
"QN23.26.016.14.03A.05","Epsy_ahp_delay_5spike","0.4346676194786323"
"QN23.26.016.14.03A.05","Epsy_ahp_delay_ratio_5spike","0.5792975705602994"
"QN23.26.016.14.03A.05","Epsy_postap_slope_hero","0.1934644413967323"
"QN23.26.016.14.03A.05","Epsy_trough_t_hero","0.6080210831283678"
"QN23.26.016.14.03A.05","Epsy_downstroke_adapt_ratio","-0.2109623305775538"
"QN23.26.016.14.03A.05","Epsy_peak_v_adapt_ratio","-0.0861333785650119"
"QN23.26.016.14.03A.05","Epsy_threshold_v_adapt_ratio","0.3849608210036609"
"QN23.26.016.14.03A.05","Epsy_upstroke_adapt_ratio","0.3291635873129672"
"QN23.26.016.14.03A.05","Epsy_width_adapt_ratio","-0.5452520114240799"
"QN23.26.016.14.03A.05","Epsy_threshold_v_short_square","2.2740698598770344"
"QN23.26.016.14.09A.04","Epsy_width_rheo","0.012588303702897"
"QN23.26.016.14.09A.04","Epsy_fast_trough_v_rheo","-0.1958927829003075"
"QN23.26.016.14.09A.04","Epsy_peak_deltav_rheo","0.1076397855752899"
"QN23.26.016.14.09A.04","Epsy_peak_v_rheo","-0.385042943074164"
"QN23.26.016.14.09A.04","Epsy_postap_slope_rheo","0.6150017542375988"
"QN23.26.016.14.09A.04","Epsy_threshold_v_rheo","-0.5913612260904316"
"QN23.26.016.14.09A.04","Epsy_trough_t_rheo","-0.1337896322702974"
"QN23.26.016.14.09A.04","Epsy_trough_v_rheo","0.3966178104841149"
"QN23.26.016.14.09A.04","Epsy_upstroke_downstroke_ratio_rheo","-0.2168327740181162"
"QN23.26.016.14.09A.04","Epsy_ahp_delay_5spike","0.7668186136054975"
"QN23.26.016.14.09A.04","Epsy_ahp_delay_ratio_5spike","1.3172349254326772"
"QN23.26.016.14.09A.04","Epsy_postap_slope_hero","1.0600981825822156"
"QN23.26.016.14.09A.04","Epsy_trough_t_hero","0.044925644230437"
"QN23.26.016.14.09A.04","Epsy_downstroke_adapt_ratio","-1.0631957519677322"
"QN23.26.016.14.09A.04","Epsy_peak_v_adapt_ratio","0.622900311572892"
"QN23.26.016.14.09A.04","Epsy_threshold_v_adapt_ratio","0.2880122959591885"
"QN23.26.016.14.09A.04","Epsy_upstroke_adapt_ratio","0.2972759338806721"
"QN23.26.016.14.09A.04","Epsy_width_adapt_ratio","0.252244761188961"
"QN23.26.016.14.09A.04","Epsy_threshold_v_short_square","0.0452133424482086"
"QN23.26.019.14.02A.05","Epsy_width_rheo","-0.6714470032945485"
"QN23.26.019.14.02A.05","Epsy_fast_trough_v_rheo","-2.81857063369724"
"QN23.26.019.14.02A.05","Epsy_peak_deltav_rheo","0.98097429785988"
"QN23.26.019.14.02A.05","Epsy_peak_v_rheo","0.6571338659626039"
"QN23.26.019.14.02A.05","Epsy_postap_slope_rheo","0.7523198031641448"
"QN23.26.019.14.02A.05","Epsy_threshold_v_rheo","-1.013050604550472"
"QN23.26.019.14.02A.05","Epsy_trough_t_rheo","0.725069340700319"
"QN23.26.019.14.02A.05","Epsy_trough_v_rheo","-1.1733245195677529"
"QN23.26.019.14.02A.05","Epsy_upstroke_downstroke_ratio_rheo","-0.2454406090881827"
"QN23.26.019.14.02A.05","Epsy_ahp_delay_5spike","-2.2834188940585447"
"QN23.26.019.14.02A.05","Epsy_ahp_delay_ratio_5spike","-2.348984071200709"
"QN23.26.019.14.02A.05","Epsy_postap_slope_hero","0.9524657727712992"
"QN23.26.019.14.02A.05","Epsy_trough_t_hero","0.3891482654029474"
"QN23.26.019.14.02A.05","Epsy_downstroke_adapt_ratio","0.6522197140864412"
"QN23.26.019.14.02A.05","Epsy_peak_v_adapt_ratio","-0.0632677683719515"
"QN23.26.019.14.02A.05","Epsy_threshold_v_adapt_ratio","0.3848213602965222"
"QN23.26.019.14.02A.05","Epsy_upstroke_adapt_ratio","0.4852822264014064"
"QN23.26.019.14.02A.05","Epsy_width_adapt_ratio","-0.3829462050734575"
"QN23.26.019.14.02A.05","Epsy_threshold_v_short_square","-0.960795158754372"
"QN24.26.003.41.05.01B.01","Epsy_width_rheo","0.1079851929998473"
"QN24.26.003.41.05.01B.01","Epsy_fast_trough_v_rheo","-0.8752436029436453"
"QN24.26.003.41.05.01B.01","Epsy_peak_deltav_rheo","-1.1856687033746705"
"QN24.26.003.41.05.01B.01","Epsy_peak_v_rheo","-1.511672477605495"
"QN24.26.003.41.05.01B.01","Epsy_postap_slope_rheo","0.4542319924709313"
"QN24.26.003.41.05.01B.01","Epsy_threshold_v_rheo","0.0942047904667837"
"QN24.26.003.41.05.01B.01","Epsy_trough_t_rheo","1.344532978248569"
"QN24.26.003.41.05.01B.01","Epsy_trough_v_rheo","-0.0806799596508491"
"QN24.26.003.41.05.01B.01","Epsy_upstroke_downstroke_ratio_rheo","-2.441911223012602"
"QN24.26.003.41.05.01B.01","Epsy_ahp_delay_5spike","-2.1003692200702804"
"QN24.26.003.41.05.01B.01","Epsy_ahp_delay_ratio_5spike","-2.473345208624161"
"QN24.26.003.41.05.01B.01","Epsy_postap_slope_hero","0.0956581360202126"
"QN24.26.003.41.05.01B.01","Epsy_trough_t_hero","-0.4657699695981971"
"QN24.26.003.41.05.01B.01","Epsy_downstroke_adapt_ratio","0.2859050937397388"
"QN24.26.003.41.05.01B.01","Epsy_peak_v_adapt_ratio","0.8866150985841119"
"QN24.26.003.41.05.01B.01","Epsy_threshold_v_adapt_ratio","0.6476507637861868"
"QN24.26.003.41.05.01B.01","Epsy_upstroke_adapt_ratio","0.7981663851737995"
"QN24.26.003.41.05.01B.01","Epsy_width_adapt_ratio","-0.7047274637429802"
"QN24.26.003.41.05.01B.01","Epsy_threshold_v_short_square","0.40582368861111"
"QN24.26.005.14d.02.01A.02","Epsy_width_rheo","0.4519479981633651"
"QN24.26.005.14d.02.01A.02","Epsy_fast_trough_v_rheo","-0.3655106756894884"
"QN24.26.005.14d.02.01A.02","Epsy_peak_deltav_rheo","-0.2223114008648393"
"QN24.26.005.14d.02.01A.02","Epsy_peak_v_rheo","-0.9865284442023836"
"QN24.26.005.14d.02.01A.02","Epsy_postap_slope_rheo","0.4682877718181403"
"QN24.26.005.14d.02.01A.02","Epsy_threshold_v_rheo","-0.7707956053778315"
"QN24.26.005.14d.02.01A.02","Epsy_trough_t_rheo","-0.5611595398937116"
"QN24.26.005.14d.02.01A.02","Epsy_trough_v_rheo","0.2991582795187823"
"QN24.26.005.14d.02.01A.02","Epsy_upstroke_downstroke_ratio_rheo","-0.4489865670156522"
"QN24.26.005.14d.02.01A.02","Epsy_ahp_delay_5spike","-1.9734256695961976"
"QN24.26.005.14d.02.01A.02","Epsy_ahp_delay_ratio_5spike","-1.604837648733891"
"QN24.26.005.14d.02.01A.02","Epsy_postap_slope_hero","0.0609434297121199"
"QN24.26.005.14d.02.01A.02","Epsy_trough_t_hero","0.109734361981034"
"QN24.26.005.14d.02.01A.02","Epsy_downstroke_adapt_ratio","-0.5910598159073399"
"QN24.26.005.14d.02.01A.02","Epsy_peak_v_adapt_ratio","1.557321588321735"
"QN24.26.005.14d.02.01A.02","Epsy_threshold_v_adapt_ratio","0.2811373522897523"
"QN24.26.005.14d.02.01A.02","Epsy_upstroke_adapt_ratio","0.2981777896537901"
"QN24.26.005.14d.02.01A.02","Epsy_width_adapt_ratio","0.2584254993011688"
"QN24.26.005.14d.02.01A.02","Epsy_threshold_v_short_square","-0.0965956336204118"
"QN24.26.012.14V.03A.02","Epsy_width_rheo","-0.4183151176999808"
"QN24.26.012.14V.03A.02","Epsy_fast_trough_v_rheo","-0.3413344274638989"
"QN24.26.012.14V.03A.02","Epsy_peak_deltav_rheo","0.5445638118044008"
"QN24.26.012.14V.03A.02","Epsy_peak_v_rheo","0.3676017072522883"
"QN24.26.012.14V.03A.02","Epsy_postap_slope_rheo","0.1155868751980756"
"QN24.26.012.14V.03A.02","Epsy_threshold_v_rheo","-0.2851962033840072"
"QN24.26.012.14V.03A.02","Epsy_trough_t_rheo","-0.3837463334819613"
"QN24.26.012.14V.03A.02","Epsy_trough_v_rheo","-0.5723020879610308"
"QN24.26.012.14V.03A.02","Epsy_upstroke_downstroke_ratio_rheo","0.5053587030726684"
"QN24.26.012.14V.03A.02","Epsy_ahp_delay_5spike","0.4372405374138425"
"QN24.26.012.14V.03A.02","Epsy_ahp_delay_ratio_5spike","0.2040488771341292"
"QN24.26.012.14V.03A.02","Epsy_postap_slope_hero","0.6233053154384809"
"QN24.26.012.14V.03A.02","Epsy_trough_t_hero","-1.345977680234552"
"QN24.26.012.14V.03A.02","Epsy_downstroke_adapt_ratio","0.2491926292876139"
"QN24.26.012.14V.03A.02","Epsy_peak_v_adapt_ratio","-0.1327173603568509"
"QN24.26.012.14V.03A.02","Epsy_threshold_v_adapt_ratio","0.0627390456452158"
"QN24.26.012.14V.03A.02","Epsy_upstroke_adapt_ratio","-0.1102429050903251"
"QN24.26.012.14V.03A.02","Epsy_width_adapt_ratio","0.4049565832445274"
"QN24.26.012.14V.03A.02","Epsy_threshold_v_short_square","-0.5068695561857689"
"QN24.26.012.14V.03A.05","Epsy_width_rheo","0.6051732862762902"
"QN24.26.012.14V.03A.05","Epsy_fast_trough_v_rheo","-0.1347802234872649"
"QN24.26.012.14V.03A.05","Epsy_peak_deltav_rheo","-0.5394521884244033"
"QN24.26.012.14V.03A.05","Epsy_peak_v_rheo","-1.2354357535895444"
"QN24.26.012.14V.03A.05","Epsy_postap_slope_rheo","0.5960741962898197"
"QN24.26.012.14V.03A.05","Epsy_threshold_v_rheo","-0.4784353607685944"
"QN24.26.012.14V.03A.05","Epsy_trough_t_rheo","1.2641877934699046"
"QN24.26.012.14V.03A.05","Epsy_trough_v_rheo","-0.3710433954035725"
"QN24.26.012.14V.03A.05","Epsy_upstroke_downstroke_ratio_rheo","-1.104605235197991"
"QN24.26.012.14V.03A.05","Epsy_ahp_delay_5spike","0.767300941151292"
"QN24.26.012.14V.03A.05","Epsy_ahp_delay_ratio_5spike","0.8902777627122959"
"QN24.26.012.14V.03A.05","Epsy_postap_slope_hero","-0.0006943638894079"
"QN24.26.012.14V.03A.05","Epsy_trough_t_hero","-0.4744142065690127"
"QN24.26.012.14V.03A.05","Epsy_downstroke_adapt_ratio","-0.2816029234678471"
"QN24.26.012.14V.03A.05","Epsy_peak_v_adapt_ratio","0.9684072562300052"
"QN24.26.012.14V.03A.05","Epsy_threshold_v_adapt_ratio","0.216204742694915"
"QN24.26.012.14V.03A.05","Epsy_upstroke_adapt_ratio","0.3089166206280381"
"QN24.26.012.14V.03A.05","Epsy_width_adapt_ratio","-0.0749605002567396"
"QN24.26.012.14V.03A.05","Epsy_threshold_v_short_square","-0.3827878706125791"
"QN24.26.013.14v.01A.02","Epsy_width_rheo","-0.1920195916270849"
"QN24.26.013.14v.01A.02","Epsy_fast_trough_v_rheo","0.0238589951460616"
"QN24.26.013.14v.01A.02","Epsy_peak_deltav_rheo","0.3012122923084899"
"QN24.26.013.14v.01A.02","Epsy_peak_v_rheo","-0.2136961028834909"
"QN24.26.013.14v.01A.02","Epsy_postap_slope_rheo","-0.3919673155095053"
"QN24.26.013.14v.01A.02","Epsy_threshold_v_rheo","-0.7820902547194927"
"QN24.26.013.14v.01A.02","Epsy_trough_t_rheo","0.4453787393427794"
"QN24.26.013.14v.01A.02","Epsy_trough_v_rheo","-0.3061391778729249"
"QN24.26.013.14v.01A.02","Epsy_upstroke_downstroke_ratio_rheo","0.0144812567714249"
"QN24.26.013.14v.01A.02","Epsy_ahp_delay_5spike","1.332314141155445"
"QN24.26.013.14v.01A.02","Epsy_ahp_delay_ratio_5spike","1.3715512641774552"
"QN24.26.013.14v.01A.02","Epsy_postap_slope_hero","-0.3287366946455496"
"QN24.26.013.14v.01A.02","Epsy_trough_t_hero","-0.0779023330562424"
"QN24.26.013.14v.01A.02","Epsy_downstroke_adapt_ratio","-0.7042767818528025"
"QN24.26.013.14v.01A.02","Epsy_peak_v_adapt_ratio","-1.182260413911704"
"QN24.26.013.14v.01A.02","Epsy_threshold_v_adapt_ratio","0.1847107096025672"
"QN24.26.013.14v.01A.02","Epsy_upstroke_adapt_ratio","-0.963372752165218"
"QN24.26.013.14v.01A.02","Epsy_width_adapt_ratio","0.9614487109726828"
"QN24.26.013.14v.01A.02","Epsy_threshold_v_short_square","-0.8932636498495531"
"QN24.26.017.15.02.01A.02","Epsy_width_rheo","0.1079851929998473"
"QN24.26.017.15.02.01A.02","Epsy_fast_trough_v_rheo","-0.0435062091566908"
"QN24.26.017.15.02.01A.02","Epsy_peak_deltav_rheo","-0.5217014709081047"
"QN24.26.017.15.02.01A.02","Epsy_peak_v_rheo","-0.4736849846802982"
"QN24.26.017.15.02.01A.02","Epsy_postap_slope_rheo","0.1403120486604422"
"QN24.26.017.15.02.01A.02","Epsy_threshold_v_rheo","0.3600163521738086"
"QN24.26.017.15.02.01A.02","Epsy_trough_t_rheo","-0.1164068299457645"
"QN24.26.017.15.02.01A.02","Epsy_trough_v_rheo","-0.5201270306598866"
"QN24.26.017.15.02.01A.02","Epsy_upstroke_downstroke_ratio_rheo","-0.1577688080526871"
"QN24.26.017.15.02.01A.02","Epsy_ahp_delay_5spike","0.52563415852094"
"QN24.26.017.15.02.01A.02","Epsy_ahp_delay_ratio_5spike","0.0870703606160608"
"QN24.26.017.15.02.01A.02","Epsy_postap_slope_hero","-0.6771984868344153"
"QN24.26.017.15.02.01A.02","Epsy_trough_t_hero","0.4742687722200624"
"QN24.26.017.15.02.01A.02","Epsy_downstroke_adapt_ratio","0.7770097651595312"
"QN24.26.017.15.02.01A.02","Epsy_peak_v_adapt_ratio","0.543358677480106"
"QN24.26.017.15.02.01A.02","Epsy_threshold_v_adapt_ratio","-0.0772811177478427"
"QN24.26.017.15.02.01A.02","Epsy_upstroke_adapt_ratio","0.1088908433439897"
"QN24.26.017.15.02.01A.02","Epsy_width_adapt_ratio","-0.5074342313268271"
"QN24.26.017.15.02.01A.02","Epsy_threshold_v_short_square","-0.5672290148085049"
"QN24.26.017.15.03A.05","Epsy_width_rheo","1.856117418341813"
"QN24.26.017.15.03A.05","Epsy_fast_trough_v_rheo","0.8435290973633115"
"QN24.26.017.15.03A.05","Epsy_peak_deltav_rheo","-2.0816429518687256"
"QN24.26.017.15.03A.05","Epsy_peak_v_rheo","-1.4068339560058545"
"QN24.26.017.15.03A.05","Epsy_postap_slope_rheo","0.2412594681573349"
"QN24.26.017.15.03A.05","Epsy_threshold_v_rheo","0.8051275401180042"
"QN24.26.017.15.03A.05","Epsy_trough_t_rheo","-0.2710328017708623"
"QN24.26.017.15.03A.05","Epsy_trough_v_rheo","0.7740273842571376"
"QN24.26.017.15.03A.05","Epsy_upstroke_downstroke_ratio_rheo","-0.6298418662728996"
"QN24.26.017.15.03A.05","Epsy_ahp_delay_5spike","0.2208532468770325"
"QN24.26.017.15.03A.05","Epsy_ahp_delay_ratio_5spike","0.0517827837773055"
"QN24.26.017.15.03A.05","Epsy_postap_slope_hero","-0.5713594364118666"
"QN24.26.017.15.03A.05","Epsy_trough_t_hero","0.0135884539692099"
"QN24.26.017.15.03A.05","Epsy_downstroke_adapt_ratio","-1.9313193812336875"
"QN24.26.017.15.03A.05","Epsy_peak_v_adapt_ratio","0.4250596476728496"
"QN24.26.017.15.03A.05","Epsy_threshold_v_adapt_ratio","-0.2823622904201253"
"QN24.26.017.15.03A.05","Epsy_upstroke_adapt_ratio","-0.599340171626548"
"QN24.26.017.15.03A.05","Epsy_width_adapt_ratio","0.309784223792789"
"QN24.26.017.15.03A.05","Epsy_threshold_v_short_square","1.4772432661008543"
"QN25.26.003.15.08.03","Epsy_width_rheo","-1.1181538882027684"
"QN25.26.003.15.08.03","Epsy_fast_trough_v_rheo","-1.008954453453157"
"QN25.26.003.15.08.03","Epsy_peak_deltav_rheo","0.5319409049025745"
"QN25.26.003.15.08.03","Epsy_peak_v_rheo","0.1180067746433903"
"QN25.26.003.15.08.03","Epsy_postap_slope_rheo","0.7666882523650457"
"QN25.26.003.15.08.03","Epsy_threshold_v_rheo","-0.7764359415528197"
"QN25.26.003.15.08.03","Epsy_trough_t_rheo","-0.1792652016641815"
"QN25.26.003.15.08.03","Epsy_trough_v_rheo","-1.282024913315945"
"QN25.26.003.15.08.03","Epsy_upstroke_downstroke_ratio_rheo","0.3885936428538797"
"QN25.26.003.15.08.03","Epsy_ahp_delay_5spike","0.2937199542114609"
"QN25.26.003.15.08.03","Epsy_ahp_delay_ratio_5spike","0.0951089956365008"
"QN25.26.003.15.08.03","Epsy_postap_slope_hero","0.252851826562801"
"QN25.26.003.15.08.03","Epsy_trough_t_hero","-0.0942003238140553"
"QN25.26.003.15.08.03","Epsy_downstroke_adapt_ratio","0.690123838624709"
"QN25.26.003.15.08.03","Epsy_peak_v_adapt_ratio","0.7188943822019678"
"QN25.26.003.15.08.03","Epsy_threshold_v_adapt_ratio","0.3470107904516666"
"QN25.26.003.15.08.03","Epsy_upstroke_adapt_ratio","0.6436551843926048"
"QN25.26.003.15.08.03","Epsy_width_adapt_ratio","-0.5608309264906357"
"QN25.26.003.15.08.03","Epsy_threshold_v_short_square","-0.8599837558873298"
"Q21.26.019.13.01.02","Epsy_width_rheo","0.7481422308356341"
"Q21.26.019.13.01.02","Epsy_fast_trough_v_rheo","0.8751336742550547"
"Q21.26.019.13.01.02","Epsy_peak_deltav_rheo","-0.1867002240803892"
"Q21.26.019.13.01.02","Epsy_peak_v_rheo","-0.4131957846128435"
"Q21.26.019.13.01.02","Epsy_postap_slope_rheo","-0.440739687428191"
"Q21.26.019.13.01.02","Epsy_threshold_v_rheo","-0.0457233604323886"
"Q21.26.019.13.01.02","Epsy_trough_t_rheo","-0.6016154951064235"
"Q21.26.019.13.01.02","Epsy_trough_v_rheo","-0.1766583491602173"
"Q21.26.019.13.01.02","Epsy_upstroke_downstroke_ratio_rheo","1.244839128781125"
"Q21.26.019.13.01.02","Epsy_ahp_delay_5spike","0.7086887151196919"
"Q21.26.019.13.01.02","Epsy_ahp_delay_ratio_5spike","0.6723331093986152"
"Q21.26.019.13.01.02","Epsy_postap_slope_hero","-1.2360739067419992"
"Q21.26.019.13.01.02","Epsy_trough_t_hero","0.0631906000972386"
"Q21.26.019.13.01.02","Epsy_downstroke_adapt_ratio","-1.0901364807356777"
"Q21.26.019.13.01.02","Epsy_peak_v_adapt_ratio","-0.0290597252360733"
"Q21.26.019.13.01.02","Epsy_threshold_v_adapt_ratio","-0.9833926456447208"
"Q21.26.019.13.01.02","Epsy_upstroke_adapt_ratio","-1.1418278796009502"
"Q21.26.019.13.01.02","Epsy_width_adapt_ratio","2.0443205279662977"
"Q21.26.019.13.01.02","Epsy_threshold_v_short_square","-0.5469920120271761"
"Q21.26.023.13.04.02","Epsy_width_rheo","1.8663848878191327"
"Q21.26.023.13.04.02","Epsy_fast_trough_v_rheo","0.5288284431103207"
"Q21.26.023.13.04.02","Epsy_peak_deltav_rheo","-0.6616704501595236"
"Q21.26.023.13.04.02","Epsy_peak_v_rheo","-1.058651656308812"
"Q21.26.023.13.04.02","Epsy_postap_slope_rheo","-1.1059975122747694"
"Q21.26.023.13.04.02","Epsy_threshold_v_rheo","-0.0970156334393772"
"Q21.26.023.13.04.02","Epsy_trough_t_rheo","-1.0637679320957083"
"Q21.26.023.13.04.02","Epsy_trough_v_rheo","-0.1657720705694189"
"Q21.26.023.13.04.02","Epsy_upstroke_downstroke_ratio_rheo","2.4090679335470795"
"Q21.26.023.13.04.02","Epsy_ahp_delay_5spike","0.7434257493490646"
"Q21.26.023.13.04.02","Epsy_ahp_delay_ratio_5spike","0.1946082419457948"
"Q21.26.023.13.04.02","Epsy_postap_slope_hero","-0.833212303373276"
"Q21.26.023.13.04.02","Epsy_trough_t_hero","-1.778159210605861"
"Q21.26.023.13.04.02","Epsy_downstroke_adapt_ratio","-0.8417904290130986"
"Q21.26.023.13.04.02","Epsy_peak_v_adapt_ratio","0.7189604533193776"
"Q21.26.023.13.04.02","Epsy_threshold_v_adapt_ratio","-1.4145100393476695"
"Q21.26.023.13.04.02","Epsy_upstroke_adapt_ratio","-0.8831546434463649"
"Q21.26.023.13.04.02","Epsy_width_adapt_ratio","2.010907489654808"
"Q21.26.023.13.04.02","Epsy_threshold_v_short_square","-0.0438272293205739"
"QM22.26.003.14.01.05","Epsy_width_rheo","-0.6714470032945485"
"QM22.26.003.14.01.05","Epsy_fast_trough_v_rheo","-0.1623512458000143"
"QM22.26.003.14.01.05","Epsy_peak_deltav_rheo","0.9183826100400948"
"QM22.26.003.14.01.05","Epsy_peak_v_rheo","0.5435628845011822"
"QM22.26.003.14.01.05","Epsy_postap_slope_rheo","-1.0426400978336658"
"QM22.26.003.14.01.05","Epsy_threshold_v_rheo","-1.0885734436519552"
"QM22.26.003.14.01.05","Epsy_trough_t_rheo","-1.895106623196343"
"QM22.26.003.14.01.05","Epsy_trough_v_rheo","-2.2623690263779404"
"QM22.26.003.14.01.05","Epsy_upstroke_downstroke_ratio_rheo","1.044631731548986"
"QM22.26.003.14.01.05","Epsy_ahp_delay_5spike","0.2966278834876319"
"QM22.26.003.14.01.05","Epsy_ahp_delay_ratio_5spike","-0.0801486362258971"
"QM22.26.003.14.01.05","Epsy_postap_slope_hero","-0.927517565290209"
"QM22.26.003.14.01.05","Epsy_trough_t_hero","-0.697822534988"
"QM22.26.003.14.01.05","Epsy_downstroke_adapt_ratio","-0.520092480572581"
"QM22.26.003.14.01.05","Epsy_peak_v_adapt_ratio","-0.4391770216488675"
"QM22.26.003.14.01.05","Epsy_threshold_v_adapt_ratio","-1.5683052581300958"
"QM22.26.003.14.01.05","Epsy_upstroke_adapt_ratio","-0.2978702376911569"
"QM22.26.003.14.01.05","Epsy_width_adapt_ratio","1.1834314166015614"
"QM22.26.003.14.01.05","Epsy_threshold_v_short_square","-0.7069994517810493"
"QM22.26.003.14.01.06","Epsy_width_rheo","-0.6714470032945485"
"QM22.26.003.14.01.06","Epsy_fast_trough_v_rheo","0.2883177880641931"
"QM22.26.003.14.01.06","Epsy_peak_deltav_rheo","0.6013446550932376"
"QM22.26.003.14.01.06","Epsy_peak_v_rheo","0.6114805087375487"
"QM22.26.003.14.01.06","Epsy_postap_slope_rheo","-9.27031397322138"
"QM22.26.003.14.01.06","Epsy_threshold_v_rheo","0.0579107780056909"
"QM22.26.003.14.01.06","Epsy_trough_t_rheo","0.7102522962790571"
"QM22.26.003.14.01.06","Epsy_trough_v_rheo","-1.6694630674851771"
"QM22.26.003.14.01.06","Epsy_upstroke_downstroke_ratio_rheo","0.8798833736025403"
"QM22.26.003.14.01.06","Epsy_ahp_delay_5spike","0.5819460428813189"
"QM22.26.003.14.01.06","Epsy_ahp_delay_ratio_5spike","0.2548767630500007"
"QM22.26.003.14.01.06","Epsy_postap_slope_hero","-0.185213243877067"
"QM22.26.003.14.01.06","Epsy_trough_t_hero","-0.9441621855896856"
"QM22.26.003.14.01.06","Epsy_downstroke_adapt_ratio","-0.0189026950759977"
"QM22.26.003.14.01.06","Epsy_peak_v_adapt_ratio","-0.2324402972505812"
"QM22.26.003.14.01.06","Epsy_threshold_v_adapt_ratio","-0.139271499887376"
"QM22.26.003.14.01.06","Epsy_upstroke_adapt_ratio","0.008495780452631"
"QM22.26.003.14.01.06","Epsy_width_adapt_ratio","0.0187317075361119"
"QM22.26.003.14.01.06","Epsy_threshold_v_short_square","-0.9381379913565956"
"QN22.26.002.14.03.03","Epsy_width_rheo","-1.1181538882019408"
"QN22.26.002.14.03.03","Epsy_fast_trough_v_rheo","0.2051663456190738"
"QN22.26.002.14.03.03","Epsy_peak_deltav_rheo","1.1106678000386851"
"QN22.26.002.14.03.03","Epsy_peak_v_rheo","0.7440437038600511"
"QN22.26.002.14.03.03","Epsy_postap_slope_rheo","-1.8516654058994728"
"QN22.26.002.14.03.03","Epsy_threshold_v_rheo","-1.3296814965992545"
"QN22.26.002.14.03.03","Epsy_trough_t_rheo","0.4231512323444167"
"QN22.26.002.14.03.03","Epsy_trough_v_rheo","-0.2488472459240814"
"QN22.26.002.14.03.03","Epsy_upstroke_downstroke_ratio_rheo","1.070831894981498"
"QN22.26.002.14.03.03","Epsy_ahp_delay_5spike","0.7002853696320771"
"QN22.26.002.14.03.03","Epsy_ahp_delay_ratio_5spike","0.5610925362158099"
"QN22.26.002.14.03.03","Epsy_postap_slope_hero","-0.0426223041705617"
"QN22.26.002.14.03.03","Epsy_trough_t_hero","-2.530437473761452"
"QN22.26.002.14.03.03","Epsy_downstroke_adapt_ratio","-0.5631596998244266"
"QN22.26.002.14.03.03","Epsy_peak_v_adapt_ratio","-0.9232931531591968"
"QN22.26.002.14.03.03","Epsy_threshold_v_adapt_ratio","0.123772962828234"
"QN22.26.002.14.03.03","Epsy_upstroke_adapt_ratio","-0.0769497698488474"
"QN22.26.002.14.03.03","Epsy_width_adapt_ratio","-0.0553690623447386"
"QN22.26.002.14.03.03","Epsy_threshold_v_short_square","-1.2779185324762732"
"QN22.26.011.14.7B.03","Epsy_width_rheo","0.605173286275551"
"QN22.26.011.14.7B.03","Epsy_fast_trough_v_rheo","0.9336383187338564"
"QN22.26.011.14.7B.03","Epsy_peak_deltav_rheo","-0.305984436887927"
"QN22.26.011.14.7B.03","Epsy_peak_v_rheo","-0.2311936097034403"
"QN22.26.011.14.7B.03","Epsy_postap_slope_rheo","-0.1934535138313163"
"QN22.26.011.14.7B.03","Epsy_threshold_v_rheo","0.3672156048160948"
"QN22.26.011.14.7B.03","Epsy_trough_t_rheo","0.3663402733574567"
"QN22.26.011.14.7B.03","Epsy_trough_v_rheo","0.1036711642827847"
"QN22.26.011.14.7B.03","Epsy_upstroke_downstroke_ratio_rheo","0.541844980172833"
"QN22.26.011.14.7B.03","Epsy_ahp_delay_5spike","0.479657515400743"
"QN22.26.011.14.7B.03","Epsy_ahp_delay_ratio_5spike","0.4478193872797716"
"QN22.26.011.14.7B.03","Epsy_postap_slope_hero","0.0264848314605638"
"QN22.26.011.14.7B.03","Epsy_trough_t_hero","-0.4902103962643631"
"QN22.26.011.14.7B.03","Epsy_downstroke_adapt_ratio","-0.5647376630420516"
"QN22.26.011.14.7B.03","Epsy_peak_v_adapt_ratio","1.42858743730408"
"QN22.26.011.14.7B.03","Epsy_threshold_v_adapt_ratio","-2.033458774062425"
"QN22.26.011.14.7B.03","Epsy_upstroke_adapt_ratio","0.0536323251190915"
"QN22.26.011.14.7B.03","Epsy_width_adapt_ratio","1.0396333963990947"
"QN22.26.011.14.7B.03","Epsy_threshold_v_short_square","-0.587584203848919"
"QN22.26.014.14.6A.02","Epsy_width_rheo","0.1079851929993814"
"QN22.26.014.14.6A.02","Epsy_fast_trough_v_rheo","1.1840117895684872"
"QN22.26.014.14.6A.02","Epsy_peak_deltav_rheo","0.6583768112985457"
"QN22.26.014.14.6A.02","Epsy_peak_v_rheo","0.8586114191344917"
"QN22.26.014.14.6A.02","Epsy_postap_slope_rheo","-1.5880618491832992"
"QN22.26.014.14.6A.02","Epsy_threshold_v_rheo","0.4029083579754633"
"QN22.26.014.14.6A.02","Epsy_trough_t_rheo","-0.5234446077338626"
"QN22.26.014.14.6A.02","Epsy_trough_v_rheo","0.3207382108037304"
"QN22.26.014.14.6A.02","Epsy_upstroke_downstroke_ratio_rheo","0.9662017962812924"
"QN22.26.014.14.6A.02","Epsy_ahp_delay_5spike","0.7490737824792466"
"QN22.26.014.14.6A.02","Epsy_ahp_delay_ratio_5spike","0.7184507859653877"
"QN22.26.014.14.6A.02","Epsy_postap_slope_hero","-0.1652994140222511"
"QN22.26.014.14.6A.02","Epsy_trough_t_hero","-0.0624997831077234"
"QN22.26.014.14.6A.02","Epsy_downstroke_adapt_ratio","-0.3786958006779659"
"QN22.26.014.14.6A.02","Epsy_peak_v_adapt_ratio","-0.4323866554922968"
"QN22.26.014.14.6A.02","Epsy_threshold_v_adapt_ratio","0.0297951318378741"
"QN22.26.014.14.6A.02","Epsy_upstroke_adapt_ratio","-0.274182908462001"
"QN22.26.014.14.6A.02","Epsy_width_adapt_ratio","0.6851778053045857"
"QN22.26.014.14.6A.02","Epsy_threshold_v_short_square","-0.5135241895617392"
"QN22.26.015.14.02A.03","Epsy_width_rheo","0.5299338132649696"
"QN22.26.015.14.02A.03","Epsy_fast_trough_v_rheo","0.6707998118751968"
"QN22.26.015.14.02A.03","Epsy_peak_deltav_rheo","-0.7845596819324927"
"QN22.26.015.14.02A.03","Epsy_peak_v_rheo","-1.2529375190780496"
"QN22.26.015.14.02A.03","Epsy_postap_slope_rheo","-0.6082437694004005"
"QN22.26.015.14.02A.03","Epsy_threshold_v_rheo","-0.1317974645495976"
"QN22.26.015.14.02A.03","Epsy_trough_t_rheo","0.3625559851366487"
"QN22.26.015.14.02A.03","Epsy_trough_v_rheo","-1.3290529055856446"
"QN22.26.015.14.02A.03","Epsy_upstroke_downstroke_ratio_rheo","-0.2274015195013146"
"QN22.26.015.14.02A.03","Epsy_ahp_delay_5spike","0.5857639285200466"
"QN22.26.015.14.02A.03","Epsy_ahp_delay_ratio_5spike","0.6886805478387278"
"QN22.26.015.14.02A.03","Epsy_postap_slope_hero","-0.4099625470072718"
"QN22.26.015.14.02A.03","Epsy_trough_t_hero","-0.2434262921516799"
"QN22.26.015.14.02A.03","Epsy_downstroke_adapt_ratio","-1.3579961858125658"
"QN22.26.015.14.02A.03","Epsy_peak_v_adapt_ratio","1.461463520776668"
"QN22.26.015.14.02A.03","Epsy_threshold_v_adapt_ratio","-0.5956183722889751"
"QN22.26.015.14.02A.03","Epsy_upstroke_adapt_ratio","0.1295426303565937"
"QN22.26.015.14.02A.03","Epsy_width_adapt_ratio","0.6305977362615016"
"QN22.26.015.14.02A.03","Epsy_threshold_v_short_square","0.3413252623743569"
"QN22.26.028.14.04.02","Epsy_width_rheo","1.0082322700792854"
"QN22.26.028.14.04.02","Epsy_fast_trough_v_rheo","1.0462405918136253"
"QN22.26.028.14.04.02","Epsy_peak_deltav_rheo","-0.3545157260222342"
"QN22.26.028.14.04.02","Epsy_peak_v_rheo","-0.0669405509095879"
"QN22.26.028.14.04.02","Epsy_postap_slope_rheo","-0.5539496120779592"
"QN22.26.028.14.04.02","Epsy_threshold_v_rheo","0.6266402201285584"
"QN22.26.028.14.04.02","Epsy_trough_t_rheo","0.1871434538842725"
"QN22.26.028.14.04.02","Epsy_trough_v_rheo","0.6051568526798221"
"QN22.26.028.14.04.02","Epsy_upstroke_downstroke_ratio_rheo","1.1270011053776765"
"QN22.26.028.14.04.02","Epsy_ahp_delay_5spike","0.7595593226053254"
"QN22.26.028.14.04.02","Epsy_ahp_delay_ratio_5spike","0.7124831208212447"
"QN22.26.028.14.04.02","Epsy_postap_slope_hero","-0.1544318303261689"
"QN22.26.028.14.04.02","Epsy_trough_t_hero","-0.4459695092181404"
"QN22.26.028.14.04.02","Epsy_downstroke_adapt_ratio","-1.0362615022114765"
"QN22.26.028.14.04.02","Epsy_peak_v_adapt_ratio","0.7681677258703558"
"QN22.26.028.14.04.02","Epsy_threshold_v_adapt_ratio","-1.6340194202675091"
"QN22.26.028.14.04.02","Epsy_upstroke_adapt_ratio","-0.4687850784914315"
"QN22.26.028.14.04.02","Epsy_width_adapt_ratio","1.1712683518245102"
"QN22.26.028.14.04.02","Epsy_threshold_v_short_square","0.3046756952847471"
"Q21.26.006.14.01.04","Epsy_width_rheo","0.0845322798507113"
"Q21.26.006.14.01.04","Epsy_fast_trough_v_rheo","-0.0593448576957725"
"Q21.26.006.14.01.04","Epsy_peak_deltav_rheo","0.4695600182772322"
"Q21.26.006.14.01.04","Epsy_peak_v_rheo","0.4313837279706113"
"Q21.26.006.14.01.04","Epsy_postap_slope_rheo","0.5326641178067885"
"Q21.26.006.14.01.04","Epsy_threshold_v_rheo","0.0169648126445685"
"Q21.26.006.14.01.04","Epsy_trough_t_rheo","0.5482148076710964"
"Q21.26.006.14.01.04","Epsy_trough_v_rheo","0.1647393128170635"
"Q21.26.006.14.01.04","Epsy_upstroke_downstroke_ratio_rheo","-0.7047960934376708"
"Q21.26.006.14.01.04","Epsy_ahp_delay_5spike","0.6867885714869211"
"Q21.26.006.14.01.04","Epsy_ahp_delay_ratio_5spike","0.4564517455440154"
"Q21.26.006.14.01.04","Epsy_postap_slope_hero","0.1098341198327989"
"Q21.26.006.14.01.04","Epsy_trough_t_hero","1.024099385506464"
"Q21.26.006.14.01.04","Epsy_downstroke_adapt_ratio","-0.050474220668966"
"Q21.26.006.14.01.04","Epsy_peak_v_adapt_ratio","-0.3023024223476805"
"Q21.26.006.14.01.04","Epsy_threshold_v_adapt_ratio","0.0345094383656903"
"Q21.26.006.14.01.04","Epsy_upstroke_adapt_ratio","0.0784807612726764"
"Q21.26.006.14.01.04","Epsy_width_adapt_ratio","-0.4084698624857785"
"Q21.26.006.14.01.04","Epsy_threshold_v_short_square","-0.0293105023595673"
"QN21.26.028.14.02.03","Epsy_width_rheo","2.6112040346354246"
"QN21.26.028.14.02.03","Epsy_fast_trough_v_rheo","1.4873585674635752"
"QN21.26.028.14.02.03","Epsy_peak_deltav_rheo","-0.1867005320383623"
"QN21.26.028.14.02.03","Epsy_peak_v_rheo","0.1883428337511529"
"QN21.26.028.14.02.03","Epsy_postap_slope_rheo","-0.7227946682358525"
"QN21.26.028.14.02.03","Epsy_threshold_v_rheo","0.7346135351702624"
"QN21.26.028.14.02.03","Epsy_trough_t_rheo","0.0556415156618376"
"QN21.26.028.14.02.03","Epsy_trough_v_rheo","1.1050104438246695"
"QN21.26.028.14.02.03","Epsy_upstroke_downstroke_ratio_rheo","0.862179270397698"
"QN21.26.028.14.02.03","Epsy_ahp_delay_5spike","1.648861315220051"
"QN21.26.028.14.02.03","Epsy_ahp_delay_ratio_5spike","1.1651584327477444"
"QN21.26.028.14.02.03","Epsy_postap_slope_hero","-2.181627541254445"
"QN21.26.028.14.02.03","Epsy_trough_t_hero","-0.221762935622113"
"QN21.26.028.14.02.03","Epsy_downstroke_adapt_ratio","-1.3530602917635983"
"QN21.26.028.14.02.03","Epsy_peak_v_adapt_ratio","-0.4621797092984506"
"QN21.26.028.14.02.03","Epsy_threshold_v_adapt_ratio","-1.1205427343636305"
"QN21.26.028.14.02.03","Epsy_upstroke_adapt_ratio","-1.0280666996996703"
"QN21.26.028.14.02.03","Epsy_width_adapt_ratio","1.175632885144728"
"QN21.26.028.14.02.03","Epsy_threshold_v_short_square","1.0267847517139088"
"QN21.26.028.14.02.06","Epsy_width_rheo","3.516713343371777"
"QN21.26.028.14.02.06","Epsy_fast_trough_v_rheo","1.5833506763942915"
"QN21.26.028.14.02.06","Epsy_peak_deltav_rheo","-1.3783460137058503"
"QN21.26.028.14.02.06","Epsy_peak_v_rheo","-0.5958194101749682"
"QN21.26.028.14.02.06","Epsy_postap_slope_rheo","-0.1275667046008237"
"QN21.26.028.14.02.06","Epsy_threshold_v_rheo","1.0028044196278147"
"QN21.26.028.14.02.06","Epsy_trough_t_rheo","1.072239497918642"
"QN21.26.028.14.02.06","Epsy_trough_v_rheo","0.7705735094081154"
"QN21.26.028.14.02.06","Epsy_upstroke_downstroke_ratio_rheo","1.422167260809042"
"QN21.26.028.14.02.06","Epsy_ahp_delay_5spike","-0.2369580739736725"
"QN21.26.028.14.02.06","Epsy_ahp_delay_ratio_5spike","-0.5948678611313696"
"QN21.26.028.14.02.06","Epsy_postap_slope_hero","-1.338857726906377"
"QN21.26.028.14.02.06","Epsy_trough_t_hero","-0.0605470556649406"
"QN21.26.028.14.02.06","Epsy_downstroke_adapt_ratio","-1.1104551483200646"
"QN21.26.028.14.02.06","Epsy_peak_v_adapt_ratio","0.2539305532424057"
"QN21.26.028.14.02.06","Epsy_threshold_v_adapt_ratio","-1.5966254237876851"
"QN21.26.028.14.02.06","Epsy_upstroke_adapt_ratio","-0.683481390577277"
"QN21.26.028.14.02.06","Epsy_width_adapt_ratio","1.4025918305142375"
"QN21.26.028.14.02.06","Epsy_threshold_v_short_square","0.9902527926199548"
"QN22.26.002.14.02.03","Epsy_width_rheo","-1.578366710915283"
"QN22.26.002.14.02.03","Epsy_fast_trough_v_rheo","1.1687771979617272"
"QN22.26.002.14.02.03","Epsy_peak_deltav_rheo","0.0609114552504267"
"QN22.26.002.14.02.03","Epsy_peak_v_rheo","0.6999530359359414"
"QN22.26.002.14.02.03","Epsy_postap_slope_rheo","0.0938120904143226"
"QN22.26.002.14.02.03","Epsy_threshold_v_rheo","1.0961400325017665"
"QN22.26.002.14.02.03","Epsy_trough_t_rheo","0.5862126337734499"
"QN22.26.002.14.02.03","Epsy_trough_v_rheo","1.398041765231804"
"QN22.26.002.14.02.03","Epsy_upstroke_downstroke_ratio_rheo","-1.3517555024805454"
"QN22.26.002.14.02.03","Epsy_ahp_delay_5spike","0.5037097023532697"
"QN22.26.002.14.02.03","Epsy_ahp_delay_ratio_5spike","0.3394473250942"
"QN22.26.002.14.02.03","Epsy_postap_slope_hero","0.4892494263566023"
"QN22.26.002.14.02.03","Epsy_trough_t_hero","1.0905767216758813"
"QN22.26.002.14.02.03","Epsy_downstroke_adapt_ratio","1.0421851487096196"
"QN22.26.002.14.02.03","Epsy_peak_v_adapt_ratio","-0.4225053418480765"
"QN22.26.002.14.02.03","Epsy_threshold_v_adapt_ratio","0.7820463376314003"
"QN22.26.002.14.02.03","Epsy_upstroke_adapt_ratio","0.4751221860774358"
"QN22.26.002.14.02.03","Epsy_width_adapt_ratio","-1.4292379133118431"
"QN22.26.002.14.02.03","Epsy_threshold_v_short_square","0.7901756799627883"
"QN22.26.002.14.04.02","Epsy_width_rheo","2.4302767785752515"
"QN22.26.002.14.04.02","Epsy_fast_trough_v_rheo","0.8505910845859155"
"QN22.26.002.14.04.02","Epsy_peak_deltav_rheo","-6.655611241813197"
"QN22.26.002.14.04.02","Epsy_peak_v_rheo","-1.2661450802927026"
"QN22.26.002.14.04.02","Epsy_postap_slope_rheo","-3.795796002799132"
"QN22.26.002.14.04.02","Epsy_threshold_v_rheo","1.6764669961665315"
"QN22.26.002.14.04.02","Epsy_trough_t_rheo","1.1103141527284683"
"QN22.26.002.14.04.02","Epsy_trough_v_rheo","0.6642019213316686"
"QN22.26.002.14.04.02","Epsy_upstroke_downstroke_ratio_rheo","-2.328436898172696"
"QN22.26.002.14.04.02","Epsy_ahp_delay_5spike","0.299528479225299"
"QN22.26.002.14.04.02","Epsy_ahp_delay_ratio_5spike","0.3753265571482249"
"QN22.26.002.14.04.02","Epsy_postap_slope_hero","-0.2427654452853489"
"QN22.26.002.14.04.02","Epsy_trough_t_hero","0.5887184158484637"
"QN22.26.002.14.04.02","Epsy_downstroke_adapt_ratio","1.0603635794648627"
"QN22.26.002.14.04.02","Epsy_peak_v_adapt_ratio","-1.0635413608351028"
"QN22.26.002.14.04.02","Epsy_threshold_v_adapt_ratio","-0.8167374612246616"
"QN22.26.002.14.04.02","Epsy_upstroke_adapt_ratio","-0.481160419439379"
"QN22.26.002.14.04.02","Epsy_width_adapt_ratio","-1.237982440291879"
"QN22.26.002.14.04.02","Epsy_threshold_v_short_square","1.0267847517139088"
"QN22.26.002.14.04.03","Epsy_width_rheo","0.2868803091776449"
"QN22.26.002.14.04.03","Epsy_fast_trough_v_rheo","-0.6572068082064908"
"QN22.26.002.14.04.03","Epsy_peak_deltav_rheo","0.3172521253190045"
"QN22.26.002.14.04.03","Epsy_peak_v_rheo","0.339764114944712"
"QN22.26.002.14.04.03","Epsy_postap_slope_rheo","0.1482441064059367"
"QN22.26.002.14.04.03","Epsy_threshold_v_rheo","0.1730412311358106"
"QN22.26.002.14.04.03","Epsy_trough_t_rheo","-0.3800689264556421"
"QN22.26.002.14.04.03","Epsy_trough_v_rheo","0.098897691303711"
"QN22.26.002.14.04.03","Epsy_upstroke_downstroke_ratio_rheo","-0.0512734617072321"
"QN22.26.002.14.04.03","Epsy_ahp_delay_5spike","0.2416036884036358"
"QN22.26.002.14.04.03","Epsy_ahp_delay_ratio_5spike","0.2075308490100563"
"QN22.26.002.14.04.03","Epsy_postap_slope_hero","0.5257201899529296"
"QN22.26.002.14.04.03","Epsy_trough_t_hero","0.4848613666116415"
"QN22.26.002.14.04.03","Epsy_downstroke_adapt_ratio","0.3401045458150732"
"QN22.26.002.14.04.03","Epsy_peak_v_adapt_ratio","0.4492790873627277"
"QN22.26.002.14.04.03","Epsy_threshold_v_adapt_ratio","0.3871225202393857"
"QN22.26.002.14.04.03","Epsy_upstroke_adapt_ratio","0.2103371411133198"
"QN22.26.002.14.04.03","Epsy_width_adapt_ratio","0.4679073145016508"
"QN22.26.002.14.04.03","Epsy_threshold_v_short_square","-0.0995512117910014"
"QN22.26.011.14.2A.04","Epsy_width_rheo","0.6778532850392719"
"QN22.26.011.14.2A.04","Epsy_fast_trough_v_rheo","1.1036323605706797"
"QN22.26.011.14.2A.04","Epsy_peak_deltav_rheo","0.2086965764302531"
"QN22.26.011.14.2A.04","Epsy_peak_v_rheo","0.5564378090368679"
"QN22.26.011.14.2A.04","Epsy_postap_slope_rheo","0.7192395477977306"
"QN22.26.011.14.2A.04","Epsy_threshold_v_rheo","0.6970288071063039"
"QN22.26.011.14.2A.04","Epsy_trough_t_rheo","-0.6451782367548323"
"QN22.26.011.14.2A.04","Epsy_trough_v_rheo","1.0362266504422328"
"QN22.26.011.14.2A.04","Epsy_upstroke_downstroke_ratio_rheo","-0.5050742924571126"
"QN22.26.011.14.2A.04","Epsy_ahp_delay_5spike","0.7930507607181173"
"QN22.26.011.14.2A.04","Epsy_ahp_delay_ratio_5spike","-0.3473007720864762"
"QN22.26.011.14.2A.04","Epsy_postap_slope_hero","0.2342379651672129"
"QN22.26.011.14.2A.04","Epsy_trough_t_hero","-1.2776863210336924"
"QN22.26.011.14.2A.04","Epsy_downstroke_adapt_ratio","-2.2480101769693484"
"QN22.26.011.14.2A.04","Epsy_peak_v_adapt_ratio","-1.612432780999916"
"QN22.26.011.14.2A.04","Epsy_threshold_v_adapt_ratio","-1.707304420542303"
"QN22.26.011.14.2A.04","Epsy_upstroke_adapt_ratio","-2.4610920167224126"
"QN22.26.011.14.2A.04","Epsy_width_adapt_ratio","2.0091519850188924"
"QN22.26.011.14.2A.04","Epsy_threshold_v_short_square","0.5705588383801283"
"QN22.26.011.14.6A.03","Epsy_width_rheo","1.0685925936767682"
"QN22.26.011.14.6A.03","Epsy_fast_trough_v_rheo","1.1718328131887972"
"QN22.26.011.14.6A.03","Epsy_peak_deltav_rheo","0.0788321017576546"
"QN22.26.011.14.6A.03","Epsy_peak_v_rheo","0.3420954201184919"
"QN22.26.011.14.6A.03","Epsy_postap_slope_rheo","-0.9703809591264329"
"QN22.26.011.14.6A.03","Epsy_threshold_v_rheo","0.5808058453481042"
"QN22.26.011.14.6A.03","Epsy_trough_t_rheo","1.1596273582637315"
"QN22.26.011.14.6A.03","Epsy_trough_v_rheo","0.3034927970143752"
"QN22.26.011.14.6A.03","Epsy_upstroke_downstroke_ratio_rheo","0.5047332449397629"
"QN22.26.011.14.6A.03","Epsy_ahp_delay_5spike","1.2411642066290265"
"QN22.26.011.14.6A.03","Epsy_ahp_delay_ratio_5spike","1.0041086054504569"
"QN22.26.011.14.6A.03","Epsy_postap_slope_hero","-1.106584422585334"
"QN22.26.011.14.6A.03","Epsy_trough_t_hero","0.7307860282856676"
"QN22.26.011.14.6A.03","Epsy_downstroke_adapt_ratio","-0.1262205616194071"
"QN22.26.011.14.6A.03","Epsy_peak_v_adapt_ratio","-1.7847453764721837"
"QN22.26.011.14.6A.03","Epsy_threshold_v_adapt_ratio","0.0283733218370576"
"QN22.26.011.14.6A.03","Epsy_upstroke_adapt_ratio","-0.7153022771759258"
"QN22.26.011.14.6A.03","Epsy_width_adapt_ratio","-0.3643352474827405"
"QN22.26.011.14.6A.03","Epsy_threshold_v_short_square","0.0986795953599945"
"QN22.26.020.14.02.03","Epsy_width_rheo","-1.4780524522143186"
"QN22.26.020.14.02.03","Epsy_fast_trough_v_rheo","-0.5556827318012572"
"QN22.26.020.14.02.03","Epsy_peak_deltav_rheo","-0.1867005320383623"
"QN22.26.020.14.02.03","Epsy_peak_v_rheo","0.1026760279857242"
"QN22.26.020.14.02.03","Epsy_postap_slope_rheo","1.5823533224640849"
"QN22.26.020.14.02.03","Epsy_threshold_v_rheo","0.6266402201285584"
"QN22.26.020.14.02.03","Epsy_trough_t_rheo","1.0679063850092614"
"QN22.26.020.14.02.03","Epsy_trough_v_rheo","0.1273722121441996"
"QN22.26.020.14.02.03","Epsy_upstroke_downstroke_ratio_rheo","-0.5340987513955678"
"QN22.26.020.14.02.03","Epsy_ahp_delay_5spike","-2.484799637022842"
"QN22.26.020.14.02.03","Epsy_ahp_delay_ratio_5spike","-2.68878416405562"
"QN22.26.020.14.02.03","Epsy_postap_slope_hero","1.33615017319272"
"QN22.26.020.14.02.03","Epsy_trough_t_hero","0.5245536294324767"
"QN22.26.020.14.02.03","Epsy_downstroke_adapt_ratio","0.209448151796941"
"QN22.26.020.14.02.03","Epsy_peak_v_adapt_ratio","-0.1291386514184248"
"QN22.26.020.14.02.03","Epsy_threshold_v_adapt_ratio","0.4740135624013751"
"QN22.26.020.14.02.03","Epsy_upstroke_adapt_ratio","0.6037724771987139"
"QN22.26.020.14.02.03","Epsy_width_adapt_ratio","-0.996028353150264"
"QN22.26.020.14.02.03","Epsy_threshold_v_short_square","0.7060203551199009"
"QN22.26.034.14.03.03","Epsy_width_rheo","1.008232270079592"
"QN22.26.034.14.03.03","Epsy_fast_trough_v_rheo","0.9200094285575184"
"QN22.26.034.14.03.03","Epsy_peak_deltav_rheo","-0.0880759646591229"
"QN22.26.034.14.03.03","Epsy_peak_v_rheo","0.2422610960993598"
"QN22.26.034.14.03.03","Epsy_postap_slope_rheo","-0.2570098306648083"
"QN22.26.034.14.03.03","Epsy_threshold_v_rheo","0.6780250938450645"
"QN22.26.034.14.03.03","Epsy_trough_t_rheo","-0.8147126532649913"
"QN22.26.034.14.03.03","Epsy_trough_v_rheo","1.0179014192849691"
"QN22.26.034.14.03.03","Epsy_upstroke_downstroke_ratio_rheo","-0.5677625578338447"
"QN22.26.034.14.03.03","Epsy_ahp_delay_5spike","-0.0207540857064582"
"QN22.26.034.14.03.03","Epsy_ahp_delay_ratio_5spike","-0.963129988132532"
"QN22.26.034.14.03.03","Epsy_postap_slope_hero","-1.111980403783984"
"QN22.26.034.14.03.03","Epsy_trough_t_hero","-0.9271972639995084"
"QN22.26.034.14.03.03","Epsy_downstroke_adapt_ratio","-1.179864810109888"
"QN22.26.034.14.03.03","Epsy_peak_v_adapt_ratio","-1.868848755321162"
"QN22.26.034.14.03.03","Epsy_threshold_v_adapt_ratio","-2.4276664490023525"
"QN22.26.034.14.03.03","Epsy_upstroke_adapt_ratio","-2.981568635928545"
"QN22.26.034.14.03.03","Epsy_width_adapt_ratio","1.6112227606963234"
"QN22.26.034.14.03.03","Epsy_threshold_v_short_square","0.4236703584016363"
"QN23.26.008.14.02.02","Epsy_width_rheo","0.6051732862762902"
"QN23.26.008.14.02.02","Epsy_fast_trough_v_rheo","0.4246439296061379"
"QN23.26.008.14.02.02","Epsy_peak_deltav_rheo","-0.5573496991594014"
"QN23.26.008.14.02.02","Epsy_peak_v_rheo","-0.4995951737464836"
"QN23.26.008.14.02.02","Epsy_postap_slope_rheo","-1.4593038192757284"
"QN23.26.008.14.02.02","Epsy_threshold_v_rheo","0.3743948791732063"
"QN23.26.008.14.02.02","Epsy_trough_t_rheo","0.7676268526856017"
"QN23.26.008.14.02.02","Epsy_trough_v_rheo","0.4007530256037195"
"QN23.26.008.14.02.02","Epsy_upstroke_downstroke_ratio_rheo","-0.5804118668391053"
"QN23.26.008.14.02.02","Epsy_ahp_delay_5spike","-0.0400508722622618"
"QN23.26.008.14.02.02","Epsy_ahp_delay_ratio_5spike","-0.0293372401628746"
"QN23.26.008.14.02.02","Epsy_postap_slope_hero","-0.4065814637820172"
"QN23.26.008.14.02.02","Epsy_trough_t_hero","1.4957853489674613"
"QN23.26.008.14.02.02","Epsy_downstroke_adapt_ratio","0.2525883865869104"
"QN23.26.008.14.02.02","Epsy_peak_v_adapt_ratio","0.5295525914005796"
"QN23.26.008.14.02.02","Epsy_threshold_v_adapt_ratio","0.1356205230597533"
"QN23.26.008.14.02.02","Epsy_upstroke_adapt_ratio","0.4597340778529409"
"QN23.26.008.14.02.02","Epsy_width_adapt_ratio","-0.7399989593092562"
"QN23.26.008.14.02.02","Epsy_threshold_v_short_square","0.4262127678390747"
"QN23.26.008.14.02.05","Epsy_width_rheo","0.8821421575550075"
"QN23.26.008.14.02.05","Epsy_fast_trough_v_rheo","0.6860319381703026"
"QN23.26.008.14.02.05","Epsy_peak_deltav_rheo","-1.8191230739190616"
"QN23.26.008.14.02.05","Epsy_peak_v_rheo","-1.2529375190780496"
"QN23.26.008.14.02.05","Epsy_postap_slope_rheo","0.1481546052604196"
"QN23.26.008.14.02.05","Epsy_threshold_v_rheo","0.768582770887862"
"QN23.26.008.14.02.05","Epsy_trough_t_rheo","-1.1009875020057505"
"QN23.26.008.14.02.05","Epsy_trough_v_rheo","1.0664133733256196"
"QN23.26.008.14.02.05","Epsy_upstroke_downstroke_ratio_rheo","-1.9096778585930496"
"QN23.26.008.14.02.05","Epsy_ahp_delay_5spike","-0.5895568074218376"
"QN23.26.008.14.02.05","Epsy_ahp_delay_ratio_5spike","-1.0832372222523965"
"QN23.26.008.14.02.05","Epsy_postap_slope_hero","-1.1569411367797915"
"QN23.26.008.14.02.05","Epsy_trough_t_hero","-0.2485420838142844"
"QN23.26.008.14.02.05","Epsy_downstroke_adapt_ratio","-0.2971510454288448"
"QN23.26.008.14.02.05","Epsy_peak_v_adapt_ratio","-1.0260025339487195"
"QN23.26.008.14.02.05","Epsy_threshold_v_adapt_ratio","-0.1593453003260178"
"QN23.26.008.14.02.05","Epsy_upstroke_adapt_ratio","-0.6810602560907074"
"QN23.26.008.14.02.05","Epsy_width_adapt_ratio","-0.1472325462013692"
"QN23.26.008.14.02.05","Epsy_threshold_v_short_square","0.7602988796288481"
"QN23.26.010.14.02A.01","Epsy_width_rheo","0.816192449158612"
"QN23.26.010.14.02A.01","Epsy_fast_trough_v_rheo","0.8890382984447555"
"QN23.26.010.14.02A.01","Epsy_peak_deltav_rheo","-2.703206281121341"
"QN23.26.010.14.02A.01","Epsy_peak_v_rheo","-2.640816691144066"
"QN23.26.010.14.02A.01","Epsy_postap_slope_rheo","0.8812878048255515"
"QN23.26.010.14.02A.01","Epsy_threshold_v_rheo","0.4135182223155034"
"QN23.26.010.14.02A.01","Epsy_trough_t_rheo","-1.5645907945069455"
"QN23.26.010.14.02A.01","Epsy_trough_v_rheo","1.2553301937606098"
"QN23.26.010.14.02A.01","Epsy_upstroke_downstroke_ratio_rheo","-0.8797987058204814"
"QN23.26.010.14.02A.01","Epsy_ahp_delay_5spike","0.9247886000751004"
"QN23.26.010.14.02A.01","Epsy_ahp_delay_ratio_5spike","1.0423112937234835"
"QN23.26.010.14.02A.01","Epsy_postap_slope_hero","0.3717664200541599"
"QN23.26.010.14.02A.01","Epsy_trough_t_hero","3.537480121146212"
"QN23.26.010.14.02A.01","Epsy_downstroke_adapt_ratio","-0.8235055391743599"
"QN23.26.010.14.02A.01","Epsy_peak_v_adapt_ratio","0.2156352053628306"
"QN23.26.010.14.02A.01","Epsy_threshold_v_adapt_ratio","0.3235790869320218"
"QN23.26.010.14.02A.01","Epsy_upstroke_adapt_ratio","0.3565596355408356"
"QN23.26.010.14.02A.01","Epsy_width_adapt_ratio","-0.1639172411328868"
"QN23.26.010.14.02A.01","Epsy_threshold_v_short_square","1.8049002982898168"
"QN23.26.010.14.02A.03","Epsy_width_rheo","1.4491995285413748"
"QN23.26.010.14.02A.03","Epsy_fast_trough_v_rheo","0.0136270694461204"
"QN23.26.010.14.02A.03","Epsy_peak_deltav_rheo","-3.1314774127658147"
"QN23.26.010.14.02A.03","Epsy_peak_v_rheo","-4.164005207480258"
"QN23.26.010.14.02A.03","Epsy_postap_slope_rheo","0.1560493692991832"
"QN23.26.010.14.02A.03","Epsy_threshold_v_rheo","0.0252071602601467"
"QN23.26.010.14.02A.03","Epsy_trough_t_rheo","1.0314781086685303"
"QN23.26.010.14.02A.03","Epsy_trough_v_rheo","-1.020263789259583"
"QN23.26.010.14.02A.03","Epsy_upstroke_downstroke_ratio_rheo","-0.6153668700918481"
"QN23.26.010.14.02A.03","Epsy_ahp_delay_5spike","-1.6518594608903618"
"QN23.26.010.14.02A.03","Epsy_ahp_delay_ratio_5spike","-1.85835320814044"
"QN23.26.010.14.02A.03","Epsy_postap_slope_hero","-0.8487002966057541"
"QN23.26.010.14.02A.03","Epsy_trough_t_hero","0.5370027630627463"
"QN23.26.010.14.02A.03","Epsy_downstroke_adapt_ratio","-1.0835837020391348"
"QN23.26.010.14.02A.03","Epsy_peak_v_adapt_ratio","-0.8044053094411415"
"QN23.26.010.14.02A.03","Epsy_threshold_v_adapt_ratio","0.5963004396373173"
"QN23.26.010.14.02A.03","Epsy_upstroke_adapt_ratio","0.445357965474364"
"QN23.26.010.14.02A.03","Epsy_width_adapt_ratio","0.2472257114719458"
"QN23.26.010.14.02A.03","Epsy_threshold_v_short_square","1.04597036001195"
"QN23.26.010.14.03A.02","Epsy_width_rheo","1.0685925936767682"
"QN23.26.010.14.03A.02","Epsy_fast_trough_v_rheo","0.7086859648999151"
"QN23.26.010.14.03A.02","Epsy_peak_deltav_rheo","-0.8624873561831974"
"QN23.26.010.14.03A.02","Epsy_peak_v_rheo","-0.4576254655451143"
"QN23.26.010.14.03A.02","Epsy_postap_slope_rheo","0.828790648773451"
"QN23.26.010.14.03A.02","Epsy_threshold_v_rheo","0.7346135351702624"
"QN23.26.010.14.03A.02","Epsy_trough_t_rheo","1.2371720627197558"
"QN23.26.010.14.03A.02","Epsy_trough_v_rheo","0.8048519428527049"
"QN23.26.010.14.03A.02","Epsy_upstroke_downstroke_ratio_rheo","-0.55415498537489"
"QN23.26.010.14.03A.02","Epsy_ahp_delay_5spike","0.5154747403134337"
"QN23.26.010.14.03A.02","Epsy_ahp_delay_ratio_5spike","0.2704168886594825"
"QN23.26.010.14.03A.02","Epsy_postap_slope_hero","0.7455537262133215"
"QN23.26.010.14.03A.02","Epsy_trough_t_hero","1.3185287858361072"
"QN23.26.010.14.03A.02","Epsy_downstroke_adapt_ratio","-0.137130760105187"
"QN23.26.010.14.03A.02","Epsy_peak_v_adapt_ratio","0.7037340055042967"
"QN23.26.010.14.03A.02","Epsy_threshold_v_adapt_ratio","0.5544709766289964"
"QN23.26.010.14.03A.02","Epsy_upstroke_adapt_ratio","0.4354849646016802"
"QN23.26.010.14.03A.02","Epsy_width_adapt_ratio","-0.2110405332759333"
"QN23.26.010.14.03A.02","Epsy_threshold_v_short_square","1.6026325028287762"
"QN23.26.010.14.03A.04","Epsy_width_rheo","0.1993044110160222"
"QN23.26.010.14.03A.04","Epsy_fast_trough_v_rheo","1.0071434183734986"
"QN23.26.010.14.03A.04","Epsy_peak_deltav_rheo","-0.1841792130026929"
"QN23.26.010.14.03A.04","Epsy_peak_v_rheo","0.2398351639221341"
"QN23.26.010.14.03A.04","Epsy_postap_slope_rheo","-0.5596724094165993"
"QN23.26.010.14.03A.04","Epsy_threshold_v_rheo","0.7960410582916798"
"QN23.26.010.14.03A.04","Epsy_trough_t_rheo","-0.2011444144660122"
"QN23.26.010.14.03A.04","Epsy_trough_v_rheo","0.8816061898696294"
"QN23.26.010.14.03A.04","Epsy_upstroke_downstroke_ratio_rheo","-1.611737850112422"
"QN23.26.010.14.03A.04","Epsy_ahp_delay_5spike","0.4588810283780935"
"QN23.26.010.14.03A.04","Epsy_ahp_delay_ratio_5spike","0.2928786650381332"
"QN23.26.010.14.03A.04","Epsy_postap_slope_hero","0.1046845754960679"
"QN23.26.010.14.03A.04","Epsy_trough_t_hero","-0.1740274358935861"
"QN23.26.010.14.03A.04","Epsy_downstroke_adapt_ratio","-0.6934565040187294"
"QN23.26.010.14.03A.04","Epsy_peak_v_adapt_ratio","-1.1798046404507816"
"QN23.26.010.14.03A.04","Epsy_threshold_v_adapt_ratio","-1.9585953230760544"
"QN23.26.010.14.03A.04","Epsy_upstroke_adapt_ratio","-1.586237625611279"
"QN23.26.010.14.03A.04","Epsy_width_adapt_ratio","0.3368114507324058"
"QN23.26.010.14.03A.04","Epsy_threshold_v_short_square","-0.0351102686630027"
"QN23.26.010.14.03A.06","Epsy_width_rheo","0.882142157554683"
"QN23.26.010.14.03A.06","Epsy_fast_trough_v_rheo","0.5450565687559645"
"QN23.26.010.14.03A.06","Epsy_peak_deltav_rheo","0.5802263756827907"
"QN23.26.010.14.03A.06","Epsy_peak_v_rheo","0.5110845925677633"
"QN23.26.010.14.03A.06","Epsy_postap_slope_rheo","-0.5595222653734865"
"QN23.26.010.14.03A.06","Epsy_threshold_v_rheo","-0.0883943367141277"
"QN23.26.010.14.03A.06","Epsy_trough_t_rheo","-0.0989453749748885"
"QN23.26.010.14.03A.06","Epsy_trough_v_rheo","0.6787036431132312"
"QN23.26.010.14.03A.06","Epsy_upstroke_downstroke_ratio_rheo","0.37792018831927"
"QN23.26.010.14.03A.06","Epsy_ahp_delay_5spike","0.5214617310056316"
"QN23.26.010.14.03A.06","Epsy_ahp_delay_ratio_5spike","0.3280657004877531"
"QN23.26.010.14.03A.06","Epsy_postap_slope_hero","-0.5315952623840532"
"QN23.26.010.14.03A.06","Epsy_trough_t_hero","0.3885398792570564"
"QN23.26.010.14.03A.06","Epsy_downstroke_adapt_ratio","-0.7817966686755392"
"QN23.26.010.14.03A.06","Epsy_peak_v_adapt_ratio","-1.0736247771914862"
"QN23.26.010.14.03A.06","Epsy_threshold_v_adapt_ratio","-0.0094333149305921"
"QN23.26.010.14.03A.06","Epsy_upstroke_adapt_ratio","-0.7141160479784356"
"QN23.26.010.14.03A.06","Epsy_width_adapt_ratio","0.4522065939523575"
"QN23.26.010.14.03A.06","Epsy_threshold_v_short_square","-0.3286811126207721"
"QN23.26.018.14.04A.01","Epsy_width_rheo","0.6778532850389142"
"QN23.26.018.14.04A.01","Epsy_fast_trough_v_rheo","0.4627130966536898"
"QN23.26.018.14.04A.01","Epsy_peak_deltav_rheo","-1.0992632845310346"
"QN23.26.018.14.04A.01","Epsy_peak_v_rheo","-0.7313103246524659"
"QN23.26.018.14.04A.01","Epsy_postap_slope_rheo","0.2197574083051494"
"QN23.26.018.14.04A.01","Epsy_threshold_v_rheo","0.6843759163496563"
"QN23.26.018.14.04A.01","Epsy_trough_t_rheo","0.6132101759626067"
"QN23.26.018.14.04A.01","Epsy_trough_v_rheo","0.9011708372129466"
"QN23.26.018.14.04A.01","Epsy_upstroke_downstroke_ratio_rheo","-0.8322875520544727"
"QN23.26.018.14.04A.01","Epsy_ahp_delay_5spike","0.5291985171012605"
"QN23.26.018.14.04A.01","Epsy_ahp_delay_ratio_5spike","0.4942726950098873"
"QN23.26.018.14.04A.01","Epsy_postap_slope_hero","0.0870961902302562"
"QN23.26.018.14.04A.01","Epsy_trough_t_hero","0.9005863500692513"
"QN23.26.018.14.04A.01","Epsy_downstroke_adapt_ratio","0.5181305854832321"
"QN23.26.018.14.04A.01","Epsy_peak_v_adapt_ratio","0.3754993774442643"
"QN23.26.018.14.04A.01","Epsy_threshold_v_adapt_ratio","0.3480885127833422"
"QN23.26.018.14.04A.01","Epsy_upstroke_adapt_ratio","0.3064759432694503"
"QN23.26.018.14.04A.01","Epsy_width_adapt_ratio","-0.9087526584747814"
"QN23.26.018.14.04A.01","Epsy_threshold_v_short_square","1.3782068481241887"
"QN23.26.018.14.04A.02","Epsy_width_rheo","0.605173286275551"
"QN23.26.018.14.04A.02","Epsy_fast_trough_v_rheo","1.0267779477358212"
"QN23.26.018.14.04A.02","Epsy_peak_deltav_rheo","-2.6472863994686127"
"QN23.26.018.14.04A.02","Epsy_peak_v_rheo","-2.22719166508858"
"QN23.26.018.14.04A.02","Epsy_postap_slope_rheo","-0.5178780057721931"
"QN23.26.018.14.04A.02","Epsy_threshold_v_rheo","0.5906979147606429"
"QN23.26.018.14.04A.02","Epsy_trough_t_rheo","0.8559697885687247"
"QN23.26.018.14.04A.02","Epsy_trough_v_rheo","0.9044132797840804"
"QN23.26.018.14.04A.02","Epsy_upstroke_downstroke_ratio_rheo","-2.788179582748483"
"QN23.26.018.14.04A.02","Epsy_ahp_delay_5spike","0.488755329574648"
"QN23.26.018.14.04A.02","Epsy_ahp_delay_ratio_5spike","0.625201035912062"
"QN23.26.018.14.04A.02","Epsy_postap_slope_hero","-0.7563741062547823"
"QN23.26.018.14.04A.02","Epsy_trough_t_hero","0.9963948942888082"
"QN23.26.018.14.04A.02","Epsy_downstroke_adapt_ratio","0.0909260670899665"
"QN23.26.018.14.04A.02","Epsy_peak_v_adapt_ratio","0.9533027752485408"
"QN23.26.018.14.04A.02","Epsy_threshold_v_adapt_ratio","0.3814146307566154"
"QN23.26.018.14.04A.02","Epsy_upstroke_adapt_ratio","0.5805505421338312"
"QN23.26.018.14.04A.02","Epsy_width_adapt_ratio","-0.7140057105887367"
"QN23.26.018.14.04A.02","Epsy_threshold_v_short_square","1.5515486401814254"
"QN24.26.003.14.01.03","Epsy_width_rheo","1.18442685181137"
"QN24.26.003.14.01.03","Epsy_fast_trough_v_rheo","-0.2356704898571718"
"QN24.26.003.14.01.03","Epsy_peak_deltav_rheo","-0.0929019222942124"
"QN24.26.003.14.01.03","Epsy_peak_v_rheo","-0.4608287947497387"
"QN24.26.003.14.01.03","Epsy_postap_slope_rheo","-0.5365758811169651"
"QN24.26.003.14.01.03","Epsy_threshold_v_rheo","-0.2805486927270645"
"QN24.26.003.14.01.03","Epsy_trough_t_rheo","0.3215463510869926"
"QN24.26.003.14.01.03","Epsy_trough_v_rheo","-0.4755264589035887"
"QN24.26.003.14.01.03","Epsy_upstroke_downstroke_ratio_rheo","0.0348722726071513"
"QN24.26.003.14.01.03","Epsy_ahp_delay_5spike","-0.1631688828988793"
"QN24.26.003.14.01.03","Epsy_ahp_delay_ratio_5spike","-0.3926938206827662"
"QN24.26.003.14.01.03","Epsy_postap_slope_hero","-0.2946632671818086"
"QN24.26.003.14.01.03","Epsy_trough_t_hero","-3.550222360125243"
"QN24.26.003.14.01.03","Epsy_downstroke_adapt_ratio","-1.389089980196078"
"QN24.26.003.14.01.03","Epsy_peak_v_adapt_ratio","1.088757843943301"
"QN24.26.003.14.01.03","Epsy_threshold_v_adapt_ratio","-4.353741206370273"
"QN24.26.003.14.01.03","Epsy_upstroke_adapt_ratio","-0.7126434253670522"
"QN24.26.003.14.01.03","Epsy_width_adapt_ratio","1.9744393877958983"
"QN24.26.003.14.01.03","Epsy_threshold_v_short_square","-2.558256054014336"
"QN24.26.012.14V.06A.04","Epsy_width_rheo","-0.1920195916270849"
"QN24.26.012.14V.06A.04","Epsy_fast_trough_v_rheo","0.7348294762268833"
"QN24.26.012.14V.06A.04","Epsy_peak_deltav_rheo","0.1425756898884041"
"QN24.26.012.14V.06A.04","Epsy_peak_v_rheo","0.6999530359359414"
"QN24.26.012.14V.06A.04","Epsy_postap_slope_rheo","0.6205961298126658"
"QN24.26.012.14V.06A.04","Epsy_threshold_v_rheo","0.9944012734362868"
"QN24.26.012.14V.06A.04","Epsy_trough_t_rheo","-0.3415006555261435"
"QN24.26.012.14V.06A.04","Epsy_trough_v_rheo","1.0664133733256196"
"QN24.26.012.14V.06A.04","Epsy_upstroke_downstroke_ratio_rheo","-1.5143944106750764"
"QN24.26.012.14V.06A.04","Epsy_ahp_delay_5spike","-1.579137399851436"
"QN24.26.012.14V.06A.04","Epsy_ahp_delay_ratio_5spike","-1.1605636369770376"
"QN24.26.012.14V.06A.04","Epsy_postap_slope_hero","0.5879723736913961"
"QN24.26.012.14V.06A.04","Epsy_trough_t_hero","0.4765654292857372"
"QN24.26.012.14V.06A.04","Epsy_downstroke_adapt_ratio","-0.3486313278866123"
"QN24.26.012.14V.06A.04","Epsy_peak_v_adapt_ratio","-1.8113065378713304"
"QN24.26.012.14V.06A.04","Epsy_threshold_v_adapt_ratio","-0.8233538957381983"
"QN24.26.012.14V.06A.04","Epsy_upstroke_adapt_ratio","-1.5643122153493878"
"QN24.26.012.14V.06A.04","Epsy_width_adapt_ratio","-0.0781627355741195"
"QN24.26.012.14V.06A.04","Epsy_threshold_v_short_square","0.5632379529844056"
"QN24.26.012.14V.05A.07","Epsy_width_rheo","-0.6714470032945485"
"QN24.26.012.14V.05A.07","Epsy_fast_trough_v_rheo","-0.4208817205665584"
"QN24.26.012.14V.05A.07","Epsy_peak_deltav_rheo","0.6100831184020572"
"QN24.26.012.14V.05A.07","Epsy_peak_v_rheo","0.4979748006256044"
"QN24.26.012.14V.05A.07","Epsy_postap_slope_rheo","0.5542386400767964"
"QN24.26.012.14V.05A.07","Epsy_threshold_v_rheo","-0.1893574706195923"
"QN24.26.012.14V.05A.07","Epsy_trough_t_rheo","0.9234853433112712"
"QN24.26.012.14V.05A.07","Epsy_trough_v_rheo","-0.401230833739944"
"QN24.26.012.14V.05A.07","Epsy_upstroke_downstroke_ratio_rheo","0.4574752810049493"
"QN24.26.012.14V.05A.07","Epsy_ahp_delay_5spike","0.2216284950108219"
"QN24.26.012.14V.05A.07","Epsy_ahp_delay_ratio_5spike","-0.574525842829419"
"QN24.26.012.14V.05A.07","Epsy_postap_slope_hero","0.7215522351973133"
"QN24.26.012.14V.05A.07","Epsy_trough_t_hero","1.0060895646468908"
"QN24.26.012.14V.05A.07","Epsy_downstroke_adapt_ratio","0.943908178966682"
"QN24.26.012.14V.05A.07","Epsy_peak_v_adapt_ratio","-0.4917561387555958"
"QN24.26.012.14V.05A.07","Epsy_threshold_v_adapt_ratio","0.4797767638002556"
"QN24.26.012.14V.05A.07","Epsy_upstroke_adapt_ratio","0.2759620920964705"
"QN24.26.012.14V.05A.07","Epsy_width_adapt_ratio","-0.801365445025324"
"QN24.26.012.14V.05A.07","Epsy_threshold_v_short_square","-0.8233763057161814"
"QN24.26.012.14V.06A.01","Epsy_width_rheo","1.0685925936770662"
"QN24.26.012.14V.06A.01","Epsy_fast_trough_v_rheo","1.131784927415994"
"QN24.26.012.14V.06A.01","Epsy_peak_deltav_rheo","-0.3627117436785951"
"QN24.26.012.14V.06A.01","Epsy_peak_v_rheo","0.0924029059617271"
"QN24.26.012.14V.06A.01","Epsy_postap_slope_rheo","0.0409859404408637"
"QN24.26.012.14V.06A.01","Epsy_threshold_v_rheo","0.8232043397746678"
"QN24.26.012.14V.06A.01","Epsy_trough_t_rheo","-0.1564516646208185"
"QN24.26.012.14V.06A.01","Epsy_trough_v_rheo","0.7636493007316367"
"QN24.26.012.14V.06A.01","Epsy_upstroke_downstroke_ratio_rheo","-0.4461180861128804"
"QN24.26.012.14V.06A.01","Epsy_ahp_delay_5spike","0.5864695557300248"
"QN24.26.012.14V.06A.01","Epsy_ahp_delay_ratio_5spike","0.233172983357265"
"QN24.26.012.14V.06A.01","Epsy_postap_slope_hero","0.9788397513050056"
"QN24.26.012.14V.06A.01","Epsy_trough_t_hero","-0.201311435108459"
"QN24.26.012.14V.06A.01","Epsy_downstroke_adapt_ratio","-4.232664385431828"
"QN24.26.012.14V.06A.01","Epsy_peak_v_adapt_ratio","-3.988785934203632"
"QN24.26.012.14V.06A.01","Epsy_threshold_v_adapt_ratio","-1.6896251953687305"
"QN24.26.012.14V.06A.01","Epsy_upstroke_adapt_ratio","-4.431955331325321"
"QN24.26.012.14V.06A.01","Epsy_width_adapt_ratio","3.7465461022975135"
"QN24.26.012.14V.06A.01","Epsy_threshold_v_short_square","-0.2847469169229369"
"QN24.26.012.14V.06A.02","Epsy_width_rheo","1.0685925936767682"
"QN24.26.012.14V.06A.02","Epsy_fast_trough_v_rheo","0.1236860456976065"
"QN24.26.012.14V.06A.02","Epsy_peak_deltav_rheo","-0.1123131698079764"
"QN24.26.012.14V.06A.02","Epsy_peak_v_rheo","-0.004661298984532"
"QN24.26.012.14V.06A.02","Epsy_postap_slope_rheo","-1.0944406162466571"
"QN24.26.012.14V.06A.02","Epsy_threshold_v_rheo","0.3851251051839219"
"QN24.26.012.14V.06A.02","Epsy_trough_t_rheo","1.5450053821427494"
"QN24.26.012.14V.06A.02","Epsy_trough_v_rheo","0.1877563845142662"
"QN24.26.012.14V.06A.02","Epsy_upstroke_downstroke_ratio_rheo","-1.1521083178893698"
"QN24.26.012.14V.06A.02","Epsy_ahp_delay_5spike","0.4072986761045387"
"QN24.26.012.14V.06A.02","Epsy_ahp_delay_ratio_5spike","0.3180057102407015"
"QN24.26.012.14V.06A.02","Epsy_postap_slope_hero","0.0020687549206629"
"QN24.26.012.14V.06A.02","Epsy_trough_t_hero","0.1676242354554464"
"QN24.26.012.14V.06A.02","Epsy_downstroke_adapt_ratio","-1.136007087278162"
"QN24.26.012.14V.06A.02","Epsy_peak_v_adapt_ratio","-1.7221535458609416"
"QN24.26.012.14V.06A.02","Epsy_threshold_v_adapt_ratio","-0.0138003937860733"
"QN24.26.012.14V.06A.02","Epsy_upstroke_adapt_ratio","-1.599891306848522"
"QN24.26.012.14V.06A.02","Epsy_width_adapt_ratio","1.0894468731627769"
"QN24.26.012.14V.06A.02","Epsy_threshold_v_short_square","-0.0062095569981956"
"QN24.26.012.14V.07A.01","Epsy_width_rheo","-0.1920195916265478"
"QN24.26.012.14V.07A.01","Epsy_fast_trough_v_rheo","0.5288284431103207"
"QN24.26.012.14V.07A.01","Epsy_peak_deltav_rheo","-0.4464263159530074"
"QN24.26.012.14V.07A.01","Epsy_peak_v_rheo","-0.1934356006678988"
"QN24.26.012.14V.07A.01","Epsy_postap_slope_rheo","0.7879560132811871"
"QN24.26.012.14V.07A.01","Epsy_threshold_v_rheo","0.5874045832081944"
"QN24.26.012.14V.07A.01","Epsy_trough_t_rheo","1.2913509064345832"
"QN24.26.012.14V.07A.01","Epsy_trough_v_rheo","0.8684604584785922"
"QN24.26.012.14V.07A.01","Epsy_upstroke_downstroke_ratio_rheo","-0.8178284479777084"
"QN24.26.012.14V.07A.01","Epsy_ahp_delay_5spike","-2.269815485650163"
"QN24.26.012.14V.07A.01","Epsy_ahp_delay_ratio_5spike","-2.155619109922052"
"QN24.26.012.14V.07A.01","Epsy_postap_slope_hero","-0.1176033882831807"
"QN24.26.012.14V.07A.01","Epsy_trough_t_hero","1.394488857594908"
"QN24.26.012.14V.07A.01","Epsy_downstroke_adapt_ratio","0.7298219257633154"
"QN24.26.012.14V.07A.01","Epsy_peak_v_adapt_ratio","0.1499465985796122"
"QN24.26.012.14V.07A.01","Epsy_threshold_v_adapt_ratio","0.1695869395265984"
"QN24.26.012.14V.07A.01","Epsy_upstroke_adapt_ratio","0.32741124029954"
"QN24.26.012.14V.07A.01","Epsy_width_adapt_ratio","-1.0391520074662182"
"QN24.26.012.14V.07A.01","Epsy_threshold_v_short_square","0.7044570155464143"
"QN24.26.013.14v.02A.02","Epsy_width_rheo","0.816192449158277"
"QN24.26.013.14v.02A.02","Epsy_fast_trough_v_rheo","1.1503578327392938"
"QN24.26.013.14v.02A.02","Epsy_peak_deltav_rheo","-1.6437408027387006"
"QN24.26.013.14v.02A.02","Epsy_peak_v_rheo","-0.7745096921471633"
"QN24.26.013.14v.02A.02","Epsy_postap_slope_rheo","0.3958953204832418"
"QN24.26.013.14v.02A.02","Epsy_threshold_v_rheo","1.0195271513841404"
"QN24.26.013.14v.02A.02","Epsy_trough_t_rheo","1.3458776641643868"
"QN24.26.013.14v.02A.02","Epsy_trough_v_rheo","1.4460075416452245"
"QN24.26.013.14v.02A.02","Epsy_upstroke_downstroke_ratio_rheo","-2.007074530617146"
"QN24.26.013.14v.02A.02","Epsy_ahp_delay_5spike","-2.160255480053684"
"QN24.26.013.14v.02A.02","Epsy_ahp_delay_ratio_5spike","-2.2509646906318665"
"QN24.26.013.14v.02A.02","Epsy_postap_slope_hero","0.0171169382994659"
"QN24.26.013.14v.02A.02","Epsy_trough_t_hero","1.1803416717470498"
"QN24.26.013.14v.02A.02","Epsy_downstroke_adapt_ratio","0.5370400224514856"
"QN24.26.013.14v.02A.02","Epsy_peak_v_adapt_ratio","0.1607867200644787"
"QN24.26.013.14v.02A.02","Epsy_threshold_v_adapt_ratio","0.6361082487868147"
"QN24.26.013.14v.02A.02","Epsy_upstroke_adapt_ratio","0.5661371010493536"
"QN24.26.013.14v.02A.02","Epsy_width_adapt_ratio","-1.077329273030243"
"QN24.26.013.14v.02A.02","Epsy_threshold_v_short_square","1.1424100352674305"
"QN24.26.014.14v.01A.01","Epsy_width_rheo","0.7481422308356341"
"QN24.26.014.14v.01A.01","Epsy_fast_trough_v_rheo","0.0238589951460616"
"QN24.26.014.14v.01A.01","Epsy_peak_deltav_rheo","-0.7845598850416045"
"QN24.26.014.14v.01A.01","Epsy_peak_v_rheo","-1.497116434600942"
"QN24.26.014.14v.01A.01","Epsy_postap_slope_rheo","-0.4192965171878514"
"QN24.26.014.14v.01A.01","Epsy_threshold_v_rheo","-0.375148036117063"
"QN24.26.014.14v.01A.01","Epsy_trough_t_rheo","0.5989879344035558"
"QN24.26.014.14v.01A.01","Epsy_trough_v_rheo","-0.0343061294225783"
"QN24.26.014.14v.01A.01","Epsy_upstroke_downstroke_ratio_rheo","-0.9848414572247948"
"QN24.26.014.14v.01A.01","Epsy_ahp_delay_5spike","0.848288854119686"
"QN24.26.014.14v.01A.01","Epsy_ahp_delay_ratio_5spike","0.5634715220777218"
"QN24.26.014.14v.01A.01","Epsy_postap_slope_hero","-0.087025222874048"
"QN24.26.014.14v.01A.01","Epsy_trough_t_hero","0.1384200396736502"
"QN24.26.014.14v.01A.01","Epsy_downstroke_adapt_ratio","-0.3409702493418763"
"QN24.26.014.14v.01A.01","Epsy_peak_v_adapt_ratio","0.4707910785158646"
"QN24.26.014.14v.01A.01","Epsy_threshold_v_adapt_ratio","-0.1843947193541356"
"QN24.26.014.14v.01A.01","Epsy_upstroke_adapt_ratio","-0.0436443908666835"
"QN24.26.014.14v.01A.01","Epsy_width_adapt_ratio","-0.4592505541886088"
"QN24.26.014.14v.01A.01","Epsy_threshold_v_short_square","0.1623196876524941"
"QN24.26.014.14v.01A.02","Epsy_width_rheo","0.4519479981629675"
"QN24.26.014.14v.01A.02","Epsy_fast_trough_v_rheo","0.3509166460705055"
"QN24.26.014.14v.01A.02","Epsy_peak_deltav_rheo","-0.7548162654770332"
"QN24.26.014.14v.01A.02","Epsy_peak_v_rheo","-0.939569435061078"
"QN24.26.014.14v.01A.02","Epsy_postap_slope_rheo","1.02421365706766"
"QN24.26.014.14v.01A.02","Epsy_threshold_v_rheo","0.1457268730625519"
"QN24.26.014.14v.01A.02","Epsy_trough_t_rheo","1.3960030642580017"
"QN24.26.014.14v.01A.02","Epsy_trough_v_rheo","0.4577965468636366"
"QN24.26.014.14v.01A.02","Epsy_upstroke_downstroke_ratio_rheo","-0.9381953147666404"
"QN24.26.014.14v.01A.02","Epsy_ahp_delay_5spike","0.90356814867109"
"QN24.26.014.14v.01A.02","Epsy_ahp_delay_ratio_5spike","0.8670298465613497"
"QN24.26.014.14v.01A.02","Epsy_postap_slope_hero","0.7628594028012899"
"QN24.26.014.14v.01A.02","Epsy_trough_t_hero","0.6114325592949346"
"QN24.26.014.14v.01A.02","Epsy_downstroke_adapt_ratio","-0.2512858490138964"
"QN24.26.014.14v.01A.02","Epsy_peak_v_adapt_ratio","-0.0329448722297997"
"QN24.26.014.14v.01A.02","Epsy_threshold_v_adapt_ratio","0.0013233711200434"
"QN24.26.014.14v.01A.02","Epsy_upstroke_adapt_ratio","-0.0086939541760869"
"QN24.26.014.14v.01A.02","Epsy_width_adapt_ratio","-0.3643352474846004"
"QN24.26.014.14v.01A.02","Epsy_threshold_v_short_square","0.8514179883265885"
"QN24.26.014.14v.01A.03","Epsy_width_rheo","-0.0872675070868507"
"QN24.26.014.14v.01A.03","Epsy_fast_trough_v_rheo","0.3243030969152629"
"QN24.26.014.14v.01A.03","Epsy_peak_deltav_rheo","-0.5875118587758632"
"QN24.26.014.14v.01A.03","Epsy_peak_v_rheo","-0.7384585852015347"
"QN24.26.014.14v.01A.03","Epsy_postap_slope_rheo","0.5129852150208785"
"QN24.26.014.14v.01A.03","Epsy_threshold_v_rheo","0.1496465364348418"
"QN24.26.014.14v.01A.03","Epsy_trough_t_rheo","1.3201209753368572"
"QN24.26.014.14v.01A.03","Epsy_trough_v_rheo","0.7946277758216791"
"QN24.26.014.14v.01A.03","Epsy_upstroke_downstroke_ratio_rheo","-1.4439428422241665"
"QN24.26.014.14v.01A.03","Epsy_ahp_delay_5spike","-2.304130523063992"
"QN24.26.014.14v.01A.03","Epsy_ahp_delay_ratio_5spike","-2.0451568614823405"
"QN24.26.014.14v.01A.03","Epsy_postap_slope_hero","0.533421573393765"
"QN24.26.014.14v.01A.03","Epsy_trough_t_hero","0.6838318592271131"
"QN24.26.014.14v.01A.03","Epsy_downstroke_adapt_ratio","0.0747120308557334"
"QN24.26.014.14v.01A.03","Epsy_peak_v_adapt_ratio","-0.2878136079972059"
"QN24.26.014.14v.01A.03","Epsy_threshold_v_adapt_ratio","0.2352529282061013"
"QN24.26.014.14v.01A.03","Epsy_upstroke_adapt_ratio","0.3842385555817629"
"QN24.26.014.14v.01A.03","Epsy_width_adapt_ratio","-1.039152007467333"
"QN24.26.014.14v.01A.03","Epsy_threshold_v_short_square","0.6309734790186965"
"QN25.26.004.14v.03A.01","Epsy_width_rheo","0.816192449158947"
"QN25.26.004.14v.03A.01","Epsy_fast_trough_v_rheo","0.4374057100049313"
"QN25.26.004.14v.03A.01","Epsy_peak_deltav_rheo","0.7616168757254438"
"QN25.26.004.14v.03A.01","Epsy_peak_v_rheo","0.7815104576281751"
"QN25.26.004.14v.03A.01","Epsy_postap_slope_rheo","0.4947635046701636"
"QN25.26.004.14v.03A.01","Epsy_threshold_v_rheo","0.0128340579450103"
"QN25.26.004.14v.03A.01","Epsy_trough_t_rheo","1.4582645579074027"
"QN25.26.004.14v.03A.01","Epsy_trough_v_rheo","0.4253926329598748"
"QN25.26.004.14v.03A.01","Epsy_upstroke_downstroke_ratio_rheo","0.0870116686937119"
"QN25.26.004.14v.03A.01","Epsy_ahp_delay_5spike","0.6522703413001942"
"QN25.26.004.14v.03A.01","Epsy_ahp_delay_ratio_5spike","0.3988850729465005"
"QN25.26.004.14v.03A.01","Epsy_postap_slope_hero","0.0691490110486294"
"QN25.26.004.14v.03A.01","Epsy_trough_t_hero","1.6601009954763353"
"QN25.26.004.14v.03A.01","Epsy_downstroke_adapt_ratio","0.486022958704017"
"QN25.26.004.14v.03A.01","Epsy_peak_v_adapt_ratio","-0.1275064653716949"
"QN25.26.004.14v.03A.01","Epsy_threshold_v_adapt_ratio","0.5641474664497051"
"QN25.26.004.14v.03A.01","Epsy_upstroke_adapt_ratio","0.3780524705916404"
"QN25.26.004.14v.03A.01","Epsy_width_adapt_ratio","-0.7635347113850538"
"QN25.26.004.14v.03A.01","Epsy_threshold_v_short_square","-0.0119704930646923"
"QN25.26.004.14v.04A.01","Epsy_width_rheo","-0.3021729819899881"
"QN25.26.004.14v.04A.01","Epsy_fast_trough_v_rheo","0.549094628374035"
"QN25.26.004.14v.04A.01","Epsy_peak_deltav_rheo","0.1229938533382867"
"QN25.26.004.14v.04A.01","Epsy_peak_v_rheo","0.2227878818308948"
"QN25.26.004.14v.04A.01","Epsy_postap_slope_rheo","-0.2282055111592303"
"QN25.26.004.14v.04A.01","Epsy_threshold_v_rheo","0.3382953735889502"
"QN25.26.004.14v.04A.01","Epsy_trough_t_rheo","0.1402988981141562"
"QN25.26.004.14v.04A.01","Epsy_trough_v_rheo","-0.085896501027759"
"QN25.26.004.14v.04A.01","Epsy_upstroke_downstroke_ratio_rheo","-1.0386072505923074"
"QN25.26.004.14v.04A.01","Epsy_ahp_delay_5spike","0.3470565747494721"
"QN25.26.004.14v.04A.01","Epsy_ahp_delay_ratio_5spike","0.1004131814075487"
"QN25.26.004.14v.04A.01","Epsy_postap_slope_hero","-0.4530243916537429"
"QN25.26.004.14v.04A.01","Epsy_trough_t_hero","1.1242977393234677"
"QN25.26.004.14v.04A.01","Epsy_downstroke_adapt_ratio","0.2996322320817412"
"QN25.26.004.14v.04A.01","Epsy_peak_v_adapt_ratio","-0.3111423042990472"
"QN25.26.004.14v.04A.01","Epsy_threshold_v_adapt_ratio","0.8369757535107857"
"QN25.26.004.14v.04A.01","Epsy_upstroke_adapt_ratio","0.2222625598544724"
"QN25.26.004.14v.04A.01","Epsy_width_adapt_ratio","-0.6413351249941368"
"QN25.26.004.14v.04A.01","Epsy_threshold_v_short_square","0.1251075559676402"
"QM25.26.006.14v.10A.01","Epsy_width_rheo","1.639672263247742"
"QM25.26.006.14v.10A.01","Epsy_fast_trough_v_rheo","0.0238589951460616"
"QM25.26.006.14v.10A.01","Epsy_peak_deltav_rheo","-1.3608920311150563"
"QM25.26.006.14v.10A.01","Epsy_peak_v_rheo","-1.5907566086282658"
"QM25.26.006.14v.10A.01","Epsy_postap_slope_rheo","-0.7810984837242472"
"QM25.26.006.14v.10A.01","Epsy_threshold_v_rheo","0.1962212325199659"
"QM25.26.006.14v.10A.01","Epsy_trough_t_rheo","-0.0322931730734646"
"QM25.26.006.14v.10A.01","Epsy_trough_v_rheo","-0.2152167686044288"
"QM25.26.006.14v.10A.01","Epsy_upstroke_downstroke_ratio_rheo","-0.0861614714867551"
"QM25.26.006.14v.10A.01","Epsy_ahp_delay_5spike","0.7018178244242163"
"QM25.26.006.14v.10A.01","Epsy_ahp_delay_ratio_5spike","0.3136154477250942"
"QM25.26.006.14v.10A.01","Epsy_postap_slope_hero","-1.643361284903766"
"QM25.26.006.14v.10A.01","Epsy_trough_t_hero","1.0621982266857106"
"QM25.26.006.14v.10A.01","Epsy_downstroke_adapt_ratio","-0.2399654798061194"
"QM25.26.006.14v.10A.01","Epsy_peak_v_adapt_ratio","-1.5040119729202053"
"QM25.26.006.14v.10A.01","Epsy_threshold_v_adapt_ratio","-0.4586877498553741"
"QM25.26.006.14v.10A.01","Epsy_upstroke_adapt_ratio","-1.0891418080558972"
"QM25.26.006.14v.10A.01","Epsy_width_adapt_ratio","-0.8542181965653303"
"QM25.26.006.14v.10A.01","Epsy_threshold_v_short_square","0.1760015323805098"
"QN22.26.002.14.02.02","Epsy_width_rheo","-0.7053058152462928"
"QN22.26.002.14.02.02","Epsy_fast_trough_v_rheo","0.5001432632701229"
"QN22.26.002.14.02.02","Epsy_peak_deltav_rheo","0.1208073564197975"
"QN22.26.002.14.02.02","Epsy_peak_v_rheo","0.1659486593767104"
"QN22.26.002.14.02.02","Epsy_postap_slope_rheo","0.3087757808098108"
"QN22.26.002.14.02.02","Epsy_threshold_v_rheo","0.2570160703415126"
"QN22.26.002.14.02.02","Epsy_trough_t_rheo","1.0899410037870685"
"QN22.26.002.14.02.02","Epsy_trough_v_rheo","0.0209985114103105"
"QN22.26.002.14.02.02","Epsy_upstroke_downstroke_ratio_rheo","-0.2686959853090431"
"QN22.26.002.14.02.02","Epsy_ahp_delay_5spike","0.7155188036735007"
"QN22.26.002.14.02.02","Epsy_ahp_delay_ratio_5spike","0.9569801574910988"
"QN22.26.002.14.02.02","Epsy_postap_slope_hero","-0.0591915297381589"
"QN22.26.002.14.02.02","Epsy_trough_t_hero","0.947688596855033"
"QN22.26.002.14.02.02","Epsy_downstroke_adapt_ratio","0.4627078625983629"
"QN22.26.002.14.02.02","Epsy_peak_v_adapt_ratio","-0.3955055550639543"
"QN22.26.002.14.02.02","Epsy_threshold_v_adapt_ratio","0.4374470908021048"
"QN22.26.002.14.02.02","Epsy_upstroke_adapt_ratio","0.1833793062885522"
"QN22.26.002.14.02.02","Epsy_width_adapt_ratio","-0.0939127133082142"
"QN22.26.002.14.02.02","Epsy_threshold_v_short_square","-0.1985113728390225"
"QN22.26.002.14.02.04","Epsy_width_rheo","0.4118610947527976"
"QN22.26.002.14.02.04","Epsy_fast_trough_v_rheo","0.2098679830201559"
"QN22.26.002.14.02.04","Epsy_peak_deltav_rheo","0.4973036310449719"
"QN22.26.002.14.02.04","Epsy_peak_v_rheo","-0.0342549244786812"
"QN22.26.002.14.02.04","Epsy_postap_slope_rheo","-0.3934020738158086"
"QN22.26.002.14.02.04","Epsy_threshold_v_rheo","-1.0068575689396086"
"QN22.26.002.14.02.04","Epsy_trough_t_rheo","0.2750546583682937"
"QN22.26.002.14.02.04","Epsy_trough_v_rheo","-0.1388031496211914"
"QN22.26.002.14.02.04","Epsy_upstroke_downstroke_ratio_rheo","1.267737828365019"
"QN22.26.002.14.02.04","Epsy_ahp_delay_5spike","0.270187991172606"
"QN22.26.002.14.02.04","Epsy_ahp_delay_ratio_5spike","1.258833886864945"
"QN22.26.002.14.02.04","Epsy_postap_slope_hero","-0.2518782764029141"
"QN22.26.002.14.02.04","Epsy_trough_t_hero","0.2370548879400386"
"QN22.26.002.14.02.04","Epsy_downstroke_adapt_ratio","-0.7823893150073714"
"QN22.26.002.14.02.04","Epsy_peak_v_adapt_ratio","-0.216413047461439"
"QN22.26.002.14.02.04","Epsy_threshold_v_adapt_ratio","0.5734438200932932"
"QN22.26.002.14.02.04","Epsy_upstroke_adapt_ratio","0.0925624440707535"
"QN22.26.002.14.02.04","Epsy_width_adapt_ratio","0.7684572302936864"
"QN22.26.002.14.02.04","Epsy_threshold_v_short_square","-0.2526720833437185"
"QN22.26.002.14.02.05","Epsy_width_rheo","-1.4296078255044031"
"QN22.26.002.14.02.05","Epsy_fast_trough_v_rheo","0.9370320693725048"
"QN22.26.002.14.02.05","Epsy_peak_deltav_rheo","0.3587991937625914"
"QN22.26.002.14.02.05","Epsy_peak_v_rheo","0.4087894437915153"
"QN22.26.002.14.02.05","Epsy_postap_slope_rheo","0.7650950020130269"
"QN22.26.002.14.02.05","Epsy_threshold_v_rheo","0.2077316541863689"
"QN22.26.002.14.02.05","Epsy_trough_t_rheo","1.352292598611806"
"QN22.26.002.14.02.05","Epsy_trough_v_rheo","0.983879087260286"
"QN22.26.002.14.02.05","Epsy_upstroke_downstroke_ratio_rheo","-1.5732085262552773"
"QN22.26.002.14.02.05","Epsy_ahp_delay_5spike","0.3420073552079088"
"QN22.26.002.14.02.05","Epsy_ahp_delay_ratio_5spike","0.9210510686158124"
"QN22.26.002.14.02.05","Epsy_postap_slope_hero","0.3027015912052795"
"QN22.26.002.14.02.05","Epsy_trough_t_hero","-0.1913017162942623"
"QN22.26.002.14.02.05","Epsy_downstroke_adapt_ratio","-0.2186757887755662"
"QN22.26.002.14.02.05","Epsy_peak_v_adapt_ratio","-0.8862973348610703"
"QN22.26.002.14.02.05","Epsy_threshold_v_adapt_ratio","0.3213286421583031"
"QN22.26.002.14.02.05","Epsy_upstroke_adapt_ratio","-0.5123287496082947"
"QN22.26.002.14.02.05","Epsy_width_adapt_ratio","-0.0623007911283877"
"QN22.26.002.14.02.05","Epsy_threshold_v_short_square","0.4766678948438179"
"QN22.26.002.14.02.07","Epsy_width_rheo","-0.0119415793994513"
"QN22.26.002.14.02.07","Epsy_fast_trough_v_rheo","0.5930433484429907"
"QN22.26.002.14.02.07","Epsy_peak_deltav_rheo","-0.1716162923515886"
"QN22.26.002.14.02.07","Epsy_peak_v_rheo","-1.1203736402898772"
"QN22.26.002.14.02.07","Epsy_postap_slope_rheo","-0.0753859332307393"
"QN22.26.002.14.02.07","Epsy_threshold_v_rheo","-1.0885734436519552"
"QN22.26.002.14.02.07","Epsy_trough_t_rheo","0.3744705553727273"
"QN22.26.002.14.02.07","Epsy_trough_v_rheo","0.3799939937048999"
"QN22.26.002.14.02.07","Epsy_upstroke_downstroke_ratio_rheo","-1.0799524446180395"
"QN22.26.002.14.02.07","Epsy_ahp_delay_5spike","0.2869670745380401"
"QN22.26.002.14.02.07","Epsy_ahp_delay_ratio_5spike","1.8039790416608104"
"QN22.26.002.14.02.07","Epsy_postap_slope_hero","-0.4836884074617627"
"QN22.26.002.14.02.07","Epsy_trough_t_hero","0.9903545153649476"
"QN22.26.002.14.02.07","Epsy_downstroke_adapt_ratio","-0.3924693709433453"
"QN22.26.002.14.02.07","Epsy_peak_v_adapt_ratio","0.0686292491797356"
"QN22.26.002.14.02.07","Epsy_threshold_v_adapt_ratio","0.1409522135756846"
"QN22.26.002.14.02.07","Epsy_upstroke_adapt_ratio","-0.194052812394125"
"QN22.26.002.14.02.07","Epsy_width_adapt_ratio","0.1027540283666464"
"QN22.26.002.14.02.07","Epsy_threshold_v_short_square","-1.261355514216783"
"QN22.26.002.14.04.10","Epsy_width_rheo","0.0125883037024102"
"QN22.26.002.14.04.10","Epsy_fast_trough_v_rheo","-0.4084578742176381"
"QN22.26.002.14.04.10","Epsy_peak_deltav_rheo","0.9543709988203178"
"QN22.26.002.14.04.10","Epsy_peak_v_rheo","0.3374303643883549"
"QN22.26.002.14.04.10","Epsy_postap_slope_rheo","-0.3947024055253066"
"QN22.26.002.14.04.10","Epsy_threshold_v_rheo","-1.965350572565501"
"QN22.26.002.14.04.10","Epsy_trough_t_rheo","1.0982296992631484"
"QN22.26.002.14.04.10","Epsy_trough_v_rheo","-0.6055909469037026"
"QN22.26.002.14.04.10","Epsy_upstroke_downstroke_ratio_rheo","1.811849072454763"
"QN22.26.002.14.04.10","Epsy_ahp_delay_5spike","-0.2289037141588769"
"QN22.26.002.14.04.10","Epsy_ahp_delay_ratio_5spike","1.5827734122583184"
"QN22.26.002.14.04.10","Epsy_postap_slope_hero","-1.0259754182770606"
"QN22.26.002.14.04.10","Epsy_trough_t_hero","2.0877265296193426"
"QN22.26.002.14.04.10","Epsy_downstroke_adapt_ratio","-4.492821690318631"
"QN22.26.002.14.04.10","Epsy_peak_v_adapt_ratio","-6.300534326875204"
"QN22.26.002.14.04.10","Epsy_threshold_v_adapt_ratio","-1.6332894229431048"
"QN22.26.002.14.04.10","Epsy_upstroke_adapt_ratio","-4.88714471775855"
"QN22.26.002.14.04.10","Epsy_width_adapt_ratio","4.472041530443633"
"QN22.26.002.14.04.10","Epsy_threshold_v_short_square","-0.8124693968628578"
"QN22.26.011.14.6A.01","Epsy_width_rheo","0.4519479981629675"
"QN22.26.011.14.6A.01","Epsy_fast_trough_v_rheo","0.815055726217104"
"QN22.26.011.14.6A.01","Epsy_peak_deltav_rheo","0.5978392563717908"
"QN22.26.011.14.6A.01","Epsy_peak_v_rheo","1.1266720929285423"
"QN22.26.011.14.6A.01","Epsy_postap_slope_rheo","-0.8972170272603918"
"QN22.26.011.14.6A.01","Epsy_threshold_v_rheo","0.9831535111992376"
"QN22.26.011.14.6A.01","Epsy_trough_t_rheo","0.0148440198629271"
"QN22.26.011.14.6A.01","Epsy_trough_v_rheo","0.9807578738939976"
"QN22.26.011.14.6A.01","Epsy_upstroke_downstroke_ratio_rheo","0.4576998559294012"
"QN22.26.011.14.6A.01","Epsy_ahp_delay_5spike","0.2416036884036358"
"QN22.26.011.14.6A.01","Epsy_ahp_delay_ratio_5spike","0.6197304614165092"
"QN22.26.011.14.6A.01","Epsy_postap_slope_hero","-2.799364510121142"
"QN22.26.011.14.6A.01","Epsy_trough_t_hero","-2.027501487772029"
"QN22.26.011.14.6A.01","Epsy_downstroke_adapt_ratio","-0.8529700981468716"
"QN22.26.011.14.6A.01","Epsy_peak_v_adapt_ratio","-1.3884295356384715"
"QN22.26.011.14.6A.01","Epsy_threshold_v_adapt_ratio","-0.4932438569212762"
"QN22.26.011.14.6A.01","Epsy_upstroke_adapt_ratio","-1.664786807510558"
"QN22.26.011.14.6A.01","Epsy_width_adapt_ratio","1.0389597334946752"
"QN22.26.011.14.6A.01","Epsy_threshold_v_short_square","0.647703244362203"
"QN22.26.027.14.02.02","Epsy_width_rheo","0.7481422308356341"
"QN22.26.027.14.02.02","Epsy_fast_trough_v_rheo","0.0084925346035079"
"QN22.26.027.14.02.02","Epsy_peak_deltav_rheo","-0.54242445912459"
"QN22.26.027.14.02.02","Epsy_peak_v_rheo","-0.6678692102816244"
"QN22.26.027.14.02.02","Epsy_postap_slope_rheo","0.2008715987858188"
"QN22.26.027.14.02.02","Epsy_threshold_v_rheo","0.1691567031621892"
"QN22.26.027.14.02.02","Epsy_trough_t_rheo","-0.7984602254804938"
"QN22.26.027.14.02.02","Epsy_trough_v_rheo","0.1647393128170635"
"QN22.26.027.14.02.02","Epsy_upstroke_downstroke_ratio_rheo","0.9594841677304136"
"QN22.26.027.14.02.02","Epsy_ahp_delay_5spike","0.2886133196711633"
"QN22.26.027.14.02.02","Epsy_ahp_delay_ratio_5spike","0.4116734343736548"
"QN22.26.027.14.02.02","Epsy_postap_slope_hero","-0.859098632675142"
"QN22.26.027.14.02.02","Epsy_trough_t_hero","-0.6235711190309461"
"QN22.26.027.14.02.02","Epsy_downstroke_adapt_ratio","-0.5593562089547861"
"QN22.26.027.14.02.02","Epsy_peak_v_adapt_ratio","-1.4667475613499863"
"QN22.26.027.14.02.02","Epsy_threshold_v_adapt_ratio","-0.5152915012109055"
"QN22.26.027.14.02.02","Epsy_upstroke_adapt_ratio","-0.9941353504725318"
"QN22.26.027.14.02.02","Epsy_width_adapt_ratio","0.4785379229568051"
"QN22.26.027.14.02.02","Epsy_threshold_v_short_square","0.4766678948438179"
"QN22.26.027.14.02.06","Epsy_width_rheo","1.8145469403499972"
"QN22.26.027.14.02.06","Epsy_fast_trough_v_rheo","1.479391588423388"
"QN22.26.027.14.02.06","Epsy_peak_deltav_rheo","-6.924080012874197"
"QN22.26.027.14.02.06","Epsy_peak_v_rheo","-0.7781437976076121"
"QN22.26.027.14.02.06","Epsy_postap_slope_rheo","-0.456202798514778"
"QN22.26.027.14.02.06","Epsy_threshold_v_rheo","1.9349721808006224"
"QN22.26.027.14.02.06","Epsy_trough_t_rheo","0.2306467228319062"
"QN22.26.027.14.02.06","Epsy_trough_v_rheo","1.1572936170637758"
"QN22.26.027.14.02.06","Epsy_upstroke_downstroke_ratio_rheo","0.9111059925547133"
"QN22.26.027.14.02.06","Epsy_ahp_delay_5spike","0.8388117057863855"
"QN22.26.027.14.02.06","Epsy_ahp_delay_ratio_5spike","0.4905202540690564"
"QN22.26.027.14.02.06","Epsy_postap_slope_hero","-0.7624600047579312"
"QN22.26.027.14.02.06","Epsy_trough_t_hero","0.3245119549933231"
"QN22.26.027.14.02.06","Epsy_downstroke_adapt_ratio","-1.0812596314504537"
"QN22.26.027.14.02.06","Epsy_peak_v_adapt_ratio","-0.8784878313787515"
"QN22.26.027.14.02.06","Epsy_threshold_v_adapt_ratio","-0.6715029137807407"
"QN22.26.027.14.02.06","Epsy_upstroke_adapt_ratio","-0.310326727835604"
"QN22.26.027.14.02.06","Epsy_width_adapt_ratio","1.0566420546126172"
"QN22.26.027.14.02.06","Epsy_threshold_v_short_square","2.245591566980292"
"QN23.26.008.14.01.02","Epsy_width_rheo","0.0125883037033867"
"QN23.26.008.14.01.02","Epsy_fast_trough_v_rheo","0.8293382178397017"
"QN23.26.008.14.01.02","Epsy_peak_deltav_rheo","-0.6366669358093052"
"QN23.26.008.14.01.02","Epsy_peak_v_rheo","-0.509380244897274"
"QN23.26.008.14.01.02","Epsy_postap_slope_rheo","-0.4373141486155606"
"QN23.26.008.14.01.02","Epsy_threshold_v_rheo","0.4555206347705651"
"QN23.26.008.14.01.02","Epsy_trough_t_rheo","0.6925064826457825"
"QN23.26.008.14.01.02","Epsy_trough_v_rheo","0.9333728672392264"
"QN23.26.008.14.01.02","Epsy_upstroke_downstroke_ratio_rheo","-1.2048551671095662"
"QN23.26.008.14.01.02","Epsy_ahp_delay_5spike","0.915923649809467"
"QN23.26.008.14.01.02","Epsy_ahp_delay_ratio_5spike","0.613524801529891"
"QN23.26.008.14.01.02","Epsy_postap_slope_hero","-0.4999943779198165"
"QN23.26.008.14.01.02","Epsy_trough_t_hero","0.5726645033571138"
"QN23.26.008.14.01.02","Epsy_downstroke_adapt_ratio","-0.487565460299997"
"QN23.26.008.14.01.02","Epsy_peak_v_adapt_ratio","0.6143589110904097"
"QN23.26.008.14.01.02","Epsy_threshold_v_adapt_ratio","0.0279001917505868"
"QN23.26.008.14.01.02","Epsy_upstroke_adapt_ratio","0.1774248044243454"
"QN23.26.008.14.01.02","Epsy_width_adapt_ratio","-0.3488524244536438"
"QN23.26.008.14.01.02","Epsy_threshold_v_short_square","0.5485500262233857"
"QN23.26.008.14.02.01","Epsy_width_rheo","0.3710077303086298"
"QN23.26.008.14.02.01","Epsy_fast_trough_v_rheo","-0.5490749529369737"
"QN23.26.008.14.02.01","Epsy_peak_deltav_rheo","0.391856160078507"
"QN23.26.008.14.02.01","Epsy_peak_v_rheo","0.1483919882332911"
"QN23.26.008.14.02.01","Epsy_postap_slope_rheo","-2.4274898383062777"
"QN23.26.008.14.02.01","Epsy_threshold_v_rheo","-0.3274065029304926"
"QN23.26.008.14.02.01","Epsy_trough_t_rheo","0.8138569889146301"
"QN23.26.008.14.02.01","Epsy_trough_v_rheo","-0.8398134097094299"
"QN23.26.008.14.02.01","Epsy_upstroke_downstroke_ratio_rheo","1.100246906853646"
"QN23.26.008.14.02.01","Epsy_ahp_delay_5spike","0.4557240265967556"
"QN23.26.008.14.02.01","Epsy_ahp_delay_ratio_5spike","0.6155111100608609"
"QN23.26.008.14.02.01","Epsy_postap_slope_hero","-1.277892980052507"
"QN23.26.008.14.02.01","Epsy_trough_t_hero","0.3906681487467566"
"QN23.26.008.14.02.01","Epsy_downstroke_adapt_ratio","-0.3457707644534358"
"QN23.26.008.14.02.01","Epsy_peak_v_adapt_ratio","-0.4582588995873624"
"QN23.26.008.14.02.01","Epsy_threshold_v_adapt_ratio","0.0630593374713898"
"QN23.26.008.14.02.01","Epsy_upstroke_adapt_ratio","-0.1678498857403648"
"QN23.26.008.14.02.01","Epsy_width_adapt_ratio","0.1027540283675555"
"QN23.26.008.14.02.01","Epsy_threshold_v_short_square","-1.0529294881362907"
"QN23.26.008.14.03.02","Epsy_width_rheo","-0.0872675070868507"
"QN23.26.008.14.03.02","Epsy_fast_trough_v_rheo","-7.157932388544818"
"QN23.26.008.14.03.02","Epsy_peak_deltav_rheo","0.1208072228827094"
"QN23.26.008.14.03.02","Epsy_peak_v_rheo","-1.575737846681557"
"QN23.26.008.14.03.02","Epsy_postap_slope_rheo","-0.8099994124602085"
"QN23.26.008.14.03.02","Epsy_threshold_v_rheo","-3.2121781330787176"
"QN23.26.008.14.03.02","Epsy_trough_t_rheo","1.2056692567517604"
"QN23.26.008.14.03.02","Epsy_trough_v_rheo","-5.9059031255176615"
"QN23.26.008.14.03.02","Epsy_upstroke_downstroke_ratio_rheo","-0.6340078059458861"
"QN23.26.008.14.03.02","Epsy_ahp_delay_5spike","0.34357672781522"
"QN23.26.008.14.03.02","Epsy_ahp_delay_ratio_5spike","0.5224063786689453"
"QN23.26.008.14.03.02","Epsy_postap_slope_hero","0.3076100824802044"
"QN23.26.008.14.03.02","Epsy_trough_t_hero","0.3059787912961493"
"QN23.26.008.14.03.02","Epsy_downstroke_adapt_ratio","0.6204311038658024"
"QN23.26.008.14.03.02","Epsy_peak_v_adapt_ratio","-0.0124609461847298"
"QN23.26.008.14.03.02","Epsy_threshold_v_adapt_ratio","0.6419382289012947"
"QN23.26.008.14.03.02","Epsy_upstroke_adapt_ratio","0.1518264428379469"
"QN23.26.008.14.03.02","Epsy_width_adapt_ratio","-0.2989238842445035"
"QN23.26.008.14.03.02","Epsy_threshold_v_short_square","-1.14757457544833"
"QN23.26.008.14.03.03","Epsy_width_rheo","-0.1920195916265478"
"QN23.26.008.14.03.03","Epsy_fast_trough_v_rheo","-0.5689556002829637"
"QN23.26.008.14.03.03","Epsy_peak_deltav_rheo","0.3744181200856945"
"QN23.26.008.14.03.03","Epsy_peak_v_rheo","0.1957636193395524"
"QN23.26.008.14.03.03","Epsy_postap_slope_rheo","-1.6110476654754222"
"QN23.26.008.14.03.03","Epsy_threshold_v_rheo","-0.1983301818859258"
"QN23.26.008.14.03.03","Epsy_trough_t_rheo","1.184518248600877"
"QN23.26.008.14.03.03","Epsy_trough_v_rheo","-0.5136957064698061"
"QN23.26.008.14.03.03","Epsy_upstroke_downstroke_ratio_rheo","0.1459898557865004"
"QN23.26.008.14.03.03","Epsy_ahp_delay_5spike","0.7300551206341839"
"QN23.26.008.14.03.03","Epsy_ahp_delay_ratio_5spike","0.9593178652718672"
"QN23.26.008.14.03.03","Epsy_postap_slope_hero","0.1626377507715493"
"QN23.26.008.14.03.03","Epsy_trough_t_hero","0.7181480525984139"
"QN23.26.008.14.03.03","Epsy_downstroke_adapt_ratio","0.2590400748130258"
"QN23.26.008.14.03.03","Epsy_peak_v_adapt_ratio","0.0192094633777511"
"QN23.26.008.14.03.03","Epsy_threshold_v_adapt_ratio","0.3975927864220955"
"QN23.26.008.14.03.03","Epsy_upstroke_adapt_ratio","0.3153411857093811"
"QN23.26.008.14.03.03","Epsy_width_adapt_ratio","-0.0781627355750094"
"QN23.26.008.14.03.03","Epsy_threshold_v_short_square","-0.2137540083213892"
"QN23.26.010.14.03A.05","Epsy_width_rheo","0.5299338132649696"
"QN23.26.010.14.03A.05","Epsy_fast_trough_v_rheo","1.5629424130185208"
"QN23.26.010.14.03A.05","Epsy_peak_deltav_rheo","0.2212632252602444"
"QN23.26.010.14.03A.05","Epsy_peak_v_rheo","0.7060108058749699"
"QN23.26.010.14.03A.05","Epsy_postap_slope_rheo","1.006371936702505"
"QN23.26.010.14.03A.05","Epsy_threshold_v_rheo","0.8971631857039344"
"QN23.26.010.14.03A.05","Epsy_trough_t_rheo","-0.9409260498975932"
"QN23.26.010.14.03A.05","Epsy_trough_v_rheo","1.410772213034544"
"QN23.26.010.14.03A.05","Epsy_upstroke_downstroke_ratio_rheo","-0.1161017978213555"
"QN23.26.010.14.03A.05","Epsy_ahp_delay_5spike","0.8057126650443452"
"QN23.26.010.14.03A.05","Epsy_ahp_delay_ratio_5spike","0.5163401204646563"
"QN23.26.010.14.03A.05","Epsy_postap_slope_hero","0.6531156895071832"
"QN23.26.010.14.03A.05","Epsy_trough_t_hero","-0.958323326594237"
"QN23.26.010.14.03A.05","Epsy_downstroke_adapt_ratio","-1.0958331375581214"
"QN23.26.010.14.03A.05","Epsy_peak_v_adapt_ratio","-0.9077818739422576"
"QN23.26.010.14.03A.05","Epsy_threshold_v_adapt_ratio","-1.1974085717095553"
"QN23.26.010.14.03A.05","Epsy_upstroke_adapt_ratio","-0.951650577470929"
"QN23.26.010.14.03A.05","Epsy_width_adapt_ratio","1.2853674063153848"
"QN23.26.010.14.03A.05","Epsy_threshold_v_short_square","-0.0004578096844605"
"QN23.26.015.14.06A.03","Epsy_width_rheo","1.184426851810806"
"QN23.26.015.14.06A.03","Epsy_fast_trough_v_rheo","0.398900042878529"
"QN23.26.015.14.06A.03","Epsy_peak_deltav_rheo","-0.7878895819346219"
"QN23.26.015.14.06A.03","Epsy_peak_v_rheo","-1.2529375190780496"
"QN23.26.015.14.06A.03","Epsy_postap_slope_rheo","0.7735187860576003"
"QN23.26.015.14.06A.03","Epsy_threshold_v_rheo","-0.1274240444816236"
"QN23.26.015.14.06A.03","Epsy_trough_t_rheo","0.9684618026688622"
"QN23.26.015.14.06A.03","Epsy_trough_v_rheo","0.8251506946517211"
"QN23.26.015.14.06A.03","Epsy_upstroke_downstroke_ratio_rheo","-1.2264985588554735"
"QN23.26.015.14.06A.03","Epsy_ahp_delay_5spike","-1.8975970902321215"
"QN23.26.015.14.06A.03","Epsy_ahp_delay_ratio_5spike","-1.7934028506702957"
"QN23.26.015.14.06A.03","Epsy_postap_slope_hero","-0.3283663629814396"
"QN23.26.015.14.06A.03","Epsy_trough_t_hero","0.3440725123247322"
"QN23.26.015.14.06A.03","Epsy_downstroke_adapt_ratio","-0.1176499281660645"
"QN23.26.015.14.06A.03","Epsy_peak_v_adapt_ratio","0.6179832790293099"
"QN23.26.015.14.06A.03","Epsy_threshold_v_adapt_ratio","0.725818574051159"
"QN23.26.015.14.06A.03","Epsy_upstroke_adapt_ratio","0.4917654091024744"
"QN23.26.015.14.06A.03","Epsy_width_adapt_ratio","-0.5255838195410486"
"QN23.26.015.14.06A.03","Epsy_threshold_v_short_square","-0.6046384641845025"
"QN23.26.018.14.04A.06","Epsy_width_rheo","-0.418315117699383"
"QN23.26.018.14.04A.06","Epsy_fast_trough_v_rheo","-0.0540521737562621"
"QN23.26.018.14.04A.06","Epsy_peak_deltav_rheo","0.3450384180956949"
"QN23.26.018.14.04A.06","Epsy_peak_v_rheo","0.3304158213850442"
"QN23.26.018.14.04A.06","Epsy_postap_slope_rheo","0.1561859361308923"
"QN23.26.018.14.04A.06","Epsy_threshold_v_rheo","0.1021998381940083"
"QN23.26.018.14.04A.06","Epsy_trough_t_rheo","1.156180978151035"
"QN23.26.018.14.04A.06","Epsy_trough_v_rheo","0.0893188266680267"
"QN23.26.018.14.04A.06","Epsy_upstroke_downstroke_ratio_rheo","-0.6688537732191406"
"QN23.26.018.14.04A.06","Epsy_ahp_delay_5spike","0.6410235937364765"
"QN23.26.018.14.04A.06","Epsy_ahp_delay_ratio_5spike","0.565977499530648"
"QN23.26.018.14.04A.06","Epsy_postap_slope_hero","0.0220784759961839"
"QN23.26.018.14.04A.06","Epsy_trough_t_hero","0.6667528111060591"
"QN23.26.018.14.04A.06","Epsy_downstroke_adapt_ratio","0.2209542064961419"
"QN23.26.018.14.04A.06","Epsy_peak_v_adapt_ratio","-0.6040571558940059"
"QN23.26.018.14.04A.06","Epsy_threshold_v_adapt_ratio","0.544987413603644"
"QN23.26.018.14.04A.06","Epsy_upstroke_adapt_ratio","-0.0309115361313515"
"QN23.26.018.14.04A.06","Epsy_width_adapt_ratio","-0.2019498954935198"
"QN23.26.018.14.04A.06","Epsy_threshold_v_short_square","-0.1742604852221208"
"QN23.26.018.14.04A.07","Epsy_width_rheo","0.605173286275551"
"QN23.26.018.14.04A.07","Epsy_fast_trough_v_rheo","0.8078807435014683"
"QN23.26.018.14.04A.07","Epsy_peak_deltav_rheo","-0.6119496892384305"
"QN23.26.018.14.04A.07","Epsy_peak_v_rheo","-0.8782882833620366"
"QN23.26.018.14.04A.07","Epsy_postap_slope_rheo","-0.6540600519064543"
"QN23.26.018.14.04A.07","Epsy_threshold_v_rheo","0.0293187935895246"
"QN23.26.018.14.04A.07","Epsy_trough_t_rheo","-0.5545213190137467"
"QN23.26.018.14.04A.07","Epsy_trough_v_rheo","0.4335412041060069"
"QN23.26.018.14.04A.07","Epsy_upstroke_downstroke_ratio_rheo","-0.0080009135296078"
"QN23.26.018.14.04A.07","Epsy_ahp_delay_5spike","0.7394802603194273"
"QN23.26.018.14.04A.07","Epsy_ahp_delay_ratio_5spike","0.8383834600821537"
"QN23.26.018.14.04A.07","Epsy_postap_slope_hero","0.1872735626971879"
"QN23.26.018.14.04A.07","Epsy_trough_t_hero","-0.834077532108576"
"QN23.26.018.14.04A.07","Epsy_downstroke_adapt_ratio","-0.819433342008689"
"QN23.26.018.14.04A.07","Epsy_peak_v_adapt_ratio","0.4556433527097403"
"QN23.26.018.14.04A.07","Epsy_threshold_v_adapt_ratio","0.5550901616917963"
"QN23.26.018.14.04A.07","Epsy_upstroke_adapt_ratio","-0.09397165555116"
"QN23.26.018.14.04A.07","Epsy_width_adapt_ratio","0.3591239237966921"
"QN23.26.018.14.04A.07","Epsy_threshold_v_short_square","0.4540537445983179"
"QN23.26.018.14.05A.02","Epsy_width_rheo","0.7481422308356341"
"QN23.26.018.14.05A.02","Epsy_fast_trough_v_rheo","-0.6502922267021632"
"QN23.26.018.14.05A.02","Epsy_peak_deltav_rheo","0.3430659640756391"
"QN23.26.018.14.05A.02","Epsy_peak_v_rheo","-0.4448507998775607"
"QN23.26.018.14.05A.02","Epsy_postap_slope_rheo","0.0447669475643476"
"QN23.26.018.14.05A.02","Epsy_threshold_v_rheo","-1.4009427821570628"
"QN23.26.018.14.05A.02","Epsy_trough_t_rheo","1.2669113537984182"
"QN23.26.018.14.05A.02","Epsy_trough_v_rheo","-1.944798020042937"
"QN23.26.018.14.05A.02","Epsy_upstroke_downstroke_ratio_rheo","0.9237120956605734"
"QN23.26.018.14.05A.02","Epsy_ahp_delay_5spike","1.5154936773618797"
"QN23.26.018.14.05A.02","Epsy_ahp_delay_ratio_5spike","1.288934805828377"
"QN23.26.018.14.05A.02","Epsy_postap_slope_hero","-0.6636163829665489"
"QN23.26.018.14.05A.02","Epsy_trough_t_hero","-0.1136547355948156"
"QN23.26.018.14.05A.02","Epsy_downstroke_adapt_ratio","0.1283576318410943"
"QN23.26.018.14.05A.02","Epsy_peak_v_adapt_ratio","1.2644786042798644"
"QN23.26.018.14.05A.02","Epsy_threshold_v_adapt_ratio","0.4671866939655442"
"QN23.26.018.14.05A.02","Epsy_upstroke_adapt_ratio","0.4558391893653286"
"QN23.26.018.14.05A.02","Epsy_width_adapt_ratio","0.1438199700536898"
"QN23.26.018.14.05A.02","Epsy_threshold_v_short_square","-0.4803757801105199"
"QN23.26.018.14.05A.05","Epsy_width_rheo","-0.1920195916265478"
"QN23.26.018.14.05A.05","Epsy_fast_trough_v_rheo","-0.075296623220782"
"QN23.26.018.14.05A.05","Epsy_peak_deltav_rheo","0.8256956283977858"
"QN23.26.018.14.05A.05","Epsy_peak_v_rheo","0.7559356450402432"
"QN23.26.018.14.05A.05","Epsy_postap_slope_rheo","0.6478338724511405"
"QN23.26.018.14.05A.05","Epsy_threshold_v_rheo","-0.2163721342936401"
"QN23.26.018.14.05A.05","Epsy_trough_t_rheo","1.3469384106285842"
"QN23.26.018.14.05A.05","Epsy_trough_v_rheo","-0.2207841098318177"
"QN23.26.018.14.05A.05","Epsy_upstroke_downstroke_ratio_rheo","1.5686303158390968"
"QN23.26.018.14.05A.05","Epsy_ahp_delay_5spike","0.8061789580279712"
"QN23.26.018.14.05A.05","Epsy_ahp_delay_ratio_5spike","0.6449240902662442"
"QN23.26.018.14.05A.05","Epsy_postap_slope_hero","0.0269154656914804"
"QN23.26.018.14.05A.05","Epsy_trough_t_hero","0.2226765684282531"
"QN23.26.018.14.05A.05","Epsy_downstroke_adapt_ratio","0.1442765416222087"
"QN23.26.018.14.05A.05","Epsy_peak_v_adapt_ratio","-0.5764322110223332"
"QN23.26.018.14.05A.05","Epsy_threshold_v_adapt_ratio","0.7055603571895259"
"QN23.26.018.14.05A.05","Epsy_upstroke_adapt_ratio","0.102649944439591"
"QN23.26.018.14.05A.05","Epsy_width_adapt_ratio","0.4550922409755816"
"QN23.26.018.14.05A.05","Epsy_threshold_v_short_square","-0.4475407443848911"
"QN24.26.003.14.01.02","Epsy_width_rheo","1.976186004305576"
"QN24.26.003.14.01.02","Epsy_fast_trough_v_rheo","0.46690266015069"
"QN24.26.003.14.01.02","Epsy_peak_deltav_rheo","-3.82358374673929"
"QN24.26.003.14.01.02","Epsy_peak_v_rheo","-4.028219862760436"
"QN24.26.003.14.01.02","Epsy_postap_slope_rheo","-0.3346872785878394"
"QN24.26.003.14.01.02","Epsy_threshold_v_rheo","0.297982141815687"
"QN24.26.003.14.01.02","Epsy_trough_t_rheo","0.4715877778560174"
"QN24.26.003.14.01.02","Epsy_trough_v_rheo","0.8318724837561299"
"QN24.26.003.14.01.02","Epsy_upstroke_downstroke_ratio_rheo","-1.6757023009185634"
"QN24.26.003.14.01.02","Epsy_ahp_delay_5spike","0.2347283870821966"
"QN24.26.003.14.01.02","Epsy_ahp_delay_ratio_5spike","0.1223433445128508"
"QN24.26.003.14.01.02","Epsy_postap_slope_hero","-0.7450401525852529"
"QN24.26.003.14.01.02","Epsy_trough_t_hero","2.004072946380965"
"QN24.26.003.14.01.02","Epsy_downstroke_adapt_ratio","-0.5272090021671312"
"QN24.26.003.14.01.02","Epsy_peak_v_adapt_ratio","1.3142836909858715"
"QN24.26.003.14.01.02","Epsy_threshold_v_adapt_ratio","0.0899245887378124"
"QN24.26.003.14.01.02","Epsy_upstroke_adapt_ratio","0.2175356739758156"
"QN24.26.003.14.01.02","Epsy_width_adapt_ratio","-0.5289390772984577"
"QN24.26.003.14.01.02","Epsy_threshold_v_short_square","-4.913302993696743"
"QN24.26.005.14v.03.01A.08","Epsy_width_rheo","0.9461171557606436"
"QN24.26.005.14v.03.01A.08","Epsy_fast_trough_v_rheo","1.302286666858417"
"QN24.26.005.14v.03.01A.08","Epsy_peak_deltav_rheo","-1.724503113882953"
"QN24.26.005.14v.03.01A.08","Epsy_peak_v_rheo","-2.1696679840479742"
"QN24.26.005.14v.03.01A.08","Epsy_postap_slope_rheo","-2.790436679043274"
"QN24.26.005.14v.03.01A.08","Epsy_threshold_v_rheo","0.0942047904667837"
"QN24.26.005.14v.03.01A.08","Epsy_trough_t_rheo","0.9689616421950338"
"QN24.26.005.14v.03.01A.08","Epsy_trough_v_rheo","0.1554599044030072"
"QN24.26.005.14v.03.01A.08","Epsy_upstroke_downstroke_ratio_rheo","-0.8340163215810101"
"QN24.26.005.14v.03.01A.08","Epsy_ahp_delay_5spike","0.7878519760630289"
"QN24.26.005.14v.03.01A.08","Epsy_ahp_delay_ratio_5spike","0.7014269948136348"
"QN24.26.005.14v.03.01A.08","Epsy_postap_slope_hero","-1.3296954506949532"
"QN24.26.005.14v.03.01A.08","Epsy_trough_t_hero","0.7500228716204752"
"QN24.26.005.14v.03.01A.08","Epsy_downstroke_adapt_ratio","-0.4475288645513914"
"QN24.26.005.14v.03.01A.08","Epsy_peak_v_adapt_ratio","0.2507222248542109"
"QN24.26.005.14v.03.01A.08","Epsy_threshold_v_adapt_ratio","-0.034321667421228"
"QN24.26.005.14v.03.01A.08","Epsy_upstroke_adapt_ratio","-0.193477000258943"
"QN24.26.005.14v.03.01A.08","Epsy_width_adapt_ratio","-0.1472325462013692"
"QN24.26.005.14v.03.01A.08","Epsy_threshold_v_short_square","-0.0525664781589403"
"QN24.26.005.14v.03.01A.07","Epsy_width_rheo","0.1993044110160222"
"QN24.26.005.14v.03.01A.07","Epsy_fast_trough_v_rheo","1.319499455038608"
"QN24.26.005.14v.03.01A.07","Epsy_peak_deltav_rheo","-0.2585201689008676"
"QN24.26.005.14v.03.01A.07","Epsy_peak_v_rheo","-0.3912720700035478"
"QN24.26.005.14v.03.01A.07","Epsy_postap_slope_rheo","-0.9491433355431628"
"QN24.26.005.14v.03.01A.07","Epsy_threshold_v_rheo","0.0982049826433635"
"QN24.26.005.14v.03.01A.07","Epsy_trough_t_rheo","1.4484833743478518"
"QN24.26.005.14v.03.01A.07","Epsy_trough_v_rheo","0.1923287424810467"
"QN24.26.005.14v.03.01A.07","Epsy_upstroke_downstroke_ratio_rheo","-0.0098860370002599"
"QN24.26.005.14v.03.01A.07","Epsy_ahp_delay_5spike","0.8168518498940966"
"QN24.26.005.14v.03.01A.07","Epsy_ahp_delay_ratio_5spike","0.740608084841526"
"QN24.26.005.14v.03.01A.07","Epsy_postap_slope_hero","0.2329252958831384"
"QN24.26.005.14v.03.01A.07","Epsy_trough_t_hero","1.0377614993988442"
"QN24.26.005.14v.03.01A.07","Epsy_downstroke_adapt_ratio","-0.0271652903323123"
"QN24.26.005.14v.03.01A.07","Epsy_peak_v_adapt_ratio","-0.2205016840372197"
"QN24.26.005.14v.03.01A.07","Epsy_threshold_v_adapt_ratio","0.2844115203545715"
"QN24.26.005.14v.03.01A.07","Epsy_upstroke_adapt_ratio","-0.176008433728916"
"QN24.26.005.14v.03.01A.07","Epsy_width_adapt_ratio","0.1491310565306883"
"QN24.26.005.14v.03.01A.07","Epsy_threshold_v_short_square","0.1760015323805098"
"QN24.26.010.14v.03A.03","Epsy_width_rheo","-0.0872675070883851"
"QN24.26.010.14v.03A.03","Epsy_fast_trough_v_rheo","0.2098679830201559"
"QN24.26.010.14v.03A.03","Epsy_peak_deltav_rheo","0.7906878146565482"
"QN24.26.010.14v.03A.03","Epsy_peak_v_rheo","0.7019737478517319"
"QN24.26.010.14v.03A.03","Epsy_postap_slope_rheo","-1.5093561755705651"
"QN24.26.010.14v.03A.03","Epsy_threshold_v_rheo","-0.2391062186850453"
"QN24.26.010.14v.03A.03","Epsy_trough_t_rheo","1.3479984102867633"
"QN24.26.010.14v.03A.03","Epsy_trough_v_rheo","-0.0806799596508491"
"QN24.26.010.14v.03A.03","Epsy_upstroke_downstroke_ratio_rheo","1.031202096546518"
"QN24.26.010.14v.03A.03","Epsy_ahp_delay_5spike","0.7551816533522003"
"QN24.26.010.14v.03A.03","Epsy_ahp_delay_ratio_5spike","0.4868747608580939"
"QN24.26.010.14v.03A.03","Epsy_postap_slope_hero","-0.1603314716134123"
"QN24.26.010.14v.03A.03","Epsy_trough_t_hero","0.7237511040582703"
"QN24.26.010.14v.03A.03","Epsy_downstroke_adapt_ratio","0.1844227230769483"
"QN24.26.010.14v.03A.03","Epsy_peak_v_adapt_ratio","-0.2511659248174515"
"QN24.26.010.14v.03A.03","Epsy_threshold_v_adapt_ratio","0.6074544904640955"
"QN24.26.010.14v.03A.03","Epsy_upstroke_adapt_ratio","0.3935724287944711"
"QN24.26.010.14v.03A.03","Epsy_width_adapt_ratio","-0.4798406481868533"
"QN24.26.010.14v.03A.03","Epsy_threshold_v_short_square","-0.1381996200418184"
"QN24.26.010.14v.03A.05","Epsy_width_rheo","-0.3021729819899881"
"QN24.26.010.14v.03A.05","Epsy_fast_trough_v_rheo","0.2051663456190738"
"QN24.26.010.14v.03A.05","Epsy_peak_deltav_rheo","0.5373597934453755"
"QN24.26.010.14v.03A.05","Epsy_peak_v_rheo","0.6093858268310937"
"QN24.26.010.14v.03A.05","Epsy_postap_slope_rheo","-0.347590771431441"
"QN24.26.010.14v.03A.05","Epsy_threshold_v_rheo","0.1962212325199659"
"QN24.26.010.14v.03A.05","Epsy_trough_t_rheo","0.1227081837962557"
"QN24.26.010.14v.03A.05","Epsy_trough_v_rheo","-0.1441694730671473"
"QN24.26.010.14v.03A.05","Epsy_upstroke_downstroke_ratio_rheo","0.4089548500307864"
"QN24.26.010.14v.03A.05","Epsy_ahp_delay_5spike","0.4340234896679654"
"QN24.26.010.14v.03A.05","Epsy_ahp_delay_ratio_5spike","0.4074324778102778"
"QN24.26.010.14v.03A.05","Epsy_postap_slope_hero","-0.6504091744494909"
"QN24.26.010.14v.03A.05","Epsy_trough_t_hero","0.1012783535467732"
"QN24.26.010.14v.03A.05","Epsy_downstroke_adapt_ratio","0.4170460806211781"
"QN24.26.010.14v.03A.05","Epsy_peak_v_adapt_ratio","-0.5131234518172697"
"QN24.26.010.14v.03A.05","Epsy_threshold_v_adapt_ratio","0.5659005970692993"
"QN24.26.010.14v.03A.05","Epsy_upstroke_adapt_ratio","-0.2001153682693564"
"QN24.26.010.14v.03A.05","Epsy_width_adapt_ratio","-0.0781627355750094"
"QN24.26.010.14v.03A.05","Epsy_threshold_v_short_square","0.0508806299190056"
"QN24.26.012.14V.05A.02","Epsy_width_rheo","0.5299338132649696"
"QN24.26.012.14V.05A.02","Epsy_fast_trough_v_rheo","0.5001432632701229"
"QN24.26.012.14V.05A.02","Epsy_peak_deltav_rheo","-0.2095255861540172"
"QN24.26.012.14V.05A.02","Epsy_peak_v_rheo","-0.4769088219709479"
"QN24.26.012.14V.05A.02","Epsy_postap_slope_rheo","-0.3884041796674317"
"QN24.26.012.14V.05A.02","Epsy_threshold_v_rheo","-0.0927018411594253"
"QN24.26.012.14V.05A.02","Epsy_trough_t_rheo","0.0109002620206012"
"QN24.26.012.14V.05A.02","Epsy_trough_v_rheo","0.2773514178767829"
"QN24.26.012.14V.05A.02","Epsy_upstroke_downstroke_ratio_rheo","0.1176683948514157"
"QN24.26.012.14V.05A.02","Epsy_ahp_delay_5spike","0.9509807143623966"
"QN24.26.012.14V.05A.02","Epsy_ahp_delay_ratio_5spike","0.7752314169922596"
"QN24.26.012.14V.05A.02","Epsy_postap_slope_hero","-0.3122675352529274"
"QN24.26.012.14V.05A.02","Epsy_trough_t_hero","0.892137128677749"
"QN24.26.012.14V.05A.02","Epsy_downstroke_adapt_ratio","0.3826107554948655"
"QN24.26.012.14V.05A.02","Epsy_peak_v_adapt_ratio","0.1264687789188688"
"QN24.26.012.14V.05A.02","Epsy_threshold_v_adapt_ratio","0.6739732709634743"
"QN24.26.012.14V.05A.02","Epsy_upstroke_adapt_ratio","0.2938360929661396"
"QN24.26.012.14V.05A.02","Epsy_width_adapt_ratio","-0.4077072749504035"
"QN24.26.012.14V.05A.02","Epsy_threshold_v_short_square","0.0081514666879235"
"QN24.26.012.14V.05A.05","Epsy_width_rheo","-0.3021729819899881"
"QN24.26.012.14V.05A.05","Epsy_fast_trough_v_rheo","-0.2471677926913839"
"QN24.26.012.14V.05A.05","Epsy_peak_deltav_rheo","0.5137802626806792"
"QN24.26.012.14V.05A.05","Epsy_peak_v_rheo","-0.012697857153451"
"QN24.26.012.14V.05A.05","Epsy_postap_slope_rheo","-1.494804497713802"
"QN24.26.012.14V.05A.05","Epsy_threshold_v_rheo","-1.013050604550472"
"QN24.26.012.14V.05A.05","Epsy_trough_t_rheo","0.0993343599282157"
"QN24.26.012.14V.05A.05","Epsy_trough_v_rheo","-0.6258238177484828"
"QN24.26.012.14V.05A.05","Epsy_upstroke_downstroke_ratio_rheo","1.1944839111647432"
"QN24.26.012.14V.05A.05","Epsy_ahp_delay_5spike","0.9733691286373548"
"QN24.26.012.14V.05A.05","Epsy_ahp_delay_ratio_5spike","0.796841737990836"
"QN24.26.012.14V.05A.05","Epsy_postap_slope_hero","0.1921774049796845"
"QN24.26.012.14V.05A.05","Epsy_trough_t_hero","0.6888182087157233"
"QN24.26.012.14V.05A.05","Epsy_downstroke_adapt_ratio","0.6285666551228628"
"QN24.26.012.14V.05A.05","Epsy_peak_v_adapt_ratio","-0.2550132124378706"
"QN24.26.012.14V.05A.05","Epsy_threshold_v_adapt_ratio","0.5067557225778606"
"QN24.26.012.14V.05A.05","Epsy_upstroke_adapt_ratio","0.3278836733156188"
"QN24.26.012.14V.05A.05","Epsy_width_adapt_ratio","-0.4343049295652901"
"QN24.26.012.14V.05A.05","Epsy_threshold_v_short_square","-1.0065563631878918"
"QN24.26.012.14V.07A.02","Epsy_width_rheo","0.0125883037024102"
"QN24.26.012.14V.07A.02","Epsy_fast_trough_v_rheo","-1.266401875839805"
"QN24.26.012.14V.07A.02","Epsy_peak_deltav_rheo","-0.1147515957451789"
"QN24.26.012.14V.07A.02","Epsy_peak_v_rheo","-0.7817822663215743"
"QN24.26.012.14V.07A.02","Epsy_postap_slope_rheo","-0.7112814549914444"
"QN24.26.012.14V.07A.02","Epsy_threshold_v_rheo","-0.7095600492306005"
"QN24.26.012.14V.07A.02","Epsy_trough_t_rheo","0.4247824469309494"
"QN24.26.012.14V.07A.02","Epsy_trough_v_rheo","-1.4264370458982822"
"QN24.26.012.14V.07A.02","Epsy_upstroke_downstroke_ratio_rheo","-0.9502410290153256"
"QN24.26.012.14V.07A.02","Epsy_ahp_delay_5spike","0.6723461863029566"
"QN24.26.012.14V.07A.02","Epsy_ahp_delay_ratio_5spike","0.5269977472470969"
"QN24.26.012.14V.07A.02","Epsy_postap_slope_hero","0.6863150147931939"
"QN24.26.012.14V.07A.02","Epsy_trough_t_hero","2.164073046508113"
"QN24.26.012.14V.07A.02","Epsy_downstroke_adapt_ratio","-0.4234779543996736"
"QN24.26.012.14V.07A.02","Epsy_peak_v_adapt_ratio","-0.8347325902096262"
"QN24.26.012.14V.07A.02","Epsy_threshold_v_adapt_ratio","0.1773220667080643"
"QN24.26.012.14V.07A.02","Epsy_upstroke_adapt_ratio","-0.0911293401698127"
"QN24.26.012.14V.07A.02","Epsy_width_adapt_ratio","0.0300834427716051"
"QN24.26.012.14V.07A.02","Epsy_threshold_v_short_square","-1.7962095410183312"
"QN24.26.013.14v.01A.03","Epsy_width_rheo","0.7481422308356341"
"QN24.26.013.14v.01A.03","Epsy_fast_trough_v_rheo","0.2239143738692829"
"QN24.26.013.14v.01A.03","Epsy_peak_deltav_rheo","0.2086965764302531"
"QN24.26.013.14v.01A.03","Epsy_peak_v_rheo","-0.5689053275008369"
"QN24.26.013.14v.01A.03","Epsy_postap_slope_rheo","-0.9875234553352866"
"QN24.26.013.14v.01A.03","Epsy_threshold_v_rheo","-1.2062580474488105"
"QN24.26.013.14v.01A.03","Epsy_trough_t_rheo","0.8056760984509062"
"QN24.26.013.14v.01A.03","Epsy_trough_v_rheo","-1.1999701298391234"
"QN24.26.013.14v.01A.03","Epsy_upstroke_downstroke_ratio_rheo","1.3678169059136207"
"QN24.26.013.14v.01A.03","Epsy_ahp_delay_5spike","0.6159966955767319"
"QN24.26.013.14v.01A.03","Epsy_ahp_delay_ratio_5spike","0.9102713337603991"
"QN24.26.013.14v.01A.03","Epsy_postap_slope_hero","-0.1112788297951509"
"QN24.26.013.14v.01A.03","Epsy_trough_t_hero","0.2402500470700784"
"QN24.26.013.14v.01A.03","Epsy_downstroke_adapt_ratio","-1.328709755268061"
"QN24.26.013.14v.01A.03","Epsy_peak_v_adapt_ratio","1.1027038611427935"
"QN24.26.013.14v.01A.03","Epsy_threshold_v_adapt_ratio","0.0947463564575013"
"QN24.26.013.14v.01A.03","Epsy_upstroke_adapt_ratio","0.2204792999555248"
"QN24.26.013.14v.01A.03","Epsy_width_adapt_ratio","1.3827552575559696"
"QN24.26.013.14v.01A.03","Epsy_threshold_v_short_square","-0.3255244591819779"
"QN24.26.014.14v.02A.02","Epsy_width_rheo","-0.1920195916270849"
"QN24.26.014.14v.02A.02","Epsy_fast_trough_v_rheo","0.6822332859788645"
"QN24.26.014.14v.02A.02","Epsy_peak_deltav_rheo","0.348978889188518"
"QN24.26.014.14v.02A.02","Epsy_peak_v_rheo","0.6550763315524624"
"QN24.26.014.14v.02A.02","Epsy_postap_slope_rheo","0.884545614256417"
"QN24.26.014.14v.02A.02","Epsy_threshold_v_rheo","0.6266402201285584"
"QN24.26.014.14v.02A.02","Epsy_trough_t_rheo","0.067263128415221"
"QN24.26.014.14v.02A.02","Epsy_trough_v_rheo","0.9556206778141768"
"QN24.26.014.14v.02A.02","Epsy_upstroke_downstroke_ratio_rheo","-0.0418340289479971"
"QN24.26.014.14v.02A.02","Epsy_ahp_delay_5spike","0.1709281050333928"
"QN24.26.014.14v.02A.02","Epsy_ahp_delay_ratio_5spike","0.178266887010842"
"QN24.26.014.14v.02A.02","Epsy_postap_slope_hero","0.163899124319269"
"QN24.26.014.14v.02A.02","Epsy_trough_t_hero","0.0726159693835348"
"QN24.26.014.14v.02A.02","Epsy_downstroke_adapt_ratio","-0.3355128364662625"
"QN24.26.014.14v.02A.02","Epsy_peak_v_adapt_ratio","-0.9804738356128212"
"QN24.26.014.14v.02A.02","Epsy_threshold_v_adapt_ratio","-0.3880643176831974"
"QN24.26.014.14v.02A.02","Epsy_upstroke_adapt_ratio","-0.7030506246006615"
"QN24.26.014.14v.02A.02","Epsy_width_adapt_ratio","0.1288674598525828"
"QN24.26.014.14v.02A.02","Epsy_threshold_v_short_square","0.3046756952847471"
"QN24.26.014.14v.02A.04","Epsy_width_rheo","-0.9586475505747554"
"QN24.26.014.14v.02A.04","Epsy_fast_trough_v_rheo","-0.4904763210994298"
"QN24.26.014.14v.02A.04","Epsy_peak_deltav_rheo","0.4527408597629574"
"QN24.26.014.14v.02A.04","Epsy_peak_v_rheo","0.2398351639221341"
"QN24.26.014.14v.02A.04","Epsy_postap_slope_rheo","1.2900252396586602"
"QN24.26.014.14v.02A.04","Epsy_threshold_v_rheo","-0.3038691819345289"
"QN24.26.014.14v.02A.04","Epsy_trough_t_rheo","1.3183928972138004"
"QN24.26.014.14v.02A.04","Epsy_trough_v_rheo","-0.1281132855702405"
"QN24.26.014.14v.02A.04","Epsy_upstroke_downstroke_ratio_rheo","-0.8620612844193727"
"QN24.26.014.14v.02A.04","Epsy_ahp_delay_5spike","0.4782633653344197"
"QN24.26.014.14v.02A.04","Epsy_ahp_delay_ratio_5spike","0.5712137284505018"
"QN24.26.014.14v.02A.04","Epsy_postap_slope_hero","1.141763568573516"
"QN24.26.014.14v.02A.04","Epsy_trough_t_hero","0.0624339978373242"
"QN24.26.014.14v.02A.04","Epsy_downstroke_adapt_ratio","0.4899061285358467"
"QN24.26.014.14v.02A.04","Epsy_peak_v_adapt_ratio","-0.646297041329313"
"QN24.26.014.14v.02A.04","Epsy_threshold_v_adapt_ratio","0.3630197211237937"
"QN24.26.014.14v.02A.04","Epsy_upstroke_adapt_ratio","-0.2091345535104707"
"QN24.26.014.14v.02A.04","Epsy_width_adapt_ratio","-0.5757242920079307"
"QN24.26.014.14v.02A.04","Epsy_threshold_v_short_square","-0.8932636498495531"
"QN24.26.014.14v.02A.05","Epsy_width_rheo","-0.0872675070868507"
"QN24.26.014.14v.02A.05","Epsy_fast_trough_v_rheo","0.6244715010935941"
"QN24.26.014.14v.02A.05","Epsy_peak_deltav_rheo","0.500975763315045"
"QN24.26.014.14v.02A.05","Epsy_peak_v_rheo","0.6796534894070949"
"QN24.26.014.14v.02A.05","Epsy_postap_slope_rheo","0.971139014879395"
"QN24.26.014.14v.02A.05","Epsy_threshold_v_rheo","0.3958096068944965"
"QN24.26.014.14v.02A.05","Epsy_trough_t_rheo","1.215613801644981"
"QN24.26.014.14v.02A.05","Epsy_trough_v_rheo","0.7636493007316367"
"QN24.26.014.14v.02A.05","Epsy_upstroke_downstroke_ratio_rheo","0.5447788732841757"
"QN24.26.014.14v.02A.05","Epsy_ahp_delay_5spike","0.2231774254020441"
"QN24.26.014.14v.02A.05","Epsy_ahp_delay_ratio_5spike","0.3159118380008807"
"QN24.26.014.14v.02A.05","Epsy_postap_slope_hero","0.514823601983205"
"QN24.26.014.14v.02A.05","Epsy_trough_t_hero","-0.4738724753355492"
"QN24.26.014.14v.02A.05","Epsy_downstroke_adapt_ratio","0.3621246880395357"
"QN24.26.014.14v.02A.05","Epsy_peak_v_adapt_ratio","-0.398608673906034"
"QN24.26.014.14v.02A.05","Epsy_threshold_v_adapt_ratio","0.0927959656793975"
"QN24.26.014.14v.02A.05","Epsy_upstroke_adapt_ratio","0.0974831444462221"
"QN24.26.014.14v.02A.05","Epsy_width_adapt_ratio","-0.2623992577687807"
"QN24.26.014.14v.02A.05","Epsy_threshold_v_short_square","0.2516395566921144"
"QN24.26.014.14v.06A.04","Epsy_width_rheo","0.6778532850392719"
"QN24.26.014.14v.06A.04","Epsy_fast_trough_v_rheo","1.547512589534097"
"QN24.26.014.14v.06A.04","Epsy_peak_deltav_rheo","0.2482431371121499"
"QN24.26.014.14v.06A.04","Epsy_peak_v_rheo","0.3996943795410688"
"QN24.26.014.14v.06A.04","Epsy_postap_slope_rheo","0.2250490992160324"
"QN24.26.014.14v.06A.04","Epsy_threshold_v_rheo","0.3958096068944965"
"QN24.26.014.14v.06A.04","Epsy_trough_t_rheo","-0.6197768385033268"
"QN24.26.014.14v.06A.04","Epsy_trough_v_rheo","0.7427368651239313"
"QN24.26.014.14v.06A.04","Epsy_upstroke_downstroke_ratio_rheo","-0.7712776342514028"
"QN24.26.014.14v.06A.04","Epsy_ahp_delay_5spike","1.1452927044831658"
"QN24.26.014.14v.06A.04","Epsy_ahp_delay_ratio_5spike","1.0156054020234957"
"QN24.26.014.14v.06A.04","Epsy_postap_slope_hero","-0.7105489570163458"
"QN24.26.014.14v.06A.04","Epsy_trough_t_hero","-1.3200015745371887"
"QN24.26.014.14v.06A.04","Epsy_downstroke_adapt_ratio","-1.2121426538448472"
"QN24.26.014.14v.06A.04","Epsy_peak_v_adapt_ratio","-1.0432316857882709"
"QN24.26.014.14v.06A.04","Epsy_threshold_v_adapt_ratio","0.1362613374187491"
"QN24.26.014.14v.06A.04","Epsy_upstroke_adapt_ratio","-1.4110929138731276"
"QN24.26.014.14v.06A.04","Epsy_width_adapt_ratio","1.0025146526606217"
"QN24.26.014.14v.06A.04","Epsy_threshold_v_short_square","0.5337994221902709"
"QN25.26.004.14v.03A.05","Epsy_width_rheo","0.1079851929998473"
"QN25.26.004.14v.03A.05","Epsy_fast_trough_v_rheo","0.7753025579847209"
"QN25.26.004.14v.03A.05","Epsy_peak_deltav_rheo","0.6013446550932376"
"QN25.26.004.14v.03A.05","Epsy_peak_v_rheo","0.7638325195729484"
"QN25.26.004.14v.03A.05","Epsy_postap_slope_rheo","0.131463674736187"
"QN25.26.004.14v.03A.05","Epsy_threshold_v_rheo","0.3455565751579841"
"QN25.26.004.14v.03A.05","Epsy_trough_t_rheo","1.1527669027326604"
"QN25.26.004.14v.03A.05","Epsy_trough_v_rheo","1.1371179630632051"
"QN25.26.004.14v.03A.05","Epsy_upstroke_downstroke_ratio_rheo","0.2683761533775012"
"QN25.26.004.14v.03A.05","Epsy_ahp_delay_5spike","0.535114677405188"
"QN25.26.004.14v.03A.05","Epsy_ahp_delay_ratio_5spike","1.015364429709633"
"QN25.26.004.14v.03A.05","Epsy_postap_slope_hero","-0.1933059967145027"
"QN25.26.004.14v.03A.05","Epsy_trough_t_hero","1.1359711638176262"
"QN25.26.004.14v.03A.05","Epsy_downstroke_adapt_ratio","0.6718612662165335"
"QN25.26.004.14v.03A.05","Epsy_peak_v_adapt_ratio","0.0323790445066734"
"QN25.26.004.14v.03A.05","Epsy_threshold_v_adapt_ratio","0.4650834429780975"
"QN25.26.004.14v.03A.05","Epsy_upstroke_adapt_ratio","0.4969162639145564"
"QN25.26.004.14v.03A.05","Epsy_width_adapt_ratio","-0.4938932869332877"
"QN25.26.004.14v.03A.05","Epsy_threshold_v_short_square","0.7970339819804009"
"Q21.26.006.14.01.01","Epsy_width_rheo","1.09814515549104"
"Q21.26.006.14.01.01","Epsy_fast_trough_v_rheo","1.1991431739115126"
"Q21.26.006.14.01.01","Epsy_peak_deltav_rheo","-0.2874019123228484"
"Q21.26.006.14.01.01","Epsy_peak_v_rheo","0.1809001145994773"
"Q21.26.006.14.01.01","Epsy_postap_slope_rheo","-1.7870502308469602"
"Q21.26.006.14.01.01","Epsy_threshold_v_rheo","0.8441312889853293"
"Q21.26.006.14.01.01","Epsy_trough_t_rheo","0.6754464675504956"
"Q21.26.006.14.01.01","Epsy_trough_v_rheo","0.6569126303693605"
"Q21.26.006.14.01.01","Epsy_upstroke_downstroke_ratio_rheo","0.3744818325750325"
"Q21.26.006.14.01.01","Epsy_ahp_delay_5spike","0.4504959539213403"
"Q21.26.006.14.01.01","Epsy_ahp_delay_ratio_5spike","0.2041264311880708"
"Q21.26.006.14.01.01","Epsy_postap_slope_hero","-0.3684121666113117"
"Q21.26.006.14.01.01","Epsy_trough_t_hero","0.3155137155297811"
"Q21.26.006.14.01.01","Epsy_downstroke_adapt_ratio","0.3333567830744731"
"Q21.26.006.14.01.01","Epsy_peak_v_adapt_ratio","0.010391615643037"
"Q21.26.006.14.01.01","Epsy_threshold_v_adapt_ratio","0.4490514690504927"
"Q21.26.006.14.01.01","Epsy_upstroke_adapt_ratio","0.4629076408413224"
"Q21.26.006.14.01.01","Epsy_width_adapt_ratio","-0.259471539786761"
"Q21.26.006.14.01.01","Epsy_threshold_v_short_square","0.0902920805938814"
"QN24.26.012.14V.05A.03","Epsy_width_rheo","0.605173286275551"
"QN24.26.012.14V.05A.03","Epsy_fast_trough_v_rheo","0.8470633130227494"
"QN24.26.012.14V.05A.03","Epsy_peak_deltav_rheo","-0.4693096119556779"
"QN24.26.012.14V.05A.03","Epsy_peak_v_rheo","-0.3664471106598719"
"QN24.26.012.14V.05A.03","Epsy_postap_slope_rheo","0.2650668314173301"
"QN24.26.012.14V.05A.03","Epsy_threshold_v_rheo","0.4170455586443399"
"QN24.26.012.14V.05A.03","Epsy_trough_t_rheo","0.362742877252844"
"QN24.26.012.14V.05A.03","Epsy_trough_v_rheo","0.6237895291671048"
"QN24.26.012.14V.05A.03","Epsy_upstroke_downstroke_ratio_rheo","-0.227488260185514"
"QN24.26.012.14V.05A.03","Epsy_ahp_delay_5spike","0.7265631385632373"
"QN24.26.012.14V.05A.03","Epsy_ahp_delay_ratio_5spike","0.6346178311232276"
"QN24.26.012.14V.05A.03","Epsy_postap_slope_hero","-0.2803561908414894"
"QN24.26.012.14V.05A.03","Epsy_trough_t_hero","1.0997287025021556"
"QN24.26.012.14V.05A.03","Epsy_downstroke_adapt_ratio","0.721569094611721"
"QN24.26.012.14V.05A.03","Epsy_peak_v_adapt_ratio","-0.7253327467057341"
"QN24.26.012.14V.05A.03","Epsy_threshold_v_adapt_ratio","0.022580490015125"
"QN24.26.012.14V.05A.03","Epsy_upstroke_adapt_ratio","-0.24410493638548"
"QN24.26.012.14V.05A.03","Epsy_width_adapt_ratio","-0.8975902240323198"
"QN24.26.012.14V.05A.03","Epsy_threshold_v_short_square","-0.2754039354422314"
"QN24.26.012.14V.07A.04","Epsy_width_rheo","0.6778532850392719"
"QN24.26.012.14V.07A.04","Epsy_fast_trough_v_rheo","0.8006821980125223"
"QN24.26.012.14V.07A.04","Epsy_peak_deltav_rheo","0.058660449268526"
"QN24.26.012.14V.07A.04","Epsy_peak_v_rheo","-0.688839155402743"
"QN24.26.012.14V.07A.04","Epsy_postap_slope_rheo","-0.3914875400346924"
"QN24.26.012.14V.07A.04","Epsy_threshold_v_rheo","-0.9883681010413206"
"QN24.26.012.14V.07A.04","Epsy_trough_t_rheo","-2.035402299482049"
"QN24.26.012.14V.07A.04","Epsy_trough_v_rheo","0.4253926329598748"
"QN24.26.012.14V.07A.04","Epsy_upstroke_downstroke_ratio_rheo","0.2748780307595578"
"QN24.26.012.14V.07A.04","Epsy_ahp_delay_5spike","0.541000561957983"
"QN24.26.012.14V.07A.04","Epsy_ahp_delay_ratio_5spike","0.7097811911763657"
"QN24.26.012.14V.07A.04","Epsy_postap_slope_hero","-0.9057115305417548"
"QN24.26.012.14V.07A.04","Epsy_trough_t_hero","-2.8787352913206647"
"QN24.26.012.14V.07A.04","Epsy_downstroke_adapt_ratio","-1.8654554590262984"
"QN24.26.012.14V.07A.04","Epsy_peak_v_adapt_ratio","0.4788905519793975"
"QN24.26.012.14V.07A.04","Epsy_threshold_v_adapt_ratio","-2.954620856356458"
"QN24.26.012.14V.07A.04","Epsy_upstroke_adapt_ratio","-1.2751399330225317"
"QN24.26.012.14V.07A.04","Epsy_width_adapt_ratio","1.4758970084693157"
"QN24.26.012.14V.07A.04","Epsy_threshold_v_short_square","-0.3924242361785665"
"Q21.26.019.12.01.03","Epsy_width_rheo","0.7307855700565156"
"Q21.26.019.12.01.03","Epsy_fast_trough_v_rheo","0.0693340750278918"
"Q21.26.019.12.01.03","Epsy_peak_deltav_rheo","0.1098401891623805"
"Q21.26.019.12.01.03","Epsy_peak_v_rheo","0.3974158192190897"
"Q21.26.019.12.01.03","Epsy_postap_slope_rheo","0.0441003902339713"
"Q21.26.019.12.01.03","Epsy_threshold_v_rheo","0.613628860756408"
"Q21.26.019.12.01.03","Epsy_trough_t_rheo","-0.525159472789007"
"Q21.26.019.12.01.03","Epsy_trough_v_rheo","0.5976566516248311"
"Q21.26.019.12.01.03","Epsy_upstroke_downstroke_ratio_rheo","0.4458912313255069"
"Q21.26.019.12.01.03","Epsy_ahp_delay_5spike","-0.1735028061079663"
"Q21.26.019.12.01.03","Epsy_ahp_delay_ratio_5spike","0.2781754896509411"
"Q21.26.019.12.01.03","Epsy_postap_slope_hero","0.8852156582747204"
"Q21.26.019.12.01.03","Epsy_trough_t_hero","0.9016661391120444"
"Q21.26.019.12.01.03","Epsy_downstroke_adapt_ratio","0.1006247748239128"
"Q21.26.019.12.01.03","Epsy_peak_v_adapt_ratio","-0.4040374182335372"
"Q21.26.019.12.01.03","Epsy_threshold_v_adapt_ratio","-0.214465504531399"
"Q21.26.019.12.01.03","Epsy_upstroke_adapt_ratio","-0.4555717036632862"
"Q21.26.019.12.01.03","Epsy_width_adapt_ratio","0.4291297428706292"
"Q21.26.019.12.01.03","Epsy_threshold_v_short_square","0.0930905114005729"
"QM22.26.003.14.06.03","Epsy_width_rheo","0.3915320475943353"
"QM22.26.003.14.06.03","Epsy_fast_trough_v_rheo","1.252782791701096"
"QM22.26.003.14.06.03","Epsy_peak_deltav_rheo","0.3899258031352265"
"QM22.26.003.14.06.03","Epsy_peak_v_rheo","0.5777508017424948"
"QM22.26.003.14.06.03","Epsy_postap_slope_rheo","0.9313148656791008"
"QM22.26.003.14.06.03","Epsy_threshold_v_rheo","0.4311038197378536"
"QM22.26.003.14.06.03","Epsy_trough_t_rheo","0.8887049783194441"
"QM22.26.003.14.06.03","Epsy_trough_v_rheo","1.045329265041067"
"QM22.26.003.14.06.03","Epsy_upstroke_downstroke_ratio_rheo","-0.4446834650203147"
"QM22.26.003.14.06.03","Epsy_ahp_delay_5spike","0.7826295858542938"
"QM22.26.003.14.06.03","Epsy_ahp_delay_ratio_5spike","0.7742151879286914"
"QM22.26.003.14.06.03","Epsy_postap_slope_hero","0.5302439896661084"
"QM22.26.003.14.06.03","Epsy_trough_t_hero","1.1999221615243458"
"QM22.26.003.14.06.03","Epsy_downstroke_adapt_ratio","0.9635014943839828"
"QM22.26.003.14.06.03","Epsy_peak_v_adapt_ratio","0.6723558516280961"
"QM22.26.003.14.06.03","Epsy_threshold_v_adapt_ratio","0.4858834940037637"
"QM22.26.003.14.06.03","Epsy_upstroke_adapt_ratio","0.7430785286756301"
"QM22.26.003.14.06.03","Epsy_width_adapt_ratio","-0.6690812117228645"
"QM22.26.003.14.06.03","Epsy_threshold_v_short_square","0.6572268887133521"
"QM22.26.031.14.02.02","Epsy_width_rheo","0.816192449158947"
"QM22.26.031.14.02.02","Epsy_fast_trough_v_rheo","0.8399897130039877"
"QM22.26.031.14.02.02","Epsy_peak_deltav_rheo","-0.649132114161713"
"QM22.26.031.14.02.02","Epsy_peak_v_rheo","-0.4544254255224662"
"QM22.26.031.14.02.02","Epsy_postap_slope_rheo","0.0410489801786534"
"QM22.26.031.14.02.02","Epsy_threshold_v_rheo","0.5273874149017485"
"QM22.26.031.14.02.02","Epsy_trough_t_rheo","0.7670554839153642"
"QM22.26.031.14.02.02","Epsy_trough_v_rheo","1.0694083829617544"
"QM22.26.031.14.02.02","Epsy_upstroke_downstroke_ratio_rheo","-0.4867477868126412"
"QM22.26.031.14.02.02","Epsy_ahp_delay_5spike","0.099077289174084"
"QM22.26.031.14.02.02","Epsy_ahp_delay_ratio_5spike","0.2496502536227173"
"QM22.26.031.14.02.02","Epsy_postap_slope_hero","0.9717912025421458"
"QM22.26.031.14.02.02","Epsy_trough_t_hero","0.55752373966381"
"QM22.26.031.14.02.02","Epsy_downstroke_adapt_ratio","0.4380446235488915"
"QM22.26.031.14.02.02","Epsy_peak_v_adapt_ratio","0.9809358934333016"
"QM22.26.031.14.02.02","Epsy_threshold_v_adapt_ratio","0.5489322212605515"
"QM22.26.031.14.02.02","Epsy_upstroke_adapt_ratio","0.5129293231343535"
"QM22.26.031.14.02.02","Epsy_width_adapt_ratio","-0.4592505541895083"
"QM22.26.031.14.02.02","Epsy_threshold_v_short_square","1.018223300908164"
"QN22.26.002.14.03.01","Epsy_width_rheo","-0.0872675070868507"
"QN22.26.002.14.03.01","Epsy_fast_trough_v_rheo","-0.1347802234872649"
"QN22.26.002.14.03.01","Epsy_peak_deltav_rheo","0.3744183575588042"
"QN22.26.002.14.03.01","Epsy_peak_v_rheo","0.1709424497513375"
"QN22.26.002.14.03.01","Epsy_postap_slope_rheo","-0.7184040846850993"
"QN22.26.002.14.03.01","Epsy_threshold_v_rheo","-0.2436770798371577"
"QN22.26.002.14.03.01","Epsy_trough_t_rheo","-0.5972377487061592"
"QN22.26.002.14.03.01","Epsy_trough_v_rheo","0.1508054358951119"
"QN22.26.002.14.03.01","Epsy_upstroke_downstroke_ratio_rheo","0.3341435924099029"
"QN22.26.002.14.03.01","Epsy_ahp_delay_5spike","0.1717377334413307"
"QN22.26.002.14.03.01","Epsy_ahp_delay_ratio_5spike","0.4069734119029607"
"QN22.26.002.14.03.01","Epsy_postap_slope_hero","0.468691744072578"
"QN22.26.002.14.03.01","Epsy_trough_t_hero","0.0774937833402531"
"QN22.26.002.14.03.01","Epsy_downstroke_adapt_ratio","-0.5211611508609221"
"QN22.26.002.14.03.01","Epsy_peak_v_adapt_ratio","-2.091092211506556"
"QN22.26.002.14.03.01","Epsy_threshold_v_adapt_ratio","-0.862770658114912"
"QN22.26.002.14.03.01","Epsy_upstroke_adapt_ratio","-1.8497902305476557"
"QN22.26.002.14.03.01","Epsy_width_adapt_ratio","0.9614487109726828"
"QN22.26.002.14.03.01","Epsy_threshold_v_short_square","-1.7152442477553858"
"QN22.26.009.14.2B.03","Epsy_width_rheo","-0.5411348110736116"
"QN22.26.009.14.2B.03","Epsy_fast_trough_v_rheo","-0.5556827318012572"
"QN22.26.009.14.2B.03","Epsy_peak_deltav_rheo","-0.63977658448592"
"QN22.26.009.14.2B.03","Epsy_peak_v_rheo","-1.2050964329372111"
"QN22.26.009.14.2B.03","Epsy_postap_slope_rheo","1.156813109052362"
"QN22.26.009.14.2B.03","Epsy_threshold_v_rheo","-0.2851962033840072"
"QN22.26.009.14.2B.03","Epsy_trough_t_rheo","-0.1741116401023759"
"QN22.26.009.14.2B.03","Epsy_trough_v_rheo","-0.1227895962074294"
"QN22.26.009.14.2B.03","Epsy_upstroke_downstroke_ratio_rheo","-1.6698536362430898"
"QN22.26.009.14.2B.03","Epsy_ahp_delay_5spike","-0.5195613291558724"
"QN22.26.009.14.2B.03","Epsy_ahp_delay_ratio_5spike","-0.388394755491307"
"QN22.26.009.14.2B.03","Epsy_postap_slope_hero","1.4133055497877474"
"QN22.26.009.14.2B.03","Epsy_trough_t_hero","-2.072567196548275"
"QN22.26.009.14.2B.03","Epsy_downstroke_adapt_ratio","1.0160585673178126"
"QN22.26.009.14.2B.03","Epsy_peak_v_adapt_ratio","0.5066151673199704"
"QN22.26.009.14.2B.03","Epsy_threshold_v_adapt_ratio","0.2037673628704223"
"QN22.26.009.14.2B.03","Epsy_upstroke_adapt_ratio","0.5067393781320447"
"QN22.26.009.14.2B.03","Epsy_width_adapt_ratio","-0.4343049295663335"
"QN22.26.009.14.2B.03","Epsy_threshold_v_short_square","-0.0584048841710385"
"QN22.26.009.14.2B.06","Epsy_width_rheo","-1.4780524522143186"
"QN22.26.009.14.2B.06","Epsy_fast_trough_v_rheo","-1.1947963527048628"
"QN22.26.009.14.2B.06","Epsy_peak_deltav_rheo","0.7938938868685728"
"QN22.26.009.14.2B.06","Epsy_peak_v_rheo","0.5089041396474088"
"QN22.26.009.14.2B.06","Epsy_postap_slope_rheo","0.8480859559430431"
"QN22.26.009.14.2B.06","Epsy_threshold_v_rheo","-0.7095600492306005"
"QN22.26.009.14.2B.06","Epsy_trough_t_rheo","-0.0207642681728304"
"QN22.26.009.14.2B.06","Epsy_trough_v_rheo","-0.4195565043296484"
"QN22.26.009.14.2B.06","Epsy_upstroke_downstroke_ratio_rheo","-0.1445231208383364"
"QN22.26.009.14.2B.06","Epsy_ahp_delay_5spike","0.653335746611098"
"QN22.26.009.14.2B.06","Epsy_ahp_delay_ratio_5spike","0.0851829728081585"
"QN22.26.009.14.2B.06","Epsy_postap_slope_hero","1.0134789532118358"
"QN22.26.009.14.2B.06","Epsy_trough_t_hero","0.0631906000972386"
"QN22.26.009.14.2B.06","Epsy_downstroke_adapt_ratio","0.8218148059372768"
"QN22.26.009.14.2B.06","Epsy_peak_v_adapt_ratio","-0.266792465798065"
"QN22.26.009.14.2B.06","Epsy_threshold_v_adapt_ratio","0.1527300953606287"
"QN22.26.009.14.2B.06","Epsy_upstroke_adapt_ratio","0.1450511258236899"
"QN22.26.009.14.2B.06","Epsy_width_adapt_ratio","-0.528939077299137"
"QN22.26.009.14.2B.06","Epsy_threshold_v_short_square","-1.8447324097094733"
"QN22.26.009.14.3B.03","Epsy_width_rheo","-0.5097617298210281"
"QN22.26.009.14.3B.03","Epsy_fast_trough_v_rheo","0.5410102068931066"
"QN22.26.009.14.3B.03","Epsy_peak_deltav_rheo","-0.2874019123228484"
"QN22.26.009.14.3B.03","Epsy_peak_v_rheo","0.1307117391985382"
"QN22.26.009.14.3B.03","Epsy_postap_slope_rheo","1.0385087274228797"
"QN22.26.009.14.3B.03","Epsy_threshold_v_rheo","0.7838739227239091"
"QN22.26.009.14.3B.03","Epsy_trough_t_rheo","0.3214939689266571"
"QN22.26.009.14.3B.03","Epsy_trough_v_rheo","0.968227747260089"
"QN22.26.009.14.3B.03","Epsy_upstroke_downstroke_ratio_rheo","-1.9220552851378587"
"QN22.26.009.14.3B.03","Epsy_ahp_delay_5spike","-2.415599536516749"
"QN22.26.009.14.3B.03","Epsy_ahp_delay_ratio_5spike","-3.2836581891302283"
"QN22.26.009.14.3B.03","Epsy_postap_slope_hero","1.624681558280564"
"QN22.26.009.14.3B.03","Epsy_trough_t_hero","1.0641844347119254"
"QN22.26.009.14.3B.03","Epsy_downstroke_adapt_ratio","0.5467692422860131"
"QN22.26.009.14.3B.03","Epsy_peak_v_adapt_ratio","0.9110237888504406"
"QN22.26.009.14.3B.03","Epsy_threshold_v_adapt_ratio","0.0576125014987566"
"QN22.26.009.14.3B.03","Epsy_upstroke_adapt_ratio","0.5249206468118132"
"QN22.26.009.14.3B.03","Epsy_width_adapt_ratio","-0.7610300902224508"
"QN22.26.009.14.3B.03","Epsy_threshold_v_short_square","0.7114867946513077"
"QN22.26.009.14.3B.05","Epsy_width_rheo","-0.7397098029022214"
"QN22.26.009.14.3B.05","Epsy_fast_trough_v_rheo","-0.1293072924050877"
"QN22.26.009.14.3B.05","Epsy_peak_deltav_rheo","0.1684115453767709"
"QN22.26.009.14.3B.05","Epsy_peak_v_rheo","0.2783723830855694"
"QN22.26.009.14.3B.05","Epsy_postap_slope_rheo","1.2504040233876448"
"QN22.26.009.14.3B.05","Epsy_threshold_v_rheo","0.3455565751579841"
"QN22.26.009.14.3B.05","Epsy_trough_t_rheo","-0.1993418571727522"
"QN22.26.009.14.3B.05","Epsy_trough_v_rheo","0.473810584116537"
"QN22.26.009.14.3B.05","Epsy_upstroke_downstroke_ratio_rheo","-1.0810767882989687"
"QN22.26.009.14.3B.05","Epsy_ahp_delay_5spike","-0.552126789760877"
"QN22.26.009.14.3B.05","Epsy_ahp_delay_ratio_5spike","-0.2136059322656369"
"QN22.26.009.14.3B.05","Epsy_postap_slope_hero","1.42827704353604"
"QN22.26.009.14.3B.05","Epsy_trough_t_hero","-0.3015307178093608"
"QN22.26.009.14.3B.05","Epsy_downstroke_adapt_ratio","0.5191862705834356"
"QN22.26.009.14.3B.05","Epsy_peak_v_adapt_ratio","0.7311418419105048"
"QN22.26.009.14.3B.05","Epsy_threshold_v_adapt_ratio","0.4069794999328441"
"QN22.26.009.14.3B.05","Epsy_upstroke_adapt_ratio","0.5383678170778569"
"QN22.26.009.14.3B.05","Epsy_width_adapt_ratio","-0.5793457920469037"
"QN22.26.009.14.3B.05","Epsy_threshold_v_short_square","0.3335043420716111"
"QN22.26.009.14.3B.07","Epsy_width_rheo","-2.454809113078876"
"QN22.26.009.14.3B.07","Epsy_fast_trough_v_rheo","0.1957332756694428"
"QN22.26.009.14.3B.07","Epsy_peak_deltav_rheo","0.3666227815822327"
"QN22.26.009.14.3B.07","Epsy_peak_v_rheo","0.6959059992881335"
"QN22.26.009.14.3B.07","Epsy_postap_slope_rheo","2.090284503889039"
"QN22.26.009.14.3B.07","Epsy_threshold_v_rheo","0.6620789573422683"
"QN22.26.009.14.3B.07","Epsy_trough_t_rheo","0.2887324380257985"
"QN22.26.009.14.3B.07","Epsy_trough_v_rheo","0.7074072245624063"
"QN22.26.009.14.3B.07","Epsy_upstroke_downstroke_ratio_rheo","-1.147313273619693"
"QN22.26.009.14.3B.07","Epsy_ahp_delay_5spike","-2.5157806976915493"
"QN22.26.009.14.3B.07","Epsy_ahp_delay_ratio_5spike","-2.382733385180955"
"QN22.26.009.14.3B.07","Epsy_postap_slope_hero","1.482202460932185"
"QN22.26.009.14.3B.07","Epsy_trough_t_hero","0.2222515766554846"
"QN22.26.009.14.3B.07","Epsy_downstroke_adapt_ratio","0.8780798090801567"
"QN22.26.009.14.3B.07","Epsy_peak_v_adapt_ratio","-0.0233925051158053"
"QN22.26.009.14.3B.07","Epsy_threshold_v_adapt_ratio","0.5949750334853405"
"QN22.26.009.14.3B.07","Epsy_upstroke_adapt_ratio","0.4718940915235676"
"QN22.26.009.14.3B.07","Epsy_width_adapt_ratio","-0.7677676830933952"
"QN22.26.009.14.3B.07","Epsy_threshold_v_short_square","0.5972711296206762"
"QN22.26.010.14.01.02","Epsy_width_rheo","1.09814515549104"
"QN22.26.010.14.01.02","Epsy_fast_trough_v_rheo","0.46690266015069"
"QN22.26.010.14.01.02","Epsy_peak_deltav_rheo","-0.5633481101789146"
"QN22.26.010.14.01.02","Epsy_peak_v_rheo","0.1026760279857242"
"QN22.26.010.14.01.02","Epsy_postap_slope_rheo","-0.6742887675150939"
"QN22.26.010.14.01.02","Epsy_threshold_v_rheo","1.0361406442486556"
"QN22.26.010.14.01.02","Epsy_trough_t_rheo","-1.6302919939311955"
"QN22.26.010.14.01.02","Epsy_trough_v_rheo","0.808249241623836"
"QN22.26.010.14.01.02","Epsy_upstroke_downstroke_ratio_rheo","0.5173931446459754"
"QN22.26.010.14.01.02","Epsy_ahp_delay_5spike","-0.5689545613729247"
"QN22.26.010.14.01.02","Epsy_ahp_delay_ratio_5spike","-0.0059219555368755"
"QN22.26.010.14.01.02","Epsy_postap_slope_hero","0.004198994795872"
"QN22.26.010.14.01.02","Epsy_trough_t_hero","-1.4559493320220864"
"QN22.26.010.14.01.02","Epsy_downstroke_adapt_ratio","-0.1315448143489248"
"QN22.26.010.14.01.02","Epsy_peak_v_adapt_ratio","-0.1547443272935287"
"QN22.26.010.14.01.02","Epsy_threshold_v_adapt_ratio","-0.3480345124722606"
"QN22.26.010.14.01.02","Epsy_upstroke_adapt_ratio","-0.3048220828633182"
"QN22.26.010.14.01.02","Epsy_width_adapt_ratio","0.5175283672916393"
"QN22.26.010.14.01.02","Epsy_threshold_v_short_square","0.6524683307271185"
"QN22.26.010.14.04.04","Epsy_width_rheo","0.7481422308356341"
"QN22.26.010.14.04.04","Epsy_fast_trough_v_rheo","0.3198370573471318"
"QN22.26.010.14.04.04","Epsy_peak_deltav_rheo","-0.8418858662544186"
"QN22.26.010.14.04.04","Epsy_peak_v_rheo","0.369907393495769"
"QN22.26.010.14.04.04","Epsy_postap_slope_rheo","-0.8351876768422366"
"QN22.26.010.14.04.04","Epsy_threshold_v_rheo","1.5286512157783625"
"QN22.26.010.14.04.04","Epsy_trough_t_rheo","-0.8796345992886897"
"QN22.26.010.14.04.04","Epsy_trough_v_rheo","0.5976566516248311"
"QN22.26.010.14.04.04","Epsy_upstroke_downstroke_ratio_rheo","0.2016151888483653"
"QN22.26.010.14.04.04","Epsy_ahp_delay_5spike","-0.4918488592906747"
"QN22.26.010.14.04.04","Epsy_ahp_delay_ratio_5spike","-1.024727638623768"
"QN22.26.010.14.04.04","Epsy_postap_slope_hero","0.1301154150996084"
"QN22.26.010.14.04.04","Epsy_trough_t_hero","-0.1741382457307492"
"QN22.26.010.14.04.04","Epsy_downstroke_adapt_ratio","-0.2004055189766423"
"QN22.26.010.14.04.04","Epsy_peak_v_adapt_ratio","-0.3459197526768901"
"QN22.26.010.14.04.04","Epsy_threshold_v_adapt_ratio","-0.8812362990678629"
"QN22.26.010.14.04.04","Epsy_upstroke_adapt_ratio","-0.369622890617393"
"QN22.26.010.14.04.04","Epsy_width_adapt_ratio","0.4460561442987683"
"QN22.26.010.14.04.04","Epsy_threshold_v_short_square","0.7394630723419973"
"QN22.26.010.14.04.05","Epsy_width_rheo","-0.3594550390670258"
"QN22.26.010.14.04.05","Epsy_fast_trough_v_rheo","-0.5890139720611702"
"QN22.26.010.14.04.05","Epsy_peak_deltav_rheo","-0.4407431907611089"
"QN22.26.010.14.04.05","Epsy_peak_v_rheo","-0.3235847871942034"
"QN22.26.010.14.04.05","Epsy_postap_slope_rheo","0.2559671611461918"
"QN22.26.010.14.04.05","Epsy_threshold_v_rheo","0.4311038197378536"
"QN22.26.010.14.04.05","Epsy_trough_t_rheo","-0.9147036662615348"
"QN22.26.010.14.04.05","Epsy_trough_v_rheo","0.1131835346109873"
"QN22.26.010.14.04.05","Epsy_upstroke_downstroke_ratio_rheo","-1.570601031833241"
"QN22.26.010.14.04.05","Epsy_ahp_delay_5spike","-0.6877667086361379"
"QN22.26.010.14.04.05","Epsy_ahp_delay_ratio_5spike","-0.8754014249801929"
"QN22.26.010.14.04.05","Epsy_postap_slope_hero","0.2197743252395817"
"QN22.26.010.14.04.05","Epsy_trough_t_hero","-0.3236551825448938"
"QN22.26.010.14.04.05","Epsy_downstroke_adapt_ratio","-0.1489779130735395"
"QN22.26.010.14.04.05","Epsy_peak_v_adapt_ratio","0.8349253688940271"
"QN22.26.010.14.04.05","Epsy_threshold_v_adapt_ratio","-0.2554054994619358"
"QN22.26.010.14.04.05","Epsy_upstroke_adapt_ratio","-0.0085130065275111"
"QN22.26.010.14.04.05","Epsy_width_adapt_ratio","-0.2357255088212936"
"QN22.26.010.14.04.05","Epsy_threshold_v_short_square","0.6069335779498248"
"QN22.26.010.14.51.01","Epsy_width_rheo","-1.4780524522143186"
"QN22.26.010.14.51.01","Epsy_fast_trough_v_rheo","0.5369574917612231"
"QN22.26.010.14.51.01","Epsy_peak_deltav_rheo","0.3879930106895677"
"QN22.26.010.14.51.01","Epsy_peak_v_rheo","0.8510064599884828"
"QN22.26.010.14.51.01","Epsy_postap_slope_rheo","0.7470563602627861"
"QN22.26.010.14.51.01","Epsy_threshold_v_rheo","0.870786464777723"
"QN22.26.010.14.51.01","Epsy_trough_t_rheo","0.6365202292374836"
"QN22.26.010.14.51.01","Epsy_trough_v_rheo","0.7322010284281785"
"QN22.26.010.14.51.01","Epsy_upstroke_downstroke_ratio_rheo","-1.3997389719369435"
"QN22.26.010.14.51.01","Epsy_ahp_delay_5spike","-0.0581933147909452"
"QN22.26.010.14.51.01","Epsy_ahp_delay_ratio_5spike","-0.0716481901057589"
"QN22.26.010.14.51.01","Epsy_postap_slope_hero","0.3244021010447142"
"QN22.26.010.14.51.01","Epsy_trough_t_hero","0.7391122833854661"
"QN22.26.010.14.51.01","Epsy_downstroke_adapt_ratio","0.8237981118518293"
"QN22.26.010.14.51.01","Epsy_peak_v_adapt_ratio","-1.4049135306756249"
"QN22.26.010.14.51.01","Epsy_threshold_v_adapt_ratio","-0.076996200042321"
"QN22.26.010.14.51.01","Epsy_upstroke_adapt_ratio","-0.319560527033913"
"QN22.26.010.14.51.01","Epsy_width_adapt_ratio","-1.0548659592332887"
"QN22.26.010.14.51.01","Epsy_threshold_v_short_square","0.5239307686472755"
"QN22.26.010.14.51.04","Epsy_width_rheo","-2.165705995584452"
"QN22.26.010.14.51.04","Epsy_fast_trough_v_rheo","-0.7275473684277797"
"QN22.26.010.14.51.04","Epsy_peak_deltav_rheo","-0.0263048956390675"
"QN22.26.010.14.51.04","Epsy_peak_v_rheo","0.1734356360357413"
"QN22.26.010.14.51.04","Epsy_postap_slope_rheo","0.8393015459115329"
"QN22.26.010.14.51.04","Epsy_threshold_v_rheo","0.500249875592844"
"QN22.26.010.14.51.04","Epsy_trough_t_rheo","-1.2687219255957165"
"QN22.26.010.14.51.04","Epsy_trough_v_rheo","0.0308980501382771"
"QN22.26.010.14.51.04","Epsy_upstroke_downstroke_ratio_rheo","-0.8039977065924538"
"QN22.26.010.14.51.04","Epsy_ahp_delay_5spike","-2.363089075924699"
"QN22.26.010.14.51.04","Epsy_ahp_delay_ratio_5spike","-2.58068386024886"
"QN22.26.010.14.51.04","Epsy_postap_slope_hero","0.9610191328745692"
"QN22.26.010.14.51.04","Epsy_trough_t_hero","-1.0043300916733655"
"QN22.26.010.14.51.04","Epsy_downstroke_adapt_ratio","1.00971176566412"
"QN22.26.010.14.51.04","Epsy_peak_v_adapt_ratio","-0.3142171343865805"
"QN22.26.010.14.51.04","Epsy_threshold_v_adapt_ratio","1.3380627481415064"
"QN22.26.010.14.51.04","Epsy_upstroke_adapt_ratio","-0.0661296119401647"
"QN22.26.010.14.51.04","Epsy_width_adapt_ratio","-0.7094073094344397"
"QN22.26.010.14.51.04","Epsy_threshold_v_short_square","0.1814592152546059"
"QN22.26.011.14.6B.01","Epsy_width_rheo","0.2868803091776449"
"QN22.26.011.14.6B.01","Epsy_fast_trough_v_rheo","-1.000863644616153"
"QN22.26.011.14.6B.01","Epsy_peak_deltav_rheo","-0.5011758659252274"
"QN22.26.011.14.6B.01","Epsy_peak_v_rheo","-0.2370531162001184"
"QN22.26.011.14.6B.01","Epsy_postap_slope_rheo","0.8263936170026552"
"QN22.26.011.14.6B.01","Epsy_threshold_v_rheo","0.6005510799884923"
"QN22.26.011.14.6B.01","Epsy_trough_t_rheo","-1.8403985733694077"
"QN22.26.011.14.6B.01","Epsy_trough_v_rheo","-0.1495490617103088"
"QN22.26.011.14.6B.01","Epsy_upstroke_downstroke_ratio_rheo","-1.245166578141183"
"QN22.26.011.14.6B.01","Epsy_ahp_delay_5spike","-2.02144470376302"
"QN22.26.011.14.6B.01","Epsy_ahp_delay_ratio_5spike","-1.6292540462500995"
"QN22.26.011.14.6B.01","Epsy_postap_slope_hero","0.9811814896538054"
"QN22.26.011.14.6B.01","Epsy_trough_t_hero","-0.8562947968888591"
"QN22.26.011.14.6B.01","Epsy_downstroke_adapt_ratio","-0.2259806651047092"
"QN22.26.011.14.6B.01","Epsy_peak_v_adapt_ratio","-1.7291259974427362"
"QN22.26.011.14.6B.01","Epsy_threshold_v_adapt_ratio","-1.4522022751334602"
"QN22.26.011.14.6B.01","Epsy_upstroke_adapt_ratio","-1.341997013935336"
"QN22.26.011.14.6B.01","Epsy_width_adapt_ratio","0.1735459226534729"
"QN22.26.011.14.6B.01","Epsy_threshold_v_short_square","-0.1307335763910218"
"QN22.26.014.14.4A.04","Epsy_width_rheo","0.1993044110160222"
"QN22.26.014.14.4A.04","Epsy_fast_trough_v_rheo","-0.8905659550219279"
"QN22.26.014.14.4A.04","Epsy_peak_deltav_rheo","0.521062817440554"
"QN22.26.014.14.4A.04","Epsy_peak_v_rheo","0.8395563660050025"
"QN22.26.014.14.4A.04","Epsy_postap_slope_rheo","0.9133875333849262"
"QN22.26.014.14.4A.04","Epsy_threshold_v_rheo","0.6331207094161448"
"QN22.26.014.14.4A.04","Epsy_trough_t_rheo","-0.6649515499769343"
"QN22.26.014.14.4A.04","Epsy_trough_v_rheo","-0.1334519819540658"
"QN22.26.014.14.4A.04","Epsy_upstroke_downstroke_ratio_rheo","0.3111822647163075"
"QN22.26.014.14.4A.04","Epsy_ahp_delay_5spike","-2.1961568434554803"
"QN22.26.014.14.4A.04","Epsy_ahp_delay_ratio_5spike","-2.183899614891067"
"QN22.26.014.14.4A.04","Epsy_postap_slope_hero","0.2777665073926977"
"QN22.26.014.14.4A.04","Epsy_trough_t_hero","-0.484608174797795"
"QN22.26.014.14.4A.04","Epsy_downstroke_adapt_ratio","0.2295694224615408"
"QN22.26.014.14.4A.04","Epsy_peak_v_adapt_ratio","-0.0583927926495745"
"QN22.26.014.14.4A.04","Epsy_threshold_v_adapt_ratio","-0.0899976068437626"
"QN22.26.014.14.4A.04","Epsy_upstroke_adapt_ratio","0.2835129237466759"
"QN22.26.014.14.4A.04","Epsy_width_adapt_ratio","-0.6825998429738522"
"QN22.26.014.14.4A.04","Epsy_threshold_v_short_square","0.1950660207204581"
"QN22.26.014.14.5B.03","Epsy_width_rheo","0.3082247194663254"
"QN22.26.014.14.5B.03","Epsy_fast_trough_v_rheo","-1.7409157528994823"
"QN22.26.014.14.5B.03","Epsy_peak_deltav_rheo","0.5713659735426104"
"QN22.26.014.14.5B.03","Epsy_peak_v_rheo","-0.4544254255224662"
"QN22.26.014.14.5B.03","Epsy_postap_slope_rheo","-0.1013108127932614"
"QN22.26.014.14.5B.03","Epsy_threshold_v_rheo","-2.5183790308322607"
"QN22.26.014.14.5B.03","Epsy_trough_t_rheo","0.5783125437487889"
"QN22.26.014.14.5B.03","Epsy_trough_v_rheo","-4.223455798006417"
"QN22.26.014.14.5B.03","Epsy_upstroke_downstroke_ratio_rheo","-0.2634571487023028"
"QN22.26.014.14.5B.03","Epsy_ahp_delay_5spike","0.8566851060951393"
"QN22.26.014.14.5B.03","Epsy_ahp_delay_ratio_5spike","0.9764825334778994"
"QN22.26.014.14.5B.03","Epsy_postap_slope_hero","0.4073230596706941"
"QN22.26.014.14.5B.03","Epsy_trough_t_hero","-0.8967059014834938"
"QN22.26.014.14.5B.03","Epsy_downstroke_adapt_ratio","-0.1130991781677809"
"QN22.26.014.14.5B.03","Epsy_peak_v_adapt_ratio","1.4029995212449542"
"QN22.26.014.14.5B.03","Epsy_threshold_v_adapt_ratio","0.2907363782838982"
"QN22.26.014.14.5B.03","Epsy_upstroke_adapt_ratio","0.6843540051573556"
"QN22.26.014.14.5B.03","Epsy_width_adapt_ratio","-0.3225862944194355"
"QN22.26.014.14.5B.03","Epsy_threshold_v_short_square","-1.2696266449172022"
"QN22.26.014.14.5B.05","Epsy_width_rheo","0.4319985524256805"
"QN22.26.014.14.5B.05","Epsy_fast_trough_v_rheo","-1.1772479935377669"
"QN22.26.014.14.5B.05","Epsy_peak_deltav_rheo","0.8632490789682471"
"QN22.26.014.14.5B.05","Epsy_peak_v_rheo","0.4693345035516422"
"QN22.26.014.14.5B.05","Epsy_postap_slope_rheo","-0.2133565941427278"
"QN22.26.014.14.5B.05","Epsy_threshold_v_rheo","-1.0758287988335995"
"QN22.26.014.14.5B.05","Epsy_trough_t_rheo","-1.1495980096607363"
"QN22.26.014.14.5B.05","Epsy_trough_v_rheo","-2.60207353863775"
"QN22.26.014.14.5B.05","Epsy_upstroke_downstroke_ratio_rheo","0.340953812531919"
"QN22.26.014.14.5B.05","Epsy_ahp_delay_5spike","0.3144590324707286"
"QN22.26.014.14.5B.05","Epsy_ahp_delay_ratio_5spike","0.4323375848620197"
"QN22.26.014.14.5B.05","Epsy_postap_slope_hero","-1.7217983900809577"
"QN22.26.014.14.5B.05","Epsy_trough_t_hero","-0.9109666927607786"
"QN22.26.014.14.5B.05","Epsy_downstroke_adapt_ratio","0.1311637053629427"
"QN22.26.014.14.5B.05","Epsy_peak_v_adapt_ratio","0.0659428666832797"
"QN22.26.014.14.5B.05","Epsy_threshold_v_adapt_ratio","-0.3885951524183847"
"QN22.26.014.14.5B.05","Epsy_upstroke_adapt_ratio","0.0661013163901244"
"QN22.26.014.14.5B.05","Epsy_width_adapt_ratio","0.2340056848801973"
"QN22.26.014.14.5B.05","Epsy_threshold_v_short_square","-0.7799513606995024"
"QN22.26.015.14.01B.01","Epsy_width_rheo","0.1768378768402947"
"QN22.26.015.14.01B.01","Epsy_fast_trough_v_rheo","0.3287613116617287"
"QN22.26.015.14.01B.01","Epsy_peak_deltav_rheo","0.6804367696885121"
"QN22.26.015.14.01B.01","Epsy_peak_v_rheo","0.5197862468213263"
"QN22.26.015.14.01B.01","Epsy_postap_slope_rheo","0.1726444921424216"
"QN22.26.015.14.01B.01","Epsy_threshold_v_rheo","-0.3321409215010431"
"QN22.26.015.14.01B.01","Epsy_trough_t_rheo","1.0114491181500664"
"QN22.26.015.14.01B.01","Epsy_trough_v_rheo","-0.3353898466619957"
"QN22.26.015.14.01B.01","Epsy_upstroke_downstroke_ratio_rheo","0.5899063193223834"
"QN22.26.015.14.01B.01","Epsy_ahp_delay_5spike","0.8541167655125131"
"QN22.26.015.14.01B.01","Epsy_ahp_delay_ratio_5spike","0.5319236786176668"
"QN22.26.015.14.01B.01","Epsy_postap_slope_hero","0.0999771370540963"
"QN22.26.015.14.01B.01","Epsy_trough_t_hero","1.0345551910864164"
"QN22.26.015.14.01B.01","Epsy_downstroke_adapt_ratio","0.773735914650674"
"QN22.26.015.14.01B.01","Epsy_peak_v_adapt_ratio","-0.0687585099653585"
"QN22.26.015.14.01B.01","Epsy_threshold_v_adapt_ratio","0.2519188981986096"
"QN22.26.015.14.01B.01","Epsy_upstroke_adapt_ratio","0.3900520412718325"
"QN22.26.015.14.01B.01","Epsy_width_adapt_ratio","-0.6748100508736112"
"QN22.26.015.14.01B.01","Epsy_threshold_v_short_square","-1.072435661485762"
"QN22.26.015.14.05B.01","Epsy_width_rheo","1.0386255623043956"
"QN22.26.015.14.05B.01","Epsy_fast_trough_v_rheo","0.5001432632701229"
"QN22.26.015.14.05B.01","Epsy_peak_deltav_rheo","-0.0122975078444165"
"QN22.26.015.14.05B.01","Epsy_peak_v_rheo","0.8962943234002085"
"QN22.26.015.14.05B.01","Epsy_postap_slope_rheo","0.4128846377048274"
"QN22.26.015.14.05B.01","Epsy_threshold_v_rheo","1.4313871839352843"
"QN22.26.015.14.05B.01","Epsy_trough_t_rheo","-1.8891057326269636"
"QN22.26.015.14.05B.01","Epsy_trough_v_rheo","0.942937272651394"
"QN22.26.015.14.05B.01","Epsy_upstroke_downstroke_ratio_rheo","0.2844964289683862"
"QN22.26.015.14.05B.01","Epsy_ahp_delay_5spike","-1.9812909085681727"
"QN22.26.015.14.05B.01","Epsy_ahp_delay_ratio_5spike","-1.1832965820560668"
"QN22.26.015.14.05B.01","Epsy_postap_slope_hero","0.7770519342774751"
"QN22.26.015.14.05B.01","Epsy_trough_t_hero","-1.32453885870063"
"QN22.26.015.14.05B.01","Epsy_downstroke_adapt_ratio","-0.1792940347890033"
"QN22.26.015.14.05B.01","Epsy_peak_v_adapt_ratio","-0.0075591842778464"
"QN22.26.015.14.05B.01","Epsy_threshold_v_adapt_ratio","-0.6660220382869011"
"QN22.26.015.14.05B.01","Epsy_upstroke_adapt_ratio","-0.1110981970191313"
"QN22.26.015.14.05B.01","Epsy_width_adapt_ratio","0.0768961496767104"
"QN22.26.015.14.05B.01","Epsy_threshold_v_short_square","0.8345143317650605"
"QN22.26.015.14.06B.04","Epsy_width_rheo","0.548993511780125"
"QN22.26.015.14.06B.04","Epsy_fast_trough_v_rheo","-0.0646488163658647"
"QN22.26.015.14.06B.04","Epsy_peak_deltav_rheo","-0.3006588029917945"
"QN22.26.015.14.06B.04","Epsy_peak_v_rheo","-0.5028523758153929"
"QN22.26.015.14.06B.04","Epsy_postap_slope_rheo","0.3976190275233894"
"QN22.26.015.14.06B.04","Epsy_threshold_v_rheo","0.0210898440946922"
"QN22.26.015.14.06B.04","Epsy_trough_t_rheo","-0.1786322112257638"
"QN22.26.015.14.06B.04","Epsy_trough_v_rheo","0.2464318984739888"
"QN22.26.015.14.06B.04","Epsy_upstroke_downstroke_ratio_rheo","-1.3675225071784225"
"QN22.26.015.14.06B.04","Epsy_ahp_delay_5spike","0.1324273907547431"
"QN22.26.015.14.06B.04","Epsy_ahp_delay_ratio_5spike","0.473064393215797"
"QN22.26.015.14.06B.04","Epsy_postap_slope_hero","0.1109371599857486"
"QN22.26.015.14.06B.04","Epsy_trough_t_hero","-0.0733373985467394"
"QN22.26.015.14.06B.04","Epsy_downstroke_adapt_ratio","-0.082899515809245"
"QN22.26.015.14.06B.04","Epsy_peak_v_adapt_ratio","1.5831522270755607"
"QN22.26.015.14.06B.04","Epsy_threshold_v_adapt_ratio","0.6396305007187042"
"QN22.26.015.14.06B.04","Epsy_upstroke_adapt_ratio","0.7211417458663044"
"QN22.26.015.14.06B.04","Epsy_width_adapt_ratio","-0.4685382008676981"
"QN22.26.015.14.06B.04","Epsy_threshold_v_short_square","0.6237789633967168"
"QN22.26.019.14.51B.03","Epsy_width_rheo","-0.4183151177005768"
"QN22.26.019.14.51B.03","Epsy_fast_trough_v_rheo","0.5771623558120771"
"QN22.26.019.14.51B.03","Epsy_peak_deltav_rheo","0.3092469826289655"
"QN22.26.019.14.51B.03","Epsy_peak_v_rheo","0.6406283450895226"
"QN22.26.019.14.51B.03","Epsy_postap_slope_rheo","-2.3114463455373486"
"QN22.26.019.14.51B.03","Epsy_threshold_v_rheo","0.6684698601580954"
"QN22.26.019.14.51B.03","Epsy_trough_t_rheo","1.5752544006048084"
"QN22.26.019.14.51B.03","Epsy_trough_v_rheo","0.5901296860058046"
"QN22.26.019.14.51B.03","Epsy_upstroke_downstroke_ratio_rheo","0.3382729161951887"
"QN22.26.019.14.51B.03","Epsy_ahp_delay_5spike","0.2529719751167052"
"QN22.26.019.14.51B.03","Epsy_ahp_delay_ratio_5spike","0.4130032423942733"
"QN22.26.019.14.51B.03","Epsy_postap_slope_hero","-1.0149535220768109"
"QN22.26.019.14.51B.03","Epsy_trough_t_hero","0.8925715853840485"
"QN22.26.019.14.51B.03","Epsy_downstroke_adapt_ratio","-0.1009734077497955"
"QN22.26.019.14.51B.03","Epsy_peak_v_adapt_ratio","-0.674428052822446"
"QN22.26.019.14.51B.03","Epsy_threshold_v_adapt_ratio","0.0795264267888376"
"QN22.26.019.14.51B.03","Epsy_upstroke_adapt_ratio","0.057864199477244"
"QN22.26.019.14.51B.03","Epsy_width_adapt_ratio","-0.4343049295685953"
"QN22.26.019.14.51B.03","Epsy_threshold_v_short_square","0.4007076623470192"
"QN22.26.019.14.52B.03","Epsy_width_rheo","-1.4780524522143186"
"QN22.26.019.14.52B.03","Epsy_fast_trough_v_rheo","0.9234247677846242"
"QN22.26.019.14.52B.03","Epsy_peak_deltav_rheo","-0.3490691709201282"
"QN22.26.019.14.52B.03","Epsy_peak_v_rheo","-0.1364298580610136"
"QN22.26.019.14.52B.03","Epsy_postap_slope_rheo","-0.0042497033965666"
"QN22.26.019.14.52B.03","Epsy_threshold_v_rheo","0.5374896105517136"
"QN22.26.019.14.52B.03","Epsy_trough_t_rheo","1.213491109002233"
"QN22.26.019.14.52B.03","Epsy_trough_v_rheo","0.7038413648245821"
"QN22.26.019.14.52B.03","Epsy_upstroke_downstroke_ratio_rheo","-1.803501675357468"
"QN22.26.019.14.52B.03","Epsy_ahp_delay_5spike","0.3024217783205043"
"QN22.26.019.14.52B.03","Epsy_ahp_delay_ratio_5spike","0.5137308302362089"
"QN22.26.019.14.52B.03","Epsy_postap_slope_hero","-0.9581658766993792"
"QN22.26.019.14.52B.03","Epsy_trough_t_hero","1.1119699035426194"
"QN22.26.019.14.52B.03","Epsy_downstroke_adapt_ratio","0.3188814337348218"
"QN22.26.019.14.52B.03","Epsy_peak_v_adapt_ratio","-1.846036542007245"
"QN22.26.019.14.52B.03","Epsy_threshold_v_adapt_ratio","0.5493323502729703"
"QN22.26.019.14.52B.03","Epsy_upstroke_adapt_ratio","-0.594952004371817"
"QN22.26.019.14.52B.03","Epsy_width_adapt_ratio","-0.7597678350553283"
"QN22.26.019.14.52B.03","Epsy_threshold_v_short_square","0.0986795953599945"
"QN22.26.020.14.07B.01","Epsy_width_rheo","-0.8102255717289897"
"QN22.26.020.14.07B.01","Epsy_fast_trough_v_rheo","0.0991444387684325"
"QN22.26.020.14.07B.01","Epsy_peak_deltav_rheo","0.9662352776018868"
"QN22.26.020.14.07B.01","Epsy_peak_v_rheo","1.1521420835081158"
"QN22.26.020.14.07B.01","Epsy_postap_slope_rheo","0.7888833182506404"
"QN22.26.020.14.07B.01","Epsy_threshold_v_rheo","0.2942848165337"
"QN22.26.020.14.07B.01","Epsy_trough_t_rheo","-0.4519903927060026"
"QN22.26.020.14.07B.01","Epsy_trough_v_rheo","0.4976021286621648"
"QN22.26.020.14.07B.01","Epsy_upstroke_downstroke_ratio_rheo","0.8668189460313457"
"QN22.26.020.14.07B.01","Epsy_ahp_delay_5spike","0.065840997950594"
"QN22.26.020.14.07B.01","Epsy_ahp_delay_ratio_5spike","0.0194481220632354"
"QN22.26.020.14.07B.01","Epsy_postap_slope_hero","0.7004392090264059"
"QN22.26.020.14.07B.01","Epsy_trough_t_hero","-0.3763771883832282"
"QN22.26.020.14.07B.01","Epsy_downstroke_adapt_ratio","0.7906888644185259"
"QN22.26.020.14.07B.01","Epsy_peak_v_adapt_ratio","0.110739760187496"
"QN22.26.020.14.07B.01","Epsy_threshold_v_adapt_ratio","0.6453145279022832"
"QN22.26.020.14.07B.01","Epsy_upstroke_adapt_ratio","0.6661933139597326"
"QN22.26.020.14.07B.01","Epsy_width_adapt_ratio","-0.3643352474827405"
"QN22.26.020.14.07B.01","Epsy_threshold_v_short_square","-0.0671809358537693"
"QN22.26.020.14.08B.02","Epsy_width_rheo","0.1993044110160222"
"QN22.26.020.14.08B.02","Epsy_fast_trough_v_rheo","-0.5033662025464043"
"QN22.26.020.14.08B.02","Epsy_peak_deltav_rheo","0.7205801441162857"
"QN22.26.020.14.08B.02","Epsy_peak_v_rheo","0.4715494757639755"
"QN22.26.020.14.08B.02","Epsy_postap_slope_rheo","0.9458583594356642"
"QN22.26.020.14.08B.02","Epsy_threshold_v_rheo","-0.5600604917374009"
"QN22.26.020.14.08B.02","Epsy_trough_t_rheo","0.954536111912026"
"QN22.26.020.14.08B.02","Epsy_trough_v_rheo","-0.1334519819540658"
"QN22.26.020.14.08B.02","Epsy_upstroke_downstroke_ratio_rheo","0.5515339653718732"
"QN22.26.020.14.08B.02","Epsy_ahp_delay_5spike","0.533343022419451"
"QN22.26.020.14.08B.02","Epsy_ahp_delay_ratio_5spike","0.1215352231168057"
"QN22.26.020.14.08B.02","Epsy_postap_slope_hero","0.7232173346405156"
"QN22.26.020.14.08B.02","Epsy_trough_t_hero","0.7795936148566555"
"QN22.26.020.14.08B.02","Epsy_downstroke_adapt_ratio","0.7469976513175158"
"QN22.26.020.14.08B.02","Epsy_peak_v_adapt_ratio","-0.048792620440821"
"QN22.26.020.14.08B.02","Epsy_threshold_v_adapt_ratio","0.5582786146732126"
"QN22.26.020.14.08B.02","Epsy_upstroke_adapt_ratio","0.4835055854737373"
"QN22.26.020.14.08B.02","Epsy_width_adapt_ratio","-0.6951146255313937"
"QN22.26.020.14.08B.02","Epsy_threshold_v_short_square","-0.5841833774193592"
"QN22.26.020.14.08B.03","Epsy_width_rheo","0.1993044110160222"
"QN22.26.020.14.08B.03","Epsy_fast_trough_v_rheo","0.3945797830153352"
"QN22.26.020.14.08B.03","Epsy_peak_deltav_rheo","0.8034836351276574"
"QN22.26.020.14.08B.03","Epsy_peak_v_rheo","0.8299744924129628"
"QN22.26.020.14.08B.03","Epsy_postap_slope_rheo","-0.0323137841689986"
"QN22.26.020.14.08B.03","Epsy_threshold_v_rheo","0.0086960463122306"
"QN22.26.020.14.08B.03","Epsy_trough_t_rheo","0.4680434504943417"
"QN22.26.020.14.08B.03","Epsy_trough_v_rheo","0.2553133433204066"
"QN22.26.020.14.08B.03","Epsy_upstroke_downstroke_ratio_rheo","0.6649737266117877"
"QN22.26.020.14.08B.03","Epsy_ahp_delay_5spike","0.6099304462251222"
"QN22.26.020.14.08B.03","Epsy_ahp_delay_ratio_5spike","0.4352273697726883"
"QN22.26.020.14.08B.03","Epsy_postap_slope_hero","0.6672563586577486"
"QN22.26.020.14.08B.03","Epsy_trough_t_hero","0.1711470177650681"
"QN22.26.020.14.08B.03","Epsy_downstroke_adapt_ratio","0.8377090675955575"
"QN22.26.020.14.08B.03","Epsy_peak_v_adapt_ratio","-0.0279659196846145"
"QN22.26.020.14.08B.03","Epsy_threshold_v_adapt_ratio","0.4688197140767767"
"QN22.26.020.14.08B.03","Epsy_upstroke_adapt_ratio","0.4807861139286799"
"QN22.26.020.14.08B.03","Epsy_width_adapt_ratio","-0.4938932869332877"
"QN22.26.020.14.08B.03","Epsy_threshold_v_short_square","0.2862053485072539"
"QN22.26.020.14.08B.05","Epsy_width_rheo","0.6778532850392719"
"QN22.26.020.14.08B.05","Epsy_fast_trough_v_rheo","0.4075145244071582"
"QN22.26.020.14.08B.05","Epsy_peak_deltav_rheo","-0.1917517123769636"
"QN22.26.020.14.08B.05","Epsy_peak_v_rheo","-0.4037763605436976"
"QN22.26.020.14.08B.05","Epsy_postap_slope_rheo","0.0304544964641163"
"QN22.26.020.14.08B.05","Epsy_threshold_v_rheo","-0.02465434509592"
"QN22.26.020.14.08B.05","Epsy_trough_t_rheo","-1.701131247998396"
"QN22.26.020.14.08B.05","Epsy_trough_v_rheo","0.8184066344906588"
"QN22.26.020.14.08B.05","Epsy_upstroke_downstroke_ratio_rheo","-0.487763048325155"
"QN22.26.020.14.08B.05","Epsy_ahp_delay_5spike","0.2842180855680028"
"QN22.26.020.14.08B.05","Epsy_ahp_delay_ratio_5spike","-0.1067957453789795"
"QN22.26.020.14.08B.05","Epsy_postap_slope_hero","0.2282058821706585"
"QN22.26.020.14.08B.05","Epsy_trough_t_hero","-1.0078093116775635"
"QN22.26.020.14.08B.05","Epsy_downstroke_adapt_ratio","-0.0554801012430348"
"QN22.26.020.14.08B.05","Epsy_peak_v_adapt_ratio","0.5416892236418734"
"QN22.26.020.14.08B.05","Epsy_threshold_v_adapt_ratio","-0.273069669162479"
"QN22.26.020.14.08B.05","Epsy_upstroke_adapt_ratio","0.0148602335120875"
"QN22.26.020.14.08B.05","Epsy_width_adapt_ratio","-0.0351054656658948"
"QN22.26.020.14.08B.05","Epsy_threshold_v_short_square","0.1760015323805098"
"QN22.26.021.14.06B.03","Epsy_width_rheo","-1.1181538882027684"
"QN22.26.021.14.06B.03","Epsy_fast_trough_v_rheo","-0.5957403259849526"
"QN22.26.021.14.06B.03","Epsy_peak_deltav_rheo","0.3976378361717996"
"QN22.26.021.14.06B.03","Epsy_peak_v_rheo","0.40197143552077"
"QN22.26.021.14.06B.03","Epsy_postap_slope_rheo","1.176395590939319"
"QN22.26.021.14.06B.03","Epsy_threshold_v_rheo","0.1181140948816595"
"QN22.26.021.14.06B.03","Epsy_trough_t_rheo","0.3082880712171904"
"QN22.26.021.14.06B.03","Epsy_trough_v_rheo","0.1367767280702417"
"QN22.26.021.14.06B.03","Epsy_upstroke_downstroke_ratio_rheo","-0.6149074903744217"
"QN22.26.021.14.06B.03","Epsy_ahp_delay_5spike","-0.2925492141322197"
"QN22.26.021.14.06B.03","Epsy_ahp_delay_ratio_5spike","-1.2009789836222773"
"QN22.26.021.14.06B.03","Epsy_postap_slope_hero","1.4697596145867426"
"QN22.26.021.14.06B.03","Epsy_trough_t_hero","-0.7110931551995773"
"QN22.26.021.14.06B.03","Epsy_downstroke_adapt_ratio","0.959327836878222"
"QN22.26.021.14.06B.03","Epsy_peak_v_adapt_ratio","0.4200293686453173"
"QN22.26.021.14.06B.03","Epsy_threshold_v_adapt_ratio","0.0352506902341392"
"QN22.26.021.14.06B.03","Epsy_upstroke_adapt_ratio","0.3078877087501243"
"QN22.26.021.14.06B.03","Epsy_width_adapt_ratio","-0.3245704083944055"
"QN22.26.021.14.06B.03","Epsy_threshold_v_short_square","-0.2878667103681493"
"QN22.26.028.14.05.05","Epsy_width_rheo","0.6778532850396287"
"QN22.26.028.14.05.05","Epsy_fast_trough_v_rheo","0.4585146340867713"
"QN22.26.028.14.05.05","Epsy_peak_deltav_rheo","0.465833785434062"
"QN22.26.028.14.05.05","Epsy_peak_v_rheo","0.977263637643326"
"QN22.26.028.14.05.05","Epsy_postap_slope_rheo","-0.2266733666589765"
"QN22.26.028.14.05.05","Epsy_threshold_v_rheo","0.9491068774772417"
"QN22.26.028.14.05.05","Epsy_trough_t_rheo","-0.6345971071821265"
"QN22.26.028.14.05.05","Epsy_trough_v_rheo","0.5863552415692017"
"QN22.26.028.14.05.05","Epsy_upstroke_downstroke_ratio_rheo","-0.2250460057619625"
"QN22.26.028.14.05.05","Epsy_ahp_delay_5spike","-0.3846008616876071"
"QN22.26.028.14.05.05","Epsy_ahp_delay_ratio_5spike","-0.0282016402526837"
"QN22.26.028.14.05.05","Epsy_postap_slope_hero","-1.6168170708150331"
"QN22.26.028.14.05.05","Epsy_trough_t_hero","-0.5898309072991951"
"QN22.26.028.14.05.05","Epsy_downstroke_adapt_ratio","0.6859889258592989"
"QN22.26.028.14.05.05","Epsy_peak_v_adapt_ratio","0.1250257504718062"
"QN22.26.028.14.05.05","Epsy_threshold_v_adapt_ratio","0.4604837567251089"
"QN22.26.028.14.05.05","Epsy_upstroke_adapt_ratio","0.42230755410366"
"QN22.26.028.14.05.05","Epsy_width_adapt_ratio","-0.3937367582323522"
"QN22.26.028.14.05.05","Epsy_threshold_v_short_square","0.5729957084726418"
"QN22.26.028.14.06.05","Epsy_width_rheo","0.2868803091772151"
"QN22.26.028.14.06.05","Epsy_fast_trough_v_rheo","0.1187992491478348"
"QN22.26.028.14.06.05","Epsy_peak_deltav_rheo","-0.6460097324019911"
"QN22.26.028.14.06.05","Epsy_peak_v_rheo","-0.8147717556402644"
"QN22.26.028.14.06.05","Epsy_postap_slope_rheo","0.0187558037824371"
"QN22.26.028.14.06.05","Epsy_threshold_v_rheo","0.1418006515525847"
"QN22.26.028.14.06.05","Epsy_trough_t_rheo","0.71816212885485"
"QN22.26.028.14.06.05","Epsy_trough_v_rheo","-0.0963710392488969"
"QN22.26.028.14.06.05","Epsy_upstroke_downstroke_ratio_rheo","-0.9978531081507732"
"QN22.26.028.14.06.05","Epsy_ahp_delay_5spike","0.6049432424753968"
"QN22.26.028.14.06.05","Epsy_ahp_delay_ratio_5spike","0.4443934403190521"
"QN22.26.028.14.06.05","Epsy_postap_slope_hero","0.0174407150974232"
"QN22.26.028.14.06.05","Epsy_trough_t_hero","1.0209134514463838"
"QN22.26.028.14.06.05","Epsy_downstroke_adapt_ratio","0.1988618673909527"
"QN22.26.028.14.06.05","Epsy_peak_v_adapt_ratio","0.8847381612713213"
"QN22.26.028.14.06.05","Epsy_threshold_v_adapt_ratio","0.4971857434566206"
"QN22.26.028.14.06.05","Epsy_upstroke_adapt_ratio","0.6659116759471483"
"QN22.26.028.14.06.05","Epsy_width_adapt_ratio","-0.7047274637429802"
"QN22.26.028.14.06.05","Epsy_threshold_v_short_square","0.2489663717120066"
"QN22.26.028.14.51.01","Epsy_width_rheo","-0.1920195916281581"
"QN22.26.028.14.51.01","Epsy_fast_trough_v_rheo","1.1931029155206572"
"QN22.26.028.14.51.01","Epsy_peak_deltav_rheo","-0.5996961960354181"
"QN22.26.028.14.51.01","Epsy_peak_v_rheo","0.2974220591739471"
"QN22.26.028.14.51.01","Epsy_postap_slope_rheo","0.1888822834056353"
"QN22.26.028.14.51.01","Epsy_threshold_v_rheo","1.2755937620902535"
"QN22.26.028.14.51.01","Epsy_trough_t_rheo","0.8250961068761634"
"QN22.26.028.14.51.01","Epsy_trough_v_rheo","1.0753847282372175"
"QN22.26.028.14.51.01","Epsy_upstroke_downstroke_ratio_rheo","-1.135203372563439"
"QN22.26.028.14.51.01","Epsy_ahp_delay_5spike","0.0361775730588214"
"QN22.26.028.14.51.01","Epsy_ahp_delay_ratio_5spike","0.4317258647419995"
"QN22.26.028.14.51.01","Epsy_postap_slope_hero","-0.1858021728840467"
"QN22.26.028.14.51.01","Epsy_trough_t_hero","0.6348393990637198"
"QN22.26.028.14.51.01","Epsy_downstroke_adapt_ratio","-0.1585826108489989"
"QN22.26.028.14.51.01","Epsy_peak_v_adapt_ratio","-1.0888798988761004"
"QN22.26.028.14.51.01","Epsy_threshold_v_adapt_ratio","0.1306178402446742"
"QN22.26.028.14.51.01","Epsy_upstroke_adapt_ratio","-0.0938800314140032"
"QN22.26.028.14.51.01","Epsy_width_adapt_ratio","-0.8441826047796192"
"QN22.26.028.14.51.01","Epsy_threshold_v_short_square","0.6974132665281477"
"QN22.26.036.14.01B.06","Epsy_width_rheo","0.1079851929989145"
"QN22.26.036.14.01B.06","Epsy_fast_trough_v_rheo","0.2051663456190738"
"QN22.26.036.14.01B.06","Epsy_peak_deltav_rheo","0.4991401417178153"
"QN22.26.036.14.01B.06","Epsy_peak_v_rheo","0.369907393495769"
"QN22.26.036.14.01B.06","Epsy_postap_slope_rheo","1.3919160526647305"
"QN22.26.036.14.01B.06","Epsy_threshold_v_rheo","-0.1670638533899644"
"QN22.26.036.14.01B.06","Epsy_trough_t_rheo","0.5656271123247048"
"QN22.26.036.14.01B.06","Epsy_trough_v_rheo","0.0748670541309606"
"QN22.26.036.14.01B.06","Epsy_upstroke_downstroke_ratio_rheo","0.2958334314478073"
"QN22.26.036.14.01B.06","Epsy_ahp_delay_5spike","0.2200774758457028"
"QN22.26.036.14.01B.06","Epsy_ahp_delay_ratio_5spike","0.5155652795302211"
"QN22.26.036.14.01B.06","Epsy_postap_slope_hero","1.055288543645584"
"QN22.26.036.14.01B.06","Epsy_trough_t_hero","-0.4776687217984705"
"QN22.26.036.14.01B.06","Epsy_downstroke_adapt_ratio","0.2254878742247227"
"QN22.26.036.14.01B.06","Epsy_peak_v_adapt_ratio","0.5384905176553672"
"QN22.26.036.14.01B.06","Epsy_threshold_v_adapt_ratio","0.6852239782686347"
"QN22.26.036.14.01B.06","Epsy_upstroke_adapt_ratio","0.5603474163611487"
"QN22.26.036.14.01B.06","Epsy_width_adapt_ratio","-0.2989238842445035"
"QN22.26.036.14.01B.06","Epsy_threshold_v_short_square","-0.1411904638944981"
"QN22.26.036.14.02B.05","Epsy_width_rheo","-0.0872675070868507"
"QN22.26.036.14.02B.05","Epsy_fast_trough_v_rheo","0.0593082126786043"
"QN22.26.036.14.02B.05","Epsy_peak_deltav_rheo","-0.2044323874201442"
"QN22.26.036.14.02B.05","Epsy_peak_v_rheo","-0.5028523758153929"
"QN22.26.036.14.02B.05","Epsy_postap_slope_rheo","-0.4689561041811251"
"QN22.26.036.14.02B.05","Epsy_threshold_v_rheo","-0.1361795239049874"
"QN22.26.036.14.02B.05","Epsy_trough_t_rheo","0.5413198600197192"
"QN22.26.036.14.02B.05","Epsy_trough_v_rheo","-0.3770465641099723"
"QN22.26.036.14.02B.05","Epsy_upstroke_downstroke_ratio_rheo","-0.6217213826165559"
"QN22.26.036.14.02B.05","Epsy_ahp_delay_5spike","0.2514626801044101"
"QN22.26.036.14.02B.05","Epsy_ahp_delay_ratio_5spike","0.0945734557336423"
"QN22.26.036.14.02B.05","Epsy_postap_slope_hero","0.1664872207879806"
"QN22.26.036.14.02B.05","Epsy_trough_t_hero","0.2797057566821081"
"QN22.26.036.14.02B.05","Epsy_downstroke_adapt_ratio","0.2771594962941793"
"QN22.26.036.14.02B.05","Epsy_peak_v_adapt_ratio","0.5434241597389223"
"QN22.26.036.14.02B.05","Epsy_threshold_v_adapt_ratio","0.2516587986376906"
"QN22.26.036.14.02B.05","Epsy_upstroke_adapt_ratio","0.3445618044968075"
"QN22.26.036.14.02B.05","Epsy_width_adapt_ratio","-0.0781627355729814"
"QN22.26.036.14.02B.05","Epsy_threshold_v_short_square","0.0678258438819751"
"QN22.26.036.14.03B.04","Epsy_width_rheo","-1.1181538882027684"
"QN22.26.036.14.03B.04","Epsy_fast_trough_v_rheo","0.6516129923342697"
"QN22.26.036.14.03B.04","Epsy_peak_deltav_rheo","0.4546161134939534"
"QN22.26.036.14.03B.04","Epsy_peak_v_rheo","0.6959059992881335"
"QN22.26.036.14.03B.04","Epsy_postap_slope_rheo","0.1299467193352698"
"QN22.26.036.14.03B.04","Epsy_threshold_v_rheo","0.5104603156035952"
"QN22.26.036.14.03B.04","Epsy_trough_t_rheo","0.1962792508277836"
"QN22.26.036.14.03B.04","Epsy_trough_v_rheo","0.9807578738939976"
"QN22.26.036.14.03B.04","Epsy_upstroke_downstroke_ratio_rheo","-1.1852348417450236"
"QN22.26.036.14.03B.04","Epsy_ahp_delay_5spike","0.5999343194943861"
"QN22.26.036.14.03B.04","Epsy_ahp_delay_ratio_5spike","0.5387903292279616"
"QN22.26.036.14.03B.04","Epsy_postap_slope_hero","0.3089636363159658"
"QN22.26.036.14.03B.04","Epsy_trough_t_hero","0.7893995675678721"
"QN22.26.036.14.03B.04","Epsy_downstroke_adapt_ratio","0.6736921960654437"
"QN22.26.036.14.03B.04","Epsy_peak_v_adapt_ratio","-0.2199940261630857"
"QN22.26.036.14.03B.04","Epsy_threshold_v_adapt_ratio","0.7881654373337261"
"QN22.26.036.14.03B.04","Epsy_upstroke_adapt_ratio","0.3202878572834098"
"QN22.26.036.14.03B.04","Epsy_width_adapt_ratio","-0.7815125295215036"
"QN22.26.036.14.03B.04","Epsy_threshold_v_short_square","0.5313345853374017"
"QN22.26.036.14.04B.01","Epsy_width_rheo","0.605173286275551"
"QN22.26.036.14.04B.01","Epsy_fast_trough_v_rheo","0.4203742694605686"
"QN22.26.036.14.04B.01","Epsy_peak_deltav_rheo","0.1229938533382867"
"QN22.26.036.14.04B.01","Epsy_peak_v_rheo","0.390566904031058"
"QN22.26.036.14.04B.01","Epsy_postap_slope_rheo","1.1356591281687896"
"QN22.26.036.14.04B.01","Epsy_threshold_v_rheo","0.5841077671237184"
"QN22.26.036.14.04B.01","Epsy_trough_t_rheo","-1.542027587182888"
"QN22.26.036.14.04B.01","Epsy_trough_v_rheo","0.8914113871952583"
"QN22.26.036.14.04B.01","Epsy_upstroke_downstroke_ratio_rheo","-0.0660498479786526"
"QN22.26.036.14.04B.01","Epsy_ahp_delay_5spike","-0.3084120286530899"
"QN22.26.036.14.04B.01","Epsy_ahp_delay_ratio_5spike","-0.1270633651870946"
"QN22.26.036.14.04B.01","Epsy_postap_slope_hero","-0.5999317848655198"
"QN22.26.036.14.04B.01","Epsy_trough_t_hero","-0.5128315519260372"
"QN22.26.036.14.04B.01","Epsy_downstroke_adapt_ratio","0.4234346271419278"
"QN22.26.036.14.04B.01","Epsy_peak_v_adapt_ratio","0.5218673227590056"
"QN22.26.036.14.04B.01","Epsy_threshold_v_adapt_ratio","-0.4756366543015551"
"QN22.26.036.14.04B.01","Epsy_upstroke_adapt_ratio","0.0587175130274903"
"QN22.26.036.14.04B.01","Epsy_width_adapt_ratio","-0.3937367582314524"
"QN22.26.036.14.04B.01","Epsy_threshold_v_short_square","0.2596471148412439"
"QN22.26.036.14.04B.03","Epsy_width_rheo","0.5299338132645872"
"QN22.26.036.14.04B.03","Epsy_fast_trough_v_rheo","0.1671932362144897"
"QN22.26.036.14.04B.03","Epsy_peak_deltav_rheo","-0.649132114161713"
"QN22.26.036.14.04B.03","Epsy_peak_v_rheo","-0.6127879725187173"
"QN22.26.036.14.04B.03","Epsy_postap_slope_rheo","1.005761857594788"
"QN22.26.036.14.04B.03","Epsy_threshold_v_rheo","0.3600163521738086"
"QN22.26.036.14.04B.03","Epsy_trough_t_rheo","0.0820745877112368"
"QN22.26.036.14.04B.03","Epsy_trough_v_rheo","0.6966898860038231"
"QN22.26.036.14.04B.03","Epsy_upstroke_downstroke_ratio_rheo","-2.0367814309942114"
"QN22.26.036.14.04B.03","Epsy_ahp_delay_5spike","-2.249707371608616"
"QN22.26.036.14.04B.03","Epsy_ahp_delay_ratio_5spike","-2.307445889352614"
"QN22.26.036.14.04B.03","Epsy_postap_slope_hero","1.069601383789314"
"QN22.26.036.14.04B.03","Epsy_trough_t_hero","0.708107636527923"
"QN22.26.036.14.04B.03","Epsy_downstroke_adapt_ratio","0.1203397337353074"
"QN22.26.036.14.04B.03","Epsy_peak_v_adapt_ratio","1.1385820232562436"
"QN22.26.036.14.04B.03","Epsy_threshold_v_adapt_ratio","0.4341648029917019"
"QN22.26.036.14.04B.03","Epsy_upstroke_adapt_ratio","0.6194773477606382"
"QN22.26.036.14.04B.03","Epsy_width_adapt_ratio","-0.3937367582314524"
"QN22.26.036.14.04B.03","Epsy_threshold_v_short_square","0.6357618488961322"
"QN22.26.036.14.04B.06","Epsy_width_rheo","-0.6714470032952203"
"QN22.26.036.14.04B.06","Epsy_fast_trough_v_rheo","0.8006821980125223"
"QN22.26.036.14.04B.06","Epsy_peak_deltav_rheo","0.5678110844894235"
"QN22.26.036.14.04B.06","Epsy_peak_v_rheo","0.9971053812128274"
"QN22.26.036.14.04B.06","Epsy_postap_slope_rheo","-0.2713636709059347"
"QN22.26.036.14.04B.06","Epsy_threshold_v_rheo","0.8171931934608632"
"QN22.26.036.14.04B.06","Epsy_trough_t_rheo","0.2917096302241863"
"QN22.26.036.14.04B.06","Epsy_trough_v_rheo","0.8914113871952583"
"QN22.26.036.14.04B.06","Epsy_upstroke_downstroke_ratio_rheo","0.8146121770759749"
"QN22.26.036.14.04B.06","Epsy_ahp_delay_5spike","0.1537929134087017"
"QN22.26.036.14.04B.06","Epsy_ahp_delay_ratio_5spike","-0.2530590377813477"
"QN22.26.036.14.04B.06","Epsy_postap_slope_hero","0.2067849464098522"
"QN22.26.036.14.04B.06","Epsy_trough_t_hero","1.0590925215706417"
"QN22.26.036.14.04B.06","Epsy_downstroke_adapt_ratio","0.6943583280270361"
"QN22.26.036.14.04B.06","Epsy_peak_v_adapt_ratio","-0.1218233715415849"
"QN22.26.036.14.04B.06","Epsy_threshold_v_adapt_ratio","0.5183062969060989"
"QN22.26.036.14.04B.06","Epsy_upstroke_adapt_ratio","0.571685101913169"
"QN22.26.036.14.04B.06","Epsy_width_adapt_ratio","-0.3829462050757323"
"QN22.26.036.14.04B.06","Epsy_threshold_v_short_square","0.6189743270614363"
"QN22.26.036.14.04B.08","Epsy_width_rheo","0.1993044110160222"
"QN22.26.036.14.04B.08","Epsy_fast_trough_v_rheo","0.5851167242314654"
"QN22.26.036.14.04B.08","Epsy_peak_deltav_rheo","-0.9148684784436484"
"QN22.26.036.14.04B.08","Epsy_peak_v_rheo","-0.7672585035481362"
"QN22.26.036.14.04B.08","Epsy_postap_slope_rheo","1.2036654253785737"
"QN22.26.036.14.04B.08","Epsy_threshold_v_rheo","0.4865705995098421"
"QN22.26.036.14.04B.08","Epsy_trough_t_rheo","1.2814159127298137"
"QN22.26.036.14.04B.08","Epsy_trough_v_rheo","0.9205522338568826"
"QN22.26.036.14.04B.08","Epsy_upstroke_downstroke_ratio_rheo","-1.442246014443154"
"QN22.26.036.14.04B.08","Epsy_ahp_delay_5spike","-2.2630736445053534"
"QN22.26.036.14.04B.08","Epsy_ahp_delay_ratio_5spike","-2.0781384163689083"
"QN22.26.036.14.04B.08","Epsy_postap_slope_hero","0.4027713585586738"
"QN22.26.036.14.04B.08","Epsy_trough_t_hero","1.0499320315346248"
"QN22.26.036.14.04B.08","Epsy_downstroke_adapt_ratio","0.0363687540088726"
"QN22.26.036.14.04B.08","Epsy_peak_v_adapt_ratio","1.0872523081789258"
"QN22.26.036.14.04B.08","Epsy_threshold_v_adapt_ratio","0.3205428252709988"
"QN22.26.036.14.04B.08","Epsy_upstroke_adapt_ratio","0.5670456777241125"
"QN22.26.036.14.04B.08","Epsy_width_adapt_ratio","-0.520490941550115"
"QN22.26.036.14.04B.08","Epsy_threshold_v_short_square","1.4394857470959554"
"QN22.26.036.14.06A.02","Epsy_width_rheo","-2.454809113078876"
"QN22.26.036.14.06A.02","Epsy_fast_trough_v_rheo","0.8222081701648581"
"QN22.26.036.14.06A.02","Epsy_peak_deltav_rheo","0.2911261404955665"
"QN22.26.036.14.06A.02","Epsy_peak_v_rheo","0.6999530359359414"
"QN22.26.036.14.06A.02","Epsy_postap_slope_rheo","1.9344536025747097"
"QN22.26.036.14.06A.02","Epsy_threshold_v_rheo","0.7869214722463603"
"QN22.26.036.14.06A.02","Epsy_trough_t_rheo","-1.1599783466397529"
"QN22.26.036.14.06A.02","Epsy_trough_v_rheo","0.949288478450312"
"QN22.26.036.14.06A.02","Epsy_upstroke_downstroke_ratio_rheo","-0.0708833047036877"
"QN22.26.036.14.06A.02","Epsy_ahp_delay_5spike","-0.2721302531354332"
"QN22.26.036.14.06A.02","Epsy_ahp_delay_ratio_5spike","0.12127904464035"
"QN22.26.036.14.06A.02","Epsy_postap_slope_hero","2.360522737841939"
"QN22.26.036.14.06A.02","Epsy_trough_t_hero","-0.5167281330160134"
"QN22.26.036.14.06A.02","Epsy_downstroke_adapt_ratio","0.2531863158881527"
"QN22.26.036.14.06A.02","Epsy_peak_v_adapt_ratio","-0.353707856455999"
"QN22.26.036.14.06A.02","Epsy_threshold_v_adapt_ratio","-0.378132672323023"
"QN22.26.036.14.06A.02","Epsy_upstroke_adapt_ratio","-0.193008355649291"
"QN22.26.036.14.06A.02","Epsy_width_adapt_ratio","-0.2072722432162639"
"QN22.26.036.14.06A.02","Epsy_threshold_v_short_square","0.2113244650041614"
"QN22.26.036.14.07B.02","Epsy_width_rheo","-1.2905347662741748"
"QN22.26.036.14.07B.02","Epsy_fast_trough_v_rheo","1.333743094574728"
"QN22.26.036.14.07B.02","Epsy_peak_deltav_rheo","-0.0641082797580364"
"QN22.26.036.14.07B.02","Epsy_peak_v_rheo","0.9444538888524112"
"QN22.26.036.14.07B.02","Epsy_postap_slope_rheo","0.5404785960189921"
"QN22.26.036.14.07B.02","Epsy_threshold_v_rheo","1.542245981458179"
"QN22.26.036.14.07B.02","Epsy_trough_t_rheo","-1.4779130054894354"
"QN22.26.036.14.07B.02","Epsy_trough_v_rheo","1.5929065842919754"
"QN22.26.036.14.07B.02","Epsy_upstroke_downstroke_ratio_rheo","0.5108523757789858"
"QN22.26.036.14.07B.02","Epsy_ahp_delay_5spike","-0.7084566546335381"
"QN22.26.036.14.07B.02","Epsy_ahp_delay_ratio_5spike","-2.092196387712263"
"QN22.26.036.14.07B.02","Epsy_postap_slope_hero","0.9103046783178848"
"QN22.26.036.14.07B.02","Epsy_trough_t_hero","-0.4722484581685451"
"QN22.26.036.14.07B.02","Epsy_downstroke_adapt_ratio","1.2890605091902074"
"QN22.26.036.14.07B.02","Epsy_peak_v_adapt_ratio","0.212525135846174"
"QN22.26.036.14.07B.02","Epsy_threshold_v_adapt_ratio","0.2758189355567439"
"QN22.26.036.14.07B.02","Epsy_upstroke_adapt_ratio","0.4826522313198996"
"QN22.26.036.14.07B.02","Epsy_width_adapt_ratio","-0.7708931644414291"
"QN22.26.036.14.07B.02","Epsy_threshold_v_short_square","1.1444770907655373"
"QN22.26.036.14.07B.04","Epsy_width_rheo","-1.9110978099769569"
"QN22.26.036.14.07B.04","Epsy_fast_trough_v_rheo","0.4458732340031333"
"QN22.26.036.14.07B.04","Epsy_peak_deltav_rheo","-0.3847199019359854"
"QN22.26.036.14.07B.04","Epsy_peak_v_rheo","0.0743243418434005"
"QN22.26.036.14.07B.04","Epsy_postap_slope_rheo","2.2020534050548823"
"QN22.26.036.14.07B.04","Epsy_threshold_v_rheo","0.8262045687143262"
"QN22.26.036.14.07B.04","Epsy_trough_t_rheo","1.3190411589655533"
"QN22.26.036.14.07B.04","Epsy_trough_v_rheo","0.9044132797840804"
"QN22.26.036.14.07B.04","Epsy_upstroke_downstroke_ratio_rheo","-1.1263131698921895"
"QN22.26.036.14.07B.04","Epsy_ahp_delay_5spike","-2.614069577974258"
"QN22.26.036.14.07B.04","Epsy_ahp_delay_ratio_5spike","-2.4939110147726624"
"QN22.26.036.14.07B.04","Epsy_postap_slope_hero","2.239814098160451"
"QN22.26.036.14.07B.04","Epsy_trough_t_hero","0.8505006933145014"
"QN22.26.036.14.07B.04","Epsy_downstroke_adapt_ratio","0.3412060341838485"
"QN22.26.036.14.07B.04","Epsy_peak_v_adapt_ratio","0.0630985058337918"
"QN22.26.036.14.07B.04","Epsy_threshold_v_adapt_ratio","0.7206094024015541"
"QN22.26.036.14.07B.04","Epsy_upstroke_adapt_ratio","0.585141712488274"
"QN22.26.036.14.07B.04","Epsy_width_adapt_ratio","-0.9837762360127364"
"QN22.26.036.14.07B.04","Epsy_threshold_v_short_square","1.2482981819371122"
"QN22.26.036.14.51B.01","Epsy_width_rheo","0.1993044110160222"
"QN22.26.036.14.51B.01","Epsy_fast_trough_v_rheo","0.7011599702388241"
"QN22.26.036.14.51B.01","Epsy_peak_deltav_rheo","-1.0050975801883182"
"QN22.26.036.14.51B.01","Epsy_peak_v_rheo","0.0139915219300092"
"QN22.26.036.14.51B.01","Epsy_postap_slope_rheo","-0.5196563506138011"
"QN22.26.036.14.51B.01","Epsy_threshold_v_rheo","1.295600534663464"
"QN22.26.036.14.51B.01","Epsy_trough_t_rheo","1.2569633256749295"
"QN22.26.036.14.51B.01","Epsy_trough_v_rheo","0.8352258389127232"
"QN22.26.036.14.51B.01","Epsy_upstroke_downstroke_ratio_rheo","-1.0314028086382454"
"QN22.26.036.14.51B.01","Epsy_ahp_delay_5spike","0.1789988564870025"
"QN22.26.036.14.51B.01","Epsy_ahp_delay_ratio_5spike","0.1085963773366021"
"QN22.26.036.14.51B.01","Epsy_postap_slope_hero","-0.4833982391000573"
"QN22.26.036.14.51B.01","Epsy_trough_t_hero","1.3441193459103986"
"QN22.26.036.14.51B.01","Epsy_downstroke_adapt_ratio","0.3754632651134708"
"QN22.26.036.14.51B.01","Epsy_peak_v_adapt_ratio","0.5815754325966435"
"QN22.26.036.14.51B.01","Epsy_threshold_v_adapt_ratio","1.168290215925766"
"QN22.26.036.14.51B.01","Epsy_upstroke_adapt_ratio","1.1720064996743806"
"QN22.26.036.14.51B.01","Epsy_width_adapt_ratio","-1.05374591809779"
"QN22.26.036.14.51B.01","Epsy_threshold_v_short_square","1.6368735476736538"
"QN23.26.001.14.15B.02","Epsy_width_rheo","0.1993044110160222"
"QN23.26.001.14.15B.02","Epsy_fast_trough_v_rheo","0.4752598125418608"
"QN23.26.001.14.15B.02","Epsy_peak_deltav_rheo","-1.2840477358681404"
"QN23.26.001.14.15B.02","Epsy_peak_v_rheo","-0.8972787832328463"
"QN23.26.001.14.15B.02","Epsy_postap_slope_rheo","0.2678711763266036"
"QN23.26.001.14.15B.02","Epsy_threshold_v_rheo","0.687544782929027"
"QN23.26.001.14.15B.02","Epsy_trough_t_rheo","-1.6183383437818424"
"QN23.26.001.14.15B.02","Epsy_trough_v_rheo","0.8783278616095905"
"QN23.26.001.14.15B.02","Epsy_upstroke_downstroke_ratio_rheo","-0.9942729871199512"
"QN23.26.001.14.15B.02","Epsy_ahp_delay_5spike","-2.2497073716086824"
"QN23.26.001.14.15B.02","Epsy_ahp_delay_ratio_5spike","-1.940360757960219"
"QN23.26.001.14.15B.02","Epsy_postap_slope_hero","-0.1968945653978341"
"QN23.26.001.14.15B.02","Epsy_trough_t_hero","-1.3953065700284142"
"QN23.26.001.14.15B.02","Epsy_downstroke_adapt_ratio","0.458769750361135"
"QN23.26.001.14.15B.02","Epsy_peak_v_adapt_ratio","1.5988694268791095"
"QN23.26.001.14.15B.02","Epsy_threshold_v_adapt_ratio","0.2864006227488708"
"QN23.26.001.14.15B.02","Epsy_upstroke_adapt_ratio","0.7341055875726822"
"QN23.26.001.14.15B.02","Epsy_width_adapt_ratio","-0.8728291541564325"
"QN23.26.001.14.15B.02","Epsy_threshold_v_short_square","0.9182223108629302"
"QN23.26.003.14.02A.02","Epsy_width_rheo","1.00823227007898"
"QN23.26.003.14.02A.02","Epsy_fast_trough_v_rheo","0.6400212862074405"
"QN23.26.003.14.02A.02","Epsy_peak_deltav_rheo","-1.046025195145938"
"QN23.26.003.14.02A.02","Epsy_peak_v_rheo","-1.3106750312202111"
"QN23.26.003.14.02A.02","Epsy_postap_slope_rheo","-0.9195769698077696"
"QN23.26.003.14.02A.02","Epsy_threshold_v_rheo","0.1220776801691627"
"QN23.26.003.14.02A.02","Epsy_trough_t_rheo","1.3773101257446343"
"QN23.26.003.14.02A.02","Epsy_trough_v_rheo","0.6200768167260718"
"QN23.26.003.14.02A.02","Epsy_upstroke_downstroke_ratio_rheo","-1.0784177883614725"
"QN23.26.003.14.02A.02","Epsy_ahp_delay_5spike","1.0319189964834177"
"QN23.26.003.14.02A.02","Epsy_ahp_delay_ratio_5spike","0.8759336019668338"
"QN23.26.003.14.02A.02","Epsy_postap_slope_hero","0.2203077619242134"
"QN23.26.003.14.02A.02","Epsy_trough_t_hero","1.5355883764951868"
"QN23.26.003.14.02A.02","Epsy_downstroke_adapt_ratio","-0.5324973938447377"
"QN23.26.003.14.02A.02","Epsy_peak_v_adapt_ratio","1.6303471496449602"
"QN23.26.003.14.02A.02","Epsy_threshold_v_adapt_ratio","0.0534317913640522"
"QN23.26.003.14.02A.02","Epsy_upstroke_adapt_ratio","0.5251926458114646"
"QN23.26.003.14.02A.02","Epsy_width_adapt_ratio","-0.1957994458400826"
"QN23.26.003.14.02A.02","Epsy_threshold_v_short_square","0.536262210572772"
"QN23.26.003.14.10B.01","Epsy_width_rheo","0.3710077303086298"
"QN23.26.003.14.10B.01","Epsy_fast_trough_v_rheo","-0.4459386710379642"
"QN23.26.003.14.10B.01","Epsy_peak_deltav_rheo","-3.3276336558467805"
"QN23.26.003.14.10B.01","Epsy_peak_v_rheo","-8.1213497242663"
"QN23.26.003.14.10B.01","Epsy_postap_slope_rheo","-0.1299406884729508"
"QN23.26.003.14.10B.01","Epsy_threshold_v_rheo","-0.5445534420433437"
"QN23.26.003.14.10B.01","Epsy_trough_t_rheo","-2.622603533567564"
"QN23.26.003.14.10B.01","Epsy_trough_v_rheo","0.201444990027234"
"QN23.26.003.14.10B.01","Epsy_upstroke_downstroke_ratio_rheo","-2.1429135422397216"
"QN23.26.003.14.10B.01","Epsy_ahp_delay_5spike","-1.0550429533007304"
"QN23.26.003.14.10B.01","Epsy_ahp_delay_ratio_5spike","-0.1312689026596651"
"QN23.26.003.14.10B.01","Epsy_postap_slope_hero","0.2342158862190594"
"QN23.26.003.14.10B.01","Epsy_trough_t_hero","-2.080476291486756"
"QN23.26.003.14.10B.01","Epsy_downstroke_adapt_ratio","-0.6922528231178102"
"QN23.26.003.14.10B.01","Epsy_peak_v_adapt_ratio","2.641155817354046"
"QN23.26.003.14.10B.01","Epsy_threshold_v_adapt_ratio","0.1329817957999189"
"QN23.26.003.14.10B.01","Epsy_upstroke_adapt_ratio","0.1792638412317862"
"QN23.26.003.14.10B.01","Epsy_width_adapt_ratio","0.4393422632425072"
"QN23.26.003.14.10B.01","Epsy_threshold_v_short_square","-0.0759792184053461"
"QN23.26.008.14.05A.01","Epsy_width_rheo","-0.3021729819894235"
"QN23.26.008.14.05A.01","Epsy_fast_trough_v_rheo","-0.5359201544566987"
"QN23.26.008.14.05A.01","Epsy_peak_deltav_rheo","-0.5128810816389384"
"QN23.26.008.14.05A.01","Epsy_peak_v_rheo","-0.3235847871942034"
"QN23.26.008.14.05A.01","Epsy_postap_slope_rheo","-0.1833141430765549"
"QN23.26.008.14.05A.01","Epsy_threshold_v_rheo","0.517245157132368"
"QN23.26.008.14.05A.01","Epsy_trough_t_rheo","-0.3422602467748052"
"QN23.26.008.14.05A.01","Epsy_trough_v_rheo","0.1785796284994227"
"QN23.26.008.14.05A.01","Epsy_upstroke_downstroke_ratio_rheo","-1.2812677401128232"
"QN23.26.008.14.05A.01","Epsy_ahp_delay_5spike","-1.9682118998043336"
"QN23.26.008.14.05A.01","Epsy_ahp_delay_ratio_5spike","-1.6000503015190932"
"QN23.26.008.14.05A.01","Epsy_postap_slope_hero","0.2392245367644092"
"QN23.26.008.14.05A.01","Epsy_trough_t_hero","-0.1441879842319655"
"QN23.26.008.14.05A.01","Epsy_downstroke_adapt_ratio","0.7865326735788265"
"QN23.26.008.14.05A.01","Epsy_peak_v_adapt_ratio","0.8350610332641435"
"QN23.26.008.14.05A.01","Epsy_threshold_v_adapt_ratio","0.4667791429615184"
"QN23.26.008.14.05A.01","Epsy_upstroke_adapt_ratio","0.580379227507097"
"QN23.26.008.14.05A.01","Epsy_width_adapt_ratio","-0.629274332256306"
"QN23.26.008.14.05A.01","Epsy_threshold_v_short_square","-0.2137540083213892"
"QN23.26.010.14.02A.02","Epsy_width_rheo","-0.3021729819882934"
"QN23.26.010.14.02A.02","Epsy_fast_trough_v_rheo","0.2563479198337512"
"QN23.26.010.14.02A.02","Epsy_peak_deltav_rheo","-0.0006939935111075"
"QN23.26.010.14.02A.02","Epsy_peak_v_rheo","0.0377721459337801"
"QN23.26.010.14.02A.02","Epsy_postap_slope_rheo","0.2007447366488689"
"QN23.26.010.14.02A.02","Epsy_threshold_v_rheo","0.2719899294511361"
"QN23.26.010.14.02A.02","Epsy_trough_t_rheo","1.340207693391176"
"QN23.26.010.14.02A.02","Epsy_trough_v_rheo","0.3250279023612836"
"QN23.26.010.14.02A.02","Epsy_upstroke_downstroke_ratio_rheo","-0.7712669220223538"
"QN23.26.010.14.02A.02","Epsy_ahp_delay_5spike","0.8678960717489529"
"QN23.26.010.14.02A.02","Epsy_ahp_delay_ratio_5spike","0.6635700511745749"
"QN23.26.010.14.02A.02","Epsy_postap_slope_hero","0.6606096554007029"
"QN23.26.010.14.02A.02","Epsy_trough_t_hero","0.904254456054823"
"QN23.26.010.14.02A.02","Epsy_downstroke_adapt_ratio","0.7364970085913444"
"QN23.26.010.14.02A.02","Epsy_peak_v_adapt_ratio","0.9306580729793108"
"QN23.26.010.14.02A.02","Epsy_threshold_v_adapt_ratio","0.3872172734995649"
"QN23.26.010.14.02A.02","Epsy_upstroke_adapt_ratio","0.5520896619215229"
"QN23.26.010.14.02A.02","Epsy_width_adapt_ratio","-0.4500796519722975"
"QN23.26.010.14.02A.02","Epsy_threshold_v_short_square","1.0374566483623089"
"QN23.26.010.14.02A.04","Epsy_width_rheo","0.2868803091772151"
"QN23.26.010.14.02A.04","Epsy_fast_trough_v_rheo","1.0137073245850243"
"QN23.26.010.14.02A.04","Epsy_peak_deltav_rheo","-0.8972660853519983"
"QN23.26.010.14.02A.04","Epsy_peak_v_rheo","-0.8896653884186988"
"QN23.26.010.14.02A.04","Epsy_postap_slope_rheo","-0.3946438155355482"
"QN23.26.010.14.02A.04","Epsy_threshold_v_rheo","0.3527965672536414"
"QN23.26.010.14.02A.04","Epsy_trough_t_rheo","1.5692591190143923"
"QN23.26.010.14.02A.04","Epsy_trough_v_rheo","0.7497311353319801"
"QN23.26.010.14.02A.04","Epsy_upstroke_downstroke_ratio_rheo","-1.3013038519215037"
"QN23.26.010.14.02A.04","Epsy_ahp_delay_5spike","0.912528471429633"
"QN23.26.010.14.02A.04","Epsy_ahp_delay_ratio_5spike","0.671109085150915"
"QN23.26.010.14.02A.04","Epsy_postap_slope_hero","0.9212650806441892"
"QN23.26.010.14.02A.04","Epsy_trough_t_hero","1.1565015454137269"
"QN23.26.010.14.02A.04","Epsy_downstroke_adapt_ratio","-0.3805203526762596"
"QN23.26.010.14.02A.04","Epsy_peak_v_adapt_ratio","0.7295136388123936"
"QN23.26.010.14.02A.04","Epsy_threshold_v_adapt_ratio","0.6094567527752629"
"QN23.26.010.14.02A.04","Epsy_upstroke_adapt_ratio","0.6200336260781076"
"QN23.26.010.14.02A.04","Epsy_width_adapt_ratio","-0.7140057105887367"
"QN23.26.010.14.02A.04","Epsy_threshold_v_short_square","1.3936283446300577"
"QN23.26.016.14.04A.01","Epsy_width_rheo","-0.8102255717297051"
"QN23.26.016.14.04A.01","Epsy_fast_trough_v_rheo","0.4331598798102276"
"QN23.26.016.14.04A.01","Epsy_peak_deltav_rheo","-1.5947582040861106"
"QN23.26.016.14.04A.01","Epsy_peak_v_rheo","-0.1704782104819104"
"QN23.26.016.14.04A.01","Epsy_postap_slope_rheo","-1.1779021015579278"
"QN23.26.016.14.04A.01","Epsy_threshold_v_rheo","1.4712071316813424"
"QN23.26.016.14.04A.01","Epsy_trough_t_rheo","-0.7028103000623855"
"QN23.26.016.14.04A.01","Epsy_trough_v_rheo","0.6126300251198706"
"QN23.26.016.14.04A.01","Epsy_upstroke_downstroke_ratio_rheo","-1.2658213519718946"
"QN23.26.016.14.04A.01","Epsy_ahp_delay_5spike","-0.9821517433675118"
"QN23.26.016.14.04A.01","Epsy_ahp_delay_ratio_5spike","-1.2048898478004528"
"QN23.26.016.14.04A.01","Epsy_postap_slope_hero","-1.5149840733560187"
"QN23.26.016.14.04A.01","Epsy_trough_t_hero","-0.5735315071051326"
"QN23.26.016.14.04A.01","Epsy_downstroke_adapt_ratio","-1.3830003044211612"
"QN23.26.016.14.04A.01","Epsy_peak_v_adapt_ratio","-2.2016281102765607"
"QN23.26.016.14.04A.01","Epsy_threshold_v_adapt_ratio","-0.9893272469851114"
"QN23.26.016.14.04A.01","Epsy_upstroke_adapt_ratio","-1.6920904079767956"
"QN23.26.016.14.04A.01","Epsy_width_adapt_ratio","1.049106888219039"
"QN23.26.016.14.04A.01","Epsy_threshold_v_short_square","1.6170910593943226"
"QN23.26.016.14.07B.01","Epsy_width_rheo","0.8821421575550075"
"QN23.26.016.14.07B.01","Epsy_fast_trough_v_rheo","1.5137117784474303"
"QN23.26.016.14.07B.01","Epsy_peak_deltav_rheo","0.2585309043798355"
"QN23.26.016.14.07B.01","Epsy_peak_v_rheo","0.3951346381073865"
"QN23.26.016.14.07B.01","Epsy_postap_slope_rheo","-0.5299196739338968"
"QN23.26.016.14.07B.01","Epsy_threshold_v_rheo","0.3708075679630058"
"QN23.26.016.14.07B.01","Epsy_trough_t_rheo","0.7715685781902277"
"QN23.26.016.14.07B.01","Epsy_trough_v_rheo","0.8717544106403659"
"QN23.26.016.14.07B.01","Epsy_upstroke_downstroke_ratio_rheo","0.4565565286174073"
"QN23.26.016.14.07B.01","Epsy_ahp_delay_5spike","0.8019754999605084"
"QN23.26.016.14.07B.01","Epsy_ahp_delay_ratio_5spike","0.8862572291934276"
"QN23.26.016.14.07B.01","Epsy_postap_slope_hero","-1.5022343790623838"
"QN23.26.016.14.07B.01","Epsy_trough_t_hero","0.342818232910277"
"QN23.26.016.14.07B.01","Epsy_downstroke_adapt_ratio","-1.206025953933529"
"QN23.26.016.14.07B.01","Epsy_peak_v_adapt_ratio","-1.6346126726442514"
"QN23.26.016.14.07B.01","Epsy_threshold_v_adapt_ratio","0.1693343607442152"
"QN23.26.016.14.07B.01","Epsy_upstroke_adapt_ratio","-1.0357151468005146"
"QN23.26.016.14.07B.01","Epsy_width_adapt_ratio","1.067084706355388"
"QN23.26.016.14.07B.01","Epsy_threshold_v_short_square","-0.1203080765358121"
"QN23.26.019.14.04A.04","Epsy_width_rheo","-0.8102255717289897"
"QN23.26.019.14.04A.04","Epsy_fast_trough_v_rheo","-2.1468783404121936"
"QN23.26.019.14.04A.04","Epsy_peak_deltav_rheo","0.7156026764233967"
"QN23.26.019.14.04A.04","Epsy_peak_v_rheo","-0.3084514251930383"
"QN23.26.019.14.04A.04","Epsy_postap_slope_rheo","0.5940332566023315"
"QN23.26.019.14.04A.04","Epsy_threshold_v_rheo","-2.9725980874958817"
"QN23.26.019.14.04A.04","Epsy_trough_t_rheo","-0.3671027494821026"
"QN23.26.019.14.04A.04","Epsy_trough_v_rheo","-1.5286207182617588"
"QN23.26.019.14.04A.04","Epsy_upstroke_downstroke_ratio_rheo","0.1527447906962917"
"QN23.26.019.14.04A.04","Epsy_ahp_delay_5spike","0.798695489673164"
"QN23.26.019.14.04A.04","Epsy_ahp_delay_ratio_5spike","0.7879276587945989"
"QN23.26.019.14.04A.04","Epsy_postap_slope_hero","-0.0527400057156606"
"QN23.26.019.14.04A.04","Epsy_trough_t_hero","-1.1119829027037322"
"QN23.26.019.14.04A.04","Epsy_downstroke_adapt_ratio","-0.050214276193368"
"QN23.26.019.14.04A.04","Epsy_peak_v_adapt_ratio","0.2019225485727484"
"QN23.26.019.14.04A.04","Epsy_threshold_v_adapt_ratio","0.3911406072572381"
"QN23.26.019.14.04A.04","Epsy_upstroke_adapt_ratio","0.4246623391895569"
"QN23.26.019.14.04A.04","Epsy_width_adapt_ratio","-0.5757242920103017"
"QN23.26.019.14.04A.04","Epsy_threshold_v_short_square","-0.941904320294648"
"QN24.26.005.14v.03.01A.01","Epsy_width_rheo","-0.1920195916265478"
"QN24.26.005.14v.03.01A.01","Epsy_fast_trough_v_rheo","-0.4084578742176381"
"QN24.26.005.14v.03.01A.01","Epsy_peak_deltav_rheo","0.0832891503482017"
"QN24.26.005.14v.03.01A.01","Epsy_peak_v_rheo","-0.2606284497336179"
"QN24.26.005.14v.03.01A.01","Epsy_postap_slope_rheo","1.403645745531712"
"QN24.26.005.14v.03.01A.01","Epsy_threshold_v_rheo","-0.3321409215010431"
"QN24.26.005.14v.03.01A.01","Epsy_trough_t_rheo","0.4863083856663802"
"QN24.26.005.14v.03.01A.01","Epsy_trough_v_rheo","0.2641563741424462"
"QN24.26.005.14v.03.01A.01","Epsy_upstroke_downstroke_ratio_rheo","-0.9847331071149656"
"QN24.26.005.14v.03.01A.01","Epsy_ahp_delay_5spike","-2.1914100144597497"
"QN24.26.005.14v.03.01A.01","Epsy_ahp_delay_ratio_5spike","-2.3500062738596164"
"QN24.26.005.14v.03.01A.01","Epsy_postap_slope_hero","0.8816578435551623"
"QN24.26.005.14v.03.01A.01","Epsy_trough_t_hero","0.1757142627846529"
"QN24.26.005.14v.03.01A.01","Epsy_downstroke_adapt_ratio","0.7580997191683272"
"QN24.26.005.14v.03.01A.01","Epsy_peak_v_adapt_ratio","0.2682646693167476"
"QN24.26.005.14v.03.01A.01","Epsy_threshold_v_adapt_ratio","0.1194877561440584"
"QN24.26.005.14v.03.01A.01","Epsy_upstroke_adapt_ratio","0.0765973869038305"
"QN24.26.005.14v.03.01A.01","Epsy_width_adapt_ratio","-0.6748100508756391"
"QN24.26.005.14v.03.01A.01","Epsy_threshold_v_short_square","-0.2629864758950218"
"QN24.26.005.14v.03.01A.04","Epsy_width_rheo","-0.3021729819882934"
"QN24.26.005.14v.03.01A.04","Epsy_fast_trough_v_rheo","-0.4396480313795895"
"QN24.26.005.14v.03.01A.04","Epsy_peak_deltav_rheo","-0.3517910633095103"
"QN24.26.005.14v.03.01A.04","Epsy_peak_v_rheo","-0.770881709058863"
"QN24.26.005.14v.03.01A.04","Epsy_postap_slope_rheo","0.8169607391841669"
"QN24.26.005.14v.03.01A.04","Epsy_threshold_v_rheo","-0.2345424827842615"
"QN24.26.005.14v.03.01A.04","Epsy_trough_t_rheo","1.4787073790403134"
"QN24.26.005.14v.03.01A.04","Epsy_trough_v_rheo","0.0308980501382771"
"QN24.26.005.14v.03.01A.04","Epsy_upstroke_downstroke_ratio_rheo","-1.899738026086797"
"QN24.26.005.14v.03.01A.04","Epsy_ahp_delay_5spike","0.6049432424753968"
"QN24.26.005.14v.03.01A.04","Epsy_ahp_delay_ratio_5spike","0.6771386990073083"
"QN24.26.005.14v.03.01A.04","Epsy_postap_slope_hero","0.5763822477296928"
"QN24.26.005.14v.03.01A.04","Epsy_trough_t_hero","0.4189581427556598"
"QN24.26.005.14v.03.01A.04","Epsy_downstroke_adapt_ratio","0.3267070842478092"
"QN24.26.005.14v.03.01A.04","Epsy_peak_v_adapt_ratio","0.5240008765144036"
"QN24.26.005.14v.03.01A.04","Epsy_threshold_v_adapt_ratio","0.4708995420612226"
"QN24.26.005.14v.03.01A.04","Epsy_upstroke_adapt_ratio","0.568406556927246"
"QN24.26.005.14v.03.01A.04","Epsy_width_adapt_ratio","-0.8363045276818504"
"QN24.26.005.14v.03.01A.04","Epsy_threshold_v_short_square","0.0706424270563963"
"QN24.26.008.14v.04.01A.04","Epsy_width_rheo","0.5299338132649696"
"QN24.26.008.14v.04.01A.04","Epsy_fast_trough_v_rheo","0.4416440013818372"
"QN24.26.008.14v.04.01A.04","Epsy_peak_deltav_rheo","0.391856160078507"
"QN24.26.008.14v.04.01A.04","Epsy_peak_v_rheo","0.4847969363916353"
"QN24.26.008.14v.04.01A.04","Epsy_postap_slope_rheo","0.1083351636095495"
"QN24.26.008.14v.04.01A.04","Epsy_threshold_v_rheo","0.2719899294511361"
"QN24.26.008.14v.04.01A.04","Epsy_trough_t_rheo","0.2731446002909019"
"QN24.26.008.14v.04.01A.04","Epsy_trough_v_rheo","0.3966178104841149"
"QN24.26.008.14v.04.01A.04","Epsy_upstroke_downstroke_ratio_rheo","1.252903024113864"
"QN24.26.008.14v.04.01A.04","Epsy_ahp_delay_5spike","0.1925904836256436"
"QN24.26.008.14v.04.01A.04","Epsy_ahp_delay_ratio_5spike","0.6975305053142028"
"QN24.26.008.14v.04.01A.04","Epsy_postap_slope_hero","-0.1457134066350093"
"QN24.26.008.14v.04.01A.04","Epsy_trough_t_hero","-0.2734392264855358"
"QN24.26.008.14v.04.01A.04","Epsy_downstroke_adapt_ratio","-0.0522893461080637"
"QN24.26.008.14v.04.01A.04","Epsy_peak_v_adapt_ratio","-0.3000416004732947"
"QN24.26.008.14v.04.01A.04","Epsy_threshold_v_adapt_ratio","0.2720120409065588"
"QN24.26.008.14v.04.01A.04","Epsy_upstroke_adapt_ratio","0.0750744039410649"
"QN24.26.008.14v.04.01A.04","Epsy_width_adapt_ratio","-0.0749605002584791"
"QN24.26.008.14v.04.01A.04","Epsy_threshold_v_short_square","0.4134836262250261"
"QN25.26.003.14v.07A.01","Epsy_width_rheo","-0.6714470032952203"
"QN25.26.003.14v.07A.01","Epsy_fast_trough_v_rheo","-0.0277784469345921"
"QN25.26.003.14v.07A.01","Epsy_peak_deltav_rheo","0.0988167546494829"
"QN25.26.003.14v.07A.01","Epsy_peak_v_rheo","0.2276703216098796"
"QN25.26.003.14v.07A.01","Epsy_postap_slope_rheo","1.446713407658032"
"QN25.26.003.14v.07A.01","Epsy_threshold_v_rheo","0.3851251051839219"
"QN25.26.003.14v.07A.01","Epsy_trough_t_rheo","-2.4822636075097257"
"QN25.26.003.14v.07A.01","Epsy_trough_v_rheo","0.5443816861969517"
"QN25.26.003.14v.07A.01","Epsy_upstroke_downstroke_ratio_rheo","-0.6875949793456971"
"QN25.26.003.14v.07A.01","Epsy_ahp_delay_5spike","-2.2834188940585447"
"QN25.26.003.14v.07A.01","Epsy_ahp_delay_ratio_5spike","-1.7392356686396182"
"QN25.26.003.14v.07A.01","Epsy_postap_slope_hero","0.6817700121017026"
"QN25.26.003.14v.07A.01","Epsy_trough_t_hero","-0.2438906415886122"
"QN25.26.003.14v.07A.01","Epsy_downstroke_adapt_ratio","0.51417951311924"
"QN25.26.003.14v.07A.01","Epsy_peak_v_adapt_ratio","-0.119500604756796"
"QN25.26.003.14v.07A.01","Epsy_threshold_v_adapt_ratio","0.1916668122644333"
"QN25.26.003.14v.07A.01","Epsy_upstroke_adapt_ratio","0.0867364122905414"
"QN25.26.003.14v.07A.01","Epsy_width_adapt_ratio","-1.0220470480549295"
"QN25.26.003.14v.07A.01","Epsy_threshold_v_short_square","0.2543110118020668"
"QN25.26.005.14v.04A.02","Epsy_width_rheo","0.1993044110160222"
"QN25.26.005.14v.04A.02","Epsy_fast_trough_v_rheo","0.2563479198337512"
"QN25.26.005.14v.04A.02","Epsy_peak_deltav_rheo","0.5137800400526733"
"QN25.26.005.14v.04A.02","Epsy_peak_v_rheo","0.3163284164220197"
"QN25.26.005.14v.04A.02","Epsy_postap_slope_rheo","-0.64114949252764"
"QN25.26.005.14v.04A.02","Epsy_threshold_v_rheo","-0.3085597440197862"
"QN25.26.005.14v.04A.02","Epsy_trough_t_rheo","-0.468896434885417"
"QN25.26.005.14v.04A.02","Epsy_trough_v_rheo","-0.2772953653187034"
"QN25.26.005.14v.04A.02","Epsy_upstroke_downstroke_ratio_rheo","-0.2661518262858801"
"QN25.26.005.14v.04A.02","Epsy_ahp_delay_5spike","0.4770227005542388"
"QN25.26.005.14v.04A.02","Epsy_ahp_delay_ratio_5spike","0.6305926048030112"
"QN25.26.005.14v.04A.02","Epsy_postap_slope_hero","0.3228771697973631"
"QN25.26.005.14v.04A.02","Epsy_trough_t_hero","0.0353235487665237"
"QN25.26.005.14v.04A.02","Epsy_downstroke_adapt_ratio","0.6523774840299551"
"QN25.26.005.14v.04A.02","Epsy_peak_v_adapt_ratio","0.711149929426432"
"QN25.26.005.14v.04A.02","Epsy_threshold_v_adapt_ratio","0.5156846837736384"
"QN25.26.005.14v.04A.02","Epsy_upstroke_adapt_ratio","0.4275284998243032"
"QN25.26.005.14v.04A.02","Epsy_width_adapt_ratio","-0.2810102153596018"
"QN25.26.005.14v.04A.02","Epsy_threshold_v_short_square","-0.0613277715701438"
"Q21.26.009.12.02.03","Epsy_width_rheo","1.02348295535404"
"Q21.26.009.12.02.03","Epsy_fast_trough_v_rheo","-2.892681840181865"
"Q21.26.009.12.02.03","Epsy_peak_deltav_rheo","-0.0904874477324486"
"Q21.26.009.12.02.03","Epsy_peak_v_rheo","-1.0667943651895515"
"Q21.26.009.12.02.03","Epsy_postap_slope_rheo","0.0832389167755352"
"Q21.26.009.12.02.03","Epsy_threshold_v_rheo","-1.219678332672652"
"Q21.26.009.12.02.03","Epsy_trough_t_rheo","-1.179346678354946"
"Q21.26.009.12.02.03","Epsy_trough_v_rheo","-1.919353548022112"
"Q21.26.009.12.02.03","Epsy_upstroke_downstroke_ratio_rheo","-0.209915632527299"
"Q21.26.009.12.02.03","Epsy_ahp_delay_5spike","0.2726000418359612"
"Q21.26.009.12.02.03","Epsy_ahp_delay_ratio_5spike","-0.2793380612539414"
"Q21.26.009.12.02.03","Epsy_postap_slope_hero","-0.9936238154563496"
"Q21.26.009.12.02.03","Epsy_trough_t_hero","-0.5828236843084665"
"Q21.26.009.12.02.03","Epsy_downstroke_adapt_ratio","-0.9192236402287048"
"Q21.26.009.12.02.03","Epsy_peak_v_adapt_ratio","1.3868568067285942"
"Q21.26.009.12.02.03","Epsy_threshold_v_adapt_ratio","-0.0441802684070524"
"Q21.26.009.12.02.03","Epsy_upstroke_adapt_ratio","0.1081627062279238"
"Q21.26.009.12.02.03","Epsy_width_adapt_ratio","0.1880783852157327"
"Q21.26.009.12.02.03","Epsy_threshold_v_short_square","-0.7087608669302228"
"Q21.26.013.12.01.01","Epsy_width_rheo","0.0608190883942451"
"Q21.26.013.12.01.01","Epsy_fast_trough_v_rheo","0.0892523972302241"
"Q21.26.013.12.01.01","Epsy_peak_deltav_rheo","0.6787480358102326"
"Q21.26.013.12.01.01","Epsy_peak_v_rheo","0.804889629940175"
"Q21.26.013.12.01.01","Epsy_postap_slope_rheo","0.2491493020454785"
"Q21.26.013.12.01.01","Epsy_threshold_v_rheo","0.2570160703415126"
"Q21.26.013.12.01.01","Epsy_trough_t_rheo","0.9454033119773504"
"Q21.26.013.12.01.01","Epsy_trough_v_rheo","0.2729623921334493"
"Q21.26.013.12.01.01","Epsy_upstroke_downstroke_ratio_rheo","1.2337685134702387"
"Q21.26.013.12.01.01","Epsy_ahp_delay_5spike","1.2183423759593466"
"Q21.26.013.12.01.01","Epsy_ahp_delay_ratio_5spike","0.8863965510113001"
"Q21.26.013.12.01.01","Epsy_postap_slope_hero","0.1972193454438275"
"Q21.26.013.12.01.01","Epsy_trough_t_hero","0.3838164753146897"
"Q21.26.013.12.01.01","Epsy_downstroke_adapt_ratio","0.2578905411467408"
"Q21.26.013.12.01.01","Epsy_peak_v_adapt_ratio","-0.4100781294016639"
"Q21.26.013.12.01.01","Epsy_threshold_v_adapt_ratio","-0.143789715375865"
"Q21.26.013.12.01.01","Epsy_upstroke_adapt_ratio","-0.1035890010638444"
"Q21.26.013.12.01.01","Epsy_width_adapt_ratio","0.2743925454631879"
"Q21.26.013.12.01.01","Epsy_threshold_v_short_square","0.2275068295905513"
"Q21.26.013.12.01.02","Epsy_width_rheo","0.605173286275551"
"Q21.26.013.12.01.02","Epsy_fast_trough_v_rheo","1.016982058223624"
"Q21.26.013.12.01.02","Epsy_peak_deltav_rheo","0.771350946429706"
"Q21.26.013.12.01.02","Epsy_peak_v_rheo","1.107828992131778"
"Q21.26.013.12.01.02","Epsy_postap_slope_rheo","-0.1048647284761031"
"Q21.26.013.12.01.02","Epsy_threshold_v_rheo","0.6395842572459348"
"Q21.26.013.12.01.02","Epsy_trough_t_rheo","0.6351172959737938"
"Q21.26.013.12.01.02","Epsy_trough_v_rheo","0.7497311353319801"
"Q21.26.013.12.01.02","Epsy_upstroke_downstroke_ratio_rheo","2.0743636836801254"
"Q21.26.013.12.01.02","Epsy_ahp_delay_5spike","1.101238928780137"
"Q21.26.013.12.01.02","Epsy_ahp_delay_ratio_5spike","0.5980607276067779"
"Q21.26.013.12.01.02","Epsy_postap_slope_hero","-1.0748558684344305"
"Q21.26.013.12.01.02","Epsy_trough_t_hero","0.3657765662508945"
"Q21.26.013.12.01.02","Epsy_downstroke_adapt_ratio","-0.9125432496022942"
"Q21.26.013.12.01.02","Epsy_peak_v_adapt_ratio","-1.0065170772189092"
"Q21.26.013.12.01.02","Epsy_threshold_v_adapt_ratio","-0.0936994577321388"
"Q21.26.013.12.01.02","Epsy_upstroke_adapt_ratio","-0.5965003134491896"
"Q21.26.013.12.01.02","Epsy_width_adapt_ratio","0.7932329472482756"
"Q21.26.013.12.01.02","Epsy_threshold_v_short_square","0.2032045906785203"
"Q21.26.013.12.02.02","Epsy_width_rheo","-0.5411348110736116"
"Q21.26.013.12.02.02","Epsy_fast_trough_v_rheo","0.2051663456190738"
"Q21.26.013.12.02.02","Epsy_peak_deltav_rheo","0.2769259919651535"
"Q21.26.013.12.02.02","Epsy_peak_v_rheo","0.4358780842271836"
"Q21.26.013.12.02.02","Epsy_postap_slope_rheo","0.5476361320281006"
"Q21.26.013.12.02.02","Epsy_threshold_v_rheo","0.4029083579754633"
"Q21.26.013.12.02.02","Epsy_trough_t_rheo","-0.4251459743640718"
"Q21.26.013.12.02.02","Epsy_trough_v_rheo","0.3293076947596186"
"Q21.26.013.12.02.02","Epsy_upstroke_downstroke_ratio_rheo","0.0908829970692566"
"Q21.26.013.12.02.02","Epsy_ahp_delay_5spike","0.0535740757813552"
"Q21.26.013.12.02.02","Epsy_ahp_delay_ratio_5spike","-0.3674127146488052"
"Q21.26.013.12.02.02","Epsy_postap_slope_hero","0.2751703948491454"
"Q21.26.013.12.02.02","Epsy_trough_t_hero","0.3243531638966947"
"Q21.26.013.12.02.02","Epsy_downstroke_adapt_ratio","1.2382951995578968"
"Q21.26.013.12.02.02","Epsy_peak_v_adapt_ratio","0.3553991607769178"
"Q21.26.013.12.02.02","Epsy_threshold_v_adapt_ratio","0.3335402686287131"
"Q21.26.013.12.02.02","Epsy_upstroke_adapt_ratio","0.4013104761362543"
"Q21.26.013.12.02.02","Epsy_width_adapt_ratio","-0.3963919502992833"
"Q21.26.013.12.02.02","Epsy_threshold_v_short_square","-0.4639194612842258"
"Q21.26.013.12.02.03","Epsy_width_rheo","-0.0367563393423208"
"Q21.26.013.12.02.03","Epsy_fast_trough_v_rheo","-0.2471677926913839"
"Q21.26.013.12.02.03","Epsy_peak_deltav_rheo","0.5535348877666012"
"Q21.26.013.12.02.03","Epsy_peak_v_rheo","0.5327832650772358"
"Q21.26.013.12.02.03","Epsy_postap_slope_rheo","-0.3345521839506027"
"Q21.26.013.12.02.03","Epsy_threshold_v_rheo","0.0169648126445685"
"Q21.26.013.12.02.03","Epsy_trough_t_rheo","-0.0126546795148686"
"Q21.26.013.12.02.03","Epsy_trough_v_rheo","-0.1174788913315769"
"Q21.26.013.12.02.03","Epsy_upstroke_downstroke_ratio_rheo","0.4807752972848618"
"Q21.26.013.12.02.03","Epsy_ahp_delay_5spike","-0.1198658302827808"
"Q21.26.013.12.02.03","Epsy_ahp_delay_ratio_5spike","-0.3628686653398632"
"Q21.26.013.12.02.03","Epsy_postap_slope_hero","-0.9517119859135728"
"Q21.26.013.12.02.03","Epsy_trough_t_hero","0.3531347105827314"
"Q21.26.013.12.02.03","Epsy_downstroke_adapt_ratio","0.7780794598778378"
"Q21.26.013.12.02.03","Epsy_peak_v_adapt_ratio","0.3866016422961791"
"Q21.26.013.12.02.03","Epsy_threshold_v_adapt_ratio","-0.1261004298000849"
"Q21.26.013.12.02.03","Epsy_upstroke_adapt_ratio","0.1968168768906145"
"Q21.26.013.12.02.03","Epsy_width_adapt_ratio","-0.3685407381189917"
"Q21.26.013.12.02.03","Epsy_threshold_v_short_square","-0.5035464064963678"
"Q21.26.015.12.03.03","Epsy_width_rheo","1.4115153794320368"
"Q21.26.015.12.03.03","Epsy_fast_trough_v_rheo","0.4203742694605686"
"Q21.26.015.12.03.03","Epsy_peak_deltav_rheo","-1.8901362699088449"
"Q21.26.015.12.03.03","Epsy_peak_v_rheo","-0.86319879085699"
"Q21.26.015.12.03.03","Epsy_postap_slope_rheo","-0.4143809751325031"
"Q21.26.015.12.03.03","Epsy_threshold_v_rheo","1.0826281407174922"
"Q21.26.015.12.03.03","Epsy_trough_t_rheo","-0.5428193806476015"
"Q21.26.015.12.03.03","Epsy_trough_v_rheo","0.6348893014400009"
"Q21.26.015.12.03.03","Epsy_upstroke_downstroke_ratio_rheo","-0.4230906866762161"
"Q21.26.015.12.03.03","Epsy_ahp_delay_5spike","-0.429443086758295"
"Q21.26.015.12.03.03","Epsy_ahp_delay_ratio_5spike","-0.2685391880390775"
"Q21.26.015.12.03.03","Epsy_postap_slope_hero","-1.0491484106175537"
"Q21.26.015.12.03.03","Epsy_trough_t_hero","-0.1972544868283431"
"Q21.26.015.12.03.03","Epsy_downstroke_adapt_ratio","0.0499362974131218"
"Q21.26.015.12.03.03","Epsy_peak_v_adapt_ratio","1.1242159391908124"
"Q21.26.015.12.03.03","Epsy_threshold_v_adapt_ratio","0.1075365604361622"
"Q21.26.015.12.03.03","Epsy_upstroke_adapt_ratio","0.4705824454907783"
"Q21.26.015.12.03.03","Epsy_width_adapt_ratio","-0.0027685335397781"
"Q21.26.015.12.03.03","Epsy_threshold_v_short_square","0.7278335442622262"
"QM22.26.003.14.07.05","Epsy_width_rheo","0.5866103332288547"
"QM22.26.003.14.07.05","Epsy_fast_trough_v_rheo","0.5369574917612231"
"QM22.26.003.14.07.05","Epsy_peak_deltav_rheo","-0.1196373226966355"
"QM22.26.003.14.07.05","Epsy_peak_v_rheo","0.2855329104513149"
"QM22.26.003.14.07.05","Epsy_postap_slope_rheo","0.1594790501775591"
"QM22.26.003.14.07.05","Epsy_threshold_v_rheo","0.7747103198231182"
"QM22.26.003.14.07.05","Epsy_trough_t_rheo","0.8659151617484194"
"QM22.26.003.14.07.05","Epsy_trough_v_rheo","0.8881481366622155"
"QM22.26.003.14.07.05","Epsy_upstroke_downstroke_ratio_rheo","-0.6687286301892844"
"QM22.26.003.14.07.05","Epsy_ahp_delay_5spike","-3.471201037717719"
"QM22.26.003.14.07.05","Epsy_ahp_delay_ratio_5spike","0.9176670775058176"
"QM22.26.003.14.07.05","Epsy_postap_slope_hero","0.7218680122055418"
"QM22.26.003.14.07.05","Epsy_trough_t_hero","-0.0459314631116407"
"QM22.26.003.14.07.05","Epsy_downstroke_adapt_ratio","0.3294184289168317"
"QM22.26.003.14.07.05","Epsy_peak_v_adapt_ratio","0.5550493894061977"
"QM22.26.003.14.07.05","Epsy_threshold_v_adapt_ratio","0.3012339207801"
"QM22.26.003.14.07.05","Epsy_upstroke_adapt_ratio","0.6685934807677848"
"QM22.26.003.14.07.05","Epsy_width_adapt_ratio","-0.6192687422443978"
"QM22.26.003.14.07.05","Epsy_threshold_v_short_square","0.5313345853374017"
"QM22.26.003.14.07.09","Epsy_width_rheo","-0.1920195916265478"
"QM22.26.003.14.07.09","Epsy_fast_trough_v_rheo","0.6166563014650616"
"QM22.26.003.14.07.09","Epsy_peak_deltav_rheo","0.8288501693023036"
"QM22.26.003.14.07.09","Epsy_peak_v_rheo","0.9018984346660144"
"QM22.26.003.14.07.09","Epsy_postap_slope_rheo","0.1028021833797718"
"QM22.26.003.14.07.09","Epsy_threshold_v_rheo","0.0982049826433635"
"QM22.26.003.14.07.09","Epsy_trough_t_rheo","0.4801765663314432"
"QM22.26.003.14.07.09","Epsy_trough_v_rheo","0.408999302136548"
"QM22.26.003.14.07.09","Epsy_upstroke_downstroke_ratio_rheo","0.4123131051884042"
"QM22.26.003.14.07.09","Epsy_ahp_delay_5spike","0.5138228396232587"
"QM22.26.003.14.07.09","Epsy_ahp_delay_ratio_5spike","0.7637493009436436"
"QM22.26.003.14.07.09","Epsy_postap_slope_hero","0.8831134481610715"
"QM22.26.003.14.07.09","Epsy_trough_t_hero","0.5613910889939484"
"QM22.26.003.14.07.09","Epsy_downstroke_adapt_ratio","0.36918241211047"
"QM22.26.003.14.07.09","Epsy_peak_v_adapt_ratio","0.3039118885001101"
"QM22.26.003.14.07.09","Epsy_threshold_v_adapt_ratio","0.5451046405316353"
"QM22.26.003.14.07.09","Epsy_upstroke_adapt_ratio","0.668247853818923"
"QM22.26.003.14.07.09","Epsy_width_adapt_ratio","-0.4302620026952236"
"QM22.26.003.14.07.09","Epsy_threshold_v_short_square","0.0874920772252857"
"QM22.26.003.14.08.01","Epsy_width_rheo","0.548993511780125"
"QM22.26.003.14.08.01","Epsy_fast_trough_v_rheo","1.1534379815166207"
"QM22.26.003.14.08.01","Epsy_peak_deltav_rheo","-0.1269867071703343"
"QM22.26.003.14.08.01","Epsy_peak_v_rheo","0.1077967587331747"
"QM22.26.003.14.08.01","Epsy_postap_slope_rheo","-0.6130321131051981"
"QM22.26.003.14.08.01","Epsy_threshold_v_rheo","0.5542375295975359"
"QM22.26.003.14.08.01","Epsy_trough_t_rheo","0.0684823410788531"
"QM22.26.003.14.08.01","Epsy_trough_v_rheo","1.1254997115720542"
"QM22.26.003.14.08.01","Epsy_upstroke_downstroke_ratio_rheo","0.8211745858102075"
"QM22.26.003.14.08.01","Epsy_ahp_delay_5spike","-0.0736172155142104"
"QM22.26.003.14.08.01","Epsy_ahp_delay_ratio_5spike","0.972510404158694"
"QM22.26.003.14.08.01","Epsy_postap_slope_hero","-1.2867381426416062"
"QM22.26.003.14.08.01","Epsy_trough_t_hero","-0.6590094706616864"
"QM22.26.003.14.08.01","Epsy_downstroke_adapt_ratio","-0.1591430382660335"
"QM22.26.003.14.08.01","Epsy_peak_v_adapt_ratio","0.9645576058559904"
"QM22.26.003.14.08.01","Epsy_threshold_v_adapt_ratio","0.1722546935261046"
"QM22.26.003.14.08.01","Epsy_upstroke_adapt_ratio","0.5993315643017136"
"QM22.26.003.14.08.01","Epsy_width_adapt_ratio","0.0135035851850944"
"QM22.26.003.14.08.01","Epsy_threshold_v_short_square","0.9707560596905028"
"QM22.26.003.14.55.04","Epsy_width_rheo","-1.478052452215299"
"QM22.26.003.14.55.04","Epsy_fast_trough_v_rheo","-0.5293704977473896"
"QM22.26.003.14.55.04","Epsy_peak_deltav_rheo","0.7874771703186988"
"QM22.26.003.14.55.04","Epsy_peak_v_rheo","0.5262932735697395"
"QM22.26.003.14.55.04","Epsy_postap_slope_rheo","-0.0533041005175514"
"QM22.26.003.14.55.04","Epsy_threshold_v_rheo","-0.6444048327897477"
"QM22.26.003.14.55.04","Epsy_trough_t_rheo","-0.9876833420104498"
"QM22.26.003.14.55.04","Epsy_trough_v_rheo","-1.4164914538658615"
"QM22.26.003.14.55.04","Epsy_upstroke_downstroke_ratio_rheo","1.6127680718745434"
"QM22.26.003.14.55.04","Epsy_ahp_delay_5spike","0.7414546966527906"
"QM22.26.003.14.55.04","Epsy_ahp_delay_ratio_5spike","0.6126279271794283"
"QM22.26.003.14.55.04","Epsy_postap_slope_hero","-1.6700101509081076"
"QM22.26.003.14.55.04","Epsy_trough_t_hero","-0.0691995162655731"
"QM22.26.003.14.55.04","Epsy_downstroke_adapt_ratio","1.158171162668547"
"QM22.26.003.14.55.04","Epsy_peak_v_adapt_ratio","-0.0700332153179105"
"QM22.26.003.14.55.04","Epsy_threshold_v_adapt_ratio","0.7946979239558258"
"QM22.26.003.14.55.04","Epsy_upstroke_adapt_ratio","0.510039449284868"
"QM22.26.003.14.55.04","Epsy_width_adapt_ratio","-0.528939077299137"
"QM22.26.003.14.55.04","Epsy_threshold_v_short_square","-2.221115834250289"
"QM22.26.031.14.02.03","Epsy_width_rheo","-0.5411348110742435"
"QM22.26.031.14.02.03","Epsy_fast_trough_v_rheo","-0.1846564397586449"
"QM22.26.031.14.02.03","Epsy_peak_deltav_rheo","1.084224975644773"
"QM22.26.031.14.02.03","Epsy_peak_v_rheo","0.8376429059445941"
"QM22.26.031.14.02.03","Epsy_postap_slope_rheo","-0.704165895419513"
"QM22.26.031.14.02.03","Epsy_threshold_v_rheo","-0.8978980860235684"
"QM22.26.031.14.02.03","Epsy_trough_t_rheo","0.9881925094862845"
"QM22.26.031.14.02.03","Epsy_trough_v_rheo","-1.2543098748578485"
"QM22.26.031.14.02.03","Epsy_upstroke_downstroke_ratio_rheo","0.4269659906443873"
"QM22.26.031.14.02.03","Epsy_ahp_delay_5spike","0.0094627870919662"
"QM22.26.031.14.02.03","Epsy_ahp_delay_ratio_5spike","0.9155516155140018"
"QM22.26.031.14.02.03","Epsy_postap_slope_hero","0.3955311433641346"
"QM22.26.031.14.02.03","Epsy_trough_t_hero","-3.990549242732132"
"QM22.26.031.14.02.03","Epsy_downstroke_adapt_ratio","-0.2908092906511904"
"QM22.26.031.14.02.03","Epsy_peak_v_adapt_ratio","-0.1979880053398463"
"QM22.26.031.14.02.03","Epsy_threshold_v_adapt_ratio","-0.2632616458989014"
"QM22.26.031.14.02.03","Epsy_upstroke_adapt_ratio","0.0209291524352064"
"QM22.26.031.14.02.03","Epsy_width_adapt_ratio","0.213701110224897"
"QM22.26.031.14.02.03","Epsy_threshold_v_short_square","-0.2321347358085707"
"QM25.26.006.14v.15A.04","Epsy_width_rheo","0.8821421575550075"
"QM25.26.006.14v.15A.04","Epsy_fast_trough_v_rheo","0.3153609762781477"
"QM25.26.006.14v.15A.04","Epsy_peak_deltav_rheo","-0.5040958687798597"
"QM25.26.006.14v.15A.04","Epsy_peak_v_rheo","-0.509380244897274"
"QM25.26.006.14v.15A.04","Epsy_postap_slope_rheo","-0.4788269891075561"
"QM25.26.006.14v.15A.04","Epsy_threshold_v_rheo","0.297982141815687"
"QM25.26.006.14v.15A.04","Epsy_trough_t_rheo","0.3550441370351308"
"QM25.26.006.14v.15A.04","Epsy_trough_v_rheo","0.0060615516046772"
"QM25.26.006.14v.15A.04","Epsy_upstroke_downstroke_ratio_rheo","-0.0712644815339555"
"QM25.26.006.14v.15A.04","Epsy_ahp_delay_5spike","0.8867400525624438"
"QM25.26.006.14v.15A.04","Epsy_ahp_delay_ratio_5spike","0.6032471343484308"
"QM25.26.006.14v.15A.04","Epsy_postap_slope_hero","-0.5026641821066784"
"QM25.26.006.14v.15A.04","Epsy_trough_t_hero","0.8293527994712953"
"QM25.26.006.14v.15A.04","Epsy_downstroke_adapt_ratio","-0.4286898590631427"
"QM25.26.006.14v.15A.04","Epsy_peak_v_adapt_ratio","1.4854310456482185"
"QM25.26.006.14v.15A.04","Epsy_threshold_v_adapt_ratio","0.9124988786480916"
"QM25.26.006.14v.15A.04","Epsy_upstroke_adapt_ratio","0.8756659340029519"
"QM25.26.006.14v.15A.04","Epsy_width_adapt_ratio","-0.180098725287926"
"QM25.26.006.14v.15A.04","Epsy_threshold_v_short_square","0.7649120712632821"
"QN21.26.028.14.53.01","Epsy_width_rheo","0.6778532850396287"
"QN21.26.028.14.53.01","Epsy_fast_trough_v_rheo","0.5083766891630288"
"QN21.26.028.14.53.01","Epsy_peak_deltav_rheo","1.0617033405391774"
"QN21.26.028.14.53.01","Epsy_peak_v_rheo","1.0416278399351877"
"QN21.26.028.14.53.01","Epsy_postap_slope_rheo","-0.0547994057380368"
"QN21.26.028.14.53.01","Epsy_threshold_v_rheo","-0.2391062186850453"
"QN21.26.028.14.53.01","Epsy_trough_t_rheo","1.421143440808097"
"QN21.26.028.14.53.01","Epsy_trough_v_rheo","0.1036711642827847"
"QN21.26.028.14.53.01","Epsy_upstroke_downstroke_ratio_rheo","1.7980122974912274"
"QN21.26.028.14.53.01","Epsy_ahp_delay_5spike","1.0550549268233915"
"QN21.26.028.14.53.01","Epsy_ahp_delay_ratio_5spike","1.0248185839810495"
"QN21.26.028.14.53.01","Epsy_postap_slope_hero","-1.0558559323924968"
"QN21.26.028.14.53.01","Epsy_trough_t_hero","0.2592789462715935"
"QN21.26.028.14.53.01","Epsy_downstroke_adapt_ratio","-0.6913497756555744"
"QN21.26.028.14.53.01","Epsy_peak_v_adapt_ratio","-0.7558724146069148"
"QN21.26.028.14.53.01","Epsy_threshold_v_adapt_ratio","0.3456400829599201"
"QN21.26.028.14.53.01","Epsy_upstroke_adapt_ratio","-0.0480370201055653"
"QN21.26.028.14.53.01","Epsy_width_adapt_ratio","0.6803284409282941"
"QN21.26.028.14.53.01","Epsy_threshold_v_short_square","-0.4869802013297648"
"QN21.26.028.14.53.03","Epsy_width_rheo","0.2868803091776449"
"QN21.26.028.14.53.03","Epsy_fast_trough_v_rheo","-0.5756217295767654"
"QN21.26.028.14.53.03","Epsy_peak_deltav_rheo","0.9062518575790084"
"QN21.26.028.14.53.03","Epsy_peak_v_rheo","0.6447648791661567"
"QN21.26.028.14.53.03","Epsy_postap_slope_rheo","-0.4933851244368932"
"QN21.26.028.14.53.03","Epsy_threshold_v_rheo","-0.7539475599039235"
"QN21.26.028.14.53.03","Epsy_trough_t_rheo","-0.1910974114247334"
"QN21.26.028.14.53.03","Epsy_trough_v_rheo","-0.6668907410884007"
"QN21.26.028.14.53.03","Epsy_upstroke_downstroke_ratio_rheo","2.0166617074609485"
"QN21.26.028.14.53.03","Epsy_ahp_delay_5spike","0.52563415852094"
"QN21.26.028.14.53.03","Epsy_ahp_delay_ratio_5spike","0.3493736667057815"
"QN21.26.028.14.53.03","Epsy_postap_slope_hero","-0.0960859734538028"
"QN21.26.028.14.53.03","Epsy_trough_t_hero","-0.529603148363161"
"QN21.26.028.14.53.03","Epsy_downstroke_adapt_ratio","-0.0895724611236858"
"QN21.26.028.14.53.03","Epsy_peak_v_adapt_ratio","-0.8566009090246659"
"QN21.26.028.14.53.03","Epsy_threshold_v_adapt_ratio","-0.5492706244213876"
"QN21.26.028.14.53.03","Epsy_upstroke_adapt_ratio","-0.3937549765774871"
"QN21.26.028.14.53.03","Epsy_width_adapt_ratio","0.6555877087072527"
"QN21.26.028.14.53.03","Epsy_threshold_v_short_square","-0.8233763057161814"
"QN21.26.028.14.53.07","Epsy_width_rheo","-0.3021729819894235"
"QN21.26.028.14.53.07","Epsy_fast_trough_v_rheo","0.0892523972302241"
"QN21.26.028.14.53.07","Epsy_peak_deltav_rheo","1.0531966113257851"
"QN21.26.028.14.53.07","Epsy_peak_v_rheo","0.5457132819058741"
"QN21.26.028.14.53.07","Epsy_postap_slope_rheo","-0.7537355384932072"
"QN21.26.028.14.53.07","Epsy_threshold_v_rheo","-1.749047477377033"
"QN21.26.028.14.53.07","Epsy_trough_t_rheo","-0.2056974448061353"
"QN21.26.028.14.53.07","Epsy_trough_v_rheo","-3.210500778641675"
"QN21.26.028.14.53.07","Epsy_upstroke_downstroke_ratio_rheo","0.771005998845971"
"QN21.26.028.14.53.07","Epsy_ahp_delay_5spike","1.0792063149595703"
"QN21.26.028.14.53.07","Epsy_ahp_delay_ratio_5spike","0.8266412534641971"
"QN21.26.028.14.53.07","Epsy_postap_slope_hero","-2.9983526522860666"
"QN21.26.028.14.53.07","Epsy_trough_t_hero","0.3487667124229093"
"QN21.26.028.14.53.07","Epsy_downstroke_adapt_ratio","-0.3152664102851222"
"QN21.26.028.14.53.07","Epsy_peak_v_adapt_ratio","0.0728182298686467"
"QN21.26.028.14.53.07","Epsy_threshold_v_adapt_ratio","0.3027694514579016"
"QN21.26.028.14.53.07","Epsy_upstroke_adapt_ratio","0.4068285340909862"
"QN21.26.028.14.53.07","Epsy_width_adapt_ratio","-0.0316604120215197"
"QN21.26.028.14.53.07","Epsy_threshold_v_short_square","-0.5740004181351648"
"QN22.26.002.14.01.05","Epsy_width_rheo","0.7824382328005023"
"QN22.26.002.14.01.05","Epsy_fast_trough_v_rheo","-0.0225612223952917"
"QN22.26.002.14.01.05","Epsy_peak_deltav_rheo","0.9513949407459243"
"QN22.26.002.14.01.05","Epsy_peak_v_rheo","0.4847969363916353"
"QN22.26.002.14.01.05","Epsy_postap_slope_rheo","-0.2929545676161184"
"QN22.26.002.14.01.05","Epsy_threshold_v_rheo","-1.4227182996247096"
"QN22.26.002.14.01.05","Epsy_trough_t_rheo","0.9331239168890608"
"QN22.26.002.14.01.05","Epsy_trough_v_rheo","-0.0140246811786356"
"QN22.26.002.14.01.05","Epsy_upstroke_downstroke_ratio_rheo","1.8941396797434775"
"QN22.26.002.14.01.05","Epsy_ahp_delay_5spike","0.173557316275102"
"QN22.26.002.14.01.05","Epsy_ahp_delay_ratio_5spike","0.8355914304045974"
"QN22.26.002.14.01.05","Epsy_postap_slope_hero","-1.086376671329924"
"QN22.26.002.14.01.05","Epsy_trough_t_hero","0.4694486918929653"
"QN22.26.002.14.01.05","Epsy_downstroke_adapt_ratio","-1.3740774893104033"
"QN22.26.002.14.01.05","Epsy_peak_v_adapt_ratio","-0.5895366396710351"
"QN22.26.002.14.01.05","Epsy_threshold_v_adapt_ratio","0.0934655487029112"
"QN22.26.002.14.01.05","Epsy_upstroke_adapt_ratio","0.0715732778188462"
"QN22.26.002.14.01.05","Epsy_width_adapt_ratio","1.1649460930386262"
"QN22.26.002.14.01.05","Epsy_threshold_v_short_square","-0.6982070365704122"
"QN22.26.009.14.3B.02","Epsy_width_rheo","-1.4296078255044031"
"QN22.26.009.14.3B.02","Epsy_fast_trough_v_rheo","-0.7275473684277797"
"QN22.26.009.14.3B.02","Epsy_peak_deltav_rheo","-0.1368249674504832"
"QN22.26.009.14.3B.02","Epsy_peak_v_rheo","0.3722115326863384"
"QN22.26.009.14.3B.02","Epsy_postap_slope_rheo","1.2855014162159355"
"QN22.26.009.14.3B.02","Epsy_threshold_v_rheo","0.9058948220522736"
"QN22.26.009.14.3B.02","Epsy_trough_t_rheo","-1.2671662849929006"
"QN22.26.009.14.3B.02","Epsy_trough_v_rheo","0.050554680549696"
"QN22.26.009.14.3B.02","Epsy_upstroke_downstroke_ratio_rheo","-0.5614326034915896"
"QN22.26.009.14.3B.02","Epsy_ahp_delay_5spike","-0.659078779280564"
"QN22.26.009.14.3B.02","Epsy_ahp_delay_ratio_5spike","-0.5657774337768975"
"QN22.26.009.14.3B.02","Epsy_postap_slope_hero","0.6863456327626634"
"QN22.26.009.14.3B.02","Epsy_trough_t_hero","-0.3850287522574378"
"QN22.26.009.14.3B.02","Epsy_downstroke_adapt_ratio","1.1070640486234211"
"QN22.26.009.14.3B.02","Epsy_peak_v_adapt_ratio","0.7223651412852701"
"QN22.26.009.14.3B.02","Epsy_threshold_v_adapt_ratio","0.0326187472379614"
"QN22.26.009.14.3B.02","Epsy_upstroke_adapt_ratio","0.4607321206707757"
"QN22.26.009.14.3B.02","Epsy_width_adapt_ratio","-0.5118389731170884"
"QN22.26.009.14.3B.02","Epsy_threshold_v_short_square","0.5387229536008624"
"QN22.26.010.14.01.04","Epsy_width_rheo","-0.1390016918319026"
"QN22.26.010.14.01.04","Epsy_fast_trough_v_rheo","0.7422430595797238"
"QN22.26.010.14.01.04","Epsy_peak_deltav_rheo","0.4862487067936261"
"QN22.26.010.14.01.04","Epsy_peak_v_rheo","0.6030905365686945"
"QN22.26.010.14.01.04","Epsy_postap_slope_rheo","-0.0940171563713949"
"QN22.26.010.14.01.04","Epsy_threshold_v_rheo","0.2905829878070278"
"QN22.26.010.14.01.04","Epsy_trough_t_rheo","-0.5307770664107017"
"QN22.26.010.14.01.04","Epsy_trough_v_rheo","0.6200768167260718"
"QN22.26.010.14.01.04","Epsy_upstroke_downstroke_ratio_rheo","0.9170033123856725"
"QN22.26.010.14.01.04","Epsy_ahp_delay_5spike","-0.0839317001760207"
"QN22.26.010.14.01.04","Epsy_ahp_delay_ratio_5spike","-0.0748741221580771"
"QN22.26.010.14.01.04","Epsy_postap_slope_hero","0.1803456355450148"
"QN22.26.010.14.01.04","Epsy_trough_t_hero","-0.5452861527193418"
"QN22.26.010.14.01.04","Epsy_downstroke_adapt_ratio","0.2647627469561165"
"QN22.26.010.14.01.04","Epsy_peak_v_adapt_ratio","0.2533416610700997"
"QN22.26.010.14.01.04","Epsy_threshold_v_adapt_ratio","0.0013233711200434"
"QN22.26.010.14.01.04","Epsy_upstroke_adapt_ratio","0.222174767736833"
"QN22.26.010.14.01.04","Epsy_width_adapt_ratio","0.28835282025194"
"QN22.26.010.14.01.04","Epsy_threshold_v_short_square","0.2004941834151677"
"QN22.26.010.14.08.04","Epsy_width_rheo","0.6051732862759202"
"QN22.26.010.14.08.04","Epsy_fast_trough_v_rheo","0.6166563014650616"
"QN22.26.010.14.08.04","Epsy_peak_deltav_rheo","0.1726876211706996"
"QN22.26.010.14.08.04","Epsy_peak_v_rheo","0.3652933441268253"
"QN22.26.010.14.08.04","Epsy_postap_slope_rheo","0.3208121328166794"
"QN22.26.010.14.08.04","Epsy_threshold_v_rheo","0.4693674238535951"
"QN22.26.010.14.08.04","Epsy_trough_t_rheo","-0.2422704965375635"
"QN22.26.010.14.08.04","Epsy_trough_v_rheo","0.739231292126742"
"QN22.26.010.14.08.04","Epsy_upstroke_downstroke_ratio_rheo","-0.2009912971681315"
"QN22.26.010.14.08.04","Epsy_ahp_delay_5spike","0.0775393420038525"
"QN22.26.010.14.08.04","Epsy_ahp_delay_ratio_5spike","0.608240204744272"
"QN22.26.010.14.08.04","Epsy_postap_slope_hero","0.5484368418512606"
"QN22.26.010.14.08.04","Epsy_trough_t_hero","-0.4891156305431173"
"QN22.26.010.14.08.04","Epsy_downstroke_adapt_ratio","-0.7123267634383467"
"QN22.26.010.14.08.04","Epsy_peak_v_adapt_ratio","0.9222466137615768"
"QN22.26.010.14.08.04","Epsy_threshold_v_adapt_ratio","0.3918121960857145"
"QN22.26.010.14.08.04","Epsy_upstroke_adapt_ratio","0.5039238344360347"
"QN22.26.010.14.08.04","Epsy_width_adapt_ratio","0.5471012588297819"
"QN22.26.010.14.08.04","Epsy_threshold_v_short_square","0.4414261047334459"
"QN22.26.010.14.08.05","Epsy_width_rheo","0.3915320475951514"
"QN22.26.010.14.08.05","Epsy_fast_trough_v_rheo","-0.9293357181971322"
"QN22.26.010.14.08.05","Epsy_peak_deltav_rheo","0.5890507772591982"
"QN22.26.010.14.08.05","Epsy_peak_v_rheo","0.619843128977367"
"QN22.26.010.14.08.05","Epsy_postap_slope_rheo","0.7023995606601644"
"QN22.26.010.14.08.05","Epsy_threshold_v_rheo","0.1021998381940083"
"QN22.26.010.14.08.05","Epsy_trough_t_rheo","-0.8857344293587008"
"QN22.26.010.14.08.05","Epsy_trough_v_rheo","-0.1281132855702405"
"QN22.26.010.14.08.05","Epsy_upstroke_downstroke_ratio_rheo","0.8737520606226705"
"QN22.26.010.14.08.05","Epsy_ahp_delay_5spike","-2.0228076089061853"
"QN22.26.010.14.08.05","Epsy_ahp_delay_ratio_5spike","-1.6814575251745445"
"QN22.26.010.14.08.05","Epsy_postap_slope_hero","1.056350091760304"
"QN22.26.010.14.08.05","Epsy_trough_t_hero","-0.142451128297299"
"QN22.26.010.14.08.05","Epsy_downstroke_adapt_ratio","-0.2865922512209894"
"QN22.26.010.14.08.05","Epsy_peak_v_adapt_ratio","0.2704830329319134"
"QN22.26.010.14.08.05","Epsy_threshold_v_adapt_ratio","0.3288086725883337"
"QN22.26.010.14.08.05","Epsy_upstroke_adapt_ratio","0.3929552148318116"
"QN22.26.010.14.08.05","Epsy_width_adapt_ratio","0.1197768220671749"
"QN22.26.010.14.08.05","Epsy_threshold_v_short_square","0.2596471148412439"
"QN22.26.010.14.08.06","Epsy_width_rheo","-0.1129780320425371"
"QN22.26.010.14.08.06","Epsy_fast_trough_v_rheo","0.6283695834145463"
"QN22.26.010.14.08.06","Epsy_peak_deltav_rheo","0.2399772268618326"
"QN22.26.010.14.08.06","Epsy_peak_v_rheo","0.3652933441268253"
"QN22.26.010.14.08.06","Epsy_postap_slope_rheo","-0.4968717635497641"
"QN22.26.010.14.08.06","Epsy_threshold_v_rheo","0.3564094742259732"
"QN22.26.010.14.08.06","Epsy_trough_t_rheo","0.3607878576461479"
"QN22.26.010.14.08.06","Epsy_trough_v_rheo","0.4376035139075387"
"QN22.26.010.14.08.06","Epsy_upstroke_downstroke_ratio_rheo","0.9089563989039008"
"QN22.26.010.14.08.06","Epsy_ahp_delay_5spike","0.803144669005126"
"QN22.26.010.14.08.06","Epsy_ahp_delay_ratio_5spike","0.798245778952866"
"QN22.26.010.14.08.06","Epsy_postap_slope_hero","-0.6314695872751249"
"QN22.26.010.14.08.06","Epsy_trough_t_hero","0.3228438068996006"
"QN22.26.010.14.08.06","Epsy_downstroke_adapt_ratio","0.5767332015356783"
"QN22.26.010.14.08.06","Epsy_peak_v_adapt_ratio","0.3163663019727779"
"QN22.26.010.14.08.06","Epsy_threshold_v_adapt_ratio","0.4051608471028525"
"QN22.26.010.14.08.06","Epsy_upstroke_adapt_ratio","0.4999697943626441"
"QN22.26.010.14.08.06","Epsy_width_adapt_ratio","-0.2354744967429501"
"QN22.26.010.14.08.06","Epsy_threshold_v_short_square","0.2032045906785203"
"QN22.26.010.14.51.05","Epsy_width_rheo","-1.6303470130539428"
"QN22.26.010.14.51.05","Epsy_fast_trough_v_rheo","-0.5293704977473896"
"QN22.26.010.14.51.05","Epsy_peak_deltav_rheo","-0.3874866371302751"
"QN22.26.010.14.51.05","Epsy_peak_v_rheo","0.5564378090368679"
"QN22.26.010.14.51.05","Epsy_postap_slope_rheo","0.4293288069895929"
"QN22.26.010.14.51.05","Epsy_threshold_v_rheo","1.378907494886262"
"QN22.26.010.14.51.05","Epsy_trough_t_rheo","-0.1383327484623839"
"QN22.26.010.14.51.05","Epsy_trough_v_rheo","0.1273722121441996"
"QN22.26.010.14.51.05","Epsy_upstroke_downstroke_ratio_rheo","-0.1597860301473402"
"QN22.26.010.14.51.05","Epsy_ahp_delay_5spike","-2.1495477473866744"
"QN22.26.010.14.51.05","Epsy_ahp_delay_ratio_5spike","-2.1857034296548505"
"QN22.26.010.14.51.05","Epsy_postap_slope_hero","-0.7841218324768752"
"QN22.26.010.14.51.05","Epsy_trough_t_hero","-1.0579882148314068"
"QN22.26.010.14.51.05","Epsy_downstroke_adapt_ratio","1.1561979888059686"
"QN22.26.010.14.51.05","Epsy_peak_v_adapt_ratio","-0.661123562115745"
"QN22.26.010.14.51.05","Epsy_threshold_v_adapt_ratio","-0.1343809768449839"
"QN22.26.010.14.51.05","Epsy_upstroke_adapt_ratio","-0.073622986982718"
"QN22.26.010.14.51.05","Epsy_width_adapt_ratio","-0.9382405173967172"
"QN22.26.010.14.51.05","Epsy_threshold_v_short_square","1.1773836385769492"
"QN22.26.010.14.54.02","Epsy_width_rheo","-0.418315117699383"
"QN22.26.010.14.54.02","Epsy_fast_trough_v_rheo","-0.264523708472738"
"QN22.26.010.14.54.02","Epsy_peak_deltav_rheo","0.912325754042098"
"QN22.26.010.14.54.02","Epsy_peak_v_rheo","0.7658028747376879"
"QN22.26.010.14.54.02","Epsy_postap_slope_rheo","-0.0803984817014056"
"QN22.26.010.14.54.02","Epsy_threshold_v_rheo","-0.4584345466104991"
"QN22.26.010.14.54.02","Epsy_trough_t_rheo","0.4873096853411799"
"QN22.26.010.14.54.02","Epsy_trough_v_rheo","-0.9796778461717758"
"QN22.26.010.14.54.02","Epsy_upstroke_downstroke_ratio_rheo","1.7902751807918205"
"QN22.26.010.14.54.02","Epsy_ahp_delay_5spike","0.6766588436389129"
"QN22.26.010.14.54.02","Epsy_ahp_delay_ratio_5spike","0.7579124538575349"
"QN22.26.010.14.54.02","Epsy_postap_slope_hero","-0.4524930891141082"
"QN22.26.010.14.54.02","Epsy_trough_t_hero","-0.7540743199499527"
"QN22.26.010.14.54.02","Epsy_downstroke_adapt_ratio","-0.4661217070020975"
"QN22.26.010.14.54.02","Epsy_peak_v_adapt_ratio","-0.1782270821651289"
"QN22.26.010.14.54.02","Epsy_threshold_v_adapt_ratio","-0.0557625891413352"
"QN22.26.010.14.54.02","Epsy_upstroke_adapt_ratio","0.1871325677218601"
"QN22.26.010.14.54.02","Epsy_width_adapt_ratio","0.4846724022954345"
"QN22.26.010.14.54.02","Epsy_threshold_v_short_square","-0.7799513606995024"
"QN22.26.010.14.54.07","Epsy_width_rheo","-0.9205643903291626"
"QN22.26.010.14.54.07","Epsy_fast_trough_v_rheo","0.346503017542237"
"QN22.26.010.14.54.07","Epsy_peak_deltav_rheo","0.4917831324617722"
"QN22.26.010.14.54.07","Epsy_peak_v_rheo","0.7160752251758497"
"QN22.26.010.14.54.07","Epsy_postap_slope_rheo","-0.3316406762026055"
"QN22.26.010.14.54.07","Epsy_threshold_v_rheo","0.4762627293493263"
"QN22.26.010.14.54.07","Epsy_trough_t_rheo","-0.3098593298451541"
"QN22.26.010.14.54.07","Epsy_trough_v_rheo","0.201444990027234"
"QN22.26.010.14.54.07","Epsy_upstroke_downstroke_ratio_rheo","0.6686414146625076"
"QN22.26.010.14.54.07","Epsy_ahp_delay_5spike","0.4639142760280048"
"QN22.26.010.14.54.07","Epsy_ahp_delay_ratio_5spike","0.1842830063824416"
"QN22.26.010.14.54.07","Epsy_postap_slope_hero","0.7332347308983845"
"QN22.26.010.14.54.07","Epsy_trough_t_hero","0.2115017151880364"
"QN22.26.010.14.54.07","Epsy_downstroke_adapt_ratio","0.8509454350277389"
"QN22.26.010.14.54.07","Epsy_peak_v_adapt_ratio","0.1283068330137749"
"QN22.26.010.14.54.07","Epsy_threshold_v_adapt_ratio","0.4541948563064281"
"QN22.26.010.14.54.07","Epsy_upstroke_adapt_ratio","0.4224790667098107"
"QN22.26.010.14.54.07","Epsy_width_adapt_ratio","-0.4566521650253357"
"QN22.26.010.14.54.07","Epsy_threshold_v_short_square","0.328280594354386"
"QN22.26.011.14.3A.07","Epsy_width_rheo","0.3082247194659003"
"QN22.26.011.14.3A.07","Epsy_fast_trough_v_rheo","0.4203742694605686"
"QN22.26.011.14.3A.07","Epsy_peak_deltav_rheo","0.7664894962137165"
"QN22.26.011.14.3A.07","Epsy_peak_v_rheo","0.7638325195729484"
"QN22.26.011.14.3A.07","Epsy_postap_slope_rheo","0.2150909663931006"
"QN22.26.011.14.3A.07","Epsy_threshold_v_rheo","-0.0372747002943991"
"QN22.26.011.14.3A.07","Epsy_trough_t_rheo","-0.470136624785908"
"QN22.26.011.14.3A.07","Epsy_trough_v_rheo","0.1923287424810467"
"QN22.26.011.14.3A.07","Epsy_upstroke_downstroke_ratio_rheo","0.9634499056523204"
"QN22.26.011.14.3A.07","Epsy_ahp_delay_5spike","0.7656119090771439"
"QN22.26.011.14.3A.07","Epsy_ahp_delay_ratio_5spike","1.0736443573319747"
"QN22.26.011.14.3A.07","Epsy_postap_slope_hero","-0.6897551216330724"
"QN22.26.011.14.3A.07","Epsy_trough_t_hero","-0.968278834099729"
"QN22.26.011.14.3A.07","Epsy_downstroke_adapt_ratio","-0.172335065947879"
"QN22.26.011.14.3A.07","Epsy_peak_v_adapt_ratio","0.4888925029541127"
"QN22.26.011.14.3A.07","Epsy_threshold_v_adapt_ratio","0.3767957419317091"
"QN22.26.011.14.3A.07","Epsy_upstroke_adapt_ratio","0.5869932161047445"
"QN22.26.011.14.3A.07","Epsy_width_adapt_ratio","-0.081591612494361"
"QN22.26.011.14.3A.07","Epsy_threshold_v_short_square","0.2194250716756653"
"QN22.26.014.14.2B.02","Epsy_width_rheo","-0.2740977055383661"
"QN22.26.014.14.2B.02","Epsy_fast_trough_v_rheo","-2.419141992392303"
"QN22.26.014.14.2B.02","Epsy_peak_deltav_rheo","1.065943909850224"
"QN22.26.014.14.2B.02","Epsy_peak_v_rheo","0.8164980825016707"
"QN22.26.014.14.2B.02","Epsy_postap_slope_rheo","-0.7177814125613585"
"QN22.26.014.14.2B.02","Epsy_threshold_v_rheo","-0.8860759714533647"
"QN22.26.014.14.2B.02","Epsy_trough_t_rheo","-0.928859085440498"
"QN22.26.014.14.2B.02","Epsy_trough_v_rheo","-1.8205740292827075"
"QN22.26.014.14.2B.02","Epsy_upstroke_downstroke_ratio_rheo","1.3190982389950905"
"QN22.26.014.14.2B.02","Epsy_ahp_delay_5spike","0.1668713920669262"
"QN22.26.014.14.2B.02","Epsy_ahp_delay_ratio_5spike","-0.9282007156464676"
"QN22.26.014.14.2B.02","Epsy_postap_slope_hero","-0.3695779305746383"
"QN22.26.014.14.2B.02","Epsy_trough_t_hero","-0.7513005567727484"
"QN22.26.014.14.2B.02","Epsy_downstroke_adapt_ratio","0.2864040125391757"
"QN22.26.014.14.2B.02","Epsy_peak_v_adapt_ratio","-0.2671210849287976"
"QN22.26.014.14.2B.02","Epsy_threshold_v_adapt_ratio","-0.6501557063740822"
"QN22.26.014.14.2B.02","Epsy_upstroke_adapt_ratio","0.0759890578516015"
"QN22.26.014.14.2B.02","Epsy_width_adapt_ratio","-0.0906612208105313"
"QN22.26.014.14.2B.02","Epsy_threshold_v_short_square","-1.0607188166883832"
"QN22.26.014.14.4A.02","Epsy_width_rheo","-1.1599629633130182"
"QN22.26.014.14.4A.02","Epsy_fast_trough_v_rheo","-1.008954453453157"
"QN22.26.014.14.4A.02","Epsy_peak_deltav_rheo","0.945429941876942"
"QN22.26.014.14.4A.02","Epsy_peak_v_rheo","0.5841096812895314"
"QN22.26.014.14.4A.02","Epsy_postap_slope_rheo","0.6579144025920357"
"QN22.26.014.14.4A.02","Epsy_threshold_v_rheo","-1.082192323080918"
"QN22.26.014.14.4A.02","Epsy_trough_t_rheo","0.3567678494534293"
"QN22.26.014.14.4A.02","Epsy_trough_v_rheo","-2.4825452272735182"
"QN22.26.014.14.4A.02","Epsy_upstroke_downstroke_ratio_rheo","0.8038158796454111"
"QN22.26.014.14.4A.02","Epsy_ahp_delay_5spike","0.8490751028313541"
"QN22.26.014.14.4A.02","Epsy_ahp_delay_ratio_5spike","0.6085293596928533"
"QN22.26.014.14.4A.02","Epsy_postap_slope_hero","0.3648941855453536"
"QN22.26.014.14.4A.02","Epsy_trough_t_hero","-0.1216577070348958"
"QN22.26.014.14.4A.02","Epsy_downstroke_adapt_ratio","0.8432682023123043"
"QN22.26.014.14.4A.02","Epsy_peak_v_adapt_ratio","0.2406904648792511"
"QN22.26.014.14.4A.02","Epsy_threshold_v_adapt_ratio","0.1442929690575574"
"QN22.26.014.14.4A.02","Epsy_upstroke_adapt_ratio","0.5160537637866417"
"QN22.26.014.14.4A.02","Epsy_width_adapt_ratio","-0.4388761150527613"
"QN22.26.014.14.4A.02","Epsy_threshold_v_short_square","-0.843462517105859"
"QN22.26.014.14.4A.06","Epsy_width_rheo","-0.9586475505747554"
"QN22.26.014.14.4A.06","Epsy_fast_trough_v_rheo","0.0892523972302241"
"QN22.26.014.14.4A.06","Epsy_peak_deltav_rheo","1.1531275914868224"
"QN22.26.014.14.4A.06","Epsy_peak_v_rheo","1.3282939725554146"
"QN22.26.014.14.4A.06","Epsy_postap_slope_rheo","0.0724279415059246"
"QN22.26.014.14.4A.06","Epsy_threshold_v_rheo","0.2039009712451125"
"QN22.26.014.14.4A.06","Epsy_trough_t_rheo","-0.4793815852775219"
"QN22.26.014.14.4A.06","Epsy_trough_v_rheo","-0.1227895962074294"
"QN22.26.014.14.4A.06","Epsy_upstroke_downstroke_ratio_rheo","1.9491153815019784"
"QN22.26.014.14.4A.06","Epsy_ahp_delay_5spike","0.5260803078898397"
"QN22.26.014.14.4A.06","Epsy_ahp_delay_ratio_5spike","0.2957795539796058"
"QN22.26.014.14.4A.06","Epsy_postap_slope_hero","-0.0699076328693264"
"QN22.26.014.14.4A.06","Epsy_trough_t_hero","0.2200396702765871"
"QN22.26.014.14.4A.06","Epsy_downstroke_adapt_ratio","0.5781139730829562"
"QN22.26.014.14.4A.06","Epsy_peak_v_adapt_ratio","0.0538784291535217"
"QN22.26.014.14.4A.06","Epsy_threshold_v_adapt_ratio","0.2722467154191448"
"QN22.26.014.14.4A.06","Epsy_upstroke_adapt_ratio","0.5793004419334906"
"QN22.26.014.14.4A.06","Epsy_width_adapt_ratio","-0.2863495447848785"
"QN22.26.014.14.4A.06","Epsy_threshold_v_short_square","0.0395371394070447"
"QN22.26.014.14.5B.02","Epsy_width_rheo","0.1079851929993814"
"QN22.26.014.14.5B.02","Epsy_fast_trough_v_rheo","-0.8149877924460368"
"QN22.26.014.14.5B.02","Epsy_peak_deltav_rheo","0.7089486256757106"
"QN22.26.014.14.5B.02","Epsy_peak_v_rheo","0.8145672494395004"
"QN22.26.014.14.5B.02","Epsy_postap_slope_rheo","0.3547913068125237"
"QN22.26.014.14.5B.02","Epsy_threshold_v_rheo","0.2077316541863689"
"QN22.26.014.14.5B.02","Epsy_trough_t_rheo","-0.4165406965313205"
"QN22.26.014.14.5B.02","Epsy_trough_v_rheo","-1.2269625722365087"
"QN22.26.014.14.5B.02","Epsy_upstroke_downstroke_ratio_rheo","1.7213386623271505"
"QN22.26.014.14.5B.02","Epsy_ahp_delay_5spike","0.6845884009142583"
"QN22.26.014.14.5B.02","Epsy_ahp_delay_ratio_5spike","0.3383951555249036"
"QN22.26.014.14.5B.02","Epsy_postap_slope_hero","-0.321386282058661"
"QN22.26.014.14.5B.02","Epsy_trough_t_hero","0.1275008814091823"
"QN22.26.014.14.5B.02","Epsy_downstroke_adapt_ratio","0.5426346590625404"
"QN22.26.014.14.5B.02","Epsy_peak_v_adapt_ratio","0.3807444081939664"
"QN22.26.014.14.5B.02","Epsy_threshold_v_adapt_ratio","0.1374945481933268"
"QN22.26.014.14.5B.02","Epsy_upstroke_adapt_ratio","0.4984482184876522"
"QN22.26.014.14.5B.02","Epsy_width_adapt_ratio","-0.1263663196496852"
"QN22.26.014.14.5B.02","Epsy_threshold_v_short_square","0.3904526336013895"
"QN22.26.015.14.01B.04","Epsy_width_rheo","0.3293580231146893"
"QN22.26.015.14.01B.04","Epsy_fast_trough_v_rheo","-3.7557367592002455"
"QN22.26.015.14.01B.04","Epsy_peak_deltav_rheo","0.5463607924425484"
"QN22.26.015.14.01B.04","Epsy_peak_v_rheo","0.3882795071207864"
"QN22.26.015.14.01B.04","Epsy_postap_slope_rheo","-0.1356651472511467"
"QN22.26.015.14.01B.04","Epsy_threshold_v_rheo","-0.2482573281987585"
"QN22.26.015.14.01B.04","Epsy_trough_t_rheo","-2.731721067035929"
"QN22.26.015.14.01B.04","Epsy_trough_v_rheo","-1.6361029905670108"
"QN22.26.015.14.01B.04","Epsy_upstroke_downstroke_ratio_rheo","1.505755199623635"
"QN22.26.015.14.01B.04","Epsy_ahp_delay_5spike","-1.6951375745465618"
"QN22.26.015.14.01B.04","Epsy_ahp_delay_ratio_5spike","-1.08420563407445"
"QN22.26.015.14.01B.04","Epsy_postap_slope_hero","0.1070242346633768"
"QN22.26.015.14.01B.04","Epsy_trough_t_hero","-3.213872224775025"
"QN22.26.015.14.01B.04","Epsy_downstroke_adapt_ratio","-0.7738866267929659"
"QN22.26.015.14.01B.04","Epsy_peak_v_adapt_ratio","-1.467191938767637"
"QN22.26.015.14.01B.04","Epsy_threshold_v_adapt_ratio","-0.9597999042856654"
"QN22.26.015.14.01B.04","Epsy_upstroke_adapt_ratio","-1.1498374243141312"
"QN22.26.015.14.01B.04","Epsy_width_adapt_ratio","0.7768734996435442"
"QN22.26.015.14.01B.04","Epsy_threshold_v_short_square","-0.4540829657649639"
"QN22.26.015.14.01B.06","Epsy_width_rheo","-0.0367563393423208"
"QN22.26.015.14.01B.06","Epsy_fast_trough_v_rheo","-1.6963696831531865"
"QN22.26.015.14.01B.06","Epsy_peak_deltav_rheo","1.085624636523841"
"QN22.26.015.14.01B.06","Epsy_peak_v_rheo","0.8567121575768524"
"QN22.26.015.14.01B.06","Epsy_postap_slope_rheo","0.1449061951619779"
"QN22.26.015.14.01B.06","Epsy_threshold_v_rheo","-0.8451280068488227"
"QN22.26.015.14.01B.06","Epsy_trough_t_rheo","-0.4846814975463449"
"QN22.26.015.14.01B.06","Epsy_trough_v_rheo","-1.4464761669947857"
"QN22.26.015.14.01B.06","Epsy_upstroke_downstroke_ratio_rheo","1.7327310073317033"
"QN22.26.015.14.01B.06","Epsy_ahp_delay_5spike","0.4602988569771294"
"QN22.26.015.14.01B.06","Epsy_ahp_delay_ratio_5spike","0.1709652447089047"
"QN22.26.015.14.01B.06","Epsy_postap_slope_hero","-0.1681666773117535"
"QN22.26.015.14.01B.06","Epsy_trough_t_hero","-0.4554356659394563"
"QN22.26.015.14.01B.06","Epsy_downstroke_adapt_ratio","0.1590731696851985"
"QN22.26.015.14.01B.06","Epsy_peak_v_adapt_ratio","0.0792295033588165"
"QN22.26.015.14.01B.06","Epsy_threshold_v_adapt_ratio","0.1548566968131335"
"QN22.26.015.14.01B.06","Epsy_upstroke_adapt_ratio","0.4055604486984047"
"QN22.26.015.14.01B.06","Epsy_width_adapt_ratio","-0.0781627355741195"
"QN22.26.015.14.01B.06","Epsy_threshold_v_short_square","-0.998887893831744"
"QN22.26.015.14.01B.07","Epsy_width_rheo","-0.0872675070868507"
"QN22.26.015.14.01B.07","Epsy_fast_trough_v_rheo","0.108993463447938"
"QN22.26.015.14.01B.07","Epsy_peak_deltav_rheo","0.924422336854582"
"QN22.26.015.14.01B.07","Epsy_peak_v_rheo","0.6918529430389352"
"QN22.26.015.14.01B.07","Epsy_postap_slope_rheo","0.4300134800805614"
"QN22.26.015.14.01B.07","Epsy_threshold_v_rheo","-0.693112689478319"
"QN22.26.015.14.01B.07","Epsy_trough_t_rheo","1.5658552406777724"
"QN22.26.015.14.01B.07","Epsy_trough_v_rheo","-1.7262879679240295"
"QN22.26.015.14.01B.07","Epsy_upstroke_downstroke_ratio_rheo","1.208373719441692"
"QN22.26.015.14.01B.07","Epsy_ahp_delay_5spike","1.1394631140789824"
"QN22.26.015.14.01B.07","Epsy_ahp_delay_ratio_5spike","1.0746934500154346"
"QN22.26.015.14.01B.07","Epsy_postap_slope_hero","0.2205230889558699"
"QN22.26.015.14.01B.07","Epsy_trough_t_hero","0.5466827059571402"
"QN22.26.015.14.01B.07","Epsy_downstroke_adapt_ratio","-0.0685649257781761"
"QN22.26.015.14.01B.07","Epsy_peak_v_adapt_ratio","0.4531857602663463"
"QN22.26.015.14.01B.07","Epsy_threshold_v_adapt_ratio","0.3725564377877222"
"QN22.26.015.14.01B.07","Epsy_upstroke_adapt_ratio","0.5248950338761135"
"QN22.26.015.14.01B.07","Epsy_width_adapt_ratio","-0.0279281905325183"
"QN22.26.015.14.01B.07","Epsy_threshold_v_short_square","-0.0525664781589403"
"QN22.26.015.14.05B.03","Epsy_width_rheo","0.2653205320493708"
"QN22.26.015.14.05B.03","Epsy_fast_trough_v_rheo","-1.4961155709148497"
"QN22.26.015.14.05B.03","Epsy_peak_deltav_rheo","0.7288499690326179"
"QN22.26.015.14.05B.03","Epsy_peak_v_rheo","0.5349428838042917"
"QN22.26.015.14.05B.03","Epsy_postap_slope_rheo","0.7720705832747439"
"QN22.26.015.14.05B.03","Epsy_threshold_v_rheo","-0.4385893111203583"
"QN22.26.015.14.05B.03","Epsy_trough_t_rheo","-1.3741501063717505"
"QN22.26.015.14.05B.03","Epsy_trough_v_rheo","-0.526577573829179"
"QN22.26.015.14.05B.03","Epsy_upstroke_downstroke_ratio_rheo","0.9663150802458664"
"QN22.26.015.14.05B.03","Epsy_ahp_delay_5spike","-1.9273313387286943"
"QN22.26.015.14.05B.03","Epsy_ahp_delay_ratio_5spike","-1.804950557473319"
"QN22.26.015.14.05B.03","Epsy_postap_slope_hero","0.3961937789854166"
"QN22.26.015.14.05B.03","Epsy_trough_t_hero","-1.0268950668137309"
"QN22.26.015.14.05B.03","Epsy_downstroke_adapt_ratio","0.5357576013009651"
"QN22.26.015.14.05B.03","Epsy_peak_v_adapt_ratio","0.2413011656189282"
"QN22.26.015.14.05B.03","Epsy_threshold_v_adapt_ratio","0.314195034350463"
"QN22.26.015.14.05B.03","Epsy_upstroke_adapt_ratio","0.2660845073922384"
"QN22.26.015.14.05B.03","Epsy_width_adapt_ratio","-0.2726395531454303"
"QN22.26.015.14.05B.03","Epsy_threshold_v_short_square","-0.4803757801105199"
"QN22.26.015.14.06B.01","Epsy_width_rheo","0.7307855700565156"
"QN22.26.015.14.06B.01","Epsy_fast_trough_v_rheo","-0.7490888748358155"
"QN22.26.015.14.06B.01","Epsy_peak_deltav_rheo","0.3802466221697062"
"QN22.26.015.14.06B.01","Epsy_peak_v_rheo","-0.3695372095451072"
"QN22.26.015.14.06B.01","Epsy_postap_slope_rheo","-0.1596354554461025"
"QN22.26.015.14.06B.01","Epsy_threshold_v_rheo","-1.3650613967665064"
"QN22.26.015.14.06B.01","Epsy_trough_t_rheo","-0.6698345278976303"
"QN22.26.015.14.06B.01","Epsy_trough_v_rheo","-0.9398710016438736"
"QN22.26.015.14.06B.01","Epsy_upstroke_downstroke_ratio_rheo","0.036898303695623"
"QN22.26.015.14.06B.01","Epsy_ahp_delay_5spike","0.7566427285566352"
"QN22.26.015.14.06B.01","Epsy_ahp_delay_ratio_5spike","1.0231731951847054"
"QN22.26.015.14.06B.01","Epsy_postap_slope_hero","0.0488546830314203"
"QN22.26.015.14.06B.01","Epsy_trough_t_hero","-0.9248154915523292"
"QN22.26.015.14.06B.01","Epsy_downstroke_adapt_ratio","-1.2834700269249943"
"QN22.26.015.14.06B.01","Epsy_peak_v_adapt_ratio","-2.963688081569856"
"QN22.26.015.14.06B.01","Epsy_threshold_v_adapt_ratio","1.704245320349307"
"QN22.26.015.14.06B.01","Epsy_upstroke_adapt_ratio","-0.0532616846033431"
"QN22.26.015.14.06B.01","Epsy_width_adapt_ratio","-0.0086032174539343"
"QN22.26.015.14.06B.01","Epsy_threshold_v_short_square","-0.3255244591819779"
"QN22.26.015.14.06B.03","Epsy_width_rheo","-0.0119415793994513"
"QN22.26.015.14.06B.03","Epsy_fast_trough_v_rheo","-0.6572068082064908"
"QN22.26.015.14.06B.03","Epsy_peak_deltav_rheo","0.4973034067113812"
"QN22.26.015.14.06B.03","Epsy_peak_v_rheo","0.3420954201184919"
"QN22.26.015.14.06B.03","Epsy_postap_slope_rheo","-0.1453901344558233"
"QN22.26.015.14.06B.03","Epsy_threshold_v_rheo","-0.2163721342936401"
"QN22.26.015.14.06B.03","Epsy_trough_t_rheo","-0.1789486731794166"
"QN22.26.015.14.06B.03","Epsy_trough_v_rheo","-1.020263789259583"
"QN22.26.015.14.06B.03","Epsy_upstroke_downstroke_ratio_rheo","1.5201354054796012"
"QN22.26.015.14.06B.03","Epsy_ahp_delay_5spike","0.3712952121719777"
"QN22.26.015.14.06B.03","Epsy_ahp_delay_ratio_5spike","0.6105847305157444"
"QN22.26.015.14.06B.03","Epsy_postap_slope_hero","0.3213230622788599"
"QN22.26.015.14.06B.03","Epsy_trough_t_hero","-0.31876451973409"
"QN22.26.015.14.06B.03","Epsy_downstroke_adapt_ratio","0.8373815218214143"
"QN22.26.015.14.06B.03","Epsy_peak_v_adapt_ratio","0.6421787428554089"
"QN22.26.015.14.06B.03","Epsy_threshold_v_adapt_ratio","0.7515580367619034"
"QN22.26.015.14.06B.03","Epsy_upstroke_adapt_ratio","0.5835807037286094"
"QN22.26.015.14.06B.03","Epsy_width_adapt_ratio","-0.1450179502851494"
"QN22.26.015.14.06B.03","Epsy_threshold_v_short_square","-0.4117771512677752"
"QN22.26.020.14.02.04","Epsy_width_rheo","-0.1920195916270849"
"QN22.26.020.14.02.04","Epsy_fast_trough_v_rheo","0.2098679830201559"
"QN22.26.020.14.02.04","Epsy_peak_deltav_rheo","0.0337480956937798"
"QN22.26.020.14.02.04","Epsy_peak_v_rheo","-0.0396731506971911"
"QN22.26.020.14.02.04","Epsy_postap_slope_rheo","0.8373684765042894"
"QN22.26.020.14.02.04","Epsy_threshold_v_rheo","0.1021998381940083"
"QN22.26.020.14.02.04","Epsy_trough_t_rheo","0.0237224451682561"
"QN22.26.020.14.02.04","Epsy_trough_v_rheo","0.6014106007185345"
"QN22.26.020.14.02.04","Epsy_upstroke_downstroke_ratio_rheo","-0.3982690922593139"
"QN22.26.020.14.02.04","Epsy_ahp_delay_5spike","-2.2971851233706677"
"QN22.26.020.14.02.04","Epsy_ahp_delay_ratio_5spike","-2.226338252792817"
"QN22.26.020.14.02.04","Epsy_postap_slope_hero","0.9167665531094878"
"QN22.26.020.14.02.04","Epsy_trough_t_hero","0.1001718622625697"
"QN22.26.020.14.02.04","Epsy_downstroke_adapt_ratio","-0.0726072038109308"
"QN22.26.020.14.02.04","Epsy_peak_v_adapt_ratio","0.9364949841401968"
"QN22.26.020.14.02.04","Epsy_threshold_v_adapt_ratio","0.6331223602239374"
"QN22.26.020.14.02.04","Epsy_upstroke_adapt_ratio","0.6705850010194868"
"QN22.26.020.14.02.04","Epsy_width_adapt_ratio","-0.6413351249929982"
"QN22.26.020.14.02.04","Epsy_threshold_v_short_square","0.7924630065081644"
"QN22.26.021.14.06B.02","Epsy_width_rheo","-0.5411348110736116"
"QN22.26.021.14.06B.02","Epsy_fast_trough_v_rheo","0.385915702622746"
"QN22.26.021.14.06B.02","Epsy_peak_deltav_rheo","0.2646798652938556"
"QN22.26.021.14.06B.02","Epsy_peak_v_rheo","0.4223700520795698"
"QN22.26.021.14.06B.02","Epsy_postap_slope_rheo","0.4440081007865828"
"QN22.26.021.14.06B.02","Epsy_threshold_v_rheo","0.4029083579754633"
"QN22.26.021.14.06B.02","Epsy_trough_t_rheo","-1.6343830718045365"
"QN22.26.021.14.06B.02","Epsy_trough_v_rheo","0.3250279023612836"
"QN22.26.021.14.06B.02","Epsy_upstroke_downstroke_ratio_rheo","0.3042946736468764"
"QN22.26.021.14.06B.02","Epsy_ahp_delay_5spike","-0.0313272320685124"
"QN22.26.021.14.06B.02","Epsy_ahp_delay_ratio_5spike","0.2346004614586387"
"QN22.26.021.14.06B.02","Epsy_postap_slope_hero","0.6878829371665601"
"QN22.26.021.14.06B.02","Epsy_trough_t_hero","-1.219495212392051"
"QN22.26.021.14.06B.02","Epsy_downstroke_adapt_ratio","0.5616252122573979"
"QN22.26.021.14.06B.02","Epsy_peak_v_adapt_ratio","0.0324470447619957"
"QN22.26.021.14.06B.02","Epsy_threshold_v_adapt_ratio","0.1843079854528815"
"QN22.26.021.14.06B.02","Epsy_upstroke_adapt_ratio","0.2607741283122602"
"QN22.26.021.14.06B.02","Epsy_width_adapt_ratio","-0.0069804928035215"
"QN22.26.021.14.06B.02","Epsy_threshold_v_short_square","0.0281571762532272"
"QN22.26.021.14.08B.02","Epsy_width_rheo","0.1079851929993814"
"QN22.26.021.14.08B.02","Epsy_fast_trough_v_rheo","-0.3055555472255614"
"QN22.26.021.14.08B.02","Epsy_peak_deltav_rheo","0.5481564977053307"
"QN22.26.021.14.08B.02","Epsy_peak_v_rheo","0.7756315903202612"
"QN22.26.021.14.08B.02","Epsy_postap_slope_rheo","-0.409475213124068"
"QN22.26.021.14.08B.02","Epsy_threshold_v_rheo","0.4728178451543421"
"QN22.26.021.14.08B.02","Epsy_trough_t_rheo","-1.96553386747418"
"QN22.26.021.14.08B.02","Epsy_trough_v_rheo","0.132079514323564"
"QN22.26.021.14.08B.02","Epsy_upstroke_downstroke_ratio_rheo","0.9983810494407384"
"QN22.26.021.14.08B.02","Epsy_ahp_delay_5spike","-0.7455845454084196"
"QN22.26.021.14.08B.02","Epsy_ahp_delay_ratio_5spike","-0.1904180184021298"
"QN22.26.021.14.08B.02","Epsy_postap_slope_hero","-0.7008432531882445"
"QN22.26.021.14.08B.02","Epsy_trough_t_hero","-1.7476986646051853"
"QN22.26.021.14.08B.02","Epsy_downstroke_adapt_ratio","-0.4038478276032938"
"QN22.26.021.14.08B.02","Epsy_peak_v_adapt_ratio","-0.9287903288662196"
"QN22.26.021.14.08B.02","Epsy_threshold_v_adapt_ratio","-1.6082468511852983"
"QN22.26.021.14.08B.02","Epsy_upstroke_adapt_ratio","-0.8141051488694276"
"QN22.26.021.14.08B.02","Epsy_width_adapt_ratio","0.5597707983608401"
"QN22.26.021.14.08B.02","Epsy_threshold_v_short_square","0.0621865050841251"
"QN22.26.021.14.08B.05","Epsy_width_rheo","-0.3021729819899881"
"QN22.26.021.14.08B.05","Epsy_fast_trough_v_rheo","-1.017073683614462"
"QN22.26.021.14.08B.05","Epsy_peak_deltav_rheo","0.878705662335588"
"QN22.26.021.14.08B.05","Epsy_peak_v_rheo","0.9444538888524112"
"QN22.26.021.14.08B.05","Epsy_postap_slope_rheo","-0.3885842652874305"
"QN22.26.021.14.08B.05","Epsy_threshold_v_rheo","0.0619696780329057"
"QN22.26.021.14.08B.05","Epsy_trough_t_rheo","-1.0234309501880858"
"QN22.26.021.14.08B.05","Epsy_trough_v_rheo","-0.1388031496211914"
"QN22.26.021.14.08B.05","Epsy_upstroke_downstroke_ratio_rheo","0.8303616574554591"
"QN22.26.021.14.08B.05","Epsy_ahp_delay_5spike","-0.1427754776416805"
"QN22.26.021.14.08B.05","Epsy_ahp_delay_ratio_5spike","-0.1249870686362328"
"QN22.26.021.14.08B.05","Epsy_postap_slope_hero","0.4299169702037396"
"QN22.26.021.14.08B.05","Epsy_trough_t_hero","-0.9628232714728904"
"QN22.26.021.14.08B.05","Epsy_downstroke_adapt_ratio","0.9344530503499432"
"QN22.26.021.14.08B.05","Epsy_peak_v_adapt_ratio","0.0897082201013078"
"QN22.26.021.14.08B.05","Epsy_threshold_v_adapt_ratio","0.4973544744119632"
"QN22.26.021.14.08B.05","Epsy_upstroke_adapt_ratio","0.5998026753093932"
"QN22.26.021.14.08B.05","Epsy_width_adapt_ratio","-0.8281047650803719"
"QN22.26.021.14.08B.05","Epsy_threshold_v_short_square","-0.0759792184053461"
"QN22.26.027.14.04.03","Epsy_width_rheo","0.5299338132649696"
"QN22.26.027.14.04.03","Epsy_fast_trough_v_rheo","-0.8982662581716045"
"QN22.26.027.14.04.03","Epsy_peak_deltav_rheo","0.6922224988113185"
"QN22.26.027.14.04.03","Epsy_peak_v_rheo","0.5262932735697395"
"QN22.26.027.14.04.03","Epsy_postap_slope_rheo","0.6207083149905338"
"QN22.26.027.14.04.03","Epsy_threshold_v_rheo","-0.351164725751896"
"QN22.26.027.14.04.03","Epsy_trough_t_rheo","0.3792336340230345"
"QN22.26.027.14.04.03","Epsy_trough_v_rheo","-1.2269625722365087"
"QN22.26.027.14.04.03","Epsy_upstroke_downstroke_ratio_rheo","1.0359846908893309"
"QN22.26.027.14.04.03","Epsy_ahp_delay_5spike","0.4651691538667849"
"QN22.26.027.14.04.03","Epsy_ahp_delay_ratio_5spike","0.662397807468178"
"QN22.26.027.14.04.03","Epsy_postap_slope_hero","-0.1439386889932872"
"QN22.26.027.14.04.03","Epsy_trough_t_hero","0.0100656577126603"
"QN22.26.027.14.04.03","Epsy_downstroke_adapt_ratio","-0.7440801743576961"
"QN22.26.027.14.04.03","Epsy_peak_v_adapt_ratio","-0.5066439076873194"
"QN22.26.027.14.04.03","Epsy_threshold_v_adapt_ratio","0.4102352007637617"
"QN22.26.027.14.04.03","Epsy_upstroke_adapt_ratio","-0.1776575735859644"
"QN22.26.027.14.04.03","Epsy_width_adapt_ratio","0.5926369774493015"
"QN22.26.027.14.04.03","Epsy_threshold_v_short_square","-0.6217768763327864"
"QN22.26.028.14.03.01","Epsy_width_rheo","1.2400712427755392"
"QN22.26.028.14.03.01","Epsy_fast_trough_v_rheo","0.2145603164712722"
"QN22.26.028.14.03.01","Epsy_peak_deltav_rheo","0.1120378160101915"
"QN22.26.028.14.03.01","Epsy_peak_v_rheo","0.3951346381073865"
"QN22.26.028.14.03.01","Epsy_postap_slope_rheo","-0.4125959490918608"
"QN22.26.028.14.03.01","Epsy_threshold_v_rheo","0.6070982158768902"
"QN22.26.028.14.03.01","Epsy_trough_t_rheo","-1.424859344612519"
"QN22.26.028.14.03.01","Epsy_trough_v_rheo","0.7216118219641909"
"QN22.26.028.14.03.01","Epsy_upstroke_downstroke_ratio_rheo","0.1678326065223395"
"QN22.26.028.14.03.01","Epsy_ahp_delay_5spike","-0.2745137538509602"
"QN22.26.028.14.03.01","Epsy_ahp_delay_ratio_5spike","0.0103854795008783"
"QN22.26.028.14.03.01","Epsy_postap_slope_hero","0.2893218837006145"
"QN22.26.028.14.03.01","Epsy_trough_t_hero","-0.478755136141101"
"QN22.26.028.14.03.01","Epsy_downstroke_adapt_ratio","-0.3162445555549984"
"QN22.26.028.14.03.01","Epsy_peak_v_adapt_ratio","-0.2324402972505812"
"QN22.26.028.14.03.01","Epsy_threshold_v_adapt_ratio","-0.9362980843955364"
"QN22.26.028.14.03.01","Epsy_upstroke_adapt_ratio","-0.6062503928006958"
"QN22.26.028.14.03.01","Epsy_width_adapt_ratio","0.6456218431297392"
"QN22.26.028.14.03.01","Epsy_threshold_v_short_square","-0.162198794366416"
"QN22.26.028.14.04.03","Epsy_width_rheo","-0.5411348110742435"
"QN22.26.028.14.04.03","Epsy_fast_trough_v_rheo","-1.7521942085375168"
"QN22.26.028.14.04.03","Epsy_peak_deltav_rheo","0.7648663788925807"
"QN22.26.028.14.04.03","Epsy_peak_v_rheo","0.1001117522972615"
"QN22.26.028.14.04.03","Epsy_postap_slope_rheo","0.4541251996139536"
"QN22.26.028.14.04.03","Epsy_threshold_v_rheo","-1.749047477377033"
"QN22.26.028.14.04.03","Epsy_trough_t_rheo","0.1809453031920808"
"QN22.26.028.14.04.03","Epsy_trough_v_rheo","-1.9835662238374197"
"QN22.26.028.14.04.03","Epsy_upstroke_downstroke_ratio_rheo","0.86469146210103"
"QN22.26.028.14.04.03","Epsy_ahp_delay_5spike","0.897555582836856"
"QN22.26.028.14.04.03","Epsy_ahp_delay_ratio_5spike","0.7335059522301697"
"QN22.26.028.14.04.03","Epsy_postap_slope_hero","0.2779305625415765"
"QN22.26.028.14.04.03","Epsy_trough_t_hero","0.3609031130692901"
"QN22.26.028.14.04.03","Epsy_downstroke_adapt_ratio","0.3920822697042535"
"QN22.26.028.14.04.03","Epsy_peak_v_adapt_ratio","-0.1905827382399653"
"QN22.26.028.14.04.03","Epsy_threshold_v_adapt_ratio","0.568726443889578"
"QN22.26.028.14.04.03","Epsy_upstroke_adapt_ratio","0.159459015973562"
"QN22.26.028.14.04.03","Epsy_width_adapt_ratio","0.184274980216111"
"QN22.26.028.14.04.03","Epsy_threshold_v_short_square","-1.8447324097094733"
"QN22.26.028.14.54B.05","Epsy_width_rheo","-0.4183151176999808"
"QN22.26.028.14.54B.05","Epsy_fast_trough_v_rheo","-0.0859947785281428"
"QN22.26.028.14.54B.05","Epsy_peak_deltav_rheo","0.7858697614413273"
"QN22.26.028.14.54B.05","Epsy_peak_v_rheo","0.7340906714018676"
"QN22.26.028.14.54B.05","Epsy_postap_slope_rheo","-0.8821770753950622"
"QN22.26.028.14.54B.05","Epsy_threshold_v_rheo","-0.1537813168450338"
"QN22.26.028.14.54B.05","Epsy_trough_t_rheo","-0.3246713008179138"
"QN22.26.028.14.54B.05","Epsy_trough_v_rheo","-0.1068981092713945"
"QN22.26.028.14.54B.05","Epsy_upstroke_downstroke_ratio_rheo","1.3583826302797284"
"QN22.26.028.14.54B.05","Epsy_ahp_delay_5spike","0.3217634581131309"
"QN22.26.028.14.54B.05","Epsy_ahp_delay_ratio_5spike","0.2320050211570813"
"QN22.26.028.14.54B.05","Epsy_postap_slope_hero","-0.9160804492802644"
"QN22.26.028.14.54B.05","Epsy_trough_t_hero","-0.7886025168516342"
"QN22.26.028.14.54B.05","Epsy_downstroke_adapt_ratio","0.4615344606438599"
"QN22.26.028.14.54B.05","Epsy_peak_v_adapt_ratio","0.3309175476080656"
"QN22.26.028.14.54B.05","Epsy_threshold_v_adapt_ratio","0.7959554112077948"
"QN22.26.028.14.54B.05","Epsy_upstroke_adapt_ratio","0.3829818645459368"
"QN22.26.028.14.54B.05","Epsy_width_adapt_ratio","-0.4178852877287484"
"QN22.26.028.14.54B.05","Epsy_threshold_v_short_square","-0.0554848107584013"
"QN22.26.036.14.01B.05","Epsy_width_rheo","-1.2905347662741748"
"QN22.26.036.14.01B.05","Epsy_fast_trough_v_rheo","-0.1512819634609616"
"QN22.26.036.14.01B.05","Epsy_peak_deltav_rheo","0.7599902881627287"
"QN22.26.036.14.01B.05","Epsy_peak_v_rheo","0.8775233603820883"
"QN22.26.036.14.01B.05","Epsy_postap_slope_rheo","-2.2959131747002277"
"QN22.26.036.14.01B.05","Epsy_threshold_v_rheo","0.2153770715553429"
"QN22.26.036.14.01B.05","Epsy_trough_t_rheo","-0.2477141165796694"
"QN22.26.036.14.01B.05","Epsy_trough_v_rheo","0.0010577448683761"
"QN22.26.036.14.01B.05","Epsy_upstroke_downstroke_ratio_rheo","0.9587368675004332"
"QN22.26.036.14.01B.05","Epsy_ahp_delay_5spike","-0.1620864831212558"
"QN22.26.036.14.01B.05","Epsy_ahp_delay_ratio_5spike","0.2907147579639093"
"QN22.26.036.14.01B.05","Epsy_postap_slope_hero","-2.3425476802474714"
"QN22.26.036.14.01B.05","Epsy_trough_t_hero","-0.6915443474527403"
"QN22.26.036.14.01B.05","Epsy_downstroke_adapt_ratio","1.153233412886386"
"QN22.26.036.14.01B.05","Epsy_peak_v_adapt_ratio","0.265270669828565"
"QN22.26.036.14.01B.05","Epsy_threshold_v_adapt_ratio","0.5067557225778606"
"QN22.26.036.14.01B.05","Epsy_upstroke_adapt_ratio","0.7599592039247914"
"QN22.26.036.14.01B.05","Epsy_width_adapt_ratio","-0.5452520114253616"
"QN22.26.036.14.01B.05","Epsy_threshold_v_short_square","0.2315405035936347"
"QN22.26.036.14.02B.02","Epsy_width_rheo","-0.8102255717289897"
"QN22.26.036.14.02B.02","Epsy_fast_trough_v_rheo","-0.8075697437798514"
"QN22.26.036.14.02B.02","Epsy_peak_deltav_rheo","0.3430659640756391"
"QN22.26.036.14.02B.02","Epsy_peak_v_rheo","0.4201119274262053"
"QN22.26.036.14.02B.02","Epsy_postap_slope_rheo","0.5603808692993556"
"QN22.26.036.14.02B.02","Epsy_threshold_v_rheo","0.2570160703415126"
"QN22.26.036.14.02B.02","Epsy_trough_t_rheo","0.3613151129053072"
"QN22.26.036.14.02B.02","Epsy_trough_v_rheo","-0.1603502872033161"
"QN22.26.036.14.02B.02","Epsy_upstroke_downstroke_ratio_rheo","0.5318234333549338"
"QN22.26.036.14.02B.02","Epsy_ahp_delay_5spike","0.0488556104291906"
"QN22.26.036.14.02B.02","Epsy_ahp_delay_ratio_5spike","0.0831503457055549"
"QN22.26.036.14.02B.02","Epsy_postap_slope_hero","0.0362953536977245"
"QN22.26.036.14.02B.02","Epsy_trough_t_hero","0.1910699346305931"
"QN22.26.036.14.02B.02","Epsy_downstroke_adapt_ratio","0.3311527372378978"
"QN22.26.036.14.02B.02","Epsy_peak_v_adapt_ratio","0.2795747550965949"
"QN22.26.036.14.02B.02","Epsy_threshold_v_adapt_ratio","0.1841701741048441"
"QN22.26.036.14.02B.02","Epsy_upstroke_adapt_ratio","0.2733726494138426"
"QN22.26.036.14.02B.02","Epsy_width_adapt_ratio","-0.1800987252902276"
"QN22.26.036.14.02B.02","Epsy_threshold_v_short_square","-0.2444421899998541"
"QN22.26.036.14.02B.03","Epsy_width_rheo","0.5299338132649696"
"QN22.26.036.14.02B.03","Epsy_fast_trough_v_rheo","0.4160953863622567"
"QN22.26.036.14.02B.03","Epsy_peak_deltav_rheo","-0.4549791531831094"
"QN22.26.036.14.02B.03","Epsy_peak_v_rheo","0.1559309632992637"
"QN22.26.036.14.02B.03","Epsy_postap_slope_rheo","0.3365587423823243"
"QN22.26.036.14.02B.03","Epsy_threshold_v_rheo","0.9915936717395476"
"QN22.26.036.14.02B.03","Epsy_trough_t_rheo","-0.9960382182479494"
"QN22.26.036.14.02B.03","Epsy_trough_v_rheo","0.7980414354754467"
"QN22.26.036.14.02B.03","Epsy_upstroke_downstroke_ratio_rheo","0.6164683827800929"
"QN22.26.036.14.02B.03","Epsy_ahp_delay_5spike","-0.544935678787881"
"QN22.26.036.14.02B.03","Epsy_ahp_delay_ratio_5spike","-0.1712656556659526"
"QN22.26.036.14.02B.03","Epsy_postap_slope_hero","0.4622086832731047"
"QN22.26.036.14.02B.03","Epsy_trough_t_hero","0.144521611524765"
"QN22.26.036.14.02B.03","Epsy_downstroke_adapt_ratio","-0.8475064905039864"
"QN22.26.036.14.02B.03","Epsy_peak_v_adapt_ratio","-0.4968423578592752"
"QN22.26.036.14.02B.03","Epsy_threshold_v_adapt_ratio","-0.9712380994362728"
"QN22.26.036.14.02B.03","Epsy_upstroke_adapt_ratio","-0.6588683654123827"
"QN22.26.036.14.02B.03","Epsy_width_adapt_ratio","1.1155433368365737"
"QN22.26.036.14.02B.03","Epsy_threshold_v_short_square","0.2032045906785203"
"QN22.26.036.14.02B.04","Epsy_width_rheo","-1.1181538882027684"
"QN22.26.036.14.02B.04","Epsy_fast_trough_v_rheo","-0.7204127879830502"
"QN22.26.036.14.02B.04","Epsy_peak_deltav_rheo","0.661785149546926"
"QN22.26.036.14.02B.04","Epsy_peak_v_rheo","0.5967792113947477"
"QN22.26.036.14.02B.04","Epsy_postap_slope_rheo","0.852370277531952"
"QN22.26.036.14.02B.04","Epsy_threshold_v_rheo","-0.1186982111141842"
"QN22.26.036.14.02B.04","Epsy_trough_t_rheo","-0.2584554186505852"
"QN22.26.036.14.02B.04","Epsy_trough_v_rheo","-0.2207841098318177"
"QN22.26.036.14.02B.04","Epsy_upstroke_downstroke_ratio_rheo","0.9953998331890423"
"QN22.26.036.14.02B.04","Epsy_ahp_delay_5spike","0.16280032004679"
"QN22.26.036.14.02B.04","Epsy_ahp_delay_ratio_5spike","0.1742643373301031"
"QN22.26.036.14.02B.04","Epsy_postap_slope_hero","0.8577107598403075"
"QN22.26.036.14.02B.04","Epsy_trough_t_hero","-0.0783180189489134"
"QN22.26.036.14.02B.04","Epsy_downstroke_adapt_ratio","0.519016118641961"
"QN22.26.036.14.02B.04","Epsy_peak_v_adapt_ratio","0.0259014317018186"
"QN22.26.036.14.02B.04","Epsy_threshold_v_adapt_ratio","0.2565890306298387"
"QN22.26.036.14.02B.04","Epsy_upstroke_adapt_ratio","0.5109590964334304"
"QN22.26.036.14.02B.04","Epsy_width_adapt_ratio","-0.3245704083957327"
"QN22.26.036.14.02B.04","Epsy_threshold_v_short_square","-0.3508583823369617"
"QN22.26.036.14.04B.05","Epsy_width_rheo","0.2868803091776449"
"QN22.26.036.14.04B.05","Epsy_fast_trough_v_rheo","-0.3838148471197823"
"QN22.26.036.14.04B.05","Epsy_peak_deltav_rheo","-0.3958088592860382"
"QN22.26.036.14.04B.05","Epsy_peak_v_rheo","-0.8782882833620366"
"QN22.26.036.14.04B.05","Epsy_postap_slope_rheo","0.1337509209624816"
"QN22.26.036.14.04B.05","Epsy_threshold_v_rheo","-0.2945151905697947"
"QN22.26.036.14.04B.05","Epsy_trough_t_rheo","-0.3461727809095873"
"QN22.26.036.14.04B.05","Epsy_trough_v_rheo","-0.187602077902357"
"QN22.26.036.14.04B.05","Epsy_upstroke_downstroke_ratio_rheo","-0.8264837445155743"
"QN22.26.036.14.04B.05","Epsy_ahp_delay_5spike","0.5208644323914511"
"QN22.26.036.14.04B.05","Epsy_ahp_delay_ratio_5spike","0.7882840538397261"
"QN22.26.036.14.04B.05","Epsy_postap_slope_hero","-0.8451074776285233"
"QN22.26.036.14.04B.05","Epsy_trough_t_hero","-0.4449066467030684"
"QN22.26.036.14.04B.05","Epsy_downstroke_adapt_ratio","-0.4022511523081415"
"QN22.26.036.14.04B.05","Epsy_peak_v_adapt_ratio","1.6395051611406055"
"QN22.26.036.14.04B.05","Epsy_threshold_v_adapt_ratio","0.5157501693738837"
"QN22.26.036.14.04B.05","Epsy_upstroke_adapt_ratio","0.7029209254623231"
"QN22.26.036.14.04B.05","Epsy_width_adapt_ratio","-0.1611720302490987"
"QN22.26.036.14.04B.05","Epsy_threshold_v_short_square","0.1292620176448896"
"QN22.26.036.14.04B.07","Epsy_width_rheo","-0.0872675070868507"
"QN22.26.036.14.04B.07","Epsy_fast_trough_v_rheo","0.6048807885738254"
"QN22.26.036.14.04B.07","Epsy_peak_deltav_rheo","0.5301318765419413"
"QN22.26.036.14.04B.07","Epsy_peak_v_rheo","0.6550763315524624"
"QN22.26.036.14.04B.07","Epsy_postap_slope_rheo","-0.0818091827707141"
"QN22.26.036.14.04B.07","Epsy_threshold_v_rheo","0.2942848165337"
"QN22.26.036.14.04B.07","Epsy_trough_t_rheo","0.4729779125630744"
"QN22.26.036.14.04B.07","Epsy_trough_v_rheo","0.5211242874180819"
"QN22.26.036.14.04B.07","Epsy_upstroke_downstroke_ratio_rheo","1.2465396410904848"
"QN22.26.036.14.04B.07","Epsy_ahp_delay_5spike","0.6148961182845156"
"QN22.26.036.14.04B.07","Epsy_ahp_delay_ratio_5spike","0.9243979129967416"
"QN22.26.036.14.04B.07","Epsy_postap_slope_hero","-0.2433004700570685"
"QN22.26.036.14.04B.07","Epsy_trough_t_hero","-0.0300477940453102"
"QN22.26.036.14.04B.07","Epsy_downstroke_adapt_ratio","-0.3042802704779222"
"QN22.26.036.14.04B.07","Epsy_peak_v_adapt_ratio","0.0591880134798812"
"QN22.26.036.14.04B.07","Epsy_threshold_v_adapt_ratio","0.4164046193447648"
"QN22.26.036.14.04B.07","Epsy_upstroke_adapt_ratio","0.5451455120007921"
"QN22.26.036.14.04B.07","Epsy_width_adapt_ratio","0.280468556993361"
"QN22.26.036.14.04B.07","Epsy_threshold_v_short_square","0.2596471148412439"
"QN22.26.036.14.05B.04","Epsy_width_rheo","0.6778532850396287"
"QN22.26.036.14.05B.04","Epsy_fast_trough_v_rheo","-0.2185357881487526"
"QN22.26.036.14.05B.04","Epsy_peak_deltav_rheo","0.2564775199163454"
"QN22.26.036.14.05B.04","Epsy_peak_v_rheo","-0.1733361150333025"
"QN22.26.036.14.05B.04","Epsy_postap_slope_rheo","-0.4840261138664918"
"QN22.26.036.14.05B.04","Epsy_threshold_v_rheo","-0.5861174866878456"
"QN22.26.036.14.05B.04","Epsy_trough_t_rheo","1.494396278216659"
"QN22.26.036.14.05B.04","Epsy_trough_v_rheo","-0.2887847924516057"
"QN22.26.036.14.05B.04","Epsy_upstroke_downstroke_ratio_rheo","1.5565370251187671"
"QN22.26.036.14.05B.04","Epsy_ahp_delay_5spike","0.937335449535115"
"QN22.26.036.14.05B.04","Epsy_ahp_delay_ratio_5spike","0.8442648601605557"
"QN22.26.036.14.05B.04","Epsy_postap_slope_hero","0.0090970946910321"
"QN22.26.036.14.05B.04","Epsy_trough_t_hero","0.6338068382352074"
"QN22.26.036.14.05B.04","Epsy_downstroke_adapt_ratio","-0.6751144565452716"
"QN22.26.036.14.05B.04","Epsy_peak_v_adapt_ratio","-0.7738048146906193"
"QN22.26.036.14.05B.04","Epsy_threshold_v_adapt_ratio","0.0611177988411127"
"QN22.26.036.14.05B.04","Epsy_upstroke_adapt_ratio","0.1016805042337213"
"QN22.26.036.14.05B.04","Epsy_width_adapt_ratio","0.7017751035766463"
"QN22.26.036.14.05B.04","Epsy_threshold_v_short_square","-0.6080589701410325"
"QN22.26.036.14.06A.03","Epsy_width_rheo","-2.454809113078876"
"QN22.26.036.14.06A.03","Epsy_fast_trough_v_rheo","1.1441836310300435"
"QN22.26.036.14.06A.03","Epsy_peak_deltav_rheo","0.2748902860650037"
"QN22.26.036.14.06A.03","Epsy_peak_v_rheo","0.8280537345955545"
"QN22.26.036.14.06A.03","Epsy_postap_slope_rheo","2.2116419075177416"
"QN22.26.036.14.06A.03","Epsy_threshold_v_rheo","1.000006127338237"
"QN22.26.036.14.06A.03","Epsy_trough_t_rheo","1.0121335704216214"
"QN22.26.036.14.06A.03","Epsy_trough_v_rheo","1.1744328103311974"
"QN22.26.036.14.06A.03","Epsy_upstroke_downstroke_ratio_rheo","-0.4766797919473621"
"QN22.26.036.14.06A.03","Epsy_ahp_delay_5spike","-0.1395882653772904"
"QN22.26.036.14.06A.03","Epsy_ahp_delay_ratio_5spike","0.215484470514167"
"QN22.26.036.14.06A.03","Epsy_postap_slope_hero","1.1369906059794357"
"QN22.26.036.14.06A.03","Epsy_trough_t_hero","-0.2181066104652014"
"QN22.26.036.14.06A.03","Epsy_downstroke_adapt_ratio","0.9455000893740044"
"QN22.26.036.14.06A.03","Epsy_peak_v_adapt_ratio","0.2861586923942687"
"QN22.26.036.14.06A.03","Epsy_threshold_v_adapt_ratio","0.8878737281922856"
"QN22.26.036.14.06A.03","Epsy_upstroke_adapt_ratio","0.5215389475535724"
"QN22.26.036.14.06A.03","Epsy_width_adapt_ratio","-0.7094073094329337"
"QN22.26.036.14.06A.03","Epsy_threshold_v_short_square","0.6572268887133521"
"QN22.26.036.14.06A.04","Epsy_width_rheo","-1.9110978099769569"
"QN22.26.036.14.06A.04","Epsy_fast_trough_v_rheo","-0.2529383611983095"
"QN22.26.036.14.06A.04","Epsy_peak_deltav_rheo","0.3112510527821172"
"QN22.26.036.14.06A.04","Epsy_peak_v_rheo","0.4781819177625077"
"QN22.26.036.14.06A.04","Epsy_postap_slope_rheo","0.8969892510340177"
"QN22.26.036.14.06A.04","Epsy_threshold_v_rheo","0.4099868270442635"
"QN22.26.036.14.06A.04","Epsy_trough_t_rheo","-0.5438117570378228"
"QN22.26.036.14.06A.04","Epsy_trough_v_rheo","0.1877563845142662"
"QN22.26.036.14.06A.04","Epsy_upstroke_downstroke_ratio_rheo","0.6026351523387069"
"QN22.26.036.14.06A.04","Epsy_ahp_delay_5spike","0.0851999406753032"
"QN22.26.036.14.06A.04","Epsy_ahp_delay_ratio_5spike","0.3618395225763735"
"QN22.26.036.14.06A.04","Epsy_postap_slope_hero","0.3029577209703658"
"QN22.26.036.14.06A.04","Epsy_trough_t_hero","-0.6368000261468716"
"QN22.26.036.14.06A.04","Epsy_downstroke_adapt_ratio","0.6782658111298716"
"QN22.26.036.14.06A.04","Epsy_peak_v_adapt_ratio","0.1479636899766915"
"QN22.26.036.14.06A.04","Epsy_threshold_v_adapt_ratio","0.0095620757766573"
"QN22.26.036.14.06A.04","Epsy_upstroke_adapt_ratio","0.09822517432671"
"QN22.26.036.14.06A.04","Epsy_width_adapt_ratio","-0.2576327688373627"
"QN22.26.036.14.06A.04","Epsy_threshold_v_short_square","0.2004941834151677"
"QN22.26.036.14.06A.05","Epsy_width_rheo","-1.478052452215299"
"QN22.26.036.14.06A.05","Epsy_fast_trough_v_rheo","-0.0593448576957725"
"QN22.26.036.14.06A.05","Epsy_peak_deltav_rheo","0.2951661589957675"
"QN22.26.036.14.06A.05","Epsy_peak_v_rheo","0.426881060677357"
"QN22.26.036.14.06A.05","Epsy_postap_slope_rheo","0.3606095649888013"
"QN22.26.036.14.06A.05","Epsy_threshold_v_rheo","0.3564094742259732"
"QN22.26.036.14.06A.05","Epsy_trough_t_rheo","-1.6920586557906871"
"QN22.26.036.14.06A.05","Epsy_trough_v_rheo","0.3505777443874459"
"QN22.26.036.14.06A.05","Epsy_upstroke_downstroke_ratio_rheo","0.6163827702076828"
"QN22.26.036.14.06A.05","Epsy_ahp_delay_5spike","-0.4647884272320281"
"QN22.26.036.14.06A.05","Epsy_ahp_delay_ratio_5spike","-1.8097314000999536"
"QN22.26.036.14.06A.05","Epsy_postap_slope_hero","0.5063212598880132"
"QN22.26.036.14.06A.05","Epsy_trough_t_hero","-1.0155700166792725"
"QN22.26.036.14.06A.05","Epsy_downstroke_adapt_ratio","0.2060184614749577"
"QN22.26.036.14.06A.05","Epsy_peak_v_adapt_ratio","0.0491917723192574"
"QN22.26.036.14.06A.05","Epsy_threshold_v_adapt_ratio","-0.4850097126756562"
"QN22.26.036.14.06A.05","Epsy_upstroke_adapt_ratio","-0.2619561622513893"
"QN22.26.036.14.06A.05","Epsy_width_adapt_ratio","0.38124793292136"
"QN22.26.036.14.06A.05","Epsy_threshold_v_short_square","0.2382530102397499"
"QN22.26.036.14.07B.03","Epsy_width_rheo","-3.185907241321474"
"QN22.26.036.14.07B.03","Epsy_fast_trough_v_rheo","0.2517437734118649"
"QN22.26.036.14.07B.03","Epsy_peak_deltav_rheo","0.544563372852163"
"QN22.26.036.14.07B.03","Epsy_peak_v_rheo","0.8318935520295494"
"QN22.26.036.14.07B.03","Epsy_postap_slope_rheo","1.185904045682139"
"QN22.26.036.14.07B.03","Epsy_threshold_v_rheo","0.5775004187217815"
"QN22.26.036.14.07B.03","Epsy_trough_t_rheo","1.4320054505796318"
"QN22.26.036.14.07B.03","Epsy_trough_v_rheo","0.7216118219641909"
"QN22.26.036.14.07B.03","Epsy_upstroke_downstroke_ratio_rheo","0.6866704869915167"
"QN22.26.036.14.07B.03","Epsy_ahp_delay_5spike","0.2020887806352533"
"QN22.26.036.14.07B.03","Epsy_ahp_delay_ratio_5spike","0.3051561572271247"
"QN22.26.036.14.07B.03","Epsy_postap_slope_hero","1.784093631657004"
"QN22.26.036.14.07B.03","Epsy_trough_t_hero","0.0886899192245041"
"QN22.26.036.14.07B.03","Epsy_downstroke_adapt_ratio","1.2670294480826378"
"QN22.26.036.14.07B.03","Epsy_peak_v_adapt_ratio","0.2061336241550525"
"QN22.26.036.14.07B.03","Epsy_threshold_v_adapt_ratio","0.6460421543934081"
"QN22.26.036.14.07B.03","Epsy_upstroke_adapt_ratio","0.763111450414225"
"QN22.26.036.14.07B.03","Epsy_width_adapt_ratio","-0.6800273067711916"
"QN22.26.036.14.07B.03","Epsy_threshold_v_short_square","0.2888500367935987"
"QN22.26.036.14.51B.02","Epsy_width_rheo","-0.6714470032945485"
"QN22.26.036.14.51B.02","Epsy_fast_trough_v_rheo","0.1040749809361751"
"QN22.26.036.14.51B.02","Epsy_peak_deltav_rheo","0.3627146510096078"
"QN22.26.036.14.51B.02","Epsy_peak_v_rheo","0.5862257443838478"
"QN22.26.036.14.51B.02","Epsy_postap_slope_rheo","1.5740327876260205"
"QN22.26.036.14.51B.02","Epsy_threshold_v_rheo","0.4934192685930422"
"QN22.26.036.14.51B.02","Epsy_trough_t_rheo","1.1382614423518331"
"QN22.26.036.14.51B.02","Epsy_trough_v_rheo","0.6385765116720094"
"QN22.26.036.14.51B.02","Epsy_upstroke_downstroke_ratio_rheo","0.5330710997594376"
"QN22.26.036.14.51B.02","Epsy_ahp_delay_5spike","-2.375993653048866"
"QN22.26.036.14.51B.02","Epsy_ahp_delay_ratio_5spike","-2.5541643927787345"
"QN22.26.036.14.51B.02","Epsy_postap_slope_hero","0.93384480385634"
"QN22.26.036.14.51B.02","Epsy_trough_t_hero","0.7507394613210349"
"QN22.26.036.14.51B.02","Epsy_downstroke_adapt_ratio","0.5310349088138444"
"QN22.26.036.14.51B.02","Epsy_peak_v_adapt_ratio","0.1399212634758555"
"QN22.26.036.14.51B.02","Epsy_threshold_v_adapt_ratio","0.980029094739463"
"QN22.26.036.14.51B.02","Epsy_upstroke_adapt_ratio","0.8874838602711977"
"QN22.26.036.14.51B.02","Epsy_width_adapt_ratio","-1.0265933957685054"
"QN22.26.036.14.51B.02","Epsy_threshold_v_short_square","0.4916626081905714"
"QN23.26.017.14v.05A.03","Epsy_width_rheo","1.2400712427755392"
"QN23.26.017.14v.05A.03","Epsy_fast_trough_v_rheo","0.5811428382132627"
"QN23.26.017.14v.05A.03","Epsy_peak_deltav_rheo","-0.7912252371293139"
"QN23.26.017.14v.05A.03","Epsy_peak_v_rheo","-0.004661298984532"
"QN23.26.017.14v.05A.03","Epsy_postap_slope_rheo","-0.7231609183639789"
"QN23.26.017.14v.05A.03","Epsy_threshold_v_rheo","1.1202811686527523"
"QN23.26.017.14v.05A.03","Epsy_trough_t_rheo","0.0796981217730747"
"QN23.26.017.14v.05A.03","Epsy_trough_v_rheo","0.7322010284281785"
"QN23.26.017.14v.05A.03","Epsy_upstroke_downstroke_ratio_rheo","-0.9579066662194576"
"QN23.26.017.14v.05A.03","Epsy_ahp_delay_5spike","-0.1144036167149087"
"QN23.26.017.14v.05A.03","Epsy_ahp_delay_ratio_5spike","-0.1458231063397873"
"QN23.26.017.14v.05A.03","Epsy_postap_slope_hero","-0.7701945872181448"
"QN23.26.017.14v.05A.03","Epsy_trough_t_hero","0.3075855559520802"
"QN23.26.017.14v.05A.03","Epsy_downstroke_adapt_ratio","0.0317164986153577"
"QN23.26.017.14v.05A.03","Epsy_peak_v_adapt_ratio","-2.730253185123385"
"QN23.26.017.14v.05A.03","Epsy_threshold_v_adapt_ratio","-0.0995443183764001"
"QN23.26.017.14v.05A.03","Epsy_upstroke_adapt_ratio","-1.1297399413843192"
"QN23.26.017.14v.05A.03","Epsy_width_adapt_ratio","-0.1514521759107732"
"QN23.26.017.14v.05A.03","Epsy_threshold_v_short_square","0.5705588383801283"
"QN23.26.017.14v.05A.04","Epsy_width_rheo","0.4519479981629675"
"QN23.26.017.14v.05A.04","Epsy_fast_trough_v_rheo","0.9370320693725048"
"QN23.26.017.14v.05A.04","Epsy_peak_deltav_rheo","-3.4385061189075365"
"QN23.26.017.14v.05A.04","Epsy_peak_v_rheo","-1.4068339560058545"
"QN23.26.017.14v.05A.04","Epsy_postap_slope_rheo","-0.6157761178726164"
"QN23.26.017.14v.05A.04","Epsy_threshold_v_rheo","1.2630088526555852"
"QN23.26.017.14v.05A.04","Epsy_trough_t_rheo","-0.2804831842811298"
"QN23.26.017.14v.05A.04","Epsy_trough_v_rheo","0.8717544106403659"
"QN23.26.017.14v.05A.04","Epsy_upstroke_downstroke_ratio_rheo","-2.074450889584424"
"QN23.26.017.14v.05A.04","Epsy_ahp_delay_5spike","-0.0140759764293095"
"QN23.26.017.14v.05A.04","Epsy_ahp_delay_ratio_5spike","-0.0878972813520183"
"QN23.26.017.14v.05A.04","Epsy_postap_slope_hero","-0.2082446128489218"
"QN23.26.017.14v.05A.04","Epsy_trough_t_hero","-0.5161708565404614"
"QN23.26.017.14v.05A.04","Epsy_downstroke_adapt_ratio","-0.3450708374678147"
"QN23.26.017.14v.05A.04","Epsy_peak_v_adapt_ratio","-0.6780543908967089"
"QN23.26.017.14v.05A.04","Epsy_threshold_v_adapt_ratio","0.3207564607152269"
"QN23.26.017.14v.05A.04","Epsy_upstroke_adapt_ratio","-0.5188725762261166"
"QN23.26.017.14v.05A.04","Epsy_width_adapt_ratio","-0.4212227013355142"
"QN23.26.017.14v.05A.04","Epsy_threshold_v_short_square","1.04597036001195"
"QN23.26.019.14.04A.02","Epsy_width_rheo","-1.2905347662741748"
"QN23.26.019.14.04A.02","Epsy_fast_trough_v_rheo","0.0593082126786043"
"QN23.26.019.14.04A.02","Epsy_peak_deltav_rheo","1.0673556414136791"
"QN23.26.019.14.04A.02","Epsy_peak_v_rheo","0.6468306008017652"
"QN23.26.019.14.04A.02","Epsy_postap_slope_rheo","-1.4363425932600251"
"QN23.26.019.14.04A.02","Epsy_threshold_v_rheo","-1.4520458936588945"
"QN23.26.019.14.04A.02","Epsy_trough_t_rheo","0.1160783298940806"
"QN23.26.019.14.04A.02","Epsy_trough_v_rheo","-0.8323120705865139"
"QN23.26.019.14.04A.02","Epsy_upstroke_downstroke_ratio_rheo","0.0690981587592586"
"QN23.26.019.14.04A.02","Epsy_ahp_delay_5spike","0.599376423573825"
"QN23.26.019.14.04A.02","Epsy_ahp_delay_ratio_5spike","0.5263448367961597"
"QN23.26.019.14.04A.02","Epsy_postap_slope_hero","-0.9747321674407042"
"QN23.26.019.14.04A.02","Epsy_trough_t_hero","0.1159538649367048"
"QN23.26.019.14.04A.02","Epsy_downstroke_adapt_ratio","0.4823203445380986"
"QN23.26.019.14.04A.02","Epsy_peak_v_adapt_ratio","-0.0628601233112371"
"QN23.26.019.14.04A.02","Epsy_threshold_v_adapt_ratio","0.5301945899364694"
"QN23.26.019.14.04A.02","Epsy_upstroke_adapt_ratio","0.4467236237211626"
"QN23.26.019.14.04A.02","Epsy_width_adapt_ratio","-0.528939077299137"
"QN23.26.019.14.04A.02","Epsy_threshold_v_short_square","-0.6424548053250299"
"QN24.26.003.14.07.01","Epsy_width_rheo","-1.1181538882019408"
"QN24.26.003.14.07.01","Epsy_fast_trough_v_rheo","-7.157932388544818"
"QN24.26.003.14.07.01","Epsy_peak_deltav_rheo","1.0101538569134647"
"QN24.26.003.14.07.01","Epsy_peak_v_rheo","0.3490775481305426"
"QN24.26.003.14.07.01","Epsy_postap_slope_rheo","-0.9622160664760372"
"QN24.26.003.14.07.01","Epsy_threshold_v_rheo","-2.2824854736985145"
"QN24.26.003.14.07.01","Epsy_trough_t_rheo","0.2147611253945304"
"QN24.26.003.14.07.01","Epsy_trough_v_rheo","-6.621597195217963"
"QN24.26.003.14.07.01","Epsy_upstroke_downstroke_ratio_rheo","0.7790389774840328"
"QN24.26.003.14.07.01","Epsy_ahp_delay_5spike","0.6437113829070922"
"QN24.26.003.14.07.01","Epsy_ahp_delay_ratio_5spike","0.1134710580094456"
"QN24.26.003.14.07.01","Epsy_postap_slope_hero","-0.0080590169195705"
"QN24.26.003.14.07.01","Epsy_trough_t_hero","-1.9168850253477756"
"QN24.26.003.14.07.01","Epsy_downstroke_adapt_ratio","0.8823167625380496"
"QN24.26.003.14.07.01","Epsy_peak_v_adapt_ratio","0.3427177229312384"
"QN24.26.003.14.07.01","Epsy_threshold_v_adapt_ratio","0.2617217117655238"
"QN24.26.003.14.07.01","Epsy_upstroke_adapt_ratio","0.6316292531452691"
"QN24.26.003.14.07.01","Epsy_width_adapt_ratio","-0.3643352474850642"
"QN24.26.003.14.07.01","Epsy_threshold_v_short_square","-1.3918337104933869"
"QN24.26.003.41.05.01A.01","Epsy_width_rheo","-0.9586475505747554"
"QN24.26.003.41.05.01A.01","Epsy_fast_trough_v_rheo","-0.5556827318012572"
"QN24.26.003.41.05.01A.01","Epsy_peak_deltav_rheo","0.5499509295304399"
"QN24.26.003.41.05.01A.01","Epsy_peak_v_rheo","0.339764114944712"
"QN24.26.003.41.05.01A.01","Epsy_postap_slope_rheo","0.2281194055945082"
"QN24.26.003.41.05.01A.01","Epsy_threshold_v_rheo","-0.355943828659573"
"QN24.26.003.41.05.01A.01","Epsy_trough_t_rheo","-1.3530814404913314"
"QN24.26.003.41.05.01A.01","Epsy_trough_v_rheo","-0.6877345359894155"
"QN24.26.003.41.05.01A.01","Epsy_upstroke_downstroke_ratio_rheo","0.9399385245709584"
"QN24.26.003.41.05.01A.01","Epsy_ahp_delay_5spike","0.1455426946869039"
"QN24.26.003.41.05.01A.01","Epsy_ahp_delay_ratio_5spike","0.3215212622443494"
"QN24.26.003.41.05.01A.01","Epsy_postap_slope_hero","0.7317673899430204"
"QN24.26.003.41.05.01A.01","Epsy_trough_t_hero","0.1304867496711271"
"QN24.26.003.41.05.01A.01","Epsy_downstroke_adapt_ratio","0.6488336622676643"
"QN24.26.003.41.05.01A.01","Epsy_peak_v_adapt_ratio","-0.0145549555935622"
"QN24.26.003.41.05.01A.01","Epsy_threshold_v_adapt_ratio","-0.0387707008676769"
"QN24.26.003.41.05.01A.01","Epsy_upstroke_adapt_ratio","0.2019536124414684"
"QN24.26.003.41.05.01A.01","Epsy_width_adapt_ratio","-0.1335064897301693"
"QN24.26.003.41.05.01A.01","Epsy_threshold_v_short_square","-0.1441835198129095"
"QN24.26.003.41.05.01A.02","Epsy_width_rheo","0.3710077303086298"
"QN24.26.003.41.05.01A.02","Epsy_fast_trough_v_rheo","-1.0915165444613224"
"QN24.26.003.41.05.01A.02","Epsy_peak_deltav_rheo","-0.1867002240803892"
"QN24.26.003.41.05.01A.02","Epsy_peak_v_rheo","-1.0183284533502293"
"QN24.26.003.41.05.01A.02","Epsy_postap_slope_rheo","0.0585372291876323"
"QN24.26.003.41.05.01A.02","Epsy_threshold_v_rheo","-0.8978980860235684"
"QN24.26.003.41.05.01A.02","Epsy_trough_t_rheo","-0.7937650020231863"
"QN24.26.003.41.05.01A.02","Epsy_trough_v_rheo","-0.7515506032427661"
"QN24.26.003.41.05.01A.02","Epsy_upstroke_downstroke_ratio_rheo","-0.8595541656367518"
"QN24.26.003.41.05.01A.02","Epsy_ahp_delay_5spike","0.1085217573368731"
"QN24.26.003.41.05.01A.02","Epsy_ahp_delay_ratio_5spike","-0.3578859324815008"
"QN24.26.003.41.05.01A.02","Epsy_postap_slope_hero","-0.983570517829956"
"QN24.26.003.41.05.01A.02","Epsy_trough_t_hero","-1.4588245890146068"
"QN24.26.003.41.05.01A.02","Epsy_downstroke_adapt_ratio","0.0925893034617995"
"QN24.26.003.41.05.01A.02","Epsy_peak_v_adapt_ratio","1.3160298228839509"
"QN24.26.003.41.05.01A.02","Epsy_threshold_v_adapt_ratio","0.3398037862023958"
"QN24.26.003.41.05.01A.02","Epsy_upstroke_adapt_ratio","0.5930834526693003"
"QN24.26.003.41.05.01A.02","Epsy_width_adapt_ratio","-0.533088946647399"
"QN24.26.003.41.05.01A.02","Epsy_threshold_v_short_square","-0.2229324001464586"
"QN24.26.010.41.02.03","Epsy_width_rheo","0.0125883037024102"
"QN24.26.010.41.02.03","Epsy_fast_trough_v_rheo","-0.3473545527809951"
"QN24.26.010.41.02.03","Epsy_peak_deltav_rheo","-0.0192898414343953"
"QN24.26.010.41.02.03","Epsy_peak_v_rheo","0.0587238571481602"
"QN24.26.010.41.02.03","Epsy_postap_slope_rheo","-0.7302940043971732"
"QN24.26.010.41.02.03","Epsy_threshold_v_rheo","0.3310128392486586"
"QN24.26.010.41.02.03","Epsy_trough_t_rheo","-0.2763218617008213"
"QN24.26.010.41.02.03","Epsy_trough_v_rheo","-0.8323120705865139"
"QN24.26.010.41.02.03","Epsy_upstroke_downstroke_ratio_rheo","0.7584941074546431"
"QN24.26.010.41.02.03","Epsy_ahp_delay_5spike","0.3463614471253881"
"QN24.26.010.41.02.03","Epsy_ahp_delay_ratio_5spike","0.0728962694645278"
"QN24.26.010.41.02.03","Epsy_postap_slope_hero","-0.5170265748519378"
"QN24.26.010.41.02.03","Epsy_trough_t_hero","-0.1472323448230303"
"QN24.26.010.41.02.03","Epsy_downstroke_adapt_ratio","0.5000366958493534"
"QN24.26.010.41.02.03","Epsy_peak_v_adapt_ratio","0.4784569762685314"
"QN24.26.010.41.02.03","Epsy_threshold_v_adapt_ratio","0.1677714201266356"
"QN24.26.010.41.02.03","Epsy_upstroke_adapt_ratio","0.3637314524801283"
"QN24.26.010.41.02.03","Epsy_width_adapt_ratio","-0.2989238842445035"
"QN24.26.010.41.02.03","Epsy_threshold_v_short_square","0.2436138216457346"
"QN24.26.013.14.04A.03","Epsy_width_rheo","1.347192846944805"
"QN24.26.013.14.04A.03","Epsy_fast_trough_v_rheo","0.8890382984447555"
"QN24.26.013.14.04A.03","Epsy_peak_deltav_rheo","-4.915010752010852"
"QN24.26.013.14.04A.03","Epsy_peak_v_rheo","-6.045688061079011"
"QN24.26.013.14.04A.03","Epsy_postap_slope_rheo","-1.628261221800619"
"QN24.26.013.14.04A.03","Epsy_threshold_v_rheo","0.1378678507860474"
"QN24.26.013.14.04A.03","Epsy_trough_t_rheo","1.5389504122390327"
"QN24.26.013.14.04A.03","Epsy_trough_v_rheo","0.645930426022435"
"QN24.26.013.14.04A.03","Epsy_upstroke_downstroke_ratio_rheo","-1.2385828812092614"
"QN24.26.013.14.04A.03","Epsy_ahp_delay_5spike","0.9830036825627668"
"QN24.26.013.14.04A.03","Epsy_ahp_delay_ratio_5spike","0.8673343925799255"
"QN24.26.013.14.04A.03","Epsy_postap_slope_hero","0.3187502675956462"
"QN24.26.013.14.04A.03","Epsy_trough_t_hero","0.9423409530662128"
"QN24.26.013.14.04A.03","Epsy_downstroke_adapt_ratio","0.0552837572564018"
"QN24.26.013.14.04A.03","Epsy_peak_v_adapt_ratio","2.241389649088845"
"QN24.26.013.14.04A.03","Epsy_threshold_v_adapt_ratio","0.7261594134613539"
"QN24.26.013.14.04A.03","Epsy_upstroke_adapt_ratio","0.8259677181861071"
"QN24.26.013.14.04A.03","Epsy_width_adapt_ratio","-0.4234325855211017"
"QN24.26.013.14.04A.03","Epsy_threshold_v_short_square","1.203892636263241"
"QN24.26.014.14v.04A.02","Epsy_width_rheo","-0.3021729819899881"
"QN24.26.014.14v.04A.02","Epsy_fast_trough_v_rheo","-1.0581235928741928"
"QN24.26.014.14v.04A.02","Epsy_peak_deltav_rheo","-0.8418852405307885"
"QN24.26.014.14v.04A.02","Epsy_peak_v_rheo","-0.2576690731004475"
"QN24.26.014.14v.04A.02","Epsy_postap_slope_rheo","-0.6714088965333221"
"QN24.26.014.14v.04A.02","Epsy_threshold_v_rheo","0.9116992258621908"
"QN24.26.014.14v.04A.02","Epsy_trough_t_rheo","-1.057602238248236"
"QN24.26.014.14v.04A.02","Epsy_trough_v_rheo","-1.3290529055856446"
"QN24.26.014.14v.04A.02","Epsy_upstroke_downstroke_ratio_rheo","-1.1500905747696797"
"QN24.26.014.14v.04A.02","Epsy_ahp_delay_5spike","0.1660583296359607"
"QN24.26.014.14v.04A.02","Epsy_ahp_delay_ratio_5spike","-0.4106194770919617"
"QN24.26.014.14v.04A.02","Epsy_postap_slope_hero","-0.3158597385368341"
"QN24.26.014.14v.04A.02","Epsy_trough_t_hero","-0.572952658765185"
"QN24.26.014.14v.04A.02","Epsy_downstroke_adapt_ratio","0.0021631615958428"
"QN24.26.014.14v.04A.02","Epsy_peak_v_adapt_ratio","-1.4490782261381412"
"QN24.26.014.14v.04A.02","Epsy_threshold_v_adapt_ratio","-0.460186040355419"
"QN24.26.014.14v.04A.02","Epsy_upstroke_adapt_ratio","-1.3099942587217537"
"QN24.26.014.14v.04A.02","Epsy_width_adapt_ratio","0.4049565832445274"
"QN24.26.014.14v.04A.02","Epsy_threshold_v_short_square","-0.204600179064399"
"QN24.26.017.15.02.01B.01.01","Epsy_width_rheo","-3.1859072413192955"
"QN24.26.017.15.02.01B.01.01","Epsy_fast_trough_v_rheo","-0.1457684984964619"
"QN24.26.017.15.02.01B.01.01","Epsy_peak_deltav_rheo","0.7370886381928541"
"QN24.26.017.15.02.01B.01.01","Epsy_peak_v_rheo","0.7638325195729484"
"QN24.26.017.15.02.01B.01.01","Epsy_postap_slope_rheo","-0.4383353825304144"
"QN24.26.017.15.02.01B.01.01","Epsy_threshold_v_rheo","0.0375205805196505"
"QN24.26.017.15.02.01B.01.01","Epsy_trough_t_rheo","-1.4161960166273122"
"QN24.26.017.15.02.01B.01.01","Epsy_trough_v_rheo","-0.1766583491602173"
"QN24.26.017.15.02.01B.01.01","Epsy_upstroke_downstroke_ratio_rheo","0.7418569131904827"
"QN24.26.017.15.02.01B.01.01","Epsy_ahp_delay_5spike","-0.5585992754773684"
"QN24.26.017.15.02.01B.01.01","Epsy_ahp_delay_ratio_5spike","-0.2574235519832249"
"QN24.26.017.15.02.01B.01.01","Epsy_postap_slope_hero","0.8292542597563162"
"QN24.26.017.15.02.01B.01.01","Epsy_trough_t_hero","-1.5383470542929285"
"QN24.26.017.15.02.01B.01.01","Epsy_downstroke_adapt_ratio","0.988312913066218"
"QN24.26.017.15.02.01B.01.01","Epsy_peak_v_adapt_ratio","0.2738635864905568"
"QN24.26.017.15.02.01B.01.01","Epsy_threshold_v_adapt_ratio","0.1887179548738632"
"QN24.26.017.15.02.01B.01.01","Epsy_upstroke_adapt_ratio","0.4804582940945177"
"QN24.26.017.15.02.01B.01.01","Epsy_width_adapt_ratio","-0.4122618718740321"
"QN24.26.017.15.02.01B.01.01","Epsy_threshold_v_short_square","-0.0603533213934361"
"QN25.26.004.14v.03A.03","Epsy_width_rheo","0.2868803091776449"
"QN25.26.004.14v.03A.03","Epsy_fast_trough_v_rheo","-0.4271196546877245"
"QN25.26.004.14v.03A.03","Epsy_peak_deltav_rheo","0.8570351370342123"
"QN25.26.004.14v.03A.03","Epsy_peak_v_rheo","0.5904522856165733"
"QN25.26.004.14v.03A.03","Epsy_postap_slope_rheo","-1.7480346266379023"
"QN25.26.004.14v.03A.03","Epsy_threshold_v_rheo","-0.7205835004573293"
"QN25.26.004.14v.03A.03","Epsy_trough_t_rheo","-0.2438455960405009"
"QN25.26.004.14v.03A.03","Epsy_trough_v_rheo","-0.6462560412507348"
"QN25.26.004.14v.03A.03","Epsy_upstroke_downstroke_ratio_rheo","1.7466574184196957"
"QN25.26.004.14v.03A.03","Epsy_ahp_delay_5spike","0.449383907100311"
"QN25.26.004.14v.03A.03","Epsy_ahp_delay_ratio_5spike","0.9899925769757146"
"QN25.26.004.14v.03A.03","Epsy_postap_slope_hero","-0.717105372492551"
"QN25.26.004.14v.03A.03","Epsy_trough_t_hero","-0.5072825620886785"
"QN25.26.004.14v.03A.03","Epsy_downstroke_adapt_ratio","-1.0204702538015398"
"QN25.26.004.14v.03A.03","Epsy_peak_v_adapt_ratio","-0.4573103072756748"
"QN25.26.004.14v.03A.03","Epsy_threshold_v_adapt_ratio","0.6602513039098311"
"QN25.26.004.14v.03A.03","Epsy_upstroke_adapt_ratio","0.1349355905936863"
"QN25.26.004.14v.03A.03","Epsy_width_adapt_ratio","0.8836894937049303"
"QN25.26.004.14v.03A.03","Epsy_threshold_v_short_square","-0.7264221619480987"
"QM22.26.003.14.06.04","Epsy_width_rheo","0.2868803091776449"
"QM22.26.003.14.06.04","Epsy_fast_trough_v_rheo","0.4960156453791108"
"QM22.26.003.14.06.04","Epsy_peak_deltav_rheo","0.1229938533382867"
"QM22.26.003.14.06.04","Epsy_peak_v_rheo","0.426881060677357"
"QM22.26.003.14.06.04","Epsy_postap_slope_rheo","-1.350352486925301"
"QM22.26.003.14.06.04","Epsy_threshold_v_rheo","0.636354743489177"
"QM22.26.003.14.06.04","Epsy_trough_t_rheo","-1.8737194894726803"
"QM22.26.003.14.06.04","Epsy_trough_v_rheo","0.0651762821452909"
"QM22.26.003.14.06.04","Epsy_upstroke_downstroke_ratio_rheo","1.02221899446842"
"QM22.26.003.14.06.04","Epsy_ahp_delay_5spike","-0.6524314115495256"
"QM22.26.003.14.06.04","Epsy_ahp_delay_ratio_5spike","-1.0855673519936748"
"QM22.26.003.14.06.04","Epsy_postap_slope_hero","-0.2582391873777375"
"QM22.26.003.14.06.04","Epsy_trough_t_hero","-2.031717144312927"
"QM22.26.003.14.06.04","Epsy_downstroke_adapt_ratio","-1.4679742716277528"
"QM22.26.003.14.06.04","Epsy_peak_v_adapt_ratio","0.2261725907354914"
"QM22.26.003.14.06.04","Epsy_threshold_v_adapt_ratio","-2.668755978421499"
"QM22.26.003.14.06.04","Epsy_upstroke_adapt_ratio","-0.6981101283440236"
"QM22.26.003.14.06.04","Epsy_width_adapt_ratio","2.5311381102875115"
"QM22.26.003.14.06.04","Epsy_threshold_v_short_square","-0.3604064466730272"
"QN22.26.011.14.10A.01","Epsy_width_rheo","1.2124301760017953"
"QN22.26.011.14.10A.01","Epsy_fast_trough_v_rheo","1.4282635456150563"
"QN22.26.011.14.10A.01","Epsy_peak_deltav_rheo","-1.04227181739031"
"QN22.26.011.14.10A.01","Epsy_peak_v_rheo","-0.43848788194897"
"QN22.26.011.14.10A.01","Epsy_postap_slope_rheo","-1.2256454529443248"
"QN22.26.011.14.10A.01","Epsy_threshold_v_rheo","0.9029876216890672"
"QN22.26.011.14.10A.01","Epsy_trough_t_rheo","1.2338893548028511"
"QN22.26.011.14.10A.01","Epsy_trough_v_rheo","1.1601602957505943"
"QN22.26.011.14.10A.01","Epsy_upstroke_downstroke_ratio_rheo","0.1610975419249599"
"QN22.26.011.14.10A.01","Epsy_ahp_delay_5spike","-1.052693775151389"
"QN22.26.011.14.10A.01","Epsy_ahp_delay_ratio_5spike","0.6362958998633286"
"QN22.26.011.14.10A.01","Epsy_postap_slope_hero","-0.7614467769406233"
"QN22.26.011.14.10A.01","Epsy_trough_t_hero","-2.4934005241581696"
"QN22.26.011.14.10A.01","Epsy_downstroke_adapt_ratio","-11.443052617137152"
"QN22.26.011.14.10A.01","Epsy_peak_v_adapt_ratio","-5.669863276779506"
"QN22.26.011.14.10A.01","Epsy_threshold_v_adapt_ratio","-12.886880196691726"
"QN22.26.011.14.10A.01","Epsy_upstroke_adapt_ratio","-13.121995909397985"
"QN22.26.011.14.10A.01","Epsy_width_adapt_ratio","11.178414681364895"
"QN22.26.011.14.10A.01","Epsy_threshold_v_short_square","0.072518537605371"
"QN22.26.020.14.53B.03","Epsy_width_rheo","0.0125883037024102"
"QN22.26.020.14.53B.03","Epsy_fast_trough_v_rheo","1.7068433586892062"
"QN22.26.020.14.53B.03","Epsy_peak_deltav_rheo","0.412979744361638"
"QN22.26.020.14.53B.03","Epsy_peak_v_rheo","0.9018984346660144"
"QN22.26.020.14.53B.03","Epsy_postap_slope_rheo","-1.2876183953090812"
"QN22.26.020.14.53B.03","Epsy_threshold_v_rheo","0.9116992258621908"
"QN22.26.020.14.53B.03","Epsy_trough_t_rheo","-1.3151187021270685"
"QN22.26.020.14.53B.03","Epsy_trough_v_rheo","0.6088972614215004"
"QN22.26.020.14.53B.03","Epsy_upstroke_downstroke_ratio_rheo","0.5929593583559319"
"QN22.26.020.14.53B.03","Epsy_ahp_delay_5spike","0.6170962207422103"
"QN22.26.020.14.53B.03","Epsy_ahp_delay_ratio_5spike","0.3042000892996197"
"QN22.26.020.14.53B.03","Epsy_postap_slope_hero","0.2560719290442731"
"QN22.26.020.14.53B.03","Epsy_trough_t_hero","0.1655065756734952"
"QN22.26.020.14.53B.03","Epsy_downstroke_adapt_ratio","-0.99558684601811"
"QN22.26.020.14.53B.03","Epsy_peak_v_adapt_ratio","-1.0009401475771105"
"QN22.26.020.14.53B.03","Epsy_threshold_v_adapt_ratio","-1.392395985420006"
"QN22.26.020.14.53B.03","Epsy_upstroke_adapt_ratio","-0.8536707004727929"
"QN22.26.020.14.53B.03","Epsy_width_adapt_ratio","2.170875922118983"
"QN22.26.020.14.53B.03","Epsy_threshold_v_short_square","0.2623117700686046"
"QN22.26.036.14.01B.02","Epsy_width_rheo","-0.3021729819899881"
"QN22.26.036.14.01B.02","Epsy_fast_trough_v_rheo","1.205167141685357"
"QN22.26.036.14.01B.02","Epsy_peak_deltav_rheo","-0.4837356532828557"
"QN22.26.036.14.01B.02","Epsy_peak_v_rheo","0.2519415207412563"
"QN22.26.036.14.01B.02","Epsy_postap_slope_rheo","-1.3779925939883009"
"QN22.26.036.14.01B.02","Epsy_threshold_v_rheo","1.1256147442410058"
"QN22.26.036.14.01B.02","Epsy_trough_t_rheo","-1.7186295645948575"
"QN22.26.036.14.01B.02","Epsy_trough_v_rheo","0.6714652372719503"
"QN22.26.036.14.01B.02","Epsy_upstroke_downstroke_ratio_rheo","0.146647588522215"
"QN22.26.036.14.01B.02","Epsy_ahp_delay_5spike","-0.0586876449530065"
"QN22.26.036.14.01B.02","Epsy_ahp_delay_ratio_5spike","0.4365425786808278"
"QN22.26.036.14.01B.02","Epsy_postap_slope_hero","-0.4676100843531538"
"QN22.26.036.14.01B.02","Epsy_trough_t_hero","-1.28139956322394"
"QN22.26.036.14.01B.02","Epsy_downstroke_adapt_ratio","-1.624822371197168"
"QN22.26.036.14.01B.02","Epsy_peak_v_adapt_ratio","-1.857960059625366"
"QN22.26.036.14.01B.02","Epsy_threshold_v_adapt_ratio","-5.305554491430112"
"QN22.26.036.14.01B.02","Epsy_upstroke_adapt_ratio","-2.6422472962032253"
"QN22.26.036.14.01B.02","Epsy_width_adapt_ratio","1.7665983869646982"
"QN22.26.036.14.01B.02","Epsy_threshold_v_short_square","-0.0062095569981956"
"QN22.26.036.14.01B.03","Epsy_width_rheo","1.18442685181137"
"QN22.26.036.14.01B.03","Epsy_fast_trough_v_rheo","1.4633721946373868"
"QN22.26.036.14.01B.03","Epsy_peak_deltav_rheo","-2.245485193329984"
"QN22.26.036.14.01B.03","Epsy_peak_v_rheo","-1.2180537358226935"
"QN22.26.036.14.01B.03","Epsy_postap_slope_rheo","-0.3958514163504279"
"QN22.26.036.14.01B.03","Epsy_threshold_v_rheo","1.0028044196278147"
"QN22.26.036.14.01B.03","Epsy_trough_t_rheo","0.2296819671850795"
"QN22.26.036.14.01B.03","Epsy_trough_v_rheo","0.9807578738939976"
"QN22.26.036.14.01B.03","Epsy_upstroke_downstroke_ratio_rheo","-0.4840612520357162"
"QN22.26.036.14.01B.03","Epsy_ahp_delay_5spike","0.2634819453940976"
"QN22.26.036.14.01B.03","Epsy_ahp_delay_ratio_5spike","0.0795183999800893"
"QN22.26.036.14.01B.03","Epsy_postap_slope_hero","1.025518955512237"
"QN22.26.036.14.01B.03","Epsy_trough_t_hero","-0.8753008361158761"
"QN22.26.036.14.01B.03","Epsy_downstroke_adapt_ratio","-1.2104792816840495"
"QN22.26.036.14.01B.03","Epsy_peak_v_adapt_ratio","2.299221159314157"
"QN22.26.036.14.01B.03","Epsy_threshold_v_adapt_ratio","-1.6732419557665392"
"QN22.26.036.14.01B.03","Epsy_upstroke_adapt_ratio","-0.1387968744997175"
"QN22.26.036.14.01B.03","Epsy_width_adapt_ratio","1.2667564487238123"
"QN22.26.036.14.01B.03","Epsy_threshold_v_short_square","0.2914927128501723"
"QN22.26.036.14.07B.05","Epsy_width_rheo","-3.67338972679412"
"QN22.26.036.14.07B.05","Epsy_fast_trough_v_rheo","1.0202523965466426"
"QN22.26.036.14.07B.05","Epsy_peak_deltav_rheo","-0.2926949040300145"
"QN22.26.036.14.07B.05","Epsy_peak_v_rheo","0.1908191617218689"
"QN22.26.036.14.07B.05","Epsy_postap_slope_rheo","0.4534896932165107"
"QN22.26.036.14.07B.05","Epsy_threshold_v_rheo","0.8619326748980742"
"QN22.26.036.14.07B.05","Epsy_trough_t_rheo","-1.7620316759726529"
"QN22.26.036.14.07B.05","Epsy_trough_v_rheo","0.5366580080780073"
"QN22.26.036.14.07B.05","Epsy_upstroke_downstroke_ratio_rheo","-0.4537796689846545"
"QN22.26.036.14.07B.05","Epsy_ahp_delay_5spike","0.0947585771343426"
"QN22.26.036.14.07B.05","Epsy_ahp_delay_ratio_5spike","-0.833053652139397"
"QN22.26.036.14.07B.05","Epsy_postap_slope_hero","1.4608825763024578"
"QN22.26.036.14.07B.05","Epsy_trough_t_hero","-2.576127747431792"
"QN22.26.036.14.07B.05","Epsy_downstroke_adapt_ratio","-0.8535056842957661"
"QN22.26.036.14.07B.05","Epsy_peak_v_adapt_ratio","-0.6379461559978608"
"QN22.26.036.14.07B.05","Epsy_threshold_v_adapt_ratio","-2.528087265669333"
"QN22.26.036.14.07B.05","Epsy_upstroke_adapt_ratio","-0.5119817973529657"
"QN22.26.036.14.07B.05","Epsy_width_adapt_ratio","1.1355047922105437"
"QN22.26.036.14.07B.05","Epsy_threshold_v_short_square","0.1195601936734677"
"QN23.26.017.14v.05A.05","Epsy_width_rheo","1.347192846944805"
"QN23.26.017.14v.05A.05","Epsy_fast_trough_v_rheo","1.4606907078021725"
"QN23.26.017.14v.05A.05","Epsy_peak_deltav_rheo","-1.1185987170100256"
"QN23.26.017.14v.05A.05","Epsy_peak_v_rheo","0.3814059432291868"
"QN23.26.017.14v.05A.05","Epsy_postap_slope_rheo","-1.0355223058416525"
"QN23.26.017.14v.05A.05","Epsy_threshold_v_rheo","1.706293018131804"
"QN23.26.017.14v.05A.05","Epsy_trough_t_rheo","-0.2253535567891861"
"QN23.26.017.14v.05A.05","Epsy_trough_v_rheo","1.1772752165548075"
"QN23.26.017.14v.05A.05","Epsy_upstroke_downstroke_ratio_rheo","-0.602710567726954"
"QN23.26.017.14v.05A.05","Epsy_ahp_delay_5spike","0.6088240460533495"
"QN23.26.017.14v.05A.05","Epsy_ahp_delay_ratio_5spike","-0.1691242441118011"
"QN23.26.017.14v.05A.05","Epsy_postap_slope_hero","-3.246265873972689"
"QN23.26.017.14v.05A.05","Epsy_trough_t_hero","-0.8974247074748293"
"QN23.26.017.14v.05A.05","Epsy_downstroke_adapt_ratio","-3.658054394448448"
"QN23.26.017.14v.05A.05","Epsy_peak_v_adapt_ratio","-3.5174486350289254"
"QN23.26.017.14v.05A.05","Epsy_threshold_v_adapt_ratio","-2.9041399917844086"
"QN23.26.017.14v.05A.05","Epsy_upstroke_adapt_ratio","-4.1854592464178015"
"QN23.26.017.14v.05A.05","Epsy_width_adapt_ratio","3.394207889690486"
"QN23.26.017.14v.05A.05","Epsy_threshold_v_short_square","0.9642323980092768"
"QN23.26.017.14v.05A.06","Epsy_width_rheo","1.2943032657050575"
"QN23.26.017.14v.05A.06","Epsy_fast_trough_v_rheo","0.9165896946093316"
"QN23.26.017.14v.05A.06","Epsy_peak_deltav_rheo","-0.8453056505969007"
"QN23.26.017.14v.05A.06","Epsy_peak_v_rheo","-0.629871656135804"
"QN23.26.017.14v.05A.06","Epsy_postap_slope_rheo","-0.9731399951374692"
"QN23.26.017.14v.05A.06","Epsy_threshold_v_rheo","0.5508972062793371"
"QN23.26.017.14v.05A.06","Epsy_trough_t_rheo","-1.1258041632772786"
"QN23.26.017.14v.05A.06","Epsy_trough_v_rheo","0.6051568526798221"
"QN23.26.017.14v.05A.06","Epsy_upstroke_downstroke_ratio_rheo","-0.5959654861158097"
"QN23.26.017.14v.05A.06","Epsy_ahp_delay_5spike","0.3866716610458047"
"QN23.26.017.14v.05A.06","Epsy_ahp_delay_ratio_5spike","0.2473593245979137"
"QN23.26.017.14v.05A.06","Epsy_postap_slope_hero","-0.6899764116451153"
"QN23.26.017.14v.05A.06","Epsy_trough_t_hero","-2.038255716339157"
"QN23.26.017.14v.05A.06","Epsy_downstroke_adapt_ratio","-0.9063319832032908"
"QN23.26.017.14v.05A.06","Epsy_peak_v_adapt_ratio","-1.2186949388947117"
"QN23.26.017.14v.05A.06","Epsy_threshold_v_adapt_ratio","-2.0221718132645536"
"QN23.26.017.14v.05A.06","Epsy_upstroke_adapt_ratio","-1.6602702836983163"
"QN23.26.017.14v.05A.06","Epsy_width_adapt_ratio","1.455551289763883"
"QN23.26.017.14v.05A.06","Epsy_threshold_v_short_square","-6.638195425527309"
"QN24.26.015.14v.13.08","Epsy_width_rheo","1.3471928469450658"
"QN24.26.015.14v.13.08","Epsy_fast_trough_v_rheo","0.2145603164712722"
"QN24.26.015.14v.13.08","Epsy_peak_deltav_rheo","-1.3349726874951888"
"QN24.26.015.14v.13.08","Epsy_peak_v_rheo","-0.6958681244195055"
"QN24.26.015.14v.13.08","Epsy_postap_slope_rheo","-0.4971514000064708"
"QN24.26.015.14v.13.08","Epsy_threshold_v_rheo","0.8913256746676749"
"QN24.26.015.14v.13.08","Epsy_trough_t_rheo","-0.9881833292771324"
"QN24.26.015.14v.13.08","Epsy_trough_v_rheo","-0.95570216376947"
"QN24.26.015.14v.13.08","Epsy_upstroke_downstroke_ratio_rheo","0.4147337214569933"
"QN24.26.015.14v.13.08","Epsy_ahp_delay_5spike","0.3505259250287272"
"QN24.26.015.14v.13.08","Epsy_ahp_delay_ratio_5spike","0.198281031572833"
"QN24.26.015.14v.13.08","Epsy_postap_slope_hero","-3.635582937645947"
"QN24.26.015.14v.13.08","Epsy_trough_t_hero","-0.5746898764259873"
"QN24.26.015.14v.13.08","Epsy_downstroke_adapt_ratio","-0.3093034812787716"
"QN24.26.015.14v.13.08","Epsy_peak_v_adapt_ratio","0.1516973747423647"
"QN24.26.015.14v.13.08","Epsy_threshold_v_adapt_ratio","-1.83407711893246"
"QN24.26.015.14v.13.08","Epsy_upstroke_adapt_ratio","-0.3807458125906955"
"QN24.26.015.14v.13.08","Epsy_width_adapt_ratio","0.6672886874780508"
"QN24.26.015.14v.13.08","Epsy_threshold_v_short_square","0.3308934502627466"
"QN25.26.002.14v.06A.02","Epsy_width_rheo","0.4519479981633651"
"QN25.26.002.14v.06A.02","Epsy_fast_trough_v_rheo","0.697387902888892"
"QN25.26.002.14v.06A.02","Epsy_peak_deltav_rheo","0.2023855858644526"
"QN25.26.002.14v.06A.02","Epsy_peak_v_rheo","-0.7206247535552893"
"QN25.26.002.14v.06A.02","Epsy_postap_slope_rheo","0.2685924774974567"
"QN25.26.002.14v.06A.02","Epsy_threshold_v_rheo","-1.4966866449348577"
"QN25.26.002.14v.06A.02","Epsy_trough_t_rheo","-2.4432048293010737"
"QN25.26.002.14v.06A.02","Epsy_trough_v_rheo","0.7980414354754467"
"QN25.26.002.14v.06A.02","Epsy_upstroke_downstroke_ratio_rheo","0.3617979849464636"
"QN25.26.002.14v.06A.02","Epsy_ahp_delay_5spike","0.3731648633162427"
"QN25.26.002.14v.06A.02","Epsy_ahp_delay_ratio_5spike","0.6989922943034863"
"QN25.26.002.14v.06A.02","Epsy_postap_slope_hero","-0.0073019755316567"
"QN25.26.002.14v.06A.02","Epsy_trough_t_hero","-3.213872224775025"
"QN25.26.002.14v.06A.02","Epsy_downstroke_adapt_ratio","-0.6864938580452379"
"QN25.26.002.14v.06A.02","Epsy_peak_v_adapt_ratio","1.0535023663123064"
"QN25.26.002.14v.06A.02","Epsy_threshold_v_adapt_ratio","-1.1372604087254825"
"QN25.26.002.14v.06A.02","Epsy_upstroke_adapt_ratio","0.0187107803966734"
"QN25.26.002.14v.06A.02","Epsy_width_adapt_ratio","1.1076528776901444"
"QN25.26.002.14v.06A.02","Epsy_threshold_v_short_square","-0.9007026362570584"
