HC,GC_raw,Cell_count,NPC,HC_K,Resolution,GC_raw_K
HC1,S0,0,3,4,0.5,4
HC2,S0,0,3,4,0.5,4
HC3,S0,61,3,4,0.5,4
HC4,S0,3,3,4,0.5,4
HC1,S1,1,3,4,0.5,4
HC2,S1,0,3,4,0.5,4
HC3,S1,1,3,4,0.5,4
HC4,S1,31,3,4,0.5,4
HC1,S2,0,3,4,0.5,4
HC2,S2,23,3,4,0.5,4
HC3,S2,0,3,4,0.5,4
HC4,S2,1,3,4,0.5,4
HC1,S3,66,3,4,0.5,4
HC2,S3,0,3,4,0.5,4
HC3,S3,0,3,4,0.5,4
HC4,S3,0,3,4,0.5,4
HC1,S0,0,3,5,0.5,4
HC2,S0,0,3,5,0.5,4
HC3,S0,0,3,5,0.5,4
HC4,S0,61,3,5,0.5,4
HC5,S0,3,3,5,0.5,4
HC1,S1,1,3,5,0.5,4
HC2,S1,0,3,5,0.5,4
HC3,S1,0,3,5,0.5,4
HC4,S1,1,3,5,0.5,4
HC5,S1,31,3,5,0.5,4
HC1,S2,0,3,5,0.5,4
HC2,S2,0,3,5,0.5,4
HC3,S2,23,3,5,0.5,4
HC4,S2,0,3,5,0.5,4
HC5,S2,1,3,5,0.5,4
HC1,S3,21,3,5,0.5,4
HC2,S3,45,3,5,0.5,4
HC3,S3,0,3,5,0.5,4
HC4,S3,0,3,5,0.5,4
HC5,S3,0,3,5,0.5,4
HC1,S0,0,3,4,0.55,4
HC2,S0,0,3,4,0.55,4
HC3,S0,61,3,4,0.55,4
HC4,S0,3,3,4,0.55,4
HC1,S1,1,3,4,0.55,4
HC2,S1,0,3,4,0.55,4
HC3,S1,1,3,4,0.55,4
HC4,S1,31,3,4,0.55,4
HC1,S2,0,3,4,0.55,4
HC2,S2,23,3,4,0.55,4
HC3,S2,0,3,4,0.55,4
HC4,S2,1,3,4,0.55,4
HC1,S3,66,3,4,0.55,4
HC2,S3,0,3,4,0.55,4
HC3,S3,0,3,4,0.55,4
HC4,S3,0,3,4,0.55,4
HC1,S0,0,3,5,0.55,4
HC2,S0,0,3,5,0.55,4
HC3,S0,0,3,5,0.55,4
HC4,S0,61,3,5,0.55,4
HC5,S0,3,3,5,0.55,4
HC1,S1,1,3,5,0.55,4
HC2,S1,0,3,5,0.55,4
HC3,S1,0,3,5,0.55,4
HC4,S1,1,3,5,0.55,4
HC5,S1,31,3,5,0.55,4
HC1,S2,0,3,5,0.55,4
HC2,S2,0,3,5,0.55,4
HC3,S2,23,3,5,0.55,4
HC4,S2,0,3,5,0.55,4
HC5,S2,1,3,5,0.55,4
HC1,S3,21,3,5,0.55,4
HC2,S3,45,3,5,0.55,4
HC3,S3,0,3,5,0.55,4
HC4,S3,0,3,5,0.55,4
HC5,S3,0,3,5,0.55,4
HC1,S0,0,3,4,0.6,4
HC2,S0,0,3,4,0.6,4
HC3,S0,44,3,4,0.6,4
HC4,S0,1,3,4,0.6,4
HC1,S1,1,3,4,0.6,4
HC2,S1,0,3,4,0.6,4
HC3,S1,1,3,4,0.6,4
HC4,S1,33,3,4,0.6,4
HC1,S2,0,3,4,0.6,4
HC2,S2,23,3,4,0.6,4
HC3,S2,17,3,4,0.6,4
HC4,S2,1,3,4,0.6,4
HC1,S3,66,3,4,0.6,4
HC2,S3,0,3,4,0.6,4
HC3,S3,0,3,4,0.6,4
HC4,S3,0,3,4,0.6,4
HC1,S0,0,3,5,0.6,4
HC2,S0,0,3,5,0.6,4
HC3,S0,0,3,5,0.6,4
HC4,S0,44,3,5,0.6,4
HC5,S0,1,3,5,0.6,4
HC1,S1,1,3,5,0.6,4
HC2,S1,0,3,5,0.6,4
HC3,S1,0,3,5,0.6,4
HC4,S1,1,3,5,0.6,4
HC5,S1,33,3,5,0.6,4
HC1,S2,0,3,5,0.6,4
HC2,S2,0,3,5,0.6,4
HC3,S2,23,3,5,0.6,4
HC4,S2,17,3,5,0.6,4
HC5,S2,1,3,5,0.6,4
HC1,S3,21,3,5,0.6,4
HC2,S3,45,3,5,0.6,4
HC3,S3,0,3,5,0.6,4
HC4,S3,0,3,5,0.6,4
HC5,S3,0,3,5,0.6,4
HC1,S0,0,3,4,0.65,4
HC2,S0,0,3,4,0.65,4
HC3,S0,44,3,4,0.65,4
HC4,S0,1,3,4,0.65,4
HC1,S1,1,3,4,0.65,4
HC2,S1,0,3,4,0.65,4
HC3,S1,1,3,4,0.65,4
HC4,S1,33,3,4,0.65,4
HC1,S2,0,3,4,0.65,4
HC2,S2,23,3,4,0.65,4
HC3,S2,17,3,4,0.65,4
HC4,S2,1,3,4,0.65,4
HC1,S3,66,3,4,0.65,4
HC2,S3,0,3,4,0.65,4
HC3,S3,0,3,4,0.65,4
HC4,S3,0,3,4,0.65,4
HC1,S0,0,3,5,0.65,4
HC2,S0,0,3,5,0.65,4
HC3,S0,0,3,5,0.65,4
HC4,S0,44,3,5,0.65,4
HC5,S0,1,3,5,0.65,4
HC1,S1,1,3,5,0.65,4
HC2,S1,0,3,5,0.65,4
HC3,S1,0,3,5,0.65,4
HC4,S1,1,3,5,0.65,4
HC5,S1,33,3,5,0.65,4
HC1,S2,0,3,5,0.65,4
HC2,S2,0,3,5,0.65,4
HC3,S2,23,3,5,0.65,4
HC4,S2,17,3,5,0.65,4
HC5,S2,1,3,5,0.65,4
HC1,S3,21,3,5,0.65,4
HC2,S3,45,3,5,0.65,4
HC3,S3,0,3,5,0.65,4
HC4,S3,0,3,5,0.65,4
HC5,S3,0,3,5,0.65,4
HC1,S0,0,3,4,0.7,4
HC2,S0,0,3,4,0.7,4
HC3,S0,44,3,4,0.7,4
HC4,S0,1,3,4,0.7,4
HC1,S1,1,3,4,0.7,4
HC2,S1,0,3,4,0.7,4
HC3,S1,1,3,4,0.7,4
HC4,S1,33,3,4,0.7,4
HC1,S2,0,3,4,0.7,4
HC2,S2,23,3,4,0.7,4
HC3,S2,17,3,4,0.7,4
HC4,S2,1,3,4,0.7,4
HC1,S3,66,3,4,0.7,4
HC2,S3,0,3,4,0.7,4
HC3,S3,0,3,4,0.7,4
HC4,S3,0,3,4,0.7,4
HC1,S0,0,3,5,0.7,4
HC2,S0,0,3,5,0.7,4
HC3,S0,0,3,5,0.7,4
HC4,S0,44,3,5,0.7,4
HC5,S0,1,3,5,0.7,4
HC1,S1,1,3,5,0.7,4
HC2,S1,0,3,5,0.7,4
HC3,S1,0,3,5,0.7,4
HC4,S1,1,3,5,0.7,4
HC5,S1,33,3,5,0.7,4
HC1,S2,0,3,5,0.7,4
HC2,S2,0,3,5,0.7,4
HC3,S2,23,3,5,0.7,4
HC4,S2,17,3,5,0.7,4
HC5,S2,1,3,5,0.7,4
HC1,S3,21,3,5,0.7,4
HC2,S3,45,3,5,0.7,4
HC3,S3,0,3,5,0.7,4
HC4,S3,0,3,5,0.7,4
HC5,S3,0,3,5,0.7,4
HC1,S0,0,3,4,0.75,4
HC2,S0,0,3,4,0.75,4
HC3,S0,44,3,4,0.75,4
HC4,S0,1,3,4,0.75,4
HC1,S1,1,3,4,0.75,4
HC2,S1,0,3,4,0.75,4
HC3,S1,1,3,4,0.75,4
HC4,S1,33,3,4,0.75,4
HC1,S2,0,3,4,0.75,4
HC2,S2,23,3,4,0.75,4
HC3,S2,17,3,4,0.75,4
HC4,S2,1,3,4,0.75,4
HC1,S3,66,3,4,0.75,4
HC2,S3,0,3,4,0.75,4
HC3,S3,0,3,4,0.75,4
HC4,S3,0,3,4,0.75,4
HC1,S0,0,3,5,0.75,4
HC2,S0,0,3,5,0.75,4
HC3,S0,0,3,5,0.75,4
HC4,S0,44,3,5,0.75,4
HC5,S0,1,3,5,0.75,4
HC1,S1,1,3,5,0.75,4
HC2,S1,0,3,5,0.75,4
HC3,S1,0,3,5,0.75,4
HC4,S1,1,3,5,0.75,4
HC5,S1,33,3,5,0.75,4
HC1,S2,0,3,5,0.75,4
HC2,S2,0,3,5,0.75,4
HC3,S2,23,3,5,0.75,4
HC4,S2,17,3,5,0.75,4
HC5,S2,1,3,5,0.75,4
HC1,S3,21,3,5,0.75,4
HC2,S3,45,3,5,0.75,4
HC3,S3,0,3,5,0.75,4
HC4,S3,0,3,5,0.75,4
HC5,S3,0,3,5,0.75,4
HC1,S0,0,3,4,0.8,4
HC2,S0,0,3,4,0.8,4
HC3,S0,44,3,4,0.8,4
HC4,S0,1,3,4,0.8,4
HC1,S1,1,3,4,0.8,4
HC2,S1,0,3,4,0.8,4
HC3,S1,1,3,4,0.8,4
HC4,S1,33,3,4,0.8,4
HC1,S2,0,3,4,0.8,4
HC2,S2,23,3,4,0.8,4
HC3,S2,17,3,4,0.8,4
HC4,S2,1,3,4,0.8,4
HC1,S3,66,3,4,0.8,4
HC2,S3,0,3,4,0.8,4
HC3,S3,0,3,4,0.8,4
HC4,S3,0,3,4,0.8,4
HC1,S0,0,3,5,0.8,4
HC2,S0,0,3,5,0.8,4
HC3,S0,0,3,5,0.8,4
HC4,S0,44,3,5,0.8,4
HC5,S0,1,3,5,0.8,4
HC1,S1,1,3,5,0.8,4
HC2,S1,0,3,5,0.8,4
HC3,S1,0,3,5,0.8,4
HC4,S1,1,3,5,0.8,4
HC5,S1,33,3,5,0.8,4
HC1,S2,0,3,5,0.8,4
HC2,S2,0,3,5,0.8,4
HC3,S2,23,3,5,0.8,4
HC4,S2,17,3,5,0.8,4
HC5,S2,1,3,5,0.8,4
HC1,S3,21,3,5,0.8,4
HC2,S3,45,3,5,0.8,4
HC3,S3,0,3,5,0.8,4
HC4,S3,0,3,5,0.8,4
HC5,S3,0,3,5,0.8,4
HC1,S0,0,3,4,0.85,5
HC2,S0,0,3,4,0.85,5
HC3,S0,43,3,4,0.85,5
HC4,S0,1,3,4,0.85,5
HC1,S1,1,3,4,0.85,5
HC2,S1,0,3,4,0.85,5
HC3,S1,1,3,4,0.85,5
HC4,S1,33,3,4,0.85,5
HC1,S2,0,3,4,0.85,5
HC2,S2,23,3,4,0.85,5
HC3,S2,17,3,4,0.85,5
HC4,S2,1,3,4,0.85,5
HC1,S3,20,3,4,0.85,5
HC2,S3,0,3,4,0.85,5
HC3,S3,1,3,4,0.85,5
HC4,S3,0,3,4,0.85,5
HC1,S4,46,3,4,0.85,5
HC2,S4,0,3,4,0.85,5
HC3,S4,0,3,4,0.85,5
HC4,S4,0,3,4,0.85,5
HC1,S0,0,3,5,0.85,5
HC2,S0,0,3,5,0.85,5
HC3,S0,0,3,5,0.85,5
HC4,S0,43,3,5,0.85,5
HC5,S0,1,3,5,0.85,5
HC1,S1,1,3,5,0.85,5
HC2,S1,0,3,5,0.85,5
HC3,S1,0,3,5,0.85,5
HC4,S1,1,3,5,0.85,5
HC5,S1,33,3,5,0.85,5
HC1,S2,0,3,5,0.85,5
HC2,S2,0,3,5,0.85,5
HC3,S2,23,3,5,0.85,5
HC4,S2,17,3,5,0.85,5
HC5,S2,1,3,5,0.85,5
HC1,S3,0,3,5,0.85,5
HC2,S3,20,3,5,0.85,5
HC3,S3,0,3,5,0.85,5
HC4,S3,1,3,5,0.85,5
HC5,S3,0,3,5,0.85,5
HC1,S4,21,3,5,0.85,5
HC2,S4,25,3,5,0.85,5
HC3,S4,0,3,5,0.85,5
HC4,S4,0,3,5,0.85,5
HC5,S4,0,3,5,0.85,5
HC1,S0,0,3,4,0.9,5
HC2,S0,0,3,4,0.9,5
HC3,S0,43,3,4,0.9,5
HC4,S0,1,3,4,0.9,5
HC1,S1,3,3,4,0.9,5
HC2,S1,0,3,4,0.9,5
HC3,S1,1,3,4,0.9,5
HC4,S1,33,3,4,0.9,5
HC1,S2,0,3,4,0.9,5
HC2,S2,23,3,4,0.9,5
HC3,S2,17,3,4,0.9,5
HC4,S2,1,3,4,0.9,5
HC1,S3,20,3,4,0.9,5
HC2,S3,0,3,4,0.9,5
HC3,S3,1,3,4,0.9,5
HC4,S3,0,3,4,0.9,5
HC1,S4,44,3,4,0.9,5
HC2,S4,0,3,4,0.9,5
HC3,S4,0,3,4,0.9,5
HC4,S4,0,3,4,0.9,5
HC1,S0,0,3,5,0.9,5
HC2,S0,0,3,5,0.9,5
HC3,S0,0,3,5,0.9,5
HC4,S0,43,3,5,0.9,5
HC5,S0,1,3,5,0.9,5
HC1,S1,1,3,5,0.9,5
HC2,S1,2,3,5,0.9,5
HC3,S1,0,3,5,0.9,5
HC4,S1,1,3,5,0.9,5
HC5,S1,33,3,5,0.9,5
HC1,S2,0,3,5,0.9,5
HC2,S2,0,3,5,0.9,5
HC3,S2,23,3,5,0.9,5
HC4,S2,17,3,5,0.9,5
HC5,S2,1,3,5,0.9,5
HC1,S3,0,3,5,0.9,5
HC2,S3,20,3,5,0.9,5
HC3,S3,0,3,5,0.9,5
HC4,S3,1,3,5,0.9,5
HC5,S3,0,3,5,0.9,5
HC1,S4,21,3,5,0.9,5
HC2,S4,23,3,5,0.9,5
HC3,S4,0,3,5,0.9,5
HC4,S4,0,3,5,0.9,5
HC5,S4,0,3,5,0.9,5
HC1,S0,0,3,4,0.95,5
HC2,S0,0,3,4,0.95,5
HC3,S0,43,3,4,0.95,5
HC4,S0,1,3,4,0.95,5
HC1,S1,3,3,4,0.95,5
HC2,S1,0,3,4,0.95,5
HC3,S1,1,3,4,0.95,5
HC4,S1,33,3,4,0.95,5
HC1,S2,0,3,4,0.95,5
HC2,S2,23,3,4,0.95,5
HC3,S2,17,3,4,0.95,5
HC4,S2,1,3,4,0.95,5
HC1,S3,20,3,4,0.95,5
HC2,S3,0,3,4,0.95,5
HC3,S3,1,3,4,0.95,5
HC4,S3,0,3,4,0.95,5
HC1,S4,44,3,4,0.95,5
HC2,S4,0,3,4,0.95,5
HC3,S4,0,3,4,0.95,5
HC4,S4,0,3,4,0.95,5
HC1,S0,0,3,5,0.95,5
HC2,S0,0,3,5,0.95,5
HC3,S0,0,3,5,0.95,5
HC4,S0,43,3,5,0.95,5
HC5,S0,1,3,5,0.95,5
HC1,S1,1,3,5,0.95,5
HC2,S1,2,3,5,0.95,5
HC3,S1,0,3,5,0.95,5
HC4,S1,1,3,5,0.95,5
HC5,S1,33,3,5,0.95,5
HC1,S2,0,3,5,0.95,5
HC2,S2,0,3,5,0.95,5
HC3,S2,23,3,5,0.95,5
HC4,S2,17,3,5,0.95,5
HC5,S2,1,3,5,0.95,5
HC1,S3,0,3,5,0.95,5
HC2,S3,20,3,5,0.95,5
HC3,S3,0,3,5,0.95,5
HC4,S3,1,3,5,0.95,5
HC5,S3,0,3,5,0.95,5
HC1,S4,21,3,5,0.95,5
HC2,S4,23,3,5,0.95,5
HC3,S4,0,3,5,0.95,5
HC4,S4,0,3,5,0.95,5
HC5,S4,0,3,5,0.95,5
HC1,S0,0,3,4,1,5
HC2,S0,0,3,4,1,5
HC3,S0,43,3,4,1,5
HC4,S0,1,3,4,1,5
HC1,S1,3,3,4,1,5
HC2,S1,0,3,4,1,5
HC3,S1,1,3,4,1,5
HC4,S1,33,3,4,1,5
HC1,S2,0,3,4,1,5
HC2,S2,23,3,4,1,5
HC3,S2,17,3,4,1,5
HC4,S2,1,3,4,1,5
HC1,S3,21,3,4,1,5
HC2,S3,0,3,4,1,5
HC3,S3,1,3,4,1,5
HC4,S3,0,3,4,1,5
HC1,S4,43,3,4,1,5
HC2,S4,0,3,4,1,5
HC3,S4,0,3,4,1,5
HC4,S4,0,3,4,1,5
HC1,S0,0,3,5,1,5
HC2,S0,0,3,5,1,5
HC3,S0,0,3,5,1,5
HC4,S0,43,3,5,1,5
HC5,S0,1,3,5,1,5
HC1,S1,1,3,5,1,5
HC2,S1,2,3,5,1,5
HC3,S1,0,3,5,1,5
HC4,S1,1,3,5,1,5
HC5,S1,33,3,5,1,5
HC1,S2,0,3,5,1,5
HC2,S2,0,3,5,1,5
HC3,S2,23,3,5,1,5
HC4,S2,17,3,5,1,5
HC5,S2,1,3,5,1,5
HC1,S3,0,3,5,1,5
HC2,S3,21,3,5,1,5
HC3,S3,0,3,5,1,5
HC4,S3,1,3,5,1,5
HC5,S3,0,3,5,1,5
HC1,S4,21,3,5,1,5
HC2,S4,22,3,5,1,5
HC3,S4,0,3,5,1,5
HC4,S4,0,3,5,1,5
HC5,S4,0,3,5,1,5
HC1,S0,0,3,4,1.05,5
HC2,S0,0,3,4,1.05,5
HC3,S0,43,3,4,1.05,5
HC4,S0,1,3,4,1.05,5
HC1,S1,3,3,4,1.05,5
HC2,S1,0,3,4,1.05,5
HC3,S1,1,3,4,1.05,5
HC4,S1,33,3,4,1.05,5
HC1,S2,0,3,4,1.05,5
HC2,S2,23,3,4,1.05,5
HC3,S2,17,3,4,1.05,5
HC4,S2,1,3,4,1.05,5
HC1,S3,23,3,4,1.05,5
HC2,S3,0,3,4,1.05,5
HC3,S3,1,3,4,1.05,5
HC4,S3,0,3,4,1.05,5
HC1,S4,41,3,4,1.05,5
HC2,S4,0,3,4,1.05,5
HC3,S4,0,3,4,1.05,5
HC4,S4,0,3,4,1.05,5
HC1,S0,0,3,5,1.05,5
HC2,S0,0,3,5,1.05,5
HC3,S0,0,3,5,1.05,5
HC4,S0,43,3,5,1.05,5
HC5,S0,1,3,5,1.05,5
HC1,S1,1,3,5,1.05,5
HC2,S1,2,3,5,1.05,5
HC3,S1,0,3,5,1.05,5
HC4,S1,1,3,5,1.05,5
HC5,S1,33,3,5,1.05,5
HC1,S2,0,3,5,1.05,5
HC2,S2,0,3,5,1.05,5
HC3,S2,23,3,5,1.05,5
HC4,S2,17,3,5,1.05,5
HC5,S2,1,3,5,1.05,5
HC1,S3,0,3,5,1.05,5
HC2,S3,23,3,5,1.05,5
HC3,S3,0,3,5,1.05,5
HC4,S3,1,3,5,1.05,5
HC5,S3,0,3,5,1.05,5
HC1,S4,21,3,5,1.05,5
HC2,S4,20,3,5,1.05,5
HC3,S4,0,3,5,1.05,5
HC4,S4,0,3,5,1.05,5
HC5,S4,0,3,5,1.05,5
HC1,S0,0,3,4,1.1,6
HC2,S0,0,3,4,1.1,6
HC3,S0,39,3,4,1.1,6
HC4,S0,1,3,4,1.1,6
HC1,S1,3,3,4,1.1,6
HC2,S1,0,3,4,1.1,6
HC3,S1,1,3,4,1.1,6
HC4,S1,33,3,4,1.1,6
HC1,S2,0,3,4,1.1,6
HC2,S2,0,3,4,1.1,6
HC3,S2,21,3,4,1.1,6
HC4,S2,0,3,4,1.1,6
HC1,S3,0,3,4,1.1,6
HC2,S3,23,3,4,1.1,6
HC3,S3,0,3,4,1.1,6
HC4,S3,1,3,4,1.1,6
HC1,S4,23,3,4,1.1,6
HC2,S4,0,3,4,1.1,6
HC3,S4,1,3,4,1.1,6
HC4,S4,0,3,4,1.1,6
HC1,S5,41,3,4,1.1,6
HC2,S5,0,3,4,1.1,6
HC3,S5,0,3,4,1.1,6
HC4,S5,0,3,4,1.1,6
HC1,S0,0,3,5,1.1,6
HC2,S0,0,3,5,1.1,6
HC3,S0,0,3,5,1.1,6
HC4,S0,39,3,5,1.1,6
HC5,S0,1,3,5,1.1,6
HC1,S1,1,3,5,1.1,6
HC2,S1,2,3,5,1.1,6
HC3,S1,0,3,5,1.1,6
HC4,S1,1,3,5,1.1,6
HC5,S1,33,3,5,1.1,6
HC1,S2,0,3,5,1.1,6
HC2,S2,0,3,5,1.1,6
HC3,S2,0,3,5,1.1,6
HC4,S2,21,3,5,1.1,6
HC5,S2,0,3,5,1.1,6
HC1,S3,0,3,5,1.1,6
HC2,S3,0,3,5,1.1,6
HC3,S3,23,3,5,1.1,6
HC4,S3,0,3,5,1.1,6
HC5,S3,1,3,5,1.1,6
HC1,S4,0,3,5,1.1,6
HC2,S4,23,3,5,1.1,6
HC3,S4,0,3,5,1.1,6
HC4,S4,1,3,5,1.1,6
HC5,S4,0,3,5,1.1,6
HC1,S5,21,3,5,1.1,6
HC2,S5,20,3,5,1.1,6
HC3,S5,0,3,5,1.1,6
HC4,S5,0,3,5,1.1,6
HC5,S5,0,3,5,1.1,6
HC1,S0,0,3,4,1.15,6
HC2,S0,0,3,4,1.15,6
HC3,S0,39,3,4,1.15,6
HC4,S0,1,3,4,1.15,6
HC1,S1,3,3,4,1.15,6
HC2,S1,0,3,4,1.15,6
HC3,S1,1,3,4,1.15,6
HC4,S1,33,3,4,1.15,6
HC1,S2,0,3,4,1.15,6
HC2,S2,0,3,4,1.15,6
HC3,S2,21,3,4,1.15,6
HC4,S2,0,3,4,1.15,6
HC1,S3,0,3,4,1.15,6
HC2,S3,23,3,4,1.15,6
HC3,S3,0,3,4,1.15,6
HC4,S3,1,3,4,1.15,6
HC1,S4,23,3,4,1.15,6
HC2,S4,0,3,4,1.15,6
HC3,S4,1,3,4,1.15,6
HC4,S4,0,3,4,1.15,6
HC1,S5,41,3,4,1.15,6
HC2,S5,0,3,4,1.15,6
HC3,S5,0,3,4,1.15,6
HC4,S5,0,3,4,1.15,6
HC1,S0,0,3,5,1.15,6
HC2,S0,0,3,5,1.15,6
HC3,S0,0,3,5,1.15,6
HC4,S0,39,3,5,1.15,6
HC5,S0,1,3,5,1.15,6
HC1,S1,1,3,5,1.15,6
HC2,S1,2,3,5,1.15,6
HC3,S1,0,3,5,1.15,6
HC4,S1,1,3,5,1.15,6
HC5,S1,33,3,5,1.15,6
HC1,S2,0,3,5,1.15,6
HC2,S2,0,3,5,1.15,6
HC3,S2,0,3,5,1.15,6
HC4,S2,21,3,5,1.15,6
HC5,S2,0,3,5,1.15,6
HC1,S3,0,3,5,1.15,6
HC2,S3,0,3,5,1.15,6
HC3,S3,23,3,5,1.15,6
HC4,S3,0,3,5,1.15,6
HC5,S3,1,3,5,1.15,6
HC1,S4,0,3,5,1.15,6
HC2,S4,23,3,5,1.15,6
HC3,S4,0,3,5,1.15,6
HC4,S4,1,3,5,1.15,6
HC5,S4,0,3,5,1.15,6
HC1,S5,21,3,5,1.15,6
HC2,S5,20,3,5,1.15,6
HC3,S5,0,3,5,1.15,6
HC4,S5,0,3,5,1.15,6
HC5,S5,0,3,5,1.15,6
HC1,S0,0,3,4,1.2,6
HC2,S0,0,3,4,1.2,6
HC3,S0,39,3,4,1.2,6
HC4,S0,1,3,4,1.2,6
HC1,S1,3,3,4,1.2,6
HC2,S1,0,3,4,1.2,6
HC3,S1,1,3,4,1.2,6
HC4,S1,33,3,4,1.2,6
HC1,S2,0,3,4,1.2,6
HC2,S2,0,3,4,1.2,6
HC3,S2,21,3,4,1.2,6
HC4,S2,0,3,4,1.2,6
HC1,S3,0,3,4,1.2,6
HC2,S3,23,3,4,1.2,6
HC3,S3,0,3,4,1.2,6
HC4,S3,1,3,4,1.2,6
HC1,S4,23,3,4,1.2,6
HC2,S4,0,3,4,1.2,6
HC3,S4,1,3,4,1.2,6
HC4,S4,0,3,4,1.2,6
HC1,S5,41,3,4,1.2,6
HC2,S5,0,3,4,1.2,6
HC3,S5,0,3,4,1.2,6
HC4,S5,0,3,4,1.2,6
HC1,S0,0,3,5,1.2,6
HC2,S0,0,3,5,1.2,6
HC3,S0,0,3,5,1.2,6
HC4,S0,39,3,5,1.2,6
HC5,S0,1,3,5,1.2,6
HC1,S1,1,3,5,1.2,6
HC2,S1,2,3,5,1.2,6
HC3,S1,0,3,5,1.2,6
HC4,S1,1,3,5,1.2,6
HC5,S1,33,3,5,1.2,6
HC1,S2,0,3,5,1.2,6
HC2,S2,0,3,5,1.2,6
HC3,S2,0,3,5,1.2,6
HC4,S2,21,3,5,1.2,6
HC5,S2,0,3,5,1.2,6
HC1,S3,0,3,5,1.2,6
HC2,S3,0,3,5,1.2,6
HC3,S3,23,3,5,1.2,6
HC4,S3,0,3,5,1.2,6
HC5,S3,1,3,5,1.2,6
HC1,S4,0,3,5,1.2,6
HC2,S4,23,3,5,1.2,6
HC3,S4,0,3,5,1.2,6
HC4,S4,1,3,5,1.2,6
HC5,S4,0,3,5,1.2,6
HC1,S5,21,3,5,1.2,6
HC2,S5,20,3,5,1.2,6
HC3,S5,0,3,5,1.2,6
HC4,S5,0,3,5,1.2,6
HC5,S5,0,3,5,1.2,6
HC1,S0,0,3,4,1.25,6
HC2,S0,0,3,4,1.25,6
HC3,S0,39,3,4,1.25,6
HC4,S0,1,3,4,1.25,6
HC1,S1,3,3,4,1.25,6
HC2,S1,0,3,4,1.25,6
HC3,S1,1,3,4,1.25,6
HC4,S1,33,3,4,1.25,6
HC1,S2,0,3,4,1.25,6
HC2,S2,0,3,4,1.25,6
HC3,S2,21,3,4,1.25,6
HC4,S2,0,3,4,1.25,6
HC1,S3,0,3,4,1.25,6
HC2,S3,23,3,4,1.25,6
HC3,S3,0,3,4,1.25,6
HC4,S3,1,3,4,1.25,6
HC1,S4,23,3,4,1.25,6
HC2,S4,0,3,4,1.25,6
HC3,S4,1,3,4,1.25,6
HC4,S4,0,3,4,1.25,6
HC1,S5,41,3,4,1.25,6
HC2,S5,0,3,4,1.25,6
HC3,S5,0,3,4,1.25,6
HC4,S5,0,3,4,1.25,6
HC1,S0,0,3,5,1.25,6
HC2,S0,0,3,5,1.25,6
HC3,S0,0,3,5,1.25,6
HC4,S0,39,3,5,1.25,6
HC5,S0,1,3,5,1.25,6
HC1,S1,1,3,5,1.25,6
HC2,S1,2,3,5,1.25,6
HC3,S1,0,3,5,1.25,6
HC4,S1,1,3,5,1.25,6
HC5,S1,33,3,5,1.25,6
HC1,S2,0,3,5,1.25,6
HC2,S2,0,3,5,1.25,6
HC3,S2,0,3,5,1.25,6
HC4,S2,21,3,5,1.25,6
HC5,S2,0,3,5,1.25,6
HC1,S3,0,3,5,1.25,6
HC2,S3,0,3,5,1.25,6
HC3,S3,23,3,5,1.25,6
HC4,S3,0,3,5,1.25,6
HC5,S3,1,3,5,1.25,6
HC1,S4,0,3,5,1.25,6
HC2,S4,23,3,5,1.25,6
HC3,S4,0,3,5,1.25,6
HC4,S4,1,3,5,1.25,6
HC5,S4,0,3,5,1.25,6
HC1,S5,21,3,5,1.25,6
HC2,S5,20,3,5,1.25,6
HC3,S5,0,3,5,1.25,6
HC4,S5,0,3,5,1.25,6
HC5,S5,0,3,5,1.25,6
HC1,S0,0,3,4,1.3,6
HC2,S0,0,3,4,1.3,6
HC3,S0,38,3,4,1.3,6
HC4,S0,1,3,4,1.3,6
HC1,S1,0,3,4,1.3,6
HC2,S1,0,3,4,1.3,6
HC3,S1,22,3,4,1.3,6
HC4,S1,0,3,4,1.3,6
HC1,S2,3,3,4,1.3,6
HC2,S2,0,3,4,1.3,6
HC3,S2,1,3,4,1.3,6
HC4,S2,33,3,4,1.3,6
HC1,S3,0,3,4,1.3,6
HC2,S3,23,3,4,1.3,6
HC3,S3,0,3,4,1.3,6
HC4,S3,1,3,4,1.3,6
HC1,S4,23,3,4,1.3,6
HC2,S4,0,3,4,1.3,6
HC3,S4,1,3,4,1.3,6
HC4,S4,0,3,4,1.3,6
HC1,S5,41,3,4,1.3,6
HC2,S5,0,3,4,1.3,6
HC3,S5,0,3,4,1.3,6
HC4,S5,0,3,4,1.3,6
HC1,S0,0,3,5,1.3,6
HC2,S0,0,3,5,1.3,6
HC3,S0,0,3,5,1.3,6
HC4,S0,38,3,5,1.3,6
HC5,S0,1,3,5,1.3,6
HC1,S1,0,3,5,1.3,6
HC2,S1,0,3,5,1.3,6
HC3,S1,0,3,5,1.3,6
HC4,S1,22,3,5,1.3,6
HC5,S1,0,3,5,1.3,6
HC1,S2,1,3,5,1.3,6
HC2,S2,2,3,5,1.3,6
HC3,S2,0,3,5,1.3,6
HC4,S2,1,3,5,1.3,6
HC5,S2,33,3,5,1.3,6
HC1,S3,0,3,5,1.3,6
HC2,S3,0,3,5,1.3,6
HC3,S3,23,3,5,1.3,6
HC4,S3,0,3,5,1.3,6
HC5,S3,1,3,5,1.3,6
HC1,S4,0,3,5,1.3,6
HC2,S4,23,3,5,1.3,6
HC3,S4,0,3,5,1.3,6
HC4,S4,1,3,5,1.3,6
HC5,S4,0,3,5,1.3,6
HC1,S5,21,3,5,1.3,6
HC2,S5,20,3,5,1.3,6
HC3,S5,0,3,5,1.3,6
HC4,S5,0,3,5,1.3,6
HC5,S5,0,3,5,1.3,6
HC1,S0,0,3,4,1.35,6
HC2,S0,0,3,4,1.35,6
HC3,S0,38,3,4,1.35,6
HC4,S0,1,3,4,1.35,6
HC1,S1,0,3,4,1.35,6
HC2,S1,0,3,4,1.35,6
HC3,S1,22,3,4,1.35,6
HC4,S1,0,3,4,1.35,6
HC1,S2,3,3,4,1.35,6
HC2,S2,0,3,4,1.35,6
HC3,S2,1,3,4,1.35,6
HC4,S2,33,3,4,1.35,6
HC1,S3,0,3,4,1.35,6
HC2,S3,23,3,4,1.35,6
HC3,S3,0,3,4,1.35,6
HC4,S3,1,3,4,1.35,6
HC1,S4,23,3,4,1.35,6
HC2,S4,0,3,4,1.35,6
HC3,S4,1,3,4,1.35,6
HC4,S4,0,3,4,1.35,6
HC1,S5,41,3,4,1.35,6
HC2,S5,0,3,4,1.35,6
HC3,S5,0,3,4,1.35,6
HC4,S5,0,3,4,1.35,6
HC1,S0,0,3,5,1.35,6
HC2,S0,0,3,5,1.35,6
HC3,S0,0,3,5,1.35,6
HC4,S0,38,3,5,1.35,6
HC5,S0,1,3,5,1.35,6
HC1,S1,0,3,5,1.35,6
HC2,S1,0,3,5,1.35,6
HC3,S1,0,3,5,1.35,6
HC4,S1,22,3,5,1.35,6
HC5,S1,0,3,5,1.35,6
HC1,S2,1,3,5,1.35,6
HC2,S2,2,3,5,1.35,6
HC3,S2,0,3,5,1.35,6
HC4,S2,1,3,5,1.35,6
HC5,S2,33,3,5,1.35,6
HC1,S3,0,3,5,1.35,6
HC2,S3,0,3,5,1.35,6
HC3,S3,23,3,5,1.35,6
HC4,S3,0,3,5,1.35,6
HC5,S3,1,3,5,1.35,6
HC1,S4,0,3,5,1.35,6
HC2,S4,23,3,5,1.35,6
HC3,S4,0,3,5,1.35,6
HC4,S4,1,3,5,1.35,6
HC5,S4,0,3,5,1.35,6
HC1,S5,21,3,5,1.35,6
HC2,S5,20,3,5,1.35,6
HC3,S5,0,3,5,1.35,6
HC4,S5,0,3,5,1.35,6
HC5,S5,0,3,5,1.35,6
HC1,S0,0,3,4,1.4,6
HC2,S0,0,3,4,1.4,6
HC3,S0,38,3,4,1.4,6
HC4,S0,1,3,4,1.4,6
HC1,S1,0,3,4,1.4,6
HC2,S1,0,3,4,1.4,6
HC3,S1,22,3,4,1.4,6
HC4,S1,0,3,4,1.4,6
HC1,S2,3,3,4,1.4,6
HC2,S2,0,3,4,1.4,6
HC3,S2,1,3,4,1.4,6
HC4,S2,33,3,4,1.4,6
HC1,S3,0,3,4,1.4,6
HC2,S3,23,3,4,1.4,6
HC3,S3,0,3,4,1.4,6
HC4,S3,1,3,4,1.4,6
HC1,S4,23,3,4,1.4,6
HC2,S4,0,3,4,1.4,6
HC3,S4,1,3,4,1.4,6
HC4,S4,0,3,4,1.4,6
HC1,S5,41,3,4,1.4,6
HC2,S5,0,3,4,1.4,6
HC3,S5,0,3,4,1.4,6
HC4,S5,0,3,4,1.4,6
HC1,S0,0,3,5,1.4,6
HC2,S0,0,3,5,1.4,6
HC3,S0,0,3,5,1.4,6
HC4,S0,38,3,5,1.4,6
HC5,S0,1,3,5,1.4,6
HC1,S1,0,3,5,1.4,6
HC2,S1,0,3,5,1.4,6
HC3,S1,0,3,5,1.4,6
HC4,S1,22,3,5,1.4,6
HC5,S1,0,3,5,1.4,6
HC1,S2,1,3,5,1.4,6
HC2,S2,2,3,5,1.4,6
HC3,S2,0,3,5,1.4,6
HC4,S2,1,3,5,1.4,6
HC5,S2,33,3,5,1.4,6
HC1,S3,0,3,5,1.4,6
HC2,S3,0,3,5,1.4,6
HC3,S3,23,3,5,1.4,6
HC4,S3,0,3,5,1.4,6
HC5,S3,1,3,5,1.4,6
HC1,S4,0,3,5,1.4,6
HC2,S4,23,3,5,1.4,6
HC3,S4,0,3,5,1.4,6
HC4,S4,1,3,5,1.4,6
HC5,S4,0,3,5,1.4,6
HC1,S5,21,3,5,1.4,6
HC2,S5,20,3,5,1.4,6
HC3,S5,0,3,5,1.4,6
HC4,S5,0,3,5,1.4,6
HC5,S5,0,3,5,1.4,6
HC1,S0,0,3,4,1.45,6
HC2,S0,0,3,4,1.45,6
HC3,S0,38,3,4,1.45,6
HC4,S0,1,3,4,1.45,6
HC1,S1,1,3,4,1.45,6
HC2,S1,0,3,4,1.45,6
HC3,S1,0,3,4,1.45,6
HC4,S1,33,3,4,1.45,6
HC1,S2,0,3,4,1.45,6
HC2,S2,0,3,4,1.45,6
HC3,S2,23,3,4,1.45,6
HC4,S2,0,3,4,1.45,6
HC1,S3,0,3,4,1.45,6
HC2,S3,23,3,4,1.45,6
HC3,S3,0,3,4,1.45,6
HC4,S3,1,3,4,1.45,6
HC1,S4,25,3,4,1.45,6
HC2,S4,0,3,4,1.45,6
HC3,S4,1,3,4,1.45,6
HC4,S4,0,3,4,1.45,6
HC1,S5,41,3,4,1.45,6
HC2,S5,0,3,4,1.45,6
HC3,S5,0,3,4,1.45,6
HC4,S5,0,3,4,1.45,6
HC1,S0,0,3,5,1.45,6
HC2,S0,0,3,5,1.45,6
HC3,S0,0,3,5,1.45,6
HC4,S0,38,3,5,1.45,6
HC5,S0,1,3,5,1.45,6
HC1,S1,1,3,5,1.45,6
HC2,S1,0,3,5,1.45,6
HC3,S1,0,3,5,1.45,6
HC4,S1,0,3,5,1.45,6
HC5,S1,33,3,5,1.45,6
HC1,S2,0,3,5,1.45,6
HC2,S2,0,3,5,1.45,6
HC3,S2,0,3,5,1.45,6
HC4,S2,23,3,5,1.45,6
HC5,S2,0,3,5,1.45,6
HC1,S3,0,3,5,1.45,6
HC2,S3,0,3,5,1.45,6
HC3,S3,23,3,5,1.45,6
HC4,S3,0,3,5,1.45,6
HC5,S3,1,3,5,1.45,6
HC1,S4,0,3,5,1.45,6
HC2,S4,25,3,5,1.45,6
HC3,S4,0,3,5,1.45,6
HC4,S4,1,3,5,1.45,6
HC5,S4,0,3,5,1.45,6
HC1,S5,21,3,5,1.45,6
HC2,S5,20,3,5,1.45,6
HC3,S5,0,3,5,1.45,6
HC4,S5,0,3,5,1.45,6
HC5,S5,0,3,5,1.45,6
HC1,S0,0,3,4,1.5,6
HC2,S0,0,3,4,1.5,6
HC3,S0,38,3,4,1.5,6
HC4,S0,1,3,4,1.5,6
HC1,S1,1,3,4,1.5,6
HC2,S1,0,3,4,1.5,6
HC3,S1,0,3,4,1.5,6
HC4,S1,33,3,4,1.5,6
HC1,S2,0,3,4,1.5,6
HC2,S2,0,3,4,1.5,6
HC3,S2,23,3,4,1.5,6
HC4,S2,0,3,4,1.5,6
HC1,S3,0,3,4,1.5,6
HC2,S3,23,3,4,1.5,6
HC3,S3,0,3,4,1.5,6
HC4,S3,1,3,4,1.5,6
HC1,S4,25,3,4,1.5,6
HC2,S4,0,3,4,1.5,6
HC3,S4,1,3,4,1.5,6
HC4,S4,0,3,4,1.5,6
HC1,S5,41,3,4,1.5,6
HC2,S5,0,3,4,1.5,6
HC3,S5,0,3,4,1.5,6
HC4,S5,0,3,4,1.5,6
HC1,S0,0,3,5,1.5,6
HC2,S0,0,3,5,1.5,6
HC3,S0,0,3,5,1.5,6
HC4,S0,38,3,5,1.5,6
HC5,S0,1,3,5,1.5,6
HC1,S1,1,3,5,1.5,6
HC2,S1,0,3,5,1.5,6
HC3,S1,0,3,5,1.5,6
HC4,S1,0,3,5,1.5,6
HC5,S1,33,3,5,1.5,6
HC1,S2,0,3,5,1.5,6
HC2,S2,0,3,5,1.5,6
HC3,S2,0,3,5,1.5,6
HC4,S2,23,3,5,1.5,6
HC5,S2,0,3,5,1.5,6
HC1,S3,0,3,5,1.5,6
HC2,S3,0,3,5,1.5,6
HC3,S3,23,3,5,1.5,6
HC4,S3,0,3,5,1.5,6
HC5,S3,1,3,5,1.5,6
HC1,S4,0,3,5,1.5,6
HC2,S4,25,3,5,1.5,6
HC3,S4,0,3,5,1.5,6
HC4,S4,1,3,5,1.5,6
HC5,S4,0,3,5,1.5,6
HC1,S5,21,3,5,1.5,6
HC2,S5,20,3,5,1.5,6
HC3,S5,0,3,5,1.5,6
HC4,S5,0,3,5,1.5,6
HC5,S5,0,3,5,1.5,6
HC1,S0,0,3,4,1.55,6
HC2,S0,0,3,4,1.55,6
HC3,S0,38,3,4,1.55,6
HC4,S0,1,3,4,1.55,6
HC1,S1,1,3,4,1.55,6
HC2,S1,0,3,4,1.55,6
HC3,S1,0,3,4,1.55,6
HC4,S1,33,3,4,1.55,6
HC1,S2,0,3,4,1.55,6
HC2,S2,0,3,4,1.55,6
HC3,S2,23,3,4,1.55,6
HC4,S2,0,3,4,1.55,6
HC1,S3,0,3,4,1.55,6
HC2,S3,23,3,4,1.55,6
HC3,S3,0,3,4,1.55,6
HC4,S3,1,3,4,1.55,6
HC1,S4,25,3,4,1.55,6
HC2,S4,0,3,4,1.55,6
HC3,S4,1,3,4,1.55,6
HC4,S4,0,3,4,1.55,6
HC1,S5,41,3,4,1.55,6
HC2,S5,0,3,4,1.55,6
HC3,S5,0,3,4,1.55,6
HC4,S5,0,3,4,1.55,6
HC1,S0,0,3,5,1.55,6
HC2,S0,0,3,5,1.55,6
HC3,S0,0,3,5,1.55,6
HC4,S0,38,3,5,1.55,6
HC5,S0,1,3,5,1.55,6
HC1,S1,1,3,5,1.55,6
HC2,S1,0,3,5,1.55,6
HC3,S1,0,3,5,1.55,6
HC4,S1,0,3,5,1.55,6
HC5,S1,33,3,5,1.55,6
HC1,S2,0,3,5,1.55,6
HC2,S2,0,3,5,1.55,6
HC3,S2,0,3,5,1.55,6
HC4,S2,23,3,5,1.55,6
HC5,S2,0,3,5,1.55,6
HC1,S3,0,3,5,1.55,6
HC2,S3,0,3,5,1.55,6
HC3,S3,23,3,5,1.55,6
HC4,S3,0,3,5,1.55,6
HC5,S3,1,3,5,1.55,6
HC1,S4,0,3,5,1.55,6
HC2,S4,25,3,5,1.55,6
HC3,S4,0,3,5,1.55,6
HC4,S4,1,3,5,1.55,6
HC5,S4,0,3,5,1.55,6
HC1,S5,21,3,5,1.55,6
HC2,S5,20,3,5,1.55,6
HC3,S5,0,3,5,1.55,6
HC4,S5,0,3,5,1.55,6
HC5,S5,0,3,5,1.55,6
HC1,S0,0,3,4,1.6,6
HC2,S0,0,3,4,1.6,6
HC3,S0,38,3,4,1.6,6
HC4,S0,1,3,4,1.6,6
HC1,S1,1,3,4,1.6,6
HC2,S1,0,3,4,1.6,6
HC3,S1,0,3,4,1.6,6
HC4,S1,33,3,4,1.6,6
HC1,S2,0,3,4,1.6,6
HC2,S2,0,3,4,1.6,6
HC3,S2,23,3,4,1.6,6
HC4,S2,0,3,4,1.6,6
HC1,S3,0,3,4,1.6,6
HC2,S3,23,3,4,1.6,6
HC3,S3,0,3,4,1.6,6
HC4,S3,1,3,4,1.6,6
HC1,S4,25,3,4,1.6,6
HC2,S4,0,3,4,1.6,6
HC3,S4,1,3,4,1.6,6
HC4,S4,0,3,4,1.6,6
HC1,S5,41,3,4,1.6,6
HC2,S5,0,3,4,1.6,6
HC3,S5,0,3,4,1.6,6
HC4,S5,0,3,4,1.6,6
HC1,S0,0,3,5,1.6,6
HC2,S0,0,3,5,1.6,6
HC3,S0,0,3,5,1.6,6
HC4,S0,38,3,5,1.6,6
HC5,S0,1,3,5,1.6,6
HC1,S1,1,3,5,1.6,6
HC2,S1,0,3,5,1.6,6
HC3,S1,0,3,5,1.6,6
HC4,S1,0,3,5,1.6,6
HC5,S1,33,3,5,1.6,6
HC1,S2,0,3,5,1.6,6
HC2,S2,0,3,5,1.6,6
HC3,S2,0,3,5,1.6,6
HC4,S2,23,3,5,1.6,6
HC5,S2,0,3,5,1.6,6
HC1,S3,0,3,5,1.6,6
HC2,S3,0,3,5,1.6,6
HC3,S3,23,3,5,1.6,6
HC4,S3,0,3,5,1.6,6
HC5,S3,1,3,5,1.6,6
HC1,S4,0,3,5,1.6,6
HC2,S4,25,3,5,1.6,6
HC3,S4,0,3,5,1.6,6
HC4,S4,1,3,5,1.6,6
HC5,S4,0,3,5,1.6,6
HC1,S5,21,3,5,1.6,6
HC2,S5,20,3,5,1.6,6
HC3,S5,0,3,5,1.6,6
HC4,S5,0,3,5,1.6,6
HC5,S5,0,3,5,1.6,6
HC1,S0,0,3,4,1.65,6
HC2,S0,0,3,4,1.65,6
HC3,S0,38,3,4,1.65,6
HC4,S0,1,3,4,1.65,6
HC1,S1,1,3,4,1.65,6
HC2,S1,0,3,4,1.65,6
HC3,S1,0,3,4,1.65,6
HC4,S1,33,3,4,1.65,6
HC1,S2,0,3,4,1.65,6
HC2,S2,0,3,4,1.65,6
HC3,S2,23,3,4,1.65,6
HC4,S2,0,3,4,1.65,6
HC1,S3,0,3,4,1.65,6
HC2,S3,23,3,4,1.65,6
HC3,S3,0,3,4,1.65,6
HC4,S3,1,3,4,1.65,6
HC1,S4,25,3,4,1.65,6
HC2,S4,0,3,4,1.65,6
HC3,S4,1,3,4,1.65,6
HC4,S4,0,3,4,1.65,6
HC1,S5,41,3,4,1.65,6
HC2,S5,0,3,4,1.65,6
HC3,S5,0,3,4,1.65,6
HC4,S5,0,3,4,1.65,6
HC1,S0,0,3,5,1.65,6
HC2,S0,0,3,5,1.65,6
HC3,S0,0,3,5,1.65,6
HC4,S0,38,3,5,1.65,6
HC5,S0,1,3,5,1.65,6
HC1,S1,1,3,5,1.65,6
HC2,S1,0,3,5,1.65,6
HC3,S1,0,3,5,1.65,6
HC4,S1,0,3,5,1.65,6
HC5,S1,33,3,5,1.65,6
HC1,S2,0,3,5,1.65,6
HC2,S2,0,3,5,1.65,6
HC3,S2,0,3,5,1.65,6
HC4,S2,23,3,5,1.65,6
HC5,S2,0,3,5,1.65,6
HC1,S3,0,3,5,1.65,6
HC2,S3,0,3,5,1.65,6
HC3,S3,23,3,5,1.65,6
HC4,S3,0,3,5,1.65,6
HC5,S3,1,3,5,1.65,6
HC1,S4,0,3,5,1.65,6
HC2,S4,25,3,5,1.65,6
HC3,S4,0,3,5,1.65,6
HC4,S4,1,3,5,1.65,6
HC5,S4,0,3,5,1.65,6
HC1,S5,21,3,5,1.65,6
HC2,S5,20,3,5,1.65,6
HC3,S5,0,3,5,1.65,6
HC4,S5,0,3,5,1.65,6
HC5,S5,0,3,5,1.65,6
HC1,S0,0,3,4,1.7,6
HC2,S0,0,3,4,1.7,6
HC3,S0,38,3,4,1.7,6
HC4,S0,1,3,4,1.7,6
HC1,S1,1,3,4,1.7,6
HC2,S1,0,3,4,1.7,6
HC3,S1,0,3,4,1.7,6
HC4,S1,33,3,4,1.7,6
HC1,S2,0,3,4,1.7,6
HC2,S2,0,3,4,1.7,6
HC3,S2,23,3,4,1.7,6
HC4,S2,0,3,4,1.7,6
HC1,S3,0,3,4,1.7,6
HC2,S3,23,3,4,1.7,6
HC3,S3,0,3,4,1.7,6
HC4,S3,1,3,4,1.7,6
HC1,S4,25,3,4,1.7,6
HC2,S4,0,3,4,1.7,6
HC3,S4,1,3,4,1.7,6
HC4,S4,0,3,4,1.7,6
HC1,S5,41,3,4,1.7,6
HC2,S5,0,3,4,1.7,6
HC3,S5,0,3,4,1.7,6
HC4,S5,0,3,4,1.7,6
HC1,S0,0,3,5,1.7,6
HC2,S0,0,3,5,1.7,6
HC3,S0,0,3,5,1.7,6
HC4,S0,38,3,5,1.7,6
HC5,S0,1,3,5,1.7,6
HC1,S1,1,3,5,1.7,6
HC2,S1,0,3,5,1.7,6
HC3,S1,0,3,5,1.7,6
HC4,S1,0,3,5,1.7,6
HC5,S1,33,3,5,1.7,6
HC1,S2,0,3,5,1.7,6
HC2,S2,0,3,5,1.7,6
HC3,S2,0,3,5,1.7,6
HC4,S2,23,3,5,1.7,6
HC5,S2,0,3,5,1.7,6
HC1,S3,0,3,5,1.7,6
HC2,S3,0,3,5,1.7,6
HC3,S3,23,3,5,1.7,6
HC4,S3,0,3,5,1.7,6
HC5,S3,1,3,5,1.7,6
HC1,S4,0,3,5,1.7,6
HC2,S4,25,3,5,1.7,6
HC3,S4,0,3,5,1.7,6
HC4,S4,1,3,5,1.7,6
HC5,S4,0,3,5,1.7,6
HC1,S5,21,3,5,1.7,6
HC2,S5,20,3,5,1.7,6
HC3,S5,0,3,5,1.7,6
HC4,S5,0,3,5,1.7,6
HC5,S5,0,3,5,1.7,6
HC1,S0,0,3,4,1.75,6
HC2,S0,0,3,4,1.75,6
HC3,S0,38,3,4,1.75,6
HC4,S0,1,3,4,1.75,6
HC1,S1,1,3,4,1.75,6
HC2,S1,0,3,4,1.75,6
HC3,S1,0,3,4,1.75,6
HC4,S1,33,3,4,1.75,6
HC1,S2,0,3,4,1.75,6
HC2,S2,0,3,4,1.75,6
HC3,S2,23,3,4,1.75,6
HC4,S2,0,3,4,1.75,6
HC1,S3,0,3,4,1.75,6
HC2,S3,23,3,4,1.75,6
HC3,S3,0,3,4,1.75,6
HC4,S3,1,3,4,1.75,6
HC1,S4,25,3,4,1.75,6
HC2,S4,0,3,4,1.75,6
HC3,S4,1,3,4,1.75,6
HC4,S4,0,3,4,1.75,6
HC1,S5,41,3,4,1.75,6
HC2,S5,0,3,4,1.75,6
HC3,S5,0,3,4,1.75,6
HC4,S5,0,3,4,1.75,6
HC1,S0,0,3,5,1.75,6
HC2,S0,0,3,5,1.75,6
HC3,S0,0,3,5,1.75,6
HC4,S0,38,3,5,1.75,6
HC5,S0,1,3,5,1.75,6
HC1,S1,1,3,5,1.75,6
HC2,S1,0,3,5,1.75,6
HC3,S1,0,3,5,1.75,6
HC4,S1,0,3,5,1.75,6
HC5,S1,33,3,5,1.75,6
HC1,S2,0,3,5,1.75,6
HC2,S2,0,3,5,1.75,6
HC3,S2,0,3,5,1.75,6
HC4,S2,23,3,5,1.75,6
HC5,S2,0,3,5,1.75,6
HC1,S3,0,3,5,1.75,6
HC2,S3,0,3,5,1.75,6
HC3,S3,23,3,5,1.75,6
HC4,S3,0,3,5,1.75,6
HC5,S3,1,3,5,1.75,6
HC1,S4,0,3,5,1.75,6
HC2,S4,25,3,5,1.75,6
HC3,S4,0,3,5,1.75,6
HC4,S4,1,3,5,1.75,6
HC5,S4,0,3,5,1.75,6
HC1,S5,21,3,5,1.75,6
HC2,S5,20,3,5,1.75,6
HC3,S5,0,3,5,1.75,6
HC4,S5,0,3,5,1.75,6
HC5,S5,0,3,5,1.75,6
HC1,S0,0,3,4,1.8,6
HC2,S0,0,3,4,1.8,6
HC3,S0,38,3,4,1.8,6
HC4,S0,1,3,4,1.8,6
HC1,S1,1,3,4,1.8,6
HC2,S1,0,3,4,1.8,6
HC3,S1,0,3,4,1.8,6
HC4,S1,33,3,4,1.8,6
HC1,S2,0,3,4,1.8,6
HC2,S2,0,3,4,1.8,6
HC3,S2,23,3,4,1.8,6
HC4,S2,0,3,4,1.8,6
HC1,S3,0,3,4,1.8,6
HC2,S3,23,3,4,1.8,6
HC3,S3,0,3,4,1.8,6
HC4,S3,1,3,4,1.8,6
HC1,S4,25,3,4,1.8,6
HC2,S4,0,3,4,1.8,6
HC3,S4,1,3,4,1.8,6
HC4,S4,0,3,4,1.8,6
HC1,S5,41,3,4,1.8,6
HC2,S5,0,3,4,1.8,6
HC3,S5,0,3,4,1.8,6
HC4,S5,0,3,4,1.8,6
HC1,S0,0,3,5,1.8,6
HC2,S0,0,3,5,1.8,6
HC3,S0,0,3,5,1.8,6
HC4,S0,38,3,5,1.8,6
HC5,S0,1,3,5,1.8,6
HC1,S1,1,3,5,1.8,6
HC2,S1,0,3,5,1.8,6
HC3,S1,0,3,5,1.8,6
HC4,S1,0,3,5,1.8,6
HC5,S1,33,3,5,1.8,6
HC1,S2,0,3,5,1.8,6
HC2,S2,0,3,5,1.8,6
HC3,S2,0,3,5,1.8,6
HC4,S2,23,3,5,1.8,6
HC5,S2,0,3,5,1.8,6
HC1,S3,0,3,5,1.8,6
HC2,S3,0,3,5,1.8,6
HC3,S3,23,3,5,1.8,6
HC4,S3,0,3,5,1.8,6
HC5,S3,1,3,5,1.8,6
HC1,S4,0,3,5,1.8,6
HC2,S4,25,3,5,1.8,6
HC3,S4,0,3,5,1.8,6
HC4,S4,1,3,5,1.8,6
HC5,S4,0,3,5,1.8,6
HC1,S5,21,3,5,1.8,6
HC2,S5,20,3,5,1.8,6
HC3,S5,0,3,5,1.8,6
HC4,S5,0,3,5,1.8,6
HC5,S5,0,3,5,1.8,6
HC1,S0,0,3,4,1.85,6
HC2,S0,0,3,4,1.85,6
HC3,S0,38,3,4,1.85,6
HC4,S0,1,3,4,1.85,6
HC1,S1,1,3,4,1.85,6
HC2,S1,0,3,4,1.85,6
HC3,S1,0,3,4,1.85,6
HC4,S1,33,3,4,1.85,6
HC1,S2,0,3,4,1.85,6
HC2,S2,0,3,4,1.85,6
HC3,S2,23,3,4,1.85,6
HC4,S2,0,3,4,1.85,6
HC1,S3,0,3,4,1.85,6
HC2,S3,23,3,4,1.85,6
HC3,S3,0,3,4,1.85,6
HC4,S3,1,3,4,1.85,6
HC1,S4,25,3,4,1.85,6
HC2,S4,0,3,4,1.85,6
HC3,S4,1,3,4,1.85,6
HC4,S4,0,3,4,1.85,6
HC1,S5,41,3,4,1.85,6
HC2,S5,0,3,4,1.85,6
HC3,S5,0,3,4,1.85,6
HC4,S5,0,3,4,1.85,6
HC1,S0,0,3,5,1.85,6
HC2,S0,0,3,5,1.85,6
HC3,S0,0,3,5,1.85,6
HC4,S0,38,3,5,1.85,6
HC5,S0,1,3,5,1.85,6
HC1,S1,1,3,5,1.85,6
HC2,S1,0,3,5,1.85,6
HC3,S1,0,3,5,1.85,6
HC4,S1,0,3,5,1.85,6
HC5,S1,33,3,5,1.85,6
HC1,S2,0,3,5,1.85,6
HC2,S2,0,3,5,1.85,6
HC3,S2,0,3,5,1.85,6
HC4,S2,23,3,5,1.85,6
HC5,S2,0,3,5,1.85,6
HC1,S3,0,3,5,1.85,6
HC2,S3,0,3,5,1.85,6
HC3,S3,23,3,5,1.85,6
HC4,S3,0,3,5,1.85,6
HC5,S3,1,3,5,1.85,6
HC1,S4,0,3,5,1.85,6
HC2,S4,25,3,5,1.85,6
HC3,S4,0,3,5,1.85,6
HC4,S4,1,3,5,1.85,6
HC5,S4,0,3,5,1.85,6
HC1,S5,21,3,5,1.85,6
HC2,S5,20,3,5,1.85,6
HC3,S5,0,3,5,1.85,6
HC4,S5,0,3,5,1.85,6
HC5,S5,0,3,5,1.85,6
HC1,S0,0,3,4,1.9,7
HC2,S0,0,3,4,1.9,7
HC3,S0,38,3,4,1.9,7
HC4,S0,1,3,4,1.9,7
HC1,S1,1,3,4,1.9,7
HC2,S1,0,3,4,1.9,7
HC3,S1,0,3,4,1.9,7
HC4,S1,33,3,4,1.9,7
HC1,S2,0,3,4,1.9,7
HC2,S2,0,3,4,1.9,7
HC3,S2,22,3,4,1.9,7
HC4,S2,0,3,4,1.9,7
HC1,S3,0,3,4,1.9,7
HC2,S3,23,3,4,1.9,7
HC3,S3,1,3,4,1.9,7
HC4,S3,1,3,4,1.9,7
HC1,S4,20,3,4,1.9,7
HC2,S4,0,3,4,1.9,7
HC3,S4,1,3,4,1.9,7
HC4,S4,0,3,4,1.9,7
HC1,S5,17,3,4,1.9,7
HC2,S5,0,3,4,1.9,7
HC3,S5,0,3,4,1.9,7
HC4,S5,0,3,4,1.9,7
HC1,S6,29,3,4,1.9,7
HC2,S6,0,3,4,1.9,7
HC3,S6,0,3,4,1.9,7
HC4,S6,0,3,4,1.9,7
HC1,S0,0,3,5,1.9,7
HC2,S0,0,3,5,1.9,7
HC3,S0,0,3,5,1.9,7
HC4,S0,38,3,5,1.9,7
HC5,S0,1,3,5,1.9,7
HC1,S1,1,3,5,1.9,7
HC2,S1,0,3,5,1.9,7
HC3,S1,0,3,5,1.9,7
HC4,S1,0,3,5,1.9,7
HC5,S1,33,3,5,1.9,7
HC1,S2,0,3,5,1.9,7
HC2,S2,0,3,5,1.9,7
HC3,S2,0,3,5,1.9,7
HC4,S2,22,3,5,1.9,7
HC5,S2,0,3,5,1.9,7
HC1,S3,0,3,5,1.9,7
HC2,S3,0,3,5,1.9,7
HC3,S3,23,3,5,1.9,7
HC4,S3,1,3,5,1.9,7
HC5,S3,1,3,5,1.9,7
HC1,S4,0,3,5,1.9,7
HC2,S4,20,3,5,1.9,7
HC3,S4,0,3,5,1.9,7
HC4,S4,1,3,5,1.9,7
HC5,S4,0,3,5,1.9,7
HC1,S5,1,3,5,1.9,7
HC2,S5,16,3,5,1.9,7
HC3,S5,0,3,5,1.9,7
HC4,S5,0,3,5,1.9,7
HC5,S5,0,3,5,1.9,7
HC1,S6,20,3,5,1.9,7
HC2,S6,9,3,5,1.9,7
HC3,S6,0,3,5,1.9,7
HC4,S6,0,3,5,1.9,7
HC5,S6,0,3,5,1.9,7
HC1,S0,0,3,4,1.95,7
HC2,S0,0,3,4,1.95,7
HC3,S0,38,3,4,1.95,7
HC4,S0,1,3,4,1.95,7
HC1,S1,1,3,4,1.95,7
HC2,S1,0,3,4,1.95,7
HC3,S1,0,3,4,1.95,7
HC4,S1,33,3,4,1.95,7
HC1,S2,0,3,4,1.95,7
HC2,S2,0,3,4,1.95,7
HC3,S2,22,3,4,1.95,7
HC4,S2,0,3,4,1.95,7
HC1,S3,0,3,4,1.95,7
HC2,S3,23,3,4,1.95,7
HC3,S3,1,3,4,1.95,7
HC4,S3,1,3,4,1.95,7
HC1,S4,20,3,4,1.95,7
HC2,S4,0,3,4,1.95,7
HC3,S4,1,3,4,1.95,7
HC4,S4,0,3,4,1.95,7
HC1,S5,17,3,4,1.95,7
HC2,S5,0,3,4,1.95,7
HC3,S5,0,3,4,1.95,7
HC4,S5,0,3,4,1.95,7
HC1,S6,29,3,4,1.95,7
HC2,S6,0,3,4,1.95,7
HC3,S6,0,3,4,1.95,7
HC4,S6,0,3,4,1.95,7
HC1,S0,0,3,5,1.95,7
HC2,S0,0,3,5,1.95,7
HC3,S0,0,3,5,1.95,7
HC4,S0,38,3,5,1.95,7
HC5,S0,1,3,5,1.95,7
HC1,S1,1,3,5,1.95,7
HC2,S1,0,3,5,1.95,7
HC3,S1,0,3,5,1.95,7
HC4,S1,0,3,5,1.95,7
HC5,S1,33,3,5,1.95,7
HC1,S2,0,3,5,1.95,7
HC2,S2,0,3,5,1.95,7
HC3,S2,0,3,5,1.95,7
HC4,S2,22,3,5,1.95,7
HC5,S2,0,3,5,1.95,7
HC1,S3,0,3,5,1.95,7
HC2,S3,0,3,5,1.95,7
HC3,S3,23,3,5,1.95,7
HC4,S3,1,3,5,1.95,7
HC5,S3,1,3,5,1.95,7
HC1,S4,0,3,5,1.95,7
HC2,S4,20,3,5,1.95,7
HC3,S4,0,3,5,1.95,7
HC4,S4,1,3,5,1.95,7
HC5,S4,0,3,5,1.95,7
HC1,S5,1,3,5,1.95,7
HC2,S5,16,3,5,1.95,7
HC3,S5,0,3,5,1.95,7
HC4,S5,0,3,5,1.95,7
HC5,S5,0,3,5,1.95,7
HC1,S6,20,3,5,1.95,7
HC2,S6,9,3,5,1.95,7
HC3,S6,0,3,5,1.95,7
HC4,S6,0,3,5,1.95,7
HC5,S6,0,3,5,1.95,7
HC1,S0,0,3,4,2,7
HC2,S0,0,3,4,2,7
HC3,S0,38,3,4,2,7
HC4,S0,1,3,4,2,7
HC1,S1,1,3,4,2,7
HC2,S1,0,3,4,2,7
HC3,S1,0,3,4,2,7
HC4,S1,33,3,4,2,7
HC1,S2,0,3,4,2,7
HC2,S2,0,3,4,2,7
HC3,S2,22,3,4,2,7
HC4,S2,0,3,4,2,7
HC1,S3,0,3,4,2,7
HC2,S3,23,3,4,2,7
HC3,S3,1,3,4,2,7
HC4,S3,1,3,4,2,7
HC1,S4,20,3,4,2,7
HC2,S4,0,3,4,2,7
HC3,S4,1,3,4,2,7
HC4,S4,0,3,4,2,7
HC1,S5,17,3,4,2,7
HC2,S5,0,3,4,2,7
HC3,S5,0,3,4,2,7
HC4,S5,0,3,4,2,7
HC1,S6,29,3,4,2,7
HC2,S6,0,3,4,2,7
HC3,S6,0,3,4,2,7
HC4,S6,0,3,4,2,7
HC1,S0,0,3,5,2,7
HC2,S0,0,3,5,2,7
HC3,S0,0,3,5,2,7
HC4,S0,38,3,5,2,7
HC5,S0,1,3,5,2,7
HC1,S1,1,3,5,2,7
HC2,S1,0,3,5,2,7
HC3,S1,0,3,5,2,7
HC4,S1,0,3,5,2,7
HC5,S1,33,3,5,2,7
HC1,S2,0,3,5,2,7
HC2,S2,0,3,5,2,7
HC3,S2,0,3,5,2,7
HC4,S2,22,3,5,2,7
HC5,S2,0,3,5,2,7
HC1,S3,0,3,5,2,7
HC2,S3,0,3,5,2,7
HC3,S3,23,3,5,2,7
HC4,S3,1,3,5,2,7
HC5,S3,1,3,5,2,7
HC1,S4,0,3,5,2,7
HC2,S4,20,3,5,2,7
HC3,S4,0,3,5,2,7
HC4,S4,1,3,5,2,7
HC5,S4,0,3,5,2,7
HC1,S5,1,3,5,2,7
HC2,S5,16,3,5,2,7
HC3,S5,0,3,5,2,7
HC4,S5,0,3,5,2,7
HC5,S5,0,3,5,2,7
HC1,S6,20,3,5,2,7
HC2,S6,9,3,5,2,7
HC3,S6,0,3,5,2,7
HC4,S6,0,3,5,2,7
HC5,S6,0,3,5,2,7
HC1,S0,0,3,4,2.05,7
HC2,S0,0,3,4,2.05,7
HC3,S0,38,3,4,2.05,7
HC4,S0,1,3,4,2.05,7
HC1,S1,1,3,4,2.05,7
HC2,S1,0,3,4,2.05,7
HC3,S1,0,3,4,2.05,7
HC4,S1,33,3,4,2.05,7
HC1,S2,0,3,4,2.05,7
HC2,S2,0,3,4,2.05,7
HC3,S2,22,3,4,2.05,7
HC4,S2,0,3,4,2.05,7
HC1,S3,0,3,4,2.05,7
HC2,S3,23,3,4,2.05,7
HC3,S3,1,3,4,2.05,7
HC4,S3,1,3,4,2.05,7
HC1,S4,20,3,4,2.05,7
HC2,S4,0,3,4,2.05,7
HC3,S4,1,3,4,2.05,7
HC4,S4,0,3,4,2.05,7
HC1,S5,17,3,4,2.05,7
HC2,S5,0,3,4,2.05,7
HC3,S5,0,3,4,2.05,7
HC4,S5,0,3,4,2.05,7
HC1,S6,29,3,4,2.05,7
HC2,S6,0,3,4,2.05,7
HC3,S6,0,3,4,2.05,7
HC4,S6,0,3,4,2.05,7
HC1,S0,0,3,5,2.05,7
HC2,S0,0,3,5,2.05,7
HC3,S0,0,3,5,2.05,7
HC4,S0,38,3,5,2.05,7
HC5,S0,1,3,5,2.05,7
HC1,S1,1,3,5,2.05,7
HC2,S1,0,3,5,2.05,7
HC3,S1,0,3,5,2.05,7
HC4,S1,0,3,5,2.05,7
HC5,S1,33,3,5,2.05,7
HC1,S2,0,3,5,2.05,7
HC2,S2,0,3,5,2.05,7
HC3,S2,0,3,5,2.05,7
HC4,S2,22,3,5,2.05,7
HC5,S2,0,3,5,2.05,7
HC1,S3,0,3,5,2.05,7
HC2,S3,0,3,5,2.05,7
HC3,S3,23,3,5,2.05,7
HC4,S3,1,3,5,2.05,7
HC5,S3,1,3,5,2.05,7
HC1,S4,0,3,5,2.05,7
HC2,S4,20,3,5,2.05,7
HC3,S4,0,3,5,2.05,7
HC4,S4,1,3,5,2.05,7
HC5,S4,0,3,5,2.05,7
HC1,S5,1,3,5,2.05,7
HC2,S5,16,3,5,2.05,7
HC3,S5,0,3,5,2.05,7
HC4,S5,0,3,5,2.05,7
HC5,S5,0,3,5,2.05,7
HC1,S6,20,3,5,2.05,7
HC2,S6,9,3,5,2.05,7
HC3,S6,0,3,5,2.05,7
HC4,S6,0,3,5,2.05,7
HC5,S6,0,3,5,2.05,7
HC1,S0,0,3,4,2.1,7
HC2,S0,0,3,4,2.1,7
HC3,S0,37,3,4,2.1,7
HC4,S0,1,3,4,2.1,7
HC1,S1,1,3,4,2.1,7
HC2,S1,0,3,4,2.1,7
HC3,S1,0,3,4,2.1,7
HC4,S1,33,3,4,2.1,7
HC1,S2,0,3,4,2.1,7
HC2,S2,0,3,4,2.1,7
HC3,S2,22,3,4,2.1,7
HC4,S2,0,3,4,2.1,7
HC1,S3,0,3,4,2.1,7
HC2,S3,23,3,4,2.1,7
HC3,S3,1,3,4,2.1,7
HC4,S3,1,3,4,2.1,7
HC1,S4,20,3,4,2.1,7
HC2,S4,0,3,4,2.1,7
HC3,S4,2,3,4,2.1,7
HC4,S4,0,3,4,2.1,7
HC1,S5,17,3,4,2.1,7
HC2,S5,0,3,4,2.1,7
HC3,S5,0,3,4,2.1,7
HC4,S5,0,3,4,2.1,7
HC1,S6,29,3,4,2.1,7
HC2,S6,0,3,4,2.1,7
HC3,S6,0,3,4,2.1,7
HC4,S6,0,3,4,2.1,7
HC1,S0,0,3,5,2.1,7
HC2,S0,0,3,5,2.1,7
HC3,S0,0,3,5,2.1,7
HC4,S0,37,3,5,2.1,7
HC5,S0,1,3,5,2.1,7
HC1,S1,1,3,5,2.1,7
HC2,S1,0,3,5,2.1,7
HC3,S1,0,3,5,2.1,7
HC4,S1,0,3,5,2.1,7
HC5,S1,33,3,5,2.1,7
HC1,S2,0,3,5,2.1,7
HC2,S2,0,3,5,2.1,7
HC3,S2,0,3,5,2.1,7
HC4,S2,22,3,5,2.1,7
HC5,S2,0,3,5,2.1,7
HC1,S3,0,3,5,2.1,7
HC2,S3,0,3,5,2.1,7
HC3,S3,23,3,5,2.1,7
HC4,S3,1,3,5,2.1,7
HC5,S3,1,3,5,2.1,7
HC1,S4,0,3,5,2.1,7
HC2,S4,20,3,5,2.1,7
HC3,S4,0,3,5,2.1,7
HC4,S4,2,3,5,2.1,7
HC5,S4,0,3,5,2.1,7
HC1,S5,1,3,5,2.1,7
HC2,S5,16,3,5,2.1,7
HC3,S5,0,3,5,2.1,7
HC4,S5,0,3,5,2.1,7
HC5,S5,0,3,5,2.1,7
HC1,S6,20,3,5,2.1,7
HC2,S6,9,3,5,2.1,7
HC3,S6,0,3,5,2.1,7
HC4,S6,0,3,5,2.1,7
HC5,S6,0,3,5,2.1,7
HC1,S0,0,3,4,2.15,7
HC2,S0,0,3,4,2.15,7
HC3,S0,37,3,4,2.15,7
HC4,S0,1,3,4,2.15,7
HC1,S1,1,3,4,2.15,7
HC2,S1,0,3,4,2.15,7
HC3,S1,0,3,4,2.15,7
HC4,S1,33,3,4,2.15,7
HC1,S2,0,3,4,2.15,7
HC2,S2,0,3,4,2.15,7
HC3,S2,22,3,4,2.15,7
HC4,S2,0,3,4,2.15,7
HC1,S3,0,3,4,2.15,7
HC2,S3,23,3,4,2.15,7
HC3,S3,1,3,4,2.15,7
HC4,S3,1,3,4,2.15,7
HC1,S4,20,3,4,2.15,7
HC2,S4,0,3,4,2.15,7
HC3,S4,2,3,4,2.15,7
HC4,S4,0,3,4,2.15,7
HC1,S5,17,3,4,2.15,7
HC2,S5,0,3,4,2.15,7
HC3,S5,0,3,4,2.15,7
HC4,S5,0,3,4,2.15,7
HC1,S6,29,3,4,2.15,7
HC2,S6,0,3,4,2.15,7
HC3,S6,0,3,4,2.15,7
HC4,S6,0,3,4,2.15,7
HC1,S0,0,3,5,2.15,7
HC2,S0,0,3,5,2.15,7
HC3,S0,0,3,5,2.15,7
HC4,S0,37,3,5,2.15,7
HC5,S0,1,3,5,2.15,7
HC1,S1,1,3,5,2.15,7
HC2,S1,0,3,5,2.15,7
HC3,S1,0,3,5,2.15,7
HC4,S1,0,3,5,2.15,7
HC5,S1,33,3,5,2.15,7
HC1,S2,0,3,5,2.15,7
HC2,S2,0,3,5,2.15,7
HC3,S2,0,3,5,2.15,7
HC4,S2,22,3,5,2.15,7
HC5,S2,0,3,5,2.15,7
HC1,S3,0,3,5,2.15,7
HC2,S3,0,3,5,2.15,7
HC3,S3,23,3,5,2.15,7
HC4,S3,1,3,5,2.15,7
HC5,S3,1,3,5,2.15,7
HC1,S4,0,3,5,2.15,7
HC2,S4,20,3,5,2.15,7
HC3,S4,0,3,5,2.15,7
HC4,S4,2,3,5,2.15,7
HC5,S4,0,3,5,2.15,7
HC1,S5,1,3,5,2.15,7
HC2,S5,16,3,5,2.15,7
HC3,S5,0,3,5,2.15,7
HC4,S5,0,3,5,2.15,7
HC5,S5,0,3,5,2.15,7
HC1,S6,20,3,5,2.15,7
HC2,S6,9,3,5,2.15,7
HC3,S6,0,3,5,2.15,7
HC4,S6,0,3,5,2.15,7
HC5,S6,0,3,5,2.15,7
HC1,S0,0,3,4,2.2,7
HC2,S0,0,3,4,2.2,7
HC3,S0,37,3,4,2.2,7
HC4,S0,1,3,4,2.2,7
HC1,S1,0,3,4,2.2,7
HC2,S1,0,3,4,2.2,7
HC3,S1,23,3,4,2.2,7
HC4,S1,1,3,4,2.2,7
HC1,S2,1,3,4,2.2,7
HC2,S2,0,3,4,2.2,7
HC3,S2,0,3,4,2.2,7
HC4,S2,32,3,4,2.2,7
HC1,S3,0,3,4,2.2,7
HC2,S3,23,3,4,2.2,7
HC3,S3,0,3,4,2.2,7
HC4,S3,1,3,4,2.2,7
HC1,S4,20,3,4,2.2,7
HC2,S4,0,3,4,2.2,7
HC3,S4,2,3,4,2.2,7
HC4,S4,0,3,4,2.2,7
HC1,S5,17,3,4,2.2,7
HC2,S5,0,3,4,2.2,7
HC3,S5,0,3,4,2.2,7
HC4,S5,0,3,4,2.2,7
HC1,S6,29,3,4,2.2,7
HC2,S6,0,3,4,2.2,7
HC3,S6,0,3,4,2.2,7
HC4,S6,0,3,4,2.2,7
HC1,S0,0,3,5,2.2,7
HC2,S0,0,3,5,2.2,7
HC3,S0,0,3,5,2.2,7
HC4,S0,37,3,5,2.2,7
HC5,S0,1,3,5,2.2,7
HC1,S1,0,3,5,2.2,7
HC2,S1,0,3,5,2.2,7
HC3,S1,0,3,5,2.2,7
HC4,S1,23,3,5,2.2,7
HC5,S1,1,3,5,2.2,7
HC1,S2,1,3,5,2.2,7
HC2,S2,0,3,5,2.2,7
HC3,S2,0,3,5,2.2,7
HC4,S2,0,3,5,2.2,7
HC5,S2,32,3,5,2.2,7
HC1,S3,0,3,5,2.2,7
HC2,S3,0,3,5,2.2,7
HC3,S3,23,3,5,2.2,7
HC4,S3,0,3,5,2.2,7
HC5,S3,1,3,5,2.2,7
HC1,S4,0,3,5,2.2,7
HC2,S4,20,3,5,2.2,7
HC3,S4,0,3,5,2.2,7
HC4,S4,2,3,5,2.2,7
HC5,S4,0,3,5,2.2,7
HC1,S5,1,3,5,2.2,7
HC2,S5,16,3,5,2.2,7
HC3,S5,0,3,5,2.2,7
HC4,S5,0,3,5,2.2,7
HC5,S5,0,3,5,2.2,7
HC1,S6,20,3,5,2.2,7
HC2,S6,9,3,5,2.2,7
HC3,S6,0,3,5,2.2,7
HC4,S6,0,3,5,2.2,7
HC5,S6,0,3,5,2.2,7
HC1,S0,0,3,4,2.25,8
HC2,S0,0,3,4,2.25,8
HC3,S0,37,3,4,2.25,8
HC4,S0,1,3,4,2.25,8
HC1,S1,0,3,4,2.25,8
HC2,S1,0,3,4,2.25,8
HC3,S1,1,3,4,2.25,8
HC4,S1,1,3,4,2.25,8
HC1,S2,0,3,4,2.25,8
HC2,S2,0,3,4,2.25,8
HC3,S2,22,3,4,2.25,8
HC4,S2,0,3,4,2.25,8
HC1,S3,1,3,4,2.25,8
HC2,S3,0,3,4,2.25,8
HC3,S3,0,3,4,2.25,8
HC4,S3,32,3,4,2.25,8
HC1,S4,0,3,4,2.25,8
HC2,S4,23,3,4,2.25,8
HC3,S4,0,3,4,2.25,8
HC4,S4,1,3,4,2.25,8
HC1,S5,20,3,4,2.25,8
HC2,S5,0,3,4,2.25,8
HC3,S5,2,3,4,2.25,8
HC4,S5,0,3,4,2.25,8
HC1,S6,17,3,4,2.25,8
HC2,S6,0,3,4,2.25,8
HC3,S6,0,3,4,2.25,8
HC4,S6,0,3,4,2.25,8
HC1,S7,29,3,4,2.25,8
HC2,S7,0,3,4,2.25,8
HC3,S7,0,3,4,2.25,8
HC4,S7,0,3,4,2.25,8
HC1,S0,0,3,5,2.25,8
HC2,S0,0,3,5,2.25,8
HC3,S0,0,3,5,2.25,8
HC4,S0,37,3,5,2.25,8
HC5,S0,1,3,5,2.25,8
HC1,S1,0,3,5,2.25,8
HC2,S1,0,3,5,2.25,8
HC3,S1,0,3,5,2.25,8
HC4,S1,1,3,5,2.25,8
HC5,S1,1,3,5,2.25,8
HC1,S2,0,3,5,2.25,8
HC2,S2,0,3,5,2.25,8
HC3,S2,0,3,5,2.25,8
HC4,S2,22,3,5,2.25,8
HC5,S2,0,3,5,2.25,8
HC1,S3,1,3,5,2.25,8
HC2,S3,0,3,5,2.25,8
HC3,S3,0,3,5,2.25,8
HC4,S3,0,3,5,2.25,8
HC5,S3,32,3,5,2.25,8
HC1,S4,0,3,5,2.25,8
HC2,S4,0,3,5,2.25,8
HC3,S4,23,3,5,2.25,8
HC4,S4,0,3,5,2.25,8
HC5,S4,1,3,5,2.25,8
HC1,S5,0,3,5,2.25,8
HC2,S5,20,3,5,2.25,8
HC3,S5,0,3,5,2.25,8
HC4,S5,2,3,5,2.25,8
HC5,S5,0,3,5,2.25,8
HC1,S6,1,3,5,2.25,8
HC2,S6,16,3,5,2.25,8
HC3,S6,0,3,5,2.25,8
HC4,S6,0,3,5,2.25,8
HC5,S6,0,3,5,2.25,8
HC1,S7,20,3,5,2.25,8
HC2,S7,9,3,5,2.25,8
HC3,S7,0,3,5,2.25,8
HC4,S7,0,3,5,2.25,8
HC5,S7,0,3,5,2.25,8
HC1,S0,0,3,4,2.3,8
HC2,S0,0,3,4,2.3,8
HC3,S0,35,3,4,2.3,8
HC4,S0,1,3,4,2.3,8
HC1,S1,0,3,4,2.3,8
HC2,S1,0,3,4,2.3,8
HC3,S1,4,3,4,2.3,8
HC4,S1,0,3,4,2.3,8
HC1,S2,1,3,4,2.3,8
HC2,S2,0,3,4,2.3,8
HC3,S2,1,3,4,2.3,8
HC4,S2,32,3,4,2.3,8
HC1,S3,0,3,4,2.3,8
HC2,S3,0,3,4,2.3,8
HC3,S3,20,3,4,2.3,8
HC4,S3,1,3,4,2.3,8
HC1,S4,0,3,4,2.3,8
HC2,S4,23,3,4,2.3,8
HC3,S4,0,3,4,2.3,8
HC4,S4,1,3,4,2.3,8
HC1,S5,20,3,4,2.3,8
HC2,S5,0,3,4,2.3,8
HC3,S5,2,3,4,2.3,8
HC4,S5,0,3,4,2.3,8
HC1,S6,17,3,4,2.3,8
HC2,S6,0,3,4,2.3,8
HC3,S6,0,3,4,2.3,8
HC4,S6,0,3,4,2.3,8
HC1,S7,29,3,4,2.3,8
HC2,S7,0,3,4,2.3,8
HC3,S7,0,3,4,2.3,8
HC4,S7,0,3,4,2.3,8
HC1,S0,0,3,5,2.3,8
HC2,S0,0,3,5,2.3,8
HC3,S0,0,3,5,2.3,8
HC4,S0,35,3,5,2.3,8
HC5,S0,1,3,5,2.3,8
HC1,S1,0,3,5,2.3,8
HC2,S1,0,3,5,2.3,8
HC3,S1,0,3,5,2.3,8
HC4,S1,4,3,5,2.3,8
HC5,S1,0,3,5,2.3,8
HC1,S2,1,3,5,2.3,8
HC2,S2,0,3,5,2.3,8
HC3,S2,0,3,5,2.3,8
HC4,S2,1,3,5,2.3,8
HC5,S2,32,3,5,2.3,8
HC1,S3,0,3,5,2.3,8
HC2,S3,0,3,5,2.3,8
HC3,S3,0,3,5,2.3,8
HC4,S3,20,3,5,2.3,8
HC5,S3,1,3,5,2.3,8
HC1,S4,0,3,5,2.3,8
HC2,S4,0,3,5,2.3,8
HC3,S4,23,3,5,2.3,8
HC4,S4,0,3,5,2.3,8
HC5,S4,1,3,5,2.3,8
HC1,S5,0,3,5,2.3,8
HC2,S5,20,3,5,2.3,8
HC3,S5,0,3,5,2.3,8
HC4,S5,2,3,5,2.3,8
HC5,S5,0,3,5,2.3,8
HC1,S6,1,3,5,2.3,8
HC2,S6,16,3,5,2.3,8
HC3,S6,0,3,5,2.3,8
HC4,S6,0,3,5,2.3,8
HC5,S6,0,3,5,2.3,8
HC1,S7,20,3,5,2.3,8
HC2,S7,9,3,5,2.3,8
HC3,S7,0,3,5,2.3,8
HC4,S7,0,3,5,2.3,8
HC5,S7,0,3,5,2.3,8
HC1,S0,0,3,4,2.35,8
HC2,S0,0,3,4,2.35,8
HC3,S0,35,3,4,2.35,8
HC4,S0,1,3,4,2.35,8
HC1,S1,0,3,4,2.35,8
HC2,S1,0,3,4,2.35,8
HC3,S1,4,3,4,2.35,8
HC4,S1,0,3,4,2.35,8
HC1,S2,1,3,4,2.35,8
HC2,S2,0,3,4,2.35,8
HC3,S2,1,3,4,2.35,8
HC4,S2,32,3,4,2.35,8
HC1,S3,0,3,4,2.35,8
HC2,S3,0,3,4,2.35,8
HC3,S3,20,3,4,2.35,8
HC4,S3,1,3,4,2.35,8
HC1,S4,0,3,4,2.35,8
HC2,S4,23,3,4,2.35,8
HC3,S4,0,3,4,2.35,8
HC4,S4,1,3,4,2.35,8
HC1,S5,20,3,4,2.35,8
HC2,S5,0,3,4,2.35,8
HC3,S5,2,3,4,2.35,8
HC4,S5,0,3,4,2.35,8
HC1,S6,17,3,4,2.35,8
HC2,S6,0,3,4,2.35,8
HC3,S6,0,3,4,2.35,8
HC4,S6,0,3,4,2.35,8
HC1,S7,29,3,4,2.35,8
HC2,S7,0,3,4,2.35,8
HC3,S7,0,3,4,2.35,8
HC4,S7,0,3,4,2.35,8
HC1,S0,0,3,5,2.35,8
HC2,S0,0,3,5,2.35,8
HC3,S0,0,3,5,2.35,8
HC4,S0,35,3,5,2.35,8
HC5,S0,1,3,5,2.35,8
HC1,S1,0,3,5,2.35,8
HC2,S1,0,3,5,2.35,8
HC3,S1,0,3,5,2.35,8
HC4,S1,4,3,5,2.35,8
HC5,S1,0,3,5,2.35,8
HC1,S2,1,3,5,2.35,8
HC2,S2,0,3,5,2.35,8
HC3,S2,0,3,5,2.35,8
HC4,S2,1,3,5,2.35,8
HC5,S2,32,3,5,2.35,8
HC1,S3,0,3,5,2.35,8
HC2,S3,0,3,5,2.35,8
HC3,S3,0,3,5,2.35,8
HC4,S3,20,3,5,2.35,8
HC5,S3,1,3,5,2.35,8
HC1,S4,0,3,5,2.35,8
HC2,S4,0,3,5,2.35,8
HC3,S4,23,3,5,2.35,8
HC4,S4,0,3,5,2.35,8
HC5,S4,1,3,5,2.35,8
HC1,S5,0,3,5,2.35,8
HC2,S5,20,3,5,2.35,8
HC3,S5,0,3,5,2.35,8
HC4,S5,2,3,5,2.35,8
HC5,S5,0,3,5,2.35,8
HC1,S6,1,3,5,2.35,8
HC2,S6,16,3,5,2.35,8
HC3,S6,0,3,5,2.35,8
HC4,S6,0,3,5,2.35,8
HC5,S6,0,3,5,2.35,8
HC1,S7,20,3,5,2.35,8
HC2,S7,9,3,5,2.35,8
HC3,S7,0,3,5,2.35,8
HC4,S7,0,3,5,2.35,8
HC5,S7,0,3,5,2.35,8
HC1,S0,0,3,4,2.4,9
HC2,S0,0,3,4,2.4,9
HC3,S0,0,3,4,2.4,9
HC4,S0,2,3,4,2.4,9
HC1,S1,0,3,4,2.4,9
HC2,S1,0,3,4,2.4,9
HC3,S1,33,3,4,2.4,9
HC4,S1,1,3,4,2.4,9
HC1,S2,0,3,4,2.4,9
HC2,S2,0,3,4,2.4,9
HC3,S2,6,3,4,2.4,9
HC4,S2,0,3,4,2.4,9
HC1,S3,1,3,4,2.4,9
HC2,S3,0,3,4,2.4,9
HC3,S3,1,3,4,2.4,9
HC4,S3,31,3,4,2.4,9
HC1,S4,0,3,4,2.4,9
HC2,S4,0,3,4,2.4,9
HC3,S4,20,3,4,2.4,9
HC4,S4,0,3,4,2.4,9
HC1,S5,0,3,4,2.4,9
HC2,S5,23,3,4,2.4,9
HC3,S5,0,3,4,2.4,9
HC4,S5,1,3,4,2.4,9
HC1,S6,20,3,4,2.4,9
HC2,S6,0,3,4,2.4,9
HC3,S6,2,3,4,2.4,9
HC4,S6,0,3,4,2.4,9
HC1,S7,17,3,4,2.4,9
HC2,S7,0,3,4,2.4,9
HC3,S7,0,3,4,2.4,9
HC4,S7,0,3,4,2.4,9
HC1,S8,29,3,4,2.4,9
HC2,S8,0,3,4,2.4,9
HC3,S8,0,3,4,2.4,9
HC4,S8,0,3,4,2.4,9
HC1,S0,0,3,5,2.4,9
HC2,S0,0,3,5,2.4,9
HC3,S0,0,3,5,2.4,9
HC4,S0,0,3,5,2.4,9
HC5,S0,2,3,5,2.4,9
HC1,S1,0,3,5,2.4,9
HC2,S1,0,3,5,2.4,9
HC3,S1,0,3,5,2.4,9
HC4,S1,33,3,5,2.4,9
HC5,S1,1,3,5,2.4,9
HC1,S2,0,3,5,2.4,9
HC2,S2,0,3,5,2.4,9
HC3,S2,0,3,5,2.4,9
HC4,S2,6,3,5,2.4,9
HC5,S2,0,3,5,2.4,9
HC1,S3,1,3,5,2.4,9
HC2,S3,0,3,5,2.4,9
HC3,S3,0,3,5,2.4,9
HC4,S3,1,3,5,2.4,9
HC5,S3,31,3,5,2.4,9
HC1,S4,0,3,5,2.4,9
HC2,S4,0,3,5,2.4,9
HC3,S4,0,3,5,2.4,9
HC4,S4,20,3,5,2.4,9
HC5,S4,0,3,5,2.4,9
HC1,S5,0,3,5,2.4,9
HC2,S5,0,3,5,2.4,9
HC3,S5,23,3,5,2.4,9
HC4,S5,0,3,5,2.4,9
HC5,S5,1,3,5,2.4,9
HC1,S6,0,3,5,2.4,9
HC2,S6,20,3,5,2.4,9
HC3,S6,0,3,5,2.4,9
HC4,S6,2,3,5,2.4,9
HC5,S6,0,3,5,2.4,9
HC1,S7,1,3,5,2.4,9
HC2,S7,16,3,5,2.4,9
HC3,S7,0,3,5,2.4,9
HC4,S7,0,3,5,2.4,9
HC5,S7,0,3,5,2.4,9
HC1,S8,20,3,5,2.4,9
HC2,S8,9,3,5,2.4,9
HC3,S8,0,3,5,2.4,9
HC4,S8,0,3,5,2.4,9
HC5,S8,0,3,5,2.4,9
HC1,S0,0,3,4,2.45,9
HC2,S0,0,3,4,2.45,9
HC3,S0,0,3,4,2.45,9
HC4,S0,2,3,4,2.45,9
HC1,S1,0,3,4,2.45,9
HC2,S1,0,3,4,2.45,9
HC3,S1,31,3,4,2.45,9
HC4,S1,1,3,4,2.45,9
HC1,S2,0,3,4,2.45,9
HC2,S2,0,3,4,2.45,9
HC3,S2,8,3,4,2.45,9
HC4,S2,0,3,4,2.45,9
HC1,S3,1,3,4,2.45,9
HC2,S3,0,3,4,2.45,9
HC3,S3,1,3,4,2.45,9
HC4,S3,31,3,4,2.45,9
HC1,S4,0,3,4,2.45,9
HC2,S4,0,3,4,2.45,9
HC3,S4,20,3,4,2.45,9
HC4,S4,0,3,4,2.45,9
HC1,S5,0,3,4,2.45,9
HC2,S5,23,3,4,2.45,9
HC3,S5,0,3,4,2.45,9
HC4,S5,1,3,4,2.45,9
HC1,S6,20,3,4,2.45,9
HC2,S6,0,3,4,2.45,9
HC3,S6,2,3,4,2.45,9
HC4,S6,0,3,4,2.45,9
HC1,S7,17,3,4,2.45,9
HC2,S7,0,3,4,2.45,9
HC3,S7,0,3,4,2.45,9
HC4,S7,0,3,4,2.45,9
HC1,S8,29,3,4,2.45,9
HC2,S8,0,3,4,2.45,9
HC3,S8,0,3,4,2.45,9
HC4,S8,0,3,4,2.45,9
HC1,S0,0,3,5,2.45,9
HC2,S0,0,3,5,2.45,9
HC3,S0,0,3,5,2.45,9
HC4,S0,0,3,5,2.45,9
HC5,S0,2,3,5,2.45,9
HC1,S1,0,3,5,2.45,9
HC2,S1,0,3,5,2.45,9
HC3,S1,0,3,5,2.45,9
HC4,S1,31,3,5,2.45,9
HC5,S1,1,3,5,2.45,9
HC1,S2,0,3,5,2.45,9
HC2,S2,0,3,5,2.45,9
HC3,S2,0,3,5,2.45,9
HC4,S2,8,3,5,2.45,9
HC5,S2,0,3,5,2.45,9
HC1,S3,1,3,5,2.45,9
HC2,S3,0,3,5,2.45,9
HC3,S3,0,3,5,2.45,9
HC4,S3,1,3,5,2.45,9
HC5,S3,31,3,5,2.45,9
HC1,S4,0,3,5,2.45,9
HC2,S4,0,3,5,2.45,9
HC3,S4,0,3,5,2.45,9
HC4,S4,20,3,5,2.45,9
HC5,S4,0,3,5,2.45,9
HC1,S5,0,3,5,2.45,9
HC2,S5,0,3,5,2.45,9
HC3,S5,23,3,5,2.45,9
HC4,S5,0,3,5,2.45,9
HC5,S5,1,3,5,2.45,9
HC1,S6,0,3,5,2.45,9
HC2,S6,20,3,5,2.45,9
HC3,S6,0,3,5,2.45,9
HC4,S6,2,3,5,2.45,9
HC5,S6,0,3,5,2.45,9
HC1,S7,1,3,5,2.45,9
HC2,S7,16,3,5,2.45,9
HC3,S7,0,3,5,2.45,9
HC4,S7,0,3,5,2.45,9
HC5,S7,0,3,5,2.45,9
HC1,S8,20,3,5,2.45,9
HC2,S8,9,3,5,2.45,9
HC3,S8,0,3,5,2.45,9
HC4,S8,0,3,5,2.45,9
HC5,S8,0,3,5,2.45,9
HC1,S0,0,3,4,2.5,9
HC2,S0,0,3,4,2.5,9
HC3,S0,0,3,4,2.5,9
HC4,S0,2,3,4,2.5,9
HC1,S1,0,3,4,2.5,9
HC2,S1,0,3,4,2.5,9
HC3,S1,31,3,4,2.5,9
HC4,S1,1,3,4,2.5,9
HC1,S2,0,3,4,2.5,9
HC2,S2,0,3,4,2.5,9
HC3,S2,9,3,4,2.5,9
HC4,S2,0,3,4,2.5,9
HC1,S3,1,3,4,2.5,9
HC2,S3,0,3,4,2.5,9
HC3,S3,1,3,4,2.5,9
HC4,S3,31,3,4,2.5,9
HC1,S4,0,3,4,2.5,9
HC2,S4,0,3,4,2.5,9
HC3,S4,19,3,4,2.5,9
HC4,S4,0,3,4,2.5,9
HC1,S5,0,3,4,2.5,9
HC2,S5,23,3,4,2.5,9
HC3,S5,0,3,4,2.5,9
HC4,S5,1,3,4,2.5,9
HC1,S6,20,3,4,2.5,9
HC2,S6,0,3,4,2.5,9
HC3,S6,2,3,4,2.5,9
HC4,S6,0,3,4,2.5,9
HC1,S7,17,3,4,2.5,9
HC2,S7,0,3,4,2.5,9
HC3,S7,0,3,4,2.5,9
HC4,S7,0,3,4,2.5,9
HC1,S8,29,3,4,2.5,9
HC2,S8,0,3,4,2.5,9
HC3,S8,0,3,4,2.5,9
HC4,S8,0,3,4,2.5,9
HC1,S0,0,3,5,2.5,9
HC2,S0,0,3,5,2.5,9
HC3,S0,0,3,5,2.5,9
HC4,S0,0,3,5,2.5,9
HC5,S0,2,3,5,2.5,9
HC1,S1,0,3,5,2.5,9
HC2,S1,0,3,5,2.5,9
HC3,S1,0,3,5,2.5,9
HC4,S1,31,3,5,2.5,9
HC5,S1,1,3,5,2.5,9
HC1,S2,0,3,5,2.5,9
HC2,S2,0,3,5,2.5,9
HC3,S2,0,3,5,2.5,9
HC4,S2,9,3,5,2.5,9
HC5,S2,0,3,5,2.5,9
HC1,S3,1,3,5,2.5,9
HC2,S3,0,3,5,2.5,9
HC3,S3,0,3,5,2.5,9
HC4,S3,1,3,5,2.5,9
HC5,S3,31,3,5,2.5,9
HC1,S4,0,3,5,2.5,9
HC2,S4,0,3,5,2.5,9
HC3,S4,0,3,5,2.5,9
HC4,S4,19,3,5,2.5,9
HC5,S4,0,3,5,2.5,9
HC1,S5,0,3,5,2.5,9
HC2,S5,0,3,5,2.5,9
HC3,S5,23,3,5,2.5,9
HC4,S5,0,3,5,2.5,9
HC5,S5,1,3,5,2.5,9
HC1,S6,0,3,5,2.5,9
HC2,S6,20,3,5,2.5,9
HC3,S6,0,3,5,2.5,9
HC4,S6,2,3,5,2.5,9
HC5,S6,0,3,5,2.5,9
HC1,S7,1,3,5,2.5,9
HC2,S7,16,3,5,2.5,9
HC3,S7,0,3,5,2.5,9
HC4,S7,0,3,5,2.5,9
HC5,S7,0,3,5,2.5,9
HC1,S8,20,3,5,2.5,9
HC2,S8,9,3,5,2.5,9
HC3,S8,0,3,5,2.5,9
HC4,S8,0,3,5,2.5,9
HC5,S8,0,3,5,2.5,9
HC1,S0,0,3,4,2.55,10
HC2,S0,0,3,4,2.55,10
HC3,S0,0,3,4,2.55,10
HC4,S0,2,3,4,2.55,10
HC1,S1,0,3,4,2.55,10
HC2,S1,0,3,4,2.55,10
HC3,S1,30,3,4,2.55,10
HC4,S1,1,3,4,2.55,10
HC1,S2,0,3,4,2.55,10
HC2,S2,0,3,4,2.55,10
HC3,S2,6,3,4,2.55,10
HC4,S2,0,3,4,2.55,10
HC1,S3,0,3,4,2.55,10
HC2,S3,0,3,4,2.55,10
HC3,S3,5,3,4,2.55,10
HC4,S3,0,3,4,2.55,10
HC1,S4,0,3,4,2.55,10
HC2,S4,0,3,4,2.55,10
HC3,S4,20,3,4,2.55,10
HC4,S4,0,3,4,2.55,10
HC1,S5,1,3,4,2.55,10
HC2,S5,0,3,4,2.55,10
HC3,S5,0,3,4,2.55,10
HC4,S5,31,3,4,2.55,10
HC1,S6,0,3,4,2.55,10
HC2,S6,23,3,4,2.55,10
HC3,S6,0,3,4,2.55,10
HC4,S6,1,3,4,2.55,10
HC1,S7,20,3,4,2.55,10
HC2,S7,0,3,4,2.55,10
HC3,S7,1,3,4,2.55,10
HC4,S7,0,3,4,2.55,10
HC1,S8,17,3,4,2.55,10
HC2,S8,0,3,4,2.55,10
HC3,S8,0,3,4,2.55,10
HC4,S8,0,3,4,2.55,10
HC1,S9,29,3,4,2.55,10
HC2,S9,0,3,4,2.55,10
HC3,S9,0,3,4,2.55,10
HC4,S9,0,3,4,2.55,10
HC1,S0,0,3,5,2.55,10
HC2,S0,0,3,5,2.55,10
HC3,S0,0,3,5,2.55,10
HC4,S0,0,3,5,2.55,10
HC5,S0,2,3,5,2.55,10
HC1,S1,0,3,5,2.55,10
HC2,S1,0,3,5,2.55,10
HC3,S1,0,3,5,2.55,10
HC4,S1,30,3,5,2.55,10
HC5,S1,1,3,5,2.55,10
HC1,S2,0,3,5,2.55,10
HC2,S2,0,3,5,2.55,10
HC3,S2,0,3,5,2.55,10
HC4,S2,6,3,5,2.55,10
HC5,S2,0,3,5,2.55,10
HC1,S3,0,3,5,2.55,10
HC2,S3,0,3,5,2.55,10
HC3,S3,0,3,5,2.55,10
HC4,S3,5,3,5,2.55,10
HC5,S3,0,3,5,2.55,10
HC1,S4,0,3,5,2.55,10
HC2,S4,0,3,5,2.55,10
HC3,S4,0,3,5,2.55,10
HC4,S4,20,3,5,2.55,10
HC5,S4,0,3,5,2.55,10
HC1,S5,1,3,5,2.55,10
HC2,S5,0,3,5,2.55,10
HC3,S5,0,3,5,2.55,10
HC4,S5,0,3,5,2.55,10
HC5,S5,31,3,5,2.55,10
HC1,S6,0,3,5,2.55,10
HC2,S6,0,3,5,2.55,10
HC3,S6,23,3,5,2.55,10
HC4,S6,0,3,5,2.55,10
HC5,S6,1,3,5,2.55,10
HC1,S7,0,3,5,2.55,10
HC2,S7,20,3,5,2.55,10
HC3,S7,0,3,5,2.55,10
HC4,S7,1,3,5,2.55,10
HC5,S7,0,3,5,2.55,10
HC1,S8,1,3,5,2.55,10
HC2,S8,16,3,5,2.55,10
HC3,S8,0,3,5,2.55,10
HC4,S8,0,3,5,2.55,10
HC5,S8,0,3,5,2.55,10
HC1,S9,20,3,5,2.55,10
HC2,S9,9,3,5,2.55,10
HC3,S9,0,3,5,2.55,10
HC4,S9,0,3,5,2.55,10
HC5,S9,0,3,5,2.55,10
HC1,S0,0,3,4,2.6,9
HC2,S0,0,3,4,2.6,9
HC3,S0,31,3,4,2.6,9
HC4,S0,1,3,4,2.6,9
HC1,S1,1,3,4,2.6,9
HC2,S1,0,3,4,2.6,9
HC3,S1,0,3,4,2.6,9
HC4,S1,20,3,4,2.6,9
HC1,S2,0,3,4,2.6,9
HC2,S2,0,3,4,2.6,9
HC3,S2,10,3,4,2.6,9
HC4,S2,0,3,4,2.6,9
HC1,S3,0,3,4,2.6,9
HC2,S3,0,3,4,2.6,9
HC3,S3,19,3,4,2.6,9
HC4,S3,1,3,4,2.6,9
HC1,S4,0,3,4,2.6,9
HC2,S4,23,3,4,2.6,9
HC3,S4,0,3,4,2.6,9
HC4,S4,1,3,4,2.6,9
HC1,S5,3,3,4,2.6,9
HC2,S5,0,3,4,2.6,9
HC3,S5,1,3,4,2.6,9
HC4,S5,12,3,4,2.6,9
HC1,S6,20,3,4,2.6,9
HC2,S6,0,3,4,2.6,9
HC3,S6,1,3,4,2.6,9
HC4,S6,0,3,4,2.6,9
HC1,S7,18,3,4,2.6,9
HC2,S7,0,3,4,2.6,9
HC3,S7,0,3,4,2.6,9
HC4,S7,0,3,4,2.6,9
HC1,S8,25,3,4,2.6,9
HC2,S8,0,3,4,2.6,9
HC3,S8,0,3,4,2.6,9
HC4,S8,0,3,4,2.6,9
HC1,S0,0,3,5,2.6,9
HC2,S0,0,3,5,2.6,9
HC3,S0,0,3,5,2.6,9
HC4,S0,31,3,5,2.6,9
HC5,S0,1,3,5,2.6,9
HC1,S1,1,3,5,2.6,9
HC2,S1,0,3,5,2.6,9
HC3,S1,0,3,5,2.6,9
HC4,S1,0,3,5,2.6,9
HC5,S1,20,3,5,2.6,9
HC1,S2,0,3,5,2.6,9
HC2,S2,0,3,5,2.6,9
HC3,S2,0,3,5,2.6,9
HC4,S2,10,3,5,2.6,9
HC5,S2,0,3,5,2.6,9
HC1,S3,0,3,5,2.6,9
HC2,S3,0,3,5,2.6,9
HC3,S3,0,3,5,2.6,9
HC4,S3,19,3,5,2.6,9
HC5,S3,1,3,5,2.6,9
HC1,S4,0,3,5,2.6,9
HC2,S4,0,3,5,2.6,9
HC3,S4,23,3,5,2.6,9
HC4,S4,0,3,5,2.6,9
HC5,S4,1,3,5,2.6,9
HC1,S5,1,3,5,2.6,9
HC2,S5,2,3,5,2.6,9
HC3,S5,0,3,5,2.6,9
HC4,S5,1,3,5,2.6,9
HC5,S5,12,3,5,2.6,9
HC1,S6,0,3,5,2.6,9
HC2,S6,20,3,5,2.6,9
HC3,S6,0,3,5,2.6,9
HC4,S6,1,3,5,2.6,9
HC5,S6,0,3,5,2.6,9
HC1,S7,0,3,5,2.6,9
HC2,S7,18,3,5,2.6,9
HC3,S7,0,3,5,2.6,9
HC4,S7,0,3,5,2.6,9
HC5,S7,0,3,5,2.6,9
HC1,S8,20,3,5,2.6,9
HC2,S8,5,3,5,2.6,9
HC3,S8,0,3,5,2.6,9
HC4,S8,0,3,5,2.6,9
HC5,S8,0,3,5,2.6,9
HC1,S0,0,3,4,2.65,9
HC2,S0,0,3,4,2.65,9
HC3,S0,30,3,4,2.65,9
HC4,S0,1,3,4,2.65,9
HC1,S1,1,3,4,2.65,9
HC2,S1,0,3,4,2.65,9
HC3,S1,0,3,4,2.65,9
HC4,S1,20,3,4,2.65,9
HC1,S2,0,3,4,2.65,9
HC2,S2,0,3,4,2.65,9
HC3,S2,11,3,4,2.65,9
HC4,S2,0,3,4,2.65,9
HC1,S3,0,3,4,2.65,9
HC2,S3,0,3,4,2.65,9
HC3,S3,19,3,4,2.65,9
HC4,S3,1,3,4,2.65,9
HC1,S4,0,3,4,2.65,9
HC2,S4,23,3,4,2.65,9
HC3,S4,0,3,4,2.65,9
HC4,S4,1,3,4,2.65,9
HC1,S5,3,3,4,2.65,9
HC2,S5,0,3,4,2.65,9
HC3,S5,1,3,4,2.65,9
HC4,S5,12,3,4,2.65,9
HC1,S6,20,3,4,2.65,9
HC2,S6,0,3,4,2.65,9
HC3,S6,1,3,4,2.65,9
HC4,S6,0,3,4,2.65,9
HC1,S7,18,3,4,2.65,9
HC2,S7,0,3,4,2.65,9
HC3,S7,0,3,4,2.65,9
HC4,S7,0,3,4,2.65,9
HC1,S8,25,3,4,2.65,9
HC2,S8,0,3,4,2.65,9
HC3,S8,0,3,4,2.65,9
HC4,S8,0,3,4,2.65,9
HC1,S0,0,3,5,2.65,9
HC2,S0,0,3,5,2.65,9
HC3,S0,0,3,5,2.65,9
HC4,S0,30,3,5,2.65,9
HC5,S0,1,3,5,2.65,9
HC1,S1,1,3,5,2.65,9
HC2,S1,0,3,5,2.65,9
HC3,S1,0,3,5,2.65,9
HC4,S1,0,3,5,2.65,9
HC5,S1,20,3,5,2.65,9
HC1,S2,0,3,5,2.65,9
HC2,S2,0,3,5,2.65,9
HC3,S2,0,3,5,2.65,9
HC4,S2,11,3,5,2.65,9
HC5,S2,0,3,5,2.65,9
HC1,S3,0,3,5,2.65,9
HC2,S3,0,3,5,2.65,9
HC3,S3,0,3,5,2.65,9
HC4,S3,19,3,5,2.65,9
HC5,S3,1,3,5,2.65,9
HC1,S4,0,3,5,2.65,9
HC2,S4,0,3,5,2.65,9
HC3,S4,23,3,5,2.65,9
HC4,S4,0,3,5,2.65,9
HC5,S4,1,3,5,2.65,9
HC1,S5,1,3,5,2.65,9
HC2,S5,2,3,5,2.65,9
HC3,S5,0,3,5,2.65,9
HC4,S5,1,3,5,2.65,9
HC5,S5,12,3,5,2.65,9
HC1,S6,0,3,5,2.65,9
HC2,S6,20,3,5,2.65,9
HC3,S6,0,3,5,2.65,9
HC4,S6,1,3,5,2.65,9
HC5,S6,0,3,5,2.65,9
HC1,S7,0,3,5,2.65,9
HC2,S7,18,3,5,2.65,9
HC3,S7,0,3,5,2.65,9
HC4,S7,0,3,5,2.65,9
HC5,S7,0,3,5,2.65,9
HC1,S8,20,3,5,2.65,9
HC2,S8,5,3,5,2.65,9
HC3,S8,0,3,5,2.65,9
HC4,S8,0,3,5,2.65,9
HC5,S8,0,3,5,2.65,9
HC1,S0,0,3,4,2.7,9
HC2,S0,0,3,4,2.7,9
HC3,S0,31,3,4,2.7,9
HC4,S0,1,3,4,2.7,9
HC1,S1,0,3,4,2.7,9
HC2,S1,0,3,4,2.7,9
HC3,S1,1,3,4,2.7,9
HC4,S1,2,3,4,2.7,9
HC1,S2,0,3,4,2.7,9
HC2,S2,0,3,4,2.7,9
HC3,S2,10,3,4,2.7,9
HC4,S2,0,3,4,2.7,9
HC1,S3,0,3,4,2.7,9
HC2,S3,0,3,4,2.7,9
HC3,S3,19,3,4,2.7,9
HC4,S3,0,3,4,2.7,9
HC1,S4,1,3,4,2.7,9
HC2,S4,0,3,4,2.7,9
HC3,S4,0,3,4,2.7,9
HC4,S4,31,3,4,2.7,9
HC1,S5,0,3,4,2.7,9
HC2,S5,23,3,4,2.7,9
HC3,S5,0,3,4,2.7,9
HC4,S5,1,3,4,2.7,9
HC1,S6,20,3,4,2.7,9
HC2,S6,0,3,4,2.7,9
HC3,S6,1,3,4,2.7,9
HC4,S6,0,3,4,2.7,9
HC1,S7,17,3,4,2.7,9
HC2,S7,0,3,4,2.7,9
HC3,S7,0,3,4,2.7,9
HC4,S7,0,3,4,2.7,9
HC1,S8,29,3,4,2.7,9
HC2,S8,0,3,4,2.7,9
HC3,S8,0,3,4,2.7,9
HC4,S8,0,3,4,2.7,9
HC1,S0,0,3,5,2.7,9
HC2,S0,0,3,5,2.7,9
HC3,S0,0,3,5,2.7,9
HC4,S0,31,3,5,2.7,9
HC5,S0,1,3,5,2.7,9
HC1,S1,0,3,5,2.7,9
HC2,S1,0,3,5,2.7,9
HC3,S1,0,3,5,2.7,9
HC4,S1,1,3,5,2.7,9
HC5,S1,2,3,5,2.7,9
HC1,S2,0,3,5,2.7,9
HC2,S2,0,3,5,2.7,9
HC3,S2,0,3,5,2.7,9
HC4,S2,10,3,5,2.7,9
HC5,S2,0,3,5,2.7,9
HC1,S3,0,3,5,2.7,9
HC2,S3,0,3,5,2.7,9
HC3,S3,0,3,5,2.7,9
HC4,S3,19,3,5,2.7,9
HC5,S3,0,3,5,2.7,9
HC1,S4,1,3,5,2.7,9
HC2,S4,0,3,5,2.7,9
HC3,S4,0,3,5,2.7,9
HC4,S4,0,3,5,2.7,9
HC5,S4,31,3,5,2.7,9
HC1,S5,0,3,5,2.7,9
HC2,S5,0,3,5,2.7,9
HC3,S5,23,3,5,2.7,9
HC4,S5,0,3,5,2.7,9
HC5,S5,1,3,5,2.7,9
HC1,S6,0,3,5,2.7,9
HC2,S6,20,3,5,2.7,9
HC3,S6,0,3,5,2.7,9
HC4,S6,1,3,5,2.7,9
HC5,S6,0,3,5,2.7,9
HC1,S7,1,3,5,2.7,9
HC2,S7,16,3,5,2.7,9
HC3,S7,0,3,5,2.7,9
HC4,S7,0,3,5,2.7,9
HC5,S7,0,3,5,2.7,9
HC1,S8,20,3,5,2.7,9
HC2,S8,9,3,5,2.7,9
HC3,S8,0,3,5,2.7,9
HC4,S8,0,3,5,2.7,9
HC5,S8,0,3,5,2.7,9
HC1,S0,0,3,4,2.75,9
HC2,S0,0,3,4,2.75,9
HC3,S0,30,3,4,2.75,9
HC4,S0,1,3,4,2.75,9
HC1,S1,1,3,4,2.75,9
HC2,S1,0,3,4,2.75,9
HC3,S1,0,3,4,2.75,9
HC4,S1,20,3,4,2.75,9
HC1,S2,0,3,4,2.75,9
HC2,S2,0,3,4,2.75,9
HC3,S2,11,3,4,2.75,9
HC4,S2,0,3,4,2.75,9
HC1,S3,0,3,4,2.75,9
HC2,S3,0,3,4,2.75,9
HC3,S3,19,3,4,2.75,9
HC4,S3,1,3,4,2.75,9
HC1,S4,0,3,4,2.75,9
HC2,S4,23,3,4,2.75,9
HC3,S4,0,3,4,2.75,9
HC4,S4,1,3,4,2.75,9
HC1,S5,3,3,4,2.75,9
HC2,S5,0,3,4,2.75,9
HC3,S5,1,3,4,2.75,9
HC4,S5,12,3,4,2.75,9
HC1,S6,20,3,4,2.75,9
HC2,S6,0,3,4,2.75,9
HC3,S6,1,3,4,2.75,9
HC4,S6,0,3,4,2.75,9
HC1,S7,18,3,4,2.75,9
HC2,S7,0,3,4,2.75,9
HC3,S7,0,3,4,2.75,9
HC4,S7,0,3,4,2.75,9
HC1,S8,25,3,4,2.75,9
HC2,S8,0,3,4,2.75,9
HC3,S8,0,3,4,2.75,9
HC4,S8,0,3,4,2.75,9
HC1,S0,0,3,5,2.75,9
HC2,S0,0,3,5,2.75,9
HC3,S0,0,3,5,2.75,9
HC4,S0,30,3,5,2.75,9
HC5,S0,1,3,5,2.75,9
HC1,S1,1,3,5,2.75,9
HC2,S1,0,3,5,2.75,9
HC3,S1,0,3,5,2.75,9
HC4,S1,0,3,5,2.75,9
HC5,S1,20,3,5,2.75,9
HC1,S2,0,3,5,2.75,9
HC2,S2,0,3,5,2.75,9
HC3,S2,0,3,5,2.75,9
HC4,S2,11,3,5,2.75,9
HC5,S2,0,3,5,2.75,9
HC1,S3,0,3,5,2.75,9
HC2,S3,0,3,5,2.75,9
HC3,S3,0,3,5,2.75,9
HC4,S3,19,3,5,2.75,9
HC5,S3,1,3,5,2.75,9
HC1,S4,0,3,5,2.75,9
HC2,S4,0,3,5,2.75,9
HC3,S4,23,3,5,2.75,9
HC4,S4,0,3,5,2.75,9
HC5,S4,1,3,5,2.75,9
HC1,S5,1,3,5,2.75,9
HC2,S5,2,3,5,2.75,9
HC3,S5,0,3,5,2.75,9
HC4,S5,1,3,5,2.75,9
HC5,S5,12,3,5,2.75,9
HC1,S6,0,3,5,2.75,9
HC2,S6,20,3,5,2.75,9
HC3,S6,0,3,5,2.75,9
HC4,S6,1,3,5,2.75,9
HC5,S6,0,3,5,2.75,9
HC1,S7,0,3,5,2.75,9
HC2,S7,18,3,5,2.75,9
HC3,S7,0,3,5,2.75,9
HC4,S7,0,3,5,2.75,9
HC5,S7,0,3,5,2.75,9
HC1,S8,20,3,5,2.75,9
HC2,S8,5,3,5,2.75,9
HC3,S8,0,3,5,2.75,9
HC4,S8,0,3,5,2.75,9
HC5,S8,0,3,5,2.75,9
HC1,S0,0,3,4,2.8,10
HC2,S0,0,3,4,2.8,10
HC3,S0,30,3,4,2.8,10
HC4,S0,1,3,4,2.8,10
HC1,S1,0,3,4,2.8,10
HC2,S1,0,3,4,2.8,10
HC3,S1,1,3,4,2.8,10
HC4,S1,1,3,4,2.8,10
HC1,S2,1,3,4,2.8,10
HC2,S2,0,3,4,2.8,10
HC3,S2,0,3,4,2.8,10
HC4,S2,20,3,4,2.8,10
HC1,S3,0,3,4,2.8,10
HC2,S3,0,3,4,2.8,10
HC3,S3,11,3,4,2.8,10
HC4,S3,0,3,4,2.8,10
HC1,S4,0,3,4,2.8,10
HC2,S4,0,3,4,2.8,10
HC3,S4,18,3,4,2.8,10
HC4,S4,0,3,4,2.8,10
HC1,S5,0,3,4,2.8,10
HC2,S5,23,3,4,2.8,10
HC3,S5,0,3,4,2.8,10
HC4,S5,1,3,4,2.8,10
HC1,S6,3,3,4,2.8,10
HC2,S6,0,3,4,2.8,10
HC3,S6,1,3,4,2.8,10
HC4,S6,12,3,4,2.8,10
HC1,S7,20,3,4,2.8,10
HC2,S7,0,3,4,2.8,10
HC3,S7,1,3,4,2.8,10
HC4,S7,0,3,4,2.8,10
HC1,S8,18,3,4,2.8,10
HC2,S8,0,3,4,2.8,10
HC3,S8,0,3,4,2.8,10
HC4,S8,0,3,4,2.8,10
HC1,S9,25,3,4,2.8,10
HC2,S9,0,3,4,2.8,10
HC3,S9,0,3,4,2.8,10
HC4,S9,0,3,4,2.8,10
HC1,S0,0,3,5,2.8,10
HC2,S0,0,3,5,2.8,10
HC3,S0,0,3,5,2.8,10
HC4,S0,30,3,5,2.8,10
HC5,S0,1,3,5,2.8,10
HC1,S1,0,3,5,2.8,10
HC2,S1,0,3,5,2.8,10
HC3,S1,0,3,5,2.8,10
HC4,S1,1,3,5,2.8,10
HC5,S1,1,3,5,2.8,10
HC1,S2,1,3,5,2.8,10
HC2,S2,0,3,5,2.8,10
HC3,S2,0,3,5,2.8,10
HC4,S2,0,3,5,2.8,10
HC5,S2,20,3,5,2.8,10
HC1,S3,0,3,5,2.8,10
HC2,S3,0,3,5,2.8,10
HC3,S3,0,3,5,2.8,10
HC4,S3,11,3,5,2.8,10
HC5,S3,0,3,5,2.8,10
HC1,S4,0,3,5,2.8,10
HC2,S4,0,3,5,2.8,10
HC3,S4,0,3,5,2.8,10
HC4,S4,18,3,5,2.8,10
HC5,S4,0,3,5,2.8,10
HC1,S5,0,3,5,2.8,10
HC2,S5,0,3,5,2.8,10
HC3,S5,23,3,5,2.8,10
HC4,S5,0,3,5,2.8,10
HC5,S5,1,3,5,2.8,10
HC1,S6,1,3,5,2.8,10
HC2,S6,2,3,5,2.8,10
HC3,S6,0,3,5,2.8,10
HC4,S6,1,3,5,2.8,10
HC5,S6,12,3,5,2.8,10
HC1,S7,0,3,5,2.8,10
HC2,S7,20,3,5,2.8,10
HC3,S7,0,3,5,2.8,10
HC4,S7,1,3,5,2.8,10
HC5,S7,0,3,5,2.8,10
HC1,S8,0,3,5,2.8,10
HC2,S8,18,3,5,2.8,10
HC3,S8,0,3,5,2.8,10
HC4,S8,0,3,5,2.8,10
HC5,S8,0,3,5,2.8,10
HC1,S9,20,3,5,2.8,10
HC2,S9,5,3,5,2.8,10
HC3,S9,0,3,5,2.8,10
HC4,S9,0,3,5,2.8,10
HC5,S9,0,3,5,2.8,10
HC1,S0,0,3,4,2.85,10
HC2,S0,0,3,4,2.85,10
HC3,S0,30,3,4,2.85,10
HC4,S0,1,3,4,2.85,10
HC1,S1,0,3,4,2.85,10
HC2,S1,0,3,4,2.85,10
HC3,S1,1,3,4,2.85,10
HC4,S1,1,3,4,2.85,10
HC1,S2,1,3,4,2.85,10
HC2,S2,0,3,4,2.85,10
HC3,S2,0,3,4,2.85,10
HC4,S2,20,3,4,2.85,10
HC1,S3,0,3,4,2.85,10
HC2,S3,0,3,4,2.85,10
HC3,S3,12,3,4,2.85,10
HC4,S3,0,3,4,2.85,10
HC1,S4,0,3,4,2.85,10
HC2,S4,0,3,4,2.85,10
HC3,S4,18,3,4,2.85,10
HC4,S4,0,3,4,2.85,10
HC1,S5,0,3,4,2.85,10
HC2,S5,23,3,4,2.85,10
HC3,S5,0,3,4,2.85,10
HC4,S5,1,3,4,2.85,10
HC1,S6,3,3,4,2.85,10
HC2,S6,0,3,4,2.85,10
HC3,S6,1,3,4,2.85,10
HC4,S6,12,3,4,2.85,10
HC1,S7,20,3,4,2.85,10
HC2,S7,0,3,4,2.85,10
HC3,S7,0,3,4,2.85,10
HC4,S7,0,3,4,2.85,10
HC1,S8,18,3,4,2.85,10
HC2,S8,0,3,4,2.85,10
HC3,S8,0,3,4,2.85,10
HC4,S8,0,3,4,2.85,10
HC1,S9,25,3,4,2.85,10
HC2,S9,0,3,4,2.85,10
HC3,S9,0,3,4,2.85,10
HC4,S9,0,3,4,2.85,10
HC1,S0,0,3,5,2.85,10
HC2,S0,0,3,5,2.85,10
HC3,S0,0,3,5,2.85,10
HC4,S0,30,3,5,2.85,10
HC5,S0,1,3,5,2.85,10
HC1,S1,0,3,5,2.85,10
HC2,S1,0,3,5,2.85,10
HC3,S1,0,3,5,2.85,10
HC4,S1,1,3,5,2.85,10
HC5,S1,1,3,5,2.85,10
HC1,S2,1,3,5,2.85,10
HC2,S2,0,3,5,2.85,10
HC3,S2,0,3,5,2.85,10
HC4,S2,0,3,5,2.85,10
HC5,S2,20,3,5,2.85,10
HC1,S3,0,3,5,2.85,10
HC2,S3,0,3,5,2.85,10
HC3,S3,0,3,5,2.85,10
HC4,S3,12,3,5,2.85,10
HC5,S3,0,3,5,2.85,10
HC1,S4,0,3,5,2.85,10
HC2,S4,0,3,5,2.85,10
HC3,S4,0,3,5,2.85,10
HC4,S4,18,3,5,2.85,10
HC5,S4,0,3,5,2.85,10
HC1,S5,0,3,5,2.85,10
HC2,S5,0,3,5,2.85,10
HC3,S5,23,3,5,2.85,10
HC4,S5,0,3,5,2.85,10
HC5,S5,1,3,5,2.85,10
HC1,S6,1,3,5,2.85,10
HC2,S6,2,3,5,2.85,10
HC3,S6,0,3,5,2.85,10
HC4,S6,1,3,5,2.85,10
HC5,S6,12,3,5,2.85,10
HC1,S7,0,3,5,2.85,10
HC2,S7,20,3,5,2.85,10
HC3,S7,0,3,5,2.85,10
HC4,S7,0,3,5,2.85,10
HC5,S7,0,3,5,2.85,10
HC1,S8,0,3,5,2.85,10
HC2,S8,18,3,5,2.85,10
HC3,S8,0,3,5,2.85,10
HC4,S8,0,3,5,2.85,10
HC5,S8,0,3,5,2.85,10
HC1,S9,20,3,5,2.85,10
HC2,S9,5,3,5,2.85,10
HC3,S9,0,3,5,2.85,10
HC4,S9,0,3,5,2.85,10
HC5,S9,0,3,5,2.85,10
HC1,S0,0,3,4,2.9,11
HC2,S0,0,3,4,2.9,11
HC3,S0,30,3,4,2.9,11
HC4,S0,1,3,4,2.9,11
HC1,S1,0,3,4,2.9,11
HC2,S1,0,3,4,2.9,11
HC3,S1,1,3,4,2.9,11
HC4,S1,1,3,4,2.9,11
HC1,S2,1,3,4,2.9,11
HC2,S2,0,3,4,2.9,11
HC3,S2,0,3,4,2.9,11
HC4,S2,20,3,4,2.9,11
HC1,S3,0,3,4,2.9,11
HC2,S3,0,3,4,2.9,11
HC3,S3,7,3,4,2.9,11
HC4,S3,0,3,4,2.9,11
HC1,S4,0,3,4,2.9,11
HC2,S4,0,3,4,2.9,11
HC3,S4,5,3,4,2.9,11
HC4,S4,0,3,4,2.9,11
HC1,S5,0,3,4,2.9,11
HC2,S5,0,3,4,2.9,11
HC3,S5,18,3,4,2.9,11
HC4,S5,0,3,4,2.9,11
HC1,S6,0,3,4,2.9,11
HC2,S6,23,3,4,2.9,11
HC3,S6,0,3,4,2.9,11
HC4,S6,1,3,4,2.9,11
HC1,S7,3,3,4,2.9,11
HC2,S7,0,3,4,2.9,11
HC3,S7,1,3,4,2.9,11
HC4,S7,12,3,4,2.9,11
HC1,S8,20,3,4,2.9,11
HC2,S8,0,3,4,2.9,11
HC3,S8,0,3,4,2.9,11
HC4,S8,0,3,4,2.9,11
HC1,S9,18,3,4,2.9,11
HC2,S9,0,3,4,2.9,11
HC3,S9,0,3,4,2.9,11
HC4,S9,0,3,4,2.9,11
HC1,S10,25,3,4,2.9,11
HC2,S10,0,3,4,2.9,11
HC3,S10,0,3,4,2.9,11
HC4,S10,0,3,4,2.9,11
HC1,S0,0,3,5,2.9,11
HC2,S0,0,3,5,2.9,11
HC3,S0,0,3,5,2.9,11
HC4,S0,30,3,5,2.9,11
HC5,S0,1,3,5,2.9,11
HC1,S1,0,3,5,2.9,11
HC2,S1,0,3,5,2.9,11
HC3,S1,0,3,5,2.9,11
HC4,S1,1,3,5,2.9,11
HC5,S1,1,3,5,2.9,11
HC1,S2,1,3,5,2.9,11
HC2,S2,0,3,5,2.9,11
HC3,S2,0,3,5,2.9,11
HC4,S2,0,3,5,2.9,11
HC5,S2,20,3,5,2.9,11
HC1,S3,0,3,5,2.9,11
HC2,S3,0,3,5,2.9,11
HC3,S3,0,3,5,2.9,11
HC4,S3,7,3,5,2.9,11
HC5,S3,0,3,5,2.9,11
HC1,S4,0,3,5,2.9,11
HC2,S4,0,3,5,2.9,11
HC3,S4,0,3,5,2.9,11
HC4,S4,5,3,5,2.9,11
HC5,S4,0,3,5,2.9,11
HC1,S5,0,3,5,2.9,11
HC2,S5,0,3,5,2.9,11
HC3,S5,0,3,5,2.9,11
HC4,S5,18,3,5,2.9,11
HC5,S5,0,3,5,2.9,11
HC1,S6,0,3,5,2.9,11
HC2,S6,0,3,5,2.9,11
HC3,S6,23,3,5,2.9,11
HC4,S6,0,3,5,2.9,11
HC5,S6,1,3,5,2.9,11
HC1,S7,1,3,5,2.9,11
HC2,S7,2,3,5,2.9,11
HC3,S7,0,3,5,2.9,11
HC4,S7,1,3,5,2.9,11
HC5,S7,12,3,5,2.9,11
HC1,S8,0,3,5,2.9,11
HC2,S8,20,3,5,2.9,11
HC3,S8,0,3,5,2.9,11
HC4,S8,0,3,5,2.9,11
HC5,S8,0,3,5,2.9,11
HC1,S9,0,3,5,2.9,11
HC2,S9,18,3,5,2.9,11
HC3,S9,0,3,5,2.9,11
HC4,S9,0,3,5,2.9,11
HC5,S9,0,3,5,2.9,11
HC1,S10,20,3,5,2.9,11
HC2,S10,5,3,5,2.9,11
HC3,S10,0,3,5,2.9,11
HC4,S10,0,3,5,2.9,11
HC5,S10,0,3,5,2.9,11
HC1,S0,0,3,4,2.95,11
HC2,S0,0,3,4,2.95,11
HC3,S0,29,3,4,2.95,11
HC4,S0,1,3,4,2.95,11
HC1,S1,0,3,4,2.95,11
HC2,S1,0,3,4,2.95,11
HC3,S1,2,3,4,2.95,11
HC4,S1,1,3,4,2.95,11
HC1,S2,1,3,4,2.95,11
HC2,S2,0,3,4,2.95,11
HC3,S2,0,3,4,2.95,11
HC4,S2,20,3,4,2.95,11
HC1,S3,0,3,4,2.95,11
HC2,S3,0,3,4,2.95,11
HC3,S3,7,3,4,2.95,11
HC4,S3,0,3,4,2.95,11
HC1,S4,0,3,4,2.95,11
HC2,S4,0,3,4,2.95,11
HC3,S4,5,3,4,2.95,11
HC4,S4,0,3,4,2.95,11
HC1,S5,0,3,4,2.95,11
HC2,S5,0,3,4,2.95,11
HC3,S5,18,3,4,2.95,11
HC4,S5,0,3,4,2.95,11
HC1,S6,0,3,4,2.95,11
HC2,S6,23,3,4,2.95,11
HC3,S6,0,3,4,2.95,11
HC4,S6,1,3,4,2.95,11
HC1,S7,3,3,4,2.95,11
HC2,S7,0,3,4,2.95,11
HC3,S7,1,3,4,2.95,11
HC4,S7,12,3,4,2.95,11
HC1,S8,20,3,4,2.95,11
HC2,S8,0,3,4,2.95,11
HC3,S8,0,3,4,2.95,11
HC4,S8,0,3,4,2.95,11
HC1,S9,18,3,4,2.95,11
HC2,S9,0,3,4,2.95,11
HC3,S9,0,3,4,2.95,11
HC4,S9,0,3,4,2.95,11
HC1,S10,25,3,4,2.95,11
HC2,S10,0,3,4,2.95,11
HC3,S10,0,3,4,2.95,11
HC4,S10,0,3,4,2.95,11
HC1,S0,0,3,5,2.95,11
HC2,S0,0,3,5,2.95,11
HC3,S0,0,3,5,2.95,11
HC4,S0,29,3,5,2.95,11
HC5,S0,1,3,5,2.95,11
HC1,S1,0,3,5,2.95,11
HC2,S1,0,3,5,2.95,11
HC3,S1,0,3,5,2.95,11
HC4,S1,2,3,5,2.95,11
HC5,S1,1,3,5,2.95,11
HC1,S2,1,3,5,2.95,11
HC2,S2,0,3,5,2.95,11
HC3,S2,0,3,5,2.95,11
HC4,S2,0,3,5,2.95,11
HC5,S2,20,3,5,2.95,11
HC1,S3,0,3,5,2.95,11
HC2,S3,0,3,5,2.95,11
HC3,S3,0,3,5,2.95,11
HC4,S3,7,3,5,2.95,11
HC5,S3,0,3,5,2.95,11
HC1,S4,0,3,5,2.95,11
HC2,S4,0,3,5,2.95,11
HC3,S4,0,3,5,2.95,11
HC4,S4,5,3,5,2.95,11
HC5,S4,0,3,5,2.95,11
HC1,S5,0,3,5,2.95,11
HC2,S5,0,3,5,2.95,11
HC3,S5,0,3,5,2.95,11
HC4,S5,18,3,5,2.95,11
HC5,S5,0,3,5,2.95,11
HC1,S6,0,3,5,2.95,11
HC2,S6,0,3,5,2.95,11
HC3,S6,23,3,5,2.95,11
HC4,S6,0,3,5,2.95,11
HC5,S6,1,3,5,2.95,11
HC1,S7,1,3,5,2.95,11
HC2,S7,2,3,5,2.95,11
HC3,S7,0,3,5,2.95,11
HC4,S7,1,3,5,2.95,11
HC5,S7,12,3,5,2.95,11
HC1,S8,0,3,5,2.95,11
HC2,S8,20,3,5,2.95,11
HC3,S8,0,3,5,2.95,11
HC4,S8,0,3,5,2.95,11
HC5,S8,0,3,5,2.95,11
HC1,S9,0,3,5,2.95,11
HC2,S9,18,3,5,2.95,11
HC3,S9,0,3,5,2.95,11
HC4,S9,0,3,5,2.95,11
HC5,S9,0,3,5,2.95,11
HC1,S10,20,3,5,2.95,11
HC2,S10,5,3,5,2.95,11
HC3,S10,0,3,5,2.95,11
HC4,S10,0,3,5,2.95,11
HC5,S10,0,3,5,2.95,11
HC1,S0,0,3,4,3,11
HC2,S0,0,3,4,3,11
HC3,S0,29,3,4,3,11
HC4,S0,1,3,4,3,11
HC1,S1,0,3,4,3,11
HC2,S1,0,3,4,3,11
HC3,S1,2,3,4,3,11
HC4,S1,1,3,4,3,11
HC1,S2,1,3,4,3,11
HC2,S2,0,3,4,3,11
HC3,S2,0,3,4,3,11
HC4,S2,20,3,4,3,11
HC1,S3,0,3,4,3,11
HC2,S3,0,3,4,3,11
HC3,S3,7,3,4,3,11
HC4,S3,0,3,4,3,11
HC1,S4,0,3,4,3,11
HC2,S4,0,3,4,3,11
HC3,S4,5,3,4,3,11
HC4,S4,0,3,4,3,11
HC1,S5,0,3,4,3,11
HC2,S5,0,3,4,3,11
HC3,S5,18,3,4,3,11
HC4,S5,0,3,4,3,11
HC1,S6,0,3,4,3,11
HC2,S6,23,3,4,3,11
HC3,S6,0,3,4,3,11
HC4,S6,1,3,4,3,11
HC1,S7,3,3,4,3,11
HC2,S7,0,3,4,3,11
HC3,S7,1,3,4,3,11
HC4,S7,12,3,4,3,11
HC1,S8,20,3,4,3,11
HC2,S8,0,3,4,3,11
HC3,S8,0,3,4,3,11
HC4,S8,0,3,4,3,11
HC1,S9,18,3,4,3,11
HC2,S9,0,3,4,3,11
HC3,S9,0,3,4,3,11
HC4,S9,0,3,4,3,11
HC1,S10,25,3,4,3,11
HC2,S10,0,3,4,3,11
HC3,S10,0,3,4,3,11
HC4,S10,0,3,4,3,11
HC1,S0,0,3,5,3,11
HC2,S0,0,3,5,3,11
HC3,S0,0,3,5,3,11
HC4,S0,29,3,5,3,11
HC5,S0,1,3,5,3,11
HC1,S1,0,3,5,3,11
HC2,S1,0,3,5,3,11
HC3,S1,0,3,5,3,11
HC4,S1,2,3,5,3,11
HC5,S1,1,3,5,3,11
HC1,S2,1,3,5,3,11
HC2,S2,0,3,5,3,11
HC3,S2,0,3,5,3,11
HC4,S2,0,3,5,3,11
HC5,S2,20,3,5,3,11
HC1,S3,0,3,5,3,11
HC2,S3,0,3,5,3,11
HC3,S3,0,3,5,3,11
HC4,S3,7,3,5,3,11
HC5,S3,0,3,5,3,11
HC1,S4,0,3,5,3,11
HC2,S4,0,3,5,3,11
HC3,S4,0,3,5,3,11
HC4,S4,5,3,5,3,11
HC5,S4,0,3,5,3,11
HC1,S5,0,3,5,3,11
HC2,S5,0,3,5,3,11
HC3,S5,0,3,5,3,11
HC4,S5,18,3,5,3,11
HC5,S5,0,3,5,3,11
HC1,S6,0,3,5,3,11
HC2,S6,0,3,5,3,11
HC3,S6,23,3,5,3,11
HC4,S6,0,3,5,3,11
HC5,S6,1,3,5,3,11
HC1,S7,1,3,5,3,11
HC2,S7,2,3,5,3,11
HC3,S7,0,3,5,3,11
HC4,S7,1,3,5,3,11
HC5,S7,12,3,5,3,11
HC1,S8,0,3,5,3,11
HC2,S8,20,3,5,3,11
HC3,S8,0,3,5,3,11
HC4,S8,0,3,5,3,11
HC5,S8,0,3,5,3,11
HC1,S9,0,3,5,3,11
HC2,S9,18,3,5,3,11
HC3,S9,0,3,5,3,11
HC4,S9,0,3,5,3,11
HC5,S9,0,3,5,3,11
HC1,S10,20,3,5,3,11
HC2,S10,5,3,5,3,11
HC3,S10,0,3,5,3,11
HC4,S10,0,3,5,3,11
HC5,S10,0,3,5,3,11
HC1,S0,0,4,4,0.5,3
HC2,S0,23,4,4,0.5,3
HC3,S0,0,4,4,0.5,3
HC4,S0,66,4,4,0.5,3
HC1,S1,0,4,4,0.5,3
HC2,S1,0,4,4,0.5,3
HC3,S1,22,4,4,0.5,3
HC4,S1,11,4,4,0.5,3
HC1,S2,41,4,4,0.5,3
HC2,S2,1,4,4,0.5,3
HC3,S2,0,4,4,0.5,3
HC4,S2,23,4,4,0.5,3
HC1,S0,0,4,5,0.5,3
HC2,S0,0,4,5,0.5,3
HC3,S0,23,4,5,0.5,3
HC4,S0,0,4,5,0.5,3
HC5,S0,66,4,5,0.5,3
HC1,S1,0,4,5,0.5,3
HC2,S1,0,4,5,0.5,3
HC3,S1,0,4,5,0.5,3
HC4,S1,22,4,5,0.5,3
HC5,S1,11,4,5,0.5,3
HC1,S2,10,4,5,0.5,3
HC2,S2,31,4,5,0.5,3
HC3,S2,1,4,5,0.5,3
HC4,S2,0,4,5,0.5,3
HC5,S2,23,4,5,0.5,3
HC1,S0,0,4,4,0.55,4
HC2,S0,1,4,4,0.55,4
HC3,S0,0,4,4,0.55,4
HC4,S0,66,4,4,0.55,4
HC1,S1,0,4,4,0.55,4
HC2,S1,0,4,4,0.55,4
HC3,S1,22,4,4,0.55,4
HC4,S1,11,4,4,0.55,4
HC1,S2,0,4,4,0.55,4
HC2,S2,22,4,4,0.55,4
HC3,S2,0,4,4,0.55,4
HC4,S2,0,4,4,0.55,4
HC1,S3,41,4,4,0.55,4
HC2,S3,1,4,4,0.55,4
HC3,S3,0,4,4,0.55,4
HC4,S3,23,4,4,0.55,4
HC1,S0,0,4,5,0.55,4
HC2,S0,0,4,5,0.55,4
HC3,S0,1,4,5,0.55,4
HC4,S0,0,4,5,0.55,4
HC5,S0,66,4,5,0.55,4
HC1,S1,0,4,5,0.55,4
HC2,S1,0,4,5,0.55,4
HC3,S1,0,4,5,0.55,4
HC4,S1,22,4,5,0.55,4
HC5,S1,11,4,5,0.55,4
HC1,S2,0,4,5,0.55,4
HC2,S2,0,4,5,0.55,4
HC3,S2,22,4,5,0.55,4
HC4,S2,0,4,5,0.55,4
HC5,S2,0,4,5,0.55,4
HC1,S3,10,4,5,0.55,4
HC2,S3,31,4,5,0.55,4
HC3,S3,1,4,5,0.55,4
HC4,S3,0,4,5,0.55,4
HC5,S3,23,4,5,0.55,4
HC1,S0,0,4,4,0.6,4
HC2,S0,1,4,4,0.6,4
HC3,S0,0,4,4,0.6,4
HC4,S0,66,4,4,0.6,4
HC1,S1,0,4,4,0.6,4
HC2,S1,0,4,4,0.6,4
HC3,S1,22,4,4,0.6,4
HC4,S1,11,4,4,0.6,4
HC1,S2,0,4,4,0.6,4
HC2,S2,23,4,4,0.6,4
HC3,S2,0,4,4,0.6,4
HC4,S2,0,4,4,0.6,4
HC1,S3,41,4,4,0.6,4
HC2,S3,0,4,4,0.6,4
HC3,S3,0,4,4,0.6,4
HC4,S3,23,4,4,0.6,4
HC1,S0,0,4,5,0.6,4
HC2,S0,0,4,5,0.6,4
HC3,S0,1,4,5,0.6,4
HC4,S0,0,4,5,0.6,4
HC5,S0,66,4,5,0.6,4
HC1,S1,0,4,5,0.6,4
HC2,S1,0,4,5,0.6,4
HC3,S1,0,4,5,0.6,4
HC4,S1,22,4,5,0.6,4
HC5,S1,11,4,5,0.6,4
HC1,S2,0,4,5,0.6,4
HC2,S2,0,4,5,0.6,4
HC3,S2,23,4,5,0.6,4
HC4,S2,0,4,5,0.6,4
HC5,S2,0,4,5,0.6,4
HC1,S3,10,4,5,0.6,4
HC2,S3,31,4,5,0.6,4
HC3,S3,0,4,5,0.6,4
HC4,S3,0,4,5,0.6,4
HC5,S3,23,4,5,0.6,4
HC1,S0,0,4,4,0.65,4
HC2,S0,1,4,4,0.65,4
HC3,S0,0,4,4,0.65,4
HC4,S0,66,4,4,0.65,4
HC1,S1,0,4,4,0.65,4
HC2,S1,0,4,4,0.65,4
HC3,S1,22,4,4,0.65,4
HC4,S1,11,4,4,0.65,4
HC1,S2,0,4,4,0.65,4
HC2,S2,23,4,4,0.65,4
HC3,S2,0,4,4,0.65,4
HC4,S2,0,4,4,0.65,4
HC1,S3,41,4,4,0.65,4
HC2,S3,0,4,4,0.65,4
HC3,S3,0,4,4,0.65,4
HC4,S3,23,4,4,0.65,4
HC1,S0,0,4,5,0.65,4
HC2,S0,0,4,5,0.65,4
HC3,S0,1,4,5,0.65,4
HC4,S0,0,4,5,0.65,4
HC5,S0,66,4,5,0.65,4
HC1,S1,0,4,5,0.65,4
HC2,S1,0,4,5,0.65,4
HC3,S1,0,4,5,0.65,4
HC4,S1,22,4,5,0.65,4
HC5,S1,11,4,5,0.65,4
HC1,S2,0,4,5,0.65,4
HC2,S2,0,4,5,0.65,4
HC3,S2,23,4,5,0.65,4
HC4,S2,0,4,5,0.65,4
HC5,S2,0,4,5,0.65,4
HC1,S3,10,4,5,0.65,4
HC2,S3,31,4,5,0.65,4
HC3,S3,0,4,5,0.65,4
HC4,S3,0,4,5,0.65,4
HC5,S3,23,4,5,0.65,4
HC1,S0,0,4,4,0.7,4
HC2,S0,0,4,4,0.7,4
HC3,S0,0,4,4,0.7,4
HC4,S0,56,4,4,0.7,4
HC1,S1,0,4,4,0.7,4
HC2,S1,0,4,4,0.7,4
HC3,S1,22,4,4,0.7,4
HC4,S1,14,4,4,0.7,4
HC1,S2,0,4,4,0.7,4
HC2,S2,24,4,4,0.7,4
HC3,S2,0,4,4,0.7,4
HC4,S2,7,4,4,0.7,4
HC1,S3,41,4,4,0.7,4
HC2,S3,0,4,4,0.7,4
HC3,S3,0,4,4,0.7,4
HC4,S3,23,4,4,0.7,4
HC1,S0,0,4,5,0.7,4
HC2,S0,0,4,5,0.7,4
HC3,S0,0,4,5,0.7,4
HC4,S0,0,4,5,0.7,4
HC5,S0,56,4,5,0.7,4
HC1,S1,0,4,5,0.7,4
HC2,S1,0,4,5,0.7,4
HC3,S1,0,4,5,0.7,4
HC4,S1,22,4,5,0.7,4
HC5,S1,14,4,5,0.7,4
HC1,S2,0,4,5,0.7,4
HC2,S2,0,4,5,0.7,4
HC3,S2,24,4,5,0.7,4
HC4,S2,0,4,5,0.7,4
HC5,S2,7,4,5,0.7,4
HC1,S3,10,4,5,0.7,4
HC2,S3,31,4,5,0.7,4
HC3,S3,0,4,5,0.7,4
HC4,S3,0,4,5,0.7,4
HC5,S3,23,4,5,0.7,4
HC1,S0,0,4,4,0.75,4
HC2,S0,0,4,4,0.75,4
HC3,S0,0,4,4,0.75,4
HC4,S0,48,4,4,0.75,4
HC1,S1,0,4,4,0.75,4
HC2,S1,0,4,4,0.75,4
HC3,S1,22,4,4,0.75,4
HC4,S1,17,4,4,0.75,4
HC1,S2,0,4,4,0.75,4
HC2,S2,24,4,4,0.75,4
HC3,S2,0,4,4,0.75,4
HC4,S2,12,4,4,0.75,4
HC1,S3,41,4,4,0.75,4
HC2,S3,0,4,4,0.75,4
HC3,S3,0,4,4,0.75,4
HC4,S3,23,4,4,0.75,4
HC1,S0,0,4,5,0.75,4
HC2,S0,0,4,5,0.75,4
HC3,S0,0,4,5,0.75,4
HC4,S0,0,4,5,0.75,4
HC5,S0,48,4,5,0.75,4
HC1,S1,0,4,5,0.75,4
HC2,S1,0,4,5,0.75,4
HC3,S1,0,4,5,0.75,4
HC4,S1,22,4,5,0.75,4
HC5,S1,17,4,5,0.75,4
HC1,S2,0,4,5,0.75,4
HC2,S2,0,4,5,0.75,4
HC3,S2,24,4,5,0.75,4
HC4,S2,0,4,5,0.75,4
HC5,S2,12,4,5,0.75,4
HC1,S3,10,4,5,0.75,4
HC2,S3,31,4,5,0.75,4
HC3,S3,0,4,5,0.75,4
HC4,S3,0,4,5,0.75,4
HC5,S3,23,4,5,0.75,4
HC1,S0,0,4,4,0.8,4
HC2,S0,0,4,4,0.8,4
HC3,S0,0,4,4,0.8,4
HC4,S0,48,4,4,0.8,4
HC1,S1,0,4,4,0.8,4
HC2,S1,0,4,4,0.8,4
HC3,S1,22,4,4,0.8,4
HC4,S1,17,4,4,0.8,4
HC1,S2,0,4,4,0.8,4
HC2,S2,24,4,4,0.8,4
HC3,S2,0,4,4,0.8,4
HC4,S2,12,4,4,0.8,4
HC1,S3,41,4,4,0.8,4
HC2,S3,0,4,4,0.8,4
HC3,S3,0,4,4,0.8,4
HC4,S3,23,4,4,0.8,4
HC1,S0,0,4,5,0.8,4
HC2,S0,0,4,5,0.8,4
HC3,S0,0,4,5,0.8,4
HC4,S0,0,4,5,0.8,4
HC5,S0,48,4,5,0.8,4
HC1,S1,0,4,5,0.8,4
HC2,S1,0,4,5,0.8,4
HC3,S1,0,4,5,0.8,4
HC4,S1,22,4,5,0.8,4
HC5,S1,17,4,5,0.8,4
HC1,S2,0,4,5,0.8,4
HC2,S2,0,4,5,0.8,4
HC3,S2,24,4,5,0.8,4
HC4,S2,0,4,5,0.8,4
HC5,S2,12,4,5,0.8,4
HC1,S3,10,4,5,0.8,4
HC2,S3,31,4,5,0.8,4
HC3,S3,0,4,5,0.8,4
HC4,S3,0,4,5,0.8,4
HC5,S3,23,4,5,0.8,4
HC1,S0,0,4,4,0.85,5
HC2,S0,0,4,4,0.85,5
HC3,S0,0,4,4,0.85,5
HC4,S0,41,4,4,0.85,5
HC1,S1,0,4,4,0.85,5
HC2,S1,0,4,4,0.85,5
HC3,S1,22,4,4,0.85,5
HC4,S1,16,4,4,0.85,5
HC1,S2,0,4,4,0.85,5
HC2,S2,24,4,4,0.85,5
HC3,S2,0,4,4,0.85,5
HC4,S2,10,4,4,0.85,5
HC1,S3,0,4,4,0.85,5
HC2,S3,0,4,4,0.85,5
HC3,S3,0,4,4,0.85,5
HC4,S3,30,4,4,0.85,5
HC1,S4,41,4,4,0.85,5
HC2,S4,0,4,4,0.85,5
HC3,S4,0,4,4,0.85,5
HC4,S4,3,4,4,0.85,5
HC1,S0,0,4,5,0.85,5
HC2,S0,0,4,5,0.85,5
HC3,S0,0,4,5,0.85,5
HC4,S0,0,4,5,0.85,5
HC5,S0,41,4,5,0.85,5
HC1,S1,0,4,5,0.85,5
HC2,S1,0,4,5,0.85,5
HC3,S1,0,4,5,0.85,5
HC4,S1,22,4,5,0.85,5
HC5,S1,16,4,5,0.85,5
HC1,S2,0,4,5,0.85,5
HC2,S2,0,4,5,0.85,5
HC3,S2,24,4,5,0.85,5
HC4,S2,0,4,5,0.85,5
HC5,S2,10,4,5,0.85,5
HC1,S3,0,4,5,0.85,5
HC2,S3,0,4,5,0.85,5
HC3,S3,0,4,5,0.85,5
HC4,S3,0,4,5,0.85,5
HC5,S3,30,4,5,0.85,5
HC1,S4,10,4,5,0.85,5
HC2,S4,31,4,5,0.85,5
HC3,S4,0,4,5,0.85,5
HC4,S4,0,4,5,0.85,5
HC5,S4,3,4,5,0.85,5
HC1,S0,0,4,4,0.9,5
HC2,S0,0,4,4,0.9,5
HC3,S0,0,4,4,0.9,5
HC4,S0,39,4,4,0.9,5
HC1,S1,0,4,4,0.9,5
HC2,S1,0,4,4,0.9,5
HC3,S1,22,4,4,0.9,5
HC4,S1,17,4,4,0.9,5
HC1,S2,0,4,4,0.9,5
HC2,S2,24,4,4,0.9,5
HC3,S2,0,4,4,0.9,5
HC4,S2,11,4,4,0.9,5
HC1,S3,0,4,4,0.9,5
HC2,S3,0,4,4,0.9,5
HC3,S3,0,4,4,0.9,5
HC4,S3,30,4,4,0.9,5
HC1,S4,41,4,4,0.9,5
HC2,S4,0,4,4,0.9,5
HC3,S4,0,4,4,0.9,5
HC4,S4,3,4,4,0.9,5
HC1,S0,0,4,5,0.9,5
HC2,S0,0,4,5,0.9,5
HC3,S0,0,4,5,0.9,5
HC4,S0,0,4,5,0.9,5
HC5,S0,39,4,5,0.9,5
HC1,S1,0,4,5,0.9,5
HC2,S1,0,4,5,0.9,5
HC3,S1,0,4,5,0.9,5
HC4,S1,22,4,5,0.9,5
HC5,S1,17,4,5,0.9,5
HC1,S2,0,4,5,0.9,5
HC2,S2,0,4,5,0.9,5
HC3,S2,24,4,5,0.9,5
HC4,S2,0,4,5,0.9,5
HC5,S2,11,4,5,0.9,5
HC1,S3,0,4,5,0.9,5
HC2,S3,0,4,5,0.9,5
HC3,S3,0,4,5,0.9,5
HC4,S3,0,4,5,0.9,5
HC5,S3,30,4,5,0.9,5
HC1,S4,10,4,5,0.9,5
HC2,S4,31,4,5,0.9,5
HC3,S4,0,4,5,0.9,5
HC4,S4,0,4,5,0.9,5
HC5,S4,3,4,5,0.9,5
HC1,S0,0,4,4,0.95,5
HC2,S0,0,4,4,0.95,5
HC3,S0,0,4,4,0.95,5
HC4,S0,39,4,4,0.95,5
HC1,S1,0,4,4,0.95,5
HC2,S1,0,4,4,0.95,5
HC3,S1,22,4,4,0.95,5
HC4,S1,17,4,4,0.95,5
HC1,S2,0,4,4,0.95,5
HC2,S2,24,4,4,0.95,5
HC3,S2,0,4,4,0.95,5
HC4,S2,11,4,4,0.95,5
HC1,S3,0,4,4,0.95,5
HC2,S3,0,4,4,0.95,5
HC3,S3,0,4,4,0.95,5
HC4,S3,30,4,4,0.95,5
HC1,S4,41,4,4,0.95,5
HC2,S4,0,4,4,0.95,5
HC3,S4,0,4,4,0.95,5
HC4,S4,3,4,4,0.95,5
HC1,S0,0,4,5,0.95,5
HC2,S0,0,4,5,0.95,5
HC3,S0,0,4,5,0.95,5
HC4,S0,0,4,5,0.95,5
HC5,S0,39,4,5,0.95,5
HC1,S1,0,4,5,0.95,5
HC2,S1,0,4,5,0.95,5
HC3,S1,0,4,5,0.95,5
HC4,S1,22,4,5,0.95,5
HC5,S1,17,4,5,0.95,5
HC1,S2,0,4,5,0.95,5
HC2,S2,0,4,5,0.95,5
HC3,S2,24,4,5,0.95,5
HC4,S2,0,4,5,0.95,5
HC5,S2,11,4,5,0.95,5
HC1,S3,0,4,5,0.95,5
HC2,S3,0,4,5,0.95,5
HC3,S3,0,4,5,0.95,5
HC4,S3,0,4,5,0.95,5
HC5,S3,30,4,5,0.95,5
HC1,S4,10,4,5,0.95,5
HC2,S4,31,4,5,0.95,5
HC3,S4,0,4,5,0.95,5
HC4,S4,0,4,5,0.95,5
HC5,S4,3,4,5,0.95,5
HC1,S0,0,4,4,1,5
HC2,S0,0,4,4,1,5
HC3,S0,0,4,4,1,5
HC4,S0,39,4,4,1,5
HC1,S1,0,4,4,1,5
HC2,S1,0,4,4,1,5
HC3,S1,22,4,4,1,5
HC4,S1,17,4,4,1,5
HC1,S2,0,4,4,1,5
HC2,S2,24,4,4,1,5
HC3,S2,0,4,4,1,5
HC4,S2,11,4,4,1,5
HC1,S3,0,4,4,1,5
HC2,S3,0,4,4,1,5
HC3,S3,0,4,4,1,5
HC4,S3,30,4,4,1,5
HC1,S4,41,4,4,1,5
HC2,S4,0,4,4,1,5
HC3,S4,0,4,4,1,5
HC4,S4,3,4,4,1,5
HC1,S0,0,4,5,1,5
HC2,S0,0,4,5,1,5
HC3,S0,0,4,5,1,5
HC4,S0,0,4,5,1,5
HC5,S0,39,4,5,1,5
HC1,S1,0,4,5,1,5
HC2,S1,0,4,5,1,5
HC3,S1,0,4,5,1,5
HC4,S1,22,4,5,1,5
HC5,S1,17,4,5,1,5
HC1,S2,0,4,5,1,5
HC2,S2,0,4,5,1,5
HC3,S2,24,4,5,1,5
HC4,S2,0,4,5,1,5
HC5,S2,11,4,5,1,5
HC1,S3,0,4,5,1,5
HC2,S3,0,4,5,1,5
HC3,S3,0,4,5,1,5
HC4,S3,0,4,5,1,5
HC5,S3,30,4,5,1,5
HC1,S4,10,4,5,1,5
HC2,S4,31,4,5,1,5
HC3,S4,0,4,5,1,5
HC4,S4,0,4,5,1,5
HC5,S4,3,4,5,1,5
HC1,S0,0,4,4,1.05,5
HC2,S0,0,4,4,1.05,5
HC3,S0,0,4,4,1.05,5
HC4,S0,39,4,4,1.05,5
HC1,S1,0,4,4,1.05,5
HC2,S1,0,4,4,1.05,5
HC3,S1,22,4,4,1.05,5
HC4,S1,17,4,4,1.05,5
HC1,S2,0,4,4,1.05,5
HC2,S2,24,4,4,1.05,5
HC3,S2,0,4,4,1.05,5
HC4,S2,11,4,4,1.05,5
HC1,S3,0,4,4,1.05,5
HC2,S3,0,4,4,1.05,5
HC3,S3,0,4,4,1.05,5
HC4,S3,30,4,4,1.05,5
HC1,S4,41,4,4,1.05,5
HC2,S4,0,4,4,1.05,5
HC3,S4,0,4,4,1.05,5
HC4,S4,3,4,4,1.05,5
HC1,S0,0,4,5,1.05,5
HC2,S0,0,4,5,1.05,5
HC3,S0,0,4,5,1.05,5
HC4,S0,0,4,5,1.05,5
HC5,S0,39,4,5,1.05,5
HC1,S1,0,4,5,1.05,5
HC2,S1,0,4,5,1.05,5
HC3,S1,0,4,5,1.05,5
HC4,S1,22,4,5,1.05,5
HC5,S1,17,4,5,1.05,5
HC1,S2,0,4,5,1.05,5
HC2,S2,0,4,5,1.05,5
HC3,S2,24,4,5,1.05,5
HC4,S2,0,4,5,1.05,5
HC5,S2,11,4,5,1.05,5
HC1,S3,0,4,5,1.05,5
HC2,S3,0,4,5,1.05,5
HC3,S3,0,4,5,1.05,5
HC4,S3,0,4,5,1.05,5
HC5,S3,30,4,5,1.05,5
HC1,S4,10,4,5,1.05,5
HC2,S4,31,4,5,1.05,5
HC3,S4,0,4,5,1.05,5
HC4,S4,0,4,5,1.05,5
HC5,S4,3,4,5,1.05,5
HC1,S0,0,4,4,1.1,5
HC2,S0,0,4,4,1.1,5
HC3,S0,0,4,4,1.1,5
HC4,S0,39,4,4,1.1,5
HC1,S1,0,4,4,1.1,5
HC2,S1,0,4,4,1.1,5
HC3,S1,22,4,4,1.1,5
HC4,S1,17,4,4,1.1,5
HC1,S2,0,4,4,1.1,5
HC2,S2,24,4,4,1.1,5
HC3,S2,0,4,4,1.1,5
HC4,S2,11,4,4,1.1,5
HC1,S3,0,4,4,1.1,5
HC2,S3,0,4,4,1.1,5
HC3,S3,0,4,4,1.1,5
HC4,S3,30,4,4,1.1,5
HC1,S4,41,4,4,1.1,5
HC2,S4,0,4,4,1.1,5
HC3,S4,0,4,4,1.1,5
HC4,S4,3,4,4,1.1,5
HC1,S0,0,4,5,1.1,5
HC2,S0,0,4,5,1.1,5
HC3,S0,0,4,5,1.1,5
HC4,S0,0,4,5,1.1,5
HC5,S0,39,4,5,1.1,5
HC1,S1,0,4,5,1.1,5
HC2,S1,0,4,5,1.1,5
HC3,S1,0,4,5,1.1,5
HC4,S1,22,4,5,1.1,5
HC5,S1,17,4,5,1.1,5
HC1,S2,0,4,5,1.1,5
HC2,S2,0,4,5,1.1,5
HC3,S2,24,4,5,1.1,5
HC4,S2,0,4,5,1.1,5
HC5,S2,11,4,5,1.1,5
HC1,S3,0,4,5,1.1,5
HC2,S3,0,4,5,1.1,5
HC3,S3,0,4,5,1.1,5
HC4,S3,0,4,5,1.1,5
HC5,S3,30,4,5,1.1,5
HC1,S4,10,4,5,1.1,5
HC2,S4,31,4,5,1.1,5
HC3,S4,0,4,5,1.1,5
HC4,S4,0,4,5,1.1,5
HC5,S4,3,4,5,1.1,5
HC1,S0,0,4,4,1.15,5
HC2,S0,0,4,4,1.15,5
HC3,S0,0,4,4,1.15,5
HC4,S0,39,4,4,1.15,5
HC1,S1,0,4,4,1.15,5
HC2,S1,0,4,4,1.15,5
HC3,S1,22,4,4,1.15,5
HC4,S1,17,4,4,1.15,5
HC1,S2,0,4,4,1.15,5
HC2,S2,24,4,4,1.15,5
HC3,S2,0,4,4,1.15,5
HC4,S2,11,4,4,1.15,5
HC1,S3,0,4,4,1.15,5
HC2,S3,0,4,4,1.15,5
HC3,S3,0,4,4,1.15,5
HC4,S3,30,4,4,1.15,5
HC1,S4,41,4,4,1.15,5
HC2,S4,0,4,4,1.15,5
HC3,S4,0,4,4,1.15,5
HC4,S4,3,4,4,1.15,5
HC1,S0,0,4,5,1.15,5
HC2,S0,0,4,5,1.15,5
HC3,S0,0,4,5,1.15,5
HC4,S0,0,4,5,1.15,5
HC5,S0,39,4,5,1.15,5
HC1,S1,0,4,5,1.15,5
HC2,S1,0,4,5,1.15,5
HC3,S1,0,4,5,1.15,5
HC4,S1,22,4,5,1.15,5
HC5,S1,17,4,5,1.15,5
HC1,S2,0,4,5,1.15,5
HC2,S2,0,4,5,1.15,5
HC3,S2,24,4,5,1.15,5
HC4,S2,0,4,5,1.15,5
HC5,S2,11,4,5,1.15,5
HC1,S3,0,4,5,1.15,5
HC2,S3,0,4,5,1.15,5
HC3,S3,0,4,5,1.15,5
HC4,S3,0,4,5,1.15,5
HC5,S3,30,4,5,1.15,5
HC1,S4,10,4,5,1.15,5
HC2,S4,31,4,5,1.15,5
HC3,S4,0,4,5,1.15,5
HC4,S4,0,4,5,1.15,5
HC5,S4,3,4,5,1.15,5
HC1,S0,0,4,4,1.2,5
HC2,S0,0,4,4,1.2,5
HC3,S0,0,4,4,1.2,5
HC4,S0,39,4,4,1.2,5
HC1,S1,0,4,4,1.2,5
HC2,S1,0,4,4,1.2,5
HC3,S1,22,4,4,1.2,5
HC4,S1,17,4,4,1.2,5
HC1,S2,0,4,4,1.2,5
HC2,S2,24,4,4,1.2,5
HC3,S2,0,4,4,1.2,5
HC4,S2,11,4,4,1.2,5
HC1,S3,0,4,4,1.2,5
HC2,S3,0,4,4,1.2,5
HC3,S3,0,4,4,1.2,5
HC4,S3,30,4,4,1.2,5
HC1,S4,41,4,4,1.2,5
HC2,S4,0,4,4,1.2,5
HC3,S4,0,4,4,1.2,5
HC4,S4,3,4,4,1.2,5
HC1,S0,0,4,5,1.2,5
HC2,S0,0,4,5,1.2,5
HC3,S0,0,4,5,1.2,5
HC4,S0,0,4,5,1.2,5
HC5,S0,39,4,5,1.2,5
HC1,S1,0,4,5,1.2,5
HC2,S1,0,4,5,1.2,5
HC3,S1,0,4,5,1.2,5
HC4,S1,22,4,5,1.2,5
HC5,S1,17,4,5,1.2,5
HC1,S2,0,4,5,1.2,5
HC2,S2,0,4,5,1.2,5
HC3,S2,24,4,5,1.2,5
HC4,S2,0,4,5,1.2,5
HC5,S2,11,4,5,1.2,5
HC1,S3,0,4,5,1.2,5
HC2,S3,0,4,5,1.2,5
HC3,S3,0,4,5,1.2,5
HC4,S3,0,4,5,1.2,5
HC5,S3,30,4,5,1.2,5
HC1,S4,10,4,5,1.2,5
HC2,S4,31,4,5,1.2,5
HC3,S4,0,4,5,1.2,5
HC4,S4,0,4,5,1.2,5
HC5,S4,3,4,5,1.2,5
HC1,S0,0,4,4,1.25,5
HC2,S0,0,4,4,1.25,5
HC3,S0,0,4,4,1.25,5
HC4,S0,39,4,4,1.25,5
HC1,S1,0,4,4,1.25,5
HC2,S1,0,4,4,1.25,5
HC3,S1,22,4,4,1.25,5
HC4,S1,17,4,4,1.25,5
HC1,S2,0,4,4,1.25,5
HC2,S2,24,4,4,1.25,5
HC3,S2,0,4,4,1.25,5
HC4,S2,11,4,4,1.25,5
HC1,S3,0,4,4,1.25,5
HC2,S3,0,4,4,1.25,5
HC3,S3,0,4,4,1.25,5
HC4,S3,30,4,4,1.25,5
HC1,S4,41,4,4,1.25,5
HC2,S4,0,4,4,1.25,5
HC3,S4,0,4,4,1.25,5
HC4,S4,3,4,4,1.25,5
HC1,S0,0,4,5,1.25,5
HC2,S0,0,4,5,1.25,5
HC3,S0,0,4,5,1.25,5
HC4,S0,0,4,5,1.25,5
HC5,S0,39,4,5,1.25,5
HC1,S1,0,4,5,1.25,5
HC2,S1,0,4,5,1.25,5
HC3,S1,0,4,5,1.25,5
HC4,S1,22,4,5,1.25,5
HC5,S1,17,4,5,1.25,5
HC1,S2,0,4,5,1.25,5
HC2,S2,0,4,5,1.25,5
HC3,S2,24,4,5,1.25,5
HC4,S2,0,4,5,1.25,5
HC5,S2,11,4,5,1.25,5
HC1,S3,0,4,5,1.25,5
HC2,S3,0,4,5,1.25,5
HC3,S3,0,4,5,1.25,5
HC4,S3,0,4,5,1.25,5
HC5,S3,30,4,5,1.25,5
HC1,S4,10,4,5,1.25,5
HC2,S4,31,4,5,1.25,5
HC3,S4,0,4,5,1.25,5
HC4,S4,0,4,5,1.25,5
HC5,S4,3,4,5,1.25,5
HC1,S0,0,4,4,1.3,5
HC2,S0,0,4,4,1.3,5
HC3,S0,0,4,4,1.3,5
HC4,S0,39,4,4,1.3,5
HC1,S1,0,4,4,1.3,5
HC2,S1,0,4,4,1.3,5
HC3,S1,22,4,4,1.3,5
HC4,S1,17,4,4,1.3,5
HC1,S2,0,4,4,1.3,5
HC2,S2,24,4,4,1.3,5
HC3,S2,0,4,4,1.3,5
HC4,S2,11,4,4,1.3,5
HC1,S3,0,4,4,1.3,5
HC2,S3,0,4,4,1.3,5
HC3,S3,0,4,4,1.3,5
HC4,S3,30,4,4,1.3,5
HC1,S4,41,4,4,1.3,5
HC2,S4,0,4,4,1.3,5
HC3,S4,0,4,4,1.3,5
HC4,S4,3,4,4,1.3,5
HC1,S0,0,4,5,1.3,5
HC2,S0,0,4,5,1.3,5
HC3,S0,0,4,5,1.3,5
HC4,S0,0,4,5,1.3,5
HC5,S0,39,4,5,1.3,5
HC1,S1,0,4,5,1.3,5
HC2,S1,0,4,5,1.3,5
HC3,S1,0,4,5,1.3,5
HC4,S1,22,4,5,1.3,5
HC5,S1,17,4,5,1.3,5
HC1,S2,0,4,5,1.3,5
HC2,S2,0,4,5,1.3,5
HC3,S2,24,4,5,1.3,5
HC4,S2,0,4,5,1.3,5
HC5,S2,11,4,5,1.3,5
HC1,S3,0,4,5,1.3,5
HC2,S3,0,4,5,1.3,5
HC3,S3,0,4,5,1.3,5
HC4,S3,0,4,5,1.3,5
HC5,S3,30,4,5,1.3,5
HC1,S4,10,4,5,1.3,5
HC2,S4,31,4,5,1.3,5
HC3,S4,0,4,5,1.3,5
HC4,S4,0,4,5,1.3,5
HC5,S4,3,4,5,1.3,5
HC1,S0,0,4,4,1.35,5
HC2,S0,0,4,4,1.35,5
HC3,S0,0,4,4,1.35,5
HC4,S0,39,4,4,1.35,5
HC1,S1,0,4,4,1.35,5
HC2,S1,0,4,4,1.35,5
HC3,S1,22,4,4,1.35,5
HC4,S1,17,4,4,1.35,5
HC1,S2,0,4,4,1.35,5
HC2,S2,24,4,4,1.35,5
HC3,S2,0,4,4,1.35,5
HC4,S2,11,4,4,1.35,5
HC1,S3,0,4,4,1.35,5
HC2,S3,0,4,4,1.35,5
HC3,S3,0,4,4,1.35,5
HC4,S3,30,4,4,1.35,5
HC1,S4,41,4,4,1.35,5
HC2,S4,0,4,4,1.35,5
HC3,S4,0,4,4,1.35,5
HC4,S4,3,4,4,1.35,5
HC1,S0,0,4,5,1.35,5
HC2,S0,0,4,5,1.35,5
HC3,S0,0,4,5,1.35,5
HC4,S0,0,4,5,1.35,5
HC5,S0,39,4,5,1.35,5
HC1,S1,0,4,5,1.35,5
HC2,S1,0,4,5,1.35,5
HC3,S1,0,4,5,1.35,5
HC4,S1,22,4,5,1.35,5
HC5,S1,17,4,5,1.35,5
HC1,S2,0,4,5,1.35,5
HC2,S2,0,4,5,1.35,5
HC3,S2,24,4,5,1.35,5
HC4,S2,0,4,5,1.35,5
HC5,S2,11,4,5,1.35,5
HC1,S3,0,4,5,1.35,5
HC2,S3,0,4,5,1.35,5
HC3,S3,0,4,5,1.35,5
HC4,S3,0,4,5,1.35,5
HC5,S3,30,4,5,1.35,5
HC1,S4,10,4,5,1.35,5
HC2,S4,31,4,5,1.35,5
HC3,S4,0,4,5,1.35,5
HC4,S4,0,4,5,1.35,5
HC5,S4,3,4,5,1.35,5
HC1,S0,0,4,4,1.4,6
HC2,S0,0,4,4,1.4,6
HC3,S0,0,4,4,1.4,6
HC4,S0,37,4,4,1.4,6
HC1,S1,0,4,4,1.4,6
HC2,S1,0,4,4,1.4,6
HC3,S1,22,4,4,1.4,6
HC4,S1,17,4,4,1.4,6
HC1,S2,0,4,4,1.4,6
HC2,S2,0,4,4,1.4,6
HC3,S2,0,4,4,1.4,6
HC4,S2,2,4,4,1.4,6
HC1,S3,0,4,4,1.4,6
HC2,S3,24,4,4,1.4,6
HC3,S3,0,4,4,1.4,6
HC4,S3,11,4,4,1.4,6
HC1,S4,0,4,4,1.4,6
HC2,S4,0,4,4,1.4,6
HC3,S4,0,4,4,1.4,6
HC4,S4,30,4,4,1.4,6
HC1,S5,41,4,4,1.4,6
HC2,S5,0,4,4,1.4,6
HC3,S5,0,4,4,1.4,6
HC4,S5,3,4,4,1.4,6
HC1,S0,0,4,5,1.4,6
HC2,S0,0,4,5,1.4,6
HC3,S0,0,4,5,1.4,6
HC4,S0,0,4,5,1.4,6
HC5,S0,37,4,5,1.4,6
HC1,S1,0,4,5,1.4,6
HC2,S1,0,4,5,1.4,6
HC3,S1,0,4,5,1.4,6
HC4,S1,22,4,5,1.4,6
HC5,S1,17,4,5,1.4,6
HC1,S2,0,4,5,1.4,6
HC2,S2,0,4,5,1.4,6
HC3,S2,0,4,5,1.4,6
HC4,S2,0,4,5,1.4,6
HC5,S2,2,4,5,1.4,6
HC1,S3,0,4,5,1.4,6
HC2,S3,0,4,5,1.4,6
HC3,S3,24,4,5,1.4,6
HC4,S3,0,4,5,1.4,6
HC5,S3,11,4,5,1.4,6
HC1,S4,0,4,5,1.4,6
HC2,S4,0,4,5,1.4,6
HC3,S4,0,4,5,1.4,6
HC4,S4,0,4,5,1.4,6
HC5,S4,30,4,5,1.4,6
HC1,S5,10,4,5,1.4,6
HC2,S5,31,4,5,1.4,6
HC3,S5,0,4,5,1.4,6
HC4,S5,0,4,5,1.4,6
HC5,S5,3,4,5,1.4,6
HC1,S0,0,4,4,1.45,6
HC2,S0,0,4,4,1.45,6
HC3,S0,0,4,4,1.45,6
HC4,S0,37,4,4,1.45,6
HC1,S1,0,4,4,1.45,6
HC2,S1,0,4,4,1.45,6
HC3,S1,22,4,4,1.45,6
HC4,S1,17,4,4,1.45,6
HC1,S2,0,4,4,1.45,6
HC2,S2,0,4,4,1.45,6
HC3,S2,0,4,4,1.45,6
HC4,S2,2,4,4,1.45,6
HC1,S3,0,4,4,1.45,6
HC2,S3,24,4,4,1.45,6
HC3,S3,0,4,4,1.45,6
HC4,S3,11,4,4,1.45,6
HC1,S4,0,4,4,1.45,6
HC2,S4,0,4,4,1.45,6
HC3,S4,0,4,4,1.45,6
HC4,S4,30,4,4,1.45,6
HC1,S5,41,4,4,1.45,6
HC2,S5,0,4,4,1.45,6
HC3,S5,0,4,4,1.45,6
HC4,S5,3,4,4,1.45,6
HC1,S0,0,4,5,1.45,6
HC2,S0,0,4,5,1.45,6
HC3,S0,0,4,5,1.45,6
HC4,S0,0,4,5,1.45,6
HC5,S0,37,4,5,1.45,6
HC1,S1,0,4,5,1.45,6
HC2,S1,0,4,5,1.45,6
HC3,S1,0,4,5,1.45,6
HC4,S1,22,4,5,1.45,6
HC5,S1,17,4,5,1.45,6
HC1,S2,0,4,5,1.45,6
HC2,S2,0,4,5,1.45,6
HC3,S2,0,4,5,1.45,6
HC4,S2,0,4,5,1.45,6
HC5,S2,2,4,5,1.45,6
HC1,S3,0,4,5,1.45,6
HC2,S3,0,4,5,1.45,6
HC3,S3,24,4,5,1.45,6
HC4,S3,0,4,5,1.45,6
HC5,S3,11,4,5,1.45,6
HC1,S4,0,4,5,1.45,6
HC2,S4,0,4,5,1.45,6
HC3,S4,0,4,5,1.45,6
HC4,S4,0,4,5,1.45,6
HC5,S4,30,4,5,1.45,6
HC1,S5,10,4,5,1.45,6
HC2,S5,31,4,5,1.45,6
HC3,S5,0,4,5,1.45,6
HC4,S5,0,4,5,1.45,6
HC5,S5,3,4,5,1.45,6
HC1,S0,0,4,4,1.5,6
HC2,S0,0,4,4,1.5,6
HC3,S0,0,4,4,1.5,6
HC4,S0,36,4,4,1.5,6
HC1,S1,0,4,4,1.5,6
HC2,S1,0,4,4,1.5,6
HC3,S1,22,4,4,1.5,6
HC4,S1,15,4,4,1.5,6
HC1,S2,0,4,4,1.5,6
HC2,S2,0,4,4,1.5,6
HC3,S2,0,4,4,1.5,6
HC4,S2,17,4,4,1.5,6
HC1,S3,0,4,4,1.5,6
HC2,S3,24,4,4,1.5,6
HC3,S3,0,4,4,1.5,6
HC4,S3,1,4,4,1.5,6
HC1,S4,0,4,4,1.5,6
HC2,S4,0,4,4,1.5,6
HC3,S4,0,4,4,1.5,6
HC4,S4,30,4,4,1.5,6
HC1,S5,41,4,4,1.5,6
HC2,S5,0,4,4,1.5,6
HC3,S5,0,4,4,1.5,6
HC4,S5,1,4,4,1.5,6
HC1,S0,0,4,5,1.5,6
HC2,S0,0,4,5,1.5,6
HC3,S0,0,4,5,1.5,6
HC4,S0,0,4,5,1.5,6
HC5,S0,36,4,5,1.5,6
HC1,S1,0,4,5,1.5,6
HC2,S1,0,4,5,1.5,6
HC3,S1,0,4,5,1.5,6
HC4,S1,22,4,5,1.5,6
HC5,S1,15,4,5,1.5,6
HC1,S2,0,4,5,1.5,6
HC2,S2,0,4,5,1.5,6
HC3,S2,0,4,5,1.5,6
HC4,S2,0,4,5,1.5,6
HC5,S2,17,4,5,1.5,6
HC1,S3,0,4,5,1.5,6
HC2,S3,0,4,5,1.5,6
HC3,S3,24,4,5,1.5,6
HC4,S3,0,4,5,1.5,6
HC5,S3,1,4,5,1.5,6
HC1,S4,0,4,5,1.5,6
HC2,S4,0,4,5,1.5,6
HC3,S4,0,4,5,1.5,6
HC4,S4,0,4,5,1.5,6
HC5,S4,30,4,5,1.5,6
HC1,S5,10,4,5,1.5,6
HC2,S5,31,4,5,1.5,6
HC3,S5,0,4,5,1.5,6
HC4,S5,0,4,5,1.5,6
HC5,S5,1,4,5,1.5,6
HC1,S0,0,4,4,1.55,6
HC2,S0,0,4,4,1.55,6
HC3,S0,0,4,4,1.55,6
HC4,S0,36,4,4,1.55,6
HC1,S1,0,4,4,1.55,6
HC2,S1,0,4,4,1.55,6
HC3,S1,0,4,4,1.55,6
HC4,S1,18,4,4,1.55,6
HC1,S2,0,4,4,1.55,6
HC2,S2,0,4,4,1.55,6
HC3,S2,22,4,4,1.55,6
HC4,S2,14,4,4,1.55,6
HC1,S3,0,4,4,1.55,6
HC2,S3,24,4,4,1.55,6
HC3,S3,0,4,4,1.55,6
HC4,S3,1,4,4,1.55,6
HC1,S4,0,4,4,1.55,6
HC2,S4,0,4,4,1.55,6
HC3,S4,0,4,4,1.55,6
HC4,S4,30,4,4,1.55,6
HC1,S5,41,4,4,1.55,6
HC2,S5,0,4,4,1.55,6
HC3,S5,0,4,4,1.55,6
HC4,S5,1,4,4,1.55,6
HC1,S0,0,4,5,1.55,6
HC2,S0,0,4,5,1.55,6
HC3,S0,0,4,5,1.55,6
HC4,S0,0,4,5,1.55,6
HC5,S0,36,4,5,1.55,6
HC1,S1,0,4,5,1.55,6
HC2,S1,0,4,5,1.55,6
HC3,S1,0,4,5,1.55,6
HC4,S1,0,4,5,1.55,6
HC5,S1,18,4,5,1.55,6
HC1,S2,0,4,5,1.55,6
HC2,S2,0,4,5,1.55,6
HC3,S2,0,4,5,1.55,6
HC4,S2,22,4,5,1.55,6
HC5,S2,14,4,5,1.55,6
HC1,S3,0,4,5,1.55,6
HC2,S3,0,4,5,1.55,6
HC3,S3,24,4,5,1.55,6
HC4,S3,0,4,5,1.55,6
HC5,S3,1,4,5,1.55,6
HC1,S4,0,4,5,1.55,6
HC2,S4,0,4,5,1.55,6
HC3,S4,0,4,5,1.55,6
HC4,S4,0,4,5,1.55,6
HC5,S4,30,4,5,1.55,6
HC1,S5,10,4,5,1.55,6
HC2,S5,31,4,5,1.55,6
HC3,S5,0,4,5,1.55,6
HC4,S5,0,4,5,1.55,6
HC5,S5,1,4,5,1.55,6
HC1,S0,0,4,4,1.6,6
HC2,S0,0,4,4,1.6,6
HC3,S0,0,4,4,1.6,6
HC4,S0,36,4,4,1.6,6
HC1,S1,0,4,4,1.6,6
HC2,S1,0,4,4,1.6,6
HC3,S1,22,4,4,1.6,6
HC4,S1,14,4,4,1.6,6
HC1,S2,0,4,4,1.6,6
HC2,S2,0,4,4,1.6,6
HC3,S2,0,4,4,1.6,6
HC4,S2,17,4,4,1.6,6
HC1,S3,0,4,4,1.6,6
HC2,S3,24,4,4,1.6,6
HC3,S3,0,4,4,1.6,6
HC4,S3,1,4,4,1.6,6
HC1,S4,0,4,4,1.6,6
HC2,S4,0,4,4,1.6,6
HC3,S4,0,4,4,1.6,6
HC4,S4,31,4,4,1.6,6
HC1,S5,41,4,4,1.6,6
HC2,S5,0,4,4,1.6,6
HC3,S5,0,4,4,1.6,6
HC4,S5,1,4,4,1.6,6
HC1,S0,0,4,5,1.6,6
HC2,S0,0,4,5,1.6,6
HC3,S0,0,4,5,1.6,6
HC4,S0,0,4,5,1.6,6
HC5,S0,36,4,5,1.6,6
HC1,S1,0,4,5,1.6,6
HC2,S1,0,4,5,1.6,6
HC3,S1,0,4,5,1.6,6
HC4,S1,22,4,5,1.6,6
HC5,S1,14,4,5,1.6,6
HC1,S2,0,4,5,1.6,6
HC2,S2,0,4,5,1.6,6
HC3,S2,0,4,5,1.6,6
HC4,S2,0,4,5,1.6,6
HC5,S2,17,4,5,1.6,6
HC1,S3,0,4,5,1.6,6
HC2,S3,0,4,5,1.6,6
HC3,S3,24,4,5,1.6,6
HC4,S3,0,4,5,1.6,6
HC5,S3,1,4,5,1.6,6
HC1,S4,0,4,5,1.6,6
HC2,S4,0,4,5,1.6,6
HC3,S4,0,4,5,1.6,6
HC4,S4,0,4,5,1.6,6
HC5,S4,31,4,5,1.6,6
HC1,S5,10,4,5,1.6,6
HC2,S5,31,4,5,1.6,6
HC3,S5,0,4,5,1.6,6
HC4,S5,0,4,5,1.6,6
HC5,S5,1,4,5,1.6,6
HC1,S0,0,4,4,1.65,6
HC2,S0,0,4,4,1.65,6
HC3,S0,0,4,4,1.65,6
HC4,S0,36,4,4,1.65,6
HC1,S1,0,4,4,1.65,6
HC2,S1,0,4,4,1.65,6
HC3,S1,0,4,4,1.65,6
HC4,S1,18,4,4,1.65,6
HC1,S2,0,4,4,1.65,6
HC2,S2,0,4,4,1.65,6
HC3,S2,22,4,4,1.65,6
HC4,S2,14,4,4,1.65,6
HC1,S3,0,4,4,1.65,6
HC2,S3,24,4,4,1.65,6
HC3,S3,0,4,4,1.65,6
HC4,S3,1,4,4,1.65,6
HC1,S4,0,4,4,1.65,6
HC2,S4,0,4,4,1.65,6
HC3,S4,0,4,4,1.65,6
HC4,S4,30,4,4,1.65,6
HC1,S5,41,4,4,1.65,6
HC2,S5,0,4,4,1.65,6
HC3,S5,0,4,4,1.65,6
HC4,S5,1,4,4,1.65,6
HC1,S0,0,4,5,1.65,6
HC2,S0,0,4,5,1.65,6
HC3,S0,0,4,5,1.65,6
HC4,S0,0,4,5,1.65,6
HC5,S0,36,4,5,1.65,6
HC1,S1,0,4,5,1.65,6
HC2,S1,0,4,5,1.65,6
HC3,S1,0,4,5,1.65,6
HC4,S1,0,4,5,1.65,6
HC5,S1,18,4,5,1.65,6
HC1,S2,0,4,5,1.65,6
HC2,S2,0,4,5,1.65,6
HC3,S2,0,4,5,1.65,6
HC4,S2,22,4,5,1.65,6
HC5,S2,14,4,5,1.65,6
HC1,S3,0,4,5,1.65,6
HC2,S3,0,4,5,1.65,6
HC3,S3,24,4,5,1.65,6
HC4,S3,0,4,5,1.65,6
HC5,S3,1,4,5,1.65,6
HC1,S4,0,4,5,1.65,6
HC2,S4,0,4,5,1.65,6
HC3,S4,0,4,5,1.65,6
HC4,S4,0,4,5,1.65,6
HC5,S4,30,4,5,1.65,6
HC1,S5,10,4,5,1.65,6
HC2,S5,31,4,5,1.65,6
HC3,S5,0,4,5,1.65,6
HC4,S5,0,4,5,1.65,6
HC5,S5,1,4,5,1.65,6
HC1,S0,0,4,4,1.7,6
HC2,S0,0,4,4,1.7,6
HC3,S0,0,4,4,1.7,6
HC4,S0,36,4,4,1.7,6
HC1,S1,0,4,4,1.7,6
HC2,S1,0,4,4,1.7,6
HC3,S1,0,4,4,1.7,6
HC4,S1,18,4,4,1.7,6
HC1,S2,0,4,4,1.7,6
HC2,S2,0,4,4,1.7,6
HC3,S2,22,4,4,1.7,6
HC4,S2,14,4,4,1.7,6
HC1,S3,0,4,4,1.7,6
HC2,S3,24,4,4,1.7,6
HC3,S3,0,4,4,1.7,6
HC4,S3,1,4,4,1.7,6
HC1,S4,0,4,4,1.7,6
HC2,S4,0,4,4,1.7,6
HC3,S4,0,4,4,1.7,6
HC4,S4,30,4,4,1.7,6
HC1,S5,41,4,4,1.7,6
HC2,S5,0,4,4,1.7,6
HC3,S5,0,4,4,1.7,6
HC4,S5,1,4,4,1.7,6
HC1,S0,0,4,5,1.7,6
HC2,S0,0,4,5,1.7,6
HC3,S0,0,4,5,1.7,6
HC4,S0,0,4,5,1.7,6
HC5,S0,36,4,5,1.7,6
HC1,S1,0,4,5,1.7,6
HC2,S1,0,4,5,1.7,6
HC3,S1,0,4,5,1.7,6
HC4,S1,0,4,5,1.7,6
HC5,S1,18,4,5,1.7,6
HC1,S2,0,4,5,1.7,6
HC2,S2,0,4,5,1.7,6
HC3,S2,0,4,5,1.7,6
HC4,S2,22,4,5,1.7,6
HC5,S2,14,4,5,1.7,6
HC1,S3,0,4,5,1.7,6
HC2,S3,0,4,5,1.7,6
HC3,S3,24,4,5,1.7,6
HC4,S3,0,4,5,1.7,6
HC5,S3,1,4,5,1.7,6
HC1,S4,0,4,5,1.7,6
HC2,S4,0,4,5,1.7,6
HC3,S4,0,4,5,1.7,6
HC4,S4,0,4,5,1.7,6
HC5,S4,30,4,5,1.7,6
HC1,S5,10,4,5,1.7,6
HC2,S5,31,4,5,1.7,6
HC3,S5,0,4,5,1.7,6
HC4,S5,0,4,5,1.7,6
HC5,S5,1,4,5,1.7,6
HC1,S0,0,4,4,1.75,7
HC2,S0,0,4,4,1.75,7
HC3,S0,0,4,4,1.75,7
HC4,S0,31,4,4,1.75,7
HC1,S1,0,4,4,1.75,7
HC2,S1,0,4,4,1.75,7
HC3,S1,0,4,4,1.75,7
HC4,S1,15,4,4,1.75,7
HC1,S2,0,4,4,1.75,7
HC2,S2,0,4,4,1.75,7
HC3,S2,22,4,4,1.75,7
HC4,S2,13,4,4,1.75,7
HC1,S3,0,4,4,1.75,7
HC2,S3,0,4,4,1.75,7
HC3,S3,0,4,4,1.75,7
HC4,S3,16,4,4,1.75,7
HC1,S4,0,4,4,1.75,7
HC2,S4,24,4,4,1.75,7
HC3,S4,0,4,4,1.75,7
HC4,S4,1,4,4,1.75,7
HC1,S5,0,4,4,1.75,7
HC2,S5,0,4,4,1.75,7
HC3,S5,0,4,4,1.75,7
HC4,S5,23,4,4,1.75,7
HC1,S6,41,4,4,1.75,7
HC2,S6,0,4,4,1.75,7
HC3,S6,0,4,4,1.75,7
HC4,S6,1,4,4,1.75,7
HC1,S0,0,4,5,1.75,7
HC2,S0,0,4,5,1.75,7
HC3,S0,0,4,5,1.75,7
HC4,S0,0,4,5,1.75,7
HC5,S0,31,4,5,1.75,7
HC1,S1,0,4,5,1.75,7
HC2,S1,0,4,5,1.75,7
HC3,S1,0,4,5,1.75,7
HC4,S1,0,4,5,1.75,7
HC5,S1,15,4,5,1.75,7
HC1,S2,0,4,5,1.75,7
HC2,S2,0,4,5,1.75,7
HC3,S2,0,4,5,1.75,7
HC4,S2,22,4,5,1.75,7
HC5,S2,13,4,5,1.75,7
HC1,S3,0,4,5,1.75,7
HC2,S3,0,4,5,1.75,7
HC3,S3,0,4,5,1.75,7
HC4,S3,0,4,5,1.75,7
HC5,S3,16,4,5,1.75,7
HC1,S4,0,4,5,1.75,7
HC2,S4,0,4,5,1.75,7
HC3,S4,24,4,5,1.75,7
HC4,S4,0,4,5,1.75,7
HC5,S4,1,4,5,1.75,7
HC1,S5,0,4,5,1.75,7
HC2,S5,0,4,5,1.75,7
HC3,S5,0,4,5,1.75,7
HC4,S5,0,4,5,1.75,7
HC5,S5,23,4,5,1.75,7
HC1,S6,10,4,5,1.75,7
HC2,S6,31,4,5,1.75,7
HC3,S6,0,4,5,1.75,7
HC4,S6,0,4,5,1.75,7
HC5,S6,1,4,5,1.75,7
HC1,S0,0,4,4,1.8,7
HC2,S0,0,4,4,1.8,7
HC3,S0,0,4,4,1.8,7
HC4,S0,31,4,4,1.8,7
HC1,S1,0,4,4,1.8,7
HC2,S1,0,4,4,1.8,7
HC3,S1,0,4,4,1.8,7
HC4,S1,15,4,4,1.8,7
HC1,S2,0,4,4,1.8,7
HC2,S2,0,4,4,1.8,7
HC3,S2,22,4,4,1.8,7
HC4,S2,13,4,4,1.8,7
HC1,S3,0,4,4,1.8,7
HC2,S3,0,4,4,1.8,7
HC3,S3,0,4,4,1.8,7
HC4,S3,16,4,4,1.8,7
HC1,S4,0,4,4,1.8,7
HC2,S4,24,4,4,1.8,7
HC3,S4,0,4,4,1.8,7
HC4,S4,1,4,4,1.8,7
HC1,S5,1,4,4,1.8,7
HC2,S5,0,4,4,1.8,7
HC3,S5,0,4,4,1.8,7
HC4,S5,23,4,4,1.8,7
HC1,S6,40,4,4,1.8,7
HC2,S6,0,4,4,1.8,7
HC3,S6,0,4,4,1.8,7
HC4,S6,1,4,4,1.8,7
HC1,S0,0,4,5,1.8,7
HC2,S0,0,4,5,1.8,7
HC3,S0,0,4,5,1.8,7
HC4,S0,0,4,5,1.8,7
HC5,S0,31,4,5,1.8,7
HC1,S1,0,4,5,1.8,7
HC2,S1,0,4,5,1.8,7
HC3,S1,0,4,5,1.8,7
HC4,S1,0,4,5,1.8,7
HC5,S1,15,4,5,1.8,7
HC1,S2,0,4,5,1.8,7
HC2,S2,0,4,5,1.8,7
HC3,S2,0,4,5,1.8,7
HC4,S2,22,4,5,1.8,7
HC5,S2,13,4,5,1.8,7
HC1,S3,0,4,5,1.8,7
HC2,S3,0,4,5,1.8,7
HC3,S3,0,4,5,1.8,7
HC4,S3,0,4,5,1.8,7
HC5,S3,16,4,5,1.8,7
HC1,S4,0,4,5,1.8,7
HC2,S4,0,4,5,1.8,7
HC3,S4,24,4,5,1.8,7
HC4,S4,0,4,5,1.8,7
HC5,S4,1,4,5,1.8,7
HC1,S5,0,4,5,1.8,7
HC2,S5,1,4,5,1.8,7
HC3,S5,0,4,5,1.8,7
HC4,S5,0,4,5,1.8,7
HC5,S5,23,4,5,1.8,7
HC1,S6,10,4,5,1.8,7
HC2,S6,30,4,5,1.8,7
HC3,S6,0,4,5,1.8,7
HC4,S6,0,4,5,1.8,7
HC5,S6,1,4,5,1.8,7
HC1,S0,0,4,4,1.85,7
HC2,S0,0,4,4,1.85,7
HC3,S0,0,4,4,1.85,7
HC4,S0,31,4,4,1.85,7
HC1,S1,0,4,4,1.85,7
HC2,S1,0,4,4,1.85,7
HC3,S1,0,4,4,1.85,7
HC4,S1,15,4,4,1.85,7
HC1,S2,0,4,4,1.85,7
HC2,S2,0,4,4,1.85,7
HC3,S2,0,4,4,1.85,7
HC4,S2,17,4,4,1.85,7
HC1,S3,0,4,4,1.85,7
HC2,S3,0,4,4,1.85,7
HC3,S3,22,4,4,1.85,7
HC4,S3,12,4,4,1.85,7
HC1,S4,0,4,4,1.85,7
HC2,S4,24,4,4,1.85,7
HC3,S4,0,4,4,1.85,7
HC4,S4,1,4,4,1.85,7
HC1,S5,1,4,4,1.85,7
HC2,S5,0,4,4,1.85,7
HC3,S5,0,4,4,1.85,7
HC4,S5,23,4,4,1.85,7
HC1,S6,40,4,4,1.85,7
HC2,S6,0,4,4,1.85,7
HC3,S6,0,4,4,1.85,7
HC4,S6,1,4,4,1.85,7
HC1,S0,0,4,5,1.85,7
HC2,S0,0,4,5,1.85,7
HC3,S0,0,4,5,1.85,7
HC4,S0,0,4,5,1.85,7
HC5,S0,31,4,5,1.85,7
HC1,S1,0,4,5,1.85,7
HC2,S1,0,4,5,1.85,7
HC3,S1,0,4,5,1.85,7
HC4,S1,0,4,5,1.85,7
HC5,S1,15,4,5,1.85,7
HC1,S2,0,4,5,1.85,7
HC2,S2,0,4,5,1.85,7
HC3,S2,0,4,5,1.85,7
HC4,S2,0,4,5,1.85,7
HC5,S2,17,4,5,1.85,7
HC1,S3,0,4,5,1.85,7
HC2,S3,0,4,5,1.85,7
HC3,S3,0,4,5,1.85,7
HC4,S3,22,4,5,1.85,7
HC5,S3,12,4,5,1.85,7
HC1,S4,0,4,5,1.85,7
HC2,S4,0,4,5,1.85,7
HC3,S4,24,4,5,1.85,7
HC4,S4,0,4,5,1.85,7
HC5,S4,1,4,5,1.85,7
HC1,S5,0,4,5,1.85,7
HC2,S5,1,4,5,1.85,7
HC3,S5,0,4,5,1.85,7
HC4,S5,0,4,5,1.85,7
HC5,S5,23,4,5,1.85,7
HC1,S6,10,4,5,1.85,7
HC2,S6,30,4,5,1.85,7
HC3,S6,0,4,5,1.85,7
HC4,S6,0,4,5,1.85,7
HC5,S6,1,4,5,1.85,7
HC1,S0,0,4,4,1.9,7
HC2,S0,0,4,4,1.9,7
HC3,S0,0,4,4,1.9,7
HC4,S0,31,4,4,1.9,7
HC1,S1,0,4,4,1.9,7
HC2,S1,0,4,4,1.9,7
HC3,S1,0,4,4,1.9,7
HC4,S1,15,4,4,1.9,7
HC1,S2,0,4,4,1.9,7
HC2,S2,0,4,4,1.9,7
HC3,S2,0,4,4,1.9,7
HC4,S2,17,4,4,1.9,7
HC1,S3,0,4,4,1.9,7
HC2,S3,0,4,4,1.9,7
HC3,S3,22,4,4,1.9,7
HC4,S3,12,4,4,1.9,7
HC1,S4,0,4,4,1.9,7
HC2,S4,24,4,4,1.9,7
HC3,S4,0,4,4,1.9,7
HC4,S4,1,4,4,1.9,7
HC1,S5,1,4,4,1.9,7
HC2,S5,0,4,4,1.9,7
HC3,S5,0,4,4,1.9,7
HC4,S5,23,4,4,1.9,7
HC1,S6,40,4,4,1.9,7
HC2,S6,0,4,4,1.9,7
HC3,S6,0,4,4,1.9,7
HC4,S6,1,4,4,1.9,7
HC1,S0,0,4,5,1.9,7
HC2,S0,0,4,5,1.9,7
HC3,S0,0,4,5,1.9,7
HC4,S0,0,4,5,1.9,7
HC5,S0,31,4,5,1.9,7
HC1,S1,0,4,5,1.9,7
HC2,S1,0,4,5,1.9,7
HC3,S1,0,4,5,1.9,7
HC4,S1,0,4,5,1.9,7
HC5,S1,15,4,5,1.9,7
HC1,S2,0,4,5,1.9,7
HC2,S2,0,4,5,1.9,7
HC3,S2,0,4,5,1.9,7
HC4,S2,0,4,5,1.9,7
HC5,S2,17,4,5,1.9,7
HC1,S3,0,4,5,1.9,7
HC2,S3,0,4,5,1.9,7
HC3,S3,0,4,5,1.9,7
HC4,S3,22,4,5,1.9,7
HC5,S3,12,4,5,1.9,7
HC1,S4,0,4,5,1.9,7
HC2,S4,0,4,5,1.9,7
HC3,S4,24,4,5,1.9,7
HC4,S4,0,4,5,1.9,7
HC5,S4,1,4,5,1.9,7
HC1,S5,0,4,5,1.9,7
HC2,S5,1,4,5,1.9,7
HC3,S5,0,4,5,1.9,7
HC4,S5,0,4,5,1.9,7
HC5,S5,23,4,5,1.9,7
HC1,S6,10,4,5,1.9,7
HC2,S6,30,4,5,1.9,7
HC3,S6,0,4,5,1.9,7
HC4,S6,0,4,5,1.9,7
HC5,S6,1,4,5,1.9,7
HC1,S0,0,4,4,1.95,7
HC2,S0,0,4,4,1.95,7
HC3,S0,0,4,4,1.95,7
HC4,S0,31,4,4,1.95,7
HC1,S1,0,4,4,1.95,7
HC2,S1,0,4,4,1.95,7
HC3,S1,0,4,4,1.95,7
HC4,S1,15,4,4,1.95,7
HC1,S2,0,4,4,1.95,7
HC2,S2,0,4,4,1.95,7
HC3,S2,0,4,4,1.95,7
HC4,S2,17,4,4,1.95,7
HC1,S3,0,4,4,1.95,7
HC2,S3,0,4,4,1.95,7
HC3,S3,22,4,4,1.95,7
HC4,S3,12,4,4,1.95,7
HC1,S4,0,4,4,1.95,7
HC2,S4,24,4,4,1.95,7
HC3,S4,0,4,4,1.95,7
HC4,S4,1,4,4,1.95,7
HC1,S5,1,4,4,1.95,7
HC2,S5,0,4,4,1.95,7
HC3,S5,0,4,4,1.95,7
HC4,S5,23,4,4,1.95,7
HC1,S6,40,4,4,1.95,7
HC2,S6,0,4,4,1.95,7
HC3,S6,0,4,4,1.95,7
HC4,S6,1,4,4,1.95,7
HC1,S0,0,4,5,1.95,7
HC2,S0,0,4,5,1.95,7
HC3,S0,0,4,5,1.95,7
HC4,S0,0,4,5,1.95,7
HC5,S0,31,4,5,1.95,7
HC1,S1,0,4,5,1.95,7
HC2,S1,0,4,5,1.95,7
HC3,S1,0,4,5,1.95,7
HC4,S1,0,4,5,1.95,7
HC5,S1,15,4,5,1.95,7
HC1,S2,0,4,5,1.95,7
HC2,S2,0,4,5,1.95,7
HC3,S2,0,4,5,1.95,7
HC4,S2,0,4,5,1.95,7
HC5,S2,17,4,5,1.95,7
HC1,S3,0,4,5,1.95,7
HC2,S3,0,4,5,1.95,7
HC3,S3,0,4,5,1.95,7
HC4,S3,22,4,5,1.95,7
HC5,S3,12,4,5,1.95,7
HC1,S4,0,4,5,1.95,7
HC2,S4,0,4,5,1.95,7
HC3,S4,24,4,5,1.95,7
HC4,S4,0,4,5,1.95,7
HC5,S4,1,4,5,1.95,7
HC1,S5,0,4,5,1.95,7
HC2,S5,1,4,5,1.95,7
HC3,S5,0,4,5,1.95,7
HC4,S5,0,4,5,1.95,7
HC5,S5,23,4,5,1.95,7
HC1,S6,10,4,5,1.95,7
HC2,S6,30,4,5,1.95,7
HC3,S6,0,4,5,1.95,7
HC4,S6,0,4,5,1.95,7
HC5,S6,1,4,5,1.95,7
HC1,S0,0,4,4,2,7
HC2,S0,0,4,4,2,7
HC3,S0,0,4,4,2,7
HC4,S0,31,4,4,2,7
HC1,S1,0,4,4,2,7
HC2,S1,0,4,4,2,7
HC3,S1,0,4,4,2,7
HC4,S1,15,4,4,2,7
HC1,S2,0,4,4,2,7
HC2,S2,0,4,4,2,7
HC3,S2,0,4,4,2,7
HC4,S2,17,4,4,2,7
HC1,S3,0,4,4,2,7
HC2,S3,0,4,4,2,7
HC3,S3,22,4,4,2,7
HC4,S3,12,4,4,2,7
HC1,S4,0,4,4,2,7
HC2,S4,24,4,4,2,7
HC3,S4,0,4,4,2,7
HC4,S4,1,4,4,2,7
HC1,S5,1,4,4,2,7
HC2,S5,0,4,4,2,7
HC3,S5,0,4,4,2,7
HC4,S5,23,4,4,2,7
HC1,S6,40,4,4,2,7
HC2,S6,0,4,4,2,7
HC3,S6,0,4,4,2,7
HC4,S6,1,4,4,2,7
HC1,S0,0,4,5,2,7
HC2,S0,0,4,5,2,7
HC3,S0,0,4,5,2,7
HC4,S0,0,4,5,2,7
HC5,S0,31,4,5,2,7
HC1,S1,0,4,5,2,7
HC2,S1,0,4,5,2,7
HC3,S1,0,4,5,2,7
HC4,S1,0,4,5,2,7
HC5,S1,15,4,5,2,7
HC1,S2,0,4,5,2,7
HC2,S2,0,4,5,2,7
HC3,S2,0,4,5,2,7
HC4,S2,0,4,5,2,7
HC5,S2,17,4,5,2,7
HC1,S3,0,4,5,2,7
HC2,S3,0,4,5,2,7
HC3,S3,0,4,5,2,7
HC4,S3,22,4,5,2,7
HC5,S3,12,4,5,2,7
HC1,S4,0,4,5,2,7
HC2,S4,0,4,5,2,7
HC3,S4,24,4,5,2,7
HC4,S4,0,4,5,2,7
HC5,S4,1,4,5,2,7
HC1,S5,0,4,5,2,7
HC2,S5,1,4,5,2,7
HC3,S5,0,4,5,2,7
HC4,S5,0,4,5,2,7
HC5,S5,23,4,5,2,7
HC1,S6,10,4,5,2,7
HC2,S6,30,4,5,2,7
HC3,S6,0,4,5,2,7
HC4,S6,0,4,5,2,7
HC5,S6,1,4,5,2,7
HC1,S0,0,4,4,2.05,8
HC2,S0,0,4,4,2.05,8
HC3,S0,0,4,4,2.05,8
HC4,S0,31,4,4,2.05,8
HC1,S1,0,4,4,2.05,8
HC2,S1,0,4,4,2.05,8
HC3,S1,0,4,4,2.05,8
HC4,S1,15,4,4,2.05,8
HC1,S2,0,4,4,2.05,8
HC2,S2,0,4,4,2.05,8
HC3,S2,0,4,4,2.05,8
HC4,S2,2,4,4,2.05,8
HC1,S3,0,4,4,2.05,8
HC2,S3,0,4,4,2.05,8
HC3,S3,0,4,4,2.05,8
HC4,S3,16,4,4,2.05,8
HC1,S4,0,4,4,2.05,8
HC2,S4,0,4,4,2.05,8
HC3,S4,22,4,4,2.05,8
HC4,S4,11,4,4,2.05,8
HC1,S5,0,4,4,2.05,8
HC2,S5,24,4,4,2.05,8
HC3,S5,0,4,4,2.05,8
HC4,S5,1,4,4,2.05,8
HC1,S6,1,4,4,2.05,8
HC2,S6,0,4,4,2.05,8
HC3,S6,0,4,4,2.05,8
HC4,S6,23,4,4,2.05,8
HC1,S7,40,4,4,2.05,8
HC2,S7,0,4,4,2.05,8
HC3,S7,0,4,4,2.05,8
HC4,S7,1,4,4,2.05,8
HC1,S0,0,4,5,2.05,8
HC2,S0,0,4,5,2.05,8
HC3,S0,0,4,5,2.05,8
HC4,S0,0,4,5,2.05,8
HC5,S0,31,4,5,2.05,8
HC1,S1,0,4,5,2.05,8
HC2,S1,0,4,5,2.05,8
HC3,S1,0,4,5,2.05,8
HC4,S1,0,4,5,2.05,8
HC5,S1,15,4,5,2.05,8
HC1,S2,0,4,5,2.05,8
HC2,S2,0,4,5,2.05,8
HC3,S2,0,4,5,2.05,8
HC4,S2,0,4,5,2.05,8
HC5,S2,2,4,5,2.05,8
HC1,S3,0,4,5,2.05,8
HC2,S3,0,4,5,2.05,8
HC3,S3,0,4,5,2.05,8
HC4,S3,0,4,5,2.05,8
HC5,S3,16,4,5,2.05,8
HC1,S4,0,4,5,2.05,8
HC2,S4,0,4,5,2.05,8
HC3,S4,0,4,5,2.05,8
HC4,S4,22,4,5,2.05,8
HC5,S4,11,4,5,2.05,8
HC1,S5,0,4,5,2.05,8
HC2,S5,0,4,5,2.05,8
HC3,S5,24,4,5,2.05,8
HC4,S5,0,4,5,2.05,8
HC5,S5,1,4,5,2.05,8
HC1,S6,0,4,5,2.05,8
HC2,S6,1,4,5,2.05,8
HC3,S6,0,4,5,2.05,8
HC4,S6,0,4,5,2.05,8
HC5,S6,23,4,5,2.05,8
HC1,S7,10,4,5,2.05,8
HC2,S7,30,4,5,2.05,8
HC3,S7,0,4,5,2.05,8
HC4,S7,0,4,5,2.05,8
HC5,S7,1,4,5,2.05,8
HC1,S0,0,4,4,2.1,8
HC2,S0,0,4,4,2.1,8
HC3,S0,0,4,4,2.1,8
HC4,S0,31,4,4,2.1,8
HC1,S1,0,4,4,2.1,8
HC2,S1,0,4,4,2.1,8
HC3,S1,0,4,4,2.1,8
HC4,S1,15,4,4,2.1,8
HC1,S2,0,4,4,2.1,8
HC2,S2,0,4,4,2.1,8
HC3,S2,0,4,4,2.1,8
HC4,S2,3,4,4,2.1,8
HC1,S3,0,4,4,2.1,8
HC2,S3,0,4,4,2.1,8
HC3,S3,0,4,4,2.1,8
HC4,S3,16,4,4,2.1,8
HC1,S4,0,4,4,2.1,8
HC2,S4,0,4,4,2.1,8
HC3,S4,22,4,4,2.1,8
HC4,S4,10,4,4,2.1,8
HC1,S5,0,4,4,2.1,8
HC2,S5,24,4,4,2.1,8
HC3,S5,0,4,4,2.1,8
HC4,S5,1,4,4,2.1,8
HC1,S6,1,4,4,2.1,8
HC2,S6,0,4,4,2.1,8
HC3,S6,0,4,4,2.1,8
HC4,S6,23,4,4,2.1,8
HC1,S7,40,4,4,2.1,8
HC2,S7,0,4,4,2.1,8
HC3,S7,0,4,4,2.1,8
HC4,S7,1,4,4,2.1,8
HC1,S0,0,4,5,2.1,8
HC2,S0,0,4,5,2.1,8
HC3,S0,0,4,5,2.1,8
HC4,S0,0,4,5,2.1,8
HC5,S0,31,4,5,2.1,8
HC1,S1,0,4,5,2.1,8
HC2,S1,0,4,5,2.1,8
HC3,S1,0,4,5,2.1,8
HC4,S1,0,4,5,2.1,8
HC5,S1,15,4,5,2.1,8
HC1,S2,0,4,5,2.1,8
HC2,S2,0,4,5,2.1,8
HC3,S2,0,4,5,2.1,8
HC4,S2,0,4,5,2.1,8
HC5,S2,3,4,5,2.1,8
HC1,S3,0,4,5,2.1,8
HC2,S3,0,4,5,2.1,8
HC3,S3,0,4,5,2.1,8
HC4,S3,0,4,5,2.1,8
HC5,S3,16,4,5,2.1,8
HC1,S4,0,4,5,2.1,8
HC2,S4,0,4,5,2.1,8
HC3,S4,0,4,5,2.1,8
HC4,S4,22,4,5,2.1,8
HC5,S4,10,4,5,2.1,8
HC1,S5,0,4,5,2.1,8
HC2,S5,0,4,5,2.1,8
HC3,S5,24,4,5,2.1,8
HC4,S5,0,4,5,2.1,8
HC5,S5,1,4,5,2.1,8
HC1,S6,0,4,5,2.1,8
HC2,S6,1,4,5,2.1,8
HC3,S6,0,4,5,2.1,8
HC4,S6,0,4,5,2.1,8
HC5,S6,23,4,5,2.1,8
HC1,S7,10,4,5,2.1,8
HC2,S7,30,4,5,2.1,8
HC3,S7,0,4,5,2.1,8
HC4,S7,0,4,5,2.1,8
HC5,S7,1,4,5,2.1,8
HC1,S0,0,4,4,2.15,8
HC2,S0,0,4,4,2.15,8
HC3,S0,0,4,4,2.15,8
HC4,S0,31,4,4,2.15,8
HC1,S1,0,4,4,2.15,8
HC2,S1,0,4,4,2.15,8
HC3,S1,0,4,4,2.15,8
HC4,S1,15,4,4,2.15,8
HC1,S2,0,4,4,2.15,8
HC2,S2,0,4,4,2.15,8
HC3,S2,0,4,4,2.15,8
HC4,S2,16,4,4,2.15,8
HC1,S3,1,4,4,2.15,8
HC2,S3,0,4,4,2.15,8
HC3,S3,22,4,4,2.15,8
HC4,S3,10,4,4,2.15,8
HC1,S4,1,4,4,2.15,8
HC2,S4,0,4,4,2.15,8
HC3,S4,0,4,4,2.15,8
HC4,S4,4,4,4,2.15,8
HC1,S5,0,4,4,2.15,8
HC2,S5,24,4,4,2.15,8
HC3,S5,0,4,4,2.15,8
HC4,S5,0,4,4,2.15,8
HC1,S6,1,4,4,2.15,8
HC2,S6,0,4,4,2.15,8
HC3,S6,0,4,4,2.15,8
HC4,S6,22,4,4,2.15,8
HC1,S7,38,4,4,2.15,8
HC2,S7,0,4,4,2.15,8
HC3,S7,0,4,4,2.15,8
HC4,S7,2,4,4,2.15,8
HC1,S0,0,4,5,2.15,8
HC2,S0,0,4,5,2.15,8
HC3,S0,0,4,5,2.15,8
HC4,S0,0,4,5,2.15,8
HC5,S0,31,4,5,2.15,8
HC1,S1,0,4,5,2.15,8
HC2,S1,0,4,5,2.15,8
HC3,S1,0,4,5,2.15,8
HC4,S1,0,4,5,2.15,8
HC5,S1,15,4,5,2.15,8
HC1,S2,0,4,5,2.15,8
HC2,S2,0,4,5,2.15,8
HC3,S2,0,4,5,2.15,8
HC4,S2,0,4,5,2.15,8
HC5,S2,16,4,5,2.15,8
HC1,S3,0,4,5,2.15,8
HC2,S3,1,4,5,2.15,8
HC3,S3,0,4,5,2.15,8
HC4,S3,22,4,5,2.15,8
HC5,S3,10,4,5,2.15,8
HC1,S4,0,4,5,2.15,8
HC2,S4,1,4,5,2.15,8
HC3,S4,0,4,5,2.15,8
HC4,S4,0,4,5,2.15,8
HC5,S4,4,4,5,2.15,8
HC1,S5,0,4,5,2.15,8
HC2,S5,0,4,5,2.15,8
HC3,S5,24,4,5,2.15,8
HC4,S5,0,4,5,2.15,8
HC5,S5,0,4,5,2.15,8
HC1,S6,0,4,5,2.15,8
HC2,S6,1,4,5,2.15,8
HC3,S6,0,4,5,2.15,8
HC4,S6,0,4,5,2.15,8
HC5,S6,22,4,5,2.15,8
HC1,S7,10,4,5,2.15,8
HC2,S7,28,4,5,2.15,8
HC3,S7,0,4,5,2.15,8
HC4,S7,0,4,5,2.15,8
HC5,S7,2,4,5,2.15,8
HC1,S0,0,4,4,2.2,8
HC2,S0,0,4,4,2.2,8
HC3,S0,0,4,4,2.2,8
HC4,S0,31,4,4,2.2,8
HC1,S1,0,4,4,2.2,8
HC2,S1,0,4,4,2.2,8
HC3,S1,0,4,4,2.2,8
HC4,S1,15,4,4,2.2,8
HC1,S2,0,4,4,2.2,8
HC2,S2,0,4,4,2.2,8
HC3,S2,0,4,4,2.2,8
HC4,S2,16,4,4,2.2,8
HC1,S3,1,4,4,2.2,8
HC2,S3,0,4,4,2.2,8
HC3,S3,22,4,4,2.2,8
HC4,S3,10,4,4,2.2,8
HC1,S4,1,4,4,2.2,8
HC2,S4,0,4,4,2.2,8
HC3,S4,0,4,4,2.2,8
HC4,S4,4,4,4,2.2,8
HC1,S5,0,4,4,2.2,8
HC2,S5,24,4,4,2.2,8
HC3,S5,0,4,4,2.2,8
HC4,S5,0,4,4,2.2,8
HC1,S6,1,4,4,2.2,8
HC2,S6,0,4,4,2.2,8
HC3,S6,0,4,4,2.2,8
HC4,S6,22,4,4,2.2,8
HC1,S7,38,4,4,2.2,8
HC2,S7,0,4,4,2.2,8
HC3,S7,0,4,4,2.2,8
HC4,S7,2,4,4,2.2,8
HC1,S0,0,4,5,2.2,8
HC2,S0,0,4,5,2.2,8
HC3,S0,0,4,5,2.2,8
HC4,S0,0,4,5,2.2,8
HC5,S0,31,4,5,2.2,8
HC1,S1,0,4,5,2.2,8
HC2,S1,0,4,5,2.2,8
HC3,S1,0,4,5,2.2,8
HC4,S1,0,4,5,2.2,8
HC5,S1,15,4,5,2.2,8
HC1,S2,0,4,5,2.2,8
HC2,S2,0,4,5,2.2,8
HC3,S2,0,4,5,2.2,8
HC4,S2,0,4,5,2.2,8
HC5,S2,16,4,5,2.2,8
HC1,S3,0,4,5,2.2,8
HC2,S3,1,4,5,2.2,8
HC3,S3,0,4,5,2.2,8
HC4,S3,22,4,5,2.2,8
HC5,S3,10,4,5,2.2,8
HC1,S4,0,4,5,2.2,8
HC2,S4,1,4,5,2.2,8
HC3,S4,0,4,5,2.2,8
HC4,S4,0,4,5,2.2,8
HC5,S4,4,4,5,2.2,8
HC1,S5,0,4,5,2.2,8
HC2,S5,0,4,5,2.2,8
HC3,S5,24,4,5,2.2,8
HC4,S5,0,4,5,2.2,8
HC5,S5,0,4,5,2.2,8
HC1,S6,0,4,5,2.2,8
HC2,S6,1,4,5,2.2,8
HC3,S6,0,4,5,2.2,8
HC4,S6,0,4,5,2.2,8
HC5,S6,22,4,5,2.2,8
HC1,S7,10,4,5,2.2,8
HC2,S7,28,4,5,2.2,8
HC3,S7,0,4,5,2.2,8
HC4,S7,0,4,5,2.2,8
HC5,S7,2,4,5,2.2,8
HC1,S0,0,4,4,2.25,8
HC2,S0,0,4,4,2.25,8
HC3,S0,0,4,4,2.25,8
HC4,S0,30,4,4,2.25,8
HC1,S1,0,4,4,2.25,8
HC2,S1,0,4,4,2.25,8
HC3,S1,0,4,4,2.25,8
HC4,S1,16,4,4,2.25,8
HC1,S2,0,4,4,2.25,8
HC2,S2,0,4,4,2.25,8
HC3,S2,0,4,4,2.25,8
HC4,S2,16,4,4,2.25,8
HC1,S3,1,4,4,2.25,8
HC2,S3,0,4,4,2.25,8
HC3,S3,22,4,4,2.25,8
HC4,S3,10,4,4,2.25,8
HC1,S4,1,4,4,2.25,8
HC2,S4,0,4,4,2.25,8
HC3,S4,0,4,4,2.25,8
HC4,S4,4,4,4,2.25,8
HC1,S5,0,4,4,2.25,8
HC2,S5,24,4,4,2.25,8
HC3,S5,0,4,4,2.25,8
HC4,S5,0,4,4,2.25,8
HC1,S6,1,4,4,2.25,8
HC2,S6,0,4,4,2.25,8
HC3,S6,0,4,4,2.25,8
HC4,S6,22,4,4,2.25,8
HC1,S7,38,4,4,2.25,8
HC2,S7,0,4,4,2.25,8
HC3,S7,0,4,4,2.25,8
HC4,S7,2,4,4,2.25,8
HC1,S0,0,4,5,2.25,8
HC2,S0,0,4,5,2.25,8
HC3,S0,0,4,5,2.25,8
HC4,S0,0,4,5,2.25,8
HC5,S0,30,4,5,2.25,8
HC1,S1,0,4,5,2.25,8
HC2,S1,0,4,5,2.25,8
HC3,S1,0,4,5,2.25,8
HC4,S1,0,4,5,2.25,8
HC5,S1,16,4,5,2.25,8
HC1,S2,0,4,5,2.25,8
HC2,S2,0,4,5,2.25,8
HC3,S2,0,4,5,2.25,8
HC4,S2,0,4,5,2.25,8
HC5,S2,16,4,5,2.25,8
HC1,S3,0,4,5,2.25,8
HC2,S3,1,4,5,2.25,8
HC3,S3,0,4,5,2.25,8
HC4,S3,22,4,5,2.25,8
HC5,S3,10,4,5,2.25,8
HC1,S4,0,4,5,2.25,8
HC2,S4,1,4,5,2.25,8
HC3,S4,0,4,5,2.25,8
HC4,S4,0,4,5,2.25,8
HC5,S4,4,4,5,2.25,8
HC1,S5,0,4,5,2.25,8
HC2,S5,0,4,5,2.25,8
HC3,S5,24,4,5,2.25,8
HC4,S5,0,4,5,2.25,8
HC5,S5,0,4,5,2.25,8
HC1,S6,0,4,5,2.25,8
HC2,S6,1,4,5,2.25,8
HC3,S6,0,4,5,2.25,8
HC4,S6,0,4,5,2.25,8
HC5,S6,22,4,5,2.25,8
HC1,S7,10,4,5,2.25,8
HC2,S7,28,4,5,2.25,8
HC3,S7,0,4,5,2.25,8
HC4,S7,0,4,5,2.25,8
HC5,S7,2,4,5,2.25,8
HC1,S0,0,4,4,2.3,9
HC2,S0,0,4,4,2.3,9
HC3,S0,0,4,4,2.3,9
HC4,S0,29,4,4,2.3,9
HC1,S1,0,4,4,2.3,9
HC2,S1,0,4,4,2.3,9
HC3,S1,0,4,4,2.3,9
HC4,S1,16,4,4,2.3,9
HC1,S2,1,4,4,2.3,9
HC2,S2,0,4,4,2.3,9
HC3,S2,19,4,4,2.3,9
HC4,S2,0,4,4,2.3,9
HC1,S3,0,4,4,2.3,9
HC2,S3,0,4,4,2.3,9
HC3,S3,0,4,4,2.3,9
HC4,S3,15,4,4,2.3,9
HC1,S4,0,4,4,2.3,9
HC2,S4,0,4,4,2.3,9
HC3,S4,3,4,4,2.3,9
HC4,S4,16,4,4,2.3,9
HC1,S5,1,4,4,2.3,9
HC2,S5,0,4,4,2.3,9
HC3,S5,0,4,4,2.3,9
HC4,S5,2,4,4,2.3,9
HC1,S6,0,4,4,2.3,9
HC2,S6,24,4,4,2.3,9
HC3,S6,0,4,4,2.3,9
HC4,S6,0,4,4,2.3,9
HC1,S7,1,4,4,2.3,9
HC2,S7,0,4,4,2.3,9
HC3,S7,0,4,4,2.3,9
HC4,S7,21,4,4,2.3,9
HC1,S8,38,4,4,2.3,9
HC2,S8,0,4,4,2.3,9
HC3,S8,0,4,4,2.3,9
HC4,S8,1,4,4,2.3,9
HC1,S0,0,4,5,2.3,9
HC2,S0,0,4,5,2.3,9
HC3,S0,0,4,5,2.3,9
HC4,S0,0,4,5,2.3,9
HC5,S0,29,4,5,2.3,9
HC1,S1,0,4,5,2.3,9
HC2,S1,0,4,5,2.3,9
HC3,S1,0,4,5,2.3,9
HC4,S1,0,4,5,2.3,9
HC5,S1,16,4,5,2.3,9
HC1,S2,0,4,5,2.3,9
HC2,S2,1,4,5,2.3,9
HC3,S2,0,4,5,2.3,9
HC4,S2,19,4,5,2.3,9
HC5,S2,0,4,5,2.3,9
HC1,S3,0,4,5,2.3,9
HC2,S3,0,4,5,2.3,9
HC3,S3,0,4,5,2.3,9
HC4,S3,0,4,5,2.3,9
HC5,S3,15,4,5,2.3,9
HC1,S4,0,4,5,2.3,9
HC2,S4,0,4,5,2.3,9
HC3,S4,0,4,5,2.3,9
HC4,S4,3,4,5,2.3,9
HC5,S4,16,4,5,2.3,9
HC1,S5,0,4,5,2.3,9
HC2,S5,1,4,5,2.3,9
HC3,S5,0,4,5,2.3,9
HC4,S5,0,4,5,2.3,9
HC5,S5,2,4,5,2.3,9
HC1,S6,0,4,5,2.3,9
HC2,S6,0,4,5,2.3,9
HC3,S6,24,4,5,2.3,9
HC4,S6,0,4,5,2.3,9
HC5,S6,0,4,5,2.3,9
HC1,S7,0,4,5,2.3,9
HC2,S7,1,4,5,2.3,9
HC3,S7,0,4,5,2.3,9
HC4,S7,0,4,5,2.3,9
HC5,S7,21,4,5,2.3,9
HC1,S8,10,4,5,2.3,9
HC2,S8,28,4,5,2.3,9
HC3,S8,0,4,5,2.3,9
HC4,S8,0,4,5,2.3,9
HC5,S8,1,4,5,2.3,9
HC1,S0,0,4,4,2.35,9
HC2,S0,0,4,4,2.35,9
HC3,S0,0,4,4,2.35,9
HC4,S0,29,4,4,2.35,9
HC1,S1,0,4,4,2.35,9
HC2,S1,0,4,4,2.35,9
HC3,S1,0,4,4,2.35,9
HC4,S1,16,4,4,2.35,9
HC1,S2,1,4,4,2.35,9
HC2,S2,0,4,4,2.35,9
HC3,S2,19,4,4,2.35,9
HC4,S2,0,4,4,2.35,9
HC1,S3,0,4,4,2.35,9
HC2,S3,0,4,4,2.35,9
HC3,S3,0,4,4,2.35,9
HC4,S3,15,4,4,2.35,9
HC1,S4,0,4,4,2.35,9
HC2,S4,0,4,4,2.35,9
HC3,S4,3,4,4,2.35,9
HC4,S4,16,4,4,2.35,9
HC1,S5,1,4,4,2.35,9
HC2,S5,0,4,4,2.35,9
HC3,S5,0,4,4,2.35,9
HC4,S5,2,4,4,2.35,9
HC1,S6,0,4,4,2.35,9
HC2,S6,24,4,4,2.35,9
HC3,S6,0,4,4,2.35,9
HC4,S6,0,4,4,2.35,9
HC1,S7,1,4,4,2.35,9
HC2,S7,0,4,4,2.35,9
HC3,S7,0,4,4,2.35,9
HC4,S7,21,4,4,2.35,9
HC1,S8,38,4,4,2.35,9
HC2,S8,0,4,4,2.35,9
HC3,S8,0,4,4,2.35,9
HC4,S8,1,4,4,2.35,9
HC1,S0,0,4,5,2.35,9
HC2,S0,0,4,5,2.35,9
HC3,S0,0,4,5,2.35,9
HC4,S0,0,4,5,2.35,9
HC5,S0,29,4,5,2.35,9
HC1,S1,0,4,5,2.35,9
HC2,S1,0,4,5,2.35,9
HC3,S1,0,4,5,2.35,9
HC4,S1,0,4,5,2.35,9
HC5,S1,16,4,5,2.35,9
HC1,S2,0,4,5,2.35,9
HC2,S2,1,4,5,2.35,9
HC3,S2,0,4,5,2.35,9
HC4,S2,19,4,5,2.35,9
HC5,S2,0,4,5,2.35,9
HC1,S3,0,4,5,2.35,9
HC2,S3,0,4,5,2.35,9
HC3,S3,0,4,5,2.35,9
HC4,S3,0,4,5,2.35,9
HC5,S3,15,4,5,2.35,9
HC1,S4,0,4,5,2.35,9
HC2,S4,0,4,5,2.35,9
HC3,S4,0,4,5,2.35,9
HC4,S4,3,4,5,2.35,9
HC5,S4,16,4,5,2.35,9
HC1,S5,0,4,5,2.35,9
HC2,S5,1,4,5,2.35,9
HC3,S5,0,4,5,2.35,9
HC4,S5,0,4,5,2.35,9
HC5,S5,2,4,5,2.35,9
HC1,S6,0,4,5,2.35,9
HC2,S6,0,4,5,2.35,9
HC3,S6,24,4,5,2.35,9
HC4,S6,0,4,5,2.35,9
HC5,S6,0,4,5,2.35,9
HC1,S7,0,4,5,2.35,9
HC2,S7,1,4,5,2.35,9
HC3,S7,0,4,5,2.35,9
HC4,S7,0,4,5,2.35,9
HC5,S7,21,4,5,2.35,9
HC1,S8,10,4,5,2.35,9
HC2,S8,28,4,5,2.35,9
HC3,S8,0,4,5,2.35,9
HC4,S8,0,4,5,2.35,9
HC5,S8,1,4,5,2.35,9
HC1,S0,0,4,4,2.4,9
HC2,S0,0,4,4,2.4,9
HC3,S0,0,4,4,2.4,9
HC4,S0,29,4,4,2.4,9
HC1,S1,0,4,4,2.4,9
HC2,S1,0,4,4,2.4,9
HC3,S1,0,4,4,2.4,9
HC4,S1,16,4,4,2.4,9
HC1,S2,1,4,4,2.4,9
HC2,S2,0,4,4,2.4,9
HC3,S2,19,4,4,2.4,9
HC4,S2,0,4,4,2.4,9
HC1,S3,0,4,4,2.4,9
HC2,S3,0,4,4,2.4,9
HC3,S3,0,4,4,2.4,9
HC4,S3,15,4,4,2.4,9
HC1,S4,1,4,4,2.4,9
HC2,S4,0,4,4,2.4,9
HC3,S4,0,4,4,2.4,9
HC4,S4,3,4,4,2.4,9
HC1,S5,0,4,4,2.4,9
HC2,S5,0,4,4,2.4,9
HC3,S5,3,4,4,2.4,9
HC4,S5,15,4,4,2.4,9
HC1,S6,0,4,4,2.4,9
HC2,S6,24,4,4,2.4,9
HC3,S6,0,4,4,2.4,9
HC4,S6,0,4,4,2.4,9
HC1,S7,1,4,4,2.4,9
HC2,S7,0,4,4,2.4,9
HC3,S7,0,4,4,2.4,9
HC4,S7,21,4,4,2.4,9
HC1,S8,38,4,4,2.4,9
HC2,S8,0,4,4,2.4,9
HC3,S8,0,4,4,2.4,9
HC4,S8,1,4,4,2.4,9
HC1,S0,0,4,5,2.4,9
HC2,S0,0,4,5,2.4,9
HC3,S0,0,4,5,2.4,9
HC4,S0,0,4,5,2.4,9
HC5,S0,29,4,5,2.4,9
HC1,S1,0,4,5,2.4,9
HC2,S1,0,4,5,2.4,9
HC3,S1,0,4,5,2.4,9
HC4,S1,0,4,5,2.4,9
HC5,S1,16,4,5,2.4,9
HC1,S2,0,4,5,2.4,9
HC2,S2,1,4,5,2.4,9
HC3,S2,0,4,5,2.4,9
HC4,S2,19,4,5,2.4,9
HC5,S2,0,4,5,2.4,9
HC1,S3,0,4,5,2.4,9
HC2,S3,0,4,5,2.4,9
HC3,S3,0,4,5,2.4,9
HC4,S3,0,4,5,2.4,9
HC5,S3,15,4,5,2.4,9
HC1,S4,0,4,5,2.4,9
HC2,S4,1,4,5,2.4,9
HC3,S4,0,4,5,2.4,9
HC4,S4,0,4,5,2.4,9
HC5,S4,3,4,5,2.4,9
HC1,S5,0,4,5,2.4,9
HC2,S5,0,4,5,2.4,9
HC3,S5,0,4,5,2.4,9
HC4,S5,3,4,5,2.4,9
HC5,S5,15,4,5,2.4,9
HC1,S6,0,4,5,2.4,9
HC2,S6,0,4,5,2.4,9
HC3,S6,24,4,5,2.4,9
HC4,S6,0,4,5,2.4,9
HC5,S6,0,4,5,2.4,9
HC1,S7,0,4,5,2.4,9
HC2,S7,1,4,5,2.4,9
HC3,S7,0,4,5,2.4,9
HC4,S7,0,4,5,2.4,9
HC5,S7,21,4,5,2.4,9
HC1,S8,10,4,5,2.4,9
HC2,S8,28,4,5,2.4,9
HC3,S8,0,4,5,2.4,9
HC4,S8,0,4,5,2.4,9
HC5,S8,1,4,5,2.4,9
HC1,S0,0,4,4,2.45,10
HC2,S0,0,4,4,2.45,10
HC3,S0,0,4,4,2.45,10
HC4,S0,29,4,4,2.45,10
HC1,S1,0,4,4,2.45,10
HC2,S1,0,4,4,2.45,10
HC3,S1,0,4,4,2.45,10
HC4,S1,16,4,4,2.45,10
HC1,S2,1,4,4,2.45,10
HC2,S2,0,4,4,2.45,10
HC3,S2,19,4,4,2.45,10
HC4,S2,0,4,4,2.45,10
HC1,S3,0,4,4,2.45,10
HC2,S3,0,4,4,2.45,10
HC3,S3,0,4,4,2.45,10
HC4,S3,15,4,4,2.45,10
HC1,S4,0,4,4,2.45,10
HC2,S4,0,4,4,2.45,10
HC3,S4,3,4,4,2.45,10
HC4,S4,14,4,4,2.45,10
HC1,S5,1,4,4,2.45,10
HC2,S5,0,4,4,2.45,10
HC3,S5,0,4,4,2.45,10
HC4,S5,2,4,4,2.45,10
HC1,S6,0,4,4,2.45,10
HC2,S6,24,4,4,2.45,10
HC3,S6,0,4,4,2.45,10
HC4,S6,0,4,4,2.45,10
HC1,S7,1,4,4,2.45,10
HC2,S7,0,4,4,2.45,10
HC3,S7,0,4,4,2.45,10
HC4,S7,22,4,4,2.45,10
HC1,S8,3,4,4,2.45,10
HC2,S8,0,4,4,2.45,10
HC3,S8,0,4,4,2.45,10
HC4,S8,1,4,4,2.45,10
HC1,S9,35,4,4,2.45,10
HC2,S9,0,4,4,2.45,10
HC3,S9,0,4,4,2.45,10
HC4,S9,1,4,4,2.45,10
HC1,S0,0,4,5,2.45,10
HC2,S0,0,4,5,2.45,10
HC3,S0,0,4,5,2.45,10
HC4,S0,0,4,5,2.45,10
HC5,S0,29,4,5,2.45,10
HC1,S1,0,4,5,2.45,10
HC2,S1,0,4,5,2.45,10
HC3,S1,0,4,5,2.45,10
HC4,S1,0,4,5,2.45,10
HC5,S1,16,4,5,2.45,10
HC1,S2,0,4,5,2.45,10
HC2,S2,1,4,5,2.45,10
HC3,S2,0,4,5,2.45,10
HC4,S2,19,4,5,2.45,10
HC5,S2,0,4,5,2.45,10
HC1,S3,0,4,5,2.45,10
HC2,S3,0,4,5,2.45,10
HC3,S3,0,4,5,2.45,10
HC4,S3,0,4,5,2.45,10
HC5,S3,15,4,5,2.45,10
HC1,S4,0,4,5,2.45,10
HC2,S4,0,4,5,2.45,10
HC3,S4,0,4,5,2.45,10
HC4,S4,3,4,5,2.45,10
HC5,S4,14,4,5,2.45,10
HC1,S5,0,4,5,2.45,10
HC2,S5,1,4,5,2.45,10
HC3,S5,0,4,5,2.45,10
HC4,S5,0,4,5,2.45,10
HC5,S5,2,4,5,2.45,10
HC1,S6,0,4,5,2.45,10
HC2,S6,0,4,5,2.45,10
HC3,S6,24,4,5,2.45,10
HC4,S6,0,4,5,2.45,10
HC5,S6,0,4,5,2.45,10
HC1,S7,0,4,5,2.45,10
HC2,S7,1,4,5,2.45,10
HC3,S7,0,4,5,2.45,10
HC4,S7,0,4,5,2.45,10
HC5,S7,22,4,5,2.45,10
HC1,S8,3,4,5,2.45,10
HC2,S8,0,4,5,2.45,10
HC3,S8,0,4,5,2.45,10
HC4,S8,0,4,5,2.45,10
HC5,S8,1,4,5,2.45,10
HC1,S9,7,4,5,2.45,10
HC2,S9,28,4,5,2.45,10
HC3,S9,0,4,5,2.45,10
HC4,S9,0,4,5,2.45,10
HC5,S9,1,4,5,2.45,10
HC1,S0,0,4,4,2.5,10
HC2,S0,0,4,4,2.5,10
HC3,S0,0,4,4,2.5,10
HC4,S0,29,4,4,2.5,10
HC1,S1,0,4,4,2.5,10
HC2,S1,0,4,4,2.5,10
HC3,S1,0,4,4,2.5,10
HC4,S1,16,4,4,2.5,10
HC1,S2,1,4,4,2.5,10
HC2,S2,0,4,4,2.5,10
HC3,S2,19,4,4,2.5,10
HC4,S2,0,4,4,2.5,10
HC1,S3,0,4,4,2.5,10
HC2,S3,0,4,4,2.5,10
HC3,S3,0,4,4,2.5,10
HC4,S3,15,4,4,2.5,10
HC1,S4,0,4,4,2.5,10
HC2,S4,0,4,4,2.5,10
HC3,S4,0,4,4,2.5,10
HC4,S4,3,4,4,2.5,10
HC1,S5,0,4,4,2.5,10
HC2,S5,0,4,4,2.5,10
HC3,S5,3,4,4,2.5,10
HC4,S5,15,4,4,2.5,10
HC1,S6,0,4,4,2.5,10
HC2,S6,24,4,4,2.5,10
HC3,S6,0,4,4,2.5,10
HC4,S6,0,4,4,2.5,10
HC1,S7,0,4,4,2.5,10
HC2,S7,0,4,4,2.5,10
HC3,S7,0,4,4,2.5,10
HC4,S7,20,4,4,2.5,10
HC1,S8,20,4,4,2.5,10
HC2,S8,0,4,4,2.5,10
HC3,S8,0,4,4,2.5,10
HC4,S8,2,4,4,2.5,10
HC1,S9,20,4,4,2.5,10
HC2,S9,0,4,4,2.5,10
HC3,S9,0,4,4,2.5,10
HC4,S9,0,4,4,2.5,10
HC1,S0,0,4,5,2.5,10
HC2,S0,0,4,5,2.5,10
HC3,S0,0,4,5,2.5,10
HC4,S0,0,4,5,2.5,10
HC5,S0,29,4,5,2.5,10
HC1,S1,0,4,5,2.5,10
HC2,S1,0,4,5,2.5,10
HC3,S1,0,4,5,2.5,10
HC4,S1,0,4,5,2.5,10
HC5,S1,16,4,5,2.5,10
HC1,S2,0,4,5,2.5,10
HC2,S2,1,4,5,2.5,10
HC3,S2,0,4,5,2.5,10
HC4,S2,19,4,5,2.5,10
HC5,S2,0,4,5,2.5,10
HC1,S3,0,4,5,2.5,10
HC2,S3,0,4,5,2.5,10
HC3,S3,0,4,5,2.5,10
HC4,S3,0,4,5,2.5,10
HC5,S3,15,4,5,2.5,10
HC1,S4,0,4,5,2.5,10
HC2,S4,0,4,5,2.5,10
HC3,S4,0,4,5,2.5,10
HC4,S4,0,4,5,2.5,10
HC5,S4,3,4,5,2.5,10
HC1,S5,0,4,5,2.5,10
HC2,S5,0,4,5,2.5,10
HC3,S5,0,4,5,2.5,10
HC4,S5,3,4,5,2.5,10
HC5,S5,15,4,5,2.5,10
HC1,S6,0,4,5,2.5,10
HC2,S6,0,4,5,2.5,10
HC3,S6,24,4,5,2.5,10
HC4,S6,0,4,5,2.5,10
HC5,S6,0,4,5,2.5,10
HC1,S7,0,4,5,2.5,10
HC2,S7,0,4,5,2.5,10
HC3,S7,0,4,5,2.5,10
HC4,S7,0,4,5,2.5,10
HC5,S7,20,4,5,2.5,10
HC1,S8,0,4,5,2.5,10
HC2,S8,20,4,5,2.5,10
HC3,S8,0,4,5,2.5,10
HC4,S8,0,4,5,2.5,10
HC5,S8,2,4,5,2.5,10
HC1,S9,10,4,5,2.5,10
HC2,S9,10,4,5,2.5,10
HC3,S9,0,4,5,2.5,10
HC4,S9,0,4,5,2.5,10
HC5,S9,0,4,5,2.5,10
HC1,S0,0,4,4,2.55,10
HC2,S0,0,4,4,2.55,10
HC3,S0,0,4,4,2.55,10
HC4,S0,26,4,4,2.55,10
HC1,S1,0,4,4,2.55,10
HC2,S1,0,4,4,2.55,10
HC3,S1,0,4,4,2.55,10
HC4,S1,7,4,4,2.55,10
HC1,S2,0,4,4,2.55,10
HC2,S2,0,4,4,2.55,10
HC3,S2,0,4,4,2.55,10
HC4,S2,16,4,4,2.55,10
HC1,S3,1,4,4,2.55,10
HC2,S3,0,4,4,2.55,10
HC3,S3,20,4,4,2.55,10
HC4,S3,1,4,4,2.55,10
HC1,S4,0,4,4,2.55,10
HC2,S4,0,4,4,2.55,10
HC3,S4,0,4,4,2.55,10
HC4,S4,14,4,4,2.55,10
HC1,S5,0,4,4,2.55,10
HC2,S5,0,4,4,2.55,10
HC3,S5,2,4,4,2.55,10
HC4,S5,14,4,4,2.55,10
HC1,S6,0,4,4,2.55,10
HC2,S6,24,4,4,2.55,10
HC3,S6,0,4,4,2.55,10
HC4,S6,0,4,4,2.55,10
HC1,S7,0,4,4,2.55,10
HC2,S7,0,4,4,2.55,10
HC3,S7,0,4,4,2.55,10
HC4,S7,20,4,4,2.55,10
HC1,S8,20,4,4,2.55,10
HC2,S8,0,4,4,2.55,10
HC3,S8,0,4,4,2.55,10
HC4,S8,2,4,4,2.55,10
HC1,S9,20,4,4,2.55,10
HC2,S9,0,4,4,2.55,10
HC3,S9,0,4,4,2.55,10
HC4,S9,0,4,4,2.55,10
HC1,S0,0,4,5,2.55,10
HC2,S0,0,4,5,2.55,10
HC3,S0,0,4,5,2.55,10
HC4,S0,0,4,5,2.55,10
HC5,S0,26,4,5,2.55,10
HC1,S1,0,4,5,2.55,10
HC2,S1,0,4,5,2.55,10
HC3,S1,0,4,5,2.55,10
HC4,S1,0,4,5,2.55,10
HC5,S1,7,4,5,2.55,10
HC1,S2,0,4,5,2.55,10
HC2,S2,0,4,5,2.55,10
HC3,S2,0,4,5,2.55,10
HC4,S2,0,4,5,2.55,10
HC5,S2,16,4,5,2.55,10
HC1,S3,0,4,5,2.55,10
HC2,S3,1,4,5,2.55,10
HC3,S3,0,4,5,2.55,10
HC4,S3,20,4,5,2.55,10
HC5,S3,1,4,5,2.55,10
HC1,S4,0,4,5,2.55,10
HC2,S4,0,4,5,2.55,10
HC3,S4,0,4,5,2.55,10
HC4,S4,0,4,5,2.55,10
HC5,S4,14,4,5,2.55,10
HC1,S5,0,4,5,2.55,10
HC2,S5,0,4,5,2.55,10
HC3,S5,0,4,5,2.55,10
HC4,S5,2,4,5,2.55,10
HC5,S5,14,4,5,2.55,10
HC1,S6,0,4,5,2.55,10
HC2,S6,0,4,5,2.55,10
HC3,S6,24,4,5,2.55,10
HC4,S6,0,4,5,2.55,10
HC5,S6,0,4,5,2.55,10
HC1,S7,0,4,5,2.55,10
HC2,S7,0,4,5,2.55,10
HC3,S7,0,4,5,2.55,10
HC4,S7,0,4,5,2.55,10
HC5,S7,20,4,5,2.55,10
HC1,S8,0,4,5,2.55,10
HC2,S8,20,4,5,2.55,10
HC3,S8,0,4,5,2.55,10
HC4,S8,0,4,5,2.55,10
HC5,S8,2,4,5,2.55,10
HC1,S9,10,4,5,2.55,10
HC2,S9,10,4,5,2.55,10
HC3,S9,0,4,5,2.55,10
HC4,S9,0,4,5,2.55,10
HC5,S9,0,4,5,2.55,10
HC1,S0,0,4,4,2.6,11
HC2,S0,0,4,4,2.6,11
HC3,S0,0,4,4,2.6,11
HC4,S0,24,4,4,2.6,11
HC1,S1,0,4,4,2.6,11
HC2,S1,0,4,4,2.6,11
HC3,S1,0,4,4,2.6,11
HC4,S1,7,4,4,2.6,11
HC1,S2,0,4,4,2.6,11
HC2,S2,0,4,4,2.6,11
HC3,S2,0,4,4,2.6,11
HC4,S2,14,4,4,2.6,11
HC1,S3,0,4,4,2.6,11
HC2,S3,0,4,4,2.6,11
HC3,S3,0,4,4,2.6,11
HC4,S3,4,4,4,2.6,11
HC1,S4,1,4,4,2.6,11
HC2,S4,0,4,4,2.6,11
HC3,S4,20,4,4,2.6,11
HC4,S4,1,4,4,2.6,11
HC1,S5,0,4,4,2.6,11
HC2,S5,0,4,4,2.6,11
HC3,S5,0,4,4,2.6,11
HC4,S5,14,4,4,2.6,11
HC1,S6,0,4,4,2.6,11
HC2,S6,0,4,4,2.6,11
HC3,S6,2,4,4,2.6,11
HC4,S6,14,4,4,2.6,11
HC1,S7,0,4,4,2.6,11
HC2,S7,24,4,4,2.6,11
HC3,S7,0,4,4,2.6,11
HC4,S7,0,4,4,2.6,11
HC1,S8,0,4,4,2.6,11
HC2,S8,0,4,4,2.6,11
HC3,S8,0,4,4,2.6,11
HC4,S8,20,4,4,2.6,11
HC1,S9,20,4,4,2.6,11
HC2,S9,0,4,4,2.6,11
HC3,S9,0,4,4,2.6,11
HC4,S9,2,4,4,2.6,11
HC1,S10,20,4,4,2.6,11
HC2,S10,0,4,4,2.6,11
HC3,S10,0,4,4,2.6,11
HC4,S10,0,4,4,2.6,11
HC1,S0,0,4,5,2.6,11
HC2,S0,0,4,5,2.6,11
HC3,S0,0,4,5,2.6,11
HC4,S0,0,4,5,2.6,11
HC5,S0,24,4,5,2.6,11
HC1,S1,0,4,5,2.6,11
HC2,S1,0,4,5,2.6,11
HC3,S1,0,4,5,2.6,11
HC4,S1,0,4,5,2.6,11
HC5,S1,7,4,5,2.6,11
HC1,S2,0,4,5,2.6,11
HC2,S2,0,4,5,2.6,11
HC3,S2,0,4,5,2.6,11
HC4,S2,0,4,5,2.6,11
HC5,S2,14,4,5,2.6,11
HC1,S3,0,4,5,2.6,11
HC2,S3,0,4,5,2.6,11
HC3,S3,0,4,5,2.6,11
HC4,S3,0,4,5,2.6,11
HC5,S3,4,4,5,2.6,11
HC1,S4,0,4,5,2.6,11
HC2,S4,1,4,5,2.6,11
HC3,S4,0,4,5,2.6,11
HC4,S4,20,4,5,2.6,11
HC5,S4,1,4,5,2.6,11
HC1,S5,0,4,5,2.6,11
HC2,S5,0,4,5,2.6,11
HC3,S5,0,4,5,2.6,11
HC4,S5,0,4,5,2.6,11
HC5,S5,14,4,5,2.6,11
HC1,S6,0,4,5,2.6,11
HC2,S6,0,4,5,2.6,11
HC3,S6,0,4,5,2.6,11
HC4,S6,2,4,5,2.6,11
HC5,S6,14,4,5,2.6,11
HC1,S7,0,4,5,2.6,11
HC2,S7,0,4,5,2.6,11
HC3,S7,24,4,5,2.6,11
HC4,S7,0,4,5,2.6,11
HC5,S7,0,4,5,2.6,11
HC1,S8,0,4,5,2.6,11
HC2,S8,0,4,5,2.6,11
HC3,S8,0,4,5,2.6,11
HC4,S8,0,4,5,2.6,11
HC5,S8,20,4,5,2.6,11
HC1,S9,0,4,5,2.6,11
HC2,S9,20,4,5,2.6,11
HC3,S9,0,4,5,2.6,11
HC4,S9,0,4,5,2.6,11
HC5,S9,2,4,5,2.6,11
HC1,S10,10,4,5,2.6,11
HC2,S10,10,4,5,2.6,11
HC3,S10,0,4,5,2.6,11
HC4,S10,0,4,5,2.6,11
HC5,S10,0,4,5,2.6,11
HC1,S0,0,4,4,2.65,11
HC2,S0,0,4,4,2.65,11
HC3,S0,0,4,4,2.65,11
HC4,S0,24,4,4,2.65,11
HC1,S1,0,4,4,2.65,11
HC2,S1,0,4,4,2.65,11
HC3,S1,0,4,4,2.65,11
HC4,S1,7,4,4,2.65,11
HC1,S2,1,4,4,2.65,11
HC2,S2,0,4,4,2.65,11
HC3,S2,19,4,4,2.65,11
HC4,S2,1,4,4,2.65,11
HC1,S3,0,4,4,2.65,11
HC2,S3,0,4,4,2.65,11
HC3,S3,0,4,4,2.65,11
HC4,S3,14,4,4,2.65,11
HC1,S4,0,4,4,2.65,11
HC2,S4,0,4,4,2.65,11
HC3,S4,0,4,4,2.65,11
HC4,S4,4,4,4,2.65,11
HC1,S5,0,4,4,2.65,11
HC2,S5,0,4,4,2.65,11
HC3,S5,0,4,4,2.65,11
HC4,S5,14,4,4,2.65,11
HC1,S6,0,4,4,2.65,11
HC2,S6,0,4,4,2.65,11
HC3,S6,3,4,4,2.65,11
HC4,S6,14,4,4,2.65,11
HC1,S7,0,4,4,2.65,11
HC2,S7,24,4,4,2.65,11
HC3,S7,0,4,4,2.65,11
HC4,S7,0,4,4,2.65,11
HC1,S8,0,4,4,2.65,11
HC2,S8,0,4,4,2.65,11
HC3,S8,0,4,4,2.65,11
HC4,S8,20,4,4,2.65,11
HC1,S9,20,4,4,2.65,11
HC2,S9,0,4,4,2.65,11
HC3,S9,0,4,4,2.65,11
HC4,S9,2,4,4,2.65,11
HC1,S10,20,4,4,2.65,11
HC2,S10,0,4,4,2.65,11
HC3,S10,0,4,4,2.65,11
HC4,S10,0,4,4,2.65,11
HC1,S0,0,4,5,2.65,11
HC2,S0,0,4,5,2.65,11
HC3,S0,0,4,5,2.65,11
HC4,S0,0,4,5,2.65,11
HC5,S0,24,4,5,2.65,11
HC1,S1,0,4,5,2.65,11
HC2,S1,0,4,5,2.65,11
HC3,S1,0,4,5,2.65,11
HC4,S1,0,4,5,2.65,11
HC5,S1,7,4,5,2.65,11
HC1,S2,0,4,5,2.65,11
HC2,S2,1,4,5,2.65,11
HC3,S2,0,4,5,2.65,11
HC4,S2,19,4,5,2.65,11
HC5,S2,1,4,5,2.65,11
HC1,S3,0,4,5,2.65,11
HC2,S3,0,4,5,2.65,11
HC3,S3,0,4,5,2.65,11
HC4,S3,0,4,5,2.65,11
HC5,S3,14,4,5,2.65,11
HC1,S4,0,4,5,2.65,11
HC2,S4,0,4,5,2.65,11
HC3,S4,0,4,5,2.65,11
HC4,S4,0,4,5,2.65,11
HC5,S4,4,4,5,2.65,11
HC1,S5,0,4,5,2.65,11
HC2,S5,0,4,5,2.65,11
HC3,S5,0,4,5,2.65,11
HC4,S5,0,4,5,2.65,11
HC5,S5,14,4,5,2.65,11
HC1,S6,0,4,5,2.65,11
HC2,S6,0,4,5,2.65,11
HC3,S6,0,4,5,2.65,11
HC4,S6,3,4,5,2.65,11
HC5,S6,14,4,5,2.65,11
HC1,S7,0,4,5,2.65,11
HC2,S7,0,4,5,2.65,11
HC3,S7,24,4,5,2.65,11
HC4,S7,0,4,5,2.65,11
HC5,S7,0,4,5,2.65,11
HC1,S8,0,4,5,2.65,11
HC2,S8,0,4,5,2.65,11
HC3,S8,0,4,5,2.65,11
HC4,S8,0,4,5,2.65,11
HC5,S8,20,4,5,2.65,11
HC1,S9,0,4,5,2.65,11
HC2,S9,20,4,5,2.65,11
HC3,S9,0,4,5,2.65,11
HC4,S9,0,4,5,2.65,11
HC5,S9,2,4,5,2.65,11
HC1,S10,10,4,5,2.65,11
HC2,S10,10,4,5,2.65,11
HC3,S10,0,4,5,2.65,11
HC4,S10,0,4,5,2.65,11
HC5,S10,0,4,5,2.65,11
HC1,S0,0,4,4,2.7,12
HC2,S0,0,4,4,2.7,12
HC3,S0,0,4,4,2.7,12
HC4,S0,23,4,4,2.7,12
HC1,S1,0,4,4,2.7,12
HC2,S1,0,4,4,2.7,12
HC3,S1,0,4,4,2.7,12
HC4,S1,7,4,4,2.7,12
HC1,S2,0,4,4,2.7,12
HC2,S2,0,4,4,2.7,12
HC3,S2,0,4,4,2.7,12
HC4,S2,14,4,4,2.7,12
HC1,S3,0,4,4,2.7,12
HC2,S3,0,4,4,2.7,12
HC3,S3,0,4,4,2.7,12
HC4,S3,4,4,4,2.7,12
HC1,S4,1,4,4,2.7,12
HC2,S4,0,4,4,2.7,12
HC3,S4,19,4,4,2.7,12
HC4,S4,0,4,4,2.7,12
HC1,S5,0,4,4,2.7,12
HC2,S5,0,4,4,2.7,12
HC3,S5,0,4,4,2.7,12
HC4,S5,3,4,4,2.7,12
HC1,S6,0,4,4,2.7,12
HC2,S6,0,4,4,2.7,12
HC3,S6,0,4,4,2.7,12
HC4,S6,13,4,4,2.7,12
HC1,S7,0,4,4,2.7,12
HC2,S7,0,4,4,2.7,12
HC3,S7,3,4,4,2.7,12
HC4,S7,14,4,4,2.7,12
HC1,S8,0,4,4,2.7,12
HC2,S8,24,4,4,2.7,12
HC3,S8,0,4,4,2.7,12
HC4,S8,0,4,4,2.7,12
HC1,S9,0,4,4,2.7,12
HC2,S9,0,4,4,2.7,12
HC3,S9,0,4,4,2.7,12
HC4,S9,20,4,4,2.7,12
HC1,S10,20,4,4,2.7,12
HC2,S10,0,4,4,2.7,12
HC3,S10,0,4,4,2.7,12
HC4,S10,2,4,4,2.7,12
HC1,S11,20,4,4,2.7,12
HC2,S11,0,4,4,2.7,12
HC3,S11,0,4,4,2.7,12
HC4,S11,0,4,4,2.7,12
HC1,S0,0,4,5,2.7,12
HC2,S0,0,4,5,2.7,12
HC3,S0,0,4,5,2.7,12
HC4,S0,0,4,5,2.7,12
HC5,S0,23,4,5,2.7,12
HC1,S1,0,4,5,2.7,12
HC2,S1,0,4,5,2.7,12
HC3,S1,0,4,5,2.7,12
HC4,S1,0,4,5,2.7,12
HC5,S1,7,4,5,2.7,12
HC1,S2,0,4,5,2.7,12
HC2,S2,0,4,5,2.7,12
HC3,S2,0,4,5,2.7,12
HC4,S2,0,4,5,2.7,12
HC5,S2,14,4,5,2.7,12
HC1,S3,0,4,5,2.7,12
HC2,S3,0,4,5,2.7,12
HC3,S3,0,4,5,2.7,12
HC4,S3,0,4,5,2.7,12
HC5,S3,4,4,5,2.7,12
HC1,S4,0,4,5,2.7,12
HC2,S4,1,4,5,2.7,12
HC3,S4,0,4,5,2.7,12
HC4,S4,19,4,5,2.7,12
HC5,S4,0,4,5,2.7,12
HC1,S5,0,4,5,2.7,12
HC2,S5,0,4,5,2.7,12
HC3,S5,0,4,5,2.7,12
HC4,S5,0,4,5,2.7,12
HC5,S5,3,4,5,2.7,12
HC1,S6,0,4,5,2.7,12
HC2,S6,0,4,5,2.7,12
HC3,S6,0,4,5,2.7,12
HC4,S6,0,4,5,2.7,12
HC5,S6,13,4,5,2.7,12
HC1,S7,0,4,5,2.7,12
HC2,S7,0,4,5,2.7,12
HC3,S7,0,4,5,2.7,12
HC4,S7,3,4,5,2.7,12
HC5,S7,14,4,5,2.7,12
HC1,S8,0,4,5,2.7,12
HC2,S8,0,4,5,2.7,12
HC3,S8,24,4,5,2.7,12
HC4,S8,0,4,5,2.7,12
HC5,S8,0,4,5,2.7,12
HC1,S9,0,4,5,2.7,12
HC2,S9,0,4,5,2.7,12
HC3,S9,0,4,5,2.7,12
HC4,S9,0,4,5,2.7,12
HC5,S9,20,4,5,2.7,12
HC1,S10,0,4,5,2.7,12
HC2,S10,20,4,5,2.7,12
HC3,S10,0,4,5,2.7,12
HC4,S10,0,4,5,2.7,12
HC5,S10,2,4,5,2.7,12
HC1,S11,10,4,5,2.7,12
HC2,S11,10,4,5,2.7,12
HC3,S11,0,4,5,2.7,12
HC4,S11,0,4,5,2.7,12
HC5,S11,0,4,5,2.7,12
HC1,S0,0,4,4,2.75,13
HC2,S0,0,4,4,2.75,13
HC3,S0,0,4,4,2.75,13
HC4,S0,23,4,4,2.75,13
HC1,S1,0,4,4,2.75,13
HC2,S1,0,4,4,2.75,13
HC3,S1,0,4,4,2.75,13
HC4,S1,7,4,4,2.75,13
HC1,S2,0,4,4,2.75,13
HC2,S2,0,4,4,2.75,13
HC3,S2,0,4,4,2.75,13
HC4,S2,14,4,4,2.75,13
HC1,S3,0,4,4,2.75,13
HC2,S3,0,4,4,2.75,13
HC3,S3,0,4,4,2.75,13
HC4,S3,4,4,4,2.75,13
HC1,S4,1,4,4,2.75,13
HC2,S4,0,4,4,2.75,13
HC3,S4,19,4,4,2.75,13
HC4,S4,0,4,4,2.75,13
HC1,S5,0,4,4,2.75,13
HC2,S5,0,4,4,2.75,13
HC3,S5,0,4,4,2.75,13
HC4,S5,3,4,4,2.75,13
HC1,S6,0,4,4,2.75,13
HC2,S6,0,4,4,2.75,13
HC3,S6,3,4,4,2.75,13
HC4,S6,13,4,4,2.75,13
HC1,S7,0,4,4,2.75,13
HC2,S7,0,4,4,2.75,13
HC3,S7,0,4,4,2.75,13
HC4,S7,12,4,4,2.75,13
HC1,S8,0,4,4,2.75,13
HC2,S8,24,4,4,2.75,13
HC3,S8,0,4,4,2.75,13
HC4,S8,0,4,4,2.75,13
HC1,S9,0,4,4,2.75,13
HC2,S9,0,4,4,2.75,13
HC3,S9,0,4,4,2.75,13
HC4,S9,20,4,4,2.75,13
HC1,S10,0,4,4,2.75,13
HC2,S10,0,4,4,2.75,13
HC3,S10,0,4,4,2.75,13
HC4,S10,2,4,4,2.75,13
HC1,S11,20,4,4,2.75,13
HC2,S11,0,4,4,2.75,13
HC3,S11,0,4,4,2.75,13
HC4,S11,2,4,4,2.75,13
HC1,S12,20,4,4,2.75,13
HC2,S12,0,4,4,2.75,13
HC3,S12,0,4,4,2.75,13
HC4,S12,0,4,4,2.75,13
HC1,S0,0,4,5,2.75,13
HC2,S0,0,4,5,2.75,13
HC3,S0,0,4,5,2.75,13
HC4,S0,0,4,5,2.75,13
HC5,S0,23,4,5,2.75,13
HC1,S1,0,4,5,2.75,13
HC2,S1,0,4,5,2.75,13
HC3,S1,0,4,5,2.75,13
HC4,S1,0,4,5,2.75,13
HC5,S1,7,4,5,2.75,13
HC1,S2,0,4,5,2.75,13
HC2,S2,0,4,5,2.75,13
HC3,S2,0,4,5,2.75,13
HC4,S2,0,4,5,2.75,13
HC5,S2,14,4,5,2.75,13
HC1,S3,0,4,5,2.75,13
HC2,S3,0,4,5,2.75,13
HC3,S3,0,4,5,2.75,13
HC4,S3,0,4,5,2.75,13
HC5,S3,4,4,5,2.75,13
HC1,S4,0,4,5,2.75,13
HC2,S4,1,4,5,2.75,13
HC3,S4,0,4,5,2.75,13
HC4,S4,19,4,5,2.75,13
HC5,S4,0,4,5,2.75,13
HC1,S5,0,4,5,2.75,13
HC2,S5,0,4,5,2.75,13
HC3,S5,0,4,5,2.75,13
HC4,S5,0,4,5,2.75,13
HC5,S5,3,4,5,2.75,13
HC1,S6,0,4,5,2.75,13
HC2,S6,0,4,5,2.75,13
HC3,S6,0,4,5,2.75,13
HC4,S6,3,4,5,2.75,13
HC5,S6,13,4,5,2.75,13
HC1,S7,0,4,5,2.75,13
HC2,S7,0,4,5,2.75,13
HC3,S7,0,4,5,2.75,13
HC4,S7,0,4,5,2.75,13
HC5,S7,12,4,5,2.75,13
HC1,S8,0,4,5,2.75,13
HC2,S8,0,4,5,2.75,13
HC3,S8,24,4,5,2.75,13
HC4,S8,0,4,5,2.75,13
HC5,S8,0,4,5,2.75,13
HC1,S9,0,4,5,2.75,13
HC2,S9,0,4,5,2.75,13
HC3,S9,0,4,5,2.75,13
HC4,S9,0,4,5,2.75,13
HC5,S9,20,4,5,2.75,13
HC1,S10,0,4,5,2.75,13
HC2,S10,0,4,5,2.75,13
HC3,S10,0,4,5,2.75,13
HC4,S10,0,4,5,2.75,13
HC5,S10,2,4,5,2.75,13
HC1,S11,0,4,5,2.75,13
HC2,S11,20,4,5,2.75,13
HC3,S11,0,4,5,2.75,13
HC4,S11,0,4,5,2.75,13
HC5,S11,2,4,5,2.75,13
HC1,S12,10,4,5,2.75,13
HC2,S12,10,4,5,2.75,13
HC3,S12,0,4,5,2.75,13
HC4,S12,0,4,5,2.75,13
HC5,S12,0,4,5,2.75,13
HC1,S0,0,4,4,2.8,13
HC2,S0,0,4,4,2.8,13
HC3,S0,0,4,4,2.8,13
HC4,S0,23,4,4,2.8,13
HC1,S1,0,4,4,2.8,13
HC2,S1,0,4,4,2.8,13
HC3,S1,0,4,4,2.8,13
HC4,S1,8,4,4,2.8,13
HC1,S2,1,4,4,2.8,13
HC2,S2,0,4,4,2.8,13
HC3,S2,19,4,4,2.8,13
HC4,S2,1,4,4,2.8,13
HC1,S3,0,4,4,2.8,13
HC2,S3,0,4,4,2.8,13
HC3,S3,0,4,4,2.8,13
HC4,S3,14,4,4,2.8,13
HC1,S4,0,4,4,2.8,13
HC2,S4,0,4,4,2.8,13
HC3,S4,0,4,4,2.8,13
HC4,S4,4,4,4,2.8,13
HC1,S5,0,4,4,2.8,13
HC2,S5,0,4,4,2.8,13
HC3,S5,0,4,4,2.8,13
HC4,S5,2,4,4,2.8,13
HC1,S6,0,4,4,2.8,13
HC2,S6,0,4,4,2.8,13
HC3,S6,0,4,4,2.8,13
HC4,S6,12,4,4,2.8,13
HC1,S7,0,4,4,2.8,13
HC2,S7,0,4,4,2.8,13
HC3,S7,3,4,4,2.8,13
HC4,S7,12,4,4,2.8,13
HC1,S8,0,4,4,2.8,13
HC2,S8,24,4,4,2.8,13
HC3,S8,0,4,4,2.8,13
HC4,S8,0,4,4,2.8,13
HC1,S9,0,4,4,2.8,13
HC2,S9,0,4,4,2.8,13
HC3,S9,0,4,4,2.8,13
HC4,S9,20,4,4,2.8,13
HC1,S10,0,4,4,2.8,13
HC2,S10,0,4,4,2.8,13
HC3,S10,0,4,4,2.8,13
HC4,S10,2,4,4,2.8,13
HC1,S11,20,4,4,2.8,13
HC2,S11,0,4,4,2.8,13
HC3,S11,0,4,4,2.8,13
HC4,S11,2,4,4,2.8,13
HC1,S12,20,4,4,2.8,13
HC2,S12,0,4,4,2.8,13
HC3,S12,0,4,4,2.8,13
HC4,S12,0,4,4,2.8,13
HC1,S0,0,4,5,2.8,13
HC2,S0,0,4,5,2.8,13
HC3,S0,0,4,5,2.8,13
HC4,S0,0,4,5,2.8,13
HC5,S0,23,4,5,2.8,13
HC1,S1,0,4,5,2.8,13
HC2,S1,0,4,5,2.8,13
HC3,S1,0,4,5,2.8,13
HC4,S1,0,4,5,2.8,13
HC5,S1,8,4,5,2.8,13
HC1,S2,0,4,5,2.8,13
HC2,S2,1,4,5,2.8,13
HC3,S2,0,4,5,2.8,13
HC4,S2,19,4,5,2.8,13
HC5,S2,1,4,5,2.8,13
HC1,S3,0,4,5,2.8,13
HC2,S3,0,4,5,2.8,13
HC3,S3,0,4,5,2.8,13
HC4,S3,0,4,5,2.8,13
HC5,S3,14,4,5,2.8,13
HC1,S4,0,4,5,2.8,13
HC2,S4,0,4,5,2.8,13
HC3,S4,0,4,5,2.8,13
HC4,S4,0,4,5,2.8,13
HC5,S4,4,4,5,2.8,13
HC1,S5,0,4,5,2.8,13
HC2,S5,0,4,5,2.8,13
HC3,S5,0,4,5,2.8,13
HC4,S5,0,4,5,2.8,13
HC5,S5,2,4,5,2.8,13
HC1,S6,0,4,5,2.8,13
HC2,S6,0,4,5,2.8,13
HC3,S6,0,4,5,2.8,13
HC4,S6,0,4,5,2.8,13
HC5,S6,12,4,5,2.8,13
HC1,S7,0,4,5,2.8,13
HC2,S7,0,4,5,2.8,13
HC3,S7,0,4,5,2.8,13
HC4,S7,3,4,5,2.8,13
HC5,S7,12,4,5,2.8,13
HC1,S8,0,4,5,2.8,13
HC2,S8,0,4,5,2.8,13
HC3,S8,24,4,5,2.8,13
HC4,S8,0,4,5,2.8,13
HC5,S8,0,4,5,2.8,13
HC1,S9,0,4,5,2.8,13
HC2,S9,0,4,5,2.8,13
HC3,S9,0,4,5,2.8,13
HC4,S9,0,4,5,2.8,13
HC5,S9,20,4,5,2.8,13
HC1,S10,0,4,5,2.8,13
HC2,S10,0,4,5,2.8,13
HC3,S10,0,4,5,2.8,13
HC4,S10,0,4,5,2.8,13
HC5,S10,2,4,5,2.8,13
HC1,S11,0,4,5,2.8,13
HC2,S11,20,4,5,2.8,13
HC3,S11,0,4,5,2.8,13
HC4,S11,0,4,5,2.8,13
HC5,S11,2,4,5,2.8,13
HC1,S12,10,4,5,2.8,13
HC2,S12,10,4,5,2.8,13
HC3,S12,0,4,5,2.8,13
HC4,S12,0,4,5,2.8,13
HC5,S12,0,4,5,2.8,13
HC1,S0,0,4,4,2.85,13
HC2,S0,0,4,4,2.85,13
HC3,S0,0,4,4,2.85,13
HC4,S0,23,4,4,2.85,13
HC1,S1,0,4,4,2.85,13
HC2,S1,0,4,4,2.85,13
HC3,S1,0,4,4,2.85,13
HC4,S1,7,4,4,2.85,13
HC1,S2,0,4,4,2.85,13
HC2,S2,0,4,4,2.85,13
HC3,S2,0,4,4,2.85,13
HC4,S2,14,4,4,2.85,13
HC1,S3,0,4,4,2.85,13
HC2,S3,0,4,4,2.85,13
HC3,S3,0,4,4,2.85,13
HC4,S3,4,4,4,2.85,13
HC1,S4,1,4,4,2.85,13
HC2,S4,0,4,4,2.85,13
HC3,S4,19,4,4,2.85,13
HC4,S4,0,4,4,2.85,13
HC1,S5,0,4,4,2.85,13
HC2,S5,0,4,4,2.85,13
HC3,S5,0,4,4,2.85,13
HC4,S5,3,4,4,2.85,13
HC1,S6,0,4,4,2.85,13
HC2,S6,0,4,4,2.85,13
HC3,S6,3,4,4,2.85,13
HC4,S6,13,4,4,2.85,13
HC1,S7,0,4,4,2.85,13
HC2,S7,0,4,4,2.85,13
HC3,S7,0,4,4,2.85,13
HC4,S7,12,4,4,2.85,13
HC1,S8,0,4,4,2.85,13
HC2,S8,24,4,4,2.85,13
HC3,S8,0,4,4,2.85,13
HC4,S8,0,4,4,2.85,13
HC1,S9,0,4,4,2.85,13
HC2,S9,0,4,4,2.85,13
HC3,S9,0,4,4,2.85,13
HC4,S9,20,4,4,2.85,13
HC1,S10,0,4,4,2.85,13
HC2,S10,0,4,4,2.85,13
HC3,S10,0,4,4,2.85,13
HC4,S10,2,4,4,2.85,13
HC1,S11,20,4,4,2.85,13
HC2,S11,0,4,4,2.85,13
HC3,S11,0,4,4,2.85,13
HC4,S11,2,4,4,2.85,13
HC1,S12,20,4,4,2.85,13
HC2,S12,0,4,4,2.85,13
HC3,S12,0,4,4,2.85,13
HC4,S12,0,4,4,2.85,13
HC1,S0,0,4,5,2.85,13
HC2,S0,0,4,5,2.85,13
HC3,S0,0,4,5,2.85,13
HC4,S0,0,4,5,2.85,13
HC5,S0,23,4,5,2.85,13
HC1,S1,0,4,5,2.85,13
HC2,S1,0,4,5,2.85,13
HC3,S1,0,4,5,2.85,13
HC4,S1,0,4,5,2.85,13
HC5,S1,7,4,5,2.85,13
HC1,S2,0,4,5,2.85,13
HC2,S2,0,4,5,2.85,13
HC3,S2,0,4,5,2.85,13
HC4,S2,0,4,5,2.85,13
HC5,S2,14,4,5,2.85,13
HC1,S3,0,4,5,2.85,13
HC2,S3,0,4,5,2.85,13
HC3,S3,0,4,5,2.85,13
HC4,S3,0,4,5,2.85,13
HC5,S3,4,4,5,2.85,13
HC1,S4,0,4,5,2.85,13
HC2,S4,1,4,5,2.85,13
HC3,S4,0,4,5,2.85,13
HC4,S4,19,4,5,2.85,13
HC5,S4,0,4,5,2.85,13
HC1,S5,0,4,5,2.85,13
HC2,S5,0,4,5,2.85,13
HC3,S5,0,4,5,2.85,13
HC4,S5,0,4,5,2.85,13
HC5,S5,3,4,5,2.85,13
HC1,S6,0,4,5,2.85,13
HC2,S6,0,4,5,2.85,13
HC3,S6,0,4,5,2.85,13
HC4,S6,3,4,5,2.85,13
HC5,S6,13,4,5,2.85,13
HC1,S7,0,4,5,2.85,13
HC2,S7,0,4,5,2.85,13
HC3,S7,0,4,5,2.85,13
HC4,S7,0,4,5,2.85,13
HC5,S7,12,4,5,2.85,13
HC1,S8,0,4,5,2.85,13
HC2,S8,0,4,5,2.85,13
HC3,S8,24,4,5,2.85,13
HC4,S8,0,4,5,2.85,13
HC5,S8,0,4,5,2.85,13
HC1,S9,0,4,5,2.85,13
HC2,S9,0,4,5,2.85,13
HC3,S9,0,4,5,2.85,13
HC4,S9,0,4,5,2.85,13
HC5,S9,20,4,5,2.85,13
HC1,S10,0,4,5,2.85,13
HC2,S10,0,4,5,2.85,13
HC3,S10,0,4,5,2.85,13
HC4,S10,0,4,5,2.85,13
HC5,S10,2,4,5,2.85,13
HC1,S11,0,4,5,2.85,13
HC2,S11,20,4,5,2.85,13
HC3,S11,0,4,5,2.85,13
HC4,S11,0,4,5,2.85,13
HC5,S11,2,4,5,2.85,13
HC1,S12,10,4,5,2.85,13
HC2,S12,10,4,5,2.85,13
HC3,S12,0,4,5,2.85,13
HC4,S12,0,4,5,2.85,13
HC5,S12,0,4,5,2.85,13
HC1,S0,0,4,4,2.9,13
HC2,S0,0,4,4,2.9,13
HC3,S0,0,4,4,2.9,13
HC4,S0,20,4,4,2.9,13
HC1,S1,0,4,4,2.9,13
HC2,S1,0,4,4,2.9,13
HC3,S1,0,4,4,2.9,13
HC4,S1,7,4,4,2.9,13
HC1,S2,0,4,4,2.9,13
HC2,S2,0,4,4,2.9,13
HC3,S2,0,4,4,2.9,13
HC4,S2,14,4,4,2.9,13
HC1,S3,0,4,4,2.9,13
HC2,S3,0,4,4,2.9,13
HC3,S3,0,4,4,2.9,13
HC4,S3,4,4,4,2.9,13
HC1,S4,1,4,4,2.9,13
HC2,S4,0,4,4,2.9,13
HC3,S4,19,4,4,2.9,13
HC4,S4,0,4,4,2.9,13
HC1,S5,0,4,4,2.9,13
HC2,S5,0,4,4,2.9,13
HC3,S5,0,4,4,2.9,13
HC4,S5,6,4,4,2.9,13
HC1,S6,0,4,4,2.9,13
HC2,S6,0,4,4,2.9,13
HC3,S6,3,4,4,2.9,13
HC4,S6,13,4,4,2.9,13
HC1,S7,0,4,4,2.9,13
HC2,S7,0,4,4,2.9,13
HC3,S7,0,4,4,2.9,13
HC4,S7,12,4,4,2.9,13
HC1,S8,0,4,4,2.9,13
HC2,S8,24,4,4,2.9,13
HC3,S8,0,4,4,2.9,13
HC4,S8,0,4,4,2.9,13
HC1,S9,0,4,4,2.9,13
HC2,S9,0,4,4,2.9,13
HC3,S9,0,4,4,2.9,13
HC4,S9,20,4,4,2.9,13
HC1,S10,0,4,4,2.9,13
HC2,S10,0,4,4,2.9,13
HC3,S10,0,4,4,2.9,13
HC4,S10,2,4,4,2.9,13
HC1,S11,20,4,4,2.9,13
HC2,S11,0,4,4,2.9,13
HC3,S11,0,4,4,2.9,13
HC4,S11,2,4,4,2.9,13
HC1,S12,20,4,4,2.9,13
HC2,S12,0,4,4,2.9,13
HC3,S12,0,4,4,2.9,13
HC4,S12,0,4,4,2.9,13
HC1,S0,0,4,5,2.9,13
HC2,S0,0,4,5,2.9,13
HC3,S0,0,4,5,2.9,13
HC4,S0,0,4,5,2.9,13
HC5,S0,20,4,5,2.9,13
HC1,S1,0,4,5,2.9,13
HC2,S1,0,4,5,2.9,13
HC3,S1,0,4,5,2.9,13
HC4,S1,0,4,5,2.9,13
HC5,S1,7,4,5,2.9,13
HC1,S2,0,4,5,2.9,13
HC2,S2,0,4,5,2.9,13
HC3,S2,0,4,5,2.9,13
HC4,S2,0,4,5,2.9,13
HC5,S2,14,4,5,2.9,13
HC1,S3,0,4,5,2.9,13
HC2,S3,0,4,5,2.9,13
HC3,S3,0,4,5,2.9,13
HC4,S3,0,4,5,2.9,13
HC5,S3,4,4,5,2.9,13
HC1,S4,0,4,5,2.9,13
HC2,S4,1,4,5,2.9,13
HC3,S4,0,4,5,2.9,13
HC4,S4,19,4,5,2.9,13
HC5,S4,0,4,5,2.9,13
HC1,S5,0,4,5,2.9,13
HC2,S5,0,4,5,2.9,13
HC3,S5,0,4,5,2.9,13
HC4,S5,0,4,5,2.9,13
HC5,S5,6,4,5,2.9,13
HC1,S6,0,4,5,2.9,13
HC2,S6,0,4,5,2.9,13
HC3,S6,0,4,5,2.9,13
HC4,S6,3,4,5,2.9,13
HC5,S6,13,4,5,2.9,13
HC1,S7,0,4,5,2.9,13
HC2,S7,0,4,5,2.9,13
HC3,S7,0,4,5,2.9,13
HC4,S7,0,4,5,2.9,13
HC5,S7,12,4,5,2.9,13
HC1,S8,0,4,5,2.9,13
HC2,S8,0,4,5,2.9,13
HC3,S8,24,4,5,2.9,13
HC4,S8,0,4,5,2.9,13
HC5,S8,0,4,5,2.9,13
HC1,S9,0,4,5,2.9,13
HC2,S9,0,4,5,2.9,13
HC3,S9,0,4,5,2.9,13
HC4,S9,0,4,5,2.9,13
HC5,S9,20,4,5,2.9,13
HC1,S10,0,4,5,2.9,13
HC2,S10,0,4,5,2.9,13
HC3,S10,0,4,5,2.9,13
HC4,S10,0,4,5,2.9,13
HC5,S10,2,4,5,2.9,13
HC1,S11,0,4,5,2.9,13
HC2,S11,20,4,5,2.9,13
HC3,S11,0,4,5,2.9,13
HC4,S11,0,4,5,2.9,13
HC5,S11,2,4,5,2.9,13
HC1,S12,10,4,5,2.9,13
HC2,S12,10,4,5,2.9,13
HC3,S12,0,4,5,2.9,13
HC4,S12,0,4,5,2.9,13
HC5,S12,0,4,5,2.9,13
HC1,S0,0,4,4,2.95,13
HC2,S0,0,4,4,2.95,13
HC3,S0,0,4,4,2.95,13
HC4,S0,20,4,4,2.95,13
HC1,S1,0,4,4,2.95,13
HC2,S1,0,4,4,2.95,13
HC3,S1,0,4,4,2.95,13
HC4,S1,8,4,4,2.95,13
HC1,S2,0,4,4,2.95,13
HC2,S2,0,4,4,2.95,13
HC3,S2,0,4,4,2.95,13
HC4,S2,14,4,4,2.95,13
HC1,S3,0,4,4,2.95,13
HC2,S3,0,4,4,2.95,13
HC3,S3,0,4,4,2.95,13
HC4,S3,4,4,4,2.95,13
HC1,S4,1,4,4,2.95,13
HC2,S4,0,4,4,2.95,13
HC3,S4,19,4,4,2.95,13
HC4,S4,0,4,4,2.95,13
HC1,S5,0,4,4,2.95,13
HC2,S5,0,4,4,2.95,13
HC3,S5,0,4,4,2.95,13
HC4,S5,6,4,4,2.95,13
HC1,S6,0,4,4,2.95,13
HC2,S6,0,4,4,2.95,13
HC3,S6,0,4,4,2.95,13
HC4,S6,12,4,4,2.95,13
HC1,S7,0,4,4,2.95,13
HC2,S7,0,4,4,2.95,13
HC3,S7,3,4,4,2.95,13
HC4,S7,12,4,4,2.95,13
HC1,S8,0,4,4,2.95,13
HC2,S8,24,4,4,2.95,13
HC3,S8,0,4,4,2.95,13
HC4,S8,0,4,4,2.95,13
HC1,S9,0,4,4,2.95,13
HC2,S9,0,4,4,2.95,13
HC3,S9,0,4,4,2.95,13
HC4,S9,20,4,4,2.95,13
HC1,S10,0,4,4,2.95,13
HC2,S10,0,4,4,2.95,13
HC3,S10,0,4,4,2.95,13
HC4,S10,2,4,4,2.95,13
HC1,S11,20,4,4,2.95,13
HC2,S11,0,4,4,2.95,13
HC3,S11,0,4,4,2.95,13
HC4,S11,2,4,4,2.95,13
HC1,S12,20,4,4,2.95,13
HC2,S12,0,4,4,2.95,13
HC3,S12,0,4,4,2.95,13
HC4,S12,0,4,4,2.95,13
HC1,S0,0,4,5,2.95,13
HC2,S0,0,4,5,2.95,13
HC3,S0,0,4,5,2.95,13
HC4,S0,0,4,5,2.95,13
HC5,S0,20,4,5,2.95,13
HC1,S1,0,4,5,2.95,13
HC2,S1,0,4,5,2.95,13
HC3,S1,0,4,5,2.95,13
HC4,S1,0,4,5,2.95,13
HC5,S1,8,4,5,2.95,13
HC1,S2,0,4,5,2.95,13
HC2,S2,0,4,5,2.95,13
HC3,S2,0,4,5,2.95,13
HC4,S2,0,4,5,2.95,13
HC5,S2,14,4,5,2.95,13
HC1,S3,0,4,5,2.95,13
HC2,S3,0,4,5,2.95,13
HC3,S3,0,4,5,2.95,13
HC4,S3,0,4,5,2.95,13
HC5,S3,4,4,5,2.95,13
HC1,S4,0,4,5,2.95,13
HC2,S4,1,4,5,2.95,13
HC3,S4,0,4,5,2.95,13
HC4,S4,19,4,5,2.95,13
HC5,S4,0,4,5,2.95,13
HC1,S5,0,4,5,2.95,13
HC2,S5,0,4,5,2.95,13
HC3,S5,0,4,5,2.95,13
HC4,S5,0,4,5,2.95,13
HC5,S5,6,4,5,2.95,13
HC1,S6,0,4,5,2.95,13
HC2,S6,0,4,5,2.95,13
HC3,S6,0,4,5,2.95,13
HC4,S6,0,4,5,2.95,13
HC5,S6,12,4,5,2.95,13
HC1,S7,0,4,5,2.95,13
HC2,S7,0,4,5,2.95,13
HC3,S7,0,4,5,2.95,13
HC4,S7,3,4,5,2.95,13
HC5,S7,12,4,5,2.95,13
HC1,S8,0,4,5,2.95,13
HC2,S8,0,4,5,2.95,13
HC3,S8,24,4,5,2.95,13
HC4,S8,0,4,5,2.95,13
HC5,S8,0,4,5,2.95,13
HC1,S9,0,4,5,2.95,13
HC2,S9,0,4,5,2.95,13
HC3,S9,0,4,5,2.95,13
HC4,S9,0,4,5,2.95,13
HC5,S9,20,4,5,2.95,13
HC1,S10,0,4,5,2.95,13
HC2,S10,0,4,5,2.95,13
HC3,S10,0,4,5,2.95,13
HC4,S10,0,4,5,2.95,13
HC5,S10,2,4,5,2.95,13
HC1,S11,0,4,5,2.95,13
HC2,S11,20,4,5,2.95,13
HC3,S11,0,4,5,2.95,13
HC4,S11,0,4,5,2.95,13
HC5,S11,2,4,5,2.95,13
HC1,S12,10,4,5,2.95,13
HC2,S12,10,4,5,2.95,13
HC3,S12,0,4,5,2.95,13
HC4,S12,0,4,5,2.95,13
HC5,S12,0,4,5,2.95,13
HC1,S0,0,4,4,3,13
HC2,S0,0,4,4,3,13
HC3,S0,0,4,4,3,13
HC4,S0,20,4,4,3,13
HC1,S1,0,4,4,3,13
HC2,S1,0,4,4,3,13
HC3,S1,0,4,4,3,13
HC4,S1,8,4,4,3,13
HC1,S2,1,4,4,3,13
HC2,S2,0,4,4,3,13
HC3,S2,18,4,4,3,13
HC4,S2,1,4,4,3,13
HC1,S3,0,4,4,3,13
HC2,S3,0,4,4,3,13
HC3,S3,0,4,4,3,13
HC4,S3,14,4,4,3,13
HC1,S4,0,4,4,3,13
HC2,S4,0,4,4,3,13
HC3,S4,0,4,4,3,13
HC4,S4,4,4,4,3,13
HC1,S5,0,4,4,3,13
HC2,S5,0,4,4,3,13
HC3,S5,0,4,4,3,13
HC4,S5,6,4,4,3,13
HC1,S6,0,4,4,3,13
HC2,S6,0,4,4,3,13
HC3,S6,0,4,4,3,13
HC4,S6,12,4,4,3,13
HC1,S7,0,4,4,3,13
HC2,S7,0,4,4,3,13
HC3,S7,4,4,4,3,13
HC4,S7,11,4,4,3,13
HC1,S8,0,4,4,3,13
HC2,S8,24,4,4,3,13
HC3,S8,0,4,4,3,13
HC4,S8,0,4,4,3,13
HC1,S9,0,4,4,3,13
HC2,S9,0,4,4,3,13
HC3,S9,0,4,4,3,13
HC4,S9,20,4,4,3,13
HC1,S10,0,4,4,3,13
HC2,S10,0,4,4,3,13
HC3,S10,0,4,4,3,13
HC4,S10,2,4,4,3,13
HC1,S11,19,4,4,3,13
HC2,S11,0,4,4,3,13
HC3,S11,0,4,4,3,13
HC4,S11,2,4,4,3,13
HC1,S12,21,4,4,3,13
HC2,S12,0,4,4,3,13
HC3,S12,0,4,4,3,13
HC4,S12,0,4,4,3,13
HC1,S0,0,4,5,3,13
HC2,S0,0,4,5,3,13
HC3,S0,0,4,5,3,13
HC4,S0,0,4,5,3,13
HC5,S0,20,4,5,3,13
HC1,S1,0,4,5,3,13
HC2,S1,0,4,5,3,13
HC3,S1,0,4,5,3,13
HC4,S1,0,4,5,3,13
HC5,S1,8,4,5,3,13
HC1,S2,0,4,5,3,13
HC2,S2,1,4,5,3,13
HC3,S2,0,4,5,3,13
HC4,S2,18,4,5,3,13
HC5,S2,1,4,5,3,13
HC1,S3,0,4,5,3,13
HC2,S3,0,4,5,3,13
HC3,S3,0,4,5,3,13
HC4,S3,0,4,5,3,13
HC5,S3,14,4,5,3,13
HC1,S4,0,4,5,3,13
HC2,S4,0,4,5,3,13
HC3,S4,0,4,5,3,13
HC4,S4,0,4,5,3,13
HC5,S4,4,4,5,3,13
HC1,S5,0,4,5,3,13
HC2,S5,0,4,5,3,13
HC3,S5,0,4,5,3,13
HC4,S5,0,4,5,3,13
HC5,S5,6,4,5,3,13
HC1,S6,0,4,5,3,13
HC2,S6,0,4,5,3,13
HC3,S6,0,4,5,3,13
HC4,S6,0,4,5,3,13
HC5,S6,12,4,5,3,13
HC1,S7,0,4,5,3,13
HC2,S7,0,4,5,3,13
HC3,S7,0,4,5,3,13
HC4,S7,4,4,5,3,13
HC5,S7,11,4,5,3,13
HC1,S8,0,4,5,3,13
HC2,S8,0,4,5,3,13
HC3,S8,24,4,5,3,13
HC4,S8,0,4,5,3,13
HC5,S8,0,4,5,3,13
HC1,S9,0,4,5,3,13
HC2,S9,0,4,5,3,13
HC3,S9,0,4,5,3,13
HC4,S9,0,4,5,3,13
HC5,S9,20,4,5,3,13
HC1,S10,0,4,5,3,13
HC2,S10,0,4,5,3,13
HC3,S10,0,4,5,3,13
HC4,S10,0,4,5,3,13
HC5,S10,2,4,5,3,13
HC1,S11,0,4,5,3,13
HC2,S11,19,4,5,3,13
HC3,S11,0,4,5,3,13
HC4,S11,0,4,5,3,13
HC5,S11,2,4,5,3,13
HC1,S12,10,4,5,3,13
HC2,S12,11,4,5,3,13
HC3,S12,0,4,5,3,13
HC4,S12,0,4,5,3,13
HC5,S12,0,4,5,3,13
