Sample_name	title	T_Batch	E_Holding MP (mV)	E_Fitted MP (mV)	E_Input resistance (MOhm)	E_Membrane time constant (ms)	E_AP threshold (mV)	E_AP amplitude (mV)	E_AP width (ms)	E_Upstroke-to-downstroke ratio	E_Afterhyperpolarization (mV)	E_Afterdepolarization (mV)	E_ISI adaptation index	E_Max number of APs	E_Rheobase (pA)	E_Sag ratio	E_Latency (ms)	E_Latency @ +20pA current (ms)	E_Spike frequency adaptation	E_ISI Fano factor	E_ISI coefficient of variation	E_ISI average adaptation index	E_Rebound (mV)	E_Sag time (s)	E_Sag area (mV*s)	E_AP amplitude adaptation index	E_AP amplitude average adaptation index	E_AP Fano factor	E_AP coefficient of variation	E_Burstiness	E_Wildness	E_Rebound number of APs	E_current	E_spike_count	E_Vholding	E_Input step	E_Initial ampltitude	M_center_X	M_center_Y	M_center_Z	M_soma_average_radius	M_soma_maximal_radius	M_soma_minimal_radius	M_soma_max_pairwise_dist	M_soma_perimeter	M_soma_area	M_soma_circularity_index	M_soma_shape_factor	M_soma_aspect_ratio	M_cell_max_radial_dist	M_total_number_of_neurites	M_basal_dendrite_longthest_path	M_apical_dendrite_longthest_path	M_axon_longthest_path	M_basal_dendrite_Nseg	M_basal_dendrite_avg_tortuosity	M_basal_dendrite_max_tortuosity	M_Total_neurite_length_(sections)	M_Total_neurite_volume	M_Total_neurite_area	M_Number_of_bifurcation_points	M_Maximum_branch_order	M_trunk_angle_min	M_trunk_angle_max	M_trunk_angle_dispersion_index
24_6_12_5	Mouse NAc Patch-seq 24_6_12_5	Batch1	-49.50443915	-49.20014881	503.1040737	35.07559212	-37.13989258	89.87426758	1.8	3.733333571	-10.98632813	0	1.068368277	13	10	1.066147839	77.5	25.4	0.857142857	0.00047306	0.097940219	1.053395809	0.46971105	0.1512	10.98419342	0.932156456	0.969647958	1.320799941	0.151248735	0	0	0	[10.0, 20.0, 30.0, 40.0, 50.0, 60.0, 70.0, 80.0, 90.0, 100.0, 110.0, 120.0, 130.0, 140.0, 150.0, 160.0]	[3, 5, 7, 9, 10, 11, 11, 12, 13, 13, 12, 13, 13, 11, 7, 3]	0	10	-50	NR	NR	NR	NR	NR	NR	NR	NR	NR	NR	NR	NR	NR	NR	NR	NR	NR	NR	NR	NR	NR	NR	NR	NR	NR	NR	NR	NR
24_6_12_6	Mouse NAc Patch-seq 24_6_12_6	Batch1	-75.04172162	-84.69877697	268.8162667	6.895984513	-32.71484375	62.07275391	0.8	1.724506443	-18.43261719	0	0.680203046	25	175	1.028564058	139.5	90.3	0.923076923	0.000435837	0.139657401	1.072774515	0.126208814	0.1462	11.90750732	0.981733021	0.991593972	0.076831618	0.035701743	0	0	0	[180.0, 190.0, 200.0, 210.0, 220.0, 230.0, 240.0]	[3, 5, 9, 15, 18, 23, 25]	0	10	-50	NR	NR	NR	NR	NR	NR	NR	NR	NR	NR	NR	NR	NR	NR	NR	NR	NR	NR	NR	NR	NR	NR	NR	NR	NR	NR	NR	NR
24_6_13_3	Mouse NAc Patch-seq 24_6_13_3	Batch1	-53.14583487	-52.43937174	134.2773438	50.19051448	-45.31860352	84.9609375	2	2.704089183	-3.295898438	0	NaN	1	80	1.165211855	9.5	5.2	NaN	NaN	NaN	NaN	0	0.3377	20.26897888	NaN	NaN	NaN	NaN	0	0	0	[80.0, 90.0, 100.0, 110.0]	[1, 1, 1, 1]	0	10	-50	NR	NR	NR	NR	NR	NR	NR	NR	NR	NR	NR	NR	NR	NR	NR	NR	NR	NR	NR	NR	NR	NR	NR	NR	NR	NR	NR	NR
24_7_10_2	Mouse NAc Patch-seq 24_7_10_2	Batch1	-48.55669306	-49.15509905	554.5479911	28.77570038	-36.77368164	93.13964844	2.3	4.274429439	-8.422851563	0	0.937602627	14	10	1.03280022	83	18.2	0.75	0.00192859	0.206246474	1.041776401	0.153428819	0.0418	3.157211304	0.861102159	0.97204621	1.904830593	0.180618916	0	0	0	[10.0, 20.0, 30.0, 40.0, 50.0, 60.0, 70.0, 80.0, 90.0, 100.0, 110.0, 120.0, 130.0]	[3, 7, 9, 10, 12, 12, 13, 13, 14, 14, 9, 6, 4]	0	10	-50	NR	NR	NR	NR	NR	NR	NR	NR	NR	NR	NR	NR	NR	NR	NR	NR	NR	NR	NR	NR	NR	NR	NR	NR	NR	NR	NR	NR
24_7_1_5	Mouse NAc Patch-seq 24_7_1_5	Batch1	-81.84992165	-98.71390206	398.3851842	8.708062821	-39.45922852	85.69335938	1.8	3.22771591	-10.58959961	0	1.216216216	12	130	1.036813869	330.9	172.9	1	0.00115011	0.153375365	1.132229711	0	0.1197	10.42498779	0.954481793	0.987074912	0.440270993	0.080830874	0	0	0	[130.0, 140.0, 150.0, 160.0, 170.0, 180.0, 190.0, 200.0, 210.0, 220.0, 230.0, 240.0]	[2, 3, 5, 6, 7, 9, 10, 11, 11, 12, 12, 12]	0	10	-50	NR	NR	NR	NR	NR	NR	NR	NR	NR	NR	NR	NR	NR	NR	NR	NR	NR	NR	NR	NR	NR	NR	NR	NR	NR	NR	NR	NR
24_7_17_2	Mouse NAc Patch-seq 24_7_17_2	Batch1	-72.93381093	-72.32055664	299.3338449	31.15323008	-40.10009766	87.58544922	1.9	4.220777702	-4.669189453	0	1.911550468	9	70	1.118857198	211.3	141.4	0.8	0.006525564	0.302872431	1.474828038	0.888444266	0.463	37.63626404	0.923104181	0.9771818	1.248080004	0.134903485	0	0	0	[70.0, 80.0, 90.0, 100.0, 110.0, 120.0, 130.0, 140.0, 150.0, 160.0, 170.0, 180.0, 190.0, 200.0, 210.0, 220.0, 230.0, 240.0]	[1, 2, 3, 4, 4, 5, 6, 6, 6, 7, 8, 7, 7, 8, 8, 9, 9, 9]	0	10	-50	NR	NR	NR	NR	NR	NR	NR	NR	NR	NR	NR	NR	NR	NR	NR	NR	NR	NR	NR	NR	NR	NR	NR	NR	NR	NR	NR	NR
24_7_17_3	Mouse NAc Patch-seq 24_7_17_3	Batch1	-78.08357952	-83.97391183	378.5051618	12.52832812	-37.13989258	86.33422852	1.7	3.593035754	-15.71655273	0	1.046113307	11	90	1.027736628	357.9	186.7	0.833333333	0.001208494	0.14753585	1.054585382	0.257399016	0.4021	34.06750793	0.966556413	0.981962277	0.443394123	0.082172466	0	0	0	[90.0, 100.0, 110.0, 120.0, 130.0, 140.0, 150.0, 160.0, 170.0, 180.0, 190.0, 200.0, 210.0, 220.0, 230.0, 240.0]	[2, 4, 6, 7, 8, 9, 10, 10, 11, 11, 11, 11, 11, 11, 11, 11]	0	10	-50	NR	NR	NR	NR	NR	NR	NR	NR	NR	NR	NR	NR	NR	NR	NR	NR	NR	NR	NR	NR	NR	NR	NR	NR	NR	NR	NR	NR
24_7_18_1	Mouse NAc Patch-seq 24_7_18_1	Batch1	-76.93244956	-81.38573056	422.5376674	16.94081701	-38.23852539	79.65087891	2.1	3.451255762	-6.042480469	0	1.057471264	12	90	1.008321103	328.8	196.5	0.714285714	0.003911872	0.277448734	1.090576729	0	0.1735	15.03275757	0.963629097	0.983631204	1.19082079	0.14855476	0.293492696	0	0	[90.0, 100.0, 110.0, 120.0, 130.0, 140.0, 150.0, 160.0, 170.0, 180.0, 190.0, 200.0, 210.0, 220.0, 230.0, 240.0]	[2, 4, 6, 7, 8, 9, 9, 10, 11, 11, 11, 11, 11, 12, 11, 8]	0	10	-50	NR	NR	NR	NR	NR	NR	NR	NR	NR	NR	NR	NR	NR	NR	NR	NR	NR	NR	NR	NR	NR	NR	NR	NR	NR	NR	NR	NR
24_7_18_4	Mouse NAc Patch-seq 24_7_18_4	Batch1	-83.61966675	-96.30533854	363.8567243	9.286892025	-37.32299805	78.97949219	1.6	3.138757847	-14.00756836	0	0.909090909	14	140	1.012342685	459.5	257.7	1	0.000506601	0.111293953	1.005253609	0.036085723	0.205	18.43565063	0.979045402	0.989957158	0.213913412	0.057953911	0	0	0	[140.0, 150.0, 160.0, 170.0, 180.0, 190.0, 200.0, 210.0, 220.0, 230.0, 240.0]	[2, 5, 7, 8, 10, 11, 12, 13, 13, 14, 14]	0	10	-50	NR	NR	NR	NR	NR	NR	NR	NR	NR	NR	NR	NR	NR	NR	NR	NR	NR	NR	NR	NR	NR	NR	NR	NR	NR	NR	NR	NR
24_7_19_4	Mouse NAc Patch-seq 24_7_19_4	Batch1	-68.57888223	-72.76553199	374.2327009	17.42024658	-26.03149414	75.04272461	2.1	2.9123193	-10.83374023	0	0.890562249	10	102.3076923	0.996189201	354	226.9	1	0.000810169	0.114703258	0.975486002	0.116118085	0.3936	30.94409485	0.972591362	0.990694191	0.24013771	0.062712384	0	0	0	[110.0, 120.0, 130.0, 140.0, 150.0, 160.0, 170.0, 180.0, 190.0, 200.0, 210.0, 220.0, 230.0, 240.0]	[1, 2, 4, 5, 6, 6, 7, 8, 8, 9, 9, 9, 10, 9]	0	10	-50	119.57214	-203.205	0	4.782862	6.431618	3.7798238	10.87862354	30.46774122	68.22887496	0.923628994	0.57652788	0.769584705	108.17681	7	115.3351107	NaN	NaN	7	1.0484399	1.3172113	900.6826015	86.65581363	990.3522	6	4	0.046598632	2.371517363	NaN
24_7_25_1	Mouse NAc Patch-seq 24_7_25_1	Batch1	-58.63565229	-54.37011719	447.9980469	47.39902374	-53.92456055	69.27490234	1.4	2.045947791	-5.310058594	0	1.151202749	29	0	1.385062495	3.4	27.6	0.705882353	0.001034723	0.220887424	1.25716385	2.459040361	0.3833	28.14378967	0.946696035	0.98886435	3.052168946	0.293839597	0	0	4	[0.0, 10.0, 20.0, 30.0, 40.0, 50.0, 60.0, 70.0, 80.0, 90.0, 100.0, 110.0, 120.0, 130.0, 140.0, 150.0, 160.0, 170.0, 180.0, 190.0, 200.0, 210.0, 220.0, 230.0, 240.0]	[3, 4, 6, 9, 10, 14, 16, 18, 19, 21, 23, 23, 25, 26, 26, 27, 27, 28, 28, 28, 27, 29, 16, 11, 9]	0	10	-50	269.17996	-316.51352	0	13.121407	15.954962	10.381262	30.76941293	85.19381057	544.6139653	0.942936723	0.57524169	0.8273768	219.02057	7	241.3237038	NaN	NaN	7	1.0314204	1.1598155	1531.837678	147.3800474	1684.343476	7	3	0.345046197	2.877373606	NaN
24_7_29_2	Mouse NAc Patch-seq 24_7_29_2	Batch1	-70.26453406	-72.76872907	726.2311663	40.36145012	-42.87719727	85.2355957	2.1	3.883375034	-11.62719727	0	0.884778013	18	33.91304348	1.018626554	541	257.8	0.8	0.000550078	0.126681788	1.000946485	0	0.0621	6.207077026	0.988543976	0.989987666	1.436530827	0.16116475	0	0	0	[40.0, 50.0, 60.0, 70.0, 80.0, 90.0, 100.0, 110.0, 120.0, 130.0, 140.0, 150.0, 160.0, 170.0, 180.0, 190.0, 200.0, 210.0, 220.0, 230.0]	[1, 4, 6, 9, 10, 13, 14, 16, 16, 17, 17, 17, 18, 18, 15, 13, 7, 7, 6, 7]	0	10	-50	NR	NR	NR	NR	NR	NR	NR	NR	NR	NR	NR	NR	NR	NR	NR	NR	NR	NR	NR	NR	NR	NR	NR	NR	NR	NR	NR	NR
24_7_30_3	Mouse NAc Patch-seq 24_7_30_3	Batch1	-78.10337686	-89.77893648	263.8462612	7.639551791	-33.4777832	80.62744141	1.7	2.335150472	-14.16015625	0	1.056881996	6	200	1.026534608	400.8	276.1	2	0.000388439	0.071016598	1.068090308	0	0.0738	6.174975586	1.009776043	1.000629205	0.007804444	0.009944471	0	0	0	[200.0, 210.0, 220.0, 230.0, 240.0]	[2, 3, 4, 5, 6]	0	10	-50	NR	NR	NR	NR	NR	NR	NR	NR	NR	NR	NR	NR	NR	NR	NR	NR	NR	NR	NR	NR	NR	NR	NR	NR	NR	NR	NR	NR
24_7_30_4	Mouse NAc Patch-seq 24_7_30_4	Batch1	-40.66066235	-37.68310547	1148.071289	116.6748193	-35.4309082	54.38232422	2.1	1.86335994	-14.06860352	0	1.114537445	12	-6.153846154	1.026439044	33.6	3.3	NaN	0.005845389	0.233348859	1.142180095	0	0.1683	15.51147766	0.840669856	0.956159816	0.32604489	0.078201884	0	9	5	[0.0, 10.0, 20.0, 30.0, 40.0, 50.0]	[2, 3, 8, 9, 12, 3]	0	10	-50	NR	NR	NR	NR	NR	NR	NR	NR	NR	NR	NR	NR	NR	NR	NR	NR	NR	NR	NR	NR	NR	NR	NR	NR	NR	NR	NR	NR
24_7_3_1	Mouse NAc Patch-seq 24_7_3_1	Batch1	-74.26153336	-73.25788225	614.4496373	20.60816206	-32.68432617	70.95336914	2.3	2.448715121	-13.45825195	0	1.30866426	8	50	1.0353428	522.1	193	1	0.001801474	0.152701984	1.085616477	0.055499559	0.1377	12.27789917	0.862040479	0.978123449	0.937548935	0.126519121	0	0	0	[50.0, 60.0, 70.0, 80.0, 90.0, 100.0, 110.0, 120.0, 130.0, 140.0, 150.0, 160.0]	[1, 4, 6, 7, 7, 8, 7, 7, 5, 2, 2, 2]	0	10	-50	NR	NR	NR	NR	NR	NR	NR	NR	NR	NR	NR	NR	NR	NR	NR	NR	NR	NR	NR	NR	NR	NR	NR	NR	NR	NR	NR	NR
24_7_3_3	Mouse NAc Patch-seq 24_7_3_3	Batch1	-77.1571678	-81.72316778	408.1508092	11.96670347	-27.92358398	75.83618164	2	3.078038156	-13.70239258	0	0.912698413	11	110	1.049267738	458	237.5	0.833333333	0.002191965	0.200640165	1.051335689	0.400812476	0.3362	28.76414185	0.958527296	0.985737562	0.552725762	0.098712462	0.22462203	0	0	[110.0, 120.0, 130.0, 140.0, 150.0, 160.0, 170.0, 180.0, 190.0, 200.0, 210.0, 220.0, 230.0, 240.0]	[2, 4, 6, 7, 8, 9, 9, 10, 10, 10, 10, 11, 10, 11]	0	10	-50	NR	NR	NR	NR	NR	NR	NR	NR	NR	NR	NR	NR	NR	NR	NR	NR	NR	NR	NR	NR	NR	NR	NR	NR	NR	NR	NR	NR
24_7_3_4	Mouse NAc Patch-seq 24_7_3_4	Batch1	-66.73304839	-65.12363979	470.1450893	46.37071807	-40.25268555	87.58544922	1.9	3.924951858	-4.150390625	0	1.625498008	13	30	1.214901876	267.9	123.2	0.625	0.005266005	0.328946156	1.256143925	1.982522447	0.4556	38.84520874	0.941322902	0.985605882	1.490191836	0.157902328	0.474576271	0	0	[30.0, 40.0, 50.0, 60.0, 70.0, 80.0, 90.0, 100.0, 110.0, 120.0, 130.0, 140.0, 150.0, 160.0, 170.0, 180.0, 190.0, 200.0, 210.0, 220.0, 230.0, 240.0]	[1, 3, 4, 5, 6, 8, 8, 9, 10, 10, 11, 11, 11, 11, 12, 12, 12, 13, 12, 13, 12, 12]	0	10	-50	NR	NR	NR	NR	NR	NR	NR	NR	NR	NR	NR	NR	NR	NR	NR	NR	NR	NR	NR	NR	NR	NR	NR	NR	NR	NR	NR	NR
24_7_3_5	Mouse NAc Patch-seq 24_7_3_5	Batch1	-59.74228996	-57.86772228	347.6388114	28.23425807	-35.27832031	89.35546875	2	4.480418207	-1.190185547	0	1.585480094	10	30	1.178999089	283.6	97.8	0.666666667	0.00669347	0.335842474	1.287186433	2.03527264	0.4482	32.57928772	0.841463415	0.968921193	1.686345418	0.165202987	0	0	0	[30.0, 40.0, 50.0, 60.0, 70.0, 80.0, 90.0, 100.0, 110.0, 120.0, 130.0, 140.0, 150.0, 160.0, 170.0, 180.0, 190.0, 200.0, 210.0, 220.0, 230.0, 240.0]	[2, 3, 4, 6, 6, 7, 8, 8, 9, 9, 9, 10, 10, 10, 10, 9, 8, 8, 9, 8, 7, 2]	0	10	-50	NR	NR	NR	NR	NR	NR	NR	NR	NR	NR	NR	NR	NR	NR	NR	NR	NR	NR	NR	NR	NR	NR	NR	NR	NR	NR	NR	NR
24_7_9_1	Mouse NAc Patch-seq 24_7_9_1	Batch1	-66.70649381	-73.65112305	547.4853516	17.7545781	-36.25488281	79.07104492	2	3.169032182	-11.16943359	0	1.224028907	11	70	1.213068917	136.9	84.1	0.833333333	0.001016482	0.136468724	1.046331797	0.777415901	0.3442	26.86948242	0.882843671	0.97582416	2.06466695	0.191078692	0	0	0	[70.0, 80.0, 90.0, 100.0, 110.0, 120.0, 130.0, 140.0, 150.0, 160.0, 170.0, 180.0, 190.0, 200.0, 210.0]	[4, 6, 7, 8, 9, 10, 10, 10, 10, 11, 10, 9, 8, 4, 2]	0	10	-50	NR	NR	NR	NR	NR	NR	NR	NR	NR	NR	NR	NR	NR	NR	NR	NR	NR	NR	NR	NR	NR	NR	NR	NR	NR	NR	NR	NR
24_7_9_5	Mouse NAc Patch-seq 24_7_9_5	Batch1	-63.53882572	-59.79585193	461.9489397	36.47128929	-34.69848633	76.08032227	1.7	3.078908621	-6.103515625	0	1.160305344	15	50	1.047040243	115.8	62.1	0.666666667	0.004530468	0.328993067	1.299016927	0.233284479	0.2815	21.98118286	0.900235664	0.983635838	2.197327975	0.195500255	0.251174036	0	0	[50.0, 60.0, 70.0, 80.0, 90.0, 100.0, 110.0, 120.0, 130.0, 140.0, 150.0, 160.0, 170.0, 180.0, 190.0, 200.0, 210.0, 220.0, 230.0, 240.0]	[3, 4, 6, 7, 8, 10, 11, 11, 12, 13, 13, 14, 13, 14, 14, 15, 15, 15, 14, 15]	0	10	-50	NR	NR	NR	NR	NR	NR	NR	NR	NR	NR	NR	NR	NR	NR	NR	NR	NR	NR	NR	NR	NR	NR	NR	NR	NR	NR	NR	NR
24_7_9_6	Mouse NAc Patch-seq 24_7_9_6	Batch1	-69.8569283	-72.42547898	328.805106	14.74443481	-30.48706055	76.75170898	1.8	3.203711123	-10.95581055	0	1.085427136	11	110	1.243644004	318	142	0.833333333	0.001446667	0.160312985	1.05742841	2.793795941	0.2142	16.8168396	0.954009434	0.981728159	1.05182253	0.1331708	0	0	0	[110.0, 120.0, 130.0, 140.0, 150.0, 160.0, 170.0, 180.0, 190.0, 200.0, 210.0, 220.0, 230.0, 240.0]	[2, 4, 5, 6, 7, 8, 8, 9, 9, 9, 10, 10, 10, 11]	0	10	-50	NR	NR	NR	NR	NR	NR	NR	NR	NR	NR	NR	NR	NR	NR	NR	NR	NR	NR	NR	NR	NR	NR	NR	NR	NR	NR	NR	NR
24_8_12_4	Mouse NAc Patch-seq 24_8_12_4	Batch1	-69.93775068	-69.53125	464.4775391	15.88319966	-27.86254883	46.6003418	1.1	1.448631732	-21.27075195	0	1.129032258	20	80	1.021585203	250.5	117.3	0.666666667	0.000747244	0.177722846	1.045427325	0.457181374	0.3106	25.7732605	1.124698795	0.993162781	1.163246863	0.16791156	0	0	0	[80.0, 90.0, 100.0, 110.0, 120.0, 130.0, 140.0, 150.0, 160.0, 170.0]	[3, 8, 13, 9, 17, 13, 19, 20, 15, 14]	0	10	-50	NR	NR	NR	NR	NR	NR	NR	NR	NR	NR	NR	NR	NR	NR	NR	NR	NR	NR	NR	NR	NR	NR	NR	NR	NR	NR	NR	NR
24_8_1_2	Mouse NAc Patch-seq 24_8_1_2	Batch1	-71.95658921	-74.88345192	509.3819754	20.19794863	-29.66308594	63.44604492	1.9	2.659246529	-11.68823242	0	0.889070147	14	80	1.034532647	263	168.6	1	0.001032341	0.15482034	1.037419022	0.012072786	0.0746	6.152426147	0.976543801	0.993572954	0.195947827	0.06102511	0.268901516	0	0	[80.0, 90.0, 100.0, 110.0, 120.0, 130.0, 140.0, 150.0, 160.0, 170.0, 180.0, 190.0, 200.0, 210.0, 220.0, 230.0, 240.0]	[4, 7, 9, 10, 11, 12, 13, 13, 14, 14, 14, 14, 13, 14, 12, 12, 6]	0	10	-50	NR	NR	NR	NR	NR	NR	NR	NR	NR	NR	NR	NR	NR	NR	NR	NR	NR	NR	NR	NR	NR	NR	NR	NR	NR	NR	NR	NR
24_8_1_3	Mouse NAc Patch-seq 24_8_1_3	Batch1	-52.05396955	-54.24920945	737.5662667	56.60382985	-34.60693359	89.47753906	1.7	3.17390979	-13.21411133	0	1.006036217	12	20	1.022285783	109.3	47	0.714285714	0.003092664	0.241686282	1.042417513	0	0.3482	29.85289612	0.907103825	0.955698279	3.238708545	0.252542363	0	0	0	[20.0, 30.0, 40.0, 50.0, 60.0, 70.0, 80.0, 90.0, 100.0, 110.0, 120.0, 130.0, 140.0, 150.0, 160.0]	[4, 7, 9, 10, 10, 11, 11, 12, 9, 3, 3, 2, 2, 2, 2]	0	10	-50	149.0547	-230.77646	0	6.5021925	7.817121	4.9774866	14.70258603	42.01016268	134.3407724	0.956552868	0.621470305	0.86683669	124.175	3	148.1995649	NaN	NaN	3	1.1644325	2.49928	732.1470003	70.44079113	805.0376488	5	4	0.266792251	1.741289091	NaN
24_8_15_2	Mouse NAc Patch-seq 24_8_15_2	Batch1	-71.87883002	-76.19832357	473.6328125	17.82185942	-32.07397461	78.79638672	1.9	3.574335224	-9.979248047	0	1.160606061	9	70	1.051787294	361.9	170.6	1.25	0.00072316	0.105104382	1.076121082	0.63507982	0.1695	13.95134888	0.848496835	0.968053456	0.77348376	0.111382352	0	0	0	[70.0, 80.0, 90.0, 100.0, 110.0, 120.0, 130.0, 140.0, 150.0, 160.0, 170.0, 180.0, 190.0, 200.0, 210.0, 220.0, 230.0, 240.0]	[2, 5, 6, 7, 9, 9, 9, 9, 9, 9, 8, 8, 8, 8, 9, 8, 8, 8]	0	10	-50	NR	NR	NR	NR	NR	NR	NR	NR	NR	NR	NR	NR	NR	NR	NR	NR	NR	NR	NR	NR	NR	NR	NR	NR	NR	NR	NR	NR
24_8_15_3	Mouse NAc Patch-seq 24_8_15_3	Batch1	-56.62854699	-51.84936523	401.3061523	35.76805436	-46.69189453	78.18603516	0.8	1.699370661	-11.16943359	0	0.980806142	44	-10	1.035574848	80.5	19.3	0.76	0.00053116	0.195924437	1.011542704	0.453151731	0.2449	17.45840454	0.943403591	0.993370155	0.215024221	0.058516986	0	0	6	[-10.0, 0.0, 10.0, 20.0, 30.0, 40.0, 50.0, 60.0, 70.0, 80.0, 90.0, 100.0, 110.0, 120.0, 130.0, 140.0, 150.0, 160.0, 170.0, 180.0, 190.0, 200.0, 210.0, 220.0, 230.0, 240.0]	[3, 6, 8, 10, 13, 16, 18, 20, 21, 24, 26, 28, 29, 31, 32, 34, 35, 37, 37, 39, 39, 42, 41, 42, 44, 44]	0	10	-50	NR	NR	NR	NR	NR	NR	NR	NR	NR	NR	NR	NR	NR	NR	NR	NR	NR	NR	NR	NR	NR	NR	NR	NR	NR	NR	NR	NR
24_8_2_2	Mouse NAc Patch-seq 24_8_2_2	Batch1	-61.17891072	-69.17521159	303.3447266	18.99082755	-20.29418945	79.86450195	2	3.529232055	-10.7421875	0	1.372239748	9	110	1.079337343	549.7	223.7	0.8	0.002634051	0.197286753	1.259850355	0	0.4416	29.7672699	0.928296068	0.972327498	0.647199077	0.101299825	0	0	0	[120.0, 130.0, 140.0, 150.0, 160.0, 170.0, 180.0, 190.0, 200.0, 210.0, 220.0, 230.0, 240.0]	[1, 2, 3, 4, 5, 6, 7, 7, 7, 8, 8, 9, 9]	0	10	-50	NR	NR	NR	NR	NR	NR	NR	NR	NR	NR	NR	NR	NR	NR	NR	NR	NR	NR	NR	NR	NR	NR	NR	NR	NR	NR	NR	NR
24_8_2_3	Mouse NAc Patch-seq 24_8_2_3	Batch1	-60.93099767	-64.95768229	364.9902344	20.95500666	-25.63476563	83.67919922	1.9	4.024041066	-6.774902344	0	1.116	9	80	1.018670806	325	169.8	0.8	0.001430829	0.146560181	1.090288091	0	0.4261	29.28805542	0.910033321	0.969047052	1.280075205	0.143447595	0	0	0	[80.0, 90.0, 100.0, 110.0, 120.0, 130.0, 140.0, 150.0, 160.0, 170.0, 180.0, 190.0, 200.0, 210.0, 220.0, 230.0]	[2, 4, 6, 7, 7, 8, 8, 9, 9, 9, 9, 8, 3, 3, 2, 2]	0	10	-50	NR	NR	NR	NR	NR	NR	NR	NR	NR	NR	NR	NR	NR	NR	NR	NR	NR	NR	NR	NR	NR	NR	NR	NR	NR	NR	NR	NR
24_8_5_1	Mouse NAc Patch-seq 24_8_5_1	Batch1	-53.96953087	-50.3973098	329.4154576	7.709027542	-46.99707031	73.30322266	0.7	1.423699855	-19.50073242	0	0.919191919	58	11.14754098	1.045321965	7	2.5	0.870967742	6.54E-05	0.079295465	1.021325151	0.74943456	0.4224	26.81902771	0.959616986	0.995429916	0.077469268	0.035601162	0	0	0	[20.0, 30.0, 40.0, 50.0, 60.0, 70.0, 80.0, 90.0, 100.0, 110.0, 120.0, 130.0, 140.0, 150.0, 160.0, 170.0, 180.0, 190.0, 200.0, 210.0, 220.0, 230.0, 240.0]	[7, 10, 18, 21, 32, 35, 37, 40, 43, 44, 46, 49, 49, 51, 52, 53, 54, 55, 55, 55, 56, 57, 58]	0	10	-50	NR	NR	NR	NR	NR	NR	NR	NR	NR	NR	NR	NR	NR	NR	NR	NR	NR	NR	NR	NR	NR	NR	NR	NR	NR	NR	NR	NR
24_8_5_4	Mouse NAc Patch-seq 24_8_5_4	Batch1	-53.77467293	-52.2257487	833.1298828	43.61158612	-24.56665039	75.71411133	2.1	3.325895784	-14.09912109	0	1.173258004	17	30	1.048108223	294.8	44.6	0.7	0.001701978	0.214637955	1.142262829	0.4448606	0.3915	33.78920898	0.837061894	0.958659807	4.262966966	0.327740932	0	0	0	[30.0, 40.0, 50.0, 60.0, 70.0, 80.0, 90.0, 100.0, 110.0, 120.0, 130.0, 140.0, 150.0, 160.0, 170.0, 180.0, 190.0, 200.0, 210.0, 220.0, 230.0, 240.0]	[2, 4, 5, 7, 8, 9, 10, 11, 12, 12, 13, 14, 14, 16, 16, 16, 17, 13, 12, 6, 5, 4]	0	10	-50	246.28784	-305.39572	0	8.913468	11.219278	6.432751	20.41059674	57.72290985	247.5855759	0.933767537	0.594311227	0.813410688	153.67575	2	211.5273838	NaN	NaN	2	1.1060247	1.6786125	850.2037735	81.79918564	934.8478726	3	3	2.32294755	2.32294755	0.850189572
24_8_6_3	Mouse NAc Patch-seq 24_8_6_3	Batch1	-41.80721321	-42.7187965	882.3939732	47.81397771	-27.77099609	53.95507813	1.5	2.206290272	-11.59667969	0	1.144970414	9	10	1.07058922	44.3	24.7	0.5	0.001006224	0.129231631	1.055000191	3.395527784	0.3951	33.74784241	0.758746736	0.935614176	2.332491253	0.247992325	0	0	1	[10.0, 20.0, 30.0, 40.0, 50.0]	[3, 6, 8, 9, 8]	0	10	-50	NR	NR	NR	NR	NR	NR	NR	NR	NR	NR	NR	NR	NR	NR	NR	NR	NR	NR	NR	NR	NR	NR	NR	NR	NR	NR	NR	NR
24_8_7_2	Mouse NAc Patch-seq 24_8_7_2	Batch1	-55.39907812	-58.3437965	1982.247489	78.8923251	-42.63305664	59.75341797	1.8	2.195589854	-13.33618164	0	1.126182965	7	10	1.191653182	24.2	8.6	0	0.00696629	0.458184897	1.678955453	17.29147807	0.3473	52.82408447	0.802686429	0.910822712	1.402089215	0.171229384	0	0	3	[10.0, 20.0, 30.0, 40.0, 50.0, 60.0, 70.0]	[3, 6, 5, 6, 7, 4, 5]	0	10	-50	NR	NR	NR	NR	NR	NR	NR	NR	NR	NR	NR	NR	NR	NR	NR	NR	NR	NR	NR	NR	NR	NR	NR	NR	NR	NR	NR	NR
24_8_7_3	Mouse NAc Patch-seq 24_8_7_3	Batch1	-64.14220018	-63.88956706	442.679269	30.31755663	-29.90722656	63.2019043	2.8	2.345046915	-7.141113281	0	1.181484876	3	70	1.052176988	236.9	109.8	NaN	0.000823613	0.083193277	1.181484876	0.350711428	0.2928	24.30298157	0.788958148	0.827605485	1.4405418	0.159692563	0	0	0	[70.0, 80.0, 90.0, 100.0, 110.0]	[2, 3, 2, 2, 1]	0	10	-50	NR	NR	NR	NR	NR	NR	NR	NR	NR	NR	NR	NR	NR	NR	NR	NR	NR	NR	NR	NR	NR	NR	NR	NR	NR	NR	NR	NR
24_8_7_5	Mouse NAc Patch-seq 24_8_7_5	Batch1	-69.47700466	-64.55891927	471.8017578	44.07546748	-40.28320313	74.06616211	2.1	2.845788049	0.213623047	0	10.81896552	13	40	1.137763123	158.7	102.3	0.625	0.006243399	0.36143853	4.305211906	2.447595455	0.3562	30.10447998	0.845427222	1.007855001	1.060487519	0.131262709	0	0	0	[40.0, 50.0, 60.0, 70.0, 80.0, 90.0, 100.0, 110.0, 120.0, 130.0, 140.0, 150.0, 160.0, 170.0, 180.0, 190.0, 200.0, 210.0, 220.0, 230.0, 240.0]	[2, 3, 4, 5, 6, 6, 7, 8, 8, 8, 9, 9, 10, 10, 11, 11, 11, 12, 12, 12, 13]	0	10	-50	NR	NR	NR	NR	NR	NR	NR	NR	NR	NR	NR	NR	NR	NR	NR	NR	NR	NR	NR	NR	NR	NR	NR	NR	NR	NR	NR	NR
24_10_1_3	Mouse NAc Patch-seq 24_10_1_3	Batch2	-85.4275235	-89.70772879	477.2077288	12.80232389	-43.73168945	76.35498047	1.8	2.681677882	-11.62719727	0	1.137524558	10	90	1.112719776	206.2	116.6	1	0.001293303	0.147556039	1.069886457	0	0.1301	13.59477081	0.9184	0.980753863	0.785452067	0.116158913	0	0	0	[90.0, 100.0, 110.0, 120.0, 130.0, 140.0, 150.0, 160.0, 170.0, 180.0, 190.0, 200.0, 210.0, 220.0, 230.0]	[3, 5, 6, 8, 8, 9, 10, 10, 9, 10, 8, 5, 5, 3, 2]	0	10	-150	221.30182	-176.61182	0	9.512576	11.307938	7.813812	20.66971916	59.53553966	264.4679658	0.937627528	0.61901892	0.843658531	108.78478	4	124.4919243	NaN	NaN	4	1.0635631	1.2055985	791.2040682	30.07625407	546.8409807	9	4	0.566536345	2.621742041	NaN
24_8_20_1	Mouse NAc Patch-seq 24_8_20_1	Batch2	NR	NR	NR	NR	NR	NR	NR	NR	NR	NR	NR	NR	NR	NR	NR	NR	NR	NR	NR	NR	NR	NR	NR	NR	NR	NR	NR	NR	NR	NR	NR	NR	NR	NR	NR	NR	NR	NR	NR	NR	NR	NR	NR	NR	NR	NR	NR	NR	NR	NR	NR	NR	NR	NR	NR	NR	NR	NR	NR	NR	NR	NR	NR
24_8_20_2	Mouse NAc Patch-seq 24_8_20_2	Batch2	-75.89855123	-87.15035575	409.02274	10.90704163	-30.18188477	84.59472656	2	3.336796115	-14.31274414	0	0.98627685	8	110	1.040774816	378.6	166.3	1	0.000763711	0.098180151	1.012436242	0	0.0773	7.171965027	0.956102784	0.980415233	0.445290736	0.078293211	0	0	0	[120.0, 130.0, 140.0, 150.0, 160.0, 170.0, 180.0, 190.0, 200.0, 210.0, 220.0, 230.0, 240.0]	[1, 3, 3, 4, 5, 5, 6, 6, 7, 7, 8, 8, 8]	0	10	-150	NR	NR	NR	NR	NR	NR	NR	NR	NR	NR	NR	NR	NR	NR	NR	NR	NR	NR	NR	NR	NR	NR	NR	NR	NR	NR	NR	NR
24_8_20_4	Mouse NAc Patch-seq 24_8_20_4	Batch2	-60.68580741	-58.86986142	407.1916853	32.42823478	-29.9987793	83.43505859	1.9	4.0610618	-6.805419922	0	1.908798283	9	30	1.109892543	207.7	114.4	0.8	0.006705525	0.304884864	1.373024344	4.706477638	0.4162	39.59916382	0.923191648	0.980717187	0.735948043	0.105787926	0.375474083	0	0	[40.0, 50.0, 60.0, 70.0, 80.0, 90.0, 100.0, 110.0, 120.0, 130.0, 140.0, 150.0, 160.0, 170.0, 180.0, 190.0, 200.0, 210.0, 220.0, 230.0, 240.0]	[1, 2, 3, 4, 5, 5, 5, 6, 6, 7, 7, 7, 8, 8, 8, 8, 9, 8, 9, 9, 9]	0	10	-150	208.423	-218.84201	0	6.0646653	7.2735205	4.896574	13.46492308	37.96060019	102.9301121	0.897606873	0.567720651	0.836276096	138.89598	4	145.7354565	NaN	NaN	4	1.025231	1.2087032	570.7273357	54.91040056	627.5474599	5	3	0.439639956	2.483348676	NaN
24_8_20_5	Mouse NAc Patch-seq 24_8_20_5	Batch2	-56.54991044	-55.26733398	374.7558594	18.70502163	-29.51049805	56.640625	0.9	1.640226776	-21.27075195	0	0.900369004	31	53.15789474	1.040629644	478.2	102.3	0.823529412	0.000399904	0.142224522	1.014289688	0.083732295	0.3457	30.24811707	0.920831272	0.992248719	0.363549872	0.084128685	0	0	0	[60.0, 70.0, 80.0, 90.0, 100.0, 110.0, 120.0, 130.0, 140.0, 150.0, 160.0, 170.0, 180.0, 190.0, 200.0, 210.0, 220.0, 230.0, 240.0]	[1, 7, 12, 15, 16, 18, 20, 22, 23, 24, 25, 26, 28, 29, 29, 30, 31, 31, 31]	0	10	-150	NR	NR	NR	NR	NR	NR	NR	NR	NR	NR	NR	NR	NR	NR	NR	NR	NR	NR	NR	NR	NR	NR	NR	NR	NR	NR	NR	NR
24_8_21_1	Mouse NAc Patch-seq 24_8_21_1	Batch2	-65.997792	-68.4000651	619.5068359	16.56903396	-26.73339844	86.12060547	2.3	5.522558437	-10.52856445	0	0.997277677	11	60	1.134016708	173.9	108.6	0.571428571	0.005082553	0.298924253	1.044177435	0.345075041	0.1403	12.4560791	0.916575592	0.975307886	2.267810591	0.199569283	0.310704961	0	0	[60.0, 70.0, 80.0, 90.0, 100.0, 110.0, 120.0, 130.0, 140.0, 150.0, 160.0, 170.0, 180.0, 190.0, 200.0, 210.0, 220.0, 230.0, 240.0]	[4, 7, 8, 9, 10, 10, 10, 10, 10, 10, 10, 10, 10, 10, 10, 11, 10, 9, 9]	0	10	-150	198.97166	-230.34334	0	4.891276	6.4416766	4.058632	11.30196164	30.9752231	70.97388376	0.929564541	0.555636687	0.848547014	129.15863	5	132.8521652	NaN	NaN	5	1.0901663	1.3355635	831.4060662	79.99063283	914.1787017	6	3	0.19916081	2.60335697	NaN
24_8_21_2	Mouse NAc Patch-seq 24_8_21_2	Batch2	-75.4047541	-82.10100446	418.5267857	12.41697194	-30.91430664	81.60400391	1.8	3.652553116	-14.61791992	0	1.028023599	13	90	1.113593238	479	225.9	0.857142857	0.000831195	0.133316305	1.026620623	0.047189561	0.2248	20.4673584	0.963074604	0.990409894	0.845592873	0.119576538	0	0	0	[90.0, 100.0, 110.0, 120.0, 130.0, 140.0, 150.0, 160.0, 170.0, 180.0, 190.0, 200.0, 210.0, 220.0, 230.0, 240.0]	[1, 4, 6, 7, 8, 9, 10, 11, 11, 12, 12, 12, 12, 12, 12, 13]	0	10	-150	NR	NR	NR	NR	NR	NR	NR	NR	NR	NR	NR	NR	NR	NR	NR	NR	NR	NR	NR	NR	NR	NR	NR	NR	NR	NR	NR	NR
24_8_21_3	Mouse NAc Patch-seq 24_8_21_3	Batch2	-66.04464305	-63.2039388	589.5996094	24.0883512	-41.32080078	95.61157227	1.9	4.577022358	-6.286621094	0	0.998341625	16	30	1.05215927	171.4	70.2	0.777777778	0.001355872	0.187809568	1.032861374	0.342002939	0.1614	18.07512512	0.936163422	0.975996678	2.58323781	0.216603927	0	0	0	[30.0, 40.0, 50.0, 60.0, 70.0, 80.0, 90.0, 100.0, 110.0, 120.0, 130.0, 140.0, 150.0, 160.0, 170.0, 180.0, 190.0, 200.0, 210.0, 220.0, 230.0, 240.0]	[3, 5, 7, 8, 8, 9, 10, 11, 11, 12, 12, 13, 14, 14, 14, 15, 15, 15, 16, 15, 16, 16]	0	10	-150	348.29703	-244.56702	0	8.415556	9.679628	5.6944757	18.90714081	53.40190178	208.8775359	0.920424462	0.584305559	0.777355175	399.20798	5	404.3671532	NaN	NaN	5	1.0754305	1.4534731	1887.338329	181.5832182	2075.236882	10	8	0.209515633	2.765199948	NaN
24_8_22_1	Mouse NAc Patch-seq 24_8_22_1	Batch2	-84.69594327	-94.77277483	343.8895089	7.326868231	-40.86303711	81.78710938	1.7	3.004411094	-10.68115234	0	1.032258065	13	130	1.080500563	461.8	265.3	1.166666667	0.000186425	0.063643656	1.028553637	0.093245717	0.1107	10.93277588	0.982972136	0.993807376	0.180285528	0.051634876	0	0	0	[130.0, 140.0, 150.0, 160.0, 170.0, 180.0, 190.0, 200.0, 210.0, 220.0, 230.0, 240.0]	[1, 4, 6, 7, 8, 9, 10, 11, 11, 12, 12, 13]	0	10	-150	-1510.3446	383.70456	0	9.096398	10.282464	7.899047	19.67469217	57.03209231	242.5065536	0.936903226	0.626480543	0.93173912	130.71451	6	148.4079218	NaN	NaN	6	1.0698191	1.2806036	1278.708301	123.0261459	1406.013155	10	3	0.008816176	1.673580706	NaN
24_8_23_2	Mouse NAc Patch-seq 24_8_23_2	Batch2	-40.68520036	-40.3628142	197.3027768	10.19565502	-34.11865234	63.50708008	2.8	2.028349872	-5.981445313	0	NaN	1	-10	0.996833431	347	12.3	NaN	NaN	NaN	NaN	0	0.1583	9.646707153	NaN	NaN	NaN	NaN	0	0	0	[-10.0, 40.0, 50.0, 60.0, 70.0, 80.0, 90.0, 100.0, 110.0, 120.0, 130.0]	[1, 1, 1, 1, 1, 1, 1, 1, 1, 1, 1]	0	10	-150	206.92142	-216.24785	0	6.5088153	8.374409	4.6680017	14.2740482	43.18392168	134.1655665	0.904079816	0.658486311	0.968671517	218.67921	5	228.8894386	NaN	NaN	5	1.0431712	1.2814727	1835.844174	176.628894	2018.61602	13	4	0.169464542	2.53928749	NaN
24_8_23_3	Mouse NAc Patch-seq 24_8_23_3	Batch2	-83.61334998	-93.03065709	366.9956752	9.032072491	-42.66357422	83.0078125	2	3.604447321	-7.781982422	0	0.962472406	11	101	1.101448235	586	240.4	0.833333333	0.002724312	0.224010566	1.069875192	0	0.1128	10.82997437	0.894166043	0.978351439	0.99008631	0.127436371	0	0	0	[110.0, 120.0, 130.0, 140.0, 150.0, 160.0, 170.0, 180.0, 190.0, 200.0, 210.0, 220.0, 230.0, 240.0]	[1, 4, 7, 8, 9, 10, 10, 11, 10, 11, 10, 10, 9, 10]	0	10	-150	202.03911	-170.78636	0	7.9779253	10.31055	6.0528493	18.76125456	52.00153735	200.4381225	0.931446304	0.569451281	0.987919904	124.12285	7	132.1857958	NaN	NaN	7	1.040926	1.1767969	1345.909735	129.4916837	1479.905021	11	4	0.088873626	2.830106854	NaN
24_8_23_4	Mouse NAc Patch-seq 24_8_23_4	Batch2	-61.11849605	-61.92307245	673.3049665	39.68476606	-32.31811523	49.43847656	1.2	1.562931459	-18.5546875	0	1.317939609	17	10	1.042808784	308.6	155.6	0.545454545	0.006177109	0.414770273	1.182326631	0.07608208	0.3879	45.89447327	0.992861392	0.995773392	1.401876678	0.183701741	0	0	0	[10.0, 20.0, 30.0, 40.0, 50.0, 60.0, 70.0, 80.0, 90.0, 100.0, 110.0, 120.0, 130.0, 140.0, 150.0, 160.0, 170.0, 180.0, 190.0, 200.0, 210.0, 220.0, 230.0, 240.0]	[2, 3, 5, 7, 7, 9, 8, 10, 10, 11, 12, 12, 13, 9, 13, 11, 15, 9, 17, 11, 10, 7, 12, 8]	0	10	-150	NR	NR	NR	NR	NR	NR	NR	NR	NR	NR	NR	NR	NR	NR	NR	NR	NR	NR	NR	NR	NR	NR	NR	NR	NR	NR	NR	NR
24_8_23_5	Mouse NAc Patch-seq 24_8_23_5	Batch2	-66.52857926	-64.51416016	453.4912109	11.01288427	-30.48706055	67.6574707	0.9	1.684928215	-19.89746094	0	1.003802281	38	54.07407407	1.0244571	276.1	126.9	0.80952381	0.000308996	0.139251182	1.142786183	0.534360289	0.3602	33.23681946	1.034926471	0.99060015	1.388928432	0.174929602	0	0	0	[60.0, 70.0, 80.0, 90.0, 100.0, 110.0, 120.0, 130.0, 140.0, 150.0, 160.0, 170.0, 180.0, 190.0, 200.0, 210.0, 220.0, 230.0, 240.0]	[1, 4, 8, 11, 11, 19, 17, 24, 24, 26, 29, 29, 31, 29, 33, 29, 37, 38, 24]	0	10	-150	NR	NR	NR	NR	NR	NR	NR	NR	NR	NR	NR	NR	NR	NR	NR	NR	NR	NR	NR	NR	NR	NR	NR	NR	NR	NR	NR	NR
24_8_24_3	Mouse NAc Patch-seq 24_8_24_3	Batch2	-63.14209321	-58.62339565	423.2352121	25.41924206	-45.80688477	85.14404297	1	1.75443246	-12.48168945	0	1.038135593	43	16.05263158	1.162939801	98.8	88.1	0.72	0.000536675	0.194569983	1.139105321	5.932431985	0.4838	53.06868744	0.958867925	0.98426079	2.069569336	0.207602792	0	0	0	[20.0, 30.0, 40.0, 50.0, 60.0, 70.0, 80.0, 90.0, 100.0, 110.0, 120.0, 130.0, 140.0, 150.0, 160.0, 170.0, 180.0, 190.0, 200.0, 210.0, 220.0, 230.0, 240.0]	[12, 5, 10, 12, 17, 20, 23, 25, 28, 30, 31, 34, 35, 36, 37, 38, 40, 41, 40, 41, 42, 42, 43]	0	10	-150	NR	NR	NR	NR	NR	NR	NR	NR	NR	NR	NR	NR	NR	NR	NR	NR	NR	NR	NR	NR	NR	NR	NR	NR	NR	NR	NR	NR
24_8_24_4	Mouse NAc Patch-seq 24_8_24_4	Batch2	-83.1359331	-90.54245722	301.9496373	12.57141119	-38.26904297	83.64868164	1.8	2.810756053	-9.674072266	0	1.821052632	4	161.4285714	1.074086622	248.8	150.2	NaN	0.041445027	0.498967862	1.930355634	0.108949159	0.1375	13.30797577	0.89044201	0.939777843	0.262320347	0.058786992	0	0	0	[170.0, 180.0, 190.0, 200.0, 210.0, 220.0, 230.0, 240.0]	[1, 1, 2, 2, 4, 2, 4, 4]	0	10	-150	185.77847	-178.04845	0	8.62296	11.954473	6.143397	20.93384648	55.66061147	216.026243	0.876234665	0.492956324	0.708834546	135.15236	5	186.9524975	NaN	NaN	5	1.1318287	1.7093997	1208.465485	116.2680007	1328.777208	8	4	0.374673155	2.087532973	NaN
24_8_26_1	Mouse NAc Patch-seq 24_8_26_1	Batch2	-50.21430231	-47.55219959	311.453683	32.3504547	-38.02490234	79.16259766	2	2.82867584	-9.399414063	0	1.167213115	7	10	0.998985455	107	66.4	0.75	0.001876466	0.150359644	1.096302355	0	0.1836	15.11139832	0.871144084	0.95887088	0.475982475	0.087688086	0	0	0	[10.0, 20.0, 30.0, 40.0, 50.0, 60.0, 70.0, 80.0, 90.0, 100.0, 110.0, 120.0, 130.0, 140.0, 150.0, 160.0, 170.0, 180.0]	[2, 4, 5, 6, 7, 7, 7, 7, 7, 6, 5, 3, 3, 2, 2, 2, 2, 2]	0	10	-150	NR	NR	NR	NR	NR	NR	NR	NR	NR	NR	NR	NR	NR	NR	NR	NR	NR	NR	NR	NR	NR	NR	NR	NR	NR	NR	NR	NR
24_8_26_4	Mouse NAc Patch-seq 24_8_26_4	Batch2	-71.87513307	-71.80175781	543.0385045	11.53166431	-28.96118164	78.88793945	1.9	2.817756571	-16.17431641	0	0.998573466	15	62.30769231	1.097814397	548	347.3	0.875	0.000735202	0.134793053	1.002145927	0.801838412	0.1085	10.55166931	0.999174577	0.99111282	0.54430946	0.094559569	0	0	0	[70.0, 80.0, 90.0, 100.0, 110.0, 120.0, 130.0, 140.0, 150.0, 160.0, 170.0, 180.0, 190.0, 200.0, 210.0, 220.0, 230.0, 240.0]	[1, 2, 4, 5, 6, 8, 8, 9, 10, 11, 12, 13, 13, 14, 14, 15, 15, 15]	0	10	-150	NR	NR	NR	NR	NR	NR	NR	NR	NR	NR	NR	NR	NR	NR	NR	NR	NR	NR	NR	NR	NR	NR	NR	NR	NR	NR	NR	NR
24_8_27_2	Mouse NAc Patch-seq 24_8_27_2	Batch2	-79.02422036	-91.74194336	409.5458984	8.623426306	-31.40258789	77.30102539	2	3.745586642	-15.10620117	0	1.388535032	8	110	1.079363779	242	155.7	1	0.004394392	0.23418317	1.275512532	0	0.1011	9.300012207	0.87189441	0.945812103	2.382841815	0.207770221	0	0	0	[110.0, 120.0, 130.0, 140.0, 150.0, 160.0, 170.0, 180.0, 190.0, 200.0, 210.0, 220.0, 230.0, 240.0]	[2, 3, 4, 5, 5, 6, 6, 7, 7, 7, 7, 8, 6, 6]	0	10	-150	NR	NR	NR	NR	NR	NR	NR	NR	NR	NR	NR	NR	NR	NR	NR	NR	NR	NR	NR	NR	NR	NR	NR	NR	NR	NR	NR	NR
24_8_27_3	Mouse NAc Patch-seq 24_8_27_3	Batch2	-52.68429621	-51.59592401	748.6397879	26.53370042	-35.8581543	99.27368164	1.8	4.345494538	-11.07788086	0	1.064908722	16	20	1.091801203	68.9	27.2	0.777777778	0.00082586	0.146741074	1.04147232	0	0.2699	31.00491943	0.886135508	0.966883386	2.146630682	0.193468985	0	0	0	[20.0, 30.0, 40.0, 50.0, 60.0, 70.0, 80.0, 90.0, 100.0, 110.0, 120.0, 130.0, 140.0, 150.0, 160.0, 170.0, 180.0]	[3, 6, 8, 9, 10, 11, 12, 12, 13, 14, 14, 15, 15, 16, 16, 16, 16]	0	10	-150	287.62918	-276.00085	0	7.2819095	10.074427	5.184198	16.49324569	47.48465188	169.8769573	0.946755465	0.624485295	0.876100749	149.29236	9	161.9419937	NaN	NaN	9	1.0881319	1.77326	1174.820165	113.0309411	1291.782241	5	2	0.00059802	2.53001804	NaN
24_8_27_5	Mouse NAc Patch-seq 24_8_27_5	Batch2	-72.84494645	-80.80037435	285.1213728	8.885214001	-32.44018555	84.77783203	2	3.216560592	-9.979248047	0	1.025270758	10	140	1.011456949	493.8	256.4	1	9.29E-05	0.039056991	1.003663004	0	0.0312	2.790779114	1.000730994	0.995961215	0.048360311	0.025151601	0	0	0	[140.0, 150.0, 160.0, 170.0, 180.0, 190.0, 200.0, 210.0, 220.0, 230.0, 240.0]	[1, 3, 4, 5, 6, 7, 8, 8, 9, 10, 10]	0	10	-150	NR	NR	NR	NR	NR	NR	NR	NR	NR	NR	NR	NR	NR	NR	NR	NR	NR	NR	NR	NR	NR	NR	NR	NR	NR	NR	NR	NR
24_9_11_2	Mouse NAc Patch-seq 24_9_11_2	Batch2	-52.19699309	-50.36621094	278.3203125	26.63833903	-36.22436523	86.70043945	2.7	5.20230193	-7.690429688	0	0.983039349	12	30	1.004219737	191.1	56.1	0.714285714	0.000692321	0.114498372	1.063573621	0	0.3083	24.22194519	0.959396335	0.982521038	0.674336512	0.100261223	0	0	0	[30.0, 40.0, 50.0, 60.0, 70.0, 80.0, 90.0, 100.0, 110.0, 120.0, 130.0, 140.0, 150.0, 160.0, 170.0, 180.0, 190.0, 200.0, 210.0, 220.0, 230.0, 240.0]	[2, 4, 4, 5, 6, 7, 7, 8, 9, 9, 9, 10, 10, 11, 11, 11, 11, 12, 12, 12, 12, 12]	0	10	-150	NR	NR	NR	NR	NR	NR	NR	NR	NR	NR	NR	NR	NR	NR	NR	NR	NR	NR	NR	NR	NR	NR	NR	NR	NR	NR	NR	NR
24_9_11_5	Mouse NAc Patch-seq 24_9_11_5	Batch2	-63.93833331	-61.44351051	803.9202009	16.19735506	-22.30834961	65.97900391	2.7	3.013581075	-9.582519531	0	1.790030211	5	40	1.115185142	243.6	115.7	NaN	0.006159051	0.2369213	1.309811464	0.423815666	0.2693	26.48854675	0.80620155	0.922663679	0.886271533	0.128462601	0	0	0	[40.0, 50.0, 60.0, 70.0, 80.0, 90.0]	[2, 4, 5, 3, 1, 1]	0	10	-150	NR	NR	NR	NR	NR	NR	NR	NR	NR	NR	NR	NR	NR	NR	NR	NR	NR	NR	NR	NR	NR	NR	NR	NR	NR	NR	NR	NR
24_9_12_3	Mouse NAc Patch-seq 24_9_12_3	Batch2	-65.43695354	-63.60880534	388.8811384	17.77355708	-36.25488281	83.61816406	2.1	3.27777951	-8.117675781	0	0.867435159	13	70	1.04670133	338.8	205.1	0.857142857	0.000315576	0.082343815	1.013912749	0	0.085	8.259931946	0.967664671	0.9888214	0.43671944	0.085750694	0	0	0	[70.0, 80.0, 90.0, 100.0, 110.0, 120.0, 130.0, 140.0, 150.0, 160.0, 170.0, 180.0, 190.0, 200.0, 210.0]	[2, 4, 6, 8, 9, 10, 11, 11, 12, 13, 13, 13, 13, 12, 9]	0	10	-150	NR	NR	NR	NR	NR	NR	NR	NR	NR	NR	NR	NR	NR	NR	NR	NR	NR	NR	NR	NR	NR	NR	NR	NR	NR	NR	NR	NR
24_9_13_1	Mouse NAc Patch-seq 24_9_13_1	Batch2	-63.44821263	-62.97636486	497.7852958	34.26368573	-42.48046875	94.20776367	2.2	4.941328238	-3.875732422	0	1.240700219	10	30	1.181094581	175.1	98.4	0.666666667	0.002077174	0.182531381	1.10339807	4.89392324	0.4762	51.91214294	0.908458058	0.966483323	2.000746673	0.181048597	0	0	0	[30.0, 40.0, 50.0, 60.0, 70.0, 80.0, 90.0, 100.0, 110.0, 120.0, 130.0, 140.0, 150.0, 160.0]	[2, 3, 5, 6, 7, 7, 8, 9, 9, 9, 10, 10, 10, 10]	0	10	-150	NR	NR	NR	NR	NR	NR	NR	NR	NR	NR	NR	NR	NR	NR	NR	NR	NR	NR	NR	NR	NR	NR	NR	NR	NR	NR	NR	NR
24_9_13_2	Mouse NAc Patch-seq 24_9_13_2	Batch2	-79.65686049	-87.06490653	405.6222098	9.937479206	-37.87231445	87.76855469	1.9	3.825370284	-11.29150391	0	1.119733925	10	100	1.074524694	340	149	1	0.001095966	0.131778845	1.078367099	0	0.0733	6.984945679	0.919648886	0.973025903	1.226191879	0.136423103	0	0	0	[100.0, 110.0, 120.0, 130.0, 140.0, 150.0, 160.0, 170.0, 180.0, 190.0, 200.0, 210.0, 220.0, 230.0, 240.0]	[1, 3, 4, 5, 6, 6, 7, 8, 8, 8, 9, 9, 9, 10, 10]	0	10	-150	NR	NR	NR	NR	NR	NR	NR	NR	NR	NR	NR	NR	NR	NR	NR	NR	NR	NR	NR	NR	NR	NR	NR	NR	NR	NR	NR	NR
24_9_16_1	Mouse NAc Patch-seq 24_9_16_1	Batch2	-80.44459355	-87.3479934	480.1722935	10.4738136	-36.19384766	77.4230957	1.8	3.402907129	-12.75634766	0	0.954433498	11	90	1.096848733	331.2	173	0.833333333	0.000839969	0.126754662	1.011721251	0	0.1965	18.87267761	0.968860859	0.977231008	0.536499222	0.094102124	0	0	0	[90.0, 100.0, 110.0, 120.0, 130.0, 140.0, 150.0, 160.0, 170.0, 180.0, 190.0, 200.0, 210.0, 220.0, 230.0, 240.0]	[3, 6, 8, 9, 10, 10, 10, 11, 11, 11, 11, 11, 10, 10, 10, 10]	0	10	-150	193.325	-176.01213	0	8.23573	10.52323	5.916691	19.44294426	53.14683321	207.1981616	0.921809072	0.548102566	0.719697658	119.654915	4	141.5234919	NaN	NaN	4	1.0902712	1.3676052	975.9401054	93.89643756	1073.102186	10	3	0.43643815	1.668448739	NaN
24_9_16_3	Mouse NAc Patch-seq 24_9_16_3	Batch2	-57.86266687	-55.74718657	645.8391462	32.63996496	-35.24780273	87.82958984	1.9	4.201456991	-4.730224609	0	1.294382022	9	20	1.055410217	147.8	62.3	0.5	0.015040152	0.458561068	1.369150701	2.131550062	0.4391	46.95444183	0.884133612	0.982296955	2.748058905	0.205408385	0	0	0	[20.0, 30.0, 40.0, 50.0, 60.0, 70.0, 80.0, 90.0, 100.0, 110.0]	[3, 5, 6, 7, 8, 9, 8, 9, 9, 8]	0	10	-150	321.1682	-392.1291	0	7.811011	10.458103	5.8323307	19.74173741	49.31265084	161.9889268	0.837102221	0.415637368	0.570114624	288.20926	5	309.073494	NaN	NaN	5	1.0350244	1.0760694	1037.597637	99.82858843	1140.898203	4	2	0.223286523	2.234888673	NaN
24_9_17_1	Mouse NAc Patch-seq 24_9_17_1	Batch2	-68.64087368	-67.80773344	553.9376395	18.52458207	-40.3137207	73.88305664	2.3	2.800044604	-11.74926758	0	0.868956743	11	40	1.093997622	332.6	125.9	0.833333333	0.001210987	0.147449132	1.043834013	0	0.1191	12.21500702	0.886709367	0.981859171	0.498292558	0.090123838	0	0	0	[40.0, 50.0, 60.0, 70.0, 80.0, 90.0, 100.0, 110.0]	[2, 7, 9, 10, 11, 11, 9, 8]	0	10	-150	NR	NR	NR	NR	NR	NR	NR	NR	NR	NR	NR	NR	NR	NR	NR	NR	NR	NR	NR	NR	NR	NR	NR	NR	NR	NR	NR	NR
24_9_19_1	Mouse NAc Patch-seq 24_9_19_1	Batch2	-71.86433319	-75.99080404	305.0013951	12.88278869	-26.21459961	82.24487305	2.2	3.296366047	-9.948730469	0	1.275675676	8	140	1.076315054	487.3	216.8	0.5	0.00462347	0.235197568	1.437096312	0.078413767	0.1343	11.68294678	0.913301223	0.963798966	0.315570328	0.066360338	0	2	0	[140.0, 150.0, 160.0, 170.0, 180.0, 190.0, 200.0, 210.0, 220.0, 230.0, 240.0]	[1, 2, 2, 3, 4, 4, 6, 6, 8, 8, 8]	0	10	-150	NR	NR	NR	NR	NR	NR	NR	NR	NR	NR	NR	NR	NR	NR	NR	NR	NR	NR	NR	NR	NR	NR	NR	NR	NR	NR	NR	NR
24_9_19_2	Mouse NAc Patch-seq 24_9_19_2	Batch2	-62.35929988	-63.20626395	244.4022042	16.32730574	-26.58081055	73.91357422	1.6	2.957506667	-14.9230957	0	1.046439628	13	102	1.021953527	548.1	231.9	0.857142857	0.000529013	0.104790611	1.064855949	0.623871013	0.0945	7.820013428	0.966503268	0.989374152	0.673915814	0.106414772	0	0	0	[110.0, 120.0, 130.0, 140.0, 150.0, 160.0, 170.0, 180.0, 190.0, 200.0, 210.0, 220.0, 230.0, 240.0]	[1, 3, 4, 6, 7, 8, 9, 10, 10, 11, 11, 12, 12, 13]	0	10	-150	209.15186	-180.95181	0	5.7379284	7.930691	3.7076397	15.07513724	36.30228683	83.51714789	0.796374877	0.367496414	0.507268858	119.24982	3	145.9366522	NaN	NaN	3	1.0686431	1.3798332	622.2235103	59.86491361	684.1704706	5	4	0.113740684	1.740151816	NaN
24_9_20_2	Mouse NAc Patch-seq 24_9_20_2	Batch2	-53.78556737	-51.79123651	539.4635882	17.44230918	-15.13671875	70.06835938	2.2	3.163813383	-12.17651367	0	1.242833052	9	53.125	1.111411428	458.2	158.6	0.8	0.004162514	0.245680866	1.570332004	0.022586551	0.1459	13.17397461	0.877894737	0.956922274	0.697743275	0.115001422	0	0	0	[60.0, 70.0, 80.0, 90.0, 100.0, 110.0, 120.0, 130.0, 140.0, 150.0, 160.0, 170.0]	[1, 3, 4, 6, 5, 7, 8, 9, 8, 8, 4, 5]	0	10	-150	NR	NR	NR	NR	NR	NR	NR	NR	NR	NR	NR	NR	NR	NR	NR	NR	NR	NR	NR	NR	NR	NR	NR	NR	NR	NR	NR	NR
24_9_20_3	Mouse NAc Patch-seq 24_9_20_3	Batch2	-59.71871522	-49.19840495	281.9824219	16.93892994	-40.80200195	72.87597656	1.1	1.681487401	-13.21411133	0	1.36	25	76.25	1.054993178	9.3	8.9	0.666666667	0.001032303	0.20908971	1.028455043	0	0.0643	6.782037354	0.676653696	0.984523414	0.946044496	0.138919981	0	0	0	[80.0, 90.0, 100.0, 110.0, 120.0, 130.0, 140.0, 150.0, 160.0, 170.0, 180.0, 190.0, 200.0, 210.0, 220.0, 230.0, 240.0]	[1, 1, 15, 10, 22, 6, 24, 16, 21, 25, 17, 23, 18, 20, 18, 13, 24]	0	10	-150	NR	NR	NR	NR	NR	NR	NR	NR	NR	NR	NR	NR	NR	NR	NR	NR	NR	NR	NR	NR	NR	NR	NR	NR	NR	NR	NR	NR
24_9_20_4	Mouse NAc Patch-seq 24_9_20_4	Batch2	-97.44618099	-106.2069847	452.9680525	7.105109594	-53.31420898	79.49829102	1.8	3.333685918	-12.08496094	0	1.072386059	17	90	1.093687194	263	130.8	0.888888889	0.000440631	0.110336881	1.036861763	0.089914578	0.0581	6.539363098	1.011346445	0.997104963	0.324636819	0.068478979	0	0	0	[90.0, 100.0, 110.0, 120.0, 130.0, 140.0, 150.0, 160.0, 170.0, 180.0, 190.0, 200.0, 210.0, 220.0, 230.0, 240.0]	[5, 8, 9, 11, 12, 13, 14, 14, 15, 15, 16, 16, 17, 17, 17, 17]	0	10	-150	NR	NR	NR	NR	NR	NR	NR	NR	NR	NR	NR	NR	NR	NR	NR	NR	NR	NR	NR	NR	NR	NR	NR	NR	NR	NR	NR	NR
24_9_20_6	Mouse NAc Patch-seq 24_9_20_6	Batch2	-69.84105663	-72.17203776	473.5456194	13.27915743	-31.43310547	71.53320313	2.3	3.377096658	-7.32421875	0	1.12084063	10	70	1.05216491	266	153.7	0.666666667	0.000871265	0.120850849	1.090844697	0.203470995	0.0706	6.682312012	0.935375577	0.9777507	1.175413311	0.145919385	0	0	0	[70.0, 80.0, 90.0, 100.0, 110.0, 120.0, 130.0, 140.0, 150.0, 160.0, 170.0, 180.0, 190.0, 200.0]	[2, 4, 5, 6, 8, 8, 9, 9, 9, 10, 10, 8, 6, 5]	0	10	-150	NR	NR	NR	NR	NR	NR	NR	NR	NR	NR	NR	NR	NR	NR	NR	NR	NR	NR	NR	NR	NR	NR	NR	NR	NR	NR	NR	NR
24_9_23_1	Mouse NAc Patch-seq 24_9_23_1	Batch2	-73.62491026	-79.9487886	324.3582589	12.36504838	-30.36499023	78.46069336	1.8	3.497636686	-11.87133789	0	1.041262136	10	120	1.031678715	543	259.4	1	0.000254126	0.064924124	1.061552889	0	0.0782	6.89909668	0.97255978	0.989771498	0.277223465	0.06403159	0	0	0	[120.0, 130.0, 140.0, 150.0, 160.0, 170.0, 180.0, 190.0, 200.0, 210.0, 220.0, 230.0, 240.0]	[1, 3, 4, 5, 6, 7, 7, 8, 8, 9, 10, 10, 10]	0	10	-150	NR	NR	NR	NR	NR	NR	NR	NR	NR	NR	NR	NR	NR	NR	NR	NR	NR	NR	NR	NR	NR	NR	NR	NR	NR	NR	NR	NR
24_9_23_2	Mouse NAc Patch-seq 24_9_23_2	Batch2	-61.20639501	-66.55360631	386.7885045	13.20329543	-19.50073242	84.2590332	1.9	2.953793023	-13.91601563	0	1.088646967	15	93.33333333	1.042291432	437.9	216.9	0.875	0.000607573	0.121352781	1.04095662	0	0.056	4.666622925	1.011388685	1.000406048	0.182803699	0.050364734	0	0	0	[100.0, 110.0, 120.0, 130.0, 140.0, 150.0, 160.0, 170.0, 180.0, 190.0, 200.0, 210.0, 220.0, 230.0, 240.0]	[1, 3, 5, 7, 8, 9, 10, 11, 11, 12, 13, 14, 14, 14, 15]	0	10	-150	NR	NR	NR	NR	NR	NR	NR	NR	NR	NR	NR	NR	NR	NR	NR	NR	NR	NR	NR	NR	NR	NR	NR	NR	NR	NR	NR	NR
24_9_24_1	Mouse NAc Patch-seq 24_9_24_1	Batch2	-57.06056499	-57.84970238	690.0460379	13.44835479	-21.45385742	76.56860352	2.3	3.01315464	-9.490966797	0	1.239224138	10	60	1.156376399	135.4	59.2	0.666666667	0.001914169	0.180461096	1.082298004	0.646924957	0.083	7.138186646	0.822040498	0.959670881	2.511895716	0.23111304	0	0	0	[60.0, 70.0, 80.0, 90.0, 100.0, 110.0, 120.0]	[4, 6, 8, 9, 9, 10, 2]	0	10	-150	NR	NR	NR	NR	NR	NR	NR	NR	NR	NR	NR	NR	NR	NR	NR	NR	NR	NR	NR	NR	NR	NR	NR	NR	NR	NR	NR	NR
24_9_24_2	Mouse NAc Patch-seq 24_9_24_2	Batch2	-68.21480302	-80.30482701	414.6030971	8.334817182	-28.07617188	87.79907227	1.9	3.43806398	-6.927490234	0	0.85767098	15	110	1.051420669	270.4	170.7	0.875	0.000897324	0.148679077	1.016838489	0.036843084	0.0698	5.974276733	0.975103734	0.992215257	0.447760958	0.082119301	0	0	0	[110.0, 120.0, 130.0, 140.0, 150.0, 160.0, 170.0, 180.0, 190.0, 200.0, 210.0, 220.0, 230.0, 240.0]	[4, 6, 7, 9, 10, 11, 12, 13, 13, 14, 14, 14, 14, 15]	0	10	-150	207.81302	-194.884	0	4.988937	7.3545575	2.9867787	12.82382145	32.69223803	69.57921593	0.818088127	0.423101539	0.612455005	89.3512	5	94.20168114	NaN	NaN	5	1.0364184	1.1287262	519.8025179	50.01085935	571.5527061	5	3	0.04998312	1.063763099	NaN
24_9_24_3	Mouse NAc Patch-seq 24_9_24_3	Batch2	-68.5498957	-70.93157087	345.2845982	28.01105347	-35.06469727	81.08520508	2	3.994860442	-2.380371094	0	5.798882682	8	90	1.061573904	142.1	90.4	0.6	0.014814515	0.423390455	4.981843575	1.131681741	0.3671	33.90235901	0.83701761	0.975731818	1.483630505	0.146183092	0	0	0	[90.0, 100.0, 110.0, 120.0, 130.0, 140.0, 150.0, 160.0, 170.0, 180.0, 190.0, 200.0, 210.0, 220.0, 230.0, 240.0]	[1, 2, 3, 3, 3, 4, 5, 5, 6, 6, 6, 7, 7, 8, 8, 8]	0	10	-150	414.89383	-276.32	0	9.949326	12.0395565	7.86536	22.55312253	64.24553267	300.1618867	0.913859734	0.590122519	0.838085651	352.37885	8	446.0624352	NaN	NaN	8	1.0691814	1.2962557	3233.748896	311.1230855	3555.692575	13	8	0.080330876	2.299009561	NaN
24_9_24_4	Mouse NAc Patch-seq 24_9_24_4	Batch2	-77.8062823	-88.33443778	224.1734096	10.53990877	-35.55297852	81.14624023	1.5	2.774773723	-15.96069336	0	0.934599156	6	192.3076923	1.008018577	592.1	337.4	2	0.000792333	0.09791714	1.064792122	0	0.3147	28.27887268	0.995112782	0.993536415	0.011622367	0.012144906	0	0	0	[200.0, 210.0, 220.0, 230.0, 240.0]	[1, 2, 4, 5, 6]	0	10	-150	NR	NR	NR	NR	NR	NR	NR	NR	NR	NR	NR	NR	NR	NR	NR	NR	NR	NR	NR	NR	NR	NR	NR	NR	NR	NR	NR	NR
24_9_24_6	Mouse NAc Patch-seq 24_9_24_6	Batch2	-47.66607641	-44.93640718	474.3303571	23.46416285	-43.91479492	68.60351563	1.3	1.673959782	-12.17651367	0	1.014388489	55	-26.15384615	1.311959837	371.4	42.3	0.413793103	0.000580742	0.227939337	1.211247609	1.502959879	0.4999	49.00533752	0.995043371	0.99985616	1.527878434	0.195992865	0	14	15	[-20.0, -10.0, 0.0, 10.0, 20.0, 30.0, 40.0, 50.0, 60.0, 70.0, 80.0, 90.0, 100.0, 110.0, 120.0, 130.0, 140.0, 150.0, 160.0, 170.0, 180.0, 190.0, 200.0]	[3, 11, 18, 24, 29, 35, 41, 46, 46, 49, 50, 53, 53, 54, 55, 55, 54, 54, 54, 54, 54, 53, 41]	0	10	-150	NR	NR	NR	NR	NR	NR	NR	NR	NR	NR	NR	NR	NR	NR	NR	NR	NR	NR	NR	NR	NR	NR	NR	NR	NR	NR	NR	NR
24_9_25_1	Mouse NAc Patch-seq 24_9_25_1	Batch2	-54.50485157	-52.16238839	471.4529855	29.14067314	-37.13989258	87.70751953	2	4.080517304	-10.13183594	0	0.968599034	11	30	1.020035412	148.7	33.2	0.833333333	0.00061377	0.102596166	1.034657879	0	0.452	39.98590393	0.890640725	0.977320779	1.015894334	0.122771077	0	0	0	[30.0, 40.0, 50.0, 60.0, 70.0, 80.0, 90.0, 100.0, 110.0, 120.0, 130.0, 140.0]	[4, 7, 6, 9, 9, 10, 11, 11, 11, 11, 5, 3]	0	10	-150	NR	NR	NR	NR	NR	NR	NR	NR	NR	NR	NR	NR	NR	NR	NR	NR	NR	NR	NR	NR	NR	NR	NR	NR	NR	NR	NR	NR
24_9_25_3	Mouse NAc Patch-seq 24_9_25_3	Batch2	-57.4324015	-56.01225353	324.9686105	22.07036035	-37.8112793	84.19799805	1.4	2.516993392	-8.056640625	0	1.240875912	15	40	1.308481461	132.6	72.4	0.666666667	0.002648458	0.251285544	1.164814009	8.349115902	0.4591	39.67129822	0.963306021	0.989523735	0.073331657	0.031693629	0	0	0	[40.0, 50.0, 60.0, 70.0, 80.0, 90.0, 100.0, 110.0, 120.0, 130.0, 140.0, 150.0, 160.0, 170.0, 180.0, 190.0, 200.0, 210.0, 220.0, 230.0, 240.0]	[2, 4, 5, 6, 7, 7, 8, 9, 10, 11, 11, 12, 12, 13, 13, 14, 14, 15, 15, 15, 15]	0	10	-150	NR	NR	NR	NR	NR	NR	NR	NR	NR	NR	NR	NR	NR	NR	NR	NR	NR	NR	NR	NR	NR	NR	NR	NR	NR	NR	NR	NR
24_9_26_7	Mouse NAc Patch-seq 24_9_26_7	Batch2	-63.8099558	-64.53886486	436.5757533	14.82998866	-33.29467773	87.64648438	1.9	3.597964185	-3.753662109	0	1.009060023	12	60	1.091722896	202.6	114.1	1	0.001725792	0.184101718	1.050667787	0.468368968	0.2281	19.39465942	0.941678521	0.983786922	0.572126015	0.092068481	0	0	0	[60.0, 70.0, 80.0, 90.0, 100.0, 110.0, 120.0, 130.0, 140.0, 150.0, 160.0]	[3, 6, 8, 9, 10, 11, 12, 12, 12, 6, 4]	0	10	-150	NR	NR	NR	NR	NR	NR	NR	NR	NR	NR	NR	NR	NR	NR	NR	NR	NR	NR	NR	NR	NR	NR	NR	NR	NR	NR	NR	NR
24_9_26_8	Mouse NAc Patch-seq 24_9_26_8	Batch2	-62.8707999	-67.76529948	398.5595703	14.28572425	-19.2565918	86.85302734	1.8	4.517691926	-9.582519531	0	1.438636364	10	70.66666667	1.043855697	487.3	210	0.666666667	0.003434959	0.245245174	1.279401782	0	0.0905	7.081213379	0.838082467	0.966040868	1.251560063	0.144272859	0.370558376	0	0	[80.0, 90.0, 100.0, 110.0, 120.0, 130.0, 140.0, 150.0, 160.0, 170.0, 180.0, 190.0, 200.0, 210.0, 220.0, 230.0, 240.0]	[1, 3, 5, 6, 7, 8, 9, 9, 10, 10, 10, 10, 10, 9, 10, 9, 10]	0	10	-150	NR	NR	NR	NR	NR	NR	NR	NR	NR	NR	NR	NR	NR	NR	NR	NR	NR	NR	NR	NR	NR	NR	NR	NR	NR	NR	NR	NR
24_9_27_1	Mouse NAc Patch-seq 24_9_27_1	Batch2	-76.60243444	-74.47277251	596.0518973	14.20416482	-40.25268555	81.81762695	2.1	3.449100973	-8.636474609	0	0.995461422	10	40	1.113887585	337	133	1	0.001805026	0.173817264	1.041218877	0.446591551	0.1373	13.67064362	0.922816265	0.961966022	2.105875827	0.192040509	0	0	0	[40.0, 50.0, 60.0, 70.0, 80.0, 90.0, 100.0, 110.0, 120.0, 130.0, 140.0]	[3, 6, 8, 9, 9, 10, 9, 9, 8, 7, 3]	0	10	-150	NR	NR	NR	NR	NR	NR	NR	NR	NR	NR	NR	NR	NR	NR	NR	NR	NR	NR	NR	NR	NR	NR	NR	NR	NR	NR	NR	NR
24_9_27_3	Mouse NAc Patch-seq 24_9_27_3	Batch2	-58.29181782	-59.11748977	392.5432478	16.91737584	-18.52416992	83.77075195	1.8	3.691066196	-10.7421875	0	1.089552239	11	70	1.06255817	572.6	240.3	0.833333333	0.001191729	0.146641003	1.060267386	0	0.0601	4.80609436	0.961538462	0.980788676	0.996178859	0.130115752	0	0	0	[80.0, 90.0, 100.0, 110.0, 120.0, 130.0, 140.0, 150.0, 160.0, 170.0, 180.0, 190.0, 200.0, 210.0, 220.0, 230.0, 240.0]	[1, 3, 3, 5, 6, 7, 8, 9, 9, 10, 10, 11, 11, 11, 11, 11, 9]	0	10	-150	NR	NR	NR	NR	NR	NR	NR	NR	NR	NR	NR	NR	NR	NR	NR	NR	NR	NR	NR	NR	NR	NR	NR	NR	NR	NR	NR	NR
24_9_27_4	Mouse NAc Patch-seq 24_9_27_4	Batch2	-44.04250231	-43.93368676	190.1681083	17.7738849	-36.22436523	88.31787109	1.9	2.50768871	-5.523681641	0	1.678883072	4	60	1.004749605	20.8	9.4	NaN	0.003269077	0.205470094	1.641025641	0	0.4824	31.97622986	0.75388601	0.845631758	0.936335309	0.115279534	0	0	0	[60.0, 70.0, 80.0, 90.0, 100.0, 110.0, 120.0, 130.0, 140.0, 150.0, 160.0, 170.0, 180.0, 190.0, 200.0, 210.0, 220.0, 230.0]	[2, 1, 2, 1, 2, 1, 2, 4, 2, 3, 3, 3, 3, 4, 3, 4, 2, 2]	0	10	-150	NR	NR	NR	NR	NR	NR	NR	NR	NR	NR	NR	NR	NR	NR	NR	NR	NR	NR	NR	NR	NR	NR	NR	NR	NR	NR	NR	NR
24_9_27_5	Mouse NAc Patch-seq 24_9_27_5	Batch2	-75.30037219	-75.94807943	472.5864955	8.840800876	-34.63745117	70.89233398	2	2.747368691	-11.29150391	0	1.144278607	13	70	1.066624968	476	194	0.857142857	0.002165427	0.213382332	1.049516637	0.049364656	0.1208	12.15116272	0.956653663	0.986934362	0.486581523	0.096959385	0.208074534	0	0	[70.0, 80.0, 90.0, 100.0, 110.0, 120.0, 130.0, 140.0, 150.0, 160.0, 170.0, 180.0, 190.0, 200.0]	[1, 5, 7, 9, 9, 10, 12, 12, 12, 12, 13, 13, 13, 13]	0	10	-150	NR	NR	NR	NR	NR	NR	NR	NR	NR	NR	NR	NR	NR	NR	NR	NR	NR	NR	NR	NR	NR	NR	NR	NR	NR	NR	NR	NR
24_9_27_6	Mouse NAc Patch-seq 24_9_27_6	Batch2	-65.58125482	-65.38173131	313.0231585	7.80500033	-20.47729492	58.41064453	1.1	1.827742054	-22.21679688	0	1.157894737	24	126.5217391	1.027639753	266.6	128.1	0.846153846	0.000546347	0.155766905	1.278434296	1.11100768	0.3133	28.16235962	0.987549801	0.978920338	0.98189069	0.148213287	0	0	0	[130.0, 140.0, 150.0, 160.0, 170.0, 180.0, 190.0, 200.0, 210.0, 220.0, 230.0, 240.0]	[1, 4, 4, 7, 11, 14, 14, 13, 24, 14, 15, 22]	0	10	-150	NR	NR	NR	NR	NR	NR	NR	NR	NR	NR	NR	NR	NR	NR	NR	NR	NR	NR	NR	NR	NR	NR	NR	NR	NR	NR	NR	NR
24_9_3_2	Mouse NAc Patch-seq 24_9_3_2	Batch2	-76.52790948	-87.95136951	277.8843471	7.027338447	-32.71484375	85.75439453	NaN	3.115812464	NaN	0	1.080858086	11	141.4285714	1.013545983	594.8	236.7	0.833333333	0.000534316	0.101690363	1.061609252	0	0.029	2.622079468	0.996030314	0.995236883	0.111399862	0.038126612	0	0	0	[150.0, 160.0, 170.0, 180.0, 190.0, 200.0, 210.0, 220.0, 230.0, 240.0]	[1, 3, 4, 5, 7, 8, 9, 10, 10, 11]	0	10	-150	NR	NR	NR	NR	NR	NR	NR	NR	NR	NR	NR	NR	NR	NR	NR	NR	NR	NR	NR	NR	NR	NR	NR	NR	NR	NR	NR	NR
24_9_3_5	Mouse NAc Patch-seq 24_9_3_5	Batch2	-62.41369392	-59.94262695	245.3613281	20.51134137	-32.16552734	79.40673828	2.2	3.201912623	-13.18359375	0	1.107819905	12	90	1.021671608	569.5	297.7	1	0.000195204	0.061861553	1.048891436	0	0.0729	6.476480103	1.001544998	0.998375112	0.071985896	0.032566655	0	0	0	[90.0, 100.0, 110.0, 120.0, 130.0, 140.0, 150.0, 160.0, 170.0, 180.0, 190.0, 200.0, 210.0, 220.0, 230.0, 240.0]	[1, 2, 3, 4, 4, 5, 6, 7, 8, 8, 9, 9, 10, 11, 11, 12]	0	10	-150	206.22	-225.35901	0	6.93978	9.704226	5.1387887	16.30685807	45.79742077	150.1548081	0.8996365	0.56467513	0.828988427	151.57355	3	158.4995022	NaN	NaN	3	1.0329071	1.1113087	883.9169321	85.0427699	971.9174104	9	3	0.252555184	1.335814273	NaN
24_9_9_3	Mouse NAc Patch-seq 24_9_9_3	Batch2	-77.86486712	-92.82430013	499.2675781	7.887674212	-29.66308594	77.91137695	1.8	2.763288231	-16.14379883	0	1.018092105	11	110	1.068577786	280.1	150.8	0.833333333	0.000753529	0.116784166	1.028288364	0	0.0637	6.038044739	0.985299807	0.994131919	0.278758848	0.063153249	0	0	0	[110.0, 120.0, 130.0, 140.0, 150.0, 160.0, 170.0, 180.0, 190.0, 200.0, 210.0, 220.0, 230.0, 240.0]	[3, 5, 7, 8, 9, 9, 10, 10, 10, 11, 11, 11, 11, 11]	0	10	-150	NR	NR	NR	NR	NR	NR	NR	NR	NR	NR	NR	NR	NR	NR	NR	NR	NR	NR	NR	NR	NR	NR	NR	NR	NR	NR	NR	NR
24_10_10_3	Mouse NAc Patch-seq 24_10_10_3	Batch3	-79.32587321	-83.04501488	433.6111886	13.73780042	-40.83251953	76.11083984	2.7	4.065510836	-6.8359375	0	1.107878788	8	80	1.051561867	281.5	160.5	1	0.002244452	0.171415111	1.090509859	0.709610993	0.0798	8.062947083	0.886585366	0.967533774	0.613854866	0.101224081	0	0	0	[80.0, 90.0, 100.0, 110.0, 120.0, 130.0, 140.0, 150.0, 160.0, 170.0]	[2, 4, 6, 6, 7, 8, 8, 8, 6, 7]	0	10	-150	NR	NR	NR	NR	NR	NR	NR	NR	NR	NR	NR	NR	NR	NR	NR	NR	NR	NR	NR	NR	NR	NR	NR	NR	NR	NR	NR	NR
24_10_10_4	Mouse NAc Patch-seq 24_10_10_4	Batch3	-72.46405748	-72.79663086	201.4160156	22.68910064	-42.81616211	87.67700195	2.1	3.52941998	-7.965087891	0	0.94556962	10	110	1.045920213	487.4	254.4	1	0.000185514	0.055765085	1.013834547	0	0.3816	35.07662659	0.99265516	0.995253901	0.14805825	0.044006829	0	0	0	[120.0, 130.0, 140.0, 150.0, 160.0, 170.0, 180.0, 190.0, 200.0, 210.0, 220.0, 230.0, 240.0]	[1, 2, 3, 4, 5, 6, 7, 7, 9, 9, 9, 10, 10]	0	10	-150	211.09001	-191.3222	0	8.14303	9.897502	6.085027	17.70346335	50.5884489	185.7530744	0.912101452	0.592678998	0.844059908	130.26456	6	140.8479886	NaN	NaN	6	1.0730273	1.4679229	1185.934552	114.1002682	1304.003122	12	5	0.087714375	2.523569235	NaN
24_10_10_5	Mouse NAc Patch-seq 24_10_10_5	Batch3	-74.59281043	-77.02636719	606.6894531	9.093058949	-33.35571289	86.15112305	2	3.762550889	-16.54052734	0	1.024449878	13	60	1.155612259	180.9	102.1	0.857142857	0.001210703	0.160583526	1.035166655	0.102679293	0.1737	16.84101563	0.942083619	0.986873428	0.293218145	0.065341938	0	0	0	[60.0, 70.0, 80.0, 90.0, 100.0, 110.0, 120.0, 130.0, 140.0, 150.0, 160.0, 170.0]	[5, 7, 9, 10, 11, 12, 12, 13, 13, 13, 13, 13]	0	10	-150	NR	NR	NR	NR	NR	NR	NR	NR	NR	NR	NR	NR	NR	NR	NR	NR	NR	NR	NR	NR	NR	NR	NR	NR	NR	NR	NR	NR
24_10_10_6	Mouse NAc Patch-seq 24_10_10_6	Batch3	-76.36491492	-79.36459496	281.8952288	15.30491766	-43.27392578	87.1887207	1.8	3.60534989	-4.364013672	0	1.481832543	11	102	1.074380284	84.7	59.8	0.571428571	0.005129292	0.303568788	1.300565222	0.919439274	0.4105	40.70645752	0.868020305	0.982618709	0.820923611	0.101933736	0	0	0	[110.0, 120.0, 130.0, 140.0, 150.0, 160.0, 170.0, 180.0, 190.0, 200.0, 210.0, 220.0, 230.0, 240.0]	[1, 2, 2, 4, 5, 6, 7, 8, 9, 9, 10, 10, 11, 11]	0	10	-150	NR	NR	NR	NR	NR	NR	NR	NR	NR	NR	NR	NR	NR	NR	NR	NR	NR	NR	NR	NR	NR	NR	NR	NR	NR	NR	NR	NR
24_10_11_3	Mouse NAc Patch-seq 24_10_11_3	Batch3	-79.15916473	-76.29597982	416.8701172	18.03416817	-35.09521484	76.75170898	2.3	3.189793205	-7.293701172	0	2.119373777	5	100	1.07221723	108.8	89.7	NaN	0.020711355	0.39930034	1.884804596	0.084953797	0.0868	9.463188171	0.816666667	0.947915771	0.584371587	0.096277627	0	0	0	[100.0, 110.0, 120.0, 130.0, 140.0, 150.0, 160.0, 170.0, 180.0, 190.0, 200.0, 210.0, 220.0, 230.0, 240.0]	[1, 2, 1, 3, 4, 2, 5, 5, 4, 4, 5, 4, 3, 3, 2]	0	10	-150	NR	NR	NR	NR	NR	NR	NR	NR	NR	NR	NR	NR	NR	NR	NR	NR	NR	NR	NR	NR	NR	NR	NR	NR	NR	NR	NR	NR
24_10_11_4	Mouse NAc Patch-seq 24_10_11_4	Batch3	-75.70023818	-89.26362537	386.1781529	11.22186814	-35.09521484	80.93261719	1.8	3.427076704	-13.03100586	0	1.022687609	13	130	1.023759842	256.1	174.4	0.857142857	0.000870642	0.135267173	1.037118907	0	0.0587	5.24130249	0.967828418	0.985971991	1.045841395	0.133044393	0	0	0	[130.0, 140.0, 150.0, 160.0, 170.0, 180.0, 190.0, 200.0, 210.0, 220.0, 230.0, 240.0]	[3, 5, 7, 8, 9, 10, 11, 11, 12, 12, 12, 13]	0	10	-150	183.96927	-209.55286	0	6.9946556	8.418549	5.49647	15.91740623	45.64291858	145.7896962	0.879406924	0.575416394	0.925471067	146.48132	6	159.9811716	NaN	NaN	6	1.0456531	1.1754133	1239.64002	119.2673391	1363.055359	8	5	0.224413448	2.289533345	NaN
24_10_14_1	Mouse NAc Patch-seq 24_10_14_1	Batch3	-76.0919676	-81.28255208	458.984375	15.77812146	-34.91210938	81.14624023	2.2	4.088152697	-12.32910156	0	0.952657005	9	80	1.040155467	407.8	151	0.8	0.002044981	0.169549046	1.000689587	0.330498286	0.1257	11.77286377	0.903419105	0.967003136	3.140720093	0.230640998	0	0	0	[80.0, 90.0, 100.0, 110.0, 120.0, 130.0, 140.0, 150.0, 160.0, 170.0, 180.0, 190.0, 200.0]	[1, 4, 5, 6, 6, 7, 8, 8, 8, 8, 9, 8, 5]	0	10	-150	194.04202	-193.954	0	7.9455314	10.929208	4.8412595	21.43945154	52.088413	165.458261	0.766330424	0.359965694	0.618873426	182.74892	7	191.7396746	NaN	NaN	7	1.1005139	1.7489997	1597.049293	60.70906757	1103.801227	15	3	0.017270468	3.127610293	NaN
24_10_14_2	Mouse NAc Patch-seq 24_10_14_2	Batch3	-67.68591567	-68.12366304	358.7123326	24.31280259	-31.25	75.13427734	1.3	2.082310726	-23.22387695	0	1.186344239	18	70.66666667	1.048000777	185	92.4	0.8	0.001148855	0.183297655	1.069128621	1.526375473	0.4575	47.25210571	0.94269341	0.975182988	0.476930105	0.088043055	0	0	0	[80.0, 90.0, 100.0, 110.0, 120.0, 130.0, 140.0, 150.0, 160.0, 170.0, 180.0, 190.0, 200.0, 210.0, 220.0, 230.0, 240.0]	[1, 3, 5, 6, 7, 8, 9, 10, 11, 12, 14, 14, 15, 15, 16, 17, 18]	0	10	-150	258.0482	-242.29909	0	9.143818	11.418782	7.2935243	20.58274536	58.44601488	256.8008057	0.944705486	0.606163497	0.929083907	230.30696	6	256.5621791	NaN	NaN	6	1.0565325	1.6808156	1810.65521	68.8289279	1251.435053	9	3	0.025391307	2.299985475	NaN
24_10_14_4	Mouse NAc Patch-seq 24_10_14_4	Batch3	-76.47161439	-78.95275298	526.9077846	10.31761828	-34.42382813	80.96313477	2.5	3.956224544	-9.613037109	0	0.987717503	9	80	1.096863413	276.1	116.9	0.8	0.001841639	0.161438755	1.015471932	0.09906865	0.0855	8.494918823	0.886169818	0.968370968	2.981018559	0.229193728	0	0	0	[80.0, 90.0, 100.0, 110.0, 120.0, 130.0, 140.0, 150.0, 160.0, 170.0]	[3, 6, 6, 8, 8, 8, 9, 8, 6, 3]	0	10	-150	NR	NR	NR	NR	NR	NR	NR	NR	NR	NR	NR	NR	NR	NR	NR	NR	NR	NR	NR	NR	NR	NR	NR	NR	NR	NR	NR	NR
24_10_14_5	Mouse NAc Patch-seq 24_10_14_5	Batch3	-52.82527504	-51.52471633	289.742606	29.75254648	-40.06958008	80.32226563	2.1	2.772435742	-10.89477539	0	1.552238806	5	30	1.0006423	68.6	41.5	NaN	0.013253488	0.315941692	1.427529626	0	0.1449	11.65291138	0.750364431	0.826857786	3.017937712	0.226068274	0	0	0	[30.0, 40.0, 50.0, 60.0, 70.0, 80.0, 90.0, 100.0, 110.0, 120.0, 130.0]	[1, 2, 2, 2, 3, 3, 5, 4, 5, 3, 2]	0	10	-150	-2356.5032	799.68396	0	11.322794	14.758754	8.020528	26.03282047	72.09505227	376.3774405	0.90996047	0.555368365	0.78133036	199.5192	5	218.9912949	NaN	NaN	5	1.0344976	1.1110637	1132.696265	43.05749002	782.8634507	6	2	0.136762515	1.953474789	NaN
24_10_14_6	Mouse NAc Patch-seq 24_10_14_6	Batch3	-69.60017282	-68.44714937	299.1594587	24.58889707	-41.07666016	90.05737305	2.1	4.146833471	-7.598876953	0	1.824956672	6	50	1.028265621	407.6	182.2	0.5	0.015817003	0.430008925	1.824956672	0.519328336	0.1625	15.58894653	0.898630137	0.949752438	1.048526957	0.115280671	0	0	0	[50.0, 60.0, 70.0, 80.0, 90.0, 100.0, 110.0, 120.0, 130.0, 140.0, 150.0, 160.0, 170.0, 180.0, 190.0, 200.0, 210.0, 220.0, 230.0, 240.0]	[2, 1, 2, 2, 2, 2, 3, 3, 3, 3, 5, 4, 4, 6, 6, 6, 5, 5, 6, 6]	0	10	-150	NR	NR	NR	NR	NR	NR	NR	NR	NR	NR	NR	NR	NR	NR	NR	NR	NR	NR	NR	NR	NR	NR	NR	NR	NR	NR	NR	NR
24_10_14_7	Mouse NAc Patch-seq 24_10_14_7	Batch3	-95.12627422	-99.24403599	415.7366071	14.87043572	-54.90112305	82.48901367	2.2	2.981753106	-6.225585938	0	1.002743484	9	70.66666667	1.069712159	572.8	271	0.8	0.003439104	0.222669267	1.108300188	0	0.0921	10.11446533	0.893427404	0.964430129	2.379480847	0.205846767	0	0	0	[80.0, 90.0, 100.0, 110.0, 120.0, 130.0, 140.0, 150.0, 160.0, 170.0, 180.0, 190.0, 200.0, 210.0, 220.0, 230.0, 240.0]	[1, 3, 5, 6, 7, 7, 7, 8, 8, 8, 8, 8, 8, 9, 6, 6, 7]	0	10	-150	205.54922	-217.57234	0	9.339394	11.278411	7.809009	20.4923791	58.89573007	260.214318	0.942699842	0.619649961	0.888510916	142.23897	6	150.4893332	NaN	NaN	6	1.0757102	1.3274746	1093.811391	41.57934796	755.9881447	7	2	0.065832127	1.760584728	NaN
24_10_15_2	Mouse NAc Patch-seq 24_10_15_2	Batch3	-89.78256248	-106.6929408	300.9905134	7.27001045	-49.07226563	90.45410156	2.1	3.452094752	-8.514404297	0	0.993277311	8	180	1.050876961	410.6	220.3	1	0.000780085	0.10534002	1.057045828	0	0.0461	4.659649658	0.967402734	0.988977627	0.044193719	0.023328285	0	0	0	[180.0, 190.0, 200.0, 210.0, 220.0, 230.0, 240.0]	[1, 3, 4, 5, 6, 7, 8]	0	10	-150	184.26183	-195.2418	0	7.02134	7.9231725	5.774343	15.18194042	44.16482092	145.1717167	0.935274146	0.629835952	0.88375571	137.9098	3	162.9540558	NaN	NaN	3	1.053937	1.1739529	1129.403229	42.93231085	780.5874676	7	3	0.219498603	0.752624864	NaN
24_10_15_3	Mouse NAc Patch-seq 24_10_15_3	Batch3	-82.63854995	-87.92724609	544.695173	9.074654295	-38.90991211	78.125	2.2	3.554028541	-8.392333984	0	1.028368794	10	70	1.119634155	329.6	151.8	1	0.002967645	0.228130801	1.086149447	0.442757024	0.1682	16.91761322	0.862396204	0.970031727	0.877221393	0.123203767	0.281426823	0	0	[70.0, 80.0, 90.0, 100.0, 110.0, 120.0, 130.0, 140.0, 150.0, 160.0, 170.0, 180.0, 190.0, 200.0]	[3, 7, 9, 9, 9, 10, 9, 10, 10, 10, 10, 10, 10, 10]	0	10	-150	186.42091	-198.03453	0	7.930295	8.93793	6.673495	16.71832345	50.19963908	186.0045899	0.927539334	0.665484914	0.952090853	88.54791	5	110.4056726	NaN	NaN	5	1.0495496	1.1891792	953.2450414	36.23596198	658.8356734	9	3	0.312589558	2.001267266	NaN
24_10_15_4	Mouse NAc Patch-seq 24_10_15_4	Batch3	-65.81747844	-65.40730794	633.5449219	29.97089522	-42.02270508	81.7565918	2.6	3.71738523	-7.049560547	0	0.908256881	12	20	1.104188923	280.5	68.4	0.714285714	0.002277305	0.20762588	1.020985233	0.306326436	0.3606	39.55531158	0.923402617	0.975787878	2.505778335	0.213170562	0	0	0	[20.0, 30.0, 40.0, 50.0, 60.0, 70.0, 80.0, 90.0, 100.0, 110.0]	[2, 4, 7, 8, 9, 10, 11, 11, 11, 12]	0	10	-150	NR	NR	NR	NR	NR	NR	NR	NR	NR	NR	NR	NR	NR	NR	NR	NR	NR	NR	NR	NR	NR	NR	NR	NR	NR	NR	NR	NR
24_10_15_5	Mouse NAc Patch-seq 24_10_15_5	Batch3	-62.00637432	-58.89165969	476.7717634	32.43440049	-42.51098633	86.82250977	1.1	2.277993081	-20.66040039	0	1.156899811	30	10	1.106668986	168.4	63.7	0.764705882	0.000655302	0.179409979	1.053093831	5.790048875	0.4568	52.3911087	0.980638222	0.992029698	0.600001804	0.097025853	0	0	1	[10.0, 20.0, 30.0, 40.0, 50.0, 60.0, 70.0, 80.0, 90.0, 100.0, 110.0, 120.0, 130.0, 140.0, 150.0, 160.0, 170.0, 180.0, 190.0, 200.0, 210.0, 220.0, 230.0, 240.0]	[2, 5, 7, 9, 11, 13, 14, 16, 17, 19, 20, 21, 22, 23, 24, 25, 26, 27, 27, 28, 29, 29, 29, 30]	0	10	-150	344.6946	-239.96848	0	7.915754	9.175966	5.655518	17.85610008	49.81687875	182.9646046	0.926454123	0.573844018	0.743473511	223.15244	9	236.5381203	NaN	NaN	9	1.0265911	1.0799297	971.8354912	36.94264554	671.6844684	2	1	0.062975025	2.375631195	NaN
24_10_15_6	Mouse NAc Patch-seq 24_10_15_6	Batch3	-77.90798785	-83.57049851	386.5269252	12.06661921	-37.47558594	76.96533203	1.9	2.854367238	-10.13183594	0	1.147420147	12	100	1.071233186	390.8	171.3	1	0.001130186	0.148113513	1.071630829	0	0.0925	8.737149048	0.929075235	0.988778069	0.711404506	0.108241328	0	0	0	[100.0, 110.0, 120.0, 130.0, 140.0, 150.0, 160.0, 170.0, 180.0, 190.0, 200.0, 210.0, 220.0, 230.0, 240.0]	[2, 4, 6, 7, 9, 10, 11, 11, 12, 12, 12, 12, 11, 11, 11]	0	10	-150	258.49	-281.0289	0	8.471104	10.047538	6.866442	18.59820731	52.80062048	206.4836641	0.930716708	0.596957661	0.869683565	114.847404	7	127.884933	NaN	NaN	7	1.0350509	1.1403335	611.8117614	23.25696654	422.8539392	4	4	0.039505095	2.277700359	NaN
24_10_2_1	Mouse NAc Patch-seq 24_10_2_1	Batch3	-74.68828702	-87.26428804	487.9324777	7.318483266	-27.70996094	81.26831055	2.2	3.41535047	-14.3737793	0	1.010321101	9	110	1.07547326	364.9	160	0.8	0.00098719	0.119949603	1.046347321	0	0.1064	10.00520325	0.889012621	0.973370877	0.457045191	0.081985324	0	0	0	[110.0, 120.0, 130.0, 140.0, 150.0, 160.0, 170.0, 180.0, 190.0, 200.0, 210.0]	[2, 5, 6, 7, 8, 9, 8, 9, 9, 5, 3]	0	10	-150	NR	NR	NR	NR	NR	NR	NR	NR	NR	NR	NR	NR	NR	NR	NR	NR	NR	NR	NR	NR	NR	NR	NR	NR	NR	NR	NR	NR
24_10_2_2	Mouse NAc Patch-seq 24_10_2_2	Batch3	-64.44161532	-68.4026809	346.8540737	10.94415503	-16.72363281	77.88085938	1.9	2.712599207	-13.76342773	0	1.063309353	9	120	1.105416881	590.4	266.4	0.8	0.000996709	0.126068639	1.074715349	0.060649055	0.1059	8.55871582	0.939107413	0.98081985	0.285165371	0.066656461	0	0	0	[120.0, 130.0, 140.0, 150.0, 160.0, 170.0, 180.0, 190.0, 200.0, 210.0, 220.0, 230.0, 240.0]	[1, 3, 4, 5, 6, 7, 7, 8, 8, 9, 9, 9, 9]	0	10	-150	207.2375	-161.67668	0	6.526095	7.546569	4.8865848	14.14763572	41.55921068	129.9949128	0.945805075	0.649469289	0.902552085	133.87215	5	140.0135746	NaN	NaN	5	1.0621386	1.5551571	1181.569141	113.6802656	1299.203087	7	3	0.239876351	2.341614344	NaN
24_10_2_3	Mouse NAc Patch-seq 24_10_2_3	Batch3	-68.91038017	-78.07413737	271.6064453	5.478394756	-24.99389648	66.83349609	0.9	2.000109924	-19.13452148	0	1.16	17	178.1818182	1.016288571	182.6	112.5	0.416666667	0.000398989	0.131087411	1.816358239	0.203106901	0.1452	11.99709167	1.030459231	0.995460933	0.149580368	0.049632691	0	0	0	[180.0, 190.0, 200.0, 210.0, 220.0, 230.0, 240.0]	[1, 4, 7, 9, 15, 13, 17]	0	10	-150	207.98155	-176.84154	0	6.161537	7.534795	4.917083	13.45375608	39.7588829	120.2051606	0.955574671	0.664103874	0.929559004	111.0954	8	116.6543102	NaN	NaN	8	1.0544232	1.3490736	1456.215312	140.1043237	1601.192345	14	4	0.10290251	2.304688435	NaN
24_10_2_4	Mouse NAc Patch-seq 24_10_2_4	Batch3	-65.9300709	-67.42786226	695.9751674	12.59514305	-24.01733398	82.00073242	2.2	3.773318811	-11.71875	0	1.027504912	13	60	1.167238243	206.6	105.2	0.857142857	0.000995121	0.146262739	1.034212402	0.325857289	0.1175	10.97724762	0.986229996	0.992161278	0.753492946	0.109086652	0	0	0	[60.0, 70.0, 80.0, 90.0, 100.0, 110.0, 120.0, 130.0, 140.0, 150.0, 160.0, 170.0, 180.0]	[3, 5, 7, 8, 10, 11, 11, 12, 12, 13, 13, 13, 13]	0	10	-150	NR	NR	NR	NR	NR	NR	NR	NR	NR	NR	NR	NR	NR	NR	NR	NR	NR	NR	NR	NR	NR	NR	NR	NR	NR	NR	NR	NR
24_10_2_5	Mouse NAc Patch-seq 24_10_2_5	Batch3	-61.05318352	-65.15880766	334.5598493	15.84309942	-29.0222168	76.59912109	1.9	3.393115337	-7.690429688	0	1.041107383	12	90	1.000414248	245.6	176.5	1	0.000710818	0.117503916	1.018136286	0	0.3901	31.13468933	0.972861842	0.994771542	0.592155818	0.102411169	0	0	0	[90.0, 100.0, 110.0, 120.0, 130.0, 140.0, 150.0, 160.0, 170.0, 180.0, 190.0, 200.0, 210.0, 220.0, 230.0]	[3, 4, 5, 6, 7, 8, 9, 9, 10, 11, 11, 11, 11, 12, 12]	0	10	-150	NR	NR	NR	NR	NR	NR	NR	NR	NR	NR	NR	NR	NR	NR	NR	NR	NR	NR	NR	NR	NR	NR	NR	NR	NR	NR	NR	NR
24_10_2_6	Mouse NAc Patch-seq 24_10_2_6	Batch3	-76.01519284	-87.74966285	498.7444196	8.020198289	-28.99169922	74.95117188	1.8	2.710100529	-13.45825195	0	1.049803408	12	110	1.135629194	291.1	175.7	1	0.000603704	0.109563856	1.055040242	0	0.0726	6.763214111	0.966046888	0.997819643	0.272842993	0.06561817	0.251629726	0	0	[110.0, 120.0, 130.0, 140.0, 150.0, 160.0, 170.0, 180.0, 190.0, 200.0, 210.0, 220.0, 230.0, 240.0]	[4, 6, 8, 9, 10, 11, 11, 12, 12, 12, 12, 11, 10, 10]	0	10	-150	NR	NR	NR	NR	NR	NR	NR	NR	NR	NR	NR	NR	NR	NR	NR	NR	NR	NR	NR	NR	NR	NR	NR	NR	NR	NR	NR	NR
24_10_3_3	Mouse NAc Patch-seq 24_10_3_3	Batch3	-80.69443277	-79.96448335	284.5110212	8.29018799	-41.53442383	66.65039063	1.1	1.973924789	-20.01953125	0	1.285714286	20	114.7826087	1.025431426	228.4	147.2	0.666666667	0.00428319	0.403679058	1.315855292	0.771706528	0.1678	17.33533936	0.994291151	0.974323567	1.85761603	0.202402307	0	0	0	[120.0, 130.0, 140.0, 150.0, 160.0, 170.0, 180.0, 190.0, 200.0, 210.0, 220.0, 230.0, 240.0]	[1, 3, 7, 8, 10, 11, 10, 10, 15, 13, 14, 14, 20]	0	10	-150	NR	NR	NR	NR	NR	NR	NR	NR	NR	NR	NR	NR	NR	NR	NR	NR	NR	NR	NR	NR	NR	NR	NR	NR	NR	NR	NR	NR
24_10_3_4	Mouse NAc Patch-seq 24_10_3_4	Batch3	-70.25858974	-78.04391044	346.2437221	10.48373839	-29.60205078	76.78222656	1.8	2.834238169	-14.06860352	0	0.919881306	15	130	1.027435884	373.6	205.7	0.875	0.000291127	0.084828849	1.01148097	0	0.0676	6.043395996	0.988313856	0.997133597	0.203225839	0.0572987	0	0	0	[130.0, 140.0, 150.0, 160.0, 170.0, 180.0, 190.0, 200.0, 210.0, 220.0, 230.0, 240.0]	[2, 5, 6, 7, 9, 10, 10, 12, 13, 13, 14, 15]	0	10	-150	NR	NR	NR	NR	NR	NR	NR	NR	NR	NR	NR	NR	NR	NR	NR	NR	NR	NR	NR	NR	NR	NR	NR	NR	NR	NR	NR	NR
24_10_4_2	Mouse NAc Patch-seq 24_10_4_2	Batch3	-58.77101728	-57.6171875	399.7802734	29.25877736	-30.79223633	84.35058594	2.1	4.553892513	-4.333496094	0	3.113207547	8	32.5	1.125854959	209	107.8	0.6	0.014626551	0.428162268	1.71020936	3.332884358	0.4812	45.84489441	0.758645795	0.982903184	2.067541831	0.174801352	0	0	0	[40.0, 50.0, 60.0, 70.0, 80.0, 90.0, 100.0, 110.0, 120.0, 130.0, 140.0, 150.0, 160.0, 170.0]	[1, 1, 2, 3, 4, 5, 5, 6, 7, 6, 7, 7, 8, 8]	0	10	-150	NR	NR	NR	NR	NR	NR	NR	NR	NR	NR	NR	NR	NR	NR	NR	NR	NR	NR	NR	NR	NR	NR	NR	NR	NR	NR	NR	NR
24_10_7_4	Mouse NAc Patch-seq 24_10_7_4	Batch3	-76.49415773	-77.52075195	515.9214565	14.68402717	-37.53662109	88.98925781	1.9	4.255030504	-6.072998047	0	1.130434783	12	70	1.094168688	245.2	160.1	1	0.000273974	0.072694105	1.031533989	0.205609505	0.2395	23.70052338	0.959813419	0.986441078	1.645126181	0.15940541	0	0	0	[70.0, 80.0, 90.0, 100.0, 110.0, 120.0, 130.0, 140.0, 150.0, 160.0, 170.0, 180.0, 190.0, 200.0, 210.0]	[3, 4, 6, 7, 8, 9, 10, 10, 11, 12, 12, 12, 12, 12, 12]	0	10	-150	221.335	-208.3083	0	6.340635	8.090986	4.1661167	15.14736381	39.43112443	106.4954184	0.86072113	0.464148351	0.675039306	160.5186	5	176.4755554	NaN	NaN	5	1.083317	1.7058808	989.0980058	37.59885016	683.6154568	9	3	0.157226117	3.141592654	NaN
24_10_8_1	Mouse NAc Patch-seq 24_10_8_1	Batch3	-57.77801657	-59.54124814	571.0274833	42.62930326	-40.0390625	86.15112305	2.4	3.872981646	-3.265380859	0	1.265597148	9	10	1.151380157	315.2	108.9	0.8	0.00413719	0.249215406	1.107633649	7.380820877	0.3188	36.69058838	0.931688805	0.973733488	0.525789179	0.091329767	0	0	0	[10.0, 20.0, 30.0, 40.0, 50.0, 60.0, 70.0, 80.0, 90.0, 100.0]	[1, 4, 6, 7, 7, 8, 8, 8, 9, 9]	0	10	-150	NR	NR	NR	NR	NR	NR	NR	NR	NR	NR	NR	NR	NR	NR	NR	NR	NR	NR	NR	NR	NR	NR	NR	NR	NR	NR	NR	NR
24_10_8_2	Mouse NAc Patch-seq 24_10_8_2	Batch3	-74.26487366	-83.82597424	456.804548	10.46272609	-34.72900391	81.7565918	2.1	3.215176593	-11.23046875	0	0.957711443	12	110	1.047427663	218.2	134.2	1	0.000439757	0.09216288	1.015618595	0	0.0699	6.772354126	0.980216499	0.991503937	0.520814698	0.091458672	0	0	0	[110.0, 120.0, 130.0, 140.0, 150.0, 160.0, 170.0, 180.0, 190.0, 200.0, 210.0, 220.0, 230.0, 240.0]	[3, 5, 6, 7, 8, 9, 9, 10, 10, 10, 11, 11, 12, 12]	0	10	-150	195.78642	-204.53787	0	6.1489263	8.191045	4.0150523	16.2040231	41.13153472	108.1863914	0.803586571	0.412028187	0.5787429	127.44166	6	135.7729082	NaN	NaN	6	1.0500662	1.2491288	1158.968534	44.05618503	801.0215473	16	4	0.18545012	2.639010156	NaN
24_10_8_3	Mouse NAc Patch-seq 24_10_8_3	Batch3	-73.97726403	-74.13853237	668.0733817	15.41808703	-30.94482422	75.95825195	2.6	4.557226812	-14.70947266	0	1.050919378	10	50	1.198056834	387.9	145.7	1	0.000793677	0.114736905	1.042153572	0.844074028	0.2272	23.83568115	0.854700855	0.967379208	1.213475479	0.144312312	0.193091383	0	0	[50.0, 60.0, 70.0, 80.0, 90.0, 100.0, 110.0, 120.0, 130.0, 140.0, 150.0]	[2, 5, 7, 8, 9, 10, 10, 10, 9, 10, 3]	0	10	-150	NR	NR	NR	NR	NR	NR	NR	NR	NR	NR	NR	NR	NR	NR	NR	NR	NR	NR	NR	NR	NR	NR	NR	NR	NR	NR	NR	NR
24_10_8_4	Mouse NAc Patch-seq 24_10_8_4	Batch3	-74.20183668	-72.18598865	434.4831194	20.59042262	-38.60473633	83.64868164	1.8	3.623250737	-6.256103516	0	2.368932039	13	43.33333333	1.142816816	187.5	81.9	0.625	0.008289192	0.419105567	1.930925951	1.949313764	0.3758	39.28927612	0.765306122	1.003024302	2.606157671	0.193260617	0.304093567	0	0	[50.0, 60.0, 70.0, 80.0, 90.0, 100.0, 110.0, 120.0, 130.0, 140.0, 150.0, 160.0, 170.0, 180.0, 190.0, 200.0, 210.0, 220.0, 230.0, 240.0]	[1, 3, 5, 7, 8, 9, 10, 10, 11, 12, 12, 13, 13, 13, 13, 13, 13, 13, 13, 13]	0	10	-150	NR	NR	NR	NR	NR	NR	NR	NR	NR	NR	NR	NR	NR	NR	NR	NR	NR	NR	NR	NR	NR	NR	NR	NR	NR	NR	NR	NR
24_10_9_1	Mouse NAc Patch-seq 24_10_9_1	Batch3	-68.28301111	-67.92718797	708.3565848	22.97389732	-34.24072266	64.39208984	1	1.841717223	-23.01025391	0	1.048421053	25	50	1.067709886	102.9	120.8	0.785714286	0.001133721	0.216481194	1.036168447	0	0.2239	23.96579895	1.002604167	0.996919487	0.392248803	0.08241281	0	0	0	[50.0, 60.0, 70.0, 80.0, 90.0, 100.0, 110.0, 120.0, 130.0, 140.0, 150.0, 160.0, 170.0, 180.0, 190.0, 200.0, 210.0, 220.0, 230.0, 240.0]	[4, 7, 8, 12, 14, 15, 16, 17, 19, 19, 21, 20, 22, 22, 23, 24, 24, 25, 23, 25]	0	10	-150	293.294	-301.212	0	14.254069	16.394188	12.23146	30.18400014	89.56008374	602.6459307	0.944154594	0.661467697	0.991268028	282.13962	5	352.1814728	NaN	NaN	5	1.0791137	1.4441096	1675.141313	63.67759956	1157.774544	5	2	0.039217304	1.612624847	NaN
24_10_9_2	Mouse NAc Patch-seq 24_10_9_2	Batch3	-61.35080192	-60.91831752	569.632394	19.32218287	-39.00146484	84.99145508	2.1	3.288185542	-8.483886719	0	0.887755102	14	30	1.052276251	272.6	69.1	0.75	0.000572838	0.113763387	1.01882583	0	0.0539	5.561965942	0.931561704	0.986525444	0.665994176	0.10248312	0.08032596	0	0	[30.0, 40.0, 50.0, 60.0, 70.0, 80.0, 90.0, 100.0, 110.0, 120.0, 130.0]	[2, 5, 7, 9, 10, 11, 12, 13, 14, 14, 14]	0	10	-150	NR	NR	NR	NR	NR	NR	NR	NR	NR	NR	NR	NR	NR	NR	NR	NR	NR	NR	NR	NR	NR	NR	NR	NR	NR	NR	NR	NR
24_10_9_3	Mouse NAc Patch-seq 24_10_9_3	Batch3	-73.3041163	-71.2550572	774.4489397	15.48132081	-38.0859375	75.01220703	2	3.145502112	-11.71875	0	0.860795455	13	40	1.129170697	179.7	90.1	0.857142857	0.002014172	0.210552787	1.050588841	0	0.1775	20.0083847	0.860501567	0.980536224	0.87197463	0.12619913	0.348982786	0	0	[40.0, 50.0, 60.0, 70.0, 80.0, 90.0, 100.0, 110.0, 120.0]	[5, 8, 10, 11, 12, 13, 12, 13, 9]	0	10	-150	NR	NR	NR	NR	NR	NR	NR	NR	NR	NR	NR	NR	NR	NR	NR	NR	NR	NR	NR	NR	NR	NR	NR	NR	NR	NR	NR	NR
24_10_15_7	Mouse NAc Patch-seq 24_10_15_7	Batch4	-58.57804193	-57.38816034	776.1928013	24.51626158	-29.32739258	74.34082031	2.7	4.294876499	-7.263183594	0	1.132220796	6	30	1.086138623	190	92.4	1	0.00205865	0.146210351	1.094719758	0	0.2945	28.45091248	0.829297821	0.943617653	0.531661667	0.091854437	0	0	0	[30.0, 40.0, 50.0, 60.0, 70.0]	[3, 6, 6, 2, 2]	0	10	-150	NR	NR	NR	NR	NR	NR	NR	NR	NR	NR	NR	NR	NR	NR	NR	NR	NR	NR	NR	NR	NR	NR	NR	NR	NR	NR	NR	NR
24_10_15_8	Mouse NAc Patch-seq 24_10_15_8	Batch4	-74.66135499	-74.33413551	487.4965123	17.25853702	-35.46142578	81.11572266	2	3.199493439	-11.26098633	0	1.20735786	11	41	1.080340699	534.1	188.1	0.833333333	0.002245732	0.202215153	1.107773078	0.048215691	0.1471	14.03492126	0.830415755	0.980385307	0.957062185	0.125290189	0	0	0	[50.0, 60.0, 70.0, 80.0, 90.0, 100.0, 110.0, 120.0, 130.0, 140.0, 150.0, 160.0, 170.0, 180.0]	[1, 4, 7, 8, 9, 10, 10, 11, 11, 10, 10, 10, 10, 10]	0	10	-150	NR	NR	NR	NR	NR	NR	NR	NR	NR	NR	NR	NR	NR	NR	NR	NR	NR	NR	NR	NR	NR	NR	NR	NR	NR	NR	NR	NR
24_10_16_1	Mouse NAc Patch-seq 24_10_16_1	Batch4	-75.77651504	-75.6472633	303.4319196	14.61900254	-34.75952148	74.76806641	2.3	3.069359214	-11.4440918	0	1.232954545	6	120	1.047742248	355	242.3	0.5	0.003614126	0.207302075	1.141300431	0.140929178	0.0611	6.032165527	0.849917763	0.918632236	3.780924479	0.266075535	0	0	0	[120.0, 130.0, 140.0, 150.0, 160.0, 170.0, 180.0, 190.0, 200.0, 210.0, 220.0, 230.0, 240.0]	[1, 2, 2, 2, 4, 5, 4, 3, 5, 4, 6, 3, 2]	0	10	-150	200.42499	-181.09666	0	7.923239	9.786915	6.5411577	17.70345395	50.74516789	188.1541499	0.918193636	0.600340704	0.863665677	131.70013	6	168.6117706	NaN	NaN	6	1.0657091	1.2577248	1592.971049	153.2617637	1751.563091	14	4	0.071056933	2.057601017	NaN
24_10_16_2	Mouse NAc Patch-seq 24_10_16_2	Batch4	-84.76412046	-92.70833333	382.0800781	13.89542834	-45.41015625	84.16748047	1.9	3.729938408	-9.246826172	0	1.091710758	12	120	1.083685008	264.9	179.8	1	0.000695084	0.117246354	1.042287126	0.098156746	0.1376	13.79971313	0.96082779	0.982112267	0.924443637	0.122101541	0	0	0	[120.0, 130.0, 140.0, 150.0, 160.0, 170.0, 180.0, 190.0, 200.0, 210.0, 220.0, 230.0, 240.0]	[4, 5, 7, 8, 9, 10, 10, 11, 11, 11, 12, 11, 12]	0	10	-150	197.96999	-201.27385	0	7.0343976	10.522973	4.8334727	16.88264799	46.76084646	157.1754949	0.903295761	0.551446908	0.858170548	114.81048	7	128.002254	NaN	NaN	7	1.0488342	1.2995021	1169.454231	44.45478068	808.2687382	16	5	0.118482276	2.282687014	NaN
24_10_16_3	Mouse NAc Patch-seq 24_10_16_3	Batch4	-77.45974616	-81.67986189	367.1700614	13.03229571	-34.1796875	76.38549805	2	3.064007252	-10.52856445	0	1.362147407	8	130	1.097541427	187.2	153.3	1	0.000974532	0.113227126	1.362147407	0	0.1062	10.25085144	0.885783718	0.956834612	0.552492543	0.095076855	0	0	0	[130.0, 140.0, 150.0, 160.0, 170.0, 180.0, 190.0, 200.0, 210.0, 220.0, 230.0, 240.0]	[2, 3, 3, 4, 5, 6, 7, 8, 7, 7, 6, 7]	0	10	-150	200.6709	-207.82726	0	7.5608554	9.793724	4.6286054	17.83730439	47.56410297	158.1382408	0.878391543	0.497025254	0.656982459	105.31573	4	123.1756802	NaN	NaN	4	1.1169726	1.9967235	633.7097254	24.08937956	437.9887194	7	3	0.318291708	2.397050853	NaN
24_10_16_4	Mouse NAc Patch-seq 24_10_16_4	Batch4	-64.47613293	-64.92687407	801.7403739	27.8206782	-28.99169922	78.21655273	2.5	4.392274626	-11.32202148	0	1.284375	7	40	1.133918859	301.9	134.5	0.75	0.003651771	0.202827493	1.252540273	2.101800289	0.3928	43.64350281	0.741716567	0.943487186	1.479286716	0.163629065	0	0	0	[40.0, 50.0, 60.0, 70.0, 80.0, 90.0, 100.0, 110.0, 120.0]	[2, 4, 5, 6, 7, 4, 3, 2, 2]	0	10	-150	NR	NR	NR	NR	NR	NR	NR	NR	NR	NR	NR	NR	NR	NR	NR	NR	NR	NR	NR	NR	NR	NR	NR	NR	NR	NR	NR	NR
24_10_16_6	Mouse NAc Patch-seq 24_10_16_6	Batch4	-70.9428469	-69.37546503	516.531808	18.32477107	-36.71264648	86.33422852	1.9	4.386934301	-7.171630859	0	1.03989704	12	32.5	1.055500477	441	175.9	1	0.000547546	0.103884477	1.016820665	0.984195661	0.1593	15.09364624	0.939123979	0.983839095	0.578439871	0.095550219	0	0	0	[40.0, 50.0, 60.0, 70.0, 80.0, 90.0, 100.0, 110.0, 120.0, 130.0, 140.0, 150.0]	[1, 4, 7, 8, 9, 10, 11, 12, 12, 12, 12, 12]	0	10	-150	NR	NR	NR	NR	NR	NR	NR	NR	NR	NR	NR	NR	NR	NR	NR	NR	NR	NR	NR	NR	NR	NR	NR	NR	NR	NR	NR	NR
24_10_16_7	Mouse NAc Patch-seq 24_10_16_7	Batch4	-65.01393296	-65.08847191	689.7844587	32.81864102	-34.11865234	86.18164063	2.9	4.88169125	-4.089355469	0	1.088797814	6	30	1.126545578	454.5	224.4	1	0.003169732	0.181463107	1.132606406	1.131565147	0.2936	29.82404785	0.867465369	0.939590734	1.007697727	0.123751064	0	0	0	[30.0, 40.0, 50.0, 60.0, 70.0, 80.0, 90.0, 100.0]	[1, 3, 4, 5, 6, 6, 6, 6]	0	10	-150	215.86472	-210.9394	0	6.233992	8.768336	4.4090757	16.49839691	41.25995808	111.3651114	0.822056098	0.409134084	0.632982007	141.66315	4	167.1386433	NaN	NaN	4	1.0529927	1.2188114	983.2634921	37.37706114	679.5829324	6	3	0.403034145	2.863320125	NaN
24_10_17_4	Mouse NAc Patch-seq 24_10_17_4	Batch4	-74.99763765	-91.90470378	419.7474888	7.533330155	-30.33447266	77.27050781	2.3	3.168296132	-10.49804688	0	0.930827068	11	140	1.034052652	318.3	219.2	0.833333333	0.001120399	0.142597073	0.998952463	0.12258335	0.036	3.384906006	0.966169956	0.991510776	0.565273361	0.099510772	0	0	0	[140.0, 150.0, 160.0, 170.0, 180.0, 190.0, 200.0, 210.0, 220.0, 230.0, 240.0]	[3, 4, 6, 6, 8, 8, 9, 9, 10, 10, 11]	0	10	-150	NR	NR	NR	NR	NR	NR	NR	NR	NR	NR	NR	NR	NR	NR	NR	NR	NR	NR	NR	NR	NR	NR	NR	NR	NR	NR	NR	NR
24_10_17_5	Mouse NAc Patch-seq 24_10_17_5	Batch4	-76.50872092	-84.57147507	374.4942801	9.980035586	-35.24780273	82.06176758	1.8	3.021014814	-12.9699707	0	0.964326812	12	120	1.0769262	281.4	226.6	1	0.000116487	0.047993329	1.029612453	0.512685724	0.3005	27.98832092	0.999240122	1.000173575	0.177171139	0.049371164	0	0	0	[120.0, 130.0, 140.0, 150.0, 160.0, 170.0, 180.0, 190.0, 200.0, 210.0, 220.0, 230.0, 240.0]	[2, 4, 5, 6, 7, 8, 9, 10, 10, 11, 12, 12, 12]	0	10	-150	NR	NR	NR	NR	NR	NR	NR	NR	NR	NR	NR	NR	NR	NR	NR	NR	NR	NR	NR	NR	NR	NR	NR	NR	NR	NR	NR	NR
24_10_17_7	Mouse NAc Patch-seq 24_10_17_7	Batch4	-71.59345668	-76.23029436	318.5163225	13.03107976	-36.56005859	86.76147461	2	3.605380689	-5.889892578	0	1.044755245	13	90.66666667	1.029743106	442	232.2	0.857142857	0.000487151	0.101709115	1.031716579	0	0.0733	6.519763184	0.984870849	0.991754893	0.315774202	0.068024045	0	0	0	[100.0, 110.0, 120.0, 130.0, 140.0, 150.0, 160.0, 170.0, 180.0, 190.0, 200.0, 210.0, 220.0, 230.0, 240.0]	[1, 3, 5, 6, 7, 8, 9, 10, 10, 11, 11, 12, 13, 13, 13]	0	10	-150	NR	NR	NR	NR	NR	NR	NR	NR	NR	NR	NR	NR	NR	NR	NR	NR	NR	NR	NR	NR	NR	NR	NR	NR	NR	NR	NR	NR
24_10_18_1	Mouse NAc Patch-seq 24_10_18_1	Batch4	-59.21471134	-58.60363188	464.5647321	29.76747163	-38.23852539	94.08569336	2.4	4.678348439	-3.173828125	0	1.731481481	8	20	1.180363302	229.5	89.8	0.6	0.015465629	0.435922914	1.530380968	12.56652062	0.5058	50.86008606	0.861507805	0.96970661	1.656003321	0.151562807	0	0	1	[20.0, 30.0, 40.0, 50.0, 60.0, 70.0, 80.0, 90.0, 100.0, 110.0, 120.0, 130.0]	[1, 3, 4, 5, 6, 6, 6, 7, 8, 7, 8, 8]	0	10	-150	NR	NR	NR	NR	NR	NR	NR	NR	NR	NR	NR	NR	NR	NR	NR	NR	NR	NR	NR	NR	NR	NR	NR	NR	NR	NR	NR	NR
24_10_18_4	Mouse NAc Patch-seq 24_10_18_4	Batch4	-63.77731549	-63.671875	197.1435547	23.219984	-39.30664063	96.46606445	1.9	4.540016732	3.051757813	0	10.94047619	3	80	1.157111325	119	99.9	NaN	0.034756979	0.832502493	10.94047619	3.17984361	0.4447	36.56068268	0.616442843	0.921930242	2.957648257	0.20032708	0	0	0	[80.0, 90.0, 100.0, 110.0, 120.0, 130.0, 140.0, 150.0, 160.0, 170.0, 180.0, 190.0, 200.0, 210.0]	[2, 2, 2, 2, 2, 2, 2, 2, 2, 2, 2, 2, 2, 3]	0	10	-150	-1189.4392	149.18001	0	7.580429	9.045201	5.3598237	17.94027724	48.00272572	167.8513149	0.915382942	0.521514572	0.758232484	217.29279	7	238.2930641	NaN	NaN	7	1.0493153	1.216044	2310.728341	87.83834225	1597.060766	18	6	0.088386089	2.411529294	NaN
24_10_18_5	Mouse NAc Patch-seq 24_10_18_5	Batch4	-72.6035946	-81.44821894	577.7413504	10.873757	-27.77099609	71.71630859	2.1	3.449167331	-13.79394531	0	0.938291139	11	90	1.067053332	233.4	140.5	0.833333333	0.001442738	0.163363741	1.014075864	0.064291315	0.1572	14.93416443	0.935803533	0.985627813	0.695380883	0.114468647	0	0	0	[90.0, 100.0, 110.0, 120.0, 130.0, 140.0, 150.0, 160.0, 170.0, 180.0]	[4, 6, 8, 9, 10, 10, 11, 11, 8, 6]	0	10	-150	NR	NR	NR	NR	NR	NR	NR	NR	NR	NR	NR	NR	NR	NR	NR	NR	NR	NR	NR	NR	NR	NR	NR	NR	NR	NR	NR	NR
24_10_18_6	Mouse NAc Patch-seq 24_10_18_6	Batch4	-70.9824471	-84.78219169	292.8815569	8.357916543	-26.51977539	75.80566406	2	2.856305845	-12.02392578	0	0.963535912	7	160	1.009206437	517.4	229.2	0.75	3.18E-05	0.019287321	1.013477604	0.029368273	0.022	1.890765381	0.947944172	0.985112702	0.10106145	0.036755367	0	0	0	[160.0, 170.0, 180.0, 190.0, 200.0, 210.0, 220.0, 230.0, 240.0]	[1, 2, 4, 4, 5, 6, 6, 7, 7]	0	10	-150	NR	NR	NR	NR	NR	NR	NR	NR	NR	NR	NR	NR	NR	NR	NR	NR	NR	NR	NR	NR	NR	NR	NR	NR	NR	NR	NR	NR
24_10_23_1	Mouse NAc Patch-seq 24_10_23_1	Batch4	-69.33183907	-70.47671363	462.2977121	13.51437654	-36.4074707	85.60180664	2	3.285489474	-12.39013672	0	1.04028021	9	60	1.061278012	241.9	120.2	0.8	0.004538717	0.258804525	1.068498282	0	0.1333	12.259935	0.936403509	0.982539443	1.208064631	0.137874306	0	0	0	[60.0, 70.0, 80.0, 90.0, 100.0, 110.0, 120.0, 130.0, 140.0, 150.0, 160.0, 170.0]	[3, 5, 7, 8, 8, 9, 9, 8, 7, 7, 8, 8]	0	10	-150	NR	NR	NR	NR	NR	NR	NR	NR	NR	NR	NR	NR	NR	NR	NR	NR	NR	NR	NR	NR	NR	NR	NR	NR	NR	NR	NR	NR
24_10_23_2	Mouse NAc Patch-seq 24_10_23_2	Batch4	-60.22096897	-69.26211403	364.2054967	9.059889389	-19.89746094	77.63671875	2.1	3.340641212	-9.399414063	0	1.023449319	10	120	1.055994961	316.6	227.2	1	0.000719606	0.111344068	1.067994702	0.022966829	0.0515	4.049453735	0.953779867	0.987056337	0.208806505	0.057132157	0	0	0	[120.0, 130.0, 140.0, 150.0, 160.0, 170.0, 180.0, 190.0, 200.0, 210.0, 220.0, 230.0, 240.0]	[3, 4, 6, 7, 7, 8, 9, 10, 10, 10, 10, 10, 10]	0	10	-150	NR	NR	NR	NR	NR	NR	NR	NR	NR	NR	NR	NR	NR	NR	NR	NR	NR	NR	NR	NR	NR	NR	NR	NR	NR	NR	NR	NR
24_10_23_4	Mouse NAc Patch-seq 24_10_23_4	Batch4	-53.68324558	-53.22556269	482.0905413	20.77322473	-19.83642578	86.45629883	1.9	3.237455277	-9.735107422	0	1.028187919	11	60	1.134637435	539.6	291	0.833333333	0.001850944	0.183984971	1.137451242	0	0.2465	21.87359009	0.952175476	0.97971247	0.74325331	0.108372121	0	0	0	[60.0, 70.0, 80.0, 90.0, 100.0, 110.0, 120.0, 130.0, 140.0, 150.0, 160.0, 170.0, 180.0, 190.0, 200.0]	[1, 2, 4, 4, 5, 6, 7, 8, 8, 9, 9, 10, 10, 10, 11]	0	10	-150	NR	NR	NR	NR	NR	NR	NR	NR	NR	NR	NR	NR	NR	NR	NR	NR	NR	NR	NR	NR	NR	NR	NR	NR	NR	NR	NR	NR
24_10_24_2	Mouse NAc Patch-seq 24_10_24_2	Batch4	-53.27259339	-56.43804641	421.8401228	15.10130465	-18.70727539	76.62963867	2.2	3.493293435	-11.0168457	0	1.17750258	6	80	1.018518219	217.8	101.2	0.5	0.002674625	0.166793588	1.177664659	0.220490558	0.0673	5.237591553	0.877518767	0.942248498	0.976155449	0.125511339	0	0	0	[80.0, 90.0, 100.0, 110.0, 120.0, 130.0, 140.0, 150.0, 160.0, 170.0]	[1, 3, 3, 5, 5, 5, 6, 6, 3, 4]	0	10	-150	NR	NR	NR	NR	NR	NR	NR	NR	NR	NR	NR	NR	NR	NR	NR	NR	NR	NR	NR	NR	NR	NR	NR	NR	NR	NR	NR	NR
24_10_24_3	Mouse NAc Patch-seq 24_10_24_3	Batch4	-67.78894167	-70.44793992	380.5106027	14.25208831	-27.74047852	72.11303711	1.9	3.109970958	-14.95361328	0	0.912068966	12	90	1.037173545	442.1	162.7	1	0.000522988	0.101229244	1.036568531	0.387941143	0.0999	8.877600098	0.925592805	0.98006788	1.331691197	0.1579093	0	0	0	[90.0, 100.0, 110.0, 120.0, 130.0, 140.0, 150.0, 160.0, 170.0, 180.0, 190.0, 200.0, 210.0, 220.0, 230.0]	[2, 5, 6, 7, 8, 10, 10, 11, 11, 12, 12, 10, 9, 3, 2]	0	10	-150	199.83	-205.02924	0	6.91351	8.3018	6.123298	15.11708035	43.91407485	143.9449339	0.937991219	0.629883949	0.829666929	144.64334	9	166.2102661	NaN	NaN	9	1.0706799	1.2326922	758.5329981	28.8343199	524.260363	3	2	0.039049719	3.100074278	NaN
24_10_25_2	Mouse NAc Patch-seq 24_10_25_2	Batch4	-71.63648933	-96.0550944	458.984375	9.482601016	-28.10668945	81.23779297	2	3.688541163	-11.96289063	0	1.178516229	8	140	1.049488691	291.7	203.7	1	0.001546638	0.142548027	1.135533723	0	0.0538	4.501315308	0.967408585	0.974754906	2.827450388	0.216268829	0	0	0	[140.0, 150.0, 160.0, 170.0, 180.0, 190.0, 200.0, 210.0, 220.0, 230.0, 240.0]	[2, 3, 4, 5, 6, 6, 7, 7, 8, 8, 8]	0	10	-150	NR	NR	NR	NR	NR	NR	NR	NR	NR	NR	NR	NR	NR	NR	NR	NR	NR	NR	NR	NR	NR	NR	NR	NR	NR	NR	NR	NR
24_10_29_1	Mouse NAc Patch-seq 24_10_29_1	Batch4	-44.71332793	-45.38109189	553.3272879	39.4304484	-36.77368164	94.78759766	2.2	4.659227495	1.312255859	0	1.27826087	9	10	1.132751879	47.7	34.3	0.8	0.007359362	0.323091487	1.198710076	11.49391019	0.4549	43.74360199	0.857142857	0.962558118	1.657005248	0.161671629	0	0	2	[10.0, 20.0, 30.0, 40.0, 50.0, 60.0, 70.0, 80.0, 90.0]	[4, 5, 7, 7, 8, 9, 9, 8, 8]	0	10	-150	NR	NR	NR	NR	NR	NR	NR	NR	NR	NR	NR	NR	NR	NR	NR	NR	NR	NR	NR	NR	NR	NR	NR	NR	NR	NR	NR	NR
24_10_29_2	Mouse NAc Patch-seq 24_10_29_2	Batch4	-72.03516923	-71.37160528	704.171317	19.05196838	-40.34423828	84.89990234	2.4	3.357701257	-8.239746094	0	0.976031957	13	40	1.163776705	331.4	151.6	0.857142857	0.00071611	0.124443719	1.029528186	0.401962476	0.213	22.85384216	0.926673751	0.981776816	0.581148336	0.094766156	0	0	0	[40.0, 50.0, 60.0, 70.0, 80.0, 90.0, 100.0, 110.0, 120.0, 130.0, 140.0, 150.0]	[2, 4, 7, 8, 10, 11, 12, 13, 13, 13, 13, 3]	0	10	-150	NR	NR	NR	NR	NR	NR	NR	NR	NR	NR	NR	NR	NR	NR	NR	NR	NR	NR	NR	NR	NR	NR	NR	NR	NR	NR	NR	NR
24_10_29_3	Mouse NAc Patch-seq 24_10_29_3	Batch4	-67.41323287	-72.7722168	388.1835938	8.681639016	-24.74975586	83.95385742	1.9	3.977025615	-13.06152344	0	1.015765766	13	81	1.106011272	520	209.6	0.857142857	0.001347801	0.168006547	1.024324792	0.176318718	0.0884	7.529748535	0.925246827	0.980130694	1.174115936	0.142574038	0	0	0	[90.0, 100.0, 110.0, 120.0, 130.0, 140.0, 150.0, 160.0, 170.0, 180.0, 190.0, 200.0, 210.0, 220.0]	[1, 4, 7, 8, 9, 10, 11, 11, 12, 12, 12, 13, 13, 13]	0	10	-150	NR	NR	NR	NR	NR	NR	NR	NR	NR	NR	NR	NR	NR	NR	NR	NR	NR	NR	NR	NR	NR	NR	NR	NR	NR	NR	NR	NR
24_10_29_5	Mouse NAc Patch-seq 24_10_29_5	Batch4	-69.08786923	-69.45277623	603.8992746	22.77720146	-34.30175781	88.22631836	2.2	4.192719963	-13.54980469	0	0.791284404	13	50	1.135028711	300.4	89.7	0.857142857	0.00077111	0.127918213	0.929123302	0.789033448	0.3502	35.94216614	0.927389395	0.977797946	1.88147975	0.167743588	0	0	0	[50.0, 60.0, 70.0, 80.0, 90.0, 100.0, 110.0, 120.0, 130.0, 140.0, 150.0, 160.0]	[2, 4, 6, 7, 8, 10, 11, 12, 12, 12, 13, 13]	0	10	-150	NR	NR	NR	NR	NR	NR	NR	NR	NR	NR	NR	NR	NR	NR	NR	NR	NR	NR	NR	NR	NR	NR	NR	NR	NR	NR	NR	NR
24_10_30_5	Mouse NAc Patch-seq 24_10_30_5	Batch4	-71.54888245	-73.40175084	472.4993025	10.93063168	-31.67724609	75.74462891	2	3.157695525	-12.02392578	0	1.146496815	11	80	1.078668551	216	152.2	0.833333333	0.001174393	0.147172616	1.111983693	0	0.0831	7.938095093	0.945979381	0.989293022	0.792986618	0.116908495	0	0	0	[80.0, 90.0, 100.0, 110.0, 120.0, 130.0, 140.0, 150.0, 160.0, 170.0, 180.0, 190.0, 200.0]	[2, 4, 6, 6, 8, 9, 9, 10, 10, 11, 11, 10, 9]	0	10	-150	NR	NR	NR	NR	NR	NR	NR	NR	NR	NR	NR	NR	NR	NR	NR	NR	NR	NR	NR	NR	NR	NR	NR	NR	NR	NR	NR	NR
24_10_31_3	Mouse NAc Patch-seq 24_10_31_3	Batch4	-69.31508043	-69.46382068	766.8631417	23.06712485	-41.22924805	78.79638672	1.9	3.843043928	-12.78686523	0	1.078234704	11	30	1.098636438	183.6	68.2	0.833333333	0.001900828	0.184138596	1.067274182	0	0.2825	31.96060638	0.846386682	0.973313175	0.879116603	0.120654983	0	0	0	[30.0, 40.0, 50.0, 60.0, 70.0, 80.0]	[4, 8, 10, 11, 11, 11]	0	10	-150	217.89624	-200.97374	0	8.618729	11.435339	6.812262	20.07886963	55.33829573	229.4648186	0.941617266	0.569164218	0.779414123	132.36282	4	163.4454994	NaN	NaN	4	1.2097261	1.6242528	615.9884796	23.41573807	425.740693	1	1	0.567533615	2.904400902	NaN
24_10_31_4	Mouse NAc Patch-seq 24_10_31_4	Batch4	-49.31605829	-51.84355236	849.4349888	35.21833618	-36.68212891	91.43066406	2.2	3.842999002	-9.094238281	0	1.095652174	10	10	1.021192266	89.6	23.8	1	0.000810105	0.1111833	1.050310168	0	0.3031	40.37355042	0.863253857	0.946177824	4.340874145	0.267596366	0	0	0	[10.0, 20.0, 30.0, 40.0, 50.0]	[3, 7, 9, 10, 10]	0	10	-150	NR	NR	NR	NR	NR	NR	NR	NR	NR	NR	NR	NR	NR	NR	NR	NR	NR	NR	NR	NR	NR	NR	NR	NR	NR	NR	NR	NR
24_10_31_5	Mouse NAc Patch-seq 24_10_31_5	Batch4	-51.68679583	-56.33980887	695.0160435	35.61289606	-38.72680664	77.78930664	2.5	2.614981747	-5.035400391	0	1.188679245	8	2.083333333	1.078233218	142.9	39.8	0.6	0.011159803	0.410315849	1.797870333	0	0.1087	11.36305389	0.872348782	0.972766433	0.35875386	0.073942036	0	0	0	[10.0, 20.0, 30.0, 40.0, 50.0]	[1, 5, 8, 8, 2]	0	10	-150	NR	NR	NR	NR	NR	NR	NR	NR	NR	NR	NR	NR	NR	NR	NR	NR	NR	NR	NR	NR	NR	NR	NR	NR	NR	NR	NR	NR
24_10_31_6	Mouse NAc Patch-seq 24_10_31_6	Batch4	-58.12380178	-55.33912295	651.9426618	15.31890129	-22.61352539	69.12231445	3.4	4.394218156	-0.732421875	0	1.442310711	6	30	1.109365857	316.6	118.2	1	0.020055194	0.443896996	1.289211773	0.976667917	0.1155	10.86004028	0.806401837	0.941324955	1.305354497	0.160530279	0	0	0	[30.0, 40.0, 50.0, 60.0, 70.0]	[3, 5, 5, 6, 2]	0	10	-150	NR	NR	NR	NR	NR	NR	NR	NR	NR	NR	NR	NR	NR	NR	NR	NR	NR	NR	NR	NR	NR	NR	NR	NR	NR	NR	NR	NR
24_11_11_1	Mouse NAc Patch-seq 24_11_11_1	Batch4	-54.57517774	-55.33854167	290.788923	24.83370798	-26.30615234	88.50097656	2.2	3.981981191	-1.556396484	0	6.506410256	6	70	1.099977853	190.6	114.2	0.5	0.033848546	0.567936104	3.717704422	2.334468931	0.4351	34.7189209	0.704387187	0.98250968	0.978127201	0.116312082	0	0	0	[70.0, 80.0, 90.0, 100.0, 110.0, 120.0, 130.0, 140.0, 150.0, 160.0, 170.0, 180.0, 190.0]	[2, 1, 1, 1, 2, 2, 3, 5, 5, 3, 5, 6, 6]	0	10	-150	NR	NR	NR	NR	NR	NR	NR	NR	NR	NR	NR	NR	NR	NR	NR	NR	NR	NR	NR	NR	NR	NR	NR	NR	NR	NR	NR	NR
24_11_11_3	Mouse NAc Patch-seq 24_11_11_3	Batch4	-61.97427893	-62.77582078	588.2045201	31.32193246	-34.42382813	78.70483398	3.2	3.625581291	-9.063720703	0	0.927218345	7	40	1.089747163	316.5	158	0.75	0.000722925	0.089483457	1.032842026	0.196649403	0.4791	52.68797913	0.8274773	0.926935487	1.611676319	0.166989926	0	0	0	[40.0, 50.0, 60.0, 70.0, 80.0, 90.0]	[2, 4, 6, 7, 6, 4]	0	10	-150	NR	NR	NR	NR	NR	NR	NR	NR	NR	NR	NR	NR	NR	NR	NR	NR	NR	NR	NR	NR	NR	NR	NR	NR	NR	NR	NR	NR
24_11_11_4	Mouse NAc Patch-seq 24_11_11_4	Batch4	-56.7938971	-55.0827753	764.6833147	24.69471477	-20.47729492	63.96484375	2.7	2.585458586	-9.246826172	0	1.257945993	5	40	1.136990705	279.3	135.1	NaN	0.001860299	0.138414543	1.147188548	0.57838386	0.3425	31.40160675	0.916499907	0.970126903	0.644325222	0.106461951	0	0	0	[40.0, 50.0, 60.0, 70.0, 80.0, 90.0]	[3, 5, 2, 2, 1, 1]	0	10	-150	198.22583	-195.59167	0	4.836164	6.4293413	3.4704516	12.0913702	32.18910773	74.79385767	0.907105752	0.511581578	0.742741034	97.17734	3	113.9621067	NaN	NaN	3	1.1025369	1.4028641	614.8203707	23.37133301	424.9333263	9	4	0.229894984	1.416895785	NaN
24_11_12_1	Mouse NAc Patch-seq 24_11_12_1	Batch4	-74.01612893	-77.06676665	442.5920759	13.61568934	-30.45654297	79.07104492	2.8	4.287820024	-12.60375977	0	1.082214765	9	90	1.095624283	417.7	179.3	0.8	0.001263277	0.135529549	1.061879479	0.02901387	0.1365	13.40260315	0.877118644	0.970534098	1.024013084	0.132233116	0	0	0	[90.0, 100.0, 110.0, 120.0, 130.0, 140.0, 150.0, 160.0, 170.0, 180.0, 190.0]	[2, 4, 5, 6, 7, 7, 8, 9, 8, 7, 7]	0	10	-150	NR	NR	NR	NR	NR	NR	NR	NR	NR	NR	NR	NR	NR	NR	NR	NR	NR	NR	NR	NR	NR	NR	NR	NR	NR	NR	NR	NR
24_11_12_3	Mouse NAc Patch-seq 24_11_12_3	Batch4	-46.23176515	-44.08918108	337.437221	27.16689267	-31.46362305	90.60668945	1.9	3.704525923	-2.777099609	0	1.72887768	6	30	1.07597616	100.1	39.8	0.5	0.013429483	0.352726786	1.519541475	8.508987376	0.373	27.3703125	0.825878594	0.941472505	0.764624446	0.100254168	0	0	2	[30.0, 40.0, 50.0, 60.0, 70.0, 80.0, 90.0, 100.0, 110.0, 120.0, 130.0, 140.0]	[1, 1, 2, 2, 2, 3, 4, 5, 3, 5, 5, 6]	0	10	-150	NR	NR	NR	NR	NR	NR	NR	NR	NR	NR	NR	NR	NR	NR	NR	NR	NR	NR	NR	NR	NR	NR	NR	NR	NR	NR	NR	NR
24_11_12_4	Mouse NAc Patch-seq 24_11_12_4	Batch4	-64.8965709	-63.47133092	408.5867746	22.87931874	-32.89794922	78.94897461	1.9	3.517382224	-4.028320313	0	1.17699115	12	50	1.14649402	161.2	104.6	0.714285714	0.00852601	0.410227475	1.848113423	2.60042488	0.4695	45.1027771	0.726748655	1.029428382	3.489144178	0.236160628	0	0	0	[50.0, 60.0, 70.0, 80.0, 90.0, 100.0, 110.0, 120.0, 130.0, 140.0, 150.0, 160.0]	[6, 6, 7, 8, 9, 10, 11, 11, 12, 12, 11, 11]	0	10	-150	NR	NR	NR	NR	NR	NR	NR	NR	NR	NR	NR	NR	NR	NR	NR	NR	NR	NR	NR	NR	NR	NR	NR	NR	NR	NR	NR	NR
24_11_12_6	Mouse NAc Patch-seq 24_11_12_6	Batch4	-73.32308923	-79.90955171	370.7449777	20.45455613	-29.78515625	83.95385742	2.1	4.025448929	-10.86425781	0	1.206199461	9	110	1.053881388	410.5	247.8	0.8	0.001320401	0.138837796	1.076521587	0	0.1498	13.39230347	0.933308214	0.981666491	0.842533428	0.113397248	0	0	0	[110.0, 120.0, 130.0, 140.0, 150.0, 160.0, 170.0, 180.0, 190.0, 200.0, 210.0, 220.0, 230.0, 240.0]	[1, 2, 4, 4, 5, 6, 6, 7, 7, 8, 8, 8, 9, 9]	0	10	-150	214.06847	-132.11845	0	5.822421	7.671053	4.6375756	13.32515493	37.40110432	100.218123	0.900300056	0.564419136	0.814285479	170.51036	5	183.420486	NaN	NaN	5	1.1010897	1.4800164	1901.55723	72.28441031	1314.262005	14	4	0.316738432	2.51057032	NaN
24_11_13_2	Mouse NAc Patch-seq 24_11_13_2	Batch4	-64.80450485	-67.59643555	436.4013672	21.01892668	-39.48974609	61.12670898	2.3	2.260777635	-13.27514648	0	0.843629344	11	60	0.987629081	305.3	120.9	0.833333333	0.001697925	0.175511099	1.044108634	0	0.0735	7.137771606	0.902390438	0.975405494	0.771276044	0.127441949	0	0	0	[60.0, 70.0, 80.0, 90.0, 100.0, 110.0]	[2, 7, 8, 10, 10, 11]	0	10	-150	NR	NR	NR	NR	NR	NR	NR	NR	NR	NR	NR	NR	NR	NR	NR	NR	NR	NR	NR	NR	NR	NR	NR	NR	NR	NR	NR	NR
24_11_13_5	Mouse NAc Patch-seq 24_11_13_5	Batch4	-69.22232889	-70.33284505	321.6552734	12.86042957	-28.38134766	85.63232422	2	3.840938586	-10.07080078	0	0.921714818	11	110	1.064900685	500.8	313	0.833333333	0.00035477	0.079822238	0.982753341	0	0.1194	10.58348541	0.953996983	0.982447897	0.603868418	0.097427368	0	0	0	[110.0, 120.0, 130.0, 140.0, 150.0, 160.0, 170.0, 180.0, 190.0, 200.0, 210.0, 220.0, 230.0, 240.0]	[1, 2, 4, 5, 5, 6, 7, 8, 9, 9, 10, 10, 10, 11]	0	10	-150	NR	NR	NR	NR	NR	NR	NR	NR	NR	NR	NR	NR	NR	NR	NR	NR	NR	NR	NR	NR	NR	NR	NR	NR	NR	NR	NR	NR
24_11_15_6	Mouse NAc Patch-seq 24_11_15_6	Batch4	-72.07937359	-94.26589239	314.7670201	9.033166067	-31.76879883	92.16308594	1.9	4.285661368	-10.68115234	0	1.051903114	6	180	1.024890997	274	215.3	1	0.000729632	0.085205741	1.026745095	0	0.1176	9.814212036	0.970317298	0.985436698	0.096975977	0.033734433	0	0	0	[180.0, 190.0, 200.0, 210.0, 220.0, 230.0, 240.0]	[2, 3, 4, 4, 5, 6, 6]	0	10	-150	171.59584	-190.59749	0	6.774315	10.079247	4.5700083	17.98709691	44.28792	130.2750594	0.834642655	0.402660595	0.638373872	146.77719	5	167.7898333	NaN	NaN	5	1.0906261	1.9388359	2101.0429	79.86751152	1452.136572	20	5	0.080109965	1.766997952	NaN
24_11_18_1	Mouse NAc Patch-seq 24_11_18_1	Batch4	-83.23396167	-85.66429501	369.3498884	11.88268496	-41.16821289	76.41601563	2.2	2.429762869	-12.4206543	0	1.181533646	8	110	1.078195672	289.1	159.7	1	0.002506182	0.182678045	1.056459852	0	0.0732	7.609367371	0.909424725	0.974087218	0.360891592	0.076658249	0	0	0	[110.0, 120.0, 130.0, 140.0, 150.0, 160.0, 170.0, 180.0, 190.0, 200.0, 210.0, 220.0, 230.0]	[2, 4, 5, 6, 7, 8, 8, 7, 7, 4, 3, 2, 2]	0	10	-150	205.03333	-176.93555	0	6.089286	8.228509	3.9558947	13.725814	39.26438746	112.494124	0.916942386	0.597109003	0.933550264	117.006584	4	158.1121044	NaN	NaN	4	1.0750962	1.64126	973.4159899	37.00272533	672.7768217	6	3	0.879019417	3.097782402	NaN
24_11_18_4	Mouse NAc Patch-seq 24_11_18_4	Batch4	-66.69324916	-70.42265392	393.4151786	11.16311641	-29.44946289	81.63452148	2.3	3.572911968	-9.979248047	0	0.963954686	13	100	1.070564177	300.4	193.9	0.857142857	0.001211898	0.16207857	1.009039459	0.147999158	0.1537	14.03730164	0.983852798	0.995677522	0.402874013	0.080842955	0	0	0	[100.0, 110.0, 120.0, 130.0, 140.0, 150.0, 160.0, 170.0, 180.0, 190.0, 200.0, 210.0, 220.0, 230.0, 240.0]	[3, 5, 6, 8, 9, 10, 11, 11, 12, 12, 13, 13, 13, 12, 10]	0	10	-150	NR	NR	NR	NR	NR	NR	NR	NR	NR	NR	NR	NR	NR	NR	NR	NR	NR	NR	NR	NR	NR	NR	NR	NR	NR	NR	NR	NR
24_11_18_6	Mouse NAc Patch-seq 24_11_18_6	Batch4	-57.28881042	-57.01206752	467.2677176	15.31871616	-22.70507813	80.3527832	2.3	3.679326125	-12.39013672	0	1.029288703	8	50	1.054597345	437.1	140.6	1	0.000774695	0.099197134	1.034776054	0.951041396	0.1385	11.66049957	0.903902798	0.968005541	0.703569502	0.100722506	0	0	0	[50.0, 60.0, 70.0, 80.0, 90.0, 100.0, 110.0]	[2, 4, 5, 7, 8, 8, 8]	0	10	-150	200.895	-183.68785	0	6.6182327	7.7006183	4.650036	15.2169984	42.84216089	134.7140348	0.922316488	0.581774731	0.820123221	128.01894	3	159.0648847	NaN	NaN	3	1.1209117	1.7684468	1219.582544	46.36032166	842.9149391	9	4	0.199819509	1.970711513	NaN
24_11_25_4	Mouse NAc Patch-seq 24_11_25_4	Batch4	-64.64409055	-65.54449172	352.2600446	28.93758526	-32.65380859	96.89331055	2.3	5.725888144	-2.9296875	0	1.116369279	8	80	1.023664713	255.8	130.7	0.6	0.003468375	0.209968683	1.085269272	0.216056815	0.4008	36.12670288	0.933919271	0.970657595	0.798276196	0.101259479	0	0	0	[80.0, 90.0, 100.0, 110.0, 120.0, 130.0, 140.0, 150.0, 160.0, 170.0, 180.0]	[2, 3, 4, 5, 5, 6, 6, 7, 7, 7, 8]	0	10	-150	194.52167	-260.44498	0	8.665362	10.794985	6.752332	19.71904619	54.77533264	225.4476947	0.944247004	0.579794365	0.823162496	255.31078	3	293.1980095	NaN	NaN	3	1.2351614	2.905109	1302.569297	49.51491992	900.2712734	8	4	0.702833605	1.814266848	NaN
24_11_25_5	Mouse NAc Patch-seq 24_11_25_5	Batch4	-70.14014806	-70.31133743	344.6742467	15.07256417	-30.70068359	75.53100586	2.3	3.06782009	-6.591796875	0	0.935760171	9	100	1.045001673	523	335.7	0.8	0.000815959	0.112857936	1.024811578	0	0.074	7.01529541	0.965997542	0.988030426	0.29880143	0.069556047	0	0	0	[100.0, 110.0, 120.0, 130.0, 140.0, 150.0, 160.0, 170.0, 180.0, 190.0, 200.0, 210.0, 220.0, 230.0, 240.0]	[1, 3, 4, 5, 6, 7, 8, 8, 9, 9, 9, 9, 9, 9, 7]	0	10	-150	NR	NR	NR	NR	NR	NR	NR	NR	NR	NR	NR	NR	NR	NR	NR	NR	NR	NR	NR	NR	NR	NR	NR	NR	NR	NR	NR	NR
24_11_27_4	Mouse NAc Patch-seq 24_11_27_4	Batch4	-56.22171301	-55.20164853	701.8171038	25.39622061	-31.76879883	73.36425781	2.3	2.834208666	-13.671875	0	0.956790123	8	30	1.071426933	171.2	90	0.6	0.00364793	0.215256894	1.192585213	0	0.2632	26.79620667	0.835605765	0.956703752	0.814712614	0.116083702	0	0	0	[30.0, 40.0, 50.0, 60.0, 70.0, 80.0]	[2, 4, 5, 7, 8, 8]	0	10	-150	160.00499	-229.283	0	7.2906494	9.61166	4.9981775	18.14226208	46.87859247	151.1805969	0.864483668	0.459317701	0.636701802	170.29407	3	184.8215904	NaN	NaN	3	1.0693109	1.2130159	634.6588058	24.12545691	438.6446708	5	3	0.995771095	2.91020158	NaN
24_11_7_3	Mouse NAc Patch-seq 24_11_7_3	Batch4	-45.4685109	-44.33884394	471.6273717	14.79910205	-24.1394043	83.03833008	1.6	2.907937713	-11.53564453	0	1.222222222	15	21	1.076459332	389.5	60.3	0.875	0.001796695	0.208071776	1.098618956	1.691726471	0.2603	21.37874756	0.960957643	0.990634747	0.068229377	0.030031181	0	0	0	[30.0, 40.0, 50.0, 60.0, 70.0, 80.0, 90.0, 100.0, 110.0, 120.0, 130.0]	[1, 4, 7, 8, 9, 10, 11, 12, 14, 15, 15]	0	10	-150	NR	NR	NR	NR	NR	NR	NR	NR	NR	NR	NR	NR	NR	NR	NR	NR	NR	NR	NR	NR	NR	NR	NR	NR	NR	NR	NR	NR
24_11_7_4	Mouse NAc Patch-seq 24_11_7_4	Batch4	-69.26442052	-75.45718238	242.7455357	7.950619354	-23.95629883	71.16699219	1.8	2.278638637	-13.00048828	0	0.831525377	7	184.6666667	1.032501309	564.2	431.3	2.5	0.000542885	0.093751236	1.007577428	0.039760271	0.08	7.047421265	1.011720591	1.005095409	0.013778391	0.014048724	0	0	0	[190.0, 200.0, 210.0, 220.0, 230.0, 240.0]	[1, 2, 4, 5, 7, 7]	0	10	-150	199.32846	-186.24692	0	5.2758503	6.3977547	3.9074533	11.626485	33.52161186	82.2113178	0.919372878	0.608183647	0.889186345	122.21757	5	132.5526767	NaN	NaN	5	1.0741938	1.3024606	1510.886724	57.43374639	1044.249933	11	4	0.028939656	1.171396959	NaN
24_11_7_5	Mouse NAc Patch-seq 24_11_7_5	Batch4	-51.61782878	-52.92619978	636.8582589	28.12440597	-29.54101563	84.59472656	NaN	3.468799872	NaN	0	1.069230769	12	2.727272727	1.132366974	582.1	74.6	0.714285714	0.001358438	0.161206416	1.056850632	1.037500607	0.3763	39.9885376	0.933333333	0.980439429	0.647241094	0.100303046	0	0	0	[10.0, 20.0, 30.0, 40.0, 50.0, 60.0, 70.0, 80.0]	[1, 4, 7, 8, 10, 10, 11, 12]	0	10	-150	NR	NR	NR	NR	NR	NR	NR	NR	NR	NR	NR	NR	NR	NR	NR	NR	NR	NR	NR	NR	NR	NR	NR	NR	NR	NR	NR	NR
24_11_7_6	Mouse NAc Patch-seq 24_11_7_6	Batch4	-61.63764734	-67.32090541	460.117885	9.063380211	-21.02661133	82.79418945	1.9	4.881939982	-12.87841797	0	0.977645306	13	80	1.089434763	261.7	142.3	0.857142857	0.000437737	0.095429928	0.998562578	0.325304537	0.1799	14.53711395	0.909281228	0.979020704	1.543037812	0.159655733	0	0	0	[80.0, 90.0, 100.0, 110.0, 120.0, 130.0, 140.0, 150.0, 160.0, 170.0, 180.0]	[3, 6, 7, 9, 10, 11, 11, 12, 12, 13, 13]	0	10	-150	NR	NR	NR	NR	NR	NR	NR	NR	NR	NR	NR	NR	NR	NR	NR	NR	NR	NR	NR	NR	NR	NR	NR	NR	NR	NR	NR	NR
24_11_8_2	Mouse NAc Patch-seq 24_11_8_2	Batch4	-60.42953626	-60.67039853	423.2352121	15.9674375	-29.75463867	84.28955078	2.2	3.824635052	-6.744384766	0	1.230263158	9	60	1.047328811	284.6	150.1	0.8	0.003659739	0.226360136	1.14101531	0	0.3036	24.447435	0.883771141	0.96069842	2.348199446	0.197733344	0	0	0	[60.0, 70.0, 80.0, 90.0, 100.0, 110.0, 120.0, 130.0]	[2, 3, 5, 6, 7, 8, 8, 9]	0	10	-150	NR	NR	NR	NR	NR	NR	NR	NR	NR	NR	NR	NR	NR	NR	NR	NR	NR	NR	NR	NR	NR	NR	NR	NR	NR	NR	NR	NR
24_12_2_2	Mouse NAc Patch-seq 24_12_2_2	Batch4	-79.37858724	-79.85229492	476.5973772	16.53732176	-42.90771484	80.13916016	2.2	3.181654925	-7.385253906	0	1.05574136	9	70	1.090021383	267.2	165.3	0.8	0.002140758	0.181305064	1.059479921	0.389256412	0.1571	16.66023254	0.924143242	0.979088724	0.463340483	0.086328837	0	0	0	[70.0, 80.0, 90.0, 100.0, 110.0, 120.0, 130.0, 140.0, 150.0]	[3, 5, 6, 8, 8, 9, 9, 8, 6]	0	10	-150	NR	NR	NR	NR	NR	NR	NR	NR	NR	NR	NR	NR	NR	NR	NR	NR	NR	NR	NR	NR	NR	NR	NR	NR	NR	NR	NR	NR
24_12_2_5	Mouse NAc Patch-seq 24_12_2_5	Batch4	-70.42163025	-78.04681687	332.7287946	12.2580264	-30.67016602	83.58764648	2	3.090266817	-10.65063477	0	1.169811321	9	130	1.023244435	282.2	140.1	0.8	0.00144826	0.143812502	1.084722173	0	0.027	2.427285767	0.92827945	0.971597472	0.732429582	0.105632831	0	0	0	[130.0, 140.0, 150.0, 160.0, 170.0, 180.0, 190.0, 200.0, 210.0, 220.0, 230.0, 240.0]	[2, 4, 4, 6, 6, 7, 7, 8, 9, 8, 9, 8]	0	10	-150	NR	NR	NR	NR	NR	NR	NR	NR	NR	NR	NR	NR	NR	NR	NR	NR	NR	NR	NR	NR	NR	NR	NR	NR	NR	NR	NR	NR
25_1_14_1	Mouse NAc Patch-seq 25_1_14_1	Batch5	-67.58469613	-67.73914156	528.6516462	26.13278203	-34.33227539	86.76147461	2.1	4.648997152	-8.056640625	0	1.038314176	8	50	1.061377157	326.5	147.3	1	0.001529419	0.145515327	1.070618894	0.830742875	0.3793	35.30264893	0.86	0.940297215	1.708694274	0.164618581	0	0	0	[50.0, 60.0, 70.0, 80.0, 90.0, 100.0, 110.0]	[2, 5, 7, 8, 7, 6, 6]	0	10	-150	NR	NR	NR	NR	NR	NR	NR	NR	NR	NR	NR	NR	NR	NR	NR	NR	NR	NR	NR	NR	NR	NR	NR	NR	NR	NR	NR	NR
25_1_14_2	Mouse NAc Patch-seq 25_1_14_2	Batch5	-72.47544494	-71.97788783	801.7403739	14.73976499	-27.0690918	63.50708008	4	3.129893443	-13.97705078	0	NaN	2	50	1.140989185	240.8	133.3	NaN	NaN	NaN	NaN	2.180006988	0.3797	38.70052185	NaN	NaN	0.143203485	0.048626858	0	0	0	[50.0, 60.0, 70.0, 80.0, 90.0, 100.0, 110.0, 120.0, 130.0]	[2, 2, 2, 1, 2, 1, 1, 1, 1]	0	10	-150	205.64546	-206.23999	0	6.413324	8.516893	4.720643	15.87694495	40.83681971	110.8204184	0.835075658	0.43962857	0.608602167	107.04774	4	115.2723827	NaN	NaN	4	1.1335907	2.1692123	672.5837064	25.5671072	464.8564959	8	2	0.051067723	2.15409087	NaN
25_1_14_3	Mouse NAc Patch-seq 25_1_14_3	Batch5	-70.70768429	-69.31268601	677.9261998	15.73155841	-35.82763672	82.15332031	1.9	4.286854078	-16.84570313	0	0.859180036	15	40	1.116527875	259.3	84.1	0.875	0.000209536	0.070530687	0.997870342	0.057531817	0.1503	16.91418152	0.919406151	0.987905565	1.155595894	0.133504587	0	0	0	[40.0, 50.0, 60.0, 70.0, 80.0, 90.0, 100.0, 110.0, 120.0, 130.0, 140.0]	[4, 7, 9, 10, 12, 13, 13, 14, 15, 14, 15]	0	10	-150	NR	NR	NR	NR	NR	NR	NR	NR	NR	NR	NR	NR	NR	NR	NR	NR	NR	NR	NR	NR	NR	NR	NR	NR	NR	NR	NR	NR
25_1_14_5	Mouse NAc Patch-seq 25_1_14_5	Batch5	-68.8008376	-75.03836496	327.4972098	8.412688118	-33.44726563	92.16308594	1.8	3.824777581	-10.71166992	0	0.97029703	14	103.3333333	1.074908134	393.4	182.7	1	0.000528531	0.10959963	1.084799001	0.154122748	0.3174	27.42966614	0.976963351	0.989526443	0.210694752	0.05287692	0	0	0	[110.0, 120.0, 130.0, 140.0, 150.0, 160.0, 170.0, 180.0, 190.0, 200.0, 210.0, 220.0, 230.0, 240.0]	[1, 3, 5, 7, 8, 9, 10, 11, 11, 12, 13, 14, 14, 14]	0	10	-150	NR	NR	NR	NR	NR	NR	NR	NR	NR	NR	NR	NR	NR	NR	NR	NR	NR	NR	NR	NR	NR	NR	NR	NR	NR	NR	NR	NR
25_1_16_3	Mouse NAc Patch-seq 25_1_16_3	Batch5	-60.26911088	-90.91622489	379.725865	9.297665032	-19.28710938	85.35766602	1.6	3.048071119	-15.10620117	0	1.069014085	10	190	1.043504308	86	84	1	0.000131546	0.047169712	1.008526014	0.219154852	0.1188	8.775891113	0.977989729	0.995499802	0.103127794	0.036268599	0	0	0	[190.0, 200.0, 210.0, 220.0, 230.0, 240.0]	[7, 7, 7, 8, 9, 10]	0	10	-150	NR	NR	NR	NR	NR	NR	NR	NR	NR	NR	NR	NR	NR	NR	NR	NR	NR	NR	NR	NR	NR	NR	NR	NR	NR	NR	NR	NR
25_1_16_4	Mouse NAc Patch-seq 25_1_16_4	Batch5	-65.39106045	-73.89322917	410.7666016	9.697562286	-27.09960938	82.39746094	2.2	3.301606045	-6.164550781	0	0.934722222	13	110	1.037063608	234.1	171.3	0.857142857	0.000722056	0.123586132	1.02067526	0	0.0619	5.533752441	0.994365139	0.996289412	0.1896769	0.053311767	0	0	0	[110.0, 120.0, 130.0, 140.0, 150.0, 160.0, 170.0, 180.0, 190.0, 200.0, 210.0, 220.0, 230.0, 240.0]	[3, 4, 6, 7, 8, 9, 10, 11, 11, 12, 12, 13, 13, 13]	0	10	-150	186.04456	-186.81818	0	7.073953	8.847278	5.648895	15.40675984	44.91371813	152.6565411	0.950970979	0.64312115	0.888546134	135.20999	5	141.3370411	NaN	NaN	5	1.0744616	1.5183889	1558.567613	59.24625317	1077.204606	14	5	0.217549255	2.366377587	NaN
25_1_17_5	Mouse NAc Patch-seq 25_1_17_5	Batch5	-76.41531445	-93.96362305	329.284668	7.813005808	-33.9050293	89.44702148	1.7	3.442106322	-11.56616211	0	1.155698234	9	160	1.047025191	251.3	177.5	1.25	0.001066913	0.125675872	1.097970178	0.026676048	0.0663	5.93184967	0.976364268	0.988398488	0.08573541	0.032800006	0	0	0	[160.0, 170.0, 180.0, 190.0, 200.0, 210.0, 220.0, 230.0, 240.0]	[2, 3, 4, 6, 6, 7, 8, 9, 9]	0	10	-150	168.57301	-199.55	0	7.4785233	9.269748	5.991154	16.89015301	47.376651	166.6090733	0.932781228	0.584025057	0.861480887	161.2932	5	196.2045212	NaN	NaN	5	1.0852194	1.6777502	1577.121355	59.95154026	1090.028006	13	4	0.236837884	2.269671752	NaN
24_12_13_2	Mouse NAc Patch-seq 24_12_13_2	Batch5	-80.14842407	-90.46020508	490.7226563	8.51583066	-33.44726563	72.87597656	2.2	2.989403316	-14.16015625	0	1.179930796	9	100	1.065987061	333.2	190.2	0.8	0.002504473	0.192497466	1.101009898	0.060043569	0.0609	5.924060059	0.96344086	0.989769642	0.228176171	0.061113918	0.265698403	0	0	[100.0, 110.0, 120.0, 130.0, 140.0, 150.0, 160.0, 170.0, 180.0, 190.0, 200.0, 210.0, 220.0, 230.0, 240.0]	[3, 5, 6, 7, 8, 8, 8, 9, 9, 9, 9, 9, 8, 9, 8]	0	10	-150	213.27751	-163.24811	0	9.048834	12.097534	6.3791633	21.73928259	57.47281737	235.9136877	0.897507381	0.499186376	0.712327109	84.16606	9	98.09472752	NaN	NaN	9	1.1003096	1.4847343	948.02317	36.03746096	655.2265661	7	2	0.063595172	2.607307908	NaN
24_12_13_4	Mouse NAc Patch-seq 24_12_13_4	Batch5	-67.46243032	-71.51605515	371.3553292	14.6698972	-33.87451172	74.70703125	1.5	2.561614472	-19.19555664	0	0.976973684	12	90	1.018455461	182.8	97	0.714285714	0.001611021	0.178113356	1.057237265	0.085980029	0.5491	47.48290405	0.970503892	0.98051431	0.880465998	0.12609353	0	0	0	[90.0, 100.0, 110.0, 120.0, 130.0, 140.0, 150.0, 160.0, 170.0, 180.0, 190.0]	[4, 7, 8, 9, 9, 10, 11, 11, 12, 12, 12]	0	10	-150	NR	NR	NR	NR	NR	NR	NR	NR	NR	NR	NR	NR	NR	NR	NR	NR	NR	NR	NR	NR	NR	NR	NR	NR	NR	NR	NR	NR
24_12_5_2	Mouse NAc Patch-seq 24_12_5_2	Batch5	-66.71459165	-66.63614909	331.5080915	20.07483998	-31.70776367	81.69555664	1.9	3.961219583	-9.613037109	0	4.194444444	9	70	1.172619999	165.4	79.8	0.5	0.028433948	0.636032827	2.865033488	2.833606275	0.5169	48.7743042	0.634280181	0.971745391	4.147075706	0.264983029	0.614173228	0	0	[70.0, 80.0, 90.0, 100.0, 110.0, 120.0, 130.0, 140.0, 150.0, 160.0, 170.0, 180.0, 190.0, 200.0, 210.0, 220.0, 230.0, 240.0]	[1, 1, 2, 2, 3, 4, 5, 6, 5, 6, 8, 8, 8, 8, 9, 9, 9, 9]	0	10	-150	412.14914	-216.61084	0	11.746701	14.459937	9.313062	27.21547535	73.64710687	386.3155052	0.895036243	0.521567223	0.759266948	507.18372	5	536.9704866	NaN	NaN	5	1.0349	1.1647081	2375.059597	90.28378421	1641.523351	16	6	0.11697461	1.97576028	NaN
25_1_27_3	Mouse NAc Patch-seq 25_1_27_3	Batch5	-61.10017247	-60.82327706	565.7087054	18.7127531	-31.40258789	75.65307617	2.3	3.680102523	-8.697509766	0	0.903125	11	50	1.069981721	147.7	114.1	0.833333333	0.00016586	0.053782589	0.977637615	0	0.0875	9.051249695	0.95236189	0.988567826	0.325435917	0.070130972	0	0	0	[50.0, 60.0, 70.0, 80.0, 90.0, 100.0, 110.0, 120.0]	[3, 4, 7, 8, 9, 10, 11, 11]	0	10	-150	NR	NR	NR	NR	NR	NR	NR	NR	NR	NR	NR	NR	NR	NR	NR	NR	NR	NR	NR	NR	NR	NR	NR	NR	NR	NR	NR	NR
25_1_27_4	Mouse NAc Patch-seq 25_1_27_4	Batch5	-71.51913309	-75.10870071	316.5980748	10.05255962	-36.52954102	85.51025391	2	3.443310493	-6.744384766	0	0.928677563	17	91.57894737	1.034813377	585.3	274.3	0.888888889	0.000719773	0.141583498	1.012580837	0	0.0545	5.19491272	0.985315712	0.994520761	1.035291611	0.132762104	0	0	0	[100.0, 110.0, 120.0, 130.0, 140.0, 150.0, 160.0, 170.0, 180.0, 190.0, 200.0, 210.0, 220.0, 230.0, 240.0]	[1, 4, 6, 7, 9, 10, 11, 12, 13, 14, 15, 15, 16, 16, 17]	0	10	-150	NR	NR	NR	NR	NR	NR	NR	NR	NR	NR	NR	NR	NR	NR	NR	NR	NR	NR	NR	NR	NR	NR	NR	NR	NR	NR	NR	NR
25_1_27_5	Mouse NAc Patch-seq 25_1_27_5	Batch5	-82.6947262	-95.06196522	373.4479632	9.476322181	-40.28320313	87.03613281	1.9	3.962532559	-9.460449219	0	1.158508159	11	120	1.056052443	406.5	205.6	0.833333333	0.001809389	0.18306667	1.074815449	0.00622978	0.1029	9.945477295	0.932322485	0.984640914	0.460760008	0.083372602	0	0	0	[120.0, 130.0, 140.0, 150.0, 160.0, 170.0, 180.0, 190.0, 200.0, 210.0, 220.0, 230.0, 240.0]	[2, 4, 6, 7, 8, 9, 9, 10, 10, 10, 11, 11, 11]	0	10	-150	192.12819	-181.98273	0	7.181285	8.751004	5.7844696	17.12805251	44.60964456	141.4877529	0.893451922	0.482284026	0.716040001	112.56445	4	145.3554997	NaN	NaN	4	1.1774557	1.3358512	604.8810925	22.99350891	418.0637975	3	3	0.059670147	1.835419368	NaN
25_1_27_6	Mouse NAc Patch-seq 25_1_27_6	Batch5	-78.45488751	-79.82991536	324.9686105	13.7857351	-45.8984375	84.32006836	2	3.92119103	-6.256103516	0	1.011157601	12	70	1.038338624	361.1	150.9	1	0.000965969	0.136474078	1.038160418	0.159204057	0.1516	14.93094788	0.928239914	0.983360221	0.423407926	0.077247636	0	0	0	[70.0, 80.0, 90.0, 100.0, 110.0, 120.0, 130.0, 140.0, 150.0, 160.0, 170.0, 180.0]	[2, 4, 6, 7, 8, 9, 10, 11, 11, 12, 12, 12]	0	10	-150	188.03499	-197.1925	0	6.3971577	7.9917445	5.37117	14.70221867	41.22870069	123.2506658	0.9111709	0.570195149	0.739075342	90.43722	5	106.6667709	NaN	NaN	5	1.0728295	1.1889199	679.6100798	25.83420142	469.7127531	7	2	0.024604376	1.829382481	NaN
24_12_9_3	Mouse NAc Patch-seq 24_12_9_3	Batch5	-82.14075152	-81.98678153	279.976981	9.750448711	-36.86523438	78.73535156	2	2.735810286	-11.23046875	0	1.10817942	9	150	1.142206798	274.5	223.4	0.8	0.00164691	0.157548587	1.190119522	0.049976596	0.1633	16.11662903	0.946762018	0.97075647	0.385951432	0.079313161	0	0	0	[150.0, 160.0, 170.0, 180.0, 190.0, 200.0, 210.0, 220.0, 230.0, 240.0]	[2, 3, 4, 5, 7, 7, 8, 8, 9, 9]	0	10	-150	192.96889	-213.51111	0	5.3044863	6.67989	3.990803	12.11750953	33.7424213	81.02933358	0.894333799	0.551842987	0.785324949	156.39932	6	166.9686794	NaN	NaN	6	1.0532141	1.1504695	910.6032495	34.61500767	629.3637775	7	3	0.063117877	3.135612445	NaN
24_12_9_6	Mouse NAc Patch-seq 24_12_9_6	Batch5	-60.05495199	-60.42596726	772.3563058	39.78066646	-33.17260742	83.92333984	2	3.366663369	-4.699707031	0	1.386843697	3	20	1.095524994	337.7	149.4	NaN	0.003343185	0.206369427	1.386843697	4.538157885	0.4128	55.21933594	0.743400894	0.765751751	2.776537655	0.209665295	0	0	0	[20.0, 30.0, 40.0, 50.0, 60.0, 70.0, 80.0, 90.0]	[1, 1, 2, 2, 3, 3, 2, 2]	0	10	-150	184.60384	-174.14232	0	7.224714	8.414665	5.8883066	16.02405489	45.76712809	157.2144812	0.943181098	0.612276652	0.844778886	164.32207	3	176.2279444	NaN	NaN	3	1.1880447	2.893495	668.7519906	25.42145099	462.2081984	5	3	0.265205049	1.889589535	NaN
25_1_3_2	Mouse NAc Patch-seq 25_1_3_2	Batch5	-66.47849461	-69.83235677	512.7825056	11.56663116	-27.74047852	81.26831055	1.8	3.728840934	-16.63208008	0	1.095112285	13	70	1.095836161	240.3	136.2	0.857142857	0.000971271	0.142236768	1.064060322	0	0.1124	9.828852844	0.953602414	0.987546792	0.818426442	0.114717347	0	0	0	[70.0, 80.0, 90.0, 100.0, 110.0, 120.0, 130.0, 140.0, 150.0, 160.0, 170.0]	[4, 6, 7, 9, 9, 11, 11, 12, 12, 13, 13]	0	10	-150	NR	NR	NR	NR	NR	NR	NR	NR	NR	NR	NR	NR	NR	NR	NR	NR	NR	NR	NR	NR	NR	NR	NR	NR	NR	NR	NR	NR
25_1_8_3	Mouse NAc Patch-seq 25_1_8_3	Batch5	-53.96087272	-58.3278111	433.7855748	10.67631384	-12.60375977	78.85742188	2	3.545503521	-13.06152344	0	1.003448276	13	90	1.063475212	326.1	215.8	0.857142857	0.000674477	0.121110974	1.031480549	0.055022237	0.2011	15.38310852	0.979550102	0.992219091	0.683269594	0.10957198	0	0	0	[90.0, 100.0, 110.0, 120.0, 130.0, 140.0, 150.0, 160.0, 170.0, 180.0, 190.0]	[3, 5, 7, 8, 9, 10, 11, 12, 12, 12, 13]	0	10	-150	NR	NR	NR	NR	NR	NR	NR	NR	NR	NR	NR	NR	NR	NR	NR	NR	NR	NR	NR	NR	NR	NR	NR	NR	NR	NR	NR	NR
25_2_10_3	Mouse NAc Patch-seq 25_2_10_3	Batch5	-71.41408357	-69.28623744	399.9546596	11.56007719	-26.58081055	77.69775391	2	2.944215868	-10.71166992	0	1.209267564	9	100	1.165059076	271	184	0.8	0.001387838	0.149705032	1.058200325	0.016512962	0.1392	13.06277313	0.883411581	0.971259416	0.573718262	0.099760433	0	0	0	[100.0, 110.0, 120.0, 130.0, 140.0, 150.0, 160.0, 170.0, 180.0, 190.0, 200.0, 210.0]	[2, 4, 5, 6, 7, 8, 8, 9, 9, 9, 5, 2]	0	10	-150	193.55923	-185.97845	0	6.583316	7.724065	5.678288	13.75584733	41.68659073	134.0948611	0.969681794	0.708659218	0.924175069	122.08383	5	136.649209	NaN	NaN	5	1.0558635	1.2225126	868.1156049	32.99991355	599.9984314	7	2	0.007789598	1.508833389	NaN
25_2_12_1	Mouse NAc Patch-seq 25_2_12_1	Batch5	-54.89641235	-59.48282878	525.5126953	39.36583227	-46.72241211	85.99853516	2.3	3.476972574	-5.920410156	0	1.262424364	6	0	1.178439971	527.1	7.5	1	0.002735836	0.161787642	1.140256929	0	0.438	49.04220428	0.940962943	0.976032078	0.095570455	0.035122381	0	0	1	[0.0, 10.0, 20.0]	[1, 5, 6]	0	10	-150	190.52415	-207.72917	0	6.602621	8.845448	5.175252	15.51156284	41.1399674	122.8793165	0.912348505	0.510702136	0.735088791	110.67098	4	117.4424667	NaN	NaN	4	1.0558896	1.2327279	675.7402015	25.68709611	467.0381117	6	2	0.671597136	2.06721364	NaN
25_2_25_3	Mouse NAc Patch-seq 25_2_25_3	Batch5	-72.96887643	-75.64522879	329.6770368	10.49105898	-29.84619141	84.9609375	1.8	3.157828525	-11.13891602	0	1.202321725	11	120	1.053096485	488.1	265	0.833333333	0.001311473	0.152719874	1.121184231	0.11148226	0.0728	6.741519165	0.971117779	0.984204104	0.267595463	0.063066083	0	0	0	[120.0, 130.0, 140.0, 150.0, 160.0, 170.0, 180.0, 190.0, 200.0, 210.0, 220.0, 230.0, 240.0]	[1, 2, 4, 5, 5, 6, 7, 8, 9, 9, 10, 10, 11]	0	10	-150	293.14917	-232.61919	0	6.1017747	8.593057	4.5656176	14.30189639	39.43233108	115.6338427	0.934522838	0.565324364	0.781135562	183.58955	4	199.0118394	NaN	NaN	4	1.060603	1.2862706	1775.680161	67.49941177	1227.262032	17	4	0.026349859	0.76758968	NaN
25_2_25_5	Mouse NAc Patch-seq 25_2_25_5	Batch5	-64.29261167	-65.16956148	457.938058	14.87263589	-26.06201172	89.5690918	1.9	4.379049076	-4.8828125	0	1.31010453	11	50.66666667	1.101916273	517.1	200.9	0.833333333	0.002336558	0.20377448	1.180524632	0.313870054	0.138	11.74774628	0.901827302	0.973864964	1.302050882	0.14493533	0	0	0	[60.0, 70.0, 80.0, 90.0, 100.0, 110.0, 120.0, 130.0, 140.0, 150.0, 160.0]	[1, 3, 5, 6, 7, 8, 9, 9, 10, 10, 11]	0	10	-150	174.62917	-176.065	0	6.7807393	9.332985	3.3552854	18.35349026	44.89117604	133.5761703	0.832946074	0.396544249	0.518767396	133.21552	6	143.829628	NaN	NaN	6	1.089702	1.4006971	1059.408481	40.27158173	732.2105764	9	3	0.009704436	2.313590824	NaN
25_2_28_1	Mouse NAc Patch-seq 25_2_28_1	Batch5	-72.77914685	-72.46297201	408.3251953	7.857937787	-32.37915039	58.38012695	1.1	1.70501443	-19.34814453	0	0.862232779	27	64.44444444	1.017603606	446.3	142.8	1.076923077	0.00014977	0.085877987	1.013529202	0.596928266	0.2121	19.8474823	0.986384266	0.994454428	0.472254559	0.099009762	0	0	0	[70.0, 80.0, 90.0, 100.0, 110.0, 120.0, 130.0, 140.0, 150.0, 160.0]	[2, 5, 10, 13, 16, 20, 21, 23, 26, 27]	0	10	-150	212.43213	-188.39072	0	5.9480567	8.207939	4.6840796	13.45736435	39.85022426	118.038698	0.934055614	0.651785041	0.964842212	112.465355	8	130.0603323	NaN	NaN	8	1.0862023	1.4299798	1893.553295	71.98015356	1308.730065	24	4	0.075047868	1.75856689	NaN
25_2_3_4	Mouse NAc Patch-seq 25_2_3_4	Batch5	-56.44284276	-67.74989537	257.8299386	7.376752812	-13.88549805	84.19799805	1.9	2.770437612	-10.22338867	0	1.012058108	5	190	1.00632294	495.7	364.5	NaN	0.000320363	0.056146255	1.038812542	0	0.0192	1.397814941	1.009201012	0.998510187	0.008254545	0.010162575	0	0	0	[190.0, 200.0, 210.0, 220.0, 230.0, 240.0]	[1, 2, 3, 4, 4, 5]	0	10	-150	210.7982	-189.15727	0	5.3099403	5.874962	4.8352337	10.92135895	33.11282255	83.15241247	0.952998713	0.69714239	0.945582929	110.09298	6	151.2136726	NaN	NaN	6	1.126368	1.508477	658.5871992	25.03505385	455.1827967	5	2	0.122590105	2.312397251	NaN
25_2_5_1	Mouse NAc Patch-seq 25_2_5_1	Batch5	-71.33792743	-74.43586077	343.8023158	11.75726838	-32.56225586	82.70263672	1.9	3.2746805	-12.45117188	0	1.040780142	10	90	1.057643423	579.3	221.3	1	0.002602292	0.20808502	1.050831953	0	0.1837	16.47589722	0.964831804	0.987085854	0.653848357	0.101909313	0	0	0	[90.0, 100.0, 110.0, 120.0, 130.0, 140.0, 150.0, 160.0, 170.0, 180.0, 190.0, 200.0, 210.0, 220.0]	[1, 4, 5, 6, 7, 8, 9, 9, 9, 9, 10, 10, 10, 10]	0	10	-150	194.34001	-201.38835	0	8.752796	10.135278	6.920958	19.68178167	54.56064766	222.0879494	0.937509817	0.573318788	0.811553013	121.62078	5	146.6342926	NaN	NaN	5	1.1320537	1.5247108	1133.237653	43.07807015	783.2376402	8	2	0.015949859	2.321213516	NaN
25_2_5_3	Mouse NAc Patch-seq 25_2_5_3	Batch5	-59.4549223	-57.16785249	655.7791574	14.45485889	-26.3671875	67.96264648	2.6	2.658918458	-5.218505859	0	1.623778502	5	40	1.060619557	184	105.8	NaN	0.004354743	0.195468366	1.294345341	1.177451227	0.198	17.18544312	0.79639056	0.943270757	0.526876611	0.095712759	0	0	0	[40.0, 50.0, 60.0, 70.0, 80.0, 90.0, 100.0]	[3, 5, 5, 4, 3, 3, 3]	0	10	-150	205.78502	-188.36165	0	5.7425385	8.167972	4.580873	13.42847063	37.35064462	103.3001644	0.930496349	0.572859217	0.839551404	111.11143	8	137.1167579	NaN	NaN	8	1.1061714	1.6477972	940.5610974	35.75380374	650.0691571	9	5	0.033118359	2.185407073	NaN
25_2_6_6	Mouse NAc Patch-seq 25_2_6_6	Batch5	-74.84877733	-95.3645252	227.5739397	8.2354057	-36.19384766	93.65844727	1.6	3.654476677	-10.71166992	0	1.079696395	3	220	1.011322639	371.6	227.5	NaN	0.000241423	0.038321168	1.079696395	0	0.0619	5.20050354	0.988216039	0.990133194	0.006137839	0.008156684	0	0	0	[220.0, 230.0, 240.0]	[1, 2, 3]	0	10	-150	202.883	-181.302	0	7.150499	8.847719	5.3949137	17.1282074	45.23451018	146.8421929	0.901822241	0.500526454	0.748943401	112.77125	4	167.9142332	NaN	NaN	4	1.1468445	4.330154	1306.653391	49.67016928	903.0939884	13	5	0.294843785	2.045493069	NaN
25_2_7_2	Mouse NAc Patch-seq 25_2_7_2	Batch5	-76.86917385	-92.00613839	338.3091518	9.099194684	-34.72900391	85.32714844	1.7	3.359604724	-11.41357422	0	0.957241379	10	150	1.039427966	353.3	262.8	1	8.51E-05	0.039445588	0.999319485	0	0.1048	9.431512451	0.991827637	0.994538531	0.104209778	0.037800577	0	0	0	[150.0, 160.0, 170.0, 180.0, 190.0, 200.0, 210.0, 220.0, 230.0, 240.0]	[2, 3, 4, 5, 6, 7, 8, 8, 9, 10]	0	10	-150	191.93091	-180.2209	0	7.9528956	9.889354	6.641692	17.30490725	49.93513176	183.9874777	0.927226274	0.614397888	0.823806773	121.31682	7	123.7198944	NaN	NaN	7	1.0572158	1.1802636	1100.620482	41.83818476	760.6942671	6	2	0.036240216	2.377039133	NaN
25_3_10_4	Mouse NAc Patch-seq 25_3_10_4	Batch5	-48.12080248	-46.92266555	456.3685826	36.88553135	-34.11865234	69.76318359	3	3.102068896	-5.279541016	0	NaN	2	30	1.035017768	72.6	32.5	NaN	NaN	NaN	NaN	0	0.1157	10.96369019	NaN	NaN	2.675742291	0.215957447	0	0	0	[30.0, 40.0, 50.0, 60.0, 70.0]	[2, 1, 1, 1, 1]	0	10	-150	312.374	-300.58298	0	5.731388	6.729358	4.8050776	12.28999082	35.77320863	92.9432275	0.912665897	0.615339271	0.864115855	129.3852	5	171.7514038	NaN	NaN	5	1.1612914	1.3274425	605.2815838	58.23490878	665.5418462	0	0	0.210112029	1.905278696	NaN
25_3_11_1	Mouse NAc Patch-seq 25_3_11_1	Batch5	-55.42814719	-53.33891369	710.1876395	21.88877311	-36.62109375	78.70483398	2.6	2.584590023	-10.25390625	0	1.132323232	4	30	1.062802825	83.1	49.6	NaN	0.006281653	0.224172315	1.297205327	1.10505828	0.5543	52.6649704	0.770510836	0.860225382	1.847664388	0.172986311	0	0	0	[30.0, 40.0, 50.0, 60.0, 70.0, 80.0]	[2, 4, 2, 2, 1, 1]	0	10	-150	163.7275	-159.43999	0	5.729271	7.362844	3.9714677	13.88323552	36.65712569	92.67235558	0.866649017	0.480804828	0.613748216	104.29707	7	110.3331795	NaN	NaN	7	1.0377115	1.1427066	833.8993201	80.23051195	916.9201766	7	2	0.066716846	1.681435163	NaN
25_3_12_2	Mouse NAc Patch-seq 25_3_12_2	Batch5	-68.24145606	-72.87452334	437.273298	9.354793547	-22.58300781	81.08520508	2	3.746046412	-15.07568359	0	1.040849673	11	72	1.091871768	511.7	178.2	0.833333333	0.000968807	0.133327722	1.016640047	0	0.1566	13.81522522	0.948269445	0.977330553	0.885966021	0.117306031	0	0	0	[80.0, 90.0, 100.0, 110.0, 120.0, 130.0, 140.0, 150.0, 160.0, 170.0]	[1, 4, 6, 8, 9, 10, 11, 11, 11, 11]	0	10	-150	189.96083	-199.84248	0	5.295978	7.0286984	4.096629	12.59968915	33.84949293	79.96518587	0.877013908	0.503710832	0.732388924	134.85048	5	145.898613	NaN	NaN	5	1.1287608	2.089669	957.3100224	92.10401255	1052.617332	7	3	0.050843035	2.528401882	NaN
25_3_12_4	Mouse NAc Patch-seq 25_3_12_4	Batch5	-67.87756851	-73.81417411	494.2103795	13.55804811	-30.70068359	80.68847656	1.8	3.318715769	-11.71875	0	1.197387518	9	80	1.025807713	233.7	128.5	0.8	0.002725055	0.199965332	1.120925301	0	0.0309	2.624981689	0.912960851	0.975727031	0.783052769	0.114065627	0	0	0	[80.0, 90.0, 100.0, 110.0, 120.0, 130.0, 140.0, 150.0, 160.0]	[3, 5, 6, 7, 7, 8, 8, 9, 8]	0	10	-150	196.977	-184.093	0	6.492727	8.175236	5.012046	14.46765725	41.14757059	126.7044987	0.940401907	0.605334759	0.826755127	123.13622	5	131.1352701	NaN	NaN	5	1.1300325	1.524106	745.1709185	71.69384099	819.3582217	6	2	0.088808462	1.255380535	NaN
25_3_21_2	Mouse NAc Patch-seq 25_3_21_2	Batch5	-59.90670572	-58.94426618	410.9409877	37.02312466	-30.76171875	81.29882813	2	3.77124864	-4.333496094	0	2.554307116	5	50	1.084871085	211.1	136.3	NaN	0.019254161	0.429141265	2.41277081	2.232716464	0.478	44.89569702	0.847834275	0.954224967	0.639745613	0.094316068	0	0	0	[50.0, 60.0, 70.0, 80.0, 90.0, 100.0, 110.0, 120.0, 130.0, 140.0, 150.0, 160.0, 170.0, 180.0]	[1, 1, 1, 2, 2, 3, 3, 3, 4, 4, 5, 4, 4, 5]	0	10	-150	359.982	-305.117	0	9.370153	12.2394	6.9456925	22.83505241	61.32741696	265.9472892	0.888579083	0.510025092	0.792008181	219.84001	8	240.0320358	NaN	NaN	8	1.0594846	1.1615113	1146.991986	43.6009165	792.7439341	3	1	0.069094756	2.8573945	NaN
25_3_21_4	Mouse NAc Patch-seq 25_3_21_4	Batch5	-60.11695141	-58.03542364	592.8257533	15.87630245	-30.67016602	76.75170898	1.9	2.497995934	-14.28222656	0	1.220238095	12	30	1.135288222	272.9	80.5	0.714285714	0.002314569	0.212863844	1.130235222	0.127077613	0.2133	20.17619934	0.942459571	0.985425391	1.186569001	0.140657393	0	0	0	[30.0, 40.0, 50.0, 60.0, 70.0, 80.0, 90.0, 100.0]	[3, 6, 8, 9, 10, 11, 11, 12]	0	10	-150	213.33365	-226.13637	0	6.382962	7.9198093	4.8768425	14.62387638	40.68594498	118.0445852	0.896121959	0.551977094	0.784808595	98.800476	6	102.1127777	NaN	NaN	6	1.0378705	1.0842794	505.1825447	19.2036408	349.1571056	3	2	0.22275698	2.663163504	NaN
25_3_25_1	Mouse NAc Patch-seq 25_3_25_1	Batch5	-55.16037429	-54.00303432	194.0046038	20.3148777	-42.35839844	83.89282227	1.9	2.166208675	-6.256103516	0	NaN	2	80	1.020851188	18.7	13.1	NaN	NaN	NaN	NaN	0.552932229	0.0915	7.487878418	NaN	NaN	9.214220045	0.397539911	0	0	0	[80.0, 90.0, 100.0, 110.0, 120.0, 130.0, 140.0, 150.0, 160.0, 170.0, 180.0]	[1, 1, 1, 1, 1, 1, 2, 1, 1, 2, 1]	0	10	-150	195.61	-193.86664	0	6.4854774	8.156301	5.379188	14.73349079	40.88266771	122.5039792	0.921046604	0.564337466	0.8739857	84.168915	5	104.5656128	NaN	NaN	5	1.0902635	1.7772199	408.8194752	15.54056522	282.5557314	3	2	0.118568471	2.567398772	NaN
25_3_26_10	Mouse NAc Patch-seq 25_3_26_10	Batch5	-60.59080189	-62.43169875	1148.158482	74.77637558	-22.85766602	70.89233398	2	2.674841954	-22.61352539	0	1.120289855	5	10	1.094246663	395.2	175.2	NaN	0.001163989	0.105971689	1.054970283	2.541709629	0.2853	33.10728455	0.801984127	0.893409476	1.694474918	0.16966761	0	0	0	[10.0, 20.0, 30.0, 40.0]	[1, 3, 5, 4]	0	10	-50	198.38713	-220.6379	0	6.173987	7.5605254	4.3906097	14.34042443	39.09003929	113.452617	0.93302261	0.551684151	0.810253827	167.31627	3	186.2782068	NaN	NaN	3	1.0823042	1.3423487	1186.74206	45.11194677	820.2172122	8	3	0.34497253	1.987716651	NaN
25_3_26_3	Mouse NAc Patch-seq 25_3_26_3	Batch5	-62.95989797	-61.30836124	405.0118583	20.28774428	-31.15844727	77.02636719	2.2	3.154264707	-9.490966797	0	1.187022901	9	60	1.061554358	272.4	139.6	0.8	0.00222395	0.177405867	1.120745194	0.042511699	0.1002	9.3522995	0.877143997	0.972027916	1.142902777	0.140337942	0	0	0	[60.0, 70.0, 80.0, 90.0, 100.0, 110.0, 120.0, 130.0, 140.0]	[2, 4, 5, 6, 7, 8, 9, 8, 8]	0	10	-150	198.23273	-201.91725	0	6.6546893	7.4346957	5.6164308	14.5678698	41.74820566	129.2412794	0.931827417	0.608988576	0.830629927	114.57613	4	137.0453529	NaN	NaN	4	1.1188529	1.5144967	942.9201322	35.84347868	651.6996137	8	4	0.009056299	1.770941938	NaN
25_3_26_6	Mouse NAc Patch-seq 25_3_26_6	Batch5	-72.39177546	-74.08040365	341.6224888	14.62587105	-40.86303711	83.64868164	1.9	3.363657248	-7.995605469	0	0.962406015	12	70	1.015344451	318.3	150.5	1	0.000301353	0.076461485	1.007434079	0.09324975	0.0468	4.335418701	0.935495627	0.987186066	0.310661603	0.067019144	0	0	0	[70.0, 80.0, 90.0, 100.0, 110.0, 120.0, 130.0, 140.0, 150.0, 160.0]	[2, 5, 6, 7, 9, 9, 10, 10, 11, 12]	0	10	-150	193.94699	-190.545	0	7.353246	8.748088	6.490272	16.03718741	45.7862358	153.6131292	0.920806378	0.597271686	0.895652892	141.29369	6	179.2040768	NaN	NaN	6	1.0728799	1.3254241	940.45995	35.74995822	649.9992387	4	2	0.058023267	1.977178071	NaN
25_3_27_1	Mouse NAc Patch-seq 25_3_27_1	Batch5	-75.17997874	-79.30297852	554.8095703	13.59224561	-40.46630859	86.9140625	2.3	3.678558117	-6.652832031	0	1.492647059	6	70	1.07124126	138.8	89.8	0.5	0.010430428	0.323837281	1.636363636	0	0.149	14.49276581	0.788536846	0.876882231	5.02215419	0.294069914	0	0	0	[80.0, 90.0, 100.0, 110.0, 120.0, 130.0, 140.0, 150.0, 160.0, 170.0]	[1, 2, 3, 2, 5, 4, 3, 3, 5, 6]	0	10	-150	182.9918	-184.38182	0	6.356026	7.3388658	5.1728806	14.14089241	40.13264482	118.0380223	0.920950367	0.590293891	0.966601393	137.06259	3	164.5513716	NaN	NaN	3	1.1042277	1.739437	1111.402184	42.24803187	768.1460347	10	4	0.827481952	0.827481952	0.416964675
25_3_27_2	Mouse NAc Patch-seq 25_3_27_2	Batch5	-69.90705864	-75.17845517	281.2848772	12.6656741	-41.9921875	89.63012695	2	4.163137262	-2.410888672	0	1.088777219	11	100	1.028176286	232.6	155.7	0.833333333	0.001436327	0.161002509	1.106034709	0.056112034	0.0793	6.676831055	0.944291609	0.984314701	0.427692097	0.076434937	0	0	0	[100.0, 110.0, 120.0, 130.0, 140.0, 150.0, 160.0, 170.0, 180.0, 190.0, 200.0, 210.0, 220.0, 230.0, 240.0]	[2, 4, 5, 6, 7, 8, 9, 9, 10, 10, 10, 11, 11, 11, 11]	0	10	-150	194.50728	-172.58908	0	6.10755	7.3969812	4.7471795	13.62568702	39.55300694	113.3493527	0.910478925	0.610523276	0.90484892	129.45465	4	150.3147068	NaN	NaN	4	1.1081411	1.8513625	1643.553834	62.47685753	1135.942863	17	5	0.120798937	0.897389534	NaN
25_3_27_3	Mouse NAc Patch-seq 25_3_27_3	Batch5	-75.0103968	-80.98115467	388.2707868	10.86475969	-35.21728516	82.79418945	1.7	3.379544139	-14.25170898	0	0.954301075	12	90	1.052087992	295.8	150	1	0.000132155	0.051234343	0.996362481	0	0.0503	4.587017822	0.990504018	0.992475098	0.283622969	0.061637533	0	0	0	[90.0, 100.0, 110.0, 120.0, 130.0, 140.0, 150.0, 160.0, 170.0, 180.0, 190.0]	[2, 4, 6, 7, 8, 9, 10, 11, 11, 12, 12]	0	10	-150	199.10547	-174.19547	0	6.8578715	8.272142	6.0105987	15.26000977	42.66584891	137.350284	0.94815348	0.589820603	0.82232363	136.97662	8	149.2486191	NaN	NaN	8	1.1146681	1.5282522	1394.922411	53.02556386	964.1011627	10	3	0.066593352	2.282412218	NaN
25_3_27_4	Mouse NAc Patch-seq 25_3_27_4	Batch5	-61.07298406	-60.26436942	550.8858817	23.30113116	-35.64453125	94.84863281	2	4.727852297	-8.544921875	0	1.18230563	10	30	1.090460124	398.4	101.2	0.666666667	0.002688222	0.204257153	1.194725439	0.292033534	0.2418	25.56224976	0.850721785	0.928252097	4.011198963	0.257910248	0	0	0	[30.0, 40.0, 50.0, 60.0, 70.0, 80.0, 90.0, 100.0, 110.0, 120.0, 130.0, 140.0]	[1, 3, 4, 5, 6, 7, 8, 8, 8, 10, 9, 9]	0	10	-150	360.12296	-305.151	0	10.378402	13.480325	8.552714	24.1990714	65.34847174	309.2130093	0.909906464	0.528032137	0.727705271	216.9072	4	315.4957132	NaN	NaN	4	1.1050624	1.8123541	1001.539768	38.07180255	692.2145905	5	3	0.232636887	2.372031449	NaN
25_3_28_1	Mouse NAc Patch-seq 25_3_28_1	Batch5	-60.01683348	-59.91065616	350.8649554	47.6712316	-37.20092773	91.61376953	2.5	5.561405084	-6.256103516	0	1.276710581	4	40	1.042780125	533.1	230	NaN	0.010750043	0.253892857	1.304524491	1.935533404	0.3926	36.29248962	0.938440161	0.961377524	0.12925334	0.039353833	0	0	0	[40.0, 50.0, 60.0, 70.0, 80.0, 90.0, 100.0]	[1, 2, 2, 3, 3, 4, 4]	0	10	-150	326.33636	-354.74728	0	19.32541	24.755566	16.232746	44.67059018	123.8364513	1094.517447	0.896882514	0.54850338	0.873319928	282.21127	12	292.9943848	NaN	NaN	12	1.065165	1.5143584	2955.343151	112.3422611	2042.586574	8	3	0.01071446	2.634881454	NaN
25_3_28_2	Mouse NAc Patch-seq 25_3_28_2	Batch5	-59.79977954	-59.23055013	318.6035156	19.41662215	-36.07177734	87.24975586	1.8	3.542759089	-9.521484375	0	1.19020979	9	32	1.013862843	509.8	184.2	0.8	0.003387409	0.227694516	1.155433012	0	0.1931	15.90892639	0.963381246	0.985111013	0.328035756	0.066820146	0	0	0	[40.0, 50.0, 60.0, 70.0, 80.0, 90.0, 100.0]	[1, 3, 4, 6, 7, 8, 9]	0	10	-150	198.33272	-178.37726	0	8.253274	11.3145895	5.2873936	20.49273844	52.60462032	188.5335205	0.856151576	0.448940291	0.59980161	143.08987	8	155.2191124	NaN	NaN	8	1.1186514	1.8197912	1432.336004	54.44777678	989.959578	12	5	0.13410231	2.68721379	NaN
25_3_28_5	Mouse NAc Patch-seq 25_3_28_5	Batch5	-69.72200531	-69.25513858	453.0552455	14.73682448	-41.07666016	85.32714844	2	3.955821695	-5.706787109	0	0.93620178	13	50	1.037639661	311.9	127.4	0.857142857	0.000647917	0.117494862	1.034584073	0.210760807	0.0346	3.278610229	0.984908372	0.995525503	0.158312064	0.047086397	0	0	0	[50.0, 60.0, 70.0, 80.0, 90.0, 100.0, 110.0, 120.0, 130.0]	[3, 6, 7, 9, 10, 11, 12, 12, 13]	0	10	-150	199.77167	-190.79668	0	7.8764987	8.577928	6.5465107	16.49633818	49.95165802	188.8934324	0.951320611	0.694131505	1	129.15376	4	137.0478106	NaN	NaN	4	1.0832087	1.4542209	1320.209729	50.18549006	912.4634549	11	4	0.264026121	2.653077542	NaN
25_3_31_1	Mouse NAc Patch-seq 25_3_31_1	Batch5	-60.26552663	-56.91731771	394.4614955	40.08922044	-32.83691406	79.49829102	2.5	3.17060844	-8.758544922	0	1.403037909	4	70	1.079969956	128.3	80.1	NaN	0.070367337	0.675747176	1.677251542	0	0.0711	6.635264587	0.795274652	0.833566537	2.54802678	0.202942641	0	0	0	[70.0, 80.0, 90.0, 100.0, 110.0, 120.0, 130.0, 140.0, 150.0]	[2, 3, 3, 4, 3, 2, 2, 2, 2]	0	10	-150	197.30083	-189.83417	0	5.089889	6.645077	4.092519	11.37668472	33.06317293	79.93846279	0.918917663	0.617624261	0.839615317	138.05011	3	146.5590324	NaN	NaN	3	1.0571555	1.2596109	882.7517965	33.55628392	610.1142541	6	3	0.106800804	0.98826028	NaN
25_3_31_7	Mouse NAc Patch-seq 25_3_31_7	Batch5	-67.22251842	-65.09399414	388.445173	10.81863068	-31.73828125	74.37133789	1	2.17203449	-20.62988281	0	1.174887892	12	70	1.033946106	260.3	114.1	0.714285714	0.018031716	0.607245212	1.29765589	0.669625189	0.0388	3.659710693	0.934113567	0.95379265	1.256257077	0.154304005	0	0	0	[70.0, 80.0, 90.0, 100.0, 110.0, 120.0, 130.0, 140.0, 150.0, 160.0, 170.0]	[2, 4, 4, 5, 7, 7, 9, 8, 9, 10, 12]	0	10	-150	187.4264	-193.29573	0	9.118954	10.690262	7.0797935	20.71487378	57.17433187	240.787137	0.925637521	0.561136734	0.790908169	128.33598	5	150.1249046	NaN	NaN	5	1.0481287	1.2171335	1391.723207	52.90395113	961.8900196	18	5	0.318082512	3.124085658	NaN
25_3_3_2	Mouse NAc Patch-seq 25_3_3_2	Batch5	-51.4972269	-52.76489258	375.3662109	15.79646468	-10.10131836	89.1418457	1.9	3.663766404	-9.429931641	0	1.433264887	6	100	1.074886867	301	200.4	0.5	0.009500602	0.31835603	1.444229685	0	0.0508	3.694671631	0.905877976	0.949959866	0.650179887	0.095016946	0	0	0	[100.0, 110.0, 120.0, 130.0, 140.0, 150.0, 160.0, 170.0, 180.0, 190.0]	[1, 1, 2, 2, 3, 4, 5, 5, 6, 6]	0	10	-150	200.15167	-227.2375	0	7.977656	10.890399	4.7984796	20.29456873	50.13202006	166.2306591	0.831171381	0.403600294	0.604802495	100.87057	3	110.6403046	NaN	NaN	3	1.0363822	1.3111558	711.1008568	27.03126943	491.4776275	14	5	0.879412995	2.200353151	NaN
25_3_4_2	Mouse NAc Patch-seq 25_3_4_2	Batch5	-62.50025618	-62.58515858	503.452846	19.4767839	-30.9753418	78.8269043	2.3	3.670044459	-9.490966797	0	1.134	7	50	1.080207815	281.9	119.1	0.75	0.005076823	0.234063784	1.168821199	0.210524694	0.2039	18.57153931	0.856870229	0.965018539	0.880889038	0.117798291	0	0	0	[50.0, 60.0, 70.0, 80.0, 90.0, 100.0, 110.0, 120.0]	[2, 4, 6, 6, 7, 7, 7, 6]	0	10	-150	212.79665	-214.99498	0	7.1593432	10.224595	4.748949	17.1296502	48.13653016	168.6899643	0.914849272	0.574899932	0.877811255	114.39439	6	123.0274506	NaN	NaN	6	1.1495464	1.8980458	677.3584871	25.7486119	468.1565799	5	3	0.327853815	3.10554377	NaN
25_3_5_4	Mouse NAc Patch-seq 25_3_5_4	Batch5	-70.88510332	-86.9547526	408.4995815	11.25580377	-31.76879883	76.62963867	1.9	2.628974141	-10.77270508	0	1.404682274	7	140	1.016578285	142.6	105.2	0.75	0.009341465	0.326523272	1.276794133	0.225262154	0.0598	5.082141113	0.865023474	0.953774205	1.443680176	0.153576912	0	0	0	[140.0, 150.0, 160.0, 170.0, 180.0, 190.0, 200.0, 210.0, 220.0, 230.0, 240.0]	[2, 2, 2, 4, 3, 5, 6, 6, 6, 7, 7]	0	10	-150	171.12155	-213.31386	0	6.7209234	9.478695	4.097059	18.24481456	45.45580211	136.5274834	0.830331087	0.410148548	0.584356304	123.10555	5	140.107048	NaN	NaN	5	1.0692947	1.4780464	1168.325456	44.41187154	807.488572	12	3	0.059170308	1.909740306	NaN
25_3_6_2	Mouse NAc Patch-seq 25_3_6_2	Batch5	-59.38419923	-61.28133138	368.6523438	23.63396067	-30.73120117	92.80395508	1.9	3.928868202	-8.575439453	0	4.826484018	4	90	1.10053534	53	42.8	NaN	0.03501249	0.646382351	3.70274059	2.28462776	0.3226	27.90783997	0.69437799	0.813681157	4.587924805	0.25237952	0	0	0	[90.0, 100.0, 110.0, 120.0, 130.0, 140.0, 150.0, 160.0, 170.0, 180.0, 190.0, 200.0, 210.0, 220.0, 230.0, 240.0]	[1, 1, 1, 1, 1, 1, 1, 2, 2, 2, 2, 3, 3, 3, 4, 4]	0	10	-150	197.434	-212.60698	0	6.815989	8.729342	5.2881384	16.07779935	43.88179667	140.161576	0.914681793	0.542220288	0.808255459	165.53755	5	169.9516611	NaN	NaN	5	1.0530062	1.2832443	1337.862674	50.8565359	924.6642866	12	3	0.105722363	1.990651042	NaN
25_3_7_6	Mouse NAc Patch-seq 25_3_7_6	Batch5	-69.44644233	-69.53357515	433.5239955	24.13100631	-33.41674805	83.12988281	1.7	4.006261622	-10.68115234	0	7.692307692	10	60	1.151820271	115.9	70.2	0.666666667	0.014686034	0.506065338	3.534240456	2.937550327	0.4111	41.82778625	0.75078534	0.990251752	2.715270698	0.198724283	0	0	0	[60.0, 70.0, 80.0, 90.0, 100.0, 110.0, 120.0, 130.0, 140.0]	[1, 3, 4, 5, 6, 8, 8, 9, 10]	0	10	-150	308.02	-208.255	0	7.1702065	9.228802	5.1620407	16.02831196	46.05586284	154.7797895	0.916968189	0.602474512	0.995017142	307.07794	7	325.1867466	NaN	NaN	7	1.075169	1.410123	2318.836555	223.0982069	2549.693903	18	9	0.051102741	1.925605524	NaN
25_3_7_7_Batch5	Mouse NAc Patch-seq 25_3_7_7 Batch5	Batch5	NR	NR	NR	NR	NR	NR	NR	NR	NR	NR	NR	NR	NR	NR	NR	NR	NR	NR	NR	NR	NR	NR	NR	NR	NR	NR	NR	NR	NR	NR	NR	NR	NR	NR	NR	NR	NR	NR	NR	NR	NR	NR	NR	NR	NR	NR	NR	NR	NR	NR	NR	NR	NR	NR	NR	NR	NR	NR	NR	NR	NR	NR	NR
25_4_11_2	Mouse NAc Patch-seq 25_4_11_2	Batch5	-75.53322902	-78.77400716	665.8063616	13.12727014	-34.94262695	68.14575195	2.3	2.768567525	-13.671875	0	0.99339207	7	70	1.09340098	133.4	91.6	0.75	0.008476935	0.331011048	1.211376698	0.237397116	0.1757	17.91545258	0.849719101	0.969880436	0.442456285	0.088482302	0	0	0	[70.0, 80.0, 90.0, 100.0, 110.0, 120.0, 130.0, 140.0]	[6, 7, 7, 7, 6, 5, 6, 2]	0	10	-150	203.56363	-212.91908	0	8.010703	9.337286	6.7039857	17.23875013	50.43452408	189.6490793	0.93692483	0.638174121	0.944016891	110.29377	5	118.9237652	NaN	NaN	5	1.0581722	1.2890792	917.6165476	34.88160623	634.2110213	9	2	0.25394401	1.701375766	NaN
25_4_11_3	Mouse NAc Patch-seq 25_4_11_3	Batch5	-71.81188179	-71.75554548	457.5020926	14.68797965	-37.109375	81.81762695	2	3.764591173	-8.178710938	0	1.04601227	10	60	1.015143364	262.6	135.9	1	0.002745608	0.209631482	1.05782715	0.18442383	0.0254	2.377297974	0.904780262	0.973929627	2.265864415	0.212593303	0	0	0	[60.0, 70.0, 80.0, 90.0, 100.0, 110.0, 120.0, 130.0, 140.0, 150.0]	[3, 6, 7, 8, 9, 9, 9, 9, 9, 10]	0	10	-150	197.74112	-226.68555	0	8.605344	9.577268	7.1574726	18.74517026	53.79994799	211.7913394	0.919505538	0.602739173	0.866700671	154.55385	5	156.821373	NaN	NaN	5	1.0804442	1.368593	780.4166684	29.66619016	539.3852742	4	2	0.170157946	2.768443642	NaN
25_4_11_4	Mouse NAc Patch-seq 25_4_11_4	Batch5	-68.36835229	-68.16696894	309.8842076	11.62739245	-29.11376953	81.81762695	1.7	3.242335691	-15.86914063	0	0.919075145	14	100	1.073289953	473.8	252.6	1	0.000111352	0.050487652	0.967991403	0	0.1007	9.44745636	1.012810559	1.001410716	0.221218219	0.056169544	0	0	0	[100.0, 110.0, 120.0, 130.0, 140.0, 150.0, 160.0, 170.0, 180.0, 190.0, 200.0, 210.0, 220.0, 230.0, 240.0]	[1, 4, 5, 7, 7, 8, 9, 10, 10, 11, 11, 12, 13, 14, 14]	0	10	-150	183.34999	-202.45454	0	6.7384825	9.624194	5.2578597	16.00017614	43.16924366	135.6098482	0.914433682	0.529714306	0.736840979	136.1509	5	148.1782074	NaN	NaN	5	1.1035912	1.3389606	809.0016539	30.75279985	559.1418143	5	2	0.249362931	2.146836732	NaN
25_4_11_5	Mouse NAc Patch-seq 25_4_11_5	Batch5	-68.11447277	-67.02357701	364.8158482	16.44567159	-48.06518555	92.34619141	2.1	5.067249572	-2.136230469	0	1.25	10	30	1.018086269	323.6	88.6	0.666666667	0.00242711	0.206190615	1.120624043	0.228924304	0.2801	28.3255188	0.974624374	0.993675799	0.020688174	0.015407684	0	0	0	[30.0, 40.0, 50.0, 60.0, 70.0, 80.0, 90.0]	[2, 5, 6, 8, 9, 9, 10]	0	10	-150	246.837	-337.521	0	12.71529	16.582235	9.689506	30.77329116	82.60370499	478.6603088	0.881532294	0.505451541	0.771990746	284.37204	4	323.4543648	NaN	NaN	4	1.0597799	1.1971102	1059.718584	40.28336977	732.4249014	5	3	0.293222736	1.710776103	NaN
25_4_11_6	Mouse NAc Patch-seq 25_4_11_6	Batch5	-75.56639139	-74.00192987	547.6597377	16.9138186	-40.40527344	80.29174805	2	3.718333614	-9.979248047	0	0.98682284	10	40	1.09067699	434.3	156.2	1	0.000458231	0.089530485	1.026955873	0	0.1033	10.70170135	0.89105818	0.978273169	0.48132876	0.085203216	0	0	0	[40.0, 50.0, 60.0, 70.0, 80.0, 90.0, 100.0]	[2, 5, 7, 8, 9, 10, 10]	0	10	-150	337.85776	-320.91998	0	7.572849	9.615025	5.6606073	16.83383949	47.48514958	157.4335889	0.877387897	0.55556008	0.791650702	134.51671	5	142.9698029	NaN	NaN	5	1.1838673	2.3145986	723.4577217	27.50099436	500.0180781	3	2	0.364507267	2.179934775	NaN
25_4_1_4	Mouse NAc Patch-seq 25_4_1_4	Batch5	-74.05453788	-88.42250279	349.6442522	10.23928783	-35.46142578	84.47265625	1.7	3.14651493	-9.460449219	0	1.23699422	11	130	1.096915282	231.4	170.5	0.833333333	0.00104277	0.13637317	1.216040173	0.503997803	0.1633	14.04255981	0.965925926	0.991527051	0.715005558	0.102137116	0	0	0	[130.0, 140.0, 150.0, 160.0, 170.0, 180.0, 190.0, 200.0, 210.0, 220.0, 230.0, 240.0]	[2, 3, 5, 5, 7, 8, 9, 10, 10, 10, 10, 11]	0	10	-150	222.37083	-179.84251	0	8.026599	9.555496	6.83592	17.41521984	50.92279518	192.2210989	0.931507704	0.633786717	0.872709142	112.09434	7	141.0151463	NaN	NaN	7	1.1197277	1.7497017	998.1291716	37.94215454	689.8573574	11	4	0.051276311	2.060991014	NaN
25_4_15_5	Mouse NAc Patch-seq 25_4_15_5	Batch5	-65.26668893	-63.95089286	619.7684152	20.77916241	-41.59545898	85.32714844	1.9	3.731174222	-7.232666016	0	0.989856298	9	40	1.037451515	113.2	81.5	0.8	0.002172319	0.182829767	1.049902906	0	0.2666	25.2867981	0.869647594	0.966502919	1.817889152	0.180435787	0	0	0	[40.0, 50.0, 60.0, 70.0, 80.0, 90.0]	[5, 7, 8, 9, 6, 7]	0	10	-150	218.44537	-171.42308	0	6.804955	9.253985	5.6498075	16.26995326	44.41205642	144.6986005	0.921875831	0.546627806	0.747102392	131.63882	5	142.0583801	NaN	NaN	5	1.1850512	2.3783503	834.0258036	31.70404828	576.4372416	4	3	0.053226699	1.803326574	NaN
25_4_16_4	Mouse NAc Patch-seq 25_4_16_4	Batch5	-79.69755724	-83.5484096	423.7583705	11.48125591	-36.86523438	81.69555664	1.9	3.227044868	-11.23046875	0	1.168356998	10	90	1.126175449	451.1	243.3	1	0.001050113	0.133048321	1.062377275	0.219299133	0.1536	14.88182526	0.943764346	0.975758506	0.873559375	0.119679318	0	0	0	[90.0, 100.0, 110.0, 120.0, 130.0, 140.0, 150.0, 160.0, 170.0, 180.0, 190.0, 200.0]	[1, 4, 6, 7, 8, 9, 9, 10, 10, 10, 9, 9]	0	10	-150	195.952	-189.499	0	9.5166855	10.824601	8.705118	20.01701513	59.42595632	265.5571067	0.944964369	0.662764585	0.939475111	134.35568	5	142.6624908	NaN	NaN	5	1.0522873	1.2198777	837.5144701	31.8366638	578.8484317	5	3	0.005179011	1.597752245	NaN
25_4_16_7	Mouse NAc Patch-seq 25_4_16_7	Batch5	-78.86603307	-94.49695406	550.7986886	12.9687817	-32.37915039	77.20947266	2.1	3.641188809	-11.13891602	0	1.37164751	7	110	1.091007248	205	117.8	0.75	0.008718641	0.306900143	1.384510651	0	0.256	23.89555054	0.881889764	0.895491098	3.015118721	0.231659589	0	0	0	[110.0, 120.0, 130.0, 140.0, 150.0, 160.0, 170.0, 180.0, 190.0, 200.0, 210.0, 220.0, 230.0, 240.0]	[2, 3, 4, 3, 3, 4, 4, 6, 4, 5, 7, 5, 3, 3]	0	10	-150	213.68999	-187.81001	0	8.938294	10.541164	7.310259	20.49876589	56.87426123	237.4847162	0.922601151	0.565171474	0.851963407	132.17018	6	157.1662855	NaN	NaN	6	1.0694126	1.2668971	1118.535622	42.51919819	773.0763307	12	3	0.160831917	2.44572323	NaN
25_4_1_6	Mouse NAc Patch-seq 25_4_1_6	Batch5	-58.03388566	-58.92508371	344.0638951	21.83774399	-35.03417969	83.46557617	2	3.661628158	-6.439208984	0	1.521885522	7	60	1.009517152	179.1	108.8	0.75	0.005629276	0.245435068	1.348773477	0	0.1542	11.88352356	0.909424276	0.964715117	0.245306198	0.058431851	0	0	0	[60.0, 70.0, 80.0, 90.0, 100.0, 110.0, 120.0, 130.0, 140.0, 150.0, 160.0]	[1, 2, 2, 3, 4, 5, 5, 6, 7, 7, 7]	0	10	-150	184.16583	-180.35083	0	8.006631	9.147364	6.503452	17.03490804	50.5868436	189.4941393	0.930530221	0.653004532	0.852897256	156.07584	7	161.3453979	NaN	NaN	7	1.0591573	1.2331349	1354.631743	51.49398318	936.2542426	10	4	0.052285123	1.576898435	NaN
25_4_17_1	Mouse NAc Patch-seq 25_4_17_1	Batch5	-60.76950916	-60.5741955	318.9522879	26.45157189	-47.45483398	90.51513672	2.2	5.052373	-0.671386719	0	1.358744395	7	10.68181818	1.041470067	297.6	58.7	0.75	0.015861546	0.43816625	1.385950942	0	0.3527	32.53314209	0.903095559	0.976311813	0.565552607	0.087473077	0	0	0	[20.0, 30.0, 40.0, 50.0, 60.0, 70.0, 80.0]	[1, 4, 4, 5, 6, 6, 7]	0	10	-150	268.43375	-348.04626	0	9.091816	10.922714	8.055628	19.65752183	56.17890349	231.5890438	0.922107081	0.599322354	0.893624604	401.13364	5	432.7081671	NaN	NaN	5	1.0357499	1.10485	1999.07556	75.99139911	1381.661804	9	5	0.158341736	2.017331804	NaN
25_4_17_2	Mouse NAc Patch-seq 25_4_17_2	Batch5	-80.10850938	-79.88891602	420.5322266	12.20123729	-42.05322266	83.25195313	2	3.469777626	-12.26806641	0	0.802153432	11	70	1.095816362	384.2	190	0.833333333	0.000351813	0.079869935	1.025177609	0.099273769	0.1527	15.62638092	0.946191739	0.984489692	0.326943238	0.068864325	0	0	0	[70.0, 80.0, 90.0, 100.0, 110.0, 120.0, 130.0, 140.0, 150.0, 160.0]	[2, 5, 7, 8, 9, 10, 11, 11, 11, 11]	0	10	-150	230.40001	-186.23077	0	9.6115055	11.170197	7.2154565	20.68450732	61.35213619	284.2623229	0.949007811	0.664398952	0.90426651	146.45688	4	155.4609795	NaN	NaN	4	1.1014171	1.9295063	691.7439976	26.29545236	478.0991346	6	3	0.031356013	1.815637487	NaN
25_4_17_3	Mouse NAc Patch-seq 25_4_17_3	Batch5	-69.76236969	-68.32653227	602.7657645	16.67925668	-28.90014648	78.21655273	2	3.697223044	-15.13671875	0	1.219858156	9	40	1.113347188	234.2	129.8	0.8	0.003526343	0.226231271	1.091035807	0	0.1748	16.98574677	0.837382445	0.957158051	1.851401426	0.184212246	0	0	0	[40.0, 50.0, 60.0, 70.0, 80.0, 90.0, 100.0]	[2, 4, 7, 7, 8, 9, 9]	0	10	-150	211.21693	-191.06076	0	9.2810955	11.767208	8.006353	20.6300823	58.70513155	258.2584956	0.941699521	0.606809953	0.856812342	112.698006	8	123.5089602	NaN	NaN	8	1.0831873	1.1926173	722.4851279	27.46402294	499.3458726	4	2	0.035279939	2.147473546	NaN
25_4_17_6	Mouse NAc Patch-seq 25_4_17_6	Batch5	-69.4142442	-76.77205404	330.0258092	9.684122234	-20.72143555	79.49829102	1.8	3.454596927	-12.14599609	0	1.162732919	11	140	1.071854298	464.6	244.7	0.833333333	0.000673312	0.111611835	1.157730371	0.167691486	0.151	12.57890015	0.934244551	0.985104046	0.194544782	0.053626398	0	0	0	[140.0, 150.0, 160.0, 170.0, 180.0, 190.0, 200.0, 210.0, 220.0, 230.0, 240.0]	[1, 3, 4, 5, 6, 7, 8, 9, 10, 10, 11]	0	10	-150	203.43001	-181.73898	0	6.564374	8.573519	4.5343046	15.2988733	40.73490516	111.0389831	0.840914654	0.474412998	0.642272293	142.80841	5	157.3563995	NaN	NaN	5	1.1265672	2.2769961	1395.963395	53.06513407	964.8206203	9	4	0.059355477	2.045369834	NaN
25_4_17_8	Mouse NAc Patch-seq 25_4_17_8	Batch5	-59.51805725	-98.46307664	445.9054129	6.225282349	-9.155273438	78.64379883	1.9	3.653856987	-13.51928711	0	1.20620285	6	190	1.063349355	327.4	192.2	1	0.003035485	0.179949895	1.20620285	0	0.0755	5.313565063	0.968565089	0.987859976	0.026101742	0.018455335	0	0	0	[190.0, 200.0, 210.0, 220.0, 230.0, 240.0]	[1, 3, 3, 4, 5, 6]	0	10	-150	178.623	-195.69002	0	7.7042007	8.902563	6.8770323	15.75259378	48.03993857	176.4484668	0.960777594	0.711072269	0.969013332	123.99522	3	136.6074381	NaN	NaN	3	1.1091672	1.8799642	989.3528485	37.60853776	683.7915939	12	4	0.134598471	0.824083227	NaN
25_4_17_9	Mouse NAc Patch-seq 25_4_17_9	Batch5	-57.31715328	-73.98681641	331.4208984	10.90312859	-13.21411133	85.81542969	1.7	3.59982157	-9.613037109	0	1.075443787	10	140	1.048346816	442.2	239.1	1	0.000161992	0.051892943	1.05513692	0	0.0271	1.877810669	0.949454545	0.985118111	0.255424599	0.059515989	0	0	0	[150.0, 160.0, 170.0, 180.0, 190.0, 200.0, 210.0, 220.0, 230.0, 240.0]	[1, 3, 5, 5, 7, 7, 8, 8, 9, 10]	0	10	-150	194.96072	-176.80574	0	7.361899	10.101775	5.3783545	17.80755639	47.23239115	159.2924959	0.897274481	0.50232716	0.723894376	137.29843	6	167.9665527	NaN	NaN	6	1.0861676	1.4373558	1333.543286	50.69234286	921.6789646	10	4	0.175628398	2.803717423	NaN
25_4_1_7	Mouse NAc Patch-seq 25_4_1_7	Batch5	-74.70655005	-82.04025995	516.0958426	15.89174399	-36.04125977	82.27539063	2	3.217042363	-7.263183594	0	1.502521008	9	90	1.051803887	203.4	132.6	0.8	0.003056316	0.216529443	1.215950834	0.70322946	0.1293	12.05091248	0.895785441	0.973523131	1.125739262	0.134375936	0	0	0	[90.0, 100.0, 110.0, 120.0, 130.0, 140.0, 150.0, 160.0, 170.0, 180.0, 190.0, 200.0, 210.0]	[2, 4, 4, 6, 6, 7, 8, 8, 8, 9, 9, 9, 9]	0	10	-150	209.05365	-192.28726	0	13.568689	17.04139	10.499845	31.49953193	85.85337964	538.869458	0.918710418	0.543094455	0.757574904	168.44354	7	176.760457	NaN	NaN	7	1.0690292	1.2749373	1238.568308	47.08203353	856.0369744	5	2	0.21684892	2.84620375	NaN
25_4_18_1	Mouse NAc Patch-seq 25_4_18_1	Batch5	-61.23475306	-68.85521298	416.1725725	10.0743398	-17.54760742	76.75170898	2	3.306820938	-11.77978516	0	1.171232877	9	100	1.074298494	247.6	152.2	0.8	0.002863401	0.210108799	1.094878061	0.345503916	0.131	10.08097839	0.884510339	0.969425667	1.66943733	0.172524351	0	0	0	[100.0, 110.0, 120.0, 130.0, 140.0, 150.0, 160.0, 170.0, 180.0, 190.0, 200.0, 210.0, 220.0, 230.0, 240.0]	[2, 4, 5, 7, 7, 8, 8, 8, 8, 9, 8, 8, 8, 8, 8]	0	10	-150	214.30418	-191.4875	0	6.3370833	8.01966	4.8048606	14.92422201	39.65683162	112.9287297	0.902356768	0.507015272	0.7168942	107.14805	6	125.2778797	NaN	NaN	6	1.103094	1.3367214	1193.94715	45.38583646	825.1970292	11	3	0.239262933	3.040143472	NaN
25_4_18_2	Mouse NAc Patch-seq 25_4_18_2	Batch5	-52.61831398	-54.01175363	429.8618862	12.37821797	-11.9934082	79.3762207	1.7	3.076871644	-13.15307617	0	1.084583902	12	80	1.119549093	326.9	156	1	0.00044511	0.093173042	1.036330565	0.002949738	0.1232	9.025741577	0.944292949	0.989624922	0.652583746	0.100452451	0	0	0	[80.0, 90.0, 100.0, 110.0, 120.0, 130.0, 140.0, 150.0, 160.0, 170.0, 180.0]	[2, 5, 6, 7, 8, 10, 10, 11, 12, 12, 12]	0	10	-150	211.4118	-212.20453	0	7.1660533	8.47981	5.440236	16.78939312	44.68959375	143.9081132	0.90548723	0.510522965	0.715862159	142.40875	4	146.9229679	NaN	NaN	4	1.0921695	1.4089676	1117.954348	42.49710158	772.6745748	8	3	0.276809123	2.008961193	NaN
25_4_18_5	Mouse NAc Patch-seq 25_4_18_5	Batch5	-65.57652083	-99.58641416	377.0228795	7.275618955	-20.11108398	83.80126953	1.7	3.395966308	-11.74926758	0	1.04978355	7	190	1.036548674	290.7	213.8	1.333333333	0.000731106	0.099588096	1.064445411	0.255055745	0.1033	7.723016357	0.968911917	0.984570878	0.095471631	0.035877379	0	0	0	[190.0, 200.0, 210.0, 220.0, 230.0, 240.0]	[3, 4, 5, 5, 6, 7]	0	10	-150	197.53668	-183.22002	0	7.016102	9.406327	5.720777	15.58745769	45.09175658	150.9586923	0.932982895	0.621308865	0.929376821	107.96393	8	130.1077876	NaN	NaN	8	1.065047	1.2590722	1474.936282	56.06715232	1019.402768	11	3	0.010918355	1.738119492	NaN
25_4_18_6	Mouse NAc Patch-seq 25_4_18_6	Batch5	-60.83355036	-65.43085007	433.2624163	8.533483445	-19.71435547	87.43286133	1.8	3.714082169	-11.90185547	0	1.06518724	14	71	1.081634539	382.3	171.5	1	0.000512571	0.108168763	1.02788839	0.010702285	0.2063	16.14328461	0.97515087	0.993567198	0.422526744	0.078307587	0	0	0	[80.0, 90.0, 100.0, 110.0, 120.0, 130.0, 140.0, 150.0, 160.0, 170.0, 180.0, 190.0, 200.0, 210.0]	[1, 4, 7, 8, 9, 10, 12, 12, 13, 13, 14, 14, 14, 14]	0	10	-150	193.11555	-178.31667	0	5.7421417	6.4920526	5.0126333	11.80285484	35.48536639	92.15736909	0.919689746	0.661539737	0.99764204	113.017685	6	136.0117702	NaN	NaN	6	1.1510515	1.6490556	999.67208	38.00080555	690.9237378	7	2	0.090854183	0.754851952	NaN
25_4_2_1	Mouse NAc Patch-seq 25_4_2_1	Batch5	-69.21189133	-74.36145601	383.039202	16.74748648	-33.32519531	87.70751953	2	3.280402096	-8.361816406	0	1.2075	9	100	1.056131124	233.6	162	0.8	0.001312431	0.138595294	1.094788725	0.023014614	0.2159	18.87876587	0.94044665	0.978164514	0.545929862	0.086934921	0	0	0	[100.0, 110.0, 120.0, 130.0, 140.0, 150.0, 160.0, 170.0, 180.0, 190.0, 200.0, 210.0]	[2, 3, 4, 4, 5, 6, 6, 7, 8, 8, 8, 9]	0	10	-150	196.21082	-181.7675	0	6.777733	8.348977	4.537554	16.01480443	43.51454905	127.6526034	0.847169996	0.497721496	0.590233455	126.41261	5	143.6831424	NaN	NaN	5	1.1062734	1.7600063	1192.662026	45.33698545	824.3088257	13	4	0.229722548	1.713127228	NaN
25_4_22_10	Mouse NAc Patch-seq 25_4_22_10	Batch5	-78.54588203	-94.13771856	422.7120536	7.258639852	-35.61401367	84.71679688	1.5	3.569167982	-14.28222656	0	1.018072289	13	120	1.063002598	251.8	154	0.857142857	0.000975947	0.143743688	1.069011713	0	0.0929	8.621984863	0.980194454	0.988672024	0.80348245	0.11031994	0	0	0	[120.0, 130.0, 140.0, 150.0, 160.0, 170.0, 180.0, 190.0, 200.0, 210.0, 220.0, 230.0, 240.0]	[3, 4, 6, 7, 7, 9, 10, 10, 11, 11, 12, 12, 13]	0	10	-150	218.91112	-142.34888	0	7.223295	8.116054	6.5415525	15.56936076	44.92503732	150.028001	0.934125642	0.618914645	0.962506418	194.67662	3	207.4717484	NaN	NaN	3	1.164129	2.2992573	1085.746643	41.27278132	750.4142063	7	3	0.164928792	1.038991362	NaN
25_4_22_1	Mouse NAc Patch-seq 25_4_22_1	Batch5	-65.16439446	-65.38173131	372.22726	21.29820385	-33.35571289	78.67431641	2.1	3.966168678	-8.544921875	0	1.066518847	10	52.5	1.141727894	145	71.3	0.666666667	0.005649288	0.29728359	1.330581253	7.019708085	0.523	51.74279022	0.724240423	0.958981807	2.515150007	0.199952012	0	0	0	[60.0, 70.0, 80.0, 90.0, 100.0, 110.0, 120.0, 130.0, 140.0, 150.0, 160.0, 170.0]	[1, 1, 2, 3, 4, 6, 6, 8, 9, 9, 10, 10]	0	10	-150	-3470.7607	0.6254541	0	12.936017	16.323957	10.852209	27.72839638	82.777432	507.023329	0.929852168	0.65944478	0.897405103	379.67874	10	406.6094151	NaN	NaN	10	1.0346473	1.1804305	1593.212627	40.54232579	900.9405494	9	8	0.032555555	2.33519112	NaN
25_4_22_2	Mouse NAc Patch-seq 25_4_22_2	Batch5	-60.15103158	-59.29885138	404.2271205	28.37123587	-36.68212891	95.9777832	2	5.103282921	-2.380371094	0	1.731182796	8	30	1.224197281	128.3	90.1	0.6	0.005221325	0.253288955	1.440315013	7.5185066	0.4628	43.87206116	0.761548065	0.954482576	1.649373223	0.152118796	0	0	0	[30.0, 40.0, 50.0, 60.0, 70.0, 80.0, 90.0, 100.0, 110.0]	[2, 2, 4, 5, 5, 6, 7, 7, 8]	0	10	-150	345.42886	-229.63445	0	6.917474	8.404739	5.52398	15.00747809	44.08123421	142.6491044	0.922510721	0.633364348	0.885415694	371.89163	4	419.9087424	NaN	NaN	4	1.0502369	1.2446861	2344.061784	59.64911139	1325.535779	21	9	0.189171067	1.700805463	NaN
25_4_22_5	Mouse NAc Patch-seq 25_4_22_5	Batch5	-79.16992356	-81.56098865	360.0202288	10.44435897	-34.97314453	81.42089844	1.7	3.135689005	-14.09912109	0	1.092337917	13	120	1.089300354	344.2	211.7	1	7.50E-05	0.04045567	1.074885509	0.121279824	0.1109	10.80332031	0.994891945	0.997437922	0.210704747	0.056519212	0	0	0	[120.0, 130.0, 140.0, 150.0, 160.0, 170.0, 180.0, 190.0, 200.0, 210.0, 220.0, 230.0, 240.0]	[3, 4, 6, 6, 8, 8, 9, 10, 11, 12, 12, 13, 13]	0	10	-150	220.35666	-172.6789	0	6.849395	8.8011675	5.366071	15.57971419	42.60712633	128.0408857	0.886327136	0.527508786	0.67607277	124.27949	7	135.7826328	NaN	NaN	7	1.1055646	1.3563056	906.9027443	34.47434038	626.8061872	4	1	0.044624702	1.868273374	NaN
25_4_22_7	Mouse NAc Patch-seq 25_4_22_7	Batch5	-69.93646186	-71.08648391	516.444615	15.28985254	-26.0925293	78.67431641	2.1	4.026973239	-8.514404297	0	1.264778325	8	80	1.098524307	237.6	141.8	1	0.001376323	0.132640891	1.116101928	0	0.1328	12.24145966	0.90747331	0.969876172	0.502607315	0.088685176	0	0	0	[80.0, 90.0, 100.0, 110.0, 120.0, 130.0, 140.0, 150.0, 160.0, 170.0, 180.0]	[2, 3, 4, 5, 6, 6, 7, 8, 8, 8, 8]	0	10	-150	217.415	-199.836	0	5.1235743	7.3964367	2.9474828	13.15606908	34.06083428	75.28201075	0.815437185	0.434949584	0.626330902	149.42441	5	160.632206	NaN	NaN	5	1.4407877	3.0633254	734.5351791	27.92208459	507.6742654	4	1	0.126102674	1.666739143	NaN
25_4_22_8	Mouse NAc Patch-seq 25_4_22_8	Batch5	-77.66172448	-94.57368397	200.1371838	4.561361139	-29.23583984	89.01977539	1.5	3.166140783	-16.35742188	0	1.021362819	11	320	1.041995088	186	118.9	1.2	0.000117683	0.046743742	1.016657512	0.056171013	0.049	4.418417358	0.990902521	0.995261779	0.024451853	0.017128526	0	0	0	[320.0, 350.0, 380.0, 410.0]	[4, 7, 9, 11]	0	30	-250	216.59819	-174.75183	0	6.2644315	7.546753	5.226623	13.4715276	39.23029632	114.6524034	0.936159503	0.631756142	0.915374507	138.38127	6	146.3868399	NaN	NaN	6	1.0563264	1.2290286	2387.01354	90.73819288	1649.785327	23	4	0.128183186	2.498917444	NaN
25_4_23_1	Mouse NAc Patch-seq 25_4_23_1	Batch5	-69.41695212	-71.14548456	463.9543806	16.74366046	-31.15844727	75.16479492	1.9	3.047661537	-13.09204102	0	1.093548387	10	80	1.106665858	207.7	117.6	1	0.000643595	0.101949031	1.027351643	0	0.2265	21.38818665	0.897236279	0.979212809	1.127402213	0.144572169	0	0	0	[80.0, 90.0, 100.0, 110.0, 120.0, 130.0, 140.0, 150.0, 160.0, 170.0, 180.0, 190.0]	[4, 6, 7, 8, 9, 9, 9, 10, 9, 5, 2, 2]	0	10	-150	189.72887	-192.26001	0	5.6524763	7.2167315	4.173915	13.13591622	35.75931294	90.0352408	0.884797858	0.521785241	0.712969995	112.982635	8	132.4331093	NaN	NaN	8	1.0705812	1.4233328	856.2533531	32.54899084	591.799834	7	2	0.012932632	1.805017149	NaN
25_4_23_3	Mouse NAc Patch-seq 25_4_23_3	Batch5	-54.39360091	-53.86352539	372.3144531	29.183693	-37.01782227	91.58325195	1.9	4.715970568	-4.272460938	0	2.296375267	9	13.33333333	1.177439034	190.7	66.8	0.5	0.008879452	0.361791344	1.529746295	15.45796793	0.398	36.68768311	0.896575579	0.978530692	0.774932122	0.102282664	0	0	3	[20.0, 30.0, 40.0, 50.0, 60.0, 70.0, 80.0, 90.0, 100.0, 110.0]	[1, 4, 4, 5, 7, 7, 8, 8, 8, 9]	0	10	-150	444.086	-269.274	0	13.779242	18.42564	10.365054	30.87344695	89.82214891	580.7331909	0.904523033	0.609265249	0.91603013	473.40247	9	487.8971558	NaN	NaN	9	1.0419588	1.2264752	2056.041622	52.3198901	1162.664197	14	12	0.060201515	2.109872148	NaN
25_4_23_7	Mouse NAc Patch-seq 25_4_23_7	Batch5	-70.70839323	-75.93732561	374.5814732	10.70275618	-27.49633789	82.7331543	1.9	3.97457603	-10.52856445	0	1.164869029	11	120	1.059833938	332.2	185	0.833333333	0.001475999	0.165819922	1.095074081	0.062590311	0.1859	16.53037415	0.966836735	0.989582987	0.273550487	0.066072448	0	0	0	[120.0, 130.0, 140.0, 150.0, 160.0, 170.0, 180.0, 190.0, 200.0, 210.0, 220.0, 230.0, 240.0]	[2, 4, 5, 6, 7, 8, 8, 9, 10, 10, 11, 10, 11]	0	10	-150	192.94376	-226.31001	0	6.220715	7.8355675	5.1708927	13.52230415	38.89868336	108.5692362	0.901668387	0.593752406	0.873997501	143.24698	6	155.0489388	NaN	NaN	6	1.0674131	1.3606255	961.6483006	24.47097031	543.7993279	7	3	0.042819161	1.348212368	NaN
25_4_2_3	Mouse NAc Patch-seq 25_4_2_3	Batch5	-58.8210669	-58.09238979	359.6714565	38.59152517	-35.21728516	90.51513672	2	4.591312212	-6.042480469	0	2.181229773	7	30	1.188419323	202.3	113.4	0.75	0.018574104	0.44178555	1.963127865	5.968955276	0.3911	36.28732605	0.829571475	0.948817091	0.673783776	0.097625303	0	0	0	[30.0, 40.0, 50.0, 60.0, 70.0, 80.0, 90.0, 100.0, 110.0, 120.0, 130.0, 140.0, 150.0, 160.0]	[1, 1, 1, 2, 2, 3, 3, 4, 5, 5, 6, 6, 6, 7]	0	10	-150	435.29257	-221.40584	0	11.927265	15.834663	9.489912	28.0801166	76.81132442	426.4238709	0.908240502	0.540808731	0.733445574	395.87427	4	431.0711727	NaN	NaN	4	1.0396897	1.2224545	1943.151977	73.86556208	1343.010216	17	7	0.182916141	1.975532667	NaN
25_4_24_3	Mouse NAc Patch-seq 25_4_24_3	Batch5	-68.93668374	-68.49568685	385.6549944	13.48294397	-32.62329102	82.70263672	1.8	3.346558337	-14.22119141	0	1.027837259	14	62	1.10200826	463.5	208	1	0.00036123	0.091030552	1.032323177	0.250447759	0.1429	13.10389709	0.986111111	0.992743842	0.331535455	0.070589542	0	0	0	[70.0, 80.0, 90.0, 100.0, 110.0, 120.0, 130.0, 140.0, 150.0, 160.0, 170.0, 180.0, 190.0, 200.0]	[1, 4, 6, 8, 9, 10, 11, 12, 12, 13, 14, 14, 14, 14]	0	10	-150	214.25334	-177.8325	0	7.4086037	10.2895	4.29075	18.66362512	47.12958275	153.3516751	0.86758333	0.440247116	0.618213525	103.00717	5	108.5503674	NaN	NaN	5	1.1108162	1.8709351	972.6076679	24.74985237	549.9967067	13	4	0.030195727	1.357215497	NaN
25_4_24_6	Mouse NAc Patch-seq 25_4_24_6	Batch5	-68.14066585	-68.49365234	376.1509487	17.98958367	-34.97314453	80.16967773	1.9	3.923006793	-7.690429688	0	0.8962818	13	70	1.025725869	359.2	198.7	0.857142857	0.000363109	0.08738628	1.005426211	0	0.031	2.877151489	0.97630875	0.991559874	0.486216448	0.086482147	0	0	0	[70.0, 80.0, 90.0, 100.0, 110.0, 120.0, 130.0, 140.0, 150.0, 160.0]	[3, 6, 7, 9, 10, 11, 11, 12, 12, 13]	0	10	-150	218.873	-151.303	0	6.5933137	8.444797	5.4803214	14.79902375	42.56422678	126.058145	0.874362009	0.575578784	0.984059361	141.47714	9	146.4100342	NaN	NaN	9	1.0717326	1.5033302	1548.083231	39.39392281	875.4204863	11	3	0.047984293	1.423958599	NaN
25_4_24_8	Mouse NAc Patch-seq 25_4_24_8	Batch5	-47.46576259	-50.14038086	515.7470703	40.05768944	-33.96606445	71.38061523	2.4	2.575634595	-7.293701172	0	1.20119225	6	10	1.033631978	180.5	82	0.5	0.003296699	0.18907195	1.156706599	0	0.3785	34.0980896	0.897546276	0.952405577	0.505885791	0.092613166	0	0	0	[10.0, 20.0, 30.0, 40.0]	[2, 4, 5, 6]	0	10	-150	215.596	-198.49	0	8.483342	10.445287	5.9996815	20.19015431	54.6577694	217.0806443	0.913118534	0.532527237	0.819293321	136.0514	8	137.6564522	NaN	NaN	8	1.0499328	1.2248341	949.339653	24.15775342	536.8389528	7	2	0.042720184	2.15721933	NaN
25_4_2_4	Mouse NAc Patch-seq 25_4_2_4	Batch5	-64.22084309	-62.85342262	533.5344587	31.1253208	-38.23852539	88.22631836	2.1	4.569200154	-7.354736328	0	1.142703863	8	40	1.053065417	163.6	84.9	1	0.002526628	0.179128643	1.080473073	0	0.4438	44.29909363	0.920718816	0.951729118	1.240326525	0.137255628	0	0	0	[40.0, 50.0, 60.0, 70.0, 80.0, 90.0, 100.0, 110.0, 120.0]	[3, 4, 5, 5, 6, 7, 7, 8, 8]	0	10	-150	310.83704	-332.42798	0	8.70357	10.395249	6.813612	19.61395738	53.68702164	205.8497621	0.897473451	0.535081474	0.735356962	281.40207	4	291.0649071	NaN	NaN	4	1.1201499	1.5216497	1301.121959	49.45990167	899.2709402	5	2	0.122612038	1.647101026	NaN
25_4_25_2	Mouse NAc Patch-seq 25_4_25_2	Batch5	-74.26616524	-75.61645508	394.8102679	11.05031164	-37.35351563	83.984375	1.8	3.077984547	-11.29150391	0	0.973843058	12	60.90909091	1.098056437	537.9	215.8	1	0.000790979	0.124326317	1.047154808	0.0231843	0.2122	19.76309052	0.938937052	0.989442496	0.414938237	0.07853471	0	0	0	[70.0, 80.0, 90.0, 100.0, 110.0, 120.0, 130.0, 140.0, 150.0, 160.0]	[1, 5, 7, 9, 10, 11, 12, 12, 12, 12]	0	10	-150	207.42499	-170.61002	0	7.5952377	9.053861	5.92463	16.52004662	46.83040318	158.4936866	0.908167671	0.580750283	0.834193043	141.27217	9	148.4853172	NaN	NaN	9	1.0685123	1.3767523	873.8262024	33.21699165	603.9452998	3	1	0.073803785	2.192596921	NaN
25_4_25_3	Mouse NAc Patch-seq 25_4_25_3	Batch5	-59.9416161	-60.25187174	358.3635603	18.95023897	-29.60205078	85.72387695	1.7	3.765868278	-13.88549805	0	1.165481577	13	70	1.027871045	373.5	222.7	1.166666667	0.000325732	0.082549873	1.071058795	0	0.2809	24.40346985	1.00965251	0.994840445	0.211607914	0.054916094	0	0	0	[70.0, 80.0, 90.0, 100.0, 110.0, 120.0, 130.0, 140.0, 150.0, 160.0, 170.0, 180.0, 190.0]	[2, 3, 4, 5, 7, 7, 8, 9, 10, 11, 12, 12, 13]	0	10	-150	202.45454	-194.66908	0	6.534851	8.229849	4.812969	15.39731649	41.99146936	129.741034	0.924623816	0.547251904	0.759218067	163.3844	6	175.1473083	NaN	NaN	6	1.0888814	1.530494	1652.80285	62.8284419	1142.335305	11	4	0.100572008	1.573378381	NaN
25_4_2_5	Mouse NAc Patch-seq 25_4_2_5	Batch5	-72.21286822	-73.57206799	329.1538783	7.513858301	-28.68652344	61.55395508	1	1.805261584	-21.97265625	0	1.108695652	19	130	1.025086115	204.6	169.1	0.1875	0.006061868	0.556523067	2.144828715	0.080832046	0.0513	4.711495972	1.112718204	1.001904552	0.530300843	0.098167843	0	0	0	[130.0, 140.0, 150.0, 160.0, 170.0, 180.0, 190.0, 200.0, 210.0, 220.0, 230.0, 240.0]	[2, 3, 6, 5, 9, 11, 13, 13, 15, 15, 16, 19]	0	10	-150	220.39001	-199.06334	0	8.029069	9.477515	5.8855762	18.74664227	51.22585932	188.4950018	0.902674549	0.536355643	0.694075757	93.464165	9	119.9734554	NaN	NaN	9	1.0607291	1.2422286	1054.800583	40.09642002	729.025817	10	4	0.009487027	2.822202656	NaN
25_4_3_1	Mouse NAc Patch-seq 25_4_3_1	Batch5	-53.11015291	-52.22429548	352.2600446	25.9360535	-34.02709961	78.76586914	1.7	2.731141105	-9.490966797	0	1.460648148	9	30	1.108660826	120.5	40.5	0.8	0.002744892	0.195779958	1.205485942	3.269925332	0.4659	41.60513916	0.798939929	0.964443998	0.728058363	0.100000733	0	0	0	[30.0, 40.0, 50.0, 60.0, 70.0, 80.0, 90.0, 100.0, 110.0, 120.0]	[1, 1, 1, 2, 3, 5, 7, 8, 8, 9]	0	10	-150	246.85612	-228.1423	0	11.819441	14.060067	8.746633	27.14184933	75.03150972	420.2089329	0.937967465	0.570409053	0.805156416	169.57478	6	188.8862371	NaN	NaN	6	1.0508947	1.1411471	1306.768885	49.67456064	903.1738276	8	3	0.261441092	2.804843412	NaN
25_4_7_2	Mouse NAc Patch-seq 25_4_7_2	Batch5	-74.52969577	-78.06803385	514.2647879	15.02157964	-36.65161133	75.77514648	2	3.587658773	-10.80322266	0	1.00747198	9	70	1.067867135	297.4	153.6	0.8	0.001514325	0.153762327	1.057227046	0.641158925	0.1247	12.16583862	0.893987342	0.961590995	1.034976836	0.134773715	0	0	0	[70.0, 80.0, 90.0, 100.0, 110.0, 120.0, 130.0, 140.0, 150.0]	[3, 6, 7, 8, 9, 9, 9, 8, 8]	0	10	-150	185.13364	-199.95819	0	4.914369	5.795973	3.6926246	11.44510104	29.80752633	62.54202115	0.88456531	0.477455224	0.662858735	120.42572	5	127.232842	NaN	NaN	5	1.1091592	1.6195616	1172.509318	44.57091443	810.380262	11	3	0.223242374	1.956835303	NaN
25_4_8_3	Mouse NAc Patch-seq 25_4_8_3	Batch5	-77.29774414	-94.74196661	360.0202288	8.162385199	-33.14208984	82.79418945	1.7	3.366927698	-16.20483398	0	1.098577236	12	150	1.04580626	394.2	221.4	1	0.000371292	0.087056232	1.043275667	0.004410533	0.1495	13.43678894	0.962783774	0.992201795	0.22517614	0.056436775	0	0	0	[150.0, 160.0, 170.0, 180.0, 190.0, 200.0, 210.0, 220.0, 230.0, 240.0]	[2, 4, 5, 7, 8, 9, 9, 10, 11, 12]	0	10	-150	198.5309	-200.51274	0	5.007318	6.6310697	3.2976606	12.58518107	31.93305358	67.51890316	0.832059423	0.426291273	0.590633413	106.16939	5	124.7011709	NaN	NaN	5	1.0842549	1.2400901	832.8869548	31.6607573	575.6501319	6	3	0.129266445	1.388975147	NaN
25_4_8_4	Mouse NAc Patch-seq 25_4_8_4	Batch5	-75.28901127	-76.96678525	573.3816964	13.58451234	-37.29248047	85.08300781	2	3.819176645	-8.605957031	0	0.902017291	10	60	1.092669168	257.7	151.4	1	0.001838829	0.171847379	1.017533038	0.163802154	0.2294	22.04723663	0.899502841	0.975698746	2.100659299	0.193574524	0	0	0	[60.0, 70.0, 80.0, 90.0, 100.0, 110.0, 120.0, 130.0]	[3, 6, 7, 8, 9, 9, 9, 10]	0	10	-150	179.34102	-200.96501	0	5.647258	7.911385	3.907933	13.50495806	36.46303454	89.65381594	0.847369885	0.491566524	0.734491107	134.11845	6	141.1446686	NaN	NaN	6	1.1498507	2.0290895	1131.72918	43.02072851	782.195067	6	4	0.148805866	2.602033726	NaN
25_4_9_1	Mouse NAc Patch-seq 25_4_9_1	Batch5	-83.40632808	-87.05240885	362.5488281	11.12839951	-47.82104492	90.5456543	2.1	3.482654754	-10.95581055	0	1.100719424	15	100	1.114098842	416.1	210.4	0.875	0.001041048	0.15835676	1.060633864	0.101204371	0.1484	15.0453949	0.962824011	0.994463001	0.726555291	0.098747924	0	0	0	[100.0, 110.0, 120.0, 130.0, 140.0, 150.0, 160.0, 170.0, 180.0, 190.0, 200.0, 210.0, 220.0, 230.0, 240.0]	[1, 4, 6, 6, 8, 9, 10, 11, 11, 13, 13, 14, 14, 15, 15]	0	10	-150	202.65833	-198.02834	0	10.024181	12.208706	8.273041	22.95509242	64.49573405	301.4488442	0.910671	0.572078375	0.759109442	91.78033	5	107.9003563	NaN	NaN	5	1.0696422	1.2492402	671.2708244	25.51719915	463.9490765	3	2	0.228204122	2.070365104	NaN
25_4_9_2	Mouse NAc Patch-seq 25_4_9_2	Batch5	-66.47545059	-68.11319987	435.1806641	13.21577647	-31.37207031	87.98217773	2.1	3.985591198	-10.83374023	0	1.10041841	9	70	1.044386798	369.4	144.8	0.8	0.001143941	0.127033107	1.071163744	0	0.06	5.413995361	0.933869839	0.976053599	1.045400279	0.123419071	0	0	0	[70.0, 80.0, 90.0, 100.0, 110.0, 120.0, 130.0, 140.0, 150.0, 160.0, 170.0]	[1, 3, 4, 5, 6, 7, 8, 8, 8, 9, 9]	0	10	-150	178.77274	-187.43091	0	5.6074924	7.024136	4.7630925	12.81475828	35.60042142	92.87210644	0.920841497	0.565541473	0.824234079	148.48328	2	171.0841837	NaN	NaN	2	1.2649622	5.7814026	947.3854761	36.01321989	654.7858175	10	4	1.157135274	1.157135274	0.538361717
25_4_9_3	Mouse NAc Patch-seq 25_4_9_3	Batch5	-68.27555925	-70.85745675	224.9581473	14.79012317	-37.71972656	95.4284668	2.1	5.749899206	-8.178710938	0	1.118303571	8	110	1.082458229	502.6	260.9	1	0.00140973	0.138023193	1.094418052	0.77910982	0.3464	29.47328186	0.952396804	0.971140748	0.303686198	0.061541224	0	0	0	[110.0, 120.0, 130.0, 140.0, 150.0, 160.0, 170.0, 180.0, 190.0, 200.0, 210.0, 220.0, 230.0, 240.0]	[1, 2, 3, 4, 4, 5, 5, 6, 6, 7, 7, 8, 8, 8]	0	10	-150	281.7411	-344.02	0	14.543444	17.76963	12.005807	32.42871321	91.64422322	616.0634578	0.921775422	0.585822459	0.874224545	266.60284	3	281.6994629	NaN	NaN	3	1.070614	1.181847	1152.051716	43.79325294	796.2409659	3	3	1.073527211	3.097109807	NaN
25_4_9_6	Mouse NAc Patch-seq 25_4_9_6	Batch5	-75.6521903	-78.1956264	344.7614397	11.87965536	-33.87451172	76.66015625	2	3.306479501	-9.796142578	0	0.992307692	13	100	1.06832339	517	249.5	1.166666667	0.000512314	0.105152936	1.017102312	0	0.1275	12.18164062	0.993723029	0.995572124	2.887638187	0.21901992	0	0	0	[100.0, 110.0, 120.0, 130.0, 140.0, 150.0, 160.0, 170.0, 180.0, 190.0, 200.0, 210.0, 220.0, 230.0, 240.0]	[1, 4, 6, 7, 8, 9, 10, 11, 11, 12, 12, 13, 12, 13, 13]	0	10	-150	294.87888	-328.82666	0	8.742713	10.519416	7.0777345	19.31362185	54.29555154	215.1436667	0.917085722	0.576767948	0.789792901	99.29524	7	120.1434078	NaN	NaN	7	1.1138602	1.4577298	793.8857975	30.17819536	548.6944595	2	1	0.077514731	2.461562182	NaN
25_4_9_7	Mouse NAc Patch-seq 25_4_9_7	Batch5	-76.67842368	-78.59874907	546.7006138	12.3315783	-33.50830078	77.63671875	2.3	3.809776814	-4.791259766	0	1.190730838	10	60	1.02062062	356	189.2	1	0.00110957	0.133276353	1.15719406	0.051909254	0.0368	3.534832764	0.959790913	0.991460382	1.1885144	0.138855235	0.175834085	0	0	[60.0, 70.0, 80.0, 90.0, 100.0, 110.0, 120.0, 130.0, 140.0, 150.0, 160.0]	[1, 3, 4, 5, 6, 8, 8, 9, 9, 10, 10]	0	10	-150	205.78416	-200.49748	0	6.725386	8.444095	5.523415	14.91437119	42.00332571	128.1357598	0.912668069	0.576050361	0.807778162	93.92238	5	120.5631213	NaN	NaN	5	1.217075	2.6255183	636.8055997	24.20706325	440.1284229	6	3	0.53109132	2.843325698	NaN
25_4_9_8	Mouse NAc Patch-seq 25_4_9_8	Batch5	-85.54499249	-101.595924	519.5835658	14.23376059	-47.27172852	84.56420898	1.9	2.841025219	-8.361816406	0	1.176339286	9	110	1.068799639	144.9	121.3	0.8	0.004107447	0.243851548	1.134222636	0	0.1004	9.965592957	0.894425987	0.957063298	1.876518029	0.180044721	0	0	0	[110.0, 120.0, 130.0, 140.0, 150.0, 160.0, 170.0, 180.0, 190.0, 200.0, 210.0, 220.0, 230.0, 240.0]	[3, 4, 5, 5, 6, 7, 7, 8, 8, 8, 8, 8, 9, 7]	0	10	-150	161.94444	-167.61334	0	6.7746015	7.3472195	5.6445026	14.06648826	41.50511349	127.4937307	0.93002684	0.644343502	0.907895889	133.37971	5	143.9794922	NaN	NaN	5	1.0960189	1.509236	753.7393422	28.65209801	520.9472402	4	2	0.217536552	2.265882561	NaN
25_1_28_3	Mouse NAc Patch-seq 25_1_28_3	Batch6	-54.43042419	-53.77429781	530.4827009	19.11680039	-22.4609375	72.14355469	2	3.0463843	-11.77978516	0	1.064516129	11	50	1.082064912	243.2	128.7	0.833333333	0.002142579	0.195637464	1.093762379	0	0.1293	11.09695435	0.952	0.989927762	0.488422744	0.092384947	0	0	0	[50.0, 60.0, 70.0, 80.0, 90.0, 100.0, 110.0, 120.0, 130.0, 140.0]	[4, 6, 8, 9, 9, 10, 11, 11, 11, 11]	0	10	-150	NR	NR	NR	NR	NR	NR	NR	NR	NR	NR	NR	NR	NR	NR	NR	NR	NR	NR	NR	NR	NR	NR	NR	NR	NR	NR	NR	NR
25_1_28_7	Mouse NAc Patch-seq 25_1_28_7	Batch6	-73.47569468	-80.34377325	561.4362444	8.153737194	-30.94482422	71.38061523	2	3.171509199	-11.81030273	0	1.099365751	11	80	1.100736327	241.9	131.4	0.833333333	0.002236117	0.20237225	1.082355217	0	0.0732	6.880952454	0.932026144	0.982344741	0.668240683	0.110208593	0	0	0	[80.0, 90.0, 100.0, 110.0, 120.0, 130.0, 140.0, 150.0, 160.0, 170.0]	[5, 6, 8, 9, 9, 10, 10, 11, 11, 10]	0	10	-150	NR	NR	NR	NR	NR	NR	NR	NR	NR	NR	NR	NR	NR	NR	NR	NR	NR	NR	NR	NR	NR	NR	NR	NR	NR	NR	NR	NR
25_2_10_6	Mouse NAc Patch-seq 25_2_10_6	Batch6	-56.99713349	-56.77141462	242.0479911	19.43619946	-35.46142578	86.45629883	1.9	3.124611062	-4.577636719	0	0.934824903	13	60	1.014654199	506.7	136.3	0.857142857	0.000252805	0.072321781	1.024112649	0	0.1902	15.0587738	0.958054283	0.988884782	0.264945043	0.059292769	0	0	0	[60.0, 70.0, 80.0, 90.0, 100.0, 110.0, 120.0, 130.0, 140.0, 150.0, 160.0]	[1, 4, 5, 6, 7, 8, 10, 10, 12, 12, 13]	0	10	-150	NR	NR	NR	NR	NR	NR	NR	NR	NR	NR	NR	NR	NR	NR	NR	NR	NR	NR	NR	NR	NR	NR	NR	NR	NR	NR	NR	NR
25_2_10_7	Mouse NAc Patch-seq 25_2_10_7	Batch6	-60.10922487	-61.99863979	334.3854632	17.6029312	-29.20532227	90.48461914	1.7	3.691318088	-11.10839844	0	0.987179487	11	80	1.023545289	284.3	163.8	0.833333333	0.000325502	0.077303333	1.018262067	0.165099914	0.0847	6.959411621	0.970180305	0.987343752	0.50758074	0.083081013	0	0	0	[80.0, 90.0, 100.0, 110.0, 120.0, 130.0, 140.0, 150.0, 160.0, 170.0, 180.0, 190.0]	[2, 3, 4, 5, 7, 8, 8, 9, 10, 10, 10, 11]	0	10	-150	NR	NR	NR	NR	NR	NR	NR	NR	NR	NR	NR	NR	NR	NR	NR	NR	NR	NR	NR	NR	NR	NR	NR	NR	NR	NR	NR	NR
25_2_11_1	Mouse NAc Patch-seq 25_2_11_1	Batch6	-67.85966974	-67.12268648	321.219308	22.30115816	-38.75732422	78.73535156	2.2	3.511690277	-7.293701172	0	0.994065282	10	60	1.025336824	425.3	197.9	1	0.000521476	0.093556746	1.021179191	0	0.1042	9.660305786	0.961523205	0.987056225	0.605293066	0.099213391	0	0	0	[60.0, 70.0, 80.0, 90.0, 100.0, 110.0, 120.0, 130.0, 140.0, 150.0, 160.0]	[2, 4, 6, 7, 8, 9, 9, 9, 10, 10, 10]	0	10	-150	NR	NR	NR	NR	NR	NR	NR	NR	NR	NR	NR	NR	NR	NR	NR	NR	NR	NR	NR	NR	NR	NR	NR	NR	NR	NR	NR	NR
25_2_11_2	Mouse NAc Patch-seq 25_2_11_2	Batch6	-83.47257124	-84.13115002	485.4038783	12.41867304	-53.0090332	83.80126953	2.3	3.291116225	-7.8125	0	0.957415565	12	60	1.046840926	226.2	128.8	1	0.000539903	0.10191357	0.99827313	0	0.0966	10.8721405	0.967589221	0.99085215	0.318901736	0.069017598	0	0	0	[60.0, 70.0, 80.0, 90.0, 100.0, 110.0, 120.0, 130.0, 140.0]	[3, 4, 6, 7, 9, 10, 10, 11, 12]	0	10	-150	NR	NR	NR	NR	NR	NR	NR	NR	NR	NR	NR	NR	NR	NR	NR	NR	NR	NR	NR	NR	NR	NR	NR	NR	NR	NR	NR	NR
25_2_11_3	Mouse NAc Patch-seq 25_2_11_3	Batch6	-56.45964525	-57.14372907	402.4832589	14.9747966	-18.00537109	81.51245117	2.2	4.071607066	-10.43701172	0	1.088098918	10	70	1.083566969	403.8	221.2	1	0.00121233	0.140085863	1.032052874	0	0.1321	10.88809814	0.937594554	0.982782042	1.022118496	0.13124838	0	0	0	[80.0, 90.0, 100.0, 110.0, 120.0, 130.0, 140.0, 150.0, 160.0, 170.0, 180.0, 190.0, 200.0]	[1, 3, 5, 5, 7, 8, 8, 8, 9, 9, 10, 10, 10]	0	10	-150	NR	NR	NR	NR	NR	NR	NR	NR	NR	NR	NR	NR	NR	NR	NR	NR	NR	NR	NR	NR	NR	NR	NR	NR	NR	NR	NR	NR
25_2_11_4	Mouse NAc Patch-seq 25_2_11_4	Batch6	-62.16051086	-59.93855794	380.859375	14.19303013	-19.71435547	70.40405273	2.2	2.981987104	-11.74926758	0	1.031407035	12	82.22222222	1.082773019	509.7	240.4	1	0.000300824	0.076529385	1.013327482	0.102726589	0.106	9.720542908	0.968094406	0.991268067	0.356715817	0.079469868	0	0	0	[90.0, 100.0, 110.0, 120.0, 130.0, 140.0, 150.0, 160.0, 170.0, 180.0, 190.0, 200.0]	[1, 3, 6, 7, 8, 8, 9, 10, 10, 11, 11, 12]	0	10	-150	NR	NR	NR	NR	NR	NR	NR	NR	NR	NR	NR	NR	NR	NR	NR	NR	NR	NR	NR	NR	NR	NR	NR	NR	NR	NR	NR	NR
25_2_12_2	Mouse NAc Patch-seq 25_2_12_2	Batch6	-76.27135634	-79.63954381	308.0531529	15.74002707	-41.62597656	78.06396484	2.3	3.324694828	-7.904052734	0	1.057377049	12	92.30769231	1.005379353	489.5	285.6	1	0.000357877	0.083185076	1.011892659	0	0.2402	23.68536682	0.992093217	0.994030427	0.30492747	0.069310698	0	0	0	[100.0, 110.0, 120.0, 130.0, 140.0, 150.0, 160.0, 170.0, 180.0, 190.0, 200.0, 210.0, 220.0, 230.0, 240.0]	[1, 2, 4, 5, 6, 7, 8, 9, 10, 10, 11, 11, 11, 12, 12]	0	10	-150	NR	NR	NR	NR	NR	NR	NR	NR	NR	NR	NR	NR	NR	NR	NR	NR	NR	NR	NR	NR	NR	NR	NR	NR	NR	NR	NR	NR
25_2_12_6	Mouse NAc Patch-seq 25_2_12_6	Batch6	-58.82003423	-60.39544968	323.1375558	12.50489589	-25.390625	81.87866211	2.2	3.613194252	-6.072998047	0	0.870848708	11	90	1.031588863	322.3	188.2	0.833333333	0.000298252	0.073353212	0.99512479	0.08754516	0.2528	20.89915771	0.991405082	0.991130811	0.230864449	0.057483884	0	0	0	[90.0, 100.0, 110.0, 120.0, 130.0, 140.0, 150.0, 160.0, 170.0, 180.0, 190.0]	[2, 4, 5, 6, 8, 8, 9, 10, 10, 11, 11]	0	10	-150	NR	NR	NR	NR	NR	NR	NR	NR	NR	NR	NR	NR	NR	NR	NR	NR	NR	NR	NR	NR	NR	NR	NR	NR	NR	NR	NR	NR
25_2_14_2	Mouse NAc Patch-seq 25_2_14_2	Batch6	-79.64081391	-86.12787156	371.4425223	9.482679073	-35.70556641	83.0078125	1.9	4.274642322	-10.49804688	0	1.09314587	11	120	1.053538778	333.4	176.1	0.833333333	0.00120055	0.146144772	1.064546962	0.1398541	0.1052	10.12249756	0.938893159	0.980249488	0.935856002	0.123198364	0	0	0	[120.0, 130.0, 140.0, 150.0, 160.0, 170.0, 180.0, 190.0, 200.0, 210.0, 220.0, 230.0, 240.0]	[2, 4, 5, 7, 8, 8, 9, 9, 10, 10, 11, 10, 11]	0	10	-150	NR	NR	NR	NR	NR	NR	NR	NR	NR	NR	NR	NR	NR	NR	NR	NR	NR	NR	NR	NR	NR	NR	NR	NR	NR	NR	NR	NR
25_2_14_4	Mouse NAc Patch-seq 25_2_14_4	Batch6	-56.96462773	-62.17157273	651.7682757	24.65143629	-38.14697266	66.34521484	1.4	2.592773152	-11.32202148	0	1.007459296	15	10	1.042301764	99.8	52.8	0.666666667	0.001429078	0.193273242	1.039615658	9.4312509	0.2729	30.97437744	0.905716305	0.971207137	1.116315376	0.153200567	0	0	1	[10.0, 20.0, 30.0, 40.0]	[5, 10, 14, 15]	0	10	-150	NR	NR	NR	NR	NR	NR	NR	NR	NR	NR	NR	NR	NR	NR	NR	NR	NR	NR	NR	NR	NR	NR	NR	NR	NR	NR	NR	NR
25_2_14_5	Mouse NAc Patch-seq 25_2_14_5	Batch6	-71.9588639	-66.14990234	259.5738002	13.34798932	-28.25927734	81.7565918	1.8	2.36697635	-13.64135742	0	1.030497592	10	140	1.142173479	333.9	236.8	1	0.001819076	0.180554506	1.043822928	0.23961577	0.3153	29.64328003	0.959241324	0.985383552	0.182359382	0.052881904	0	0	0	[140.0, 150.0, 160.0, 170.0, 180.0, 190.0, 200.0, 210.0, 220.0, 230.0, 240.0]	[1, 2, 4, 5, 5, 7, 8, 8, 9, 9, 10]	0	10	-150	NR	NR	NR	NR	NR	NR	NR	NR	NR	NR	NR	NR	NR	NR	NR	NR	NR	NR	NR	NR	NR	NR	NR	NR	NR	NR	NR	NR
25_2_14_7	Mouse NAc Patch-seq 25_2_14_7	Batch6	-75.72214517	-81.55168806	519.6707589	8.521512535	-29.38842773	78.27758789	1.9	2.865752721	-16.41845703	0	1.011477762	12	80	1.13270704	423.7	164.7	0.714285714	0.001970956	0.195096637	1.054562006	0	0.1616	15.29381409	0.948537579	0.984697585	0.845722519	0.117077971	0	0	0	[80.0, 90.0, 100.0, 110.0, 120.0, 130.0, 140.0, 150.0, 160.0, 170.0, 180.0, 190.0, 200.0, 210.0]	[2, 5, 6, 7, 9, 9, 10, 10, 11, 11, 11, 12, 12, 12]	0	10	-150	NR	NR	NR	NR	NR	NR	NR	NR	NR	NR	NR	NR	NR	NR	NR	NR	NR	NR	NR	NR	NR	NR	NR	NR	NR	NR	NR	NR
25_2_24_3	Mouse NAc Patch-seq 25_2_24_3	Batch6	-55.64451574	-54.21578544	524.8151507	23.10840793	-33.29467773	82.70263672	2	4.747858367	-8.941650391	0	1.059382423	10	20	1.048426659	253.8	91.2	0.666666667	0.001224973	0.14661157	1.058823483	1.821024577	0.1466	13.44962616	0.859522908	0.972206669	0.816641191	0.115188518	0	0	0	[20.0, 30.0, 40.0, 50.0, 60.0, 70.0, 80.0]	[2, 6, 7, 9, 9, 10, 10]	0	10	-150	NR	NR	NR	NR	NR	NR	NR	NR	NR	NR	NR	NR	NR	NR	NR	NR	NR	NR	NR	NR	NR	NR	NR	NR	NR	NR	NR	NR
25_2_24_5	Mouse NAc Patch-seq 25_2_24_5	Batch6	-73.93170581	-78.57549758	366.3853237	8.554531968	-30.57861328	81.08520508	1.7	2.999653886	-11.74926758	0	0.961149961	13	102	1.090918802	503.1	285.5	1.166666667	0.000314424	0.081973542	1.035878036	0.011851814	0.1091	9.996051025	0.997654418	0.997563869	0.086655707	0.035385401	0	0	0	[110.0, 120.0, 130.0, 140.0, 150.0, 160.0, 170.0, 180.0, 190.0, 200.0, 210.0, 220.0, 230.0, 240.0]	[1, 3, 4, 6, 7, 8, 9, 10, 11, 11, 12, 13, 13, 13]	0	10	-150	NR	NR	NR	NR	NR	NR	NR	NR	NR	NR	NR	NR	NR	NR	NR	NR	NR	NR	NR	NR	NR	NR	NR	NR	NR	NR	NR	NR
25_2_25_1	Mouse NAc Patch-seq 25_2_25_1	Batch6	-71.24944311	-74.03564453	571.1146763	10.95649299	-29.26635742	76.08032227	2.5	3.864304149	-12.11547852	0	1.21598878	7	70	1.123704442	258.7	140.1	0.75	0.004355907	0.221728962	1.162776638	0.695024405	0.1469	13.83822937	0.803252678	0.929582576	2.02539026	0.196490423	0	0	0	[70.0, 80.0, 90.0, 100.0, 110.0, 120.0, 130.0, 140.0, 150.0, 160.0]	[2, 4, 4, 5, 5, 7, 3, 2, 2, 2]	0	10	-150	NR	NR	NR	NR	NR	NR	NR	NR	NR	NR	NR	NR	NR	NR	NR	NR	NR	NR	NR	NR	NR	NR	NR	NR	NR	NR	NR	NR
25_2_25_2	Mouse NAc Patch-seq 25_2_25_2	Batch6	-71.83001232	-75.29296875	282.5927734	11.53894502	-29.38842773	81.84814453	1.7	3.497599017	-9.948730469	0	1.02233677	11	130	1.005542075	580.2	235.4	1.2	0.000294261	0.073045535	1.067956085	0.232498098	0.2436	21.39054871	0.973735033	0.984691054	0.292277825	0.065864317	0	0	0	[130.0, 140.0, 150.0, 160.0, 170.0, 180.0, 190.0, 200.0, 210.0, 220.0, 230.0, 240.0]	[1, 3, 4, 5, 6, 8, 9, 9, 10, 11, 11, 11]	0	10	-150	NR	NR	NR	NR	NR	NR	NR	NR	NR	NR	NR	NR	NR	NR	NR	NR	NR	NR	NR	NR	NR	NR	NR	NR	NR	NR	NR	NR
25_2_25_4	Mouse NAc Patch-seq 25_2_25_4	Batch6	-70.88568916	-81.5339588	304.4782366	8.197977953	-29.87670898	92.22412109	1.7	3.633815477	-9.063720703	0	1.05106383	11	150	1.054710392	325.3	212.5	1.2	4.07E-05	0.026816238	1.041650142	0.090524644	0.1142	9.814511108	0.987915408	0.993290194	3.848900448	0.224979555	0	0	0	[150.0, 160.0, 170.0, 180.0, 190.0, 200.0, 210.0, 220.0, 230.0, 240.0]	[2, 3, 4, 5, 7, 7, 9, 9, 10, 11]	0	10	-150	NR	NR	NR	NR	NR	NR	NR	NR	NR	NR	NR	NR	NR	NR	NR	NR	NR	NR	NR	NR	NR	NR	NR	NR	NR	NR	NR	NR
25_2_26_4	Mouse NAc Patch-seq 25_2_26_4	Batch6	-73.85611304	-77.28562128	398.2979911	12.70736545	-35.82763672	84.47265625	1.9	3.582494597	-7.995605469	0	1.036630037	12	90	1.053858819	292.9	189.1	1	0.000404808	0.089108046	1.052156698	0	0.1178	11.32471619	0.994396713	0.99310439	0.2477726	0.059527188	0	0	0	[90.0, 100.0, 110.0, 120.0, 130.0, 140.0, 150.0, 160.0, 170.0, 180.0, 190.0, 200.0, 210.0, 220.0]	[2, 3, 5, 6, 7, 8, 9, 9, 10, 11, 11, 12, 12, 12]	0	10	-150	NR	NR	NR	NR	NR	NR	NR	NR	NR	NR	NR	NR	NR	NR	NR	NR	NR	NR	NR	NR	NR	NR	NR	NR	NR	NR	NR	NR
25_2_28_2	Mouse NAc Patch-seq 25_2_28_2	Batch6	-63.27094001	-62.82116118	356.2709263	13.56679944	-30.9753418	71.47216797	1.7	4.044112223	-19.77539063	0	1.177847114	11	60	1.103098178	514.7	119.8	0.833333333	0.001162495	0.144988338	1.074574463	2.590330952	0.4798	44.35136566	0.955546147	0.988448629	0.461552333	0.082660902	0.282726204	0	0	[60.0, 70.0, 80.0, 90.0, 100.0, 110.0, 120.0, 130.0, 140.0, 150.0, 160.0]	[1, 3, 4, 6, 6, 8, 8, 9, 10, 10, 11]	0	10	-150	NR	NR	NR	NR	NR	NR	NR	NR	NR	NR	NR	NR	NR	NR	NR	NR	NR	NR	NR	NR	NR	NR	NR	NR	NR	NR	NR	NR
25_2_28_3	Mouse NAc Patch-seq 25_2_28_3	Batch6	-51.16535176	-51.17826916	927.0368304	37.36704343	-23.34594727	65.91796875	4.1	3.975133377	-6.34765625	0	1.211538462	4	20	1.092290936	305.3	114.5	NaN	0.000952937	0.085573216	1.101440226	0	0.4811	49.65491791	0.779836277	0.916899478	1.059015966	0.135618533	0	0	0	[20.0, 30.0, 40.0, 50.0, 60.0]	[2, 4, 2, 1, 1]	0	10	-150	NR	NR	NR	NR	NR	NR	NR	NR	NR	NR	NR	NR	NR	NR	NR	NR	NR	NR	NR	NR	NR	NR	NR	NR	NR	NR	NR	NR
25_2_28_4	Mouse NAc Patch-seq 25_2_28_4	Batch6	-48.90785133	-47.52139137	604.33524	17.21742723	-18.92089844	76.23291016	2.3	3.480280176	-5.340576172	0	1.195020747	10	40	1.07130771	187.5	104.5	1	0.001735397	0.167018841	1.104729366	0.081618777	0.1948	15.53184814	0.927250308	0.978433911	0.845938092	0.121979776	0	0	0	[40.0, 50.0, 60.0, 70.0, 80.0, 90.0, 100.0]	[3, 4, 6, 7, 9, 9, 10]	0	10	-150	NR	NR	NR	NR	NR	NR	NR	NR	NR	NR	NR	NR	NR	NR	NR	NR	NR	NR	NR	NR	NR	NR	NR	NR	NR	NR	NR	NR
25_2_3_1	Mouse NAc Patch-seq 25_2_3_1	Batch6	-58.23148407	-57.10071382	569.1964286	29.54147944	-42.63305664	83.58764648	2.1	2.587205711	-5.676269531	0	1.36381323	3	30	1.05263469	100.4	59.7	NaN	0.001439053	0.153909465	1.36381323	1.19965133	0.175	16.47507782	0.771730915	0.84179102	1.571495309	0.153575341	0	0	0	[30.0, 40.0, 50.0, 60.0, 70.0, 80.0, 90.0, 100.0, 110.0]	[1, 1, 2, 2, 3, 2, 2, 2, 2]	0	10	-150	NR	NR	NR	NR	NR	NR	NR	NR	NR	NR	NR	NR	NR	NR	NR	NR	NR	NR	NR	NR	NR	NR	NR	NR	NR	NR	NR	NR
25_2_3_2	Mouse NAc Patch-seq 25_2_3_2	Batch6	-73.10900496	-73.97170294	443.2024275	11.89699038	-36.34643555	78.94897461	1.8	3.01185882	-11.35253906	0	1.114511352	12	60	1.07288865	396	163.9	0.714285714	0.001726835	0.184718828	1.064900059	0	0.0559	5.370222473	0.968701095	0.992644841	0.326288387	0.071216707	0	0	0	[60.0, 70.0, 80.0, 90.0, 100.0, 110.0, 120.0, 130.0, 140.0, 150.0, 160.0]	[2, 4, 6, 7, 9, 9, 10, 11, 11, 12, 12]	0	10	-150	NR	NR	NR	NR	NR	NR	NR	NR	NR	NR	NR	NR	NR	NR	NR	NR	NR	NR	NR	NR	NR	NR	NR	NR	NR	NR	NR	NR
25_2_3_5	Mouse NAc Patch-seq 25_2_3_5	Batch6	-80.11634306	-86.21564593	542.9513114	9.377942884	-36.4074707	77.81982422	2.1	3.730760479	-12.14599609	0	1.211267606	10	80	1.080520264	281	146.7	0.666666667	0.003402644	0.235324398	1.094354892	0.07177999	0.1185	12.16599121	0.948072384	0.991307014	0.422731498	0.080873185	0	0	0	[80.0, 90.0, 100.0, 110.0, 120.0, 130.0, 140.0, 150.0, 160.0, 170.0, 180.0]	[3, 6, 7, 7, 9, 9, 9, 9, 9, 10, 10]	0	10	-150	NR	NR	NR	NR	NR	NR	NR	NR	NR	NR	NR	NR	NR	NR	NR	NR	NR	NR	NR	NR	NR	NR	NR	NR	NR	NR	NR	NR
25_2_5_2	Mouse NAc Patch-seq 25_2_5_2	Batch6	-57.26737442	-57.15215774	585.5015346	19.47317295	-28.96118164	72.05200195	2.4	2.977452525	-10.58959961	0	0.952238806	9	40	1.086353355	366.8	147.4	0.8	0.000995093	0.117674021	1.1748766	0	0.1467	14.66371155	0.914449447	0.975172382	0.395694625	0.079063749	0	0	0	[40.0, 50.0, 60.0, 70.0, 80.0, 90.0, 100.0]	[1, 4, 5, 6, 8, 9, 9]	0	10	-150	NR	NR	NR	NR	NR	NR	NR	NR	NR	NR	NR	NR	NR	NR	NR	NR	NR	NR	NR	NR	NR	NR	NR	NR	NR	NR	NR	NR
25_2_6_3	Mouse NAc Patch-seq 25_2_6_3	Batch6	-51.46121526	-54.25008138	452.8808594	37.69142168	-40.16113281	94.23828125	2	5.458166345	-8.7890625	0	1.072254335	9	10	1.041163033	139.9	41.7	0.8	0.000903138	0.112232206	1.04545343	2.501959139	0.3635	35.56294556	0.957006369	0.983375897	0.155174948	0.042627126	0	0	0	[10.0, 20.0, 30.0, 40.0, 50.0, 60.0]	[3, 5, 7, 8, 9, 9]	0	10	-150	NR	NR	NR	NR	NR	NR	NR	NR	NR	NR	NR	NR	NR	NR	NR	NR	NR	NR	NR	NR	NR	NR	NR	NR	NR	NR	NR	NR
25_2_6_5	Mouse NAc Patch-seq 25_2_6_5	Batch6	-77.09994917	-80.87565104	443.7255859	7.905000032	-37.04833984	83.46557617	1.6	3.350071608	-19.04296875	0	1.073770492	16	80	1.115581037	257.1	137.5	0.777777778	0.001111541	0.169885856	1.023316025	0	0.2256	21.79889526	0.990699405	0.99252101	0.426562005	0.081726681	0	0	0	[80.0, 90.0, 100.0, 110.0, 120.0, 130.0, 140.0, 150.0, 160.0, 170.0, 180.0]	[4, 7, 9, 10, 12, 13, 13, 14, 14, 15, 16]	0	10	-150	NR	NR	NR	NR	NR	NR	NR	NR	NR	NR	NR	NR	NR	NR	NR	NR	NR	NR	NR	NR	NR	NR	NR	NR	NR	NR	NR	NR
25_2_6_8	Mouse NAc Patch-seq 25_2_6_8	Batch6	-73.83983681	-77.37630208	491.5945871	9.32522136	-29.296875	73.48632813	2.2	3.543365138	-11.23046875	0	1.428076256	7	70	1.066633127	299.9	151.2	0.75	0.004290944	0.231379385	1.185002285	0	0.1147	10.43083344	0.818894389	0.956638161	1.015974332	0.133463246	0	0	0	[70.0, 80.0, 90.0, 100.0, 110.0, 120.0, 130.0, 140.0]	[2, 5, 6, 6, 7, 7, 6, 7]	0	10	-150	NR	NR	NR	NR	NR	NR	NR	NR	NR	NR	NR	NR	NR	NR	NR	NR	NR	NR	NR	NR	NR	NR	NR	NR	NR	NR	NR	NR
25_2_7_1	Mouse NAc Patch-seq 25_2_7_1	Batch6	-70.07989493	-81.40258789	352.5216239	8.070062785	-25.81787109	86.15112305	1.7	3.307460865	-15.50292969	0	1.038243626	11	140	1.075363859	364.9	209.1	1.2	0.000147658	0.051501198	1.006140799	0	0.1601	13.73556213	0.986577181	0.994851038	0.067766771	0.030186565	0	0	0	[140.0, 150.0, 160.0, 170.0, 180.0, 190.0, 200.0, 210.0, 220.0, 230.0, 240.0]	[2, 3, 4, 5, 7, 7, 8, 9, 9, 10, 11]	0	10	-150	NR	NR	NR	NR	NR	NR	NR	NR	NR	NR	NR	NR	NR	NR	NR	NR	NR	NR	NR	NR	NR	NR	NR	NR	NR	NR	NR	NR
25_2_7_3	Mouse NAc Patch-seq 25_2_7_3	Batch6	-56.66521481	-62.2546968	324.9686105	11.12113485	-20.11108398	85.02197266	1.8	3.517809272	-9.887695313	0	1.088367899	12	120	1.031668072	279.5	213.9	1	0.000531884	0.101056769	0.994237875	0	0.0794	6.038122559	0.971395881	0.988640856	1.102337226	0.135189496	0	0	0	[120.0, 130.0, 140.0, 150.0, 160.0, 170.0, 180.0, 190.0, 200.0, 210.0, 220.0, 230.0, 240.0]	[2, 4, 5, 6, 7, 8, 9, 10, 10, 11, 11, 12, 12]	0	10	-150	NR	NR	NR	NR	NR	NR	NR	NR	NR	NR	NR	NR	NR	NR	NR	NR	NR	NR	NR	NR	NR	NR	NR	NR	NR	NR	NR	NR
25_2_7_4	Mouse NAc Patch-seq 25_2_7_4	Batch6	-69.16108796	-68.56108166	401.6985212	15.72825793	-42.23632813	91.88842773	1.4	3.658571885	-10.22338867	0	1.178787879	14	45	1.097506932	76.1	44.8	0.75	0.001208809	0.166906209	1.177098379	0.497565658	0.4063	40.43816833	0.913982066	0.981836364	0.379884634	0.068749018	0	0	0	[50.0, 60.0, 70.0, 80.0, 90.0, 100.0, 110.0, 120.0, 130.0]	[1, 4, 6, 8, 11, 12, 13, 14, 14]	0	10	-150	NR	NR	NR	NR	NR	NR	NR	NR	NR	NR	NR	NR	NR	NR	NR	NR	NR	NR	NR	NR	NR	NR	NR	NR	NR	NR	NR	NR
25_3_10_1	Mouse NAc Patch-seq 25_3_10_1	Batch6	-74.14314607	-79.74504743	542.2537667	10.85589434	-34.08813477	75.43945313	2.2	2.769689251	-13.76342773	0	1.566964286	4	70	1.053328537	162.6	104.8	NaN	0.013088261	0.34364163	1.730737017	0.142239045	0.1224	11.40420837	0.743944637	0.785157859	1.657725149	0.161013876	0	0	0	[80.0, 90.0, 100.0, 110.0, 120.0, 130.0, 140.0, 150.0, 160.0, 170.0]	[1, 2, 3, 4, 3, 3, 4, 4, 4, 3]	0	10	-150	NR	NR	NR	NR	NR	NR	NR	NR	NR	NR	NR	NR	NR	NR	NR	NR	NR	NR	NR	NR	NR	NR	NR	NR	NR	NR	NR	NR
25_3_11_2	Mouse NAc Patch-seq 25_3_11_2	Batch6	-74.44331021	-78.65542457	242.8327288	9.597477004	-40.46630859	93.87207031	1.7	3.412767414	-8.758544922	0	1.118226601	12	90.66666667	1.042377482	453.1	184.7	1	0.00074421	0.121253589	1.049816596	0	0.0336	2.922177124	0.976377953	0.989334172	0.231840256	0.054038156	0	0	0	[100.0, 110.0, 120.0, 130.0, 140.0, 150.0, 160.0, 170.0, 180.0, 190.0, 200.0, 210.0, 220.0]	[1, 3, 5, 6, 7, 8, 9, 10, 10, 11, 12, 12, 12]	0	10	-150	NR	NR	NR	NR	NR	NR	NR	NR	NR	NR	NR	NR	NR	NR	NR	NR	NR	NR	NR	NR	NR	NR	NR	NR	NR	NR	NR	NR
25_3_14_1	Mouse NAc Patch-seq 25_3_14_1	Batch6	-71.89156736	-73.65519206	452.2705078	9.876499126	-33.14208984	83.34350586	1.9	3.117818137	-15.625	0	0.934595525	13	70	1.122785849	533.1	181.7	0.857142857	0.000381524	0.089708532	1.041735199	0	0.1297	12.27770233	0.949871936	0.99418565	0.64146877	0.094852265	0	0	0	[70.0, 80.0, 90.0, 100.0, 110.0, 120.0, 130.0, 140.0, 150.0]	[1, 5, 7, 8, 9, 10, 12, 12, 13]	0	10	-150	NR	NR	NR	NR	NR	NR	NR	NR	NR	NR	NR	NR	NR	NR	NR	NR	NR	NR	NR	NR	NR	NR	NR	NR	NR	NR	NR	NR
25_3_14_4	Mouse NAc Patch-seq 25_3_14_4	Batch6	-87.15728724	-105.4629371	402.3960658	8.828294421	-45.83740234	84.41162109	1.6	2.886964841	-12.81738281	0	1.094315245	12	130	1.040766417	259.3	159	1	0.000547577	0.105633658	1.10613539	0	0.064	6.359832764	0.995628415	0.995398325	0.125094265	0.041098284	0	0	0	[130.0, 140.0, 150.0, 160.0, 170.0, 180.0, 190.0, 200.0, 210.0, 220.0, 230.0, 240.0]	[3, 4, 5, 6, 7, 8, 9, 9, 10, 11, 11, 12]	0	10	-150	NR	NR	NR	NR	NR	NR	NR	NR	NR	NR	NR	NR	NR	NR	NR	NR	NR	NR	NR	NR	NR	NR	NR	NR	NR	NR	NR	NR
25_3_21_3	Mouse NAc Patch-seq 25_3_21_3	Batch6	-63.49881955	-67.10030692	226.1788504	8.498992342	-28.01513672	90.88134766	1.6	3.436000096	-14.03808594	0	1.095567867	14	100	1.059362336	530.1	144.2	1	0.000268071	0.077715675	1.036528606	0	0.098	7.536402893	0.991362126	0.993747491	0.478642833	0.078096479	0	0	0	[100.0, 110.0, 120.0, 130.0, 140.0, 150.0, 160.0, 170.0, 180.0, 190.0, 200.0, 210.0, 220.0, 230.0, 240.0]	[1, 3, 4, 5, 6, 7, 8, 9, 10, 11, 11, 12, 13, 13, 14]	0	10	-150	NR	NR	NR	NR	NR	NR	NR	NR	NR	NR	NR	NR	NR	NR	NR	NR	NR	NR	NR	NR	NR	NR	NR	NR	NR	NR	NR	NR
25_3_21_6	Mouse NAc Patch-seq 25_3_21_6	Batch6	-72.74535201	-79.43870908	283.2903181	9.230421287	-34.85107422	84.62524414	1.6	2.952601221	-13.51928711	0	1.193333333	11	102	1.038738845	425.7	201.6	0.833333333	0.001837325	0.18157181	1.096166691	0	0.0653	5.590066528	0.970479705	0.986678931	0.588040972	0.092396227	0	0	0	[110.0, 120.0, 130.0, 140.0, 150.0, 160.0, 170.0, 180.0, 190.0, 200.0, 210.0, 220.0, 230.0, 240.0]	[1, 3, 4, 6, 7, 8, 8, 9, 10, 10, 11, 11, 11, 11]	0	10	-150	NR	NR	NR	NR	NR	NR	NR	NR	NR	NR	NR	NR	NR	NR	NR	NR	NR	NR	NR	NR	NR	NR	NR	NR	NR	NR	NR	NR
25_3_24_3	Mouse NAc Patch-seq 25_3_24_3	Batch6	-65.89775004	-83.94542876	340.2273996	9.862092036	-20.41625977	68.66455078	1.6	2.310952595	-17.76123047	0	1.199477352	6	170	1.023400456	151.6	106.5	0.5	0.004379035	0.212014298	1.203622861	0.13765144	0.0637	5.043643188	0.885365854	0.92138819	1.30742531	0.143224123	0	0	0	[170.0, 180.0, 190.0, 200.0, 210.0, 220.0, 230.0, 240.0]	[2, 2, 4, 4, 5, 4, 6, 6]	0	10	-150	NR	NR	NR	NR	NR	NR	NR	NR	NR	NR	NR	NR	NR	NR	NR	NR	NR	NR	NR	NR	NR	NR	NR	NR	NR	NR	NR	NR
25_3_25_3	Mouse NAc Patch-seq 25_3_25_3	Batch6	-74.37466003	-78.34036691	388.9683315	11.92898932	-34.08813477	82.15332031	1.9	3.531979584	-8.972167969	0	1.051401869	10	72	1.065086336	490.9	232.3	1	0.001647561	0.161829257	1.044216603	0.01333924	0.1611	14.62929077	0.92108273	0.981272884	1.462094299	0.157303198	0	0	0	[80.0, 90.0, 100.0, 110.0, 120.0, 130.0, 140.0, 150.0, 160.0, 170.0, 180.0]	[1, 3, 4, 6, 7, 7, 8, 9, 9, 9, 10]	0	10	-150	NR	NR	NR	NR	NR	NR	NR	NR	NR	NR	NR	NR	NR	NR	NR	NR	NR	NR	NR	NR	NR	NR	NR	NR	NR	NR	NR	NR
25_3_25_4	Mouse NAc Patch-seq 25_3_25_4	Batch6	-56.38671822	-54.81858026	719.9532645	20.94712874	-34.1796875	88.65356445	2	4.791510694	-11.93237305	0	1.051908397	16	20	1.090807915	117.6	55.5	0.777777778	0.000917231	0.153031595	1.037053266	0.195281191	0.2715	27.91414032	0.958680556	0.990289962	1.236129163	0.139410348	0	0	0	[20.0, 30.0, 40.0, 50.0, 60.0, 70.0, 80.0, 90.0, 100.0]	[5, 8, 10, 12, 13, 14, 14, 15, 16]	0	10	-150	NR	NR	NR	NR	NR	NR	NR	NR	NR	NR	NR	NR	NR	NR	NR	NR	NR	NR	NR	NR	NR	NR	NR	NR	NR	NR	NR	NR
25_3_25_6	Mouse NAc Patch-seq 25_3_25_6	Batch6	-67.84184026	-67.20203218	804.0945871	21.79211452	-30.73120117	74.82910156	2	3.355181539	-13.12255859	0	1.334622824	9	36.66666667	1.101961898	236.1	92.9	0.8	0.005256234	0.275057238	1.172316096	0.655688492	0.1909	21.62733459	0.840336134	0.973274947	0.458632776	0.084860942	0	0	0	[40.0, 50.0, 60.0, 70.0, 80.0, 90.0, 100.0]	[1, 2, 4, 6, 8, 9, 9]	0	10	-150	NR	NR	NR	NR	NR	NR	NR	NR	NR	NR	NR	NR	NR	NR	NR	NR	NR	NR	NR	NR	NR	NR	NR	NR	NR	NR	NR	NR
25_3_26_2	Mouse NAc Patch-seq 25_3_26_2	Batch6	-76.94153786	-75.78880673	498.1340681	17.46613085	-44.49462891	84.6862793	2.1	3.927846845	-10.80322266	0	0.963039014	10	40	1.06534188	329.3	136	1	0.00071537	0.109242329	1.024687657	0	0.1075	10.98478088	0.850385424	0.974033132	1.3527862	0.146517681	0	0	0	[40.0, 50.0, 60.0, 70.0, 80.0, 90.0, 100.0]	[2, 5, 7, 9, 9, 10, 10]	0	10	-150	NR	NR	NR	NR	NR	NR	NR	NR	NR	NR	NR	NR	NR	NR	NR	NR	NR	NR	NR	NR	NR	NR	NR	NR	NR	NR	NR	NR
25_3_26_8	Mouse NAc Patch-seq 25_3_26_8	Batch6	-79.77396943	-85.44980004	459.2459542	12.9762991	-32.83691406	79.95605469	2.1	4.036365027	-13.58032227	0	1.393175074	9	70	1.108524228	397.9	182.9	0.8	0.002992671	0.212078306	1.167270449	0.271881572	0.1436	13.78407593	0.883982036	0.96598281	0.959738714	0.126437169	0	0	0	[80.0, 90.0, 100.0, 110.0, 120.0, 130.0, 140.0, 150.0, 160.0, 170.0, 180.0]	[1, 3, 5, 5, 7, 7, 8, 8, 8, 8, 9]	0	10	-150	NR	NR	NR	NR	NR	NR	NR	NR	NR	NR	NR	NR	NR	NR	NR	NR	NR	NR	NR	NR	NR	NR	NR	NR	NR	NR	NR	NR
25_3_28_4	Mouse NAc Patch-seq 25_3_28_4	Batch6	-73.19297273	-87.24452427	380.7721819	10.11347721	-34.1796875	83.03833008	2.1	3.527899971	-7.141113281	0	1.154320988	9	130	1.024082841	262.6	193.6	1.25	0.000602276	0.092740879	1.080859023	0	0.0485	4.32666626	0.980608365	0.992475525	1.895801522	0.165989352	0	0	0	[130.0, 140.0, 150.0, 160.0, 170.0, 180.0, 190.0, 200.0, 210.0, 220.0, 230.0, 240.0]	[2, 3, 3, 4, 5, 6, 6, 7, 8, 9, 9, 9]	0	10	-150	NR	NR	NR	NR	NR	NR	NR	NR	NR	NR	NR	NR	NR	NR	NR	NR	NR	NR	NR	NR	NR	NR	NR	NR	NR	NR	NR	NR
25_3_31_2	Mouse NAc Patch-seq 25_3_31_2	Batch6	-54.60183208	-53.43569801	511.5618025	19.44119329	-28.71704102	69.88525391	1.7	2.932331153	-23.07128906	0	1.250744786	8	30	1.113290216	560	121.2	0.6	0.005408149	0.255107833	1.184578452	2.336700154	0.4078	40.65901184	0.831923077	0.969648812	0.574393679	0.093779999	0	0	0	[40.0, 50.0, 60.0, 70.0, 80.0, 90.0, 100.0, 110.0, 120.0]	[1, 3, 3, 5, 6, 6, 6, 8, 8]	0	10	-150	NR	NR	NR	NR	NR	NR	NR	NR	NR	NR	NR	NR	NR	NR	NR	NR	NR	NR	NR	NR	NR	NR	NR	NR	NR	NR	NR	NR
25_3_31_4	Mouse NAc Patch-seq 25_3_31_4	Batch6	-69.10391409	-72.65625	346.6796875	15.84579345	-34.02709961	87.1887207	1.8	3.468893402	-10.95581055	0	1.035409035	10	90	1.001635404	297.7	172.7	0.666666667	0.001656306	0.167203914	1.045943179	0	0.4407	38.28437195	0.94592646	0.975781184	0.370680002	0.073726675	0	0	0	[90.0, 100.0, 110.0, 120.0, 130.0, 140.0, 150.0, 160.0, 170.0, 180.0, 190.0, 200.0]	[2, 3, 5, 5, 6, 7, 8, 8, 9, 9, 10, 10]	0	10	-150	NR	NR	NR	NR	NR	NR	NR	NR	NR	NR	NR	NR	NR	NR	NR	NR	NR	NR	NR	NR	NR	NR	NR	NR	NR	NR	NR	NR
25_3_31_5	Mouse NAc Patch-seq 25_3_31_5	Batch6	-53.55549374	-56.03027344	602.4169922	33.67057485	-39.15405273	91.15600586	1.8	4.282455994	-6.34765625	0	1.515486726	9	10	1.170989673	96.3	47.2	0.8	0.007865114	0.334483611	1.213156716	8.501368547	0.4513	50.94470367	0.925472358	0.97912534	0.150333755	0.044031186	0	0	1	[10.0, 20.0, 30.0, 40.0, 50.0, 60.0]	[3, 5, 7, 8, 9, 9]	0	10	-150	NR	NR	NR	NR	NR	NR	NR	NR	NR	NR	NR	NR	NR	NR	NR	NR	NR	NR	NR	NR	NR	NR	NR	NR	NR	NR	NR	NR
25_3_4_1	Mouse NAc Patch-seq 25_3_4_1	Batch6	-75.47502241	-85.1175944	301.7752511	9.717432975	-36.77368164	89.38598633	1.9	3.21303246	-11.65771484	0	0.882822903	11	140	1.017524925	419.9	225.7	0.833333333	0.000471567	0.091132696	1.012677538	0.343104879	0.065	5.889666748	0.968114926	0.991125134	0.310289152	0.064015763	0	0	0	[140.0, 150.0, 160.0, 170.0, 180.0, 190.0, 200.0, 210.0, 220.0, 230.0, 240.0]	[2, 3, 4, 5, 7, 7, 8, 9, 9, 10, 11]	0	10	-150	NR	NR	NR	NR	NR	NR	NR	NR	NR	NR	NR	NR	NR	NR	NR	NR	NR	NR	NR	NR	NR	NR	NR	NR	NR	NR	NR	NR
25_3_4_4	Mouse NAc Patch-seq 25_3_4_4	Batch6	-72.43555594	-78.11046782	401.524135	10.51922333	-29.47998047	70.89233398	2.3	2.907010624	-10.49804688	0	0.876892028	6	120	1.026096549	369.8	218	1	0.000603037	0.080873544	1.016308902	0	0.0455	4.447155762	0.958390489	0.983019283	0.108846532	0.041990613	0	0	0	[120.0, 130.0, 140.0, 150.0, 160.0, 170.0, 180.0, 190.0, 200.0, 210.0, 220.0, 230.0, 240.0]	[1, 2, 3, 3, 5, 5, 6, 6, 6, 6, 6, 3, 6]	0	10	-150	NR	NR	NR	NR	NR	NR	NR	NR	NR	NR	NR	NR	NR	NR	NR	NR	NR	NR	NR	NR	NR	NR	NR	NR	NR	NR	NR	NR
25_3_4_6	Mouse NAc Patch-seq 25_3_4_6	Batch6	-65.64241864	-74.07430013	271.7808315	6.329665956	-26.61132813	86.24267578	1.8	3.13120596	-10.16235352	0	1	11	140	1.022119717	487.8	227.9	0.833333333	0.000224346	0.063476037	1.019379707	0.077053709	0.0783	6.515338135	0.981711778	0.994878216	0.104011222	0.036993529	0	0	0	[140.0, 150.0, 160.0, 170.0, 180.0, 190.0, 200.0, 210.0, 220.0, 230.0, 240.0]	[1, 3, 4, 6, 6, 8, 8, 9, 10, 11, 11]	0	10	-150	NR	NR	NR	NR	NR	NR	NR	NR	NR	NR	NR	NR	NR	NR	NR	NR	NR	NR	NR	NR	NR	NR	NR	NR	NR	NR	NR	NR
25_3_5_1	Mouse NAc Patch-seq 25_3_5_1	Batch6	-72.15720947	-73.44273158	367.0828683	13.8372095	-35.27832031	76.66015625	2.1	2.520622528	-8.850097656	0	1.054852321	8	90	1.039333041	350.4	208.4	1	0.001950349	0.163325891	1.184948818	0	0.2494	24.2594696	0.945299838	0.96724041	0.983316456	0.130379625	0	0	0	[90.0, 100.0, 110.0, 120.0, 130.0, 140.0, 150.0, 160.0, 170.0, 180.0, 190.0]	[2, 3, 4, 5, 6, 6, 7, 8, 5, 5, 6]	0	10	-150	NR	NR	NR	NR	NR	NR	NR	NR	NR	NR	NR	NR	NR	NR	NR	NR	NR	NR	NR	NR	NR	NR	NR	NR	NR	NR	NR	NR
25_3_6_4	Mouse NAc Patch-seq 25_3_6_4	Batch6	-70.56027078	-69.48649089	730.5908203	18.17206818	-24.07836914	63.81225586	2.7	3.447759965	-12.90893555	0	1.191574724	6	50	1.052559256	323.6	202.1	1	0.001800585	0.139114349	1.112531108	2.808055697	0.0473	4.521099854	0.839749329	0.937895846	0.628151315	0.108158952	0	0	0	[50.0, 60.0, 70.0, 80.0, 90.0, 100.0, 110.0, 120.0]	[2, 4, 4, 5, 6, 6, 4, 4]	0	10	-150	NR	NR	NR	NR	NR	NR	NR	NR	NR	NR	NR	NR	NR	NR	NR	NR	NR	NR	NR	NR	NR	NR	NR	NR	NR	NR	NR	NR
25_3_7_2	Mouse NAc Patch-seq 25_3_7_2	Batch6	-77.54299692	-83.00723121	475.9870257	14.35805417	-33.72192383	78.30810547	2.4	3.495718629	-9.857177734	0	1.004781421	7	100	1.068651013	206.6	136.8	0.75	0.001156996	0.112757463	1.046664846	0	0.128	12.58331909	0.838372527	0.950867618	1.016089502	0.127638255	0	0	0	[100.0, 110.0, 120.0, 130.0, 140.0, 150.0, 160.0, 170.0, 180.0, 190.0, 200.0, 210.0, 220.0, 230.0, 240.0]	[2, 3, 4, 5, 6, 6, 7, 6, 7, 7, 7, 5, 3, 5, 4]	0	10	-150	NR	NR	NR	NR	NR	NR	NR	NR	NR	NR	NR	NR	NR	NR	NR	NR	NR	NR	NR	NR	NR	NR	NR	NR	NR	NR	NR	NR
25_3_7_3	Mouse NAc Patch-seq 25_3_7_3	Batch6	-74.53164973	-78.65222749	535.7142857	9.165504189	-33.35571289	83.984375	1.9	2.916550019	-14.52636719	0	1.135699374	12	80	1.057638606	227.8	134.6	0.714285714	0.001546877	0.176147098	1.075547159	0	0.0393	3.748910522	0.950487622	0.988886439	0.687349433	0.106208915	0	0	0	[80.0, 90.0, 100.0, 110.0, 120.0, 130.0, 140.0, 150.0, 160.0, 170.0, 180.0, 190.0, 200.0, 210.0]	[3, 5, 7, 8, 9, 9, 10, 11, 11, 11, 12, 12, 12, 10]	0	10	-150	NR	NR	NR	NR	NR	NR	NR	NR	NR	NR	NR	NR	NR	NR	NR	NR	NR	NR	NR	NR	NR	NR	NR	NR	NR	NR	NR	NR
25_3_7_5	Mouse NAc Patch-seq 25_3_7_5	Batch6	-76.52046643	-93.36053757	491.7689732	6.396554591	-31.06689453	81.78710938	1.9	3.21178838	-14.55688477	0	1.043918919	12	110	1.103517775	275.4	174.9	1	0.001493898	0.173167587	1.070710017	0	0.2067	18.63628845	0.956750658	0.984313123	0.964705503	0.127167676	0.277828283	0	0	[110.0, 120.0, 130.0, 140.0, 150.0, 160.0, 170.0, 180.0, 190.0, 200.0, 210.0, 220.0, 230.0, 240.0]	[3, 5, 7, 8, 10, 10, 11, 11, 12, 12, 11, 10, 10, 10]	0	10	-150	NR	NR	NR	NR	NR	NR	NR	NR	NR	NR	NR	NR	NR	NR	NR	NR	NR	NR	NR	NR	NR	NR	NR	NR	NR	NR	NR	NR
25_3_7_7_Batch6	Mouse NAc Patch-seq 25_3_7_7_Batch6	Batch6	-79.79680658	-77.80761719	623.1689453	13.2832296	-48.1262207	70.92285156	1.9	2.695262389	-12.84790039	0	1.121681416	10	40	1.069455235	143.7	66.7	1	0.001639478	0.168095332	1.090805473	0.017502024	0.145	15.74862061	0.806176351	0.971294181	0.752578619	0.114582535	0	0	0	[40.0, 50.0, 60.0, 70.0, 80.0]	[6, 9, 10, 9, 9]	0	10	-150	NR	NR	NR	NR	NR	NR	NR	NR	NR	NR	NR	NR	NR	NR	NR	NR	NR	NR	NR	NR	NR	NR	NR	NR	NR	NR	NR	NR
25_4_11_1	Mouse NAc Patch-seq 25_4_11_1	Batch6	-77.40440744	-77.7750651	262.1895926	19.76491225	-52.82592773	88.07373047	2.3	5.157962035	-6.164550781	0	1.157742402	11	70	1.054395359	253.4	125.5	0.833333333	0.00035177	0.07852389	1.043097	0.622955078	0.4734	48.15087891	0.938599517	0.982065369	0.575109383	0.087338106	0	0	0	[70.0, 80.0, 90.0, 100.0, 110.0, 120.0, 130.0, 140.0, 150.0, 160.0]	[2, 4, 7, 7, 8, 9, 10, 10, 11, 11]	0	10	-150	NR	NR	NR	NR	NR	NR	NR	NR	NR	NR	NR	NR	NR	NR	NR	NR	NR	NR	NR	NR	NR	NR	NR	NR	NR	NR	NR	NR
25_4_11_8	Mouse NAc Patch-seq 25_4_11_8	Batch6	-60.37784329	-70.37062872	399.6058873	11.43098254	-16.17431641	77.02636719	1.9	2.890049499	-13.51928711	0	1.102017937	9	110	1.041080479	484.4	205.1	0.8	0.001634229	0.153067998	1.054557048	0	0.1883	14.51049805	0.968882059	0.980058609	0.435457117	0.080373102	0	0	0	[110.0, 120.0, 130.0, 140.0, 150.0, 160.0, 170.0, 180.0, 190.0, 200.0, 210.0, 220.0, 230.0, 240.0]	[1, 3, 4, 4, 5, 6, 7, 7, 8, 8, 8, 9, 9, 9]	0	10	-150	NR	NR	NR	NR	NR	NR	NR	NR	NR	NR	NR	NR	NR	NR	NR	NR	NR	NR	NR	NR	NR	NR	NR	NR	NR	NR	NR	NR
25_4_1_2	Mouse NAc Patch-seq 25_4_1_2	Batch6	-62.49264563	-63.44604492	410.15625	15.89359211	-32.89794922	81.17675781	2.1	3.059643146	-11.07788086	0	1.056198347	9	52.5	1.05265194	346.6	183.5	0.8	0.001220969	0.135360837	1.060434078	0.083823481	0.2987	26.89443665	0.938032533	0.973639857	0.424419118	0.081017667	0	0	0	[60.0, 70.0, 80.0, 90.0, 100.0, 110.0, 120.0, 130.0, 140.0, 150.0]	[1, 4, 6, 7, 7, 8, 9, 9, 9, 9]	0	10	-150	NR	NR	NR	NR	NR	NR	NR	NR	NR	NR	NR	NR	NR	NR	NR	NR	NR	NR	NR	NR	NR	NR	NR	NR	NR	NR	NR	NR
25_4_1_3	Mouse NAc Patch-seq 25_4_1_3	Batch6	-51.4289273	-50.71178618	458.1124442	47.34301087	-31.58569336	70.3125	1	1.714781561	-20.69091797	0	1.308080808	13	34.28571429	1.088386874	80.9	36.1	0.625	0.003247961	0.268087283	1.212549086	4.099268755	0.4673	46.27628021	0.876603774	0.940164277	1.435380374	0.158885444	0	0	0	[40.0, 50.0, 60.0, 70.0, 80.0, 90.0, 100.0, 110.0, 120.0, 130.0, 140.0, 150.0]	[1, 2, 4, 4, 7, 8, 9, 10, 11, 12, 12, 13]	0	10	-150	NR	NR	NR	NR	NR	NR	NR	NR	NR	NR	NR	NR	NR	NR	NR	NR	NR	NR	NR	NR	NR	NR	NR	NR	NR	NR	NR	NR
25_4_14_1	Mouse NAc Patch-seq 25_4_14_1	Batch6	-63.69147693	-63.47859701	436.7501395	17.71225979	-28.56445313	83.80126953	2	3.920826719	-12.26806641	0	1.100241546	10	70	1.102731466	257	144.2	1	0.000526422	0.091418739	1.107003658	0	0.2137	19.57443848	0.948998867	0.985707093	0.47476613	0.082797815	0	0	0	[70.0, 80.0, 90.0, 100.0, 110.0, 120.0, 130.0, 140.0, 150.0, 160.0]	[2, 4, 5, 6, 7, 8, 9, 10, 10, 10]	0	10	-150	NR	NR	NR	NR	NR	NR	NR	NR	NR	NR	NR	NR	NR	NR	NR	NR	NR	NR	NR	NR	NR	NR	NR	NR	NR	NR	NR	NR
25_4_14_4	Mouse NAc Patch-seq 25_4_14_4	Batch6	-79.17787037	-81.40491304	301.2520926	12.02174419	-45.44067383	79.04052734	2.3	3.276681536	-8.972167969	0	1.033962264	12	100	1.013342137	287.4	169.6	1	0.000264338	0.07055581	1.054265201	0	0.0663	6.71348877	0.983084186	0.996048354	0.496872409	0.08488701	0	0	0	[100.0, 110.0, 120.0, 130.0, 140.0, 150.0, 160.0, 170.0, 180.0, 190.0, 200.0, 210.0, 220.0, 230.0, 240.0]	[2, 3, 5, 6, 7, 8, 8, 9, 10, 10, 11, 12, 12, 12, 12]	0	10	-150	NR	NR	NR	NR	NR	NR	NR	NR	NR	NR	NR	NR	NR	NR	NR	NR	NR	NR	NR	NR	NR	NR	NR	NR	NR	NR	NR	NR
25_4_14_5	Mouse NAc Patch-seq 25_4_14_5	Batch6	-71.04164346	-79.02657645	365.687779	13.56290022	-30.36499023	85.51025391	1.9	3.492511278	-8.270263672	0	1.226176808	10	120	1.034356622	286.6	185	1	0.000699697	0.107789509	1.145000144	0	0.1547	13.47705078	0.941570525	0.970789256	0.609320063	0.098194941	0	0	0	[120.0, 130.0, 140.0, 150.0, 160.0, 170.0, 180.0, 190.0, 200.0, 210.0, 220.0, 230.0, 240.0]	[2, 3, 4, 5, 7, 7, 8, 9, 9, 9, 10, 10, 10]	0	10	-150	NR	NR	NR	NR	NR	NR	NR	NR	NR	NR	NR	NR	NR	NR	NR	NR	NR	NR	NR	NR	NR	NR	NR	NR	NR	NR	NR	NR
25_4_14_6	Mouse NAc Patch-seq 25_4_14_6	Batch6	-67.5985688	-69.44986979	350.3417969	12.39068729	-28.74755859	83.03833008	2	3.842642184	-10.95581055	0	1.237479806	10	83.84615385	1.042323222	569.5	273.9	1	0.000386332	0.080661834	1.055931764	0.17383521	0.2357	21.05487061	0.966512702	0.988946723	0.196874506	0.053989509	0	0	0	[90.0, 100.0, 110.0, 120.0, 130.0, 140.0, 150.0, 160.0, 170.0, 180.0, 190.0, 200.0]	[1, 2, 3, 5, 6, 7, 8, 8, 9, 10, 10, 10]	0	10	-150	NR	NR	NR	NR	NR	NR	NR	NR	NR	NR	NR	NR	NR	NR	NR	NR	NR	NR	NR	NR	NR	NR	NR	NR	NR	NR	NR	NR
25_4_14_7	Mouse NAc Patch-seq 25_4_14_7	Batch6	-69.88171187	-77.595738	482.2649275	8.996026882	-25.17700195	75.56152344	2.2	3.142560756	-13.27514648	0	1.163265306	10	90	1.07539716	308.5	146.6	1	0.002267176	0.191984371	1.096034208	0	0.1624	14.54098511	0.886091127	0.980249791	0.726039327	0.109687661	0	0	0	[90.0, 100.0, 110.0, 120.0, 130.0, 140.0, 150.0, 160.0, 170.0, 180.0, 190.0, 200.0]	[2, 4, 6, 7, 7, 8, 9, 9, 10, 10, 9, 9]	0	10	-150	NR	NR	NR	NR	NR	NR	NR	NR	NR	NR	NR	NR	NR	NR	NR	NR	NR	NR	NR	NR	NR	NR	NR	NR	NR	NR	NR	NR
25_4_15_3	Mouse NAc Patch-seq 25_4_15_3	Batch6	-69.13244721	-75.20345052	634.4168527	10.37847886	-23.62060547	75.1953125	2	3.331589111	-11.26098633	0	0.931415929	9	70	1.085081434	275.6	141.8	0.8	0.003914985	0.24012102	1.123339783	0.293704694	0.2259	20.03029327	0.873330635	0.963585271	1.111262121	0.136601393	0	0	0	[70.0, 80.0, 90.0, 100.0, 110.0, 120.0, 130.0, 140.0, 150.0, 160.0]	[4, 7, 7, 8, 8, 9, 9, 9, 9, 9]	0	10	-150	NR	NR	NR	NR	NR	NR	NR	NR	NR	NR	NR	NR	NR	NR	NR	NR	NR	NR	NR	NR	NR	NR	NR	NR	NR	NR	NR	NR
25_4_15_4	Mouse NAc Patch-seq 25_4_15_4	Batch6	-49.1177242	-60.23297991	441.3713728	9.193602786	-2.746582031	81.20727539	1.9	3.584974513	-14.70947266	0	0.892781316	12	110	1.093837496	401.5	209.4	1	0.001074751	0.143852771	1.003474961	0.146691667	0.2517	17.08404388	0.942814146	0.980033541	1.712860119	0.173192739	0	0	0	[110.0, 120.0, 130.0, 140.0, 150.0, 160.0, 170.0, 180.0, 190.0, 200.0, 210.0, 220.0, 230.0, 240.0]	[2, 5, 6, 8, 8, 10, 10, 11, 11, 11, 12, 11, 10, 10]	0	10	-150	NR	NR	NR	NR	NR	NR	NR	NR	NR	NR	NR	NR	NR	NR	NR	NR	NR	NR	NR	NR	NR	NR	NR	NR	NR	NR	NR	NR
25_4_15_6	Mouse NAc Patch-seq 25_4_15_6	Batch6	-79.10665335	-87.57091704	456.8917411	10.41897291	-34.63745117	79.58984375	1.8	3.288711275	-11.0168457	0	1.115819209	10	110	1.130845375	217.5	142.1	1	0.000825533	0.116258747	1.052025684	0	0.0983	9.310682678	0.941712926	0.978656832	1.436575312	0.159279061	0	0	0	[110.0, 120.0, 130.0, 140.0, 150.0, 160.0, 170.0, 180.0, 190.0, 200.0, 210.0, 220.0, 230.0, 240.0]	[3, 5, 6, 7, 7, 9, 9, 9, 9, 10, 10, 10, 10, 9]	0	10	-150	NR	NR	NR	NR	NR	NR	NR	NR	NR	NR	NR	NR	NR	NR	NR	NR	NR	NR	NR	NR	NR	NR	NR	NR	NR	NR	NR	NR
25_4_16_2	Mouse NAc Patch-seq 25_4_16_2	Batch6	-77.54109751	-76.59301758	482.0033482	14.66518091	-39.18457031	82.18383789	1.8	3.456188506	-13.00048828	0	0.955484897	13	70	1.173976142	286	169.3	0.857142857	0.000508727	0.10449324	1.022518047	0	0.2316	23.39335327	0.988441462	0.993420783	0.464396077	0.085227005	0	0	0	[70.0, 80.0, 90.0, 100.0, 110.0, 120.0, 130.0, 140.0, 150.0, 160.0]	[4, 6, 7, 8, 9, 10, 11, 12, 12, 13]	0	10	-150	NR	NR	NR	NR	NR	NR	NR	NR	NR	NR	NR	NR	NR	NR	NR	NR	NR	NR	NR	NR	NR	NR	NR	NR	NR	NR	NR	NR
25_4_16_3	Mouse NAc Patch-seq 25_4_16_3	Batch6	-79.29403858	-94.17724609	440.6738281	8.856276321	-38.05541992	89.1418457	1.8	3.69387208	-10.89477539	0	0.982616651	12	110	1.090573828	283.5	171.7	1	0.000830521	0.12896355	1.012904987	0	0.0761	7.043035889	0.948547427	0.988181612	0.25110948	0.058696074	0	0	0	[110.0, 120.0, 130.0, 140.0, 150.0, 160.0, 170.0, 180.0, 190.0, 200.0, 210.0, 220.0, 230.0, 240.0]	[3, 6, 7, 8, 9, 10, 10, 11, 12, 12, 12, 12, 12, 12]	0	10	-150	NR	NR	NR	NR	NR	NR	NR	NR	NR	NR	NR	NR	NR	NR	NR	NR	NR	NR	NR	NR	NR	NR	NR	NR	NR	NR	NR	NR
25_4_16_5	Mouse NAc Patch-seq 25_4_16_5	Batch6	-77.75548922	-79.59798177	449.1315569	13.51263991	-37.65869141	86.39526367	1.8	3.758446985	-12.08496094	0	0.942857143	12	70	1.111823223	442.8	173.6	1	0.000355801	0.0845566	1.012160793	0.105408716	0.1993	19.51472473	0.929992631	0.98554955	0.533724779	0.088600093	0	0	0	[70.0, 80.0, 90.0, 100.0, 110.0, 120.0, 130.0, 140.0, 150.0, 160.0]	[2, 5, 8, 9, 10, 11, 12, 12, 12, 12]	0	10	-150	NR	NR	NR	NR	NR	NR	NR	NR	NR	NR	NR	NR	NR	NR	NR	NR	NR	NR	NR	NR	NR	NR	NR	NR	NR	NR	NR	NR
25_4_17_5	Mouse NAc Patch-seq 25_4_17_5	Batch6	-69.44591603	-78.13517253	343.6279297	6.533088521	-29.87670898	93.0480957	1.6	3.656039016	-17.21191406	0	0.950638298	16	110	1.06111359	355.1	156.4	1	8.50E-05	0.046646688	1.00158077	0	0.0379	3.285290527	1	1.000103932	0.387949399	0.068600155	0	0	0	[110.0, 120.0, 130.0, 140.0, 150.0, 160.0, 170.0, 180.0, 190.0, 200.0, 210.0, 220.0, 230.0, 240.0]	[2, 4, 6, 7, 8, 9, 10, 11, 12, 12, 14, 15, 15, 16]	0	10	-150	NR	NR	NR	NR	NR	NR	NR	NR	NR	NR	NR	NR	NR	NR	NR	NR	NR	NR	NR	NR	NR	NR	NR	NR	NR	NR	NR	NR
25_4_17_7	Mouse NAc Patch-seq 25_4_17_7	Batch6	-66.82456503	-73.66943359	364.9902344	9.854358729	-26.48925781	80.90209961	1.9	2.760002883	-13.48876953	0	1.083906465	12	100	1.025488891	289.7	131.9	0.714285714	0.00046827	0.096827776	1.026169394	0	0.1187	10.01626587	0.975824176	0.989866879	0.542134129	0.087907231	0	0	0	[100.0, 110.0, 120.0, 130.0, 140.0, 150.0, 160.0, 170.0, 180.0, 190.0, 200.0, 210.0, 220.0, 230.0, 240.0]	[2, 5, 6, 7, 8, 8, 9, 10, 10, 11, 11, 11, 12, 12, 12]	0	10	-150	NR	NR	NR	NR	NR	NR	NR	NR	NR	NR	NR	NR	NR	NR	NR	NR	NR	NR	NR	NR	NR	NR	NR	NR	NR	NR	NR	NR
25_4_18_3	Mouse NAc Patch-seq 25_4_18_3	Batch6	-77.70610899	-81.96818034	342.4072266	8.004258358	-43.21289063	88.04321289	2	3.66881615	-6.683349609	0	0.938095238	16	90	1.05544588	235	131.6	0.777777778	0.00046774	0.109862071	1.013764107	0.017599058	0.1066	10.42852783	0.983791402	0.993699187	0.623818223	0.095025413	0	0	0	[90.0, 100.0, 110.0, 120.0, 130.0, 140.0, 150.0, 160.0, 170.0, 180.0, 190.0, 200.0, 210.0, 220.0]	[4, 7, 9, 10, 12, 13, 13, 14, 15, 15, 16, 16, 16, 16]	0	10	-150	NR	NR	NR	NR	NR	NR	NR	NR	NR	NR	NR	NR	NR	NR	NR	NR	NR	NR	NR	NR	NR	NR	NR	NR	NR	NR	NR	NR
25_4_18_4	Mouse NAc Patch-seq 25_4_18_4	Batch6	-75.78078259	-91.29115513	470.8426339	10.87980168	-29.60205078	81.3293457	1.7	3.225007388	-14.46533203	0	0.989983306	13	120	1.104147322	238.2	164.3	1.166666667	0.000126637	0.051679159	0.999314373	0	0.1096	10.02715759	0.953558052	0.990560227	0.618952202	0.096697678	0	0	0	[120.0, 130.0, 140.0, 150.0, 160.0, 170.0, 180.0, 190.0, 200.0, 210.0, 220.0, 230.0, 240.0]	[4, 5, 7, 8, 9, 10, 11, 12, 12, 13, 13, 13, 13]	0	10	-150	NR	NR	NR	NR	NR	NR	NR	NR	NR	NR	NR	NR	NR	NR	NR	NR	NR	NR	NR	NR	NR	NR	NR	NR	NR	NR	NR	NR
25_4_21_1	Mouse NAc Patch-seq 25_4_21_1	Batch6	-71.05516143	-75.24588449	230.015346	17.14170158	-39.24560547	89.35546875	2	4.420278897	-4.119873047	0	1.539403213	8	112.5	1.043133983	525.1	134.3	1	0.001955333	0.158664462	1.223690306	0.39915958	0.4648	40.48148651	0.909859155	0.979323618	0.419449931	0.074119457	0	0	0	[120.0, 130.0, 140.0, 150.0, 160.0, 170.0, 180.0, 190.0, 200.0, 210.0, 220.0, 230.0, 240.0]	[1, 1, 2, 3, 4, 5, 5, 6, 6, 7, 7, 8, 8]	0	10	-150	335.3943	-204.21715	0	11.055128	13.031193	8.743887	25.60818371	66.8929175	310.1632069	0.871043545	0.472969053	0.675593557	287.81625	6	298.1959457	NaN	NaN	6	1.0277698	1.0997514	1028.652815	26.17602737	581.6894856	5	3	0.338543136	2.657345369	NaN
25_4_21_2	Mouse NAc Patch-seq 25_4_21_2	Batch6	-67.67836727	-70.51304408	416.7829241	16.03137394	-32.80639648	79.92553711	1.7	3.520891917	-11.62719727	0	1.053623188	12	80	1.037387603	215.1	131.9	1	0.001310977	0.160186431	1.089970177	0.014913347	0.1307	11.54314423	0.955987312	0.988183109	0.449471037	0.086001067	0.181609195	0	0	[80.0, 90.0, 100.0, 110.0, 120.0, 130.0, 140.0, 150.0, 160.0, 170.0, 180.0, 190.0, 200.0]	[3, 5, 6, 7, 9, 10, 10, 11, 12, 12, 12, 12, 12]	0	10	-150	NR	NR	NR	NR	NR	NR	NR	NR	NR	NR	NR	NR	NR	NR	NR	NR	NR	NR	NR	NR	NR	NR	NR	NR	NR	NR	NR	NR
25_4_21_4	Mouse NAc Patch-seq 25_4_21_4	Batch6	-85.77535127	-95.25814965	441.3713728	8.895775272	-40.37475586	81.0546875	1.8	3.741064293	-14.19067383	0	1.015452539	12	100	1.091386726	395.3	204.4	1	0.000584513	0.108467181	1.049070791	0.346868229	0.1702	17.0652298	0.945627376	0.985429199	0.394161339	0.07813985	0	0	0	[100.0, 110.0, 120.0, 130.0, 140.0, 150.0, 160.0, 170.0, 180.0, 190.0, 200.0, 210.0, 220.0, 230.0, 240.0]	[2, 5, 7, 8, 9, 10, 11, 11, 12, 12, 12, 12, 12, 12, 12]	0	10	-150	NR	NR	NR	NR	NR	NR	NR	NR	NR	NR	NR	NR	NR	NR	NR	NR	NR	NR	NR	NR	NR	NR	NR	NR	NR	NR	NR	NR
25_4_21_6	Mouse NAc Patch-seq 25_4_21_6	Batch6	-70.19354745	-68.9973377	481.3058036	12.44427346	-33.23364258	78.06396484	1.8	3.694689032	-12.57324219	0	1.065666041	13	50	1.122703056	372.6	154.8	0.857142857	0.002049894	0.208952635	1.068021211	0.146824384	0.1675	15.30612183	0.935822637	0.985820644	0.645036918	0.10373397	0	0	0	[50.0, 60.0, 70.0, 80.0, 90.0, 100.0, 110.0, 120.0, 130.0, 140.0]	[3, 7, 9, 10, 11, 12, 12, 12, 13, 13]	0	10	-150	NR	NR	NR	NR	NR	NR	NR	NR	NR	NR	NR	NR	NR	NR	NR	NR	NR	NR	NR	NR	NR	NR	NR	NR	NR	NR	NR	NR
25_4_21_7	Mouse NAc Patch-seq 25_4_21_7	Batch6	-72.7369196	-78.43744187	305.6117467	10.72051068	-33.38623047	80.16967773	2	3.380488277	-10.34545898	0	0.965865992	13	101.5789474	1.033720451	549.9	258.5	0.857142857	0.001393089	0.17099996	1.031737826	0.02884074	0.1027	9.211230469	0.965504025	0.98926213	0.54427865	0.093189703	0	0	0	[110.0, 120.0, 130.0, 140.0, 150.0, 160.0, 170.0, 180.0, 190.0, 200.0, 210.0, 220.0, 230.0, 240.0]	[1, 4, 6, 7, 9, 9, 10, 11, 11, 11, 12, 12, 12, 13]	0	10	-150	NR	NR	NR	NR	NR	NR	NR	NR	NR	NR	NR	NR	NR	NR	NR	NR	NR	NR	NR	NR	NR	NR	NR	NR	NR	NR	NR	NR
25_4_22_9	Mouse NAc Patch-seq 25_4_22_9	Batch6	-65.97997619	-68.30037435	441.1097935	13.41417937	-29.60205078	82.88574219	1.7	3.489881535	-13.70239258	0	1.150664697	11	63.33333333	1.062754137	299.5	149.1	0.833333333	0.001114851	0.139730234	1.144074758	1.35812268	0.0523	4.556591797	0.914153955	0.974172217	0.669754585	0.100690927	0	0	0	[70.0, 80.0, 90.0, 100.0, 110.0, 120.0, 130.0, 140.0, 150.0, 160.0]	[1, 4, 5, 6, 8, 8, 9, 9, 10, 11]	0	10	-150	NR	NR	NR	NR	NR	NR	NR	NR	NR	NR	NR	NR	NR	NR	NR	NR	NR	NR	NR	NR	NR	NR	NR	NR	NR	NR	NR	NR
25_4_23_5	Mouse NAc Patch-seq 25_4_23_5	Batch6	-71.56681358	-96.11496698	299.5954241	6.702215112	-26.12304688	86.2121582	1.7	3.854565842	-12.11547852	0	1.22992228	4	200	1.025752895	447.4	299.9	NaN	0.002253507	0.127649275	1.22992228	0.030533808	0.1253	10.16640015	0.985263158	0.987272576	0.020269383	0.015430573	0	0	0	[200.0, 210.0, 220.0, 230.0, 240.0]	[1, 2, 3, 4, 4]	0	10	-150	184.90636	-166.89455	0	6.9815187	8.188873	5.562815	15.9970531	43.58452883	136.1711608	0.900803973	0.53211459	0.706897534	172.76802	5	209.4489801	NaN	NaN	5	1.0818598	1.7912105	1702.721335	43.32898275	962.8662587	12	4	0.136057273	2.620050893	NaN
25_4_24_1	Mouse NAc Patch-seq 25_4_24_1	Batch6	-76.58016046	-77.80529204	351.3881138	18.4209023	-45.31860352	90.02685547	1.9	4.541608876	-8.239746094	0	1.386627907	12	60	1.120184275	201.8	103.6	0.714285714	0.002838963	0.234189526	1.352842883	0.322094674	0.3268	32.41581421	0.889491525	0.974596516	0.342776579	0.068785643	0	0	0	[60.0, 70.0, 80.0, 90.0, 100.0, 110.0, 120.0, 130.0, 140.0, 150.0, 160.0]	[4, 5, 6, 7, 8, 9, 10, 10, 11, 12, 12]	0	10	-150	172.76666	-190.16556	0	9.372151	11.751188	7.7847767	21.86987819	58.89742097	251.2858702	0.910301748	0.525382183	0.791488776	140.90433	5	144.215951	NaN	NaN	5	1.0504639	1.3608482	1417.833452	36.07946883	801.7659577	14	4	0.363216983	2.632623349	NaN
25_4_24_2	Mouse NAc Patch-seq 25_4_24_2	Batch6	-69.94827232	-71.08154297	494.1231864	14.69460515	-32.44018555	75.34790039	2	3.062971905	-13.54980469	0	1.104740904	14	70	1.093207453	296.2	183	1	0.000323557	0.085358355	1.021986195	0	0.1165	11.18240814	0.947145877	0.995356668	0.576231652	0.098655808	0	0	0	[70.0, 80.0, 90.0, 100.0, 110.0, 120.0, 130.0, 140.0, 150.0, 160.0]	[3, 6, 8, 9, 10, 11, 12, 13, 13, 14]	0	10	-150	NR	NR	NR	NR	NR	NR	NR	NR	NR	NR	NR	NR	NR	NR	NR	NR	NR	NR	NR	NR	NR	NR	NR	NR	NR	NR	NR	NR
25_4_24_4	Mouse NAc Patch-seq 25_4_24_4	Batch6	-53.92628385	-59.30873326	1051.722935	57.84624172	-13.27514648	51.23901367	1.7	1.880818029	-25.54321289	0	1.123568434	12	10	1.498460743	202.2	81.5	1	0.000396996	0.076910459	1.024382997	11.05711411	0.5148	49.65062866	0.899576784	0.968972037	0.154782298	0.053170947	0	4	0	[10.0, 20.0, 30.0, 40.0]	[3, 8, 12, 9]	0	10	-50	221.75333	-160.28334	0	9.652943	10.321351	8.967191	19.90508862	59.60567055	264.9305329	0.937058535	0.668657596	0.933218611	220.99089	6	237.4331589	NaN	NaN	6	1.0465842	1.1626236	1154.582261	29.38054159	652.9009105	7	2	0.091514	1.594975161	NaN
25_4_24_7	Mouse NAc Patch-seq 25_4_24_7	Batch6	-72.47145973	-77.24434989	276.8380301	9.785328686	-41.53442383	82.61108398	1.6	2.34683731	-6.927490234	0	1.003731343	13	91.57894737	1.063801728	428.9	172.1	0.857142857	0.00075152	0.124802008	1.047526019	0.426210064	0.319	27.50206299	0.933429291	0.983126584	1.764896558	0.160569299	0	0	0	[100.0, 110.0, 120.0, 130.0, 140.0, 150.0, 160.0, 170.0, 180.0, 190.0, 200.0, 210.0, 220.0, 230.0, 240.0]	[1, 4, 6, 7, 9, 9, 10, 11, 12, 13, 12, 13, 13, 13, 13]	0	10	-150	NR	NR	NR	NR	NR	NR	NR	NR	NR	NR	NR	NR	NR	NR	NR	NR	NR	NR	NR	NR	NR	NR	NR	NR	NR	NR	NR	NR
25_4_25_7	Mouse NAc Patch-seq 25_4_25_7	Batch6	-74.27810789	-80.59692383	387.5732422	8.72312956	-29.63256836	78.27758789	1.6	2.830702696	-14.16015625	0	1.066666667	14	102.7272727	1.136601687	511.5	233.2	1	0.001312388	0.172901561	1.037989551	0	0.1419	12.74586945	0.960160966	0.988675501	1.638237729	0.177872607	0	0	0	[110.0, 120.0, 130.0, 140.0, 150.0, 160.0, 170.0, 180.0, 190.0, 200.0, 210.0, 220.0, 230.0, 240.0]	[1, 4, 7, 8, 10, 11, 11, 12, 12, 13, 13, 13, 13, 14]	0	10	-150	NR	NR	NR	NR	NR	NR	NR	NR	NR	NR	NR	NR	NR	NR	NR	NR	NR	NR	NR	NR	NR	NR	NR	NR	NR	NR	NR	NR
25_4_2_6	Mouse NAc Patch-seq 25_4_2_6	Batch6	-72.62885694	-82.06118629	341.0121373	29.74611341	-31.40258789	86.54785156	1.9	3.8126686	-10.34545898	0	1.213210702	9	120	1.023898509	364.3	182	0.8	0.001712845	0.156692426	1.157098864	0	0.012	1.027346802	0.936328263	0.968067618	0.82860473	0.109622029	0	0	0	[120.0, 130.0, 140.0, 150.0, 160.0, 170.0, 180.0, 190.0, 200.0, 210.0, 220.0, 230.0, 240.0]	[1, 3, 4, 4, 5, 6, 7, 7, 7, 8, 8, 9, 9]	0	10	-150	NR	NR	NR	NR	NR	NR	NR	NR	NR	NR	NR	NR	NR	NR	NR	NR	NR	NR	NR	NR	NR	NR	NR	NR	NR	NR	NR	NR
25_4_28_1	Mouse NAc Patch-seq 25_4_28_1	Batch6	-59.47055822	-61.47024972	336.390904	32.4591839	-26.33666992	70.70922852	2.1	2.631624689	-9.979248047	0	1.130289532	7	90	1.030066249	242.5	147	0.75	0.00109916	0.111962356	1.096271186	0	0.1791	15.90387573	0.884879725	0.947126317	1.822456059	0.188401859	0	0	0	[90.0, 100.0, 110.0, 120.0, 130.0, 140.0, 150.0, 160.0, 170.0, 180.0]	[3, 4, 5, 5, 6, 7, 5, 2, 2, 2]	0	10	-150	174.92	-200.892	0	8.072317	9.454368	6.1760883	17.88516573	49.93650512	176.8738878	0.891327482	0.552939715	0.794331266	151.0164	7	165.0615511	NaN	NaN	7	1.039893	1.2364789	1672.681781	63.58410517	1156.074638	17	8	0.031241732	2.695995386	NaN
25_4_28_3	Mouse NAc Patch-seq 25_4_28_3	Batch6	-55.44319547	-56.28807431	690.4820033	30.37617149	-29.93774414	89.69116211	2.3	3.955996712	-12.11547852	0	1.093023256	9	20	1.110550371	507	81.6	0.8	0.00162455	0.158137623	1.048432643	1.008501639	0.5014	53.26143188	0.873209169	0.958542239	1.043548902	0.123973027	0	0	0	[20.0, 30.0, 40.0, 50.0, 60.0, 70.0]	[1, 5, 7, 8, 8, 9]	0	10	-150	197.6191	-193.67001	0	6.5421586	9.027873	4.6226845	17.19228246	42.34248258	116.7855342	0.818552012	0.395113598	0.556063386	104.696724	4	145.4287887	NaN	NaN	4	1.1225042	1.4131294	911.2367344	34.63908888	629.8016176	8	4	0.325119993	0.838833941	NaN
25_4_28_4	Mouse NAc Patch-seq 25_4_28_4	Batch6	-70.46015075	-70.63075474	552.280971	15.41084048	-31.89086914	76.50756836	1.9	3.403745663	-13.15307617	0	0.94205052	12	60	1.105314376	255.1	124.4	1	0.00090862	0.134027529	1.018355535	0	0.2187	21.30404663	0.901386749	0.980146883	0.756331864	0.115367003	0	0	0	[60.0, 70.0, 80.0, 90.0, 100.0, 110.0, 120.0, 130.0, 140.0, 150.0, 160.0]	[3, 6, 8, 10, 10, 11, 12, 12, 12, 9, 6]	0	10	-150	NR	NR	NR	NR	NR	NR	NR	NR	NR	NR	NR	NR	NR	NR	NR	NR	NR	NR	NR	NR	NR	NR	NR	NR	NR	NR	NR	NR
25_4_28_5	Mouse NAc Patch-seq 25_4_28_5	Batch6	-74.61606662	-75.74462891	416.7829241	9.491241176	-34.82055664	80.99365234	1.7	3.71337039	-14.16015625	0	1.101040119	14	70	1.097165961	335.8	165.4	1	0.000394929	0.09553666	1.015476901	0.538141537	0.069	6.5061203	0.957714286	0.990048819	0.382119491	0.076162528	0	0	0	[70.0, 80.0, 90.0, 100.0, 110.0, 120.0, 130.0, 140.0, 150.0, 160.0]	[2, 5, 7, 8, 10, 11, 12, 13, 14, 14]	0	10	-150	170.94635	-172.30273	0	5.3233347	6.3735614	4.710834	11.22028983	33.59041402	85.91167143	0.956822367	0.682407857	0.937683743	114.53844	5	122.6839905	NaN	NaN	5	1.1336432	1.5654604	774.1708579	29.42876654	535.0684822	9	3	0.094987265	1.206322653	NaN
25_4_3_4	Mouse NAc Patch-seq 25_4_3_4	Batch6	-70.65375222	-75.08050828	290.788923	12.90149434	-36.86523438	81.20727539	1.7	2.677902505	-10.83374023	0	1.029261156	9	90	1.024557167	433	160.9	0.5	0.003735024	0.243053715	1.043569191	0.042962127	0.1641	13.89023132	0.940434478	0.977442002	0.88266684	0.112679916	0	0	0	[90.0, 100.0, 110.0, 120.0, 130.0, 140.0, 150.0, 160.0, 170.0, 180.0, 190.0, 200.0]	[1, 4, 4, 6, 6, 6, 8, 8, 6, 7, 9, 8]	0	10	-150	NR	NR	NR	NR	NR	NR	NR	NR	NR	NR	NR	NR	NR	NR	NR	NR	NR	NR	NR	NR	NR	NR	NR	NR	NR	NR	NR	NR
25_4_3_5	Mouse NAc Patch-seq 25_4_3_5	Batch6	-68.12955232	-71.82675316	287.3883929	15.96680534	-36.37695313	82.36694336	1.7	3.093247451	-8.880615234	0	1.223903177	9	110	1.015176252	257.9	182.2	0.8	0.00171287	0.155445234	1.223756703	0.206702234	0.378	32.45242615	0.95588785	0.977899098	0.551441086	0.091799355	0	0	0	[110.0, 120.0, 130.0, 140.0, 150.0, 160.0, 170.0, 180.0, 190.0, 200.0, 210.0, 220.0, 230.0, 240.0]	[2, 2, 4, 4, 5, 6, 6, 7, 7, 8, 8, 9, 9, 9]	0	10	-150	NR	NR	NR	NR	NR	NR	NR	NR	NR	NR	NR	NR	NR	NR	NR	NR	NR	NR	NR	NR	NR	NR	NR	NR	NR	NR	NR	NR
25_4_3_7	Mouse NAc Patch-seq 25_4_3_7	Batch6	-49.43385482	-48.36338588	364.6414621	29.9082331	-36.77368164	84.04541016	2	3.117554274	-4.852294922	0	1.511949686	6	11.42857143	1.013178697	99.1	31.7	0.5	0.013104064	0.350478602	1.378914174	0.306410683	0.3636	31.10787048	0.800070771	0.907808915	2.169232709	0.183564322	0	0	0	[20.0, 30.0, 40.0, 50.0, 60.0, 70.0, 80.0, 90.0]	[1, 1, 3, 2, 4, 5, 5, 6]	0	10	-150	NR	NR	NR	NR	NR	NR	NR	NR	NR	NR	NR	NR	NR	NR	NR	NR	NR	NR	NR	NR	NR	NR	NR	NR	NR	NR	NR	NR
25_4_3_8	Mouse NAc Patch-seq 25_4_3_8	Batch6	-80.20028558	-87.53371466	284.1622489	14.71819749	-42.05322266	84.83886719	2.1	3.60480622	-9.857177734	0	1.154105737	8	110	1.007287137	395.3	212.4	1	0.002631058	0.188742188	1.104683834	0	0.4615	43.7256012	0.936439148	0.971507575	0.41044431	0.077682181	0	0	0	[120.0, 130.0, 140.0, 150.0, 160.0, 170.0, 180.0, 190.0, 200.0, 210.0, 220.0, 230.0, 240.0]	[1, 2, 3, 4, 5, 6, 6, 6, 7, 7, 8, 8, 8]	0	10	-150	NR	NR	NR	NR	NR	NR	NR	NR	NR	NR	NR	NR	NR	NR	NR	NR	NR	NR	NR	NR	NR	NR	NR	NR	NR	NR	NR	NR
25_4_7_1	Mouse NAc Patch-seq 25_4_7_1	Batch6	-74.7355297	-78.67838542	272.2167969	20.2992948	-34.66796875	77.17895508	2	2.782270756	-13.18359375	0	1.534201954	6	150	1.032781695	408.9	130.7	1	0.00066273	0.087048984	1.534201954	0.756651695	0.0585	5.489935303	0.904267589	0.956797106	0.203695781	0.054215486	0	0	0	[150.0, 160.0, 170.0, 180.0, 190.0, 200.0, 210.0, 220.0, 230.0, 240.0]	[1, 2, 3, 3, 5, 4, 6, 5, 3, 6]	0	10	-150	NR	NR	NR	NR	NR	NR	NR	NR	NR	NR	NR	NR	NR	NR	NR	NR	NR	NR	NR	NR	NR	NR	NR	NR	NR	NR	NR	NR
25_4_8_5	Mouse NAc Patch-seq 25_4_8_5	Batch6	-76.37651369	-91.43938337	292.7943638	6.258962109	-34.91210938	88.01269531	1.7	2.960218214	-12.78686523	0	1.004761905	11	160	1.044684485	357.2	185.5	0.833333333	0.000766498	0.121515013	1.04751951	0.279968547	0.2539	22.93971863	0.988779804	0.994375507	0.039238016	0.022306933	0	0	0	[160.0, 170.0, 180.0, 190.0, 200.0, 210.0, 220.0, 230.0, 240.0]	[2, 4, 5, 7, 8, 9, 10, 10, 11]	0	10	-150	NR	NR	NR	NR	NR	NR	NR	NR	NR	NR	NR	NR	NR	NR	NR	NR	NR	NR	NR	NR	NR	NR	NR	NR	NR	NR	NR	NR
25_4_8_6	Mouse NAc Patch-seq 25_4_8_6	Batch6	-70.31495996	-68.55904715	561.7850167	17.74852516	-38.81835938	79.83398438	2.3	3.259282999	-6.866455078	0	1.016032064	13	40	1.104125389	156.1	78.4	0.857142857	0.000658022	0.120170182	1.024965521	0.626517593	0.1856	19.39441376	0.969910121	0.989272907	0.247378717	0.060704037	0	0	0	[40.0, 50.0, 60.0, 70.0, 80.0, 90.0, 100.0]	[2, 5, 7, 10, 11, 12, 13]	0	10	-150	NR	NR	NR	NR	NR	NR	NR	NR	NR	NR	NR	NR	NR	NR	NR	NR	NR	NR	NR	NR	NR	NR	NR	NR	NR	NR	NR	NR
25_4_8_7	Mouse NAc Patch-seq 25_4_8_7	Batch6	-77.62979645	-90.67063105	367.0828683	9.940449431	-37.62817383	85.02197266	1.7	3.594454303	-12.14599609	0	1.044642857	12	120	1.033650447	372.9	203.4	1	0.000500138	0.100278511	1.039709187	0	0.0567	5.129849243	0.977631096	0.991610976	0.194415357	0.051765165	0	0	0	[120.0, 130.0, 140.0, 150.0, 160.0, 170.0, 180.0, 190.0, 200.0, 210.0, 220.0, 230.0, 240.0]	[2, 4, 5, 6, 7, 8, 9, 10, 11, 11, 12, 12, 12]	0	10	-150	NR	NR	NR	NR	NR	NR	NR	NR	NR	NR	NR	NR	NR	NR	NR	NR	NR	NR	NR	NR	NR	NR	NR	NR	NR	NR	NR	NR
25_4_9_4	Mouse NAc Patch-seq 25_4_9_4	Batch6	-81.6449066	-92.47291202	192.0282273	4.975625783	-39.97802734	90.48461914	1.6	3.385473262	-14.34326172	0	1.063596491	12	260	1.051856122	105.9	52.5	0.714285714	0.000613858	0.112177324	1.048087342	0.067606472	0.065	6.131747437	0.961397671	0.987263216	0.120843778	0.037510197	0	0	0	[260.0, 290.0, 320.0, 350.0, 380.0, 410.0]	[4, 6, 8, 9, 11, 12]	0	30	-250	NR	NR	NR	NR	NR	NR	NR	NR	NR	NR	NR	NR	NR	NR	NR	NR	NR	NR	NR	NR	NR	NR	NR	NR	NR	NR	NR	NR
25_4_9_5	Mouse NAc Patch-seq 25_4_9_5	Batch6	-77.39628083	-82.84883045	432.2160993	8.951051427	-33.02001953	80.71899414	1.9	4.097128543	-15.28930664	0	1.002293578	14	90	1.120471875	425.3	176.5	1	0.000587623	0.116154555	1.031896241	0.178565149	0.3001	28.72755737	0.974505327	0.991324089	0.587539755	0.097155308	0	0	0	[90.0, 100.0, 110.0, 120.0, 130.0, 140.0, 150.0, 160.0, 170.0, 180.0, 190.0, 200.0]	[2, 6, 7, 9, 10, 11, 12, 13, 13, 14, 14, 14]	0	10	-150	NR	NR	NR	NR	NR	NR	NR	NR	NR	NR	NR	NR	NR	NR	NR	NR	NR	NR	NR	NR	NR	NR	NR	NR	NR	NR	NR	NR
25_5_12_1	Mouse NAc Patch-seq 25_5_12_1	Batch6	-55.77812009	-54.60844494	526.4718192	19.76980994	-30.05981445	68.26782227	2.3	4.431973196	-17.02880859	0	1.178349601	7	30	1.064016096	207.4	100.2	0.75	0.002631117	0.168761467	1.105016955	1.890274078	0.3933	38.91065063	0.894582108	0.972976854	0.07564676	0.034472903	0	0	0	[30.0, 40.0, 50.0, 60.0, 70.0, 80.0, 90.0, 100.0]	[2, 3, 4, 5, 6, 6, 7, 7]	0	10	-150	198.67084	-190.10333	0	6.213257	7.6063123	4.519935	13.96076208	40.43180362	122.9124593	0.944842766	0.630634399	0.859585573	128.71635	6	142.1716468	NaN	NaN	6	1.0799849	1.9144678	1650.290494	62.73293975	1140.598904	9	4	0.2450323	2.577006983	NaN
25_5_12_2	Mouse NAc Patch-seq 25_5_12_2	Batch6	-57.1515832	-58.07059152	462.5592913	31.71406739	-35.67504883	82.7331543	2	4.218883486	-0.274658203	0	3.233480176	6	50	1.140203129	94.8	46.4	0.5	0.011276081	0.333045862	2.044078871	4.750749421	0.3467	31.5565155	0.820264948	0.959929502	0.508796758	0.085369112	0	0	0	[50.0, 60.0, 70.0, 80.0, 90.0, 100.0, 110.0, 120.0, 130.0, 140.0]	[1, 1, 1, 2, 3, 4, 4, 5, 5, 6]	0	10	-150	NR	NR	NR	NR	NR	NR	NR	NR	NR	NR	NR	NR	NR	NR	NR	NR	NR	NR	NR	NR	NR	NR	NR	NR	NR	NR	NR	NR
25_5_12_6	Mouse NAc Patch-seq 25_5_12_6	Batch6	-73.97724686	-81.86965216	363.3335658	12.63019231	-31.9519043	79.28466797	1.7	3.141882832	-11.77978516	0	1.085066163	10	100	1.034442803	486	215.8	1	0.000998794	0.126246613	1.055609723	0	0.0679	5.901681519	0.917712177	0.972300761	1.62565324	0.165390798	0	0	0	[100.0, 110.0, 120.0, 130.0, 140.0, 150.0, 160.0, 170.0, 180.0, 190.0, 200.0, 210.0, 220.0, 230.0]	[1, 3, 4, 5, 6, 7, 7, 8, 9, 8, 9, 9, 9, 10]	0	10	-150	NR	NR	NR	NR	NR	NR	NR	NR	NR	NR	NR	NR	NR	NR	NR	NR	NR	NR	NR	NR	NR	NR	NR	NR	NR	NR	NR	NR
25_5_12_8	Mouse NAc Patch-seq 25_5_12_8	Batch6	-60.82740155	-63.9831543	407.1044922	10.68759592	-21.45385742	85.9375	2	3.892174712	-10.62011719	0	1.094170404	12	63.84615385	1.081358627	527	189.1	0.714285714	0.002809461	0.23740983	1.085664548	0	0.1244	10.11107178	0.893478261	0.982418438	1.190689399	0.142641891	0	0	0	[70.0, 80.0, 90.0, 100.0, 110.0, 120.0, 130.0, 140.0, 150.0, 160.0]	[1, 5, 7, 9, 9, 10, 11, 11, 11, 12]	0	10	-150	NR	NR	NR	NR	NR	NR	NR	NR	NR	NR	NR	NR	NR	NR	NR	NR	NR	NR	NR	NR	NR	NR	NR	NR	NR	NR	NR	NR
25_5_14_1	Mouse NAc Patch-seq 25_5_14_1	Batch6	-72.55023566	-72.55772182	646.1007254	20.36742728	-38.39111328	77.78930664	2.2	3.553562696	-13.671875	0	0.922201139	11	50	1.111475983	177.8	83.3	0.833333333	0.00059076	0.102154808	1.023690308	0	0.1091	11.91765747	0.910572186	0.984269948	0.653295068	0.10095388	0	0	0	[50.0, 60.0, 70.0, 80.0, 90.0, 100.0, 110.0, 120.0]	[5, 8, 9, 10, 11, 11, 11, 10]	0	10	-150	NR	NR	NR	NR	NR	NR	NR	NR	NR	NR	NR	NR	NR	NR	NR	NR	NR	NR	NR	NR	NR	NR	NR	NR	NR	NR	NR	NR
25_5_14_2	Mouse NAc Patch-seq 25_5_14_2	Batch6	-59.21871096	-59.02244931	279.8025949	15.160993	-32.86743164	67.87109375	1.8	4.716290339	-22.15576172	0	1.160908193	8	50	1.152143285	214	105.4	0.6	0.001594966	0.143141767	1.065388952	1.964848412	0.4787	41.86954498	0.963336389	0.984394286	0.244147984	0.062115433	0	0	0	[60.0, 70.0, 80.0, 90.0, 100.0, 110.0, 120.0, 130.0, 140.0, 150.0]	[1, 2, 3, 4, 5, 5, 6, 7, 7, 8]	0	10	-150	196.63165	-193.86165	0	8.101686	11.590765	5.9836802	19.84202439	52.08300136	192.64068	0.892412943	0.489300934	0.721637081	104.48855	5	115.7513146	NaN	NaN	5	1.0410646	1.4598926	1763.484097	67.03579791	1218.832693	23	6	0.253850276	1.788103343	NaN
25_5_14_4	Mouse NAc Patch-seq 25_5_14_4	Batch6	-65.6264763	-64.00873093	557.0765904	12.07366211	-24.78027344	77.48413086	1.8	3.222439904	-18.03588867	0	1.041039672	13	30.90909091	1.145223578	508.1	152.8	0.857142857	0.000315121	0.083419844	1.030619045	0	0.1841	17.27828674	0.955684008	0.99359011	0.384205757	0.075140995	0	0	0	[40.0, 50.0, 60.0, 70.0, 80.0, 90.0, 100.0, 110.0]	[1, 5, 7, 9, 10, 11, 12, 13]	0	10	-150	NR	NR	NR	NR	NR	NR	NR	NR	NR	NR	NR	NR	NR	NR	NR	NR	NR	NR	NR	NR	NR	NR	NR	NR	NR	NR	NR	NR
25_5_14_6	Mouse NAc Patch-seq 25_5_14_6	Batch6	-57.21312166	-57.40065802	310.4073661	21.45019212	-34.97314453	88.56201172	1.8	3.499344041	-7.110595703	0	1.066876475	10	50	1.000833425	252.8	144.3	1	0.000728391	0.109543834	1.05771529	0	0.4853	37.31842346	0.961151578	0.987357162	0.180309436	0.048929459	0	0	0	[50.0, 60.0, 70.0, 80.0, 90.0, 100.0, 110.0, 120.0, 130.0]	[2, 4, 5, 6, 7, 8, 9, 10, 10]	0	10	-150	215.25365	-187.68907	0	6.5232115	8.04053	5.1077714	14.28354403	42.07456517	126.7205808	0.899534338	0.62111955	0.849974303	139.4794	6	153.7287707	NaN	NaN	6	1.0651431	1.3967798	1561.524599	59.3586581	1079.24833	10	3	0.148348053	1.620802589	NaN
25_5_14_9	Mouse NAc Patch-seq 25_5_14_9	Batch6	-73.11706728	-73.19946289	351.8676758	10.54661922	-36.74316406	85.51025391	1.6	3.86336769	-12.26806641	0	0.994722955	16	50	1.103483495	280	140.4	1	0.000490153	0.114357862	1.016538317	0	0.0897	8.175453186	0.959986082	0.990539356	0.265299372	0.061466809	0	0	0	[60.0, 70.0, 80.0, 90.0, 100.0, 110.0, 120.0, 130.0, 140.0, 150.0]	[2, 6, 8, 10, 11, 13, 14, 15, 15, 16]	0	10	-150	NR	NR	NR	NR	NR	NR	NR	NR	NR	NR	NR	NR	NR	NR	NR	NR	NR	NR	NR	NR	NR	NR	NR	NR	NR	NR	NR	NR
25_5_16_1	Mouse NAc Patch-seq 25_5_16_1	Batch6	-81.67243618	-82.98456101	479.2131696	19.99469957	-46.6003418	86.27319336	2	4.036785171	-9.216308594	0	1	8	60	1.08061338	296.4	163.3	1	0.00042045	0.07653879	1.028259597	0.39319776	0.3239	33.67129974	0.90238764	0.963140493	0.701036902	0.101588611	0	0	0	[60.0, 70.0, 80.0, 90.0, 100.0, 110.0, 120.0]	[3, 5, 7, 8, 8, 8, 4]	0	10	-150	215.82182	-225.79092	0	8.557052	10.341899	6.9598293	19.65998215	51.9253579	193.9268449	0.903834258	0.501731876	0.699304209	145.44319	7	151.445116	NaN	NaN	7	1.1377373	1.5555058	957.8234529	36.41000219	662.0000396	7	4	0.086382262	1.654611309	NaN
25_5_16_2	Mouse NAc Patch-seq 25_5_16_2	Batch6	-65.85252092	-67.21859887	508.1612723	18.99588377	-30.48706055	79.49829102	2	3.418737216	-10.71166992	0	1.167721519	9	60	1.074607721	320.6	134.3	1.25	0.001205306	0.133541239	1.060280524	0.137965105	0.1488	13.60037231	0.829646876	0.963867766	0.920844957	0.123950272	0	0	0	[60.0, 70.0, 80.0, 90.0, 100.0, 110.0, 120.0, 130.0]	[2, 5, 7, 7, 9, 9, 9, 7]	0	10	-150	NR	NR	NR	NR	NR	NR	NR	NR	NR	NR	NR	NR	NR	NR	NR	NR	NR	NR	NR	NR	NR	NR	NR	NR	NR	NR	NR	NR
25_5_16_3	Mouse NAc Patch-seq 25_5_16_3	Batch6	-46.36339495	-49.29402669	578.0029297	42.52423734	-32.25708008	87.67700195	2.3	4.826519283	-9.643554688	0	1.029503106	9	0	1.0451185	22.2	34.7	0.8	6.11E-05	0.029951127	1.016646908	0	0.4017	38.99737854	0.936596218	0.980536572	0.303543405	0.065327387	0	0	0	[0.0, 10.0, 20.0, 30.0]	[2, 6, 8, 9]	0	10	-150	NR	NR	NR	NR	NR	NR	NR	NR	NR	NR	NR	NR	NR	NR	NR	NR	NR	NR	NR	NR	NR	NR	NR	NR	NR	NR	NR	NR
25_5_16_4	Mouse NAc Patch-seq 25_5_16_4	Batch6	-75.05766374	-77.1484375	622.5585938	14.48803314	-33.05053711	72.11303711	1.9	3.218810822	-13.18359375	0	1.167857143	11	70	1.122768818	145.4	99.1	0.833333333	0.000960892	0.130944806	1.068155638	0.151455748	0.1796	17.94904633	0.895869191	0.98397618	0.693437628	0.113102927	0	0	0	[70.0, 80.0, 90.0, 100.0, 110.0, 120.0, 130.0, 140.0, 150.0]	[5, 7, 8, 9, 10, 10, 11, 11, 10]	0	10	-150	213.93498	-199.45627	0	4.52865	6.607655	3.5204506	11.14424259	28.25362103	52.48098237	0.826158906	0.422572121	0.63719845	98.256485	6	107.9148302	NaN	NaN	6	1.092012	1.4044555	1020.243526	38.78279325	705.1416948	12	6	0.144589518	1.781655205	NaN
25_5_16_5	Mouse NAc Patch-seq 25_5_16_5	Batch6	-68.38268974	-68.97844587	351.3009208	12.729269	-35.09521484	80.81054688	1.6	3.441690587	-12.08496094	0	0.979978925	13	60	1.052032433	414.3	151.5	1.166666667	5.50E-05	0.034086978	0.997213933	0	0.1995	18.26279297	0.962739532	0.993661812	0.093420525	0.034485922	0	0	0	[60.0, 70.0, 80.0, 90.0, 100.0, 110.0, 120.0, 130.0]	[1, 5, 7, 9, 10, 11, 13, 13]	0	10	-150	NR	NR	NR	NR	NR	NR	NR	NR	NR	NR	NR	NR	NR	NR	NR	NR	NR	NR	NR	NR	NR	NR	NR	NR	NR	NR	NR	NR
25_5_16_7	Mouse NAc Patch-seq 25_5_16_7	Batch6	-75.58011549	-92.22237723	409.7202846	8.992185616	-24.29199219	61.46240234	1.9	2.081395126	-15.41137695	0	1.170658683	11	123.3333333	1.064472401	544.6	182.9	0.833333333	0.002321311	0.20672203	1.092011472	0	0.4239	37.25960083	0.928305015	0.982602016	0.606486075	0.103721759	0	0	0	[130.0, 140.0, 150.0, 160.0, 170.0, 180.0, 190.0, 200.0, 210.0, 220.0, 230.0, 240.0]	[1, 4, 5, 6, 8, 8, 9, 9, 10, 10, 10, 11]	0	10	-150	201.76183	-161.69	0	7.177136	8.69341	6.3053026	15.84628423	45.35987955	152.4826752	0.931293521	0.607247338	0.864890089	128.87201	4	146.6004896	NaN	NaN	4	1.0692314	1.4218736	1173.581146	44.61165756	811.1210479	10	3	0.100468064	0.84938011	NaN
25_5_16_8	Mouse NAc Patch-seq 25_5_16_8	Batch6	-75.12118257	-73.96705264	603.7248884	30.42057728	-55.23681641	83.09936523	2.1	3.363259716	-7.171630859	0	1.197777778	8	30	1.136386212	141.1	97.3	0.6	0.001855467	0.174222597	1.141523242	1.180100576	0.2548	31.36575623	0.841854935	0.941063241	1.718399027	0.180300679	0	0	0	[30.0, 40.0, 50.0, 60.0, 70.0, 80.0, 90.0, 100.0]	[2, 4, 5, 7, 7, 8, 2, 2]	0	10	-150	NR	NR	NR	NR	NR	NR	NR	NR	NR	NR	NR	NR	NR	NR	NR	NR	NR	NR	NR	NR	NR	NR	NR	NR	NR	NR	NR	NR
25_5_19_1	Mouse NAc Patch-seq 25_5_19_1	Batch6	-73.27639662	-82.8465053	312.1512277	11.11430107	-32.59277344	80.62744141	1.8	3.346692178	-10.22338867	0	1.025142857	11	130	1.058874032	415.9	241.6	1.2	5.79E-05	0.032408276	1.017778269	0.109318193	0.0643	5.587203979	0.977272727	0.993391762	0.865218178	0.11266994	0	0	0	[130.0, 140.0, 150.0, 160.0, 170.0, 180.0, 190.0, 200.0, 210.0, 220.0, 230.0, 240.0]	[1, 4, 5, 6, 7, 8, 8, 9, 9, 10, 11, 11]	0	10	-150	205.7923	-201.19077	0	8.101789	9.684237	6.153253	19.05199902	51.76943368	200.5285209	0.940241002	0.552452635	0.834357926	147.92693	8	173.4903469	NaN	NaN	8	1.0815017	1.392288	1976.543411	75.13488114	1366.088746	16	3	0.021473687	1.586810637	NaN
25_5_19_2	Mouse NAc Patch-seq 25_5_19_2	Batch6	-71.76536746	-70.1105027	571.9866071	24.21883655	-35.98022461	79.86450195	2.4	4.503329023	-8.148193359	0	1.132330827	9	40	1.10022661	344.2	164.6	1.25	0.000213853	0.057292808	1.039618771	0.891551684	0.1243	12.32944336	0.9048583	0.973299141	0.375080523	0.076972629	0	0	0	[40.0, 50.0, 60.0, 70.0, 80.0, 90.0, 100.0]	[2, 4, 6, 7, 8, 9, 9]	0	10	-150	212.25084	-183.79834	0	6.653881	8.826269	4.990713	16.22045083	43.56794741	132.6990307	0.878503337	0.504361478	0.793089251	84.23113	7	99.00606537	NaN	NaN	7	1.1626385	1.739005	733.4794819	27.8819543	506.9446244	4	2	0.032425281	1.693403756	NaN
25_5_19_3	Mouse NAc Patch-seq 25_5_19_3	Batch6	-71.84810927	-75.5452474	471.1914062	12.14687292	-30.42602539	81.66503906	1.8	3.479518001	-10.13183594	0	0.944656489	13	80	1.022044369	343.6	212.7	0.857142857	0.000520736	0.106368224	1.013799273	0.06225647	0.0342	3.200146484	0.964106523	0.988867285	0.447284907	0.082552066	0	0	0	[80.0, 90.0, 100.0, 110.0, 120.0, 130.0, 140.0, 150.0, 160.0, 170.0, 180.0, 190.0, 200.0]	[2, 5, 8, 9, 10, 11, 11, 12, 13, 12, 13, 13, 13]	0	10	-150	NR	NR	NR	NR	NR	NR	NR	NR	NR	NR	NR	NR	NR	NR	NR	NR	NR	NR	NR	NR	NR	NR	NR	NR	NR	NR	NR	NR
25_5_19_4	Mouse NAc Patch-seq 25_5_19_4	Batch6	-70.7889165	-71.30475725	617.5013951	15.34038694	-28.01513672	71.59423828	2.1	3.97133189	-15.65551758	0	1.01497006	9	50	1.082875495	235.5	121.1	0.8	0.002035774	0.175295915	1.077634381	0.621577213	0.1748	16.29035187	0.874244256	0.964976736	1.018115219	0.131132437	0	0	0	[50.0, 60.0, 70.0, 80.0, 90.0, 100.0, 110.0, 120.0]	[3, 6, 7, 8, 9, 9, 9, 9]	0	10	-150	NR	NR	NR	NR	NR	NR	NR	NR	NR	NR	NR	NR	NR	NR	NR	NR	NR	NR	NR	NR	NR	NR	NR	NR	NR	NR	NR	NR
25_5_19_5	Mouse NAc Patch-seq 25_5_19_5	Batch6	-76.3848937	-84.68511672	398.210798	9.997316763	-29.54101563	74.09667969	1.6	2.716348975	-18.37158203	0	0.995454545	14	120	1.080964922	447.9	167.3	1	0.001116944	0.160424577	1.045025618	0.148151645	0.1661	15.50717163	0.973555736	0.98834184	1.15571742	0.147865855	0	0	0	[120.0, 130.0, 140.0, 150.0, 160.0, 170.0, 180.0, 190.0, 200.0, 210.0, 220.0, 230.0, 240.0]	[2, 5, 7, 9, 10, 11, 12, 12, 13, 13, 13, 14, 14]	0	10	-150	217.41501	-201.56125	0	5.5677404	6.9134183	4.5786667	12.26025819	35.32366589	87.9539124	0.885795541	0.585134803	0.941584626	127.856636	5	166.0979939	NaN	NaN	5	1.0742409	1.4803733	1308.120176	49.7259267	904.1077569	13	3	0.087463629	1.564567512	NaN
25_5_19_6	Mouse NAc Patch-seq 25_5_19_6	Batch6	-79.66803443	-91.76839193	391.8457031	6.51456953	-35.58349609	77.02636719	1.5	2.253835525	-17.24243164	0	1.012392755	17	112	1.117098743	474.9	216.9	0.888888889	0.000480901	0.118515939	1.051403964	0	0.0972	8.991905212	1.006026517	0.999728987	0.129281483	0.044907892	0	0	0	[120.0, 130.0, 140.0, 150.0, 160.0, 170.0, 180.0, 190.0, 200.0, 210.0, 220.0, 230.0, 240.0]	[1, 4, 6, 8, 9, 10, 12, 13, 14, 15, 16, 16, 17]	0	10	-150	NR	NR	NR	NR	NR	NR	NR	NR	NR	NR	NR	NR	NR	NR	NR	NR	NR	NR	NR	NR	NR	NR	NR	NR	NR	NR	NR	NR
25_5_19_7	Mouse NAc Patch-seq 25_5_19_7	Batch6	-60.2674214	-60.09085519	777.0647321	34.44709764	-34.85107422	86.76147461	2.2	3.55396815	-9.216308594	0	1.045908184	12	20	1.084527794	236.5	66.2	0.714285714	0.00135973	0.1625603	1.038039563	1.049838862	0.3852	44.83408966	0.90971223	0.972572582	0.896937215	0.119866383	0	0	0	[20.0, 30.0, 40.0, 50.0, 60.0, 70.0, 80.0]	[2, 6, 9, 10, 11, 11, 12]	0	10	-150	NR	NR	NR	NR	NR	NR	NR	NR	NR	NR	NR	NR	NR	NR	NR	NR	NR	NR	NR	NR	NR	NR	NR	NR	NR	NR	NR	NR
25_5_20_1	Mouse NAc Patch-seq 25_5_20_1	Batch6	-74.24848884	-73.8487607	302.2112165	26.93684784	-49.59106445	85.35766602	2.1	3.890129075	-0.610351563	0	1.94556213	6	50	1.096075989	385.4	153.8	0.5	0.009651953	0.309042322	1.497818942	1.990848595	0.5018	49.74047546	0.831905782	0.96904672	0.496484459	0.082056758	0	0	0	[50.0, 60.0, 70.0, 80.0, 90.0, 100.0, 110.0, 120.0, 130.0]	[1, 1, 1, 3, 4, 5, 5, 5, 6]	0	10	-150	247.40201	-178.942	0	11.654789	14.615873	9.330349	26.93143998	73.47529123	388.86666	0.905165394	0.536144135	0.876109023	260.07626	9	290.6543884	NaN	NaN	9	1.073457	1.3815287	2041.335908	77.59785551	1410.870101	11	4	0.181742264	3.091673996	NaN
25_5_20_2	Mouse NAc Patch-seq 25_5_20_2	Batch6	-65.58038172	-68.62792969	519.4963728	19.81431477	-35.76660156	77.1484375	2.1	3.310758011	-9.155273438	0	1.041193182	9	70	1.056248297	147.6	106.4	0.8	0.000863172	0.114317369	1.045532712	0	0.2077	19.10840149	0.919554455	0.975867712	1.425659333	0.158665632	0	0	0	[70.0, 80.0, 90.0, 100.0, 110.0, 120.0, 130.0, 140.0, 150.0, 160.0]	[4, 5, 7, 7, 8, 8, 9, 9, 6, 5]	0	10	-150	NR	NR	NR	NR	NR	NR	NR	NR	NR	NR	NR	NR	NR	NR	NR	NR	NR	NR	NR	NR	NR	NR	NR	NR	NR	NR	NR	NR
25_5_20_3	Mouse NAc Patch-seq 25_5_20_3	Batch6	-54.92395333	-53.17063105	780.4652623	24.74185061	-23.22387695	69.94628906	3.2	3.219630387	-5.676269531	0	NaN	2	30	1.132776214	198.8	126.5	NaN	NaN	NaN	NaN	3.619957393	0.3758	34.75942535	NaN	NaN	0.887155533	0.119140625	0	0	0	[30.0, 40.0, 50.0, 60.0, 70.0, 80.0]	[2, 2, 1, 1, 1, 1]	0	10	-150	197.928	-207.651	0	5.551738	6.080827	4.539414	12.08536212	34.51330806	89.07242979	0.939680009	0.609851314	0.833964257	114.27483	3	122.0467281	NaN	NaN	3	1.0484996	1.3649628	802.9850016	30.52408635	554.9833876	12	5	0.559874761	1.700562254	NaN
25_5_20_4	Mouse NAc Patch-seq 25_5_20_4	Batch6	-76.27297182	-91.95498512	451.4857701	8.629381412	-29.90722656	80.62744141	1.8	3.404604733	-14.70947266	0	1.033730159	12	120	1.077956164	301.2	186	1	0.001183349	0.152871029	1.043791662	0	0.1056	9.546960449	0.947647951	0.982362235	0.660335998	0.105056767	0	0	0	[120.0, 130.0, 140.0, 150.0, 160.0, 170.0, 180.0, 190.0, 200.0, 210.0, 220.0, 230.0, 240.0]	[2, 4, 6, 7, 8, 9, 10, 11, 11, 11, 11, 12, 12]	0	10	-150	NR	NR	NR	NR	NR	NR	NR	NR	NR	NR	NR	NR	NR	NR	NR	NR	NR	NR	NR	NR	NR	NR	NR	NR	NR	NR	NR	NR
25_5_20_5	Mouse NAc Patch-seq 25_5_20_5	Batch6	-70.1005527	-80.80618722	443.4640067	13.11911012	-22.36938477	70.19042969	1.8	2.857228856	-16.14379883	0	1.057873486	11	110	1.056072338	469.3	153.8	1.2	0.000276859	0.070212713	1.015074703	0	0.1116	9.600250244	0.951440979	0.983235033	0.605556546	0.097525184	0	0	0	[110.0, 120.0, 130.0, 140.0, 150.0, 160.0, 170.0, 180.0, 190.0, 200.0, 210.0, 220.0, 230.0, 240.0]	[1, 5, 6, 7, 8, 9, 9, 10, 11, 11, 11, 11, 11, 11]	0	10	-150	196.15	-184.50636	0	6.7274213	8.595487	4.328656	16.36386713	43.44944618	134.3995184	0.894620995	0.501909971	0.763223979	140.1505	5	159.9387336	NaN	NaN	5	1.083406	1.2377532	1437.789183	54.65506925	993.7285316	10	4	0.142725571	1.392566568	NaN
25_5_20_7	Mouse NAc Patch-seq 25_5_20_7	Batch6	-71.27006017	-76.40991211	305.7861328	9.91186376	-31.89086914	82.64160156	1.7	4.209176217	-9.887695313	0	1.148514851	12	90.66666667	1.080684739	590	232.1	0.714285714	0.001583298	0.178681794	1.096596434	0.433502157	0.1373	11.80455322	0.967549422	0.99005229	0.391079407	0.076928401	0	0	0	[100.0, 110.0, 120.0, 130.0, 140.0, 150.0, 160.0, 170.0, 180.0, 190.0, 200.0, 210.0, 220.0, 230.0, 240.0]	[1, 3, 5, 6, 7, 8, 9, 10, 10, 11, 11, 12, 12, 12, 12]	0	10	-150	NR	NR	NR	NR	NR	NR	NR	NR	NR	NR	NR	NR	NR	NR	NR	NR	NR	NR	NR	NR	NR	NR	NR	NR	NR	NR	NR	NR
25_5_20_9	Mouse NAc Patch-seq 25_5_20_9	Batch6	-77.40660433	-90.97086589	318.8650949	6.282825948	-31.9519043	84.83886719	1.6	3.49028865	-13.82446289	0	1.090512541	12	132.9411765	1.054609872	537.3	253.8	1	0.001139929	0.151976087	1.052127888	0	0.0846	7.678656006	0.969840116	0.989996834	0.130800951	0.042573348	0	0	0	[140.0, 150.0, 160.0, 170.0, 180.0, 190.0, 200.0, 210.0, 220.0, 230.0, 240.0]	[1, 3, 5, 6, 8, 8, 9, 10, 11, 11, 12]	0	10	-150	NR	NR	NR	NR	NR	NR	NR	NR	NR	NR	NR	NR	NR	NR	NR	NR	NR	NR	NR	NR	NR	NR	NR	NR	NR	NR	NR	NR
25_5_21_1	Mouse NAc Patch-seq 25_5_21_1	Batch6	-83.72458658	-90.0297619	366.6469029	9.440020381	-42.51098633	82.21435547	2.1	3.801085325	-13.97705078	0	0.991869919	14	100	1.058261683	443.8	205.6	1	0.000830026	0.137155437	1.021959357	0.017278019	0.0932	9.45032959	0.965194611	0.992114929	0.99428638	0.127917364	0	0	0	[100.0, 110.0, 120.0, 130.0, 140.0, 150.0, 160.0, 170.0, 180.0, 190.0, 200.0, 210.0, 220.0, 230.0, 240.0]	[1, 4, 6, 7, 8, 9, 10, 11, 12, 12, 13, 13, 13, 13, 14]	0	10	-150	NR	NR	NR	NR	NR	NR	NR	NR	NR	NR	NR	NR	NR	NR	NR	NR	NR	NR	NR	NR	NR	NR	NR	NR	NR	NR	NR	NR
25_5_21_2	Mouse NAc Patch-seq 25_5_21_2	Batch6	-69.33879094	-70.04597982	444.3359375	13.19623428	-30.18188477	81.08520508	1.8	3.116013937	-15.44189453	0	0.979879276	12	70	1.114256987	368.4	153.4	1	0.000482027	0.097192903	1.007202843	0.031148218	0.151	14.09327698	0.932269504	0.981741462	0.700437233	0.104401364	0	0	0	[70.0, 80.0, 90.0, 100.0, 110.0, 120.0, 130.0, 140.0, 150.0, 160.0, 170.0, 180.0]	[2, 5, 7, 9, 10, 11, 11, 12, 12, 12, 10, 5]	0	10	-150	NR	NR	NR	NR	NR	NR	NR	NR	NR	NR	NR	NR	NR	NR	NR	NR	NR	NR	NR	NR	NR	NR	NR	NR	NR	NR	NR	NR
25_5_21_4	Mouse NAc Patch-seq 25_5_21_4	Batch6	-71.05730342	-78.04797945	441.632952	9.677824892	-24.32250977	76.26342773	2.2	4.7205493	-12.6953125	0	1.07505071	10	100	1.103955997	421	194.7	1	0.001602347	0.16290701	1.033460415	0.172626274	0.266	23.20875244	0.925057648	0.979109755	1.43148633	0.160782984	0	0	0	[100.0, 110.0, 120.0, 130.0, 140.0, 150.0, 160.0, 170.0, 180.0, 190.0, 200.0, 210.0, 220.0, 230.0, 240.0]	[2, 5, 6, 7, 7, 8, 8, 9, 9, 9, 10, 9, 10, 8, 7]	0	10	-150	219.63907	-203.83275	0	5.9452176	7.345742	4.274459	13.0637786	38.53466587	107.8965723	0.913091536	0.632222613	0.983376208	138.28755	6	149.8779621	NaN	NaN	6	1.0599331	1.1864206	1041.109292	39.57596931	719.5630796	10	4	0.008748306	0.94132445	NaN
25_5_21_5	Mouse NAc Patch-seq 25_5_21_5	Batch6	-76.22506222	-87.31224423	336.5652902	8.485362861	-31.76879883	81.3293457	1.7	3.138062833	-12.54272461	0	1.003102378	11	120.6666667	1.06247394	475.4	249	0.833333333	0.000344102	0.080191095	1.014174658	0.02514225	0.1844	16.49661255	0.970746728	0.990741775	0.292734714	0.064723438	0	0	0	[130.0, 140.0, 150.0, 160.0, 170.0, 180.0, 190.0, 200.0, 210.0, 220.0, 230.0, 240.0]	[1, 3, 5, 6, 7, 8, 9, 9, 10, 11, 11, 11]	0	10	-150	NR	NR	NR	NR	NR	NR	NR	NR	NR	NR	NR	NR	NR	NR	NR	NR	NR	NR	NR	NR	NR	NR	NR	NR	NR	NR	NR	NR
25_5_21_6	Mouse NAc Patch-seq 25_5_21_6	Batch6	-63.89780249	-65.6156994	558.9948382	15.30408399	-31.49414063	92.46826172	1.8	3.138706388	-9.521484375	0	0.947058824	13	60	1.121682172	160.3	48.1	0.857142857	0.000418875	0.093085324	0.99302831	0	0.2084	19.08978271	0.960945529	0.976486976	0.939612648	0.115099688	0	0	0	[60.0, 70.0, 80.0, 90.0, 100.0, 110.0, 120.0, 130.0, 140.0, 150.0, 160.0]	[3, 4, 5, 7, 8, 9, 10, 11, 11, 12, 13]	0	10	-150	202.80415	-183.74	0	6.0558605	7.5344048	4.4032454	14.34703696	38.65827588	103.3164623	0.868749222	0.50193224	0.663306341	120.47773	3	127.3392925	NaN	NaN	3	1.0750934	1.4442378	988.4029121	37.57242728	683.1350402	12	5	0.203494122	1.015384152	NaN
25_5_21_7	Mouse NAc Patch-seq 25_5_21_7	Batch6	-71.42363907	-79.82468378	416.695731	11.45554488	-26.45874023	75.10375977	1.8	3.105671767	-13.88549805	0	1.110458284	11	100	1.077997116	336	154.1	0.833333333	0.001276315	0.154152804	1.068749257	0.136526402	0.1023	8.784344482	0.90755627	0.978231019	0.604748752	0.10314254	0	0	0	[100.0, 110.0, 120.0, 130.0, 140.0, 150.0, 160.0, 170.0, 180.0, 190.0, 200.0, 210.0, 220.0, 230.0, 240.0]	[2, 5, 7, 8, 9, 10, 10, 11, 11, 11, 11, 11, 10, 10, 8]	0	10	-150	NR	NR	NR	NR	NR	NR	NR	NR	NR	NR	NR	NR	NR	NR	NR	NR	NR	NR	NR	NR	NR	NR	NR	NR	NR	NR	NR	NR
25_5_22_1	Mouse NAc Patch-seq 25_5_22_1	Batch6	-78.56479124	-89.04883975	426.5485491	9.66097334	-36.56005859	84.59472656	1.9	3.759651665	-14.19067383	0	0.985195155	14	110	1.091679298	291.4	163.6	1	0.000322249	0.086982153	1.007641691	0	0.3213	30.32599335	0.973409989	0.993043397	0.587949626	0.093808849	0	0	0	[110.0, 120.0, 130.0, 140.0, 150.0, 160.0, 170.0, 180.0, 190.0, 200.0, 210.0, 220.0, 230.0, 240.0]	[3, 6, 7, 9, 10, 11, 12, 12, 13, 13, 14, 14, 14, 14]	0	10	-150	NR	NR	NR	NR	NR	NR	NR	NR	NR	NR	NR	NR	NR	NR	NR	NR	NR	NR	NR	NR	NR	NR	NR	NR	NR	NR	NR	NR
25_5_22_2	Mouse NAc Patch-seq 25_5_22_2	Batch6	-75.67607646	-76.15152995	337.5244141	8.981133659	-45.50170898	81.66503906	1.9	2.965793703	-7.293701172	0	1.11311054	13	50.47619048	1.095259649	403.4	115.1	0.857142857	0.000755756	0.126459532	1.032390913	0.262563979	0.1646	15.83464813	0.92294159	0.985322636	0.978589776	0.124562522	0	0	0	[60.0, 70.0, 80.0, 90.0, 100.0, 110.0, 120.0, 130.0, 140.0, 150.0, 160.0]	[1, 5, 7, 8, 10, 10, 11, 12, 12, 12, 13]	0	10	-150	NR	NR	NR	NR	NR	NR	NR	NR	NR	NR	NR	NR	NR	NR	NR	NR	NR	NR	NR	NR	NR	NR	NR	NR	NR	NR	NR	NR
25_5_22_3	Mouse NAc Patch-seq 25_5_22_3	Batch6	-75.73282889	-85.1382301	386.0037667	12.7286965	-35.06469727	86.2121582	1.9	4.409370528	-8.7890625	0	1.11686747	11	110	1.04696359	320.4	204.9	1.2	0.000705621	0.113942558	1.056444561	0.492034668	0.2671	24.30447083	0.961217833	0.984815071	0.256172415	0.060497506	0	0	0	[110.0, 120.0, 130.0, 140.0, 150.0, 160.0, 170.0, 180.0, 190.0, 200.0, 210.0, 220.0, 230.0, 240.0]	[2, 4, 5, 6, 7, 8, 9, 10, 10, 11, 11, 11, 11, 11]	0	10	-150	219.73584	-198.81834	0	6.082915	6.861338	4.924691	12.6389891	38.55694747	113.2397053	0.95720136	0.708882168	0.948906696	97.72429	5	109.2397389	NaN	NaN	5	1.0742046	1.4806865	946.785161	35.99040106	654.3709283	12	4	0.210799077	1.991744417	NaN
25_5_22_4	Mouse NAc Patch-seq 25_5_22_4	Batch6	-71.21520852	-70.75892857	485.4910714	16.7649379	-35.98022461	82.48901367	2	4.255990706	-10.34545898	0	0.917670683	15	50	1.061387296	440.9	185.7	0.875	0.000317035	0.087797384	1.005534314	0.453992847	0.1152	11.23031921	0.966704937	0.990665948	0.621920776	0.100745363	0	0	0	[50.0, 60.0, 70.0, 80.0, 90.0, 100.0, 110.0, 120.0, 130.0, 140.0, 150.0, 160.0, 170.0, 180.0, 190.0]	[2, 5, 7, 9, 10, 12, 12, 13, 14, 14, 14, 14, 15, 14, 14]	0	10	-150	NR	NR	NR	NR	NR	NR	NR	NR	NR	NR	NR	NR	NR	NR	NR	NR	NR	NR	NR	NR	NR	NR	NR	NR	NR	NR	NR	NR
25_5_22_5	Mouse NAc Patch-seq 25_5_22_5	Batch6	-51.81256308	-50.865246	491.8561663	20.77299764	-20.72143555	73.02856445	2.2	4.186745857	-10.28442383	0	1.16084788	8	40	1.043425215	460.2	147.2	1	0.001190388	0.12531692	1.067484256	0.124344749	0.4057	33.06551819	0.866612773	0.966401769	0.620383455	0.102024376	0	0	0	[40.0, 50.0, 60.0, 70.0, 80.0, 90.0]	[1, 4, 6, 7, 8, 8]	0	10	-150	NR	NR	NR	NR	NR	NR	NR	NR	NR	NR	NR	NR	NR	NR	NR	NR	NR	NR	NR	NR	NR	NR	NR	NR	NR	NR	NR	NR
25_5_22_7	Mouse NAc Patch-seq 25_5_22_7	Batch6	-60.13028098	-59.42615327	586.2862723	21.67894772	-29.41894531	72.72338867	3	3.426523807	-3.479003906	0	1.00140647	5	30	1.146867167	406.6	217.1	NaN	0.001290433	0.126985705	1.107542513	2.795607289	0.2086	20.37303925	0.83955384	0.896766653	1.34796043	0.15502109	0	0	0	[30.0, 40.0, 50.0, 60.0, 70.0, 80.0, 90.0]	[3, 5, 4, 2, 2, 2, 2]	0	10	-150	216.11777	-174.2	0	5.1572685	6.962137	3.3896554	12.84891051	31.65255894	65.36157978	0.819812908	0.395904038	0.560888794	124.15326	4	133.5187368	NaN	NaN	4	1.0538968	1.1198401	489.2092829	18.59644503	338.1171819	5	2	0.023913892	1.929418658	NaN
25_5_23_1	Mouse NAc Patch-seq 25_5_23_1	Batch6	-70.61296555	-78.44616118	444.6847098	12.71406646	-26.21459961	73.48632813	2.2	3.024079238	-13.9465332	0	1.240928882	6	110	1.085536651	205.6	120.4	0.5	0.002453096	0.173046283	1.07966549	0	0.194	17.3565155	0.825451749	0.940605435	3.145657803	0.237710545	0	0	0	[110.0, 120.0, 130.0, 140.0, 150.0, 160.0, 170.0, 180.0, 190.0, 200.0, 210.0, 220.0, 230.0, 240.0]	[1, 5, 5, 5, 2, 3, 6, 2, 2, 2, 2, 2, 2, 1]	0	10	-150	NR	NR	NR	NR	NR	NR	NR	NR	NR	NR	NR	NR	NR	NR	NR	NR	NR	NR	NR	NR	NR	NR	NR	NR	NR	NR	NR	NR
25_5_23_2	Mouse NAc Patch-seq 25_5_23_2	Batch6	-51.05485651	-49.57101004	678.4493583	27.51648813	-28.19824219	78.15551758	2.1	3.687119877	-13.21411133	0	1.03030303	11	30	1.077729097	99.6	56.1	0.833333333	0.000811363	0.120015636	1.017788851	0	0.2491	23.4401062	0.871336125	0.972926185	0.817515904	0.119951156	0	0	0	[30.0, 40.0, 50.0, 60.0, 70.0, 80.0, 90.0]	[4, 7, 8, 9, 10, 11, 10]	0	10	-150	NR	NR	NR	NR	NR	NR	NR	NR	NR	NR	NR	NR	NR	NR	NR	NR	NR	NR	NR	NR	NR	NR	NR	NR	NR	NR	NR	NR
25_5_23_3	Mouse NAc Patch-seq 25_5_23_3	Batch6	-60.07443804	-59.64442662	504.4119699	20.19614758	-29.0222168	81.45141602	2	5.353525546	-11.9934082	0	1.01955105	12	50	1.052624857	269.6	155.8	1	0.000526705	0.101633652	1.01955105	0	0.1482	13.22271271	0.955755531	0.987082064	1.03724231	0.13235943	0	0	0	[50.0, 60.0, 70.0, 80.0, 90.0, 100.0, 110.0, 120.0, 130.0, 140.0, 150.0, 160.0, 170.0, 180.0, 190.0, 200.0]	[3, 6, 7, 8, 9, 10, 11, 11, 11, 12, 12, 12, 12, 12, 12, 10]	0	10	-150	NR	NR	NR	NR	NR	NR	NR	NR	NR	NR	NR	NR	NR	NR	NR	NR	NR	NR	NR	NR	NR	NR	NR	NR	NR	NR	NR	NR
25_5_23_5	Mouse NAc Patch-seq 25_5_23_5	Batch6	-88.25593427	-100.2406529	268.2059152	8.10829776	-48.40087891	78.85742188	1.9	3.514738664	-9.765625	0	1.008460237	12	150	0.999336555	440.8	224.7	1	0.000806256	0.128957632	1.045783437	0.043419103	0.412	41.34873657	0.969685192	0.994495915	0.139126129	0.045119249	0	0	0	[150.0, 160.0, 170.0, 180.0, 190.0, 200.0, 210.0, 220.0, 230.0, 240.0]	[1, 4, 6, 7, 8, 9, 10, 11, 11, 12]	0	10	-150	NR	NR	NR	NR	NR	NR	NR	NR	NR	NR	NR	NR	NR	NR	NR	NR	NR	NR	NR	NR	NR	NR	NR	NR	NR	NR	NR	NR
25_5_23_6	Mouse NAc Patch-seq 25_5_23_6	Batch6	-83.19795857	-99.10510835	293.4919085	7.41598468	-39.03198242	82.91625977	1.7	3.264328054	-15.25878906	0	1.048165138	9	153.3333333	1.024094274	535.7	239.3	1.25	0.000689424	0.102243507	1.051145192	0.068679718	0.0605	5.7256073	0.979664645	0.991420819	0.08714574	0.03311804	0	0	0	[160.0, 170.0, 180.0, 190.0, 200.0, 210.0, 220.0, 230.0, 240.0]	[1, 2, 3, 4, 6, 6, 7, 8, 9]	0	10	-150	NR	NR	NR	NR	NR	NR	NR	NR	NR	NR	NR	NR	NR	NR	NR	NR	NR	NR	NR	NR	NR	NR	NR	NR	NR	NR	NR	NR
25_5_23_7	Mouse NAc Patch-seq 25_5_23_7	Batch6	-64.40033465	-66.79251535	368.8703265	34.20629928	-46.75292969	85.78491211	1.7	2.411148134	-4.364013672	0	0.936794582	12	50	1.076697096	202.7	321	0.714285714	0.001156484	0.149906179	1.059615528	0	0.2997	26.51506348	0.919453434	0.978070706	0.605982014	0.095468355	0	0	0	[50.0, 70.0, 80.0, 90.0, 100.0, 110.0, 120.0, 130.0, 140.0, 150.0, 160.0]	[1, 1, 3, 5, 8, 10, 10, 11, 11, 11, 12]	0	10	-150	NR	NR	NR	NR	NR	NR	NR	NR	NR	NR	NR	NR	NR	NR	NR	NR	NR	NR	NR	NR	NR	NR	NR	NR	NR	NR	NR	NR
25_5_23_8	Mouse NAc Patch-seq 25_5_23_8	Batch6	-78.02267322	-79.32506743	586.7222377	12.71530188	-32.86743164	73.08959961	1.8	2.917038088	-11.96289063	0	1.140664962	10	80	1.118831405	187.2	105.2	0.666666667	0.00278234	0.214628123	1.284754894	0.034958215	0.1556	15.46303711	0.941810345	0.96897819	0.728348259	0.113422481	0.213279678	0	0	[80.0, 90.0, 100.0, 110.0, 120.0, 130.0, 140.0, 150.0, 160.0, 170.0, 180.0]	[3, 4, 6, 7, 9, 9, 10, 9, 10, 10, 8]	0	10	-150	NR	NR	NR	NR	NR	NR	NR	NR	NR	NR	NR	NR	NR	NR	NR	NR	NR	NR	NR	NR	NR	NR	NR	NR	NR	NR	NR	NR
25_6_10_1	Mouse NAc Patch-seq 25_6_10_1	Batch7	-77.41656625	-85.86338588	412.4232701	12.0739181	-32.86743164	83.89282227	1.8	4.18931645	-13.27514648	0	0.951948052	11	110	1.05670882	328.5	190.7	0.833333333	0.001401318	0.159171946	1.024486685	0	0.0758	6.97910614	0.939947781	0.975599406	1.36646132	0.151621073	0	0	0	[110.0, 120.0, 130.0, 140.0, 150.0, 160.0, 170.0, 180.0, 190.0, 200.0, 210.0, 220.0, 230.0, 240.0]	[2, 5, 6, 8, 8, 9, 9, 10, 10, 10, 10, 11, 11, 10]	0	10	-150	NR	NR	NR	NR	NR	NR	NR	NR	NR	NR	NR	NR	NR	NR	NR	NR	NR	NR	NR	NR	NR	NR	NR	NR	NR	NR	NR	NR
25_6_10_3	Mouse NAc Patch-seq 25_6_10_3	Batch7	-72.18461012	-72.91056315	450.6138393	14.80076443	-38.26904297	93.0480957	2	3.711373634	-6.34765625	0	1	11	70	1.134065404	366.9	244	1.2	0.000342511	0.077415711	1.016056278	0.483038273	0.2389	23.0543808	0.983949756	0.982230852	0.741456027	0.103164911	0	0	0	[70.0, 80.0, 90.0, 100.0, 110.0, 120.0, 130.0, 140.0, 150.0, 160.0, 170.0, 180.0]	[2, 3, 4, 6, 6, 7, 8, 9, 10, 10, 11, 11]	0	10	-150	NR	NR	NR	NR	NR	NR	NR	NR	NR	NR	NR	NR	NR	NR	NR	NR	NR	NR	NR	NR	NR	NR	NR	NR	NR	NR	NR	NR
25_6_10_6	Mouse NAc Patch-seq 25_6_10_6	Batch7	-57.07819874	-54.24804688	628.0517578	20.6708609	-25.02441406	60.24169922	2.7	2.696704223	-7.629394531	0	1.193379791	6	30	1.073006371	265.9	130.6	0.5	0.012741707	0.373371105	1.364151961	0.072494179	0.1148	10.93861847	0.861680328	0.966432721	0.256134627	0.070281517	0	0	0	[30.0, 40.0, 50.0, 60.0, 70.0, 80.0]	[3, 5, 6, 5, 3, 4]	0	10	-150	NR	NR	NR	NR	NR	NR	NR	NR	NR	NR	NR	NR	NR	NR	NR	NR	NR	NR	NR	NR	NR	NR	NR	NR	NR	NR	NR	NR
25_6_10_8	Mouse NAc Patch-seq 25_6_10_8	Batch7	-54.92802427	-53.45546177	667.5502232	32.41263103	-29.14428711	81.78710938	2.2	4.114096768	-8.850097656	0	0.97731569	9	30	1.047376804	201.4	98.2	0.8	0.00215099	0.176785267	1.080603609	0.068698526	0.21	19.46542969	0.897366383	0.972978406	0.928583354	0.123190786	0	0	0	[30.0, 40.0, 50.0, 60.0, 70.0, 80.0, 90.0, 100.0]	[3, 6, 7, 8, 9, 9, 9, 9]	0	10	-150	NR	NR	NR	NR	NR	NR	NR	NR	NR	NR	NR	NR	NR	NR	NR	NR	NR	NR	NR	NR	NR	NR	NR	NR	NR	NR	NR	NR
25_6_11_1	Mouse NAc Patch-seq 25_6_11_1	Batch7	-55.77229488	-54.62181455	412.0744978	28.85588532	-28.22875977	86.73095703	2.3	5.270781762	-8.941650391	0	1.259892526	7	40	1.063993184	311.4	125.2	0.75	0.004194838	0.21438851	1.259892526	0.383695901	0.4053	34.85319824	0.925569801	0.961632636	0.316406702	0.06571502	0	0	0	[40.0, 50.0, 60.0, 70.0, 80.0, 90.0, 100.0, 110.0, 120.0]	[1, 3, 3, 4, 5, 6, 7, 7, 7]	0	10	-150	NR	NR	NR	NR	NR	NR	NR	NR	NR	NR	NR	NR	NR	NR	NR	NR	NR	NR	NR	NR	NR	NR	NR	NR	NR	NR	NR	NR
25_6_11_3	Mouse NAc Patch-seq 25_6_11_3	Batch7	-70.37111493	-73.98187547	446.4285714	14.0161164	-32.9284668	79.74243164	1.7	3.158599654	-12.54272461	0	1.084097859	11	90	1.076034689	166.6	123.4	0.833333333	0.001106822	0.142182718	1.066073887	0	0.1027	9.324003601	0.929007634	0.983396323	0.954145368	0.129379343	0	0	0	[90.0, 100.0, 110.0, 120.0, 130.0, 140.0, 150.0, 160.0, 170.0, 180.0, 190.0, 200.0]	[4, 5, 7, 8, 8, 9, 10, 10, 11, 11, 11, 11]	0	10	-150	176.245	-192.26251	0	6.1286497	7.1071053	5.232573	12.89820493	37.99320947	106.7383513	0.929219661	0.641596439	0.900285232	140.42805	4	159.8251066	NaN	NaN	4	1.0868655	1.2178125	930.2458992	38.64945086	672.1643565	5	4	0.299256799	1.329444776	NaN
25_6_11_4	Mouse NAc Patch-seq 25_6_11_4	Batch7	-62.98738298	-62.83801851	334.1238839	28.60845961	-36.80419922	85.78491211	1.8	4.194787622	-5.218505859	0	2.415238095	6	40	1.271788431	232.6	106.6	0.5	0.015348186	0.368185727	2.301073306	6.69746176	0.4729	43.66878052	0.818446956	0.955683911	1.034413175	0.121821499	0	0	0	[40.0, 50.0, 60.0, 70.0, 80.0, 90.0, 100.0, 110.0, 120.0]	[1, 2, 3, 3, 4, 5, 5, 6, 6]	0	10	-150	446.17502	-179.26375	0	9.192172	10.426589	8.211219	20.83600614	56.56444229	224.3165523	0.881016752	0.51669275	0.831922388	638.1373	8	686.6968021	NaN	NaN	8	1.0599346	1.529167	2484.932857	103.2429084	1795.528819	14	5	0.027331519	1.554281424	NaN
25_6_11_6	Mouse NAc Patch-seq 25_6_11_6	Batch7	-77.38025444	-86.71061198	405.8837891	8.884569433	-35.88867188	78.36914063	1.9	2.978346883	-10.00976563	0	1.102094241	13	100	1.093052892	415	171.9	0.857142857	0.001365978	0.17073728	1.081160099	0.109901026	0.17	15.41820984	0.916666667	0.980872613	0.823511274	0.120746509	0	0	0	[100.0, 110.0, 120.0, 130.0, 140.0, 150.0, 160.0, 170.0, 180.0, 190.0, 200.0, 210.0, 220.0, 230.0, 240.0]	[2, 5, 8, 9, 10, 11, 12, 12, 13, 13, 12, 11, 11, 10, 9]	0	10	-150	198.88777	-171.61444	0	11.717005	14.136097	10.086659	24.8999288	73.15590245	399.3260837	0.93764577	0.644067624	0.878254599	168.30626	4	173.5650177	NaN	NaN	4	1.1619489	2.0606062	757.1352739	31.45712749	547.0804744	3	2	0.170375336	2.301027842	NaN
25_6_11_7	Mouse NAc Patch-seq 25_6_11_7	Batch7	-65.33726959	-67.16570173	369.5242746	16.3561381	-34.05761719	82.85522461	1.9	3.459994118	-5.249023438	0	1.152998776	8	80	1.030118637	200.2	141.2	1	0.001208952	0.125781653	1.078807882	0	0.0888	7.571514893	0.916468725	0.961994691	0.692125774	0.106153923	0	0	0	[80.0, 90.0, 100.0, 110.0, 120.0, 130.0, 140.0, 150.0, 160.0, 170.0]	[3, 5, 6, 6, 7, 8, 8, 8, 8, 5]	0	10	-150	185.90875	-209.82875	0	6.257707	6.930723	5.1095796	13.68065579	38.5661951	109.1328078	0.922043913	0.583097926	0.85848439	147.2819	4	162.3034611	NaN	NaN	4	1.11448	1.5752593	1022.002023	42.46169378	738.464231	8	4	0.215208873	1.304544126	NaN
25_6_11_8	Mouse NAc Patch-seq 25_6_11_8	Batch7	-73.1171517	-78.05524554	313.0231585	14.3432177	-34.63745117	81.17675781	1.7	3.409193061	-7.537841797	0	1.022222222	11	90.66666667	1.03369956	534.8	246.5	0.833333333	0.00036186	0.08090699	1.077224341	0.157003859	0.0714	6.213951111	0.968284295	0.987784184	0.521810966	0.089383269	0	0	0	[100.0, 110.0, 120.0, 130.0, 140.0, 150.0, 160.0, 170.0, 180.0, 190.0, 200.0, 210.0, 220.0, 230.0, 240.0]	[1, 3, 5, 6, 7, 8, 9, 9, 10, 10, 10, 11, 11, 10, 11]	0	10	-150	NR	NR	NR	NR	NR	NR	NR	NR	NR	NR	NR	NR	NR	NR	NR	NR	NR	NR	NR	NR	NR	NR	NR	NR	NR	NR	NR	NR
25_6_12_2	Mouse NAc Patch-seq 25_6_12_2	Batch7	-80.07463366	-82.88574219	422.4504743	13.38815853	-41.04614258	78.85742188	2	3.205774683	-7.843017578	0	1.737913486	8	62	1.085999281	558.9	185.8	1	0.013638582	0.413634281	1.29691547	0.061756584	0.0724	7.082850647	0.828661666	0.967434731	1.271057552	0.152051407	0	0	0	[70.0, 80.0, 90.0, 100.0, 110.0, 120.0, 130.0, 140.0, 150.0, 160.0]	[1, 3, 4, 6, 7, 7, 7, 7, 7, 8]	0	10	-150	NR	NR	NR	NR	NR	NR	NR	NR	NR	NR	NR	NR	NR	NR	NR	NR	NR	NR	NR	NR	NR	NR	NR	NR	NR	NR	NR	NR
25_6_12_3	Mouse NAc Patch-seq 25_6_12_3	Batch7	-74.20053666	-89.31216285	477.1205357	9.092472845	-30.48706055	80.53588867	1.8	3.422722412	-11.77978516	0	0.978766431	11	120	1.079255101	214.7	149.1	0.833333333	0.001140689	0.142315528	1.01498273	0	0.1096	9.850088501	0.934532925	0.976627271	0.965533104	0.129748738	0	0	0	[120.0, 130.0, 140.0, 150.0, 160.0, 170.0, 180.0, 190.0, 200.0, 210.0, 220.0, 230.0, 240.0]	[3, 5, 6, 7, 8, 8, 10, 10, 10, 11, 11, 11, 11]	0	10	-150	NR	NR	NR	NR	NR	NR	NR	NR	NR	NR	NR	NR	NR	NR	NR	NR	NR	NR	NR	NR	NR	NR	NR	NR	NR	NR	NR	NR
25_6_12_4	Mouse NAc Patch-seq 25_6_12_4	Batch7	-67.42796539	-70.67929222	443.9871652	11.89226146	-26.85546875	81.39038086	1.9	3.864494874	-8.30078125	0	1.072847682	12	80	1.089395065	431.9	212	1	0.000643249	0.112346461	1.038083356	0.039074871	0.1354	11.89365234	0.95007622	0.985819453	0.469621587	0.087109399	0	0	0	[80.0, 90.0, 100.0, 110.0, 120.0, 130.0, 140.0, 150.0, 160.0, 170.0, 180.0, 190.0, 200.0]	[2, 5, 7, 8, 9, 10, 10, 11, 11, 12, 12, 12, 12]	0	10	-150	NR	NR	NR	NR	NR	NR	NR	NR	NR	NR	NR	NR	NR	NR	NR	NR	NR	NR	NR	NR	NR	NR	NR	NR	NR	NR	NR	NR
25_6_12_6	Mouse NAc Patch-seq 25_6_12_6	Batch7	-69.92566094	-73.94845145	593.6976842	30.54693336	-46.35620117	86.05957031	1.8	4.197643062	-13.12255859	0	1.089073062	9	2.631578947	1.069237641	220.9	128.7	0.8	0.001914024	0.169208812	1.108454713	0.968681535	0.262	30.97637787	0.951647848	0.96682478	0.523313733	0.088257611	0	0	0	[10.0, 20.0, 30.0, 40.0, 50.0]	[1, 4, 5, 7, 9]	0	10	-150	NR	NR	NR	NR	NR	NR	NR	NR	NR	NR	NR	NR	NR	NR	NR	NR	NR	NR	NR	NR	NR	NR	NR	NR	NR	NR	NR	NR
25_6_12_7	Mouse NAc Patch-seq 25_6_12_7	Batch7	-67.79211604	-66.53442383	669.5556641	22.03669458	-30.15136719	70.25146484	2.2	2.795067884	-8.728027344	0	1.137745975	7	40	1.112564741	300.6	140.4	1.333333333	0.001631303	0.148608284	1.124232879	0.716952822	0.1744	16.84198303	0.80405697	0.956459401	0.91779614	0.128917007	0	0	0	[40.0, 50.0, 60.0, 70.0, 80.0, 90.0]	[3, 6, 7, 7, 5, 6]	0	10	-150	NR	NR	NR	NR	NR	NR	NR	NR	NR	NR	NR	NR	NR	NR	NR	NR	NR	NR	NR	NR	NR	NR	NR	NR	NR	NR	NR	NR
25_6_13_1	Mouse NAc Patch-seq 25_6_13_1	Batch7	-56.16449299	-54.69738188	461.5129743	25.92333598	-34.54589844	88.10424805	1.9	4.504502796	-9.033203125	0	1.016363636	11	20	1.039047353	282.9	85.8	0.833333333	0.000498229	0.093517168	1.025161885	0	0.313	28.10570984	0.915318417	0.97722585	0.914994525	0.117446687	0	0	0	[20.0, 30.0, 40.0, 50.0, 60.0, 70.0, 80.0, 90.0, 100.0]	[2, 5, 7, 8, 9, 10, 11, 11, 10]	0	10	-150	NR	NR	NR	NR	NR	NR	NR	NR	NR	NR	NR	NR	NR	NR	NR	NR	NR	NR	NR	NR	NR	NR	NR	NR	NR	NR	NR	NR
25_6_16_2	Mouse NAc Patch-seq 25_6_16_2	Batch7	-63.93684569	-63.8578869	614.4496373	24.5514466	-38.72680664	88.80615234	2.5	5.805407827	-11.41357422	0	0.961490683	9	30	1.056543673	313.4	110.9	0.8	0.000630329	0.097166681	1.019444706	0	0.4403	47.13380127	0.920245399	0.970552346	1.369661791	0.142217483	0	0	0	[30.0, 40.0, 50.0, 60.0, 70.0, 80.0]	[2, 4, 6, 8, 8, 9]	0	10	-150	151.42502	-173.878	0	5.934596	6.9551497	4.4944057	13.06010671	37.28679803	103.8037507	0.938237375	0.608582689	0.863652073	148.3692	3	189.4422917	NaN	NaN	3	1.052402	1.3280865	1242.485291	31.61740182	702.6089129	12	4	0.483775016	1.423419312	NaN
25_6_16_3	Mouse NAc Patch-seq 25_6_16_3	Batch7	-79.43383666	-88.64687965	418.6139788	14.7208063	-37.84179688	80.99365234	1.8	2.908510183	-8.7890625	0	1.079961464	10	100	1.077664542	290.3	167.2	1	0.002640597	0.209882686	1.062963453	0	0.1156	10.80791168	0.890712421	0.96641383	1.449256164	0.164100466	0	0	0	[100.0, 110.0, 120.0, 130.0, 140.0, 150.0, 160.0, 170.0, 180.0, 190.0, 200.0, 210.0, 220.0, 230.0, 240.0]	[2, 4, 6, 6, 7, 8, 8, 9, 9, 9, 9, 10, 9, 9, 9]	0	10	-150	146.06332	-148.86665	0	6.8518844	8.987672	4.405263	16.36663748	43.06818108	125.9255337	0.853120943	0.470105004	0.628783096	81.574615	5	88.38853073	NaN	NaN	5	1.0687397	1.371562	435.5013371	11.08215995	246.2702157	6	3	0.05657235	1.020260514	NaN
25_6_16_4	Mouse NAc Patch-seq 25_6_16_4	Batch7	-66.22994822	-68.97001721	305.0885882	12.85885778	-33.63037109	82.79418945	1.7	3.681741416	-12.57324219	0	1.068965517	13	90	1.01665584	537.2	164.8	0.857142857	0.000522403	0.107704996	1.013477957	0	0.1207	10.4141449	0.971052632	0.991070242	0.511507886	0.088621332	0	0	0	[90.0, 100.0, 110.0, 120.0, 130.0, 140.0, 150.0, 160.0, 170.0, 180.0, 190.0, 200.0]	[1, 5, 6, 7, 8, 9, 11, 11, 12, 12, 13, 13]	0	10	-150	159.615	-190.68001	0	6.801333	8.543295	5.1680927	15.1493427	43.82710625	137.1731154	0.897414894	0.597697476	0.845854399	116.673744	5	131.6301107	NaN	NaN	5	1.0663644	1.3348145	1112.767035	28.31647407	629.2549656	10	3	0.221870562	2.377157882	NaN
25_6_16_5	Mouse NAc Patch-seq 25_6_16_5	Batch7	-75.82617732	-83.95996094	435.7910156	9.261817713	-33.9050293	82.55004883	1.7	3.71902293	-12.20703125	0	0.878756477	13	100	1.093387878	410.8	233.8	0.857142857	0.000789986	0.130540649	1.002315571	0.345469469	0.2024	18.60921631	0.950037566	0.987655329	1.143966829	0.140503387	0	0	0	[100.0, 110.0, 120.0, 130.0, 140.0, 150.0, 160.0, 170.0, 180.0, 190.0, 200.0, 210.0, 220.0, 230.0, 240.0]	[2, 5, 6, 8, 9, 10, 11, 11, 12, 12, 12, 13, 12, 13, 13]	0	10	-150	NR	NR	NR	NR	NR	NR	NR	NR	NR	NR	NR	NR	NR	NR	NR	NR	NR	NR	NR	NR	NR	NR	NR	NR	NR	NR	NR	NR
25_6_16_6	Mouse NAc Patch-seq 25_6_16_6	Batch7	-69.47200051	-69.81549944	481.3058036	14.27327839	-31.34155273	67.90161133	2	2.229982524	-8.483886719	0	1.713117587	3	80	1.068863671	144.7	111.9	NaN	0.001315546	0.110087517	1.713117587	0.85041179	0.168	15.59971008	0.7370963	0.851647902	0.703259368	0.108311641	0	0	0	[80.0, 90.0, 100.0, 110.0, 120.0, 130.0, 140.0, 150.0, 160.0, 170.0, 180.0]	[1, 1, 3, 3, 3, 2, 2, 2, 3, 1, 1]	0	10	-150	NR	NR	NR	NR	NR	NR	NR	NR	NR	NR	NR	NR	NR	NR	NR	NR	NR	NR	NR	NR	NR	NR	NR	NR	NR	NR	NR	NR
25_6_16_7	Mouse NAc Patch-seq 25_6_16_7	Batch7	-78.40699963	-78.88532366	619.3324498	21.31262081	-48.03466797	69.97680664	2.1	2.430627393	-9.155273438	0	1.331850792	4	50	1.087030931	142.6	103.6	NaN	0.006413874	0.261631734	1.310488084	0.855974967	0.5572	56.84370728	0.836854311	0.882965742	1.48973312	0.162231997	0	0	0	[50.0, 60.0, 70.0, 80.0, 90.0]	[3, 4, 2, 2, 2]	0	10	-150	NR	NR	NR	NR	NR	NR	NR	NR	NR	NR	NR	NR	NR	NR	NR	NR	NR	NR	NR	NR	NR	NR	NR	NR	NR	NR	NR	NR
25_6_17_1	Mouse NAc Patch-seq 25_6_17_1	Batch7	-68.93121433	-67.6734561	630.8419364	23.19727488	-40.49682617	80.3527832	2.1	3.931383885	-7.446289063	0	1.003322259	10	40	1.094808723	166.2	83.6	1	0.001182016	0.139012654	1.035958945	0.378245776	0.1113	11.03591309	0.905436447	0.973662354	1.105689616	0.135546444	0	0	0	[40.0, 50.0, 60.0, 70.0, 80.0]	[5, 7, 8, 9, 10]	0	10	-150	171.12	-107.961815	0	7.2201366	8.832531	5.9383106	16.78864816	44.82160106	147.5733571	0.923087966	0.523572107	0.694619722	141.30946	5	157.4607086	NaN	NaN	5	1.0805423	1.4658113	1314.715208	33.45542893	743.4539574	11	4	0.115029537	1.267753931	NaN
25_6_17_2	Mouse NAc Patch-seq 25_6_17_2	Batch7	-70.57838496	-80.46642485	461.0770089	11.24637294	-28.19824219	82.45849609	1.9	3.724424155	-10.10131836	0	1.073770492	12	100	1.073680875	286.1	169.2	1	0.00078353	0.124460268	1.040951553	0.065971919	0.2515	21.71165466	0.956554307	0.983987044	1.185605257	0.141188197	0	0	0	[100.0, 110.0, 120.0, 130.0, 140.0, 150.0, 160.0, 170.0, 180.0, 190.0, 200.0, 210.0, 220.0, 230.0, 240.0]	[3, 6, 7, 8, 9, 10, 10, 11, 11, 11, 12, 12, 12, 12, 12]	0	10	-150	NR	NR	NR	NR	NR	NR	NR	NR	NR	NR	NR	NR	NR	NR	NR	NR	NR	NR	NR	NR	NR	NR	NR	NR	NR	NR	NR	NR
25_6_17_3	Mouse NAc Patch-seq 25_6_17_3	Batch7	-75.30813462	-88.04408482	411.6385324	9.303810646	-32.5012207	85.60180664	1.7	3.39671209	-11.0168457	0	1.020080321	13	120	1.080092219	351	212.2	0.857142857	0.000459124	0.101422709	1.033654322	0.066730135	0.1989	17.98579559	0.99382716	0.990472877	0.368888142	0.073565738	0	0	0	[120.0, 130.0, 140.0, 150.0, 160.0, 170.0, 180.0, 190.0, 200.0, 210.0, 220.0, 230.0, 240.0]	[3, 5, 7, 8, 10, 10, 11, 12, 12, 13, 13, 13, 13]	0	10	-150	157.76111	-145.45111	0	5.3935394	6.902417	3.4697165	13.44716722	34.29350927	76.40675098	0.816427715	0.422542231	0.54120746	134.70013	6	145.3457117	NaN	NaN	6	1.1488312	1.8894149	1053.90422	26.81859745	595.9688171	7	2	0.030927211	1.389876643	NaN
25_6_17_6	Mouse NAc Patch-seq 25_6_17_6	Batch7	-72.67526738	-74.64744931	514.1775949	13.05199755	-27.0690918	75.86669922	2	3.142215039	-11.38305664	0	1.140728477	11	52.22222222	1.13234662	538.7	185.8	0.833333333	0.003824452	0.258304236	1.067905761	0.314349092	0.2569	23.4574707	0.913697546	0.975779364	1.688145749	0.176729688	0.337777778	0	0	[60.0, 70.0, 80.0, 90.0, 100.0, 110.0, 120.0, 130.0, 140.0, 150.0, 160.0, 170.0, 180.0, 190.0, 200.0, 210.0, 220.0, 230.0]	[1, 3, 6, 7, 8, 9, 10, 10, 10, 10, 10, 10, 10, 11, 9, 8, 8, 6]	0	10	-150	NR	NR	NR	NR	NR	NR	NR	NR	NR	NR	NR	NR	NR	NR	NR	NR	NR	NR	NR	NR	NR	NR	NR	NR	NR	NR	NR	NR
25_6_17_7	Mouse NAc Patch-seq 25_6_17_7	Batch7	-70.01626639	-84.37093099	504.1503906	16.46881163	-37.41455078	79.74243164	2	3.973077279	-6.011962891	0	0.898249453	8	110	1.01968744	133.7	109.8	1	0.000595253	0.086701631	1.006344887	0.964464693	0.036	3.152276611	0.842635659	0.957090293	1.946751622	0.183172649	0	0	0	[110.0, 120.0, 130.0, 140.0, 150.0, 160.0, 170.0, 180.0, 190.0, 200.0, 210.0, 220.0, 230.0, 240.0]	[5, 5, 6, 7, 6, 7, 8, 8, 8, 7, 6, 5, 4, 3]	0	10	-150	140.27667	-185.16112	0	7.4051795	9.680416	5.394217	18.12819241	47.30138613	157.5681351	0.884974025	0.479467739	0.692946869	130.76866	4	171.4368649	NaN	NaN	4	1.121115	1.589247	698.7005711	17.77976467	395.1058718	4	4	0.454190196	2.052336429	NaN
25_6_18_2	Mouse NAc Patch-seq 25_6_18_2	Batch7	-70.42952179	-72.378976	577.6541574	13.44575971	-30.67016602	82.76367188	2.1	3.905098435	-9.490966797	0	1.085106383	9	60	1.116799109	286	149.4	0.8	0.000935513	0.123966833	1.03816671	0.462915666	0.1714	15.86397552	0.928677563	0.976506028	0.740404758	0.10597124	0	0	0	[60.0, 70.0, 80.0, 90.0, 100.0, 110.0, 120.0, 130.0]	[3, 6, 7, 8, 9, 9, 9, 9]	0	10	-150	NR	NR	NR	NR	NR	NR	NR	NR	NR	NR	NR	NR	NR	NR	NR	NR	NR	NR	NR	NR	NR	NR	NR	NR	NR	NR	NR	NR
25_6_18_3	Mouse NAc Patch-seq 25_6_18_3	Batch7	-57.06900761	-56.27557664	328.805106	36.97404333	-31.43310547	90.02685547	2	4.472074447	-1.708984375	0	3.139097744	5	40	1.179384119	204.1	150.4	NaN	0.027957025	0.459994855	2.442902166	4.816447558	0.4304	37.90493774	0.735355649	0.951448343	0.768957738	0.101728949	0	0	0	[40.0, 50.0, 60.0, 70.0, 80.0, 90.0, 100.0, 110.0, 120.0, 130.0, 140.0]	[1, 1, 1, 2, 2, 3, 2, 4, 3, 5, 4]	0	10	-150	NR	NR	NR	NR	NR	NR	NR	NR	NR	NR	NR	NR	NR	NR	NR	NR	NR	NR	NR	NR	NR	NR	NR	NR	NR	NR	NR	NR
25_6_18_5	Mouse NAc Patch-seq 25_6_18_5	Batch7	-76.39773352	-88.80150205	369.0883092	10.84179689	-37.07885742	85.14404297	1.7	3.77789263	-10.34545898	0	1.102009274	13	120	1.048756617	292	169.2	0.857142857	0.000705531	0.123912582	1.045732554	0.047801806	0.0779	7.050488281	0.96557971	0.991845482	0.128445838	0.0422067	0	0	0	[120.0, 130.0, 140.0, 150.0, 160.0, 170.0, 180.0, 190.0, 200.0, 210.0, 220.0, 230.0, 240.0]	[3, 5, 6, 8, 8, 9, 10, 11, 12, 12, 13, 13, 13]	0	10	-150	NR	NR	NR	NR	NR	NR	NR	NR	NR	NR	NR	NR	NR	NR	NR	NR	NR	NR	NR	NR	NR	NR	NR	NR	NR	NR	NR	NR
25_6_18_6	Mouse NAc Patch-seq 25_6_18_6	Batch7	-68.40965212	-71.00830078	446.2541853	14.71933352	-31.21948242	82.39746094	1.8	3.831830195	-10.22338867	0	1.086538462	10	70	1.043611038	330.2	162	1	0.000878287	0.122112637	1.033564658	0.376959945	0.0554	4.904879761	0.922959573	0.982444064	0.393875267	0.078167554	0	0	0	[70.0, 80.0, 90.0, 100.0, 110.0, 120.0, 130.0, 140.0, 150.0, 160.0]	[2, 4, 6, 7, 8, 9, 9, 10, 10, 10]	0	10	-150	NR	NR	NR	NR	NR	NR	NR	NR	NR	NR	NR	NR	NR	NR	NR	NR	NR	NR	NR	NR	NR	NR	NR	NR	NR	NR	NR	NR
25_6_18_7	Mouse NAc Patch-seq 25_6_18_7	Batch7	-65.75517938	-66.5835426	480.5210658	12.55369103	-26.21459961	84.6862793	1.6	3.748409496	-13.27514648	0	1.035587189	13	52	1.107749561	439.4	183.8	1.166666667	3.99E-05	0.029313514	1.00611873	0.630117446	0.1079	9.419351196	0.98961039	0.997225151	0.165174943	0.046484324	0	0	0	[60.0, 70.0, 80.0, 90.0, 100.0, 110.0, 120.0, 130.0]	[1, 4, 6, 8, 9, 11, 12, 13]	0	10	-150	NR	NR	NR	NR	NR	NR	NR	NR	NR	NR	NR	NR	NR	NR	NR	NR	NR	NR	NR	NR	NR	NR	NR	NR	NR	NR	NR	NR
25_6_20_1	Mouse NAc Patch-seq 25_6_20_1	Batch7	-81.00746671	-87.10239955	459.2459542	13.20688001	-36.07177734	75.13427734	2	3.101738029	-13.06152344	0	1.00511509	9	90	1.104103923	483.4	178	0.8	0.001601436	0.153574779	1.037283695	0	0.1301	12.709729	0.905929722	0.971318485	2.350998641	0.203447352	0	0	0	[90.0, 100.0, 110.0, 120.0, 130.0, 140.0, 150.0, 160.0, 170.0, 180.0, 190.0, 200.0]	[1, 4, 6, 6, 7, 8, 8, 8, 8, 9, 9, 9]	0	10	-150	NR	NR	NR	NR	NR	NR	NR	NR	NR	NR	NR	NR	NR	NR	NR	NR	NR	NR	NR	NR	NR	NR	NR	NR	NR	NR	NR	NR
25_6_20_2	Mouse NAc Patch-seq 25_6_20_2	Batch7	-77.68541485	-77.45913551	471.0170201	18.61887249	-45.53222656	80.20019531	2.4	3.055420383	-3.204345703	0	1.977707006	6	50	1.068817537	402.9	170.6	1	0.004831818	0.228675326	1.334145803	0.491777783	0.2176	21.64786377	0.846571096	0.952790959	0.824152028	0.1133386	0	0	0	[50.0, 60.0, 70.0, 80.0, 90.0, 100.0, 110.0, 120.0]	[1, 4, 5, 6, 6, 5, 2, 2]	0	10	-150	165.195	-212.17125	0	7.881818	9.7333765	5.93735	18.39640235	49.45168771	173.4376792	0.891232636	0.512480865	0.699534255	127.48104	5	133.8193588	NaN	NaN	5	1.0812302	1.5303917	636.1113071	16.18706194	359.7124788	4	2	0.172080997	1.905320848	NaN
25_6_20_5	Mouse NAc Patch-seq 25_6_20_5	Batch7	-88.22263762	-91.86808268	463.8671875	11.56167906	-43.12133789	73.18115234	1.8	2.717484391	-14.9230957	0	1.008948546	12	70.47619048	1.123397708	540.3	207.7	1	0.000688709	0.117320801	1.03164727	0.421890371	0.1267	13.42310028	0.931495405	0.984378081	0.734577946	0.114487559	0	0	0	[80.0, 90.0, 100.0, 110.0, 120.0, 130.0, 140.0, 150.0, 160.0, 170.0, 180.0]	[1, 5, 7, 8, 10, 11, 11, 12, 12, 12, 12]	0	10	-150	NR	NR	NR	NR	NR	NR	NR	NR	NR	NR	NR	NR	NR	NR	NR	NR	NR	NR	NR	NR	NR	NR	NR	NR	NR	NR	NR	NR
25_6_20_6	Mouse NAc Patch-seq 25_6_20_6	Batch7	-81.3634157	-92.69932338	413.0336217	8.677931494	-38.7878418	83.16040039	1.8	3.667595498	-12.78686523	0	1.082882883	13	110	1.079209158	275.3	153	0.857142857	0.000377092	0.089572531	1.048904161	0	0.316	29.96340942	0.978873239	0.989676575	0.777101507	0.107775664	0	0	0	[110.0, 120.0, 130.0, 140.0, 150.0, 160.0, 170.0, 180.0, 190.0, 200.0, 210.0, 220.0, 230.0, 240.0]	[3, 5, 6, 8, 8, 10, 10, 11, 11, 12, 12, 13, 13, 13]	0	10	-150	155.971	-130.925	0	4.990474	5.7190003	3.1128604	11.30760003	31.14449817	68.10031469	0.882259428	0.532608683	0.718798734	107.03355	5	117.8071594	NaN	NaN	5	1.1078025	1.6181246	615.7322168	15.66847777	348.1883865	4	2	0.256912919	2.517667747	NaN
25_6_24_1	Mouse NAc Patch-seq 25_6_24_1	Batch7	-73.1151743	-79.49393136	440.3250558	17.97893371	-36.95678711	74.03564453	2	2.627464406	-11.81030273	0	0.946043165	9	100	1.071177502	129.2	73.1	1.25	0.000229138	0.057852476	1.033259494	0.712865156	0.1005	9.735690308	0.854711499	0.963222166	1.015040728	0.131118396	0	0	0	[100.0, 110.0, 120.0, 130.0, 140.0, 150.0, 160.0, 170.0, 180.0, 190.0, 200.0]	[4, 6, 6, 7, 9, 8, 9, 3, 3, 2, 2]	0	10	-150	NR	NR	NR	NR	NR	NR	NR	NR	NR	NR	NR	NR	NR	NR	NR	NR	NR	NR	NR	NR	NR	NR	NR	NR	NR	NR	NR	NR
25_6_24_2	Mouse NAc Patch-seq 25_6_24_2	Batch7	-63.53929319	-65.90721494	410.5050223	16.46750849	-29.81567383	77.81982422	2.2	3.986674999	-8.605957031	0	1.030809859	11	80	1.077460139	256.8	130.3	0.833333333	0.000675825	0.110399314	1.017652629	0.558014181	0.3294	28.89980164	0.953515175	0.987846709	0.614878826	0.102449597	0	0	0	[80.0, 90.0, 100.0, 110.0, 120.0, 130.0, 140.0, 150.0, 160.0]	[3, 6, 7, 9, 9, 10, 11, 10, 11]	0	10	-150	NR	NR	NR	NR	NR	NR	NR	NR	NR	NR	NR	NR	NR	NR	NR	NR	NR	NR	NR	NR	NR	NR	NR	NR	NR	NR	NR	NR
25_6_24_3	Mouse NAc Patch-seq 25_6_24_3	Batch7	-70.11538892	-75.04824684	388.9683315	18.48102886	-36.65161133	85.44921875	1.9	3.89680176	-7.537841797	0	1.244171779	7	90	1.021668091	237.3	149	0.75	0.006500173	0.269244575	1.133190803	0.374221216	0.2164	19.18419189	0.900473934	0.936448227	2.510739546	0.202856238	0	0	0	[90.0, 100.0, 110.0, 120.0, 130.0, 140.0, 150.0, 160.0, 170.0, 180.0, 190.0, 200.0]	[2, 4, 4, 5, 6, 6, 6, 7, 7, 6, 6, 5]	0	10	-150	NR	NR	NR	NR	NR	NR	NR	NR	NR	NR	NR	NR	NR	NR	NR	NR	NR	NR	NR	NR	NR	NR	NR	NR	NR	NR	NR	NR
25_6_24_5	Mouse NAc Patch-seq 25_6_24_5	Batch7	-73.67581784	-78.24677967	492.1177455	10.38073358	-33.41674805	73.63891602	1.9	3.196410519	-11.38305664	0	1.123499142	11	80	1.102178935	260.9	137.6	0.833333333	0.000664	0.108919717	1.049419061	0.022779837	0.0975	8.759257507	0.910798122	0.978925163	1.652621609	0.171136728	0	0	0	[80.0, 90.0, 100.0, 110.0, 120.0, 130.0, 140.0, 150.0, 160.0, 170.0, 180.0]	[3, 5, 7, 8, 9, 9, 11, 11, 11, 11, 9]	0	10	-150	159.16875	-130.31874	0	5.075938	6.3871584	4.0995727	12.25930421	31.568388	68.84936131	0.868170388	0.458108417	0.687325998	120.43518	2	133.665102	NaN	NaN	2	1.03533	1.1095127	566.3374233	14.41153285	320.2562773	6	5	0.792152801	0.792152801	0.402747361
25_6_24_7	Mouse NAc Patch-seq 25_6_24_7	Batch7	-65.79206556	-66.96573893	529.7851563	15.01434167	-23.46801758	71.22802734	2.3	3.614024136	-8.422851563	0	1.344017094	8	51.33333333	1.113088561	412.9	169.4	1	0.002271104	0.177305018	1.09840473	0.666460237	0.1858	16.17498779	0.765681004	0.948551663	0.845969242	0.128477895	0	0	0	[60.0, 70.0, 80.0, 90.0, 100.0, 110.0, 120.0]	[2, 5, 7, 8, 7, 3, 3]	0	10	-150	194.67111	-127.53777	0	5.5683913	7.0676622	3.8703482	13.02127799	35.50897659	88.9540041	0.886541468	0.524636232	0.720716554	77.709015	7	82.90763855	NaN	NaN	7	1.0330539	1.0866799	466.2539539	11.86471842	263.6604028	4	1	0.379813581	3.130641592	NaN
25_6_25_1	Mouse NAc Patch-seq 25_6_25_1	Batch7	-69.29875134	-86.96754092	476.4229911	7.825332566	-25.36010742	77.97241211	1.7	3.189851399	-15.8996582	0	1.065982405	12	130	1.088357547	155	118.8	0.714285714	0.001396597	0.168903629	1.084303288	0.002510931	0.1003	8.447879028	0.96387987	0.987089254	0.835801347	0.120298041	0	0	0	[130.0, 140.0, 150.0, 160.0, 170.0, 180.0, 190.0, 200.0, 210.0, 220.0, 230.0, 240.0]	[5, 7, 7, 9, 10, 11, 11, 12, 12, 12, 11, 12]	0	10	-150	NR	NR	NR	NR	NR	NR	NR	NR	NR	NR	NR	NR	NR	NR	NR	NR	NR	NR	NR	NR	NR	NR	NR	NR	NR	NR	NR	NR
25_6_25_2	Mouse NAc Patch-seq 25_6_25_2	Batch7	-68.48239878	-74.09086682	438.1452288	13.32649811	-26.15356445	78.09448242	1.8	3.421458063	-12.90893555	0	1.020560748	11	90	1.093202667	355.5	173.8	1.2	0.001340913	0.156042473	1.048454753	0.16576359	0.1592	14.15627441	0.89908983	0.979395725	0.776708191	0.114786608	0	0	0	[90.0, 100.0, 110.0, 120.0, 130.0, 140.0, 150.0, 160.0, 170.0, 180.0, 190.0]	[2, 5, 7, 8, 9, 10, 10, 11, 11, 11, 11]	0	10	-150	NR	NR	NR	NR	NR	NR	NR	NR	NR	NR	NR	NR	NR	NR	NR	NR	NR	NR	NR	NR	NR	NR	NR	NR	NR	NR	NR	NR
25_6_25_4	Mouse NAc Patch-seq 25_6_25_4	Batch7	-68.92655743	-73.12069847	505.0223214	10.07200935	-23.1628418	74.24926758	1.7	2.731369455	-13.30566406	0	1.091803279	12	80	1.173113763	478	188.1	1	0.0008474	0.128138954	1.059973259	0.030249392	0.1403	12.34650574	0.937161881	0.989416354	0.64128995	0.105119912	0	0	0	[80.0, 90.0, 100.0, 110.0, 120.0, 130.0, 140.0, 150.0, 160.0, 170.0, 180.0]	[1, 5, 6, 8, 8, 9, 10, 11, 11, 12, 11]	0	10	-150	NR	NR	NR	NR	NR	NR	NR	NR	NR	NR	NR	NR	NR	NR	NR	NR	NR	NR	NR	NR	NR	NR	NR	NR	NR	NR	NR	NR
25_6_26_2	Mouse NAc Patch-seq 25_6_26_2	Batch7	-75.680429	-75.7745652	404.4886998	16.57050079	-46.56982422	91.00341797	1.8	3.228425674	-5.065917969	0	1.035904255	11	50	1.068384675	360.1	145.2	0.833333333	0.001041753	0.137651227	1.0433254	0	0.1935	18.42778473	0.935146444	0.981783169	0.727011238	0.103882096	0	0	0	[50.0, 60.0, 70.0, 80.0, 90.0, 100.0, 110.0, 120.0]	[2, 5, 7, 9, 10, 10, 11, 11]	0	10	-150	NR	NR	NR	NR	NR	NR	NR	NR	NR	NR	NR	NR	NR	NR	NR	NR	NR	NR	NR	NR	NR	NR	NR	NR	NR	NR	NR	NR
25_6_26_3	Mouse NAc Patch-seq 25_6_26_3	Batch7	-74.10861662	-78.06599935	444.9462891	12.42117346	-30.42602539	76.41601563	1.8	3.121556688	-14.61791992	0	1.068874172	11	90	1.116792421	303.3	174	0.833333333	0.000789619	0.118082462	1.037647858	0	0.1639	15.22354126	0.968926554	0.985866096	0.761450399	0.115014872	0	0	0	[90.0, 100.0, 110.0, 120.0, 130.0, 140.0, 150.0, 160.0, 170.0, 180.0, 190.0]	[3, 5, 6, 7, 8, 8, 9, 9, 10, 10, 11]	0	10	-150	169.51364	-187.21455	0	5.717774	6.9596806	4.4253225	12.67511857	36.26858786	96.25594799	0.91955169	0.599133377	0.842422869	87.51762	6	91.60577393	NaN	NaN	6	1.114755	2.0950422	475.5522208	12.10133046	268.9184476	5	2	0.205214985	2.034442964	NaN
25_6_26_4	Mouse NAc Patch-seq 25_6_26_4	Batch7	-67.55145289	-72.15198335	372.0528739	11.8787384	-24.04785156	76.20239258	1.7	2.872646886	-14.43481445	0	1.097183099	12	100	1.075362868	529.3	205	1	0.001518839	0.171626401	1.053390055	0.079275491	0.1581	13.38883209	0.967408585	0.983313062	2.066849665	0.196500933	0	0	0	[100.0, 110.0, 120.0, 130.0, 140.0, 150.0, 160.0, 170.0, 180.0, 190.0, 200.0, 210.0, 220.0, 230.0, 240.0]	[1, 4, 5, 7, 7, 8, 9, 10, 10, 11, 11, 11, 11, 12, 12]	0	10	-150	NR	NR	NR	NR	NR	NR	NR	NR	NR	NR	NR	NR	NR	NR	NR	NR	NR	NR	NR	NR	NR	NR	NR	NR	NR	NR	NR	NR
25_6_26_5	Mouse NAc Patch-seq 25_6_26_5	Batch7	-73.96497966	-78.93269857	492.5537109	14.79719794	-30.51757813	73.12011719	2	3.112512137	-13.70239258	0	1.014925373	10	80	1.046662918	335.4	189.5	1	0.00072923	0.111893518	1.059795772	0	0.077	7.070393372	0.934052758	0.976956246	0.852441088	0.123244143	0	0	0	[80.0, 90.0, 100.0, 110.0, 120.0, 130.0, 140.0, 150.0, 160.0, 170.0, 180.0]	[3, 5, 7, 8, 8, 9, 9, 10, 10, 10, 7]	0	10	-150	NR	NR	NR	NR	NR	NR	NR	NR	NR	NR	NR	NR	NR	NR	NR	NR	NR	NR	NR	NR	NR	NR	NR	NR	NR	NR	NR	NR
25_6_26_6	Mouse NAc Patch-seq 25_6_26_6	Batch7	-57.13365143	-69.62076823	526.1230469	11.55254493	-15.99121094	82.88574219	1.8	3.35527073	-11.10839844	0	1.07994186	9	110	1.074893322	168.1	146.8	0.8	0.000979403	0.120623785	1.062698449	0.137188423	0.1001	7.360276794	0.917391304	0.975104292	1.003643278	0.12770197	0	0	0	[110.0, 120.0, 130.0, 140.0, 150.0, 160.0, 170.0, 180.0, 190.0, 200.0, 210.0, 220.0, 230.0, 240.0]	[4, 5, 6, 7, 7, 8, 8, 9, 9, 9, 9, 7, 6, 5]	0	10	-150	NR	NR	NR	NR	NR	NR	NR	NR	NR	NR	NR	NR	NR	NR	NR	NR	NR	NR	NR	NR	NR	NR	NR	NR	NR	NR	NR	NR
25_6_26_7	Mouse NAc Patch-seq 25_6_26_7	Batch7	-69.26016857	-69.37546503	512.9568917	17.38343199	-31.86035156	73.63891602	2.1	2.569321063	-7.476806641	0	1.139423077	8	50	1.093385681	381.1	161.4	1	0.006143672	0.284106344	1.218452228	0	0.2007	18.22605896	0.852842809	0.957698238	1.07864311	0.139099092	0	0	0	[50.0, 60.0, 70.0, 80.0, 90.0, 100.0, 110.0, 120.0]	[2, 5, 6, 7, 7, 8, 7, 7]	0	10	-150	NR	NR	NR	NR	NR	NR	NR	NR	NR	NR	NR	NR	NR	NR	NR	NR	NR	NR	NR	NR	NR	NR	NR	NR	NR	NR	NR	NR
25_6_26_8	Mouse NAc Patch-seq 25_6_26_8	Batch7	-57.46817246	-55.89250837	497.5237165	25.06409804	-27.58789063	75.98876953	1.9	3.512407923	-12.39013672	0	1.048854962	9	22.22222222	1.045242051	579.5	189	0.8	0.002050735	0.175000361	1.071270889	0	0.271	23.57447815	0.883842444	0.965338557	1.941331575	0.190973857	0	0	0	[30.0, 40.0, 50.0, 60.0, 70.0, 80.0, 90.0]	[1, 3, 6, 7, 8, 8, 9]	0	10	-150	NR	NR	NR	NR	NR	NR	NR	NR	NR	NR	NR	NR	NR	NR	NR	NR	NR	NR	NR	NR	NR	NR	NR	NR	NR	NR	NR	NR
25_6_27_2	Mouse NAc Patch-seq 25_6_27_2	Batch7	-49.13195834	-48.84730748	710.7979911	29.60752723	-25.87890625	84.71679688	2.3	3.987699493	-8.087158203	0	1.109766968	9	12.22222222	1.077150095	243.8	75.4	0.8	0.000276654	0.063907793	1.041830299	0.359366908	0.4604	45.09016418	0.863156478	0.954884381	1.510165907	0.15922898	0	0	0	[20.0, 30.0, 40.0, 50.0, 60.0]	[2, 6, 8, 9, 9]	0	10	-150	NR	NR	NR	NR	NR	NR	NR	NR	NR	NR	NR	NR	NR	NR	NR	NR	NR	NR	NR	NR	NR	NR	NR	NR	NR	NR	NR	NR
25_6_27_4	Mouse NAc Patch-seq 25_6_27_4	Batch7	-69.68672391	-72.55830311	382.1672712	10.7541127	-31.37207031	80.01708984	1.8	3.323844191	-9.246826172	0	1.001988072	11	90	1.068428428	347.6	176.1	0.833333333	0.001884363	0.18462831	1.019842954	0	0.2621	22.44560242	0.96143358	0.982187835	2.163392702	0.204842181	0	0	0	[90.0, 100.0, 110.0, 120.0, 130.0, 140.0, 150.0, 160.0, 170.0, 180.0]	[3, 5, 7, 8, 9, 10, 10, 10, 10, 11]	0	10	-150	215.0675	-145.04251	0	5.103871	6.4834676	3.9604945	11.41870061	31.9916332	73.68898729	0.904772993	0.565157136	0.868968071	130.92918	5	137.0751019	NaN	NaN	5	1.0562297	1.2198908	874.0322914	22.24141396	494.2536311	9	3	0.135267078	1.373246174	NaN
25_6_27_5	Mouse NAc Patch-seq 25_6_27_5	Batch7	-64.73859098	-69.18916248	255.03976	8.10338531	-27.52685547	81.57348633	1.8	3.186842883	-9.399414063	0	1.014362657	15	113.3333333	1.022993939	477.2	211.2	0.875	0.000353092	0.093719663	0.997380573	0	0.0674	5.613789368	1	0.998861906	0.091617359	0.036060624	0	0	0	[120.0, 130.0, 140.0, 150.0, 160.0, 170.0, 180.0, 190.0, 200.0, 210.0, 220.0, 230.0, 240.0]	[1, 3, 5, 7, 8, 9, 10, 11, 12, 13, 14, 14, 15]	0	10	-150	NR	NR	NR	NR	NR	NR	NR	NR	NR	NR	NR	NR	NR	NR	NR	NR	NR	NR	NR	NR	NR	NR	NR	NR	NR	NR	NR	NR
25_6_27_6	Mouse NAc Patch-seq 25_6_27_6	Batch7	-70.08161105	-71.11467634	630.8419364	15.79005737	-27.46582031	71.59423828	2.4	3.551214224	-8.422851563	0	1.546471601	8	60	1.130474504	273.6	157.8	1	0.004369595	0.23819626	1.184364259	0.126392387	0.2464	22.49672089	0.865774709	0.965076798	0.791544681	0.121271727	0	0	0	[60.0, 70.0, 80.0, 90.0, 100.0, 110.0, 120.0, 130.0, 140.0]	[3, 5, 6, 7, 7, 7, 8, 7, 6]	0	10	-150	NR	NR	NR	NR	NR	NR	NR	NR	NR	NR	NR	NR	NR	NR	NR	NR	NR	NR	NR	NR	NR	NR	NR	NR	NR	NR	NR	NR
25_6_27_7	Mouse NAc Patch-seq 25_6_27_7	Batch7	-51.46275917	-51.28638858	537.8941127	14.52958232	-13.3972168	76.99584961	1.8	3.236547154	-12.87841797	0	1.140056022	11	41	1.105875939	326.3	136.4	0.833333333	0.002073375	0.193125918	1.091959207	0.377189672	0.1677	12.82425232	0.878250103	0.978200014	0.638914814	0.10517003	0	0	0	[50.0, 60.0, 70.0, 80.0, 90.0, 100.0, 110.0, 120.0, 130.0, 140.0]	[1, 4, 7, 8, 9, 10, 11, 11, 11, 10]	0	10	-150	NR	NR	NR	NR	NR	NR	NR	NR	NR	NR	NR	NR	NR	NR	NR	NR	NR	NR	NR	NR	NR	NR	NR	NR	NR	NR	NR	NR
25_6_30_2	Mouse NAc Patch-seq 25_6_30_2	Batch7	-56.52154272	-58.02902948	844.2905971	50.79304827	-26.27563477	85.14404297	2.1	3.821822416	-7.720947266	0	1.299734748	5	40	1.098748373	124.9	81.1	NaN	0.014202911	0.40462614	1.402948398	0.806045461	0.3722	35.17419739	0.763031423	0.875158669	1.064016934	0.126838104	0	0	0	[40.0, 50.0, 60.0, 70.0, 80.0, 90.0, 100.0]	[1, 2, 2, 2, 5, 4, 3]	0	10	-50	-2988.2554	584.5439	0	6.5142107	8.295347	4.5873747	14.96369865	41.87093254	128.21573	0.919021997	0.572615899	0.771203222	99.447784	3	121.7211037	NaN	NaN	3	1.0776378	1.2185333	603.4590797	29.62222776	473.9556457	4	2	0.578618293	1.967896068	NaN
25_6_30_3	Mouse NAc Patch-seq 25_6_30_3	Batch7	-59.5673245	-58.99135045	613.2289342	30.08690074	-36.28540039	87.15820313	2	3.520615931	-10.83374023	0	1.072115385	11	30	1.104136692	113.7	66.9	0.833333333	0.000640648	0.106625895	1.085727058	1.007727605	0.3877	39.67893219	0.949981336	0.972916105	1.049835779	0.128606665	0	0	0	[30.0, 40.0, 50.0, 60.0, 70.0, 80.0, 90.0, 100.0]	[3, 4, 5, 6, 8, 9, 10, 11]	0	10	-150	196.96399	-191.202	0	7.2363024	9.2921505	4.9940395	17.71587686	45.90516049	148.4174747	0.885058305	0.472889566	0.640078004	98.32893	5	119.469533	NaN	NaN	5	1.0860711	1.4664307	598.9076986	29.39881287	470.381007	4	1	0.32702355	2.456161882	NaN
25_6_30_4	Mouse NAc Patch-seq 25_6_30_4	Batch7	-72.54121292	-76.42444429	438.0580357	14.8801147	-34.14916992	78.24707031	2	4.181130358	-8.850097656	0	1.021299255	10	80	1.071896156	335.7	174.2	1	0.002012516	0.183009077	1.022275688	0	0.1219	11.08037415	0.918178154	0.973532268	1.149410956	0.144991354	0	0	0	[80.0, 90.0, 100.0, 110.0, 120.0, 130.0, 140.0, 150.0, 160.0, 170.0, 180.0, 190.0]	[2, 5, 7, 7, 8, 9, 9, 9, 10, 10, 10, 10]	0	10	-150	NR	NR	NR	NR	NR	NR	NR	NR	NR	NR	NR	NR	NR	NR	NR	NR	NR	NR	NR	NR	NR	NR	NR	NR	NR	NR	NR	NR
25_6_30_7	Mouse NAc Patch-seq 25_6_30_7	Batch7	-69.16602061	-85.25274368	418.3523996	8.71686174	-25.75683594	82.94677734	1.9	3.579944447	-7.659912109	0	1.06012024	12	120	1.051887093	328.9	197.2	1	0.000381248	0.088777567	1.013908614	0.039243631	0.0689	5.796408081	0.976155539	0.991226284	0.265524664	0.06311528	0	0	0	[120.0, 130.0, 140.0, 150.0, 160.0, 170.0, 180.0, 190.0, 200.0, 210.0, 220.0, 230.0, 240.0]	[3, 5, 7, 8, 9, 9, 10, 11, 11, 12, 12, 12, 12]	0	10	-150	208.56363	-210.94365	0	6.860471	9.072221	4.518984	17.27809875	44.81825345	141.5349228	0.885449139	0.474101914	0.669183208	140.30621	6	143.3024101	NaN	NaN	6	1.0554354	1.2617695	1306.847487	64.1497256	1026.395613	11	4	0.30511418	2.608243757	NaN
25_6_4_10	Mouse NAc Patch-seq 25_6_4_10	Batch7	-64.26952182	-62.42472331	605.46875	21.9986754	-33.29467773	65.85693359	2.6	3.364777832	-5.767822266	0	1.148558758	10	40	1.048033042	219.7	114.9	1	0.002137349	0.184255619	1.077649102	0.223197801	0.102	10.05854492	0.952064547	0.991915683	0.430407756	0.087858514	0	0	0	[40.0, 50.0, 60.0, 70.0, 80.0, 90.0, 100.0, 110.0]	[3, 5, 7, 8, 9, 9, 10, 10]	0	10	-150	NR	NR	NR	NR	NR	NR	NR	NR	NR	NR	NR	NR	NR	NR	NR	NR	NR	NR	NR	NR	NR	NR	NR	NR	NR	NR	NR	NR
25_6_4_2	Mouse NAc Patch-seq 25_6_4_2	Batch7	-52.6294895	-54.06901042	520.1939174	21.48575034	-45.13549805	78.46069336	3.6	5.32457048	-7.720947266	0	1.215584416	12	0	1.040693238	164.2	1.1	1	0.000812306	0.122350398	1.034746762	0	0.1581	17.07021179	0.890064224	0.981241385	2.856647084	0.219745687	0	0	0	[0.0, 10.0, 20.0, 30.0, 40.0, 50.0]	[2, 7, 9, 10, 11, 12]	0	10	-150	NR	NR	NR	NR	NR	NR	NR	NR	NR	NR	NR	NR	NR	NR	NR	NR	NR	NR	NR	NR	NR	NR	NR	NR	NR	NR	NR	NR
25_6_4_3	Mouse NAc Patch-seq 25_6_4_3	Batch7	-48.21893615	-47.11797805	259.1378348	35.98095294	-36.86523438	80.50537109	2.1	4.851162186	-8.575439453	0	2.196825397	6	20	1.057663351	46.1	28.6	0.5	0.014036777	0.363933252	1.818788421	4.477909976	0.4474	34.88298035	0.861725664	0.948158477	0.760071716	0.106935848	0	0	1	[20.0, 30.0, 40.0, 50.0, 60.0, 70.0, 80.0, 90.0, 100.0, 110.0, 120.0, 130.0, 140.0, 150.0, 160.0]	[1, 1, 2, 2, 2, 2, 3, 4, 4, 4, 5, 5, 6, 4, 6]	0	10	-150	NR	NR	NR	NR	NR	NR	NR	NR	NR	NR	NR	NR	NR	NR	NR	NR	NR	NR	NR	NR	NR	NR	NR	NR	NR	NR	NR	NR
25_6_4_4	Mouse NAc Patch-seq 25_6_4_4	Batch7	-78.01869816	-86.08863467	386.8756975	12.63271447	-30.88378906	76.20239258	1.8	3.02739418	-15.10620117	0	1.006593407	10	110	1.100122707	472.8	230.6	1	0.001409637	0.156862258	1.045643051	0	0.0915	8.486746216	0.902165507	0.978357913	0.812776914	0.117547515	0	0	0	[110.0, 120.0, 130.0, 140.0, 150.0, 160.0, 170.0, 180.0, 190.0, 200.0, 210.0, 220.0, 230.0, 240.0]	[1, 4, 6, 7, 8, 9, 9, 10, 10, 10, 10, 9, 8, 7]	0	10	-150	212.26729	-189.22545	0	6.911857	8.042261	6.061903	14.54828499	43.34013096	141.9835525	0.949877201	0.67083303	0.941158353	172.13994	6	192.4493871	NaN	NaN	6	1.0715847	1.4775367	1511.460333	62.7974946	1092.130328	12	5	0.116526368	1.805236882	NaN
25_6_4_6	Mouse NAc Patch-seq 25_6_4_6	Batch7	-72.18117498	-70.12416295	541.2074498	17.14960923	-47.36328125	87.40234375	2.1	4.51073042	-6.134033203	0	0.913513514	14	30	1.068670584	243.9	105	0.75	0.000979934	0.151681543	1.02339123	0.086501025	0.1155	12.0105423	0.935627081	0.98333017	1.259429043	0.142805484	0	0	0	[30.0, 40.0, 50.0, 60.0, 70.0, 80.0, 90.0, 100.0, 110.0, 120.0]	[4, 8, 10, 11, 12, 13, 13, 13, 13, 14]	0	10	-150	NR	NR	NR	NR	NR	NR	NR	NR	NR	NR	NR	NR	NR	NR	NR	NR	NR	NR	NR	NR	NR	NR	NR	NR	NR	NR	NR	NR
25_6_4_7	Mouse NAc Patch-seq 25_6_4_7	Batch7	-58.4226558	-56.13781157	849.2606027	22.38562625	-31.55517578	71.22802734	2.5	3.137477659	-5.981445313	0	1.095982143	7	30	1.098223637	126	78.7	0.75	0.001594602	0.139167648	1.13360651	0	0.4812	47.26873169	0.794368601	0.949824514	0.726465167	0.113601647	0	0	0	[30.0, 40.0, 50.0, 60.0, 70.0, 80.0, 90.0]	[5, 7, 4, 2, 2, 1, 2]	0	10	-150	178.23999	-193.81502	0	7.3024073	8.737081	4.8608356	17.17785523	45.38592882	143.4567543	0.875161914	0.486164367	0.677878679	113.42725	6	150.2678709	NaN	NaN	6	1.0644914	1.324352	1568.724451	65.17667901	1133.507448	15	4	0.110394106	1.822485279	NaN
25_6_4_8	Mouse NAc Patch-seq 25_6_4_8	Batch7	-73.48096926	-72.43041992	356.1401367	15.03984903	-33.41674805	75.16479492	1.8	2.48081742	-16.23535156	0	1.182235835	9	60	1.089831973	479.7	117.2	0.8	0.004259553	0.253302147	1.147018258	0.864540431	0.0629	5.863931274	0.785927029	0.974488291	1.188240236	0.139687413	0	0	0	[60.0, 70.0, 80.0, 90.0, 100.0, 110.0, 120.0, 130.0, 140.0]	[1, 6, 7, 8, 8, 9, 9, 8, 8]	0	10	-150	NR	NR	NR	NR	NR	NR	NR	NR	NR	NR	NR	NR	NR	NR	NR	NR	NR	NR	NR	NR	NR	NR	NR	NR	NR	NR	NR	NR
25_6_4_9	Mouse NAc Patch-seq 25_6_4_9	Batch7	-46.52171314	-57.4625651	622.9073661	37.76730515	-34.14916992	62.46948242	2.9	3.595039632	-7.507324219	0	1.541003672	6	0	1.139365907	255.5	46.5	1	0.004313295	0.198761864	1.197534453	4.459848639	0.1713	18.28150177	0.855782313	0.911292753	1.232919891	0.152303498	0	0	3	[0.0, 10.0, 20.0]	[1, 6, 2]	0	10	-150	NR	NR	NR	NR	NR	NR	NR	NR	NR	NR	NR	NR	NR	NR	NR	NR	NR	NR	NR	NR	NR	NR	NR	NR	NR	NR	NR	NR
25_6_5_2	Mouse NAc Patch-seq 25_6_5_2	Batch7	-55.83742046	-67.86382766	471.3657924	12.04448766	-11.16943359	81.14624023	1.9	3.571407452	-10.83374023	0	1.114803625	10	110	1.067851936	282.1	178.6	1	0.002183407	0.190761955	1.090311525	0.282079838	0.277	20.21304321	0.93201581	0.973930831	1.041205173	0.135382212	0	0	0	[110.0, 120.0, 130.0, 140.0, 150.0, 160.0, 170.0, 180.0, 190.0, 200.0, 210.0, 220.0, 230.0, 240.0]	[3, 5, 6, 7, 7, 8, 9, 9, 9, 9, 10, 9, 9, 9]	0	10	-150	NR	NR	NR	NR	NR	NR	NR	NR	NR	NR	NR	NR	NR	NR	NR	NR	NR	NR	NR	NR	NR	NR	NR	NR	NR	NR	NR	NR
25_6_5_3	Mouse NAc Patch-seq 25_6_5_3	Batch7	-63.10340852	-75.68214053	437.5348772	12.41143776	-18.03588867	79.52880859	1.7	3.265529724	-10.68115234	0	1.20754717	11	110	1.067757335	354.2	186.3	0.833333333	0.001877585	0.186778939	1.106599509	0	0.1114	8.590213013	0.903683807	0.97630642	0.688726966	0.107801275	0	0	0	[110.0, 120.0, 130.0, 140.0, 150.0, 160.0, 170.0, 180.0, 190.0, 200.0, 210.0, 220.0, 230.0, 240.0]	[2, 5, 6, 7, 8, 9, 9, 10, 10, 10, 11, 11, 11, 11]	0	10	-150	188.732	-182.79799	0	6.456851	9.146729	5.003849	15.73442167	42.38544542	127.4890154	0.891762341	0.514957275	0.881548777	106.69673	8	127.5133667	NaN	NaN	8	1.094972	1.3649182	1557.19432	64.69763021	1125.176167	14	3	0.051540778	1.681458409	NaN
25_6_5_4	Mouse NAc Patch-seq 25_6_5_4	Batch7	-71.44194465	-77.36496698	371.2681362	10.66871112	-29.26635742	77.88085938	1.8	3.388798918	-7.629394531	0	1.134715026	11	110	1.09727228	344.7	211.8	0.833333333	0.001552391	0.167958064	1.042461039	0.141274013	0.1272	11.04940643	0.934755847	0.97967268	1.160187756	0.14781363	0	0	0	[110.0, 120.0, 130.0, 140.0, 150.0, 160.0, 170.0, 180.0, 190.0, 200.0, 210.0, 220.0, 230.0, 240.0]	[2, 4, 6, 6, 8, 8, 9, 9, 10, 10, 10, 10, 11, 11]	0	10	-150	218.29643	-191.515	0	8.99262	11.099481	6.942314	20.38764343	57.74410539	246.5449749	0.929160426	0.59314667	0.781280326	146.56458	6	159.8392439	NaN	NaN	6	1.08673	1.5705484	1572.903741	65.35031976	1136.52729	7	3	0.088680009	1.458697033	NaN
25_6_5_6	Mouse NAc Patch-seq 25_6_5_6	Batch7	-73.75302775	-78.05873326	410.5050223	13.93701834	-31.15844727	75.59204102	1.9	3.314097915	-8.728027344	0	1.282861897	8	80.66666667	1.077124225	468.6	210.3	1	0.005404852	0.270204276	1.143467122	0.27674429	0.0743	6.745874023	0.869865799	0.96975687	1.055291877	0.135721987	0	0	0	[90.0, 100.0, 110.0, 120.0, 130.0, 140.0, 150.0, 160.0, 170.0, 180.0]	[1, 3, 5, 6, 7, 7, 8, 8, 8, 7]	0	10	-150	212.37598	-209.8	0	6.8862886	8.834055	5.3912115	15.97631476	44.16019421	143.4648343	0.924471178	0.56207238	0.816776489	197.31279	4	207.000854	NaN	NaN	4	1.0717734	1.3796552	1509.862045	62.73108899	1090.975449	12	4	0.019996032	2.086343799	NaN
25_6_5_7	Mouse NAc Patch-seq 25_6_5_7	Batch7	-84.45719896	-86.76438105	618.1989397	9.349686869	-44.25048828	75.83618164	1.8	3.101104243	-10.55908203	0	1.077540107	12	60	1.11024418	205.4	111.8	0.714285714	0.001684035	0.188074797	1.079212908	0	0.0975	10.67223053	0.933279089	0.985284085	0.617563889	0.102104251	0	0	0	[60.0, 70.0, 80.0, 90.0, 100.0, 110.0, 120.0, 130.0, 140.0]	[5, 7, 9, 10, 11, 11, 12, 12, 11]	0	10	-150	NR	NR	NR	NR	NR	NR	NR	NR	NR	NR	NR	NR	NR	NR	NR	NR	NR	NR	NR	NR	NR	NR	NR	NR	NR	NR	NR	NR
25_6_6_1	Mouse NAc Patch-seq 25_6_6_1	Batch7	-73.95898759	-73.89729818	621.9482422	24.49469462	-40.37475586	65.79589844	3	3.946728975	-10.43701172	0	2.822250639	3	20	1.145342913	540.4	129	NaN	0.0339683	0.476748076	2.822250639	2.113222882	0.2962	33.65292053	0.772195756	0.810382791	1.784397185	0.176906403	0	0	0	[20.0, 30.0, 40.0, 50.0]	[1, 3, 2, 2]	0	10	-150	193.84377	-146.91376	0	6.1818	7.7111225	5.2462454	14.49182756	38.0286613	103.2608312	0.897270533	0.491687651	0.7233631	143.8284	3	159.6378937	NaN	NaN	3	1.2524705	3.616069	791.7286148	32.89439435	572.0764164	5	2	0.370495038	1.297787531	NaN
25_6_6_2	Mouse NAc Patch-seq 25_6_6_2	Batch7	-115.0616252	-113.2588704	393.0664063	42.6954874	-77.20947266	73.36425781	2.3	3.651785426	-12.4206543	0	1.007374631	9	80	1.013059199	401.2	262.7	1.25	0.00022027	0.06099821	1.00010464	0.181448346	0.2125	28.98825836	0.974677921	0.979848458	0.246146685	0.064805002	0	0	0	[80.0, 90.0, 100.0, 110.0, 120.0, 130.0, 140.0, 150.0, 160.0, 170.0, 180.0, 190.0]	[2, 4, 6, 6, 7, 8, 8, 9, 8, 8, 6, 6]	0	10	-50	181.79584	-207.40417	0	9.220606	11.41982	7.1711826	21.10122426	58.30162662	248.1758075	0.917503995	0.557370703	0.806380763	136.43512	3	148.1156573	NaN	NaN	3	1.0425143	1.2740109	1637.906988	68.05104537	1183.496431	11	3	0.822831733	2.551498356	NaN
25_6_6_4	Mouse NAc Patch-seq 25_6_6_4	Batch7	-60.15335473	-61.26708984	440.9790039	14.78910639	-25.84838867	85.47973633	2.1	4.709121123	-11.0168457	0	0.998046875	14	20	1.134236435	451.2	138	1	0.000502335	0.105890691	1.019597452	0.718497553	0.2372	22.51361542	0.896899784	0.986879113	1.020701159	0.128787929	0	0	0	[20.0, 30.0, 40.0, 50.0, 60.0, 70.0, 80.0, 90.0, 100.0]	[1, 6, 9, 10, 11, 12, 13, 14, 14]	0	10	-150	NR	NR	NR	NR	NR	NR	NR	NR	NR	NR	NR	NR	NR	NR	NR	NR	NR	NR	NR	NR	NR	NR	NR	NR	NR	NR	NR	NR
25_6_6_5	Mouse NAc Patch-seq 25_6_6_5	Batch7	-44.00316377	-49.49776786	581.4906529	10.90397244	1.068115234	78.18603516	2	3.704726654	-9.246826172	0	1.110544218	11	80	1.143264554	264.2	156.5	0.833333333	0.00119682	0.148928709	1.051991194	0.136028694	0.2209	14.19659882	0.919856459	0.980889865	0.825980163	0.119162051	0	0	0	[80.0, 90.0, 100.0, 110.0, 120.0, 130.0, 140.0, 150.0, 160.0, 170.0, 180.0, 190.0]	[4, 6, 8, 9, 9, 10, 10, 11, 11, 11, 11, 10]	0	10	-150	NR	NR	NR	NR	NR	NR	NR	NR	NR	NR	NR	NR	NR	NR	NR	NR	NR	NR	NR	NR	NR	NR	NR	NR	NR	NR	NR	NR
25_6_6_6	Mouse NAc Patch-seq 25_6_6_6	Batch7	-60.05357055	-60.43207078	490.8098493	11.7149024	-17.51708984	84.2590332	1.9	4.29955817	-7.690429688	0	1.052966102	10	60	1.105558263	397.9	180.3	1	0.002115204	0.185404774	1.06819275	0.1232345	0.218	17.71088867	0.879361544	0.974632099	1.284455397	0.144511981	0	0	0	[60.0, 70.0, 80.0, 90.0, 100.0, 110.0, 120.0, 130.0, 140.0]	[2, 5, 7, 8, 9, 9, 10, 10, 10]	0	10	-150	186.45499	-170.60623	0	6.812705	7.7871933	6.0828056	14.40921647	41.90837205	128.924139	0.922449335	0.620945535	0.941832846	131.152	4	151.6458344	NaN	NaN	4	1.2697774	3.1946797	1148.037177	47.69814778	829.5329973	10	4	0.028031409	0.35607408	NaN
25_6_6_8	Mouse NAc Patch-seq 25_6_6_8	Batch7	-42.97763973	-40.9949893	779.1573661	22.30479119	-9.338378906	66.25366211	2.5	2.833872536	-8.666992188	0	2.0778136	4	40	1.125062658	156.9	101.2	NaN	0.004250287	0.18093226	2.200137126	0.845531665	0.2872	22.31880188	0.837483718	0.887613004	0.422690341	0.08499012	0	0	0	[40.0, 50.0, 60.0, 70.0, 80.0, 90.0, 100.0]	[4, 3, 1, 2, 1, 1, 1]	0	10	-150	NR	NR	NR	NR	NR	NR	NR	NR	NR	NR	NR	NR	NR	NR	NR	NR	NR	NR	NR	NR	NR	NR	NR	NR	NR	NR	NR	NR
25_7_1_1	Mouse NAc Patch-seq 25_7_1_1	Batch7	NR	NR	NR	NR	NR	NR	NR	NR	NR	NR	NR	NR	NR	NR	NR	NR	NR	NR	NR	NR	NR	NR	NR	NR	NR	NR	NR	NR	NR	NR	NR	NR	NR	NR	NR	NR	NR	NR	NR	NR	NR	NR	NR	NR	NR	NR	NR	NR	NR	NR	NR	NR	NR	NR	NR	NR	NR	NR	NR	NR	NR	NR	NR
25_7_1_2	Mouse NAc Patch-seq 25_7_1_2	Batch7	-65.36867241	-67.09623791	407.5404576	12.17666553	-28.28979492	75.07324219	2.1	3.039069913	-8.453369141	0	0.924	15	80	1.077839403	435.7	226.6	0.875	0.000790602	0.137527857	1.013652824	0.117616008	0.1125	10.2123291	0.982608696	0.993892043	0.959315125	0.130179159	0	0	0	[80.0, 90.0, 100.0, 110.0, 120.0, 130.0, 140.0, 150.0, 160.0, 170.0, 180.0, 190.0, 200.0]	[2, 5, 7, 8, 10, 11, 12, 13, 13, 13, 14, 14, 15]	0	10	-150	NR	NR	NR	NR	NR	NR	NR	NR	NR	NR	NR	NR	NR	NR	NR	NR	NR	NR	NR	NR	NR	NR	NR	NR	NR	NR	NR	NR
25_7_15_1	Mouse NAc Patch-seq 25_7_15_1	Batch7	-81.46274538	-84.16341146	518.9732143	13.97865395	-39.52026367	72.69287109	2.3	2.93215218	-13.12255859	0	1.049630412	7	70	1.12617632	451.4	178.1	1.333333333	0.002688223	0.179409748	1.127157355	0.057027654	0.1054	10.82431488	0.856127143	0.950864749	0.559000301	0.096538902	0	0	0	[70.0, 80.0, 90.0, 100.0, 110.0, 120.0, 130.0, 140.0, 150.0]	[1, 5, 6, 7, 7, 6, 2, 2, 2]	0	10	-150	193.42197	-159.17203	0	8.17346	9.884399	5.770032	18.17567698	51.58151964	183.2238811	0.865373669	0.554626846	0.729080696	120.94081	6	147.5718117	NaN	NaN	6	1.0614555	1.5481652	894.3265543	43.90015284	702.4024472	9	3	0.080195575	2.015831667	NaN
25_7_15_2	Mouse NAc Patch-seq 25_7_15_2	Batch7	-72.65859266	-71.68520973	612.2698103	20.2931088	-35.09521484	68.78662109	2.6	4.245399368	-5.004882813	0	2.601886792	6	40	1.058885022	337.1	149.9	1	0.007092929	0.275162578	1.381589788	0	0.1043	10.69317322	0.676840215	0.970369361	0.879855212	0.127001119	0	0	0	[40.0, 50.0, 60.0, 70.0, 80.0]	[3, 4, 5, 5, 6]	0	10	-150	222.63725	-195.26181	0	6.6353593	7.3999796	5.65693	14.63109808	41.77298725	131.3034008	0.945572366	0.613369436	0.870086876	85.76295	3	102.7784877	NaN	NaN	3	1.1117668	1.8601016	991.5548029	48.67283229	778.7653176	8	5	0.507116109	1.057082239	NaN
25_7_15_3	Mouse NAc Patch-seq 25_7_15_3	Batch7	-89.12524464	-91.42078218	314.2438616	10.84834653	-56.73217773	68.51196289	1.6	3.916801727	-19.56176758	0.549316406	1.100330761	13	90	1.080463457	186.5	83.4	0.857142857	0.002518369	0.225957166	1.060741008	2.03494733	0.2257	26.22122498	0.977272727	0.990164633	0.306267477	0.070752732	0	0	0	[90.0, 100.0, 110.0, 120.0, 130.0, 140.0, 150.0, 160.0, 170.0, 180.0, 190.0, 200.0, 210.0, 220.0, 230.0, 240.0]	[2, 4, 5, 6, 6, 7, 8, 9, 9, 10, 10, 11, 11, 12, 12, 13]	0	10	-150	NR	NR	NR	NR	NR	NR	NR	NR	NR	NR	NR	NR	NR	NR	NR	NR	NR	NR	NR	NR	NR	NR	NR	NR	NR	NR	NR	NR
25_7_15_5	Mouse NAc Patch-seq 25_7_15_5	Batch7	-62.15672156	-61.90040225	614.7984096	24.32217413	-24.4140625	74.24926758	2.3	2.839617384	-12.6953125	0	1.36525974	10	44.11764706	1.10169803	388.6	191.2	0.666666667	0.001507919	0.164552581	1.229651633	0.086547852	0.1353	13.66915588	0.921388667	0.967117955	0.824414654	0.121932746	0	0	0	[50.0, 60.0, 70.0, 80.0, 90.0, 100.0, 110.0, 120.0]	[1, 3, 4, 6, 8, 9, 9, 10]	0	10	-150	NR	NR	NR	NR	NR	NR	NR	NR	NR	NR	NR	NR	NR	NR	NR	NR	NR	NR	NR	NR	NR	NR	NR	NR	NR	NR	NR	NR
25_7_15_6	Mouse NAc Patch-seq 25_7_15_6	Batch7	-70.51480423	-81.74235026	307.2684152	7.872415463	-30.15136719	81.35986328	1.7	2.937826754	-11.10839844	0	1.095867769	13	140	1.01542079	332	193.5	0.857142857	0.000298007	0.081964478	1.028790372	0.091017503	0.0158	1.383203125	0.996906419	0.998053973	0.100790959	0.037522001	0	0	0	[140.0, 150.0, 160.0, 170.0, 180.0, 190.0, 200.0, 210.0, 220.0, 230.0, 240.0]	[2, 4, 6, 8, 9, 10, 11, 11, 12, 12, 13]	0	10	-150	213.94444	-175.11111	0	6.5171404	7.1404395	5.4153147	13.73049037	39.96062679	118.9222956	0.935854999	0.630799279	0.85861752	103.70087	4	128.4139347	NaN	NaN	4	1.0661893	1.3600975	810.515265	39.7860749	636.5771999	7	3	0.204800101	1.625722829	NaN
25_7_15_7	Mouse NAc Patch-seq 25_7_15_7	Batch7	-75.5407422	-79.98221261	439.0171596	16.08598858	-40.34423828	81.7565918	1.7	3.345632199	-6.927490234	0	1.2	9	80	1.039876933	266.8	145.3	0.8	0.002501853	0.192682019	1.080838703	0.682376508	0.0657	6.078421021	0.939291101	0.968344852	0.902999501	0.121073297	0	0	0	[80.0, 90.0, 100.0, 110.0, 120.0, 130.0, 140.0, 150.0, 160.0, 170.0, 180.0, 190.0]	[2, 4, 5, 6, 7, 8, 8, 9, 8, 9, 7, 9]	0	10	-150	NR	NR	NR	NR	NR	NR	NR	NR	NR	NR	NR	NR	NR	NR	NR	NR	NR	NR	NR	NR	NR	NR	NR	NR	NR	NR	NR	NR
25_7_15_8	Mouse NAc Patch-seq 25_7_15_8	Batch7	-66.92233812	-73.3715239	391.4969308	9.988921799	-23.22387695	84.19799805	1.8	4.43730122	-8.758544922	0	1.032868526	11	80.66666667	1.075354569	545.4	283.2	0.833333333	0.000837302	0.125655102	1.007097005	0.028580251	0.151	12.50143433	0.98455162	0.991354351	0.264053533	0.062259578	0	0	0	[90.0, 100.0, 110.0, 120.0, 130.0, 140.0, 150.0, 160.0, 170.0, 180.0, 190.0, 200.0, 210.0]	[1, 3, 5, 6, 7, 8, 9, 9, 10, 10, 11, 11, 11]	0	10	-150	210.87112	-170.1	0	5.9125614	6.840269	4.8903103	12.72374802	36.95085661	101.749595	0.936469272	0.628496074	0.917185738	70.952736	3	90.13868904	NaN	NaN	3	1.0927328	1.3995918	428.2882862	21.02355213	336.3768324	7	4	0.317723636	1.368855429	NaN
25_7_1_6	Mouse NAc Patch-seq 25_7_1_6	Batch7	-74.3570123	-84.28955078	371.7041016	9.299449438	-31.00585938	77.88085938	1.8	3.020432084	-9.216308594	0	0.995989305	11	110	1.032077222	529.5	222.4	0.833333333	0.001550373	0.167635757	1.025238878	0.021448747	0.0561	5.06038208	0.953752535	0.986392431	0.43328969	0.085225795	0	0	0	[110.0, 120.0, 130.0, 140.0, 150.0, 160.0, 170.0, 180.0, 190.0, 200.0, 210.0, 220.0, 230.0, 240.0]	[1, 4, 6, 7, 8, 9, 10, 10, 10, 10, 11, 10, 11, 11]	0	10	-150	196.68726	-186.12817	0	4.8259077	6.099046	3.4857273	11.60273364	31.07321392	69.87183574	0.909368001	0.519016911	0.706000159	125.74036	6	148.6991653	NaN	NaN	6	1.0645651	1.2379466	918.9048471	45.10663645	721.7061832	9	4	0.293902486	2.965052369	NaN
25_7_16_1	Mouse NAc Patch-seq 25_7_16_1	Batch7	-80.6355013	-85.06731306	360.8049665	8.439467695	-41.015625	77.08740234	1.7	3.038144274	-14.43481445	0	0.956304619	17	100	1.07456927	366.1	186.3	0.888888889	9.44E-05	0.05128228	0.982477399	0	0.0601	6.047488403	1.012810248	1.000392289	0.302124077	0.06780844	0	0	0	[100.0, 110.0, 120.0, 130.0, 140.0, 150.0, 160.0, 170.0, 180.0, 190.0, 200.0, 210.0, 220.0, 230.0, 240.0]	[2, 5, 6, 8, 9, 11, 12, 12, 13, 14, 15, 16, 16, 17, 17]	0	10	-150	NR	NR	NR	NR	NR	NR	NR	NR	NR	NR	NR	NR	NR	NR	NR	NR	NR	NR	NR	NR	NR	NR	NR	NR	NR	NR	NR	NR
25_7_16_2	Mouse NAc Patch-seq 25_7_16_2	Batch7	-78.10264135	-90.25617327	344.6742467	9.012368767	-28.99169922	62.5	2.1	2.52989284	-16.44897461	0	1.163377193	11	120	1.068659415	552.5	239.8	0.833333333	0.002414895	0.209635732	1.072359159	0	0.0824	7.363531494	0.934889435	0.979653599	1.061678259	0.141625015	0	0	0	[120.0, 130.0, 140.0, 150.0, 160.0, 170.0, 180.0, 190.0, 200.0, 210.0, 220.0, 230.0, 240.0]	[1, 4, 6, 7, 8, 9, 9, 10, 10, 10, 10, 11, 11]	0	10	-150	NR	NR	NR	NR	NR	NR	NR	NR	NR	NR	NR	NR	NR	NR	NR	NR	NR	NR	NR	NR	NR	NR	NR	NR	NR	NR	NR	NR
25_7_16_6	Mouse NAc Patch-seq 25_7_16_6	Batch7	-47.75260739	-47.2542899	716.2911551	39.87967316	-22.00317383	84.93041992	1.9	3.468364592	-5.096435547	0	1.440366972	7	20	1.074388224	377	205.8	0.75	0.021915839	0.497350077	1.409149882	2.124518661	0.4224	50.27527161	0.805259146	0.950734272	0.811987059	0.113148004	0	0	0	[20.0, 30.0, 40.0, 50.0, 60.0, 70.0, 80.0]	[2, 2, 5, 5, 7, 7, 7]	0	10	-150	NR	NR	NR	NR	NR	NR	NR	NR	NR	NR	NR	NR	NR	NR	NR	NR	NR	NR	NR	NR	NR	NR	NR	NR	NR	NR	NR	NR
25_7_1_7	Mouse NAc Patch-seq 25_7_1_7	Batch7	-53.60767321	-52.69194103	708.3565848	25.08112428	-25.390625	92.16308594	1.9	4.2811829	-10.22338867	0	0.927160494	12	30	1.06208626	251.6	107.6	1	0.000293396	0.077023594	0.990286431	0	0.0692	6.772146606	0.949792244	0.973656703	1.017305315	0.122225068	0	0	0	[30.0, 40.0, 50.0, 60.0, 70.0, 80.0, 90.0]	[3, 5, 8, 9, 10, 11, 12]	0	10	-150	231.23753	-146.14583	0	6.143704	8.830081	4.025755	17.15473395	40.84249142	105.9071894	0.797830902	0.359879798	0.528865886	165.53574	6	175.3522491	NaN	NaN	6	1.0548369	1.2570248	747.0339155	36.66994157	586.7190666	5	3	0.102740491	2.245439741	NaN
25_7_17_1	Mouse NAc Patch-seq 25_7_17_1	Batch7	-83.36459951	-81.26947312	553.1529018	15.07200939	-49.92675781	90.42358398	2.4	4.375041376	-4.8828125	0	0.9925	12	30	1.147841702	295.1	117.5	1	0.000755864	0.123008275	1.023129421	0.901200064	0.3079	34.24224548	0.913471685	0.965872063	1.78827181	0.17218784	0	0	0	[30.0, 40.0, 50.0, 60.0, 70.0, 80.0]	[3, 8, 10, 11, 12, 12]	0	10	-150	185.3875	-157.02919	0	6.7932906	7.8049307	5.8170166	14.86588301	42.51041913	136.7787051	0.951124959	0.618923634	0.866758751	120.228264	5	138.6534176	NaN	NaN	5	1.0543677	1.2884781	787.8315029	38.67258814	618.7614106	10	3	0.386257801	2.024356276	NaN
25_7_17_2	Mouse NAc Patch-seq 25_7_17_2	Batch7	-67.80121656	-76.43432617	391.8457031	12.92745863	-25.08544922	79.71191406	2	3.48445866	-10.00976563	0	1.140728477	8	90.66666667	1.083887249	460.6	237.5	1	0.001272011	0.131463898	1.066422659	0	0.0997	8.156359863	0.903078677	0.965201296	1.311681727	0.145130135	0	0	0	[100.0, 110.0, 120.0, 130.0, 140.0, 150.0, 160.0, 170.0, 180.0, 190.0, 200.0, 210.0]	[1, 3, 5, 6, 7, 7, 8, 8, 8, 8, 8, 8]	0	10	-150	183.2727	-208.06544	0	7.38571	9.06693	6.59277	16.7672421	45.85314206	156.5586903	0.935726313	0.556870112	0.745691242	105.35904	4	116.8691072	NaN	NaN	4	1.1532353	2.6517987	916.0594962	44.96696603	719.4714556	14	5	0.235333106	1.539911979	NaN
25_7_17_4	Mouse NAc Patch-seq 25_7_17_4	Batch7	-75.96881838	-83.75156948	457.938058	10.40321036	-30.91430664	73.5168457	1.7	2.762202607	-13.15307617	0	1.077452668	11	100	1.145776466	385.4	180.9	1.2	0.000445531	0.091470051	1.043553157	0	0.1187	11.03397217	0.930877483	0.984697024	0.348575978	0.076788944	0	0	0	[100.0, 110.0, 120.0, 130.0, 140.0, 150.0, 160.0, 170.0, 180.0, 190.0, 200.0, 210.0, 220.0, 230.0, 240.0]	[2, 5, 7, 8, 9, 10, 10, 11, 11, 11, 11, 11, 9, 8, 7]	0	10	-150	211.67	-191.22697	0	6.277028	7.2619944	4.4655795	14.31612644	39.2271768	111.2647082	0.908642805	0.542883175	0.714678932	122.22322	7	143.8235381	NaN	NaN	7	1.0681908	1.2231195	1121.230541	55.03827606	880.6124163	9	3	0.167534984	1.845371277	NaN
25_7_17_7	Mouse NAc Patch-seq 25_7_17_7	Batch7	-67.97571419	-76.1945452	377.3716518	12.16581496	-20.99609375	76.01928711	1.6	3.161222871	-14.80102539	0	1.0640625	12	130	1.074467838	420.1	250.1	1	8.18E-05	0.040736076	1.019535939	0	0.1215	10.36483002	0.991718427	0.9953588	0.179462289	0.052841336	0	0	0	[130.0, 140.0, 150.0, 160.0, 170.0, 180.0, 190.0, 200.0, 210.0, 220.0, 230.0, 240.0]	[2, 3, 5, 6, 7, 8, 9, 10, 10, 11, 12, 12]	0	10	-150	NR	NR	NR	NR	NR	NR	NR	NR	NR	NR	NR	NR	NR	NR	NR	NR	NR	NR	NR	NR	NR	NR	NR	NR	NR	NR	NR	NR
25_7_17_8	Mouse NAc Patch-seq 25_7_17_8	Batch7	-64.56730504	-61.97102865	683.59375	12.30802302	-25.42114258	69.30541992	2.2	3.109912753	-7.415771484	0	3.128865979	6	40	1.131376319	156.3	97.8	0.5	0.019697302	0.474134707	1.956189813	0.494875999	0.1985	18.31953583	0.671628327	0.934569332	1.569456894	0.172423927	0	0	0	[40.0, 50.0, 60.0, 70.0, 80.0, 90.0, 100.0, 110.0]	[5, 6, 5, 5, 4, 5, 6, 4]	0	10	-150	224.52666	-199.23665	0	6.252049	6.9880214	5.3285193	13.1217855	39.19543121	112.5010943	0.92022858	0.653387586	0.984760886	127.46187	3	130.6639099	NaN	NaN	3	1.1118512	1.4315122	465.0803299	22.82957734	365.2732382	3	2	0.649431486	2.188626989	NaN
25_7_18_2	Mouse NAc Patch-seq 25_7_18_2	Batch7	-73.41809296	-73.48720006	429.3387277	12.63978804	-44.37255859	83.67919922	1.8	2.998506343	-12.23754883	0	0.996275605	13	42.5	1.088293113	424.8	131.9	0.857142857	0.001000521	0.147094485	1.02862676	0	0.1083	10.72733612	0.92204496	0.986630575	0.622377263	0.099474744	0	0	0	[50.0, 60.0, 70.0, 80.0, 90.0, 100.0, 110.0, 120.0, 130.0]	[1, 5, 7, 9, 11, 11, 12, 13, 13]	0	10	-150	NR	NR	NR	NR	NR	NR	NR	NR	NR	NR	NR	NR	NR	NR	NR	NR	NR	NR	NR	NR	NR	NR	NR	NR	NR	NR	NR	NR
25_7_18_4	Mouse NAc Patch-seq 25_7_18_4	Batch7	-59.83041852	-65.51542736	435.093471	8.713556408	-8.972167969	60.85205078	2.5	3.416748099	-15.28930664	0	1.169469599	6	90	1.050041277	322.6	146.7	1	0.002039548	0.139757499	1.100019827	0	0.1	8.651983643	0.903550864	0.9701331	0.294642855	0.072127925	0	0	0	[90.0, 100.0, 110.0, 120.0, 130.0, 140.0, 150.0, 160.0, 170.0, 180.0, 190.0]	[1, 3, 4, 5, 6, 6, 6, 6, 6, 3, 2]	0	10	-150	NR	NR	NR	NR	NR	NR	NR	NR	NR	NR	NR	NR	NR	NR	NR	NR	NR	NR	NR	NR	NR	NR	NR	NR	NR	NR	NR	NR
25_7_18_6	Mouse NAc Patch-seq 25_7_18_6	Batch7	-73.57222084	-89.94983491	374.9302455	11.20312105	-32.37915039	85.96801758	1.6	2.957394101	-6.683349609	0	1.155737705	10	130	1.050919354	356.7	215	1	0.000896551	0.122832444	1.061507155	0.097723739	0.1005	8.499275208	0.945447844	0.980275697	0.408340904	0.07800347	0	0	0	[130.0, 140.0, 150.0, 160.0, 170.0, 180.0, 190.0, 200.0, 210.0, 220.0, 230.0, 240.0]	[2, 4, 5, 6, 7, 8, 8, 9, 9, 10, 10, 10]	0	10	-150	208.73833	-211.97917	0	7.813538	10.588225	6.3067966	19.08020385	49.95914926	181.6004042	0.914316603	0.498827962	0.690702107	103.24685	5	122.7012215	NaN	NaN	5	1.0723403	1.4201815	678.3893597	33.30035966	532.8057567	7	3	0.29442732	1.963383889	NaN
25_7_18_7	Mouse NAc Patch-seq 25_7_18_7	Batch7	-49.34779385	-52.21702939	559.4308036	26.67578555	-31.98242188	91.12548828	2.1	3.753130239	-10.58959961	0	1.20295203	11	10	1.073699672	166.8	44.4	0.833333333	0.001365924	0.157720296	1.083952658	0	0.4384	41.39099579	0.859104046	0.968971879	0.776573528	0.109416057	0	0	0	[10.0, 20.0, 30.0, 40.0, 50.0, 60.0]	[2, 6, 8, 9, 10, 11]	0	10	-150	NR	NR	NR	NR	NR	NR	NR	NR	NR	NR	NR	NR	NR	NR	NR	NR	NR	NR	NR	NR	NR	NR	NR	NR	NR	NR	NR	NR
25_7_18_8	Mouse NAc Patch-seq 25_7_18_8	Batch7	-66.60919084	-71.89127604	368.6523438	11.43503787	-28.07617188	81.26831055	2	3.682360541	-5.004882813	0	1.069204152	13	90	1.057958384	420.7	194.3	0.857142857	0.001119689	0.153331467	1.035709852	0	0.0383	3.263156128	0.952922715	0.988613904	0.868006755	0.120076175	0	0	0	[90.0, 100.0, 110.0, 120.0, 130.0, 140.0, 150.0, 160.0, 170.0, 180.0, 190.0, 200.0, 210.0, 220.0, 230.0]	[2, 5, 7, 8, 9, 10, 11, 11, 12, 12, 12, 12, 12, 13, 13]	0	10	-150	NR	NR	NR	NR	NR	NR	NR	NR	NR	NR	NR	NR	NR	NR	NR	NR	NR	NR	NR	NR	NR	NR	NR	NR	NR	NR	NR	NR
25_7_3_1	Mouse NAc Patch-seq 25_7_3_1	Batch7	-71.58972166	-70.95482236	529.2619978	20.8952229	-41.16821289	90.91186523	2.1	3.806162856	-8.117675781	0	1.088599752	11	30.58823529	1.175303129	263.3	59.8	0.833333333	0.002240719	0.199409898	1.074576861	1.137000086	0.4744	48.2965271	0.854108635	0.95849192	0.686656924	0.100168932	0	0	0	[40.0, 50.0, 60.0, 70.0, 80.0, 90.0, 100.0, 110.0]	[1, 4, 5, 7, 8, 10, 11, 11]	0	10	-150	206.63002	-183.78111	0	5.808792	7.0354824	4.9794016	12.06434644	36.32344811	96.24698682	0.916690792	0.661271099	0.911590411	137.15466	3	151.1963367	NaN	NaN	3	1.1306612	1.3194793	744.1614199	36.52893818	584.4630111	5	2	0.39462789	1.218625364	NaN
25_7_3_2	Mouse NAc Patch-seq 25_7_3_2	Batch7	-71.05047741	-81.51855469	349.1210938	6.558487405	-25.72631836	83.12988281	1.5	2.993367496	-16.81518555	0	1.018744906	13	130	1.074900842	241	149.7	0.857142857	0.000475262	0.100916717	1.029736537	0.068825058	0.1085	9.331550598	1.002267574	0.991904628	0.439769484	0.081180424	0	0	0	[130.0, 140.0, 150.0, 160.0, 170.0, 180.0, 190.0, 200.0, 210.0, 220.0, 230.0, 240.0]	[3, 5, 7, 8, 9, 10, 11, 12, 12, 13, 13, 13]	0	10	-150	NR	NR	NR	NR	NR	NR	NR	NR	NR	NR	NR	NR	NR	NR	NR	NR	NR	NR	NR	NR	NR	NR	NR	NR	NR	NR	NR	NR
25_7_3_4	Mouse NAc Patch-seq 25_7_3_4	Batch7	-71.33670506	-72.28597005	304.7398158	11.03781045	-50.14038086	98.75488281	1.6	4.091096167	-3.356933594	0	0.79093199	24	70	1.078160282	158.8	84	0.714285714	0.001900021	0.27549093	1.174636476	0	0.0322	2.87816925	0.981269841	0.995815161	0.757707898	0.097488784	0.402439024	0	0	[70.0, 80.0, 90.0, 100.0, 110.0, 120.0, 130.0, 140.0, 150.0, 160.0, 170.0, 180.0]	[3, 7, 9, 10, 13, 14, 16, 17, 19, 21, 22, 24]	0	10	-150	NR	NR	NR	NR	NR	NR	NR	NR	NR	NR	NR	NR	NR	NR	NR	NR	NR	NR	NR	NR	NR	NR	NR	NR	NR	NR	NR	NR
25_7_3_5	Mouse NAc Patch-seq 25_7_3_5	Batch7	-63.92856086	-63.88026646	523.3328683	14.46899715	-25.1159668	82.79418945	1.8	4.105963816	-9.246826172	0	1.066599395	11	50	1.081010753	431.9	192.6	0.833333333	0.002501991	0.210509847	1.046689206	0.789157453	0.1025	8.895765686	0.900221729	0.978308213	1.649332487	0.174199584	0	0	0	[50.0, 60.0, 70.0, 80.0, 90.0, 100.0, 110.0, 120.0, 130.0, 140.0, 150.0, 160.0, 170.0]	[1, 4, 6, 7, 8, 9, 10, 10, 10, 10, 10, 10, 11]	0	10	-150	189.20999	-183.36555	0	7.948144	8.656364	6.939393	17.10547056	49.31764473	181.6577571	0.938553765	0.620846013	0.873346706	144.32848	6	171.2420807	NaN	NaN	6	1.0589553	1.2123672	1270.540523	62.36751222	997.8801947	9	4	0.126957592	1.663141582	NaN
25_7_3_7	Mouse NAc Patch-seq 25_7_3_7	Batch7	-72.61055853	-79.16782924	434.8318917	10.56458216	-30.82275391	87.82958984	1.8	4.327887973	-7.019042969	0	1.057831325	12	90	1.076476035	239	144.7	0.714285714	0.001904363	0.192893242	1.082373234	0.122849865	0.1508	13.67427979	0.944110364	0.986934492	0.846017069	0.111241359	0	0	0	[90.0, 100.0, 110.0, 120.0, 130.0, 140.0, 150.0, 160.0, 170.0, 180.0, 190.0, 200.0, 210.0, 220.0, 230.0, 240.0]	[3, 6, 7, 8, 9, 10, 10, 11, 11, 11, 12, 12, 12, 12, 12, 12]	0	10	-150	NR	NR	NR	NR	NR	NR	NR	NR	NR	NR	NR	NR	NR	NR	NR	NR	NR	NR	NR	NR	NR	NR	NR	NR	NR	NR	NR	NR
25_7_3_8	Mouse NAc Patch-seq 25_7_3_8	Batch7	-65.95700646	-77.82156808	524.3791853	9.707987027	-20.26367188	82.48901367	1.6	3.822976205	-12.6953125	0	0.971698113	13	90	1.046073725	345.7	186.3	0.857142857	0.001215422	0.161010569	1.017598563	0.166465306	0.1125	9.166348267	0.959770115	0.981733112	0.885750705	0.121660737	0	0	0	[90.0, 100.0, 110.0, 120.0, 130.0, 140.0, 150.0, 160.0, 170.0, 180.0, 190.0, 200.0, 210.0, 220.0, 230.0, 240.0]	[2, 4, 7, 8, 9, 10, 11, 11, 12, 12, 12, 12, 12, 13, 13, 13]	0	10	-150	NR	NR	NR	NR	NR	NR	NR	NR	NR	NR	NR	NR	NR	NR	NR	NR	NR	NR	NR	NR	NR	NR	NR	NR	NR	NR	NR	NR
25_7_8_1	Mouse NAc Patch-seq 25_7_8_1	Batch7	-70.12221103	-73.42529297	411.9873047	12.90260272	-25.42114258	71.47216797	2	2.794621288	-15.80810547	0	0.955497382	10	90	1.102043722	505.4	192.5	1	0.000306969	0.072411036	1.014667232	0.027965101	0.2221	20.24093628	0.916526846	0.978911729	0.649963331	0.105916615	0	0	0	[90.0, 100.0, 110.0, 120.0, 130.0, 140.0, 150.0, 160.0, 170.0, 180.0, 190.0]	[1, 4, 6, 7, 8, 9, 9, 10, 10, 10, 9]	0	10	-150	179.95999	-182.50601	0	6.668129	8.4372015	5.6400213	14.38964278	42.12386307	130.0010171	0.920662024	0.627836738	0.888834423	146.20108	4	155.6260624	NaN	NaN	4	1.2232395	2.4173708	629.9691296	30.92353785	494.7766075	2	2	0.091239	2.430319725	NaN
25_7_8_4	Mouse NAc Patch-seq 25_7_8_4	Batch7	-71.76008242	-71.8976702	502.406529	15.02577551	-44.25048828	91.30859375	1.9	4.074696198	-8.148193359	0	0.89276808	14	50	1.057673173	226.3	128.8	1	0.000344249	0.088206155	0.993593649	0.131489517	0.0682	6.88031311	0.99100346	0.989845628	0.275098193	0.060152969	0	0	0	[50.0, 60.0, 70.0, 80.0, 90.0, 100.0, 110.0, 120.0, 130.0]	[3, 5, 7, 8, 10, 11, 12, 13, 14]	0	10	-150	185.88666	-200.56668	0	7.1053333	9.193122	4.934603	16.63219963	45.02488281	143.2313205	0.887856293	0.517772068	0.668559736	131.5734	3	163.3835754	NaN	NaN	3	1.0356473	1.1482599	1002.171056	49.19395659	787.1033066	9	4	0.164044254	1.744683482	NaN
25_7_8_6	Mouse NAc Patch-seq 25_7_8_6	Batch7	-79.24914148	-97.86871047	354.7014509	10.74547237	-36.77368164	81.78710938	1.7	3.260258167	-10.95581055	0	1.263796909	9	150	1.065202658	323.3	199.2	0.8	0.002086409	0.181568593	1.12877829	0	0.4014	36.43221283	0.947227533	0.977992353	0.28508129	0.064701788	0	0	0	[150.0, 160.0, 170.0, 180.0, 190.0, 200.0, 210.0, 220.0, 230.0, 240.0]	[2, 3, 4, 6, 6, 7, 8, 8, 9, 9]	0	10	-150	NR	NR	NR	NR	NR	NR	NR	NR	NR	NR	NR	NR	NR	NR	NR	NR	NR	NR	NR	NR	NR	NR	NR	NR	NR	NR	NR	NR
25_7_8_7	Mouse NAc Patch-seq 25_7_8_7	Batch7	-51.50893372	-51.43490746	576.2590681	35.43872933	-28.10668945	79.77294922	2.3	4.810861095	-4.364013672	0	1.154175589	10	30	1.071074385	281.2	123.7	0.666666667	0.00223254	0.190374702	1.078757302	0.121432549	0.3046	28.47758179	0.913680154	0.964319535	1.775417207	0.184217875	0	0	0	[30.0, 40.0, 50.0, 60.0, 70.0, 80.0]	[3, 5, 7, 9, 9, 10]	0	10	-150	NR	NR	NR	NR	NR	NR	NR	NR	NR	NR	NR	NR	NR	NR	NR	NR	NR	NR	NR	NR	NR	NR	NR	NR	NR	NR	NR	NR
25_7_8_8	Mouse NAc Patch-seq 25_7_8_8	Batch7	-69.90506767	-78.7269229	412.2488839	11.69416854	-29.81567383	85.14404297	1.8	4.278602009	-10.07080078	0	1.056360709	11	100	1.0730082	328.5	197.1	0.833333333	0.00047442	0.092481017	1.039188372	0	0.1271	10.77044983	0.943287037	0.985578285	0.568117254	0.093152282	0	0	0	[100.0, 110.0, 120.0, 130.0, 140.0, 150.0, 160.0, 170.0, 180.0, 190.0, 200.0, 210.0, 220.0, 230.0, 240.0]	[2, 4, 6, 7, 8, 9, 9, 10, 10, 11, 11, 11, 11, 11, 11]	0	10	-150	NR	NR	NR	NR	NR	NR	NR	NR	NR	NR	NR	NR	NR	NR	NR	NR	NR	NR	NR	NR	NR	NR	NR	NR	NR	NR	NR	NR
25_7_9_2	Mouse NAc Patch-seq 25_7_9_2	Batch7	-77.83003328	-82.25097656	471.8017578	9.787408413	-39.61181641	85.69335938	1.8	3.427217584	-10.10131836	0	0.968586387	16	80	1.178428451	318.7	154.7	0.777777778	0.00188155	0.223323128	1.053771806	0	0.2028	19.21165161	0.97059853	0.992413249	0.424126586	0.081422551	0	0	0	[80.0, 90.0, 100.0, 110.0, 120.0, 130.0, 140.0, 150.0, 160.0, 170.0, 180.0]	[3, 7, 9, 10, 12, 13, 14, 14, 15, 15, 16]	0	10	-150	NR	NR	NR	NR	NR	NR	NR	NR	NR	NR	NR	NR	NR	NR	NR	NR	NR	NR	NR	NR	NR	NR	NR	NR	NR	NR	NR	NR
25_7_9_3	Mouse NAc Patch-seq 25_7_9_3	Batch7	-65.83700783	-68.98193359	500.4010882	9.91209397	-26.48925781	87.86010742	1.9	3.984769837	-10.34545898	0	1.091726619	12	60.47619048	1.137027743	446.1	206.5	1	0.000509246	0.103177477	1.041063501	0	0.2119	18.4326416	0.971046771	0.989899629	0.244830324	0.058275631	0	0	0	[70.0, 80.0, 90.0, 100.0, 110.0, 120.0, 130.0, 140.0]	[1, 5, 7, 8, 10, 10, 11, 12]	0	10	-150	NR	NR	NR	NR	NR	NR	NR	NR	NR	NR	NR	NR	NR	NR	NR	NR	NR	NR	NR	NR	NR	NR	NR	NR	NR	NR	NR	NR
25_7_9_4	Mouse NAc Patch-seq 25_7_9_4	Batch7	-73.16897377	-79.31663876	253.9934431	8.630625383	-35.52246094	93.68896484	1.6	3.861180506	-12.23754883	0	0.99047619	15	110	1.06442632	538.4	217.8	0.875	0.000185134	0.068479787	1.009885534	0.016661763	0.1001	8.581689453	1.001671123	0.998558743	0.08834325	0.032863351	0	0	0	[110.0, 120.0, 130.0, 140.0, 150.0, 160.0, 170.0, 180.0, 190.0, 200.0, 210.0, 220.0, 230.0, 240.0]	[1, 4, 6, 7, 8, 9, 10, 11, 12, 13, 13, 14, 14, 15]	0	10	-150	169.47845	-191.20459	0	8.460207	9.727636	7.1247416	18.09081034	53.50318174	219.5059355	0.96360027	0.670702966	0.944471046	127.351494	4	237.6644275	NaN	NaN	4	1.1275706	3.4636104	1170.199058	57.44201193	919.0721912	16	6	0.082327249	1.912522616	NaN
25_7_9_5	Mouse NAc Patch-seq 25_7_9_5	Batch7	-81.792532	-76.76478795	229.0562221	21.96186046	-38.7878418	77.23999023	2.2	3.398229001	-13.15307617	0	1.099630996	10	102.3076923	1.036189889	586.7	257.5	1	0.001197106	0.142389123	1.085872445	0	0.0979	9.490621948	0.945652174	0.980919069	0.497395225	0.090719221	0	0	0	[110.0, 120.0, 130.0, 140.0, 150.0, 160.0, 170.0, 180.0, 190.0, 200.0, 210.0, 220.0, 230.0, 240.0]	[1, 2, 4, 5, 6, 7, 8, 8, 8, 9, 10, 10, 10, 10]	0	10	-150	226.71727	-220.93817	0	6.6756	7.94184	5.054324	15.51570616	42.64728531	131.5860315	0.909152778	0.546596312	0.77950832	135.3407	5	141.5382338	NaN	NaN	5	1.0449232	1.1765127	619.8989863	30.42922108	486.8675392	5	2	0.222884291	3.131379474	NaN
25_7_9_6	Mouse NAc Patch-seq 25_7_9_6	Batch7	-63.42759348	-65.78572591	364.9030413	13.15357905	-33.72192383	80.32226563	1.5	3.020260817	-13.61083984	0	0.956304619	15	70	1.033451537	262.2	132.1	0.875	0.000427097	0.101921776	1.022234007	0	0.0815	6.915328979	1.002638522	0.995772122	0.579648236	0.096229955	0	0	0	[70.0, 80.0, 90.0, 100.0, 110.0, 120.0, 130.0, 140.0, 150.0, 160.0]	[3, 5, 7, 8, 10, 11, 13, 13, 14, 15]	0	10	-150	220.98463	-211.87613	0	7.184603	8.704574	6.60223	15.95727487	45.16582591	155.4449265	0.957561118	0.610462653	0.907677713	131.85738	6	165.7324138	NaN	NaN	6	1.1137899	1.5983788	987.8078396	48.48890447	775.822471	8	4	0.168190695	1.960218485	NaN
25_7_9_7	Mouse NAc Patch-seq 25_7_9_7	Batch7	-56.5584103	-56.53628395	632.2370257	29.89101076	-25.87890625	74.82910156	2.7	3.867011204	-7.568359375	0	1.469346734	5	25	1.131277094	467.6	161.7	NaN	0.008206919	0.29276603	1.469346734	1.961009122	0.4794	48.40918884	0.842040816	0.875615573	1.866385764	0.179316568	0	0	0	[30.0, 40.0, 50.0, 60.0, 70.0, 80.0]	[1, 3, 5, 4, 2, 2]	0	10	-150	167.77101	-131.27701	0	7.790873	9.834594	5.948292	18.18283453	48.05025094	166.5815956	0.906662308	0.503852995	0.715102238	254.30751	2	260.1743832	NaN	NaN	2	1.0462663	1.1701124	842.5692167	41.35951852	661.7522955	7	4	0.606625731	0.606625731	0.323687506
25_7_9_8	Mouse NAc Patch-seq 25_7_9_8	Batch7	-58.18850376	-58.8823591	533.9704241	22.41589513	-30.05981445	75.28686523	2	3.06654445	-13.00048828	0	1.076	9	50	1.012407864	208.2	116.4	0.8	0.002481611	0.195299673	1.050844707	0.025763738	0.2412	20.21278992	0.900454358	0.974019143	0.684795163	0.108763798	0	0	0	[50.0, 60.0, 70.0, 80.0, 90.0, 100.0, 110.0, 120.0, 130.0, 140.0]	[3, 4, 7, 8, 9, 9, 9, 5, 2, 2]	0	10	-150	NR	NR	NR	NR	NR	NR	NR	NR	NR	NR	NR	NR	NR	NR	NR	NR	NR	NR	NR	NR	NR	NR	NR	NR	NR	NR	NR	NR
25_10_2_1	Mouse NAc Patch-seq 25_10_2_1	Batch8	-62.53753963	-63.46203032	985.8921596	39.74048875	-54.74853516	68.48144531	1.2	1.796003967	-16.11328125	0	1.002816901	25	10	1.105033476	27.3	9.9	0.785714286	0.00064892	0.162732935	1.033392495	2.185863268	0.4058	44.39613037	0.896953405	0.97827035	0.840564281	0.131484719	0	0	1	[10.0, 20.0, 30.0, 40.0, 50.0, 60.0]	[6, 10, 14, 18, 22, 25]	0	10	-50	428.95575	-215.96286	0	3.4111774	4.943302	2.2050774	7.59360987	22.38136029	33.86659804	0.849588216	0.587320299	0.894458142	431.41052	2	446.5557079	NaN	NaN	2	1.0692203	1.2809246	1173.456696	504.6850359	2728.02709	4	3	2.110198268	2.110198268	0.80361092
25_10_21_5	Mouse NAc Patch-seq 25_10_21_5	Batch8	-75.58259173	-90.3863816	210.2225167	5.348290568	-35.88867188	92.01049805	1.5	3.460769893	-11.74926758	0	0.986308305	6	200	1.027322743	493.9	241.7	1	0.000188196	0.047417908	1.020354524	0.103493332	0.0523	4.438012695	0.991866522	0.99687344	0.002813287	0.005625026	0	0	0	[200.0, 210.0, 220.0, 230.0, 240.0]	[1, 3, 4, 5, 6]	0	10	-150	229.25375	-204.83499	0	4.861992	7.7358522	3.2462885	12.44034743	32.54935866	67.93830851	0.805823117	0.438985031	0.66727878	125.52634	5	138.0700369	NaN	NaN	5	1.0685023	1.1911476	1074.844183	930.7089919	3545.558541	10	3	0.199137009	3.128724709	NaN
25_10_21_8	Mouse NAc Patch-seq 25_10_21_8	Batch8	-58.25539681	-57.93631417	787.6150949	24.28482361	-31.89086914	77.63671875	1.7	2.649270374	-13.61083984	0	1.078494125	8	30	1.201047892	138	77.8	1	0.000483292	0.081389958	1.069166654	0.735372898	0.4861	54.80021667	0.847049702	0.915109519	1.289531433	0.152497762	0	0	0	[30.0, 40.0, 50.0, 60.0]	[4, 8, 7, 3]	0	10	-150	225.65584	-221.68834	0	8.538056	10.701555	6.3031383	19.24630042	53.62724391	206.2170339	0.901080196	0.556711272	0.812705357	173.24176	3	183.1576843	NaN	NaN	3	1.0467695	1.0950654	487.1356564	421.8114102	1606.900825	3	2	0.211488753	1.527845851	NaN
25_10_2_2	Mouse NAc Patch-seq 25_10_2_2	Batch8	-86.25885466	-91.82332357	355.2246094	7.173280861	-49.04174805	85.20507813	1.7	2.40771703	-15.59448242	0	0.995483288	14	82.72727273	1.096196115	483.7	175.4	0.75	0.001628743	0.195199057	1.063102382	0.107892974	0.0835	8.392501831	0.956378299	0.984661509	0.599739773	0.097412871	0	0	0	[90.0, 100.0, 110.0, 120.0, 130.0, 140.0, 150.0, 160.0, 170.0, 180.0, 190.0]	[1, 4, 7, 8, 10, 12, 13, 14, 14, 10, 3]	0	10	-150	190.55667	-224.02554	0	9.443867	10.436838	7.1145067	20.21963506	56.91389672	229.5523213	0.890543032	0.561480998	0.8311786	174.1502	4	202.2307968	NaN	NaN	4	1.174105	1.6470517	774.2150288	1423.424133	3721.370313	2	1	0.258619775	3.097461034	NaN
25_10_23_2	Mouse NAc Patch-seq 25_10_23_2	Batch8	-85.08092404	-93.75552223	267.5955636	6.919480459	-51.36108398	99.36523438	1.8	3.856170446	-7.8125	0	1.040492958	14	130	1.054980903	376.2	189.5	1	0.000294092	0.083245751	1.02896901	0	0.1033	10.20813599	0.989018088	0.993578189	0.164652665	0.044850017	0	0	0	[130.0, 140.0, 150.0, 160.0, 170.0, 180.0, 190.0, 200.0, 210.0, 220.0, 230.0, 240.0]	[2, 5, 6, 8, 9, 10, 11, 12, 13, 13, 14, 14]	0	10	-150	240.07002	-209.21274	0	5.5890355	6.537265	4.3265467	11.70887624	34.24371326	84.035037	0.900551504	0.612956937	0.947617178	121.243866	4	138.0999088	NaN	NaN	4	1.0385015	1.1270548	637.5454745	552.0514722	2103.053501	7	4	0.026655758	1.433383067	NaN
25_10_23_3	Mouse NAc Patch-seq 25_10_23_3	Batch8	-70.74392525	-69.3199521	429.4259208	21.73914269	-45.34912109	78.21655273	2.3	3.834739013	-0.579833984	0	1.527472527	11	30	1.125787033	293.7	116.1	0.375	0.041251628	0.873620261	1.454193456	3.137035428	0.4029	44.92279968	0.711598746	1.01179804	4.450354347	0.275185073	0.316310185	0	0	[30.0, 40.0, 50.0, 60.0, 70.0, 80.0, 90.0, 100.0]	[4, 4, 7, 9, 11, 10, 11, 11]	0	10	-150	NR	NR	NR	NR	NR	NR	NR	NR	NR	NR	NR	NR	NR	NR	NR	NR	NR	NR	NR	NR	NR	NR	NR	NR	NR	NR	NR	NR
25_10_2_4	Mouse NAc Patch-seq 25_10_2_4	Batch8	-57.70391205	-60.19664946	245.8844866	17.3729403	-23.37646484	89.47753906	1.5	3.743996986	-9.094238281	0	1.475482912	9	120	1.062207328	171	65.2	0.8	0.005646846	0.284531833	1.203198195	0.370638918	0.3482	27.20419617	0.908265802	0.979452839	0.363262392	0.06800051	0	0	0	[120.0, 130.0, 140.0, 150.0, 160.0, 170.0, 180.0, 190.0, 200.0, 210.0, 220.0, 230.0, 240.0]	[1, 2, 4, 4, 5, 7, 7, 8, 8, 9, 9, 9, 9]	0	10	-150	306.80997	-346.0311	0	9.414259	13.630316	5.7394114	23.7937714	62.83395377	264.9975457	0.843456985	0.468074824	0.717544499	304.53195	6	327.2037468	NaN	NaN	6	1.0402814	1.1576743	1413.300852	2598.408091	6793.223795	4	3	0.050696219	2.305750886	NaN
25_10_24_2	Mouse NAc Patch-seq 25_10_24_2	Batch8	-77.32028046	-83.98815337	499.4419643	19.83766333	-43.42651367	82.82470703	2.3	3.801210219	-7.781982422	0	1.804733728	5	80	1.058972082	204.1	142.3	NaN	0.006202832	0.230079295	1.139656713	0.177619104	0.1068	10.12671509	0.874763526	0.903421667	1.849444546	0.170153255	0	0	0	[80.0, 90.0, 100.0, 110.0, 120.0, 130.0, 140.0, 150.0, 160.0, 170.0, 180.0]	[3, 3, 5, 3, 3, 3, 3, 2, 3, 2, 2]	0	10	-150	NR	NR	NR	NR	NR	NR	NR	NR	NR	NR	NR	NR	NR	NR	NR	NR	NR	NR	NR	NR	NR	NR	NR	NR	NR	NR	NR	NR
25_10_24_5	Mouse NAc Patch-seq 25_10_24_5	Batch8	-65.42312535	-76.71508789	295.2357701	7.755194012	-30.76171875	92.01049805	1.6	3.169019564	-9.246826172	0	0.928176796	12	130	1.05838178	375.4	164.7	1	0.000141614	0.052921635	1.016385186	0.022349311	0.147	11.77825928	0.974376731	0.991657289	0.096547751	0.034581912	0	0	0	[140.0, 150.0, 160.0, 170.0, 180.0, 190.0, 200.0, 210.0, 220.0, 230.0, 240.0]	[1, 4, 5, 6, 7, 8, 9, 10, 11, 12, 12]	0	10	-150	NR	NR	NR	NR	NR	NR	NR	NR	NR	NR	NR	NR	NR	NR	NR	NR	NR	NR	NR	NR	NR	NR	NR	NR	NR	NR	NR	NR
25_10_2_5	Mouse NAc Patch-seq 25_10_2_5	Batch8	-61.83221437	-60.13212658	499.0059989	31.35591924	-39.58129883	83.58764648	2	3.625401105	0.915527344	0	2.700205339	10	30	1.145551884	134.4	83.2	0.666666667	0.007121177	0.334470431	1.614238129	16.3938506	0.4178	44.13660889	0.835763622	0.985289298	0.729074139	0.107850253	0	0	2	[30.0, 40.0, 50.0, 60.0, 70.0, 80.0, 90.0, 100.0, 110.0, 120.0]	[4, 4, 5, 6, 7, 7, 8, 8, 9, 10]	0	10	-150	281.68378	-110.42125	0	6.3711042	9.539821	4.7330375	16.09939701	39.45787299	97.06316349	0.783424168	0.374485685	0.555503829	486.52628	6	505.4859352	NaN	NaN	6	1.0745606	1.3096974	1858.625724	3417.154944	8933.738462	8	3	0.041046108	2.494006844	NaN
25_10_2_6	Mouse NAc Patch-seq 25_10_2_6	Batch8	-50.32165967	-48.87927827	504.4991629	31.56185775	-27.28271484	86.36474609	1.7	3.603589284	-6.256103516	0	1.937644342	7	30	1.122558331	124.1	78.6	0.4	0.014309927	0.402036334	1.635302279	6.725829325	0.4722	42.51367798	0.886778399	0.96639872	0.758971509	0.103648305	0	0	0	[30.0, 40.0, 50.0, 60.0, 70.0, 80.0, 90.0, 100.0]	[2, 3, 4, 5, 6, 6, 7, 7]	0	10	-150	423.98	-447.6589	0	9.103483	11.79265	6.045852	21.53970372	57.21894216	215.4843307	0.827076936	0.464447088	0.701946348	369.35483	11	375.9437981	NaN	NaN	11	1.0355905	1.2188066	1749.300512	3216.156435	8408.252175	5	4	0.01842924	2.826048802	NaN
25_10_2_7	Mouse NAc Patch-seq 25_10_2_7	Batch8	-62.89690662	-67.41594587	284.1622489	10.85582097	-23.68164063	76.50756836	1.8	3.099688334	-14.55688477	0	1.032594524	13	130	1.008272901	457.6	264.8	1.166666667	8.51E-05	0.043852962	0.9917695	0.277783602	0.3594	30.02778015	1.001992826	0.999546301	0.012795453	0.01365441	0	0	0	[130.0, 140.0, 150.0, 160.0, 170.0, 180.0, 190.0, 200.0, 210.0, 220.0, 230.0, 240.0]	[1, 4, 5, 6, 7, 8, 8, 10, 11, 11, 12, 13]	0	10	-150	153.62665	-203.52223	0	5.7883286	7.9343715	4.450539	13.09474484	35.96086079	90.86132715	0.882935101	0.529889111	0.777479422	150.99022	6	169.6340694	NaN	NaN	6	1.1274478	1.6555859	1017.185703	1870.135086	4889.242072	3	2	0.267579475	2.830146143	NaN
25_10_3_1	Mouse NAc Patch-seq 25_10_3_1	Batch8	-84.17475343	-98.99873279	370.3962054	11.83059387	-48.00415039	90.36254883	1.7	3.585367902	-7.873535156	0	1.103967168	12	120	1.040576675	216.7	134.9	1	0.000839014	0.128319631	1.066492397	0	0.1058	10.08111572	0.936097893	0.980976243	0.664364653	0.099119632	0	0	0	[120.0, 130.0, 140.0, 150.0, 160.0, 170.0, 180.0, 190.0, 200.0, 210.0, 220.0, 230.0, 240.0]	[2, 4, 6, 7, 7, 8, 9, 10, 10, 11, 11, 11, 12]	0	10	-150	NR	NR	NR	NR	NR	NR	NR	NR	NR	NR	NR	NR	NR	NR	NR	NR	NR	NR	NR	NR	NR	NR	NR	NR	NR	NR	NR	NR
25_10_3_3	Mouse NAc Patch-seq 25_10_3_3	Batch8	-49.91778707	-51.06811523	421.4913504	20.57551709	-20.5078125	82.64160156	2	3.67919313	-10.65063477	0	1.215492958	9	63.33333333	1.020523017	153.3	79.7	0.8	0.001559459	0.14819024	1.111929789	0	0.2804	21.75957947	0.872172721	0.961321575	1.887187261	0.174507118	0	0	0	[70.0, 80.0, 90.0, 100.0, 110.0, 120.0, 130.0, 140.0, 150.0, 160.0, 170.0]	[1, 3, 3, 6, 7, 7, 8, 7, 8, 9, 7]	0	10	-150	232.488	-177.574	0	6.3792567	8.4436455	3.2623458	16.43390189	39.41947493	96.93007566	0.783874877	0.358903069	0.582405336	140.88264	6	158.9227638	NaN	NaN	6	1.0676873	1.1527247	968.2554002	1780.174865	4654.051936	6	2	0.006623381	0.78583321	NaN
25_10_6_1	Mouse NAc Patch-seq 25_10_6_1	Batch8	-78.19170868	-77.39548456	401.9601004	14.06997261	-40.64941406	81.66503906	2.1	2.761988431	-8.209228516	0	1.478781284	9	90	1.075438229	215.7	199.1	1.25	0.000914542	0.113493951	1.151826256	0	0.2771	29.2901001	0.968882059	0.976558088	3.230301861	0.233304941	0	0	0	[90.0, 100.0, 110.0, 120.0, 130.0, 140.0, 150.0, 160.0, 170.0, 180.0, 190.0]	[2, 3, 4, 5, 6, 7, 7, 9, 8, 8, 6]	0	10	-150	NR	NR	NR	NR	NR	NR	NR	NR	NR	NR	NR	NR	NR	NR	NR	NR	NR	NR	NR	NR	NR	NR	NR	NR	NR	NR	NR	NR
25_10_6_2	Mouse NAc Patch-seq 25_10_6_2	Batch8	-65.5571124	-65.3889974	378.8539342	16.25159737	-37.50610352	81.3293457	1.9	2.998982129	-10.4675293	0	1.213166144	12	70	1.05887047	243.3	136.6	0.714285714	0.001183379	0.152259143	1.235004415	0.161622781	0.0962	9.106735229	0.965313362	0.985163926	0.698047364	0.108182954	0	0	0	[70.0, 80.0, 90.0, 100.0, 110.0, 120.0, 130.0, 140.0, 150.0, 160.0]	[3, 4, 5, 7, 8, 9, 10, 11, 12, 12]	0	10	-150	NR	NR	NR	NR	NR	NR	NR	NR	NR	NR	NR	NR	NR	NR	NR	NR	NR	NR	NR	NR	NR	NR	NR	NR	NR	NR	NR	NR
25_10_6_3	Mouse NAc Patch-seq 25_10_6_3	Batch8	-52.47980118	-51.50059291	582.1881975	59.00565737	-40.34423828	82.70263672	1.7	2.750916848	-7.354736328	2.44140625	1.249708285	6	10	1.072886857	71	105.6	0.5	0.003466091	0.19905155	1.151442308	1.092048346	0.3796	30.35845642	0.934438874	0.965986809	0.507785065	0.086030149	0	0	0	[10.0, 20.0, 30.0, 40.0]	[2, 3, 5, 6]	0	10	-50	187.57445	-310.52	0	8.924647	11.587334	5.4272957	21.45862499	56.33064816	209.1032311	0.828096809	0.454105711	0.711047515	210.4242	6	227.5518045	NaN	NaN	6	1.0333564	1.1374713	943.9469051	1735.48274	4537.209782	4	2	0.031947418	2.355838648	NaN
25_10_6_4	Mouse NAc Patch-seq 25_10_6_4	Batch8	-57.57133904	-56.24767485	564.8367746	21.11835283	-31.64672852	98.02246094	1.7	4.510723673	-11.13891602	0	1.129296236	12	23.33333333	1.095603785	354.6	70.7	0.714285714	0.001677039	0.177974256	1.064638158	1.049568039	0.4486	45.83909607	0.886308806	0.965098016	0.787240258	0.102381811	0	0	0	[30.0, 40.0, 50.0, 60.0, 70.0, 80.0, 90.0, 100.0, 110.0, 120.0]	[1, 3, 5, 7, 8, 8, 10, 10, 11, 12]	0	10	-150	229.34445	-318.7622	0	8.804915	10.867677	6.4060736	21.46804674	56.00916741	216.03357	0.865391994	0.468744493	0.712294325	188.14566	7	203.0958099	NaN	NaN	7	1.0846486	1.516492	1035.616163	1904.020257	4977.830761	6	2	0.010647493	3.067145799	NaN
25_10_6_5	Mouse NAc Patch-seq 25_10_6_5	Batch8	-51.05481519	-49.99738421	429.1643415	30.25293165	-26.94702148	89.72167969	1.9	4.033918772	-3.753662109	0	3.110759494	7	40	1.169407161	108	70.8	0.4	0.016051327	0.452815013	2.080028108	11.24875454	0.446	38.35076752	0.870283019	0.980143125	0.458725305	0.077895661	0	0	1	[40.0, 50.0, 60.0, 70.0, 80.0, 90.0, 100.0, 110.0, 120.0, 130.0, 140.0]	[1, 2, 4, 4, 5, 5, 5, 6, 6, 6, 7]	0	10	-150	NR	NR	NR	NR	NR	NR	NR	NR	NR	NR	NR	NR	NR	NR	NR	NR	NR	NR	NR	NR	NR	NR	NR	NR	NR	NR	NR	NR
25_10_7_1	Mouse NAc Patch-seq 25_10_7_1	Batch8	-77.46309825	-75.46691895	226.1352539	10.61502721	-41.47338867	92.16308594	1.8	4.284869939	-10.68115234	0	0.904347826	13	64	1.066245936	389.4	197.3	0.857142857	0.000535506	0.107275408	1.009102122	0	0.052	4.811831665	0.947228676	0.98557796	0.680812083	0.097423117	0	0	0	[70.0, 80.0, 90.0, 100.0, 110.0, 120.0, 130.0, 140.0, 150.0, 160.0, 170.0]	[1, 3, 6, 7, 9, 10, 10, 11, 12, 12, 13]	0	10	-150	NR	NR	NR	NR	NR	NR	NR	NR	NR	NR	NR	NR	NR	NR	NR	NR	NR	NR	NR	NR	NR	NR	NR	NR	NR	NR	NR	NR
25_10_7_2	Mouse NAc Patch-seq 25_10_7_2	Batch8	-51.40593712	-51.47588821	531.0930525	28.29194097	-43.09082031	81.60400391	2.9	3.061314027	-1.495361328	0	2.763496548	5	0	1.06037806	132.1	26.9	NaN	0.038963823	0.526895598	2.45268138	0.102087502	0.0881	9.956072998	0.804204519	0.929205456	1.245755106	0.138009809	0	0	0	[10.0, 20.0, 30.0, 40.0, 50.0, 60.0]	[1, 1, 3, 3, 4, 5]	0	10	-150	201.57452	-136.50455	0	5.8823256	9.443559	3.2767231	15.51851993	39.81614296	94.60978468	0.749941771	0.39285787	0.631779494	135.1177	8	153.0343542	NaN	NaN	8	1.1238729	1.4623293	1069.131176	1965.638852	5138.925115	5	3	0.095682305	3.105077111	NaN
25_10_7_4	Mouse NAc Patch-seq 25_10_7_4	Batch8	-77.62540305	-85.92907134	274.57101	9.648228067	-30.2734375	78.85742188	1.9	3.152613512	-11.96289063	0	1.498752689	4	190	1.066180337	281	210.4	NaN	0.003612374	0.175239148	1.327177619	0	0.1117	10.37252808	0.928598535	0.953170208	0.120848858	0.0403188	0	0	0	[190.0, 200.0, 210.0, 220.0, 230.0, 240.0]	[1, 1, 2, 2, 4, 3]	0	10	-150	NR	NR	NR	NR	NR	NR	NR	NR	NR	NR	NR	NR	NR	NR	NR	NR	NR	NR	NR	NR	NR	NR	NR	NR	NR	NR	NR	NR
25_10_7_5	Mouse NAc Patch-seq 25_10_7_5	Batch8	-73.59469657	-73.18115234	357.0556641	14.74847199	-43.73168945	87.82958984	1.8	3.806709187	-6.683349609	0	1.011566772	12	50	1.052809005	291.6	112.7	0.714285714	0.00111871	0.150113214	1.014555089	0.588047794	0.1342	12.62059631	0.916666667	0.983871075	0.289746441	0.063166027	0	0	0	[50.0, 60.0, 70.0, 80.0, 90.0, 100.0, 110.0, 120.0, 130.0, 140.0]	[2, 5, 7, 8, 9, 10, 11, 11, 12, 12]	0	10	-150	139.21286	-167.37	0	5.1992927	6.348982	4.264448	10.9700772	31.77110782	70.21583302	0.874138402	0.583466177	0.840649383	129.33519	6	157.0349312	NaN	NaN	6	1.0761999	1.2953343	925.8253326	1702.16553	4450.105982	5	2	0.069676788	2.004870791	NaN
25_10_7_6	Mouse NAc Patch-seq 25_10_7_6	Batch8	-70.46354965	-68.22858538	297.7643694	15.26372203	-31.98242188	74.34082031	1.9	3.346690584	-9.918212891	0	1.171378092	14	91.57894737	1.10750165	416.7	166.6	0.75	0.001402944	0.176523516	1.0868116	0.351224328	0.1676	16.07628937	0.959123472	0.984763317	2.074425665	0.211845277	0.173789174	0	0	[100.0, 110.0, 120.0, 130.0, 140.0, 150.0, 160.0, 170.0, 180.0, 190.0, 200.0, 210.0, 220.0, 230.0]	[1, 4, 6, 7, 9, 10, 12, 12, 13, 13, 13, 13, 14, 14]	0	10	-150	280.4978	-232.1522	0	8.20941	9.987784	6.728047	17.93550993	52.17015226	188.9209457	0.872259617	0.587290064	0.867516113	214.67789	4	231.9638543	NaN	NaN	4	1.066918	1.3248363	1626.707326	2990.764051	7818.990994	7	6	0.025031915	3.130224969	NaN
25_10_7_7	Mouse NAc Patch-seq 25_10_7_7	Batch8	-63.23918548	-61.75304594	730.6780134	78.66001517	-39.03198242	83.64868164	1.2	2.503654427	-14.55688477	0	1.07523511	14	20	1.09101648	161.7	90.6	0.75	0.005978149	0.371107732	1.148854133	2.567992503	0.434	40.71624146	0.953971789	0.980896694	0.409103853	0.07728264	0	0	0	[20.0, 30.0, 40.0, 50.0, 60.0, 70.0, 80.0, 90.0, 100.0]	[5, 7, 9, 10, 10, 12, 14, 12, 14]	0	10	-50	358.3075	-224.3275	0	6.3309784	9.079723	4.736398	15.71168585	40.20737863	99.71130623	0.775073254	0.403923231	0.651578328	321.40176	4	344.662405	NaN	NaN	4	1.0622506	1.2277552	2231.99595	4103.610514	10728.39359	10	3	0.007380982	2.033925404	NaN
25_10_8_1	Mouse NAc Patch-seq 25_10_8_1	Batch8	-71.61819802	-70.54065523	541.0330636	22.78815058	-38.29956055	88.10424805	2.2	4.147502348	-2.685546875	0	2.117043121	6	40	1.07306482	313.2	168.1	0.5	0.011177078	0.33305815	2.126416808	0.961162911	0.3753	37.38970184	0.744494932	0.86644432	2.2074674	0.193003925	0	0	0	[40.0, 50.0, 60.0, 70.0, 80.0, 90.0, 100.0, 110.0, 120.0, 130.0, 140.0, 150.0]	[1, 1, 1, 2, 2, 3, 3, 4, 6, 3, 2, 2]	0	10	-150	295.10837	-218.96918	0	8.489761	10.418464	6.742015	18.90377372	53.61807203	207.4474716	0.906766825	0.580511898	0.847537927	151.08133	5	155.4244843	NaN	NaN	5	1.0743175	1.2789696	951.1785216	1748.778341	4571.969523	3	2	0.25548045	2.551588019	NaN
25_10_8_3	Mouse NAc Patch-seq 25_10_8_3	Batch8	-70.59090694	-69.43969727	358.2763672	16.03524962	-39.0625	74.03564453	2.3	2.927019243	-7.385253906	0	0.989594173	12	63.84615385	1.042382716	471.4	250.6	1	0.000245661	0.070049787	1.007913301	0	0.1162	12.53166809	0.991423671	0.991947522	0.206382877	0.059931598	0	0	0	[70.0, 80.0, 90.0, 100.0, 110.0, 120.0, 130.0, 140.0, 150.0, 160.0, 170.0, 180.0]	[1, 2, 3, 5, 6, 8, 9, 10, 10, 11, 11, 12]	0	10	-150	NR	NR	NR	NR	NR	NR	NR	NR	NR	NR	NR	NR	NR	NR	NR	NR	NR	NR	NR	NR	NR	NR	NR	NR	NR	NR	NR	NR
25_10_8_4	Mouse NAc Patch-seq 25_10_8_4	Batch8	-79.51762637	-78.93298921	373.1863839	17.56690719	-33.56933594	61.64550781	2.4	2.785127807	-12.20703125	0	1.109725686	10	110	1.047486011	344.9	229.6	1	0.001583869	0.159489382	1.002765197	0	0.0541	5.833535767	0.957058243	0.995078877	0.505022699	0.100399955	0	0	0	[110.0, 120.0, 130.0, 140.0, 150.0, 160.0, 170.0, 180.0, 190.0, 200.0, 210.0, 220.0, 230.0, 240.0]	[2, 3, 5, 6, 7, 8, 8, 8, 9, 9, 9, 10, 10, 9]	0	10	-150	NR	NR	NR	NR	NR	NR	NR	NR	NR	NR	NR	NR	NR	NR	NR	NR	NR	NR	NR	NR	NR	NR	NR	NR	NR	NR	NR	NR
25_10_8_5	Mouse NAc Patch-seq 25_10_8_5	Batch8	-69.71296088	-72.87103562	305.960519	17.06793801	-37.23144531	85.90698242	1.9	3.610253186	-6.072998047	0	0.976149915	13	100	1.021281979	370.7	211.3	0.857142857	0.000328476	0.083897411	1.009489858	0	0.051	4.555126953	0.975863349	0.992113598	0.204037831	0.054026176	0	0	0	[100.0, 110.0, 120.0, 130.0, 140.0, 150.0, 160.0, 170.0, 180.0, 190.0, 200.0, 210.0, 220.0, 230.0, 240.0]	[2, 5, 6, 8, 8, 9, 10, 11, 11, 12, 12, 13, 13, 13, 13]	0	10	-150	NR	NR	NR	NR	NR	NR	NR	NR	NR	NR	NR	NR	NR	NR	NR	NR	NR	NR	NR	NR	NR	NR	NR	NR	NR	NR	NR	NR
25_10_9_2	Mouse NAc Patch-seq 25_10_9_2	Batch8	-80.33378179	-105.3774879	281.8080357	7.29938283	-42.05322266	93.13964844	1.8	3.478413362	-6.622314453	0	1.023947576	4	220	1.032888662	331	225.2	NaN	7.65E-05	0.024164441	1.04900947	0	0.0954	8.651992798	0.977820865	0.985976832	0.004524106	0.007193629	0	0	0	[220.0, 230.0, 240.0]	[2, 3, 4]	0	10	-150	NR	NR	NR	NR	NR	NR	NR	NR	NR	NR	NR	NR	NR	NR	NR	NR	NR	NR	NR	NR	NR	NR	NR	NR	NR	NR	NR	NR
25_11_25_6	Mouse NAc Patch-seq 25_11_25_6	Batch8	-83.69095234	-103.4461612	303.0831473	8.327064061	-42.66357422	88.43994141	1.7	3.416938615	-13.00048828	0	1.107984293	7	180	1.034814648	348.5	252.5	1.333333333	0.000759951	0.098854439	1.076395636	0	0.11	10.19036713	0.996406755	0.995422743	0.017684374	0.014659709	0	0	0	[180.0, 190.0, 200.0, 210.0, 220.0, 230.0, 240.0]	[2, 3, 3, 5, 5, 6, 7]	0	10	-150	NR	NR	NR	NR	NR	NR	NR	NR	NR	NR	NR	NR	NR	NR	NR	NR	NR	NR	NR	NR	NR	NR	NR	NR	NR	NR	NR	NR
25_11_6_1	Mouse NAc Patch-seq 25_11_6_1	Batch8	-60.37528955	-60.86047945	913.609096	34.28204794	-38.69628906	75.01220703	2.3	2.494766163	-15.22827148	0	0.996691987	8	20	1.025080438	217.8	56.7	0.6	0.021390843	0.529433031	1.05680867	0.445275509	0.3367	41.44529419	0.871054517	0.94762728	1.441069004	0.159041234	0	0	0	[20.0, 30.0, 40.0, 50.0]	[4, 7, 8, 5]	0	10	-150	190.67714	-151.79713	0	6.7109833	10.426491	4.7489705	16.9795397	41.41948616	101.1447641	0.740873151	0.350825846	0.472796104	128.76115	5	165.1561375	NaN	NaN	5	1.044407	1.1854999	924.1341662	345.5597061	2003.24463	7	3	0.353997663	2.267818097	NaN
25_11_6_2	Mouse NAc Patch-seq 25_11_6_2	Batch8	-76.91884454	-87.37589518	256.9580078	13.130299	-41.93115234	85.41870117	1.7	3.167737614	-11.93237305	0	0.829220779	11	140.6666667	1.022326905	452	267.1	0.833333333	0.000261885	0.072350236	0.95920174	0.131641248	0.0736	6.489126587	0.991512915	0.992368827	0.085675168	0.033683151	0	0	0	[150.0, 160.0, 170.0, 180.0, 190.0, 200.0, 210.0, 220.0, 230.0, 240.0]	[1, 3, 5, 6, 7, 8, 9, 10, 10, 11]	0	10	-150	209.04	-171.13416	0	6.895594	9.807913	4.2251897	18.21160355	44.84981511	125.4909338	0.78397263	0.378369373	0.59602435	130.97324	9	140.9921808	NaN	NaN	9	1.1130792	1.2973291	1562.222003	1038.504304	4515.23608	8	3	0.001619446	2.871563716	NaN
25_11_6_3	Mouse NAc Patch-seq 25_11_6_3	Batch8	-79.16482927	-83.95792643	354.6142578	14.5636532	-40.43579102	87.09716797	2.1	4.072020206	-10.31494141	0	1.279524214	8	100	1.041543578	359.6	215.8	1	0.004377599	0.238348026	1.235399413	0.141456731	0.2279	21.95784302	0.916793313	0.963811299	0.775593033	0.110494502	0	0	0	[100.0, 110.0, 120.0, 130.0, 140.0, 150.0, 160.0, 170.0, 180.0, 190.0, 200.0, 210.0, 220.0, 230.0, 240.0]	[1, 2, 3, 4, 4, 6, 6, 7, 5, 8, 6, 6, 5, 4, 8]	0	10	-150	NR	NR	NR	NR	NR	NR	NR	NR	NR	NR	NR	NR	NR	NR	NR	NR	NR	NR	NR	NR	NR	NR	NR	NR	NR	NR	NR	NR
25_11_6_6	Mouse NAc Patch-seq 25_11_6_6	Batch8	-77.99807773	-98.99844215	293.9278739	9.062742655	-36.59057617	83.95385742	1.7	3.202065349	-12.05444336	0	0.921954778	4	220	1.03038119	278.3	266.5	NaN	0.001401825	0.114371286	0.921954778	0.03552126	0.0637	5.668954468	0.967284624	0.989797642	0.001876278	0.004927428	0	0	0	[220.0, 230.0, 240.0]	[3, 3, 4]	0	10	-150	NR	NR	NR	NR	NR	NR	NR	NR	NR	NR	NR	NR	NR	NR	NR	NR	NR	NR	NR	NR	NR	NR	NR	NR	NR	NR	NR	NR
25_11_6_7	Mouse NAc Patch-seq 25_11_6_7	Batch8	-78.86757532	-95.72143555	220.9472656	9.750388562	-41.35131836	93.17016602	1.7	4.100318756	-9.857177734	0	1.084730803	5	190	1.007972589	456.4	274.7	NaN	0.001075354	0.09754128	1.072878013	0.002697853	0.0181	1.577944946	0.989040186	0.993008305	0.061036834	0.026217387	0	0	0	[200.0, 210.0, 220.0, 230.0, 240.0]	[1, 2, 3, 4, 5]	0	10	-150	NR	NR	NR	NR	NR	NR	NR	NR	NR	NR	NR	NR	NR	NR	NR	NR	NR	NR	NR	NR	NR	NR	NR	NR	NR	NR	NR	NR
25_11_7_1	Mouse NAc Patch-seq 25_11_7_1	Batch8	-69.14506754	-65.69417318	341.796875	17.65186807	-27.0690918	77.20947266	2.1	2.632934025	-12.45117188	0	0.834703196	10	92.30769231	1.132675165	438	312	1	0.000209241	0.059580165	0.986823082	0.158265137	0.2799	26.36078644	0.952519783	0.980355321	0.608207479	0.104791123	0	0	0	[100.0, 110.0, 120.0, 130.0, 140.0, 150.0, 160.0, 170.0, 180.0, 190.0, 200.0, 210.0, 220.0, 230.0, 240.0]	[1, 2, 4, 5, 6, 7, 7, 9, 9, 9, 10, 10, 10, 8, 6]	0	10	-150	216.04399	-215.55598	0	7.0150476	8.653768	5.52623	16.52702594	44.28955278	140.7322981	0.901573325	0.515233819	0.80786261	152.42303	7	165.0313201	NaN	NaN	7	1.0567795	1.3172523	1154.409574	767.4064775	3336.549872	8	3	0.057159636	2.448115016	NaN
25_11_7_2	Mouse NAc Patch-seq 25_11_7_2	Batch8	-78.083263	-94.51206752	262.538365	9.187397064	-37.109375	87.34130859	1.7	2.970455746	-12.54272461	0	1.110882957	5	200	1.020579692	439.8	297.6	NaN	0.000557855	0.078839434	1.128008028	0	0.0556	4.992370605	0.999637155	0.993938927	0.007488838	0.009508834	0	0	0	[200.0, 210.0, 220.0, 230.0, 240.0]	[1, 2, 4, 4, 5]	0	10	-150	207.73	-244.9343	0	6.225834	7.101082	5.1712246	12.81823997	37.69637994	101.5415977	0.897954982	0.617998181	0.993996973	154.9367	10	169.2718658	NaN	NaN	10	1.0922724	1.5844924	1360.536598	904.4316916	3932.311667	4	2	0.026311372	2.066689145	NaN
25_11_7_4	Mouse NAc Patch-seq 25_11_7_4	Batch8	-73.24249491	-77.21702939	297.5899833	13.008936	-28.41186523	76.72119141	2.1	2.939788901	-12.32910156	0	1.204620462	8	143.3333333	1.059164529	413.9	239.7	1	0.001704849	0.152492566	1.158325868	0	0.1016	9.142147827	0.919361441	0.963919016	0.348671615	0.075965146	0	0	0	[150.0, 160.0, 170.0, 180.0, 190.0, 200.0, 210.0, 220.0, 230.0, 240.0]	[1, 1, 2, 4, 4, 4, 6, 5, 7, 8]	0	10	-150	224.76999	-184.431	0	5.566407	8.202673	3.4485233	14.83652855	36.47866789	85.42107059	0.806671908	0.388061374	0.642799513	130.51599	9	145.8050036	NaN	NaN	9	1.1504418	1.764337	1162.427976	772.7368275	3359.725313	5	3	0.006783433	2.223670146	NaN
25_8_11_2	Mouse NAc Patch-seq 25_8_11_2	Batch8	NR	NR	NR	NR	NR	NR	NR	NR	NR	NR	NR	NR	NR	NR	NR	NR	NR	NR	NR	NR	NR	NR	NR	NR	NR	NR	NR	NR	NR	NR	NR	NR	NR	NR	NR	NR	NR	NR	NR	NR	NR	NR	NR	NR	NR	NR	NR	NR	NR	NR	NR	NR	NR	NR	NR	NR	NR	NR	NR	NR	NR	NR	NR
25_8_11_3	Mouse NAc Patch-seq 25_8_11_3	Batch8	NR	NR	NR	NR	NR	NR	NR	NR	NR	NR	NR	NR	NR	NR	NR	NR	NR	NR	NR	NR	NR	NR	NR	NR	NR	NR	NR	NR	NR	NR	NR	NR	NR	NR	NR	NR	NR	NR	NR	NR	NR	NR	NR	NR	NR	NR	NR	NR	NR	NR	NR	NR	NR	NR	NR	NR	NR	NR	NR	NR	NR	NR	NR
25_8_12_4	Mouse NAc Patch-seq 25_8_12_4	Batch8	-59.04439021	-66.40741257	319.7370257	10.81724273	-18.34106445	82.33642578	2	2.946761276	-6.774902344	0	0.969441517	11	150	1.047724594	351.1	263.3	1.2	0.000368628	0.084513742	1.030585846	0	0.056	4.390643311	0.982642998	0.995277206	0.091571842	0.03689549	0	0	0	[150.0, 160.0, 170.0, 180.0, 190.0, 200.0, 210.0, 220.0, 230.0, 240.0]	[2, 4, 5, 6, 7, 8, 9, 10, 10, 11]	0	10	-150	NR	NR	NR	NR	NR	NR	NR	NR	NR	NR	NR	NR	NR	NR	NR	NR	NR	NR	NR	NR	NR	NR	NR	NR	NR	NR	NR	NR
25_8_13_1	Mouse NAc Patch-seq 25_8_13_1	Batch8	NR	NR	NR	NR	NR	NR	NR	NR	NR	NR	NR	NR	NR	NR	NR	NR	NR	NR	NR	NR	NR	NR	NR	NR	NR	NR	NR	NR	NR	NR	NR	NR	NR	NR	NR	NR	NR	NR	NR	NR	NR	NR	NR	NR	NR	NR	NR	NR	NR	NR	NR	NR	NR	NR	NR	NR	NR	NR	NR	NR	NR	NR	NR
25_8_13_2	Mouse NAc Patch-seq 25_8_13_2	Batch8	NR	NR	NR	NR	NR	NR	NR	NR	NR	NR	NR	NR	NR	NR	NR	NR	NR	NR	NR	NR	NR	NR	NR	NR	NR	NR	NR	NR	NR	NR	NR	NR	NR	NR	NR	NR	NR	NR	NR	NR	NR	NR	NR	NR	NR	NR	NR	NR	NR	NR	NR	NR	NR	NR	NR	NR	NR	NR	NR	NR	NR	NR	NR
25_8_14_1	Mouse NAc Patch-seq 25_8_14_1	Batch8	NR	NR	NR	NR	NR	NR	NR	NR	NR	NR	NR	NR	NR	NR	NR	NR	NR	NR	NR	NR	NR	NR	NR	NR	NR	NR	NR	NR	NR	NR	NR	NR	NR	NR	NR	NR	NR	NR	NR	NR	NR	NR	NR	NR	NR	NR	NR	NR	NR	NR	NR	NR	NR	NR	NR	NR	NR	NR	NR	NR	NR	NR	NR
25_8_14_2	Mouse NAc Patch-seq 25_8_14_2	Batch8	NR	NR	NR	NR	NR	NR	NR	NR	NR	NR	NR	NR	NR	NR	NR	NR	NR	NR	NR	NR	NR	NR	NR	NR	NR	NR	NR	NR	NR	NR	NR	NR	NR	NR	NR	NR	NR	NR	NR	NR	NR	NR	NR	NR	NR	NR	NR	NR	NR	NR	NR	NR	NR	NR	NR	NR	NR	NR	NR	NR	NR	NR	NR
25_8_14_3	Mouse NAc Patch-seq 25_8_14_3	Batch8	NR	NR	NR	NR	NR	NR	NR	NR	NR	NR	NR	NR	NR	NR	NR	NR	NR	NR	NR	NR	NR	NR	NR	NR	NR	NR	NR	NR	NR	NR	NR	NR	NR	NR	NR	NR	NR	NR	NR	NR	NR	NR	NR	NR	NR	NR	NR	NR	NR	NR	NR	NR	NR	NR	NR	NR	NR	NR	NR	NR	NR	NR	NR
25_8_15_1	Mouse NAc Patch-seq 25_8_15_1	Batch8	-65.79066999	-82.36113049	338.0475725	8.894066352	-25.87890625	90.30151367	1.8	3.1221135	-14.52636719	0	0.950576606	11	160	1.024243045	297.5	218.4	1.2	0.000315791	0.077461062	1.033061509	0	0.0629	5.132919312	0.991458832	0.993121357	0.048001288	0.024420325	0	0	0	[160.0, 170.0, 180.0, 190.0, 200.0, 210.0, 220.0, 230.0, 240.0]	[3, 4, 5, 6, 7, 8, 9, 10, 11]	0	10	-150	NR	NR	NR	NR	NR	NR	NR	NR	NR	NR	NR	NR	NR	NR	NR	NR	NR	NR	NR	NR	NR	NR	NR	NR	NR	NR	NR	NR
25_8_15_2	Mouse NAc Patch-seq 25_8_15_2	Batch8	-79.28362451	-100.8475167	338.3091518	8.00335301	-40.86303711	90.30151367	1.5	2.915404518	-14.77050781	0	0.927472527	9	170	1.028570254	291.6	181.9	0.8	0.000139598	0.046042727	1.025037305	0	0.1809	16.3178772	0.980730897	0.993408929	0.071358211	0.029289407	0	0	0	[170.0, 180.0, 190.0, 200.0, 210.0, 220.0, 230.0, 240.0]	[2, 4, 4, 6, 7, 7, 8, 9]	0	10	-150	NR	NR	NR	NR	NR	NR	NR	NR	NR	NR	NR	NR	NR	NR	NR	NR	NR	NR	NR	NR	NR	NR	NR	NR	NR	NR	NR	NR
25_8_15_5	Mouse NAc Patch-seq 25_8_15_5	Batch8	-74.93596162	-87.23813012	380.5977958	8.616271655	-31.28051758	85.26611328	1.8	3.556044337	-10.22338867	0	1.275132275	10	121.6666667	1.081316486	437.9	281.6	1	0.001984388	0.18548508	1.174042717	0	0.0737	6.48374939	0.965944272	0.982951242	0.235152292	0.058973092	0	0	0	[130.0, 140.0, 150.0, 160.0, 170.0, 180.0, 190.0, 200.0, 210.0, 220.0, 230.0, 240.0]	[1, 2, 4, 4, 6, 6, 7, 8, 9, 9, 10, 10]	0	10	-150	155.00223	-174.72334	0	8.196075	10.735693	6.10062	19.49265052	52.6191682	192.6628949	0.874419811	0.507056423	0.775472894	111.341324	5	131.5763168	NaN	NaN	5	1.0929875	2.0713942	1021.503421	488.1113148	2503.135073	10	3	0.012974046	2.495120788	NaN
25_8_15_6	Mouse NAc Patch-seq 25_8_15_6	Batch8	-62.97231641	-62.68775577	278.4075056	17.00336452	-33.96606445	80.96313477	1.9	2.584470502	-6.683349609	0	1.56744186	10	92	1.010742624	244.1	146.7	0.666666667	0.00329569	0.228076637	1.291795686	0	0.1505	13.23926239	0.962624254	0.987346671	0.203763563	0.054380788	0	0	0	[100.0, 110.0, 120.0, 130.0, 140.0, 150.0, 160.0, 170.0, 180.0, 190.0, 200.0, 210.0, 220.0, 230.0, 240.0]	[1, 2, 2, 4, 5, 5, 8, 8, 9, 8, 10, 10, 10, 10, 9]	0	10	-150	213.227	-187.582	0	7.0440683	8.397894	4.7021794	15.84331275	45.1087202	135.2652845	0.835362937	0.538882846	0.924504776	124.451225	3	148.7711802	NaN	NaN	3	1.0847208	1.5856904	664.0755548	854.5299569	2670.406194	4	3	0.462344722	1.617743436	NaN
25_8_18_1	Mouse NAc Patch-seq 25_8_18_1	Batch8	-81.16935352	-99.41725958	411.4641462	9.366406844	-39.18457031	87.64648438	1.6	3.646979	-13.51928711	0	0.94384058	13	130	1.043796283	274.8	186.7	0.857142857	0.000505648	0.106189911	1.016739705	0.047393656	0.0531	4.921286011	0.983983287	0.986329931	0.603767548	0.096272009	0	0	0	[130.0, 140.0, 150.0, 160.0, 170.0, 180.0, 190.0, 200.0, 210.0, 220.0, 230.0, 240.0]	[3, 5, 7, 8, 9, 11, 11, 12, 13, 13, 13, 13]	0	10	-150	153.64667	-136.49887	0	6.3346915	8.811243	5.0650425	14.3266775	39.91751771	114.8694835	0.905915059	0.55964638	0.83101676	123.32575	5	144.2994289	NaN	NaN	5	1.1194052	1.7244525	1132.695205	541.2427719	2775.604093	8	4	0.491824809	2.99944989	NaN
25_8_18_2	Mouse NAc Patch-seq 25_8_18_2	Batch8	-80.23832665	-95.11747814	509.2947824	7.263590904	-31.55517578	71.50268555	2	2.96336054	-14.40429688	0	1.044715447	11	110	1.084027853	337.5	159.9	0.833333333	0.000839787	0.124810127	1.053171828	0	0.1028	10.01196594	0.942763696	0.984863729	1.020064502	0.134808017	0	0	0	[110.0, 120.0, 130.0, 140.0, 150.0, 160.0, 170.0, 180.0, 190.0, 200.0, 210.0, 220.0, 230.0, 240.0]	[3, 6, 7, 9, 9, 10, 10, 11, 11, 11, 11, 9, 10, 9]	0	10	-150	191.23898	-142.90701	0	5.9381866	7.7961855	4.304543	14.40768441	38.1691242	100.060684	0.863075803	0.482031138	0.705161286	145.30643	5	179.3221159	NaN	NaN	5	1.0760602	1.3343832	641.443974	306.5051456	1571.821337	3	3	0.0492149	2.876766272	NaN
25_8_18_3	Mouse NAc Patch-seq 25_8_18_3	Batch8	-71.04595612	-86.88092913	308.3147321	7.175902707	-26.79443359	80.93261719	1.7	3.510520668	-13.42773438	0	1.225574713	8	173.3333333	1.041922501	472	243.8	1	0.002361822	0.180883077	1.118126168	0.018749194	0.1371	11.71777649	0.982311321	0.993158377	0.01463309	0.013941818	0	0	0	[180.0, 190.0, 200.0, 210.0, 220.0, 230.0, 240.0]	[1, 2, 3, 4, 6, 6, 8]	0	10	-150	NR	NR	NR	NR	NR	NR	NR	NR	NR	NR	NR	NR	NR	NR	NR	NR	NR	NR	NR	NR	NR	NR	NR	NR	NR	NR	NR	NR
25_8_18_4	Mouse NAc Patch-seq 25_8_18_4	Batch8	-70.38977232	-70.13956706	292.5327846	14.02776067	-41.25976563	87.46337891	1.7	4.231214819	-9.521484375	0	1.175886525	13	62	1.022585546	571.5	269	0.857142857	0.000705885	0.126064839	1.075268197	0	0.0773	7.044894409	0.980007015	0.992405823	0.240136423	0.059080939	0	0	0	[70.0, 80.0, 90.0, 100.0, 110.0, 120.0, 130.0, 140.0, 150.0, 160.0, 170.0, 180.0]	[1, 3, 4, 6, 7, 8, 9, 10, 11, 12, 12, 13]	0	10	-150	NR	NR	NR	NR	NR	NR	NR	NR	NR	NR	NR	NR	NR	NR	NR	NR	NR	NR	NR	NR	NR	NR	NR	NR	NR	NR	NR	NR
25_8_19_1	Mouse NAc Patch-seq 25_8_19_1	Batch8	NR	NR	NR	NR	NR	NR	NR	NR	NR	NR	NR	NR	NR	NR	NR	NR	NR	NR	NR	NR	NR	NR	NR	NR	NR	NR	NR	NR	NR	NR	NR	NR	NR	NR	NR	NR	NR	NR	NR	NR	NR	NR	NR	NR	NR	NR	NR	NR	NR	NR	NR	NR	NR	NR	NR	NR	NR	NR	NR	NR	NR	NR	NR
25_8_19_5	Mouse NAc Patch-seq 25_8_19_5	Batch8	NR	NR	NR	NR	NR	NR	NR	NR	NR	NR	NR	NR	NR	NR	NR	NR	NR	NR	NR	NR	NR	NR	NR	NR	NR	NR	NR	NR	NR	NR	NR	NR	NR	NR	NR	NR	NR	NR	NR	NR	NR	NR	NR	NR	NR	NR	NR	NR	NR	NR	NR	NR	NR	NR	NR	NR	NR	NR	NR	NR	NR	NR	NR
25_8_20_1	Mouse NAc Patch-seq 25_8_20_1	Batch8	-51.24365679	-49.78899275	858.5902623	39.87260969	-28.99169922	87.82958984	2.4	4.356048231	-8.666992188	0	1.238354205	7	20	1.030752288	95.3	65.2	0.75	0.003873662	0.212458943	1.13989074	0	0.1628	18.50124969	0.852746545	0.944400648	0.814539511	0.112703782	0	0	0	[20.0, 30.0, 40.0, 50.0]	[4, 5, 6, 7]	0	10	-150	203.7711	-236.82889	0	6.2320848	8.073711	4.9349413	14.1926947	37.66403028	96.22012903	0.852358347	0.477679071	0.731459622	164.56178	2	169.460927	NaN	NaN	2	1.0404867	1.2417789	586.9736128	755.3154751	2360.360911	2	2	1.71933675	1.71933675	0.707410706
25_8_21_1	Mouse NAc Patch-seq 25_8_21_1	Batch8	-57.82071997	-57.75814965	572.4225725	11.68614571	-27.0690918	67.74902344	1.4	2.225924628	-16.69311523	0	0.82306163	12	31.57894737	1.020864842	552.4	140.1	0.714285714	0.003740475	0.271837956	1.111552545	0.752016339	0.266	26.72324066	0.90256654	0.955276998	1.652587532	0.192775833	0	0	0	[40.0, 50.0, 60.0, 70.0, 80.0, 90.0, 100.0]	[1, 4, 6, 7, 9, 10, 12]	0	10	-150	NR	NR	NR	NR	NR	NR	NR	NR	NR	NR	NR	NR	NR	NR	NR	NR	NR	NR	NR	NR	NR	NR	NR	NR	NR	NR	NR	NR
25_8_21_4	Mouse NAc Patch-seq 25_8_21_4	Batch8	-71.49154926	-72.62108212	361.6768973	12.31008803	-33.75244141	53.4362793	0.8	1.465597206	-23.13232422	0	0.881516588	48	72.63157895	1.032452606	168.2	52.4	0.92	5.97E-05	0.069695883	1.000231142	0.540373799	0.2688	25.87771149	0.886858138	0.994562241	0.130143394	0.047260672	0	0	0	[80.0, 90.0, 100.0, 110.0, 120.0, 130.0, 140.0, 150.0, 160.0, 170.0, 180.0, 190.0, 200.0]	[2, 12, 17, 21, 26, 29, 32, 36, 38, 41, 44, 46, 48]	0	10	-150	341.82904	-226.91599	0	9.224938	11.492377	8.114048	20.25251827	58.39772219	243.7335249	0.898117829	0.594233599	0.849815188	317.7445	9	322.2862854	NaN	NaN	9	1.0517902	1.2936295	3295.623489	5073.217895	14494.90887	14	3	0.033814867	1.992408087	NaN
25_8_22_1	Mouse NAc Patch-seq 25_8_22_1	Batch8	-81.53900726	-78.37931315	653.0761719	14.18314172	-50.04882813	69.91577148	2.3	1.945589629	-8.178710938	0	1.022012579	12	30	1.158335358	480.5	119	1	0.001846348	0.201161316	1.081854944	0.26986144	0.1206	13.38533783	0.894832276	0.976655018	0.516233114	0.09844371	0	0	0	[30.0, 40.0, 50.0, 60.0, 70.0]	[1, 9, 12, 4, 2]	0	10	-150	171.15833	-225.87	0	5.859896	7.0590744	4.2942924	12.8769259	34.149039	75.93485456	0.818265153	0.457948639	0.770054256	111.47345	3	133.0998688	NaN	NaN	3	1.0974259	1.2154288	526.0313206	185.4603671	1107.226039	3	2	0.621468171	3.140746926	NaN
25_8_22_4	Mouse NAc Patch-seq 25_8_22_4	Batch8	-78.22229616	-84.49707031	409.5458984	7.884780812	-36.80419922	76.32446289	1.8	3.030118264	-12.20703125	0	1.15942029	15	90.90909091	1.127995927	510.9	235.4	0.875	0.001351342	0.183475686	1.04909762	0.133700665	0.1097	10.33508759	0.971853639	0.991529565	0.343554042	0.079665479	0	0	0	[100.0, 110.0, 120.0, 130.0, 140.0, 150.0, 160.0, 170.0, 180.0, 190.0, 200.0, 210.0, 220.0, 230.0, 240.0]	[1, 5, 7, 9, 10, 11, 12, 13, 13, 13, 14, 14, 14, 15, 15]	0	10	-150	214.55455	-186.05363	0	5.63299	6.8936896	3.5775564	12.48969763	34.65540264	77.61457216	0.812103223	0.49755308	0.897773961	142.61276	6	156.1760674	NaN	NaN	6	1.0637046	1.2100813	903.5109965	318.5465871	1901.770622	1	2	0.047666365	2.265360745	NaN
25_8_28_3	Mouse NAc Patch-seq 25_8_28_3	Batch8	-59.42607522	-58.46005394	643.484933	15.00835786	-26.27563477	87.37182617	2.1	3.614592844	-11.59667969	0	0.868480726	14	50	1.123489271	264.2	166.9	1	0.001388272	0.180133081	0.983833291	0.486151677	0.4418	42.23581238	0.984304933	0.989941723	0.603330432	0.09252313	0	0	0	[50.0, 60.0, 70.0, 80.0, 90.0, 100.0, 110.0, 120.0, 130.0]	[4, 6, 7, 9, 11, 12, 13, 14, 14]	0	10	-150	NR	NR	NR	NR	NR	NR	NR	NR	NR	NR	NR	NR	NR	NR	NR	NR	NR	NR	NR	NR	NR	NR	NR	NR	NR	NR	NR	NR
25_8_8_1	Mouse NAc Patch-seq 25_8_8_1	Batch8	-78.24915709	-79.11376953	486.0142299	11.35863506	-37.26196289	71.07543945	2.1	2.77550872	-13.00048828	0	0.868667917	12	70	1.07936002	539	196	0.714285714	0.001367236	0.165122375	1.052634023	0	0.0709	7.409776306	0.965228873	0.991275013	0.596146788	0.103032204	0	0	0	[70.0, 80.0, 90.0, 100.0, 110.0, 120.0, 130.0, 140.0, 150.0]	[1, 5, 6, 8, 9, 10, 11, 11, 12]	0	10	-150	NR	NR	NR	NR	NR	NR	NR	NR	NR	NR	NR	NR	NR	NR	NR	NR	NR	NR	NR	NR	NR	NR	NR	NR	NR	NR	NR	NR
25_8_8_3	Mouse NAc Patch-seq 25_8_8_3	Batch8	-72.34848534	-77.62509301	218.4186663	10.99976328	-31.15844727	79.52880859	1.8	2.895475633	-12.11547852	0	1.129237544	5	180	1.025165155	428	311.1	NaN	0.00034991	0.056272567	1.085940807	0	0.2101	18.11471863	0.975171866	0.992380511	0.05417842	0.026584489	0	0	0	[180.0, 190.0, 200.0, 210.0, 220.0, 230.0, 240.0]	[1, 2, 2, 3, 4, 5, 5]	0	10	-150	216.56999	-183.3825	0	7.044132	10.192392	3.3490896	17.96951121	46.52440912	124.5101662	0.722857921	0.385595791	0.541339681	111.660065	2	153.4041885	NaN	NaN	2	1.1124582	1.278637	585.3068432	279.6807974	1434.260576	3	4	1.713315518	1.713315518	0.70580759
25_9_10_1	Mouse NAc Patch-seq 25_9_10_1	Batch8	-80.71921217	-93.4026809	227.5739397	10.30697006	-44.921875	98.26660156	1.9	4.124013154	-6.622314453	0	0.961693548	7	180	1.047499231	314	191.5	1.333333333	0.000336758	0.062090859	1.009070019	0	0.0505	4.654165649	0.994930292	0.997247815	0.046865067	0.022333399	0	0	0	[180.0, 190.0, 200.0, 210.0, 220.0, 230.0, 240.0]	[1, 3, 4, 5, 6, 7, 7]	0	10	-150	201.03667	-153.33168	0	7.4744086	9.221942	6.2933044	15.86435107	44.81990127	135.8248782	0.849664351	0.539677982	0.898068551	149.22144	6	165.4559021	NaN	NaN	6	1.0559379	1.1990147	1477.14135	1900.780016	5939.93774	7	4	0.01543324	2.938283541	NaN
25_9_10_2	Mouse NAc Patch-seq 25_9_10_2	Batch8	-46.98299025	-45.2218192	318.4291295	30.5348277	-38.72680664	87.34130859	1.9	2.980360114	-3.41796875	0	2.232736416	4	30	1.026176422	38.1	40.8	NaN	0.022484129	0.588593809	2.234857865	5.958229396	0.3969	34.60716553	0.766357413	0.859215178	1.975220038	0.181836818	0	0	1	[30.0, 40.0, 50.0, 60.0, 70.0, 80.0, 90.0, 100.0, 110.0, 120.0, 130.0]	[1, 2, 2, 2, 2, 2, 3, 2, 3, 3, 4]	0	10	-150	NR	NR	NR	NR	NR	NR	NR	NR	NR	NR	NR	NR	NR	NR	NR	NR	NR	NR	NR	NR	NR	NR	NR	NR	NR	NR	NR	NR
25_9_10_5	Mouse NAc Patch-seq 25_9_10_5	Batch8	-53.07748826	-51.34567987	415.3878348	69.40964399	-37.35351563	74.12719727	1	1.757510804	-14.16015625	0	0.901315789	10	20	1.324254723	162.8	154.7	2.333333333	0.004324052	0.321033786	1.222931103	3.605325283	0.4251	29.57415161	0.948230088	0.976643342	0.240096535	0.060705654	0	0	0	[20.0, 30.0, 40.0, 50.0, 60.0]	[10, 5, 9, 8, 8]	0	10	-50	238.02667	-176.61555	0	7.9601345	11.2706	5.6193566	20.89200884	50.70260081	155.8793064	0.761969968	0.357131422	0.631639624	150.02028	3	186.1517334	NaN	NaN	3	1.0845432	1.2408438	514.0667477	661.4991975	2067.18506	3	2	0.169880004	3.098479306	NaN
25_9_10_6	Mouse NAc Patch-seq 25_9_10_6	Batch8	-52.72378183	-53.30403646	478.515625	39.90429699	-35.91918945	87.890625	2.2	4.195691651	-2.410888672	0	1.733153639	7	10	1.212574873	295.9	100.6	0.75	0.008316283	0.317623909	1.378814451	11.83889589	0.4622	45.54301453	0.881031308	0.970907277	0.649840811	0.095960896	0	0	2	[10.0, 20.0, 30.0, 40.0, 50.0, 60.0, 70.0]	[2, 3, 5, 6, 6, 7, 7]	0	10	-150	NR	NR	NR	NR	NR	NR	NR	NR	NR	NR	NR	NR	NR	NR	NR	NR	NR	NR	NR	NR	NR	NR	NR	NR	NR	NR	NR	NR
25_9_12_1	Mouse NAc Patch-seq 25_9_12_1	Batch8	-80.32516221	-90.97086589	462.0361328	13.96993536	-39.67285156	84.9609375	2.1	4.249855422	-11.4440918	0	1.310344828	8	100	1.06442844	249.4	170.8	1	0.004233096	0.231313832	1.285415467	0	0.1311	12.51782837	0.866308244	0.935994165	2.592358849	0.209192339	0	0	0	[100.0, 110.0, 120.0, 130.0, 140.0, 150.0, 160.0, 170.0, 180.0, 190.0, 200.0, 210.0, 220.0, 230.0, 240.0]	[2, 2, 3, 4, 5, 6, 7, 7, 8, 8, 8, 7, 7, 6, 6]	0	10	-150	217.4557	-212.34286	0	6.4184713	7.099368	5.878291	13.46101249	38.6557478	105.6524244	0.888507653	0.583074452	0.869159547	190.42656	3	207.2872105	NaN	NaN	3	1.0441362	1.2617668	1188.780377	1529.718183	4780.369448	9	3	0.518828953	2.643331224	NaN
25_9_12_2	Mouse NAc Patch-seq 25_9_12_2	Batch8	-70.07293408	-70.28924851	224.5221819	32.50582866	-52.55126953	83.7097168	2.2	3.189642554	-2.44140625	0	1.517241379	10	70	1.093571804	90	37.6	0.666666667	0.006325631	0.31932975	1.674194649	0	0.1517	14.9978363	0.869733146	0.968093926	0.533372815	0.089592426	0	0	0	[80.0, 90.0, 100.0, 110.0, 120.0, 130.0, 140.0, 150.0, 160.0, 170.0, 180.0, 190.0, 200.0]	[1, 3, 3, 5, 6, 6, 8, 8, 10, 9, 10, 10, 8]	0	10	-150	251.30249	-182.27875	0	4.358249	6.4999814	2.708203	11.20038363	30.10575889	57.8183406	0.801634369	0.460892697	0.682445079	155.60703	5	169.8471107	NaN	NaN	5	1.1661408	1.8526587	1117.238825	1437.658762	4492.683762	5	3	0.174792708	2.644276692	NaN
25_9_12_3	Mouse NAc Patch-seq 25_9_12_3	Batch8	-52.23390275	-52.82534645	838.0998884	22.44157275	-23.22387695	72.23510742	2.4	3.455174307	-12.14599609	0	0.818791946	10	40	1.098140448	162	91.5	0.666666667	0.00655721	0.321149222	1.073664394	0.769297467	0.3147	33.03841248	0.932862191	0.963662666	0.924118015	0.134216166	0	0	0	[40.0, 50.0, 60.0, 70.0, 80.0, 90.0, 100.0]	[3, 6, 7, 9, 8, 9, 10]	0	10	-150	NR	NR	NR	NR	NR	NR	NR	NR	NR	NR	NR	NR	NR	NR	NR	NR	NR	NR	NR	NR	NR	NR	NR	NR	NR	NR	NR	NR
25_9_12_4	Mouse NAc Patch-seq 25_9_12_4	Batch8	-52.31589292	-53.49876767	211.3560268	8.853049662	-16.11328125	52.58178711	1	1.427087981	-23.04077148	0	1.074418605	25	160	1.070434179	198.5	136.8	1.083333333	0.000352045	0.128060881	1.04720006	0.622890541	0.1497	10.56701202	1.258064516	1.018683069	0.229537493	0.065838058	0	0	0	[160.0, 170.0, 180.0, 190.0, 200.0, 210.0, 220.0, 230.0, 240.0]	[5, 10, 10, 14, 12, 19, 18, 21, 25]	0	10	-150	181.98	-178.50092	0	7.680222	10.081953	5.354786	17.15522346	48.37131906	151.4793497	0.813555968	0.51470771	0.741907654	142.90225	8	151.2031507	NaN	NaN	8	1.0685833	1.2515854	1266.747647	1630.046161	5093.894386	10	3	0.081208524	3.116632283	NaN
25_9_16_1	Mouse NAc Patch-seq 25_9_16_1	Batch8	-70.86228937	-85.35475958	253.7318638	8.0210603	-32.98950195	95.64208984	1.7	3.56245368	-11.47460938	0	1	8	172.3076923	1.025196454	504.6	310.2	1	0.000895688	0.113198252	1.107125341	0	0.0669	5.442059326	0.977705977	0.991295753	0.012525835	0.011928439	0	0	0	[180.0, 190.0, 200.0, 210.0, 220.0, 230.0, 240.0]	[1, 2, 4, 5, 6, 7, 8]	0	10	-150	143.87386	-152.79308	0	6.950597	10.817882	4.4729557	18.59813074	44.80339213	123.4521156	0.77283469	0.356911009	0.533845851	119.23073	9	140.8923988	NaN	NaN	9	1.1061378	2.4663544	1568.843243	2018.781669	6308.692894	7	3	0.027134512	3.141104372	NaN
25_9_16_2	Mouse NAc Patch-seq 25_9_16_2	Batch8	-78.09998809	-87.83656529	391.671317	10.76129349	-40.28320313	92.83447266	1.9	4.430968523	-8.728027344	0	1.072751323	11	100	1.034744958	276.3	155.8	0.833333333	0.001493093	0.162922931	1.054864672	0	0.0812	7.544644165	0.963827688	0.980513306	0.881675371	0.113593185	0	0	0	[100.0, 110.0, 120.0, 130.0, 140.0, 150.0, 160.0, 170.0, 180.0, 190.0, 200.0, 210.0, 220.0, 230.0, 240.0]	[3, 4, 6, 7, 8, 8, 9, 9, 10, 10, 10, 11, 10, 11, 10]	0	10	-150	128.61168	-154.57584	0	6.8802047	10.324197	4.278903	18.52047676	46.07579002	133.8574994	0.792331625	0.390245931	0.589624645	145.56721	5	160.9653091	NaN	NaN	5	1.0789565	1.549144	1196.698758	1539.90752	4812.211122	8	3	0.089489326	2.076675488	NaN
25_9_16_3	Mouse NAc Patch-seq 25_9_16_3	Batch8	-47.39904541	-48.5168457	371.09375	23.80144884	-36.62109375	91.58325195	2	4.357344507	-9.155273438	0	1.0969163	8	10	1.019040193	51.7	8.8	1	0.001145253	0.11652698	1.070643728	0	0.3728	34.83370056	0.865360303	0.953686781	0.758896533	0.099343058	0	0	0	[10.0, 20.0, 30.0, 40.0, 50.0, 60.0]	[3, 4, 5, 6, 8, 8]	0	10	-150	NR	NR	NR	NR	NR	NR	NR	NR	NR	NR	NR	NR	NR	NR	NR	NR	NR	NR	NR	NR	NR	NR	NR	NR	NR	NR	NR	NR
25_9_16_4	Mouse NAc Patch-seq 25_9_16_4	Batch8	-69.4862119	-71.22366769	274.2222377	14.01979897	-26.45874023	72.57080078	1.8	2.642981121	-12.05444336	0	1.112934363	9	150	1.060816359	346.4	252.7	1.25	0.000464568	0.084549218	1.095703903	0.440957505	0.0636	5.647251892	0.969133192	0.991365187	0.094248951	0.038209717	0	0	0	[150.0, 160.0, 170.0, 180.0, 190.0, 200.0, 210.0, 220.0, 230.0, 240.0]	[2, 3, 4, 5, 5, 7, 8, 8, 9, 9]	0	10	-150	148.825	-132.23167	0	5.235263	6.1399927	4.728361	11.21343232	31.0040159	63.94841745	0.835995161	0.508572261	0.813499046	123.93121	6	147.0846519	NaN	NaN	6	1.1156414	1.5725324	890.9703283	1146.497305	3582.80417	3	2	0.012304378	1.635776792	NaN
25_9_16_5	Mouse NAc Patch-seq 25_9_16_5	Batch8	-60.95382144	-58.41936384	592.476981	10.30027387	-49.43847656	67.41333008	1.4	2.230739921	1.495361328	0	0.987804878	33	50	1.043501039	250	268.1	0.833333333	0.000188859	0.101311695	1.007464859	0.88770254	0.2143	20.78834686	1.043506494	1.007568321	0.129950997	0.052134147	0	0	0	[20.0, 50.0, 60.0, 70.0, 80.0, 90.0, 100.0, 110.0, 120.0, 130.0, 140.0, 150.0, 160.0, 170.0, 180.0, 190.0, 200.0]	[1, 4, 8, 12, 16, 18, 20, 23, 25, 26, 28, 29, 30, 31, 32, 33, 33]	0	10	-150	141.52455	-96.219086	0	7.355614	9.514857	5.3516746	15.97458302	46.48895668	156.1015491	0.907648047	0.611713622	0.96132196	62.680153	6	70.56191254	NaN	NaN	6	1.028941	1.1150905	368.5685873	474.2726849	1482.102177	3	2	0.044868548	2.105171465	NaN
25_9_4_1	Mouse NAc Patch-seq 25_9_4_1	Batch8	-79.10396639	-85.00598726	317.6443917	13.81325537	-44.25048828	88.95874023	2.1	3.430125149	-4.913330078	0	1	11	110	1.068520937	345.2	176.6	0.833333333	0.000261198	0.068707605	1.055555556	0.055443171	0.2696	25.90968933	0.972467709	0.988966249	0.507454724	0.083246763	0	0	0	[110.0, 120.0, 130.0, 140.0, 150.0, 160.0, 170.0, 180.0, 190.0, 200.0, 210.0, 220.0, 230.0, 240.0]	[2, 3, 4, 5, 6, 7, 8, 8, 9, 9, 10, 10, 11, 11]	0	10	-150	NR	NR	NR	NR	NR	NR	NR	NR	NR	NR	NR	NR	NR	NR	NR	NR	NR	NR	NR	NR	NR	NR	NR	NR	NR	NR	NR	NR
25_9_4_3	Mouse NAc Patch-seq 25_9_4_3	Batch8	-74.49068825	-75.50048828	338.7451172	17.52777427	-41.16821289	91.15600586	2.2	4.010931414	-3.082275391	0	1.408018868	10	100	1.053349979	218.1	116.2	0.666666667	0.008490411	0.366398071	1.920389951	0.111678843	0.147	14.17156677	0.942976356	0.976411888	0.686501372	0.098548103	0	0	0	[100.0, 110.0, 120.0, 130.0, 140.0, 150.0, 160.0, 170.0, 180.0, 190.0, 200.0, 210.0, 220.0, 230.0, 240.0]	[1, 2, 2, 3, 3, 4, 5, 5, 7, 7, 8, 9, 9, 10, 10]	0	10	-150	294.5625	-181.27625	0	7.2192135	9.05066	4.4360843	16.47258776	45.81648304	139.2112308	0.833375329	0.513039275	0.784746981	170.04683	8	183.4725914	NaN	NaN	8	1.0856488	1.2716467	1430.534647	504.3568014	3011.085301	5	2	0.019701726	3.138662965	NaN
25_9_4_4	Mouse NAc Patch-seq 25_9_4_4	Batch8	-56.66267539	-57.2672526	251.2904576	31.51428132	-36.62109375	92.22412109	1.8	4.774056674	0.915527344	0	8.595744681	5	70	1.119165408	101.9	85.7	NaN	0.040360466	0.530568391	5.175746924	4.63833156	0.4749	37.49219055	0.746053535	0.992800403	0.9307958	0.107250215	0	0	0	[70.0, 80.0, 90.0, 100.0, 110.0, 120.0, 130.0, 140.0, 150.0, 160.0, 170.0, 180.0, 190.0, 200.0]	[1, 1, 1, 1, 2, 2, 3, 2, 4, 4, 5, 5, 5, 5]	0	10	-150	370.80887	-174.5689	0	10.480149	14.224522	8.938773	24.98921292	65.02885556	278.7020811	0.828205011	0.446308396	0.695117175	424.7628	9	473.5798759	NaN	NaN	9	1.0378634	1.1816325	1543.029991	1361.682706	5138.425753	4	4	0.122782977	3.066853869	NaN
25_9_4_5	Mouse NAc Patch-seq 25_9_4_5	Batch8	-68.74703397	-85.11817569	314.5926339	7.849316393	-28.77807617	92.4987793	1.7	3.808401511	-7.965087891	0	1.01490313	10	140.6666667	1.041675285	342.3	189.2	1	0.000233944	0.062425183	1.023135205	0.12311357	0.0744	6.02727356	0.983501684	0.992605352	0.11191827	0.036575414	0	0	0	[150.0, 160.0, 170.0, 180.0, 190.0, 200.0, 210.0, 220.0, 230.0, 240.0]	[1, 3, 5, 6, 7, 8, 8, 9, 10, 10]	0	10	-150	NR	NR	NR	NR	NR	NR	NR	NR	NR	NR	NR	NR	NR	NR	NR	NR	NR	NR	NR	NR	NR	NR	NR	NR	NR	NR	NR	NR
25_9_5_2	Mouse NAc Patch-seq 25_9_5_2	Batch8	-79.04979939	-82.55673363	390.1018415	11.06540119	-39.21508789	71.9909668	2	2.798691437	-11.77978516	0	0.958707361	15	100	1.070692708	291.9	194.1	0.875	0.000575311	0.119842613	1.000817649	0	0.1205	12.40438843	1.002145923	0.99994131	0.235657065	0.064139468	0	0	0	[100.0, 110.0, 120.0, 130.0, 140.0, 150.0, 160.0, 170.0, 180.0, 190.0, 200.0, 210.0, 220.0, 230.0, 240.0]	[3, 5, 8, 9, 10, 11, 12, 13, 14, 14, 15, 15, 15, 15, 15]	0	10	-150	228.59714	-221.99715	0	5.702746	7.0502057	4.6310263	12.09901126	34.97565012	85.97816816	0.883215049	0.587338441	0.890962626	123.88917	7	135.0521288	NaN	NaN	7	1.0563112	1.1640925	1054.491114	930.560206	3511.548234	5	3	0.037278203	2.802618871	NaN
25_9_5_3	Mouse NAc Patch-seq 25_9_5_3	Batch8	-73.70544101	-74.08796038	376.0637556	12.04724998	-30.57861328	80.7800293	1.8	3.180526469	-13.51928711	0	1.048452221	14	110	1.077176791	261.4	200.7	1	0.000938693	0.14457777	1.074484583	0.143670312	0.1147	10.92940369	0.974961479	0.991579296	0.870106391	0.121317182	0	0	0	[110.0, 120.0, 130.0, 140.0, 150.0, 160.0, 170.0, 180.0, 190.0, 200.0, 210.0, 220.0, 230.0, 240.0]	[3, 4, 6, 7, 8, 9, 10, 10, 12, 11, 13, 13, 12, 14]	0	10	-150	251.91888	-223.34555	0	8.882973	12.75808	7.5674167	21.98683484	56.55447106	217.6478757	0.855126582	0.450224375	0.698810582	129.48726	6	137.4832754	NaN	NaN	6	1.02377	1.0828674	641.9586172	566.5113055	2137.778697	2	2	0.078747274	1.795397085	NaN
25_9_5_4	Mouse NAc Patch-seq 25_9_5_4	Batch8	-73.7713696	-80.98754883	254.6909877	12.33004794	-40.55786133	73.69995117	2.1	2.6942604	-5.279541016	0	0.965601966	11	140	1.005850142	303.6	168.4	0.833333333	2.40E-05	0.020848451	0.985442174	0	0.0931	8.616941833	0.997908825	0.999904719	0.010170092	0.012089824	0	0	0	[140.0, 150.0, 160.0, 170.0, 180.0, 190.0, 200.0, 210.0, 220.0, 230.0, 240.0]	[2, 3, 5, 5, 7, 8, 9, 9, 10, 11, 11]	0	10	-150	NR	NR	NR	NR	NR	NR	NR	NR	NR	NR	NR	NR	NR	NR	NR	NR	NR	NR	NR	NR	NR	NR	NR	NR	NR	NR	NR	NR
25_9_5_5	Mouse NAc Patch-seq 25_9_5_5	Batch8	-73.91125585	-93.50440616	291.2248884	6.460838797	-32.04345703	88.50097656	1.5	3.573609943	-13.85498047	0	1.01653944	12	170	1.035553238	267.6	149.7	1	0.000257229	0.071492096	1.022765482	0.135477281	0.0899	7.490246582	0.973039216	0.993048346	0.16223634	0.044559577	0	0	0	[170.0, 180.0, 190.0, 200.0, 210.0, 220.0, 230.0, 240.0]	[2, 5, 6, 8, 8, 10, 11, 12]	0	10	-150	NR	NR	NR	NR	NR	NR	NR	NR	NR	NR	NR	NR	NR	NR	NR	NR	NR	NR	NR	NR	NR	NR	NR	NR	NR	NR	NR	NR
25_9_5_7	Mouse NAc Patch-seq 25_9_5_7	Batch8	-59.21737134	-57.39193871	742.0131138	18.5607965	-23.74267578	78.61328125	2.2	3.55008031	-13.61083984	0	1.169946333	9	10.58823529	1.147855135	424.2	136	0.8	0.002226422	0.183736863	1.15764876	0.75315803	0.0634	6.765635681	0.903692425	0.972350017	0.69317703	0.104768764	0	0	0	[20.0, 30.0, 40.0, 50.0, 60.0, 70.0, 80.0]	[1, 4, 5, 7, 8, 8, 9]	0	10	-150	147.25375	-119.27875	0	5.9877753	8.788023	4.830061	15.13038122	37.82952598	95.06101951	0.834738669	0.415243389	0.649044722	80.88215	4	91.6537323	NaN	NaN	4	1.0951742	1.1695305	309.9457874	398.8370834	1246.365919	1	1	0.2589966	2.230128253	NaN
25_9_5_8	Mouse NAc Patch-seq 25_9_5_8	Batch8	-71.19275564	-72.93875558	399.0827288	12.93255352	-25.36010742	69.51904297	2	2.742973773	-8.026123047	0	1.550420168	11	116.875	1.105849586	181.3	150.9	0.833333333	0.001475431	0.164205027	1.201404443	0	0.1603	15.36295319	0.967535437	0.98831599	0.283472672	0.072666865	0	0	0	[120.0, 130.0, 140.0, 150.0, 160.0, 170.0, 180.0, 190.0, 200.0, 210.0, 220.0, 230.0, 240.0]	[3, 2, 4, 5, 7, 8, 8, 9, 10, 10, 10, 11, 10]	0	10	-150	NR	NR	NR	NR	NR	NR	NR	NR	NR	NR	NR	NR	NR	NR	NR	NR	NR	NR	NR	NR	NR	NR	NR	NR	NR	NR	NR	NR
25_9_9_2	Mouse NAc Patch-seq 25_9_9_2	Batch8	-78.83450959	-81.0546875	253.2958984	9.650806084	-34.14916992	82.24487305	1.9	3.014104149	-11.50512695	0	0.947431302	8	150.9090909	1.088731523	558.2	321.9	1	0.001820731	0.164463415	1.042133917	0	0.1453	13.75984802	0.963702359	0.989007489	0.048927791	0.025603347	0	0	0	[160.0, 170.0, 180.0, 190.0, 200.0, 210.0, 220.0, 230.0, 240.0]	[1, 2, 3, 5, 5, 6, 7, 8, 8]	0	10	-150	235.19444	-207.71335	0	6.678785	9.489481	4.890562	16.47683293	44.47897344	131.8016681	0.837184656	0.485482333	0.852893407	166.45172	8	185.686924	NaN	NaN	8	1.0608718	1.3560319	1232.358075	1585.79383	4955.605845	4	2	0.043287247	2.671903251	NaN
25_9_9_3	Mouse NAc Patch-seq 25_9_9_3	Batch8	-67.54003581	-66.38183594	494.9951172	14.84948948	-28.01513672	75.04272461	1.9	3.235759923	-8.392333984	0	1.287145242	9	70	1.102608659	235.5	124.5	0.8	0.002558815	0.198200133	1.161966111	0.077132121	0.1054	10.08336182	0.89394572	0.970052447	0.826261803	0.118773943	0	0	0	[70.0, 80.0, 90.0, 100.0, 110.0, 120.0, 130.0, 140.0, 150.0, 160.0]	[2, 4, 6, 7, 8, 8, 9, 8, 9, 9]	0	10	-150	277.32285	-201.74284	0	5.1258616	6.6995835	3.940277	11.82535214	32.12222677	68.44291278	0.83354118	0.489440969	0.957746056	173.27313	4	192.7529507	NaN	NaN	4	1.0414631	1.1735299	1010.039993	1299.715694	4061.611662	4	2	0.474558134	3.061218708	NaN
25_9_9_4	Mouse NAc Patch-seq 25_9_9_4	Batch8	-64.98625653	-72.28800456	199.9337333	9.434811532	-33.02001953	95.21484375	1.5	3.661371818	-9.765625	0	1.018587361	9	140	1.008600558	374.1	174.1	0.8	0.000194886	0.054531247	1.027971024	0.117341594	0.0548	4.174435425	0.975280899	0.990647974	0.068305727	0.027748487	0	0	0	[140.0, 150.0, 160.0, 170.0, 180.0, 190.0, 200.0, 210.0, 220.0, 230.0, 240.0]	[1, 2, 4, 5, 5, 6, 7, 7, 8, 8, 9]	0	10	-150	NR	NR	NR	NR	NR	NR	NR	NR	NR	NR	NR	NR	NR	NR	NR	NR	NR	NR	NR	NR	NR	NR	NR	NR	NR	NR	NR	NR
25_9_9_5	Mouse NAc Patch-seq 25_9_9_5	Batch8	-87.12545101	-92.78826032	391.3225446	8.872070143	-46.44775391	82.58056641	1.6	3.10141123	-11.32202148	0	1.042105263	16	100	1.121778602	421.1	201.8	1	0.000500811	0.114620075	1.044609725	0.111644481	0.1235	12.66016388	1.008286252	0.997978751	0.334585321	0.071870086	0	0	0	[100.0, 110.0, 120.0, 130.0, 140.0, 150.0, 160.0, 170.0, 180.0, 190.0, 200.0, 210.0, 220.0, 230.0, 240.0]	[1, 4, 6, 7, 8, 10, 11, 12, 13, 14, 14, 15, 15, 16, 16]	0	10	-150	242.19624	-164.71873	0	6.431517	9.06788	4.782591	15.89235414	41.63762915	114.8253464	0.832291851	0.454633355	0.666146351	107.395615	4	127.1461172	NaN	NaN	4	1.1199199	1.3501877	722.4157495	929.6019057	2905.00606	2	3	0.329953596	2.644437388	NaN
25_9_9_6	Mouse NAc Patch-seq 25_9_9_6	Batch8	-69.89993733	-72.65537807	310.2329799	11.75469851	-33.14208984	73.88305664	1.9	3.20991266	-9.643554688	0	1.031311155	13	100	1.032450547	422.5	237	0.857142857	0.000356546	0.087880744	1.020361964	0	0.0932	8.367358398	1.015282941	1.001192502	0.202961727	0.056038285	0	0	0	[100.0, 110.0, 120.0, 130.0, 140.0, 150.0, 160.0, 170.0, 180.0, 190.0, 200.0, 210.0, 220.0, 230.0, 240.0]	[2, 4, 6, 7, 9, 10, 10, 11, 11, 12, 12, 13, 13, 13, 13]	0	10	-150	NR	NR	NR	NR	NR	NR	NR	NR	NR	NR	NR	NR	NR	NR	NR	NR	NR	NR	NR	NR	NR	NR	NR	NR	NR	NR	NR	NR
