repeat,seed,attempt_count_cumulative,train_donors,test_donors
0,20260916,1,2024-08-20;2024-08-21;2024-08-23;2024-08-24;2024-09-03;2024-10-01;2024-10-02;2024-10-07;2024-10-08;2024-10-11;2024-10-14;2024-10-16;2024-10-18;2024-10-24;2024-11-07;2024-11-12;2024-11-27;2024-12-09;2024-12-13;2025-01-16;2025-01-17;2025-01-27;2025-02-03;2025-02-06;2025-02-07;2025-02-10;2025-02-25;2025-03-03;2025-03-06;2025-03-11;2025-03-12;2025-03-21;2025-03-26;2025-03-27;2025-03-28;2025-03-31;2025-04-01;2025-04-02;2025-04-03;2025-04-07;2025-04-08;2025-04-09;2025-04-11;2025-04-16;2025-04-18;2025-04-22;2025-04-23;2025-04-24;2025-04-25;2025-04-28;2025-05-14;2025-05-19;2025-05-20;2025-05-21;2025-05-22;2025-06-04;2025-06-11;2025-06-20;2025-06-26;2025-06-27;2025-06-30;2025-07-01;2025-07-03;2025-07-08;2025-07-15;2025-07-18;2025-08-15;2025-08-22;2025-09-05;2025-09-09;2025-09-10;2025-09-12;2025-09-16;2025-10-06;2025-10-07;2025-10-23;2025-11-06;2025-11-07,2024-08-22;2024-08-27;2024-09-16;2024-09-24;2024-10-10;2024-10-15;2024-11-11;2024-11-15;2024-11-18;2025-02-05;2025-02-12;2025-03-04;2025-03-05;2025-04-15;2025-04-17;2025-05-16;2025-06-05;2025-06-14;2025-06-17;2025-07-09;2025-07-17;2025-08-18;2025-09-04;2025-10-02;2025-10-03;2025-10-08;2025-10-21
1,20260917,2,2024-08-20;2024-08-21;2024-08-23;2024-08-24;2024-08-27;2024-09-03;2024-09-16;2024-09-24;2024-10-01;2024-10-02;2024-10-07;2024-10-08;2024-10-10;2024-10-11;2024-10-14;2024-10-15;2024-10-16;2024-10-18;2024-11-07;2024-11-18;2024-12-09;2025-01-16;2025-01-27;2025-02-03;2025-02-06;2025-02-07;2025-02-10;2025-02-12;2025-02-25;2025-03-03;2025-03-04;2025-03-05;2025-03-12;2025-03-26;2025-03-27;2025-03-28;2025-04-03;2025-04-08;2025-04-09;2025-04-11;2025-04-15;2025-04-17;2025-04-22;2025-04-23;2025-04-24;2025-04-25;2025-04-28;2025-05-14;2025-05-16;2025-05-22;2025-06-04;2025-06-05;2025-06-11;2025-06-14;2025-06-17;2025-06-20;2025-06-27;2025-06-30;2025-07-01;2025-07-08;2025-07-09;2025-07-15;2025-07-17;2025-07-18;2025-08-18;2025-08-22;2025-09-04;2025-09-05;2025-09-09;2025-09-10;2025-09-12;2025-09-16;2025-10-03;2025-10-07;2025-10-08;2025-10-21;2025-10-23;2025-11-07,2024-08-22;2024-10-24;2024-11-11;2024-11-12;2024-11-15;2024-11-27;2024-12-13;2025-01-17;2025-02-05;2025-03-06;2025-03-11;2025-03-21;2025-03-31;2025-04-01;2025-04-02;2025-04-07;2025-04-16;2025-04-18;2025-05-19;2025-05-20;2025-05-21;2025-06-26;2025-07-03;2025-08-15;2025-10-02;2025-10-06;2025-11-06
2,20260918,3,2024-08-20;2024-08-21;2024-08-23;2024-08-27;2024-09-16;2024-09-24;2024-10-01;2024-10-02;2024-10-07;2024-10-08;2024-10-11;2024-10-14;2024-10-15;2024-10-16;2024-10-18;2024-11-12;2024-11-18;2024-11-27;2024-12-13;2025-01-17;2025-01-27;2025-02-03;2025-02-05;2025-02-06;2025-02-07;2025-03-03;2025-03-04;2025-03-05;2025-03-06;2025-03-11;2025-03-21;2025-03-26;2025-03-27;2025-03-28;2025-03-31;2025-04-01;2025-04-02;2025-04-03;2025-04-08;2025-04-09;2025-04-11;2025-04-15;2025-04-16;2025-04-17;2025-04-18;2025-04-22;2025-04-23;2025-04-24;2025-04-25;2025-04-28;2025-05-14;2025-05-16;2025-05-19;2025-06-04;2025-06-05;2025-06-14;2025-06-26;2025-06-27;2025-06-30;2025-07-01;2025-07-03;2025-07-08;2025-07-09;2025-07-15;2025-07-17;2025-08-15;2025-08-18;2025-08-22;2025-09-04;2025-09-05;2025-09-12;2025-09-16;2025-10-03;2025-10-06;2025-10-21;2025-10-23;2025-11-06;2025-11-07,2024-08-22;2024-08-24;2024-09-03;2024-10-10;2024-10-24;2024-11-07;2024-11-11;2024-11-15;2024-12-09;2025-01-16;2025-02-10;2025-02-12;2025-02-25;2025-03-12;2025-04-07;2025-05-20;2025-05-21;2025-05-22;2025-06-11;2025-06-17;2025-06-20;2025-07-18;2025-09-09;2025-09-10;2025-10-02;2025-10-07;2025-10-08
3,20260919,4,2024-08-20;2024-08-21;2024-08-23;2024-09-03;2024-09-16;2024-09-24;2024-10-02;2024-10-08;2024-10-14;2024-10-16;2024-10-18;2024-10-24;2024-11-07;2024-11-12;2024-11-15;2024-11-18;2024-11-27;2024-12-09;2024-12-13;2025-01-16;2025-01-17;2025-01-27;2025-02-03;2025-02-05;2025-02-06;2025-02-07;2025-02-10;2025-02-12;2025-03-03;2025-03-05;2025-03-11;2025-03-12;2025-03-26;2025-03-27;2025-03-31;2025-04-02;2025-04-03;2025-04-07;2025-04-08;2025-04-09;2025-04-11;2025-04-15;2025-04-16;2025-04-17;2025-04-18;2025-04-22;2025-04-23;2025-04-24;2025-04-25;2025-04-28;2025-05-14;2025-05-16;2025-05-20;2025-05-21;2025-06-04;2025-06-11;2025-06-17;2025-06-20;2025-06-26;2025-06-27;2025-06-30;2025-07-01;2025-07-03;2025-07-08;2025-07-15;2025-08-15;2025-08-18;2025-08-22;2025-09-05;2025-09-09;2025-09-10;2025-09-16;2025-10-02;2025-10-03;2025-10-06;2025-10-21;2025-10-23;2025-11-06,2024-08-22;2024-08-24;2024-08-27;2024-10-01;2024-10-07;2024-10-10;2024-10-11;2024-10-15;2024-11-11;2025-02-25;2025-03-04;2025-03-06;2025-03-21;2025-03-28;2025-04-01;2025-05-19;2025-05-22;2025-06-05;2025-06-14;2025-07-09;2025-07-17;2025-07-18;2025-09-04;2025-09-12;2025-10-07;2025-10-08;2025-11-07
4,20260920,5,2024-08-20;2024-08-21;2024-08-22;2024-08-23;2024-08-24;2024-08-27;2024-10-01;2024-10-02;2024-10-07;2024-10-08;2024-10-11;2024-10-14;2024-10-15;2024-10-16;2024-10-18;2024-10-24;2024-11-07;2024-11-11;2024-11-12;2024-11-18;2024-11-27;2024-12-09;2025-01-16;2025-01-17;2025-02-03;2025-02-05;2025-02-06;2025-02-07;2025-02-10;2025-02-12;2025-02-25;2025-03-05;2025-03-06;2025-03-11;2025-03-12;2025-03-21;2025-03-26;2025-03-27;2025-03-28;2025-03-31;2025-04-01;2025-04-02;2025-04-03;2025-04-09;2025-04-11;2025-04-15;2025-04-17;2025-04-18;2025-04-22;2025-04-23;2025-04-25;2025-04-28;2025-05-14;2025-05-19;2025-05-21;2025-05-22;2025-06-05;2025-06-17;2025-06-20;2025-06-26;2025-06-27;2025-06-30;2025-07-08;2025-07-15;2025-07-17;2025-08-18;2025-08-22;2025-09-04;2025-09-05;2025-09-10;2025-09-12;2025-09-16;2025-10-06;2025-10-07;2025-10-08;2025-10-21;2025-10-23;2025-11-07,2024-09-03;2024-09-16;2024-09-24;2024-10-10;2024-11-15;2024-12-13;2025-01-27;2025-03-03;2025-03-04;2025-04-07;2025-04-08;2025-04-16;2025-04-24;2025-05-16;2025-05-20;2025-06-04;2025-06-11;2025-06-14;2025-07-01;2025-07-03;2025-07-09;2025-07-18;2025-08-15;2025-09-09;2025-10-02;2025-10-03;2025-11-06
5,20260921,6,2024-08-20;2024-08-21;2024-08-22;2024-08-23;2024-08-24;2024-08-27;2024-09-03;2024-09-24;2024-10-02;2024-10-08;2024-10-10;2024-10-11;2024-10-15;2024-10-24;2024-11-07;2024-11-11;2024-11-12;2024-11-15;2024-11-18;2024-11-27;2024-12-09;2025-01-16;2025-01-17;2025-02-03;2025-02-05;2025-02-07;2025-02-10;2025-02-12;2025-02-25;2025-03-03;2025-03-04;2025-03-06;2025-03-11;2025-03-12;2025-03-26;2025-03-27;2025-03-28;2025-04-01;2025-04-02;2025-04-03;2025-04-08;2025-04-09;2025-04-11;2025-04-15;2025-04-17;2025-04-22;2025-04-23;2025-04-24;2025-04-25;2025-04-28;2025-05-14;2025-05-20;2025-05-21;2025-05-22;2025-06-04;2025-06-05;2025-06-11;2025-06-17;2025-06-20;2025-06-27;2025-06-30;2025-07-01;2025-07-03;2025-07-15;2025-07-17;2025-08-15;2025-08-18;2025-08-22;2025-09-04;2025-09-05;2025-09-12;2025-09-16;2025-10-06;2025-10-07;2025-10-08;2025-10-21;2025-11-06;2025-11-07,2024-09-16;2024-10-01;2024-10-07;2024-10-14;2024-10-16;2024-10-18;2024-12-13;2025-01-27;2025-02-06;2025-03-05;2025-03-21;2025-03-31;2025-04-07;2025-04-16;2025-04-18;2025-05-16;2025-05-19;2025-06-14;2025-06-26;2025-07-08;2025-07-09;2025-07-18;2025-09-09;2025-09-10;2025-10-02;2025-10-03;2025-10-23
6,20260922,7,2024-08-20;2024-08-24;2024-08-27;2024-09-03;2024-09-16;2024-09-24;2024-10-02;2024-10-07;2024-10-08;2024-10-10;2024-10-14;2024-10-15;2024-10-16;2024-10-24;2024-11-11;2024-11-12;2024-11-15;2024-11-27;2024-12-09;2024-12-13;2025-01-17;2025-01-27;2025-02-03;2025-02-05;2025-02-06;2025-02-07;2025-02-10;2025-02-12;2025-02-25;2025-03-04;2025-03-05;2025-03-06;2025-03-11;2025-03-12;2025-03-21;2025-03-26;2025-03-28;2025-04-01;2025-04-02;2025-04-03;2025-04-07;2025-04-09;2025-04-11;2025-04-16;2025-04-17;2025-04-18;2025-04-22;2025-04-23;2025-04-24;2025-04-25;2025-04-28;2025-05-14;2025-05-16;2025-05-21;2025-05-22;2025-06-11;2025-06-14;2025-06-20;2025-06-26;2025-06-27;2025-06-30;2025-07-01;2025-07-15;2025-07-17;2025-07-18;2025-08-15;2025-08-18;2025-08-22;2025-09-04;2025-09-10;2025-09-12;2025-09-16;2025-10-02;2025-10-03;2025-10-07;2025-10-08;2025-10-23;2025-11-07,2024-08-21;2024-08-22;2024-08-23;2024-10-01;2024-10-11;2024-10-18;2024-11-07;2024-11-18;2025-01-16;2025-03-03;2025-03-27;2025-03-31;2025-04-08;2025-04-15;2025-05-19;2025-05-20;2025-06-04;2025-06-05;2025-06-17;2025-07-03;2025-07-08;2025-07-09;2025-09-05;2025-09-09;2025-10-06;2025-10-21;2025-11-06
7,20260923,8,2024-08-20;2024-08-21;2024-08-22;2024-08-24;2024-08-27;2024-10-02;2024-10-08;2024-10-10;2024-10-11;2024-10-14;2024-10-15;2024-10-18;2024-11-07;2024-11-11;2024-11-15;2024-11-18;2024-11-27;2024-12-09;2024-12-13;2025-01-17;2025-01-27;2025-02-05;2025-02-10;2025-02-25;2025-03-03;2025-03-04;2025-03-05;2025-03-11;2025-03-21;2025-03-26;2025-03-27;2025-03-28;2025-03-31;2025-04-01;2025-04-03;2025-04-07;2025-04-08;2025-04-09;2025-04-11;2025-04-15;2025-04-16;2025-04-17;2025-04-18;2025-04-23;2025-04-25;2025-04-28;2025-05-14;2025-05-16;2025-05-20;2025-05-21;2025-05-22;2025-06-04;2025-06-05;2025-06-14;2025-06-17;2025-06-20;2025-06-26;2025-06-30;2025-07-01;2025-07-03;2025-07-08;2025-07-09;2025-07-15;2025-07-18;2025-08-15;2025-08-18;2025-08-22;2025-09-04;2025-09-05;2025-09-09;2025-09-16;2025-10-03;2025-10-06;2025-10-07;2025-10-21;2025-10-23;2025-11-06;2025-11-07,2024-08-23;2024-09-03;2024-09-16;2024-09-24;2024-10-01;2024-10-07;2024-10-16;2024-10-24;2024-11-12;2025-01-16;2025-02-03;2025-02-06;2025-02-07;2025-02-12;2025-03-06;2025-03-12;2025-04-02;2025-04-22;2025-04-24;2025-05-19;2025-06-11;2025-06-27;2025-07-17;2025-09-10;2025-09-12;2025-10-02;2025-10-08
8,20260924,9,2024-08-20;2024-08-21;2024-08-22;2024-08-23;2024-08-24;2024-09-03;2024-09-16;2024-09-24;2024-10-01;2024-10-02;2024-10-07;2024-10-08;2024-10-10;2024-10-15;2024-10-16;2024-10-18;2024-10-24;2024-11-07;2024-11-11;2024-11-12;2024-11-15;2024-11-18;2024-12-09;2024-12-13;2025-01-17;2025-01-27;2025-02-03;2025-02-05;2025-02-06;2025-02-07;2025-02-10;2025-02-12;2025-03-05;2025-03-11;2025-03-12;2025-03-21;2025-03-26;2025-03-27;2025-04-02;2025-04-03;2025-04-08;2025-04-09;2025-04-11;2025-04-16;2025-04-17;2025-04-18;2025-04-22;2025-04-23;2025-04-24;2025-05-14;2025-05-16;2025-05-19;2025-05-20;2025-05-22;2025-06-04;2025-06-05;2025-06-11;2025-06-14;2025-06-17;2025-06-27;2025-06-30;2025-07-03;2025-07-08;2025-07-09;2025-07-15;2025-07-17;2025-07-18;2025-08-15;2025-08-22;2025-09-04;2025-09-05;2025-09-10;2025-09-12;2025-09-16;2025-10-07;2025-10-08;2025-10-21;2025-11-06,2024-08-27;2024-10-11;2024-10-14;2024-11-27;2025-01-16;2025-02-25;2025-03-03;2025-03-04;2025-03-06;2025-03-28;2025-03-31;2025-04-01;2025-04-07;2025-04-15;2025-04-25;2025-04-28;2025-05-21;2025-06-20;2025-06-26;2025-07-01;2025-08-18;2025-09-09;2025-10-02;2025-10-03;2025-10-06;2025-10-23;2025-11-07
9,20260925,10,2024-08-20;2024-08-21;2024-08-23;2024-08-27;2024-09-16;2024-09-24;2024-10-01;2024-10-02;2024-10-07;2024-10-10;2024-10-18;2024-10-24;2024-11-11;2024-11-12;2024-11-15;2024-11-18;2024-12-09;2024-12-13;2025-01-16;2025-01-17;2025-01-27;2025-02-03;2025-02-05;2025-02-06;2025-02-07;2025-02-12;2025-02-25;2025-03-03;2025-03-04;2025-03-06;2025-03-12;2025-03-31;2025-04-01;2025-04-03;2025-04-07;2025-04-08;2025-04-09;2025-04-11;2025-04-15;2025-04-16;2025-04-18;2025-04-22;2025-04-23;2025-04-24;2025-04-25;2025-04-28;2025-05-14;2025-05-16;2025-05-19;2025-05-20;2025-05-21;2025-05-22;2025-06-05;2025-06-11;2025-06-17;2025-06-20;2025-06-26;2025-06-27;2025-06-30;2025-07-08;2025-07-09;2025-07-17;2025-07-18;2025-08-18;2025-08-22;2025-09-04;2025-09-09;2025-09-10;2025-09-12;2025-09-16;2025-10-02;2025-10-03;2025-10-06;2025-10-07;2025-10-21;2025-10-23;2025-11-06;2025-11-07,2024-08-22;2024-08-24;2024-09-03;2024-10-08;2024-10-11;2024-10-14;2024-10-15;2024-10-16;2024-11-07;2024-11-27;2025-02-10;2025-03-05;2025-03-11;2025-03-21;2025-03-26;2025-03-27;2025-03-28;2025-04-02;2025-04-17;2025-06-04;2025-06-14;2025-07-01;2025-07-03;2025-07-15;2025-08-15;2025-09-05;2025-10-08
10,20260926,11,2024-08-21;2024-08-22;2024-08-23;2024-08-27;2024-09-16;2024-09-24;2024-10-01;2024-10-02;2024-10-07;2024-10-08;2024-10-10;2024-10-11;2024-10-14;2024-10-15;2024-10-16;2024-10-18;2024-10-24;2024-11-11;2024-11-12;2024-11-15;2024-11-18;2024-11-27;2024-12-09;2024-12-13;2025-01-27;2025-02-03;2025-02-06;2025-02-07;2025-02-10;2025-02-12;2025-02-25;2025-03-03;2025-03-04;2025-03-05;2025-03-12;2025-03-26;2025-03-27;2025-03-28;2025-03-31;2025-04-01;2025-04-02;2025-04-03;2025-04-07;2025-04-15;2025-04-16;2025-04-17;2025-04-18;2025-04-22;2025-04-23;2025-04-24;2025-04-25;2025-04-28;2025-05-14;2025-05-20;2025-05-21;2025-06-04;2025-06-11;2025-06-14;2025-06-20;2025-06-27;2025-06-30;2025-07-01;2025-07-03;2025-07-08;2025-07-15;2025-08-15;2025-08-22;2025-09-05;2025-09-10;2025-09-12;2025-09-16;2025-10-03;2025-10-06;2025-10-07;2025-10-08;2025-10-21;2025-11-06;2025-11-07,2024-08-20;2024-08-24;2024-09-03;2024-11-07;2025-01-16;2025-01-17;2025-02-05;2025-03-06;2025-03-11;2025-03-21;2025-04-08;2025-04-09;2025-04-11;2025-05-16;2025-05-19;2025-05-22;2025-06-05;2025-06-17;2025-06-26;2025-07-09;2025-07-17;2025-07-18;2025-08-18;2025-09-04;2025-09-09;2025-10-02;2025-10-23
11,20260927,12,2024-08-24;2024-08-27;2024-09-03;2024-09-16;2024-09-24;2024-10-01;2024-10-02;2024-10-07;2024-10-08;2024-10-11;2024-10-14;2024-10-15;2024-10-18;2024-11-07;2024-11-12;2024-11-15;2024-11-18;2024-12-09;2024-12-13;2025-01-17;2025-01-27;2025-02-03;2025-02-05;2025-02-06;2025-02-07;2025-02-10;2025-02-12;2025-02-25;2025-03-05;2025-03-06;2025-03-11;2025-03-12;2025-03-21;2025-03-27;2025-03-28;2025-04-01;2025-04-02;2025-04-07;2025-04-08;2025-04-09;2025-04-11;2025-04-16;2025-04-17;2025-04-18;2025-04-22;2025-04-24;2025-04-25;2025-05-16;2025-05-19;2025-05-21;2025-06-04;2025-06-05;2025-06-11;2025-06-14;2025-06-17;2025-06-20;2025-06-26;2025-06-27;2025-06-30;2025-07-01;2025-07-08;2025-07-15;2025-07-17;2025-07-18;2025-08-15;2025-08-18;2025-08-22;2025-09-04;2025-09-09;2025-09-12;2025-09-16;2025-10-02;2025-10-03;2025-10-06;2025-10-08;2025-10-21;2025-11-06;2025-11-07,2024-08-20;2024-08-21;2024-08-22;2024-08-23;2024-10-10;2024-10-16;2024-10-24;2024-11-11;2024-11-27;2025-01-16;2025-03-03;2025-03-04;2025-03-26;2025-03-31;2025-04-03;2025-04-15;2025-04-23;2025-04-28;2025-05-14;2025-05-20;2025-05-22;2025-07-03;2025-07-09;2025-09-05;2025-09-10;2025-10-07;2025-10-23
12,20260928,13,2024-08-20;2024-08-21;2024-08-22;2024-08-24;2024-08-27;2024-09-03;2024-09-24;2024-10-01;2024-10-02;2024-10-07;2024-10-08;2024-10-10;2024-10-11;2024-10-14;2024-10-15;2024-10-16;2024-10-18;2024-10-24;2024-11-07;2024-11-11;2024-11-12;2024-11-15;2024-11-18;2024-11-27;2024-12-09;2024-12-13;2025-01-16;2025-01-27;2025-02-03;2025-02-07;2025-02-10;2025-02-12;2025-02-25;2025-03-05;2025-03-06;2025-03-11;2025-03-12;2025-03-21;2025-03-26;2025-03-28;2025-03-31;2025-04-01;2025-04-02;2025-04-03;2025-04-07;2025-04-08;2025-04-11;2025-04-15;2025-04-16;2025-04-17;2025-04-22;2025-04-25;2025-05-14;2025-05-16;2025-05-19;2025-05-20;2025-05-21;2025-05-22;2025-06-14;2025-06-17;2025-06-20;2025-06-27;2025-06-30;2025-07-01;2025-07-09;2025-07-17;2025-07-18;2025-08-18;2025-08-22;2025-09-05;2025-09-12;2025-09-16;2025-10-02;2025-10-07;2025-10-08;2025-10-21;2025-10-23;2025-11-06,2024-08-23;2024-09-16;2025-01-17;2025-02-05;2025-02-06;2025-03-03;2025-03-04;2025-03-27;2025-04-09;2025-04-18;2025-04-23;2025-04-24;2025-04-28;2025-06-04;2025-06-05;2025-06-11;2025-06-26;2025-07-03;2025-07-08;2025-07-15;2025-08-15;2025-09-04;2025-09-09;2025-09-10;2025-10-03;2025-10-06;2025-11-07
13,20260929,14,2024-08-21;2024-09-16;2024-09-24;2024-10-01;2024-10-02;2024-10-07;2024-10-10;2024-10-11;2024-10-14;2024-10-18;2024-10-24;2024-11-07;2024-11-11;2024-11-12;2024-11-15;2024-11-18;2024-12-09;2024-12-13;2025-01-16;2025-01-17;2025-01-27;2025-02-06;2025-02-07;2025-02-10;2025-02-25;2025-03-03;2025-03-04;2025-03-05;2025-03-06;2025-03-12;2025-03-21;2025-03-26;2025-03-27;2025-03-28;2025-03-31;2025-04-01;2025-04-02;2025-04-07;2025-04-09;2025-04-11;2025-04-15;2025-04-16;2025-04-17;2025-04-18;2025-04-22;2025-04-23;2025-04-24;2025-04-25;2025-04-28;2025-05-14;2025-05-16;2025-05-19;2025-05-20;2025-06-04;2025-06-05;2025-06-11;2025-06-14;2025-06-20;2025-06-26;2025-06-27;2025-06-30;2025-07-01;2025-07-08;2025-07-09;2025-07-15;2025-07-17;2025-07-18;2025-08-15;2025-08-22;2025-09-05;2025-09-10;2025-09-12;2025-10-02;2025-10-03;2025-10-06;2025-10-07;2025-10-21;2025-11-06,2024-08-20;2024-08-22;2024-08-23;2024-08-24;2024-08-27;2024-09-03;2024-10-08;2024-10-15;2024-10-16;2024-11-27;2025-02-03;2025-02-05;2025-02-12;2025-03-11;2025-04-03;2025-04-08;2025-05-21;2025-05-22;2025-06-17;2025-07-03;2025-08-18;2025-09-04;2025-09-09;2025-09-16;2025-10-08;2025-10-23;2025-11-07
14,20260930,15,2024-08-22;2024-08-23;2024-08-24;2024-08-27;2024-09-16;2024-09-24;2024-10-01;2024-10-02;2024-10-07;2024-10-08;2024-10-10;2024-10-11;2024-10-14;2024-10-15;2024-10-16;2024-10-18;2024-10-24;2024-11-07;2024-11-11;2024-11-12;2024-11-15;2024-11-18;2024-11-27;2024-12-09;2025-01-16;2025-01-17;2025-02-05;2025-02-06;2025-02-07;2025-02-12;2025-03-04;2025-03-05;2025-03-06;2025-03-26;2025-03-27;2025-04-01;2025-04-03;2025-04-07;2025-04-08;2025-04-09;2025-04-11;2025-04-15;2025-04-16;2025-04-17;2025-04-18;2025-04-23;2025-04-24;2025-05-14;2025-05-19;2025-05-20;2025-05-21;2025-05-22;2025-06-14;2025-06-17;2025-06-20;2025-06-26;2025-06-27;2025-06-30;2025-07-08;2025-07-09;2025-07-15;2025-07-17;2025-07-18;2025-08-15;2025-08-18;2025-08-22;2025-09-04;2025-09-05;2025-09-09;2025-09-12;2025-09-16;2025-10-03;2025-10-06;2025-10-07;2025-10-08;2025-10-21;2025-11-06;2025-11-07,2024-08-20;2024-08-21;2024-09-03;2024-12-13;2025-01-27;2025-02-03;2025-02-10;2025-02-25;2025-03-03;2025-03-11;2025-03-12;2025-03-21;2025-03-28;2025-03-31;2025-04-02;2025-04-22;2025-04-25;2025-04-28;2025-05-16;2025-06-04;2025-06-05;2025-06-11;2025-07-01;2025-07-03;2025-09-10;2025-10-02;2025-10-23
15,20260931,16,2024-08-20;2024-08-22;2024-08-27;2024-09-03;2024-09-16;2024-09-24;2024-10-01;2024-10-02;2024-10-07;2024-10-08;2024-10-11;2024-10-16;2024-10-18;2024-10-24;2024-11-07;2024-11-11;2024-11-12;2024-11-15;2024-11-18;2024-12-09;2024-12-13;2025-01-16;2025-01-17;2025-01-27;2025-02-03;2025-02-05;2025-02-10;2025-02-12;2025-02-25;2025-03-03;2025-03-05;2025-03-11;2025-03-12;2025-03-21;2025-03-26;2025-03-31;2025-04-01;2025-04-03;2025-04-08;2025-04-09;2025-04-11;2025-04-15;2025-04-16;2025-04-17;2025-04-18;2025-04-22;2025-04-24;2025-04-28;2025-05-16;2025-05-19;2025-05-21;2025-05-22;2025-06-04;2025-06-05;2025-06-11;2025-06-14;2025-06-17;2025-06-20;2025-06-30;2025-07-01;2025-07-08;2025-07-09;2025-07-17;2025-07-18;2025-08-15;2025-08-18;2025-08-22;2025-09-04;2025-09-09;2025-09-10;2025-09-16;2025-10-06;2025-10-07;2025-10-08;2025-10-21;2025-10-23;2025-11-06;2025-11-07,2024-08-21;2024-08-23;2024-08-24;2024-10-10;2024-10-14;2024-10-15;2024-11-27;2025-02-06;2025-02-07;2025-03-04;2025-03-06;2025-03-27;2025-03-28;2025-04-02;2025-04-07;2025-04-23;2025-04-25;2025-05-14;2025-05-20;2025-06-26;2025-06-27;2025-07-03;2025-07-15;2025-09-05;2025-09-12;2025-10-02;2025-10-03
16,20260932,17,2024-08-20;2024-08-21;2024-08-22;2024-08-23;2024-08-27;2024-09-24;2024-10-01;2024-10-02;2024-10-07;2024-10-08;2024-10-10;2024-10-11;2024-10-14;2024-10-15;2024-10-16;2024-10-18;2024-10-24;2024-11-11;2024-11-12;2024-11-27;2024-12-09;2025-01-16;2025-01-17;2025-01-27;2025-02-03;2025-02-05;2025-02-07;2025-02-12;2025-03-03;2025-03-04;2025-03-05;2025-03-06;2025-03-11;2025-03-12;2025-03-21;2025-03-27;2025-03-28;2025-03-31;2025-04-01;2025-04-02;2025-04-03;2025-04-07;2025-04-11;2025-04-16;2025-04-17;2025-04-18;2025-04-22;2025-04-23;2025-04-24;2025-04-25;2025-04-28;2025-05-14;2025-05-16;2025-05-20;2025-05-21;2025-06-05;2025-06-11;2025-06-17;2025-06-26;2025-06-30;2025-07-01;2025-07-08;2025-07-09;2025-07-15;2025-07-17;2025-08-15;2025-08-22;2025-09-04;2025-09-09;2025-09-10;2025-09-12;2025-10-03;2025-10-06;2025-10-08;2025-10-21;2025-10-23;2025-11-06;2025-11-07,2024-08-24;2024-09-03;2024-09-16;2024-11-07;2024-11-15;2024-11-18;2024-12-13;2025-02-06;2025-02-10;2025-02-25;2025-03-26;2025-04-08;2025-04-09;2025-04-15;2025-05-19;2025-05-22;2025-06-04;2025-06-14;2025-06-20;2025-06-27;2025-07-03;2025-07-18;2025-08-18;2025-09-05;2025-09-16;2025-10-02;2025-10-07
17,20260933,18,2024-08-20;2024-08-21;2024-08-22;2024-08-24;2024-08-27;2024-09-03;2024-09-16;2024-09-24;2024-10-01;2024-10-02;2024-10-07;2024-10-08;2024-10-10;2024-10-11;2024-10-15;2024-10-16;2024-10-18;2024-11-07;2024-11-11;2024-11-12;2024-11-27;2024-12-09;2024-12-13;2025-01-17;2025-02-03;2025-02-05;2025-02-06;2025-02-07;2025-02-12;2025-02-25;2025-03-04;2025-03-05;2025-03-06;2025-03-11;2025-03-12;2025-03-21;2025-03-26;2025-03-27;2025-03-28;2025-03-31;2025-04-02;2025-04-07;2025-04-08;2025-04-09;2025-04-11;2025-04-15;2025-04-16;2025-04-18;2025-04-23;2025-04-24;2025-04-28;2025-05-16;2025-05-19;2025-05-22;2025-06-04;2025-06-05;2025-06-17;2025-06-20;2025-06-26;2025-06-27;2025-06-30;2025-07-01;2025-07-03;2025-07-15;2025-07-17;2025-07-18;2025-08-15;2025-08-18;2025-09-04;2025-09-05;2025-09-16;2025-10-02;2025-10-06;2025-10-07;2025-10-08;2025-10-21;2025-10-23;2025-11-07,2024-08-23;2024-10-14;2024-10-24;2024-11-15;2024-11-18;2025-01-16;2025-01-27;2025-02-10;2025-03-03;2025-04-01;2025-04-03;2025-04-17;2025-04-22;2025-04-25;2025-05-14;2025-05-20;2025-05-21;2025-06-11;2025-06-14;2025-07-08;2025-07-09;2025-08-22;2025-09-09;2025-09-10;2025-09-12;2025-10-03;2025-11-06
18,20260934,19,2024-08-20;2024-08-21;2024-08-23;2024-08-24;2024-08-27;2024-09-03;2024-09-24;2024-10-02;2024-10-07;2024-10-08;2024-10-10;2024-10-11;2024-10-14;2024-10-18;2024-10-24;2024-11-07;2024-11-11;2024-11-12;2024-11-15;2024-11-18;2024-11-27;2024-12-09;2025-01-16;2025-01-17;2025-01-27;2025-02-03;2025-02-05;2025-02-06;2025-02-10;2025-03-04;2025-03-05;2025-03-06;2025-03-12;2025-03-21;2025-03-26;2025-03-27;2025-03-28;2025-03-31;2025-04-02;2025-04-08;2025-04-09;2025-04-11;2025-04-16;2025-04-18;2025-04-22;2025-04-24;2025-04-25;2025-04-28;2025-05-14;2025-05-16;2025-05-19;2025-05-20;2025-05-21;2025-06-04;2025-06-05;2025-06-11;2025-06-14;2025-06-17;2025-06-20;2025-06-26;2025-07-01;2025-07-03;2025-07-08;2025-07-09;2025-07-17;2025-07-18;2025-08-15;2025-08-18;2025-08-22;2025-09-04;2025-09-05;2025-09-09;2025-09-12;2025-09-16;2025-10-02;2025-10-03;2025-10-21;2025-10-23,2024-08-22;2024-09-16;2024-10-01;2024-10-15;2024-10-16;2024-12-13;2025-02-07;2025-02-12;2025-02-25;2025-03-03;2025-03-11;2025-04-01;2025-04-03;2025-04-07;2025-04-15;2025-04-17;2025-04-23;2025-05-22;2025-06-27;2025-06-30;2025-07-15;2025-09-10;2025-10-06;2025-10-07;2025-10-08;2025-11-06;2025-11-07
19,20260935,20,2024-08-21;2024-08-22;2024-08-23;2024-08-24;2024-08-27;2024-09-16;2024-09-24;2024-10-07;2024-10-08;2024-10-10;2024-10-14;2024-10-15;2024-10-16;2024-11-07;2024-11-11;2024-11-12;2024-11-15;2024-11-27;2024-12-09;2024-12-13;2025-01-17;2025-01-27;2025-02-03;2025-02-05;2025-02-07;2025-02-12;2025-03-03;2025-03-04;2025-03-06;2025-03-11;2025-03-26;2025-03-27;2025-03-31;2025-04-01;2025-04-02;2025-04-03;2025-04-08;2025-04-09;2025-04-11;2025-04-15;2025-04-16;2025-04-17;2025-04-18;2025-04-22;2025-04-24;2025-04-25;2025-04-28;2025-05-16;2025-05-19;2025-05-21;2025-05-22;2025-06-04;2025-06-05;2025-06-11;2025-06-14;2025-06-20;2025-06-26;2025-06-27;2025-07-01;2025-07-03;2025-07-08;2025-07-18;2025-08-15;2025-08-18;2025-08-22;2025-09-04;2025-09-09;2025-09-12;2025-09-16;2025-10-02;2025-10-03;2025-10-06;2025-10-07;2025-10-08;2025-10-21;2025-10-23;2025-11-06;2025-11-07,2024-08-20;2024-09-03;2024-10-01;2024-10-02;2024-10-11;2024-10-18;2024-10-24;2024-11-18;2025-01-16;2025-02-06;2025-02-10;2025-02-25;2025-03-05;2025-03-12;2025-03-21;2025-03-28;2025-04-07;2025-04-23;2025-05-14;2025-05-20;2025-06-17;2025-06-30;2025-07-09;2025-07-15;2025-07-17;2025-09-05;2025-09-10
20,20260936,21,2024-08-20;2024-08-21;2024-08-24;2024-09-16;2024-09-24;2024-10-01;2024-10-02;2024-10-08;2024-10-11;2024-10-14;2024-10-15;2024-10-16;2024-10-18;2024-10-24;2024-11-11;2024-11-12;2024-11-15;2024-11-18;2024-12-09;2025-01-16;2025-01-17;2025-01-27;2025-02-03;2025-02-05;2025-02-06;2025-02-12;2025-02-25;2025-03-03;2025-03-04;2025-03-05;2025-03-06;2025-03-11;2025-03-12;2025-03-21;2025-03-26;2025-03-27;2025-03-28;2025-03-31;2025-04-01;2025-04-08;2025-04-09;2025-04-15;2025-04-17;2025-04-18;2025-04-22;2025-04-24;2025-04-25;2025-05-14;2025-05-16;2025-05-19;2025-05-20;2025-05-22;2025-06-04;2025-06-05;2025-06-11;2025-06-14;2025-06-17;2025-06-26;2025-06-27;2025-07-01;2025-07-03;2025-07-08;2025-07-09;2025-07-15;2025-07-17;2025-07-18;2025-08-15;2025-08-22;2025-09-04;2025-09-10;2025-09-12;2025-09-16;2025-10-03;2025-10-06;2025-10-07;2025-10-08;2025-10-23;2025-11-06,2024-08-22;2024-08-23;2024-08-27;2024-09-03;2024-10-07;2024-10-10;2024-11-07;2024-11-27;2024-12-13;2025-02-07;2025-02-10;2025-04-02;2025-04-03;2025-04-07;2025-04-11;2025-04-16;2025-04-23;2025-04-28;2025-05-21;2025-06-20;2025-06-30;2025-08-18;2025-09-05;2025-09-09;2025-10-02;2025-10-21;2025-11-07
21,20260937,22,2024-08-20;2024-08-21;2024-08-22;2024-08-24;2024-08-27;2024-09-03;2024-09-16;2024-09-24;2024-10-02;2024-10-08;2024-10-10;2024-10-14;2024-10-15;2024-10-16;2024-10-18;2024-10-24;2024-11-15;2024-11-18;2024-11-27;2024-12-09;2024-12-13;2025-01-16;2025-01-17;2025-01-27;2025-02-03;2025-02-05;2025-02-06;2025-02-07;2025-02-10;2025-02-25;2025-03-03;2025-03-04;2025-03-21;2025-03-26;2025-03-27;2025-03-28;2025-03-31;2025-04-01;2025-04-03;2025-04-07;2025-04-08;2025-04-09;2025-04-11;2025-04-15;2025-04-17;2025-04-18;2025-04-23;2025-04-24;2025-04-25;2025-04-28;2025-05-14;2025-05-19;2025-05-20;2025-05-21;2025-05-22;2025-06-11;2025-06-14;2025-06-20;2025-06-26;2025-07-01;2025-07-03;2025-07-08;2025-07-15;2025-07-17;2025-07-18;2025-08-15;2025-08-18;2025-08-22;2025-09-04;2025-09-09;2025-09-16;2025-10-03;2025-10-06;2025-10-07;2025-10-08;2025-10-21;2025-11-06;2025-11-07,2024-08-23;2024-10-01;2024-10-07;2024-10-11;2024-11-07;2024-11-11;2024-11-12;2025-02-12;2025-03-05;2025-03-06;2025-03-11;2025-03-12;2025-04-02;2025-04-16;2025-04-22;2025-05-16;2025-06-04;2025-06-05;2025-06-17;2025-06-27;2025-06-30;2025-07-09;2025-09-05;2025-09-10;2025-09-12;2025-10-02;2025-10-23
22,20260938,23,2024-08-20;2024-08-21;2024-08-22;2024-08-24;2024-08-27;2024-09-03;2024-09-16;2024-10-01;2024-10-02;2024-10-08;2024-10-10;2024-10-14;2024-10-15;2024-10-16;2024-10-24;2024-11-15;2024-11-18;2024-11-27;2024-12-09;2024-12-13;2025-01-16;2025-02-05;2025-02-06;2025-02-07;2025-02-10;2025-02-12;2025-02-25;2025-03-04;2025-03-05;2025-03-06;2025-03-11;2025-03-12;2025-03-21;2025-03-26;2025-03-27;2025-03-31;2025-04-01;2025-04-08;2025-04-15;2025-04-16;2025-04-17;2025-04-23;2025-04-24;2025-04-25;2025-04-28;2025-05-14;2025-05-16;2025-05-19;2025-05-20;2025-05-21;2025-05-22;2025-06-05;2025-06-11;2025-06-14;2025-06-17;2025-06-20;2025-06-26;2025-06-27;2025-07-01;2025-07-03;2025-07-08;2025-07-15;2025-07-17;2025-08-15;2025-08-22;2025-09-04;2025-09-05;2025-09-10;2025-09-12;2025-10-02;2025-10-03;2025-10-06;2025-10-07;2025-10-08;2025-10-21;2025-10-23;2025-11-06;2025-11-07,2024-08-23;2024-09-24;2024-10-07;2024-10-11;2024-10-18;2024-11-07;2024-11-11;2024-11-12;2025-01-17;2025-01-27;2025-02-03;2025-03-03;2025-03-28;2025-04-02;2025-04-03;2025-04-07;2025-04-09;2025-04-11;2025-04-18;2025-04-22;2025-06-04;2025-06-30;2025-07-09;2025-07-18;2025-08-18;2025-09-09;2025-09-16
23,20260939,24,2024-08-21;2024-08-22;2024-08-24;2024-08-27;2024-09-03;2024-09-16;2024-09-24;2024-10-01;2024-10-02;2024-10-07;2024-10-08;2024-10-10;2024-10-11;2024-10-14;2024-10-15;2024-10-18;2024-11-12;2024-11-15;2024-11-18;2024-12-09;2024-12-13;2025-01-16;2025-01-17;2025-01-27;2025-02-03;2025-02-05;2025-02-12;2025-03-03;2025-03-06;2025-03-11;2025-03-12;2025-03-21;2025-03-27;2025-03-31;2025-04-01;2025-04-02;2025-04-03;2025-04-09;2025-04-11;2025-04-16;2025-04-18;2025-04-22;2025-04-23;2025-04-24;2025-04-25;2025-04-28;2025-05-14;2025-05-19;2025-05-20;2025-05-21;2025-06-04;2025-06-05;2025-06-11;2025-06-14;2025-06-17;2025-06-20;2025-06-26;2025-06-27;2025-07-01;2025-07-03;2025-07-08;2025-07-15;2025-07-17;2025-07-18;2025-08-15;2025-08-18;2025-08-22;2025-09-04;2025-09-16;2025-10-02;2025-10-03;2025-10-06;2025-10-07;2025-10-08;2025-10-21;2025-10-23;2025-11-06;2025-11-07,2024-08-20;2024-08-23;2024-10-16;2024-10-24;2024-11-07;2024-11-11;2024-11-27;2025-02-06;2025-02-07;2025-02-10;2025-02-25;2025-03-04;2025-03-05;2025-03-26;2025-03-28;2025-04-07;2025-04-08;2025-04-15;2025-04-17;2025-05-16;2025-05-22;2025-06-30;2025-07-09;2025-09-05;2025-09-09;2025-09-10;2025-09-12
24,20260940,25,2024-08-20;2024-08-22;2024-08-23;2024-08-24;2024-08-27;2024-09-03;2024-09-16;2024-09-24;2024-10-01;2024-10-02;2024-10-07;2024-10-15;2024-10-16;2024-10-18;2024-10-24;2024-11-07;2024-11-11;2024-11-15;2024-11-18;2024-12-09;2024-12-13;2025-01-16;2025-02-03;2025-02-07;2025-02-10;2025-02-25;2025-03-03;2025-03-05;2025-03-06;2025-03-11;2025-03-26;2025-03-27;2025-04-02;2025-04-03;2025-04-07;2025-04-09;2025-04-11;2025-04-15;2025-04-16;2025-04-17;2025-04-18;2025-04-22;2025-04-24;2025-04-28;2025-05-14;2025-05-19;2025-05-20;2025-05-21;2025-05-22;2025-06-04;2025-06-11;2025-06-14;2025-06-17;2025-06-20;2025-06-26;2025-06-27;2025-06-30;2025-07-03;2025-07-08;2025-07-09;2025-07-17;2025-07-18;2025-08-15;2025-08-22;2025-09-04;2025-09-05;2025-09-09;2025-09-10;2025-09-12;2025-09-16;2025-10-02;2025-10-06;2025-10-07;2025-10-08;2025-10-21;2025-10-23;2025-11-06;2025-11-07,2024-08-21;2024-10-08;2024-10-10;2024-10-11;2024-10-14;2024-11-12;2024-11-27;2025-01-17;2025-01-27;2025-02-05;2025-02-06;2025-02-12;2025-03-04;2025-03-12;2025-03-21;2025-03-28;2025-03-31;2025-04-01;2025-04-08;2025-04-23;2025-04-25;2025-05-16;2025-06-05;2025-07-01;2025-07-15;2025-08-18;2025-10-03
25,20260941,26,2024-08-21;2024-08-22;2024-08-23;2024-08-24;2024-09-03;2024-10-01;2024-10-02;2024-10-08;2024-10-11;2024-10-14;2024-10-16;2024-10-18;2024-11-07;2024-11-11;2024-11-15;2024-11-18;2024-12-13;2025-01-16;2025-01-27;2025-02-03;2025-02-06;2025-02-07;2025-02-12;2025-02-25;2025-03-03;2025-03-04;2025-03-05;2025-03-11;2025-03-12;2025-03-21;2025-03-26;2025-03-27;2025-03-28;2025-04-01;2025-04-02;2025-04-03;2025-04-07;2025-04-08;2025-04-09;2025-04-15;2025-04-17;2025-04-18;2025-04-22;2025-04-24;2025-04-28;2025-05-14;2025-05-16;2025-05-19;2025-05-20;2025-05-21;2025-05-22;2025-06-04;2025-06-11;2025-06-14;2025-06-17;2025-06-20;2025-06-26;2025-06-27;2025-06-30;2025-07-01;2025-07-03;2025-07-08;2025-07-15;2025-08-15;2025-08-18;2025-08-22;2025-09-04;2025-09-05;2025-09-09;2025-09-10;2025-09-12;2025-09-16;2025-10-02;2025-10-06;2025-10-08;2025-10-21;2025-10-23;2025-11-06,2024-08-20;2024-08-27;2024-09-16;2024-09-24;2024-10-07;2024-10-10;2024-10-15;2024-10-24;2024-11-12;2024-11-27;2024-12-09;2025-01-17;2025-02-05;2025-02-10;2025-03-06;2025-03-31;2025-04-11;2025-04-16;2025-04-23;2025-04-25;2025-06-05;2025-07-09;2025-07-17;2025-07-18;2025-10-03;2025-10-07;2025-11-07
26,20260942,27,2024-08-20;2024-08-21;2024-08-22;2024-08-23;2024-08-24;2024-08-27;2024-09-03;2024-09-16;2024-09-24;2024-10-01;2024-10-02;2024-10-07;2024-10-08;2024-10-10;2024-10-14;2024-10-15;2024-10-18;2024-10-24;2024-11-11;2024-11-12;2024-11-18;2024-12-09;2024-12-13;2025-01-16;2025-01-27;2025-02-03;2025-02-05;2025-02-07;2025-02-12;2025-02-25;2025-03-04;2025-03-05;2025-03-21;2025-03-26;2025-03-27;2025-03-28;2025-03-31;2025-04-01;2025-04-02;2025-04-03;2025-04-15;2025-04-16;2025-04-18;2025-04-22;2025-04-23;2025-04-24;2025-05-14;2025-05-16;2025-05-20;2025-05-21;2025-05-22;2025-06-04;2025-06-11;2025-06-14;2025-06-17;2025-06-20;2025-06-26;2025-06-27;2025-06-30;2025-07-01;2025-07-08;2025-07-09;2025-07-15;2025-07-18;2025-08-18;2025-08-22;2025-09-04;2025-09-05;2025-09-09;2025-09-12;2025-09-16;2025-10-02;2025-10-03;2025-10-06;2025-10-08;2025-10-21;2025-10-23;2025-11-07,2024-10-11;2024-10-16;2024-11-07;2024-11-15;2024-11-27;2025-01-17;2025-02-06;2025-02-10;2025-03-03;2025-03-06;2025-03-11;2025-03-12;2025-04-07;2025-04-08;2025-04-09;2025-04-11;2025-04-17;2025-04-25;2025-04-28;2025-05-19;2025-06-05;2025-07-03;2025-07-17;2025-08-15;2025-09-10;2025-10-07;2025-11-06
27,20260943,28,2024-08-20;2024-08-22;2024-08-24;2024-08-27;2024-09-16;2024-09-24;2024-10-01;2024-10-02;2024-10-11;2024-10-14;2024-10-15;2024-10-16;2024-10-24;2024-11-11;2024-11-12;2024-11-15;2024-11-18;2024-11-27;2024-12-09;2024-12-13;2025-01-16;2025-01-17;2025-02-06;2025-02-10;2025-02-12;2025-02-25;2025-03-04;2025-03-05;2025-03-06;2025-03-11;2025-03-12;2025-03-26;2025-03-27;2025-03-31;2025-04-03;2025-04-07;2025-04-11;2025-04-16;2025-04-17;2025-04-18;2025-04-23;2025-04-24;2025-04-25;2025-05-14;2025-05-16;2025-05-19;2025-05-20;2025-05-21;2025-05-22;2025-06-05;2025-06-14;2025-06-17;2025-06-20;2025-06-26;2025-06-27;2025-06-30;2025-07-01;2025-07-03;2025-07-08;2025-07-09;2025-07-17;2025-07-18;2025-08-15;2025-08-18;2025-08-22;2025-09-04;2025-09-09;2025-09-10;2025-09-12;2025-09-16;2025-10-02;2025-10-03;2025-10-06;2025-10-07;2025-10-08;2025-10-21;2025-11-06;2025-11-07,2024-08-21;2024-08-23;2024-09-03;2024-10-07;2024-10-08;2024-10-10;2024-10-18;2024-11-07;2025-01-27;2025-02-03;2025-02-05;2025-02-07;2025-03-03;2025-03-21;2025-03-28;2025-04-01;2025-04-02;2025-04-08;2025-04-09;2025-04-15;2025-04-22;2025-04-28;2025-06-04;2025-06-11;2025-07-15;2025-09-05;2025-10-23
28,20260944,29,2024-08-22;2024-08-23;2024-08-24;2024-08-27;2024-09-03;2024-09-16;2024-09-24;2024-10-01;2024-10-02;2024-10-07;2024-10-10;2024-10-11;2024-10-14;2024-10-15;2024-10-16;2024-10-18;2024-10-24;2024-11-12;2024-11-15;2024-11-18;2024-12-09;2025-01-27;2025-02-03;2025-02-05;2025-02-07;2025-02-12;2025-02-25;2025-03-04;2025-03-05;2025-03-06;2025-03-11;2025-03-12;2025-03-21;2025-03-26;2025-03-27;2025-03-31;2025-04-03;2025-04-07;2025-04-08;2025-04-09;2025-04-11;2025-04-15;2025-04-17;2025-04-18;2025-04-22;2025-04-23;2025-04-28;2025-05-14;2025-05-16;2025-05-19;2025-05-21;2025-06-05;2025-06-11;2025-06-14;2025-06-17;2025-06-20;2025-06-27;2025-06-30;2025-07-01;2025-07-03;2025-07-08;2025-07-09;2025-07-18;2025-08-15;2025-08-22;2025-09-05;2025-09-09;2025-09-10;2025-09-12;2025-09-16;2025-10-02;2025-10-03;2025-10-06;2025-10-07;2025-10-08;2025-10-21;2025-11-06;2025-11-07,2024-08-20;2024-08-21;2024-10-08;2024-11-07;2024-11-11;2024-11-27;2024-12-13;2025-01-16;2025-01-17;2025-02-06;2025-02-10;2025-03-03;2025-03-28;2025-04-01;2025-04-02;2025-04-16;2025-04-24;2025-04-25;2025-05-20;2025-05-22;2025-06-04;2025-06-26;2025-07-15;2025-07-17;2025-08-18;2025-09-04;2025-10-23
29,20260945,30,2024-08-20;2024-08-22;2024-08-24;2024-09-03;2024-09-16;2024-10-01;2024-10-11;2024-10-14;2024-10-15;2024-10-16;2024-10-18;2024-10-24;2024-11-07;2024-11-11;2024-11-12;2024-11-18;2024-11-27;2024-12-09;2024-12-13;2025-01-16;2025-01-27;2025-02-05;2025-02-06;2025-02-07;2025-02-10;2025-02-12;2025-02-25;2025-03-05;2025-03-06;2025-03-11;2025-03-12;2025-03-27;2025-03-28;2025-04-01;2025-04-02;2025-04-03;2025-04-07;2025-04-08;2025-04-09;2025-04-11;2025-04-15;2025-04-16;2025-04-17;2025-04-18;2025-04-22;2025-04-25;2025-04-28;2025-05-14;2025-05-16;2025-05-19;2025-05-20;2025-05-21;2025-06-04;2025-06-05;2025-06-11;2025-06-17;2025-06-20;2025-06-26;2025-06-30;2025-07-01;2025-07-08;2025-07-09;2025-07-15;2025-07-17;2025-07-18;2025-08-15;2025-08-18;2025-09-04;2025-09-05;2025-09-12;2025-10-02;2025-10-03;2025-10-06;2025-10-07;2025-10-08;2025-10-21;2025-10-23;2025-11-06,2024-08-21;2024-08-23;2024-08-27;2024-09-24;2024-10-02;2024-10-07;2024-10-08;2024-10-10;2024-11-15;2025-01-17;2025-02-03;2025-03-03;2025-03-04;2025-03-21;2025-03-26;2025-03-31;2025-04-23;2025-04-24;2025-05-22;2025-06-14;2025-06-27;2025-07-03;2025-08-22;2025-09-09;2025-09-10;2025-09-16;2025-11-07
30,20260946,31,2024-08-20;2024-08-21;2024-08-22;2024-08-23;2024-08-27;2024-09-03;2024-09-16;2024-10-02;2024-10-08;2024-10-10;2024-10-14;2024-10-16;2024-10-24;2024-11-12;2024-11-15;2024-11-18;2024-11-27;2024-12-09;2025-01-17;2025-01-27;2025-02-03;2025-02-05;2025-02-06;2025-02-07;2025-02-10;2025-02-12;2025-02-25;2025-03-05;2025-03-06;2025-03-11;2025-03-12;2025-03-21;2025-03-26;2025-03-27;2025-03-31;2025-04-01;2025-04-02;2025-04-03;2025-04-07;2025-04-08;2025-04-09;2025-04-16;2025-04-17;2025-04-18;2025-04-22;2025-04-23;2025-04-24;2025-05-14;2025-05-16;2025-05-19;2025-05-20;2025-05-21;2025-06-04;2025-06-05;2025-06-11;2025-06-14;2025-06-17;2025-06-20;2025-06-30;2025-07-01;2025-07-08;2025-07-09;2025-07-15;2025-07-17;2025-07-18;2025-08-15;2025-08-18;2025-09-04;2025-09-05;2025-09-09;2025-09-10;2025-09-12;2025-10-03;2025-10-06;2025-10-08;2025-10-21;2025-11-06;2025-11-07,2024-08-24;2024-09-24;2024-10-01;2024-10-07;2024-10-11;2024-10-15;2024-10-18;2024-11-07;2024-11-11;2024-12-13;2025-01-16;2025-03-03;2025-03-04;2025-03-28;2025-04-11;2025-04-15;2025-04-25;2025-04-28;2025-05-22;2025-06-26;2025-06-27;2025-07-03;2025-08-22;2025-09-16;2025-10-02;2025-10-07;2025-10-23
31,20260947,32,2024-08-20;2024-08-21;2024-08-23;2024-08-27;2024-09-03;2024-09-24;2024-10-01;2024-10-02;2024-10-07;2024-10-11;2024-10-16;2024-10-18;2024-10-24;2024-11-07;2024-11-11;2024-11-12;2024-11-18;2024-11-27;2024-12-13;2025-01-16;2025-01-17;2025-01-27;2025-02-03;2025-02-05;2025-02-06;2025-02-07;2025-02-12;2025-02-25;2025-03-04;2025-03-05;2025-03-06;2025-03-11;2025-03-12;2025-03-21;2025-03-26;2025-03-27;2025-03-28;2025-03-31;2025-04-01;2025-04-02;2025-04-03;2025-04-07;2025-04-08;2025-04-09;2025-04-11;2025-04-15;2025-04-16;2025-04-17;2025-04-18;2025-04-22;2025-04-28;2025-05-14;2025-05-16;2025-05-19;2025-05-22;2025-06-05;2025-06-17;2025-06-26;2025-06-27;2025-06-30;2025-07-01;2025-07-03;2025-07-08;2025-07-17;2025-08-15;2025-08-18;2025-08-22;2025-09-04;2025-09-05;2025-09-09;2025-09-12;2025-09-16;2025-10-02;2025-10-03;2025-10-06;2025-10-08;2025-11-06;2025-11-07,2024-08-22;2024-08-24;2024-09-16;2024-10-08;2024-10-10;2024-10-14;2024-10-15;2024-11-15;2024-12-09;2025-02-10;2025-03-03;2025-04-23;2025-04-24;2025-04-25;2025-05-20;2025-05-21;2025-06-04;2025-06-11;2025-06-14;2025-06-20;2025-07-09;2025-07-15;2025-07-18;2025-09-10;2025-10-07;2025-10-21;2025-10-23
32,20260948,33,2024-08-20;2024-08-21;2024-08-22;2024-08-23;2024-08-24;2024-08-27;2024-09-03;2024-09-24;2024-10-01;2024-10-02;2024-10-10;2024-10-11;2024-10-15;2024-10-16;2024-10-24;2024-11-07;2024-11-15;2024-11-18;2024-12-09;2024-12-13;2025-01-16;2025-01-17;2025-01-27;2025-02-03;2025-02-06;2025-02-07;2025-02-12;2025-03-03;2025-03-04;2025-03-06;2025-03-11;2025-03-12;2025-03-21;2025-03-26;2025-03-27;2025-03-28;2025-04-01;2025-04-02;2025-04-07;2025-04-08;2025-04-09;2025-04-11;2025-04-15;2025-04-16;2025-04-18;2025-04-22;2025-04-23;2025-04-24;2025-04-25;2025-05-14;2025-05-20;2025-05-21;2025-05-22;2025-06-11;2025-06-14;2025-06-20;2025-06-26;2025-06-30;2025-07-03;2025-07-08;2025-07-15;2025-07-17;2025-07-18;2025-08-15;2025-08-22;2025-09-04;2025-09-05;2025-09-09;2025-09-12;2025-09-16;2025-10-02;2025-10-03;2025-10-07;2025-10-08;2025-10-21;2025-10-23;2025-11-06;2025-11-07,2024-09-16;2024-10-07;2024-10-08;2024-10-14;2024-10-18;2024-11-11;2024-11-12;2024-11-27;2025-02-05;2025-02-10;2025-02-25;2025-03-05;2025-03-31;2025-04-03;2025-04-17;2025-04-28;2025-05-16;2025-05-19;2025-06-04;2025-06-05;2025-06-17;2025-06-27;2025-07-01;2025-07-09;2025-08-18;2025-09-10;2025-10-06
33,20260949,34,2024-08-20;2024-08-21;2024-08-23;2024-09-03;2024-10-01;2024-10-02;2024-10-10;2024-10-11;2024-10-14;2024-10-18;2024-10-24;2024-11-07;2024-11-11;2024-11-12;2024-11-15;2024-11-18;2024-11-27;2024-12-09;2025-01-27;2025-02-03;2025-02-05;2025-02-06;2025-02-07;2025-02-10;2025-02-12;2025-02-25;2025-03-04;2025-03-06;2025-03-21;2025-03-26;2025-03-27;2025-03-31;2025-04-01;2025-04-02;2025-04-07;2025-04-08;2025-04-09;2025-04-11;2025-04-15;2025-04-16;2025-04-22;2025-04-23;2025-04-24;2025-04-25;2025-04-28;2025-05-14;2025-05-19;2025-05-20;2025-05-21;2025-05-22;2025-06-04;2025-06-05;2025-06-11;2025-06-14;2025-06-17;2025-06-20;2025-06-26;2025-06-27;2025-07-01;2025-07-03;2025-07-08;2025-07-09;2025-07-15;2025-07-17;2025-07-18;2025-08-18;2025-08-22;2025-09-04;2025-09-05;2025-09-09;2025-09-12;2025-09-16;2025-10-02;2025-10-03;2025-10-06;2025-10-21;2025-11-06;2025-11-07,2024-08-22;2024-08-24;2024-08-27;2024-09-16;2024-09-24;2024-10-07;2024-10-08;2024-10-15;2024-10-16;2024-12-13;2025-01-16;2025-01-17;2025-03-03;2025-03-05;2025-03-11;2025-03-12;2025-03-28;2025-04-03;2025-04-17;2025-04-18;2025-05-16;2025-06-30;2025-08-15;2025-09-10;2025-10-07;2025-10-08;2025-10-23
34,20260950,35,2024-08-20;2024-08-21;2024-08-22;2024-08-23;2024-08-24;2024-09-03;2024-09-16;2024-09-24;2024-10-01;2024-10-02;2024-10-08;2024-10-10;2024-10-14;2024-10-15;2024-10-16;2024-10-18;2024-10-24;2024-11-12;2024-11-15;2024-11-27;2024-12-09;2024-12-13;2025-01-16;2025-01-17;2025-01-27;2025-02-03;2025-02-05;2025-02-06;2025-02-10;2025-02-12;2025-03-03;2025-03-04;2025-03-06;2025-03-11;2025-03-12;2025-03-21;2025-03-26;2025-03-27;2025-03-28;2025-04-01;2025-04-02;2025-04-03;2025-04-08;2025-04-09;2025-04-11;2025-04-16;2025-04-17;2025-04-22;2025-04-23;2025-04-25;2025-04-28;2025-05-14;2025-05-16;2025-05-19;2025-05-20;2025-05-21;2025-05-22;2025-06-04;2025-06-05;2025-06-26;2025-06-27;2025-07-01;2025-07-03;2025-07-09;2025-07-15;2025-07-18;2025-08-15;2025-08-18;2025-09-04;2025-09-05;2025-09-12;2025-09-16;2025-10-02;2025-10-06;2025-10-07;2025-10-23;2025-11-06;2025-11-07,2024-08-27;2024-10-07;2024-10-11;2024-11-07;2024-11-11;2024-11-18;2025-02-07;2025-02-25;2025-03-05;2025-03-31;2025-04-07;2025-04-15;2025-04-18;2025-04-24;2025-06-11;2025-06-14;2025-06-17;2025-06-20;2025-06-30;2025-07-08;2025-07-17;2025-08-22;2025-09-09;2025-09-10;2025-10-03;2025-10-08;2025-10-21
35,20260951,36,2024-08-20;2024-08-22;2024-08-23;2024-08-24;2024-08-27;2024-09-03;2024-10-01;2024-10-02;2024-10-07;2024-10-08;2024-10-10;2024-10-11;2024-10-14;2024-10-16;2024-10-18;2024-10-24;2024-11-11;2024-11-12;2024-11-27;2024-12-09;2024-12-13;2025-01-27;2025-02-03;2025-02-05;2025-02-06;2025-02-07;2025-02-10;2025-02-12;2025-02-25;2025-03-03;2025-03-04;2025-03-06;2025-03-11;2025-03-12;2025-03-27;2025-03-28;2025-03-31;2025-04-01;2025-04-02;2025-04-03;2025-04-07;2025-04-11;2025-04-15;2025-04-17;2025-04-18;2025-04-23;2025-04-28;2025-05-14;2025-05-16;2025-05-19;2025-05-20;2025-05-21;2025-06-04;2025-06-05;2025-06-17;2025-06-20;2025-06-26;2025-06-27;2025-06-30;2025-07-01;2025-07-08;2025-07-09;2025-07-17;2025-07-18;2025-08-18;2025-08-22;2025-09-04;2025-09-05;2025-09-09;2025-09-12;2025-09-16;2025-10-02;2025-10-03;2025-10-06;2025-10-07;2025-10-23;2025-11-06;2025-11-07,2024-08-21;2024-09-16;2024-09-24;2024-10-15;2024-11-07;2024-11-15;2024-11-18;2025-01-16;2025-01-17;2025-03-05;2025-03-21;2025-03-26;2025-04-08;2025-04-09;2025-04-16;2025-04-22;2025-04-24;2025-04-25;2025-05-22;2025-06-11;2025-06-14;2025-07-03;2025-07-15;2025-08-15;2025-09-10;2025-10-08;2025-10-21
36,20260952,37,2024-08-21;2024-08-27;2024-09-03;2024-09-16;2024-09-24;2024-10-02;2024-10-07;2024-10-08;2024-10-10;2024-10-14;2024-10-18;2024-11-07;2024-11-12;2024-11-18;2024-11-27;2024-12-13;2025-01-17;2025-01-27;2025-02-03;2025-02-05;2025-02-06;2025-02-07;2025-02-10;2025-02-25;2025-03-03;2025-03-04;2025-03-06;2025-03-12;2025-03-21;2025-03-26;2025-03-28;2025-03-31;2025-04-01;2025-04-02;2025-04-07;2025-04-08;2025-04-09;2025-04-16;2025-04-17;2025-04-18;2025-04-23;2025-04-24;2025-04-25;2025-04-28;2025-05-14;2025-05-16;2025-05-19;2025-05-20;2025-05-21;2025-05-22;2025-06-04;2025-06-05;2025-06-11;2025-06-14;2025-06-17;2025-06-20;2025-06-26;2025-06-27;2025-07-03;2025-07-08;2025-07-09;2025-07-15;2025-07-17;2025-08-15;2025-08-18;2025-08-22;2025-09-04;2025-09-05;2025-09-09;2025-09-16;2025-10-02;2025-10-03;2025-10-06;2025-10-07;2025-10-21;2025-10-23;2025-11-06;2025-11-07,2024-08-20;2024-08-22;2024-08-23;2024-08-24;2024-10-01;2024-10-11;2024-10-15;2024-10-16;2024-10-24;2024-11-11;2024-11-15;2024-12-09;2025-01-16;2025-02-12;2025-03-05;2025-03-11;2025-03-27;2025-04-03;2025-04-11;2025-04-15;2025-04-22;2025-06-30;2025-07-01;2025-07-18;2025-09-10;2025-09-12;2025-10-08
37,20260953,38,2024-08-20;2024-08-22;2024-08-24;2024-08-27;2024-09-03;2024-10-01;2024-10-08;2024-10-11;2024-10-15;2024-10-16;2024-10-24;2024-11-07;2024-11-11;2024-11-15;2024-11-27;2024-12-13;2025-01-16;2025-01-17;2025-02-03;2025-02-06;2025-02-07;2025-02-10;2025-02-12;2025-02-25;2025-03-03;2025-03-04;2025-03-05;2025-03-06;2025-03-11;2025-03-12;2025-03-21;2025-03-26;2025-03-27;2025-03-28;2025-04-03;2025-04-08;2025-04-09;2025-04-15;2025-04-16;2025-04-17;2025-04-18;2025-04-22;2025-04-23;2025-04-24;2025-04-25;2025-05-14;2025-05-16;2025-05-19;2025-05-20;2025-05-21;2025-06-05;2025-06-11;2025-06-14;2025-06-17;2025-06-20;2025-06-27;2025-06-30;2025-07-01;2025-07-08;2025-07-09;2025-07-15;2025-07-17;2025-07-18;2025-08-15;2025-09-04;2025-09-05;2025-09-09;2025-09-10;2025-09-12;2025-09-16;2025-10-02;2025-10-03;2025-10-06;2025-10-07;2025-10-08;2025-10-21;2025-10-23;2025-11-06,2024-08-21;2024-08-23;2024-09-16;2024-09-24;2024-10-02;2024-10-07;2024-10-10;2024-10-14;2024-10-18;2024-11-12;2024-11-18;2024-12-09;2025-01-27;2025-02-05;2025-03-31;2025-04-01;2025-04-02;2025-04-07;2025-04-11;2025-04-28;2025-05-22;2025-06-04;2025-06-26;2025-07-03;2025-08-18;2025-08-22;2025-11-07
38,20260954,39,2024-08-22;2024-08-23;2024-08-27;2024-09-03;2024-09-24;2024-10-01;2024-10-02;2024-10-07;2024-10-08;2024-10-10;2024-10-11;2024-10-14;2024-10-15;2024-10-16;2024-10-18;2024-10-24;2024-11-07;2024-11-15;2024-11-18;2024-11-27;2025-01-16;2025-01-17;2025-02-03;2025-02-05;2025-02-06;2025-02-07;2025-02-10;2025-02-12;2025-03-03;2025-03-06;2025-03-12;2025-03-21;2025-03-26;2025-03-28;2025-04-02;2025-04-03;2025-04-07;2025-04-08;2025-04-11;2025-04-17;2025-04-18;2025-04-22;2025-04-23;2025-04-24;2025-04-25;2025-04-28;2025-05-14;2025-05-16;2025-05-19;2025-05-20;2025-05-21;2025-06-04;2025-06-11;2025-06-14;2025-06-17;2025-06-20;2025-06-26;2025-07-01;2025-07-03;2025-07-08;2025-07-09;2025-07-15;2025-07-17;2025-07-18;2025-08-15;2025-08-18;2025-08-22;2025-09-04;2025-09-05;2025-09-09;2025-09-10;2025-09-12;2025-10-06;2025-10-07;2025-10-08;2025-10-21;2025-10-23;2025-11-07,2024-08-20;2024-08-21;2024-08-24;2024-09-16;2024-11-11;2024-11-12;2024-12-09;2024-12-13;2025-01-27;2025-02-25;2025-03-04;2025-03-05;2025-03-11;2025-03-27;2025-03-31;2025-04-01;2025-04-09;2025-04-15;2025-04-16;2025-05-22;2025-06-05;2025-06-27;2025-06-30;2025-09-16;2025-10-02;2025-10-03;2025-11-06
39,20260955,40,2024-08-20;2024-08-22;2024-08-23;2024-08-24;2024-08-27;2024-09-03;2024-09-24;2024-10-01;2024-10-02;2024-10-07;2024-10-10;2024-10-11;2024-10-15;2024-10-16;2024-10-18;2024-11-11;2024-11-12;2024-11-15;2024-11-18;2024-11-27;2024-12-09;2024-12-13;2025-01-16;2025-01-17;2025-02-03;2025-02-05;2025-02-06;2025-02-07;2025-02-12;2025-02-25;2025-03-05;2025-03-06;2025-03-11;2025-03-12;2025-03-26;2025-03-27;2025-03-28;2025-04-03;2025-04-07;2025-04-09;2025-04-11;2025-04-15;2025-04-17;2025-04-18;2025-04-22;2025-04-23;2025-04-24;2025-04-25;2025-05-14;2025-05-16;2025-05-19;2025-05-20;2025-05-21;2025-05-22;2025-06-05;2025-06-11;2025-06-14;2025-06-17;2025-06-26;2025-06-27;2025-07-01;2025-07-03;2025-07-08;2025-07-09;2025-07-15;2025-07-18;2025-08-18;2025-09-04;2025-09-05;2025-09-09;2025-09-10;2025-09-12;2025-09-16;2025-10-02;2025-10-06;2025-10-07;2025-10-08;2025-11-06,2024-08-21;2024-09-16;2024-10-08;2024-10-14;2024-10-24;2024-11-07;2025-01-27;2025-02-10;2025-03-03;2025-03-04;2025-03-21;2025-03-31;2025-04-01;2025-04-02;2025-04-08;2025-04-16;2025-04-28;2025-06-04;2025-06-20;2025-06-30;2025-07-17;2025-08-15;2025-08-22;2025-10-03;2025-10-21;2025-10-23;2025-11-07
40,20260956,41,2024-08-20;2024-08-21;2024-08-22;2024-08-23;2024-08-27;2024-09-03;2024-09-24;2024-10-01;2024-10-08;2024-10-10;2024-10-11;2024-10-14;2024-10-16;2024-10-18;2024-11-11;2024-11-15;2024-11-27;2024-12-09;2024-12-13;2025-01-17;2025-01-27;2025-02-03;2025-02-10;2025-02-12;2025-03-03;2025-03-05;2025-03-06;2025-03-11;2025-03-12;2025-03-21;2025-03-31;2025-04-01;2025-04-02;2025-04-03;2025-04-09;2025-04-11;2025-04-15;2025-04-17;2025-04-18;2025-04-22;2025-04-24;2025-05-14;2025-05-16;2025-05-19;2025-05-20;2025-05-21;2025-05-22;2025-06-04;2025-06-05;2025-06-11;2025-06-14;2025-06-20;2025-06-26;2025-06-27;2025-06-30;2025-07-01;2025-07-03;2025-07-08;2025-07-15;2025-07-17;2025-07-18;2025-08-15;2025-08-18;2025-08-22;2025-09-04;2025-09-05;2025-09-09;2025-09-10;2025-09-16;2025-10-02;2025-10-03;2025-10-06;2025-10-07;2025-10-08;2025-10-21;2025-10-23;2025-11-06;2025-11-07,2024-08-24;2024-09-16;2024-10-02;2024-10-07;2024-10-15;2024-10-24;2024-11-07;2024-11-12;2024-11-18;2025-01-16;2025-02-05;2025-02-06;2025-02-07;2025-02-25;2025-03-04;2025-03-26;2025-03-27;2025-03-28;2025-04-07;2025-04-08;2025-04-16;2025-04-23;2025-04-25;2025-04-28;2025-06-17;2025-07-09;2025-09-12
41,20260957,42,2024-08-20;2024-08-21;2024-08-22;2024-08-23;2024-09-03;2024-09-16;2024-09-24;2024-10-01;2024-10-07;2024-10-08;2024-10-14;2024-10-15;2024-10-16;2024-10-18;2024-10-24;2024-11-11;2024-11-18;2024-11-27;2024-12-09;2024-12-13;2025-01-16;2025-01-17;2025-01-27;2025-02-05;2025-02-06;2025-02-12;2025-03-03;2025-03-05;2025-03-06;2025-03-11;2025-03-12;2025-03-27;2025-03-31;2025-04-02;2025-04-03;2025-04-08;2025-04-09;2025-04-11;2025-04-15;2025-04-16;2025-04-17;2025-04-18;2025-04-23;2025-04-24;2025-04-25;2025-04-28;2025-05-16;2025-05-19;2025-05-20;2025-05-21;2025-06-04;2025-06-05;2025-06-11;2025-06-17;2025-06-20;2025-06-26;2025-06-27;2025-06-30;2025-07-01;2025-07-03;2025-07-08;2025-07-09;2025-07-15;2025-07-18;2025-08-18;2025-08-22;2025-09-04;2025-09-05;2025-09-10;2025-09-12;2025-09-16;2025-10-02;2025-10-03;2025-10-06;2025-10-08;2025-10-21;2025-11-06;2025-11-07,2024-08-24;2024-08-27;2024-10-02;2024-10-10;2024-10-11;2024-11-07;2024-11-12;2024-11-15;2025-02-03;2025-02-07;2025-02-10;2025-02-25;2025-03-04;2025-03-21;2025-03-26;2025-03-28;2025-04-01;2025-04-07;2025-04-22;2025-05-14;2025-05-22;2025-06-14;2025-07-17;2025-08-15;2025-09-09;2025-10-07;2025-10-23
42,20260958,43,2024-08-21;2024-08-24;2024-08-27;2024-09-03;2024-09-16;2024-10-01;2024-10-02;2024-10-08;2024-10-10;2024-10-11;2024-10-14;2024-10-15;2024-10-16;2024-11-18;2024-11-27;2024-12-09;2025-02-03;2025-02-06;2025-02-07;2025-02-10;2025-02-25;2025-03-03;2025-03-04;2025-03-11;2025-03-12;2025-03-26;2025-03-27;2025-03-28;2025-04-01;2025-04-02;2025-04-03;2025-04-07;2025-04-08;2025-04-09;2025-04-11;2025-04-15;2025-04-16;2025-04-17;2025-04-18;2025-04-23;2025-04-24;2025-04-25;2025-05-14;2025-05-16;2025-05-19;2025-05-20;2025-05-21;2025-05-22;2025-06-04;2025-06-05;2025-06-11;2025-06-14;2025-06-17;2025-06-20;2025-06-26;2025-06-30;2025-07-01;2025-07-03;2025-07-08;2025-07-15;2025-07-17;2025-08-15;2025-08-18;2025-08-22;2025-09-04;2025-09-05;2025-09-09;2025-09-10;2025-09-12;2025-09-16;2025-10-02;2025-10-03;2025-10-06;2025-10-07;2025-10-08;2025-10-21;2025-10-23;2025-11-07,2024-08-20;2024-08-22;2024-08-23;2024-09-24;2024-10-07;2024-10-18;2024-10-24;2024-11-07;2024-11-11;2024-11-12;2024-11-15;2024-12-13;2025-01-16;2025-01-17;2025-01-27;2025-02-05;2025-02-12;2025-03-05;2025-03-06;2025-03-21;2025-03-31;2025-04-22;2025-04-28;2025-06-27;2025-07-09;2025-07-18;2025-11-06
43,20260959,44,2024-08-22;2024-08-23;2024-08-24;2024-08-27;2024-09-03;2024-09-16;2024-09-24;2024-10-01;2024-10-02;2024-10-07;2024-10-08;2024-10-11;2024-10-14;2024-10-24;2024-11-07;2024-11-11;2024-11-12;2024-11-15;2024-11-18;2024-12-09;2024-12-13;2025-01-16;2025-01-17;2025-01-27;2025-02-03;2025-02-05;2025-02-06;2025-02-07;2025-02-12;2025-03-04;2025-03-05;2025-03-06;2025-03-11;2025-03-12;2025-03-21;2025-03-26;2025-03-27;2025-04-02;2025-04-03;2025-04-07;2025-04-08;2025-04-09;2025-04-11;2025-04-15;2025-04-18;2025-04-24;2025-04-25;2025-05-14;2025-05-19;2025-05-20;2025-05-21;2025-05-22;2025-06-04;2025-06-05;2025-06-14;2025-06-17;2025-06-20;2025-06-26;2025-06-27;2025-07-01;2025-07-03;2025-07-08;2025-07-09;2025-07-15;2025-07-17;2025-08-15;2025-08-18;2025-08-22;2025-09-04;2025-09-05;2025-09-09;2025-09-12;2025-10-03;2025-10-06;2025-10-07;2025-10-08;2025-10-21;2025-11-06,2024-08-20;2024-08-21;2024-10-10;2024-10-15;2024-10-16;2024-10-18;2024-11-27;2025-02-10;2025-02-25;2025-03-03;2025-03-28;2025-03-31;2025-04-01;2025-04-16;2025-04-17;2025-04-22;2025-04-23;2025-04-28;2025-05-16;2025-06-11;2025-06-30;2025-07-18;2025-09-10;2025-09-16;2025-10-02;2025-10-23;2025-11-07
44,20260960,45,2024-08-21;2024-08-22;2024-08-23;2024-08-24;2024-08-27;2024-09-03;2024-09-24;2024-10-02;2024-10-07;2024-10-08;2024-10-10;2024-10-15;2024-10-16;2024-10-18;2024-10-24;2024-11-07;2024-11-11;2024-11-12;2024-11-15;2024-11-27;2024-12-09;2025-01-16;2025-01-17;2025-01-27;2025-02-05;2025-02-06;2025-02-07;2025-02-12;2025-02-25;2025-03-03;2025-03-04;2025-03-05;2025-03-06;2025-03-11;2025-03-12;2025-03-26;2025-03-27;2025-03-28;2025-04-01;2025-04-02;2025-04-03;2025-04-07;2025-04-08;2025-04-09;2025-04-11;2025-04-15;2025-04-16;2025-04-23;2025-04-24;2025-04-28;2025-05-14;2025-05-16;2025-05-19;2025-05-20;2025-05-21;2025-05-22;2025-06-04;2025-06-05;2025-06-11;2025-06-14;2025-06-20;2025-06-26;2025-06-30;2025-07-01;2025-07-08;2025-07-15;2025-07-18;2025-08-18;2025-08-22;2025-09-05;2025-09-10;2025-09-16;2025-10-03;2025-10-06;2025-10-08;2025-10-23;2025-11-06;2025-11-07,2024-08-20;2024-09-16;2024-10-01;2024-10-11;2024-10-14;2024-11-18;2024-12-13;2025-02-03;2025-02-10;2025-03-21;2025-03-31;2025-04-17;2025-04-18;2025-04-22;2025-04-25;2025-06-17;2025-06-27;2025-07-03;2025-07-09;2025-07-17;2025-08-15;2025-09-04;2025-09-09;2025-09-12;2025-10-02;2025-10-07;2025-10-21
45,20260961,46,2024-08-20;2024-08-21;2024-08-22;2024-08-24;2024-08-27;2024-09-03;2024-09-16;2024-09-24;2024-10-01;2024-10-02;2024-10-07;2024-10-10;2024-10-14;2024-10-18;2024-11-07;2024-11-15;2024-11-18;2024-11-27;2024-12-09;2024-12-13;2025-01-17;2025-01-27;2025-02-03;2025-02-05;2025-02-06;2025-02-07;2025-02-12;2025-02-25;2025-03-04;2025-03-05;2025-03-06;2025-03-11;2025-03-21;2025-03-26;2025-04-01;2025-04-02;2025-04-03;2025-04-07;2025-04-08;2025-04-15;2025-04-16;2025-04-23;2025-04-24;2025-04-25;2025-04-28;2025-05-14;2025-05-16;2025-05-19;2025-05-20;2025-05-21;2025-05-22;2025-06-04;2025-06-05;2025-06-11;2025-06-14;2025-06-17;2025-06-30;2025-07-01;2025-07-03;2025-07-09;2025-07-15;2025-07-18;2025-08-15;2025-08-18;2025-08-22;2025-09-05;2025-09-09;2025-09-10;2025-09-12;2025-09-16;2025-10-02;2025-10-03;2025-10-06;2025-10-07;2025-10-08;2025-10-21;2025-10-23;2025-11-07,2024-08-23;2024-10-08;2024-10-11;2024-10-15;2024-10-16;2024-10-24;2024-11-11;2024-11-12;2025-01-16;2025-02-10;2025-03-03;2025-03-12;2025-03-27;2025-03-28;2025-03-31;2025-04-09;2025-04-11;2025-04-17;2025-04-18;2025-04-22;2025-06-20;2025-06-26;2025-06-27;2025-07-08;2025-07-17;2025-09-04;2025-11-06
46,20260962,47,2024-08-21;2024-08-22;2024-08-24;2024-08-27;2024-09-03;2024-09-24;2024-10-01;2024-10-02;2024-10-07;2024-10-08;2024-10-11;2024-10-15;2024-10-16;2024-10-18;2024-11-07;2024-11-11;2024-11-12;2024-11-18;2024-12-09;2025-01-16;2025-01-17;2025-02-03;2025-02-05;2025-02-06;2025-02-07;2025-02-12;2025-02-25;2025-03-03;2025-03-04;2025-03-05;2025-03-06;2025-03-11;2025-03-12;2025-03-21;2025-03-26;2025-03-27;2025-04-01;2025-04-02;2025-04-03;2025-04-08;2025-04-09;2025-04-11;2025-04-15;2025-04-16;2025-04-17;2025-04-23;2025-04-24;2025-04-25;2025-05-14;2025-05-16;2025-05-19;2025-05-20;2025-05-22;2025-06-04;2025-06-05;2025-06-11;2025-06-17;2025-06-27;2025-06-30;2025-07-01;2025-07-08;2025-07-09;2025-07-15;2025-07-17;2025-07-18;2025-08-18;2025-08-22;2025-09-04;2025-09-05;2025-09-09;2025-09-10;2025-09-12;2025-09-16;2025-10-02;2025-10-03;2025-10-07;2025-10-08;2025-10-23,2024-08-20;2024-08-23;2024-09-16;2024-10-10;2024-10-14;2024-10-24;2024-11-15;2024-11-27;2024-12-13;2025-01-27;2025-02-10;2025-03-28;2025-03-31;2025-04-07;2025-04-18;2025-04-22;2025-04-28;2025-05-21;2025-06-14;2025-06-20;2025-06-26;2025-07-03;2025-08-15;2025-10-06;2025-10-21;2025-11-06;2025-11-07
47,20260963,48,2024-08-20;2024-08-21;2024-08-22;2024-08-23;2024-08-27;2024-09-16;2024-10-02;2024-10-08;2024-10-10;2024-10-14;2024-10-15;2024-10-16;2024-10-18;2024-10-24;2024-11-07;2024-11-11;2024-11-12;2024-11-15;2024-11-18;2024-11-27;2024-12-13;2025-01-16;2025-01-17;2025-02-03;2025-02-05;2025-02-10;2025-02-12;2025-02-25;2025-03-04;2025-03-05;2025-03-06;2025-03-11;2025-03-21;2025-03-27;2025-03-28;2025-03-31;2025-04-02;2025-04-03;2025-04-07;2025-04-08;2025-04-09;2025-04-11;2025-04-15;2025-04-16;2025-04-17;2025-04-18;2025-04-22;2025-04-25;2025-05-14;2025-05-19;2025-05-20;2025-05-22;2025-06-04;2025-06-05;2025-06-17;2025-06-26;2025-06-27;2025-06-30;2025-07-01;2025-07-03;2025-07-08;2025-07-09;2025-07-15;2025-07-17;2025-08-15;2025-08-18;2025-08-22;2025-09-04;2025-09-09;2025-09-10;2025-09-12;2025-09-16;2025-10-02;2025-10-03;2025-10-06;2025-10-21;2025-11-06;2025-11-07,2024-08-24;2024-09-03;2024-09-24;2024-10-01;2024-10-07;2024-10-11;2024-12-09;2025-01-27;2025-02-06;2025-02-07;2025-03-03;2025-03-12;2025-03-26;2025-04-01;2025-04-23;2025-04-24;2025-04-28;2025-05-16;2025-05-21;2025-06-11;2025-06-14;2025-06-20;2025-07-18;2025-09-05;2025-10-07;2025-10-08;2025-10-23
48,20260964,49,2024-08-21;2024-08-22;2024-08-23;2024-08-24;2024-08-27;2024-09-03;2024-09-16;2024-09-24;2024-10-01;2024-10-02;2024-10-07;2024-10-10;2024-10-11;2024-10-14;2024-10-15;2024-11-07;2024-11-11;2024-11-27;2025-01-16;2025-01-17;2025-01-27;2025-02-03;2025-02-05;2025-02-06;2025-02-10;2025-02-12;2025-02-25;2025-03-05;2025-03-11;2025-03-12;2025-03-21;2025-03-26;2025-03-27;2025-03-28;2025-04-01;2025-04-02;2025-04-03;2025-04-08;2025-04-09;2025-04-11;2025-04-15;2025-04-16;2025-04-17;2025-04-18;2025-04-22;2025-04-23;2025-04-24;2025-04-28;2025-05-14;2025-05-19;2025-05-20;2025-05-21;2025-05-22;2025-06-05;2025-06-14;2025-06-17;2025-06-26;2025-06-27;2025-06-30;2025-07-01;2025-07-03;2025-07-15;2025-07-18;2025-08-15;2025-08-18;2025-08-22;2025-09-04;2025-09-05;2025-09-09;2025-09-10;2025-10-03;2025-10-06;2025-10-07;2025-10-08;2025-10-21;2025-10-23;2025-11-06;2025-11-07,2024-08-20;2024-10-08;2024-10-16;2024-10-18;2024-10-24;2024-11-12;2024-11-15;2024-11-18;2024-12-09;2024-12-13;2025-02-07;2025-03-03;2025-03-04;2025-03-06;2025-03-31;2025-04-07;2025-04-25;2025-05-16;2025-06-04;2025-06-11;2025-06-20;2025-07-08;2025-07-09;2025-07-17;2025-09-12;2025-09-16;2025-10-02
49,20260965,50,2024-08-20;2024-08-21;2024-08-23;2024-08-24;2024-09-03;2024-09-16;2024-09-24;2024-10-07;2024-10-08;2024-10-10;2024-10-11;2024-10-14;2024-10-16;2024-10-18;2024-10-24;2024-11-11;2024-11-12;2024-11-15;2024-11-18;2024-11-27;2025-01-16;2025-02-05;2025-02-06;2025-02-07;2025-02-10;2025-02-12;2025-02-25;2025-03-04;2025-03-06;2025-03-11;2025-03-12;2025-03-28;2025-04-01;2025-04-02;2025-04-03;2025-04-07;2025-04-11;2025-04-15;2025-04-17;2025-04-18;2025-04-22;2025-04-23;2025-04-24;2025-04-25;2025-04-28;2025-05-14;2025-05-16;2025-05-19;2025-05-21;2025-05-22;2025-06-04;2025-06-05;2025-06-11;2025-06-14;2025-06-20;2025-06-27;2025-06-30;2025-07-08;2025-07-09;2025-07-15;2025-07-17;2025-07-18;2025-08-15;2025-08-18;2025-08-22;2025-09-04;2025-09-05;2025-09-09;2025-09-10;2025-09-12;2025-09-16;2025-10-02;2025-10-06;2025-10-08;2025-10-21;2025-10-23;2025-11-06;2025-11-07,2024-08-22;2024-08-27;2024-10-01;2024-10-02;2024-10-15;2024-11-07;2024-12-09;2024-12-13;2025-01-17;2025-01-27;2025-02-03;2025-03-03;2025-03-05;2025-03-21;2025-03-26;2025-03-27;2025-03-31;2025-04-08;2025-04-09;2025-04-16;2025-05-20;2025-06-17;2025-06-26;2025-07-01;2025-07-03;2025-10-03;2025-10-07
50,20260966,51,2024-08-20;2024-08-22;2024-08-23;2024-08-24;2024-08-27;2024-09-24;2024-10-01;2024-10-02;2024-10-08;2024-10-10;2024-10-11;2024-10-14;2024-10-16;2024-10-18;2024-10-24;2024-11-07;2024-11-11;2024-11-12;2024-11-15;2024-11-27;2024-12-13;2025-01-16;2025-01-17;2025-01-27;2025-02-03;2025-02-05;2025-02-06;2025-02-07;2025-02-10;2025-02-12;2025-03-03;2025-03-04;2025-03-05;2025-03-06;2025-03-11;2025-03-12;2025-03-26;2025-03-27;2025-03-28;2025-03-31;2025-04-01;2025-04-07;2025-04-08;2025-04-09;2025-04-15;2025-04-16;2025-04-17;2025-04-24;2025-04-28;2025-05-14;2025-05-20;2025-05-21;2025-05-22;2025-06-04;2025-06-05;2025-06-11;2025-06-17;2025-06-20;2025-06-26;2025-06-27;2025-06-30;2025-07-01;2025-07-03;2025-07-08;2025-07-09;2025-07-15;2025-07-18;2025-08-15;2025-08-18;2025-09-04;2025-09-05;2025-09-10;2025-09-16;2025-10-03;2025-10-08;2025-10-21;2025-11-06;2025-11-07,2024-08-21;2024-09-03;2024-09-16;2024-10-07;2024-10-15;2024-11-18;2024-12-09;2025-02-25;2025-03-21;2025-04-02;2025-04-03;2025-04-11;2025-04-18;2025-04-22;2025-04-23;2025-04-25;2025-05-16;2025-05-19;2025-06-14;2025-07-17;2025-08-22;2025-09-09;2025-09-12;2025-10-02;2025-10-06;2025-10-07;2025-10-23
51,20260967,52,2024-08-22;2024-08-23;2024-08-24;2024-08-27;2024-09-03;2024-09-24;2024-10-01;2024-10-02;2024-10-07;2024-10-08;2024-10-10;2024-10-11;2024-10-14;2024-10-15;2024-10-18;2024-11-11;2024-11-12;2024-11-15;2024-11-18;2024-11-27;2024-12-09;2025-01-16;2025-01-17;2025-01-27;2025-02-03;2025-02-05;2025-02-06;2025-02-10;2025-02-12;2025-02-25;2025-03-03;2025-03-04;2025-03-05;2025-03-11;2025-03-12;2025-03-26;2025-03-27;2025-04-03;2025-04-07;2025-04-08;2025-04-09;2025-04-11;2025-04-17;2025-04-22;2025-04-24;2025-04-25;2025-04-28;2025-05-14;2025-05-16;2025-05-19;2025-05-20;2025-05-21;2025-06-04;2025-06-11;2025-06-14;2025-06-17;2025-06-27;2025-06-30;2025-07-01;2025-07-03;2025-07-08;2025-07-15;2025-07-17;2025-07-18;2025-08-15;2025-08-18;2025-08-22;2025-09-04;2025-09-09;2025-09-12;2025-09-16;2025-10-02;2025-10-03;2025-10-06;2025-10-07;2025-10-21;2025-10-23;2025-11-06,2024-08-20;2024-08-21;2024-09-16;2024-10-16;2024-10-24;2024-11-07;2024-12-13;2025-02-07;2025-03-06;2025-03-21;2025-03-28;2025-03-31;2025-04-01;2025-04-02;2025-04-15;2025-04-16;2025-04-18;2025-04-23;2025-05-22;2025-06-05;2025-06-20;2025-06-26;2025-07-09;2025-09-05;2025-09-10;2025-10-08;2025-11-07
52,20260968,53,2024-08-20;2024-08-21;2024-08-22;2024-08-24;2024-09-03;2024-09-16;2024-09-24;2024-10-01;2024-10-07;2024-10-10;2024-10-11;2024-10-14;2024-10-15;2024-10-16;2024-10-18;2024-11-07;2024-11-11;2024-11-12;2024-11-15;2024-12-09;2024-12-13;2025-01-16;2025-01-17;2025-02-06;2025-02-10;2025-02-12;2025-02-25;2025-03-03;2025-03-04;2025-03-05;2025-03-06;2025-03-12;2025-03-21;2025-03-26;2025-03-27;2025-03-28;2025-03-31;2025-04-01;2025-04-02;2025-04-03;2025-04-07;2025-04-08;2025-04-09;2025-04-11;2025-04-15;2025-04-16;2025-04-17;2025-04-18;2025-04-22;2025-04-23;2025-04-25;2025-04-28;2025-05-14;2025-05-20;2025-05-21;2025-05-22;2025-06-04;2025-06-05;2025-06-26;2025-06-27;2025-06-30;2025-07-01;2025-07-03;2025-07-08;2025-07-09;2025-07-15;2025-07-17;2025-07-18;2025-08-15;2025-08-18;2025-08-22;2025-09-05;2025-09-10;2025-09-12;2025-10-03;2025-10-07;2025-10-21;2025-11-06,2024-08-23;2024-08-27;2024-10-02;2024-10-08;2024-10-24;2024-11-18;2024-11-27;2025-01-27;2025-02-03;2025-02-05;2025-02-07;2025-03-11;2025-04-24;2025-05-16;2025-05-19;2025-06-11;2025-06-14;2025-06-17;2025-06-20;2025-09-04;2025-09-09;2025-09-16;2025-10-02;2025-10-06;2025-10-08;2025-10-23;2025-11-07
53,20260969,54,2024-08-20;2024-08-23;2024-08-24;2024-09-03;2024-09-16;2024-09-24;2024-10-01;2024-10-07;2024-10-08;2024-10-10;2024-10-15;2024-10-18;2024-10-24;2024-11-07;2024-11-11;2024-11-15;2024-11-18;2024-11-27;2024-12-09;2024-12-13;2025-01-16;2025-01-17;2025-02-03;2025-02-05;2025-02-06;2025-02-10;2025-02-12;2025-03-06;2025-03-11;2025-03-12;2025-03-21;2025-03-26;2025-03-27;2025-03-28;2025-04-01;2025-04-02;2025-04-03;2025-04-08;2025-04-09;2025-04-11;2025-04-15;2025-04-17;2025-04-18;2025-04-22;2025-04-23;2025-04-24;2025-04-25;2025-05-14;2025-05-16;2025-05-19;2025-05-20;2025-05-21;2025-05-22;2025-06-04;2025-06-05;2025-06-11;2025-06-14;2025-06-17;2025-06-20;2025-06-26;2025-06-27;2025-06-30;2025-07-01;2025-07-08;2025-07-15;2025-07-17;2025-08-15;2025-08-18;2025-08-22;2025-09-04;2025-09-05;2025-09-10;2025-10-02;2025-10-03;2025-10-06;2025-10-21;2025-10-23;2025-11-07,2024-08-21;2024-08-22;2024-08-27;2024-10-02;2024-10-11;2024-10-14;2024-10-16;2024-11-12;2025-01-27;2025-02-07;2025-02-25;2025-03-03;2025-03-04;2025-03-05;2025-03-31;2025-04-07;2025-04-16;2025-04-28;2025-07-03;2025-07-09;2025-07-18;2025-09-09;2025-09-12;2025-09-16;2025-10-07;2025-10-08;2025-11-06
54,20260970,55,2024-08-21;2024-08-22;2024-08-23;2024-08-24;2024-08-27;2024-09-24;2024-10-01;2024-10-07;2024-10-10;2024-10-11;2024-10-14;2024-10-15;2024-10-16;2024-10-18;2024-10-24;2024-11-07;2024-11-11;2024-11-18;2024-11-27;2024-12-09;2025-01-16;2025-01-17;2025-02-03;2025-02-05;2025-02-06;2025-02-07;2025-02-10;2025-02-25;2025-03-04;2025-03-05;2025-03-11;2025-03-12;2025-03-21;2025-03-26;2025-03-27;2025-03-31;2025-04-01;2025-04-03;2025-04-07;2025-04-09;2025-04-11;2025-04-16;2025-04-17;2025-04-18;2025-04-22;2025-04-23;2025-04-24;2025-04-25;2025-04-28;2025-05-20;2025-05-21;2025-06-04;2025-06-11;2025-06-14;2025-06-17;2025-06-20;2025-06-26;2025-06-27;2025-06-30;2025-07-01;2025-07-08;2025-07-15;2025-07-17;2025-07-18;2025-08-15;2025-08-18;2025-09-05;2025-09-09;2025-09-10;2025-09-12;2025-09-16;2025-10-03;2025-10-06;2025-10-07;2025-10-08;2025-10-23;2025-11-06;2025-11-07,2024-08-20;2024-09-03;2024-09-16;2024-10-02;2024-10-08;2024-11-12;2024-11-15;2024-12-13;2025-01-27;2025-02-12;2025-03-03;2025-03-06;2025-03-28;2025-04-02;2025-04-08;2025-04-15;2025-05-14;2025-05-16;2025-05-19;2025-05-22;2025-06-05;2025-07-03;2025-07-09;2025-08-22;2025-09-04;2025-10-02;2025-10-21
55,20260971,56,2024-08-21;2024-08-23;2024-08-27;2024-09-03;2024-09-16;2024-09-24;2024-10-02;2024-10-07;2024-10-10;2024-10-11;2024-10-14;2024-10-15;2024-10-16;2024-10-18;2024-11-11;2024-11-15;2024-11-18;2024-11-27;2024-12-13;2025-01-17;2025-01-27;2025-02-03;2025-02-05;2025-02-10;2025-02-25;2025-03-04;2025-03-05;2025-03-06;2025-03-11;2025-03-12;2025-03-26;2025-03-28;2025-03-31;2025-04-02;2025-04-07;2025-04-08;2025-04-09;2025-04-11;2025-04-16;2025-04-17;2025-04-22;2025-04-23;2025-04-24;2025-04-28;2025-05-16;2025-05-19;2025-05-20;2025-05-21;2025-05-22;2025-06-05;2025-06-11;2025-06-14;2025-06-17;2025-06-20;2025-06-26;2025-06-27;2025-06-30;2025-07-01;2025-07-03;2025-07-08;2025-07-09;2025-07-15;2025-07-17;2025-07-18;2025-08-15;2025-08-18;2025-09-04;2025-09-05;2025-09-10;2025-09-12;2025-10-02;2025-10-03;2025-10-06;2025-10-07;2025-10-21;2025-10-23;2025-11-06;2025-11-07,2024-08-20;2024-08-22;2024-08-24;2024-10-01;2024-10-08;2024-10-24;2024-11-07;2024-11-12;2024-12-09;2025-01-16;2025-02-06;2025-02-07;2025-02-12;2025-03-03;2025-03-21;2025-03-27;2025-04-01;2025-04-03;2025-04-15;2025-04-18;2025-04-25;2025-05-14;2025-06-04;2025-08-22;2025-09-09;2025-09-16;2025-10-08
56,20260972,57,2024-08-20;2024-08-21;2024-08-24;2024-09-03;2024-09-16;2024-10-01;2024-10-02;2024-10-07;2024-10-08;2024-10-16;2024-10-18;2024-11-07;2024-11-11;2024-11-12;2024-11-15;2024-11-18;2024-11-27;2024-12-09;2024-12-13;2025-01-16;2025-01-27;2025-02-03;2025-02-06;2025-02-07;2025-02-12;2025-03-03;2025-03-04;2025-03-05;2025-03-06;2025-03-11;2025-03-12;2025-03-21;2025-03-26;2025-03-27;2025-03-28;2025-04-02;2025-04-03;2025-04-07;2025-04-09;2025-04-15;2025-04-16;2025-04-17;2025-04-18;2025-04-24;2025-04-25;2025-04-28;2025-05-14;2025-05-16;2025-05-20;2025-05-21;2025-05-22;2025-06-04;2025-06-05;2025-06-11;2025-06-14;2025-06-17;2025-06-26;2025-06-30;2025-07-01;2025-07-03;2025-07-08;2025-07-09;2025-07-17;2025-07-18;2025-08-15;2025-09-04;2025-09-05;2025-09-09;2025-09-10;2025-09-16;2025-10-02;2025-10-03;2025-10-06;2025-10-07;2025-10-08;2025-10-21;2025-11-06;2025-11-07,2024-08-22;2024-08-23;2024-08-27;2024-09-24;2024-10-10;2024-10-11;2024-10-14;2024-10-15;2024-10-24;2025-01-17;2025-02-05;2025-02-10;2025-02-25;2025-03-31;2025-04-01;2025-04-08;2025-04-11;2025-04-22;2025-04-23;2025-05-19;2025-06-20;2025-06-27;2025-07-15;2025-08-18;2025-08-22;2025-09-12;2025-10-23
57,20260973,58,2024-08-20;2024-08-21;2024-08-22;2024-08-23;2024-08-27;2024-09-16;2024-09-24;2024-10-01;2024-10-07;2024-10-08;2024-10-10;2024-10-11;2024-10-15;2024-10-16;2024-10-18;2024-10-24;2024-11-07;2024-11-12;2024-11-15;2024-11-18;2024-12-09;2025-01-27;2025-02-03;2025-02-05;2025-02-06;2025-02-07;2025-02-10;2025-02-12;2025-02-25;2025-03-04;2025-03-05;2025-03-12;2025-03-26;2025-03-28;2025-03-31;2025-04-01;2025-04-02;2025-04-03;2025-04-07;2025-04-08;2025-04-15;2025-04-16;2025-04-17;2025-04-22;2025-04-23;2025-04-25;2025-04-28;2025-05-19;2025-05-21;2025-05-22;2025-06-04;2025-06-05;2025-06-11;2025-06-14;2025-06-17;2025-06-20;2025-06-26;2025-06-27;2025-06-30;2025-07-01;2025-07-03;2025-07-08;2025-07-09;2025-07-15;2025-07-17;2025-07-18;2025-08-15;2025-08-22;2025-09-04;2025-09-09;2025-09-10;2025-09-16;2025-10-02;2025-10-06;2025-10-08;2025-10-21;2025-10-23;2025-11-07,2024-08-24;2024-09-03;2024-10-02;2024-10-14;2024-11-11;2024-11-27;2024-12-13;2025-01-16;2025-01-17;2025-03-03;2025-03-06;2025-03-11;2025-03-21;2025-03-27;2025-04-09;2025-04-11;2025-04-18;2025-04-24;2025-05-14;2025-05-16;2025-05-20;2025-08-18;2025-09-05;2025-09-12;2025-10-03;2025-10-07;2025-11-06
58,20260974,59,2024-08-20;2024-08-21;2024-08-22;2024-08-23;2024-08-24;2024-09-03;2024-09-16;2024-10-01;2024-10-02;2024-10-07;2024-10-08;2024-10-10;2024-10-11;2024-10-14;2024-10-15;2024-10-18;2024-11-07;2024-11-15;2024-12-09;2025-01-16;2025-01-17;2025-01-27;2025-02-03;2025-02-05;2025-02-06;2025-02-10;2025-02-12;2025-02-25;2025-03-03;2025-03-04;2025-03-05;2025-03-06;2025-03-11;2025-03-12;2025-03-21;2025-03-26;2025-03-27;2025-03-28;2025-03-31;2025-04-01;2025-04-07;2025-04-08;2025-04-09;2025-04-15;2025-04-16;2025-04-17;2025-04-18;2025-04-22;2025-04-24;2025-04-25;2025-05-19;2025-05-20;2025-05-21;2025-06-14;2025-06-20;2025-06-26;2025-06-27;2025-06-30;2025-07-01;2025-07-03;2025-07-08;2025-07-15;2025-07-17;2025-07-18;2025-08-18;2025-08-22;2025-09-04;2025-09-05;2025-09-09;2025-09-10;2025-09-12;2025-09-16;2025-10-02;2025-10-06;2025-10-07;2025-10-23;2025-11-06;2025-11-07,2024-08-27;2024-09-24;2024-10-16;2024-10-24;2024-11-11;2024-11-12;2024-11-18;2024-11-27;2024-12-13;2025-02-07;2025-04-02;2025-04-03;2025-04-11;2025-04-23;2025-04-28;2025-05-14;2025-05-16;2025-05-22;2025-06-04;2025-06-05;2025-06-11;2025-06-17;2025-07-09;2025-08-15;2025-10-03;2025-10-08;2025-10-21
59,20260975,60,2024-08-20;2024-08-21;2024-08-22;2024-08-24;2024-08-27;2024-09-03;2024-09-24;2024-10-01;2024-10-07;2024-10-08;2024-10-14;2024-10-16;2024-10-24;2024-11-11;2024-11-12;2024-11-18;2024-11-27;2024-12-13;2025-01-16;2025-02-03;2025-02-05;2025-02-07;2025-02-10;2025-02-12;2025-02-25;2025-03-03;2025-03-05;2025-03-06;2025-03-11;2025-03-12;2025-03-26;2025-03-31;2025-04-01;2025-04-02;2025-04-03;2025-04-07;2025-04-09;2025-04-11;2025-04-15;2025-04-16;2025-04-22;2025-04-23;2025-04-24;2025-04-28;2025-05-14;2025-05-16;2025-05-20;2025-05-21;2025-05-22;2025-06-04;2025-06-05;2025-06-11;2025-06-14;2025-06-17;2025-06-20;2025-06-27;2025-06-30;2025-07-01;2025-07-03;2025-07-08;2025-07-09;2025-07-15;2025-07-17;2025-08-15;2025-08-18;2025-08-22;2025-09-04;2025-09-05;2025-09-09;2025-09-12;2025-10-02;2025-10-03;2025-10-07;2025-10-08;2025-10-21;2025-10-23;2025-11-06;2025-11-07,2024-08-23;2024-09-16;2024-10-02;2024-10-10;2024-10-11;2024-10-15;2024-10-18;2024-11-07;2024-11-15;2024-12-09;2025-01-17;2025-01-27;2025-02-06;2025-03-04;2025-03-21;2025-03-27;2025-03-28;2025-04-08;2025-04-17;2025-04-18;2025-04-25;2025-05-19;2025-06-26;2025-07-18;2025-09-10;2025-09-16;2025-10-06
60,20260976,61,2024-08-20;2024-08-21;2024-08-22;2024-08-23;2024-08-24;2024-08-27;2024-09-03;2024-09-16;2024-09-24;2024-10-02;2024-10-07;2024-10-11;2024-10-14;2024-10-15;2024-10-16;2024-10-18;2024-10-24;2024-11-18;2024-11-27;2024-12-09;2024-12-13;2025-01-16;2025-01-27;2025-02-05;2025-02-06;2025-02-07;2025-02-10;2025-02-25;2025-03-03;2025-03-04;2025-03-05;2025-03-11;2025-03-21;2025-03-27;2025-03-28;2025-04-01;2025-04-03;2025-04-07;2025-04-08;2025-04-09;2025-04-11;2025-04-16;2025-04-22;2025-04-23;2025-04-24;2025-04-25;2025-04-28;2025-05-14;2025-05-16;2025-05-19;2025-05-20;2025-05-21;2025-05-22;2025-06-04;2025-06-05;2025-06-17;2025-06-20;2025-06-26;2025-06-30;2025-07-01;2025-07-03;2025-07-08;2025-07-09;2025-07-15;2025-07-17;2025-07-18;2025-08-22;2025-09-05;2025-09-09;2025-09-10;2025-09-12;2025-10-02;2025-10-03;2025-10-07;2025-10-08;2025-10-21;2025-10-23;2025-11-06,2024-10-01;2024-10-08;2024-10-10;2024-11-07;2024-11-11;2024-11-12;2024-11-15;2025-01-17;2025-02-03;2025-02-12;2025-03-06;2025-03-12;2025-03-26;2025-03-31;2025-04-02;2025-04-15;2025-04-17;2025-04-18;2025-06-11;2025-06-14;2025-06-27;2025-08-15;2025-08-18;2025-09-04;2025-09-16;2025-10-06;2025-11-07
61,20260977,62,2024-08-20;2024-08-21;2024-08-23;2024-08-24;2024-08-27;2024-09-03;2024-09-16;2024-10-01;2024-10-02;2024-10-14;2024-10-15;2024-10-16;2024-11-15;2024-11-18;2024-11-27;2024-12-09;2024-12-13;2025-01-16;2025-01-17;2025-01-27;2025-02-03;2025-02-06;2025-02-07;2025-02-12;2025-02-25;2025-03-04;2025-03-05;2025-03-06;2025-03-11;2025-03-21;2025-03-26;2025-03-27;2025-03-31;2025-04-02;2025-04-03;2025-04-07;2025-04-08;2025-04-09;2025-04-15;2025-04-16;2025-04-17;2025-04-18;2025-04-22;2025-04-23;2025-04-24;2025-04-28;2025-05-14;2025-05-16;2025-05-19;2025-05-20;2025-05-21;2025-05-22;2025-06-05;2025-06-11;2025-06-14;2025-06-17;2025-06-20;2025-06-27;2025-06-30;2025-07-03;2025-07-09;2025-07-17;2025-07-18;2025-08-15;2025-08-18;2025-08-22;2025-09-04;2025-09-05;2025-09-09;2025-09-10;2025-09-16;2025-10-02;2025-10-06;2025-10-07;2025-10-21;2025-10-23;2025-11-06;2025-11-07,2024-08-22;2024-09-24;2024-10-07;2024-10-08;2024-10-10;2024-10-11;2024-10-18;2024-10-24;2024-11-07;2024-11-11;2024-11-12;2025-02-05;2025-02-10;2025-03-03;2025-03-12;2025-03-28;2025-04-01;2025-04-11;2025-04-25;2025-06-04;2025-06-26;2025-07-01;2025-07-08;2025-07-15;2025-09-12;2025-10-03;2025-10-08
62,20260978,63,2024-08-20;2024-08-23;2024-08-24;2024-08-27;2024-09-03;2024-09-16;2024-09-24;2024-10-01;2024-10-02;2024-10-07;2024-10-10;2024-10-11;2024-10-15;2024-10-16;2024-10-18;2024-10-24;2024-11-07;2024-11-11;2024-11-15;2024-11-18;2024-11-27;2024-12-09;2024-12-13;2025-01-16;2025-01-17;2025-01-27;2025-02-06;2025-02-07;2025-02-10;2025-02-12;2025-03-03;2025-03-06;2025-03-12;2025-03-21;2025-03-28;2025-03-31;2025-04-02;2025-04-03;2025-04-07;2025-04-08;2025-04-11;2025-04-17;2025-04-18;2025-04-23;2025-04-24;2025-04-25;2025-04-28;2025-05-14;2025-05-16;2025-05-19;2025-05-20;2025-05-21;2025-06-04;2025-06-05;2025-06-11;2025-06-14;2025-06-17;2025-06-27;2025-06-30;2025-07-01;2025-07-03;2025-07-08;2025-07-09;2025-07-17;2025-07-18;2025-08-15;2025-08-18;2025-08-22;2025-09-04;2025-09-05;2025-09-09;2025-09-10;2025-09-16;2025-10-03;2025-10-06;2025-10-08;2025-10-23;2025-11-06,2024-08-21;2024-08-22;2024-10-08;2024-10-14;2024-11-12;2025-02-03;2025-02-05;2025-02-25;2025-03-04;2025-03-05;2025-03-11;2025-03-26;2025-03-27;2025-04-01;2025-04-09;2025-04-15;2025-04-16;2025-04-22;2025-05-22;2025-06-20;2025-06-26;2025-07-15;2025-09-12;2025-10-02;2025-10-07;2025-10-21;2025-11-07
63,20260979,64,2024-08-20;2024-08-22;2024-08-23;2024-08-24;2024-08-27;2024-09-03;2024-09-24;2024-10-01;2024-10-02;2024-10-08;2024-10-10;2024-10-11;2024-10-16;2024-10-18;2024-10-24;2024-11-11;2024-11-12;2024-11-15;2024-11-18;2024-11-27;2024-12-09;2025-01-16;2025-01-17;2025-02-03;2025-02-05;2025-02-06;2025-02-07;2025-02-10;2025-02-12;2025-03-03;2025-03-05;2025-03-06;2025-03-11;2025-03-12;2025-03-21;2025-03-26;2025-03-31;2025-04-01;2025-04-02;2025-04-03;2025-04-07;2025-04-09;2025-04-11;2025-04-15;2025-04-16;2025-04-17;2025-04-22;2025-04-24;2025-04-25;2025-04-28;2025-05-14;2025-05-16;2025-05-20;2025-05-21;2025-06-04;2025-06-05;2025-06-14;2025-06-17;2025-06-20;2025-06-27;2025-07-03;2025-07-08;2025-07-09;2025-07-18;2025-08-15;2025-08-18;2025-08-22;2025-09-04;2025-09-05;2025-09-09;2025-09-16;2025-10-03;2025-10-06;2025-10-07;2025-10-08;2025-10-23;2025-11-06;2025-11-07,2024-08-21;2024-09-16;2024-10-07;2024-10-14;2024-10-15;2024-11-07;2024-12-13;2025-01-27;2025-02-25;2025-03-04;2025-03-27;2025-03-28;2025-04-08;2025-04-18;2025-04-23;2025-05-19;2025-05-22;2025-06-11;2025-06-26;2025-06-30;2025-07-01;2025-07-15;2025-07-17;2025-09-10;2025-09-12;2025-10-02;2025-10-21
64,20260980,65,2024-08-20;2024-08-22;2024-08-23;2024-08-24;2024-08-27;2024-09-03;2024-09-16;2024-10-01;2024-10-02;2024-10-08;2024-10-10;2024-10-11;2024-10-14;2024-10-15;2024-10-24;2024-11-07;2024-11-11;2024-11-12;2024-11-15;2024-11-18;2024-11-27;2024-12-09;2024-12-13;2025-01-16;2025-01-27;2025-02-03;2025-02-05;2025-02-06;2025-02-10;2025-02-12;2025-02-25;2025-03-04;2025-03-12;2025-03-21;2025-03-26;2025-03-27;2025-03-31;2025-04-02;2025-04-07;2025-04-09;2025-04-11;2025-04-15;2025-04-16;2025-04-17;2025-04-22;2025-04-23;2025-04-24;2025-05-16;2025-05-19;2025-05-21;2025-05-22;2025-06-04;2025-06-05;2025-06-11;2025-06-14;2025-06-17;2025-06-20;2025-06-30;2025-07-01;2025-07-03;2025-07-09;2025-07-17;2025-07-18;2025-08-18;2025-08-22;2025-09-04;2025-09-05;2025-09-09;2025-09-10;2025-09-12;2025-09-16;2025-10-02;2025-10-06;2025-10-07;2025-10-08;2025-10-21;2025-11-06;2025-11-07,2024-08-21;2024-09-24;2024-10-07;2024-10-16;2024-10-18;2025-01-17;2025-02-07;2025-03-03;2025-03-05;2025-03-06;2025-03-11;2025-03-28;2025-04-01;2025-04-03;2025-04-08;2025-04-18;2025-04-25;2025-04-28;2025-05-14;2025-05-20;2025-06-26;2025-06-27;2025-07-08;2025-07-15;2025-08-15;2025-10-03;2025-10-23
65,20260981,66,2024-08-20;2024-08-23;2024-08-27;2024-09-16;2024-09-24;2024-10-01;2024-10-08;2024-10-10;2024-10-11;2024-10-14;2024-10-15;2024-10-16;2024-10-18;2024-11-07;2024-11-11;2024-11-12;2024-11-15;2024-11-18;2024-12-09;2024-12-13;2025-01-16;2025-01-17;2025-01-27;2025-02-03;2025-02-05;2025-02-06;2025-02-10;2025-02-12;2025-03-03;2025-03-04;2025-03-05;2025-03-11;2025-03-12;2025-03-26;2025-03-27;2025-03-28;2025-03-31;2025-04-01;2025-04-02;2025-04-07;2025-04-11;2025-04-16;2025-04-17;2025-04-22;2025-04-23;2025-04-24;2025-04-25;2025-04-28;2025-05-14;2025-05-19;2025-05-21;2025-05-22;2025-06-05;2025-06-14;2025-06-17;2025-06-20;2025-06-26;2025-06-27;2025-07-08;2025-07-09;2025-07-15;2025-07-17;2025-07-18;2025-08-15;2025-08-18;2025-08-22;2025-09-04;2025-09-05;2025-09-09;2025-09-10;2025-09-12;2025-09-16;2025-10-03;2025-10-06;2025-10-07;2025-10-08;2025-10-23;2025-11-07,2024-08-21;2024-08-22;2024-08-24;2024-09-03;2024-10-02;2024-10-07;2024-10-24;2024-11-27;2025-02-07;2025-02-25;2025-03-06;2025-03-21;2025-04-03;2025-04-08;2025-04-09;2025-04-15;2025-04-18;2025-05-16;2025-05-20;2025-06-04;2025-06-11;2025-06-30;2025-07-01;2025-07-03;2025-10-02;2025-10-21;2025-11-06
66,20260982,67,2024-08-22;2024-08-23;2024-08-24;2024-08-27;2024-09-03;2024-09-16;2024-09-24;2024-10-01;2024-10-02;2024-10-08;2024-10-14;2024-10-15;2024-10-16;2024-10-18;2024-10-24;2024-11-12;2024-12-09;2024-12-13;2025-01-16;2025-01-17;2025-01-27;2025-02-03;2025-02-05;2025-02-06;2025-02-07;2025-02-10;2025-02-25;2025-03-03;2025-03-05;2025-03-06;2025-03-11;2025-03-12;2025-03-26;2025-03-27;2025-03-28;2025-03-31;2025-04-02;2025-04-03;2025-04-07;2025-04-08;2025-04-09;2025-04-11;2025-04-15;2025-04-17;2025-04-18;2025-04-25;2025-04-28;2025-05-14;2025-05-16;2025-05-19;2025-05-21;2025-05-22;2025-06-11;2025-06-14;2025-06-17;2025-06-20;2025-06-30;2025-07-01;2025-07-03;2025-07-08;2025-07-09;2025-07-17;2025-07-18;2025-08-18;2025-08-22;2025-09-05;2025-09-09;2025-09-10;2025-09-12;2025-09-16;2025-10-02;2025-10-03;2025-10-06;2025-10-07;2025-10-08;2025-10-21;2025-11-06;2025-11-07,2024-08-20;2024-08-21;2024-10-07;2024-10-10;2024-10-11;2024-11-07;2024-11-11;2024-11-15;2024-11-18;2024-11-27;2025-02-12;2025-03-04;2025-03-21;2025-04-01;2025-04-16;2025-04-22;2025-04-23;2025-04-24;2025-05-20;2025-06-04;2025-06-05;2025-06-26;2025-06-27;2025-07-15;2025-08-15;2025-09-04;2025-10-23
67,20260983,68,2024-08-21;2024-08-22;2024-08-23;2024-08-24;2024-09-03;2024-09-16;2024-09-24;2024-10-01;2024-10-02;2024-10-07;2024-10-08;2024-10-14;2024-10-16;2024-10-18;2024-10-24;2024-11-07;2024-11-11;2024-11-12;2024-11-18;2024-11-27;2024-12-09;2025-01-16;2025-01-17;2025-01-27;2025-02-03;2025-02-05;2025-02-06;2025-02-07;2025-02-10;2025-02-25;2025-03-03;2025-03-04;2025-03-11;2025-03-12;2025-03-26;2025-03-27;2025-03-28;2025-03-31;2025-04-01;2025-04-03;2025-04-07;2025-04-09;2025-04-15;2025-04-18;2025-04-22;2025-04-23;2025-04-24;2025-04-25;2025-04-28;2025-05-16;2025-05-19;2025-05-20;2025-05-21;2025-05-22;2025-06-04;2025-06-11;2025-06-14;2025-06-20;2025-06-26;2025-06-27;2025-06-30;2025-07-01;2025-07-09;2025-07-15;2025-07-17;2025-08-15;2025-08-18;2025-08-22;2025-09-04;2025-09-05;2025-09-10;2025-09-12;2025-09-16;2025-10-03;2025-10-08;2025-10-23;2025-11-06;2025-11-07,2024-08-20;2024-08-27;2024-10-10;2024-10-11;2024-10-15;2024-11-15;2024-12-13;2025-02-12;2025-03-05;2025-03-06;2025-03-21;2025-04-02;2025-04-08;2025-04-11;2025-04-16;2025-04-17;2025-05-14;2025-06-05;2025-06-17;2025-07-03;2025-07-08;2025-07-18;2025-09-09;2025-10-02;2025-10-06;2025-10-07;2025-10-21
68,20260984,69,2024-08-20;2024-08-21;2024-08-22;2024-08-23;2024-08-24;2024-08-27;2024-09-24;2024-10-01;2024-10-07;2024-10-08;2024-10-10;2024-10-14;2024-10-15;2024-10-16;2024-10-18;2024-10-24;2024-11-07;2024-11-15;2024-11-18;2024-11-27;2024-12-09;2024-12-13;2025-01-17;2025-01-27;2025-02-05;2025-02-06;2025-02-07;2025-02-10;2025-03-04;2025-03-05;2025-03-06;2025-03-11;2025-03-12;2025-03-21;2025-03-27;2025-03-28;2025-03-31;2025-04-01;2025-04-02;2025-04-03;2025-04-08;2025-04-09;2025-04-11;2025-04-16;2025-04-17;2025-04-18;2025-04-25;2025-05-14;2025-05-16;2025-05-19;2025-05-21;2025-06-05;2025-06-14;2025-06-17;2025-06-20;2025-06-27;2025-07-01;2025-07-03;2025-07-08;2025-07-09;2025-07-15;2025-07-17;2025-07-18;2025-08-15;2025-08-18;2025-08-22;2025-09-04;2025-09-05;2025-09-09;2025-09-10;2025-09-12;2025-09-16;2025-10-02;2025-10-03;2025-10-06;2025-10-08;2025-11-06;2025-11-07,2024-09-03;2024-09-16;2024-10-02;2024-10-11;2024-11-11;2024-11-12;2025-01-16;2025-02-03;2025-02-12;2025-02-25;2025-03-03;2025-03-26;2025-04-07;2025-04-15;2025-04-22;2025-04-23;2025-04-24;2025-04-28;2025-05-20;2025-05-22;2025-06-04;2025-06-11;2025-06-26;2025-06-30;2025-10-07;2025-10-21;2025-10-23
69,20260985,70,2024-08-20;2024-08-22;2024-08-23;2024-08-24;2024-09-03;2024-09-16;2024-09-24;2024-10-01;2024-10-02;2024-10-07;2024-10-08;2024-10-11;2024-10-15;2024-10-16;2024-10-18;2024-10-24;2024-11-07;2024-11-11;2024-11-15;2024-11-18;2024-11-27;2024-12-09;2024-12-13;2025-01-16;2025-01-17;2025-01-27;2025-02-03;2025-02-05;2025-02-06;2025-02-07;2025-03-03;2025-03-05;2025-03-06;2025-03-11;2025-03-21;2025-03-26;2025-03-27;2025-03-31;2025-04-01;2025-04-07;2025-04-08;2025-04-09;2025-04-11;2025-04-15;2025-04-16;2025-04-18;2025-04-22;2025-04-24;2025-04-25;2025-04-28;2025-05-14;2025-05-16;2025-05-20;2025-05-22;2025-06-04;2025-06-05;2025-06-11;2025-06-14;2025-06-17;2025-06-26;2025-06-27;2025-07-03;2025-07-08;2025-07-09;2025-07-15;2025-07-17;2025-07-18;2025-08-18;2025-08-22;2025-09-04;2025-09-05;2025-09-10;2025-09-12;2025-09-16;2025-10-07;2025-10-08;2025-10-21;2025-10-23,2024-08-21;2024-08-27;2024-10-10;2024-10-14;2024-11-12;2025-02-10;2025-02-12;2025-02-25;2025-03-04;2025-03-12;2025-03-28;2025-04-02;2025-04-03;2025-04-17;2025-04-23;2025-05-19;2025-05-21;2025-06-20;2025-06-30;2025-07-01;2025-08-15;2025-09-09;2025-10-02;2025-10-03;2025-10-06;2025-11-06;2025-11-07
70,20260986,71,2024-08-20;2024-08-21;2024-08-22;2024-08-23;2024-08-24;2024-08-27;2024-09-16;2024-09-24;2024-10-01;2024-10-02;2024-10-08;2024-10-10;2024-10-11;2024-10-14;2024-10-16;2024-10-24;2024-11-07;2024-11-11;2024-11-12;2024-11-15;2024-11-18;2024-11-27;2024-12-09;2025-01-16;2025-01-17;2025-01-27;2025-02-03;2025-02-05;2025-02-07;2025-02-10;2025-02-12;2025-03-03;2025-03-04;2025-03-05;2025-03-06;2025-03-11;2025-03-21;2025-03-26;2025-03-27;2025-03-31;2025-04-02;2025-04-09;2025-04-11;2025-04-16;2025-04-17;2025-04-22;2025-04-24;2025-04-25;2025-05-14;2025-05-16;2025-05-19;2025-05-20;2025-05-22;2025-06-04;2025-06-05;2025-06-11;2025-06-14;2025-06-17;2025-06-27;2025-07-03;2025-07-08;2025-07-15;2025-07-17;2025-07-18;2025-08-15;2025-08-22;2025-09-04;2025-09-05;2025-09-09;2025-09-10;2025-09-12;2025-09-16;2025-10-03;2025-10-06;2025-10-07;2025-10-08;2025-10-21;2025-10-23,2024-09-03;2024-10-07;2024-10-15;2024-10-18;2024-12-13;2025-02-06;2025-02-25;2025-03-12;2025-03-28;2025-04-01;2025-04-03;2025-04-07;2025-04-08;2025-04-15;2025-04-18;2025-04-23;2025-04-28;2025-05-21;2025-06-20;2025-06-26;2025-06-30;2025-07-01;2025-07-09;2025-08-18;2025-10-02;2025-11-06;2025-11-07
71,20260987,72,2024-08-21;2024-08-24;2024-08-27;2024-09-03;2024-09-16;2024-09-24;2024-10-01;2024-10-07;2024-10-08;2024-10-10;2024-10-16;2024-10-18;2024-10-24;2024-11-07;2024-11-15;2024-11-18;2024-11-27;2024-12-13;2025-01-16;2025-02-03;2025-02-05;2025-02-10;2025-02-25;2025-03-03;2025-03-04;2025-03-05;2025-03-06;2025-03-11;2025-03-12;2025-03-21;2025-03-26;2025-03-27;2025-03-28;2025-03-31;2025-04-02;2025-04-03;2025-04-07;2025-04-08;2025-04-09;2025-04-11;2025-04-15;2025-04-16;2025-04-18;2025-04-22;2025-04-24;2025-04-25;2025-04-28;2025-05-14;2025-05-19;2025-05-20;2025-05-21;2025-05-22;2025-06-04;2025-06-05;2025-06-11;2025-06-26;2025-06-30;2025-07-01;2025-07-03;2025-07-15;2025-07-18;2025-08-15;2025-08-18;2025-08-22;2025-09-04;2025-09-05;2025-09-10;2025-09-12;2025-09-16;2025-10-02;2025-10-03;2025-10-06;2025-10-07;2025-10-08;2025-10-21;2025-10-23;2025-11-06;2025-11-07,2024-08-20;2024-08-22;2024-08-23;2024-10-02;2024-10-11;2024-10-14;2024-10-15;2024-11-11;2024-11-12;2024-12-09;2025-01-17;2025-01-27;2025-02-06;2025-02-07;2025-02-12;2025-04-01;2025-04-17;2025-04-23;2025-05-16;2025-06-14;2025-06-17;2025-06-20;2025-06-27;2025-07-08;2025-07-09;2025-07-17;2025-09-09
72,20260988,73,2024-08-20;2024-08-21;2024-08-23;2024-08-24;2024-09-16;2024-09-24;2024-10-01;2024-10-02;2024-10-07;2024-10-08;2024-10-10;2024-10-14;2024-10-16;2024-10-18;2024-11-12;2024-11-15;2024-12-13;2025-01-16;2025-02-03;2025-02-05;2025-02-06;2025-02-07;2025-02-10;2025-02-12;2025-02-25;2025-03-03;2025-03-05;2025-03-06;2025-03-11;2025-03-12;2025-03-21;2025-03-26;2025-03-27;2025-03-28;2025-03-31;2025-04-01;2025-04-02;2025-04-03;2025-04-07;2025-04-08;2025-04-09;2025-04-15;2025-04-16;2025-04-17;2025-04-18;2025-04-23;2025-04-28;2025-05-14;2025-05-16;2025-05-22;2025-06-04;2025-06-05;2025-06-11;2025-06-14;2025-06-17;2025-06-20;2025-06-27;2025-06-30;2025-07-01;2025-07-08;2025-07-09;2025-07-15;2025-07-17;2025-07-18;2025-08-15;2025-08-18;2025-08-22;2025-09-04;2025-09-09;2025-09-10;2025-09-12;2025-10-02;2025-10-03;2025-10-06;2025-10-07;2025-10-21;2025-10-23;2025-11-07,2024-08-22;2024-08-27;2024-09-03;2024-10-11;2024-10-15;2024-10-24;2024-11-07;2024-11-11;2024-11-18;2024-11-27;2024-12-09;2025-01-17;2025-01-27;2025-03-04;2025-04-11;2025-04-22;2025-04-24;2025-04-25;2025-05-19;2025-05-20;2025-05-21;2025-06-26;2025-07-03;2025-09-05;2025-09-16;2025-10-08;2025-11-06
73,20260989,74,2024-08-20;2024-08-21;2024-08-22;2024-08-23;2024-08-24;2024-09-16;2024-09-24;2024-10-01;2024-10-08;2024-10-10;2024-10-14;2024-10-15;2024-10-16;2024-10-24;2024-11-07;2024-11-12;2024-11-18;2024-12-13;2025-01-16;2025-01-17;2025-01-27;2025-02-03;2025-02-05;2025-02-06;2025-02-07;2025-02-10;2025-03-03;2025-03-04;2025-03-05;2025-03-06;2025-03-11;2025-03-12;2025-03-28;2025-04-01;2025-04-02;2025-04-07;2025-04-08;2025-04-09;2025-04-11;2025-04-17;2025-04-18;2025-04-22;2025-04-23;2025-04-25;2025-04-28;2025-05-14;2025-05-19;2025-05-20;2025-05-21;2025-05-22;2025-06-04;2025-06-05;2025-06-14;2025-06-17;2025-06-20;2025-06-26;2025-06-27;2025-06-30;2025-07-01;2025-07-03;2025-07-08;2025-07-15;2025-07-17;2025-07-18;2025-08-22;2025-09-05;2025-09-09;2025-09-10;2025-09-16;2025-10-02;2025-10-03;2025-10-06;2025-10-07;2025-10-08;2025-10-21;2025-10-23;2025-11-06;2025-11-07,2024-08-27;2024-09-03;2024-10-02;2024-10-07;2024-10-11;2024-10-18;2024-11-11;2024-11-15;2024-11-27;2024-12-09;2025-02-12;2025-02-25;2025-03-21;2025-03-26;2025-03-27;2025-03-31;2025-04-03;2025-04-15;2025-04-16;2025-04-24;2025-05-16;2025-06-11;2025-07-09;2025-08-15;2025-08-18;2025-09-04;2025-09-12
74,20260990,75,2024-08-20;2024-08-21;2024-08-22;2024-08-23;2024-08-24;2024-08-27;2024-09-03;2024-09-16;2024-09-24;2024-10-01;2024-10-02;2024-10-07;2024-10-08;2024-10-10;2024-10-15;2024-10-18;2024-10-24;2024-11-07;2024-11-11;2024-11-12;2024-11-18;2024-12-09;2025-01-16;2025-01-17;2025-01-27;2025-02-07;2025-02-12;2025-03-04;2025-03-05;2025-03-06;2025-03-11;2025-03-12;2025-03-21;2025-03-26;2025-03-27;2025-03-31;2025-04-02;2025-04-07;2025-04-08;2025-04-09;2025-04-11;2025-04-15;2025-04-16;2025-04-18;2025-04-22;2025-04-23;2025-04-24;2025-04-25;2025-05-16;2025-05-20;2025-05-21;2025-05-22;2025-06-04;2025-06-05;2025-06-14;2025-06-17;2025-06-26;2025-06-27;2025-06-30;2025-07-01;2025-07-03;2025-07-09;2025-07-15;2025-07-18;2025-08-15;2025-08-18;2025-08-22;2025-09-05;2025-09-09;2025-09-12;2025-09-16;2025-10-02;2025-10-06;2025-10-07;2025-10-08;2025-10-21;2025-10-23;2025-11-06,2024-10-11;2024-10-14;2024-10-16;2024-11-15;2024-11-27;2024-12-13;2025-02-03;2025-02-05;2025-02-06;2025-02-10;2025-02-25;2025-03-03;2025-03-28;2025-04-01;2025-04-03;2025-04-17;2025-04-28;2025-05-14;2025-05-19;2025-06-11;2025-06-20;2025-07-08;2025-07-17;2025-09-04;2025-09-10;2025-10-03;2025-11-07
75,20260991,76,2024-08-20;2024-08-21;2024-08-22;2024-08-23;2024-08-24;2024-08-27;2024-09-16;2024-09-24;2024-10-01;2024-10-02;2024-10-07;2024-10-08;2024-10-11;2024-10-14;2024-10-15;2024-10-18;2024-10-24;2024-11-12;2024-11-18;2024-11-27;2024-12-09;2024-12-13;2025-01-16;2025-01-17;2025-02-03;2025-02-05;2025-02-07;2025-02-12;2025-02-25;2025-03-04;2025-03-06;2025-03-12;2025-03-21;2025-03-27;2025-03-31;2025-04-01;2025-04-02;2025-04-03;2025-04-08;2025-04-09;2025-04-11;2025-04-15;2025-04-16;2025-04-17;2025-04-18;2025-04-23;2025-04-24;2025-04-25;2025-05-14;2025-05-19;2025-05-20;2025-05-21;2025-05-22;2025-06-04;2025-06-05;2025-06-14;2025-06-17;2025-06-26;2025-06-27;2025-06-30;2025-07-03;2025-07-08;2025-07-09;2025-07-15;2025-07-17;2025-07-18;2025-08-15;2025-08-18;2025-08-22;2025-09-04;2025-09-05;2025-09-10;2025-09-16;2025-10-02;2025-10-03;2025-10-21;2025-10-23;2025-11-07,2024-09-03;2024-10-10;2024-10-16;2024-11-07;2024-11-11;2024-11-15;2025-01-27;2025-02-06;2025-02-10;2025-03-03;2025-03-05;2025-03-11;2025-03-26;2025-03-28;2025-04-07;2025-04-22;2025-04-28;2025-05-16;2025-06-11;2025-06-20;2025-07-01;2025-09-09;2025-09-12;2025-10-06;2025-10-07;2025-10-08;2025-11-06
76,20260992,77,2024-08-21;2024-08-23;2024-08-24;2024-08-27;2024-09-03;2024-09-16;2024-09-24;2024-10-01;2024-10-02;2024-10-07;2024-10-08;2024-10-10;2024-10-11;2024-10-14;2024-10-15;2024-10-16;2024-10-18;2024-10-24;2024-11-11;2024-11-15;2024-11-18;2024-11-27;2024-12-13;2025-01-16;2025-01-17;2025-01-27;2025-02-03;2025-02-05;2025-02-06;2025-02-10;2025-02-25;2025-03-03;2025-03-04;2025-03-06;2025-03-11;2025-03-12;2025-03-21;2025-03-26;2025-03-27;2025-03-28;2025-03-31;2025-04-01;2025-04-02;2025-04-08;2025-04-11;2025-04-15;2025-04-16;2025-04-17;2025-04-23;2025-04-25;2025-04-28;2025-05-14;2025-05-19;2025-05-20;2025-05-21;2025-05-22;2025-06-04;2025-06-11;2025-06-14;2025-06-17;2025-06-27;2025-06-30;2025-07-01;2025-07-03;2025-07-08;2025-07-17;2025-07-18;2025-08-15;2025-09-04;2025-09-09;2025-09-10;2025-09-12;2025-09-16;2025-10-03;2025-10-07;2025-10-21;2025-11-06;2025-11-07,2024-08-20;2024-08-22;2024-11-07;2024-11-12;2024-12-09;2025-02-07;2025-02-12;2025-03-05;2025-04-03;2025-04-07;2025-04-09;2025-04-18;2025-04-22;2025-04-24;2025-05-16;2025-06-05;2025-06-20;2025-06-26;2025-07-09;2025-07-15;2025-08-18;2025-08-22;2025-09-05;2025-10-02;2025-10-06;2025-10-08;2025-10-23
77,20260993,78,2024-08-22;2024-08-23;2024-08-24;2024-08-27;2024-09-03;2024-09-16;2024-09-24;2024-10-01;2024-10-07;2024-10-08;2024-10-15;2024-10-16;2024-10-18;2024-10-24;2024-11-07;2024-11-11;2024-11-12;2024-11-15;2024-11-18;2024-11-27;2024-12-09;2024-12-13;2025-01-16;2025-01-17;2025-01-27;2025-02-05;2025-02-10;2025-02-12;2025-02-25;2025-03-04;2025-03-06;2025-03-11;2025-03-12;2025-03-21;2025-03-28;2025-03-31;2025-04-02;2025-04-03;2025-04-07;2025-04-08;2025-04-09;2025-04-11;2025-04-15;2025-04-22;2025-04-25;2025-04-28;2025-05-19;2025-05-20;2025-05-21;2025-05-22;2025-06-04;2025-06-05;2025-06-14;2025-06-17;2025-06-20;2025-06-26;2025-06-27;2025-07-01;2025-07-03;2025-07-08;2025-07-09;2025-07-15;2025-07-17;2025-07-18;2025-08-15;2025-08-18;2025-08-22;2025-09-04;2025-09-05;2025-09-09;2025-09-12;2025-10-02;2025-10-03;2025-10-07;2025-10-08;2025-10-21;2025-10-23;2025-11-07,2024-08-20;2024-08-21;2024-10-02;2024-10-10;2024-10-11;2024-10-14;2025-02-03;2025-02-06;2025-02-07;2025-03-03;2025-03-05;2025-03-26;2025-03-27;2025-04-01;2025-04-16;2025-04-17;2025-04-18;2025-04-23;2025-04-24;2025-05-14;2025-05-16;2025-06-11;2025-06-30;2025-09-10;2025-09-16;2025-10-06;2025-11-06
78,20260994,79,2024-08-20;2024-08-21;2024-08-22;2024-08-24;2024-08-27;2024-09-03;2024-09-16;2024-09-24;2024-10-01;2024-10-02;2024-10-07;2024-10-10;2024-10-14;2024-10-16;2024-10-18;2024-10-24;2024-11-07;2024-11-11;2024-11-15;2024-11-18;2024-12-09;2024-12-13;2025-01-16;2025-01-27;2025-02-03;2025-02-05;2025-02-06;2025-03-03;2025-03-04;2025-03-05;2025-03-06;2025-03-12;2025-03-21;2025-03-26;2025-03-27;2025-03-31;2025-04-02;2025-04-03;2025-04-07;2025-04-08;2025-04-09;2025-04-11;2025-04-15;2025-04-16;2025-04-17;2025-04-18;2025-04-22;2025-04-23;2025-04-24;2025-04-25;2025-04-28;2025-05-14;2025-05-19;2025-05-21;2025-06-04;2025-06-11;2025-06-17;2025-06-20;2025-06-26;2025-07-01;2025-07-03;2025-07-09;2025-07-15;2025-07-17;2025-08-15;2025-08-18;2025-08-22;2025-09-04;2025-09-05;2025-09-09;2025-10-03;2025-10-06;2025-10-07;2025-10-08;2025-10-21;2025-10-23;2025-11-06;2025-11-07,2024-08-23;2024-10-08;2024-10-11;2024-10-15;2024-11-12;2024-11-27;2025-01-17;2025-02-07;2025-02-10;2025-02-12;2025-02-25;2025-03-11;2025-03-28;2025-04-01;2025-05-16;2025-05-20;2025-05-22;2025-06-05;2025-06-14;2025-06-27;2025-06-30;2025-07-08;2025-07-18;2025-09-10;2025-09-12;2025-09-16;2025-10-02
79,20260995,80,2024-08-20;2024-08-21;2024-08-22;2024-08-23;2024-08-27;2024-09-03;2024-09-16;2024-09-24;2024-10-01;2024-10-02;2024-10-10;2024-10-11;2024-10-14;2024-10-15;2024-10-16;2024-11-07;2024-11-11;2024-11-12;2024-11-15;2024-11-18;2024-11-27;2024-12-09;2025-01-16;2025-01-17;2025-01-27;2025-02-03;2025-02-06;2025-02-10;2025-02-12;2025-02-25;2025-03-03;2025-03-04;2025-03-05;2025-03-06;2025-03-12;2025-03-21;2025-03-26;2025-04-01;2025-04-02;2025-04-03;2025-04-08;2025-04-09;2025-04-11;2025-04-16;2025-04-17;2025-04-18;2025-04-22;2025-04-23;2025-04-24;2025-05-14;2025-05-16;2025-05-19;2025-05-20;2025-05-22;2025-06-04;2025-06-05;2025-06-11;2025-06-14;2025-06-20;2025-06-26;2025-06-30;2025-07-01;2025-07-03;2025-07-08;2025-07-18;2025-08-15;2025-08-18;2025-09-05;2025-09-09;2025-09-10;2025-09-16;2025-10-02;2025-10-03;2025-10-06;2025-10-07;2025-10-23;2025-11-06;2025-11-07,2024-08-24;2024-10-07;2024-10-08;2024-10-18;2024-10-24;2024-12-13;2025-02-05;2025-02-07;2025-03-11;2025-03-27;2025-03-28;2025-03-31;2025-04-07;2025-04-15;2025-04-25;2025-04-28;2025-05-21;2025-06-17;2025-06-27;2025-07-09;2025-07-15;2025-07-17;2025-08-22;2025-09-04;2025-09-12;2025-10-08;2025-10-21
80,20260996,81,2024-08-20;2024-08-21;2024-08-24;2024-08-27;2024-10-01;2024-10-02;2024-10-07;2024-10-08;2024-10-10;2024-10-16;2024-10-18;2024-10-24;2024-11-07;2024-11-11;2024-11-12;2024-11-15;2024-11-27;2024-12-09;2024-12-13;2025-01-16;2025-01-17;2025-01-27;2025-02-03;2025-02-05;2025-02-06;2025-02-10;2025-02-12;2025-02-25;2025-03-03;2025-03-04;2025-03-05;2025-03-06;2025-03-12;2025-03-26;2025-03-27;2025-03-31;2025-04-02;2025-04-03;2025-04-07;2025-04-11;2025-04-15;2025-04-17;2025-04-18;2025-04-22;2025-04-23;2025-04-25;2025-04-28;2025-05-14;2025-05-16;2025-05-20;2025-05-22;2025-06-04;2025-06-05;2025-06-11;2025-06-14;2025-06-17;2025-06-20;2025-06-26;2025-06-30;2025-07-01;2025-07-08;2025-07-09;2025-07-15;2025-07-18;2025-08-15;2025-08-22;2025-09-05;2025-09-09;2025-09-10;2025-09-12;2025-09-16;2025-10-02;2025-10-03;2025-10-06;2025-10-07;2025-10-08;2025-10-21;2025-10-23,2024-08-22;2024-08-23;2024-09-03;2024-09-16;2024-09-24;2024-10-11;2024-10-14;2024-10-15;2024-11-18;2025-02-07;2025-03-11;2025-03-21;2025-03-28;2025-04-01;2025-04-08;2025-04-09;2025-04-16;2025-04-24;2025-05-19;2025-05-21;2025-06-27;2025-07-03;2025-07-17;2025-08-18;2025-09-04;2025-11-06;2025-11-07
81,20260997,82,2024-08-20;2024-08-21;2024-08-22;2024-08-24;2024-08-27;2024-09-16;2024-09-24;2024-10-01;2024-10-07;2024-10-10;2024-10-11;2024-10-14;2024-10-15;2024-10-16;2024-10-18;2024-10-24;2024-11-07;2024-11-11;2024-11-12;2024-11-18;2024-12-09;2024-12-13;2025-01-16;2025-01-17;2025-02-06;2025-02-07;2025-02-10;2025-02-25;2025-03-04;2025-03-05;2025-03-12;2025-03-21;2025-03-26;2025-03-27;2025-03-28;2025-04-01;2025-04-07;2025-04-09;2025-04-15;2025-04-16;2025-04-17;2025-04-22;2025-04-24;2025-04-25;2025-05-14;2025-05-16;2025-05-19;2025-05-21;2025-05-22;2025-06-04;2025-06-14;2025-06-20;2025-06-26;2025-06-27;2025-06-30;2025-07-01;2025-07-03;2025-07-08;2025-07-09;2025-07-15;2025-07-17;2025-07-18;2025-08-15;2025-08-18;2025-08-22;2025-09-04;2025-09-09;2025-09-10;2025-09-12;2025-09-16;2025-10-02;2025-10-03;2025-10-06;2025-10-07;2025-10-08;2025-10-21;2025-10-23;2025-11-07,2024-08-23;2024-09-03;2024-10-02;2024-10-08;2024-11-15;2024-11-27;2025-01-27;2025-02-03;2025-02-05;2025-02-12;2025-03-03;2025-03-06;2025-03-11;2025-03-31;2025-04-02;2025-04-03;2025-04-08;2025-04-11;2025-04-18;2025-04-23;2025-04-28;2025-05-20;2025-06-05;2025-06-11;2025-06-17;2025-09-05;2025-11-06
82,20260998,83,2024-08-20;2024-08-21;2024-08-22;2024-08-23;2024-08-27;2024-09-03;2024-09-16;2024-09-24;2024-10-07;2024-10-08;2024-10-11;2024-10-14;2024-10-15;2024-10-16;2024-10-18;2024-10-24;2024-11-11;2024-11-12;2024-11-18;2024-11-27;2024-12-13;2025-01-16;2025-01-17;2025-01-27;2025-02-03;2025-02-07;2025-02-10;2025-02-12;2025-02-25;2025-03-03;2025-03-04;2025-03-05;2025-03-06;2025-03-21;2025-03-27;2025-03-28;2025-04-01;2025-04-07;2025-04-08;2025-04-11;2025-04-15;2025-04-16;2025-04-17;2025-04-22;2025-04-23;2025-04-24;2025-04-25;2025-04-28;2025-05-14;2025-05-16;2025-05-20;2025-05-21;2025-05-22;2025-06-04;2025-06-05;2025-06-11;2025-06-14;2025-06-17;2025-06-20;2025-06-30;2025-07-01;2025-07-08;2025-07-09;2025-07-15;2025-07-17;2025-07-18;2025-08-15;2025-08-18;2025-08-22;2025-09-04;2025-09-05;2025-09-12;2025-09-16;2025-10-06;2025-10-08;2025-10-23;2025-11-06;2025-11-07,2024-08-24;2024-10-01;2024-10-02;2024-10-10;2024-11-07;2024-11-15;2024-12-09;2025-02-05;2025-02-06;2025-03-11;2025-03-12;2025-03-26;2025-03-31;2025-04-02;2025-04-03;2025-04-09;2025-04-18;2025-05-19;2025-06-26;2025-06-27;2025-07-03;2025-09-09;2025-09-10;2025-10-02;2025-10-03;2025-10-07;2025-10-21
83,20260999,84,2024-08-21;2024-08-22;2024-08-27;2024-09-03;2024-10-01;2024-10-02;2024-10-07;2024-10-08;2024-10-10;2024-10-11;2024-10-14;2024-10-15;2024-10-16;2024-11-07;2024-11-11;2024-11-12;2024-11-18;2024-11-27;2024-12-13;2025-01-16;2025-01-17;2025-02-05;2025-02-06;2025-02-10;2025-02-12;2025-02-25;2025-03-03;2025-03-04;2025-03-05;2025-03-06;2025-03-11;2025-03-21;2025-03-26;2025-03-27;2025-03-28;2025-03-31;2025-04-01;2025-04-02;2025-04-07;2025-04-09;2025-04-11;2025-04-15;2025-04-16;2025-04-22;2025-04-24;2025-04-25;2025-04-28;2025-05-14;2025-05-16;2025-05-19;2025-05-20;2025-05-21;2025-05-22;2025-06-04;2025-06-05;2025-06-11;2025-06-14;2025-06-17;2025-06-20;2025-06-26;2025-06-30;2025-07-03;2025-07-09;2025-07-17;2025-07-18;2025-08-15;2025-08-18;2025-08-22;2025-09-09;2025-09-10;2025-09-16;2025-10-03;2025-10-07;2025-10-08;2025-10-21;2025-10-23;2025-11-06;2025-11-07,2024-08-20;2024-08-23;2024-08-24;2024-09-16;2024-09-24;2024-10-18;2024-10-24;2024-11-15;2024-12-09;2025-01-27;2025-02-03;2025-02-07;2025-03-12;2025-04-03;2025-04-08;2025-04-17;2025-04-18;2025-04-23;2025-06-27;2025-07-01;2025-07-08;2025-07-15;2025-09-04;2025-09-05;2025-09-12;2025-10-02;2025-10-06
84,20261000,85,2024-08-21;2024-08-22;2024-08-23;2024-08-24;2024-08-27;2024-09-03;2024-09-24;2024-10-01;2024-10-02;2024-10-07;2024-10-08;2024-10-11;2024-10-15;2024-10-16;2024-10-18;2024-10-24;2024-11-11;2024-11-12;2024-11-15;2024-11-18;2024-12-09;2024-12-13;2025-01-16;2025-01-17;2025-01-27;2025-02-03;2025-02-05;2025-02-07;2025-02-12;2025-03-03;2025-03-04;2025-03-12;2025-03-21;2025-03-26;2025-03-28;2025-04-01;2025-04-02;2025-04-07;2025-04-08;2025-04-11;2025-04-15;2025-04-16;2025-04-17;2025-04-18;2025-04-25;2025-04-28;2025-05-14;2025-05-16;2025-05-21;2025-05-22;2025-06-04;2025-06-05;2025-06-11;2025-06-14;2025-06-20;2025-06-26;2025-06-27;2025-06-30;2025-07-01;2025-07-03;2025-07-08;2025-07-09;2025-07-15;2025-07-17;2025-07-18;2025-08-15;2025-08-22;2025-09-05;2025-09-09;2025-09-10;2025-09-12;2025-09-16;2025-10-03;2025-10-06;2025-10-07;2025-10-21;2025-10-23;2025-11-07,2024-08-20;2024-09-16;2024-10-10;2024-10-14;2024-11-07;2024-11-27;2025-02-06;2025-02-10;2025-02-25;2025-03-05;2025-03-06;2025-03-11;2025-03-27;2025-03-31;2025-04-03;2025-04-09;2025-04-22;2025-04-23;2025-04-24;2025-05-19;2025-05-20;2025-06-17;2025-08-18;2025-09-04;2025-10-02;2025-10-08;2025-11-06
85,20261001,86,2024-08-20;2024-08-21;2024-08-22;2024-08-23;2024-08-24;2024-08-27;2024-09-03;2024-09-16;2024-09-24;2024-10-01;2024-10-08;2024-10-10;2024-10-11;2024-10-15;2024-10-16;2024-11-11;2024-11-18;2024-11-27;2025-01-16;2025-01-17;2025-01-27;2025-02-05;2025-02-06;2025-02-07;2025-02-10;2025-02-12;2025-02-25;2025-03-03;2025-03-04;2025-03-05;2025-03-06;2025-03-21;2025-03-26;2025-03-27;2025-03-31;2025-04-01;2025-04-02;2025-04-03;2025-04-07;2025-04-08;2025-04-09;2025-04-11;2025-04-15;2025-04-16;2025-04-18;2025-04-22;2025-04-23;2025-04-28;2025-05-14;2025-05-16;2025-05-19;2025-05-21;2025-06-04;2025-06-05;2025-06-14;2025-06-20;2025-06-26;2025-06-27;2025-06-30;2025-07-01;2025-07-03;2025-07-15;2025-07-17;2025-07-18;2025-08-15;2025-08-18;2025-08-22;2025-09-05;2025-09-09;2025-09-10;2025-09-12;2025-09-16;2025-10-02;2025-10-06;2025-10-07;2025-10-21;2025-11-06;2025-11-07,2024-10-02;2024-10-07;2024-10-14;2024-10-18;2024-10-24;2024-11-07;2024-11-12;2024-11-15;2024-12-09;2024-12-13;2025-02-03;2025-03-11;2025-03-12;2025-03-28;2025-04-17;2025-04-24;2025-04-25;2025-05-20;2025-05-22;2025-06-11;2025-06-17;2025-07-08;2025-07-09;2025-09-04;2025-10-03;2025-10-08;2025-10-23
86,20261002,87,2024-08-20;2024-08-22;2024-08-23;2024-08-24;2024-08-27;2024-09-16;2024-09-24;2024-10-01;2024-10-02;2024-10-07;2024-10-08;2024-10-14;2024-10-15;2024-10-16;2024-10-18;2024-10-24;2024-11-11;2024-11-12;2024-11-15;2024-11-18;2024-11-27;2024-12-09;2024-12-13;2025-01-16;2025-01-17;2025-01-27;2025-02-03;2025-02-06;2025-02-07;2025-02-10;2025-02-12;2025-02-25;2025-03-03;2025-03-04;2025-03-05;2025-03-06;2025-03-11;2025-03-12;2025-03-26;2025-03-27;2025-03-28;2025-03-31;2025-04-01;2025-04-02;2025-04-03;2025-04-07;2025-04-11;2025-04-22;2025-04-23;2025-05-14;2025-05-19;2025-05-20;2025-05-21;2025-05-22;2025-06-05;2025-06-17;2025-06-20;2025-06-27;2025-06-30;2025-07-01;2025-07-08;2025-07-09;2025-07-15;2025-07-17;2025-07-18;2025-08-15;2025-08-18;2025-08-22;2025-09-05;2025-09-09;2025-09-12;2025-09-16;2025-10-02;2025-10-03;2025-10-06;2025-10-08;2025-11-06;2025-11-07,2024-08-21;2024-09-03;2024-10-10;2024-10-11;2024-11-07;2025-02-05;2025-03-21;2025-04-08;2025-04-09;2025-04-15;2025-04-16;2025-04-17;2025-04-18;2025-04-24;2025-04-25;2025-04-28;2025-05-16;2025-06-04;2025-06-11;2025-06-14;2025-06-26;2025-07-03;2025-09-04;2025-09-10;2025-10-07;2025-10-21;2025-10-23
87,20261003,88,2024-08-20;2024-08-21;2024-08-24;2024-09-16;2024-10-02;2024-10-07;2024-10-08;2024-10-11;2024-10-15;2024-10-16;2024-10-18;2024-10-24;2024-11-07;2024-11-11;2024-11-12;2024-11-18;2024-11-27;2024-12-13;2025-01-17;2025-01-27;2025-02-03;2025-02-05;2025-02-06;2025-02-07;2025-02-10;2025-02-12;2025-02-25;2025-03-04;2025-03-05;2025-03-06;2025-03-11;2025-03-12;2025-03-26;2025-03-28;2025-04-01;2025-04-02;2025-04-03;2025-04-07;2025-04-08;2025-04-09;2025-04-15;2025-04-16;2025-04-17;2025-04-18;2025-04-22;2025-04-24;2025-04-25;2025-04-28;2025-05-14;2025-05-16;2025-05-19;2025-05-22;2025-06-05;2025-06-11;2025-06-14;2025-06-17;2025-06-20;2025-06-26;2025-06-27;2025-06-30;2025-07-01;2025-07-17;2025-07-18;2025-08-15;2025-08-22;2025-09-04;2025-09-05;2025-09-09;2025-09-10;2025-09-12;2025-10-03;2025-10-06;2025-10-07;2025-10-08;2025-10-21;2025-10-23;2025-11-06;2025-11-07,2024-08-22;2024-08-23;2024-08-27;2024-09-03;2024-09-24;2024-10-01;2024-10-10;2024-10-14;2024-11-15;2024-12-09;2025-01-16;2025-03-03;2025-03-21;2025-03-27;2025-03-31;2025-04-11;2025-04-23;2025-05-20;2025-05-21;2025-06-04;2025-07-03;2025-07-08;2025-07-09;2025-07-15;2025-08-18;2025-09-16;2025-10-02
88,20261004,89,2024-08-20;2024-08-22;2024-08-24;2024-08-27;2024-09-16;2024-10-01;2024-10-02;2024-10-07;2024-10-08;2024-10-10;2024-10-11;2024-10-14;2024-10-16;2024-10-24;2024-11-07;2024-11-11;2024-11-12;2024-11-18;2024-11-27;2024-12-09;2024-12-13;2025-01-16;2025-01-17;2025-02-03;2025-02-05;2025-02-06;2025-02-07;2025-02-10;2025-02-12;2025-02-25;2025-03-03;2025-03-04;2025-03-05;2025-03-06;2025-03-26;2025-03-27;2025-03-31;2025-04-02;2025-04-03;2025-04-07;2025-04-09;2025-04-11;2025-04-15;2025-04-16;2025-04-17;2025-04-18;2025-04-22;2025-04-23;2025-04-24;2025-04-25;2025-05-14;2025-05-16;2025-05-19;2025-05-21;2025-05-22;2025-06-05;2025-06-14;2025-06-20;2025-06-26;2025-06-27;2025-07-01;2025-07-03;2025-07-09;2025-07-17;2025-07-18;2025-08-15;2025-08-18;2025-08-22;2025-09-09;2025-09-10;2025-09-16;2025-10-02;2025-10-03;2025-10-06;2025-10-07;2025-10-08;2025-10-23;2025-11-06,2024-08-21;2024-08-23;2024-09-03;2024-09-24;2024-10-15;2024-10-18;2024-11-15;2025-01-27;2025-03-11;2025-03-12;2025-03-21;2025-03-28;2025-04-01;2025-04-08;2025-04-28;2025-05-20;2025-06-04;2025-06-11;2025-06-17;2025-06-30;2025-07-08;2025-07-15;2025-09-04;2025-09-05;2025-09-12;2025-10-21;2025-11-07
89,20261005,90,2024-08-20;2024-08-21;2024-08-22;2024-08-23;2024-08-24;2024-09-03;2024-09-16;2024-10-01;2024-10-11;2024-10-14;2024-10-15;2024-10-16;2024-10-24;2024-11-07;2024-11-12;2024-11-18;2024-11-27;2024-12-09;2025-01-16;2025-01-27;2025-02-03;2025-02-05;2025-02-06;2025-02-07;2025-02-10;2025-02-25;2025-03-03;2025-03-04;2025-03-05;2025-03-06;2025-03-11;2025-03-12;2025-03-21;2025-03-26;2025-03-27;2025-03-28;2025-03-31;2025-04-01;2025-04-08;2025-04-09;2025-04-15;2025-04-17;2025-04-18;2025-04-22;2025-04-23;2025-04-25;2025-04-28;2025-05-14;2025-05-16;2025-05-19;2025-05-20;2025-05-21;2025-05-22;2025-06-04;2025-06-05;2025-06-11;2025-06-20;2025-06-26;2025-06-27;2025-06-30;2025-07-01;2025-07-03;2025-07-08;2025-07-15;2025-07-18;2025-08-15;2025-08-22;2025-09-04;2025-09-05;2025-09-09;2025-09-10;2025-09-12;2025-09-16;2025-10-06;2025-10-08;2025-10-21;2025-10-23;2025-11-07,2024-08-27;2024-09-24;2024-10-02;2024-10-07;2024-10-08;2024-10-10;2024-10-18;2024-11-11;2024-11-15;2024-12-13;2025-01-17;2025-02-12;2025-04-02;2025-04-03;2025-04-07;2025-04-11;2025-04-16;2025-04-24;2025-06-14;2025-06-17;2025-07-09;2025-07-17;2025-08-18;2025-10-02;2025-10-03;2025-10-07;2025-11-06
90,20261006,91,2024-08-21;2024-08-22;2024-08-27;2024-09-03;2024-09-16;2024-09-24;2024-10-01;2024-10-02;2024-10-07;2024-10-08;2024-10-10;2024-10-14;2024-10-16;2024-11-07;2024-11-11;2024-11-12;2024-11-15;2024-11-18;2024-12-09;2024-12-13;2025-01-17;2025-01-27;2025-02-05;2025-02-06;2025-02-10;2025-02-12;2025-02-25;2025-03-03;2025-03-04;2025-03-05;2025-03-06;2025-03-11;2025-03-12;2025-03-21;2025-03-26;2025-03-27;2025-03-28;2025-04-01;2025-04-02;2025-04-03;2025-04-08;2025-04-15;2025-04-17;2025-04-18;2025-04-22;2025-04-24;2025-04-25;2025-05-14;2025-05-16;2025-05-19;2025-05-20;2025-05-22;2025-06-04;2025-06-11;2025-06-14;2025-06-20;2025-06-26;2025-06-27;2025-07-01;2025-07-03;2025-07-08;2025-07-15;2025-07-17;2025-07-18;2025-08-15;2025-08-18;2025-08-22;2025-09-04;2025-09-09;2025-09-10;2025-09-12;2025-10-02;2025-10-03;2025-10-07;2025-10-08;2025-10-23;2025-11-06;2025-11-07,2024-08-20;2024-08-23;2024-08-24;2024-10-11;2024-10-15;2024-10-18;2024-10-24;2024-11-27;2025-01-16;2025-02-03;2025-02-07;2025-03-31;2025-04-07;2025-04-09;2025-04-11;2025-04-16;2025-04-23;2025-04-28;2025-05-21;2025-06-05;2025-06-17;2025-06-30;2025-07-09;2025-09-05;2025-09-16;2025-10-06;2025-10-21
91,20261007,92,2024-08-20;2024-08-21;2024-08-22;2024-08-23;2024-08-27;2024-09-16;2024-09-24;2024-10-02;2024-10-07;2024-10-08;2024-10-10;2024-10-11;2024-10-14;2024-10-15;2024-10-18;2024-10-24;2024-11-07;2024-11-12;2024-11-18;2024-11-27;2024-12-13;2025-01-16;2025-01-27;2025-02-03;2025-02-06;2025-02-07;2025-02-12;2025-02-25;2025-03-04;2025-03-05;2025-03-11;2025-03-12;2025-03-21;2025-03-26;2025-03-31;2025-04-01;2025-04-02;2025-04-03;2025-04-07;2025-04-09;2025-04-11;2025-04-15;2025-04-16;2025-04-17;2025-04-18;2025-04-22;2025-04-23;2025-04-24;2025-04-25;2025-04-28;2025-05-14;2025-05-16;2025-05-21;2025-05-22;2025-06-04;2025-06-05;2025-06-11;2025-06-17;2025-06-20;2025-06-26;2025-06-30;2025-07-01;2025-07-03;2025-07-08;2025-07-09;2025-07-15;2025-07-17;2025-08-18;2025-08-22;2025-09-04;2025-09-05;2025-09-09;2025-09-10;2025-10-02;2025-10-03;2025-10-06;2025-11-06;2025-11-07,2024-08-24;2024-09-03;2024-10-01;2024-10-16;2024-11-11;2024-11-15;2024-12-09;2025-01-17;2025-02-05;2025-02-10;2025-03-03;2025-03-06;2025-03-27;2025-03-28;2025-04-08;2025-05-19;2025-05-20;2025-06-14;2025-06-27;2025-07-18;2025-08-15;2025-09-12;2025-09-16;2025-10-07;2025-10-08;2025-10-21;2025-10-23
92,20261008,93,2024-08-20;2024-08-21;2024-08-23;2024-08-24;2024-09-03;2024-09-16;2024-09-24;2024-10-01;2024-10-08;2024-10-10;2024-10-11;2024-10-14;2024-10-16;2024-10-18;2024-10-24;2024-11-07;2024-11-12;2024-11-15;2024-11-27;2024-12-09;2024-12-13;2025-01-16;2025-01-27;2025-02-03;2025-02-06;2025-02-07;2025-02-10;2025-02-12;2025-02-25;2025-03-03;2025-03-05;2025-03-11;2025-03-12;2025-03-26;2025-03-28;2025-04-01;2025-04-02;2025-04-03;2025-04-07;2025-04-09;2025-04-11;2025-04-15;2025-04-16;2025-04-17;2025-04-18;2025-04-22;2025-04-23;2025-04-25;2025-05-14;2025-05-16;2025-05-19;2025-05-20;2025-05-21;2025-05-22;2025-06-04;2025-06-05;2025-06-11;2025-06-17;2025-06-20;2025-06-27;2025-06-30;2025-07-09;2025-07-15;2025-07-18;2025-08-22;2025-09-04;2025-09-05;2025-09-09;2025-09-10;2025-09-12;2025-09-16;2025-10-02;2025-10-03;2025-10-06;2025-10-07;2025-10-08;2025-11-06;2025-11-07,2024-08-22;2024-08-27;2024-10-02;2024-10-07;2024-10-15;2024-11-11;2024-11-18;2025-01-17;2025-02-05;2025-03-04;2025-03-06;2025-03-21;2025-03-27;2025-03-31;2025-04-08;2025-04-24;2025-04-28;2025-06-14;2025-06-26;2025-07-01;2025-07-03;2025-07-08;2025-07-17;2025-08-15;2025-08-18;2025-10-21;2025-10-23
93,20261009,94,2024-08-22;2024-08-24;2024-08-27;2024-09-03;2024-09-16;2024-09-24;2024-10-01;2024-10-02;2024-10-07;2024-10-08;2024-10-10;2024-10-11;2024-10-14;2024-10-15;2024-10-16;2024-10-18;2024-11-11;2024-11-12;2024-11-15;2024-11-18;2024-12-09;2024-12-13;2025-01-16;2025-01-17;2025-01-27;2025-02-03;2025-02-06;2025-02-07;2025-02-10;2025-02-25;2025-03-03;2025-03-04;2025-03-06;2025-03-11;2025-03-12;2025-03-27;2025-04-01;2025-04-02;2025-04-03;2025-04-08;2025-04-09;2025-04-11;2025-04-16;2025-04-17;2025-04-22;2025-04-23;2025-04-25;2025-05-14;2025-05-16;2025-05-19;2025-05-20;2025-05-22;2025-06-04;2025-06-05;2025-06-11;2025-06-14;2025-06-17;2025-06-20;2025-06-27;2025-06-30;2025-07-01;2025-07-03;2025-07-08;2025-07-09;2025-07-15;2025-07-17;2025-07-18;2025-08-15;2025-08-22;2025-09-04;2025-09-12;2025-10-02;2025-10-03;2025-10-06;2025-10-07;2025-10-21;2025-10-23;2025-11-06,2024-08-20;2024-08-21;2024-08-23;2024-10-24;2024-11-07;2024-11-27;2025-02-05;2025-02-12;2025-03-05;2025-03-21;2025-03-26;2025-03-28;2025-03-31;2025-04-07;2025-04-15;2025-04-18;2025-04-24;2025-04-28;2025-05-21;2025-06-26;2025-08-18;2025-09-05;2025-09-09;2025-09-10;2025-09-16;2025-10-08;2025-11-07
94,20261010,95,2024-08-20;2024-08-22;2024-08-23;2024-09-03;2024-09-24;2024-10-01;2024-10-02;2024-10-08;2024-10-10;2024-10-11;2024-10-14;2024-10-15;2024-10-16;2024-10-18;2024-10-24;2024-11-07;2024-11-11;2024-11-12;2024-11-18;2024-11-27;2024-12-09;2024-12-13;2025-01-16;2025-01-27;2025-02-03;2025-02-05;2025-02-06;2025-02-07;2025-02-10;2025-03-03;2025-03-04;2025-03-05;2025-03-06;2025-03-12;2025-03-26;2025-03-27;2025-03-31;2025-04-02;2025-04-03;2025-04-08;2025-04-11;2025-04-15;2025-04-16;2025-04-17;2025-04-18;2025-04-22;2025-04-23;2025-04-24;2025-04-25;2025-04-28;2025-05-19;2025-05-20;2025-05-21;2025-06-04;2025-06-05;2025-06-11;2025-06-14;2025-06-20;2025-06-26;2025-06-27;2025-07-03;2025-07-08;2025-07-15;2025-07-17;2025-07-18;2025-08-18;2025-08-22;2025-09-04;2025-09-09;2025-09-10;2025-09-12;2025-09-16;2025-10-02;2025-10-03;2025-10-06;2025-10-08;2025-10-23;2025-11-07,2024-08-21;2024-08-24;2024-08-27;2024-09-16;2024-10-07;2024-11-15;2025-01-17;2025-02-12;2025-02-25;2025-03-11;2025-03-21;2025-03-28;2025-04-01;2025-04-07;2025-04-09;2025-05-14;2025-05-16;2025-05-22;2025-06-17;2025-06-30;2025-07-01;2025-07-09;2025-08-15;2025-09-05;2025-10-07;2025-10-21;2025-11-06
95,20261011,96,2024-08-21;2024-08-22;2024-08-24;2024-08-27;2024-09-03;2024-09-24;2024-10-01;2024-10-02;2024-10-07;2024-10-08;2024-10-10;2024-10-11;2024-10-14;2024-10-15;2024-10-16;2024-10-24;2024-11-11;2024-11-12;2024-11-15;2024-11-18;2024-11-27;2024-12-09;2024-12-13;2025-01-16;2025-01-17;2025-01-27;2025-02-05;2025-02-10;2025-02-25;2025-03-03;2025-03-05;2025-03-06;2025-03-21;2025-03-26;2025-03-27;2025-03-28;2025-03-31;2025-04-01;2025-04-02;2025-04-07;2025-04-08;2025-04-15;2025-04-16;2025-04-23;2025-04-24;2025-04-28;2025-05-16;2025-05-19;2025-05-20;2025-05-21;2025-05-22;2025-06-05;2025-06-11;2025-06-14;2025-06-17;2025-06-20;2025-06-26;2025-06-30;2025-07-01;2025-07-03;2025-07-08;2025-07-15;2025-07-17;2025-07-18;2025-08-15;2025-08-18;2025-08-22;2025-09-05;2025-09-09;2025-09-10;2025-09-12;2025-09-16;2025-10-02;2025-10-03;2025-10-08;2025-10-21;2025-10-23;2025-11-07,2024-08-20;2024-08-23;2024-09-16;2024-10-18;2024-11-07;2025-02-03;2025-02-06;2025-02-07;2025-02-12;2025-03-04;2025-03-11;2025-03-12;2025-04-03;2025-04-09;2025-04-11;2025-04-17;2025-04-18;2025-04-22;2025-04-25;2025-05-14;2025-06-04;2025-06-27;2025-07-09;2025-09-04;2025-10-06;2025-10-07;2025-11-06
96,20261012,97,2024-08-21;2024-08-22;2024-08-23;2024-08-24;2024-09-03;2024-09-16;2024-09-24;2024-10-01;2024-10-02;2024-10-08;2024-10-11;2024-10-14;2024-10-15;2024-10-18;2024-10-24;2024-11-07;2024-11-11;2024-11-15;2024-11-18;2024-12-09;2024-12-13;2025-01-16;2025-02-03;2025-02-05;2025-02-06;2025-02-07;2025-02-12;2025-03-04;2025-03-06;2025-03-11;2025-03-12;2025-03-21;2025-03-26;2025-03-27;2025-03-28;2025-03-31;2025-04-01;2025-04-02;2025-04-07;2025-04-08;2025-04-09;2025-04-11;2025-04-15;2025-04-16;2025-04-17;2025-04-18;2025-04-22;2025-04-23;2025-04-24;2025-04-25;2025-04-28;2025-05-20;2025-05-21;2025-05-22;2025-06-04;2025-06-05;2025-06-11;2025-06-14;2025-06-17;2025-06-26;2025-06-27;2025-06-30;2025-07-01;2025-07-09;2025-07-17;2025-07-18;2025-08-15;2025-08-22;2025-09-04;2025-09-05;2025-09-10;2025-09-16;2025-10-03;2025-10-06;2025-10-07;2025-10-21;2025-10-23;2025-11-06,2024-08-20;2024-08-27;2024-10-07;2024-10-10;2024-10-16;2024-11-12;2024-11-27;2025-01-17;2025-01-27;2025-02-10;2025-02-25;2025-03-03;2025-03-05;2025-04-03;2025-05-14;2025-05-16;2025-05-19;2025-06-20;2025-07-03;2025-07-08;2025-07-15;2025-08-18;2025-09-09;2025-09-12;2025-10-02;2025-10-08;2025-11-07
97,20261013,98,2024-08-20;2024-08-21;2024-08-24;2024-08-27;2024-09-03;2024-09-24;2024-10-01;2024-10-07;2024-10-10;2024-10-11;2024-10-14;2024-10-18;2024-10-24;2024-11-11;2024-11-12;2024-11-18;2024-11-27;2024-12-13;2025-01-16;2025-01-27;2025-02-03;2025-02-05;2025-02-06;2025-02-07;2025-02-10;2025-02-25;2025-03-03;2025-03-04;2025-03-05;2025-03-06;2025-03-11;2025-03-12;2025-03-21;2025-03-26;2025-03-28;2025-03-31;2025-04-02;2025-04-03;2025-04-08;2025-04-09;2025-04-11;2025-04-15;2025-04-16;2025-04-18;2025-04-22;2025-04-23;2025-04-24;2025-04-25;2025-04-28;2025-05-14;2025-05-16;2025-05-20;2025-05-21;2025-06-04;2025-06-05;2025-06-17;2025-06-20;2025-06-26;2025-06-30;2025-07-01;2025-07-03;2025-07-08;2025-07-15;2025-07-18;2025-08-15;2025-08-18;2025-09-05;2025-09-09;2025-09-10;2025-09-12;2025-09-16;2025-10-02;2025-10-03;2025-10-06;2025-10-08;2025-10-21;2025-11-06;2025-11-07,2024-08-22;2024-08-23;2024-09-16;2024-10-02;2024-10-08;2024-10-15;2024-10-16;2024-11-07;2024-11-15;2024-12-09;2025-01-17;2025-02-12;2025-03-27;2025-04-01;2025-04-07;2025-04-17;2025-05-19;2025-05-22;2025-06-11;2025-06-14;2025-06-27;2025-07-09;2025-07-17;2025-08-22;2025-09-04;2025-10-07;2025-10-23
98,20261014,99,2024-08-20;2024-08-21;2024-08-22;2024-08-23;2024-08-24;2024-09-03;2024-09-24;2024-10-01;2024-10-02;2024-10-07;2024-10-08;2024-10-11;2024-10-14;2024-10-16;2024-10-18;2024-10-24;2024-11-11;2024-11-12;2024-11-15;2024-11-27;2024-12-09;2024-12-13;2025-01-16;2025-01-17;2025-02-03;2025-02-07;2025-02-10;2025-02-12;2025-02-25;2025-03-05;2025-03-06;2025-03-11;2025-03-26;2025-03-28;2025-03-31;2025-04-02;2025-04-03;2025-04-07;2025-04-08;2025-04-09;2025-04-11;2025-04-15;2025-04-16;2025-04-17;2025-04-18;2025-04-22;2025-04-23;2025-04-28;2025-05-14;2025-05-16;2025-05-19;2025-05-20;2025-05-21;2025-05-22;2025-06-05;2025-06-11;2025-06-14;2025-06-20;2025-06-27;2025-06-30;2025-07-01;2025-07-03;2025-07-09;2025-07-15;2025-07-17;2025-08-15;2025-08-18;2025-08-22;2025-09-09;2025-09-10;2025-09-16;2025-10-03;2025-10-07;2025-10-08;2025-10-21;2025-10-23;2025-11-06;2025-11-07,2024-08-27;2024-09-16;2024-10-10;2024-10-15;2024-11-07;2024-11-18;2025-01-27;2025-02-05;2025-02-06;2025-03-03;2025-03-04;2025-03-12;2025-03-21;2025-03-27;2025-04-01;2025-04-24;2025-04-25;2025-06-04;2025-06-17;2025-06-26;2025-07-08;2025-07-18;2025-09-04;2025-09-05;2025-09-12;2025-10-02;2025-10-06
99,20261015,100,2024-08-21;2024-08-24;2024-08-27;2024-09-03;2024-09-16;2024-09-24;2024-10-01;2024-10-02;2024-10-08;2024-10-10;2024-10-11;2024-10-14;2024-10-15;2024-10-16;2024-10-18;2024-11-07;2024-11-11;2024-11-12;2024-11-15;2024-11-18;2024-12-13;2025-01-16;2025-01-17;2025-01-27;2025-02-03;2025-02-06;2025-02-07;2025-02-10;2025-02-12;2025-02-25;2025-03-03;2025-03-06;2025-03-11;2025-03-21;2025-03-31;2025-04-02;2025-04-07;2025-04-08;2025-04-09;2025-04-11;2025-04-15;2025-04-16;2025-04-22;2025-04-23;2025-04-25;2025-04-28;2025-05-14;2025-05-16;2025-05-19;2025-05-20;2025-05-21;2025-06-04;2025-06-05;2025-06-11;2025-06-17;2025-06-27;2025-07-01;2025-07-03;2025-07-08;2025-07-09;2025-07-15;2025-07-17;2025-07-18;2025-08-15;2025-08-18;2025-09-04;2025-09-05;2025-09-09;2025-09-10;2025-09-12;2025-09-16;2025-10-02;2025-10-03;2025-10-06;2025-10-07;2025-10-21;2025-10-23;2025-11-06,2024-08-20;2024-08-22;2024-08-23;2024-10-07;2024-10-24;2024-11-27;2024-12-09;2025-02-05;2025-03-04;2025-03-05;2025-03-12;2025-03-26;2025-03-27;2025-03-28;2025-04-01;2025-04-03;2025-04-17;2025-04-18;2025-04-24;2025-05-22;2025-06-14;2025-06-20;2025-06-26;2025-06-30;2025-08-22;2025-10-08;2025-11-07
100,20261016,101,2024-08-21;2024-08-22;2024-08-23;2024-09-03;2024-09-16;2024-09-24;2024-10-01;2024-10-02;2024-10-07;2024-10-10;2024-10-15;2024-10-24;2024-11-07;2024-11-11;2024-11-15;2024-11-27;2024-12-13;2025-01-16;2025-01-27;2025-02-03;2025-02-05;2025-02-06;2025-02-07;2025-02-10;2025-02-12;2025-02-25;2025-03-03;2025-03-04;2025-03-05;2025-03-06;2025-03-12;2025-03-21;2025-03-26;2025-03-28;2025-03-31;2025-04-01;2025-04-02;2025-04-07;2025-04-09;2025-04-11;2025-04-15;2025-04-16;2025-04-17;2025-04-18;2025-04-22;2025-04-23;2025-04-24;2025-04-25;2025-04-28;2025-05-16;2025-05-21;2025-05-22;2025-06-04;2025-06-05;2025-06-11;2025-06-14;2025-06-17;2025-06-27;2025-07-01;2025-07-03;2025-07-08;2025-07-09;2025-07-15;2025-07-17;2025-07-18;2025-08-15;2025-08-18;2025-09-04;2025-09-05;2025-09-10;2025-09-12;2025-09-16;2025-10-03;2025-10-06;2025-10-21;2025-10-23;2025-11-06;2025-11-07,2024-08-20;2024-08-24;2024-08-27;2024-10-08;2024-10-11;2024-10-14;2024-10-16;2024-10-18;2024-11-12;2024-11-18;2024-12-09;2025-01-17;2025-03-11;2025-03-27;2025-04-03;2025-04-08;2025-05-14;2025-05-19;2025-05-20;2025-06-20;2025-06-26;2025-06-30;2025-08-22;2025-09-09;2025-10-02;2025-10-07;2025-10-08
101,20261017,102,2024-08-20;2024-08-21;2024-08-22;2024-08-24;2024-08-27;2024-09-03;2024-09-24;2024-10-01;2024-10-02;2024-10-07;2024-10-08;2024-10-10;2024-10-15;2024-10-18;2024-11-07;2024-11-12;2024-11-15;2024-11-18;2025-01-16;2025-01-27;2025-02-03;2025-02-05;2025-02-07;2025-02-10;2025-02-25;2025-03-03;2025-03-04;2025-03-05;2025-03-06;2025-03-11;2025-03-12;2025-03-21;2025-03-26;2025-03-27;2025-03-28;2025-04-01;2025-04-02;2025-04-03;2025-04-07;2025-04-08;2025-04-09;2025-04-11;2025-04-16;2025-04-18;2025-04-22;2025-04-23;2025-04-24;2025-04-25;2025-05-14;2025-05-19;2025-05-20;2025-05-21;2025-05-22;2025-06-05;2025-06-17;2025-06-20;2025-06-26;2025-06-27;2025-06-30;2025-07-01;2025-07-03;2025-07-15;2025-07-18;2025-08-15;2025-08-18;2025-08-22;2025-09-04;2025-09-05;2025-09-09;2025-09-10;2025-09-12;2025-09-16;2025-10-03;2025-10-06;2025-10-07;2025-10-08;2025-10-21;2025-10-23,2024-08-23;2024-09-16;2024-10-11;2024-10-14;2024-10-16;2024-10-24;2024-11-11;2024-11-27;2024-12-09;2024-12-13;2025-01-17;2025-02-06;2025-02-12;2025-03-31;2025-04-15;2025-04-17;2025-04-28;2025-05-16;2025-06-04;2025-06-11;2025-06-14;2025-07-08;2025-07-09;2025-07-17;2025-10-02;2025-11-06;2025-11-07
102,20261018,103,2024-08-20;2024-08-22;2024-08-27;2024-09-03;2024-09-16;2024-09-24;2024-10-01;2024-10-02;2024-10-07;2024-10-08;2024-10-10;2024-10-11;2024-10-15;2024-10-16;2024-11-07;2024-11-11;2024-11-12;2024-11-18;2024-11-27;2024-12-09;2024-12-13;2025-01-16;2025-01-17;2025-01-27;2025-02-05;2025-02-06;2025-02-07;2025-02-10;2025-02-12;2025-02-25;2025-03-03;2025-03-04;2025-03-05;2025-03-06;2025-03-11;2025-03-21;2025-03-26;2025-04-01;2025-04-02;2025-04-03;2025-04-07;2025-04-08;2025-04-09;2025-04-15;2025-04-17;2025-04-18;2025-04-23;2025-04-28;2025-05-14;2025-05-16;2025-05-21;2025-05-22;2025-06-04;2025-06-14;2025-06-17;2025-06-20;2025-06-26;2025-06-27;2025-06-30;2025-07-01;2025-07-08;2025-07-09;2025-08-18;2025-08-22;2025-09-04;2025-09-05;2025-09-09;2025-09-10;2025-09-12;2025-10-02;2025-10-03;2025-10-06;2025-10-07;2025-10-08;2025-10-21;2025-10-23;2025-11-06;2025-11-07,2024-08-21;2024-08-23;2024-08-24;2024-10-14;2024-10-18;2024-10-24;2024-11-15;2025-02-03;2025-03-12;2025-03-27;2025-03-28;2025-03-31;2025-04-11;2025-04-16;2025-04-22;2025-04-24;2025-04-25;2025-05-19;2025-05-20;2025-06-05;2025-06-11;2025-07-03;2025-07-15;2025-07-17;2025-07-18;2025-08-15;2025-09-16
103,20261019,104,2024-08-20;2024-08-22;2024-08-23;2024-08-24;2024-09-03;2024-09-16;2024-10-01;2024-10-02;2024-10-07;2024-10-08;2024-10-11;2024-10-14;2024-10-15;2024-10-16;2024-10-18;2024-10-24;2024-11-07;2024-11-15;2024-11-27;2024-12-13;2025-01-16;2025-01-17;2025-01-27;2025-02-03;2025-02-05;2025-02-06;2025-02-07;2025-02-10;2025-03-03;2025-03-04;2025-03-06;2025-03-12;2025-03-21;2025-03-26;2025-03-27;2025-04-01;2025-04-02;2025-04-07;2025-04-09;2025-04-11;2025-04-15;2025-04-16;2025-04-17;2025-04-18;2025-04-23;2025-04-25;2025-04-28;2025-05-16;2025-05-20;2025-05-21;2025-05-22;2025-06-04;2025-06-11;2025-06-14;2025-06-17;2025-06-26;2025-06-30;2025-07-01;2025-07-03;2025-07-08;2025-07-09;2025-07-15;2025-07-17;2025-07-18;2025-08-18;2025-08-22;2025-09-04;2025-09-05;2025-09-09;2025-09-10;2025-09-12;2025-09-16;2025-10-02;2025-10-03;2025-10-06;2025-10-08;2025-11-06;2025-11-07,2024-08-21;2024-08-27;2024-09-24;2024-10-10;2024-11-11;2024-11-12;2024-11-18;2024-12-09;2025-02-12;2025-02-25;2025-03-05;2025-03-11;2025-03-28;2025-03-31;2025-04-03;2025-04-08;2025-04-22;2025-04-24;2025-05-14;2025-05-19;2025-06-05;2025-06-20;2025-06-27;2025-08-15;2025-10-07;2025-10-21;2025-10-23
104,20261020,105,2024-08-20;2024-08-22;2024-08-23;2024-08-24;2024-08-27;2024-09-03;2024-09-16;2024-09-24;2024-10-01;2024-10-07;2024-10-08;2024-10-14;2024-10-15;2024-10-18;2024-11-07;2024-11-11;2024-11-12;2024-11-15;2024-11-18;2024-12-13;2025-01-16;2025-01-27;2025-02-03;2025-02-05;2025-02-06;2025-02-07;2025-02-10;2025-03-03;2025-03-04;2025-03-05;2025-03-06;2025-03-11;2025-03-12;2025-03-21;2025-03-26;2025-03-27;2025-03-28;2025-03-31;2025-04-02;2025-04-03;2025-04-07;2025-04-09;2025-04-15;2025-04-16;2025-04-22;2025-04-23;2025-04-24;2025-04-25;2025-04-28;2025-05-14;2025-05-16;2025-05-19;2025-05-20;2025-05-21;2025-05-22;2025-06-04;2025-06-11;2025-06-14;2025-06-20;2025-06-27;2025-07-01;2025-07-03;2025-07-09;2025-07-18;2025-08-15;2025-08-18;2025-08-22;2025-09-05;2025-09-09;2025-09-12;2025-09-16;2025-10-02;2025-10-03;2025-10-06;2025-10-07;2025-10-08;2025-10-21;2025-11-07,2024-08-21;2024-10-02;2024-10-10;2024-10-11;2024-10-16;2024-10-24;2024-11-27;2024-12-09;2025-01-17;2025-02-12;2025-02-25;2025-04-01;2025-04-08;2025-04-11;2025-04-17;2025-04-18;2025-06-05;2025-06-17;2025-06-26;2025-06-30;2025-07-08;2025-07-15;2025-07-17;2025-09-04;2025-09-10;2025-10-23;2025-11-06
105,20261021,106,2024-08-21;2024-08-22;2024-08-23;2024-08-24;2024-09-03;2024-10-01;2024-10-02;2024-10-07;2024-10-08;2024-10-10;2024-10-11;2024-10-14;2024-10-15;2024-10-16;2024-10-18;2024-11-07;2024-11-12;2024-11-27;2024-12-09;2025-01-16;2025-01-17;2025-02-03;2025-02-06;2025-02-07;2025-02-10;2025-02-12;2025-02-25;2025-03-06;2025-03-11;2025-03-12;2025-03-21;2025-03-26;2025-03-27;2025-03-28;2025-03-31;2025-04-02;2025-04-03;2025-04-07;2025-04-08;2025-04-09;2025-04-11;2025-04-15;2025-04-16;2025-04-17;2025-04-18;2025-04-22;2025-04-23;2025-04-24;2025-04-25;2025-05-14;2025-05-16;2025-05-19;2025-05-20;2025-05-21;2025-05-22;2025-06-05;2025-06-11;2025-06-17;2025-06-20;2025-06-26;2025-06-27;2025-06-30;2025-07-08;2025-07-09;2025-07-15;2025-07-17;2025-09-05;2025-09-09;2025-09-10;2025-10-02;2025-10-03;2025-10-06;2025-10-07;2025-10-08;2025-10-21;2025-10-23;2025-11-06;2025-11-07,2024-08-20;2024-08-27;2024-09-16;2024-09-24;2024-10-24;2024-11-11;2024-11-15;2024-11-18;2024-12-13;2025-01-27;2025-02-05;2025-03-03;2025-03-04;2025-03-05;2025-04-01;2025-04-28;2025-06-04;2025-06-14;2025-07-01;2025-07-03;2025-07-18;2025-08-15;2025-08-18;2025-08-22;2025-09-04;2025-09-12;2025-09-16
106,20261022,107,2024-08-20;2024-08-21;2024-08-22;2024-08-23;2024-09-03;2024-09-16;2024-09-24;2024-10-02;2024-10-07;2024-10-08;2024-10-10;2024-10-11;2024-10-14;2024-10-15;2024-10-16;2024-10-18;2024-10-24;2024-11-07;2024-11-11;2024-11-12;2024-11-15;2024-11-18;2024-12-09;2024-12-13;2025-01-16;2025-01-27;2025-02-03;2025-02-05;2025-02-07;2025-02-12;2025-03-03;2025-03-05;2025-03-12;2025-03-26;2025-03-27;2025-04-01;2025-04-02;2025-04-03;2025-04-07;2025-04-08;2025-04-09;2025-04-11;2025-04-15;2025-04-16;2025-04-17;2025-04-18;2025-04-22;2025-04-23;2025-04-24;2025-05-16;2025-05-19;2025-05-20;2025-05-21;2025-05-22;2025-06-04;2025-06-11;2025-06-14;2025-06-17;2025-06-20;2025-06-26;2025-06-27;2025-06-30;2025-07-03;2025-07-08;2025-07-15;2025-07-17;2025-08-15;2025-08-18;2025-08-22;2025-09-04;2025-09-05;2025-09-09;2025-09-10;2025-10-03;2025-10-07;2025-10-08;2025-11-06;2025-11-07,2024-08-24;2024-08-27;2024-10-01;2024-11-27;2025-01-17;2025-02-06;2025-02-10;2025-02-25;2025-03-04;2025-03-06;2025-03-11;2025-03-21;2025-03-28;2025-03-31;2025-04-25;2025-04-28;2025-05-14;2025-06-05;2025-07-01;2025-07-09;2025-07-18;2025-09-12;2025-09-16;2025-10-02;2025-10-06;2025-10-21;2025-10-23
107,20261023,108,2024-08-20;2024-08-22;2024-08-23;2024-08-24;2024-08-27;2024-09-03;2024-09-16;2024-09-24;2024-10-02;2024-10-07;2024-10-08;2024-10-10;2024-10-11;2024-10-14;2024-10-15;2024-10-16;2024-10-18;2024-10-24;2024-11-11;2024-11-12;2024-11-15;2024-11-18;2024-11-27;2024-12-09;2024-12-13;2025-01-16;2025-01-27;2025-02-05;2025-02-10;2025-02-25;2025-03-04;2025-03-05;2025-03-11;2025-03-12;2025-03-21;2025-03-27;2025-03-28;2025-04-01;2025-04-02;2025-04-03;2025-04-07;2025-04-08;2025-04-09;2025-04-11;2025-04-15;2025-04-16;2025-04-17;2025-04-22;2025-04-23;2025-04-24;2025-04-25;2025-04-28;2025-05-14;2025-05-19;2025-05-20;2025-05-21;2025-05-22;2025-06-04;2025-06-11;2025-06-14;2025-06-17;2025-06-20;2025-06-26;2025-06-27;2025-06-30;2025-07-01;2025-07-03;2025-07-08;2025-07-18;2025-08-22;2025-09-04;2025-09-05;2025-09-09;2025-09-10;2025-09-16;2025-10-06;2025-10-21;2025-11-07,2024-08-21;2024-10-01;2024-11-07;2025-01-17;2025-02-03;2025-02-06;2025-02-07;2025-02-12;2025-03-03;2025-03-06;2025-03-26;2025-03-31;2025-04-18;2025-05-16;2025-06-05;2025-07-09;2025-07-15;2025-07-17;2025-08-15;2025-08-18;2025-09-12;2025-10-02;2025-10-03;2025-10-07;2025-10-08;2025-10-23;2025-11-06
108,20261024,109,2024-08-20;2024-08-22;2024-08-24;2024-08-27;2024-09-03;2024-09-16;2024-09-24;2024-10-01;2024-10-02;2024-10-07;2024-10-11;2024-10-14;2024-10-15;2024-10-16;2024-10-18;2024-11-12;2024-11-15;2024-11-27;2024-12-09;2024-12-13;2025-01-16;2025-01-17;2025-01-27;2025-02-03;2025-02-05;2025-02-06;2025-02-07;2025-02-12;2025-03-04;2025-03-06;2025-03-12;2025-03-21;2025-03-26;2025-03-27;2025-03-28;2025-03-31;2025-04-01;2025-04-02;2025-04-03;2025-04-07;2025-04-11;2025-04-15;2025-04-17;2025-04-18;2025-04-23;2025-04-24;2025-04-25;2025-04-28;2025-05-16;2025-05-19;2025-05-20;2025-05-22;2025-06-04;2025-06-11;2025-06-14;2025-06-17;2025-06-27;2025-06-30;2025-07-01;2025-07-03;2025-07-09;2025-07-15;2025-07-18;2025-08-15;2025-08-22;2025-09-04;2025-09-05;2025-09-09;2025-09-10;2025-09-16;2025-10-02;2025-10-06;2025-10-07;2025-10-08;2025-10-21;2025-10-23;2025-11-06;2025-11-07,2024-08-21;2024-08-23;2024-10-08;2024-10-10;2024-10-24;2024-11-07;2024-11-11;2024-11-18;2025-02-10;2025-02-25;2025-03-03;2025-03-05;2025-03-11;2025-04-08;2025-04-09;2025-04-16;2025-04-22;2025-05-14;2025-05-21;2025-06-05;2025-06-20;2025-06-26;2025-07-08;2025-07-17;2025-08-18;2025-09-12;2025-10-03
109,20261025,110,2024-08-21;2024-08-22;2024-08-23;2024-08-24;2024-08-27;2024-09-03;2024-09-16;2024-09-24;2024-10-01;2024-10-02;2024-10-07;2024-10-08;2024-10-10;2024-10-14;2024-10-15;2024-10-18;2024-10-24;2024-11-07;2024-11-11;2024-11-15;2024-12-09;2024-12-13;2025-01-16;2025-01-17;2025-01-27;2025-02-05;2025-02-10;2025-02-25;2025-03-03;2025-03-04;2025-03-05;2025-03-06;2025-03-11;2025-03-21;2025-03-26;2025-03-27;2025-03-31;2025-04-01;2025-04-02;2025-04-03;2025-04-07;2025-04-09;2025-04-11;2025-04-17;2025-04-18;2025-04-22;2025-04-23;2025-04-25;2025-04-28;2025-05-16;2025-05-19;2025-05-20;2025-06-04;2025-06-05;2025-06-11;2025-06-14;2025-06-17;2025-06-20;2025-06-26;2025-06-27;2025-06-30;2025-07-01;2025-07-03;2025-07-17;2025-08-15;2025-08-18;2025-08-22;2025-09-04;2025-09-05;2025-09-10;2025-09-12;2025-09-16;2025-10-02;2025-10-03;2025-10-06;2025-10-07;2025-10-23;2025-11-06,2024-08-20;2024-10-11;2024-10-16;2024-11-12;2024-11-18;2024-11-27;2025-02-03;2025-02-06;2025-02-07;2025-02-12;2025-03-12;2025-03-28;2025-04-08;2025-04-15;2025-04-16;2025-04-24;2025-05-14;2025-05-21;2025-05-22;2025-07-08;2025-07-09;2025-07-15;2025-07-18;2025-09-09;2025-10-08;2025-10-21;2025-11-07
110,20261026,111,2024-08-20;2024-08-23;2024-08-24;2024-08-27;2024-09-16;2024-09-24;2024-10-01;2024-10-02;2024-10-07;2024-10-10;2024-10-11;2024-10-14;2024-10-15;2024-10-16;2024-10-18;2024-10-24;2024-11-07;2024-11-12;2024-11-27;2024-12-09;2024-12-13;2025-01-16;2025-01-17;2025-01-27;2025-02-03;2025-02-05;2025-02-06;2025-02-07;2025-02-10;2025-02-12;2025-02-25;2025-03-03;2025-03-04;2025-03-06;2025-03-11;2025-03-21;2025-03-27;2025-03-28;2025-03-31;2025-04-01;2025-04-02;2025-04-03;2025-04-07;2025-04-11;2025-04-16;2025-04-17;2025-04-18;2025-04-23;2025-04-24;2025-04-25;2025-04-28;2025-05-16;2025-05-19;2025-05-20;2025-05-22;2025-06-05;2025-06-11;2025-06-14;2025-06-17;2025-06-26;2025-06-30;2025-07-01;2025-07-03;2025-07-15;2025-07-17;2025-07-18;2025-08-15;2025-08-18;2025-08-22;2025-09-04;2025-09-05;2025-09-09;2025-09-10;2025-09-16;2025-10-02;2025-10-03;2025-10-06;2025-10-23,2024-08-21;2024-08-22;2024-09-03;2024-10-08;2024-11-11;2024-11-15;2024-11-18;2025-03-05;2025-03-12;2025-03-26;2025-04-08;2025-04-09;2025-04-15;2025-04-22;2025-05-14;2025-05-21;2025-06-04;2025-06-20;2025-06-27;2025-07-08;2025-07-09;2025-09-12;2025-10-07;2025-10-08;2025-10-21;2025-11-06;2025-11-07
111,20261027,112,2024-08-20;2024-08-21;2024-08-23;2024-08-24;2024-08-27;2024-09-03;2024-09-16;2024-09-24;2024-10-01;2024-10-02;2024-10-10;2024-10-11;2024-10-14;2024-10-16;2024-10-18;2024-10-24;2024-11-07;2024-11-11;2024-11-12;2024-11-15;2024-11-18;2024-11-27;2024-12-09;2024-12-13;2025-01-16;2025-01-17;2025-01-27;2025-02-03;2025-02-05;2025-02-06;2025-02-07;2025-02-10;2025-02-12;2025-02-25;2025-03-03;2025-03-04;2025-03-05;2025-03-21;2025-03-26;2025-03-27;2025-03-31;2025-04-01;2025-04-02;2025-04-03;2025-04-08;2025-04-09;2025-04-15;2025-04-16;2025-04-18;2025-04-22;2025-04-23;2025-04-25;2025-04-28;2025-05-19;2025-05-20;2025-05-21;2025-05-22;2025-06-04;2025-06-05;2025-06-11;2025-06-20;2025-06-26;2025-06-27;2025-06-30;2025-07-01;2025-07-03;2025-07-08;2025-07-15;2025-07-17;2025-08-22;2025-09-04;2025-09-05;2025-09-09;2025-09-10;2025-09-12;2025-10-03;2025-10-06;2025-10-08,2024-08-22;2024-10-07;2024-10-08;2024-10-15;2025-03-06;2025-03-11;2025-03-12;2025-03-28;2025-04-07;2025-04-11;2025-04-17;2025-04-24;2025-05-14;2025-05-16;2025-06-14;2025-06-17;2025-07-09;2025-07-18;2025-08-15;2025-08-18;2025-09-16;2025-10-02;2025-10-07;2025-10-21;2025-10-23;2025-11-06;2025-11-07
112,20261028,113,2024-08-20;2024-08-21;2024-08-22;2024-08-27;2024-09-03;2024-09-16;2024-09-24;2024-10-02;2024-10-07;2024-10-10;2024-10-14;2024-10-15;2024-10-16;2024-10-18;2024-10-24;2024-11-07;2024-11-11;2024-11-15;2024-11-18;2024-11-27;2024-12-09;2024-12-13;2025-01-16;2025-02-07;2025-02-10;2025-02-25;2025-03-04;2025-03-05;2025-03-06;2025-03-11;2025-03-12;2025-03-21;2025-03-26;2025-03-27;2025-03-28;2025-03-31;2025-04-01;2025-04-02;2025-04-07;2025-04-08;2025-04-09;2025-04-11;2025-04-15;2025-04-16;2025-04-17;2025-04-18;2025-04-22;2025-04-24;2025-04-25;2025-04-28;2025-05-14;2025-05-16;2025-05-20;2025-05-21;2025-06-04;2025-06-14;2025-06-20;2025-06-27;2025-07-01;2025-07-03;2025-07-08;2025-07-09;2025-07-15;2025-07-18;2025-08-15;2025-08-18;2025-08-22;2025-09-04;2025-09-05;2025-09-10;2025-09-12;2025-09-16;2025-10-02;2025-10-03;2025-10-06;2025-10-07;2025-10-08;2025-11-07,2024-08-23;2024-08-24;2024-10-01;2024-10-08;2024-10-11;2024-11-12;2025-01-17;2025-01-27;2025-02-03;2025-02-05;2025-02-06;2025-02-12;2025-03-03;2025-04-03;2025-04-23;2025-05-19;2025-05-22;2025-06-05;2025-06-11;2025-06-17;2025-06-26;2025-06-30;2025-07-17;2025-09-09;2025-10-21;2025-10-23;2025-11-06
113,20261029,114,2024-08-20;2024-08-21;2024-08-22;2024-08-27;2024-09-03;2024-09-24;2024-10-01;2024-10-02;2024-10-07;2024-10-08;2024-10-10;2024-10-14;2024-10-15;2024-10-16;2024-10-24;2024-11-07;2024-11-12;2024-11-15;2024-11-27;2024-12-09;2025-01-17;2025-01-27;2025-02-03;2025-02-05;2025-02-06;2025-02-07;2025-02-12;2025-02-25;2025-03-03;2025-03-04;2025-03-05;2025-03-11;2025-03-21;2025-03-27;2025-03-28;2025-03-31;2025-04-03;2025-04-07;2025-04-08;2025-04-09;2025-04-11;2025-04-15;2025-04-16;2025-04-17;2025-04-18;2025-04-22;2025-04-23;2025-04-24;2025-05-14;2025-05-16;2025-05-19;2025-05-20;2025-05-21;2025-05-22;2025-06-05;2025-06-11;2025-06-14;2025-06-20;2025-06-26;2025-06-30;2025-07-01;2025-07-03;2025-07-08;2025-07-09;2025-07-17;2025-07-18;2025-08-22;2025-09-04;2025-09-05;2025-09-10;2025-09-12;2025-09-16;2025-10-02;2025-10-06;2025-10-07;2025-10-08;2025-11-06;2025-11-07,2024-08-23;2024-08-24;2024-09-16;2024-10-11;2024-10-18;2024-11-11;2024-11-18;2024-12-13;2025-01-16;2025-02-10;2025-03-06;2025-03-12;2025-03-26;2025-04-01;2025-04-02;2025-04-25;2025-04-28;2025-06-04;2025-06-17;2025-06-27;2025-07-15;2025-08-15;2025-08-18;2025-09-09;2025-10-03;2025-10-21;2025-10-23
114,20261030,115,2024-08-20;2024-08-21;2024-08-23;2024-09-03;2024-09-16;2024-09-24;2024-10-01;2024-10-02;2024-10-08;2024-10-10;2024-10-15;2024-10-16;2024-10-18;2024-11-07;2024-11-12;2024-11-15;2024-11-18;2024-12-09;2024-12-13;2025-01-16;2025-02-03;2025-02-05;2025-02-07;2025-02-12;2025-03-03;2025-03-04;2025-03-11;2025-03-12;2025-03-21;2025-03-26;2025-03-27;2025-03-28;2025-03-31;2025-04-02;2025-04-03;2025-04-07;2025-04-08;2025-04-09;2025-04-11;2025-04-15;2025-04-22;2025-04-23;2025-04-24;2025-04-25;2025-04-28;2025-05-16;2025-05-19;2025-05-20;2025-05-21;2025-05-22;2025-06-04;2025-06-05;2025-06-11;2025-06-14;2025-06-17;2025-06-20;2025-06-26;2025-06-27;2025-07-03;2025-07-08;2025-07-15;2025-07-18;2025-08-15;2025-08-18;2025-08-22;2025-09-04;2025-09-05;2025-09-09;2025-09-10;2025-09-12;2025-09-16;2025-10-02;2025-10-03;2025-10-06;2025-10-07;2025-10-08;2025-10-21;2025-11-06,2024-08-22;2024-08-24;2024-08-27;2024-10-07;2024-10-11;2024-10-14;2024-10-24;2024-11-11;2024-11-27;2025-01-17;2025-01-27;2025-02-06;2025-02-10;2025-02-25;2025-03-05;2025-03-06;2025-04-01;2025-04-16;2025-04-17;2025-04-18;2025-05-14;2025-06-30;2025-07-01;2025-07-09;2025-07-17;2025-10-23;2025-11-07
115,20261031,116,2024-08-21;2024-08-23;2024-08-24;2024-09-03;2024-09-16;2024-10-01;2024-10-02;2024-10-07;2024-10-11;2024-10-14;2024-10-15;2024-10-16;2024-10-18;2024-10-24;2024-11-07;2024-11-11;2024-11-12;2024-11-15;2024-11-18;2024-12-09;2024-12-13;2025-01-16;2025-01-17;2025-01-27;2025-02-03;2025-02-05;2025-02-12;2025-02-25;2025-03-03;2025-03-05;2025-03-06;2025-03-11;2025-03-12;2025-03-26;2025-03-27;2025-04-01;2025-04-03;2025-04-07;2025-04-08;2025-04-09;2025-04-11;2025-04-15;2025-04-16;2025-04-17;2025-04-18;2025-04-22;2025-04-23;2025-04-24;2025-04-25;2025-04-28;2025-05-14;2025-05-16;2025-05-20;2025-05-22;2025-06-05;2025-06-11;2025-06-14;2025-06-17;2025-06-20;2025-07-03;2025-07-17;2025-08-15;2025-08-22;2025-09-04;2025-09-05;2025-09-09;2025-09-10;2025-09-12;2025-09-16;2025-10-02;2025-10-03;2025-10-06;2025-10-07;2025-10-08;2025-10-21;2025-10-23;2025-11-06;2025-11-07,2024-08-20;2024-08-22;2024-08-27;2024-09-24;2024-10-08;2024-10-10;2024-11-27;2025-02-06;2025-02-07;2025-02-10;2025-03-04;2025-03-21;2025-03-28;2025-03-31;2025-04-02;2025-05-19;2025-05-21;2025-06-04;2025-06-26;2025-06-27;2025-06-30;2025-07-01;2025-07-08;2025-07-09;2025-07-15;2025-07-18;2025-08-18
116,20261032,117,2024-08-22;2024-08-23;2024-08-24;2024-09-16;2024-10-01;2024-10-07;2024-10-08;2024-10-10;2024-10-11;2024-10-14;2024-10-15;2024-10-16;2024-10-24;2024-11-11;2024-11-12;2024-11-15;2024-11-18;2024-11-27;2024-12-09;2024-12-13;2025-01-16;2025-01-17;2025-01-27;2025-02-06;2025-02-12;2025-02-25;2025-03-03;2025-03-04;2025-03-05;2025-03-06;2025-03-11;2025-03-12;2025-03-21;2025-03-26;2025-03-31;2025-04-01;2025-04-02;2025-04-03;2025-04-07;2025-04-08;2025-04-11;2025-04-16;2025-04-17;2025-04-18;2025-04-25;2025-04-28;2025-05-19;2025-05-20;2025-05-21;2025-06-04;2025-06-05;2025-06-14;2025-06-17;2025-06-20;2025-06-26;2025-06-27;2025-07-01;2025-07-03;2025-07-08;2025-07-09;2025-07-15;2025-07-18;2025-08-22;2025-09-04;2025-09-05;2025-09-09;2025-09-10;2025-09-12;2025-09-16;2025-10-02;2025-10-03;2025-10-06;2025-10-07;2025-10-08;2025-10-21;2025-10-23;2025-11-06;2025-11-07,2024-08-20;2024-08-21;2024-08-27;2024-09-03;2024-09-24;2024-10-02;2024-10-18;2024-11-07;2025-02-03;2025-02-05;2025-02-07;2025-02-10;2025-03-27;2025-03-28;2025-04-09;2025-04-15;2025-04-22;2025-04-23;2025-04-24;2025-05-14;2025-05-16;2025-05-22;2025-06-11;2025-06-30;2025-07-17;2025-08-15;2025-08-18
117,20261033,118,2024-08-20;2024-08-21;2024-08-22;2024-08-23;2024-08-24;2024-08-27;2024-09-03;2024-09-16;2024-10-01;2024-10-02;2024-10-07;2024-10-08;2024-10-10;2024-10-15;2024-10-16;2024-10-18;2024-11-07;2024-11-11;2024-11-12;2024-11-15;2024-11-27;2024-12-13;2025-01-16;2025-01-17;2025-01-27;2025-02-03;2025-02-05;2025-02-07;2025-02-10;2025-02-12;2025-03-03;2025-03-04;2025-03-05;2025-03-06;2025-03-11;2025-03-12;2025-03-21;2025-03-28;2025-04-02;2025-04-03;2025-04-07;2025-04-09;2025-04-11;2025-04-16;2025-04-17;2025-04-18;2025-04-22;2025-04-24;2025-04-28;2025-05-14;2025-05-20;2025-05-22;2025-06-04;2025-06-05;2025-06-11;2025-06-14;2025-06-20;2025-06-26;2025-06-27;2025-06-30;2025-07-01;2025-07-08;2025-07-15;2025-07-17;2025-07-18;2025-08-15;2025-08-18;2025-08-22;2025-09-04;2025-09-05;2025-09-09;2025-09-10;2025-09-12;2025-10-03;2025-10-06;2025-10-07;2025-10-08;2025-11-07,2024-09-24;2024-10-11;2024-10-14;2024-10-24;2024-11-18;2024-12-09;2025-02-06;2025-02-25;2025-03-26;2025-03-27;2025-03-31;2025-04-01;2025-04-08;2025-04-15;2025-04-23;2025-04-25;2025-05-16;2025-05-19;2025-05-21;2025-06-17;2025-07-03;2025-07-09;2025-09-16;2025-10-02;2025-10-21;2025-10-23;2025-11-06
118,20261034,119,2024-08-20;2024-08-22;2024-08-24;2024-08-27;2024-09-03;2024-10-02;2024-10-14;2024-10-15;2024-10-16;2024-10-18;2024-10-24;2024-11-07;2024-11-11;2024-11-15;2024-11-27;2024-12-13;2025-01-17;2025-01-27;2025-02-03;2025-02-07;2025-02-10;2025-02-25;2025-03-06;2025-03-11;2025-03-21;2025-03-26;2025-03-27;2025-03-28;2025-03-31;2025-04-01;2025-04-02;2025-04-03;2025-04-07;2025-04-08;2025-04-09;2025-04-11;2025-04-15;2025-04-16;2025-04-17;2025-04-18;2025-04-22;2025-04-23;2025-04-24;2025-04-25;2025-04-28;2025-05-14;2025-05-16;2025-05-19;2025-05-20;2025-05-21;2025-05-22;2025-06-04;2025-06-11;2025-06-14;2025-06-17;2025-06-20;2025-06-27;2025-06-30;2025-07-01;2025-07-03;2025-07-08;2025-07-09;2025-07-15;2025-07-17;2025-07-18;2025-08-15;2025-09-04;2025-09-05;2025-09-09;2025-09-10;2025-09-12;2025-09-16;2025-10-02;2025-10-06;2025-10-08;2025-10-21;2025-10-23;2025-11-06,2024-08-21;2024-08-23;2024-09-16;2024-09-24;2024-10-01;2024-10-07;2024-10-08;2024-10-10;2024-10-11;2024-11-12;2024-11-18;2024-12-09;2025-01-16;2025-02-05;2025-02-06;2025-02-12;2025-03-03;2025-03-04;2025-03-05;2025-03-12;2025-06-05;2025-06-26;2025-08-18;2025-08-22;2025-10-03;2025-10-07;2025-11-07
119,20261035,120,2024-08-20;2024-08-21;2024-08-24;2024-08-27;2024-09-03;2024-10-01;2024-10-02;2024-10-08;2024-10-10;2024-10-11;2024-10-14;2024-10-16;2024-11-11;2024-11-12;2024-11-18;2024-11-27;2024-12-09;2024-12-13;2025-01-16;2025-01-17;2025-01-27;2025-02-03;2025-02-05;2025-02-06;2025-02-07;2025-02-10;2025-02-12;2025-03-03;2025-03-05;2025-03-06;2025-03-11;2025-03-12;2025-03-27;2025-03-28;2025-03-31;2025-04-01;2025-04-02;2025-04-07;2025-04-08;2025-04-09;2025-04-11;2025-04-15;2025-04-16;2025-04-17;2025-04-18;2025-04-23;2025-04-24;2025-04-28;2025-05-14;2025-05-16;2025-05-20;2025-06-04;2025-06-11;2025-06-17;2025-06-20;2025-06-27;2025-06-30;2025-07-03;2025-07-08;2025-07-09;2025-07-15;2025-07-17;2025-07-18;2025-08-15;2025-08-18;2025-08-22;2025-09-04;2025-09-09;2025-09-10;2025-09-12;2025-09-16;2025-10-02;2025-10-03;2025-10-08;2025-10-21;2025-10-23;2025-11-06;2025-11-07,2024-08-22;2024-08-23;2024-09-16;2024-09-24;2024-10-07;2024-10-15;2024-10-18;2024-10-24;2024-11-07;2024-11-15;2025-02-25;2025-03-04;2025-03-21;2025-03-26;2025-04-03;2025-04-22;2025-04-25;2025-05-19;2025-05-21;2025-05-22;2025-06-05;2025-06-14;2025-06-26;2025-07-01;2025-09-05;2025-10-06;2025-10-07
120,20261036,121,2024-08-20;2024-08-21;2024-08-22;2024-08-23;2024-08-24;2024-08-27;2024-09-16;2024-10-01;2024-10-02;2024-10-07;2024-10-08;2024-10-11;2024-10-14;2024-10-15;2024-10-18;2024-11-11;2024-11-12;2024-11-15;2024-11-27;2024-12-09;2024-12-13;2025-01-16;2025-01-17;2025-01-27;2025-02-03;2025-02-05;2025-02-06;2025-02-07;2025-02-10;2025-02-12;2025-02-25;2025-03-03;2025-03-05;2025-03-06;2025-03-11;2025-03-21;2025-03-27;2025-03-31;2025-04-01;2025-04-08;2025-04-09;2025-04-11;2025-04-15;2025-04-16;2025-04-18;2025-04-22;2025-04-23;2025-04-25;2025-05-14;2025-05-16;2025-05-19;2025-05-21;2025-06-04;2025-06-05;2025-06-11;2025-06-14;2025-06-17;2025-06-20;2025-06-26;2025-06-30;2025-07-03;2025-07-08;2025-07-09;2025-07-17;2025-07-18;2025-08-15;2025-08-22;2025-09-04;2025-09-05;2025-09-09;2025-09-12;2025-10-02;2025-10-03;2025-10-06;2025-10-08;2025-10-23;2025-11-06;2025-11-07,2024-09-03;2024-09-24;2024-10-10;2024-10-16;2024-10-24;2024-11-07;2024-11-18;2025-03-04;2025-03-12;2025-03-26;2025-03-28;2025-04-02;2025-04-03;2025-04-07;2025-04-17;2025-04-24;2025-04-28;2025-05-20;2025-05-22;2025-06-27;2025-07-01;2025-07-15;2025-08-18;2025-09-10;2025-09-16;2025-10-07;2025-10-21
121,20261037,122,2024-08-21;2024-08-23;2024-08-24;2024-08-27;2024-09-03;2024-09-16;2024-09-24;2024-10-01;2024-10-02;2024-10-07;2024-10-10;2024-10-14;2024-10-15;2024-10-16;2024-10-24;2024-11-07;2024-11-11;2024-11-12;2024-11-15;2024-11-18;2024-12-09;2025-01-16;2025-01-17;2025-02-03;2025-02-06;2025-02-10;2025-02-12;2025-03-04;2025-03-05;2025-03-06;2025-03-12;2025-03-21;2025-03-28;2025-04-01;2025-04-03;2025-04-07;2025-04-08;2025-04-09;2025-04-11;2025-04-15;2025-04-16;2025-04-17;2025-04-18;2025-04-22;2025-04-25;2025-04-28;2025-05-14;2025-05-16;2025-05-19;2025-05-20;2025-05-21;2025-05-22;2025-06-11;2025-06-14;2025-06-17;2025-06-20;2025-06-27;2025-07-01;2025-07-08;2025-07-09;2025-07-15;2025-07-17;2025-07-18;2025-08-15;2025-08-18;2025-08-22;2025-09-04;2025-09-05;2025-09-09;2025-09-10;2025-09-12;2025-09-16;2025-10-02;2025-10-03;2025-10-06;2025-10-07;2025-10-23;2025-11-06,2024-08-20;2024-08-22;2024-10-08;2024-10-11;2024-10-18;2024-11-27;2024-12-13;2025-01-27;2025-02-05;2025-02-07;2025-02-25;2025-03-03;2025-03-11;2025-03-26;2025-03-27;2025-03-31;2025-04-02;2025-04-23;2025-04-24;2025-06-04;2025-06-05;2025-06-26;2025-06-30;2025-07-03;2025-10-08;2025-10-21;2025-11-07
122,20261038,123,2024-08-20;2024-08-21;2024-08-22;2024-08-23;2024-08-24;2024-08-27;2024-09-03;2024-10-02;2024-10-07;2024-10-08;2024-10-10;2024-10-11;2024-10-14;2024-10-15;2024-10-16;2024-10-18;2024-10-24;2024-11-07;2024-11-15;2024-11-18;2024-11-27;2024-12-09;2024-12-13;2025-01-16;2025-01-27;2025-02-03;2025-02-05;2025-02-07;2025-02-10;2025-02-12;2025-02-25;2025-03-03;2025-03-04;2025-03-05;2025-03-06;2025-03-11;2025-03-12;2025-03-21;2025-03-26;2025-03-31;2025-04-02;2025-04-07;2025-04-08;2025-04-09;2025-04-11;2025-04-17;2025-04-18;2025-04-23;2025-04-25;2025-04-28;2025-05-14;2025-05-19;2025-05-20;2025-05-21;2025-05-22;2025-06-14;2025-06-20;2025-06-26;2025-06-27;2025-06-30;2025-07-01;2025-07-03;2025-07-08;2025-07-15;2025-07-17;2025-07-18;2025-08-15;2025-08-22;2025-09-04;2025-09-05;2025-09-09;2025-09-10;2025-09-12;2025-10-03;2025-10-07;2025-10-08;2025-10-23;2025-11-07,2024-09-16;2024-09-24;2024-10-01;2024-11-11;2024-11-12;2025-01-17;2025-02-06;2025-03-27;2025-03-28;2025-04-01;2025-04-03;2025-04-15;2025-04-16;2025-04-22;2025-04-24;2025-05-16;2025-06-04;2025-06-05;2025-06-11;2025-06-17;2025-07-09;2025-08-18;2025-09-16;2025-10-02;2025-10-06;2025-10-21;2025-11-06
123,20261039,124,2024-08-20;2024-08-21;2024-08-22;2024-08-24;2024-08-27;2024-09-03;2024-09-16;2024-10-01;2024-10-02;2024-10-07;2024-10-08;2024-10-10;2024-10-11;2024-10-15;2024-10-16;2024-10-18;2024-10-24;2024-11-07;2024-11-12;2024-11-15;2024-11-18;2024-11-27;2024-12-09;2024-12-13;2025-01-17;2025-02-03;2025-02-05;2025-02-06;2025-02-07;2025-02-10;2025-02-12;2025-02-25;2025-03-03;2025-03-04;2025-03-06;2025-03-11;2025-03-12;2025-03-21;2025-03-26;2025-03-27;2025-03-31;2025-04-01;2025-04-03;2025-04-07;2025-04-08;2025-04-09;2025-04-11;2025-04-15;2025-04-16;2025-04-17;2025-04-22;2025-04-23;2025-05-14;2025-05-19;2025-05-21;2025-05-22;2025-06-04;2025-06-05;2025-06-11;2025-06-14;2025-06-27;2025-06-30;2025-07-01;2025-07-09;2025-07-15;2025-07-18;2025-08-15;2025-08-18;2025-08-22;2025-09-09;2025-10-02;2025-10-03;2025-10-06;2025-10-07;2025-10-21;2025-10-23;2025-11-06;2025-11-07,2024-08-23;2024-09-24;2024-10-14;2024-11-11;2025-01-16;2025-01-27;2025-03-05;2025-03-28;2025-04-02;2025-04-18;2025-04-24;2025-04-25;2025-04-28;2025-05-16;2025-05-20;2025-06-17;2025-06-20;2025-06-26;2025-07-03;2025-07-08;2025-07-17;2025-09-04;2025-09-05;2025-09-10;2025-09-12;2025-09-16;2025-10-08
124,20261040,125,2024-08-23;2024-08-24;2024-08-27;2024-09-03;2024-09-16;2024-09-24;2024-10-01;2024-10-02;2024-10-07;2024-10-08;2024-10-10;2024-10-11;2024-10-14;2024-10-15;2024-10-16;2024-10-18;2024-10-24;2024-11-11;2024-11-12;2024-11-18;2024-11-27;2025-01-16;2025-01-27;2025-02-03;2025-02-05;2025-02-07;2025-02-12;2025-02-25;2025-03-03;2025-03-04;2025-03-05;2025-03-12;2025-03-26;2025-03-27;2025-03-28;2025-04-01;2025-04-02;2025-04-03;2025-04-08;2025-04-11;2025-04-15;2025-04-17;2025-04-18;2025-04-22;2025-04-23;2025-04-24;2025-04-25;2025-04-28;2025-05-19;2025-05-20;2025-06-04;2025-06-11;2025-06-14;2025-06-17;2025-06-20;2025-06-26;2025-06-27;2025-07-01;2025-07-03;2025-07-08;2025-07-15;2025-08-15;2025-08-18;2025-08-22;2025-09-04;2025-09-05;2025-09-09;2025-09-10;2025-09-12;2025-09-16;2025-10-02;2025-10-03;2025-10-06;2025-10-07;2025-10-08;2025-10-23;2025-11-06;2025-11-07,2024-08-20;2024-08-21;2024-08-22;2024-11-07;2024-11-15;2024-12-09;2024-12-13;2025-01-17;2025-02-06;2025-02-10;2025-03-06;2025-03-11;2025-03-21;2025-03-31;2025-04-07;2025-04-09;2025-04-16;2025-05-14;2025-05-16;2025-05-21;2025-05-22;2025-06-05;2025-06-30;2025-07-09;2025-07-17;2025-07-18;2025-10-21
125,20261041,126,2024-08-21;2024-08-24;2024-08-27;2024-09-24;2024-10-01;2024-10-02;2024-10-07;2024-10-08;2024-10-11;2024-10-14;2024-10-15;2024-10-16;2024-10-18;2024-10-24;2024-11-07;2024-11-12;2024-11-15;2024-11-18;2024-11-27;2024-12-09;2024-12-13;2025-01-16;2025-01-17;2025-01-27;2025-02-03;2025-02-05;2025-02-06;2025-02-07;2025-02-10;2025-02-12;2025-03-03;2025-03-04;2025-03-05;2025-03-06;2025-03-11;2025-03-21;2025-03-28;2025-04-01;2025-04-02;2025-04-03;2025-04-08;2025-04-09;2025-04-15;2025-04-17;2025-04-18;2025-04-22;2025-04-23;2025-04-24;2025-04-28;2025-05-14;2025-05-20;2025-05-22;2025-06-04;2025-06-05;2025-06-14;2025-06-17;2025-06-20;2025-06-26;2025-06-27;2025-06-30;2025-07-03;2025-07-08;2025-07-17;2025-07-18;2025-08-15;2025-08-18;2025-09-04;2025-09-09;2025-09-12;2025-09-16;2025-10-02;2025-10-06;2025-10-07;2025-10-08;2025-10-21;2025-10-23;2025-11-06;2025-11-07,2024-08-20;2024-08-22;2024-08-23;2024-09-03;2024-09-16;2024-10-10;2024-11-11;2025-02-25;2025-03-12;2025-03-26;2025-03-27;2025-03-31;2025-04-07;2025-04-11;2025-04-16;2025-04-25;2025-05-16;2025-05-19;2025-05-21;2025-06-11;2025-07-01;2025-07-09;2025-07-15;2025-08-22;2025-09-05;2025-09-10;2025-10-03
126,20261042,127,2024-08-21;2024-08-22;2024-08-23;2024-08-24;2024-09-16;2024-09-24;2024-10-01;2024-10-02;2024-10-07;2024-10-11;2024-10-14;2024-10-15;2024-10-16;2024-10-18;2024-10-24;2024-11-07;2024-11-12;2024-11-15;2024-11-18;2024-12-09;2024-12-13;2025-01-17;2025-02-03;2025-02-05;2025-02-06;2025-02-07;2025-02-10;2025-02-12;2025-02-25;2025-03-03;2025-03-12;2025-03-21;2025-03-28;2025-03-31;2025-04-01;2025-04-02;2025-04-03;2025-04-07;2025-04-08;2025-04-11;2025-04-15;2025-04-17;2025-04-18;2025-04-23;2025-04-24;2025-04-25;2025-04-28;2025-05-14;2025-05-16;2025-05-19;2025-05-21;2025-05-22;2025-06-04;2025-06-05;2025-06-11;2025-06-14;2025-06-17;2025-06-20;2025-06-26;2025-06-27;2025-06-30;2025-07-03;2025-07-15;2025-07-17;2025-08-15;2025-08-18;2025-08-22;2025-09-04;2025-09-05;2025-09-09;2025-09-12;2025-09-16;2025-10-06;2025-10-07;2025-10-08;2025-10-21;2025-10-23;2025-11-07,2024-08-20;2024-08-27;2024-09-03;2024-10-08;2024-10-10;2024-11-11;2024-11-27;2025-01-16;2025-01-27;2025-03-04;2025-03-05;2025-03-06;2025-03-11;2025-03-26;2025-03-27;2025-04-09;2025-04-16;2025-04-22;2025-05-20;2025-07-01;2025-07-08;2025-07-09;2025-07-18;2025-09-10;2025-10-02;2025-10-03;2025-11-06
127,20261043,128,2024-08-20;2024-08-21;2024-08-22;2024-08-27;2024-09-03;2024-09-16;2024-09-24;2024-10-07;2024-10-10;2024-10-11;2024-10-14;2024-10-15;2024-10-18;2024-10-24;2024-11-07;2024-11-11;2024-11-12;2024-11-15;2024-11-18;2024-11-27;2024-12-09;2025-01-16;2025-01-17;2025-02-03;2025-02-06;2025-02-07;2025-02-10;2025-02-12;2025-03-04;2025-03-05;2025-03-06;2025-03-11;2025-03-12;2025-03-21;2025-03-26;2025-03-27;2025-03-31;2025-04-01;2025-04-02;2025-04-03;2025-04-07;2025-04-08;2025-04-11;2025-04-15;2025-04-16;2025-04-17;2025-04-18;2025-04-23;2025-04-25;2025-05-16;2025-05-19;2025-05-22;2025-06-04;2025-06-05;2025-06-11;2025-06-17;2025-06-27;2025-07-01;2025-07-03;2025-07-08;2025-07-09;2025-07-15;2025-07-17;2025-07-18;2025-08-18;2025-08-22;2025-09-04;2025-09-05;2025-09-09;2025-09-12;2025-09-16;2025-10-02;2025-10-03;2025-10-07;2025-10-08;2025-10-21;2025-11-06;2025-11-07,2024-08-23;2024-08-24;2024-10-01;2024-10-02;2024-10-08;2024-10-16;2024-12-13;2025-01-27;2025-02-05;2025-02-25;2025-03-03;2025-03-28;2025-04-09;2025-04-22;2025-04-24;2025-04-28;2025-05-14;2025-05-20;2025-05-21;2025-06-14;2025-06-20;2025-06-26;2025-06-30;2025-08-15;2025-09-10;2025-10-06;2025-10-23
128,20261044,129,2024-08-20;2024-08-21;2024-08-22;2024-08-23;2024-08-24;2024-08-27;2024-09-24;2024-10-02;2024-10-07;2024-10-08;2024-10-10;2024-10-15;2024-10-18;2024-11-07;2024-11-11;2024-11-12;2024-11-15;2024-11-18;2024-11-27;2024-12-09;2024-12-13;2025-01-16;2025-01-17;2025-01-27;2025-02-03;2025-02-05;2025-02-07;2025-02-10;2025-02-12;2025-03-04;2025-03-05;2025-03-06;2025-03-11;2025-03-12;2025-03-26;2025-03-27;2025-03-28;2025-03-31;2025-04-03;2025-04-07;2025-04-11;2025-04-15;2025-04-16;2025-04-17;2025-04-18;2025-04-23;2025-04-24;2025-04-25;2025-04-28;2025-05-14;2025-05-16;2025-05-21;2025-06-04;2025-06-05;2025-06-11;2025-06-14;2025-06-20;2025-06-26;2025-06-27;2025-06-30;2025-07-01;2025-07-08;2025-07-09;2025-07-15;2025-07-17;2025-07-18;2025-08-15;2025-08-18;2025-08-22;2025-09-04;2025-09-09;2025-09-12;2025-10-02;2025-10-06;2025-10-07;2025-10-08;2025-10-21;2025-10-23,2024-09-03;2024-09-16;2024-10-01;2024-10-11;2024-10-14;2024-10-16;2024-10-24;2025-02-06;2025-02-25;2025-03-03;2025-03-21;2025-04-01;2025-04-02;2025-04-08;2025-04-09;2025-04-22;2025-05-19;2025-05-20;2025-05-22;2025-06-17;2025-07-03;2025-09-05;2025-09-10;2025-09-16;2025-10-03;2025-11-06;2025-11-07
129,20261045,130,2024-08-20;2024-08-21;2024-08-22;2024-08-23;2024-08-24;2024-08-27;2024-09-16;2024-10-01;2024-10-02;2024-10-10;2024-10-11;2024-10-14;2024-10-16;2024-10-18;2024-10-24;2024-11-11;2024-11-12;2024-11-15;2024-11-18;2024-11-27;2024-12-09;2024-12-13;2025-01-17;2025-01-27;2025-02-03;2025-02-05;2025-02-06;2025-02-07;2025-02-10;2025-02-25;2025-03-03;2025-03-04;2025-03-11;2025-03-12;2025-03-21;2025-03-26;2025-03-27;2025-03-31;2025-04-01;2025-04-02;2025-04-11;2025-04-16;2025-04-18;2025-04-23;2025-04-24;2025-04-25;2025-04-28;2025-05-14;2025-05-16;2025-05-19;2025-05-21;2025-05-22;2025-06-04;2025-06-11;2025-06-14;2025-06-17;2025-06-20;2025-06-26;2025-06-27;2025-06-30;2025-07-03;2025-07-09;2025-07-15;2025-07-17;2025-07-18;2025-08-15;2025-08-18;2025-09-04;2025-09-05;2025-09-09;2025-09-10;2025-10-02;2025-10-03;2025-10-06;2025-10-07;2025-10-21;2025-11-06;2025-11-07,2024-09-03;2024-09-24;2024-10-07;2024-10-08;2024-10-15;2024-11-07;2025-01-16;2025-02-12;2025-03-05;2025-03-06;2025-03-28;2025-04-03;2025-04-07;2025-04-08;2025-04-09;2025-04-15;2025-04-17;2025-04-22;2025-05-20;2025-06-05;2025-07-01;2025-07-08;2025-08-22;2025-09-12;2025-09-16;2025-10-08;2025-10-23
130,20261046,131,2024-08-22;2024-08-23;2024-08-24;2024-08-27;2024-09-03;2024-09-24;2024-10-01;2024-10-02;2024-10-07;2024-10-08;2024-10-10;2024-10-11;2024-10-15;2024-10-16;2024-10-18;2024-10-24;2024-11-07;2024-11-11;2024-11-12;2024-11-15;2024-11-27;2024-12-09;2024-12-13;2025-01-16;2025-01-17;2025-02-03;2025-02-05;2025-02-06;2025-02-07;2025-02-10;2025-02-25;2025-03-03;2025-03-05;2025-03-12;2025-03-21;2025-03-26;2025-03-27;2025-03-28;2025-03-31;2025-04-01;2025-04-07;2025-04-09;2025-04-11;2025-04-16;2025-04-17;2025-04-18;2025-04-23;2025-04-24;2025-05-14;2025-05-16;2025-05-19;2025-05-20;2025-05-22;2025-06-04;2025-06-05;2025-06-11;2025-06-14;2025-06-20;2025-06-27;2025-06-30;2025-07-01;2025-07-08;2025-07-17;2025-07-18;2025-08-15;2025-08-22;2025-09-04;2025-09-05;2025-09-10;2025-09-12;2025-09-16;2025-10-03;2025-10-06;2025-10-07;2025-10-08;2025-10-21;2025-11-06;2025-11-07,2024-08-20;2024-08-21;2024-09-16;2024-10-14;2024-11-18;2025-01-27;2025-02-12;2025-03-04;2025-03-06;2025-03-11;2025-04-02;2025-04-03;2025-04-08;2025-04-15;2025-04-22;2025-04-25;2025-04-28;2025-05-21;2025-06-17;2025-06-26;2025-07-03;2025-07-09;2025-07-15;2025-08-18;2025-09-09;2025-10-02;2025-10-23
131,20261047,132,2024-08-22;2024-08-24;2024-08-27;2024-09-03;2024-09-16;2024-09-24;2024-10-02;2024-10-08;2024-10-11;2024-10-14;2024-10-15;2024-10-16;2024-10-18;2024-10-24;2024-11-07;2024-11-11;2024-11-12;2024-11-18;2024-11-27;2024-12-09;2024-12-13;2025-01-16;2025-01-17;2025-01-27;2025-02-03;2025-02-05;2025-02-06;2025-02-07;2025-02-25;2025-03-03;2025-03-04;2025-03-05;2025-03-06;2025-03-11;2025-03-12;2025-03-26;2025-03-27;2025-03-31;2025-04-01;2025-04-03;2025-04-08;2025-04-09;2025-04-11;2025-04-15;2025-04-16;2025-04-18;2025-04-22;2025-04-28;2025-05-14;2025-05-16;2025-05-20;2025-05-21;2025-06-04;2025-06-14;2025-06-20;2025-06-26;2025-06-27;2025-06-30;2025-07-01;2025-07-08;2025-07-17;2025-07-18;2025-08-15;2025-08-18;2025-08-22;2025-09-04;2025-09-09;2025-09-10;2025-09-12;2025-09-16;2025-10-03;2025-10-06;2025-10-07;2025-10-08;2025-10-21;2025-10-23;2025-11-06;2025-11-07,2024-08-20;2024-08-21;2024-08-23;2024-10-01;2024-10-07;2024-10-10;2024-11-15;2025-02-10;2025-02-12;2025-03-21;2025-03-28;2025-04-02;2025-04-07;2025-04-17;2025-04-23;2025-04-24;2025-04-25;2025-05-19;2025-05-22;2025-06-05;2025-06-11;2025-06-17;2025-07-03;2025-07-09;2025-07-15;2025-09-05;2025-10-02
132,20261048,133,2024-08-20;2024-08-21;2024-08-23;2024-08-24;2024-09-16;2024-09-24;2024-10-01;2024-10-02;2024-10-07;2024-10-08;2024-10-10;2024-10-11;2024-10-14;2024-10-18;2024-10-24;2024-11-11;2024-11-12;2024-11-15;2024-11-27;2024-12-09;2024-12-13;2025-01-16;2025-01-17;2025-02-03;2025-02-06;2025-02-07;2025-02-12;2025-02-25;2025-03-03;2025-03-04;2025-03-05;2025-03-06;2025-03-11;2025-03-12;2025-03-27;2025-03-28;2025-03-31;2025-04-02;2025-04-03;2025-04-07;2025-04-08;2025-04-16;2025-04-17;2025-04-18;2025-04-22;2025-04-25;2025-04-28;2025-05-14;2025-05-16;2025-05-19;2025-05-21;2025-05-22;2025-06-04;2025-06-05;2025-06-11;2025-06-14;2025-06-17;2025-06-20;2025-06-26;2025-06-27;2025-06-30;2025-07-08;2025-07-09;2025-07-18;2025-08-15;2025-08-18;2025-08-22;2025-09-05;2025-09-09;2025-09-10;2025-10-02;2025-10-03;2025-10-06;2025-10-07;2025-10-08;2025-10-21;2025-10-23;2025-11-06,2024-08-22;2024-08-27;2024-09-03;2024-10-15;2024-10-16;2024-11-07;2024-11-18;2025-01-27;2025-02-05;2025-02-10;2025-03-21;2025-03-26;2025-04-01;2025-04-09;2025-04-11;2025-04-15;2025-04-23;2025-04-24;2025-05-20;2025-07-01;2025-07-03;2025-07-15;2025-07-17;2025-09-04;2025-09-12;2025-09-16;2025-11-07
133,20261049,134,2024-08-20;2024-08-21;2024-08-22;2024-08-23;2024-08-24;2024-09-03;2024-10-01;2024-10-08;2024-10-10;2024-10-11;2024-10-16;2024-10-18;2024-10-24;2024-11-11;2024-11-12;2024-11-15;2024-11-18;2024-12-09;2024-12-13;2025-01-16;2025-01-17;2025-01-27;2025-02-03;2025-02-05;2025-02-07;2025-02-10;2025-02-25;2025-03-03;2025-03-05;2025-03-11;2025-03-12;2025-03-21;2025-03-26;2025-03-27;2025-03-28;2025-03-31;2025-04-01;2025-04-02;2025-04-03;2025-04-07;2025-04-08;2025-04-11;2025-04-17;2025-04-22;2025-04-23;2025-04-24;2025-04-25;2025-05-14;2025-05-16;2025-05-19;2025-05-20;2025-05-21;2025-05-22;2025-06-04;2025-06-05;2025-06-11;2025-06-14;2025-06-17;2025-06-27;2025-06-30;2025-07-01;2025-07-03;2025-07-09;2025-07-15;2025-07-17;2025-08-22;2025-09-04;2025-09-05;2025-09-09;2025-09-10;2025-09-12;2025-10-02;2025-10-03;2025-10-06;2025-10-07;2025-10-08;2025-10-21;2025-10-23,2024-08-27;2024-09-16;2024-09-24;2024-10-02;2024-10-07;2024-10-14;2024-10-15;2024-11-07;2024-11-27;2025-02-06;2025-02-12;2025-03-04;2025-03-06;2025-04-09;2025-04-15;2025-04-16;2025-04-18;2025-04-28;2025-06-20;2025-06-26;2025-07-08;2025-07-18;2025-08-15;2025-08-18;2025-09-16;2025-11-06;2025-11-07
134,20261050,135,2024-08-20;2024-08-23;2024-08-27;2024-09-03;2024-09-24;2024-10-01;2024-10-02;2024-10-07;2024-10-10;2024-10-11;2024-10-15;2024-10-16;2024-10-18;2024-11-07;2024-11-11;2024-11-12;2024-11-15;2024-11-18;2024-11-27;2024-12-09;2024-12-13;2025-01-16;2025-01-17;2025-01-27;2025-02-03;2025-02-05;2025-02-06;2025-02-10;2025-02-12;2025-02-25;2025-03-03;2025-03-06;2025-03-12;2025-03-21;2025-03-26;2025-03-28;2025-03-31;2025-04-02;2025-04-07;2025-04-08;2025-04-11;2025-04-15;2025-04-16;2025-04-17;2025-04-22;2025-04-23;2025-04-24;2025-04-25;2025-04-28;2025-05-16;2025-05-19;2025-05-20;2025-05-21;2025-05-22;2025-06-05;2025-06-11;2025-06-17;2025-06-26;2025-06-27;2025-07-01;2025-07-03;2025-07-08;2025-07-09;2025-07-15;2025-07-17;2025-07-18;2025-08-22;2025-09-04;2025-09-05;2025-09-09;2025-09-10;2025-09-12;2025-10-02;2025-10-03;2025-10-08;2025-10-23;2025-11-06;2025-11-07,2024-08-21;2024-08-22;2024-08-24;2024-09-16;2024-10-08;2024-10-14;2024-10-24;2025-02-07;2025-03-04;2025-03-05;2025-03-11;2025-03-27;2025-04-01;2025-04-03;2025-04-09;2025-04-18;2025-05-14;2025-06-04;2025-06-14;2025-06-20;2025-06-30;2025-08-15;2025-08-18;2025-09-16;2025-10-06;2025-10-07;2025-10-21
135,20261051,136,2024-08-21;2024-08-22;2024-08-23;2024-08-24;2024-08-27;2024-09-03;2024-09-24;2024-10-01;2024-10-07;2024-10-10;2024-10-14;2024-10-15;2024-10-16;2024-10-18;2024-10-24;2024-11-07;2024-11-11;2024-11-12;2024-11-15;2024-11-18;2024-12-09;2024-12-13;2025-01-16;2025-01-17;2025-01-27;2025-02-03;2025-02-06;2025-02-12;2025-02-25;2025-03-03;2025-03-04;2025-03-05;2025-03-06;2025-03-12;2025-03-21;2025-03-31;2025-04-02;2025-04-03;2025-04-07;2025-04-09;2025-04-11;2025-04-15;2025-04-17;2025-04-22;2025-04-25;2025-04-28;2025-05-14;2025-05-16;2025-05-19;2025-05-20;2025-05-21;2025-06-04;2025-06-05;2025-06-11;2025-06-14;2025-06-17;2025-06-20;2025-06-30;2025-07-01;2025-07-03;2025-07-08;2025-07-15;2025-07-18;2025-08-15;2025-08-18;2025-08-22;2025-09-05;2025-09-09;2025-09-12;2025-10-02;2025-10-03;2025-10-06;2025-10-07;2025-10-08;2025-10-21;2025-10-23;2025-11-06;2025-11-07,2024-08-20;2024-09-16;2024-10-02;2024-10-08;2024-10-11;2024-11-27;2025-02-05;2025-02-07;2025-02-10;2025-03-11;2025-03-26;2025-03-27;2025-03-28;2025-04-01;2025-04-08;2025-04-16;2025-04-18;2025-04-23;2025-04-24;2025-05-22;2025-06-26;2025-06-27;2025-07-09;2025-07-17;2025-09-04;2025-09-10;2025-09-16
136,20261052,137,2024-08-20;2024-08-21;2024-08-22;2024-08-23;2024-08-27;2024-09-03;2024-09-16;2024-09-24;2024-10-01;2024-10-02;2024-10-07;2024-10-08;2024-10-10;2024-10-11;2024-10-14;2024-10-15;2024-10-18;2024-10-24;2024-11-07;2024-11-11;2024-11-12;2024-11-27;2024-12-09;2024-12-13;2025-01-16;2025-01-17;2025-01-27;2025-02-03;2025-02-06;2025-02-25;2025-03-03;2025-03-05;2025-03-06;2025-03-21;2025-03-26;2025-03-28;2025-03-31;2025-04-01;2025-04-02;2025-04-03;2025-04-08;2025-04-09;2025-04-11;2025-04-15;2025-04-16;2025-04-18;2025-04-22;2025-04-23;2025-04-24;2025-05-16;2025-05-20;2025-05-21;2025-05-22;2025-06-04;2025-06-05;2025-06-11;2025-06-20;2025-06-26;2025-06-27;2025-06-30;2025-07-03;2025-07-08;2025-07-09;2025-07-18;2025-08-15;2025-08-18;2025-09-05;2025-09-10;2025-09-12;2025-09-16;2025-10-02;2025-10-06;2025-10-07;2025-10-08;2025-10-21;2025-10-23;2025-11-06;2025-11-07,2024-08-24;2024-10-16;2024-11-15;2024-11-18;2025-02-05;2025-02-07;2025-02-10;2025-02-12;2025-03-04;2025-03-11;2025-03-12;2025-03-27;2025-04-07;2025-04-17;2025-04-25;2025-04-28;2025-05-14;2025-05-19;2025-06-14;2025-06-17;2025-07-01;2025-07-15;2025-07-17;2025-08-22;2025-09-04;2025-09-09;2025-10-03
137,20261053,138,2024-08-20;2024-08-21;2024-08-23;2024-08-27;2024-09-03;2024-09-16;2024-09-24;2024-10-01;2024-10-07;2024-10-08;2024-10-10;2024-10-14;2024-10-15;2024-10-18;2024-10-24;2024-11-07;2024-11-12;2024-11-15;2024-11-27;2024-12-09;2024-12-13;2025-01-16;2025-01-27;2025-02-03;2025-02-05;2025-02-06;2025-02-07;2025-02-12;2025-02-25;2025-03-03;2025-03-04;2025-03-06;2025-03-12;2025-03-21;2025-03-26;2025-03-27;2025-03-28;2025-03-31;2025-04-01;2025-04-03;2025-04-07;2025-04-08;2025-04-09;2025-04-11;2025-04-16;2025-04-17;2025-04-22;2025-04-23;2025-04-25;2025-04-28;2025-05-19;2025-05-20;2025-05-21;2025-05-22;2025-06-14;2025-06-26;2025-06-27;2025-07-03;2025-07-08;2025-07-09;2025-07-15;2025-07-17;2025-07-18;2025-08-15;2025-08-18;2025-08-22;2025-09-05;2025-09-09;2025-09-10;2025-09-12;2025-09-16;2025-10-02;2025-10-03;2025-10-07;2025-10-08;2025-10-21;2025-11-06;2025-11-07,2024-08-22;2024-08-24;2024-10-02;2024-10-11;2024-10-16;2024-11-11;2024-11-18;2025-01-17;2025-02-10;2025-03-05;2025-03-11;2025-04-02;2025-04-15;2025-04-18;2025-04-24;2025-05-14;2025-05-16;2025-06-04;2025-06-05;2025-06-11;2025-06-17;2025-06-20;2025-06-30;2025-07-01;2025-09-04;2025-10-06;2025-10-23
138,20261054,139,2024-08-20;2024-08-21;2024-08-22;2024-08-23;2024-09-03;2024-09-16;2024-09-24;2024-10-01;2024-10-07;2024-10-08;2024-10-10;2024-10-11;2024-10-14;2024-10-18;2024-11-07;2024-11-11;2024-11-12;2024-11-15;2024-11-18;2024-12-09;2024-12-13;2025-01-16;2025-01-17;2025-02-03;2025-02-06;2025-02-07;2025-02-10;2025-02-12;2025-03-03;2025-03-04;2025-03-05;2025-03-06;2025-03-11;2025-03-12;2025-03-21;2025-03-26;2025-03-27;2025-03-28;2025-03-31;2025-04-01;2025-04-07;2025-04-09;2025-04-11;2025-04-15;2025-04-16;2025-04-17;2025-04-18;2025-04-22;2025-04-24;2025-04-25;2025-05-14;2025-05-16;2025-05-20;2025-05-21;2025-05-22;2025-06-11;2025-06-14;2025-06-17;2025-06-26;2025-06-27;2025-06-30;2025-07-01;2025-07-03;2025-07-09;2025-07-17;2025-08-15;2025-08-18;2025-08-22;2025-09-05;2025-09-09;2025-09-12;2025-09-16;2025-10-02;2025-10-03;2025-10-08;2025-10-21;2025-10-23;2025-11-06,2024-08-24;2024-08-27;2024-10-02;2024-10-15;2024-10-16;2024-10-24;2024-11-27;2025-01-27;2025-02-05;2025-02-25;2025-04-02;2025-04-03;2025-04-08;2025-04-23;2025-04-28;2025-05-19;2025-06-04;2025-06-05;2025-06-20;2025-07-08;2025-07-15;2025-07-18;2025-09-04;2025-09-10;2025-10-06;2025-10-07;2025-11-07
139,20261055,140,2024-08-20;2024-08-21;2024-08-23;2024-08-24;2024-08-27;2024-09-03;2024-09-16;2024-09-24;2024-10-02;2024-10-08;2024-10-14;2024-10-15;2024-10-16;2024-10-18;2024-11-07;2024-11-11;2024-11-15;2024-11-18;2024-11-27;2024-12-09;2024-12-13;2025-01-16;2025-01-17;2025-01-27;2025-02-03;2025-02-06;2025-02-07;2025-02-10;2025-02-12;2025-02-25;2025-03-03;2025-03-04;2025-03-05;2025-03-06;2025-03-11;2025-03-12;2025-03-26;2025-03-31;2025-04-07;2025-04-09;2025-04-11;2025-04-15;2025-04-16;2025-04-17;2025-04-18;2025-04-22;2025-04-24;2025-04-25;2025-04-28;2025-05-14;2025-05-16;2025-05-19;2025-05-20;2025-05-21;2025-05-22;2025-06-05;2025-06-11;2025-06-14;2025-06-20;2025-06-26;2025-06-30;2025-07-01;2025-07-03;2025-07-08;2025-07-09;2025-08-15;2025-08-18;2025-08-22;2025-09-05;2025-09-10;2025-09-12;2025-09-16;2025-10-02;2025-10-06;2025-10-07;2025-10-08;2025-11-06;2025-11-07,2024-08-22;2024-10-01;2024-10-07;2024-10-10;2024-10-11;2024-10-24;2024-11-12;2025-02-05;2025-03-21;2025-03-27;2025-03-28;2025-04-01;2025-04-02;2025-04-03;2025-04-08;2025-04-23;2025-06-04;2025-06-17;2025-06-27;2025-07-15;2025-07-17;2025-07-18;2025-09-04;2025-09-09;2025-10-03;2025-10-21;2025-10-23
140,20261056,141,2024-08-20;2024-08-21;2024-08-23;2024-08-24;2024-08-27;2024-09-03;2024-09-24;2024-10-01;2024-10-02;2024-10-07;2024-10-08;2024-10-10;2024-10-14;2024-10-16;2024-10-18;2024-10-24;2024-11-07;2024-11-11;2024-11-12;2024-11-15;2024-12-09;2024-12-13;2025-01-17;2025-01-27;2025-02-03;2025-02-05;2025-02-06;2025-02-10;2025-02-12;2025-02-25;2025-03-03;2025-03-06;2025-03-11;2025-03-21;2025-03-27;2025-03-28;2025-03-31;2025-04-02;2025-04-08;2025-04-09;2025-04-11;2025-04-15;2025-04-16;2025-04-17;2025-04-23;2025-04-24;2025-04-25;2025-04-28;2025-05-14;2025-05-16;2025-05-19;2025-05-20;2025-05-21;2025-05-22;2025-06-05;2025-06-11;2025-06-14;2025-06-17;2025-06-20;2025-06-27;2025-06-30;2025-07-01;2025-07-03;2025-07-09;2025-07-17;2025-08-15;2025-08-18;2025-08-22;2025-09-04;2025-09-09;2025-09-12;2025-09-16;2025-10-06;2025-10-07;2025-10-08;2025-10-21;2025-11-06;2025-11-07,2024-08-22;2024-09-16;2024-10-11;2024-10-15;2024-11-18;2024-11-27;2025-01-16;2025-02-07;2025-03-04;2025-03-05;2025-03-12;2025-03-26;2025-04-01;2025-04-03;2025-04-07;2025-04-18;2025-04-22;2025-06-04;2025-06-26;2025-07-08;2025-07-15;2025-07-18;2025-09-05;2025-09-10;2025-10-02;2025-10-03;2025-10-23
141,20261057,142,2024-08-20;2024-08-21;2024-08-22;2024-08-23;2024-08-27;2024-09-03;2024-09-24;2024-10-01;2024-10-02;2024-10-07;2024-10-10;2024-10-11;2024-10-14;2024-10-15;2024-10-18;2024-10-24;2024-11-07;2024-11-11;2024-11-12;2024-11-15;2024-11-27;2024-12-09;2024-12-13;2025-01-16;2025-01-17;2025-02-03;2025-02-07;2025-02-10;2025-02-25;2025-03-03;2025-03-04;2025-03-05;2025-03-06;2025-03-11;2025-03-12;2025-03-26;2025-03-27;2025-03-28;2025-03-31;2025-04-01;2025-04-02;2025-04-03;2025-04-07;2025-04-08;2025-04-09;2025-04-11;2025-04-15;2025-04-16;2025-04-18;2025-04-22;2025-04-23;2025-04-25;2025-05-14;2025-05-16;2025-05-19;2025-05-21;2025-05-22;2025-06-05;2025-06-11;2025-06-14;2025-06-20;2025-06-27;2025-06-30;2025-07-01;2025-07-03;2025-07-18;2025-08-15;2025-09-05;2025-09-09;2025-09-10;2025-10-02;2025-10-03;2025-10-06;2025-10-07;2025-10-08;2025-10-21;2025-10-23;2025-11-07,2024-08-24;2024-09-16;2024-10-08;2024-10-16;2024-11-18;2025-01-27;2025-02-05;2025-02-06;2025-02-12;2025-03-21;2025-04-17;2025-04-24;2025-04-28;2025-05-20;2025-06-04;2025-06-17;2025-06-26;2025-07-08;2025-07-09;2025-07-15;2025-07-17;2025-08-18;2025-08-22;2025-09-04;2025-09-12;2025-09-16;2025-11-06
142,20261058,143,2024-08-20;2024-08-21;2024-08-22;2024-08-23;2024-08-24;2024-08-27;2024-09-03;2024-09-16;2024-09-24;2024-10-01;2024-10-02;2024-10-07;2024-10-10;2024-10-15;2024-10-16;2024-10-18;2024-10-24;2024-11-12;2024-11-27;2024-12-13;2025-01-16;2025-01-17;2025-02-03;2025-02-06;2025-02-07;2025-02-12;2025-02-25;2025-03-03;2025-03-04;2025-03-05;2025-03-06;2025-03-11;2025-03-12;2025-03-26;2025-03-27;2025-03-28;2025-04-01;2025-04-03;2025-04-07;2025-04-09;2025-04-11;2025-04-15;2025-04-16;2025-04-17;2025-04-18;2025-04-23;2025-04-24;2025-04-25;2025-04-28;2025-05-14;2025-05-16;2025-05-19;2025-05-20;2025-05-21;2025-05-22;2025-06-04;2025-06-05;2025-06-20;2025-06-26;2025-06-27;2025-07-01;2025-07-08;2025-07-15;2025-07-17;2025-07-18;2025-08-15;2025-08-22;2025-09-04;2025-09-09;2025-09-12;2025-09-16;2025-10-02;2025-10-03;2025-10-06;2025-10-07;2025-10-21;2025-11-06;2025-11-07,2024-10-08;2024-10-11;2024-10-14;2024-11-07;2024-11-11;2024-11-15;2024-11-18;2024-12-09;2025-01-27;2025-02-05;2025-02-10;2025-03-21;2025-03-31;2025-04-02;2025-04-08;2025-04-22;2025-06-11;2025-06-14;2025-06-17;2025-06-30;2025-07-03;2025-07-09;2025-08-18;2025-09-05;2025-09-10;2025-10-08;2025-10-23
143,20261059,144,2024-08-20;2024-08-21;2024-08-22;2024-08-23;2024-08-24;2024-08-27;2024-09-03;2024-09-16;2024-10-01;2024-10-02;2024-10-07;2024-10-10;2024-10-11;2024-10-15;2024-10-16;2024-10-18;2024-11-07;2024-11-12;2024-11-15;2024-11-27;2024-12-09;2025-01-17;2025-01-27;2025-02-05;2025-02-06;2025-02-07;2025-02-12;2025-03-03;2025-03-04;2025-03-06;2025-03-11;2025-03-21;2025-03-27;2025-03-31;2025-04-01;2025-04-02;2025-04-03;2025-04-07;2025-04-08;2025-04-09;2025-04-17;2025-04-18;2025-04-22;2025-04-23;2025-04-24;2025-04-25;2025-04-28;2025-05-16;2025-05-19;2025-05-20;2025-05-21;2025-06-04;2025-06-05;2025-06-11;2025-06-14;2025-06-17;2025-06-27;2025-06-30;2025-07-01;2025-07-03;2025-07-08;2025-07-09;2025-07-15;2025-07-17;2025-07-18;2025-08-22;2025-09-04;2025-09-05;2025-09-09;2025-09-16;2025-10-02;2025-10-06;2025-10-07;2025-10-08;2025-10-21;2025-10-23;2025-11-06;2025-11-07,2024-09-24;2024-10-08;2024-10-14;2024-10-24;2024-11-11;2024-11-18;2024-12-13;2025-01-16;2025-02-03;2025-02-10;2025-02-25;2025-03-05;2025-03-12;2025-03-26;2025-03-28;2025-04-11;2025-04-15;2025-04-16;2025-05-14;2025-05-22;2025-06-20;2025-06-26;2025-08-15;2025-08-18;2025-09-10;2025-09-12;2025-10-03
144,20261060,145,2024-08-20;2024-08-21;2024-08-23;2024-08-24;2024-08-27;2024-09-16;2024-09-24;2024-10-01;2024-10-02;2024-10-07;2024-10-08;2024-10-10;2024-10-14;2024-10-15;2024-10-16;2024-10-18;2024-10-24;2024-11-07;2024-11-11;2024-11-15;2024-11-18;2024-11-27;2024-12-09;2024-12-13;2025-01-16;2025-01-17;2025-01-27;2025-02-03;2025-02-06;2025-02-07;2025-02-10;2025-02-12;2025-02-25;2025-03-04;2025-03-06;2025-03-11;2025-03-12;2025-03-26;2025-03-28;2025-03-31;2025-04-01;2025-04-03;2025-04-07;2025-04-09;2025-04-11;2025-04-16;2025-04-17;2025-04-18;2025-04-22;2025-05-14;2025-05-16;2025-05-21;2025-05-22;2025-06-04;2025-06-05;2025-06-11;2025-06-14;2025-06-17;2025-06-20;2025-06-26;2025-06-30;2025-07-01;2025-07-03;2025-07-08;2025-07-15;2025-07-17;2025-07-18;2025-08-15;2025-08-18;2025-08-22;2025-09-04;2025-09-09;2025-09-10;2025-09-16;2025-10-06;2025-10-07;2025-10-21;2025-11-07,2024-08-22;2024-09-03;2024-10-11;2024-11-12;2025-02-05;2025-03-03;2025-03-05;2025-03-21;2025-03-27;2025-04-02;2025-04-08;2025-04-15;2025-04-23;2025-04-24;2025-04-25;2025-04-28;2025-05-19;2025-05-20;2025-06-27;2025-07-09;2025-09-05;2025-09-12;2025-10-02;2025-10-03;2025-10-08;2025-10-23;2025-11-06
145,20261061,146,2024-08-21;2024-08-22;2024-08-23;2024-08-24;2024-09-03;2024-09-16;2024-10-01;2024-10-02;2024-10-07;2024-10-08;2024-10-11;2024-10-14;2024-10-15;2024-10-16;2024-10-18;2024-10-24;2024-11-07;2024-11-11;2024-11-15;2024-11-27;2024-12-09;2024-12-13;2025-01-16;2025-01-17;2025-01-27;2025-02-03;2025-02-06;2025-02-07;2025-02-10;2025-02-12;2025-02-25;2025-03-03;2025-03-05;2025-03-06;2025-03-12;2025-03-21;2025-03-26;2025-03-27;2025-03-28;2025-03-31;2025-04-01;2025-04-02;2025-04-03;2025-04-07;2025-04-09;2025-04-11;2025-04-15;2025-04-16;2025-04-22;2025-04-23;2025-04-28;2025-05-14;2025-05-19;2025-05-20;2025-05-22;2025-06-04;2025-06-05;2025-06-11;2025-06-14;2025-06-17;2025-06-20;2025-06-27;2025-07-01;2025-07-03;2025-07-18;2025-08-18;2025-08-22;2025-09-04;2025-09-05;2025-09-09;2025-09-10;2025-09-16;2025-10-02;2025-10-03;2025-10-07;2025-10-21;2025-10-23;2025-11-06,2024-08-20;2024-08-27;2024-09-24;2024-10-10;2024-11-12;2024-11-18;2025-02-05;2025-03-04;2025-03-11;2025-04-08;2025-04-17;2025-04-18;2025-04-24;2025-04-25;2025-05-16;2025-05-21;2025-06-26;2025-06-30;2025-07-08;2025-07-09;2025-07-15;2025-07-17;2025-08-15;2025-09-12;2025-10-06;2025-10-08;2025-11-07
146,20261062,147,2024-08-20;2024-08-22;2024-08-23;2024-08-24;2024-08-27;2024-09-03;2024-09-24;2024-10-01;2024-10-02;2024-10-08;2024-10-10;2024-10-11;2024-10-14;2024-10-15;2024-10-16;2024-10-18;2024-11-11;2024-11-15;2024-11-18;2024-11-27;2024-12-09;2024-12-13;2025-01-17;2025-01-27;2025-02-05;2025-02-06;2025-02-07;2025-02-10;2025-03-03;2025-03-04;2025-03-05;2025-03-11;2025-03-12;2025-03-26;2025-03-28;2025-03-31;2025-04-01;2025-04-02;2025-04-03;2025-04-07;2025-04-08;2025-04-09;2025-04-11;2025-04-15;2025-04-16;2025-04-17;2025-04-18;2025-04-22;2025-04-24;2025-04-25;2025-04-28;2025-05-16;2025-05-19;2025-05-20;2025-05-22;2025-06-04;2025-06-05;2025-06-11;2025-06-14;2025-06-17;2025-06-26;2025-06-30;2025-07-03;2025-07-09;2025-07-17;2025-07-18;2025-08-18;2025-08-22;2025-09-05;2025-09-10;2025-09-12;2025-09-16;2025-10-02;2025-10-03;2025-10-07;2025-10-21;2025-10-23;2025-11-07,2024-08-21;2024-09-16;2024-10-07;2024-10-24;2024-11-07;2024-11-12;2025-01-16;2025-02-03;2025-02-12;2025-02-25;2025-03-06;2025-03-21;2025-03-27;2025-04-23;2025-05-14;2025-05-21;2025-06-20;2025-06-27;2025-07-01;2025-07-08;2025-07-15;2025-08-15;2025-09-04;2025-09-09;2025-10-06;2025-10-08;2025-11-06
147,20261063,148,2024-08-21;2024-08-22;2024-08-23;2024-08-24;2024-09-03;2024-10-01;2024-10-02;2024-10-07;2024-10-10;2024-10-11;2024-10-16;2024-10-18;2024-10-24;2024-11-07;2024-11-11;2024-11-12;2024-11-15;2024-11-27;2024-12-09;2024-12-13;2025-01-16;2025-01-17;2025-01-27;2025-02-03;2025-02-05;2025-02-06;2025-02-25;2025-03-03;2025-03-04;2025-03-06;2025-03-11;2025-03-12;2025-03-21;2025-03-26;2025-03-28;2025-03-31;2025-04-01;2025-04-02;2025-04-03;2025-04-07;2025-04-08;2025-04-11;2025-04-15;2025-04-16;2025-04-17;2025-04-18;2025-04-22;2025-04-24;2025-05-14;2025-05-16;2025-05-19;2025-05-20;2025-05-21;2025-05-22;2025-06-04;2025-06-05;2025-06-11;2025-06-14;2025-06-17;2025-06-26;2025-06-27;2025-07-03;2025-07-08;2025-07-09;2025-07-15;2025-07-17;2025-07-18;2025-08-18;2025-08-22;2025-09-10;2025-09-16;2025-10-02;2025-10-03;2025-10-07;2025-10-08;2025-10-21;2025-10-23;2025-11-06,2024-08-20;2024-08-27;2024-09-16;2024-09-24;2024-10-08;2024-10-14;2024-10-15;2024-11-18;2025-02-07;2025-02-10;2025-02-12;2025-03-05;2025-03-27;2025-04-09;2025-04-23;2025-04-25;2025-04-28;2025-06-20;2025-06-30;2025-07-01;2025-08-15;2025-09-04;2025-09-05;2025-09-09;2025-09-12;2025-10-06;2025-11-07
148,20261064,149,2024-08-21;2024-08-23;2024-08-24;2024-08-27;2024-09-03;2024-09-16;2024-09-24;2024-10-02;2024-10-07;2024-10-08;2024-10-10;2024-10-11;2024-10-14;2024-10-15;2024-10-16;2024-10-24;2024-11-07;2024-11-12;2024-11-27;2024-12-09;2024-12-13;2025-01-16;2025-01-27;2025-02-05;2025-02-07;2025-02-10;2025-02-12;2025-02-25;2025-03-03;2025-03-06;2025-03-11;2025-03-12;2025-03-21;2025-03-26;2025-04-01;2025-04-02;2025-04-03;2025-04-07;2025-04-08;2025-04-11;2025-04-15;2025-04-16;2025-04-17;2025-04-18;2025-04-22;2025-04-23;2025-04-24;2025-04-25;2025-04-28;2025-05-14;2025-05-16;2025-05-21;2025-05-22;2025-06-04;2025-06-05;2025-06-11;2025-06-14;2025-06-17;2025-06-26;2025-06-27;2025-06-30;2025-07-03;2025-07-08;2025-07-15;2025-07-18;2025-08-15;2025-08-22;2025-09-05;2025-09-09;2025-09-10;2025-09-12;2025-10-02;2025-10-03;2025-10-06;2025-10-07;2025-10-08;2025-11-06;2025-11-07,2024-08-20;2024-08-22;2024-10-01;2024-10-18;2024-11-11;2024-11-15;2024-11-18;2025-01-17;2025-02-03;2025-02-06;2025-03-04;2025-03-05;2025-03-27;2025-03-28;2025-03-31;2025-04-09;2025-05-19;2025-05-20;2025-06-20;2025-07-01;2025-07-09;2025-07-17;2025-08-18;2025-09-04;2025-09-16;2025-10-21;2025-10-23
149,20261065,150,2024-08-20;2024-08-21;2024-08-22;2024-08-23;2024-08-24;2024-08-27;2024-09-16;2024-09-24;2024-10-01;2024-10-02;2024-10-10;2024-10-18;2024-10-24;2024-11-07;2024-11-11;2024-11-12;2024-11-18;2024-11-27;2024-12-09;2024-12-13;2025-02-03;2025-02-05;2025-02-06;2025-02-10;2025-02-12;2025-02-25;2025-03-03;2025-03-04;2025-03-06;2025-03-11;2025-03-12;2025-03-21;2025-03-26;2025-03-27;2025-03-31;2025-04-01;2025-04-02;2025-04-03;2025-04-08;2025-04-09;2025-04-11;2025-04-17;2025-04-18;2025-04-22;2025-04-23;2025-04-24;2025-04-25;2025-04-28;2025-05-14;2025-05-16;2025-05-20;2025-05-21;2025-05-22;2025-06-04;2025-06-05;2025-06-11;2025-06-14;2025-06-17;2025-06-20;2025-06-27;2025-06-30;2025-07-01;2025-07-03;2025-07-08;2025-07-09;2025-07-15;2025-07-18;2025-08-15;2025-08-18;2025-08-22;2025-09-05;2025-09-09;2025-10-02;2025-10-06;2025-10-07;2025-10-08;2025-10-23;2025-11-07,2024-09-03;2024-10-07;2024-10-08;2024-10-11;2024-10-14;2024-10-15;2024-10-16;2024-11-15;2025-01-16;2025-01-17;2025-01-27;2025-02-07;2025-03-05;2025-03-28;2025-04-07;2025-04-15;2025-04-16;2025-05-19;2025-06-26;2025-07-17;2025-09-04;2025-09-10;2025-09-12;2025-09-16;2025-10-03;2025-10-21;2025-11-06
150,20261066,151,2024-08-21;2024-08-22;2024-08-23;2024-08-24;2024-08-27;2024-09-24;2024-10-02;2024-10-07;2024-10-08;2024-10-10;2024-10-11;2024-10-15;2024-10-16;2024-10-18;2024-11-11;2024-11-12;2024-11-15;2024-11-18;2024-11-27;2024-12-09;2024-12-13;2025-01-16;2025-01-17;2025-01-27;2025-02-05;2025-02-06;2025-02-10;2025-02-25;2025-03-03;2025-03-05;2025-03-06;2025-03-11;2025-03-12;2025-03-21;2025-03-26;2025-03-27;2025-03-28;2025-03-31;2025-04-01;2025-04-02;2025-04-08;2025-04-09;2025-04-11;2025-04-15;2025-04-17;2025-04-22;2025-04-23;2025-04-24;2025-04-25;2025-04-28;2025-05-14;2025-05-21;2025-05-22;2025-06-04;2025-06-05;2025-06-20;2025-06-26;2025-06-30;2025-07-01;2025-07-03;2025-07-08;2025-07-09;2025-07-15;2025-07-17;2025-07-18;2025-08-15;2025-08-22;2025-09-05;2025-09-09;2025-09-12;2025-10-02;2025-10-03;2025-10-06;2025-10-07;2025-10-08;2025-10-21;2025-10-23;2025-11-06,2024-08-20;2024-09-03;2024-09-16;2024-10-01;2024-10-14;2024-10-24;2024-11-07;2025-02-03;2025-02-07;2025-02-12;2025-03-04;2025-04-03;2025-04-07;2025-04-16;2025-04-18;2025-05-16;2025-05-19;2025-05-20;2025-06-11;2025-06-14;2025-06-17;2025-06-27;2025-08-18;2025-09-04;2025-09-10;2025-09-16;2025-11-07
151,20261067,152,2024-08-20;2024-08-22;2024-08-23;2024-08-24;2024-08-27;2024-09-16;2024-09-24;2024-10-01;2024-10-02;2024-10-07;2024-10-08;2024-10-10;2024-10-14;2024-10-15;2024-10-16;2024-10-24;2024-11-15;2024-11-27;2024-12-09;2024-12-13;2025-01-16;2025-01-17;2025-01-27;2025-02-03;2025-02-05;2025-02-06;2025-02-07;2025-02-10;2025-02-25;2025-03-03;2025-03-04;2025-03-05;2025-03-11;2025-03-12;2025-03-27;2025-03-28;2025-03-31;2025-04-01;2025-04-02;2025-04-07;2025-04-08;2025-04-09;2025-04-11;2025-04-17;2025-04-18;2025-04-22;2025-04-23;2025-04-25;2025-04-28;2025-05-16;2025-05-19;2025-05-20;2025-05-21;2025-05-22;2025-06-04;2025-06-05;2025-06-11;2025-06-17;2025-06-20;2025-06-30;2025-07-01;2025-07-03;2025-07-08;2025-07-09;2025-07-15;2025-07-18;2025-08-15;2025-08-18;2025-09-04;2025-09-09;2025-09-10;2025-09-12;2025-10-03;2025-10-06;2025-10-07;2025-10-08;2025-10-21;2025-11-06,2024-08-21;2024-09-03;2024-10-11;2024-10-18;2024-11-07;2024-11-11;2024-11-12;2024-11-18;2025-02-12;2025-03-06;2025-03-21;2025-03-26;2025-04-03;2025-04-15;2025-04-16;2025-04-24;2025-05-14;2025-06-14;2025-06-26;2025-06-27;2025-07-17;2025-08-22;2025-09-05;2025-09-16;2025-10-02;2025-10-23;2025-11-07
152,20261068,153,2024-08-20;2024-08-22;2024-08-23;2024-08-24;2024-08-27;2024-09-16;2024-09-24;2024-10-01;2024-10-02;2024-10-08;2024-10-10;2024-10-11;2024-10-14;2024-10-15;2024-10-16;2024-10-18;2024-10-24;2024-11-07;2024-11-11;2024-11-18;2024-11-27;2024-12-13;2025-01-16;2025-01-17;2025-01-27;2025-02-03;2025-02-05;2025-02-06;2025-02-07;2025-02-10;2025-02-25;2025-03-03;2025-03-05;2025-03-06;2025-03-11;2025-03-12;2025-03-28;2025-03-31;2025-04-01;2025-04-02;2025-04-03;2025-04-08;2025-04-09;2025-04-11;2025-04-17;2025-04-18;2025-04-24;2025-04-25;2025-04-28;2025-05-20;2025-05-21;2025-05-22;2025-06-04;2025-06-05;2025-06-11;2025-06-14;2025-06-26;2025-06-27;2025-06-30;2025-07-01;2025-07-03;2025-07-08;2025-07-09;2025-07-18;2025-08-15;2025-08-18;2025-08-22;2025-09-04;2025-09-10;2025-09-12;2025-09-16;2025-10-02;2025-10-03;2025-10-07;2025-10-21;2025-10-23;2025-11-06;2025-11-07,2024-08-21;2024-09-03;2024-10-07;2024-11-12;2024-11-15;2024-12-09;2025-02-12;2025-03-04;2025-03-21;2025-03-26;2025-03-27;2025-04-07;2025-04-15;2025-04-16;2025-04-22;2025-04-23;2025-05-14;2025-05-16;2025-05-19;2025-06-17;2025-06-20;2025-07-15;2025-07-17;2025-09-05;2025-09-09;2025-10-06;2025-10-08
153,20261069,154,2024-08-21;2024-08-23;2024-08-24;2024-09-03;2024-09-16;2024-09-24;2024-10-08;2024-10-11;2024-10-15;2024-10-16;2024-10-18;2024-11-07;2024-11-11;2024-11-15;2024-11-18;2024-12-09;2024-12-13;2025-01-16;2025-01-17;2025-02-05;2025-02-06;2025-02-10;2025-02-12;2025-02-25;2025-03-04;2025-03-06;2025-03-11;2025-03-12;2025-03-26;2025-03-27;2025-03-28;2025-04-01;2025-04-03;2025-04-07;2025-04-08;2025-04-09;2025-04-11;2025-04-15;2025-04-16;2025-04-17;2025-04-22;2025-04-23;2025-04-24;2025-04-28;2025-05-14;2025-05-16;2025-05-19;2025-05-21;2025-05-22;2025-06-05;2025-06-11;2025-06-14;2025-06-17;2025-06-20;2025-06-26;2025-06-27;2025-06-30;2025-07-01;2025-07-03;2025-07-08;2025-07-09;2025-07-17;2025-07-18;2025-08-18;2025-09-04;2025-09-05;2025-09-09;2025-09-10;2025-09-12;2025-09-16;2025-10-02;2025-10-03;2025-10-06;2025-10-07;2025-10-08;2025-10-23;2025-11-06;2025-11-07,2024-08-20;2024-08-22;2024-08-27;2024-10-01;2024-10-02;2024-10-07;2024-10-10;2024-10-14;2024-10-24;2024-11-12;2024-11-27;2025-01-27;2025-02-03;2025-02-07;2025-03-03;2025-03-05;2025-03-21;2025-03-31;2025-04-02;2025-04-18;2025-04-25;2025-05-20;2025-06-04;2025-07-15;2025-08-15;2025-08-22;2025-10-21
154,20261070,155,2024-08-24;2024-09-03;2024-09-16;2024-09-24;2024-10-01;2024-10-02;2024-10-07;2024-10-10;2024-10-14;2024-10-15;2024-10-16;2024-10-18;2024-11-07;2024-11-11;2024-11-12;2024-11-15;2024-11-18;2024-11-27;2024-12-09;2024-12-13;2025-01-16;2025-01-17;2025-01-27;2025-02-03;2025-02-05;2025-02-06;2025-02-07;2025-02-12;2025-02-25;2025-03-03;2025-03-04;2025-03-06;2025-03-11;2025-03-12;2025-03-21;2025-03-26;2025-03-27;2025-03-28;2025-03-31;2025-04-01;2025-04-02;2025-04-03;2025-04-07;2025-04-08;2025-04-09;2025-04-15;2025-04-17;2025-04-23;2025-04-24;2025-04-25;2025-04-28;2025-05-14;2025-05-19;2025-05-20;2025-05-21;2025-06-04;2025-06-11;2025-06-14;2025-06-20;2025-06-26;2025-06-27;2025-06-30;2025-07-01;2025-07-03;2025-07-09;2025-07-15;2025-07-18;2025-08-15;2025-08-18;2025-09-04;2025-09-05;2025-09-10;2025-09-12;2025-09-16;2025-10-06;2025-10-07;2025-11-06;2025-11-07,2024-08-20;2024-08-21;2024-08-22;2024-08-23;2024-08-27;2024-10-08;2024-10-11;2024-10-24;2025-02-10;2025-03-05;2025-04-11;2025-04-16;2025-04-18;2025-04-22;2025-05-16;2025-05-22;2025-06-05;2025-06-17;2025-07-08;2025-07-17;2025-08-22;2025-09-09;2025-10-02;2025-10-03;2025-10-08;2025-10-21;2025-10-23
155,20261071,156,2024-08-21;2024-08-22;2024-08-23;2024-09-16;2024-09-24;2024-10-01;2024-10-07;2024-10-08;2024-10-10;2024-10-11;2024-10-14;2024-10-16;2024-10-18;2024-10-24;2024-11-07;2024-11-12;2024-11-18;2024-11-27;2024-12-09;2024-12-13;2025-01-16;2025-02-03;2025-02-05;2025-02-07;2025-02-12;2025-02-25;2025-03-03;2025-03-04;2025-03-05;2025-03-06;2025-03-11;2025-03-12;2025-03-21;2025-03-28;2025-04-01;2025-04-02;2025-04-07;2025-04-08;2025-04-09;2025-04-11;2025-04-15;2025-04-17;2025-04-18;2025-04-22;2025-04-24;2025-04-28;2025-05-14;2025-05-16;2025-05-19;2025-05-20;2025-05-21;2025-05-22;2025-06-04;2025-06-05;2025-06-14;2025-06-17;2025-06-20;2025-06-27;2025-06-30;2025-07-01;2025-07-03;2025-07-08;2025-07-09;2025-07-15;2025-07-17;2025-07-18;2025-08-15;2025-08-22;2025-09-09;2025-09-10;2025-09-12;2025-10-02;2025-10-03;2025-10-06;2025-10-08;2025-10-21;2025-10-23;2025-11-07,2024-08-20;2024-08-24;2024-08-27;2024-09-03;2024-10-02;2024-10-15;2024-11-11;2024-11-15;2025-01-17;2025-01-27;2025-02-06;2025-02-10;2025-03-26;2025-03-27;2025-03-31;2025-04-03;2025-04-16;2025-04-23;2025-04-25;2025-06-11;2025-06-26;2025-08-18;2025-09-04;2025-09-05;2025-09-16;2025-10-07;2025-11-06
156,20261072,157,2024-08-21;2024-08-22;2024-08-23;2024-08-24;2024-09-03;2024-09-24;2024-10-01;2024-10-02;2024-10-07;2024-10-10;2024-10-11;2024-10-14;2024-10-15;2024-10-18;2024-11-07;2024-11-11;2024-11-12;2024-11-15;2024-12-09;2024-12-13;2025-01-16;2025-01-17;2025-01-27;2025-02-05;2025-02-06;2025-02-07;2025-02-12;2025-02-25;2025-03-03;2025-03-05;2025-03-06;2025-03-11;2025-03-12;2025-03-21;2025-03-27;2025-03-31;2025-04-02;2025-04-03;2025-04-08;2025-04-15;2025-04-16;2025-04-17;2025-04-18;2025-04-22;2025-04-23;2025-04-24;2025-04-28;2025-05-14;2025-05-16;2025-05-19;2025-05-20;2025-06-04;2025-06-05;2025-06-11;2025-06-14;2025-06-17;2025-06-20;2025-06-30;2025-07-01;2025-07-03;2025-07-08;2025-07-15;2025-07-17;2025-08-15;2025-08-18;2025-08-22;2025-09-05;2025-09-10;2025-09-12;2025-09-16;2025-10-02;2025-10-03;2025-10-06;2025-10-08;2025-10-21;2025-10-23;2025-11-06;2025-11-07,2024-08-20;2024-08-27;2024-09-16;2024-10-08;2024-10-16;2024-10-24;2024-11-18;2024-11-27;2025-02-03;2025-02-10;2025-03-04;2025-03-26;2025-03-28;2025-04-01;2025-04-07;2025-04-09;2025-04-11;2025-04-25;2025-05-21;2025-05-22;2025-06-26;2025-06-27;2025-07-09;2025-07-18;2025-09-04;2025-09-09;2025-10-07
157,20261073,158,2024-08-20;2024-08-21;2024-08-22;2024-08-23;2024-08-27;2024-09-03;2024-09-16;2024-09-24;2024-10-01;2024-10-02;2024-10-07;2024-10-08;2024-10-14;2024-10-15;2024-10-16;2024-10-24;2024-11-07;2024-11-11;2024-11-12;2024-11-15;2024-11-18;2024-11-27;2024-12-13;2025-01-16;2025-01-17;2025-01-27;2025-02-03;2025-02-05;2025-02-06;2025-02-07;2025-02-10;2025-03-03;2025-03-04;2025-03-11;2025-03-12;2025-03-26;2025-03-27;2025-03-31;2025-04-08;2025-04-09;2025-04-18;2025-04-23;2025-04-24;2025-04-25;2025-04-28;2025-05-14;2025-05-19;2025-05-20;2025-05-21;2025-05-22;2025-06-05;2025-06-11;2025-06-14;2025-06-20;2025-06-30;2025-07-01;2025-07-03;2025-07-08;2025-07-09;2025-07-15;2025-07-17;2025-07-18;2025-08-15;2025-08-18;2025-09-04;2025-09-05;2025-09-09;2025-09-10;2025-09-12;2025-09-16;2025-10-03;2025-10-06;2025-10-07;2025-10-08;2025-10-21;2025-10-23;2025-11-06;2025-11-07,2024-08-24;2024-10-10;2024-10-11;2024-10-18;2024-12-09;2025-02-12;2025-02-25;2025-03-05;2025-03-06;2025-03-21;2025-03-28;2025-04-01;2025-04-02;2025-04-03;2025-04-07;2025-04-11;2025-04-15;2025-04-16;2025-04-17;2025-04-22;2025-05-16;2025-06-04;2025-06-17;2025-06-26;2025-06-27;2025-08-22;2025-10-02
158,20261074,159,2024-08-20;2024-08-21;2024-08-23;2024-08-24;2024-09-03;2024-09-24;2024-10-01;2024-10-02;2024-10-07;2024-10-08;2024-10-14;2024-10-15;2024-10-16;2024-10-18;2024-10-24;2024-11-07;2024-11-11;2024-11-12;2024-11-15;2024-11-18;2024-11-27;2024-12-09;2025-01-16;2025-01-17;2025-01-27;2025-02-03;2025-02-05;2025-02-12;2025-02-25;2025-03-05;2025-03-11;2025-03-12;2025-03-21;2025-03-27;2025-03-31;2025-04-01;2025-04-02;2025-04-03;2025-04-07;2025-04-08;2025-04-09;2025-04-11;2025-04-15;2025-04-16;2025-04-17;2025-04-18;2025-04-22;2025-04-23;2025-04-24;2025-04-25;2025-04-28;2025-05-14;2025-05-19;2025-05-20;2025-05-21;2025-06-04;2025-06-05;2025-06-11;2025-06-14;2025-06-20;2025-06-26;2025-06-30;2025-07-09;2025-07-15;2025-07-17;2025-07-18;2025-08-15;2025-08-18;2025-08-22;2025-09-04;2025-09-05;2025-09-09;2025-09-10;2025-10-03;2025-10-06;2025-10-08;2025-10-21;2025-10-23,2024-08-22;2024-08-27;2024-09-16;2024-10-10;2024-10-11;2024-12-13;2025-02-06;2025-02-07;2025-02-10;2025-03-03;2025-03-04;2025-03-06;2025-03-26;2025-03-28;2025-05-16;2025-05-22;2025-06-17;2025-06-27;2025-07-01;2025-07-03;2025-07-08;2025-09-12;2025-09-16;2025-10-02;2025-10-07;2025-11-06;2025-11-07
159,20261075,160,2024-08-21;2024-08-22;2024-08-23;2024-09-03;2024-09-24;2024-10-01;2024-10-07;2024-10-08;2024-10-10;2024-10-14;2024-10-15;2024-10-16;2024-10-18;2024-10-24;2024-11-11;2024-11-15;2024-11-18;2024-11-27;2024-12-09;2024-12-13;2025-01-16;2025-01-17;2025-01-27;2025-02-03;2025-02-05;2025-02-06;2025-02-07;2025-02-10;2025-02-12;2025-02-25;2025-03-03;2025-03-04;2025-03-05;2025-03-06;2025-03-21;2025-03-27;2025-03-28;2025-03-31;2025-04-01;2025-04-02;2025-04-09;2025-04-11;2025-04-15;2025-04-17;2025-04-18;2025-04-22;2025-04-23;2025-04-24;2025-04-28;2025-05-16;2025-05-21;2025-05-22;2025-06-04;2025-06-05;2025-06-11;2025-06-14;2025-06-20;2025-06-30;2025-07-01;2025-07-03;2025-07-08;2025-07-09;2025-07-15;2025-07-17;2025-07-18;2025-08-15;2025-08-18;2025-09-04;2025-09-05;2025-09-09;2025-09-16;2025-10-06;2025-10-07;2025-10-08;2025-10-21;2025-10-23;2025-11-06;2025-11-07,2024-08-20;2024-08-24;2024-08-27;2024-09-16;2024-10-02;2024-10-11;2024-11-07;2024-11-12;2025-03-11;2025-03-12;2025-03-26;2025-04-03;2025-04-07;2025-04-08;2025-04-16;2025-04-25;2025-05-14;2025-05-19;2025-05-20;2025-06-17;2025-06-26;2025-06-27;2025-08-22;2025-09-10;2025-09-12;2025-10-02;2025-10-03
160,20261076,161,2024-08-21;2024-08-22;2024-08-23;2024-08-24;2024-08-27;2024-09-03;2024-09-16;2024-10-02;2024-10-07;2024-10-08;2024-10-11;2024-10-14;2024-10-15;2024-10-16;2024-10-18;2024-10-24;2024-11-11;2024-11-12;2024-12-09;2024-12-13;2025-01-16;2025-01-17;2025-02-03;2025-02-05;2025-02-06;2025-02-07;2025-02-10;2025-02-12;2025-02-25;2025-03-03;2025-03-04;2025-03-05;2025-03-12;2025-03-21;2025-03-26;2025-03-27;2025-03-28;2025-04-01;2025-04-02;2025-04-07;2025-04-09;2025-04-15;2025-04-16;2025-04-17;2025-04-18;2025-04-22;2025-04-28;2025-05-14;2025-05-16;2025-05-19;2025-05-20;2025-05-21;2025-05-22;2025-06-04;2025-06-11;2025-06-17;2025-06-20;2025-06-27;2025-07-01;2025-07-03;2025-07-08;2025-07-09;2025-07-15;2025-08-15;2025-09-04;2025-09-05;2025-09-09;2025-09-10;2025-09-16;2025-10-02;2025-10-03;2025-10-06;2025-10-07;2025-10-08;2025-10-21;2025-10-23;2025-11-06;2025-11-07,2024-08-20;2024-09-24;2024-10-01;2024-10-10;2024-11-07;2024-11-15;2024-11-18;2024-11-27;2025-01-27;2025-03-06;2025-03-11;2025-03-31;2025-04-03;2025-04-08;2025-04-11;2025-04-23;2025-04-24;2025-04-25;2025-06-05;2025-06-14;2025-06-26;2025-06-30;2025-07-17;2025-07-18;2025-08-18;2025-08-22;2025-09-12
161,20261077,162,2024-08-22;2024-08-23;2024-08-27;2024-09-03;2024-09-16;2024-10-01;2024-10-02;2024-10-07;2024-10-08;2024-10-10;2024-10-11;2024-10-15;2024-10-18;2024-10-24;2024-11-11;2024-11-12;2024-11-15;2024-11-18;2024-11-27;2024-12-09;2025-01-16;2025-01-17;2025-02-03;2025-02-05;2025-02-06;2025-02-07;2025-02-12;2025-02-25;2025-03-05;2025-03-11;2025-03-12;2025-03-21;2025-03-26;2025-03-27;2025-03-28;2025-03-31;2025-04-01;2025-04-02;2025-04-03;2025-04-08;2025-04-09;2025-04-11;2025-04-16;2025-04-18;2025-04-22;2025-04-23;2025-04-24;2025-04-25;2025-04-28;2025-05-16;2025-05-19;2025-05-20;2025-05-21;2025-06-04;2025-06-05;2025-06-14;2025-06-17;2025-06-20;2025-06-26;2025-06-27;2025-07-01;2025-07-08;2025-07-09;2025-07-15;2025-07-17;2025-07-18;2025-08-18;2025-09-04;2025-09-05;2025-09-10;2025-09-16;2025-10-02;2025-10-06;2025-10-07;2025-10-08;2025-10-23;2025-11-06;2025-11-07,2024-08-20;2024-08-21;2024-08-24;2024-09-24;2024-10-14;2024-10-16;2024-11-07;2024-12-13;2025-01-27;2025-02-10;2025-03-03;2025-03-04;2025-03-06;2025-04-07;2025-04-15;2025-04-17;2025-05-14;2025-05-22;2025-06-11;2025-06-30;2025-07-03;2025-08-15;2025-08-22;2025-09-09;2025-09-12;2025-10-03;2025-10-21
162,20261078,163,2024-08-20;2024-08-21;2024-08-22;2024-08-23;2024-08-24;2024-09-03;2024-09-16;2024-10-01;2024-10-02;2024-10-07;2024-10-08;2024-10-10;2024-10-14;2024-10-15;2024-10-18;2024-11-07;2024-11-11;2024-11-12;2024-11-27;2024-12-09;2024-12-13;2025-01-17;2025-01-27;2025-02-03;2025-02-05;2025-02-10;2025-02-12;2025-03-04;2025-03-05;2025-03-11;2025-03-12;2025-03-21;2025-03-27;2025-03-28;2025-04-07;2025-04-08;2025-04-09;2025-04-11;2025-04-15;2025-04-16;2025-04-17;2025-04-18;2025-04-22;2025-04-23;2025-04-24;2025-04-25;2025-04-28;2025-05-14;2025-05-19;2025-05-20;2025-05-22;2025-06-05;2025-06-11;2025-06-14;2025-06-17;2025-06-20;2025-06-26;2025-06-27;2025-06-30;2025-07-01;2025-07-08;2025-07-09;2025-07-15;2025-07-17;2025-07-18;2025-08-15;2025-08-18;2025-08-22;2025-09-05;2025-09-09;2025-09-10;2025-09-16;2025-10-02;2025-10-03;2025-10-07;2025-10-21;2025-10-23;2025-11-07,2024-08-27;2024-09-24;2024-10-11;2024-10-16;2024-10-24;2024-11-15;2024-11-18;2025-01-16;2025-02-06;2025-02-07;2025-02-25;2025-03-03;2025-03-06;2025-03-26;2025-03-31;2025-04-01;2025-04-02;2025-04-03;2025-05-16;2025-05-21;2025-06-04;2025-07-03;2025-09-04;2025-09-12;2025-10-06;2025-10-08;2025-11-06
163,20261079,164,2024-08-22;2024-08-23;2024-08-24;2024-09-03;2024-09-16;2024-09-24;2024-10-01;2024-10-02;2024-10-07;2024-10-10;2024-10-15;2024-10-16;2024-10-18;2024-10-24;2024-11-07;2024-11-11;2024-11-12;2024-11-15;2024-11-18;2024-11-27;2024-12-09;2024-12-13;2025-01-16;2025-01-17;2025-01-27;2025-02-05;2025-02-06;2025-02-07;2025-02-10;2025-02-12;2025-02-25;2025-03-03;2025-03-04;2025-03-05;2025-03-06;2025-03-11;2025-03-12;2025-03-21;2025-03-27;2025-03-28;2025-04-01;2025-04-03;2025-04-07;2025-04-08;2025-04-11;2025-04-15;2025-04-17;2025-04-22;2025-04-23;2025-04-24;2025-04-28;2025-05-14;2025-05-16;2025-05-19;2025-05-20;2025-05-21;2025-05-22;2025-06-04;2025-06-05;2025-06-11;2025-06-14;2025-06-17;2025-06-20;2025-06-26;2025-06-30;2025-07-01;2025-07-03;2025-07-08;2025-07-17;2025-08-18;2025-09-09;2025-09-10;2025-09-16;2025-10-03;2025-10-07;2025-10-08;2025-10-23;2025-11-07,2024-08-20;2024-08-21;2024-08-27;2024-10-08;2024-10-11;2024-10-14;2025-02-03;2025-03-26;2025-03-31;2025-04-02;2025-04-09;2025-04-16;2025-04-18;2025-04-25;2025-06-27;2025-07-09;2025-07-15;2025-07-18;2025-08-15;2025-08-22;2025-09-04;2025-09-05;2025-09-12;2025-10-02;2025-10-06;2025-10-21;2025-11-06
164,20261080,165,2024-08-20;2024-08-22;2024-08-23;2024-08-24;2024-08-27;2024-09-24;2024-10-02;2024-10-07;2024-10-08;2024-10-11;2024-10-14;2024-10-16;2024-10-18;2024-10-24;2024-11-11;2024-11-12;2024-11-15;2024-11-18;2024-11-27;2024-12-13;2025-01-27;2025-02-03;2025-02-05;2025-02-06;2025-02-12;2025-02-25;2025-03-04;2025-03-05;2025-03-06;2025-03-11;2025-03-12;2025-03-26;2025-03-27;2025-03-28;2025-03-31;2025-04-01;2025-04-02;2025-04-03;2025-04-07;2025-04-08;2025-04-09;2025-04-11;2025-04-15;2025-04-17;2025-04-18;2025-04-22;2025-04-23;2025-04-24;2025-04-25;2025-04-28;2025-05-14;2025-05-19;2025-05-21;2025-06-04;2025-06-05;2025-06-11;2025-06-14;2025-06-17;2025-06-26;2025-06-27;2025-06-30;2025-07-01;2025-07-03;2025-07-08;2025-07-09;2025-07-15;2025-07-18;2025-08-15;2025-09-04;2025-09-05;2025-09-09;2025-09-10;2025-10-03;2025-10-06;2025-10-08;2025-10-23;2025-11-06;2025-11-07,2024-08-21;2024-09-03;2024-09-16;2024-10-01;2024-10-10;2024-10-15;2024-11-07;2024-12-09;2025-01-16;2025-01-17;2025-02-07;2025-02-10;2025-03-03;2025-03-21;2025-04-16;2025-05-16;2025-05-20;2025-05-22;2025-06-20;2025-07-17;2025-08-18;2025-08-22;2025-09-12;2025-09-16;2025-10-02;2025-10-07;2025-10-21
165,20261081,166,2024-08-20;2024-08-22;2024-08-23;2024-08-24;2024-08-27;2024-09-03;2024-09-16;2024-09-24;2024-10-01;2024-10-02;2024-10-07;2024-10-08;2024-10-11;2024-10-14;2024-10-15;2024-10-16;2024-10-18;2024-10-24;2024-11-11;2024-11-15;2024-11-18;2024-11-27;2024-12-09;2024-12-13;2025-01-16;2025-01-17;2025-01-27;2025-02-05;2025-02-06;2025-02-07;2025-02-10;2025-02-12;2025-03-03;2025-03-04;2025-03-05;2025-03-06;2025-03-11;2025-03-26;2025-03-27;2025-03-28;2025-04-02;2025-04-03;2025-04-07;2025-04-08;2025-04-09;2025-04-11;2025-04-15;2025-04-17;2025-04-18;2025-04-23;2025-04-24;2025-04-28;2025-05-14;2025-05-16;2025-05-22;2025-06-11;2025-06-17;2025-06-20;2025-06-27;2025-06-30;2025-07-01;2025-07-03;2025-07-08;2025-07-15;2025-07-17;2025-07-18;2025-08-15;2025-08-22;2025-09-12;2025-09-16;2025-10-02;2025-10-03;2025-10-06;2025-10-07;2025-10-08;2025-10-21;2025-10-23;2025-11-06,2024-08-21;2024-10-10;2024-11-07;2024-11-12;2025-02-03;2025-02-25;2025-03-12;2025-03-21;2025-03-31;2025-04-01;2025-04-16;2025-04-22;2025-04-25;2025-05-19;2025-05-20;2025-05-21;2025-06-04;2025-06-05;2025-06-14;2025-06-26;2025-07-09;2025-08-18;2025-09-04;2025-09-05;2025-09-09;2025-09-10;2025-11-07
166,20261082,167,2024-08-20;2024-08-21;2024-08-22;2024-08-24;2024-09-03;2024-09-16;2024-10-01;2024-10-02;2024-10-08;2024-10-10;2024-10-14;2024-10-15;2024-10-16;2024-10-18;2024-10-24;2024-11-07;2024-11-11;2024-11-12;2024-11-15;2024-11-18;2024-11-27;2024-12-13;2025-01-17;2025-01-27;2025-02-05;2025-02-06;2025-02-07;2025-02-10;2025-03-05;2025-03-06;2025-03-12;2025-03-21;2025-03-26;2025-03-27;2025-03-31;2025-04-03;2025-04-07;2025-04-08;2025-04-11;2025-04-15;2025-04-17;2025-04-18;2025-04-22;2025-04-23;2025-04-24;2025-04-25;2025-04-28;2025-05-14;2025-05-16;2025-05-21;2025-05-22;2025-06-04;2025-06-05;2025-06-11;2025-06-14;2025-06-17;2025-06-20;2025-06-26;2025-07-01;2025-07-03;2025-07-08;2025-07-09;2025-07-15;2025-07-17;2025-07-18;2025-08-15;2025-08-18;2025-08-22;2025-09-05;2025-09-09;2025-09-10;2025-09-16;2025-10-02;2025-10-03;2025-10-07;2025-10-08;2025-10-21;2025-10-23,2024-08-23;2024-08-27;2024-09-24;2024-10-07;2024-10-11;2024-12-09;2025-01-16;2025-02-03;2025-02-12;2025-02-25;2025-03-03;2025-03-04;2025-03-11;2025-03-28;2025-04-01;2025-04-02;2025-04-09;2025-04-16;2025-05-19;2025-05-20;2025-06-27;2025-06-30;2025-09-04;2025-09-12;2025-10-06;2025-11-06;2025-11-07
167,20261083,168,2024-08-21;2024-08-23;2024-08-24;2024-08-27;2024-09-16;2024-09-24;2024-10-07;2024-10-08;2024-10-11;2024-10-14;2024-10-16;2024-10-18;2024-10-24;2024-11-07;2024-11-11;2024-11-12;2024-11-18;2024-11-27;2024-12-09;2024-12-13;2025-01-16;2025-02-03;2025-02-06;2025-02-07;2025-02-10;2025-02-12;2025-02-25;2025-03-04;2025-03-05;2025-03-06;2025-03-11;2025-03-21;2025-03-26;2025-03-27;2025-03-28;2025-03-31;2025-04-07;2025-04-08;2025-04-09;2025-04-11;2025-04-15;2025-04-16;2025-04-18;2025-04-22;2025-04-23;2025-04-24;2025-04-28;2025-05-14;2025-05-20;2025-05-21;2025-05-22;2025-06-04;2025-06-05;2025-06-11;2025-06-14;2025-06-17;2025-06-20;2025-06-26;2025-06-27;2025-06-30;2025-07-01;2025-07-03;2025-07-08;2025-07-09;2025-07-17;2025-07-18;2025-08-18;2025-08-22;2025-09-04;2025-09-05;2025-09-09;2025-09-10;2025-10-02;2025-10-03;2025-10-06;2025-10-08;2025-10-21;2025-10-23,2024-08-20;2024-08-22;2024-09-03;2024-10-01;2024-10-02;2024-10-10;2024-10-15;2024-11-15;2025-01-17;2025-01-27;2025-02-05;2025-03-03;2025-03-12;2025-04-01;2025-04-02;2025-04-03;2025-04-17;2025-04-25;2025-05-16;2025-05-19;2025-07-15;2025-08-15;2025-09-12;2025-09-16;2025-10-07;2025-11-06;2025-11-07
168,20261084,169,2024-08-20;2024-08-21;2024-08-22;2024-08-23;2024-08-24;2024-08-27;2024-09-03;2024-09-24;2024-10-01;2024-10-02;2024-10-07;2024-10-10;2024-10-14;2024-10-15;2024-10-16;2024-10-18;2024-10-24;2024-11-15;2024-11-18;2024-11-27;2024-12-09;2025-01-16;2025-01-17;2025-01-27;2025-02-03;2025-02-05;2025-02-07;2025-02-10;2025-02-12;2025-03-03;2025-03-04;2025-03-05;2025-03-06;2025-03-12;2025-03-28;2025-03-31;2025-04-02;2025-04-03;2025-04-07;2025-04-09;2025-04-11;2025-04-16;2025-04-17;2025-04-18;2025-04-22;2025-04-23;2025-04-24;2025-04-25;2025-04-28;2025-05-14;2025-05-19;2025-06-04;2025-06-05;2025-06-11;2025-06-14;2025-06-17;2025-06-20;2025-06-26;2025-06-30;2025-07-01;2025-07-03;2025-07-08;2025-07-17;2025-08-15;2025-08-18;2025-08-22;2025-09-04;2025-09-10;2025-09-12;2025-09-16;2025-10-03;2025-10-06;2025-10-07;2025-10-08;2025-10-21;2025-10-23;2025-11-06;2025-11-07,2024-09-16;2024-10-08;2024-10-11;2024-11-07;2024-11-11;2024-11-12;2024-12-13;2025-02-06;2025-02-25;2025-03-11;2025-03-21;2025-03-26;2025-03-27;2025-04-01;2025-04-08;2025-04-15;2025-05-16;2025-05-20;2025-05-21;2025-05-22;2025-06-27;2025-07-09;2025-07-15;2025-07-18;2025-09-05;2025-09-09;2025-10-02
169,20261085,170,2024-08-20;2024-08-21;2024-08-22;2024-08-24;2024-08-27;2024-09-03;2024-09-16;2024-09-24;2024-10-01;2024-10-02;2024-10-10;2024-10-11;2024-10-14;2024-10-15;2024-10-16;2024-10-18;2024-11-11;2024-11-15;2024-11-18;2024-11-27;2024-12-09;2024-12-13;2025-01-17;2025-01-27;2025-02-03;2025-02-05;2025-02-06;2025-02-07;2025-02-10;2025-03-03;2025-03-04;2025-03-05;2025-03-06;2025-03-11;2025-03-21;2025-03-27;2025-03-28;2025-03-31;2025-04-01;2025-04-02;2025-04-03;2025-04-07;2025-04-08;2025-04-09;2025-04-11;2025-04-15;2025-04-16;2025-04-17;2025-04-18;2025-04-23;2025-04-25;2025-04-28;2025-05-16;2025-05-19;2025-05-21;2025-05-22;2025-06-11;2025-06-14;2025-06-17;2025-06-26;2025-06-30;2025-07-01;2025-07-03;2025-07-08;2025-07-17;2025-07-18;2025-08-15;2025-09-09;2025-09-10;2025-09-12;2025-09-16;2025-10-02;2025-10-03;2025-10-07;2025-10-08;2025-10-23;2025-11-06;2025-11-07,2024-08-23;2024-10-07;2024-10-08;2024-10-24;2024-11-07;2024-11-12;2025-01-16;2025-02-12;2025-02-25;2025-03-12;2025-03-26;2025-04-22;2025-04-24;2025-05-14;2025-05-20;2025-06-04;2025-06-05;2025-06-20;2025-06-27;2025-07-09;2025-07-15;2025-08-18;2025-08-22;2025-09-04;2025-09-05;2025-10-06;2025-10-21
170,20261086,171,2024-08-20;2024-08-21;2024-08-22;2024-08-23;2024-08-24;2024-08-27;2024-09-03;2024-09-16;2024-10-02;2024-10-07;2024-10-08;2024-10-10;2024-10-11;2024-10-14;2024-10-15;2024-10-16;2024-10-24;2024-11-11;2024-11-15;2024-11-18;2024-11-27;2024-12-09;2024-12-13;2025-01-17;2025-02-03;2025-02-05;2025-02-06;2025-02-07;2025-02-12;2025-03-03;2025-03-04;2025-03-05;2025-03-06;2025-03-11;2025-03-21;2025-03-26;2025-03-27;2025-03-28;2025-03-31;2025-04-01;2025-04-02;2025-04-03;2025-04-07;2025-04-15;2025-04-16;2025-04-17;2025-04-18;2025-04-22;2025-04-24;2025-04-25;2025-05-16;2025-05-19;2025-05-20;2025-05-21;2025-05-22;2025-06-04;2025-06-05;2025-06-11;2025-06-14;2025-06-17;2025-06-20;2025-06-27;2025-07-01;2025-07-03;2025-07-09;2025-07-15;2025-07-17;2025-08-15;2025-09-05;2025-09-09;2025-09-12;2025-09-16;2025-10-02;2025-10-03;2025-10-06;2025-10-21;2025-11-06;2025-11-07,2024-09-24;2024-10-01;2024-10-18;2024-11-07;2024-11-12;2025-01-16;2025-01-27;2025-02-10;2025-02-25;2025-03-12;2025-04-08;2025-04-09;2025-04-11;2025-04-23;2025-04-28;2025-05-14;2025-06-26;2025-06-30;2025-07-08;2025-07-18;2025-08-18;2025-08-22;2025-09-04;2025-09-10;2025-10-07;2025-10-08;2025-10-23
171,20261087,172,2024-08-20;2024-08-21;2024-08-22;2024-08-24;2024-08-27;2024-09-03;2024-10-01;2024-10-07;2024-10-10;2024-10-11;2024-10-14;2024-10-15;2024-10-24;2024-11-11;2024-11-12;2024-11-15;2024-11-27;2024-12-09;2024-12-13;2025-01-16;2025-01-17;2025-02-03;2025-02-05;2025-02-06;2025-02-07;2025-02-10;2025-02-12;2025-02-25;2025-03-03;2025-03-04;2025-03-05;2025-03-06;2025-03-11;2025-03-12;2025-03-21;2025-03-26;2025-03-27;2025-03-31;2025-04-01;2025-04-02;2025-04-07;2025-04-08;2025-04-09;2025-04-11;2025-04-15;2025-04-16;2025-04-17;2025-04-18;2025-04-22;2025-04-23;2025-04-24;2025-04-25;2025-04-28;2025-05-14;2025-05-19;2025-05-20;2025-05-22;2025-06-05;2025-06-14;2025-06-17;2025-06-26;2025-07-08;2025-07-09;2025-07-15;2025-07-17;2025-08-15;2025-08-22;2025-09-05;2025-09-10;2025-09-12;2025-09-16;2025-10-03;2025-10-07;2025-10-08;2025-10-21;2025-10-23;2025-11-06;2025-11-07,2024-08-23;2024-09-16;2024-09-24;2024-10-02;2024-10-08;2024-10-16;2024-10-18;2024-11-07;2024-11-18;2025-01-27;2025-03-28;2025-04-03;2025-05-16;2025-05-21;2025-06-04;2025-06-11;2025-06-20;2025-06-27;2025-06-30;2025-07-01;2025-07-03;2025-07-18;2025-08-18;2025-09-04;2025-09-09;2025-10-02;2025-10-06
172,20261088,173,2024-08-20;2024-08-23;2024-08-24;2024-08-27;2024-09-03;2024-09-16;2024-09-24;2024-10-02;2024-10-07;2024-10-08;2024-10-10;2024-10-15;2024-10-18;2024-10-24;2024-11-07;2024-11-12;2024-11-18;2024-11-27;2024-12-09;2024-12-13;2025-01-16;2025-02-03;2025-02-06;2025-02-07;2025-02-10;2025-02-12;2025-03-03;2025-03-04;2025-03-05;2025-03-11;2025-03-12;2025-03-26;2025-03-27;2025-03-28;2025-03-31;2025-04-01;2025-04-02;2025-04-03;2025-04-07;2025-04-15;2025-04-16;2025-04-17;2025-04-18;2025-04-22;2025-04-23;2025-04-24;2025-04-28;2025-05-14;2025-05-19;2025-05-20;2025-05-21;2025-06-04;2025-06-11;2025-06-14;2025-06-17;2025-06-20;2025-06-27;2025-06-30;2025-07-01;2025-07-03;2025-07-08;2025-07-15;2025-07-17;2025-07-18;2025-08-15;2025-08-18;2025-09-04;2025-09-05;2025-09-16;2025-10-02;2025-10-03;2025-10-06;2025-10-07;2025-10-08;2025-10-21;2025-10-23;2025-11-06;2025-11-07,2024-08-21;2024-08-22;2024-10-01;2024-10-11;2024-10-14;2024-10-16;2024-11-11;2024-11-15;2025-01-17;2025-01-27;2025-02-05;2025-02-25;2025-03-06;2025-03-21;2025-04-08;2025-04-09;2025-04-11;2025-04-25;2025-05-16;2025-05-22;2025-06-05;2025-06-26;2025-07-09;2025-08-22;2025-09-09;2025-09-10;2025-09-12
173,20261089,174,2024-08-21;2024-08-22;2024-08-23;2024-08-24;2024-09-03;2024-09-16;2024-09-24;2024-10-01;2024-10-02;2024-10-07;2024-10-10;2024-10-11;2024-10-14;2024-10-15;2024-10-18;2024-10-24;2024-11-07;2024-11-12;2024-11-18;2024-12-09;2024-12-13;2025-01-16;2025-01-27;2025-02-03;2025-02-06;2025-02-07;2025-02-10;2025-02-12;2025-02-25;2025-03-03;2025-03-04;2025-03-05;2025-03-11;2025-03-12;2025-03-21;2025-03-26;2025-03-27;2025-03-28;2025-03-31;2025-04-01;2025-04-08;2025-04-11;2025-04-15;2025-04-17;2025-04-22;2025-04-23;2025-04-24;2025-04-28;2025-05-16;2025-05-20;2025-05-21;2025-05-22;2025-06-05;2025-06-14;2025-06-17;2025-06-20;2025-06-26;2025-06-30;2025-07-01;2025-07-03;2025-07-09;2025-07-15;2025-07-17;2025-07-18;2025-08-15;2025-08-18;2025-09-05;2025-09-09;2025-09-10;2025-09-12;2025-09-16;2025-10-03;2025-10-06;2025-10-07;2025-10-08;2025-10-21;2025-10-23;2025-11-07,2024-08-20;2024-08-27;2024-10-08;2024-10-16;2024-11-11;2024-11-15;2024-11-27;2025-01-17;2025-02-05;2025-03-06;2025-04-02;2025-04-03;2025-04-07;2025-04-09;2025-04-16;2025-04-18;2025-04-25;2025-05-14;2025-05-19;2025-06-04;2025-06-11;2025-06-27;2025-07-08;2025-08-22;2025-09-04;2025-10-02;2025-11-06
174,20261090,175,2024-08-20;2024-08-21;2024-08-22;2024-08-23;2024-08-27;2024-09-16;2024-09-24;2024-10-01;2024-10-02;2024-10-10;2024-10-14;2024-10-15;2024-10-16;2024-10-24;2024-11-07;2024-11-15;2024-11-18;2024-12-09;2024-12-13;2025-01-16;2025-01-27;2025-02-03;2025-02-05;2025-02-07;2025-02-12;2025-02-25;2025-03-03;2025-03-05;2025-03-11;2025-03-12;2025-03-21;2025-03-26;2025-03-27;2025-03-28;2025-03-31;2025-04-01;2025-04-07;2025-04-08;2025-04-09;2025-04-11;2025-04-15;2025-04-16;2025-04-17;2025-04-18;2025-04-22;2025-04-23;2025-04-28;2025-05-14;2025-05-16;2025-05-19;2025-05-22;2025-06-05;2025-06-11;2025-06-17;2025-06-20;2025-06-27;2025-06-30;2025-07-01;2025-07-03;2025-07-08;2025-07-15;2025-08-15;2025-08-18;2025-08-22;2025-09-04;2025-09-05;2025-09-09;2025-09-10;2025-09-12;2025-09-16;2025-10-02;2025-10-03;2025-10-06;2025-10-07;2025-10-08;2025-10-21;2025-10-23;2025-11-07,2024-08-24;2024-09-03;2024-10-07;2024-10-08;2024-10-11;2024-10-18;2024-11-11;2024-11-12;2024-11-27;2025-01-17;2025-02-06;2025-02-10;2025-03-04;2025-03-06;2025-04-02;2025-04-03;2025-04-24;2025-04-25;2025-05-20;2025-05-21;2025-06-04;2025-06-14;2025-06-26;2025-07-09;2025-07-17;2025-07-18;2025-11-06
175,20261091,176,2024-08-20;2024-08-22;2024-08-23;2024-08-24;2024-08-27;2024-09-03;2024-09-16;2024-10-01;2024-10-02;2024-10-07;2024-10-08;2024-10-11;2024-10-14;2024-10-15;2024-10-16;2024-10-18;2024-10-24;2024-11-07;2024-11-11;2024-11-12;2024-11-27;2024-12-09;2025-01-16;2025-01-17;2025-01-27;2025-02-03;2025-02-06;2025-02-10;2025-02-12;2025-02-25;2025-03-05;2025-03-06;2025-03-12;2025-03-21;2025-03-28;2025-04-01;2025-04-03;2025-04-07;2025-04-08;2025-04-09;2025-04-11;2025-04-15;2025-04-16;2025-04-17;2025-04-18;2025-04-22;2025-04-24;2025-04-25;2025-04-28;2025-05-19;2025-05-20;2025-05-22;2025-06-04;2025-06-05;2025-06-11;2025-06-14;2025-06-20;2025-06-27;2025-07-01;2025-07-03;2025-07-08;2025-07-09;2025-07-15;2025-07-17;2025-07-18;2025-08-15;2025-08-22;2025-09-04;2025-09-05;2025-09-09;2025-09-16;2025-10-02;2025-10-03;2025-10-06;2025-10-07;2025-10-08;2025-10-21;2025-10-23,2024-08-21;2024-09-24;2024-10-10;2024-11-15;2024-11-18;2024-12-13;2025-02-05;2025-02-07;2025-03-03;2025-03-04;2025-03-11;2025-03-26;2025-03-27;2025-03-31;2025-04-02;2025-04-23;2025-05-14;2025-05-16;2025-05-21;2025-06-17;2025-06-26;2025-06-30;2025-08-18;2025-09-10;2025-09-12;2025-11-06;2025-11-07
176,20261092,177,2024-08-21;2024-08-23;2024-08-24;2024-09-03;2024-09-16;2024-09-24;2024-10-02;2024-10-07;2024-10-08;2024-10-10;2024-10-11;2024-10-16;2024-10-24;2024-11-15;2024-11-27;2024-12-13;2025-01-16;2025-01-17;2025-01-27;2025-02-03;2025-02-05;2025-02-06;2025-02-07;2025-02-10;2025-02-12;2025-02-25;2025-03-03;2025-03-04;2025-03-06;2025-03-11;2025-03-12;2025-03-26;2025-03-27;2025-03-28;2025-03-31;2025-04-01;2025-04-02;2025-04-07;2025-04-08;2025-04-09;2025-04-15;2025-04-16;2025-04-18;2025-04-22;2025-04-23;2025-04-25;2025-05-14;2025-05-16;2025-05-20;2025-05-21;2025-05-22;2025-06-04;2025-06-05;2025-06-11;2025-06-20;2025-06-26;2025-06-27;2025-06-30;2025-07-01;2025-07-03;2025-07-09;2025-07-15;2025-07-17;2025-07-18;2025-08-15;2025-08-18;2025-08-22;2025-09-04;2025-09-10;2025-09-16;2025-10-02;2025-10-03;2025-10-06;2025-10-08;2025-10-21;2025-10-23;2025-11-06;2025-11-07,2024-08-20;2024-08-22;2024-08-27;2024-10-01;2024-10-14;2024-10-15;2024-10-18;2024-11-07;2024-11-11;2024-11-12;2024-11-18;2024-12-09;2025-03-05;2025-03-21;2025-04-03;2025-04-11;2025-04-17;2025-04-24;2025-04-28;2025-05-19;2025-06-14;2025-06-17;2025-07-08;2025-09-05;2025-09-09;2025-09-12;2025-10-07
177,20261093,178,2024-08-20;2024-08-21;2024-08-22;2024-08-23;2024-08-24;2024-09-03;2024-09-16;2024-10-01;2024-10-02;2024-10-07;2024-10-08;2024-10-10;2024-10-11;2024-10-14;2024-10-15;2024-10-16;2024-10-18;2024-10-24;2024-11-07;2024-11-12;2024-11-18;2024-11-27;2024-12-09;2025-01-16;2025-01-17;2025-01-27;2025-02-05;2025-02-07;2025-02-10;2025-02-25;2025-03-03;2025-03-04;2025-03-05;2025-03-06;2025-03-11;2025-03-12;2025-03-21;2025-03-26;2025-03-27;2025-03-28;2025-03-31;2025-04-03;2025-04-07;2025-04-09;2025-04-11;2025-04-15;2025-04-17;2025-04-18;2025-04-23;2025-04-25;2025-04-28;2025-05-14;2025-05-16;2025-05-19;2025-05-21;2025-05-22;2025-06-04;2025-06-05;2025-06-14;2025-06-20;2025-06-26;2025-06-27;2025-07-01;2025-07-03;2025-07-08;2025-07-15;2025-07-17;2025-08-15;2025-08-18;2025-09-05;2025-09-12;2025-09-16;2025-10-02;2025-10-03;2025-10-06;2025-10-21;2025-11-06;2025-11-07,2024-08-27;2024-09-24;2024-11-11;2024-11-15;2024-12-13;2025-02-03;2025-02-06;2025-02-12;2025-04-01;2025-04-02;2025-04-08;2025-04-16;2025-04-22;2025-04-24;2025-05-20;2025-06-11;2025-06-17;2025-06-30;2025-07-09;2025-07-18;2025-08-22;2025-09-04;2025-09-09;2025-09-10;2025-10-07;2025-10-08;2025-10-23
178,20261094,179,2024-08-20;2024-08-21;2024-08-22;2024-08-23;2024-08-24;2024-08-27;2024-09-03;2024-09-16;2024-09-24;2024-10-01;2024-10-02;2024-10-07;2024-10-11;2024-10-14;2024-10-15;2024-10-16;2024-10-18;2024-11-07;2024-11-11;2024-11-12;2024-11-15;2024-11-18;2024-11-27;2024-12-09;2024-12-13;2025-01-27;2025-02-05;2025-02-06;2025-02-07;2025-02-25;2025-03-04;2025-03-05;2025-03-06;2025-03-11;2025-03-21;2025-03-26;2025-03-28;2025-04-01;2025-04-02;2025-04-07;2025-04-08;2025-04-09;2025-04-11;2025-04-15;2025-04-16;2025-04-18;2025-04-22;2025-04-24;2025-04-25;2025-05-14;2025-05-16;2025-05-20;2025-05-22;2025-06-04;2025-06-05;2025-06-11;2025-06-14;2025-06-17;2025-06-20;2025-06-26;2025-06-27;2025-07-01;2025-07-03;2025-07-08;2025-07-15;2025-07-18;2025-08-15;2025-08-18;2025-08-22;2025-09-05;2025-09-09;2025-09-10;2025-09-12;2025-09-16;2025-10-06;2025-10-21;2025-10-23;2025-11-06,2024-10-08;2024-10-10;2024-10-24;2025-01-16;2025-01-17;2025-02-03;2025-02-10;2025-02-12;2025-03-03;2025-03-12;2025-03-27;2025-03-31;2025-04-03;2025-04-17;2025-04-23;2025-04-28;2025-05-19;2025-05-21;2025-06-30;2025-07-09;2025-07-17;2025-09-04;2025-10-02;2025-10-03;2025-10-07;2025-10-08;2025-11-07
179,20261095,180,2024-08-21;2024-08-22;2024-08-23;2024-08-24;2024-08-27;2024-09-16;2024-09-24;2024-10-01;2024-10-02;2024-10-08;2024-10-10;2024-10-11;2024-10-14;2024-10-15;2024-10-16;2024-10-18;2024-10-24;2024-11-07;2024-11-12;2024-11-15;2024-11-18;2024-11-27;2024-12-09;2024-12-13;2025-01-16;2025-01-17;2025-02-05;2025-02-06;2025-02-07;2025-02-10;2025-02-12;2025-02-25;2025-03-03;2025-03-04;2025-03-05;2025-03-06;2025-03-11;2025-03-12;2025-03-21;2025-03-27;2025-04-03;2025-04-07;2025-04-08;2025-04-09;2025-04-11;2025-04-16;2025-04-17;2025-04-18;2025-04-23;2025-04-24;2025-04-25;2025-04-28;2025-05-14;2025-05-19;2025-05-20;2025-05-22;2025-06-11;2025-06-14;2025-06-17;2025-06-26;2025-06-27;2025-06-30;2025-07-08;2025-07-18;2025-08-22;2025-09-04;2025-09-05;2025-09-09;2025-09-10;2025-09-12;2025-09-16;2025-10-03;2025-10-06;2025-10-07;2025-10-21;2025-10-23;2025-11-06;2025-11-07,2024-08-20;2024-09-03;2024-10-07;2024-11-11;2025-01-27;2025-02-03;2025-03-26;2025-03-28;2025-03-31;2025-04-01;2025-04-02;2025-04-15;2025-04-22;2025-05-16;2025-05-21;2025-06-04;2025-06-05;2025-06-20;2025-07-01;2025-07-03;2025-07-09;2025-07-15;2025-07-17;2025-08-15;2025-08-18;2025-10-02;2025-10-08
180,20261096,181,2024-08-20;2024-08-22;2024-08-23;2024-08-24;2024-08-27;2024-09-16;2024-09-24;2024-10-01;2024-10-07;2024-10-08;2024-10-10;2024-10-11;2024-10-15;2024-10-18;2024-11-07;2024-11-11;2024-11-12;2024-11-15;2024-11-18;2024-12-09;2024-12-13;2025-01-16;2025-01-17;2025-02-03;2025-02-05;2025-02-06;2025-02-07;2025-02-12;2025-02-25;2025-03-03;2025-03-04;2025-03-06;2025-03-11;2025-03-12;2025-03-21;2025-03-26;2025-03-28;2025-04-02;2025-04-07;2025-04-08;2025-04-09;2025-04-11;2025-04-15;2025-04-16;2025-04-17;2025-04-22;2025-04-24;2025-05-16;2025-05-19;2025-05-21;2025-06-04;2025-06-05;2025-06-11;2025-06-14;2025-06-20;2025-06-27;2025-06-30;2025-07-03;2025-07-08;2025-07-09;2025-07-15;2025-07-17;2025-07-18;2025-08-15;2025-08-18;2025-09-04;2025-09-09;2025-09-10;2025-09-12;2025-09-16;2025-10-03;2025-10-06;2025-10-07;2025-10-08;2025-10-21;2025-10-23;2025-11-06;2025-11-07,2024-08-21;2024-09-03;2024-10-02;2024-10-14;2024-10-16;2024-10-24;2024-11-27;2025-01-27;2025-02-10;2025-03-05;2025-03-27;2025-03-31;2025-04-01;2025-04-03;2025-04-18;2025-04-23;2025-04-25;2025-04-28;2025-05-14;2025-05-20;2025-05-22;2025-06-17;2025-06-26;2025-07-01;2025-08-22;2025-09-05;2025-10-02
181,20261097,182,2024-08-20;2024-08-21;2024-08-22;2024-08-24;2024-08-27;2024-09-03;2024-09-16;2024-10-08;2024-10-10;2024-10-11;2024-10-14;2024-10-15;2024-10-16;2024-10-24;2024-11-07;2024-11-11;2024-11-12;2024-11-15;2024-11-27;2024-12-09;2024-12-13;2025-01-16;2025-01-17;2025-01-27;2025-02-03;2025-02-05;2025-02-07;2025-02-10;2025-02-12;2025-02-25;2025-03-03;2025-03-05;2025-03-06;2025-03-11;2025-03-12;2025-03-21;2025-03-26;2025-03-28;2025-03-31;2025-04-01;2025-04-03;2025-04-07;2025-04-08;2025-04-15;2025-04-16;2025-04-22;2025-04-23;2025-04-24;2025-04-25;2025-05-14;2025-05-20;2025-05-21;2025-06-04;2025-06-05;2025-06-11;2025-06-14;2025-06-17;2025-06-20;2025-06-26;2025-06-27;2025-06-30;2025-07-03;2025-07-09;2025-07-15;2025-07-18;2025-08-15;2025-08-22;2025-09-04;2025-09-05;2025-09-09;2025-09-10;2025-09-16;2025-10-03;2025-10-06;2025-10-07;2025-10-08;2025-11-06;2025-11-07,2024-08-23;2024-09-24;2024-10-01;2024-10-02;2024-10-07;2024-10-18;2024-11-18;2025-02-06;2025-03-04;2025-03-27;2025-04-02;2025-04-09;2025-04-11;2025-04-17;2025-04-18;2025-04-28;2025-05-16;2025-05-19;2025-05-22;2025-07-01;2025-07-08;2025-07-17;2025-08-18;2025-09-12;2025-10-02;2025-10-21;2025-10-23
182,20261098,183,2024-08-20;2024-08-21;2024-08-22;2024-08-24;2024-09-16;2024-09-24;2024-10-01;2024-10-02;2024-10-08;2024-10-10;2024-10-11;2024-10-14;2024-10-15;2024-10-18;2024-11-07;2024-11-11;2024-11-12;2024-11-15;2024-11-18;2024-11-27;2024-12-09;2024-12-13;2025-01-16;2025-01-17;2025-02-06;2025-02-07;2025-02-10;2025-02-12;2025-03-03;2025-03-04;2025-03-05;2025-03-06;2025-03-11;2025-03-12;2025-03-21;2025-03-26;2025-03-27;2025-04-01;2025-04-02;2025-04-03;2025-04-07;2025-04-09;2025-04-15;2025-04-16;2025-04-17;2025-04-18;2025-04-22;2025-04-23;2025-05-14;2025-05-16;2025-05-19;2025-05-20;2025-05-21;2025-05-22;2025-06-04;2025-06-05;2025-06-11;2025-06-14;2025-06-26;2025-06-27;2025-06-30;2025-07-01;2025-07-03;2025-07-15;2025-07-18;2025-08-15;2025-08-18;2025-08-22;2025-09-04;2025-09-09;2025-09-10;2025-10-02;2025-10-06;2025-10-07;2025-10-08;2025-10-21;2025-10-23;2025-11-07,2024-08-23;2024-08-27;2024-09-03;2024-10-07;2024-10-16;2024-10-24;2025-01-27;2025-02-03;2025-02-05;2025-02-25;2025-03-28;2025-03-31;2025-04-08;2025-04-11;2025-04-24;2025-04-25;2025-04-28;2025-06-17;2025-06-20;2025-07-08;2025-07-09;2025-07-17;2025-09-05;2025-09-12;2025-09-16;2025-10-03;2025-11-06
183,20261099,184,2024-08-20;2024-08-22;2024-08-24;2024-09-03;2024-09-16;2024-10-01;2024-10-02;2024-10-07;2024-10-08;2024-10-10;2024-10-11;2024-10-16;2024-11-11;2024-11-12;2024-11-15;2024-11-18;2024-11-27;2024-12-09;2024-12-13;2025-01-17;2025-01-27;2025-02-03;2025-02-05;2025-02-06;2025-02-07;2025-02-10;2025-02-12;2025-02-25;2025-03-03;2025-03-06;2025-03-11;2025-03-21;2025-03-26;2025-03-27;2025-03-28;2025-03-31;2025-04-01;2025-04-02;2025-04-03;2025-04-07;2025-04-08;2025-04-09;2025-04-11;2025-04-16;2025-04-17;2025-04-23;2025-04-24;2025-04-25;2025-04-28;2025-05-14;2025-05-16;2025-05-19;2025-05-21;2025-05-22;2025-06-05;2025-06-11;2025-06-17;2025-06-20;2025-06-26;2025-06-27;2025-06-30;2025-07-03;2025-07-17;2025-07-18;2025-08-15;2025-08-18;2025-08-22;2025-09-05;2025-09-09;2025-09-12;2025-09-16;2025-10-02;2025-10-03;2025-10-06;2025-10-08;2025-10-21;2025-10-23;2025-11-06,2024-08-21;2024-08-23;2024-08-27;2024-09-24;2024-10-14;2024-10-15;2024-10-18;2024-10-24;2024-11-07;2025-01-16;2025-03-04;2025-03-05;2025-03-12;2025-04-15;2025-04-18;2025-04-22;2025-05-20;2025-06-04;2025-06-14;2025-07-01;2025-07-08;2025-07-09;2025-07-15;2025-09-04;2025-09-10;2025-10-07;2025-11-07
184,20261100,185,2024-08-20;2024-08-22;2024-08-23;2024-08-27;2024-09-03;2024-09-16;2024-09-24;2024-10-01;2024-10-07;2024-10-08;2024-10-10;2024-10-11;2024-10-14;2024-10-15;2024-10-16;2024-10-18;2024-10-24;2024-11-07;2024-11-12;2024-11-18;2024-11-27;2024-12-09;2024-12-13;2025-01-27;2025-02-03;2025-02-05;2025-02-06;2025-02-07;2025-02-10;2025-02-12;2025-02-25;2025-03-03;2025-03-04;2025-03-05;2025-03-06;2025-03-11;2025-03-12;2025-03-27;2025-03-28;2025-04-02;2025-04-03;2025-04-07;2025-04-09;2025-04-11;2025-04-16;2025-04-22;2025-04-23;2025-04-24;2025-04-25;2025-04-28;2025-05-19;2025-05-20;2025-05-22;2025-06-04;2025-06-11;2025-06-17;2025-06-26;2025-06-30;2025-07-01;2025-07-03;2025-07-08;2025-07-15;2025-07-17;2025-07-18;2025-08-15;2025-08-22;2025-09-05;2025-09-10;2025-09-12;2025-09-16;2025-10-02;2025-10-03;2025-10-06;2025-10-07;2025-10-08;2025-10-21;2025-10-23;2025-11-06,2024-08-21;2024-08-24;2024-10-02;2024-11-11;2024-11-15;2025-01-16;2025-01-17;2025-03-21;2025-03-26;2025-03-31;2025-04-01;2025-04-08;2025-04-15;2025-04-17;2025-04-18;2025-05-14;2025-05-16;2025-05-21;2025-06-05;2025-06-14;2025-06-20;2025-06-27;2025-07-09;2025-08-18;2025-09-04;2025-09-09;2025-11-07
185,20261101,186,2024-08-20;2024-08-21;2024-08-24;2024-08-27;2024-09-03;2024-09-16;2024-09-24;2024-10-01;2024-10-02;2024-10-08;2024-10-10;2024-10-11;2024-10-14;2024-10-15;2024-10-18;2024-10-24;2024-11-07;2024-11-15;2024-11-18;2024-12-09;2024-12-13;2025-01-16;2025-01-17;2025-01-27;2025-02-03;2025-02-05;2025-02-12;2025-02-25;2025-03-03;2025-03-04;2025-03-05;2025-03-12;2025-03-21;2025-03-27;2025-03-28;2025-04-01;2025-04-03;2025-04-07;2025-04-08;2025-04-09;2025-04-11;2025-04-16;2025-04-17;2025-04-18;2025-04-22;2025-04-23;2025-04-24;2025-04-25;2025-04-28;2025-05-14;2025-05-16;2025-05-19;2025-05-21;2025-05-22;2025-06-04;2025-06-17;2025-06-26;2025-07-01;2025-07-03;2025-07-08;2025-07-09;2025-07-15;2025-07-17;2025-07-18;2025-08-15;2025-08-18;2025-08-22;2025-09-04;2025-09-05;2025-09-09;2025-09-16;2025-10-03;2025-10-06;2025-10-07;2025-10-08;2025-10-21;2025-10-23;2025-11-07,2024-08-22;2024-08-23;2024-10-07;2024-10-16;2024-11-11;2024-11-12;2024-11-27;2025-02-06;2025-02-07;2025-02-10;2025-03-06;2025-03-11;2025-03-26;2025-03-31;2025-04-02;2025-04-15;2025-05-20;2025-06-05;2025-06-11;2025-06-14;2025-06-20;2025-06-27;2025-06-30;2025-09-10;2025-09-12;2025-10-02;2025-11-06
186,20261102,187,2024-08-20;2024-08-22;2024-08-23;2024-08-24;2024-09-03;2024-09-24;2024-10-01;2024-10-02;2024-10-08;2024-10-10;2024-10-11;2024-10-14;2024-10-15;2024-10-24;2024-11-07;2024-11-11;2024-11-12;2024-11-15;2024-11-18;2024-12-09;2025-01-16;2025-01-17;2025-01-27;2025-02-03;2025-02-05;2025-02-06;2025-02-07;2025-02-10;2025-02-12;2025-02-25;2025-03-03;2025-03-04;2025-03-05;2025-03-11;2025-03-21;2025-03-26;2025-03-27;2025-03-31;2025-04-01;2025-04-02;2025-04-03;2025-04-07;2025-04-08;2025-04-09;2025-04-15;2025-04-16;2025-04-17;2025-04-18;2025-04-22;2025-04-23;2025-04-24;2025-04-25;2025-04-28;2025-05-14;2025-06-04;2025-06-11;2025-06-14;2025-06-20;2025-06-26;2025-06-27;2025-07-01;2025-07-03;2025-07-08;2025-07-09;2025-07-15;2025-07-17;2025-07-18;2025-08-15;2025-08-18;2025-08-22;2025-09-05;2025-09-09;2025-09-10;2025-09-12;2025-09-16;2025-10-21;2025-10-23;2025-11-06,2024-08-21;2024-08-27;2024-09-16;2024-10-07;2024-10-16;2024-10-18;2024-11-27;2024-12-13;2025-03-06;2025-03-12;2025-03-28;2025-04-11;2025-05-16;2025-05-19;2025-05-20;2025-05-21;2025-05-22;2025-06-05;2025-06-17;2025-06-30;2025-09-04;2025-10-02;2025-10-03;2025-10-06;2025-10-07;2025-10-08;2025-11-07
187,20261103,188,2024-08-22;2024-08-23;2024-09-03;2024-09-16;2024-10-01;2024-10-07;2024-10-10;2024-10-11;2024-10-16;2024-10-24;2024-11-12;2024-11-15;2024-11-18;2024-11-27;2025-01-16;2025-01-17;2025-01-27;2025-02-03;2025-02-05;2025-02-06;2025-02-12;2025-02-25;2025-03-04;2025-03-05;2025-03-06;2025-03-11;2025-03-12;2025-03-21;2025-03-26;2025-03-27;2025-03-28;2025-03-31;2025-04-02;2025-04-08;2025-04-09;2025-04-11;2025-04-15;2025-04-16;2025-04-23;2025-04-24;2025-04-25;2025-05-14;2025-05-16;2025-05-19;2025-05-20;2025-05-21;2025-05-22;2025-06-04;2025-06-05;2025-06-11;2025-06-14;2025-06-17;2025-06-20;2025-06-26;2025-06-27;2025-06-30;2025-07-01;2025-07-03;2025-07-08;2025-07-09;2025-07-15;2025-07-17;2025-07-18;2025-08-15;2025-08-18;2025-08-22;2025-09-09;2025-09-10;2025-09-12;2025-09-16;2025-10-02;2025-10-03;2025-10-06;2025-10-07;2025-10-08;2025-10-21;2025-10-23;2025-11-06,2024-08-20;2024-08-21;2024-08-24;2024-08-27;2024-09-24;2024-10-02;2024-10-08;2024-10-14;2024-10-15;2024-10-18;2024-11-07;2024-11-11;2024-12-09;2024-12-13;2025-02-07;2025-02-10;2025-03-03;2025-04-01;2025-04-03;2025-04-07;2025-04-17;2025-04-18;2025-04-22;2025-04-28;2025-09-04;2025-09-05;2025-11-07
188,20261104,189,2024-08-21;2024-08-22;2024-08-27;2024-09-16;2024-09-24;2024-10-01;2024-10-02;2024-10-08;2024-10-11;2024-10-14;2024-10-15;2024-10-16;2024-10-18;2024-11-07;2024-11-12;2024-11-15;2024-11-18;2024-12-09;2025-01-16;2025-01-17;2025-01-27;2025-02-03;2025-02-05;2025-02-06;2025-02-07;2025-02-12;2025-02-25;2025-03-03;2025-03-05;2025-03-06;2025-03-11;2025-03-12;2025-03-21;2025-03-26;2025-03-27;2025-03-28;2025-03-31;2025-04-01;2025-04-02;2025-04-03;2025-04-07;2025-04-09;2025-04-15;2025-04-16;2025-04-18;2025-04-22;2025-04-23;2025-04-24;2025-04-25;2025-05-14;2025-05-16;2025-05-19;2025-05-20;2025-05-21;2025-06-14;2025-06-20;2025-06-26;2025-06-27;2025-06-30;2025-07-01;2025-07-03;2025-07-08;2025-07-15;2025-07-17;2025-07-18;2025-08-15;2025-08-18;2025-08-22;2025-09-05;2025-09-10;2025-09-16;2025-10-02;2025-10-06;2025-10-07;2025-10-08;2025-10-21;2025-10-23;2025-11-07,2024-08-20;2024-08-23;2024-08-24;2024-09-03;2024-10-07;2024-10-10;2024-10-24;2024-11-11;2024-11-27;2024-12-13;2025-02-10;2025-03-04;2025-04-08;2025-04-11;2025-04-17;2025-04-28;2025-05-22;2025-06-04;2025-06-05;2025-06-11;2025-06-17;2025-07-09;2025-09-04;2025-09-09;2025-09-12;2025-10-03;2025-11-06
189,20261105,190,2024-08-20;2024-08-22;2024-08-23;2024-08-24;2024-08-27;2024-09-03;2024-09-16;2024-10-02;2024-10-10;2024-10-11;2024-10-15;2024-10-16;2024-10-18;2024-10-24;2024-11-11;2024-11-12;2024-11-15;2024-11-18;2024-11-27;2024-12-09;2024-12-13;2025-01-16;2025-01-17;2025-01-27;2025-02-03;2025-02-05;2025-02-06;2025-02-12;2025-02-25;2025-03-03;2025-03-04;2025-03-05;2025-03-06;2025-03-12;2025-03-27;2025-03-31;2025-04-01;2025-04-03;2025-04-07;2025-04-08;2025-04-09;2025-04-11;2025-04-15;2025-04-16;2025-04-17;2025-04-22;2025-04-23;2025-04-25;2025-05-14;2025-05-16;2025-05-19;2025-05-20;2025-05-22;2025-06-04;2025-06-05;2025-06-14;2025-06-17;2025-06-27;2025-06-30;2025-07-03;2025-07-09;2025-07-17;2025-08-15;2025-08-22;2025-09-04;2025-09-05;2025-09-09;2025-09-12;2025-09-16;2025-10-02;2025-10-03;2025-10-06;2025-10-07;2025-10-08;2025-10-21;2025-10-23;2025-11-06;2025-11-07,2024-08-21;2024-09-24;2024-10-01;2024-10-07;2024-10-08;2024-10-14;2024-11-07;2025-02-07;2025-02-10;2025-03-11;2025-03-21;2025-03-26;2025-03-28;2025-04-02;2025-04-18;2025-04-24;2025-04-28;2025-05-21;2025-06-11;2025-06-20;2025-06-26;2025-07-01;2025-07-08;2025-07-15;2025-07-18;2025-08-18;2025-09-10
190,20261106,191,2024-08-20;2024-08-21;2024-08-22;2024-08-23;2024-08-27;2024-09-03;2024-09-16;2024-09-24;2024-10-01;2024-10-07;2024-10-08;2024-10-10;2024-10-11;2024-10-14;2024-10-16;2024-10-18;2024-10-24;2024-11-07;2024-11-11;2024-11-18;2024-11-27;2024-12-09;2024-12-13;2025-01-16;2025-01-17;2025-02-05;2025-02-06;2025-02-07;2025-02-12;2025-03-03;2025-03-04;2025-03-05;2025-03-11;2025-03-12;2025-03-21;2025-03-26;2025-03-27;2025-03-28;2025-04-01;2025-04-02;2025-04-07;2025-04-08;2025-04-09;2025-04-11;2025-04-17;2025-04-18;2025-04-22;2025-04-23;2025-04-24;2025-04-25;2025-05-16;2025-05-19;2025-05-20;2025-05-21;2025-06-04;2025-06-05;2025-06-11;2025-06-17;2025-06-26;2025-07-03;2025-07-09;2025-07-15;2025-07-17;2025-07-18;2025-08-15;2025-08-22;2025-09-05;2025-09-09;2025-09-10;2025-09-12;2025-09-16;2025-10-02;2025-10-03;2025-10-07;2025-10-08;2025-10-21;2025-10-23;2025-11-06,2024-08-24;2024-10-02;2024-10-15;2024-11-12;2024-11-15;2025-01-27;2025-02-03;2025-02-10;2025-02-25;2025-03-06;2025-03-31;2025-04-03;2025-04-15;2025-04-16;2025-04-28;2025-05-14;2025-05-22;2025-06-14;2025-06-20;2025-06-27;2025-06-30;2025-07-01;2025-07-08;2025-08-18;2025-09-04;2025-10-06;2025-11-07
191,20261107,192,2024-08-20;2024-08-21;2024-08-27;2024-09-03;2024-09-16;2024-10-01;2024-10-02;2024-10-08;2024-10-11;2024-10-14;2024-10-15;2024-10-18;2024-10-24;2024-11-07;2024-11-15;2024-11-27;2024-12-13;2025-01-16;2025-01-17;2025-01-27;2025-02-05;2025-02-06;2025-02-07;2025-02-12;2025-02-25;2025-03-03;2025-03-04;2025-03-06;2025-03-11;2025-03-12;2025-03-21;2025-03-26;2025-03-27;2025-03-28;2025-04-02;2025-04-03;2025-04-07;2025-04-08;2025-04-09;2025-04-11;2025-04-15;2025-04-16;2025-04-17;2025-04-22;2025-04-25;2025-04-28;2025-05-14;2025-05-16;2025-05-19;2025-05-20;2025-05-21;2025-06-04;2025-06-05;2025-06-11;2025-06-14;2025-06-17;2025-06-20;2025-06-27;2025-06-30;2025-07-01;2025-07-08;2025-07-15;2025-07-17;2025-07-18;2025-08-15;2025-08-22;2025-09-05;2025-09-09;2025-09-10;2025-09-12;2025-09-16;2025-10-03;2025-10-06;2025-10-07;2025-10-08;2025-10-21;2025-10-23;2025-11-06,2024-08-22;2024-08-23;2024-08-24;2024-09-24;2024-10-07;2024-10-10;2024-10-16;2024-11-11;2024-11-12;2024-11-18;2024-12-09;2025-02-03;2025-02-10;2025-03-05;2025-03-31;2025-04-01;2025-04-18;2025-04-23;2025-04-24;2025-05-22;2025-06-26;2025-07-03;2025-07-09;2025-08-18;2025-09-04;2025-10-02;2025-11-07
192,20261108,193,2024-08-20;2024-08-21;2024-08-22;2024-08-27;2024-09-03;2024-09-24;2024-10-01;2024-10-02;2024-10-07;2024-10-08;2024-10-11;2024-10-14;2024-10-15;2024-10-18;2024-10-24;2024-11-11;2024-11-12;2024-11-15;2024-11-27;2024-12-09;2025-01-17;2025-02-03;2025-02-05;2025-02-06;2025-02-07;2025-02-25;2025-03-03;2025-03-04;2025-03-05;2025-03-06;2025-03-11;2025-03-12;2025-03-21;2025-03-26;2025-03-28;2025-04-02;2025-04-07;2025-04-09;2025-04-11;2025-04-15;2025-04-16;2025-04-17;2025-04-18;2025-04-22;2025-04-24;2025-04-25;2025-05-14;2025-05-16;2025-05-19;2025-05-20;2025-05-21;2025-06-04;2025-06-05;2025-06-11;2025-06-17;2025-06-26;2025-06-27;2025-06-30;2025-07-01;2025-07-03;2025-07-08;2025-07-09;2025-07-15;2025-07-17;2025-07-18;2025-08-18;2025-09-04;2025-09-09;2025-09-10;2025-09-12;2025-10-02;2025-10-03;2025-10-07;2025-10-08;2025-10-21;2025-10-23;2025-11-06;2025-11-07,2024-08-23;2024-08-24;2024-09-16;2024-10-10;2024-10-16;2024-11-07;2024-11-18;2024-12-13;2025-01-16;2025-01-27;2025-02-10;2025-02-12;2025-03-27;2025-03-31;2025-04-01;2025-04-03;2025-04-08;2025-04-23;2025-04-28;2025-05-22;2025-06-14;2025-06-20;2025-08-15;2025-08-22;2025-09-05;2025-09-16;2025-10-06
193,20261109,194,2024-08-22;2024-08-23;2024-08-24;2024-08-27;2024-09-16;2024-10-07;2024-10-15;2024-10-16;2024-10-18;2024-10-24;2024-11-07;2024-11-12;2024-11-15;2024-11-27;2024-12-13;2025-01-16;2025-01-17;2025-01-27;2025-02-03;2025-02-07;2025-02-12;2025-02-25;2025-03-03;2025-03-04;2025-03-05;2025-03-06;2025-03-11;2025-03-12;2025-03-21;2025-03-27;2025-03-28;2025-04-01;2025-04-07;2025-04-08;2025-04-09;2025-04-11;2025-04-15;2025-04-16;2025-04-17;2025-04-18;2025-04-25;2025-04-28;2025-05-14;2025-05-16;2025-05-19;2025-05-20;2025-05-21;2025-05-22;2025-06-04;2025-06-05;2025-06-11;2025-06-14;2025-06-17;2025-06-20;2025-06-26;2025-06-27;2025-06-30;2025-07-03;2025-07-08;2025-07-09;2025-07-15;2025-07-17;2025-07-18;2025-08-18;2025-08-22;2025-09-04;2025-09-05;2025-09-09;2025-09-10;2025-09-12;2025-09-16;2025-10-02;2025-10-03;2025-10-06;2025-10-07;2025-10-21;2025-11-06;2025-11-07,2024-08-20;2024-08-21;2024-09-03;2024-09-24;2024-10-01;2024-10-02;2024-10-08;2024-10-10;2024-10-11;2024-10-14;2024-11-11;2024-11-18;2024-12-09;2025-02-05;2025-02-06;2025-02-10;2025-03-26;2025-03-31;2025-04-02;2025-04-03;2025-04-22;2025-04-23;2025-04-24;2025-07-01;2025-08-15;2025-10-08;2025-10-23
194,20261110,195,2024-08-20;2024-08-21;2024-08-22;2024-08-23;2024-08-24;2024-08-27;2024-09-03;2024-09-16;2024-09-24;2024-10-01;2024-10-02;2024-10-08;2024-10-10;2024-10-11;2024-10-15;2024-10-16;2024-10-18;2024-10-24;2024-11-07;2024-11-11;2024-11-12;2024-11-15;2024-11-18;2024-11-27;2024-12-09;2024-12-13;2025-01-16;2025-01-17;2025-01-27;2025-02-03;2025-02-07;2025-02-10;2025-02-25;2025-03-03;2025-03-04;2025-03-05;2025-03-06;2025-03-11;2025-03-12;2025-03-21;2025-03-27;2025-04-01;2025-04-02;2025-04-07;2025-04-08;2025-04-11;2025-04-15;2025-04-16;2025-04-18;2025-04-22;2025-04-24;2025-04-25;2025-05-14;2025-05-19;2025-05-20;2025-05-21;2025-06-04;2025-06-11;2025-06-14;2025-06-17;2025-06-26;2025-07-01;2025-07-08;2025-07-15;2025-07-17;2025-07-18;2025-08-15;2025-08-18;2025-08-22;2025-09-04;2025-09-05;2025-09-09;2025-09-10;2025-09-12;2025-10-03;2025-10-21;2025-10-23;2025-11-06,2024-10-07;2024-10-14;2025-02-05;2025-02-06;2025-02-12;2025-03-26;2025-03-28;2025-03-31;2025-04-03;2025-04-09;2025-04-17;2025-04-23;2025-04-28;2025-05-16;2025-05-22;2025-06-05;2025-06-20;2025-06-27;2025-06-30;2025-07-03;2025-07-09;2025-09-16;2025-10-02;2025-10-06;2025-10-07;2025-10-08;2025-11-07
195,20261111,196,2024-08-22;2024-08-23;2024-08-24;2024-08-27;2024-09-03;2024-09-24;2024-10-01;2024-10-02;2024-10-07;2024-10-08;2024-10-11;2024-10-14;2024-10-15;2024-10-16;2024-11-07;2024-11-11;2024-11-12;2024-11-15;2024-11-18;2024-12-09;2024-12-13;2025-01-16;2025-01-17;2025-01-27;2025-02-05;2025-02-07;2025-02-10;2025-02-12;2025-02-25;2025-03-05;2025-03-11;2025-03-12;2025-03-27;2025-03-28;2025-04-01;2025-04-02;2025-04-03;2025-04-07;2025-04-09;2025-04-11;2025-04-15;2025-04-16;2025-04-22;2025-04-23;2025-04-25;2025-04-28;2025-05-14;2025-05-16;2025-05-19;2025-05-20;2025-05-21;2025-05-22;2025-06-04;2025-06-05;2025-06-11;2025-06-14;2025-06-17;2025-06-26;2025-06-30;2025-07-01;2025-07-03;2025-07-09;2025-07-15;2025-07-17;2025-08-18;2025-08-22;2025-09-04;2025-09-05;2025-09-09;2025-09-10;2025-09-12;2025-10-02;2025-10-03;2025-10-06;2025-10-07;2025-10-21;2025-10-23;2025-11-07,2024-08-20;2024-08-21;2024-09-16;2024-10-10;2024-10-18;2024-10-24;2024-11-27;2025-02-03;2025-02-06;2025-03-03;2025-03-04;2025-03-06;2025-03-21;2025-03-26;2025-03-31;2025-04-08;2025-04-17;2025-04-18;2025-04-24;2025-06-20;2025-06-27;2025-07-08;2025-07-18;2025-08-15;2025-09-16;2025-10-08;2025-11-06
196,20261112,197,2024-08-20;2024-08-21;2024-08-22;2024-08-23;2024-08-24;2024-08-27;2024-09-03;2024-09-16;2024-09-24;2024-10-01;2024-10-02;2024-10-07;2024-10-08;2024-10-10;2024-10-18;2024-11-07;2024-11-11;2024-11-12;2024-11-15;2024-12-13;2025-01-16;2025-01-27;2025-02-05;2025-02-06;2025-02-07;2025-02-10;2025-02-12;2025-02-25;2025-03-05;2025-03-06;2025-03-11;2025-03-12;2025-03-21;2025-03-26;2025-03-27;2025-03-28;2025-03-31;2025-04-01;2025-04-02;2025-04-03;2025-04-07;2025-04-08;2025-04-09;2025-04-11;2025-04-15;2025-04-17;2025-04-18;2025-04-22;2025-04-23;2025-04-24;2025-04-25;2025-04-28;2025-05-16;2025-05-19;2025-05-20;2025-05-21;2025-06-05;2025-06-11;2025-06-14;2025-06-17;2025-06-20;2025-06-26;2025-06-27;2025-07-03;2025-07-09;2025-07-15;2025-07-18;2025-08-22;2025-09-04;2025-09-09;2025-09-10;2025-09-12;2025-10-02;2025-10-06;2025-10-07;2025-10-08;2025-11-06;2025-11-07,2024-10-11;2024-10-14;2024-10-15;2024-10-16;2024-10-24;2024-11-18;2024-11-27;2024-12-09;2025-01-17;2025-02-03;2025-03-03;2025-03-04;2025-04-16;2025-05-14;2025-05-22;2025-06-04;2025-06-30;2025-07-01;2025-07-08;2025-07-17;2025-08-15;2025-08-18;2025-09-05;2025-09-16;2025-10-03;2025-10-21;2025-10-23
197,20261113,198,2024-08-20;2024-08-21;2024-08-22;2024-08-23;2024-08-24;2024-08-27;2024-09-03;2024-09-16;2024-09-24;2024-10-01;2024-10-08;2024-10-10;2024-10-11;2024-10-14;2024-10-18;2024-11-07;2024-11-11;2024-11-12;2024-11-18;2024-11-27;2024-12-09;2024-12-13;2025-01-27;2025-02-03;2025-02-06;2025-02-07;2025-02-12;2025-02-25;2025-03-03;2025-03-05;2025-03-11;2025-03-21;2025-03-26;2025-03-28;2025-03-31;2025-04-02;2025-04-07;2025-04-09;2025-04-11;2025-04-15;2025-04-16;2025-04-17;2025-04-18;2025-04-22;2025-04-23;2025-04-24;2025-04-25;2025-04-28;2025-05-14;2025-05-16;2025-05-19;2025-05-20;2025-05-21;2025-05-22;2025-06-04;2025-06-11;2025-06-14;2025-06-17;2025-06-20;2025-06-30;2025-07-01;2025-07-08;2025-07-09;2025-07-17;2025-07-18;2025-08-18;2025-08-22;2025-09-04;2025-09-09;2025-09-10;2025-09-12;2025-09-16;2025-10-02;2025-10-03;2025-10-07;2025-10-08;2025-10-21;2025-10-23,2024-10-02;2024-10-07;2024-10-15;2024-10-16;2024-10-24;2024-11-15;2025-01-16;2025-01-17;2025-02-05;2025-02-10;2025-03-04;2025-03-06;2025-03-12;2025-03-27;2025-04-01;2025-04-03;2025-04-08;2025-06-05;2025-06-26;2025-06-27;2025-07-03;2025-07-15;2025-08-15;2025-09-05;2025-10-06;2025-11-06;2025-11-07
198,20261114,199,2024-08-20;2024-08-21;2024-08-23;2024-08-27;2024-09-03;2024-09-24;2024-10-01;2024-10-07;2024-10-08;2024-10-10;2024-10-14;2024-10-15;2024-10-18;2024-10-24;2024-11-07;2024-11-12;2024-11-18;2025-01-16;2025-01-27;2025-02-03;2025-02-05;2025-02-06;2025-02-10;2025-02-12;2025-02-25;2025-03-03;2025-03-04;2025-03-05;2025-03-06;2025-03-11;2025-03-12;2025-03-21;2025-03-26;2025-03-27;2025-03-28;2025-03-31;2025-04-02;2025-04-03;2025-04-08;2025-04-09;2025-04-15;2025-04-16;2025-04-17;2025-04-18;2025-04-22;2025-04-23;2025-04-24;2025-04-28;2025-05-14;2025-05-16;2025-05-19;2025-05-21;2025-05-22;2025-06-04;2025-06-05;2025-06-11;2025-06-14;2025-06-20;2025-06-26;2025-06-27;2025-06-30;2025-07-03;2025-07-15;2025-07-17;2025-07-18;2025-08-15;2025-08-18;2025-08-22;2025-09-05;2025-09-09;2025-09-10;2025-09-12;2025-10-02;2025-10-03;2025-10-06;2025-10-08;2025-10-23;2025-11-07,2024-08-22;2024-08-24;2024-09-16;2024-10-02;2024-10-11;2024-10-16;2024-11-11;2024-11-15;2024-11-27;2024-12-09;2024-12-13;2025-01-17;2025-02-07;2025-04-01;2025-04-07;2025-04-11;2025-04-25;2025-05-20;2025-06-17;2025-07-01;2025-07-08;2025-07-09;2025-09-04;2025-09-16;2025-10-07;2025-10-21;2025-11-06
199,20261115,200,2024-08-21;2024-08-23;2024-08-24;2024-09-03;2024-09-16;2024-09-24;2024-10-01;2024-10-02;2024-10-07;2024-10-08;2024-10-10;2024-10-11;2024-10-14;2024-10-16;2024-10-24;2024-11-07;2024-11-11;2024-11-12;2024-11-15;2024-11-18;2024-11-27;2024-12-09;2024-12-13;2025-01-16;2025-01-17;2025-01-27;2025-02-03;2025-02-05;2025-02-06;2025-02-07;2025-02-10;2025-02-12;2025-02-25;2025-03-03;2025-03-04;2025-03-05;2025-03-11;2025-03-26;2025-03-28;2025-04-01;2025-04-03;2025-04-09;2025-04-11;2025-04-15;2025-04-18;2025-04-22;2025-05-14;2025-05-19;2025-05-20;2025-05-21;2025-05-22;2025-06-04;2025-06-14;2025-06-17;2025-06-20;2025-06-27;2025-06-30;2025-07-01;2025-07-03;2025-07-08;2025-07-09;2025-07-15;2025-07-17;2025-07-18;2025-08-22;2025-09-04;2025-09-05;2025-09-09;2025-09-10;2025-09-12;2025-09-16;2025-10-06;2025-10-07;2025-10-08;2025-10-21;2025-10-23;2025-11-06;2025-11-07,2024-08-20;2024-08-22;2024-08-27;2024-10-15;2024-10-18;2025-03-06;2025-03-12;2025-03-21;2025-03-27;2025-03-31;2025-04-02;2025-04-07;2025-04-08;2025-04-16;2025-04-17;2025-04-23;2025-04-24;2025-04-25;2025-04-28;2025-05-16;2025-06-05;2025-06-11;2025-06-26;2025-08-15;2025-08-18;2025-10-02;2025-10-03
200,20261116,201,2024-08-20;2024-08-22;2024-08-23;2024-08-24;2024-08-27;2024-09-03;2024-09-16;2024-09-24;2024-10-01;2024-10-02;2024-10-07;2024-10-08;2024-10-10;2024-10-11;2024-10-15;2024-10-16;2024-10-18;2024-11-07;2024-11-11;2024-11-27;2024-12-09;2025-01-16;2025-01-17;2025-01-27;2025-02-03;2025-02-05;2025-02-06;2025-02-07;2025-02-10;2025-02-12;2025-03-03;2025-03-04;2025-03-05;2025-03-11;2025-03-12;2025-03-31;2025-04-02;2025-04-03;2025-04-07;2025-04-08;2025-04-09;2025-04-11;2025-04-15;2025-04-16;2025-04-18;2025-04-22;2025-04-24;2025-04-25;2025-05-14;2025-05-16;2025-05-19;2025-05-20;2025-05-21;2025-05-22;2025-06-04;2025-06-11;2025-06-14;2025-06-17;2025-06-26;2025-06-30;2025-07-08;2025-07-17;2025-08-15;2025-08-18;2025-09-04;2025-09-05;2025-09-09;2025-09-10;2025-09-12;2025-09-16;2025-10-02;2025-10-03;2025-10-06;2025-10-07;2025-10-21;2025-10-23;2025-11-06;2025-11-07,2024-08-21;2024-10-14;2024-10-24;2024-11-12;2024-11-15;2024-11-18;2024-12-13;2025-02-25;2025-03-06;2025-03-21;2025-03-26;2025-03-27;2025-03-28;2025-04-01;2025-04-17;2025-04-23;2025-04-28;2025-06-05;2025-06-20;2025-06-27;2025-07-01;2025-07-03;2025-07-09;2025-07-15;2025-07-18;2025-08-22;2025-10-08
201,20261117,202,2024-08-20;2024-08-21;2024-08-22;2024-08-23;2024-08-24;2024-08-27;2024-09-03;2024-10-01;2024-10-02;2024-10-07;2024-10-08;2024-10-10;2024-10-11;2024-10-15;2024-10-18;2024-11-07;2024-11-11;2024-11-12;2024-11-15;2024-11-18;2024-11-27;2024-12-13;2025-01-17;2025-01-27;2025-02-06;2025-02-07;2025-02-10;2025-02-12;2025-02-25;2025-03-03;2025-03-04;2025-03-05;2025-03-06;2025-03-11;2025-03-12;2025-03-21;2025-03-26;2025-03-28;2025-04-01;2025-04-03;2025-04-07;2025-04-11;2025-04-15;2025-04-16;2025-04-18;2025-04-22;2025-04-28;2025-05-14;2025-05-16;2025-05-19;2025-06-04;2025-06-05;2025-06-11;2025-06-17;2025-06-20;2025-06-26;2025-06-27;2025-07-01;2025-07-03;2025-07-09;2025-07-15;2025-07-17;2025-08-15;2025-08-22;2025-09-04;2025-09-05;2025-09-09;2025-09-10;2025-09-12;2025-10-02;2025-10-03;2025-10-06;2025-10-07;2025-10-08;2025-10-21;2025-10-23;2025-11-06;2025-11-07,2024-09-16;2024-09-24;2024-10-14;2024-10-16;2024-10-24;2024-12-09;2025-01-16;2025-02-03;2025-02-05;2025-03-27;2025-03-31;2025-04-02;2025-04-08;2025-04-09;2025-04-17;2025-04-23;2025-04-24;2025-04-25;2025-05-20;2025-05-21;2025-05-22;2025-06-14;2025-06-30;2025-07-08;2025-07-18;2025-08-18;2025-09-16
202,20261118,203,2024-08-20;2024-08-22;2024-08-23;2024-08-24;2024-08-27;2024-09-03;2024-09-24;2024-10-01;2024-10-02;2024-10-07;2024-10-10;2024-10-11;2024-10-14;2024-10-16;2024-10-18;2024-11-07;2024-11-11;2024-11-12;2024-11-18;2024-11-27;2024-12-13;2025-01-16;2025-01-27;2025-02-03;2025-02-05;2025-02-06;2025-02-07;2025-02-25;2025-03-03;2025-03-04;2025-03-06;2025-03-11;2025-03-27;2025-03-28;2025-04-01;2025-04-02;2025-04-03;2025-04-08;2025-04-09;2025-04-11;2025-04-15;2025-04-16;2025-04-18;2025-04-22;2025-04-24;2025-04-25;2025-04-28;2025-05-16;2025-05-19;2025-05-20;2025-06-04;2025-06-05;2025-06-11;2025-06-14;2025-06-17;2025-06-20;2025-06-26;2025-06-27;2025-07-03;2025-07-08;2025-07-09;2025-07-15;2025-07-17;2025-08-18;2025-08-22;2025-09-04;2025-09-05;2025-09-09;2025-09-10;2025-09-12;2025-09-16;2025-10-02;2025-10-03;2025-10-06;2025-10-08;2025-10-21;2025-11-06;2025-11-07,2024-08-21;2024-09-16;2024-10-08;2024-10-15;2024-10-24;2024-11-15;2024-12-09;2025-01-17;2025-02-10;2025-02-12;2025-03-05;2025-03-12;2025-03-21;2025-03-26;2025-03-31;2025-04-07;2025-04-17;2025-04-23;2025-05-14;2025-05-21;2025-05-22;2025-06-30;2025-07-01;2025-07-18;2025-08-15;2025-10-07;2025-10-23
203,20261119,204,2024-08-20;2024-08-22;2024-08-23;2024-08-27;2024-09-03;2024-09-16;2024-10-01;2024-10-02;2024-10-07;2024-10-11;2024-10-14;2024-10-15;2024-10-16;2024-10-24;2024-11-07;2024-11-11;2024-11-15;2024-11-18;2024-11-27;2024-12-09;2024-12-13;2025-01-16;2025-01-17;2025-01-27;2025-02-03;2025-02-06;2025-02-07;2025-02-10;2025-02-12;2025-02-25;2025-03-04;2025-03-05;2025-03-06;2025-03-11;2025-03-12;2025-03-26;2025-03-27;2025-03-28;2025-03-31;2025-04-01;2025-04-08;2025-04-09;2025-04-15;2025-04-18;2025-04-22;2025-04-23;2025-04-25;2025-04-28;2025-05-14;2025-05-16;2025-05-19;2025-05-20;2025-05-21;2025-05-22;2025-06-04;2025-06-05;2025-06-11;2025-06-14;2025-06-20;2025-06-27;2025-06-30;2025-07-01;2025-07-03;2025-07-09;2025-07-15;2025-07-17;2025-07-18;2025-08-18;2025-09-04;2025-09-16;2025-10-02;2025-10-03;2025-10-06;2025-10-07;2025-10-08;2025-10-21;2025-11-06;2025-11-07,2024-08-21;2024-08-24;2024-09-24;2024-10-08;2024-10-10;2024-10-18;2024-11-12;2025-02-05;2025-03-03;2025-03-21;2025-04-02;2025-04-03;2025-04-07;2025-04-11;2025-04-16;2025-04-17;2025-04-24;2025-06-17;2025-06-26;2025-07-08;2025-08-15;2025-08-22;2025-09-05;2025-09-09;2025-09-10;2025-09-12;2025-10-23
204,20261120,205,2024-08-21;2024-08-23;2024-08-24;2024-08-27;2024-09-03;2024-09-24;2024-10-01;2024-10-02;2024-10-08;2024-10-11;2024-10-14;2024-10-15;2024-10-16;2024-10-18;2024-10-24;2024-11-07;2024-11-11;2024-11-12;2024-11-15;2024-11-18;2024-11-27;2024-12-09;2025-01-16;2025-01-17;2025-01-27;2025-02-03;2025-02-05;2025-02-07;2025-02-10;2025-02-25;2025-03-03;2025-03-04;2025-03-05;2025-03-11;2025-03-12;2025-03-21;2025-03-26;2025-03-31;2025-04-02;2025-04-03;2025-04-07;2025-04-09;2025-04-11;2025-04-15;2025-04-17;2025-04-22;2025-04-23;2025-04-24;2025-04-28;2025-05-16;2025-05-20;2025-05-21;2025-05-22;2025-06-04;2025-06-05;2025-06-11;2025-06-14;2025-06-20;2025-06-26;2025-06-27;2025-06-30;2025-07-01;2025-07-03;2025-07-09;2025-07-17;2025-07-18;2025-08-15;2025-08-18;2025-08-22;2025-09-05;2025-09-09;2025-09-10;2025-09-16;2025-10-02;2025-10-07;2025-10-21;2025-10-23;2025-11-07,2024-08-20;2024-08-22;2024-09-16;2024-10-07;2024-10-10;2024-12-13;2025-02-06;2025-02-12;2025-03-06;2025-03-27;2025-03-28;2025-04-01;2025-04-08;2025-04-16;2025-04-18;2025-04-25;2025-05-14;2025-05-19;2025-06-17;2025-07-08;2025-07-15;2025-09-04;2025-09-12;2025-10-03;2025-10-06;2025-10-08;2025-11-06
205,20261121,206,2024-08-21;2024-08-22;2024-08-24;2024-09-03;2024-09-16;2024-10-01;2024-10-02;2024-10-07;2024-10-08;2024-10-10;2024-10-11;2024-10-14;2024-10-15;2024-10-16;2024-10-18;2024-10-24;2024-11-07;2024-11-11;2024-11-12;2024-11-15;2024-11-18;2024-12-13;2025-01-17;2025-01-27;2025-02-03;2025-02-05;2025-02-06;2025-02-07;2025-02-12;2025-02-25;2025-03-03;2025-03-05;2025-03-12;2025-03-21;2025-03-26;2025-03-27;2025-03-28;2025-03-31;2025-04-01;2025-04-03;2025-04-07;2025-04-08;2025-04-09;2025-04-17;2025-04-22;2025-04-28;2025-05-14;2025-05-19;2025-05-20;2025-05-22;2025-06-04;2025-06-05;2025-06-11;2025-06-14;2025-06-17;2025-06-20;2025-06-26;2025-06-27;2025-06-30;2025-07-01;2025-07-03;2025-07-09;2025-07-15;2025-07-17;2025-07-18;2025-08-15;2025-08-18;2025-09-05;2025-09-09;2025-09-10;2025-09-12;2025-10-03;2025-10-06;2025-10-07;2025-10-08;2025-10-21;2025-11-06;2025-11-07,2024-08-20;2024-08-23;2024-08-27;2024-09-24;2024-11-27;2024-12-09;2025-01-16;2025-02-10;2025-03-04;2025-03-06;2025-03-11;2025-04-02;2025-04-11;2025-04-15;2025-04-16;2025-04-18;2025-04-23;2025-04-24;2025-04-25;2025-05-16;2025-05-21;2025-07-08;2025-08-22;2025-09-04;2025-09-16;2025-10-02;2025-10-23
206,20261122,207,2024-08-20;2024-08-22;2024-08-27;2024-09-03;2024-09-16;2024-09-24;2024-10-01;2024-10-02;2024-10-07;2024-10-10;2024-10-11;2024-10-14;2024-10-15;2024-10-18;2024-11-11;2024-11-12;2024-11-15;2024-11-18;2024-11-27;2024-12-09;2024-12-13;2025-02-03;2025-02-05;2025-02-06;2025-02-07;2025-02-10;2025-02-12;2025-02-25;2025-03-03;2025-03-04;2025-03-05;2025-03-06;2025-03-11;2025-03-12;2025-03-21;2025-03-28;2025-03-31;2025-04-02;2025-04-03;2025-04-07;2025-04-08;2025-04-09;2025-04-11;2025-04-15;2025-04-16;2025-04-17;2025-04-18;2025-04-22;2025-04-24;2025-05-14;2025-05-16;2025-05-19;2025-05-22;2025-06-04;2025-06-05;2025-06-11;2025-06-14;2025-06-17;2025-06-20;2025-06-26;2025-07-01;2025-07-03;2025-07-08;2025-07-09;2025-07-17;2025-08-22;2025-09-04;2025-09-09;2025-09-10;2025-09-12;2025-09-16;2025-10-02;2025-10-03;2025-10-06;2025-10-07;2025-10-23;2025-11-06;2025-11-07,2024-08-21;2024-08-23;2024-08-24;2024-10-08;2024-10-16;2024-10-24;2024-11-07;2025-01-16;2025-01-17;2025-01-27;2025-03-26;2025-03-27;2025-04-01;2025-04-23;2025-04-25;2025-04-28;2025-05-20;2025-05-21;2025-06-27;2025-06-30;2025-07-15;2025-07-18;2025-08-15;2025-08-18;2025-09-05;2025-10-08;2025-10-21
207,20261123,208,2024-08-23;2024-08-24;2024-08-27;2024-09-03;2024-09-16;2024-10-01;2024-10-02;2024-10-07;2024-10-08;2024-10-11;2024-10-14;2024-10-15;2024-10-16;2024-10-18;2024-11-11;2024-11-12;2024-11-18;2025-01-16;2025-01-17;2025-02-03;2025-02-05;2025-02-06;2025-02-07;2025-02-12;2025-03-03;2025-03-04;2025-03-05;2025-03-06;2025-03-11;2025-03-21;2025-03-26;2025-03-27;2025-03-28;2025-03-31;2025-04-01;2025-04-07;2025-04-08;2025-04-09;2025-04-11;2025-04-16;2025-04-17;2025-04-18;2025-04-22;2025-04-23;2025-04-28;2025-05-14;2025-05-16;2025-05-19;2025-05-20;2025-05-21;2025-05-22;2025-06-04;2025-06-05;2025-06-11;2025-06-17;2025-06-20;2025-06-26;2025-06-27;2025-06-30;2025-07-01;2025-07-03;2025-07-08;2025-07-09;2025-07-15;2025-07-17;2025-08-15;2025-08-18;2025-08-22;2025-09-04;2025-09-05;2025-09-09;2025-09-16;2025-10-03;2025-10-06;2025-10-08;2025-10-23;2025-11-06;2025-11-07,2024-08-20;2024-08-21;2024-08-22;2024-09-24;2024-10-10;2024-10-24;2024-11-07;2024-11-15;2024-11-27;2024-12-09;2024-12-13;2025-01-27;2025-02-10;2025-02-25;2025-03-12;2025-04-02;2025-04-03;2025-04-15;2025-04-24;2025-04-25;2025-06-14;2025-07-18;2025-09-10;2025-09-12;2025-10-02;2025-10-07;2025-10-21
208,20261124,209,2024-08-20;2024-08-21;2024-08-22;2024-08-23;2024-08-24;2024-08-27;2024-09-03;2024-09-16;2024-09-24;2024-10-07;2024-10-08;2024-10-10;2024-10-11;2024-10-14;2024-10-16;2024-10-18;2024-10-24;2024-11-07;2024-11-11;2024-11-12;2024-11-15;2024-11-18;2024-12-09;2025-01-16;2025-02-03;2025-02-05;2025-02-06;2025-02-10;2025-02-12;2025-02-25;2025-03-04;2025-03-05;2025-03-21;2025-03-26;2025-03-27;2025-03-28;2025-03-31;2025-04-01;2025-04-02;2025-04-03;2025-04-07;2025-04-09;2025-04-11;2025-04-15;2025-04-17;2025-04-18;2025-04-22;2025-04-23;2025-04-28;2025-05-14;2025-05-16;2025-05-20;2025-05-21;2025-06-04;2025-06-05;2025-06-11;2025-06-14;2025-06-20;2025-06-26;2025-06-27;2025-06-30;2025-07-01;2025-07-03;2025-07-15;2025-07-17;2025-08-15;2025-08-18;2025-08-22;2025-09-05;2025-09-09;2025-09-12;2025-10-02;2025-10-03;2025-10-07;2025-10-08;2025-10-21;2025-10-23;2025-11-07,2024-10-01;2024-10-02;2024-10-15;2024-11-27;2024-12-13;2025-01-17;2025-01-27;2025-02-07;2025-03-03;2025-03-06;2025-03-11;2025-03-12;2025-04-08;2025-04-16;2025-04-24;2025-04-25;2025-05-19;2025-05-22;2025-06-17;2025-07-08;2025-07-09;2025-07-18;2025-09-04;2025-09-10;2025-09-16;2025-10-06;2025-11-06
209,20261125,210,2024-08-21;2024-08-22;2024-08-23;2024-08-24;2024-08-27;2024-09-03;2024-09-16;2024-09-24;2024-10-02;2024-10-08;2024-10-10;2024-10-11;2024-10-14;2024-10-16;2024-10-18;2024-10-24;2024-11-07;2024-11-11;2024-11-12;2024-11-18;2024-12-09;2024-12-13;2025-01-16;2025-01-17;2025-01-27;2025-02-03;2025-02-06;2025-02-07;2025-02-10;2025-02-25;2025-03-03;2025-03-04;2025-03-06;2025-03-11;2025-03-12;2025-03-21;2025-03-26;2025-03-27;2025-03-28;2025-04-01;2025-04-03;2025-04-15;2025-04-16;2025-04-17;2025-04-22;2025-04-23;2025-04-24;2025-04-25;2025-04-28;2025-05-14;2025-05-16;2025-05-19;2025-05-20;2025-05-21;2025-06-04;2025-06-05;2025-06-14;2025-06-17;2025-06-26;2025-06-27;2025-06-30;2025-07-03;2025-07-08;2025-07-09;2025-07-15;2025-07-17;2025-08-18;2025-08-22;2025-09-04;2025-09-05;2025-09-12;2025-09-16;2025-10-02;2025-10-06;2025-10-08;2025-10-21;2025-10-23;2025-11-07,2024-08-20;2024-10-01;2024-10-07;2024-10-15;2024-11-15;2024-11-27;2025-02-05;2025-02-12;2025-03-05;2025-03-31;2025-04-02;2025-04-07;2025-04-08;2025-04-09;2025-04-11;2025-04-18;2025-05-22;2025-06-11;2025-06-20;2025-07-01;2025-07-18;2025-08-15;2025-09-09;2025-09-10;2025-10-03;2025-10-07;2025-11-06
210,20261126,211,2024-08-23;2024-08-24;2024-08-27;2024-09-16;2024-09-24;2024-10-01;2024-10-02;2024-10-07;2024-10-08;2024-10-11;2024-10-14;2024-10-15;2024-10-16;2024-10-18;2024-11-11;2024-11-12;2024-11-18;2024-11-27;2024-12-09;2024-12-13;2025-01-16;2025-01-27;2025-02-03;2025-02-06;2025-02-12;2025-02-25;2025-03-03;2025-03-04;2025-03-05;2025-03-06;2025-03-12;2025-03-26;2025-03-27;2025-03-28;2025-03-31;2025-04-02;2025-04-03;2025-04-07;2025-04-08;2025-04-11;2025-04-15;2025-04-16;2025-04-17;2025-04-28;2025-05-14;2025-05-16;2025-05-19;2025-05-21;2025-05-22;2025-06-04;2025-06-11;2025-06-14;2025-06-17;2025-06-20;2025-06-26;2025-06-27;2025-06-30;2025-07-01;2025-07-03;2025-07-08;2025-07-09;2025-07-15;2025-07-17;2025-07-18;2025-08-15;2025-08-22;2025-09-04;2025-09-05;2025-09-09;2025-09-10;2025-09-12;2025-09-16;2025-10-02;2025-10-03;2025-10-07;2025-10-08;2025-10-21;2025-11-07,2024-08-20;2024-08-21;2024-08-22;2024-09-03;2024-10-10;2024-10-24;2024-11-07;2024-11-15;2025-01-17;2025-02-05;2025-02-07;2025-02-10;2025-03-11;2025-03-21;2025-04-01;2025-04-09;2025-04-18;2025-04-22;2025-04-23;2025-04-24;2025-04-25;2025-05-20;2025-06-05;2025-08-18;2025-10-06;2025-10-23;2025-11-06
211,20261127,212,2024-08-20;2024-08-22;2024-08-23;2024-08-24;2024-08-27;2024-09-03;2024-09-24;2024-10-01;2024-10-02;2024-10-10;2024-10-14;2024-10-15;2024-10-24;2024-11-07;2024-11-11;2024-11-12;2024-11-15;2024-11-18;2024-11-27;2024-12-09;2024-12-13;2025-01-16;2025-01-17;2025-01-27;2025-02-03;2025-02-07;2025-02-10;2025-02-12;2025-02-25;2025-03-03;2025-03-04;2025-03-05;2025-03-06;2025-03-11;2025-03-21;2025-03-28;2025-03-31;2025-04-01;2025-04-03;2025-04-08;2025-04-11;2025-04-15;2025-04-16;2025-04-17;2025-04-22;2025-04-23;2025-04-28;2025-05-14;2025-05-19;2025-05-21;2025-05-22;2025-06-04;2025-06-05;2025-06-11;2025-06-14;2025-06-17;2025-06-20;2025-06-30;2025-07-01;2025-07-03;2025-07-08;2025-07-09;2025-07-15;2025-07-17;2025-08-18;2025-08-22;2025-09-04;2025-09-05;2025-09-09;2025-09-10;2025-09-12;2025-09-16;2025-10-06;2025-10-07;2025-10-08;2025-10-21;2025-10-23;2025-11-06,2024-08-21;2024-09-16;2024-10-07;2024-10-08;2024-10-11;2024-10-16;2024-10-18;2025-02-05;2025-02-06;2025-03-12;2025-03-26;2025-03-27;2025-04-02;2025-04-07;2025-04-09;2025-04-18;2025-04-24;2025-04-25;2025-05-16;2025-05-20;2025-06-26;2025-06-27;2025-07-18;2025-08-15;2025-10-02;2025-10-03;2025-11-07
212,20261128,213,2024-08-21;2024-08-22;2024-08-23;2024-08-24;2024-09-16;2024-09-24;2024-10-01;2024-10-02;2024-10-08;2024-10-11;2024-10-14;2024-10-15;2024-10-16;2024-10-24;2024-11-07;2024-11-18;2025-01-16;2025-01-27;2025-02-03;2025-02-06;2025-02-07;2025-02-10;2025-02-12;2025-02-25;2025-03-03;2025-03-04;2025-03-05;2025-03-06;2025-03-11;2025-03-12;2025-03-21;2025-03-26;2025-03-27;2025-03-31;2025-04-01;2025-04-02;2025-04-07;2025-04-08;2025-04-11;2025-04-15;2025-04-16;2025-04-17;2025-04-18;2025-04-23;2025-04-24;2025-04-25;2025-04-28;2025-05-14;2025-05-16;2025-05-20;2025-05-22;2025-06-04;2025-06-05;2025-06-11;2025-06-14;2025-06-20;2025-06-26;2025-06-27;2025-06-30;2025-07-01;2025-07-03;2025-07-09;2025-07-15;2025-07-17;2025-07-18;2025-08-18;2025-09-04;2025-09-09;2025-09-10;2025-09-12;2025-09-16;2025-10-02;2025-10-03;2025-10-07;2025-10-08;2025-10-21;2025-11-06;2025-11-07,2024-08-20;2024-08-27;2024-09-03;2024-10-07;2024-10-10;2024-10-18;2024-11-11;2024-11-12;2024-11-15;2024-11-27;2024-12-09;2024-12-13;2025-01-17;2025-02-05;2025-03-28;2025-04-03;2025-04-09;2025-04-22;2025-05-19;2025-05-21;2025-06-17;2025-07-08;2025-08-15;2025-08-22;2025-09-05;2025-10-06;2025-10-23
213,20261129,214,2024-08-22;2024-08-23;2024-08-24;2024-08-27;2024-09-03;2024-09-16;2024-10-01;2024-10-02;2024-10-07;2024-10-08;2024-10-10;2024-10-11;2024-10-14;2024-10-15;2024-10-16;2024-10-18;2024-10-24;2024-11-11;2024-11-15;2024-11-18;2024-11-27;2024-12-13;2025-01-16;2025-01-27;2025-02-03;2025-02-05;2025-02-06;2025-02-10;2025-02-12;2025-02-25;2025-03-03;2025-03-04;2025-03-05;2025-03-06;2025-03-11;2025-03-12;2025-03-21;2025-03-26;2025-03-27;2025-03-28;2025-03-31;2025-04-02;2025-04-03;2025-04-07;2025-04-09;2025-04-11;2025-04-15;2025-04-17;2025-04-18;2025-04-22;2025-04-23;2025-04-24;2025-04-25;2025-05-14;2025-05-20;2025-05-21;2025-05-22;2025-06-04;2025-06-05;2025-06-20;2025-06-26;2025-06-27;2025-07-01;2025-07-08;2025-07-15;2025-07-17;2025-07-18;2025-08-15;2025-08-18;2025-09-05;2025-09-10;2025-10-03;2025-10-06;2025-10-07;2025-10-08;2025-10-23;2025-11-06;2025-11-07,2024-08-20;2024-08-21;2024-09-24;2024-11-07;2024-11-12;2024-12-09;2025-01-17;2025-02-07;2025-04-01;2025-04-08;2025-04-16;2025-04-28;2025-05-16;2025-05-19;2025-06-11;2025-06-14;2025-06-17;2025-06-30;2025-07-03;2025-07-09;2025-08-22;2025-09-04;2025-09-09;2025-09-12;2025-09-16;2025-10-02;2025-10-21
214,20261130,215,2024-08-21;2024-08-22;2024-08-23;2024-08-27;2024-09-03;2024-09-16;2024-09-24;2024-10-02;2024-10-07;2024-10-11;2024-10-14;2024-10-16;2024-10-18;2024-10-24;2024-11-07;2024-11-11;2024-11-15;2024-11-18;2024-11-27;2024-12-13;2025-01-16;2025-01-17;2025-01-27;2025-02-03;2025-02-05;2025-02-06;2025-02-07;2025-02-10;2025-02-12;2025-02-25;2025-03-04;2025-03-05;2025-03-06;2025-03-11;2025-03-12;2025-03-28;2025-03-31;2025-04-01;2025-04-02;2025-04-03;2025-04-08;2025-04-09;2025-04-15;2025-04-16;2025-04-23;2025-04-25;2025-04-28;2025-05-14;2025-05-16;2025-05-21;2025-05-22;2025-06-04;2025-06-05;2025-06-11;2025-06-14;2025-06-17;2025-06-20;2025-06-27;2025-06-30;2025-07-03;2025-07-08;2025-07-09;2025-07-17;2025-07-18;2025-08-15;2025-08-18;2025-08-22;2025-09-04;2025-09-05;2025-09-09;2025-09-10;2025-09-12;2025-09-16;2025-10-07;2025-10-08;2025-10-21;2025-11-06;2025-11-07,2024-08-20;2024-08-24;2024-10-01;2024-10-08;2024-10-10;2024-10-15;2024-11-12;2024-12-09;2025-03-03;2025-03-21;2025-03-26;2025-03-27;2025-04-07;2025-04-11;2025-04-17;2025-04-18;2025-04-22;2025-04-24;2025-05-19;2025-05-20;2025-06-26;2025-07-01;2025-07-15;2025-10-02;2025-10-03;2025-10-06;2025-10-23
215,20261131,216,2024-08-20;2024-08-21;2024-08-22;2024-08-24;2024-08-27;2024-09-03;2024-09-16;2024-10-01;2024-10-07;2024-10-10;2024-10-11;2024-10-15;2024-11-07;2024-11-11;2024-11-15;2024-11-18;2024-11-27;2024-12-09;2024-12-13;2025-01-16;2025-01-17;2025-02-03;2025-02-05;2025-02-06;2025-02-07;2025-02-12;2025-03-03;2025-03-04;2025-03-05;2025-03-06;2025-03-21;2025-03-27;2025-03-28;2025-04-02;2025-04-03;2025-04-08;2025-04-09;2025-04-11;2025-04-15;2025-04-17;2025-04-22;2025-04-23;2025-04-24;2025-04-25;2025-05-14;2025-05-16;2025-05-19;2025-05-20;2025-05-21;2025-05-22;2025-06-04;2025-06-05;2025-06-14;2025-06-17;2025-06-20;2025-06-26;2025-06-30;2025-07-01;2025-07-03;2025-07-09;2025-07-15;2025-07-17;2025-07-18;2025-08-15;2025-08-18;2025-08-22;2025-09-04;2025-09-05;2025-09-09;2025-09-10;2025-09-12;2025-10-02;2025-10-06;2025-10-07;2025-10-08;2025-10-21;2025-11-06;2025-11-07,2024-08-23;2024-09-24;2024-10-02;2024-10-08;2024-10-14;2024-10-16;2024-10-18;2024-10-24;2024-11-12;2025-01-27;2025-02-10;2025-02-25;2025-03-11;2025-03-12;2025-03-26;2025-03-31;2025-04-01;2025-04-07;2025-04-16;2025-04-18;2025-04-28;2025-06-11;2025-06-27;2025-07-08;2025-09-16;2025-10-03;2025-10-23
216,20261132,217,2024-08-20;2024-08-21;2024-08-23;2024-08-24;2024-08-27;2024-09-03;2024-09-16;2024-10-01;2024-10-02;2024-10-07;2024-10-08;2024-10-14;2024-10-15;2024-10-16;2024-10-18;2024-11-07;2024-11-11;2024-11-15;2024-11-27;2024-12-09;2024-12-13;2025-01-16;2025-01-17;2025-02-05;2025-02-06;2025-02-07;2025-02-10;2025-02-12;2025-02-25;2025-03-03;2025-03-04;2025-03-06;2025-03-12;2025-03-21;2025-03-26;2025-03-27;2025-03-28;2025-03-31;2025-04-01;2025-04-02;2025-04-08;2025-04-11;2025-04-15;2025-04-17;2025-04-18;2025-04-22;2025-05-14;2025-05-19;2025-05-20;2025-05-21;2025-05-22;2025-06-04;2025-06-14;2025-06-17;2025-06-20;2025-06-26;2025-06-27;2025-06-30;2025-07-01;2025-07-03;2025-07-09;2025-07-15;2025-07-17;2025-07-18;2025-08-15;2025-08-18;2025-08-22;2025-09-04;2025-09-05;2025-09-12;2025-09-16;2025-10-02;2025-10-03;2025-10-06;2025-10-07;2025-10-08;2025-10-21;2025-11-06,2024-08-22;2024-09-24;2024-10-10;2024-10-11;2024-10-24;2024-11-12;2024-11-18;2025-01-27;2025-02-03;2025-03-05;2025-03-11;2025-04-03;2025-04-07;2025-04-09;2025-04-16;2025-04-23;2025-04-24;2025-04-25;2025-04-28;2025-05-16;2025-06-05;2025-06-11;2025-07-08;2025-09-09;2025-09-10;2025-10-23;2025-11-07
217,20261133,218,2024-08-21;2024-08-22;2024-08-23;2024-08-27;2024-09-03;2024-10-01;2024-10-02;2024-10-07;2024-10-08;2024-10-10;2024-10-14;2024-10-15;2024-10-24;2024-11-07;2024-11-12;2024-11-15;2024-11-18;2024-12-09;2024-12-13;2025-01-16;2025-01-17;2025-01-27;2025-02-03;2025-02-05;2025-02-06;2025-02-10;2025-02-25;2025-03-04;2025-03-05;2025-03-06;2025-03-12;2025-03-21;2025-03-26;2025-03-27;2025-03-31;2025-04-01;2025-04-02;2025-04-03;2025-04-08;2025-04-09;2025-04-11;2025-04-16;2025-04-17;2025-04-18;2025-04-22;2025-04-23;2025-04-24;2025-04-25;2025-04-28;2025-05-14;2025-05-16;2025-05-19;2025-05-20;2025-05-21;2025-05-22;2025-06-11;2025-06-14;2025-06-20;2025-06-27;2025-06-30;2025-07-01;2025-07-03;2025-07-09;2025-07-15;2025-07-17;2025-07-18;2025-08-15;2025-08-22;2025-09-04;2025-09-05;2025-09-09;2025-09-10;2025-09-12;2025-09-16;2025-10-02;2025-10-03;2025-10-08;2025-11-06,2024-08-20;2024-08-24;2024-09-16;2024-09-24;2024-10-11;2024-10-16;2024-10-18;2024-11-11;2024-11-27;2025-02-07;2025-02-12;2025-03-03;2025-03-11;2025-03-28;2025-04-07;2025-04-15;2025-06-04;2025-06-05;2025-06-17;2025-06-26;2025-07-08;2025-08-18;2025-10-06;2025-10-07;2025-10-21;2025-10-23;2025-11-07
218,20261134,219,2024-08-20;2024-08-21;2024-08-22;2024-08-27;2024-09-03;2024-09-16;2024-09-24;2024-10-01;2024-10-02;2024-10-07;2024-10-08;2024-10-10;2024-10-11;2024-10-14;2024-10-15;2024-10-18;2024-10-24;2024-11-11;2024-11-12;2024-11-15;2024-11-27;2024-12-09;2024-12-13;2025-01-16;2025-01-27;2025-02-05;2025-02-07;2025-02-10;2025-02-25;2025-03-03;2025-03-04;2025-03-06;2025-03-11;2025-03-26;2025-03-27;2025-03-31;2025-04-01;2025-04-02;2025-04-03;2025-04-07;2025-04-08;2025-04-09;2025-04-11;2025-04-16;2025-04-18;2025-04-23;2025-04-24;2025-04-25;2025-04-28;2025-05-16;2025-05-19;2025-05-20;2025-05-21;2025-05-22;2025-06-04;2025-06-05;2025-06-11;2025-06-14;2025-06-20;2025-06-26;2025-06-30;2025-07-01;2025-07-03;2025-07-08;2025-07-09;2025-07-15;2025-07-18;2025-08-18;2025-09-04;2025-09-09;2025-09-12;2025-10-03;2025-10-06;2025-10-07;2025-10-08;2025-10-21;2025-10-23;2025-11-06,2024-08-23;2024-08-24;2024-10-16;2024-11-07;2024-11-18;2025-01-17;2025-02-03;2025-02-06;2025-02-12;2025-03-05;2025-03-12;2025-03-21;2025-03-28;2025-04-15;2025-04-17;2025-04-22;2025-05-14;2025-06-17;2025-06-27;2025-07-17;2025-08-15;2025-08-22;2025-09-05;2025-09-10;2025-09-16;2025-10-02;2025-11-07
219,20261135,220,2024-08-20;2024-08-21;2024-08-22;2024-08-23;2024-08-24;2024-08-27;2024-09-03;2024-09-16;2024-10-07;2024-10-08;2024-10-11;2024-10-14;2024-10-15;2024-10-16;2024-11-11;2024-11-12;2024-11-15;2024-11-18;2024-12-09;2025-01-16;2025-01-17;2025-01-27;2025-02-06;2025-02-07;2025-02-12;2025-03-03;2025-03-04;2025-03-06;2025-03-11;2025-03-12;2025-03-21;2025-03-26;2025-03-28;2025-03-31;2025-04-01;2025-04-02;2025-04-07;2025-04-08;2025-04-09;2025-04-11;2025-04-15;2025-04-16;2025-04-17;2025-04-18;2025-04-23;2025-04-25;2025-04-28;2025-05-14;2025-05-16;2025-05-20;2025-05-21;2025-05-22;2025-06-04;2025-06-05;2025-06-11;2025-06-14;2025-06-17;2025-06-20;2025-06-27;2025-06-30;2025-07-01;2025-07-03;2025-07-08;2025-07-09;2025-07-15;2025-07-17;2025-07-18;2025-08-15;2025-08-18;2025-09-09;2025-09-10;2025-09-12;2025-09-16;2025-10-02;2025-10-03;2025-10-08;2025-10-21;2025-10-23,2024-09-24;2024-10-01;2024-10-02;2024-10-10;2024-10-18;2024-10-24;2024-11-07;2024-11-27;2024-12-13;2025-02-03;2025-02-05;2025-02-10;2025-02-25;2025-03-05;2025-03-27;2025-04-03;2025-04-22;2025-04-24;2025-05-19;2025-06-26;2025-08-22;2025-09-04;2025-09-05;2025-10-06;2025-10-07;2025-11-06;2025-11-07
220,20261136,221,2024-08-21;2024-08-22;2024-08-23;2024-08-24;2024-08-27;2024-09-03;2024-09-24;2024-10-01;2024-10-08;2024-10-10;2024-10-11;2024-10-14;2024-10-24;2024-11-07;2024-11-11;2024-11-12;2024-11-15;2024-11-18;2024-11-27;2025-01-16;2025-01-17;2025-02-03;2025-02-05;2025-02-06;2025-02-07;2025-02-10;2025-02-12;2025-02-25;2025-03-03;2025-03-04;2025-03-05;2025-03-06;2025-03-12;2025-03-21;2025-03-28;2025-03-31;2025-04-01;2025-04-02;2025-04-03;2025-04-07;2025-04-08;2025-04-09;2025-04-11;2025-04-16;2025-04-17;2025-04-18;2025-04-22;2025-04-23;2025-05-14;2025-05-19;2025-05-20;2025-05-21;2025-05-22;2025-06-04;2025-06-11;2025-06-17;2025-06-20;2025-06-26;2025-06-27;2025-06-30;2025-07-01;2025-07-03;2025-07-08;2025-07-09;2025-07-17;2025-07-18;2025-08-15;2025-08-18;2025-09-04;2025-09-09;2025-09-10;2025-09-12;2025-09-16;2025-10-03;2025-10-06;2025-10-23;2025-11-06;2025-11-07,2024-08-20;2024-09-16;2024-10-02;2024-10-07;2024-10-15;2024-10-16;2024-10-18;2024-12-09;2024-12-13;2025-01-27;2025-03-11;2025-03-26;2025-03-27;2025-04-15;2025-04-24;2025-04-25;2025-04-28;2025-05-16;2025-06-05;2025-06-14;2025-07-15;2025-08-22;2025-09-05;2025-10-02;2025-10-07;2025-10-08;2025-10-21
221,20261137,222,2024-08-20;2024-08-21;2024-08-22;2024-08-23;2024-08-24;2024-09-03;2024-10-01;2024-10-02;2024-10-10;2024-10-11;2024-10-15;2024-10-18;2024-10-24;2024-11-07;2024-11-11;2024-11-12;2024-11-15;2024-11-18;2024-12-09;2025-01-16;2025-01-17;2025-02-06;2025-02-07;2025-02-10;2025-02-12;2025-03-03;2025-03-04;2025-03-05;2025-03-06;2025-03-11;2025-03-12;2025-03-21;2025-03-26;2025-03-27;2025-03-28;2025-03-31;2025-04-01;2025-04-02;2025-04-03;2025-04-07;2025-04-08;2025-04-11;2025-04-15;2025-04-16;2025-04-17;2025-04-18;2025-04-22;2025-04-23;2025-04-24;2025-04-25;2025-04-28;2025-05-14;2025-05-16;2025-05-19;2025-05-22;2025-06-04;2025-06-05;2025-06-11;2025-06-14;2025-06-20;2025-06-26;2025-06-30;2025-07-01;2025-07-17;2025-07-18;2025-08-18;2025-08-22;2025-09-05;2025-09-09;2025-09-10;2025-09-12;2025-09-16;2025-10-02;2025-10-03;2025-10-06;2025-10-08;2025-11-06;2025-11-07,2024-08-27;2024-09-16;2024-09-24;2024-10-07;2024-10-08;2024-10-14;2024-10-16;2024-11-27;2024-12-13;2025-01-27;2025-02-03;2025-02-05;2025-02-25;2025-04-09;2025-05-20;2025-05-21;2025-06-17;2025-06-27;2025-07-03;2025-07-08;2025-07-09;2025-07-15;2025-08-15;2025-09-04;2025-10-07;2025-10-21;2025-10-23
222,20261138,223,2024-08-21;2024-08-22;2024-08-23;2024-08-24;2024-08-27;2024-09-03;2024-09-16;2024-09-24;2024-10-07;2024-10-10;2024-10-11;2024-10-15;2024-10-16;2024-10-18;2024-10-24;2024-11-11;2024-12-09;2024-12-13;2025-01-16;2025-01-17;2025-02-03;2025-02-05;2025-02-06;2025-02-07;2025-02-10;2025-02-12;2025-03-03;2025-03-04;2025-03-05;2025-03-06;2025-03-11;2025-03-12;2025-03-21;2025-03-26;2025-03-27;2025-03-28;2025-03-31;2025-04-01;2025-04-02;2025-04-03;2025-04-07;2025-04-08;2025-04-09;2025-04-11;2025-04-16;2025-04-17;2025-04-18;2025-04-22;2025-04-23;2025-04-24;2025-04-25;2025-04-28;2025-05-14;2025-05-20;2025-05-21;2025-05-22;2025-06-04;2025-06-05;2025-06-11;2025-06-17;2025-06-30;2025-07-03;2025-07-08;2025-07-09;2025-07-18;2025-08-15;2025-08-18;2025-08-22;2025-09-04;2025-09-05;2025-09-09;2025-09-10;2025-09-16;2025-10-02;2025-10-03;2025-10-07;2025-10-08;2025-10-21,2024-08-20;2024-10-01;2024-10-02;2024-10-08;2024-10-14;2024-11-07;2024-11-12;2024-11-15;2024-11-18;2024-11-27;2025-01-27;2025-02-25;2025-04-15;2025-05-16;2025-05-19;2025-06-14;2025-06-20;2025-06-26;2025-06-27;2025-07-01;2025-07-15;2025-07-17;2025-09-12;2025-10-06;2025-10-23;2025-11-06;2025-11-07
223,20261139,224,2024-08-20;2024-08-21;2024-08-22;2024-08-23;2024-08-24;2024-08-27;2024-09-03;2024-09-24;2024-10-01;2024-10-07;2024-10-14;2024-10-15;2024-10-16;2024-10-18;2024-10-24;2024-11-11;2024-11-12;2024-11-15;2024-11-27;2024-12-09;2024-12-13;2025-01-16;2025-01-17;2025-01-27;2025-02-03;2025-02-05;2025-02-06;2025-02-07;2025-02-10;2025-02-12;2025-03-04;2025-03-05;2025-03-11;2025-03-12;2025-03-21;2025-03-26;2025-03-27;2025-03-28;2025-03-31;2025-04-01;2025-04-02;2025-04-08;2025-04-09;2025-04-11;2025-04-15;2025-04-16;2025-04-18;2025-04-22;2025-04-25;2025-04-28;2025-05-14;2025-05-16;2025-05-19;2025-05-20;2025-06-04;2025-06-05;2025-06-11;2025-06-17;2025-06-26;2025-06-30;2025-07-01;2025-07-03;2025-07-08;2025-07-09;2025-07-15;2025-07-17;2025-08-15;2025-08-18;2025-08-22;2025-09-05;2025-09-09;2025-09-12;2025-10-02;2025-10-06;2025-10-07;2025-10-21;2025-10-23;2025-11-06,2024-09-16;2024-10-02;2024-10-08;2024-10-10;2024-10-11;2024-11-07;2024-11-18;2025-02-25;2025-03-03;2025-03-06;2025-04-03;2025-04-07;2025-04-17;2025-04-23;2025-04-24;2025-05-21;2025-05-22;2025-06-14;2025-06-20;2025-06-27;2025-07-18;2025-09-04;2025-09-10;2025-09-16;2025-10-03;2025-10-08;2025-11-07
224,20261140,225,2024-08-20;2024-08-22;2024-08-24;2024-08-27;2024-09-03;2024-09-16;2024-09-24;2024-10-01;2024-10-02;2024-10-07;2024-10-08;2024-10-10;2024-10-16;2024-10-18;2024-10-24;2024-11-11;2024-11-12;2024-11-15;2024-11-18;2024-11-27;2024-12-09;2024-12-13;2025-01-17;2025-01-27;2025-02-03;2025-02-05;2025-02-06;2025-02-07;2025-02-10;2025-02-12;2025-02-25;2025-03-03;2025-03-04;2025-03-05;2025-03-06;2025-03-11;2025-03-12;2025-03-21;2025-03-26;2025-03-27;2025-03-28;2025-04-01;2025-04-03;2025-04-07;2025-04-08;2025-04-11;2025-04-15;2025-04-17;2025-04-22;2025-04-28;2025-05-16;2025-05-19;2025-05-21;2025-05-22;2025-06-04;2025-06-11;2025-06-17;2025-06-20;2025-06-30;2025-07-01;2025-07-03;2025-07-09;2025-07-15;2025-07-17;2025-08-15;2025-08-18;2025-08-22;2025-09-04;2025-09-05;2025-09-09;2025-09-12;2025-10-03;2025-10-06;2025-10-07;2025-10-08;2025-10-23;2025-11-06;2025-11-07,2024-08-21;2024-08-23;2024-10-11;2024-10-14;2024-10-15;2024-11-07;2025-01-16;2025-03-31;2025-04-02;2025-04-09;2025-04-16;2025-04-18;2025-04-23;2025-04-24;2025-04-25;2025-05-14;2025-05-20;2025-06-05;2025-06-14;2025-06-26;2025-06-27;2025-07-08;2025-07-18;2025-09-10;2025-09-16;2025-10-02;2025-10-21
225,20261141,226,2024-08-20;2024-08-21;2024-08-22;2024-08-23;2024-08-24;2024-08-27;2024-09-24;2024-10-01;2024-10-08;2024-10-10;2024-10-11;2024-10-14;2024-10-15;2024-10-18;2024-10-24;2024-11-07;2024-11-11;2024-11-15;2024-11-18;2024-11-27;2024-12-13;2025-01-17;2025-01-27;2025-02-05;2025-02-06;2025-02-07;2025-02-10;2025-02-12;2025-02-25;2025-03-03;2025-03-04;2025-03-05;2025-03-11;2025-03-21;2025-03-26;2025-03-31;2025-04-01;2025-04-02;2025-04-03;2025-04-07;2025-04-08;2025-04-09;2025-04-11;2025-04-15;2025-04-18;2025-04-22;2025-04-23;2025-04-24;2025-04-25;2025-05-14;2025-05-16;2025-05-20;2025-05-21;2025-05-22;2025-06-11;2025-06-14;2025-06-20;2025-06-26;2025-06-27;2025-07-01;2025-07-03;2025-07-08;2025-07-15;2025-07-18;2025-08-15;2025-08-22;2025-09-05;2025-09-10;2025-09-12;2025-09-16;2025-10-02;2025-10-03;2025-10-06;2025-10-07;2025-10-08;2025-10-23;2025-11-06;2025-11-07,2024-09-03;2024-09-16;2024-10-02;2024-10-07;2024-10-16;2024-11-12;2024-12-09;2025-01-16;2025-02-03;2025-03-06;2025-03-12;2025-03-27;2025-03-28;2025-04-16;2025-04-17;2025-04-28;2025-05-19;2025-06-04;2025-06-05;2025-06-17;2025-06-30;2025-07-09;2025-07-17;2025-08-18;2025-09-04;2025-09-09;2025-10-21
226,20261142,227,2024-08-21;2024-08-23;2024-08-24;2024-09-03;2024-09-16;2024-10-07;2024-10-10;2024-10-14;2024-10-15;2024-10-16;2024-10-24;2024-11-07;2024-11-11;2024-11-12;2024-11-15;2024-11-18;2024-11-27;2024-12-09;2024-12-13;2025-01-16;2025-01-17;2025-01-27;2025-02-06;2025-02-10;2025-02-12;2025-02-25;2025-03-03;2025-03-04;2025-03-05;2025-03-11;2025-03-12;2025-03-21;2025-03-26;2025-03-27;2025-03-28;2025-03-31;2025-04-01;2025-04-03;2025-04-07;2025-04-08;2025-04-09;2025-04-11;2025-04-15;2025-04-16;2025-04-17;2025-04-22;2025-04-23;2025-04-28;2025-05-14;2025-05-16;2025-05-19;2025-05-20;2025-05-21;2025-05-22;2025-06-04;2025-06-05;2025-06-11;2025-06-14;2025-06-20;2025-06-27;2025-06-30;2025-07-01;2025-07-03;2025-07-09;2025-07-17;2025-08-15;2025-08-18;2025-08-22;2025-09-04;2025-09-05;2025-09-09;2025-09-10;2025-10-02;2025-10-03;2025-10-06;2025-10-07;2025-11-06;2025-11-07,2024-08-20;2024-08-22;2024-08-27;2024-09-24;2024-10-01;2024-10-02;2024-10-08;2024-10-11;2024-10-18;2025-02-03;2025-02-05;2025-02-07;2025-03-06;2025-04-02;2025-04-18;2025-04-24;2025-04-25;2025-06-17;2025-06-26;2025-07-08;2025-07-15;2025-07-18;2025-09-12;2025-09-16;2025-10-08;2025-10-21;2025-10-23
227,20261143,228,2024-08-20;2024-08-21;2024-08-23;2024-08-27;2024-09-16;2024-09-24;2024-10-01;2024-10-02;2024-10-07;2024-10-08;2024-10-10;2024-10-14;2024-10-15;2024-10-16;2024-10-18;2024-11-11;2024-11-12;2024-11-15;2024-11-18;2024-11-27;2024-12-09;2024-12-13;2025-01-16;2025-01-17;2025-01-27;2025-02-05;2025-02-06;2025-02-07;2025-02-10;2025-02-25;2025-03-04;2025-03-05;2025-03-06;2025-03-11;2025-03-12;2025-03-27;2025-03-31;2025-04-01;2025-04-02;2025-04-07;2025-04-09;2025-04-11;2025-04-15;2025-04-16;2025-04-17;2025-04-22;2025-04-23;2025-04-24;2025-04-28;2025-05-16;2025-05-20;2025-05-21;2025-05-22;2025-06-04;2025-06-05;2025-06-11;2025-06-14;2025-06-26;2025-06-27;2025-07-03;2025-07-08;2025-07-09;2025-07-15;2025-07-17;2025-07-18;2025-08-15;2025-08-18;2025-09-04;2025-09-05;2025-09-09;2025-09-10;2025-09-16;2025-10-03;2025-10-06;2025-10-07;2025-10-08;2025-10-21;2025-11-06,2024-08-22;2024-08-24;2024-09-03;2024-10-11;2024-10-24;2024-11-07;2025-02-03;2025-02-12;2025-03-03;2025-03-21;2025-03-26;2025-03-28;2025-04-03;2025-04-08;2025-04-18;2025-04-25;2025-05-14;2025-05-19;2025-06-17;2025-06-20;2025-06-30;2025-07-01;2025-08-22;2025-09-12;2025-10-02;2025-10-23;2025-11-07
228,20261144,229,2024-08-20;2024-08-22;2024-08-23;2024-09-03;2024-09-16;2024-09-24;2024-10-01;2024-10-02;2024-10-07;2024-10-08;2024-10-11;2024-10-14;2024-10-15;2024-11-15;2024-11-27;2024-12-09;2024-12-13;2025-01-16;2025-01-27;2025-02-05;2025-02-06;2025-02-07;2025-02-10;2025-02-12;2025-02-25;2025-03-03;2025-03-05;2025-03-11;2025-03-21;2025-03-26;2025-03-27;2025-03-28;2025-03-31;2025-04-01;2025-04-02;2025-04-03;2025-04-08;2025-04-09;2025-04-11;2025-04-16;2025-04-17;2025-04-18;2025-04-22;2025-04-23;2025-04-24;2025-04-28;2025-05-14;2025-05-16;2025-05-19;2025-05-21;2025-05-22;2025-06-04;2025-06-05;2025-06-11;2025-06-14;2025-06-17;2025-06-20;2025-06-26;2025-07-08;2025-07-09;2025-07-15;2025-07-17;2025-07-18;2025-08-15;2025-08-18;2025-08-22;2025-09-05;2025-09-09;2025-09-10;2025-09-12;2025-09-16;2025-10-06;2025-10-07;2025-10-08;2025-10-21;2025-10-23;2025-11-06;2025-11-07,2024-08-21;2024-08-24;2024-08-27;2024-10-10;2024-10-16;2024-10-18;2024-10-24;2024-11-07;2024-11-11;2024-11-12;2024-11-18;2025-01-17;2025-02-03;2025-03-04;2025-03-06;2025-03-12;2025-04-07;2025-04-15;2025-04-25;2025-05-20;2025-06-27;2025-06-30;2025-07-01;2025-07-03;2025-09-04;2025-10-02;2025-10-03
229,20261145,230,2024-08-20;2024-08-21;2024-08-23;2024-08-24;2024-09-03;2024-09-16;2024-09-24;2024-10-01;2024-10-02;2024-10-07;2024-10-11;2024-10-14;2024-10-18;2024-10-24;2024-11-07;2024-11-11;2024-11-12;2024-11-15;2024-11-18;2024-11-27;2024-12-09;2024-12-13;2025-01-17;2025-01-27;2025-02-03;2025-02-05;2025-02-06;2025-02-10;2025-02-12;2025-03-03;2025-03-05;2025-03-06;2025-03-11;2025-03-12;2025-03-26;2025-03-27;2025-03-31;2025-04-01;2025-04-02;2025-04-07;2025-04-08;2025-04-11;2025-04-15;2025-04-17;2025-04-23;2025-04-25;2025-04-28;2025-05-14;2025-05-16;2025-05-19;2025-05-20;2025-05-21;2025-05-22;2025-06-04;2025-06-05;2025-06-17;2025-06-20;2025-06-27;2025-06-30;2025-07-01;2025-07-03;2025-07-09;2025-07-17;2025-07-18;2025-08-15;2025-08-18;2025-09-05;2025-09-10;2025-09-12;2025-09-16;2025-10-02;2025-10-03;2025-10-06;2025-10-07;2025-10-08;2025-10-21;2025-11-06;2025-11-07,2024-08-22;2024-08-27;2024-10-08;2024-10-10;2024-10-15;2024-10-16;2025-01-16;2025-02-07;2025-02-25;2025-03-04;2025-03-21;2025-03-28;2025-04-03;2025-04-09;2025-04-16;2025-04-18;2025-04-22;2025-04-24;2025-06-11;2025-06-14;2025-06-26;2025-07-08;2025-07-15;2025-08-22;2025-09-04;2025-09-09;2025-10-23
230,20261146,231,2024-08-21;2024-08-22;2024-08-24;2024-08-27;2024-09-16;2024-09-24;2024-10-01;2024-10-02;2024-10-08;2024-10-11;2024-10-14;2024-10-15;2024-10-16;2024-10-18;2024-10-24;2024-11-07;2024-11-11;2024-11-15;2024-11-27;2024-12-09;2024-12-13;2025-01-17;2025-01-27;2025-02-03;2025-02-05;2025-02-06;2025-02-07;2025-02-10;2025-02-25;2025-03-04;2025-03-05;2025-03-06;2025-03-12;2025-03-21;2025-03-26;2025-03-27;2025-03-28;2025-03-31;2025-04-03;2025-04-07;2025-04-09;2025-04-11;2025-04-15;2025-04-16;2025-04-17;2025-04-18;2025-04-22;2025-04-23;2025-04-24;2025-04-25;2025-05-14;2025-05-16;2025-05-19;2025-05-22;2025-06-04;2025-06-05;2025-06-11;2025-06-17;2025-06-26;2025-06-27;2025-06-30;2025-07-09;2025-07-15;2025-07-18;2025-08-15;2025-08-18;2025-08-22;2025-09-04;2025-09-05;2025-09-09;2025-10-02;2025-10-03;2025-10-07;2025-10-08;2025-10-21;2025-10-23;2025-11-06;2025-11-07,2024-08-20;2024-08-23;2024-09-03;2024-10-07;2024-10-10;2024-11-12;2024-11-18;2025-01-16;2025-02-12;2025-03-03;2025-03-11;2025-04-01;2025-04-02;2025-04-08;2025-04-28;2025-05-20;2025-05-21;2025-06-14;2025-06-20;2025-07-01;2025-07-03;2025-07-08;2025-07-17;2025-09-10;2025-09-12;2025-09-16;2025-10-06
231,20261147,232,2024-08-20;2024-08-21;2024-08-22;2024-08-23;2024-08-27;2024-09-16;2024-09-24;2024-10-02;2024-10-07;2024-10-08;2024-10-10;2024-10-11;2024-10-15;2024-10-18;2024-11-07;2024-11-12;2024-11-15;2024-11-18;2024-11-27;2024-12-09;2024-12-13;2025-01-17;2025-01-27;2025-02-07;2025-02-10;2025-02-25;2025-03-03;2025-03-04;2025-03-21;2025-03-26;2025-03-27;2025-03-31;2025-04-01;2025-04-03;2025-04-08;2025-04-09;2025-04-11;2025-04-15;2025-04-16;2025-04-17;2025-04-18;2025-04-22;2025-04-23;2025-04-24;2025-04-25;2025-04-28;2025-05-14;2025-05-16;2025-05-19;2025-05-20;2025-05-22;2025-06-04;2025-06-11;2025-06-14;2025-06-17;2025-06-30;2025-07-01;2025-07-08;2025-07-09;2025-07-15;2025-07-17;2025-07-18;2025-08-15;2025-08-18;2025-08-22;2025-09-05;2025-09-09;2025-09-10;2025-09-12;2025-09-16;2025-10-02;2025-10-03;2025-10-06;2025-10-07;2025-10-08;2025-10-21;2025-10-23;2025-11-07,2024-08-24;2024-09-03;2024-10-01;2024-10-14;2024-10-16;2024-10-24;2024-11-11;2025-01-16;2025-02-03;2025-02-05;2025-02-06;2025-02-12;2025-03-05;2025-03-06;2025-03-11;2025-03-12;2025-03-28;2025-04-02;2025-04-07;2025-05-21;2025-06-05;2025-06-20;2025-06-26;2025-06-27;2025-07-03;2025-09-04;2025-11-06
232,20261148,233,2024-08-20;2024-08-21;2024-08-22;2024-08-24;2024-08-27;2024-09-03;2024-09-24;2024-10-02;2024-10-07;2024-10-08;2024-10-10;2024-10-11;2024-10-14;2024-10-15;2024-10-24;2024-11-07;2024-11-11;2024-11-15;2024-11-18;2024-11-27;2024-12-09;2024-12-13;2025-01-16;2025-01-17;2025-02-05;2025-02-06;2025-02-07;2025-02-10;2025-02-12;2025-03-04;2025-03-05;2025-03-06;2025-03-12;2025-03-21;2025-03-26;2025-03-27;2025-03-31;2025-04-01;2025-04-03;2025-04-08;2025-04-09;2025-04-15;2025-04-16;2025-04-17;2025-04-18;2025-04-22;2025-04-23;2025-04-24;2025-04-28;2025-05-14;2025-05-19;2025-05-20;2025-05-21;2025-06-05;2025-06-17;2025-06-20;2025-06-27;2025-06-30;2025-07-01;2025-07-03;2025-07-09;2025-07-15;2025-07-17;2025-07-18;2025-08-15;2025-08-22;2025-09-04;2025-09-05;2025-09-09;2025-09-10;2025-09-12;2025-10-03;2025-10-06;2025-10-07;2025-10-08;2025-10-21;2025-10-23;2025-11-07,2024-08-23;2024-09-16;2024-10-01;2024-10-16;2024-10-18;2024-11-12;2025-01-27;2025-02-03;2025-02-25;2025-03-03;2025-03-11;2025-03-28;2025-04-02;2025-04-07;2025-04-11;2025-04-25;2025-05-16;2025-05-22;2025-06-04;2025-06-11;2025-06-14;2025-06-26;2025-07-08;2025-08-18;2025-09-16;2025-10-02;2025-11-06
233,20261149,234,2024-08-20;2024-08-22;2024-08-23;2024-08-24;2024-08-27;2024-09-03;2024-10-02;2024-10-07;2024-10-08;2024-10-10;2024-10-11;2024-10-14;2024-10-15;2024-10-16;2024-10-18;2024-10-24;2024-11-12;2024-11-18;2024-11-27;2024-12-09;2024-12-13;2025-01-16;2025-01-17;2025-02-05;2025-02-07;2025-02-10;2025-02-25;2025-03-04;2025-03-05;2025-03-06;2025-03-11;2025-03-12;2025-03-21;2025-03-26;2025-03-27;2025-03-28;2025-04-01;2025-04-02;2025-04-03;2025-04-08;2025-04-09;2025-04-11;2025-04-15;2025-04-17;2025-04-22;2025-04-23;2025-04-24;2025-04-25;2025-05-16;2025-05-20;2025-05-21;2025-05-22;2025-06-04;2025-06-11;2025-06-14;2025-06-17;2025-06-20;2025-06-26;2025-07-01;2025-07-03;2025-07-08;2025-07-09;2025-07-15;2025-07-17;2025-08-15;2025-08-18;2025-08-22;2025-09-04;2025-09-09;2025-09-10;2025-09-16;2025-10-03;2025-10-06;2025-10-07;2025-10-08;2025-10-21;2025-11-06;2025-11-07,2024-08-21;2024-09-16;2024-09-24;2024-10-01;2024-11-07;2024-11-11;2024-11-15;2025-01-27;2025-02-03;2025-02-06;2025-02-12;2025-03-03;2025-03-31;2025-04-07;2025-04-16;2025-04-18;2025-04-28;2025-05-14;2025-05-19;2025-06-05;2025-06-27;2025-06-30;2025-07-18;2025-09-05;2025-09-12;2025-10-02;2025-10-23
234,20261150,235,2024-08-20;2024-08-21;2024-08-22;2024-08-23;2024-08-24;2024-08-27;2024-09-16;2024-09-24;2024-10-01;2024-10-08;2024-10-11;2024-10-16;2024-10-18;2024-11-07;2024-11-11;2024-11-12;2024-11-15;2024-11-18;2024-11-27;2024-12-09;2024-12-13;2025-01-17;2025-02-03;2025-02-06;2025-02-07;2025-02-10;2025-02-25;2025-03-03;2025-03-04;2025-03-05;2025-03-11;2025-03-12;2025-03-21;2025-03-26;2025-03-27;2025-03-28;2025-04-01;2025-04-02;2025-04-03;2025-04-07;2025-04-08;2025-04-09;2025-04-11;2025-04-16;2025-04-17;2025-04-18;2025-04-24;2025-04-25;2025-04-28;2025-05-14;2025-05-19;2025-05-20;2025-05-22;2025-06-04;2025-06-05;2025-06-26;2025-06-30;2025-07-01;2025-07-08;2025-07-09;2025-07-15;2025-07-17;2025-07-18;2025-08-15;2025-08-18;2025-08-22;2025-09-05;2025-09-10;2025-09-16;2025-10-02;2025-10-03;2025-10-06;2025-10-07;2025-10-08;2025-10-21;2025-10-23;2025-11-06;2025-11-07,2024-09-03;2024-10-02;2024-10-07;2024-10-10;2024-10-14;2024-10-15;2024-10-24;2025-01-16;2025-01-27;2025-02-05;2025-02-12;2025-03-06;2025-03-31;2025-04-15;2025-04-22;2025-04-23;2025-05-16;2025-05-21;2025-06-11;2025-06-14;2025-06-17;2025-06-20;2025-06-27;2025-07-03;2025-09-04;2025-09-09;2025-09-12
235,20261151,236,2024-08-20;2024-08-21;2024-08-22;2024-08-23;2024-08-27;2024-09-03;2024-09-16;2024-09-24;2024-10-01;2024-10-02;2024-10-07;2024-10-08;2024-10-10;2024-10-11;2024-10-14;2024-10-15;2024-10-16;2024-10-18;2024-10-24;2024-11-07;2024-11-11;2024-11-12;2024-11-15;2024-11-18;2024-12-09;2024-12-13;2025-01-16;2025-01-27;2025-02-05;2025-02-06;2025-02-07;2025-02-12;2025-02-25;2025-03-03;2025-03-04;2025-03-05;2025-03-06;2025-03-11;2025-03-21;2025-03-27;2025-03-28;2025-04-01;2025-04-02;2025-04-03;2025-04-07;2025-04-11;2025-04-15;2025-04-18;2025-04-22;2025-04-23;2025-04-28;2025-05-14;2025-05-16;2025-05-21;2025-05-22;2025-06-04;2025-06-05;2025-06-11;2025-06-17;2025-06-20;2025-06-26;2025-06-27;2025-07-03;2025-07-08;2025-07-15;2025-07-18;2025-08-15;2025-08-18;2025-09-04;2025-09-05;2025-09-09;2025-09-10;2025-09-16;2025-10-02;2025-10-08;2025-10-23;2025-11-06;2025-11-07,2024-08-24;2024-11-27;2025-01-17;2025-02-03;2025-02-10;2025-03-12;2025-03-26;2025-03-31;2025-04-08;2025-04-09;2025-04-16;2025-04-17;2025-04-24;2025-04-25;2025-05-19;2025-05-20;2025-06-14;2025-06-30;2025-07-01;2025-07-09;2025-07-17;2025-08-22;2025-09-12;2025-10-03;2025-10-06;2025-10-07;2025-10-21
236,20261152,237,2024-08-20;2024-08-21;2024-08-22;2024-08-23;2024-08-24;2024-08-27;2024-09-03;2024-09-16;2024-09-24;2024-10-01;2024-10-02;2024-10-07;2024-10-08;2024-10-10;2024-10-11;2024-10-15;2024-10-18;2024-10-24;2024-11-07;2024-11-12;2024-11-15;2024-11-27;2024-12-09;2024-12-13;2025-01-16;2025-01-17;2025-01-27;2025-02-03;2025-02-06;2025-02-07;2025-02-10;2025-02-12;2025-02-25;2025-03-06;2025-03-12;2025-03-21;2025-03-26;2025-03-28;2025-03-31;2025-04-01;2025-04-02;2025-04-03;2025-04-09;2025-04-11;2025-04-15;2025-04-17;2025-04-18;2025-04-22;2025-04-23;2025-04-24;2025-04-25;2025-04-28;2025-05-14;2025-05-16;2025-05-20;2025-05-21;2025-05-22;2025-06-04;2025-06-05;2025-06-20;2025-06-26;2025-06-30;2025-07-01;2025-07-03;2025-07-08;2025-07-09;2025-08-15;2025-08-22;2025-09-04;2025-09-12;2025-09-16;2025-10-02;2025-10-03;2025-10-06;2025-10-07;2025-10-08;2025-11-06;2025-11-07,2024-10-14;2024-10-16;2024-11-11;2024-11-18;2025-02-05;2025-03-03;2025-03-04;2025-03-05;2025-03-11;2025-03-27;2025-04-07;2025-04-08;2025-04-16;2025-05-19;2025-06-11;2025-06-14;2025-06-17;2025-06-27;2025-07-15;2025-07-17;2025-07-18;2025-08-18;2025-09-05;2025-09-09;2025-09-10;2025-10-21;2025-10-23
237,20261153,238,2024-08-21;2024-08-22;2024-08-23;2024-08-27;2024-09-03;2024-09-16;2024-10-01;2024-10-02;2024-10-08;2024-10-10;2024-10-11;2024-10-14;2024-10-16;2024-10-18;2024-11-07;2024-11-11;2024-11-12;2024-11-15;2024-12-09;2024-12-13;2025-01-16;2025-01-17;2025-01-27;2025-02-03;2025-02-05;2025-02-06;2025-02-07;2025-02-10;2025-02-25;2025-03-03;2025-03-04;2025-03-05;2025-03-06;2025-03-11;2025-03-12;2025-03-21;2025-03-27;2025-03-28;2025-03-31;2025-04-03;2025-04-07;2025-04-08;2025-04-09;2025-04-11;2025-04-16;2025-04-17;2025-04-18;2025-04-22;2025-04-24;2025-04-28;2025-05-14;2025-05-16;2025-05-19;2025-05-22;2025-06-05;2025-06-11;2025-06-14;2025-06-17;2025-06-20;2025-06-26;2025-06-30;2025-07-01;2025-07-03;2025-07-08;2025-07-15;2025-07-17;2025-07-18;2025-08-18;2025-08-22;2025-09-05;2025-09-10;2025-09-12;2025-09-16;2025-10-03;2025-10-06;2025-10-08;2025-10-21;2025-11-06,2024-08-20;2024-08-24;2024-09-24;2024-10-07;2024-10-15;2024-10-24;2024-11-18;2024-11-27;2025-02-12;2025-03-26;2025-04-01;2025-04-02;2025-04-15;2025-04-23;2025-04-25;2025-05-20;2025-05-21;2025-06-04;2025-06-27;2025-07-09;2025-08-15;2025-09-04;2025-09-09;2025-10-02;2025-10-07;2025-10-23;2025-11-07
238,20261154,239,2024-08-20;2024-08-21;2024-08-22;2024-08-23;2024-09-16;2024-09-24;2024-10-01;2024-10-02;2024-10-07;2024-10-08;2024-10-10;2024-10-11;2024-10-14;2024-10-15;2024-10-18;2024-10-24;2024-11-11;2024-11-12;2024-11-15;2024-11-18;2024-11-27;2024-12-13;2025-01-16;2025-01-17;2025-02-03;2025-02-07;2025-02-10;2025-02-12;2025-02-25;2025-03-03;2025-03-05;2025-03-06;2025-03-11;2025-03-21;2025-03-27;2025-03-28;2025-04-01;2025-04-02;2025-04-03;2025-04-07;2025-04-08;2025-04-09;2025-04-11;2025-04-15;2025-04-16;2025-04-17;2025-04-23;2025-04-24;2025-04-28;2025-05-14;2025-05-19;2025-05-22;2025-06-05;2025-06-11;2025-06-14;2025-06-17;2025-06-20;2025-06-27;2025-07-01;2025-07-03;2025-07-08;2025-07-09;2025-07-15;2025-07-18;2025-08-18;2025-08-22;2025-09-05;2025-09-09;2025-09-10;2025-09-12;2025-09-16;2025-10-02;2025-10-06;2025-10-07;2025-10-08;2025-10-21;2025-10-23;2025-11-06,2024-08-24;2024-08-27;2024-09-03;2024-10-16;2024-11-07;2024-12-09;2025-01-27;2025-02-05;2025-02-06;2025-03-04;2025-03-12;2025-03-26;2025-03-31;2025-04-18;2025-04-22;2025-04-25;2025-05-16;2025-05-20;2025-05-21;2025-06-04;2025-06-26;2025-06-30;2025-07-17;2025-08-15;2025-09-04;2025-10-03;2025-11-07
239,20261155,240,2024-08-20;2024-08-21;2024-08-22;2024-08-23;2024-09-03;2024-09-16;2024-09-24;2024-10-01;2024-10-10;2024-10-14;2024-10-15;2024-10-16;2024-10-18;2024-10-24;2024-11-07;2024-11-15;2024-11-18;2024-11-27;2024-12-13;2025-01-17;2025-01-27;2025-02-05;2025-02-06;2025-02-07;2025-02-25;2025-03-03;2025-03-04;2025-03-05;2025-03-11;2025-03-12;2025-03-21;2025-03-26;2025-03-27;2025-03-28;2025-03-31;2025-04-01;2025-04-02;2025-04-07;2025-04-08;2025-04-09;2025-04-15;2025-04-16;2025-04-17;2025-04-24;2025-05-16;2025-05-19;2025-05-20;2025-05-21;2025-05-22;2025-06-05;2025-06-11;2025-06-14;2025-06-20;2025-06-26;2025-06-27;2025-06-30;2025-07-03;2025-07-08;2025-07-09;2025-07-15;2025-07-17;2025-07-18;2025-08-15;2025-08-18;2025-09-04;2025-09-05;2025-09-09;2025-09-10;2025-09-12;2025-09-16;2025-10-02;2025-10-03;2025-10-06;2025-10-07;2025-10-08;2025-10-21;2025-11-06;2025-11-07,2024-08-24;2024-08-27;2024-10-02;2024-10-07;2024-10-08;2024-10-11;2024-11-11;2024-11-12;2024-12-09;2025-01-16;2025-02-03;2025-02-10;2025-02-12;2025-03-06;2025-04-03;2025-04-11;2025-04-18;2025-04-22;2025-04-23;2025-04-25;2025-04-28;2025-05-14;2025-06-04;2025-06-17;2025-07-01;2025-08-22;2025-10-23
240,20261156,241,2024-08-20;2024-08-21;2024-08-22;2024-08-24;2024-08-27;2024-09-03;2024-09-24;2024-10-01;2024-10-02;2024-10-07;2024-10-08;2024-10-14;2024-10-15;2024-10-16;2024-10-18;2024-11-11;2024-11-12;2024-11-15;2024-11-27;2024-12-09;2024-12-13;2025-01-16;2025-01-17;2025-01-27;2025-02-03;2025-02-06;2025-02-07;2025-02-10;2025-02-25;2025-03-03;2025-03-04;2025-03-05;2025-03-06;2025-03-11;2025-03-21;2025-03-26;2025-04-01;2025-04-02;2025-04-03;2025-04-07;2025-04-08;2025-04-11;2025-04-16;2025-04-17;2025-04-18;2025-04-23;2025-04-24;2025-04-28;2025-05-14;2025-05-16;2025-05-19;2025-05-20;2025-05-21;2025-05-22;2025-06-04;2025-06-05;2025-06-11;2025-06-14;2025-06-17;2025-06-20;2025-06-26;2025-07-09;2025-07-15;2025-07-17;2025-07-18;2025-08-15;2025-08-18;2025-09-04;2025-09-05;2025-09-10;2025-09-12;2025-09-16;2025-10-02;2025-10-03;2025-10-06;2025-10-07;2025-10-21;2025-11-06,2024-08-23;2024-09-16;2024-10-10;2024-10-11;2024-10-24;2024-11-07;2024-11-18;2025-02-05;2025-02-12;2025-03-12;2025-03-27;2025-03-28;2025-03-31;2025-04-09;2025-04-15;2025-04-22;2025-04-25;2025-06-27;2025-06-30;2025-07-01;2025-07-03;2025-07-08;2025-08-22;2025-09-09;2025-10-08;2025-10-23;2025-11-07
241,20261157,242,2024-08-21;2024-08-24;2024-08-27;2024-09-03;2024-09-16;2024-09-24;2024-10-07;2024-10-08;2024-10-10;2024-10-11;2024-10-15;2024-10-16;2024-10-18;2024-10-24;2024-11-11;2024-11-15;2024-11-18;2024-11-27;2024-12-13;2025-01-16;2025-01-27;2025-02-03;2025-02-05;2025-02-07;2025-02-10;2025-02-12;2025-02-25;2025-03-03;2025-03-04;2025-03-05;2025-03-06;2025-03-21;2025-03-26;2025-03-27;2025-03-28;2025-03-31;2025-04-01;2025-04-02;2025-04-08;2025-04-09;2025-04-16;2025-04-18;2025-04-23;2025-04-24;2025-04-25;2025-04-28;2025-05-14;2025-05-16;2025-05-20;2025-05-21;2025-05-22;2025-06-05;2025-06-11;2025-06-14;2025-06-17;2025-06-20;2025-06-26;2025-06-27;2025-06-30;2025-07-01;2025-07-03;2025-07-08;2025-07-09;2025-07-15;2025-07-17;2025-08-15;2025-08-18;2025-09-05;2025-09-09;2025-09-12;2025-09-16;2025-10-02;2025-10-06;2025-10-07;2025-10-08;2025-10-21;2025-11-06;2025-11-07,2024-08-20;2024-08-22;2024-08-23;2024-10-01;2024-10-02;2024-10-14;2024-11-07;2024-11-12;2024-12-09;2025-01-17;2025-02-06;2025-03-11;2025-03-12;2025-04-03;2025-04-07;2025-04-11;2025-04-15;2025-04-17;2025-04-22;2025-05-19;2025-06-04;2025-07-18;2025-08-22;2025-09-04;2025-09-10;2025-10-03;2025-10-23
242,20261158,243,2024-08-20;2024-08-21;2024-08-23;2024-08-24;2024-08-27;2024-09-03;2024-09-16;2024-09-24;2024-10-01;2024-10-02;2024-10-07;2024-10-08;2024-10-10;2024-10-11;2024-10-15;2024-10-16;2024-10-18;2024-11-07;2024-11-11;2024-11-12;2024-11-18;2024-11-27;2024-12-09;2024-12-13;2025-01-17;2025-01-27;2025-02-03;2025-02-05;2025-02-06;2025-02-07;2025-02-10;2025-02-25;2025-03-06;2025-03-11;2025-03-12;2025-03-27;2025-03-28;2025-04-01;2025-04-02;2025-04-03;2025-04-08;2025-04-09;2025-04-11;2025-04-17;2025-04-22;2025-04-23;2025-04-24;2025-04-25;2025-04-28;2025-05-16;2025-05-19;2025-05-21;2025-05-22;2025-06-05;2025-06-11;2025-06-14;2025-06-20;2025-06-26;2025-06-30;2025-07-01;2025-07-03;2025-07-08;2025-07-09;2025-07-15;2025-07-17;2025-07-18;2025-08-18;2025-09-04;2025-09-09;2025-09-10;2025-10-02;2025-10-03;2025-10-06;2025-10-07;2025-10-08;2025-10-21;2025-10-23;2025-11-06,2024-08-22;2024-10-14;2024-10-24;2024-11-15;2025-01-16;2025-02-12;2025-03-03;2025-03-04;2025-03-05;2025-03-21;2025-03-26;2025-03-31;2025-04-07;2025-04-15;2025-04-16;2025-04-18;2025-05-14;2025-05-20;2025-06-04;2025-06-17;2025-06-27;2025-08-15;2025-08-22;2025-09-05;2025-09-12;2025-09-16;2025-11-07
243,20261160,245,2024-08-20;2024-08-21;2024-08-22;2024-08-23;2024-08-24;2024-08-27;2024-09-24;2024-10-01;2024-10-07;2024-10-08;2024-10-10;2024-10-11;2024-10-14;2024-10-15;2024-10-18;2024-10-24;2024-11-07;2024-11-12;2024-11-27;2025-01-16;2025-01-17;2025-01-27;2025-02-05;2025-02-06;2025-02-07;2025-02-10;2025-02-12;2025-02-25;2025-03-03;2025-03-04;2025-03-05;2025-03-06;2025-03-21;2025-03-26;2025-03-27;2025-03-28;2025-03-31;2025-04-01;2025-04-02;2025-04-03;2025-04-07;2025-04-15;2025-04-16;2025-04-17;2025-04-18;2025-04-22;2025-04-23;2025-04-24;2025-04-25;2025-04-28;2025-05-16;2025-05-19;2025-05-20;2025-05-21;2025-05-22;2025-06-04;2025-06-11;2025-06-17;2025-06-20;2025-06-26;2025-06-30;2025-07-01;2025-07-03;2025-07-17;2025-07-18;2025-08-22;2025-09-05;2025-09-09;2025-09-10;2025-09-12;2025-09-16;2025-10-02;2025-10-03;2025-10-07;2025-10-08;2025-10-21;2025-10-23;2025-11-06,2024-09-03;2024-09-16;2024-10-02;2024-10-16;2024-11-11;2024-11-15;2024-11-18;2024-12-09;2024-12-13;2025-02-03;2025-03-11;2025-03-12;2025-04-08;2025-04-09;2025-04-11;2025-05-14;2025-06-05;2025-06-14;2025-06-27;2025-07-08;2025-07-09;2025-07-15;2025-08-15;2025-08-18;2025-09-04;2025-10-06;2025-11-07
244,20261161,246,2024-08-20;2024-08-21;2024-08-22;2024-08-23;2024-08-24;2024-09-03;2024-10-01;2024-10-02;2024-10-07;2024-10-10;2024-10-15;2024-10-16;2024-10-24;2024-11-07;2024-11-11;2024-11-12;2024-11-15;2024-11-18;2024-11-27;2024-12-09;2024-12-13;2025-01-27;2025-02-05;2025-02-06;2025-02-07;2025-02-10;2025-02-12;2025-03-03;2025-03-04;2025-03-11;2025-03-12;2025-03-26;2025-03-27;2025-04-01;2025-04-02;2025-04-03;2025-04-08;2025-04-09;2025-04-15;2025-04-16;2025-04-17;2025-04-18;2025-04-22;2025-04-23;2025-04-24;2025-04-28;2025-05-16;2025-05-19;2025-05-20;2025-05-21;2025-05-22;2025-06-04;2025-06-05;2025-06-11;2025-06-14;2025-06-17;2025-06-20;2025-06-27;2025-06-30;2025-07-03;2025-07-08;2025-07-09;2025-07-15;2025-07-17;2025-07-18;2025-08-18;2025-08-22;2025-09-05;2025-09-09;2025-09-10;2025-09-12;2025-10-02;2025-10-03;2025-10-06;2025-10-21;2025-10-23;2025-11-06;2025-11-07,2024-08-27;2024-09-16;2024-09-24;2024-10-08;2024-10-11;2024-10-14;2024-10-18;2025-01-16;2025-01-17;2025-02-03;2025-02-25;2025-03-05;2025-03-06;2025-03-21;2025-03-28;2025-03-31;2025-04-07;2025-04-11;2025-04-25;2025-05-14;2025-06-26;2025-07-01;2025-08-15;2025-09-04;2025-09-16;2025-10-07;2025-10-08
245,20261162,247,2024-08-20;2024-08-21;2024-08-23;2024-08-27;2024-09-03;2024-09-16;2024-09-24;2024-10-01;2024-10-02;2024-10-08;2024-10-10;2024-10-15;2024-10-16;2024-10-18;2024-10-24;2024-11-07;2024-11-11;2024-11-12;2024-11-15;2024-11-18;2024-11-27;2024-12-09;2024-12-13;2025-01-16;2025-01-17;2025-01-27;2025-02-03;2025-02-05;2025-02-06;2025-02-07;2025-02-10;2025-02-25;2025-03-04;2025-03-05;2025-03-06;2025-03-11;2025-03-12;2025-03-21;2025-03-26;2025-03-27;2025-03-28;2025-03-31;2025-04-01;2025-04-03;2025-04-07;2025-04-09;2025-04-11;2025-04-15;2025-04-16;2025-04-17;2025-04-22;2025-04-23;2025-05-19;2025-05-20;2025-05-21;2025-05-22;2025-06-05;2025-06-17;2025-06-20;2025-06-26;2025-06-27;2025-06-30;2025-07-01;2025-07-03;2025-07-08;2025-07-17;2025-08-15;2025-08-18;2025-08-22;2025-09-09;2025-09-10;2025-09-12;2025-10-02;2025-10-03;2025-10-08;2025-10-23;2025-11-06;2025-11-07,2024-08-22;2024-08-24;2024-10-07;2024-10-11;2024-10-14;2025-02-12;2025-03-03;2025-04-02;2025-04-08;2025-04-18;2025-04-24;2025-04-25;2025-04-28;2025-05-14;2025-05-16;2025-06-04;2025-06-11;2025-06-14;2025-07-09;2025-07-15;2025-07-18;2025-09-04;2025-09-05;2025-09-16;2025-10-06;2025-10-07;2025-10-21
246,20261163,248,2024-08-20;2024-08-21;2024-08-22;2024-08-23;2024-08-24;2024-09-03;2024-09-16;2024-09-24;2024-10-01;2024-10-02;2024-10-07;2024-10-10;2024-10-11;2024-10-16;2024-10-18;2024-10-24;2024-11-07;2024-11-11;2024-11-12;2024-11-27;2024-12-09;2024-12-13;2025-01-17;2025-01-27;2025-02-03;2025-02-05;2025-02-06;2025-02-07;2025-02-10;2025-02-25;2025-03-03;2025-03-04;2025-03-05;2025-03-06;2025-03-11;2025-03-21;2025-03-26;2025-03-27;2025-04-01;2025-04-02;2025-04-08;2025-04-09;2025-04-11;2025-04-16;2025-04-17;2025-04-18;2025-04-24;2025-04-28;2025-05-14;2025-05-16;2025-05-20;2025-05-21;2025-05-22;2025-06-04;2025-06-14;2025-06-17;2025-06-20;2025-06-26;2025-06-30;2025-07-01;2025-07-03;2025-07-09;2025-07-15;2025-07-17;2025-08-22;2025-09-04;2025-09-05;2025-09-09;2025-09-10;2025-09-12;2025-09-16;2025-10-02;2025-10-03;2025-10-06;2025-10-08;2025-10-21;2025-10-23;2025-11-06,2024-08-27;2024-10-08;2024-10-14;2024-10-15;2024-11-15;2024-11-18;2025-01-16;2025-02-12;2025-03-12;2025-03-28;2025-03-31;2025-04-03;2025-04-07;2025-04-15;2025-04-22;2025-04-23;2025-04-25;2025-05-19;2025-06-05;2025-06-11;2025-06-27;2025-07-08;2025-07-18;2025-08-15;2025-08-18;2025-10-07;2025-11-07
247,20261164,249,2024-08-20;2024-08-22;2024-08-23;2024-08-24;2024-09-03;2024-09-24;2024-10-01;2024-10-07;2024-10-10;2024-10-14;2024-10-15;2024-10-16;2024-10-18;2024-11-07;2024-11-11;2024-11-12;2024-11-15;2024-12-13;2025-01-16;2025-01-27;2025-02-03;2025-02-06;2025-02-07;2025-02-10;2025-02-12;2025-02-25;2025-03-03;2025-03-04;2025-03-05;2025-03-06;2025-03-11;2025-03-12;2025-03-21;2025-03-26;2025-03-27;2025-03-31;2025-04-02;2025-04-08;2025-04-11;2025-04-16;2025-04-17;2025-04-18;2025-04-24;2025-04-25;2025-04-28;2025-05-14;2025-05-16;2025-05-21;2025-05-22;2025-06-04;2025-06-05;2025-06-11;2025-06-17;2025-06-27;2025-06-30;2025-07-01;2025-07-03;2025-07-08;2025-07-09;2025-07-15;2025-07-17;2025-08-15;2025-08-22;2025-09-04;2025-09-05;2025-09-09;2025-09-10;2025-09-12;2025-09-16;2025-10-02;2025-10-03;2025-10-06;2025-10-07;2025-10-08;2025-10-21;2025-10-23;2025-11-06;2025-11-07,2024-08-21;2024-08-27;2024-09-16;2024-10-02;2024-10-08;2024-10-11;2024-10-24;2024-11-18;2024-11-27;2024-12-09;2025-01-17;2025-02-05;2025-03-28;2025-04-01;2025-04-03;2025-04-07;2025-04-09;2025-04-15;2025-04-22;2025-04-23;2025-05-19;2025-05-20;2025-06-14;2025-06-20;2025-06-26;2025-07-18;2025-08-18
248,20261165,250,2024-08-20;2024-08-22;2024-08-23;2024-08-24;2024-08-27;2024-09-03;2024-09-16;2024-09-24;2024-10-02;2024-10-07;2024-10-08;2024-10-11;2024-10-16;2024-10-18;2024-10-24;2024-11-07;2024-11-11;2024-11-12;2024-11-15;2024-11-18;2024-11-27;2024-12-09;2025-01-16;2025-01-17;2025-01-27;2025-02-03;2025-02-05;2025-02-06;2025-02-07;2025-02-10;2025-02-12;2025-02-25;2025-03-04;2025-03-05;2025-03-06;2025-03-27;2025-03-28;2025-04-03;2025-04-07;2025-04-08;2025-04-09;2025-04-11;2025-04-15;2025-04-16;2025-04-17;2025-04-18;2025-04-22;2025-04-23;2025-04-24;2025-04-28;2025-05-14;2025-05-16;2025-05-22;2025-06-04;2025-06-17;2025-06-20;2025-06-26;2025-06-27;2025-07-01;2025-07-08;2025-07-09;2025-07-17;2025-07-18;2025-08-15;2025-08-18;2025-08-22;2025-09-04;2025-09-05;2025-09-09;2025-09-10;2025-09-12;2025-09-16;2025-10-02;2025-10-03;2025-10-07;2025-10-21;2025-10-23;2025-11-07,2024-08-21;2024-10-01;2024-10-10;2024-10-14;2024-10-15;2024-12-13;2025-03-03;2025-03-11;2025-03-12;2025-03-21;2025-03-26;2025-03-31;2025-04-01;2025-04-02;2025-04-25;2025-05-19;2025-05-20;2025-05-21;2025-06-05;2025-06-11;2025-06-14;2025-06-30;2025-07-03;2025-07-15;2025-10-06;2025-10-08;2025-11-06
249,20261166,251,2024-08-20;2024-08-21;2024-08-22;2024-08-23;2024-08-24;2024-08-27;2024-09-03;2024-09-16;2024-09-24;2024-10-01;2024-10-02;2024-10-08;2024-10-10;2024-10-11;2024-10-14;2024-10-18;2024-10-24;2024-11-07;2024-11-11;2024-11-12;2024-11-15;2024-11-18;2024-11-27;2024-12-09;2024-12-13;2025-01-16;2025-01-17;2025-02-03;2025-02-05;2025-02-06;2025-02-07;2025-02-12;2025-03-03;2025-03-04;2025-03-05;2025-03-06;2025-03-12;2025-03-21;2025-03-26;2025-03-27;2025-03-28;2025-03-31;2025-04-01;2025-04-03;2025-04-07;2025-04-08;2025-04-11;2025-04-15;2025-04-18;2025-04-22;2025-04-23;2025-04-28;2025-05-19;2025-05-20;2025-05-21;2025-06-05;2025-06-14;2025-06-17;2025-06-20;2025-06-26;2025-06-27;2025-06-30;2025-07-01;2025-07-08;2025-07-09;2025-07-15;2025-07-17;2025-07-18;2025-08-15;2025-08-18;2025-09-05;2025-09-09;2025-09-16;2025-10-02;2025-10-06;2025-10-08;2025-10-21;2025-10-23,2024-10-07;2024-10-15;2024-10-16;2025-01-27;2025-02-10;2025-02-25;2025-03-11;2025-04-02;2025-04-09;2025-04-16;2025-04-17;2025-04-24;2025-04-25;2025-05-14;2025-05-16;2025-05-22;2025-06-04;2025-06-11;2025-07-03;2025-08-22;2025-09-04;2025-09-10;2025-09-12;2025-10-03;2025-10-07;2025-11-06;2025-11-07
250,20261167,252,2024-08-20;2024-08-21;2024-08-22;2024-08-23;2024-09-03;2024-09-16;2024-09-24;2024-10-01;2024-10-10;2024-10-14;2024-10-15;2024-10-16;2024-10-24;2024-11-11;2024-11-12;2024-11-15;2024-11-18;2024-11-27;2024-12-09;2024-12-13;2025-01-16;2025-01-17;2025-02-05;2025-02-10;2025-02-12;2025-02-25;2025-03-04;2025-03-05;2025-03-11;2025-03-21;2025-03-26;2025-03-27;2025-03-28;2025-03-31;2025-04-01;2025-04-02;2025-04-03;2025-04-07;2025-04-08;2025-04-09;2025-04-11;2025-04-15;2025-04-16;2025-04-17;2025-04-18;2025-04-22;2025-04-23;2025-04-24;2025-04-25;2025-04-28;2025-05-14;2025-05-16;2025-05-19;2025-05-20;2025-05-21;2025-05-22;2025-06-04;2025-06-11;2025-06-14;2025-06-17;2025-06-20;2025-06-26;2025-07-01;2025-07-09;2025-07-17;2025-07-18;2025-08-15;2025-08-22;2025-09-05;2025-09-12;2025-09-16;2025-10-02;2025-10-03;2025-10-07;2025-10-08;2025-10-23;2025-11-06;2025-11-07,2024-08-24;2024-08-27;2024-10-02;2024-10-07;2024-10-08;2024-10-11;2024-10-18;2024-11-07;2025-01-27;2025-02-03;2025-02-06;2025-02-07;2025-03-03;2025-03-06;2025-03-12;2025-06-05;2025-06-27;2025-06-30;2025-07-03;2025-07-08;2025-07-15;2025-08-18;2025-09-04;2025-09-09;2025-09-10;2025-10-06;2025-10-21
251,20261168,253,2024-08-20;2024-08-21;2024-08-22;2024-08-23;2024-08-24;2024-09-16;2024-10-01;2024-10-02;2024-10-07;2024-10-08;2024-10-10;2024-10-11;2024-10-14;2024-10-16;2024-10-18;2024-10-24;2024-11-07;2024-11-11;2024-11-15;2024-11-27;2024-12-09;2024-12-13;2025-01-16;2025-01-17;2025-01-27;2025-02-05;2025-02-06;2025-02-12;2025-02-25;2025-03-12;2025-03-21;2025-03-26;2025-03-27;2025-04-02;2025-04-03;2025-04-07;2025-04-09;2025-04-11;2025-04-15;2025-04-16;2025-04-17;2025-04-18;2025-04-24;2025-04-25;2025-05-14;2025-05-16;2025-05-19;2025-05-20;2025-05-21;2025-06-04;2025-06-05;2025-06-11;2025-06-14;2025-06-17;2025-06-20;2025-06-26;2025-06-27;2025-07-03;2025-07-08;2025-07-09;2025-07-15;2025-07-17;2025-08-15;2025-08-18;2025-08-22;2025-09-04;2025-09-05;2025-09-09;2025-09-10;2025-09-12;2025-09-16;2025-10-02;2025-10-03;2025-10-06;2025-10-07;2025-10-21;2025-10-23;2025-11-07,2024-08-27;2024-09-03;2024-09-24;2024-10-15;2024-11-12;2024-11-18;2025-02-03;2025-02-07;2025-02-10;2025-03-03;2025-03-04;2025-03-05;2025-03-06;2025-03-11;2025-03-28;2025-03-31;2025-04-01;2025-04-08;2025-04-22;2025-04-23;2025-04-28;2025-05-22;2025-06-30;2025-07-01;2025-07-18;2025-10-08;2025-11-06
252,20261169,254,2024-08-20;2024-08-21;2024-08-22;2024-08-24;2024-08-27;2024-09-16;2024-09-24;2024-10-02;2024-10-07;2024-10-10;2024-10-14;2024-10-15;2024-10-18;2024-10-24;2024-11-07;2024-11-11;2024-11-12;2024-11-15;2024-11-18;2024-11-27;2024-12-09;2025-01-16;2025-01-27;2025-02-03;2025-02-05;2025-02-06;2025-02-07;2025-02-25;2025-03-03;2025-03-05;2025-03-12;2025-03-21;2025-03-26;2025-03-27;2025-03-28;2025-03-31;2025-04-01;2025-04-03;2025-04-07;2025-04-08;2025-04-11;2025-04-15;2025-04-16;2025-04-17;2025-04-23;2025-04-24;2025-04-25;2025-04-28;2025-05-14;2025-05-16;2025-05-20;2025-05-21;2025-06-04;2025-06-05;2025-06-11;2025-06-20;2025-06-27;2025-06-30;2025-07-01;2025-07-03;2025-07-09;2025-07-15;2025-07-17;2025-07-18;2025-08-15;2025-08-18;2025-09-04;2025-09-09;2025-09-12;2025-09-16;2025-10-02;2025-10-03;2025-10-07;2025-10-08;2025-10-21;2025-10-23;2025-11-06;2025-11-07,2024-08-23;2024-09-03;2024-10-01;2024-10-08;2024-10-11;2024-10-16;2024-12-13;2025-01-17;2025-02-10;2025-02-12;2025-03-04;2025-03-06;2025-03-11;2025-04-02;2025-04-09;2025-04-18;2025-04-22;2025-05-19;2025-05-22;2025-06-14;2025-06-17;2025-06-26;2025-07-08;2025-08-22;2025-09-05;2025-09-10;2025-10-06
253,20261170,255,2024-08-20;2024-08-21;2024-08-23;2024-08-24;2024-08-27;2024-09-03;2024-09-16;2024-10-02;2024-10-08;2024-10-10;2024-10-11;2024-10-14;2024-10-16;2024-10-24;2024-11-07;2024-11-11;2024-11-12;2024-11-27;2024-12-09;2025-01-17;2025-02-03;2025-02-05;2025-02-06;2025-02-07;2025-02-10;2025-02-12;2025-03-03;2025-03-04;2025-03-05;2025-03-06;2025-03-11;2025-03-12;2025-03-21;2025-03-26;2025-03-27;2025-03-28;2025-03-31;2025-04-01;2025-04-02;2025-04-08;2025-04-11;2025-04-15;2025-04-16;2025-04-17;2025-04-23;2025-04-25;2025-05-16;2025-05-19;2025-05-21;2025-05-22;2025-06-04;2025-06-11;2025-06-14;2025-06-17;2025-06-20;2025-06-26;2025-06-27;2025-06-30;2025-07-01;2025-07-08;2025-07-09;2025-07-15;2025-07-18;2025-08-15;2025-08-18;2025-08-22;2025-09-04;2025-09-05;2025-09-09;2025-09-10;2025-09-12;2025-09-16;2025-10-02;2025-10-03;2025-10-21;2025-10-23;2025-11-06;2025-11-07,2024-08-22;2024-09-24;2024-10-01;2024-10-07;2024-10-15;2024-10-18;2024-11-15;2024-11-18;2024-12-13;2025-01-16;2025-01-27;2025-02-25;2025-04-03;2025-04-07;2025-04-09;2025-04-18;2025-04-22;2025-04-24;2025-04-28;2025-05-14;2025-05-20;2025-06-05;2025-07-03;2025-07-17;2025-10-06;2025-10-07;2025-10-08
254,20261171,256,2024-08-20;2024-08-21;2024-08-22;2024-08-23;2024-08-24;2024-09-03;2024-09-16;2024-10-02;2024-10-07;2024-10-08;2024-10-11;2024-10-14;2024-11-07;2024-11-11;2024-11-12;2024-11-18;2024-11-27;2024-12-09;2024-12-13;2025-01-16;2025-01-27;2025-02-03;2025-02-05;2025-02-06;2025-02-07;2025-02-10;2025-02-12;2025-02-25;2025-03-03;2025-03-04;2025-03-06;2025-03-12;2025-03-27;2025-03-31;2025-04-01;2025-04-02;2025-04-03;2025-04-09;2025-04-11;2025-04-16;2025-04-17;2025-04-18;2025-04-22;2025-04-23;2025-04-28;2025-05-14;2025-05-16;2025-05-19;2025-05-20;2025-06-04;2025-06-05;2025-06-14;2025-06-17;2025-06-26;2025-06-27;2025-06-30;2025-07-03;2025-07-08;2025-07-09;2025-07-15;2025-07-17;2025-08-15;2025-08-18;2025-09-04;2025-09-05;2025-09-09;2025-09-10;2025-09-12;2025-09-16;2025-10-02;2025-10-03;2025-10-06;2025-10-07;2025-10-08;2025-10-21;2025-10-23;2025-11-06;2025-11-07,2024-08-27;2024-09-24;2024-10-01;2024-10-10;2024-10-15;2024-10-16;2024-10-18;2024-10-24;2024-11-15;2025-01-17;2025-03-05;2025-03-11;2025-03-21;2025-03-26;2025-03-28;2025-04-07;2025-04-08;2025-04-15;2025-04-24;2025-04-25;2025-05-21;2025-05-22;2025-06-11;2025-06-20;2025-07-01;2025-07-18;2025-08-22
255,20261172,257,2024-08-20;2024-08-21;2024-08-22;2024-08-27;2024-09-16;2024-09-24;2024-10-01;2024-10-02;2024-10-07;2024-10-11;2024-10-14;2024-10-15;2024-10-16;2024-10-18;2024-10-24;2024-11-07;2024-11-11;2024-11-12;2024-11-15;2024-11-27;2024-12-09;2025-01-16;2025-01-27;2025-02-03;2025-02-06;2025-02-07;2025-02-10;2025-02-12;2025-02-25;2025-03-03;2025-03-04;2025-03-05;2025-03-06;2025-03-11;2025-03-12;2025-03-21;2025-03-26;2025-03-27;2025-03-28;2025-04-01;2025-04-02;2025-04-03;2025-04-07;2025-04-08;2025-04-09;2025-04-11;2025-04-15;2025-04-16;2025-04-23;2025-04-25;2025-04-28;2025-05-16;2025-05-19;2025-05-20;2025-05-22;2025-06-11;2025-06-14;2025-06-17;2025-06-20;2025-06-26;2025-06-27;2025-07-09;2025-07-15;2025-07-17;2025-07-18;2025-08-15;2025-08-18;2025-08-22;2025-09-04;2025-09-05;2025-09-16;2025-10-02;2025-10-07;2025-10-08;2025-10-21;2025-10-23;2025-11-06;2025-11-07,2024-08-23;2024-08-24;2024-09-03;2024-10-08;2024-10-10;2024-11-18;2024-12-13;2025-01-17;2025-02-05;2025-03-31;2025-04-17;2025-04-18;2025-04-22;2025-04-24;2025-05-14;2025-05-21;2025-06-04;2025-06-05;2025-06-30;2025-07-01;2025-07-03;2025-07-08;2025-09-09;2025-09-10;2025-09-12;2025-10-03;2025-10-06
256,20261173,258,2024-08-20;2024-08-21;2024-08-22;2024-08-23;2024-08-24;2024-08-27;2024-09-03;2024-09-16;2024-09-24;2024-10-01;2024-10-02;2024-10-07;2024-10-11;2024-10-15;2024-10-18;2024-11-07;2024-11-11;2024-11-12;2024-11-18;2024-11-27;2025-01-17;2025-02-03;2025-02-05;2025-02-06;2025-02-07;2025-02-10;2025-02-12;2025-02-25;2025-03-03;2025-03-04;2025-03-05;2025-03-06;2025-03-11;2025-03-12;2025-03-26;2025-03-27;2025-03-28;2025-03-31;2025-04-03;2025-04-08;2025-04-09;2025-04-11;2025-04-15;2025-04-17;2025-04-18;2025-04-23;2025-04-24;2025-04-28;2025-05-16;2025-05-20;2025-05-21;2025-05-22;2025-06-04;2025-06-11;2025-06-17;2025-06-26;2025-06-27;2025-07-03;2025-07-08;2025-07-09;2025-07-17;2025-07-18;2025-08-15;2025-08-18;2025-08-22;2025-09-04;2025-09-05;2025-09-09;2025-09-10;2025-09-12;2025-10-02;2025-10-03;2025-10-06;2025-10-07;2025-10-08;2025-10-21;2025-10-23;2025-11-06,2024-10-08;2024-10-10;2024-10-14;2024-10-16;2024-10-24;2024-11-15;2024-12-09;2024-12-13;2025-01-16;2025-01-27;2025-03-21;2025-04-01;2025-04-02;2025-04-07;2025-04-16;2025-04-22;2025-04-25;2025-05-14;2025-05-19;2025-06-05;2025-06-14;2025-06-20;2025-06-30;2025-07-01;2025-07-15;2025-09-16;2025-11-07
257,20261174,259,2024-08-20;2024-08-21;2024-08-23;2024-08-24;2024-08-27;2024-09-03;2024-09-16;2024-10-02;2024-10-07;2024-10-08;2024-10-10;2024-10-11;2024-10-14;2024-10-15;2024-10-16;2024-10-18;2024-11-11;2024-11-12;2024-11-18;2024-12-09;2024-12-13;2025-01-16;2025-01-17;2025-02-03;2025-02-05;2025-02-06;2025-02-10;2025-02-25;2025-03-03;2025-03-04;2025-03-05;2025-03-06;2025-03-11;2025-03-12;2025-03-21;2025-03-27;2025-04-01;2025-04-02;2025-04-03;2025-04-08;2025-04-09;2025-04-11;2025-04-15;2025-04-16;2025-04-17;2025-04-18;2025-04-22;2025-04-24;2025-04-25;2025-04-28;2025-05-14;2025-05-19;2025-05-20;2025-05-21;2025-05-22;2025-06-04;2025-06-05;2025-06-11;2025-06-14;2025-06-17;2025-06-26;2025-06-30;2025-07-01;2025-07-03;2025-07-08;2025-07-15;2025-07-18;2025-08-15;2025-08-22;2025-09-04;2025-09-10;2025-09-12;2025-10-02;2025-10-03;2025-10-06;2025-10-07;2025-10-21;2025-11-06,2024-08-22;2024-09-24;2024-10-01;2024-10-24;2024-11-07;2024-11-15;2024-11-27;2025-01-27;2025-02-07;2025-02-12;2025-03-26;2025-03-28;2025-03-31;2025-04-07;2025-04-23;2025-05-16;2025-06-20;2025-06-27;2025-07-09;2025-07-17;2025-08-18;2025-09-05;2025-09-09;2025-09-16;2025-10-08;2025-10-23;2025-11-07
258,20261175,260,2024-08-20;2024-08-21;2024-08-22;2024-08-24;2024-09-03;2024-09-24;2024-10-01;2024-10-02;2024-10-07;2024-10-08;2024-10-10;2024-10-14;2024-10-16;2024-10-18;2024-10-24;2024-11-11;2024-11-15;2024-11-18;2024-11-27;2024-12-09;2024-12-13;2025-01-16;2025-01-17;2025-01-27;2025-02-03;2025-02-06;2025-02-07;2025-02-10;2025-02-12;2025-02-25;2025-03-03;2025-03-04;2025-03-05;2025-03-27;2025-03-28;2025-03-31;2025-04-02;2025-04-07;2025-04-08;2025-04-09;2025-04-15;2025-04-16;2025-04-17;2025-04-18;2025-04-22;2025-04-23;2025-04-24;2025-04-25;2025-04-28;2025-05-14;2025-05-16;2025-05-19;2025-06-05;2025-06-14;2025-06-17;2025-06-20;2025-06-26;2025-06-30;2025-07-03;2025-07-09;2025-07-15;2025-07-17;2025-07-18;2025-08-15;2025-08-18;2025-08-22;2025-09-04;2025-09-05;2025-09-10;2025-09-16;2025-10-02;2025-10-03;2025-10-06;2025-10-07;2025-10-08;2025-10-21;2025-11-06;2025-11-07,2024-08-23;2024-08-27;2024-09-16;2024-10-11;2024-10-15;2024-11-07;2024-11-12;2025-02-05;2025-03-06;2025-03-11;2025-03-12;2025-03-21;2025-03-26;2025-04-01;2025-04-03;2025-04-11;2025-05-20;2025-05-21;2025-05-22;2025-06-04;2025-06-11;2025-06-27;2025-07-01;2025-07-08;2025-09-09;2025-09-12;2025-10-23
259,20261176,261,2024-08-20;2024-08-21;2024-08-22;2024-08-23;2024-08-24;2024-08-27;2024-09-24;2024-10-01;2024-10-08;2024-10-10;2024-10-11;2024-10-14;2024-10-15;2024-10-16;2024-10-18;2024-11-07;2024-11-11;2024-11-12;2024-11-15;2024-11-18;2024-11-27;2024-12-09;2024-12-13;2025-01-16;2025-01-17;2025-01-27;2025-02-03;2025-02-05;2025-02-06;2025-02-07;2025-02-10;2025-02-12;2025-03-04;2025-03-05;2025-03-06;2025-03-11;2025-03-12;2025-03-21;2025-03-27;2025-03-28;2025-04-02;2025-04-07;2025-04-08;2025-04-11;2025-04-15;2025-04-16;2025-04-17;2025-04-22;2025-04-23;2025-04-24;2025-04-28;2025-05-14;2025-05-16;2025-05-19;2025-05-21;2025-06-04;2025-06-05;2025-06-11;2025-06-14;2025-06-17;2025-06-26;2025-06-27;2025-06-30;2025-07-08;2025-07-09;2025-07-15;2025-07-17;2025-08-15;2025-08-18;2025-09-05;2025-09-09;2025-09-10;2025-09-12;2025-09-16;2025-10-02;2025-10-03;2025-10-07;2025-11-06,2024-09-03;2024-09-16;2024-10-02;2024-10-07;2024-10-24;2025-02-25;2025-03-03;2025-03-26;2025-03-31;2025-04-01;2025-04-03;2025-04-09;2025-04-18;2025-04-25;2025-05-20;2025-05-22;2025-06-20;2025-07-01;2025-07-03;2025-07-18;2025-08-22;2025-09-04;2025-10-06;2025-10-08;2025-10-21;2025-10-23;2025-11-07
260,20261177,262,2024-08-21;2024-08-23;2024-08-24;2024-08-27;2024-09-03;2024-09-16;2024-09-24;2024-10-01;2024-10-07;2024-10-08;2024-10-11;2024-10-14;2024-10-15;2024-10-16;2024-10-18;2024-10-24;2024-11-07;2024-11-12;2024-11-18;2024-11-27;2024-12-13;2025-01-17;2025-01-27;2025-02-03;2025-02-05;2025-02-07;2025-02-10;2025-02-25;2025-03-03;2025-03-04;2025-03-05;2025-03-11;2025-03-12;2025-03-21;2025-03-27;2025-03-28;2025-03-31;2025-04-01;2025-04-02;2025-04-03;2025-04-07;2025-04-08;2025-04-09;2025-04-11;2025-04-15;2025-04-16;2025-04-17;2025-04-18;2025-04-23;2025-04-24;2025-04-25;2025-04-28;2025-05-14;2025-05-19;2025-05-21;2025-05-22;2025-06-04;2025-06-05;2025-06-14;2025-06-26;2025-06-27;2025-06-30;2025-07-03;2025-07-08;2025-07-18;2025-08-15;2025-09-04;2025-09-05;2025-09-10;2025-09-12;2025-09-16;2025-10-02;2025-10-03;2025-10-06;2025-10-07;2025-10-21;2025-11-06;2025-11-07,2024-08-20;2024-08-22;2024-10-02;2024-10-10;2024-11-11;2024-11-15;2024-12-09;2025-01-16;2025-02-06;2025-02-12;2025-03-06;2025-03-26;2025-04-22;2025-05-16;2025-05-20;2025-06-11;2025-06-17;2025-06-20;2025-07-01;2025-07-09;2025-07-15;2025-07-17;2025-08-18;2025-08-22;2025-09-09;2025-10-08;2025-10-23
261,20261178,263,2024-08-21;2024-08-22;2024-08-23;2024-08-27;2024-09-03;2024-09-16;2024-10-01;2024-10-02;2024-10-08;2024-10-11;2024-10-14;2024-10-15;2024-10-16;2024-10-18;2024-11-07;2024-11-12;2024-11-15;2024-11-18;2024-12-09;2024-12-13;2025-01-16;2025-01-27;2025-02-03;2025-02-06;2025-02-07;2025-02-10;2025-02-12;2025-02-25;2025-03-04;2025-03-05;2025-03-12;2025-03-21;2025-03-26;2025-03-27;2025-03-28;2025-03-31;2025-04-01;2025-04-02;2025-04-03;2025-04-08;2025-04-09;2025-04-16;2025-04-17;2025-04-18;2025-04-22;2025-04-23;2025-04-24;2025-04-28;2025-05-14;2025-05-16;2025-05-19;2025-05-20;2025-05-21;2025-05-22;2025-06-05;2025-06-14;2025-06-20;2025-06-30;2025-07-01;2025-07-08;2025-07-09;2025-07-17;2025-07-18;2025-08-15;2025-08-18;2025-09-04;2025-09-05;2025-09-09;2025-09-10;2025-09-12;2025-09-16;2025-10-02;2025-10-03;2025-10-06;2025-10-08;2025-10-21;2025-11-06;2025-11-07,2024-08-20;2024-08-24;2024-09-24;2024-10-07;2024-10-10;2024-10-24;2024-11-11;2024-11-27;2025-01-17;2025-02-05;2025-03-03;2025-03-06;2025-03-11;2025-04-07;2025-04-11;2025-04-15;2025-04-25;2025-06-04;2025-06-11;2025-06-17;2025-06-26;2025-06-27;2025-07-03;2025-07-15;2025-08-22;2025-10-07;2025-10-23
262,20261179,264,2024-08-20;2024-08-23;2024-08-24;2024-08-27;2024-09-03;2024-09-16;2024-10-01;2024-10-02;2024-10-07;2024-10-08;2024-10-10;2024-10-14;2024-10-15;2024-10-16;2024-11-07;2024-11-11;2024-11-12;2024-11-15;2024-11-27;2024-12-09;2025-01-16;2025-01-17;2025-01-27;2025-02-03;2025-02-06;2025-02-07;2025-02-10;2025-02-12;2025-02-25;2025-03-04;2025-03-05;2025-03-06;2025-03-11;2025-03-12;2025-03-26;2025-03-27;2025-03-28;2025-03-31;2025-04-01;2025-04-02;2025-04-03;2025-04-07;2025-04-08;2025-04-09;2025-04-15;2025-04-16;2025-04-17;2025-04-18;2025-04-23;2025-04-24;2025-04-25;2025-05-14;2025-05-16;2025-05-19;2025-05-20;2025-06-05;2025-06-11;2025-06-17;2025-06-20;2025-06-26;2025-06-27;2025-06-30;2025-07-03;2025-07-08;2025-07-09;2025-07-15;2025-07-17;2025-08-18;2025-08-22;2025-09-05;2025-09-09;2025-09-10;2025-10-02;2025-10-03;2025-10-07;2025-10-08;2025-10-21;2025-11-07,2024-08-21;2024-08-22;2024-09-24;2024-10-11;2024-10-18;2024-10-24;2024-11-18;2024-12-13;2025-02-05;2025-03-03;2025-03-21;2025-04-11;2025-04-22;2025-04-28;2025-05-21;2025-05-22;2025-06-04;2025-06-14;2025-07-01;2025-07-18;2025-08-15;2025-09-04;2025-09-12;2025-09-16;2025-10-06;2025-10-23;2025-11-06
263,20261180,265,2024-08-20;2024-08-21;2024-08-23;2024-08-27;2024-09-03;2024-09-16;2024-10-01;2024-10-07;2024-10-08;2024-10-10;2024-10-11;2024-10-14;2024-10-15;2024-10-18;2024-10-24;2024-11-07;2024-11-15;2024-11-18;2024-11-27;2024-12-09;2025-01-16;2025-01-17;2025-01-27;2025-02-03;2025-02-05;2025-02-06;2025-02-10;2025-02-12;2025-02-25;2025-03-03;2025-03-04;2025-03-05;2025-03-06;2025-03-11;2025-03-12;2025-03-21;2025-03-27;2025-03-28;2025-03-31;2025-04-01;2025-04-02;2025-04-08;2025-04-11;2025-04-15;2025-04-16;2025-04-17;2025-04-22;2025-04-24;2025-04-25;2025-05-14;2025-05-16;2025-05-20;2025-05-21;2025-05-22;2025-06-11;2025-06-14;2025-06-17;2025-06-20;2025-06-26;2025-06-27;2025-06-30;2025-07-01;2025-07-03;2025-07-08;2025-07-15;2025-07-18;2025-08-15;2025-08-18;2025-08-22;2025-09-04;2025-09-05;2025-09-16;2025-10-02;2025-10-03;2025-10-06;2025-10-23;2025-11-06;2025-11-07,2024-08-22;2024-08-24;2024-09-24;2024-10-02;2024-10-16;2024-11-11;2024-11-12;2024-12-13;2025-02-07;2025-03-26;2025-04-03;2025-04-07;2025-04-09;2025-04-18;2025-04-23;2025-04-28;2025-05-19;2025-06-04;2025-06-05;2025-07-09;2025-07-17;2025-09-09;2025-09-10;2025-09-12;2025-10-07;2025-10-08;2025-10-21
264,20261181,266,2024-08-20;2024-08-21;2024-08-22;2024-08-23;2024-09-03;2024-09-24;2024-10-01;2024-10-02;2024-10-07;2024-10-08;2024-10-10;2024-10-11;2024-10-14;2024-10-15;2024-10-18;2024-10-24;2024-11-07;2024-11-11;2024-11-12;2024-11-15;2024-11-27;2024-12-13;2025-01-16;2025-01-17;2025-01-27;2025-02-03;2025-02-06;2025-02-10;2025-02-12;2025-02-25;2025-03-03;2025-03-05;2025-03-06;2025-03-12;2025-03-27;2025-03-28;2025-03-31;2025-04-01;2025-04-03;2025-04-07;2025-04-11;2025-04-15;2025-04-16;2025-04-17;2025-04-18;2025-04-22;2025-04-23;2025-04-24;2025-04-28;2025-05-14;2025-05-16;2025-05-19;2025-05-20;2025-05-21;2025-06-14;2025-06-20;2025-06-26;2025-06-27;2025-06-30;2025-07-03;2025-07-08;2025-07-09;2025-07-15;2025-07-17;2025-07-18;2025-08-15;2025-08-18;2025-09-04;2025-09-05;2025-09-10;2025-09-16;2025-10-03;2025-10-06;2025-10-07;2025-10-08;2025-10-21;2025-10-23;2025-11-06,2024-08-24;2024-08-27;2024-09-16;2024-10-16;2024-11-18;2024-12-09;2025-02-05;2025-02-07;2025-03-04;2025-03-11;2025-03-21;2025-03-26;2025-04-02;2025-04-08;2025-04-09;2025-04-25;2025-05-22;2025-06-04;2025-06-05;2025-06-11;2025-06-17;2025-07-01;2025-08-22;2025-09-09;2025-09-12;2025-10-02;2025-11-07
265,20261182,267,2024-08-20;2024-08-21;2024-08-23;2024-08-24;2024-08-27;2024-09-03;2024-10-01;2024-10-02;2024-10-08;2024-10-11;2024-10-14;2024-10-15;2024-10-16;2024-10-18;2024-11-07;2024-11-15;2024-11-18;2024-11-27;2024-12-13;2025-01-16;2025-01-17;2025-02-03;2025-02-05;2025-02-10;2025-02-12;2025-02-25;2025-03-03;2025-03-04;2025-03-05;2025-03-12;2025-03-21;2025-03-26;2025-03-27;2025-03-28;2025-03-31;2025-04-01;2025-04-02;2025-04-03;2025-04-07;2025-04-11;2025-04-15;2025-04-16;2025-04-18;2025-04-22;2025-04-24;2025-04-25;2025-05-14;2025-05-16;2025-05-19;2025-05-21;2025-05-22;2025-06-04;2025-06-05;2025-06-14;2025-06-17;2025-06-20;2025-06-26;2025-06-27;2025-06-30;2025-07-03;2025-07-09;2025-07-17;2025-07-18;2025-08-15;2025-08-18;2025-08-22;2025-09-05;2025-09-09;2025-09-12;2025-09-16;2025-10-02;2025-10-03;2025-10-07;2025-10-08;2025-10-21;2025-10-23;2025-11-06;2025-11-07,2024-08-22;2024-09-16;2024-09-24;2024-10-07;2024-10-10;2024-10-24;2024-11-11;2024-11-12;2024-12-09;2025-01-27;2025-02-06;2025-02-07;2025-03-06;2025-03-11;2025-04-08;2025-04-09;2025-04-17;2025-04-23;2025-04-28;2025-05-20;2025-06-11;2025-07-01;2025-07-08;2025-07-15;2025-09-04;2025-09-10;2025-10-06
266,20261183,268,2024-08-21;2024-08-22;2024-08-23;2024-08-24;2024-08-27;2024-09-03;2024-09-16;2024-09-24;2024-10-01;2024-10-02;2024-10-07;2024-10-08;2024-10-10;2024-10-15;2024-10-18;2024-10-24;2024-11-07;2024-11-12;2024-11-15;2024-11-27;2024-12-09;2024-12-13;2025-01-17;2025-02-03;2025-02-06;2025-02-07;2025-02-10;2025-02-12;2025-03-04;2025-03-05;2025-03-06;2025-03-11;2025-03-12;2025-03-21;2025-03-28;2025-03-31;2025-04-02;2025-04-03;2025-04-07;2025-04-08;2025-04-09;2025-04-16;2025-04-17;2025-04-18;2025-04-22;2025-04-23;2025-04-24;2025-04-25;2025-05-14;2025-05-19;2025-05-20;2025-05-21;2025-05-22;2025-06-04;2025-06-11;2025-06-14;2025-06-17;2025-06-26;2025-07-03;2025-07-08;2025-07-09;2025-07-15;2025-07-17;2025-07-18;2025-08-15;2025-09-04;2025-09-09;2025-09-10;2025-09-12;2025-09-16;2025-10-02;2025-10-03;2025-10-06;2025-10-07;2025-10-08;2025-10-21;2025-10-23;2025-11-06,2024-08-20;2024-10-11;2024-10-14;2024-10-16;2024-11-11;2024-11-18;2025-01-16;2025-01-27;2025-02-05;2025-02-25;2025-03-03;2025-03-26;2025-03-27;2025-04-01;2025-04-11;2025-04-15;2025-04-28;2025-05-16;2025-06-05;2025-06-20;2025-06-27;2025-06-30;2025-07-01;2025-08-18;2025-08-22;2025-09-05;2025-11-07
267,20261184,269,2024-08-20;2024-08-21;2024-08-23;2024-08-24;2024-09-03;2024-09-16;2024-09-24;2024-10-01;2024-10-02;2024-10-07;2024-10-08;2024-10-10;2024-10-11;2024-10-14;2024-10-16;2024-10-18;2024-10-24;2024-11-07;2024-11-11;2024-11-15;2024-11-18;2024-11-27;2024-12-09;2024-12-13;2025-01-16;2025-01-17;2025-01-27;2025-02-03;2025-02-05;2025-02-07;2025-02-10;2025-02-12;2025-02-25;2025-03-04;2025-03-21;2025-03-27;2025-03-28;2025-03-31;2025-04-01;2025-04-03;2025-04-08;2025-04-09;2025-04-11;2025-04-17;2025-04-22;2025-04-24;2025-04-25;2025-04-28;2025-05-14;2025-05-19;2025-06-04;2025-06-05;2025-06-11;2025-06-14;2025-06-17;2025-06-27;2025-06-30;2025-07-01;2025-07-03;2025-07-08;2025-07-09;2025-07-15;2025-07-17;2025-07-18;2025-08-15;2025-08-18;2025-09-04;2025-09-05;2025-09-09;2025-09-10;2025-09-12;2025-09-16;2025-10-02;2025-10-06;2025-10-07;2025-10-08;2025-10-21;2025-11-07,2024-08-22;2024-08-27;2024-10-15;2024-11-12;2025-02-06;2025-03-03;2025-03-05;2025-03-06;2025-03-11;2025-03-12;2025-03-26;2025-04-02;2025-04-07;2025-04-15;2025-04-16;2025-04-18;2025-04-23;2025-05-16;2025-05-20;2025-05-21;2025-05-22;2025-06-20;2025-06-26;2025-08-22;2025-10-03;2025-10-23;2025-11-06
268,20261185,270,2024-08-21;2024-08-22;2024-08-23;2024-08-24;2024-08-27;2024-09-03;2024-09-24;2024-10-01;2024-10-02;2024-10-07;2024-10-08;2024-10-15;2024-10-18;2024-10-24;2024-11-11;2024-11-12;2024-11-15;2024-11-18;2024-12-09;2024-12-13;2025-01-16;2025-01-17;2025-01-27;2025-02-03;2025-02-06;2025-02-12;2025-02-25;2025-03-03;2025-03-04;2025-03-06;2025-03-11;2025-03-12;2025-03-21;2025-03-27;2025-03-31;2025-04-01;2025-04-02;2025-04-03;2025-04-07;2025-04-08;2025-04-09;2025-04-15;2025-04-17;2025-04-22;2025-04-23;2025-04-24;2025-04-25;2025-04-28;2025-05-16;2025-05-20;2025-05-22;2025-06-04;2025-06-05;2025-06-11;2025-06-14;2025-06-17;2025-06-20;2025-06-26;2025-06-27;2025-07-01;2025-07-03;2025-07-08;2025-07-09;2025-07-15;2025-07-18;2025-08-15;2025-08-18;2025-09-09;2025-09-10;2025-09-12;2025-09-16;2025-10-02;2025-10-03;2025-10-06;2025-10-07;2025-10-21;2025-10-23;2025-11-06,2024-08-20;2024-09-16;2024-10-10;2024-10-11;2024-10-14;2024-10-16;2024-11-07;2024-11-27;2025-02-05;2025-02-07;2025-02-10;2025-03-05;2025-03-26;2025-03-28;2025-04-11;2025-04-16;2025-04-18;2025-05-14;2025-05-19;2025-05-21;2025-06-30;2025-07-17;2025-08-22;2025-09-04;2025-09-05;2025-10-08;2025-11-07
269,20261186,271,2024-08-22;2024-08-23;2024-08-24;2024-08-27;2024-09-03;2024-09-16;2024-10-01;2024-10-02;2024-10-07;2024-10-08;2024-10-10;2024-10-11;2024-10-14;2024-10-15;2024-10-18;2024-11-07;2024-11-11;2024-11-12;2024-11-15;2024-11-18;2024-11-27;2024-12-13;2025-01-16;2025-01-17;2025-01-27;2025-02-03;2025-02-05;2025-02-07;2025-02-10;2025-02-12;2025-03-03;2025-03-04;2025-03-06;2025-03-11;2025-03-21;2025-03-26;2025-03-27;2025-03-28;2025-03-31;2025-04-01;2025-04-03;2025-04-07;2025-04-08;2025-04-11;2025-04-15;2025-04-16;2025-04-17;2025-04-18;2025-04-22;2025-04-24;2025-05-16;2025-05-19;2025-05-20;2025-05-21;2025-05-22;2025-06-04;2025-06-05;2025-06-11;2025-06-14;2025-06-17;2025-06-20;2025-06-26;2025-07-01;2025-07-03;2025-07-08;2025-07-09;2025-07-15;2025-07-17;2025-08-15;2025-09-04;2025-09-05;2025-09-09;2025-09-10;2025-10-03;2025-10-06;2025-10-08;2025-10-23;2025-11-06,2024-08-20;2024-08-21;2024-09-24;2024-10-16;2024-10-24;2024-12-09;2025-02-06;2025-02-25;2025-03-05;2025-03-12;2025-04-02;2025-04-09;2025-04-23;2025-04-25;2025-04-28;2025-05-14;2025-06-27;2025-06-30;2025-07-18;2025-08-18;2025-08-22;2025-09-12;2025-09-16;2025-10-02;2025-10-07;2025-10-21;2025-11-07
270,20261187,272,2024-08-20;2024-08-21;2024-08-22;2024-08-23;2024-09-16;2024-09-24;2024-10-08;2024-10-10;2024-10-11;2024-10-14;2024-10-15;2024-10-16;2024-10-18;2024-10-24;2024-11-07;2024-11-12;2024-11-15;2024-11-18;2025-01-17;2025-01-27;2025-02-05;2025-02-06;2025-02-07;2025-02-12;2025-02-25;2025-03-03;2025-03-04;2025-03-05;2025-03-06;2025-03-21;2025-03-26;2025-03-28;2025-04-01;2025-04-07;2025-04-08;2025-04-09;2025-04-11;2025-04-15;2025-04-16;2025-04-18;2025-04-22;2025-04-24;2025-04-25;2025-04-28;2025-05-14;2025-05-16;2025-05-19;2025-05-20;2025-05-21;2025-05-22;2025-06-04;2025-06-05;2025-06-11;2025-06-14;2025-06-17;2025-06-26;2025-06-27;2025-06-30;2025-07-01;2025-07-03;2025-07-08;2025-07-17;2025-08-15;2025-08-18;2025-08-22;2025-09-04;2025-09-05;2025-09-09;2025-09-10;2025-09-16;2025-10-02;2025-10-03;2025-10-06;2025-10-07;2025-10-08;2025-10-21;2025-11-06;2025-11-07,2024-08-24;2024-08-27;2024-09-03;2024-10-01;2024-10-02;2024-10-07;2024-11-11;2024-11-27;2024-12-09;2024-12-13;2025-01-16;2025-02-03;2025-02-10;2025-03-11;2025-03-12;2025-03-27;2025-03-31;2025-04-02;2025-04-03;2025-04-17;2025-04-23;2025-06-20;2025-07-09;2025-07-15;2025-07-18;2025-09-12;2025-10-23
271,20261188,273,2024-08-20;2024-08-21;2024-08-22;2024-08-23;2024-08-24;2024-08-27;2024-09-24;2024-10-02;2024-10-08;2024-10-11;2024-10-14;2024-10-15;2024-10-18;2024-10-24;2024-11-07;2024-11-11;2024-11-27;2024-12-09;2024-12-13;2025-01-16;2025-01-17;2025-01-27;2025-02-03;2025-02-05;2025-02-06;2025-02-07;2025-02-10;2025-02-12;2025-03-06;2025-03-11;2025-03-21;2025-03-26;2025-03-27;2025-03-31;2025-04-01;2025-04-02;2025-04-07;2025-04-08;2025-04-11;2025-04-16;2025-04-17;2025-04-18;2025-04-22;2025-04-23;2025-04-25;2025-04-28;2025-05-14;2025-05-16;2025-05-19;2025-05-20;2025-06-04;2025-06-11;2025-06-14;2025-06-17;2025-06-26;2025-06-27;2025-06-30;2025-07-08;2025-07-09;2025-07-15;2025-07-17;2025-07-18;2025-08-15;2025-08-18;2025-09-05;2025-09-09;2025-09-10;2025-09-12;2025-09-16;2025-10-02;2025-10-03;2025-10-06;2025-10-07;2025-10-08;2025-10-21;2025-10-23;2025-11-06;2025-11-07,2024-09-03;2024-09-16;2024-10-01;2024-10-07;2024-10-10;2024-10-16;2024-11-12;2024-11-15;2024-11-18;2025-02-25;2025-03-03;2025-03-04;2025-03-05;2025-03-12;2025-03-28;2025-04-03;2025-04-09;2025-04-15;2025-04-24;2025-05-21;2025-05-22;2025-06-05;2025-06-20;2025-07-01;2025-07-03;2025-08-22;2025-09-04
272,20261189,274,2024-08-21;2024-08-24;2024-08-27;2024-09-03;2024-09-16;2024-09-24;2024-10-02;2024-10-07;2024-10-08;2024-10-11;2024-10-14;2024-10-15;2024-10-18;2024-10-24;2024-11-07;2024-11-11;2024-11-15;2024-11-18;2024-12-09;2025-01-16;2025-01-17;2025-02-03;2025-02-06;2025-02-07;2025-02-10;2025-02-25;2025-03-03;2025-03-04;2025-03-05;2025-03-06;2025-03-21;2025-03-26;2025-03-27;2025-03-28;2025-04-01;2025-04-03;2025-04-08;2025-04-09;2025-04-11;2025-04-15;2025-04-17;2025-04-18;2025-04-22;2025-04-23;2025-04-25;2025-04-28;2025-05-19;2025-05-20;2025-05-21;2025-05-22;2025-06-04;2025-06-05;2025-06-11;2025-06-14;2025-06-17;2025-06-20;2025-06-26;2025-06-27;2025-07-01;2025-07-03;2025-07-08;2025-07-09;2025-07-15;2025-07-18;2025-08-18;2025-08-22;2025-09-04;2025-09-05;2025-09-09;2025-09-10;2025-09-12;2025-10-02;2025-10-06;2025-10-07;2025-10-08;2025-10-23;2025-11-06;2025-11-07,2024-08-20;2024-08-22;2024-08-23;2024-10-01;2024-10-10;2024-10-16;2024-11-12;2024-11-27;2024-12-13;2025-01-27;2025-02-05;2025-02-12;2025-03-11;2025-03-12;2025-03-31;2025-04-02;2025-04-07;2025-04-16;2025-04-24;2025-05-14;2025-05-16;2025-06-30;2025-07-17;2025-08-15;2025-09-16;2025-10-03;2025-10-21
273,20261190,275,2024-08-20;2024-08-22;2024-08-24;2024-08-27;2024-09-03;2024-10-01;2024-10-02;2024-10-07;2024-10-08;2024-10-10;2024-10-11;2024-10-14;2024-10-15;2024-10-18;2024-10-24;2024-11-11;2024-11-12;2024-11-15;2024-11-18;2024-11-27;2024-12-09;2025-01-16;2025-01-27;2025-02-03;2025-02-05;2025-02-07;2025-02-10;2025-02-12;2025-02-25;2025-03-04;2025-03-05;2025-03-06;2025-03-11;2025-03-26;2025-03-27;2025-03-31;2025-04-01;2025-04-02;2025-04-03;2025-04-07;2025-04-09;2025-04-11;2025-04-15;2025-04-16;2025-04-17;2025-04-22;2025-04-24;2025-04-25;2025-04-28;2025-05-14;2025-05-16;2025-05-19;2025-05-21;2025-05-22;2025-06-05;2025-06-14;2025-06-20;2025-06-26;2025-06-30;2025-07-03;2025-07-08;2025-07-09;2025-07-15;2025-07-17;2025-07-18;2025-08-15;2025-08-18;2025-08-22;2025-09-04;2025-09-05;2025-09-09;2025-09-10;2025-09-12;2025-09-16;2025-10-02;2025-10-07;2025-10-23;2025-11-07,2024-08-21;2024-08-23;2024-09-16;2024-09-24;2024-10-16;2024-11-07;2024-12-13;2025-01-17;2025-02-06;2025-03-03;2025-03-12;2025-03-21;2025-03-28;2025-04-08;2025-04-18;2025-04-23;2025-05-20;2025-06-04;2025-06-11;2025-06-17;2025-06-27;2025-07-01;2025-10-03;2025-10-06;2025-10-08;2025-10-21;2025-11-06
274,20261191,276,2024-08-20;2024-08-21;2024-08-22;2024-08-23;2024-08-24;2024-08-27;2024-09-03;2024-09-16;2024-09-24;2024-10-01;2024-10-02;2024-10-07;2024-10-11;2024-10-14;2024-10-16;2024-10-24;2024-11-07;2024-11-11;2024-11-12;2024-11-15;2024-11-18;2024-11-27;2024-12-09;2025-01-17;2025-02-03;2025-02-05;2025-02-10;2025-02-25;2025-03-03;2025-03-04;2025-03-05;2025-03-12;2025-03-21;2025-03-26;2025-03-27;2025-03-28;2025-03-31;2025-04-01;2025-04-02;2025-04-03;2025-04-07;2025-04-08;2025-04-09;2025-04-11;2025-04-15;2025-04-18;2025-04-22;2025-04-23;2025-04-24;2025-04-25;2025-04-28;2025-05-14;2025-05-16;2025-05-19;2025-05-20;2025-05-21;2025-05-22;2025-06-04;2025-06-14;2025-06-17;2025-06-26;2025-06-30;2025-07-01;2025-07-03;2025-07-09;2025-07-15;2025-07-17;2025-07-18;2025-09-05;2025-09-10;2025-09-16;2025-10-02;2025-10-03;2025-10-06;2025-10-07;2025-10-08;2025-10-21;2025-11-07,2024-10-08;2024-10-10;2024-10-15;2024-10-18;2024-12-13;2025-01-16;2025-01-27;2025-02-06;2025-02-07;2025-02-12;2025-03-06;2025-03-11;2025-04-16;2025-04-17;2025-06-05;2025-06-11;2025-06-20;2025-06-27;2025-07-08;2025-08-15;2025-08-18;2025-08-22;2025-09-04;2025-09-09;2025-09-12;2025-10-23;2025-11-06
275,20261192,277,2024-08-20;2024-08-22;2024-08-23;2024-08-24;2024-09-16;2024-09-24;2024-10-01;2024-10-02;2024-10-08;2024-10-10;2024-10-11;2024-10-14;2024-10-15;2024-10-16;2024-11-07;2024-11-11;2024-11-12;2024-11-18;2024-11-27;2024-12-09;2024-12-13;2025-01-16;2025-01-17;2025-02-03;2025-02-06;2025-02-07;2025-02-12;2025-02-25;2025-03-03;2025-03-05;2025-03-06;2025-03-12;2025-03-21;2025-03-26;2025-03-27;2025-03-28;2025-04-01;2025-04-03;2025-04-07;2025-04-08;2025-04-09;2025-04-11;2025-04-15;2025-04-16;2025-04-17;2025-04-23;2025-04-25;2025-04-28;2025-05-14;2025-05-16;2025-05-19;2025-05-20;2025-05-21;2025-05-22;2025-06-04;2025-06-05;2025-06-11;2025-06-17;2025-06-20;2025-06-26;2025-06-30;2025-07-03;2025-07-08;2025-07-09;2025-07-15;2025-07-18;2025-08-15;2025-08-18;2025-08-22;2025-09-04;2025-09-05;2025-09-09;2025-09-12;2025-10-02;2025-10-06;2025-10-08;2025-10-21;2025-11-06,2024-08-21;2024-08-27;2024-09-03;2024-10-07;2024-10-18;2024-10-24;2024-11-15;2025-01-27;2025-02-05;2025-02-10;2025-03-04;2025-03-11;2025-03-31;2025-04-02;2025-04-18;2025-04-22;2025-04-24;2025-06-14;2025-06-27;2025-07-01;2025-07-17;2025-09-10;2025-09-16;2025-10-03;2025-10-07;2025-10-23;2025-11-07
276,20261193,278,2024-08-20;2024-08-27;2024-09-03;2024-09-24;2024-10-01;2024-10-02;2024-10-07;2024-10-10;2024-10-14;2024-10-18;2024-10-24;2024-11-07;2024-11-11;2024-11-12;2024-11-18;2024-11-27;2025-01-16;2025-01-17;2025-02-07;2025-02-10;2025-02-12;2025-02-25;2025-03-03;2025-03-05;2025-03-06;2025-03-11;2025-03-12;2025-03-21;2025-03-27;2025-03-31;2025-04-01;2025-04-02;2025-04-07;2025-04-09;2025-04-11;2025-04-15;2025-04-16;2025-04-17;2025-04-18;2025-04-22;2025-04-23;2025-04-24;2025-04-28;2025-05-14;2025-05-16;2025-05-19;2025-05-20;2025-05-21;2025-05-22;2025-06-04;2025-06-05;2025-06-14;2025-06-17;2025-06-20;2025-06-26;2025-06-27;2025-07-01;2025-07-03;2025-07-08;2025-07-09;2025-07-15;2025-07-17;2025-07-18;2025-08-15;2025-08-18;2025-08-22;2025-09-04;2025-09-05;2025-09-09;2025-09-10;2025-09-16;2025-10-02;2025-10-06;2025-10-07;2025-10-08;2025-10-21;2025-10-23;2025-11-07,2024-08-21;2024-08-22;2024-08-23;2024-08-24;2024-09-16;2024-10-08;2024-10-11;2024-10-15;2024-10-16;2024-11-15;2024-12-09;2024-12-13;2025-01-27;2025-02-03;2025-02-05;2025-02-06;2025-03-04;2025-03-26;2025-03-28;2025-04-03;2025-04-08;2025-04-25;2025-06-11;2025-06-30;2025-09-12;2025-10-03;2025-11-06
277,20261194,279,2024-08-21;2024-08-23;2024-09-03;2024-09-16;2024-09-24;2024-10-01;2024-10-02;2024-10-08;2024-10-10;2024-10-11;2024-10-14;2024-10-15;2024-10-16;2024-10-24;2024-11-11;2024-11-12;2024-11-15;2024-11-18;2024-11-27;2024-12-09;2025-01-16;2025-01-17;2025-02-03;2025-02-07;2025-02-12;2025-02-25;2025-03-03;2025-03-04;2025-03-05;2025-03-06;2025-03-11;2025-03-12;2025-03-26;2025-03-27;2025-03-31;2025-04-01;2025-04-02;2025-04-03;2025-04-08;2025-04-09;2025-04-11;2025-04-15;2025-04-16;2025-04-17;2025-04-18;2025-04-22;2025-04-23;2025-04-25;2025-04-28;2025-05-14;2025-05-16;2025-05-19;2025-05-21;2025-05-22;2025-06-04;2025-06-05;2025-06-11;2025-06-14;2025-06-17;2025-06-26;2025-06-27;2025-07-03;2025-07-08;2025-07-09;2025-07-15;2025-07-17;2025-08-22;2025-09-04;2025-09-05;2025-09-09;2025-09-10;2025-09-12;2025-10-03;2025-10-06;2025-10-07;2025-10-08;2025-10-21;2025-10-23,2024-08-20;2024-08-22;2024-08-24;2024-08-27;2024-10-07;2024-10-18;2024-11-07;2024-12-13;2025-01-27;2025-02-05;2025-02-06;2025-02-10;2025-03-21;2025-03-28;2025-04-07;2025-04-24;2025-05-20;2025-06-20;2025-06-30;2025-07-01;2025-07-18;2025-08-15;2025-08-18;2025-09-16;2025-10-02;2025-11-06;2025-11-07
278,20261195,280,2024-08-20;2024-08-22;2024-08-24;2024-09-16;2024-09-24;2024-10-01;2024-10-02;2024-10-08;2024-10-10;2024-10-11;2024-10-15;2024-10-18;2024-10-24;2024-11-07;2024-11-11;2024-11-12;2024-11-15;2024-11-18;2024-11-27;2024-12-09;2024-12-13;2025-01-16;2025-01-27;2025-02-05;2025-02-10;2025-02-12;2025-02-25;2025-03-03;2025-03-04;2025-03-06;2025-03-11;2025-03-21;2025-03-26;2025-03-27;2025-03-31;2025-04-02;2025-04-03;2025-04-07;2025-04-08;2025-04-15;2025-04-16;2025-04-17;2025-04-18;2025-04-24;2025-04-25;2025-04-28;2025-05-16;2025-05-19;2025-05-21;2025-05-22;2025-06-04;2025-06-05;2025-06-11;2025-06-14;2025-06-17;2025-06-20;2025-06-27;2025-06-30;2025-07-08;2025-07-09;2025-07-15;2025-07-17;2025-07-18;2025-08-15;2025-08-18;2025-08-22;2025-09-04;2025-09-05;2025-09-12;2025-09-16;2025-10-02;2025-10-03;2025-10-06;2025-10-07;2025-10-08;2025-10-21;2025-10-23;2025-11-06,2024-08-21;2024-08-23;2024-08-27;2024-09-03;2024-10-07;2024-10-14;2024-10-16;2025-01-17;2025-02-03;2025-02-06;2025-02-07;2025-03-05;2025-03-12;2025-03-28;2025-04-01;2025-04-09;2025-04-11;2025-04-22;2025-04-23;2025-05-14;2025-05-20;2025-06-26;2025-07-01;2025-07-03;2025-09-09;2025-09-10;2025-11-07
279,20261196,281,2024-08-20;2024-08-21;2024-08-22;2024-08-23;2024-08-24;2024-09-03;2024-10-01;2024-10-02;2024-10-08;2024-10-10;2024-10-14;2024-10-15;2024-10-18;2024-11-12;2024-11-15;2024-11-18;2024-12-09;2024-12-13;2025-01-16;2025-01-27;2025-02-03;2025-02-05;2025-02-06;2025-02-12;2025-02-25;2025-03-03;2025-03-04;2025-03-05;2025-03-06;2025-03-11;2025-03-12;2025-03-21;2025-03-27;2025-03-28;2025-04-01;2025-04-02;2025-04-03;2025-04-07;2025-04-08;2025-04-09;2025-04-11;2025-04-15;2025-04-16;2025-04-24;2025-04-25;2025-04-28;2025-05-14;2025-05-20;2025-05-21;2025-05-22;2025-06-04;2025-06-05;2025-06-11;2025-06-14;2025-06-17;2025-06-20;2025-06-26;2025-06-27;2025-06-30;2025-07-03;2025-07-08;2025-07-09;2025-07-15;2025-07-17;2025-07-18;2025-08-18;2025-08-22;2025-09-05;2025-09-12;2025-09-16;2025-10-02;2025-10-03;2025-10-06;2025-10-07;2025-10-08;2025-10-21;2025-10-23;2025-11-07,2024-08-27;2024-09-16;2024-09-24;2024-10-07;2024-10-11;2024-10-16;2024-10-24;2024-11-07;2024-11-11;2024-11-27;2025-01-17;2025-02-07;2025-02-10;2025-03-26;2025-03-31;2025-04-17;2025-04-18;2025-04-22;2025-04-23;2025-05-16;2025-05-19;2025-07-01;2025-08-15;2025-09-04;2025-09-09;2025-09-10;2025-11-06
280,20261197,282,2024-08-20;2024-08-21;2024-08-22;2024-08-23;2024-08-24;2024-09-03;2024-09-16;2024-09-24;2024-10-01;2024-10-02;2024-10-10;2024-10-11;2024-10-14;2024-10-16;2024-10-18;2024-10-24;2024-11-07;2024-11-11;2024-11-12;2024-11-18;2024-11-27;2024-12-09;2025-01-16;2025-01-27;2025-02-03;2025-02-06;2025-02-10;2025-03-03;2025-03-04;2025-03-06;2025-03-11;2025-03-26;2025-03-27;2025-03-28;2025-03-31;2025-04-01;2025-04-03;2025-04-08;2025-04-09;2025-04-11;2025-04-15;2025-04-16;2025-04-17;2025-04-22;2025-04-23;2025-04-24;2025-04-25;2025-04-28;2025-05-14;2025-05-16;2025-05-19;2025-05-20;2025-05-21;2025-05-22;2025-06-11;2025-06-14;2025-06-17;2025-06-20;2025-06-26;2025-06-27;2025-06-30;2025-07-01;2025-07-08;2025-07-09;2025-07-15;2025-07-17;2025-07-18;2025-08-18;2025-08-22;2025-09-04;2025-09-05;2025-09-09;2025-09-12;2025-09-16;2025-10-06;2025-10-08;2025-10-21;2025-11-06,2024-08-27;2024-10-07;2024-10-08;2024-10-15;2024-11-15;2024-12-13;2025-01-17;2025-02-05;2025-02-07;2025-02-12;2025-02-25;2025-03-05;2025-03-12;2025-03-21;2025-04-02;2025-04-07;2025-04-18;2025-06-04;2025-06-05;2025-07-03;2025-08-15;2025-09-10;2025-10-02;2025-10-03;2025-10-07;2025-10-23;2025-11-07
281,20261198,283,2024-08-20;2024-08-22;2024-08-24;2024-08-27;2024-09-03;2024-09-16;2024-09-24;2024-10-01;2024-10-02;2024-10-10;2024-10-11;2024-10-15;2024-10-16;2024-10-18;2024-11-07;2024-11-12;2024-11-15;2024-11-18;2024-11-27;2024-12-09;2024-12-13;2025-01-16;2025-01-17;2025-01-27;2025-02-03;2025-02-05;2025-02-06;2025-02-07;2025-02-10;2025-02-12;2025-02-25;2025-03-03;2025-03-04;2025-03-05;2025-03-11;2025-03-21;2025-03-26;2025-03-27;2025-03-28;2025-03-31;2025-04-01;2025-04-02;2025-04-07;2025-04-09;2025-04-15;2025-04-17;2025-04-18;2025-04-22;2025-04-23;2025-04-24;2025-04-28;2025-05-14;2025-05-16;2025-05-20;2025-05-21;2025-05-22;2025-06-04;2025-06-05;2025-06-11;2025-06-17;2025-06-27;2025-06-30;2025-07-03;2025-07-08;2025-07-09;2025-07-17;2025-07-18;2025-08-15;2025-08-22;2025-09-05;2025-09-09;2025-09-10;2025-10-06;2025-10-08;2025-10-21;2025-10-23;2025-11-06;2025-11-07,2024-08-21;2024-08-23;2024-10-07;2024-10-08;2024-10-14;2024-10-24;2024-11-11;2025-03-06;2025-03-12;2025-04-03;2025-04-08;2025-04-11;2025-04-16;2025-04-25;2025-05-19;2025-06-14;2025-06-20;2025-06-26;2025-07-01;2025-07-15;2025-08-18;2025-09-04;2025-09-12;2025-09-16;2025-10-02;2025-10-03;2025-10-07
282,20261199,284,2024-08-21;2024-08-22;2024-08-23;2024-08-24;2024-09-03;2024-09-16;2024-09-24;2024-10-01;2024-10-02;2024-10-07;2024-10-08;2024-10-10;2024-10-11;2024-10-14;2024-10-16;2024-11-12;2024-11-15;2024-11-18;2024-11-27;2024-12-09;2024-12-13;2025-01-16;2025-01-27;2025-02-03;2025-02-05;2025-02-06;2025-02-10;2025-02-12;2025-02-25;2025-03-03;2025-03-04;2025-03-11;2025-03-21;2025-03-26;2025-03-27;2025-04-01;2025-04-03;2025-04-08;2025-04-09;2025-04-11;2025-04-16;2025-04-17;2025-04-18;2025-04-22;2025-04-24;2025-04-25;2025-04-28;2025-05-14;2025-05-19;2025-05-20;2025-05-22;2025-06-04;2025-06-05;2025-06-11;2025-06-14;2025-06-17;2025-06-20;2025-06-26;2025-06-27;2025-06-30;2025-07-01;2025-07-03;2025-07-08;2025-07-15;2025-07-17;2025-08-15;2025-08-22;2025-09-04;2025-09-09;2025-09-10;2025-09-12;2025-10-02;2025-10-03;2025-10-07;2025-10-08;2025-10-21;2025-10-23;2025-11-06,2024-08-20;2024-08-27;2024-10-15;2024-10-18;2024-10-24;2024-11-07;2024-11-11;2025-01-17;2025-02-07;2025-03-05;2025-03-06;2025-03-12;2025-03-28;2025-03-31;2025-04-02;2025-04-07;2025-04-15;2025-04-23;2025-05-16;2025-05-21;2025-07-09;2025-07-18;2025-08-18;2025-09-05;2025-09-16;2025-10-06;2025-11-07
283,20261200,285,2024-08-20;2024-08-21;2024-08-23;2024-08-24;2024-09-03;2024-09-16;2024-09-24;2024-10-01;2024-10-07;2024-10-08;2024-10-10;2024-10-11;2024-10-14;2024-10-15;2024-10-16;2024-10-18;2024-10-24;2024-11-07;2024-11-11;2024-11-12;2024-11-15;2024-11-27;2024-12-09;2024-12-13;2025-01-17;2025-01-27;2025-02-03;2025-02-05;2025-02-07;2025-02-10;2025-02-12;2025-02-25;2025-03-04;2025-03-05;2025-03-11;2025-03-12;2025-03-21;2025-03-26;2025-03-27;2025-04-01;2025-04-03;2025-04-07;2025-04-08;2025-04-09;2025-04-11;2025-04-15;2025-04-16;2025-04-17;2025-04-18;2025-04-24;2025-04-25;2025-04-28;2025-05-14;2025-05-16;2025-05-19;2025-06-05;2025-06-11;2025-06-17;2025-06-26;2025-07-01;2025-07-03;2025-07-08;2025-07-09;2025-07-15;2025-07-17;2025-08-15;2025-08-18;2025-09-04;2025-09-09;2025-09-12;2025-10-02;2025-10-03;2025-10-06;2025-10-07;2025-10-21;2025-10-23;2025-11-06;2025-11-07,2024-08-22;2024-08-27;2024-10-02;2024-11-18;2025-01-16;2025-02-06;2025-03-03;2025-03-06;2025-03-28;2025-03-31;2025-04-02;2025-04-22;2025-04-23;2025-05-20;2025-05-21;2025-05-22;2025-06-04;2025-06-14;2025-06-20;2025-06-27;2025-06-30;2025-07-18;2025-08-22;2025-09-05;2025-09-10;2025-09-16;2025-10-08
284,20261201,286,2024-08-21;2024-08-22;2024-08-23;2024-08-27;2024-09-03;2024-09-16;2024-10-01;2024-10-02;2024-10-14;2024-10-16;2024-10-24;2024-11-07;2024-11-12;2024-11-15;2024-11-18;2024-11-27;2024-12-09;2024-12-13;2025-01-16;2025-01-17;2025-02-03;2025-02-05;2025-02-06;2025-02-07;2025-02-12;2025-02-25;2025-03-03;2025-03-04;2025-03-06;2025-03-11;2025-03-12;2025-03-21;2025-03-26;2025-03-28;2025-03-31;2025-04-02;2025-04-03;2025-04-07;2025-04-08;2025-04-09;2025-04-11;2025-04-16;2025-04-17;2025-04-18;2025-04-22;2025-04-23;2025-04-24;2025-04-25;2025-04-28;2025-05-14;2025-05-16;2025-05-20;2025-05-21;2025-05-22;2025-06-05;2025-06-11;2025-06-14;2025-06-17;2025-06-20;2025-06-27;2025-06-30;2025-07-03;2025-07-08;2025-07-18;2025-08-15;2025-08-22;2025-09-04;2025-09-05;2025-09-09;2025-09-12;2025-09-16;2025-10-02;2025-10-03;2025-10-06;2025-10-07;2025-10-08;2025-10-21;2025-10-23,2024-08-20;2024-08-24;2024-09-24;2024-10-07;2024-10-08;2024-10-10;2024-10-11;2024-10-15;2024-10-18;2024-11-11;2025-01-27;2025-02-10;2025-03-05;2025-03-27;2025-04-01;2025-04-15;2025-05-19;2025-06-04;2025-06-26;2025-07-01;2025-07-09;2025-07-15;2025-07-17;2025-08-18;2025-09-10;2025-11-06;2025-11-07
285,20261202,287,2024-08-21;2024-08-22;2024-08-23;2024-08-24;2024-08-27;2024-09-03;2024-09-16;2024-09-24;2024-10-02;2024-10-07;2024-10-10;2024-10-14;2024-10-15;2024-10-18;2024-10-24;2024-11-07;2024-11-12;2024-11-15;2024-11-18;2024-11-27;2024-12-09;2024-12-13;2025-01-16;2025-02-03;2025-02-06;2025-02-07;2025-02-12;2025-02-25;2025-03-03;2025-03-04;2025-03-05;2025-03-06;2025-03-11;2025-03-26;2025-03-27;2025-03-28;2025-03-31;2025-04-01;2025-04-02;2025-04-03;2025-04-07;2025-04-09;2025-04-11;2025-04-15;2025-04-17;2025-04-18;2025-04-22;2025-04-25;2025-04-28;2025-05-20;2025-05-22;2025-06-04;2025-06-05;2025-06-11;2025-06-14;2025-06-20;2025-06-26;2025-06-30;2025-07-01;2025-07-03;2025-07-08;2025-07-09;2025-07-15;2025-07-18;2025-08-15;2025-08-22;2025-09-04;2025-09-05;2025-09-10;2025-09-12;2025-09-16;2025-10-02;2025-10-03;2025-10-06;2025-10-07;2025-10-08;2025-11-06;2025-11-07,2024-08-20;2024-10-01;2024-10-08;2024-10-11;2024-10-16;2024-11-11;2025-01-17;2025-01-27;2025-02-05;2025-02-10;2025-03-12;2025-03-21;2025-04-08;2025-04-16;2025-04-23;2025-04-24;2025-05-14;2025-05-16;2025-05-19;2025-05-21;2025-06-17;2025-06-27;2025-07-17;2025-08-18;2025-09-09;2025-10-21;2025-10-23
286,20261203,288,2024-08-20;2024-08-23;2024-08-24;2024-08-27;2024-09-03;2024-09-16;2024-09-24;2024-10-01;2024-10-02;2024-10-07;2024-10-10;2024-10-11;2024-10-14;2024-10-16;2024-10-18;2024-10-24;2024-11-07;2024-11-11;2024-11-12;2024-11-18;2024-12-09;2024-12-13;2025-01-17;2025-01-27;2025-02-03;2025-02-05;2025-02-06;2025-02-12;2025-03-04;2025-03-05;2025-03-06;2025-03-12;2025-03-21;2025-03-26;2025-03-27;2025-03-28;2025-03-31;2025-04-01;2025-04-02;2025-04-07;2025-04-08;2025-04-09;2025-04-11;2025-04-15;2025-04-16;2025-04-17;2025-04-22;2025-04-23;2025-04-24;2025-04-25;2025-04-28;2025-05-14;2025-05-16;2025-05-19;2025-05-20;2025-05-21;2025-05-22;2025-06-05;2025-06-14;2025-06-20;2025-06-26;2025-06-30;2025-07-03;2025-07-08;2025-07-15;2025-07-17;2025-08-15;2025-09-04;2025-09-05;2025-09-09;2025-09-10;2025-09-12;2025-09-16;2025-10-03;2025-10-06;2025-10-08;2025-10-23;2025-11-07,2024-08-21;2024-08-22;2024-10-08;2024-10-15;2024-11-15;2024-11-27;2025-01-16;2025-02-07;2025-02-10;2025-02-25;2025-03-03;2025-03-11;2025-04-03;2025-04-18;2025-06-04;2025-06-11;2025-06-17;2025-06-27;2025-07-01;2025-07-09;2025-07-18;2025-08-18;2025-08-22;2025-10-02;2025-10-07;2025-10-21;2025-11-06
287,20261204,289,2024-08-20;2024-08-22;2024-08-24;2024-09-03;2024-09-16;2024-09-24;2024-10-01;2024-10-02;2024-10-08;2024-10-10;2024-10-11;2024-10-14;2024-10-15;2024-10-24;2024-11-07;2024-11-11;2024-11-12;2024-11-15;2024-11-18;2024-11-27;2024-12-09;2025-01-16;2025-01-27;2025-02-03;2025-02-07;2025-02-10;2025-02-25;2025-03-03;2025-03-04;2025-03-05;2025-03-06;2025-03-11;2025-03-12;2025-03-26;2025-03-31;2025-04-01;2025-04-03;2025-04-07;2025-04-09;2025-04-11;2025-04-17;2025-04-22;2025-04-23;2025-04-25;2025-04-28;2025-05-14;2025-05-16;2025-05-19;2025-05-20;2025-05-21;2025-05-22;2025-06-04;2025-06-05;2025-06-11;2025-06-14;2025-06-17;2025-06-26;2025-06-30;2025-07-01;2025-07-03;2025-07-08;2025-07-09;2025-07-15;2025-07-17;2025-07-18;2025-08-15;2025-08-18;2025-09-04;2025-09-05;2025-09-09;2025-09-10;2025-09-12;2025-10-06;2025-10-07;2025-10-21;2025-10-23;2025-11-06;2025-11-07,2024-08-21;2024-08-23;2024-08-27;2024-10-07;2024-10-16;2024-10-18;2024-12-13;2025-01-17;2025-02-05;2025-02-06;2025-02-12;2025-03-21;2025-03-27;2025-03-28;2025-04-02;2025-04-08;2025-04-15;2025-04-16;2025-04-18;2025-04-24;2025-06-20;2025-06-27;2025-08-22;2025-09-16;2025-10-02;2025-10-03;2025-10-08
288,20261205,290,2024-08-20;2024-08-22;2024-08-23;2024-08-27;2024-09-03;2024-09-16;2024-10-02;2024-10-07;2024-10-08;2024-10-10;2024-10-14;2024-10-15;2024-10-16;2024-10-18;2024-10-24;2024-11-07;2024-11-27;2024-12-09;2024-12-13;2025-01-16;2025-01-17;2025-02-03;2025-02-06;2025-02-07;2025-02-10;2025-02-12;2025-02-25;2025-03-04;2025-03-05;2025-03-11;2025-03-12;2025-03-21;2025-03-26;2025-03-27;2025-03-28;2025-03-31;2025-04-01;2025-04-02;2025-04-03;2025-04-08;2025-04-09;2025-04-11;2025-04-15;2025-04-16;2025-04-17;2025-04-18;2025-04-22;2025-04-24;2025-04-28;2025-05-14;2025-05-16;2025-05-19;2025-05-22;2025-06-04;2025-06-05;2025-06-11;2025-06-17;2025-06-20;2025-06-26;2025-06-27;2025-07-01;2025-07-03;2025-07-08;2025-07-15;2025-07-17;2025-07-18;2025-09-04;2025-09-05;2025-09-09;2025-09-12;2025-09-16;2025-10-03;2025-10-06;2025-10-07;2025-10-08;2025-10-21;2025-10-23;2025-11-06,2024-08-21;2024-08-24;2024-09-24;2024-10-01;2024-10-11;2024-11-11;2024-11-12;2024-11-15;2024-11-18;2025-01-27;2025-02-05;2025-03-03;2025-03-06;2025-04-07;2025-04-23;2025-04-25;2025-05-20;2025-05-21;2025-06-14;2025-06-30;2025-07-09;2025-08-15;2025-08-18;2025-08-22;2025-09-10;2025-10-02;2025-11-07
289,20261206,291,2024-08-21;2024-08-24;2024-08-27;2024-09-03;2024-09-16;2024-09-24;2024-10-01;2024-10-08;2024-10-10;2024-10-11;2024-10-14;2024-10-15;2024-10-16;2024-10-18;2024-10-24;2024-11-11;2024-11-12;2024-11-15;2024-11-18;2024-11-27;2024-12-09;2024-12-13;2025-01-16;2025-01-17;2025-01-27;2025-02-03;2025-02-05;2025-02-06;2025-02-07;2025-02-10;2025-02-12;2025-02-25;2025-03-03;2025-03-04;2025-03-05;2025-03-06;2025-03-11;2025-03-12;2025-03-31;2025-04-01;2025-04-02;2025-04-03;2025-04-07;2025-04-08;2025-04-09;2025-04-16;2025-04-17;2025-04-18;2025-04-22;2025-04-23;2025-04-24;2025-05-19;2025-05-20;2025-05-22;2025-06-04;2025-06-05;2025-06-14;2025-06-20;2025-06-27;2025-06-30;2025-07-01;2025-07-03;2025-07-15;2025-07-17;2025-07-18;2025-08-15;2025-08-18;2025-09-05;2025-09-10;2025-09-12;2025-10-02;2025-10-03;2025-10-06;2025-10-07;2025-10-21;2025-10-23;2025-11-06;2025-11-07,2024-08-20;2024-08-22;2024-08-23;2024-10-02;2024-10-07;2024-11-07;2025-03-21;2025-03-26;2025-03-27;2025-03-28;2025-04-11;2025-04-15;2025-04-25;2025-04-28;2025-05-14;2025-05-16;2025-05-21;2025-06-11;2025-06-17;2025-06-26;2025-07-08;2025-07-09;2025-08-22;2025-09-04;2025-09-09;2025-09-16;2025-10-08
290,20261207,292,2024-08-20;2024-08-21;2024-08-23;2024-08-24;2024-09-03;2024-10-01;2024-10-02;2024-10-07;2024-10-08;2024-10-10;2024-10-11;2024-10-14;2024-10-15;2024-10-16;2024-10-18;2024-11-07;2024-11-11;2024-11-12;2024-11-15;2024-11-27;2024-12-09;2024-12-13;2025-01-16;2025-01-17;2025-02-03;2025-02-05;2025-02-10;2025-02-12;2025-02-25;2025-03-05;2025-03-06;2025-03-11;2025-03-21;2025-03-26;2025-03-27;2025-03-28;2025-03-31;2025-04-02;2025-04-03;2025-04-07;2025-04-09;2025-04-11;2025-04-15;2025-04-16;2025-04-17;2025-04-22;2025-04-23;2025-04-24;2025-04-28;2025-05-14;2025-05-19;2025-05-20;2025-05-22;2025-06-05;2025-06-11;2025-06-14;2025-06-17;2025-06-27;2025-07-01;2025-07-03;2025-07-08;2025-07-09;2025-07-15;2025-07-17;2025-07-18;2025-08-15;2025-08-18;2025-08-22;2025-09-05;2025-09-09;2025-09-12;2025-10-02;2025-10-06;2025-10-07;2025-10-21;2025-10-23;2025-11-06;2025-11-07,2024-08-22;2024-08-27;2024-09-16;2024-09-24;2024-10-24;2024-11-18;2025-01-27;2025-02-06;2025-02-07;2025-03-03;2025-03-04;2025-03-12;2025-04-01;2025-04-08;2025-04-18;2025-04-25;2025-05-16;2025-05-21;2025-06-04;2025-06-20;2025-06-26;2025-06-30;2025-09-04;2025-09-10;2025-09-16;2025-10-03;2025-10-08
291,20261208,293,2024-08-20;2024-08-21;2024-08-22;2024-08-27;2024-09-03;2024-09-16;2024-09-24;2024-10-01;2024-10-02;2024-10-07;2024-10-08;2024-10-14;2024-10-15;2024-10-16;2024-10-24;2024-11-07;2024-11-11;2024-11-15;2024-11-27;2024-12-09;2024-12-13;2025-01-16;2025-01-27;2025-02-03;2025-02-05;2025-02-06;2025-02-07;2025-02-10;2025-02-12;2025-03-03;2025-03-04;2025-03-05;2025-03-12;2025-03-21;2025-03-26;2025-03-27;2025-03-28;2025-03-31;2025-04-01;2025-04-02;2025-04-03;2025-04-07;2025-04-09;2025-04-11;2025-04-15;2025-04-16;2025-04-17;2025-04-18;2025-04-25;2025-04-28;2025-05-14;2025-05-16;2025-05-19;2025-05-21;2025-05-22;2025-06-05;2025-06-11;2025-06-17;2025-06-27;2025-06-30;2025-07-01;2025-07-03;2025-07-08;2025-07-09;2025-07-17;2025-07-18;2025-08-15;2025-08-18;2025-08-22;2025-09-04;2025-09-09;2025-09-10;2025-09-16;2025-10-06;2025-10-08;2025-10-21;2025-10-23;2025-11-07,2024-08-23;2024-08-24;2024-10-10;2024-10-11;2024-10-18;2024-11-12;2024-11-18;2025-01-17;2025-02-25;2025-03-06;2025-03-11;2025-04-08;2025-04-22;2025-04-23;2025-04-24;2025-05-20;2025-06-04;2025-06-14;2025-06-20;2025-06-26;2025-07-15;2025-09-05;2025-09-12;2025-10-02;2025-10-03;2025-10-07;2025-11-06
292,20261209,294,2024-08-20;2024-08-21;2024-08-22;2024-08-24;2024-08-27;2024-09-16;2024-09-24;2024-10-01;2024-10-07;2024-10-08;2024-10-11;2024-10-14;2024-10-15;2024-10-16;2024-10-18;2024-10-24;2024-11-07;2024-11-11;2024-11-12;2024-11-15;2024-11-18;2024-11-27;2024-12-09;2024-12-13;2025-01-16;2025-01-27;2025-02-03;2025-02-05;2025-02-06;2025-02-10;2025-02-12;2025-02-25;2025-03-03;2025-03-04;2025-03-05;2025-03-06;2025-03-11;2025-03-26;2025-03-27;2025-03-28;2025-04-01;2025-04-02;2025-04-03;2025-04-07;2025-04-09;2025-04-11;2025-04-15;2025-04-16;2025-04-17;2025-04-22;2025-04-24;2025-04-28;2025-05-14;2025-05-16;2025-05-19;2025-05-21;2025-05-22;2025-06-05;2025-06-14;2025-06-17;2025-06-20;2025-06-26;2025-06-30;2025-07-01;2025-07-08;2025-07-15;2025-07-17;2025-07-18;2025-08-18;2025-09-09;2025-09-12;2025-10-02;2025-10-06;2025-10-07;2025-10-08;2025-10-21;2025-10-23;2025-11-06,2024-08-23;2024-09-03;2024-10-02;2024-10-10;2025-01-17;2025-02-07;2025-03-12;2025-03-21;2025-03-31;2025-04-08;2025-04-18;2025-04-23;2025-04-25;2025-05-20;2025-06-04;2025-06-11;2025-06-27;2025-07-03;2025-07-09;2025-08-15;2025-08-22;2025-09-04;2025-09-05;2025-09-10;2025-09-16;2025-10-03;2025-11-07
293,20261210,295,2024-08-20;2024-08-22;2024-08-23;2024-09-03;2024-09-16;2024-09-24;2024-10-02;2024-10-08;2024-10-10;2024-10-11;2024-10-14;2024-10-15;2024-10-16;2024-10-18;2024-10-24;2024-11-07;2024-11-11;2024-11-12;2024-11-15;2024-11-18;2024-11-27;2024-12-09;2024-12-13;2025-01-16;2025-01-17;2025-01-27;2025-02-03;2025-02-05;2025-02-06;2025-02-07;2025-02-12;2025-02-25;2025-03-03;2025-03-04;2025-03-05;2025-03-06;2025-03-21;2025-03-26;2025-03-27;2025-03-28;2025-03-31;2025-04-01;2025-04-02;2025-04-07;2025-04-08;2025-04-11;2025-04-15;2025-04-17;2025-04-18;2025-04-22;2025-04-24;2025-04-25;2025-04-28;2025-05-14;2025-05-16;2025-05-21;2025-06-04;2025-06-11;2025-06-14;2025-06-17;2025-06-26;2025-06-27;2025-07-01;2025-07-03;2025-07-08;2025-07-09;2025-07-15;2025-07-17;2025-08-18;2025-08-22;2025-09-04;2025-09-05;2025-09-09;2025-09-16;2025-10-06;2025-10-08;2025-10-23;2025-11-07,2024-08-21;2024-08-24;2024-08-27;2024-10-01;2024-10-07;2025-02-10;2025-03-11;2025-03-12;2025-04-03;2025-04-09;2025-04-16;2025-04-23;2025-05-19;2025-05-20;2025-05-22;2025-06-05;2025-06-20;2025-06-30;2025-07-18;2025-08-15;2025-09-10;2025-09-12;2025-10-02;2025-10-03;2025-10-07;2025-10-21;2025-11-06
294,20261211,296,2024-08-20;2024-08-21;2024-08-22;2024-08-23;2024-08-24;2024-08-27;2024-09-16;2024-09-24;2024-10-01;2024-10-02;2024-10-08;2024-10-10;2024-10-11;2024-10-15;2024-10-16;2024-10-24;2024-11-12;2024-11-18;2024-11-27;2024-12-09;2024-12-13;2025-01-16;2025-01-17;2025-01-27;2025-02-03;2025-02-05;2025-02-06;2025-02-07;2025-02-10;2025-03-03;2025-03-04;2025-03-05;2025-03-06;2025-03-11;2025-03-12;2025-03-21;2025-03-26;2025-03-31;2025-04-01;2025-04-02;2025-04-03;2025-04-07;2025-04-09;2025-04-15;2025-04-16;2025-04-23;2025-04-24;2025-04-25;2025-04-28;2025-05-14;2025-05-16;2025-05-19;2025-05-21;2025-06-04;2025-06-05;2025-06-11;2025-06-14;2025-06-20;2025-06-27;2025-07-01;2025-07-08;2025-07-15;2025-07-18;2025-08-15;2025-08-22;2025-09-04;2025-09-05;2025-09-09;2025-09-16;2025-10-02;2025-10-03;2025-10-06;2025-10-07;2025-10-08;2025-10-21;2025-10-23;2025-11-06;2025-11-07,2024-09-03;2024-10-07;2024-10-14;2024-10-18;2024-11-07;2024-11-11;2024-11-15;2025-02-12;2025-02-25;2025-03-27;2025-03-28;2025-04-08;2025-04-11;2025-04-17;2025-04-18;2025-04-22;2025-05-20;2025-05-22;2025-06-17;2025-06-26;2025-06-30;2025-07-03;2025-07-09;2025-07-17;2025-08-18;2025-09-10;2025-09-12
295,20261212,297,2024-08-20;2024-08-21;2024-08-22;2024-08-23;2024-08-27;2024-09-16;2024-09-24;2024-10-02;2024-10-08;2024-10-11;2024-10-15;2024-10-24;2024-11-07;2024-11-11;2024-11-12;2024-11-18;2024-11-27;2024-12-09;2024-12-13;2025-01-16;2025-01-17;2025-01-27;2025-02-05;2025-02-06;2025-02-07;2025-02-12;2025-03-03;2025-03-04;2025-03-05;2025-03-06;2025-03-11;2025-03-21;2025-03-26;2025-03-31;2025-04-01;2025-04-02;2025-04-07;2025-04-08;2025-04-09;2025-04-11;2025-04-15;2025-04-17;2025-04-18;2025-04-22;2025-04-23;2025-04-28;2025-05-14;2025-05-16;2025-05-19;2025-05-20;2025-05-22;2025-06-05;2025-06-14;2025-06-17;2025-06-20;2025-06-26;2025-06-27;2025-06-30;2025-07-01;2025-07-03;2025-07-08;2025-07-09;2025-07-15;2025-08-15;2025-08-22;2025-09-04;2025-09-09;2025-09-10;2025-09-12;2025-09-16;2025-10-02;2025-10-06;2025-10-07;2025-10-08;2025-10-21;2025-10-23;2025-11-06;2025-11-07,2024-08-24;2024-09-03;2024-10-01;2024-10-07;2024-10-10;2024-10-14;2024-10-16;2024-10-18;2024-11-15;2025-02-03;2025-02-10;2025-02-25;2025-03-12;2025-03-27;2025-03-28;2025-04-03;2025-04-16;2025-04-24;2025-04-25;2025-05-21;2025-06-04;2025-06-11;2025-07-17;2025-07-18;2025-08-18;2025-09-05;2025-10-03
296,20261213,298,2024-08-20;2024-08-21;2024-08-23;2024-08-24;2024-08-27;2024-09-03;2024-10-01;2024-10-07;2024-10-08;2024-10-10;2024-10-11;2024-10-14;2024-10-18;2024-10-24;2024-11-11;2024-11-15;2024-11-18;2024-11-27;2024-12-09;2024-12-13;2025-01-16;2025-01-27;2025-02-03;2025-02-05;2025-02-06;2025-02-07;2025-02-10;2025-02-12;2025-03-03;2025-03-05;2025-03-06;2025-03-11;2025-03-21;2025-03-27;2025-03-28;2025-03-31;2025-04-02;2025-04-07;2025-04-08;2025-04-09;2025-04-11;2025-04-16;2025-04-17;2025-04-23;2025-04-24;2025-05-14;2025-05-16;2025-05-19;2025-05-20;2025-05-22;2025-06-04;2025-06-05;2025-06-11;2025-06-14;2025-06-20;2025-06-26;2025-06-27;2025-06-30;2025-07-03;2025-07-08;2025-07-15;2025-07-17;2025-07-18;2025-08-18;2025-08-22;2025-09-04;2025-09-05;2025-09-09;2025-09-12;2025-09-16;2025-10-03;2025-10-06;2025-10-07;2025-10-08;2025-10-21;2025-10-23;2025-11-06;2025-11-07,2024-08-22;2024-09-16;2024-09-24;2024-10-02;2024-10-15;2024-10-16;2024-11-07;2024-11-12;2025-01-17;2025-02-25;2025-03-04;2025-03-12;2025-03-26;2025-04-01;2025-04-03;2025-04-15;2025-04-18;2025-04-22;2025-04-25;2025-04-28;2025-05-21;2025-06-17;2025-07-01;2025-07-09;2025-08-15;2025-09-10;2025-10-02
297,20261214,299,2024-08-20;2024-08-22;2024-08-23;2024-08-24;2024-09-03;2024-09-16;2024-09-24;2024-10-01;2024-10-02;2024-10-07;2024-10-08;2024-10-10;2024-10-11;2024-10-14;2024-10-16;2024-10-18;2024-11-07;2024-11-15;2024-11-18;2024-11-27;2024-12-13;2025-01-16;2025-01-17;2025-02-05;2025-02-06;2025-02-07;2025-02-12;2025-02-25;2025-03-04;2025-03-05;2025-03-11;2025-03-12;2025-03-21;2025-03-26;2025-03-27;2025-03-28;2025-03-31;2025-04-03;2025-04-07;2025-04-08;2025-04-09;2025-04-11;2025-04-15;2025-04-17;2025-04-18;2025-04-22;2025-04-23;2025-04-25;2025-05-14;2025-05-16;2025-05-19;2025-05-20;2025-05-21;2025-05-22;2025-06-04;2025-06-11;2025-06-17;2025-06-20;2025-06-26;2025-06-27;2025-06-30;2025-07-01;2025-07-03;2025-07-08;2025-07-09;2025-07-17;2025-08-15;2025-08-18;2025-09-04;2025-09-05;2025-09-09;2025-09-12;2025-10-02;2025-10-03;2025-10-06;2025-10-07;2025-10-21;2025-11-07,2024-08-21;2024-08-27;2024-10-15;2024-10-24;2024-11-11;2024-11-12;2024-12-09;2025-01-27;2025-02-03;2025-02-10;2025-03-03;2025-03-06;2025-04-01;2025-04-02;2025-04-16;2025-04-24;2025-04-28;2025-06-05;2025-06-14;2025-07-15;2025-07-18;2025-08-22;2025-09-10;2025-09-16;2025-10-08;2025-10-23;2025-11-06
298,20261215,300,2024-08-21;2024-08-23;2024-08-24;2024-08-27;2024-09-03;2024-09-24;2024-10-02;2024-10-07;2024-10-08;2024-10-10;2024-10-11;2024-10-14;2024-10-15;2024-10-16;2024-10-18;2024-10-24;2024-11-07;2024-11-11;2024-11-27;2024-12-09;2024-12-13;2025-01-27;2025-02-05;2025-02-07;2025-02-10;2025-02-12;2025-02-25;2025-03-03;2025-03-04;2025-03-06;2025-03-11;2025-03-12;2025-03-26;2025-03-27;2025-03-28;2025-04-03;2025-04-08;2025-04-09;2025-04-11;2025-04-16;2025-04-18;2025-04-22;2025-04-23;2025-04-24;2025-04-25;2025-04-28;2025-05-14;2025-05-16;2025-05-19;2025-05-20;2025-05-21;2025-05-22;2025-06-04;2025-06-17;2025-06-20;2025-06-27;2025-06-30;2025-07-01;2025-07-08;2025-07-09;2025-07-15;2025-07-17;2025-08-15;2025-08-18;2025-08-22;2025-09-04;2025-09-05;2025-09-09;2025-09-10;2025-09-12;2025-09-16;2025-10-03;2025-10-06;2025-10-07;2025-10-08;2025-10-21;2025-11-06;2025-11-07,2024-08-20;2024-08-22;2024-09-16;2024-10-01;2024-11-12;2024-11-15;2024-11-18;2025-01-16;2025-01-17;2025-02-03;2025-02-06;2025-03-05;2025-03-21;2025-03-31;2025-04-01;2025-04-02;2025-04-07;2025-04-15;2025-04-17;2025-06-05;2025-06-11;2025-06-14;2025-06-26;2025-07-03;2025-07-18;2025-10-02;2025-10-23
299,20261216,301,2024-08-20;2024-08-21;2024-08-23;2024-08-24;2024-08-27;2024-09-03;2024-09-16;2024-10-01;2024-10-02;2024-10-07;2024-10-08;2024-10-10;2024-10-15;2024-10-16;2024-10-18;2024-11-07;2024-11-11;2024-11-12;2024-11-27;2024-12-09;2024-12-13;2025-01-17;2025-01-27;2025-02-05;2025-02-06;2025-02-07;2025-02-10;2025-02-25;2025-03-04;2025-03-06;2025-03-11;2025-03-12;2025-03-26;2025-03-27;2025-03-28;2025-03-31;2025-04-01;2025-04-02;2025-04-03;2025-04-07;2025-04-09;2025-04-11;2025-04-15;2025-04-16;2025-04-18;2025-04-22;2025-04-23;2025-04-24;2025-04-25;2025-05-16;2025-05-19;2025-05-20;2025-05-21;2025-05-22;2025-06-04;2025-06-05;2025-06-11;2025-06-20;2025-06-26;2025-06-27;2025-06-30;2025-07-01;2025-07-03;2025-07-08;2025-07-09;2025-07-17;2025-07-18;2025-08-15;2025-08-22;2025-09-04;2025-09-09;2025-09-10;2025-09-12;2025-09-16;2025-10-02;2025-10-07;2025-10-08;2025-10-21,2024-08-22;2024-09-24;2024-10-11;2024-10-14;2024-10-24;2024-11-15;2024-11-18;2025-01-16;2025-02-03;2025-02-12;2025-03-03;2025-03-05;2025-03-21;2025-04-08;2025-04-17;2025-04-28;2025-05-14;2025-06-14;2025-06-17;2025-07-15;2025-08-18;2025-09-05;2025-10-03;2025-10-06;2025-10-23;2025-11-06;2025-11-07
300,20261217,302,2024-08-20;2024-08-21;2024-08-22;2024-08-23;2024-08-27;2024-09-03;2024-09-16;2024-09-24;2024-10-01;2024-10-07;2024-10-10;2024-10-11;2024-10-14;2024-10-16;2024-10-18;2024-10-24;2024-11-11;2024-11-12;2024-11-15;2024-11-18;2024-11-27;2024-12-09;2025-01-27;2025-02-03;2025-02-05;2025-02-07;2025-02-10;2025-02-12;2025-03-03;2025-03-04;2025-03-06;2025-03-11;2025-03-21;2025-03-27;2025-03-28;2025-03-31;2025-04-01;2025-04-02;2025-04-15;2025-04-16;2025-04-17;2025-04-18;2025-04-22;2025-04-23;2025-04-24;2025-04-28;2025-05-14;2025-05-16;2025-05-19;2025-05-20;2025-05-21;2025-05-22;2025-06-04;2025-06-05;2025-06-11;2025-06-14;2025-06-17;2025-06-20;2025-06-26;2025-06-27;2025-06-30;2025-07-15;2025-07-18;2025-08-15;2025-08-18;2025-08-22;2025-09-04;2025-09-05;2025-09-09;2025-09-10;2025-09-12;2025-09-16;2025-10-02;2025-10-07;2025-10-08;2025-10-21;2025-11-06;2025-11-07,2024-08-24;2024-10-02;2024-10-08;2024-10-15;2024-11-07;2024-12-13;2025-01-16;2025-01-17;2025-02-06;2025-02-25;2025-03-05;2025-03-12;2025-03-26;2025-04-03;2025-04-07;2025-04-08;2025-04-09;2025-04-11;2025-04-25;2025-07-01;2025-07-03;2025-07-08;2025-07-09;2025-07-17;2025-10-03;2025-10-06;2025-10-23
301,20261218,303,2024-08-20;2024-08-21;2024-08-22;2024-08-23;2024-08-24;2024-08-27;2024-09-03;2024-09-16;2024-09-24;2024-10-01;2024-10-02;2024-10-07;2024-10-08;2024-10-10;2024-10-11;2024-10-15;2024-10-16;2024-10-18;2024-10-24;2024-11-07;2024-11-11;2024-11-12;2024-11-15;2024-11-18;2024-11-27;2024-12-09;2024-12-13;2025-01-16;2025-01-27;2025-02-03;2025-02-05;2025-02-06;2025-02-07;2025-03-03;2025-03-05;2025-03-06;2025-03-12;2025-03-26;2025-03-28;2025-04-02;2025-04-03;2025-04-07;2025-04-08;2025-04-11;2025-04-16;2025-04-17;2025-04-18;2025-04-22;2025-04-24;2025-04-25;2025-04-28;2025-05-14;2025-05-16;2025-05-19;2025-05-20;2025-05-22;2025-06-04;2025-06-05;2025-06-11;2025-06-14;2025-06-17;2025-06-20;2025-06-30;2025-07-01;2025-07-03;2025-07-09;2025-07-15;2025-07-17;2025-07-18;2025-08-15;2025-08-18;2025-08-22;2025-09-04;2025-09-05;2025-09-12;2025-09-16;2025-10-03;2025-10-06,2024-10-14;2025-01-17;2025-02-10;2025-02-12;2025-02-25;2025-03-04;2025-03-11;2025-03-21;2025-03-27;2025-03-31;2025-04-01;2025-04-09;2025-04-15;2025-04-23;2025-05-21;2025-06-26;2025-06-27;2025-07-08;2025-09-09;2025-09-10;2025-10-02;2025-10-07;2025-10-08;2025-10-21;2025-10-23;2025-11-06;2025-11-07
302,20261219,304,2024-08-20;2024-08-21;2024-08-22;2024-08-23;2024-08-24;2024-08-27;2024-09-16;2024-09-24;2024-10-08;2024-10-10;2024-10-15;2024-10-24;2024-11-07;2024-11-11;2024-11-18;2024-11-27;2024-12-09;2024-12-13;2025-01-16;2025-01-17;2025-01-27;2025-02-03;2025-02-05;2025-02-06;2025-02-10;2025-02-12;2025-03-03;2025-03-05;2025-03-06;2025-03-12;2025-03-26;2025-03-27;2025-03-31;2025-04-03;2025-04-08;2025-04-09;2025-04-11;2025-04-15;2025-04-16;2025-04-18;2025-04-22;2025-04-24;2025-04-25;2025-04-28;2025-05-14;2025-05-16;2025-05-19;2025-05-20;2025-05-22;2025-06-04;2025-06-05;2025-06-11;2025-06-14;2025-06-17;2025-06-20;2025-06-27;2025-07-01;2025-07-03;2025-07-08;2025-07-09;2025-07-15;2025-07-18;2025-08-15;2025-08-18;2025-08-22;2025-09-04;2025-09-05;2025-09-10;2025-09-12;2025-09-16;2025-10-02;2025-10-03;2025-10-06;2025-10-07;2025-10-08;2025-10-23;2025-11-06;2025-11-07,2024-09-03;2024-10-01;2024-10-02;2024-10-07;2024-10-11;2024-10-14;2024-10-16;2024-10-18;2024-11-12;2024-11-15;2025-02-07;2025-02-25;2025-03-04;2025-03-11;2025-03-21;2025-03-28;2025-04-01;2025-04-02;2025-04-07;2025-04-17;2025-04-23;2025-05-21;2025-06-26;2025-06-30;2025-07-17;2025-09-09;2025-10-21
303,20261220,305,2024-08-20;2024-08-22;2024-08-27;2024-09-03;2024-09-16;2024-09-24;2024-10-08;2024-10-10;2024-10-11;2024-10-14;2024-10-15;2024-10-18;2024-11-11;2024-11-12;2024-11-18;2024-11-27;2024-12-09;2024-12-13;2025-01-27;2025-02-03;2025-02-05;2025-02-10;2025-02-12;2025-03-03;2025-03-04;2025-03-05;2025-03-12;2025-03-21;2025-03-27;2025-03-28;2025-03-31;2025-04-01;2025-04-02;2025-04-03;2025-04-07;2025-04-08;2025-04-09;2025-04-11;2025-04-15;2025-04-17;2025-04-18;2025-04-23;2025-04-24;2025-04-25;2025-04-28;2025-05-14;2025-05-16;2025-05-19;2025-05-20;2025-05-21;2025-05-22;2025-06-05;2025-06-11;2025-06-14;2025-06-17;2025-06-26;2025-06-27;2025-06-30;2025-07-01;2025-07-03;2025-07-08;2025-07-15;2025-07-17;2025-07-18;2025-08-15;2025-08-18;2025-08-22;2025-09-04;2025-09-05;2025-09-09;2025-09-10;2025-09-12;2025-09-16;2025-10-02;2025-10-06;2025-10-07;2025-10-08;2025-11-06,2024-08-21;2024-08-23;2024-08-24;2024-10-01;2024-10-02;2024-10-07;2024-10-16;2024-10-24;2024-11-07;2024-11-15;2025-01-16;2025-01-17;2025-02-06;2025-02-07;2025-02-25;2025-03-06;2025-03-11;2025-03-26;2025-04-16;2025-04-22;2025-06-04;2025-06-20;2025-07-09;2025-10-03;2025-10-21;2025-10-23;2025-11-07
304,20261221,306,2024-08-20;2024-08-21;2024-08-23;2024-08-24;2024-08-27;2024-09-03;2024-09-16;2024-09-24;2024-10-01;2024-10-02;2024-10-07;2024-10-10;2024-10-11;2024-10-14;2024-10-15;2024-10-16;2024-10-18;2024-10-24;2024-11-07;2024-11-15;2024-11-18;2024-11-27;2024-12-09;2024-12-13;2025-01-17;2025-02-03;2025-02-05;2025-02-07;2025-02-10;2025-02-12;2025-02-25;2025-03-04;2025-03-06;2025-03-11;2025-03-12;2025-03-21;2025-03-28;2025-03-31;2025-04-02;2025-04-03;2025-04-07;2025-04-08;2025-04-18;2025-04-22;2025-04-23;2025-04-24;2025-04-25;2025-04-28;2025-05-14;2025-05-16;2025-05-20;2025-05-21;2025-05-22;2025-06-04;2025-06-05;2025-06-11;2025-06-17;2025-06-20;2025-06-26;2025-06-27;2025-06-30;2025-07-01;2025-07-08;2025-07-15;2025-07-17;2025-07-18;2025-08-15;2025-08-22;2025-09-04;2025-09-09;2025-09-16;2025-10-02;2025-10-03;2025-10-06;2025-10-07;2025-10-21;2025-10-23;2025-11-06,2024-08-22;2024-10-08;2024-11-11;2024-11-12;2025-01-16;2025-01-27;2025-02-06;2025-03-03;2025-03-05;2025-03-26;2025-03-27;2025-04-01;2025-04-09;2025-04-11;2025-04-15;2025-04-16;2025-04-17;2025-05-19;2025-06-14;2025-07-03;2025-07-09;2025-08-18;2025-09-05;2025-09-10;2025-09-12;2025-10-08;2025-11-07
305,20261222,307,2024-08-20;2024-08-21;2024-08-23;2024-08-24;2024-09-03;2024-10-01;2024-10-08;2024-10-11;2024-10-15;2024-11-07;2024-11-11;2024-11-12;2024-11-15;2024-11-18;2024-11-27;2024-12-09;2024-12-13;2025-01-16;2025-01-27;2025-02-03;2025-02-05;2025-02-06;2025-02-07;2025-02-10;2025-02-12;2025-02-25;2025-03-03;2025-03-04;2025-03-05;2025-03-11;2025-03-12;2025-03-21;2025-03-27;2025-03-31;2025-04-01;2025-04-03;2025-04-07;2025-04-08;2025-04-09;2025-04-15;2025-04-16;2025-04-17;2025-04-25;2025-04-28;2025-05-16;2025-05-19;2025-05-20;2025-05-21;2025-05-22;2025-06-04;2025-06-05;2025-06-11;2025-06-14;2025-06-17;2025-06-20;2025-06-26;2025-06-27;2025-06-30;2025-07-03;2025-07-08;2025-07-09;2025-07-15;2025-07-17;2025-07-18;2025-08-15;2025-08-18;2025-08-22;2025-09-04;2025-09-05;2025-09-09;2025-09-16;2025-10-03;2025-10-06;2025-10-07;2025-10-08;2025-10-23;2025-11-06;2025-11-07,2024-08-22;2024-08-27;2024-09-16;2024-09-24;2024-10-02;2024-10-07;2024-10-10;2024-10-14;2024-10-16;2024-10-18;2024-10-24;2025-01-17;2025-03-06;2025-03-26;2025-03-28;2025-04-02;2025-04-11;2025-04-18;2025-04-22;2025-04-23;2025-04-24;2025-05-14;2025-07-01;2025-09-10;2025-09-12;2025-10-02;2025-10-21
306,20261223,308,2024-08-20;2024-08-21;2024-08-22;2024-08-23;2024-08-24;2024-08-27;2024-09-03;2024-09-16;2024-09-24;2024-10-01;2024-10-02;2024-10-08;2024-10-10;2024-10-11;2024-10-14;2024-10-15;2024-10-16;2024-10-18;2024-10-24;2024-11-07;2024-11-11;2024-11-12;2024-11-15;2024-12-09;2024-12-13;2025-01-16;2025-01-17;2025-02-06;2025-02-10;2025-02-12;2025-03-03;2025-03-11;2025-03-26;2025-03-27;2025-03-28;2025-04-01;2025-04-03;2025-04-07;2025-04-08;2025-04-09;2025-04-15;2025-04-16;2025-04-17;2025-04-18;2025-04-22;2025-04-25;2025-04-28;2025-05-14;2025-05-16;2025-05-19;2025-05-21;2025-05-22;2025-06-04;2025-06-11;2025-06-17;2025-06-20;2025-06-26;2025-06-27;2025-06-30;2025-07-01;2025-07-03;2025-07-08;2025-07-09;2025-07-15;2025-07-17;2025-08-15;2025-09-04;2025-09-05;2025-09-12;2025-09-16;2025-10-02;2025-10-03;2025-10-06;2025-10-07;2025-10-08;2025-10-21;2025-11-06;2025-11-07,2024-10-07;2024-11-18;2024-11-27;2025-01-27;2025-02-03;2025-02-05;2025-02-07;2025-02-25;2025-03-04;2025-03-05;2025-03-06;2025-03-12;2025-03-21;2025-03-31;2025-04-02;2025-04-11;2025-04-23;2025-04-24;2025-05-20;2025-06-05;2025-06-14;2025-07-18;2025-08-18;2025-08-22;2025-09-09;2025-09-10;2025-10-23
307,20261224,309,2024-08-20;2024-08-21;2024-08-22;2024-08-24;2024-08-27;2024-09-03;2024-09-16;2024-10-07;2024-10-08;2024-10-10;2024-10-11;2024-10-15;2024-10-16;2024-11-15;2024-11-27;2024-12-09;2025-01-27;2025-02-03;2025-02-05;2025-02-06;2025-02-07;2025-02-10;2025-02-12;2025-02-25;2025-03-03;2025-03-11;2025-03-12;2025-03-21;2025-03-26;2025-03-27;2025-03-28;2025-04-01;2025-04-03;2025-04-07;2025-04-09;2025-04-11;2025-04-16;2025-04-17;2025-04-18;2025-04-22;2025-04-23;2025-04-24;2025-04-25;2025-04-28;2025-05-14;2025-05-19;2025-05-20;2025-05-21;2025-05-22;2025-06-04;2025-06-05;2025-06-11;2025-06-14;2025-06-20;2025-06-26;2025-06-27;2025-06-30;2025-07-01;2025-07-03;2025-07-08;2025-07-15;2025-07-17;2025-07-18;2025-08-15;2025-08-22;2025-09-04;2025-09-09;2025-09-10;2025-09-12;2025-09-16;2025-10-02;2025-10-03;2025-10-06;2025-10-07;2025-10-08;2025-10-21;2025-11-06;2025-11-07,2024-08-23;2024-09-24;2024-10-01;2024-10-02;2024-10-14;2024-10-18;2024-10-24;2024-11-07;2024-11-11;2024-11-12;2024-11-18;2024-12-13;2025-01-16;2025-01-17;2025-03-04;2025-03-05;2025-03-06;2025-03-31;2025-04-02;2025-04-08;2025-04-15;2025-05-16;2025-06-17;2025-07-09;2025-08-18;2025-09-05;2025-10-23
308,20261225,310,2024-08-20;2024-08-21;2024-08-22;2024-08-23;2024-08-24;2024-08-27;2024-09-03;2024-09-16;2024-09-24;2024-10-01;2024-10-02;2024-10-07;2024-10-10;2024-10-11;2024-10-16;2024-10-18;2024-10-24;2024-11-11;2024-11-12;2024-11-18;2024-12-09;2025-01-17;2025-01-27;2025-02-03;2025-02-06;2025-02-07;2025-02-10;2025-02-12;2025-02-25;2025-03-05;2025-03-06;2025-03-12;2025-03-26;2025-03-27;2025-03-28;2025-03-31;2025-04-01;2025-04-02;2025-04-03;2025-04-08;2025-04-09;2025-04-11;2025-04-16;2025-04-17;2025-04-18;2025-04-22;2025-04-24;2025-04-25;2025-04-28;2025-05-16;2025-05-19;2025-05-20;2025-05-21;2025-06-04;2025-06-05;2025-06-11;2025-06-14;2025-06-17;2025-06-26;2025-06-30;2025-07-01;2025-07-03;2025-07-08;2025-07-15;2025-07-17;2025-07-18;2025-08-18;2025-09-04;2025-09-05;2025-09-10;2025-09-12;2025-09-16;2025-10-02;2025-10-03;2025-10-06;2025-10-08;2025-10-23;2025-11-06,2024-10-08;2024-10-14;2024-10-15;2024-11-07;2024-11-15;2024-11-27;2024-12-13;2025-01-16;2025-02-05;2025-03-03;2025-03-04;2025-03-11;2025-03-21;2025-04-07;2025-04-15;2025-04-23;2025-05-14;2025-05-22;2025-06-20;2025-06-27;2025-07-09;2025-08-15;2025-08-22;2025-09-09;2025-10-07;2025-10-21;2025-11-07
309,20261226,311,2024-08-20;2024-08-21;2024-08-23;2024-08-24;2024-09-03;2024-10-01;2024-10-02;2024-10-07;2024-10-08;2024-10-14;2024-10-15;2024-10-16;2024-10-18;2024-10-24;2024-11-11;2024-11-12;2024-11-18;2024-11-27;2024-12-09;2024-12-13;2025-01-16;2025-01-17;2025-01-27;2025-02-03;2025-02-06;2025-02-07;2025-02-10;2025-02-25;2025-03-04;2025-03-06;2025-03-11;2025-03-12;2025-03-21;2025-03-26;2025-03-27;2025-03-31;2025-04-01;2025-04-02;2025-04-03;2025-04-07;2025-04-09;2025-04-11;2025-04-16;2025-04-17;2025-04-18;2025-04-22;2025-04-23;2025-04-24;2025-04-25;2025-05-14;2025-05-16;2025-05-19;2025-05-20;2025-05-21;2025-05-22;2025-06-04;2025-06-05;2025-06-14;2025-06-30;2025-07-01;2025-07-03;2025-07-08;2025-07-15;2025-07-17;2025-07-18;2025-08-15;2025-08-18;2025-08-22;2025-09-04;2025-09-05;2025-09-09;2025-09-12;2025-10-02;2025-10-03;2025-10-06;2025-10-07;2025-11-06;2025-11-07,2024-08-22;2024-08-27;2024-09-16;2024-09-24;2024-10-10;2024-10-11;2024-11-07;2024-11-15;2025-02-05;2025-02-12;2025-03-03;2025-03-05;2025-03-28;2025-04-08;2025-04-15;2025-04-28;2025-06-11;2025-06-17;2025-06-20;2025-06-26;2025-06-27;2025-07-09;2025-09-10;2025-09-16;2025-10-08;2025-10-21;2025-10-23
310,20261227,312,2024-08-20;2024-08-21;2024-08-22;2024-08-23;2024-08-24;2024-09-24;2024-10-01;2024-10-07;2024-10-08;2024-10-10;2024-10-11;2024-10-14;2024-10-15;2024-10-24;2024-11-07;2024-11-11;2024-11-12;2024-11-15;2024-11-27;2024-12-09;2024-12-13;2025-01-16;2025-01-17;2025-01-27;2025-02-05;2025-02-06;2025-02-25;2025-03-03;2025-03-04;2025-03-05;2025-03-06;2025-03-12;2025-03-21;2025-03-27;2025-03-28;2025-03-31;2025-04-01;2025-04-02;2025-04-03;2025-04-07;2025-04-08;2025-04-09;2025-04-11;2025-04-15;2025-04-16;2025-04-17;2025-04-28;2025-05-14;2025-05-16;2025-05-19;2025-05-20;2025-05-21;2025-05-22;2025-06-04;2025-06-05;2025-06-11;2025-06-14;2025-06-17;2025-06-20;2025-06-26;2025-06-27;2025-06-30;2025-07-01;2025-07-03;2025-07-08;2025-07-09;2025-07-17;2025-08-18;2025-08-22;2025-09-04;2025-09-09;2025-09-16;2025-10-02;2025-10-03;2025-10-07;2025-10-08;2025-10-21;2025-11-07,2024-08-27;2024-09-03;2024-09-16;2024-10-02;2024-10-16;2024-10-18;2024-11-18;2025-02-03;2025-02-07;2025-02-10;2025-02-12;2025-03-11;2025-03-26;2025-04-18;2025-04-22;2025-04-23;2025-04-24;2025-04-25;2025-07-15;2025-07-18;2025-08-15;2025-09-05;2025-09-10;2025-09-12;2025-10-06;2025-10-23;2025-11-06
311,20261228,313,2024-08-20;2024-08-21;2024-08-22;2024-09-24;2024-10-01;2024-10-02;2024-10-07;2024-10-08;2024-10-10;2024-10-11;2024-10-14;2024-10-15;2024-10-24;2024-11-07;2024-11-15;2024-11-27;2024-12-09;2024-12-13;2025-01-17;2025-01-27;2025-02-03;2025-02-05;2025-02-07;2025-02-12;2025-02-25;2025-03-03;2025-03-04;2025-03-05;2025-03-11;2025-03-26;2025-03-27;2025-03-28;2025-03-31;2025-04-02;2025-04-03;2025-04-07;2025-04-09;2025-04-11;2025-04-15;2025-04-16;2025-04-17;2025-04-18;2025-04-23;2025-04-24;2025-04-25;2025-04-28;2025-05-14;2025-05-16;2025-05-19;2025-05-20;2025-05-21;2025-05-22;2025-06-04;2025-06-05;2025-06-11;2025-06-20;2025-06-26;2025-06-27;2025-06-30;2025-07-01;2025-07-03;2025-07-08;2025-07-09;2025-07-15;2025-07-17;2025-07-18;2025-08-15;2025-08-18;2025-08-22;2025-09-05;2025-09-09;2025-09-10;2025-09-12;2025-09-16;2025-10-02;2025-10-03;2025-10-06;2025-11-06,2024-08-23;2024-08-24;2024-08-27;2024-09-03;2024-09-16;2024-10-16;2024-10-18;2024-11-11;2024-11-12;2024-11-18;2025-01-16;2025-02-06;2025-02-10;2025-03-06;2025-03-12;2025-03-21;2025-04-01;2025-04-08;2025-04-22;2025-06-14;2025-06-17;2025-09-04;2025-10-07;2025-10-08;2025-10-21;2025-10-23;2025-11-07
312,20261229,314,2024-08-20;2024-08-21;2024-08-22;2024-08-23;2024-08-24;2024-09-03;2024-09-16;2024-10-07;2024-10-08;2024-10-14;2024-10-16;2024-10-18;2024-10-24;2024-11-07;2024-11-11;2024-11-12;2024-11-15;2024-11-27;2025-01-16;2025-01-17;2025-02-03;2025-02-05;2025-02-06;2025-02-07;2025-02-10;2025-02-12;2025-02-25;2025-03-03;2025-03-05;2025-03-11;2025-03-12;2025-03-21;2025-03-26;2025-03-27;2025-03-28;2025-03-31;2025-04-01;2025-04-02;2025-04-07;2025-04-08;2025-04-09;2025-04-11;2025-04-15;2025-04-17;2025-04-18;2025-04-22;2025-04-24;2025-04-25;2025-04-28;2025-05-14;2025-05-16;2025-05-19;2025-05-22;2025-06-04;2025-06-11;2025-06-17;2025-06-20;2025-06-27;2025-06-30;2025-07-01;2025-07-03;2025-07-09;2025-07-15;2025-07-17;2025-07-18;2025-08-15;2025-08-18;2025-08-22;2025-09-04;2025-09-09;2025-09-10;2025-09-12;2025-09-16;2025-10-03;2025-10-06;2025-10-08;2025-11-06;2025-11-07,2024-08-27;2024-09-24;2024-10-01;2024-10-02;2024-10-10;2024-10-11;2024-10-15;2024-11-18;2024-12-09;2024-12-13;2025-01-27;2025-03-04;2025-03-06;2025-04-03;2025-04-16;2025-04-23;2025-05-20;2025-05-21;2025-06-05;2025-06-14;2025-06-26;2025-07-08;2025-09-05;2025-10-02;2025-10-07;2025-10-21;2025-10-23
313,20261230,315,2024-08-20;2024-08-22;2024-08-23;2024-08-27;2024-09-03;2024-09-16;2024-09-24;2024-10-02;2024-10-08;2024-10-10;2024-10-11;2024-10-16;2024-10-18;2024-10-24;2024-11-07;2024-11-11;2024-11-12;2024-11-27;2024-12-09;2024-12-13;2025-01-27;2025-02-03;2025-02-05;2025-02-07;2025-02-10;2025-02-12;2025-03-03;2025-03-06;2025-03-11;2025-03-12;2025-03-21;2025-03-26;2025-03-27;2025-03-28;2025-04-01;2025-04-02;2025-04-03;2025-04-07;2025-04-08;2025-04-09;2025-04-11;2025-04-15;2025-04-16;2025-04-17;2025-04-18;2025-04-23;2025-04-24;2025-04-28;2025-05-16;2025-05-20;2025-05-21;2025-06-04;2025-06-05;2025-06-14;2025-06-17;2025-06-26;2025-06-27;2025-07-01;2025-07-03;2025-07-08;2025-07-09;2025-07-15;2025-07-17;2025-07-18;2025-08-15;2025-08-18;2025-08-22;2025-09-05;2025-09-09;2025-09-10;2025-09-12;2025-10-02;2025-10-03;2025-10-06;2025-10-07;2025-10-21;2025-10-23;2025-11-06,2024-08-21;2024-08-24;2024-10-01;2024-10-07;2024-10-14;2024-10-15;2024-11-15;2024-11-18;2025-01-16;2025-01-17;2025-02-06;2025-02-25;2025-03-04;2025-03-05;2025-03-31;2025-04-22;2025-04-25;2025-05-14;2025-05-19;2025-05-22;2025-06-11;2025-06-20;2025-06-30;2025-09-04;2025-09-16;2025-10-08;2025-11-07
314,20261231,316,2024-08-21;2024-08-23;2024-08-24;2024-09-03;2024-09-24;2024-10-01;2024-10-07;2024-10-08;2024-10-10;2024-10-11;2024-10-14;2024-10-16;2024-10-18;2024-10-24;2024-11-07;2024-11-11;2024-11-12;2024-11-15;2024-11-27;2024-12-13;2025-01-16;2025-01-17;2025-01-27;2025-02-03;2025-02-05;2025-02-12;2025-02-25;2025-03-03;2025-03-04;2025-03-05;2025-03-06;2025-03-11;2025-03-12;2025-03-26;2025-03-27;2025-03-31;2025-04-01;2025-04-02;2025-04-03;2025-04-07;2025-04-08;2025-04-11;2025-04-15;2025-04-16;2025-04-18;2025-04-22;2025-04-23;2025-04-24;2025-04-25;2025-05-14;2025-05-16;2025-05-19;2025-05-20;2025-05-22;2025-06-04;2025-06-11;2025-06-17;2025-06-20;2025-06-26;2025-06-27;2025-06-30;2025-07-01;2025-07-03;2025-07-08;2025-07-15;2025-07-17;2025-08-15;2025-09-04;2025-09-05;2025-09-09;2025-09-10;2025-10-06;2025-10-07;2025-10-08;2025-10-21;2025-10-23;2025-11-06;2025-11-07,2024-08-20;2024-08-22;2024-08-27;2024-09-16;2024-10-02;2024-10-15;2024-11-18;2024-12-09;2025-02-06;2025-02-07;2025-02-10;2025-03-21;2025-03-28;2025-04-09;2025-04-17;2025-04-28;2025-05-21;2025-06-05;2025-06-14;2025-07-09;2025-07-18;2025-08-18;2025-08-22;2025-09-12;2025-09-16;2025-10-02;2025-10-03
315,20261232,317,2024-08-20;2024-08-22;2024-08-23;2024-08-24;2024-09-03;2024-09-24;2024-10-02;2024-10-07;2024-10-08;2024-10-10;2024-10-11;2024-10-14;2024-10-16;2024-10-18;2024-10-24;2024-11-07;2024-11-11;2024-11-12;2024-11-15;2024-11-18;2024-11-27;2024-12-09;2024-12-13;2025-01-16;2025-01-17;2025-01-27;2025-02-03;2025-02-05;2025-02-06;2025-02-07;2025-02-10;2025-02-12;2025-02-25;2025-03-03;2025-03-04;2025-03-05;2025-03-06;2025-03-11;2025-03-21;2025-03-26;2025-03-28;2025-04-01;2025-04-02;2025-04-08;2025-04-11;2025-04-15;2025-04-16;2025-04-18;2025-04-22;2025-04-24;2025-04-28;2025-05-21;2025-05-22;2025-06-05;2025-06-11;2025-06-17;2025-06-20;2025-06-26;2025-06-27;2025-06-30;2025-07-01;2025-07-08;2025-07-15;2025-07-17;2025-07-18;2025-08-15;2025-08-18;2025-08-22;2025-09-04;2025-09-05;2025-09-09;2025-09-10;2025-09-16;2025-10-03;2025-10-07;2025-10-08;2025-10-21;2025-11-06,2024-08-21;2024-08-27;2024-09-16;2024-10-01;2024-10-15;2025-03-12;2025-03-27;2025-03-31;2025-04-03;2025-04-07;2025-04-09;2025-04-17;2025-04-23;2025-04-25;2025-05-14;2025-05-16;2025-05-19;2025-05-20;2025-06-04;2025-06-14;2025-07-03;2025-07-09;2025-09-12;2025-10-02;2025-10-06;2025-10-23;2025-11-07
316,20261233,318,2024-08-20;2024-08-22;2024-08-23;2024-08-24;2024-08-27;2024-09-03;2024-09-24;2024-10-01;2024-10-07;2024-10-10;2024-10-11;2024-10-14;2024-10-15;2024-10-16;2024-10-18;2024-10-24;2024-11-11;2024-11-15;2024-11-18;2024-12-09;2025-01-17;2025-02-03;2025-02-06;2025-02-07;2025-02-12;2025-02-25;2025-03-03;2025-03-06;2025-03-11;2025-03-26;2025-03-27;2025-03-28;2025-03-31;2025-04-01;2025-04-02;2025-04-07;2025-04-08;2025-04-09;2025-04-11;2025-04-15;2025-04-16;2025-04-17;2025-04-22;2025-04-23;2025-04-24;2025-04-28;2025-05-14;2025-05-20;2025-05-21;2025-05-22;2025-06-05;2025-06-11;2025-06-14;2025-06-17;2025-06-20;2025-06-30;2025-07-01;2025-07-03;2025-07-08;2025-07-09;2025-07-17;2025-07-18;2025-08-15;2025-08-18;2025-08-22;2025-09-04;2025-09-05;2025-09-09;2025-09-10;2025-09-12;2025-10-02;2025-10-03;2025-10-06;2025-10-07;2025-10-08;2025-10-21;2025-11-06;2025-11-07,2024-08-21;2024-09-16;2024-10-02;2024-10-08;2024-11-07;2024-11-12;2024-11-27;2024-12-13;2025-01-16;2025-01-27;2025-02-05;2025-02-10;2025-03-04;2025-03-05;2025-03-12;2025-03-21;2025-04-03;2025-04-18;2025-04-25;2025-05-16;2025-05-19;2025-06-04;2025-06-26;2025-06-27;2025-07-15;2025-09-16;2025-10-23
317,20261234,319,2024-08-21;2024-08-27;2024-09-03;2024-09-16;2024-10-01;2024-10-07;2024-10-08;2024-10-10;2024-10-11;2024-10-14;2024-10-16;2024-10-18;2024-10-24;2024-11-11;2024-11-15;2024-11-27;2024-12-09;2025-01-16;2025-01-17;2025-01-27;2025-02-03;2025-02-05;2025-02-06;2025-02-10;2025-02-25;2025-03-03;2025-03-04;2025-03-05;2025-03-06;2025-03-11;2025-03-12;2025-03-21;2025-03-27;2025-03-31;2025-04-01;2025-04-02;2025-04-03;2025-04-07;2025-04-08;2025-04-09;2025-04-11;2025-04-15;2025-04-16;2025-04-17;2025-04-18;2025-04-22;2025-04-23;2025-04-24;2025-04-25;2025-05-14;2025-05-16;2025-05-20;2025-05-21;2025-05-22;2025-06-04;2025-06-05;2025-06-11;2025-06-14;2025-06-17;2025-07-01;2025-07-03;2025-07-15;2025-07-17;2025-07-18;2025-08-15;2025-08-22;2025-09-04;2025-09-05;2025-09-09;2025-09-10;2025-09-12;2025-09-16;2025-10-03;2025-10-08;2025-10-21;2025-10-23;2025-11-06;2025-11-07,2024-08-20;2024-08-22;2024-08-23;2024-08-24;2024-09-24;2024-10-02;2024-10-15;2024-11-07;2024-11-12;2024-11-18;2024-12-13;2025-02-07;2025-02-12;2025-03-26;2025-03-28;2025-04-28;2025-05-19;2025-06-20;2025-06-26;2025-06-27;2025-06-30;2025-07-08;2025-07-09;2025-08-18;2025-10-02;2025-10-06;2025-10-07
318,20261235,320,2024-08-20;2024-08-22;2024-08-23;2024-08-27;2024-09-03;2024-09-16;2024-09-24;2024-10-01;2024-10-02;2024-10-07;2024-10-08;2024-10-10;2024-10-11;2024-10-14;2024-10-16;2024-10-18;2024-11-11;2024-11-12;2024-11-15;2024-11-18;2024-12-09;2025-01-16;2025-01-17;2025-01-27;2025-02-03;2025-02-05;2025-02-07;2025-02-12;2025-02-25;2025-03-03;2025-03-05;2025-03-06;2025-03-12;2025-03-21;2025-03-26;2025-03-27;2025-03-28;2025-03-31;2025-04-01;2025-04-03;2025-04-07;2025-04-09;2025-04-11;2025-04-16;2025-04-23;2025-04-24;2025-04-25;2025-05-14;2025-05-16;2025-05-20;2025-05-21;2025-06-04;2025-06-11;2025-06-14;2025-06-17;2025-06-20;2025-06-26;2025-06-27;2025-06-30;2025-07-01;2025-07-03;2025-07-08;2025-07-17;2025-07-18;2025-08-18;2025-08-22;2025-09-04;2025-09-05;2025-09-09;2025-09-10;2025-09-12;2025-09-16;2025-10-02;2025-10-03;2025-10-06;2025-10-07;2025-10-08;2025-11-07,2024-08-21;2024-08-24;2024-10-15;2024-10-24;2024-11-07;2024-11-27;2024-12-13;2025-02-06;2025-02-10;2025-03-04;2025-03-11;2025-04-02;2025-04-08;2025-04-15;2025-04-17;2025-04-18;2025-04-22;2025-04-28;2025-05-19;2025-05-22;2025-06-05;2025-07-09;2025-07-15;2025-08-15;2025-10-21;2025-10-23;2025-11-06
319,20261236,321,2024-08-20;2024-08-21;2024-08-22;2024-08-23;2024-08-27;2024-09-03;2024-09-16;2024-09-24;2024-10-01;2024-10-02;2024-10-07;2024-10-08;2024-10-11;2024-10-14;2024-10-16;2024-10-18;2024-11-07;2024-11-11;2024-11-12;2024-11-18;2024-11-27;2024-12-09;2024-12-13;2025-01-16;2025-01-17;2025-02-06;2025-02-07;2025-02-10;2025-02-12;2025-03-03;2025-03-04;2025-03-05;2025-03-11;2025-03-12;2025-03-21;2025-03-31;2025-04-03;2025-04-07;2025-04-08;2025-04-09;2025-04-11;2025-04-15;2025-04-16;2025-04-17;2025-04-18;2025-04-22;2025-04-23;2025-04-25;2025-04-28;2025-05-16;2025-05-20;2025-05-21;2025-06-04;2025-06-05;2025-06-14;2025-06-17;2025-06-20;2025-06-26;2025-06-27;2025-07-01;2025-07-08;2025-07-09;2025-07-15;2025-07-17;2025-07-18;2025-08-18;2025-08-22;2025-09-04;2025-09-05;2025-09-10;2025-09-12;2025-09-16;2025-10-02;2025-10-03;2025-10-08;2025-10-21;2025-11-06;2025-11-07,2024-08-24;2024-10-10;2024-10-15;2024-10-24;2024-11-15;2025-01-27;2025-02-03;2025-02-05;2025-02-25;2025-03-06;2025-03-26;2025-03-27;2025-03-28;2025-04-01;2025-04-02;2025-04-24;2025-05-14;2025-05-19;2025-05-22;2025-06-11;2025-06-30;2025-07-03;2025-08-15;2025-09-09;2025-10-06;2025-10-07;2025-10-23
320,20261237,322,2024-08-21;2024-08-22;2024-08-23;2024-08-24;2024-09-03;2024-09-16;2024-09-24;2024-10-01;2024-10-02;2024-10-07;2024-10-08;2024-10-11;2024-10-14;2024-10-15;2024-10-16;2024-10-24;2024-11-07;2024-11-11;2024-11-12;2024-11-15;2024-11-18;2024-12-09;2024-12-13;2025-01-16;2025-01-27;2025-02-03;2025-02-07;2025-02-10;2025-02-12;2025-03-03;2025-03-11;2025-03-12;2025-03-21;2025-03-26;2025-03-27;2025-03-28;2025-03-31;2025-04-01;2025-04-03;2025-04-08;2025-04-09;2025-04-11;2025-04-15;2025-04-16;2025-04-17;2025-04-18;2025-04-22;2025-04-24;2025-04-25;2025-05-14;2025-05-16;2025-05-19;2025-05-20;2025-05-21;2025-05-22;2025-06-04;2025-06-05;2025-06-11;2025-06-14;2025-06-20;2025-06-27;2025-06-30;2025-07-01;2025-07-03;2025-07-08;2025-08-15;2025-08-22;2025-09-05;2025-09-09;2025-09-10;2025-09-16;2025-10-02;2025-10-03;2025-10-06;2025-10-07;2025-10-08;2025-11-06;2025-11-07,2024-08-20;2024-08-27;2024-10-10;2024-10-18;2024-11-27;2025-01-17;2025-02-05;2025-02-06;2025-02-25;2025-03-04;2025-03-05;2025-03-06;2025-04-02;2025-04-07;2025-04-23;2025-04-28;2025-06-17;2025-06-26;2025-07-09;2025-07-15;2025-07-17;2025-07-18;2025-08-18;2025-09-04;2025-09-12;2025-10-21;2025-10-23
321,20261238,323,2024-08-21;2024-08-22;2024-08-24;2024-08-27;2024-09-16;2024-09-24;2024-10-01;2024-10-02;2024-10-07;2024-10-08;2024-10-14;2024-10-15;2024-10-16;2024-10-18;2024-11-07;2024-11-11;2024-11-12;2024-11-15;2024-11-18;2024-11-27;2024-12-09;2025-01-27;2025-02-03;2025-02-05;2025-02-06;2025-02-07;2025-02-10;2025-02-12;2025-02-25;2025-03-03;2025-03-04;2025-03-05;2025-03-06;2025-03-12;2025-03-21;2025-03-28;2025-03-31;2025-04-01;2025-04-03;2025-04-07;2025-04-08;2025-04-09;2025-04-11;2025-04-15;2025-04-17;2025-04-18;2025-04-22;2025-04-24;2025-04-25;2025-04-28;2025-05-14;2025-05-20;2025-05-22;2025-06-04;2025-06-05;2025-06-11;2025-06-14;2025-06-20;2025-06-27;2025-06-30;2025-07-01;2025-07-03;2025-07-09;2025-07-15;2025-07-17;2025-08-15;2025-08-18;2025-09-05;2025-09-09;2025-09-10;2025-09-12;2025-10-06;2025-10-07;2025-10-08;2025-10-21;2025-10-23;2025-11-06;2025-11-07,2024-08-20;2024-08-23;2024-09-03;2024-10-10;2024-10-11;2024-10-24;2024-12-13;2025-01-16;2025-01-17;2025-03-11;2025-03-26;2025-03-27;2025-04-02;2025-04-16;2025-04-23;2025-05-16;2025-05-19;2025-05-21;2025-06-17;2025-06-26;2025-07-08;2025-07-18;2025-08-22;2025-09-04;2025-09-16;2025-10-02;2025-10-03
322,20261239,324,2024-08-20;2024-08-21;2024-08-22;2024-08-23;2024-08-27;2024-09-03;2024-09-16;2024-09-24;2024-10-01;2024-10-02;2024-10-07;2024-10-10;2024-10-11;2024-10-14;2024-10-15;2024-10-18;2024-11-07;2024-11-11;2024-11-12;2024-11-27;2024-12-09;2024-12-13;2025-01-16;2025-01-17;2025-01-27;2025-02-06;2025-02-07;2025-02-10;2025-02-12;2025-03-03;2025-03-04;2025-03-12;2025-03-21;2025-03-28;2025-03-31;2025-04-01;2025-04-03;2025-04-07;2025-04-09;2025-04-11;2025-04-15;2025-04-16;2025-04-17;2025-04-18;2025-04-22;2025-04-23;2025-04-25;2025-04-28;2025-05-16;2025-05-20;2025-05-21;2025-05-22;2025-06-04;2025-06-05;2025-06-11;2025-06-14;2025-06-20;2025-06-26;2025-06-27;2025-07-03;2025-07-08;2025-07-09;2025-07-15;2025-07-17;2025-08-15;2025-09-04;2025-09-05;2025-09-09;2025-09-10;2025-09-12;2025-10-02;2025-10-03;2025-10-07;2025-10-08;2025-10-21;2025-10-23;2025-11-06;2025-11-07,2024-08-24;2024-10-08;2024-10-16;2024-10-24;2024-11-15;2024-11-18;2025-02-03;2025-02-05;2025-02-25;2025-03-05;2025-03-06;2025-03-11;2025-03-26;2025-03-27;2025-04-02;2025-04-08;2025-04-24;2025-05-14;2025-05-19;2025-06-17;2025-06-30;2025-07-01;2025-07-18;2025-08-18;2025-08-22;2025-09-16;2025-10-06
323,20261240,325,2024-08-20;2024-08-21;2024-08-22;2024-08-23;2024-08-24;2024-08-27;2024-09-03;2024-09-16;2024-09-24;2024-10-07;2024-10-08;2024-10-10;2024-10-11;2024-10-14;2024-10-15;2024-10-16;2024-10-18;2024-10-24;2024-11-07;2024-11-15;2024-12-09;2025-02-03;2025-02-05;2025-02-06;2025-02-07;2025-02-10;2025-02-12;2025-02-25;2025-03-04;2025-03-05;2025-03-06;2025-03-11;2025-03-21;2025-03-26;2025-03-27;2025-03-28;2025-03-31;2025-04-01;2025-04-02;2025-04-03;2025-04-07;2025-04-08;2025-04-09;2025-04-11;2025-04-16;2025-04-17;2025-04-18;2025-04-22;2025-04-24;2025-04-25;2025-04-28;2025-05-14;2025-05-16;2025-05-21;2025-05-22;2025-06-04;2025-06-17;2025-06-27;2025-06-30;2025-07-01;2025-07-03;2025-07-08;2025-07-09;2025-07-15;2025-07-18;2025-08-15;2025-08-18;2025-08-22;2025-09-04;2025-09-05;2025-09-10;2025-09-12;2025-09-16;2025-10-06;2025-10-07;2025-10-08;2025-11-06;2025-11-07,2024-10-01;2024-10-02;2024-11-11;2024-11-12;2024-11-18;2024-11-27;2024-12-13;2025-01-16;2025-01-17;2025-01-27;2025-03-03;2025-03-12;2025-04-15;2025-04-23;2025-05-19;2025-05-20;2025-06-05;2025-06-11;2025-06-14;2025-06-20;2025-06-26;2025-07-17;2025-09-09;2025-10-02;2025-10-03;2025-10-21;2025-10-23
324,20261241,326,2024-08-21;2024-08-22;2024-08-24;2024-08-27;2024-09-03;2024-09-16;2024-09-24;2024-10-02;2024-10-07;2024-10-10;2024-10-14;2024-10-16;2024-10-18;2024-10-24;2024-11-07;2024-11-11;2024-11-12;2024-11-15;2024-11-27;2024-12-13;2025-01-16;2025-01-17;2025-01-27;2025-02-03;2025-02-05;2025-02-06;2025-02-07;2025-02-12;2025-02-25;2025-03-03;2025-03-06;2025-03-11;2025-03-12;2025-03-21;2025-03-26;2025-03-27;2025-03-28;2025-04-02;2025-04-03;2025-04-07;2025-04-08;2025-04-11;2025-04-16;2025-04-17;2025-04-18;2025-04-22;2025-04-25;2025-04-28;2025-05-14;2025-05-16;2025-05-19;2025-05-20;2025-05-22;2025-06-05;2025-06-11;2025-06-14;2025-06-17;2025-06-20;2025-06-26;2025-06-30;2025-07-03;2025-07-08;2025-07-09;2025-07-15;2025-07-17;2025-08-18;2025-08-22;2025-09-05;2025-09-09;2025-09-12;2025-10-02;2025-10-03;2025-10-06;2025-10-08;2025-10-21;2025-10-23;2025-11-06;2025-11-07,2024-08-20;2024-08-23;2024-10-01;2024-10-08;2024-10-11;2024-10-15;2024-11-18;2024-12-09;2025-02-10;2025-03-04;2025-03-05;2025-03-31;2025-04-01;2025-04-09;2025-04-15;2025-04-23;2025-04-24;2025-05-21;2025-06-04;2025-06-27;2025-07-01;2025-07-18;2025-08-15;2025-09-04;2025-09-10;2025-09-16;2025-10-07
325,20261242,327,2024-08-21;2024-08-22;2024-08-23;2024-08-24;2024-08-27;2024-09-24;2024-10-02;2024-10-07;2024-10-08;2024-10-11;2024-10-14;2024-10-15;2024-10-16;2024-10-24;2024-11-11;2024-11-12;2024-11-15;2024-11-27;2025-01-16;2025-01-17;2025-01-27;2025-02-03;2025-02-05;2025-02-06;2025-02-10;2025-02-12;2025-02-25;2025-03-03;2025-03-06;2025-03-11;2025-03-12;2025-03-21;2025-03-26;2025-03-27;2025-03-28;2025-03-31;2025-04-01;2025-04-03;2025-04-09;2025-04-15;2025-04-16;2025-04-24;2025-04-25;2025-04-28;2025-05-14;2025-05-16;2025-05-19;2025-05-20;2025-05-21;2025-06-04;2025-06-05;2025-06-11;2025-06-14;2025-06-20;2025-06-26;2025-06-27;2025-06-30;2025-07-01;2025-07-03;2025-07-08;2025-07-09;2025-07-17;2025-07-18;2025-08-15;2025-08-18;2025-08-22;2025-09-05;2025-09-10;2025-09-12;2025-09-16;2025-10-02;2025-10-03;2025-10-06;2025-10-07;2025-10-08;2025-10-21;2025-10-23;2025-11-07,2024-08-20;2024-09-03;2024-09-16;2024-10-01;2024-10-10;2024-10-18;2024-11-07;2024-11-18;2024-12-09;2024-12-13;2025-02-07;2025-03-04;2025-03-05;2025-04-02;2025-04-07;2025-04-08;2025-04-11;2025-04-17;2025-04-18;2025-04-22;2025-04-23;2025-05-22;2025-06-17;2025-07-15;2025-09-04;2025-09-09;2025-11-06
326,20261243,328,2024-08-20;2024-08-21;2024-08-22;2024-08-23;2024-08-24;2024-08-27;2024-09-03;2024-09-16;2024-10-01;2024-10-02;2024-10-07;2024-10-11;2024-10-14;2024-10-18;2024-10-24;2024-11-11;2024-11-12;2024-11-15;2024-11-18;2024-11-27;2024-12-13;2025-01-16;2025-01-17;2025-01-27;2025-02-05;2025-02-06;2025-02-10;2025-02-25;2025-03-03;2025-03-04;2025-03-05;2025-03-12;2025-03-21;2025-03-26;2025-03-28;2025-03-31;2025-04-01;2025-04-02;2025-04-03;2025-04-09;2025-04-11;2025-04-15;2025-04-16;2025-04-17;2025-04-22;2025-04-24;2025-04-25;2025-05-16;2025-05-19;2025-05-21;2025-06-04;2025-06-11;2025-06-14;2025-06-17;2025-06-26;2025-06-27;2025-07-01;2025-07-03;2025-07-08;2025-07-09;2025-07-15;2025-07-17;2025-07-18;2025-08-15;2025-08-18;2025-08-22;2025-09-05;2025-09-09;2025-09-10;2025-09-12;2025-10-02;2025-10-03;2025-10-06;2025-10-07;2025-10-08;2025-10-21;2025-11-06;2025-11-07,2024-09-24;2024-10-08;2024-10-10;2024-10-15;2024-10-16;2024-11-07;2024-12-09;2025-02-03;2025-02-07;2025-02-12;2025-03-06;2025-03-11;2025-03-27;2025-04-07;2025-04-08;2025-04-18;2025-04-23;2025-04-28;2025-05-14;2025-05-20;2025-05-22;2025-06-05;2025-06-20;2025-06-30;2025-09-04;2025-09-16;2025-10-23
327,20261244,329,2024-08-20;2024-08-21;2024-08-24;2024-08-27;2024-09-16;2024-09-24;2024-10-02;2024-10-08;2024-10-11;2024-10-15;2024-10-16;2024-10-18;2024-11-07;2024-11-12;2024-11-15;2024-11-27;2024-12-13;2025-01-16;2025-02-03;2025-02-06;2025-02-07;2025-02-10;2025-02-12;2025-02-25;2025-03-04;2025-03-05;2025-03-11;2025-03-12;2025-03-21;2025-03-26;2025-03-27;2025-03-28;2025-03-31;2025-04-01;2025-04-02;2025-04-03;2025-04-07;2025-04-08;2025-04-09;2025-04-15;2025-04-17;2025-04-18;2025-04-24;2025-04-25;2025-04-28;2025-05-14;2025-05-16;2025-05-19;2025-05-20;2025-05-21;2025-06-04;2025-06-05;2025-06-11;2025-06-14;2025-06-17;2025-06-20;2025-06-26;2025-06-27;2025-07-01;2025-07-03;2025-07-08;2025-07-15;2025-07-17;2025-07-18;2025-08-15;2025-08-18;2025-08-22;2025-09-05;2025-09-09;2025-09-10;2025-09-12;2025-09-16;2025-10-02;2025-10-03;2025-10-06;2025-10-07;2025-10-08;2025-11-06,2024-08-22;2024-08-23;2024-09-03;2024-10-01;2024-10-07;2024-10-10;2024-10-14;2024-10-24;2024-11-11;2024-11-18;2024-12-09;2025-01-17;2025-01-27;2025-02-05;2025-03-03;2025-03-06;2025-04-11;2025-04-16;2025-04-22;2025-04-23;2025-05-22;2025-06-30;2025-07-09;2025-09-04;2025-10-21;2025-10-23;2025-11-07
328,20261245,330,2024-08-21;2024-08-22;2024-08-23;2024-08-24;2024-08-27;2024-09-03;2024-10-01;2024-10-07;2024-10-10;2024-10-11;2024-10-14;2024-10-15;2024-10-16;2024-10-24;2024-11-07;2024-11-12;2024-11-18;2024-11-27;2024-12-09;2024-12-13;2025-01-16;2025-01-17;2025-01-27;2025-02-03;2025-02-05;2025-02-07;2025-02-12;2025-02-25;2025-03-03;2025-03-04;2025-03-05;2025-03-06;2025-03-11;2025-03-12;2025-03-21;2025-03-26;2025-03-27;2025-03-31;2025-04-03;2025-04-07;2025-04-09;2025-04-16;2025-04-18;2025-04-22;2025-04-25;2025-04-28;2025-05-14;2025-05-16;2025-05-19;2025-05-20;2025-05-21;2025-05-22;2025-06-04;2025-06-05;2025-06-11;2025-06-20;2025-06-26;2025-06-30;2025-07-01;2025-07-03;2025-07-08;2025-07-15;2025-07-17;2025-07-18;2025-08-18;2025-09-04;2025-09-05;2025-09-09;2025-09-10;2025-09-12;2025-09-16;2025-10-02;2025-10-03;2025-10-06;2025-10-07;2025-10-21;2025-10-23;2025-11-07,2024-08-20;2024-09-16;2024-09-24;2024-10-02;2024-10-08;2024-10-18;2024-11-11;2024-11-15;2025-02-06;2025-02-10;2025-03-28;2025-04-01;2025-04-02;2025-04-08;2025-04-11;2025-04-15;2025-04-17;2025-04-23;2025-04-24;2025-06-14;2025-06-17;2025-06-27;2025-07-09;2025-08-15;2025-08-22;2025-10-08;2025-11-06
329,20261246,331,2024-08-20;2024-08-22;2024-08-23;2024-08-24;2024-08-27;2024-09-03;2024-09-16;2024-09-24;2024-10-01;2024-10-02;2024-10-07;2024-10-08;2024-10-10;2024-10-11;2024-10-16;2024-10-24;2024-11-07;2024-11-11;2024-11-27;2024-12-09;2024-12-13;2025-01-16;2025-01-27;2025-02-03;2025-02-05;2025-02-06;2025-02-07;2025-02-12;2025-03-04;2025-03-06;2025-03-11;2025-03-12;2025-03-26;2025-03-28;2025-03-31;2025-04-01;2025-04-02;2025-04-07;2025-04-08;2025-04-11;2025-04-15;2025-04-16;2025-04-17;2025-04-18;2025-04-24;2025-04-25;2025-04-28;2025-05-14;2025-05-16;2025-05-19;2025-05-20;2025-05-21;2025-05-22;2025-06-05;2025-06-11;2025-06-14;2025-06-17;2025-06-26;2025-06-27;2025-06-30;2025-07-01;2025-07-08;2025-07-15;2025-07-17;2025-07-18;2025-08-15;2025-08-18;2025-08-22;2025-09-05;2025-09-09;2025-09-10;2025-09-12;2025-10-03;2025-10-06;2025-10-21;2025-10-23;2025-11-06;2025-11-07,2024-08-21;2024-10-14;2024-10-15;2024-10-18;2024-11-12;2024-11-15;2024-11-18;2025-01-17;2025-02-10;2025-02-25;2025-03-03;2025-03-05;2025-03-21;2025-03-27;2025-04-03;2025-04-09;2025-04-22;2025-04-23;2025-06-04;2025-06-20;2025-07-03;2025-07-09;2025-09-04;2025-09-16;2025-10-02;2025-10-07;2025-10-08
330,20261247,332,2024-08-20;2024-08-21;2024-08-22;2024-08-23;2024-08-24;2024-08-27;2024-09-03;2024-09-16;2024-09-24;2024-10-01;2024-10-08;2024-10-11;2024-10-14;2024-10-15;2024-10-16;2024-10-18;2024-11-12;2024-11-18;2024-11-27;2024-12-09;2024-12-13;2025-01-16;2025-02-03;2025-02-05;2025-02-07;2025-02-10;2025-02-12;2025-02-25;2025-03-03;2025-03-04;2025-03-05;2025-03-06;2025-03-11;2025-03-21;2025-03-26;2025-03-27;2025-03-28;2025-04-03;2025-04-07;2025-04-08;2025-04-09;2025-04-11;2025-04-15;2025-04-16;2025-04-17;2025-04-18;2025-04-23;2025-04-24;2025-04-25;2025-04-28;2025-05-19;2025-05-20;2025-05-21;2025-05-22;2025-06-04;2025-06-05;2025-06-14;2025-06-17;2025-06-20;2025-06-26;2025-07-01;2025-07-09;2025-07-18;2025-08-15;2025-08-18;2025-08-22;2025-09-05;2025-09-09;2025-09-10;2025-09-12;2025-09-16;2025-10-02;2025-10-06;2025-10-07;2025-10-08;2025-10-21;2025-10-23;2025-11-07,2024-10-02;2024-10-07;2024-10-10;2024-10-24;2024-11-07;2024-11-11;2024-11-15;2025-01-17;2025-01-27;2025-02-06;2025-03-12;2025-03-31;2025-04-01;2025-04-02;2025-04-22;2025-05-14;2025-05-16;2025-06-11;2025-06-27;2025-06-30;2025-07-03;2025-07-08;2025-07-15;2025-07-17;2025-09-04;2025-10-03;2025-11-06
331,20261248,333,2024-08-22;2024-08-24;2024-08-27;2024-09-03;2024-09-24;2024-10-07;2024-10-08;2024-10-10;2024-10-14;2024-10-15;2024-10-16;2024-10-18;2024-11-07;2024-11-12;2024-11-15;2024-11-18;2024-11-27;2024-12-09;2025-01-16;2025-01-17;2025-01-27;2025-02-03;2025-02-06;2025-02-07;2025-02-10;2025-02-12;2025-02-25;2025-03-03;2025-03-05;2025-03-06;2025-03-11;2025-03-12;2025-03-21;2025-03-26;2025-03-27;2025-03-28;2025-03-31;2025-04-01;2025-04-02;2025-04-08;2025-04-16;2025-04-18;2025-04-23;2025-04-24;2025-04-25;2025-04-28;2025-05-14;2025-05-16;2025-05-19;2025-05-20;2025-05-22;2025-06-04;2025-06-05;2025-06-11;2025-06-14;2025-06-17;2025-06-26;2025-06-30;2025-07-01;2025-07-03;2025-07-08;2025-07-15;2025-07-17;2025-07-18;2025-08-18;2025-08-22;2025-09-04;2025-09-05;2025-09-09;2025-09-10;2025-09-12;2025-10-02;2025-10-03;2025-10-06;2025-10-07;2025-10-08;2025-10-23;2025-11-07,2024-08-20;2024-08-21;2024-08-23;2024-09-16;2024-10-01;2024-10-02;2024-10-11;2024-10-24;2024-11-11;2024-12-13;2025-02-05;2025-03-04;2025-04-03;2025-04-07;2025-04-09;2025-04-11;2025-04-15;2025-04-17;2025-04-22;2025-05-21;2025-06-20;2025-06-27;2025-07-09;2025-08-15;2025-09-16;2025-10-21;2025-11-06
332,20261249,334,2024-08-20;2024-08-21;2024-08-22;2024-08-24;2024-08-27;2024-09-03;2024-09-16;2024-09-24;2024-10-02;2024-10-07;2024-10-08;2024-10-10;2024-10-14;2024-10-16;2024-10-18;2024-10-24;2024-11-07;2024-11-11;2024-11-18;2024-11-27;2024-12-09;2025-01-16;2025-01-17;2025-01-27;2025-02-03;2025-02-05;2025-02-06;2025-02-07;2025-02-12;2025-02-25;2025-03-04;2025-03-06;2025-03-11;2025-03-26;2025-03-27;2025-03-31;2025-04-02;2025-04-07;2025-04-08;2025-04-15;2025-04-17;2025-04-22;2025-04-23;2025-04-24;2025-04-25;2025-04-28;2025-05-14;2025-05-19;2025-05-22;2025-06-04;2025-06-05;2025-06-11;2025-06-14;2025-06-17;2025-06-26;2025-06-30;2025-07-01;2025-07-03;2025-07-08;2025-07-09;2025-07-15;2025-07-17;2025-07-18;2025-08-18;2025-08-22;2025-09-04;2025-09-05;2025-09-09;2025-09-10;2025-09-12;2025-09-16;2025-10-02;2025-10-03;2025-10-06;2025-10-07;2025-10-08;2025-10-23;2025-11-06,2024-08-23;2024-10-01;2024-10-11;2024-10-15;2024-11-12;2024-11-15;2024-12-13;2025-02-10;2025-03-03;2025-03-05;2025-03-12;2025-03-21;2025-03-28;2025-04-01;2025-04-03;2025-04-09;2025-04-11;2025-04-16;2025-04-18;2025-05-16;2025-05-20;2025-05-21;2025-06-20;2025-06-27;2025-08-15;2025-10-21;2025-11-07
333,20261250,335,2024-08-21;2024-08-22;2024-08-23;2024-08-24;2024-08-27;2024-09-03;2024-10-01;2024-10-02;2024-10-07;2024-10-08;2024-10-11;2024-10-14;2024-10-15;2024-10-16;2024-10-18;2024-10-24;2024-11-07;2024-11-11;2024-11-12;2024-11-15;2024-11-18;2024-11-27;2024-12-09;2024-12-13;2025-01-17;2025-01-27;2025-02-03;2025-02-05;2025-02-06;2025-02-07;2025-02-10;2025-02-12;2025-02-25;2025-03-03;2025-03-04;2025-03-05;2025-03-11;2025-03-21;2025-03-26;2025-03-27;2025-04-01;2025-04-07;2025-04-15;2025-04-16;2025-04-17;2025-04-18;2025-04-23;2025-04-24;2025-04-28;2025-05-14;2025-05-16;2025-05-19;2025-05-20;2025-05-21;2025-06-04;2025-06-05;2025-06-11;2025-06-17;2025-06-26;2025-06-27;2025-06-30;2025-07-03;2025-07-08;2025-07-15;2025-07-17;2025-07-18;2025-08-18;2025-09-05;2025-09-09;2025-09-10;2025-09-12;2025-09-16;2025-10-03;2025-10-06;2025-10-07;2025-10-08;2025-10-21;2025-10-23,2024-08-20;2024-09-16;2024-09-24;2024-10-10;2025-01-16;2025-03-06;2025-03-12;2025-03-28;2025-03-31;2025-04-02;2025-04-03;2025-04-08;2025-04-09;2025-04-11;2025-04-22;2025-04-25;2025-05-22;2025-06-14;2025-06-20;2025-07-01;2025-07-09;2025-08-15;2025-08-22;2025-09-04;2025-10-02;2025-11-06;2025-11-07
334,20261251,336,2024-08-21;2024-08-22;2024-08-23;2024-08-24;2024-08-27;2024-09-03;2024-09-24;2024-10-01;2024-10-02;2024-10-10;2024-10-11;2024-10-14;2024-10-15;2024-10-16;2024-10-18;2024-10-24;2024-11-07;2024-11-15;2024-11-27;2024-12-13;2025-01-16;2025-01-17;2025-01-27;2025-02-03;2025-02-05;2025-02-07;2025-02-10;2025-02-12;2025-02-25;2025-03-03;2025-03-04;2025-03-05;2025-03-06;2025-03-11;2025-03-12;2025-03-21;2025-03-26;2025-03-28;2025-04-02;2025-04-03;2025-04-07;2025-04-09;2025-04-11;2025-04-15;2025-04-16;2025-04-17;2025-04-18;2025-04-22;2025-04-23;2025-04-25;2025-05-14;2025-05-19;2025-05-21;2025-06-14;2025-06-20;2025-06-27;2025-06-30;2025-07-01;2025-07-08;2025-07-09;2025-07-15;2025-07-18;2025-08-15;2025-08-18;2025-08-22;2025-09-04;2025-09-05;2025-09-09;2025-09-10;2025-09-12;2025-09-16;2025-10-02;2025-10-06;2025-10-07;2025-10-08;2025-10-21;2025-10-23;2025-11-06,2024-08-20;2024-09-16;2024-10-07;2024-10-08;2024-11-11;2024-11-12;2024-11-18;2024-12-09;2025-02-06;2025-03-27;2025-03-31;2025-04-01;2025-04-08;2025-04-24;2025-04-28;2025-05-16;2025-05-20;2025-05-22;2025-06-04;2025-06-05;2025-06-11;2025-06-17;2025-06-26;2025-07-03;2025-07-17;2025-10-03;2025-11-07
335,20261252,337,2024-08-20;2024-08-21;2024-08-22;2024-08-23;2024-08-24;2024-08-27;2024-09-03;2024-09-16;2024-09-24;2024-10-01;2024-10-02;2024-10-07;2024-10-08;2024-10-11;2024-10-15;2024-10-16;2024-10-18;2024-11-12;2024-11-15;2024-11-18;2024-11-27;2024-12-09;2025-01-27;2025-02-03;2025-02-05;2025-02-07;2025-02-10;2025-02-12;2025-02-25;2025-03-03;2025-03-05;2025-03-06;2025-03-12;2025-03-26;2025-03-27;2025-03-28;2025-03-31;2025-04-01;2025-04-02;2025-04-08;2025-04-09;2025-04-11;2025-04-15;2025-04-16;2025-04-17;2025-04-22;2025-04-24;2025-04-28;2025-05-14;2025-05-16;2025-05-19;2025-05-20;2025-05-21;2025-05-22;2025-06-04;2025-06-05;2025-06-11;2025-06-14;2025-06-20;2025-06-26;2025-06-27;2025-06-30;2025-07-01;2025-07-08;2025-07-09;2025-07-15;2025-07-17;2025-07-18;2025-08-15;2025-09-04;2025-09-05;2025-09-09;2025-09-10;2025-09-16;2025-10-02;2025-10-06;2025-10-07;2025-10-21,2024-10-10;2024-10-14;2024-10-24;2024-11-07;2024-11-11;2024-12-13;2025-01-16;2025-01-17;2025-02-06;2025-03-04;2025-03-11;2025-03-21;2025-04-03;2025-04-07;2025-04-18;2025-04-23;2025-04-25;2025-06-17;2025-07-03;2025-08-18;2025-08-22;2025-09-12;2025-10-03;2025-10-08;2025-10-23;2025-11-06;2025-11-07
336,20261253,338,2024-08-20;2024-08-21;2024-08-23;2024-08-24;2024-08-27;2024-09-03;2024-09-16;2024-09-24;2024-10-01;2024-10-08;2024-10-10;2024-10-11;2024-10-14;2024-10-15;2024-10-16;2024-10-18;2024-10-24;2024-11-15;2024-12-09;2024-12-13;2025-01-16;2025-01-17;2025-01-27;2025-02-03;2025-02-05;2025-02-10;2025-02-12;2025-02-25;2025-03-03;2025-03-04;2025-03-05;2025-03-06;2025-03-12;2025-03-21;2025-03-26;2025-03-28;2025-03-31;2025-04-02;2025-04-03;2025-04-07;2025-04-08;2025-04-15;2025-04-16;2025-04-17;2025-04-23;2025-04-24;2025-04-25;2025-05-14;2025-05-20;2025-05-21;2025-05-22;2025-06-04;2025-06-05;2025-06-11;2025-06-14;2025-06-17;2025-06-20;2025-06-27;2025-06-30;2025-07-01;2025-07-03;2025-07-09;2025-07-17;2025-08-15;2025-09-04;2025-09-05;2025-09-09;2025-09-10;2025-09-12;2025-09-16;2025-10-02;2025-10-03;2025-10-06;2025-10-07;2025-10-21;2025-10-23;2025-11-06;2025-11-07,2024-08-22;2024-10-02;2024-10-07;2024-11-07;2024-11-11;2024-11-12;2024-11-18;2024-11-27;2025-02-06;2025-02-07;2025-03-11;2025-03-27;2025-04-01;2025-04-09;2025-04-11;2025-04-18;2025-04-22;2025-04-28;2025-05-16;2025-05-19;2025-06-26;2025-07-08;2025-07-15;2025-07-18;2025-08-18;2025-08-22;2025-10-08
337,20261254,339,2024-08-20;2024-08-23;2024-08-24;2024-08-27;2024-09-03;2024-09-16;2024-09-24;2024-10-02;2024-10-07;2024-10-08;2024-10-10;2024-10-11;2024-10-14;2024-10-15;2024-10-24;2024-11-07;2024-11-12;2024-11-15;2024-11-18;2024-11-27;2024-12-09;2025-01-16;2025-01-27;2025-02-03;2025-02-06;2025-02-07;2025-02-10;2025-02-12;2025-02-25;2025-03-05;2025-03-06;2025-03-11;2025-03-21;2025-03-26;2025-03-27;2025-03-28;2025-03-31;2025-04-01;2025-04-02;2025-04-03;2025-04-07;2025-04-09;2025-04-11;2025-04-16;2025-04-18;2025-04-22;2025-04-23;2025-04-25;2025-05-19;2025-05-20;2025-05-22;2025-06-04;2025-06-05;2025-06-11;2025-06-14;2025-06-17;2025-06-26;2025-06-27;2025-06-30;2025-07-01;2025-07-03;2025-07-08;2025-07-09;2025-07-17;2025-07-18;2025-08-18;2025-08-22;2025-09-04;2025-09-05;2025-09-09;2025-09-10;2025-09-12;2025-10-02;2025-10-06;2025-10-07;2025-10-08;2025-10-21;2025-11-07,2024-08-21;2024-08-22;2024-10-01;2024-10-16;2024-10-18;2024-11-11;2024-12-13;2025-01-17;2025-02-05;2025-03-03;2025-03-04;2025-03-12;2025-04-08;2025-04-15;2025-04-17;2025-04-24;2025-04-28;2025-05-14;2025-05-16;2025-05-21;2025-06-20;2025-07-15;2025-08-15;2025-09-16;2025-10-03;2025-10-23;2025-11-06
338,20261255,340,2024-08-20;2024-08-21;2024-08-22;2024-08-24;2024-08-27;2024-09-16;2024-09-24;2024-10-01;2024-10-07;2024-10-10;2024-10-11;2024-10-14;2024-10-15;2024-10-16;2024-10-18;2024-10-24;2024-11-07;2024-11-11;2024-11-15;2024-11-18;2024-11-27;2024-12-09;2024-12-13;2025-01-16;2025-01-17;2025-01-27;2025-02-03;2025-02-06;2025-02-12;2025-02-25;2025-03-03;2025-03-04;2025-03-11;2025-03-12;2025-03-26;2025-03-28;2025-03-31;2025-04-02;2025-04-07;2025-04-11;2025-04-16;2025-04-17;2025-04-22;2025-04-23;2025-04-24;2025-04-25;2025-04-28;2025-05-14;2025-05-16;2025-05-19;2025-05-21;2025-05-22;2025-06-04;2025-06-05;2025-06-11;2025-06-14;2025-06-17;2025-06-20;2025-06-27;2025-06-30;2025-07-01;2025-07-03;2025-07-08;2025-07-09;2025-07-15;2025-07-17;2025-08-18;2025-09-04;2025-09-09;2025-09-10;2025-09-12;2025-10-03;2025-10-06;2025-10-07;2025-10-21;2025-10-23;2025-11-06;2025-11-07,2024-08-23;2024-09-03;2024-10-02;2024-10-08;2024-11-12;2025-02-05;2025-02-07;2025-02-10;2025-03-05;2025-03-06;2025-03-21;2025-03-27;2025-04-01;2025-04-03;2025-04-08;2025-04-09;2025-04-15;2025-04-18;2025-05-20;2025-06-26;2025-07-18;2025-08-15;2025-08-22;2025-09-05;2025-09-16;2025-10-02;2025-10-08
339,20261256,341,2024-08-20;2024-08-21;2024-08-22;2024-08-23;2024-08-24;2024-09-03;2024-09-16;2024-09-24;2024-10-01;2024-10-02;2024-10-07;2024-10-10;2024-10-11;2024-10-14;2024-10-18;2024-11-07;2024-11-12;2024-11-18;2024-11-27;2024-12-09;2024-12-13;2025-01-16;2025-01-17;2025-02-03;2025-02-10;2025-02-25;2025-03-03;2025-03-04;2025-03-06;2025-03-21;2025-03-26;2025-03-27;2025-03-28;2025-04-01;2025-04-02;2025-04-03;2025-04-09;2025-04-15;2025-04-16;2025-04-17;2025-04-22;2025-04-23;2025-04-28;2025-05-14;2025-05-16;2025-05-19;2025-05-21;2025-05-22;2025-06-04;2025-06-05;2025-06-11;2025-06-14;2025-06-20;2025-06-26;2025-06-30;2025-07-01;2025-07-03;2025-07-08;2025-07-09;2025-07-15;2025-07-17;2025-08-15;2025-08-18;2025-08-22;2025-09-04;2025-09-05;2025-09-09;2025-09-10;2025-09-12;2025-09-16;2025-10-02;2025-10-03;2025-10-07;2025-10-08;2025-10-21;2025-10-23;2025-11-06;2025-11-07,2024-08-27;2024-10-08;2024-10-15;2024-10-16;2024-10-24;2024-11-11;2024-11-15;2025-01-27;2025-02-05;2025-02-06;2025-02-07;2025-02-12;2025-03-05;2025-03-11;2025-03-12;2025-03-31;2025-04-07;2025-04-08;2025-04-11;2025-04-18;2025-04-24;2025-04-25;2025-05-20;2025-06-17;2025-06-27;2025-07-18;2025-10-06
340,20261257,342,2024-08-20;2024-08-21;2024-08-23;2024-08-24;2024-08-27;2024-09-03;2024-09-16;2024-09-24;2024-10-02;2024-10-07;2024-10-08;2024-10-10;2024-10-11;2024-10-14;2024-10-15;2024-10-18;2024-10-24;2024-11-07;2024-11-11;2024-11-12;2024-11-18;2024-12-09;2024-12-13;2025-01-16;2025-01-17;2025-01-27;2025-02-05;2025-02-10;2025-02-12;2025-02-25;2025-03-03;2025-03-05;2025-03-06;2025-03-11;2025-03-12;2025-03-26;2025-03-28;2025-03-31;2025-04-01;2025-04-09;2025-04-11;2025-04-15;2025-04-16;2025-04-17;2025-04-18;2025-04-22;2025-04-23;2025-04-25;2025-04-28;2025-05-14;2025-05-16;2025-05-19;2025-05-21;2025-05-22;2025-06-04;2025-06-11;2025-06-20;2025-06-26;2025-06-30;2025-07-03;2025-07-08;2025-07-15;2025-07-17;2025-07-18;2025-08-15;2025-08-18;2025-09-04;2025-09-09;2025-09-10;2025-09-12;2025-09-16;2025-10-02;2025-10-03;2025-10-06;2025-10-08;2025-10-21;2025-10-23;2025-11-06,2024-08-22;2024-10-01;2024-10-16;2024-11-15;2024-11-27;2025-02-03;2025-02-06;2025-02-07;2025-03-04;2025-03-21;2025-03-27;2025-04-02;2025-04-03;2025-04-07;2025-04-08;2025-04-24;2025-05-20;2025-06-05;2025-06-14;2025-06-17;2025-06-27;2025-07-01;2025-07-09;2025-08-22;2025-09-05;2025-10-07;2025-11-07
341,20261258,343,2024-08-21;2024-08-22;2024-08-27;2024-09-16;2024-09-24;2024-10-01;2024-10-02;2024-10-07;2024-10-10;2024-10-11;2024-10-14;2024-10-15;2024-10-16;2024-10-18;2024-10-24;2024-11-07;2024-11-12;2024-11-15;2024-11-18;2024-11-27;2024-12-09;2025-01-16;2025-01-17;2025-01-27;2025-02-03;2025-02-05;2025-02-06;2025-02-07;2025-02-10;2025-02-12;2025-03-03;2025-03-04;2025-03-05;2025-03-06;2025-03-12;2025-03-26;2025-03-31;2025-04-01;2025-04-02;2025-04-08;2025-04-09;2025-04-11;2025-04-15;2025-04-16;2025-04-22;2025-04-23;2025-04-25;2025-04-28;2025-05-16;2025-05-19;2025-05-20;2025-05-21;2025-05-22;2025-06-04;2025-06-05;2025-06-11;2025-06-17;2025-06-26;2025-06-27;2025-06-30;2025-07-01;2025-07-08;2025-07-09;2025-07-17;2025-07-18;2025-08-18;2025-08-22;2025-09-04;2025-09-09;2025-09-10;2025-09-12;2025-09-16;2025-10-02;2025-10-03;2025-10-06;2025-10-07;2025-10-08;2025-11-07,2024-08-20;2024-08-23;2024-08-24;2024-09-03;2024-10-08;2024-11-11;2024-12-13;2025-02-25;2025-03-11;2025-03-21;2025-03-27;2025-03-28;2025-04-03;2025-04-07;2025-04-17;2025-04-18;2025-04-24;2025-05-14;2025-06-14;2025-06-20;2025-07-03;2025-07-15;2025-08-15;2025-09-05;2025-10-21;2025-10-23;2025-11-06
342,20261259,344,2024-08-20;2024-08-21;2024-08-23;2024-08-24;2024-08-27;2024-09-16;2024-10-01;2024-10-02;2024-10-07;2024-10-08;2024-10-10;2024-10-14;2024-10-16;2024-10-24;2024-11-11;2024-11-12;2024-11-18;2024-11-27;2024-12-09;2024-12-13;2025-01-16;2025-01-17;2025-01-27;2025-02-03;2025-02-05;2025-02-06;2025-02-07;2025-02-10;2025-02-12;2025-02-25;2025-03-03;2025-03-04;2025-03-05;2025-03-11;2025-03-12;2025-03-26;2025-03-27;2025-03-31;2025-04-01;2025-04-09;2025-04-11;2025-04-16;2025-04-17;2025-04-18;2025-04-22;2025-04-23;2025-04-24;2025-05-14;2025-05-19;2025-05-20;2025-05-21;2025-05-22;2025-06-04;2025-06-05;2025-06-14;2025-06-17;2025-06-20;2025-06-27;2025-06-30;2025-07-03;2025-07-08;2025-07-15;2025-07-17;2025-08-22;2025-09-04;2025-09-05;2025-09-09;2025-09-10;2025-09-12;2025-09-16;2025-10-02;2025-10-03;2025-10-06;2025-10-07;2025-10-08;2025-10-21;2025-10-23;2025-11-07,2024-08-22;2024-09-03;2024-09-24;2024-10-11;2024-10-15;2024-10-18;2024-11-07;2024-11-15;2025-03-06;2025-03-21;2025-03-28;2025-04-02;2025-04-03;2025-04-07;2025-04-08;2025-04-15;2025-04-25;2025-04-28;2025-05-16;2025-06-11;2025-06-26;2025-07-01;2025-07-09;2025-07-18;2025-08-15;2025-08-18;2025-11-06
343,20261260,345,2024-08-20;2024-08-21;2024-08-22;2024-08-23;2024-08-27;2024-09-03;2024-09-16;2024-10-02;2024-10-07;2024-10-08;2024-10-14;2024-10-15;2024-10-16;2024-10-18;2024-10-24;2024-11-07;2024-11-11;2024-11-12;2024-11-15;2024-12-09;2024-12-13;2025-01-16;2025-01-17;2025-01-27;2025-02-03;2025-02-06;2025-02-07;2025-02-10;2025-02-12;2025-02-25;2025-03-03;2025-03-05;2025-03-06;2025-03-11;2025-03-26;2025-03-27;2025-03-31;2025-04-01;2025-04-02;2025-04-07;2025-04-08;2025-04-09;2025-04-17;2025-04-18;2025-04-22;2025-04-24;2025-04-25;2025-04-28;2025-05-14;2025-05-16;2025-05-19;2025-05-20;2025-06-04;2025-06-05;2025-06-11;2025-06-14;2025-06-17;2025-06-20;2025-06-26;2025-06-27;2025-06-30;2025-07-01;2025-07-03;2025-07-08;2025-07-09;2025-07-15;2025-07-17;2025-08-18;2025-08-22;2025-09-04;2025-09-09;2025-09-10;2025-09-12;2025-10-02;2025-10-06;2025-10-07;2025-10-21;2025-11-07,2024-08-24;2024-09-24;2024-10-01;2024-10-10;2024-10-11;2024-11-18;2024-11-27;2025-02-05;2025-03-04;2025-03-12;2025-03-21;2025-03-28;2025-04-03;2025-04-11;2025-04-15;2025-04-16;2025-04-23;2025-05-21;2025-05-22;2025-07-18;2025-08-15;2025-09-05;2025-09-16;2025-10-03;2025-10-08;2025-10-23;2025-11-06
344,20261261,346,2024-08-20;2024-08-21;2024-08-22;2024-08-24;2024-09-16;2024-09-24;2024-10-01;2024-10-07;2024-10-10;2024-10-11;2024-10-14;2024-10-15;2024-10-18;2024-10-24;2024-11-07;2024-11-11;2024-11-12;2024-11-18;2024-11-27;2024-12-13;2025-01-16;2025-01-17;2025-01-27;2025-02-03;2025-02-05;2025-02-06;2025-02-07;2025-02-10;2025-02-12;2025-02-25;2025-03-03;2025-03-04;2025-03-05;2025-03-12;2025-03-21;2025-03-26;2025-03-27;2025-03-28;2025-03-31;2025-04-01;2025-04-02;2025-04-07;2025-04-09;2025-04-15;2025-04-16;2025-04-18;2025-04-23;2025-04-25;2025-04-28;2025-05-14;2025-05-19;2025-05-20;2025-05-21;2025-05-22;2025-06-04;2025-06-05;2025-06-14;2025-06-26;2025-06-27;2025-06-30;2025-07-01;2025-07-03;2025-07-08;2025-07-15;2025-07-17;2025-08-15;2025-08-22;2025-09-04;2025-09-09;2025-09-10;2025-09-12;2025-09-16;2025-10-03;2025-10-07;2025-10-21;2025-10-23;2025-11-06;2025-11-07,2024-08-23;2024-08-27;2024-09-03;2024-10-02;2024-10-08;2024-10-16;2024-11-15;2024-12-09;2025-03-06;2025-03-11;2025-04-03;2025-04-08;2025-04-11;2025-04-17;2025-04-22;2025-04-24;2025-05-16;2025-06-11;2025-06-17;2025-06-20;2025-07-09;2025-07-18;2025-08-18;2025-09-05;2025-10-02;2025-10-06;2025-10-08
345,20261262,347,2024-08-23;2024-08-27;2024-09-03;2024-09-16;2024-09-24;2024-10-08;2024-10-10;2024-10-16;2024-10-18;2024-11-11;2024-11-12;2024-11-15;2024-11-27;2024-12-09;2024-12-13;2025-01-16;2025-01-17;2025-02-03;2025-02-05;2025-02-07;2025-02-10;2025-02-12;2025-02-25;2025-03-03;2025-03-04;2025-03-05;2025-03-06;2025-03-11;2025-03-12;2025-03-21;2025-03-26;2025-03-27;2025-03-28;2025-04-01;2025-04-02;2025-04-03;2025-04-07;2025-04-09;2025-04-11;2025-04-15;2025-04-16;2025-04-18;2025-04-23;2025-04-24;2025-04-25;2025-05-14;2025-05-16;2025-05-19;2025-05-20;2025-05-21;2025-05-22;2025-06-04;2025-06-05;2025-06-11;2025-06-14;2025-06-26;2025-06-27;2025-06-30;2025-07-01;2025-07-03;2025-07-09;2025-07-15;2025-07-17;2025-07-18;2025-08-15;2025-09-04;2025-09-05;2025-09-10;2025-09-12;2025-09-16;2025-10-02;2025-10-03;2025-10-07;2025-10-08;2025-10-21;2025-10-23;2025-11-06;2025-11-07,2024-08-20;2024-08-21;2024-08-22;2024-08-24;2024-10-01;2024-10-02;2024-10-07;2024-10-11;2024-10-14;2024-10-15;2024-10-24;2024-11-07;2024-11-18;2025-01-27;2025-02-06;2025-03-31;2025-04-08;2025-04-17;2025-04-22;2025-04-28;2025-06-17;2025-06-20;2025-07-08;2025-08-18;2025-08-22;2025-09-09;2025-10-06
346,20261263,348,2024-08-20;2024-08-21;2024-08-22;2024-08-24;2024-08-27;2024-09-16;2024-10-01;2024-10-07;2024-10-10;2024-10-11;2024-10-14;2024-10-16;2024-10-18;2024-10-24;2024-11-07;2024-11-11;2024-11-12;2024-11-15;2024-11-18;2024-12-09;2025-01-16;2025-01-17;2025-01-27;2025-02-03;2025-02-05;2025-02-06;2025-02-07;2025-02-10;2025-02-12;2025-02-25;2025-03-04;2025-03-05;2025-03-06;2025-03-12;2025-03-27;2025-03-28;2025-03-31;2025-04-02;2025-04-03;2025-04-07;2025-04-08;2025-04-09;2025-04-15;2025-04-17;2025-04-18;2025-04-22;2025-04-28;2025-05-14;2025-05-16;2025-05-19;2025-05-20;2025-05-21;2025-05-22;2025-06-05;2025-06-11;2025-06-14;2025-06-17;2025-06-20;2025-06-30;2025-07-03;2025-07-08;2025-07-17;2025-07-18;2025-08-15;2025-08-18;2025-08-22;2025-09-04;2025-09-05;2025-09-09;2025-09-16;2025-10-02;2025-10-03;2025-10-06;2025-10-07;2025-10-21;2025-10-23;2025-11-06;2025-11-07,2024-08-23;2024-09-03;2024-09-24;2024-10-02;2024-10-08;2024-10-15;2024-11-27;2024-12-13;2025-03-03;2025-03-11;2025-03-21;2025-03-26;2025-04-01;2025-04-11;2025-04-16;2025-04-23;2025-04-24;2025-04-25;2025-06-04;2025-06-26;2025-06-27;2025-07-01;2025-07-09;2025-07-15;2025-09-10;2025-09-12;2025-10-08
347,20261264,349,2024-08-20;2024-08-21;2024-08-22;2024-08-24;2024-08-27;2024-09-03;2024-09-16;2024-09-24;2024-10-02;2024-10-07;2024-10-10;2024-10-11;2024-10-15;2024-10-16;2024-10-18;2024-10-24;2024-11-11;2024-11-12;2024-11-18;2024-11-27;2024-12-09;2024-12-13;2025-01-16;2025-01-17;2025-02-05;2025-02-07;2025-02-10;2025-02-12;2025-02-25;2025-03-03;2025-03-04;2025-03-05;2025-03-06;2025-03-11;2025-03-21;2025-03-26;2025-03-27;2025-03-28;2025-03-31;2025-04-01;2025-04-02;2025-04-03;2025-04-07;2025-04-08;2025-04-09;2025-04-17;2025-04-18;2025-04-22;2025-04-23;2025-04-25;2025-04-28;2025-05-14;2025-05-19;2025-05-20;2025-05-22;2025-06-04;2025-06-05;2025-06-11;2025-06-17;2025-06-20;2025-06-26;2025-06-30;2025-07-01;2025-07-03;2025-07-08;2025-07-09;2025-07-15;2025-07-17;2025-07-18;2025-08-18;2025-08-22;2025-09-10;2025-09-16;2025-10-02;2025-10-03;2025-10-07;2025-10-08;2025-11-07,2024-08-23;2024-10-01;2024-10-08;2024-10-14;2024-11-07;2024-11-15;2025-01-27;2025-02-03;2025-02-06;2025-03-12;2025-04-11;2025-04-15;2025-04-16;2025-04-24;2025-05-16;2025-05-21;2025-06-14;2025-06-27;2025-08-15;2025-09-04;2025-09-05;2025-09-09;2025-09-12;2025-10-06;2025-10-21;2025-10-23;2025-11-06
348,20261265,350,2024-08-24;2024-08-27;2024-09-03;2024-09-16;2024-10-01;2024-10-02;2024-10-07;2024-10-08;2024-10-10;2024-10-11;2024-10-14;2024-10-15;2024-10-18;2024-10-24;2024-11-07;2024-11-11;2024-11-12;2024-11-15;2024-11-18;2024-11-27;2024-12-13;2025-01-16;2025-01-17;2025-01-27;2025-02-03;2025-02-05;2025-02-06;2025-02-07;2025-03-03;2025-03-04;2025-03-06;2025-03-11;2025-03-12;2025-03-21;2025-03-26;2025-03-28;2025-03-31;2025-04-01;2025-04-02;2025-04-07;2025-04-08;2025-04-09;2025-04-11;2025-04-15;2025-04-17;2025-04-18;2025-04-23;2025-04-24;2025-04-28;2025-05-14;2025-05-16;2025-05-19;2025-05-21;2025-06-05;2025-06-11;2025-06-17;2025-06-20;2025-06-26;2025-06-27;2025-06-30;2025-07-01;2025-07-08;2025-07-09;2025-07-15;2025-07-18;2025-08-15;2025-08-22;2025-09-09;2025-09-10;2025-09-12;2025-09-16;2025-10-02;2025-10-03;2025-10-06;2025-10-07;2025-10-21;2025-11-06;2025-11-07,2024-08-20;2024-08-21;2024-08-22;2024-08-23;2024-09-24;2024-10-16;2024-12-09;2025-02-10;2025-02-12;2025-02-25;2025-03-05;2025-03-27;2025-04-03;2025-04-16;2025-04-22;2025-04-25;2025-05-20;2025-05-22;2025-06-04;2025-06-14;2025-07-03;2025-07-17;2025-08-18;2025-09-04;2025-09-05;2025-10-08;2025-10-23
349,20261266,351,2024-08-20;2024-08-21;2024-08-22;2024-08-23;2024-08-24;2024-08-27;2024-09-03;2024-09-16;2024-10-01;2024-10-02;2024-10-07;2024-10-08;2024-10-10;2024-10-14;2024-10-15;2024-10-16;2024-10-18;2024-10-24;2024-11-11;2024-11-12;2024-11-15;2024-11-18;2024-12-13;2025-01-16;2025-01-17;2025-01-27;2025-02-05;2025-02-06;2025-02-07;2025-02-25;2025-03-05;2025-03-06;2025-03-11;2025-03-21;2025-03-27;2025-03-28;2025-03-31;2025-04-01;2025-04-02;2025-04-03;2025-04-07;2025-04-08;2025-04-09;2025-04-16;2025-04-18;2025-04-22;2025-04-23;2025-04-24;2025-04-28;2025-05-16;2025-05-19;2025-05-20;2025-05-21;2025-05-22;2025-06-04;2025-06-05;2025-06-17;2025-06-20;2025-06-27;2025-06-30;2025-07-03;2025-07-08;2025-07-15;2025-07-17;2025-07-18;2025-08-18;2025-08-22;2025-09-04;2025-09-05;2025-09-09;2025-09-10;2025-09-12;2025-10-03;2025-10-06;2025-10-07;2025-10-08;2025-10-21;2025-10-23,2024-09-24;2024-10-11;2024-11-07;2024-11-27;2024-12-09;2025-02-03;2025-02-10;2025-02-12;2025-03-03;2025-03-04;2025-03-12;2025-03-26;2025-04-11;2025-04-15;2025-04-17;2025-04-25;2025-05-14;2025-06-11;2025-06-14;2025-06-26;2025-07-01;2025-07-09;2025-08-15;2025-09-16;2025-10-02;2025-11-06;2025-11-07
350,20261267,352,2024-08-20;2024-08-21;2024-08-23;2024-08-24;2024-08-27;2024-09-03;2024-09-16;2024-10-01;2024-10-02;2024-10-07;2024-10-10;2024-10-11;2024-10-14;2024-10-15;2024-10-18;2024-10-24;2024-11-07;2024-11-11;2024-11-12;2024-11-15;2024-11-18;2024-11-27;2024-12-13;2025-01-16;2025-01-17;2025-02-03;2025-02-06;2025-02-07;2025-02-10;2025-02-12;2025-03-03;2025-03-04;2025-03-06;2025-03-11;2025-03-12;2025-03-26;2025-03-27;2025-03-28;2025-04-03;2025-04-07;2025-04-08;2025-04-09;2025-04-11;2025-04-15;2025-04-16;2025-04-22;2025-04-24;2025-04-25;2025-04-28;2025-05-16;2025-05-19;2025-05-20;2025-06-05;2025-06-14;2025-06-17;2025-06-20;2025-06-26;2025-07-01;2025-07-03;2025-07-08;2025-07-17;2025-07-18;2025-08-15;2025-08-18;2025-08-22;2025-09-05;2025-09-09;2025-09-10;2025-09-12;2025-09-16;2025-10-03;2025-10-06;2025-10-07;2025-10-08;2025-10-21;2025-10-23;2025-11-06;2025-11-07,2024-08-22;2024-09-24;2024-10-08;2024-10-16;2024-12-09;2025-01-27;2025-02-05;2025-02-25;2025-03-05;2025-03-21;2025-03-31;2025-04-01;2025-04-02;2025-04-17;2025-04-18;2025-04-23;2025-05-14;2025-05-21;2025-05-22;2025-06-04;2025-06-11;2025-06-27;2025-06-30;2025-07-09;2025-07-15;2025-09-04;2025-10-02
351,20261268,353,2024-08-20;2024-08-21;2024-08-23;2024-08-24;2024-08-27;2024-09-03;2024-09-16;2024-09-24;2024-10-02;2024-10-08;2024-10-10;2024-10-11;2024-10-16;2024-10-18;2024-10-24;2024-11-07;2024-11-11;2024-11-12;2024-11-15;2024-11-18;2024-11-27;2025-01-16;2025-01-17;2025-01-27;2025-02-03;2025-02-06;2025-02-07;2025-02-12;2025-02-25;2025-03-04;2025-03-05;2025-03-06;2025-03-11;2025-03-12;2025-03-21;2025-03-26;2025-03-27;2025-03-31;2025-04-02;2025-04-03;2025-04-08;2025-04-09;2025-04-11;2025-04-15;2025-04-17;2025-04-18;2025-04-22;2025-04-23;2025-04-25;2025-04-28;2025-05-14;2025-05-16;2025-05-19;2025-05-20;2025-05-21;2025-06-04;2025-06-05;2025-06-17;2025-06-26;2025-07-01;2025-07-08;2025-07-15;2025-07-18;2025-08-15;2025-08-18;2025-08-22;2025-09-04;2025-09-05;2025-09-09;2025-09-10;2025-09-12;2025-09-16;2025-10-02;2025-10-03;2025-10-08;2025-10-23;2025-11-06;2025-11-07,2024-08-22;2024-10-01;2024-10-07;2024-10-14;2024-10-15;2024-12-09;2024-12-13;2025-02-05;2025-02-10;2025-03-03;2025-03-28;2025-04-01;2025-04-07;2025-04-16;2025-04-24;2025-05-22;2025-06-11;2025-06-14;2025-06-20;2025-06-27;2025-06-30;2025-07-03;2025-07-09;2025-07-17;2025-10-06;2025-10-07;2025-10-21
352,20261269,354,2024-08-20;2024-08-21;2024-08-22;2024-08-23;2024-08-24;2024-08-27;2024-09-03;2024-09-24;2024-10-02;2024-10-07;2024-10-08;2024-10-10;2024-10-15;2024-10-16;2024-10-24;2024-11-07;2024-11-11;2024-11-12;2024-11-15;2024-11-18;2025-01-16;2025-01-17;2025-01-27;2025-02-03;2025-02-05;2025-02-06;2025-02-07;2025-02-10;2025-02-25;2025-03-03;2025-03-04;2025-03-05;2025-03-06;2025-03-12;2025-03-21;2025-03-27;2025-03-28;2025-04-01;2025-04-02;2025-04-09;2025-04-11;2025-04-15;2025-04-17;2025-04-22;2025-04-23;2025-04-25;2025-04-28;2025-05-14;2025-05-16;2025-05-19;2025-05-20;2025-05-21;2025-06-04;2025-06-05;2025-06-11;2025-06-14;2025-06-17;2025-06-26;2025-06-27;2025-07-01;2025-07-08;2025-07-09;2025-07-17;2025-08-15;2025-08-18;2025-08-22;2025-09-05;2025-09-09;2025-09-10;2025-09-16;2025-10-02;2025-10-03;2025-10-06;2025-10-07;2025-10-08;2025-10-23;2025-11-06;2025-11-07,2024-09-16;2024-10-01;2024-10-11;2024-10-14;2024-10-18;2024-11-27;2024-12-09;2024-12-13;2025-02-12;2025-03-11;2025-03-26;2025-03-31;2025-04-03;2025-04-07;2025-04-08;2025-04-16;2025-04-18;2025-04-24;2025-05-22;2025-06-20;2025-06-30;2025-07-03;2025-07-15;2025-07-18;2025-09-04;2025-09-12;2025-10-21
353,20261270,355,2024-08-21;2024-08-22;2024-08-23;2024-08-24;2024-10-01;2024-10-02;2024-10-07;2024-10-08;2024-10-11;2024-10-14;2024-10-15;2024-10-18;2024-10-24;2024-11-11;2024-11-12;2024-11-15;2024-11-18;2024-11-27;2024-12-09;2024-12-13;2025-01-16;2025-01-17;2025-01-27;2025-02-05;2025-02-06;2025-02-07;2025-02-12;2025-02-25;2025-03-04;2025-03-05;2025-03-06;2025-03-11;2025-03-12;2025-03-21;2025-03-26;2025-03-27;2025-03-28;2025-03-31;2025-04-02;2025-04-03;2025-04-08;2025-04-09;2025-04-15;2025-04-17;2025-04-18;2025-04-23;2025-04-24;2025-04-25;2025-04-28;2025-05-14;2025-05-16;2025-05-20;2025-05-21;2025-06-04;2025-06-05;2025-06-14;2025-06-17;2025-06-27;2025-06-30;2025-07-01;2025-07-03;2025-07-08;2025-07-09;2025-07-15;2025-07-17;2025-07-18;2025-08-15;2025-08-18;2025-09-05;2025-09-10;2025-09-12;2025-10-02;2025-10-06;2025-10-07;2025-10-08;2025-10-21;2025-10-23;2025-11-06,2024-08-20;2024-08-27;2024-09-03;2024-09-16;2024-09-24;2024-10-10;2024-10-16;2024-11-07;2025-02-03;2025-02-10;2025-03-03;2025-04-01;2025-04-07;2025-04-11;2025-04-16;2025-04-22;2025-05-19;2025-05-22;2025-06-11;2025-06-20;2025-06-26;2025-08-22;2025-09-04;2025-09-09;2025-09-16;2025-10-03;2025-11-07
354,20261271,356,2024-08-20;2024-08-21;2024-08-22;2024-08-23;2024-08-24;2024-08-27;2024-09-16;2024-09-24;2024-10-01;2024-10-02;2024-10-08;2024-10-10;2024-10-11;2024-10-15;2024-10-16;2024-10-18;2024-11-12;2024-11-15;2024-11-18;2024-11-27;2024-12-09;2024-12-13;2025-01-16;2025-01-17;2025-02-03;2025-02-05;2025-02-06;2025-02-07;2025-02-10;2025-02-25;2025-03-03;2025-03-04;2025-03-06;2025-03-11;2025-03-12;2025-03-21;2025-03-26;2025-03-28;2025-03-31;2025-04-01;2025-04-02;2025-04-03;2025-04-07;2025-04-09;2025-04-15;2025-04-16;2025-04-17;2025-04-18;2025-04-22;2025-04-25;2025-04-28;2025-05-14;2025-05-16;2025-05-19;2025-05-20;2025-05-21;2025-06-04;2025-06-05;2025-06-14;2025-06-26;2025-06-27;2025-07-03;2025-07-08;2025-07-09;2025-07-17;2025-08-15;2025-08-18;2025-08-22;2025-09-04;2025-09-10;2025-09-16;2025-10-02;2025-10-03;2025-10-06;2025-10-07;2025-10-21;2025-10-23;2025-11-07,2024-09-03;2024-10-07;2024-10-14;2024-10-24;2024-11-07;2024-11-11;2025-01-27;2025-02-12;2025-03-05;2025-03-27;2025-04-08;2025-04-11;2025-04-23;2025-04-24;2025-05-22;2025-06-11;2025-06-17;2025-06-20;2025-06-30;2025-07-01;2025-07-15;2025-07-18;2025-09-05;2025-09-09;2025-09-12;2025-10-08;2025-11-06
355,20261272,357,2024-08-21;2024-08-22;2024-08-23;2024-08-24;2024-08-27;2024-09-16;2024-10-01;2024-10-02;2024-10-07;2024-10-08;2024-10-11;2024-10-16;2024-10-18;2024-10-24;2024-11-07;2024-11-11;2024-11-15;2024-11-18;2024-11-27;2024-12-09;2024-12-13;2025-01-16;2025-01-17;2025-01-27;2025-02-03;2025-02-06;2025-02-07;2025-02-10;2025-02-12;2025-02-25;2025-03-03;2025-03-04;2025-03-05;2025-03-06;2025-03-11;2025-03-12;2025-03-21;2025-03-26;2025-03-27;2025-03-28;2025-03-31;2025-04-01;2025-04-03;2025-04-07;2025-04-09;2025-04-15;2025-04-18;2025-04-22;2025-04-23;2025-04-24;2025-05-14;2025-05-16;2025-05-19;2025-05-21;2025-06-05;2025-06-14;2025-06-17;2025-06-20;2025-06-26;2025-07-01;2025-07-08;2025-07-09;2025-07-17;2025-07-18;2025-08-15;2025-08-18;2025-08-22;2025-09-04;2025-09-05;2025-09-09;2025-09-12;2025-09-16;2025-10-02;2025-10-03;2025-10-06;2025-10-07;2025-10-21;2025-10-23,2024-08-20;2024-09-03;2024-09-24;2024-10-10;2024-10-14;2024-10-15;2024-11-12;2025-02-05;2025-04-02;2025-04-08;2025-04-11;2025-04-16;2025-04-17;2025-04-25;2025-04-28;2025-05-20;2025-05-22;2025-06-04;2025-06-11;2025-06-27;2025-06-30;2025-07-03;2025-07-15;2025-09-10;2025-10-08;2025-11-06;2025-11-07
356,20261273,358,2024-08-20;2024-08-21;2024-08-22;2024-08-23;2024-08-24;2024-08-27;2024-09-03;2024-09-16;2024-09-24;2024-10-01;2024-10-02;2024-10-07;2024-10-08;2024-10-10;2024-10-11;2024-10-14;2024-10-16;2024-10-18;2024-10-24;2024-11-07;2024-11-12;2024-11-15;2024-11-18;2024-11-27;2024-12-09;2025-01-16;2025-02-03;2025-02-10;2025-02-12;2025-03-04;2025-03-05;2025-03-06;2025-03-11;2025-03-12;2025-03-21;2025-03-26;2025-03-27;2025-03-28;2025-03-31;2025-04-01;2025-04-03;2025-04-09;2025-04-15;2025-04-16;2025-04-17;2025-04-18;2025-04-22;2025-04-23;2025-04-24;2025-04-25;2025-04-28;2025-05-14;2025-05-16;2025-05-19;2025-05-21;2025-05-22;2025-06-04;2025-06-11;2025-06-20;2025-06-26;2025-06-30;2025-07-09;2025-07-15;2025-07-17;2025-07-18;2025-08-15;2025-08-18;2025-08-22;2025-09-05;2025-09-09;2025-09-10;2025-10-03;2025-10-06;2025-10-08;2025-10-21;2025-10-23;2025-11-06;2025-11-07,2024-10-15;2024-11-11;2024-12-13;2025-01-17;2025-01-27;2025-02-05;2025-02-06;2025-02-07;2025-02-25;2025-03-03;2025-04-02;2025-04-07;2025-04-08;2025-04-11;2025-05-20;2025-06-05;2025-06-14;2025-06-17;2025-06-27;2025-07-01;2025-07-03;2025-07-08;2025-09-04;2025-09-12;2025-09-16;2025-10-02;2025-10-07
357,20261274,359,2024-08-21;2024-08-22;2024-08-23;2024-08-24;2024-08-27;2024-09-16;2024-09-24;2024-10-01;2024-10-02;2024-10-07;2024-10-10;2024-10-11;2024-10-14;2024-10-15;2024-10-16;2024-11-07;2024-11-11;2024-11-12;2024-11-15;2024-11-27;2024-12-09;2024-12-13;2025-01-16;2025-01-17;2025-01-27;2025-02-03;2025-02-05;2025-02-06;2025-02-07;2025-02-12;2025-02-25;2025-03-11;2025-03-12;2025-03-26;2025-03-27;2025-03-31;2025-04-02;2025-04-03;2025-04-07;2025-04-08;2025-04-11;2025-04-15;2025-04-16;2025-04-18;2025-04-23;2025-04-28;2025-05-14;2025-05-16;2025-05-19;2025-05-21;2025-05-22;2025-06-04;2025-06-05;2025-06-11;2025-06-14;2025-06-20;2025-06-26;2025-06-27;2025-07-01;2025-07-08;2025-07-09;2025-07-15;2025-07-18;2025-08-15;2025-08-18;2025-08-22;2025-09-04;2025-09-09;2025-09-12;2025-09-16;2025-10-02;2025-10-03;2025-10-06;2025-10-07;2025-10-08;2025-10-21;2025-10-23;2025-11-06,2024-08-20;2024-09-03;2024-10-08;2024-10-18;2024-10-24;2024-11-18;2025-02-10;2025-03-03;2025-03-04;2025-03-05;2025-03-06;2025-03-21;2025-03-28;2025-04-01;2025-04-09;2025-04-17;2025-04-22;2025-04-24;2025-04-25;2025-05-20;2025-06-17;2025-06-30;2025-07-03;2025-07-17;2025-09-05;2025-09-10;2025-11-07
358,20261275,360,2024-08-20;2024-08-23;2024-08-24;2024-09-03;2024-09-16;2024-09-24;2024-10-02;2024-10-07;2024-10-08;2024-10-10;2024-10-14;2024-10-15;2024-10-16;2024-10-24;2024-11-07;2024-11-11;2024-11-15;2024-11-18;2024-11-27;2024-12-09;2024-12-13;2025-01-17;2025-02-05;2025-02-06;2025-02-07;2025-02-12;2025-02-25;2025-03-03;2025-03-05;2025-03-06;2025-03-11;2025-03-12;2025-03-21;2025-03-26;2025-03-27;2025-03-28;2025-03-31;2025-04-01;2025-04-02;2025-04-03;2025-04-07;2025-04-08;2025-04-11;2025-04-15;2025-04-16;2025-04-18;2025-04-22;2025-04-23;2025-04-24;2025-04-25;2025-04-28;2025-05-14;2025-05-16;2025-06-04;2025-06-05;2025-06-20;2025-06-26;2025-06-27;2025-07-01;2025-07-03;2025-07-15;2025-07-17;2025-07-18;2025-08-15;2025-08-18;2025-09-04;2025-09-05;2025-09-10;2025-09-12;2025-09-16;2025-10-02;2025-10-03;2025-10-06;2025-10-07;2025-10-08;2025-10-21;2025-10-23;2025-11-06,2024-08-21;2024-08-22;2024-08-27;2024-10-01;2024-10-11;2024-10-18;2024-11-12;2025-01-16;2025-01-27;2025-02-03;2025-02-10;2025-03-04;2025-04-09;2025-04-17;2025-05-19;2025-05-20;2025-05-21;2025-05-22;2025-06-11;2025-06-14;2025-06-17;2025-06-30;2025-07-08;2025-07-09;2025-08-22;2025-09-09;2025-11-07
359,20261276,361,2024-08-21;2024-08-27;2024-09-03;2024-09-16;2024-09-24;2024-10-01;2024-10-02;2024-10-07;2024-10-08;2024-10-10;2024-10-11;2024-10-14;2024-10-15;2024-10-16;2024-11-07;2024-11-11;2024-11-12;2024-11-15;2024-11-27;2024-12-09;2024-12-13;2025-01-16;2025-01-17;2025-01-27;2025-02-03;2025-02-07;2025-02-12;2025-02-25;2025-03-03;2025-03-04;2025-03-06;2025-03-11;2025-03-27;2025-03-28;2025-03-31;2025-04-01;2025-04-02;2025-04-03;2025-04-07;2025-04-09;2025-04-15;2025-04-16;2025-04-17;2025-04-18;2025-04-22;2025-04-23;2025-04-24;2025-04-25;2025-04-28;2025-05-14;2025-05-16;2025-05-19;2025-05-20;2025-05-21;2025-06-05;2025-06-11;2025-06-17;2025-06-20;2025-06-27;2025-07-01;2025-07-03;2025-07-08;2025-07-09;2025-07-17;2025-08-15;2025-08-18;2025-08-22;2025-09-04;2025-09-09;2025-09-10;2025-09-12;2025-09-16;2025-10-02;2025-10-06;2025-10-07;2025-10-21;2025-10-23;2025-11-07,2024-08-20;2024-08-22;2024-08-23;2024-08-24;2024-10-18;2024-10-24;2024-11-18;2025-02-05;2025-02-06;2025-02-10;2025-03-05;2025-03-12;2025-03-21;2025-03-26;2025-04-08;2025-04-11;2025-05-22;2025-06-04;2025-06-14;2025-06-26;2025-06-30;2025-07-15;2025-07-18;2025-09-05;2025-10-03;2025-10-08;2025-11-06
360,20261277,362,2024-08-20;2024-08-21;2024-08-23;2024-08-24;2024-08-27;2024-09-03;2024-09-24;2024-10-01;2024-10-02;2024-10-07;2024-10-08;2024-10-10;2024-10-11;2024-10-14;2024-10-15;2024-10-16;2024-10-18;2024-11-07;2024-11-11;2024-11-12;2024-11-15;2024-11-18;2024-11-27;2024-12-09;2025-01-16;2025-02-03;2025-02-06;2025-02-07;2025-02-10;2025-02-12;2025-02-25;2025-03-03;2025-03-05;2025-03-06;2025-03-11;2025-03-12;2025-03-21;2025-03-27;2025-03-31;2025-04-01;2025-04-02;2025-04-07;2025-04-09;2025-04-11;2025-04-16;2025-04-18;2025-04-22;2025-04-23;2025-04-24;2025-04-28;2025-05-14;2025-05-19;2025-05-21;2025-05-22;2025-06-05;2025-06-11;2025-06-14;2025-06-17;2025-06-20;2025-06-27;2025-06-30;2025-07-03;2025-07-09;2025-07-15;2025-07-18;2025-08-15;2025-08-18;2025-08-22;2025-09-05;2025-09-09;2025-09-12;2025-10-02;2025-10-03;2025-10-07;2025-10-21;2025-10-23;2025-11-06;2025-11-07,2024-08-22;2024-09-16;2024-10-24;2024-12-13;2025-01-17;2025-01-27;2025-02-05;2025-03-04;2025-03-26;2025-03-28;2025-04-03;2025-04-08;2025-04-15;2025-04-17;2025-04-25;2025-05-16;2025-05-20;2025-06-04;2025-06-26;2025-07-01;2025-07-08;2025-07-17;2025-09-04;2025-09-10;2025-09-16;2025-10-06;2025-10-08
361,20261278,363,2024-08-20;2024-08-21;2024-08-23;2024-08-24;2024-08-27;2024-09-03;2024-10-01;2024-10-07;2024-10-08;2024-10-15;2024-10-16;2024-10-18;2024-10-24;2024-11-11;2024-11-12;2024-11-27;2024-12-09;2024-12-13;2025-01-16;2025-01-17;2025-02-03;2025-02-05;2025-02-06;2025-02-10;2025-02-12;2025-02-25;2025-03-03;2025-03-04;2025-03-05;2025-03-06;2025-03-12;2025-03-21;2025-03-26;2025-03-28;2025-04-01;2025-04-07;2025-04-08;2025-04-11;2025-04-15;2025-04-16;2025-04-18;2025-04-23;2025-04-24;2025-04-25;2025-04-28;2025-05-14;2025-05-20;2025-05-21;2025-05-22;2025-06-04;2025-06-05;2025-06-11;2025-06-14;2025-06-17;2025-06-20;2025-06-27;2025-07-01;2025-07-03;2025-07-09;2025-07-15;2025-07-17;2025-07-18;2025-08-15;2025-08-18;2025-08-22;2025-09-04;2025-09-05;2025-09-09;2025-09-10;2025-09-12;2025-09-16;2025-10-06;2025-10-07;2025-10-08;2025-10-21;2025-10-23;2025-11-06;2025-11-07,2024-08-22;2024-09-16;2024-09-24;2024-10-02;2024-10-10;2024-10-11;2024-10-14;2024-11-07;2024-11-15;2024-11-18;2025-01-27;2025-02-07;2025-03-11;2025-03-27;2025-03-31;2025-04-02;2025-04-03;2025-04-09;2025-04-17;2025-04-22;2025-05-16;2025-05-19;2025-06-26;2025-06-30;2025-07-08;2025-10-02;2025-10-03
362,20261279,364,2024-08-21;2024-08-22;2024-08-23;2024-08-24;2024-09-03;2024-09-16;2024-09-24;2024-10-01;2024-10-02;2024-10-07;2024-10-08;2024-10-10;2024-10-11;2024-10-14;2024-10-15;2024-10-16;2024-10-18;2024-11-12;2024-11-15;2024-11-27;2024-12-09;2024-12-13;2025-01-16;2025-01-17;2025-01-27;2025-02-03;2025-02-05;2025-02-06;2025-02-07;2025-02-10;2025-02-25;2025-03-03;2025-03-05;2025-03-06;2025-03-27;2025-03-31;2025-04-01;2025-04-02;2025-04-07;2025-04-08;2025-04-11;2025-04-15;2025-04-16;2025-04-18;2025-04-24;2025-04-25;2025-04-28;2025-05-14;2025-05-16;2025-05-20;2025-05-21;2025-05-22;2025-06-04;2025-06-05;2025-06-11;2025-06-14;2025-06-17;2025-06-20;2025-06-26;2025-06-27;2025-06-30;2025-07-01;2025-07-03;2025-07-09;2025-07-15;2025-07-17;2025-08-15;2025-08-18;2025-09-04;2025-09-05;2025-09-12;2025-09-16;2025-10-03;2025-10-06;2025-10-07;2025-10-08;2025-10-21;2025-10-23,2024-08-20;2024-08-27;2024-10-24;2024-11-07;2024-11-11;2024-11-18;2025-02-12;2025-03-04;2025-03-11;2025-03-12;2025-03-21;2025-03-26;2025-03-28;2025-04-03;2025-04-09;2025-04-17;2025-04-22;2025-04-23;2025-05-19;2025-07-08;2025-07-18;2025-08-22;2025-09-09;2025-09-10;2025-10-02;2025-11-06;2025-11-07
363,20261280,365,2024-08-20;2024-08-21;2024-08-23;2024-08-24;2024-08-27;2024-09-03;2024-09-16;2024-09-24;2024-10-01;2024-10-02;2024-10-07;2024-10-08;2024-10-10;2024-10-11;2024-10-14;2024-10-16;2024-11-07;2024-11-12;2024-11-15;2024-11-18;2024-12-09;2025-01-16;2025-01-17;2025-02-03;2025-02-06;2025-02-10;2025-02-25;2025-03-04;2025-03-05;2025-03-06;2025-03-11;2025-03-21;2025-03-27;2025-03-31;2025-04-03;2025-04-07;2025-04-09;2025-04-11;2025-04-15;2025-04-16;2025-04-18;2025-04-22;2025-04-23;2025-04-24;2025-04-25;2025-04-28;2025-05-14;2025-05-19;2025-05-20;2025-05-22;2025-06-04;2025-06-05;2025-06-11;2025-06-14;2025-06-17;2025-06-20;2025-06-26;2025-06-27;2025-06-30;2025-07-01;2025-07-03;2025-07-08;2025-07-09;2025-07-15;2025-07-17;2025-08-15;2025-09-04;2025-09-05;2025-09-09;2025-09-12;2025-09-16;2025-10-02;2025-10-03;2025-10-06;2025-10-08;2025-10-21;2025-10-23;2025-11-07,2024-08-22;2024-10-15;2024-10-18;2024-10-24;2024-11-11;2024-11-27;2024-12-13;2025-01-27;2025-02-05;2025-02-07;2025-02-12;2025-03-03;2025-03-12;2025-03-26;2025-03-28;2025-04-01;2025-04-02;2025-04-08;2025-04-17;2025-05-16;2025-05-21;2025-07-18;2025-08-18;2025-08-22;2025-09-10;2025-10-07;2025-11-06
364,20261281,366,2024-08-20;2024-08-21;2024-08-23;2024-08-24;2024-08-27;2024-09-03;2024-09-16;2024-10-01;2024-10-07;2024-10-08;2024-10-10;2024-10-14;2024-10-15;2024-10-16;2024-10-18;2024-10-24;2024-11-12;2024-11-18;2024-11-27;2024-12-13;2025-01-16;2025-01-17;2025-01-27;2025-02-03;2025-02-07;2025-02-10;2025-02-12;2025-02-25;2025-03-03;2025-03-04;2025-03-05;2025-03-06;2025-03-12;2025-03-21;2025-03-27;2025-03-28;2025-03-31;2025-04-02;2025-04-03;2025-04-07;2025-04-08;2025-04-09;2025-04-11;2025-04-15;2025-04-18;2025-04-23;2025-04-24;2025-04-25;2025-04-28;2025-05-19;2025-05-20;2025-05-21;2025-05-22;2025-06-05;2025-06-11;2025-06-14;2025-06-17;2025-06-20;2025-06-30;2025-07-03;2025-07-17;2025-07-18;2025-08-15;2025-08-18;2025-08-22;2025-09-04;2025-09-05;2025-09-09;2025-09-10;2025-09-16;2025-10-03;2025-10-06;2025-10-07;2025-10-08;2025-10-21;2025-10-23;2025-11-06;2025-11-07,2024-08-22;2024-09-24;2024-10-02;2024-10-11;2024-11-07;2024-11-11;2024-11-15;2024-12-09;2025-02-05;2025-02-06;2025-03-11;2025-03-26;2025-04-01;2025-04-16;2025-04-17;2025-04-22;2025-05-14;2025-05-16;2025-06-04;2025-06-26;2025-06-27;2025-07-01;2025-07-08;2025-07-09;2025-07-15;2025-09-12;2025-10-02
365,20261282,367,2024-08-20;2024-08-21;2024-08-24;2024-08-27;2024-09-03;2024-09-16;2024-10-07;2024-10-08;2024-10-10;2024-10-11;2024-10-15;2024-10-16;2024-10-18;2024-10-24;2024-11-07;2024-11-18;2024-11-27;2024-12-09;2024-12-13;2025-01-17;2025-01-27;2025-02-03;2025-02-05;2025-02-06;2025-02-07;2025-02-10;2025-02-12;2025-02-25;2025-03-03;2025-03-04;2025-03-05;2025-03-06;2025-03-11;2025-03-26;2025-03-27;2025-03-28;2025-04-01;2025-04-02;2025-04-03;2025-04-07;2025-04-08;2025-04-09;2025-04-11;2025-04-15;2025-04-16;2025-04-17;2025-04-18;2025-04-22;2025-04-23;2025-04-24;2025-04-25;2025-04-28;2025-05-16;2025-05-20;2025-05-21;2025-06-05;2025-06-11;2025-06-14;2025-06-17;2025-06-20;2025-06-26;2025-06-27;2025-07-01;2025-07-08;2025-07-09;2025-07-15;2025-07-17;2025-08-15;2025-09-04;2025-09-09;2025-09-16;2025-10-03;2025-10-06;2025-10-07;2025-10-08;2025-10-21;2025-11-06;2025-11-07,2024-08-22;2024-08-23;2024-09-24;2024-10-01;2024-10-02;2024-10-14;2024-11-11;2024-11-12;2024-11-15;2025-01-16;2025-03-12;2025-03-21;2025-03-31;2025-05-14;2025-05-19;2025-05-22;2025-06-04;2025-06-30;2025-07-03;2025-07-18;2025-08-18;2025-08-22;2025-09-05;2025-09-10;2025-09-12;2025-10-02;2025-10-23
366,20261283,368,2024-08-20;2024-08-21;2024-08-22;2024-08-24;2024-08-27;2024-09-16;2024-09-24;2024-10-02;2024-10-08;2024-10-10;2024-10-11;2024-10-14;2024-10-15;2024-10-24;2024-11-11;2024-11-15;2024-11-18;2024-12-13;2025-01-16;2025-01-17;2025-01-27;2025-02-03;2025-02-07;2025-02-12;2025-03-03;2025-03-04;2025-03-05;2025-03-06;2025-03-12;2025-03-26;2025-03-27;2025-03-28;2025-03-31;2025-04-01;2025-04-02;2025-04-03;2025-04-07;2025-04-08;2025-04-09;2025-04-11;2025-04-15;2025-04-16;2025-04-18;2025-04-22;2025-04-23;2025-04-25;2025-04-28;2025-05-14;2025-05-20;2025-05-21;2025-05-22;2025-06-04;2025-06-05;2025-06-11;2025-06-14;2025-06-20;2025-06-26;2025-06-27;2025-06-30;2025-07-01;2025-07-08;2025-07-09;2025-07-17;2025-07-18;2025-08-15;2025-08-18;2025-08-22;2025-09-04;2025-09-05;2025-09-10;2025-09-16;2025-10-02;2025-10-03;2025-10-06;2025-10-07;2025-10-08;2025-10-21;2025-11-07,2024-08-23;2024-09-03;2024-10-01;2024-10-07;2024-10-16;2024-10-18;2024-11-07;2024-11-12;2024-11-27;2024-12-09;2025-02-05;2025-02-06;2025-02-10;2025-02-25;2025-03-11;2025-03-21;2025-04-17;2025-04-24;2025-05-16;2025-05-19;2025-06-17;2025-07-03;2025-07-15;2025-09-09;2025-09-12;2025-10-23;2025-11-06
367,20261284,369,2024-08-20;2024-08-23;2024-08-24;2024-08-27;2024-09-16;2024-09-24;2024-10-01;2024-10-02;2024-10-08;2024-10-10;2024-10-11;2024-10-14;2024-10-15;2024-10-24;2024-11-07;2024-11-11;2024-11-15;2024-11-18;2025-01-16;2025-01-17;2025-01-27;2025-02-03;2025-02-05;2025-02-06;2025-02-07;2025-02-12;2025-02-25;2025-03-03;2025-03-04;2025-03-06;2025-03-11;2025-03-26;2025-03-27;2025-03-28;2025-04-01;2025-04-02;2025-04-03;2025-04-08;2025-04-09;2025-04-16;2025-04-17;2025-04-18;2025-04-23;2025-04-24;2025-04-25;2025-04-28;2025-05-14;2025-05-16;2025-05-21;2025-06-04;2025-06-05;2025-06-11;2025-06-14;2025-06-17;2025-06-20;2025-06-26;2025-06-27;2025-06-30;2025-07-01;2025-07-03;2025-07-09;2025-07-15;2025-07-17;2025-07-18;2025-08-15;2025-08-18;2025-08-22;2025-09-04;2025-09-05;2025-09-09;2025-09-10;2025-09-12;2025-10-02;2025-10-03;2025-10-07;2025-10-21;2025-10-23;2025-11-07,2024-08-21;2024-08-22;2024-09-03;2024-10-07;2024-10-16;2024-10-18;2024-11-12;2024-11-27;2024-12-09;2024-12-13;2025-02-10;2025-03-05;2025-03-12;2025-03-21;2025-03-31;2025-04-07;2025-04-11;2025-04-15;2025-04-22;2025-05-19;2025-05-20;2025-05-22;2025-07-08;2025-09-16;2025-10-06;2025-10-08;2025-11-06
368,20261285,370,2024-08-21;2024-08-22;2024-08-24;2024-08-27;2024-09-16;2024-09-24;2024-10-01;2024-10-07;2024-10-08;2024-10-10;2024-10-11;2024-10-14;2024-10-15;2024-10-16;2024-10-18;2024-10-24;2024-11-07;2024-11-15;2024-11-18;2024-11-27;2024-12-13;2025-01-16;2025-01-27;2025-02-03;2025-02-07;2025-02-12;2025-02-25;2025-03-03;2025-03-05;2025-03-06;2025-03-11;2025-03-12;2025-03-21;2025-03-26;2025-03-27;2025-03-28;2025-04-01;2025-04-03;2025-04-07;2025-04-08;2025-04-15;2025-04-16;2025-04-17;2025-04-18;2025-04-23;2025-04-28;2025-05-14;2025-05-16;2025-05-19;2025-05-20;2025-05-21;2025-06-04;2025-06-05;2025-06-11;2025-06-14;2025-06-17;2025-06-20;2025-06-26;2025-06-30;2025-07-03;2025-07-09;2025-07-15;2025-07-17;2025-07-18;2025-08-15;2025-08-18;2025-09-04;2025-09-05;2025-09-09;2025-09-12;2025-09-16;2025-10-02;2025-10-03;2025-10-06;2025-10-07;2025-10-23;2025-11-06;2025-11-07,2024-08-20;2024-08-23;2024-09-03;2024-10-02;2024-11-11;2024-11-12;2024-12-09;2025-01-17;2025-02-05;2025-02-06;2025-02-10;2025-03-04;2025-03-31;2025-04-02;2025-04-09;2025-04-11;2025-04-22;2025-04-24;2025-04-25;2025-05-22;2025-06-27;2025-07-01;2025-07-08;2025-08-22;2025-09-10;2025-10-08;2025-10-21
369,20261286,371,2024-08-21;2024-08-23;2024-08-27;2024-09-03;2024-09-16;2024-09-24;2024-10-02;2024-10-08;2024-10-10;2024-10-14;2024-10-15;2024-10-16;2024-10-24;2024-11-07;2024-11-11;2024-11-15;2024-12-09;2024-12-13;2025-01-16;2025-01-17;2025-02-03;2025-02-05;2025-02-06;2025-02-07;2025-02-10;2025-02-12;2025-02-25;2025-03-03;2025-03-04;2025-03-05;2025-03-06;2025-03-12;2025-03-27;2025-03-28;2025-03-31;2025-04-01;2025-04-02;2025-04-03;2025-04-07;2025-04-09;2025-04-11;2025-04-16;2025-04-17;2025-04-18;2025-04-22;2025-04-25;2025-04-28;2025-05-20;2025-05-21;2025-05-22;2025-06-04;2025-06-05;2025-06-11;2025-06-14;2025-06-17;2025-06-20;2025-06-26;2025-06-27;2025-06-30;2025-07-01;2025-07-03;2025-07-08;2025-07-15;2025-08-15;2025-08-18;2025-09-04;2025-09-05;2025-09-09;2025-09-10;2025-10-02;2025-10-03;2025-10-06;2025-10-07;2025-10-08;2025-10-21;2025-10-23;2025-11-06;2025-11-07,2024-08-20;2024-08-22;2024-08-24;2024-10-01;2024-10-07;2024-10-11;2024-10-18;2024-11-12;2024-11-18;2024-11-27;2025-01-27;2025-03-11;2025-03-21;2025-03-26;2025-04-08;2025-04-15;2025-04-23;2025-04-24;2025-05-14;2025-05-16;2025-05-19;2025-07-09;2025-07-17;2025-07-18;2025-08-22;2025-09-12;2025-09-16
370,20261287,372,2024-08-20;2024-08-21;2024-08-22;2024-08-23;2024-08-24;2024-09-03;2024-09-16;2024-09-24;2024-10-02;2024-10-07;2024-10-08;2024-10-10;2024-10-11;2024-10-14;2024-10-15;2024-10-16;2024-11-11;2024-11-12;2024-11-15;2024-11-18;2024-12-13;2025-01-16;2025-01-17;2025-01-27;2025-02-03;2025-02-05;2025-02-06;2025-02-12;2025-02-25;2025-03-04;2025-03-05;2025-03-11;2025-03-12;2025-03-26;2025-03-27;2025-03-31;2025-04-01;2025-04-02;2025-04-03;2025-04-07;2025-04-08;2025-04-09;2025-04-11;2025-04-15;2025-04-17;2025-04-22;2025-04-23;2025-04-24;2025-04-25;2025-05-14;2025-05-16;2025-05-19;2025-05-20;2025-05-21;2025-06-04;2025-06-05;2025-06-11;2025-06-14;2025-06-26;2025-06-27;2025-06-30;2025-07-01;2025-07-03;2025-07-15;2025-07-18;2025-08-15;2025-08-18;2025-09-04;2025-09-05;2025-09-09;2025-09-10;2025-09-16;2025-10-02;2025-10-06;2025-10-07;2025-10-08;2025-10-23;2025-11-07,2024-08-27;2024-10-01;2024-10-18;2024-10-24;2024-11-07;2024-11-27;2024-12-09;2025-02-07;2025-02-10;2025-03-03;2025-03-06;2025-03-21;2025-03-28;2025-04-16;2025-04-18;2025-04-28;2025-05-22;2025-06-17;2025-06-20;2025-07-08;2025-07-09;2025-07-17;2025-08-22;2025-09-12;2025-10-03;2025-10-21;2025-11-06
371,20261288,373,2024-08-22;2024-08-23;2024-08-27;2024-09-16;2024-10-01;2024-10-07;2024-10-08;2024-10-10;2024-10-11;2024-10-14;2024-10-16;2024-10-18;2024-10-24;2024-11-11;2024-11-15;2024-11-27;2024-12-09;2024-12-13;2025-01-16;2025-01-17;2025-02-05;2025-02-07;2025-02-10;2025-02-12;2025-03-03;2025-03-04;2025-03-05;2025-03-06;2025-03-11;2025-03-12;2025-03-21;2025-03-26;2025-03-27;2025-03-28;2025-03-31;2025-04-01;2025-04-02;2025-04-07;2025-04-08;2025-04-09;2025-04-11;2025-04-15;2025-04-23;2025-04-24;2025-04-25;2025-05-14;2025-05-16;2025-05-19;2025-05-20;2025-05-21;2025-06-04;2025-06-05;2025-06-11;2025-06-14;2025-06-17;2025-06-26;2025-06-27;2025-06-30;2025-07-01;2025-07-03;2025-07-08;2025-07-09;2025-07-17;2025-08-15;2025-08-18;2025-08-22;2025-09-04;2025-09-05;2025-09-09;2025-09-10;2025-09-12;2025-09-16;2025-10-03;2025-10-06;2025-10-08;2025-10-21;2025-10-23;2025-11-06,2024-08-20;2024-08-21;2024-08-24;2024-09-03;2024-09-24;2024-10-02;2024-10-15;2024-11-07;2024-11-12;2024-11-18;2025-01-27;2025-02-03;2025-02-06;2025-02-25;2025-04-03;2025-04-16;2025-04-17;2025-04-18;2025-04-22;2025-04-28;2025-05-22;2025-06-20;2025-07-15;2025-07-18;2025-10-02;2025-10-07;2025-11-07
372,20261289,374,2024-08-21;2024-08-22;2024-08-23;2024-08-24;2024-09-16;2024-09-24;2024-10-01;2024-10-02;2024-10-10;2024-10-11;2024-10-14;2024-10-15;2024-11-07;2024-11-11;2024-11-12;2024-11-15;2024-11-18;2024-12-09;2025-01-16;2025-02-03;2025-02-05;2025-02-06;2025-02-12;2025-02-25;2025-03-03;2025-03-12;2025-03-26;2025-03-28;2025-03-31;2025-04-01;2025-04-02;2025-04-03;2025-04-07;2025-04-08;2025-04-09;2025-04-11;2025-04-15;2025-04-16;2025-04-17;2025-04-18;2025-04-23;2025-04-24;2025-04-25;2025-04-28;2025-05-14;2025-05-16;2025-05-19;2025-05-20;2025-05-21;2025-05-22;2025-06-04;2025-06-05;2025-06-14;2025-06-17;2025-06-26;2025-06-27;2025-07-01;2025-07-08;2025-07-09;2025-07-15;2025-07-17;2025-07-18;2025-08-15;2025-08-18;2025-09-04;2025-09-05;2025-09-09;2025-09-10;2025-09-12;2025-09-16;2025-10-02;2025-10-03;2025-10-06;2025-10-07;2025-10-08;2025-10-21;2025-11-06;2025-11-07,2024-08-20;2024-08-27;2024-09-03;2024-10-07;2024-10-08;2024-10-16;2024-10-18;2024-10-24;2024-11-27;2024-12-13;2025-01-17;2025-01-27;2025-02-07;2025-02-10;2025-03-04;2025-03-05;2025-03-06;2025-03-11;2025-03-21;2025-03-27;2025-04-22;2025-06-11;2025-06-20;2025-06-30;2025-07-03;2025-08-22;2025-10-23
373,20261290,375,2024-08-21;2024-08-22;2024-08-23;2024-08-24;2024-09-03;2024-09-16;2024-09-24;2024-10-01;2024-10-07;2024-10-10;2024-10-11;2024-10-14;2024-10-15;2024-10-16;2024-10-24;2024-11-07;2024-11-11;2024-11-12;2024-11-15;2024-11-18;2024-12-09;2025-01-16;2025-01-17;2025-01-27;2025-02-03;2025-02-05;2025-02-06;2025-02-07;2025-02-10;2025-02-12;2025-02-25;2025-03-03;2025-03-04;2025-03-06;2025-03-12;2025-03-26;2025-03-27;2025-03-28;2025-03-31;2025-04-01;2025-04-03;2025-04-07;2025-04-08;2025-04-15;2025-04-17;2025-04-18;2025-04-22;2025-04-23;2025-04-24;2025-04-28;2025-05-16;2025-05-19;2025-05-20;2025-05-21;2025-05-22;2025-06-05;2025-06-11;2025-06-14;2025-06-17;2025-06-26;2025-06-27;2025-06-30;2025-07-01;2025-07-03;2025-07-15;2025-07-18;2025-08-22;2025-09-04;2025-09-05;2025-09-09;2025-09-10;2025-09-12;2025-10-03;2025-10-06;2025-10-07;2025-10-08;2025-10-23;2025-11-07,2024-08-20;2024-08-27;2024-10-02;2024-10-08;2024-10-18;2024-11-27;2024-12-13;2025-03-05;2025-03-11;2025-03-21;2025-04-02;2025-04-09;2025-04-11;2025-04-16;2025-04-25;2025-05-14;2025-06-04;2025-06-20;2025-07-08;2025-07-09;2025-07-17;2025-08-15;2025-08-18;2025-09-16;2025-10-02;2025-10-21;2025-11-06
374,20261291,376,2024-08-20;2024-08-21;2024-08-22;2024-08-27;2024-09-03;2024-10-01;2024-10-02;2024-10-07;2024-10-08;2024-10-10;2024-10-11;2024-10-14;2024-10-15;2024-10-18;2024-10-24;2024-11-07;2024-11-11;2024-11-12;2024-11-15;2024-11-18;2024-11-27;2024-12-09;2024-12-13;2025-01-16;2025-01-27;2025-02-03;2025-02-05;2025-02-10;2025-02-12;2025-02-25;2025-03-03;2025-03-04;2025-03-05;2025-03-21;2025-03-26;2025-03-27;2025-04-01;2025-04-02;2025-04-03;2025-04-07;2025-04-08;2025-04-16;2025-04-17;2025-04-22;2025-04-24;2025-04-28;2025-05-14;2025-05-16;2025-05-19;2025-05-20;2025-05-21;2025-05-22;2025-06-04;2025-06-05;2025-06-11;2025-06-14;2025-06-17;2025-06-20;2025-06-26;2025-06-27;2025-07-01;2025-07-15;2025-07-17;2025-07-18;2025-08-15;2025-08-18;2025-08-22;2025-09-09;2025-09-12;2025-09-16;2025-10-02;2025-10-03;2025-10-07;2025-10-08;2025-10-21;2025-10-23;2025-11-06;2025-11-07,2024-08-23;2024-08-24;2024-09-16;2024-09-24;2024-10-16;2025-01-17;2025-02-06;2025-02-07;2025-03-06;2025-03-11;2025-03-12;2025-03-28;2025-03-31;2025-04-09;2025-04-11;2025-04-15;2025-04-18;2025-04-23;2025-04-25;2025-06-30;2025-07-03;2025-07-08;2025-07-09;2025-09-04;2025-09-05;2025-09-10;2025-10-06
375,20261292,377,2024-08-20;2024-08-21;2024-08-24;2024-08-27;2024-09-16;2024-09-24;2024-10-01;2024-10-02;2024-10-07;2024-10-08;2024-10-11;2024-10-14;2024-10-15;2024-10-16;2024-10-18;2024-10-24;2024-11-07;2024-11-11;2024-11-12;2024-11-15;2024-11-18;2024-11-27;2024-12-09;2024-12-13;2025-01-16;2025-01-27;2025-02-05;2025-02-06;2025-02-07;2025-02-12;2025-02-25;2025-03-03;2025-03-04;2025-03-06;2025-03-11;2025-03-21;2025-03-31;2025-04-02;2025-04-03;2025-04-07;2025-04-08;2025-04-09;2025-04-11;2025-04-15;2025-04-16;2025-04-17;2025-04-23;2025-04-24;2025-05-16;2025-05-21;2025-05-22;2025-06-04;2025-06-05;2025-06-17;2025-06-26;2025-06-27;2025-06-30;2025-07-03;2025-07-09;2025-07-15;2025-07-17;2025-07-18;2025-08-15;2025-08-18;2025-08-22;2025-09-04;2025-09-05;2025-09-09;2025-09-12;2025-10-02;2025-10-03;2025-10-06;2025-10-07;2025-10-08;2025-10-21;2025-10-23;2025-11-06;2025-11-07,2024-08-22;2024-08-23;2024-09-03;2024-10-10;2025-01-17;2025-02-03;2025-02-10;2025-03-05;2025-03-12;2025-03-26;2025-03-27;2025-03-28;2025-04-01;2025-04-18;2025-04-22;2025-04-25;2025-04-28;2025-05-14;2025-05-19;2025-05-20;2025-06-11;2025-06-14;2025-06-20;2025-07-01;2025-07-08;2025-09-10;2025-09-16
376,20261293,378,2024-08-21;2024-08-23;2024-08-24;2024-08-27;2024-09-16;2024-09-24;2024-10-01;2024-10-02;2024-10-07;2024-10-08;2024-10-10;2024-10-11;2024-10-14;2024-10-15;2024-10-16;2024-10-18;2024-11-07;2024-11-11;2024-11-12;2024-11-18;2024-12-09;2024-12-13;2025-01-17;2025-02-03;2025-02-05;2025-02-06;2025-02-07;2025-03-03;2025-03-04;2025-03-05;2025-03-06;2025-03-11;2025-03-12;2025-03-21;2025-03-26;2025-03-27;2025-04-01;2025-04-03;2025-04-07;2025-04-08;2025-04-09;2025-04-15;2025-04-16;2025-04-17;2025-04-18;2025-04-22;2025-04-23;2025-04-24;2025-04-25;2025-04-28;2025-05-14;2025-05-16;2025-05-21;2025-06-04;2025-06-05;2025-06-11;2025-06-14;2025-06-20;2025-06-26;2025-06-27;2025-06-30;2025-07-01;2025-07-03;2025-07-15;2025-07-18;2025-08-18;2025-08-22;2025-09-04;2025-09-10;2025-09-12;2025-09-16;2025-10-02;2025-10-03;2025-10-06;2025-10-07;2025-10-08;2025-10-23;2025-11-07,2024-08-20;2024-08-22;2024-09-03;2024-10-24;2024-11-15;2024-11-27;2025-01-16;2025-01-27;2025-02-10;2025-02-12;2025-02-25;2025-03-28;2025-03-31;2025-04-02;2025-04-11;2025-05-19;2025-05-20;2025-05-22;2025-06-17;2025-07-08;2025-07-09;2025-07-17;2025-08-15;2025-09-05;2025-09-09;2025-10-21;2025-11-06
377,20261294,379,2024-08-20;2024-08-22;2024-08-23;2024-08-24;2024-08-27;2024-09-03;2024-09-24;2024-10-01;2024-10-02;2024-10-08;2024-10-10;2024-10-11;2024-10-14;2024-10-15;2024-10-16;2024-10-18;2024-10-24;2024-11-07;2024-11-11;2024-11-12;2024-11-15;2024-11-18;2024-11-27;2024-12-09;2024-12-13;2025-01-16;2025-01-17;2025-01-27;2025-02-05;2025-02-07;2025-02-12;2025-03-03;2025-03-04;2025-03-05;2025-03-06;2025-03-11;2025-03-12;2025-03-21;2025-03-26;2025-04-02;2025-04-03;2025-04-07;2025-04-08;2025-04-09;2025-04-11;2025-04-15;2025-04-16;2025-04-17;2025-04-18;2025-04-22;2025-04-23;2025-04-24;2025-04-25;2025-04-28;2025-05-14;2025-05-19;2025-05-20;2025-06-04;2025-06-05;2025-06-11;2025-06-14;2025-06-17;2025-06-26;2025-06-27;2025-06-30;2025-07-01;2025-07-09;2025-07-17;2025-09-04;2025-09-05;2025-09-09;2025-09-10;2025-09-12;2025-10-03;2025-10-08;2025-10-21;2025-10-23;2025-11-07,2024-08-21;2024-09-16;2024-10-07;2025-02-03;2025-02-06;2025-02-10;2025-02-25;2025-03-27;2025-03-28;2025-03-31;2025-04-01;2025-05-16;2025-05-21;2025-05-22;2025-06-20;2025-07-03;2025-07-08;2025-07-15;2025-07-18;2025-08-15;2025-08-18;2025-08-22;2025-09-16;2025-10-02;2025-10-06;2025-10-07;2025-11-06
378,20261295,380,2024-08-21;2024-08-22;2024-08-23;2024-08-24;2024-09-03;2024-09-16;2024-09-24;2024-10-01;2024-10-02;2024-10-07;2024-10-10;2024-10-11;2024-10-14;2024-10-15;2024-10-16;2024-10-18;2024-10-24;2024-11-07;2024-11-11;2024-11-12;2024-11-15;2024-11-18;2024-11-27;2024-12-09;2025-01-16;2025-01-17;2025-01-27;2025-02-05;2025-02-06;2025-02-07;2025-02-10;2025-02-25;2025-03-03;2025-03-05;2025-03-06;2025-03-12;2025-03-21;2025-03-27;2025-03-28;2025-04-01;2025-04-02;2025-04-08;2025-04-11;2025-04-15;2025-04-17;2025-04-22;2025-04-23;2025-04-24;2025-04-25;2025-04-28;2025-05-16;2025-05-19;2025-05-20;2025-05-22;2025-06-04;2025-06-05;2025-06-14;2025-06-26;2025-06-27;2025-06-30;2025-07-01;2025-07-03;2025-07-08;2025-07-09;2025-07-15;2025-08-15;2025-08-22;2025-09-04;2025-09-05;2025-09-09;2025-09-10;2025-09-12;2025-09-16;2025-10-02;2025-10-03;2025-10-07;2025-10-21;2025-10-23,2024-08-20;2024-08-27;2024-10-08;2024-12-13;2025-02-03;2025-02-12;2025-03-04;2025-03-11;2025-03-26;2025-03-31;2025-04-03;2025-04-07;2025-04-09;2025-04-16;2025-04-18;2025-05-14;2025-05-21;2025-06-11;2025-06-17;2025-06-20;2025-07-17;2025-07-18;2025-08-18;2025-10-06;2025-10-08;2025-11-06;2025-11-07
379,20261296,381,2024-08-20;2024-08-21;2024-08-22;2024-08-24;2024-08-27;2024-09-03;2024-09-16;2024-09-24;2024-10-01;2024-10-02;2024-10-08;2024-10-10;2024-10-11;2024-10-14;2024-10-16;2024-10-18;2024-10-24;2024-11-07;2024-11-11;2024-11-15;2024-11-18;2024-11-27;2024-12-09;2024-12-13;2025-01-17;2025-01-27;2025-02-03;2025-02-05;2025-02-06;2025-02-07;2025-02-10;2025-02-12;2025-02-25;2025-03-04;2025-03-06;2025-03-12;2025-03-21;2025-03-26;2025-03-27;2025-03-31;2025-04-01;2025-04-02;2025-04-07;2025-04-09;2025-04-15;2025-04-16;2025-04-17;2025-04-23;2025-04-25;2025-04-28;2025-05-16;2025-05-19;2025-05-20;2025-05-21;2025-06-11;2025-06-17;2025-06-20;2025-06-26;2025-06-27;2025-06-30;2025-07-01;2025-07-03;2025-07-09;2025-07-15;2025-07-18;2025-08-15;2025-08-18;2025-09-04;2025-09-05;2025-09-09;2025-09-10;2025-10-03;2025-10-06;2025-10-07;2025-10-21;2025-10-23;2025-11-06;2025-11-07,2024-08-23;2024-10-07;2024-10-15;2024-11-12;2025-01-16;2025-03-03;2025-03-05;2025-03-11;2025-03-28;2025-04-03;2025-04-08;2025-04-11;2025-04-18;2025-04-22;2025-04-24;2025-05-14;2025-05-22;2025-06-04;2025-06-05;2025-06-14;2025-07-08;2025-07-17;2025-08-22;2025-09-12;2025-09-16;2025-10-02;2025-10-08
380,20261297,382,2024-08-20;2024-08-22;2024-08-23;2024-08-24;2024-09-03;2024-10-01;2024-10-02;2024-10-07;2024-10-10;2024-10-11;2024-10-14;2024-10-16;2024-11-07;2024-11-11;2024-11-12;2024-11-15;2024-12-09;2024-12-13;2025-01-16;2025-01-17;2025-01-27;2025-02-03;2025-02-05;2025-02-06;2025-02-07;2025-02-10;2025-02-25;2025-03-03;2025-03-05;2025-03-06;2025-03-11;2025-03-21;2025-03-26;2025-03-28;2025-03-31;2025-04-02;2025-04-07;2025-04-09;2025-04-11;2025-04-15;2025-04-16;2025-04-17;2025-04-22;2025-04-23;2025-04-24;2025-04-25;2025-05-14;2025-05-16;2025-05-19;2025-05-20;2025-05-22;2025-06-04;2025-06-05;2025-06-11;2025-06-14;2025-06-17;2025-06-20;2025-06-27;2025-06-30;2025-07-01;2025-07-03;2025-07-08;2025-07-15;2025-07-17;2025-07-18;2025-08-15;2025-08-18;2025-08-22;2025-09-04;2025-09-09;2025-09-10;2025-09-16;2025-10-06;2025-10-08;2025-10-21;2025-10-23;2025-11-06;2025-11-07,2024-08-21;2024-08-27;2024-09-16;2024-09-24;2024-10-08;2024-10-15;2024-10-18;2024-10-24;2024-11-18;2024-11-27;2025-02-12;2025-03-04;2025-03-12;2025-03-27;2025-04-01;2025-04-03;2025-04-08;2025-04-18;2025-04-28;2025-05-21;2025-06-26;2025-07-09;2025-09-05;2025-09-12;2025-10-02;2025-10-03;2025-10-07
381,20261298,383,2024-08-20;2024-08-23;2024-08-24;2024-09-16;2024-09-24;2024-10-01;2024-10-02;2024-10-07;2024-10-08;2024-10-10;2024-10-11;2024-10-14;2024-10-15;2024-10-16;2024-11-07;2024-11-11;2024-11-12;2024-11-18;2024-11-27;2024-12-09;2024-12-13;2025-01-16;2025-01-17;2025-01-27;2025-02-05;2025-02-06;2025-02-07;2025-02-10;2025-02-12;2025-02-25;2025-03-03;2025-03-05;2025-03-06;2025-03-11;2025-03-12;2025-03-26;2025-03-27;2025-03-28;2025-03-31;2025-04-01;2025-04-02;2025-04-07;2025-04-08;2025-04-09;2025-04-11;2025-04-15;2025-04-18;2025-04-22;2025-04-23;2025-04-24;2025-04-28;2025-05-14;2025-05-19;2025-05-21;2025-05-22;2025-06-04;2025-06-14;2025-06-17;2025-06-20;2025-06-27;2025-07-01;2025-07-09;2025-07-17;2025-07-18;2025-08-15;2025-08-18;2025-08-22;2025-09-04;2025-09-05;2025-09-09;2025-09-16;2025-10-02;2025-10-03;2025-10-06;2025-10-08;2025-10-21;2025-10-23;2025-11-07,2024-08-21;2024-08-22;2024-08-27;2024-09-03;2024-10-18;2024-10-24;2024-11-15;2025-02-03;2025-03-04;2025-03-21;2025-04-03;2025-04-16;2025-04-17;2025-04-25;2025-05-16;2025-05-20;2025-06-05;2025-06-11;2025-06-26;2025-06-30;2025-07-03;2025-07-08;2025-07-15;2025-09-10;2025-09-12;2025-10-07;2025-11-06
382,20261299,384,2024-08-20;2024-08-21;2024-08-22;2024-08-23;2024-09-03;2024-09-16;2024-09-24;2024-10-01;2024-10-02;2024-10-07;2024-10-10;2024-10-11;2024-10-14;2024-10-15;2024-10-16;2024-10-18;2024-10-24;2024-11-07;2024-11-11;2024-11-12;2024-11-15;2024-11-27;2024-12-09;2025-01-27;2025-02-03;2025-02-05;2025-02-06;2025-02-12;2025-02-25;2025-03-03;2025-03-04;2025-03-05;2025-03-06;2025-03-11;2025-03-12;2025-03-21;2025-03-26;2025-03-27;2025-03-28;2025-03-31;2025-04-01;2025-04-02;2025-04-03;2025-04-07;2025-04-08;2025-04-09;2025-04-11;2025-04-15;2025-04-16;2025-04-18;2025-04-23;2025-04-24;2025-04-25;2025-04-28;2025-05-14;2025-05-19;2025-05-20;2025-05-21;2025-05-22;2025-06-04;2025-06-05;2025-06-11;2025-06-17;2025-06-20;2025-07-09;2025-07-15;2025-07-17;2025-08-15;2025-08-18;2025-08-22;2025-09-04;2025-09-10;2025-09-12;2025-09-16;2025-10-02;2025-10-03;2025-10-07;2025-10-21,2024-08-24;2024-08-27;2024-10-08;2024-11-18;2024-12-13;2025-01-16;2025-01-17;2025-02-07;2025-02-10;2025-04-17;2025-04-22;2025-05-16;2025-06-14;2025-06-26;2025-06-27;2025-06-30;2025-07-01;2025-07-03;2025-07-08;2025-07-18;2025-09-05;2025-09-09;2025-10-06;2025-10-08;2025-10-23;2025-11-06;2025-11-07
383,20261300,385,2024-08-20;2024-08-21;2024-08-22;2024-08-23;2024-08-24;2024-08-27;2024-09-16;2024-09-24;2024-10-02;2024-10-08;2024-10-11;2024-10-14;2024-10-15;2024-10-18;2024-10-24;2024-11-07;2024-11-11;2024-11-18;2024-12-13;2025-01-16;2025-01-17;2025-02-03;2025-02-05;2025-02-06;2025-02-07;2025-02-10;2025-02-12;2025-03-03;2025-03-04;2025-03-05;2025-03-11;2025-03-27;2025-03-28;2025-03-31;2025-04-01;2025-04-02;2025-04-07;2025-04-08;2025-04-09;2025-04-11;2025-04-15;2025-04-16;2025-04-17;2025-04-18;2025-04-22;2025-04-23;2025-04-28;2025-05-14;2025-05-16;2025-05-20;2025-05-21;2025-05-22;2025-06-04;2025-06-11;2025-06-14;2025-06-17;2025-06-20;2025-06-26;2025-06-27;2025-06-30;2025-07-01;2025-07-03;2025-07-09;2025-07-17;2025-07-18;2025-08-18;2025-08-22;2025-09-05;2025-09-09;2025-09-10;2025-09-16;2025-10-02;2025-10-03;2025-10-06;2025-10-08;2025-10-21;2025-11-06;2025-11-07,2024-09-03;2024-10-01;2024-10-07;2024-10-10;2024-10-16;2024-11-12;2024-11-15;2024-11-27;2024-12-09;2025-01-27;2025-02-25;2025-03-06;2025-03-12;2025-03-21;2025-03-26;2025-04-03;2025-04-24;2025-04-25;2025-05-19;2025-06-05;2025-07-08;2025-07-15;2025-08-15;2025-09-04;2025-09-12;2025-10-07;2025-10-23
384,20261301,386,2024-08-21;2024-08-22;2024-08-27;2024-09-03;2024-09-16;2024-09-24;2024-10-01;2024-10-07;2024-10-08;2024-10-10;2024-10-11;2024-10-14;2024-10-16;2024-10-18;2024-11-07;2024-11-11;2024-11-12;2024-11-27;2024-12-09;2024-12-13;2025-01-27;2025-02-06;2025-02-07;2025-02-10;2025-02-12;2025-02-25;2025-03-03;2025-03-04;2025-03-05;2025-03-06;2025-03-11;2025-03-12;2025-03-26;2025-03-27;2025-03-28;2025-03-31;2025-04-02;2025-04-03;2025-04-07;2025-04-08;2025-04-09;2025-04-11;2025-04-15;2025-04-16;2025-04-23;2025-04-24;2025-04-28;2025-05-14;2025-05-16;2025-05-19;2025-05-20;2025-05-22;2025-06-04;2025-06-11;2025-06-14;2025-06-17;2025-06-20;2025-06-26;2025-06-27;2025-07-01;2025-07-08;2025-07-09;2025-08-15;2025-08-18;2025-08-22;2025-09-05;2025-09-09;2025-09-10;2025-09-12;2025-09-16;2025-10-02;2025-10-03;2025-10-06;2025-10-08;2025-10-21;2025-10-23;2025-11-06;2025-11-07,2024-08-20;2024-08-23;2024-08-24;2024-10-02;2024-10-15;2024-10-24;2024-11-15;2024-11-18;2025-01-16;2025-01-17;2025-02-03;2025-02-05;2025-03-21;2025-04-01;2025-04-17;2025-04-18;2025-04-22;2025-04-25;2025-05-21;2025-06-05;2025-06-30;2025-07-03;2025-07-15;2025-07-17;2025-07-18;2025-09-04;2025-10-07
385,20261302,387,2024-08-20;2024-08-21;2024-08-23;2024-08-24;2024-09-03;2024-09-16;2024-09-24;2024-10-01;2024-10-02;2024-10-08;2024-10-10;2024-10-11;2024-10-14;2024-10-15;2024-10-16;2024-10-18;2024-10-24;2024-11-11;2024-11-12;2024-11-15;2024-11-18;2024-11-27;2024-12-13;2025-01-16;2025-01-17;2025-01-27;2025-02-03;2025-02-05;2025-02-06;2025-02-12;2025-03-04;2025-03-06;2025-03-12;2025-03-21;2025-03-28;2025-04-01;2025-04-07;2025-04-08;2025-04-09;2025-04-11;2025-04-15;2025-04-16;2025-04-17;2025-04-18;2025-04-22;2025-04-23;2025-04-24;2025-04-25;2025-05-14;2025-05-16;2025-05-19;2025-05-22;2025-06-04;2025-06-11;2025-06-14;2025-06-27;2025-06-30;2025-07-01;2025-07-03;2025-07-08;2025-07-09;2025-07-15;2025-07-18;2025-08-18;2025-08-22;2025-09-04;2025-09-05;2025-09-09;2025-09-10;2025-09-12;2025-09-16;2025-10-03;2025-10-07;2025-10-08;2025-10-21;2025-10-23;2025-11-06;2025-11-07,2024-08-22;2024-08-27;2024-10-07;2024-11-07;2024-12-09;2025-02-07;2025-02-10;2025-02-25;2025-03-03;2025-03-05;2025-03-11;2025-03-26;2025-03-27;2025-03-31;2025-04-02;2025-04-03;2025-04-28;2025-05-20;2025-05-21;2025-06-05;2025-06-17;2025-06-20;2025-06-26;2025-07-17;2025-08-15;2025-10-02;2025-10-06
386,20261303,388,2024-08-21;2024-08-22;2024-08-23;2024-08-24;2024-08-27;2024-09-03;2024-09-16;2024-09-24;2024-10-01;2024-10-02;2024-10-07;2024-10-10;2024-10-14;2024-10-15;2024-10-18;2024-10-24;2024-11-07;2024-11-11;2024-11-12;2024-11-15;2024-11-18;2024-11-27;2024-12-09;2025-01-16;2025-01-17;2025-01-27;2025-02-03;2025-02-06;2025-02-10;2025-02-25;2025-03-03;2025-03-05;2025-03-11;2025-03-12;2025-03-26;2025-03-27;2025-03-28;2025-04-01;2025-04-08;2025-04-11;2025-04-15;2025-04-16;2025-04-18;2025-04-22;2025-04-24;2025-04-25;2025-05-14;2025-05-16;2025-05-19;2025-05-20;2025-05-22;2025-06-04;2025-06-05;2025-06-11;2025-06-14;2025-06-17;2025-06-20;2025-06-26;2025-06-30;2025-07-01;2025-07-03;2025-07-08;2025-07-09;2025-07-15;2025-07-17;2025-07-18;2025-08-15;2025-08-18;2025-09-04;2025-09-05;2025-09-09;2025-09-10;2025-09-16;2025-10-02;2025-10-06;2025-10-07;2025-10-08;2025-11-06,2024-08-20;2024-10-08;2024-10-11;2024-10-16;2024-12-13;2025-02-05;2025-02-07;2025-02-12;2025-03-04;2025-03-06;2025-03-21;2025-03-31;2025-04-02;2025-04-03;2025-04-07;2025-04-09;2025-04-17;2025-04-23;2025-04-28;2025-05-21;2025-06-27;2025-08-22;2025-09-12;2025-10-03;2025-10-21;2025-10-23;2025-11-07
387,20261304,389,2024-08-22;2024-08-23;2024-08-24;2024-08-27;2024-09-16;2024-09-24;2024-10-02;2024-10-07;2024-10-10;2024-10-11;2024-10-14;2024-10-15;2024-10-16;2024-10-18;2024-10-24;2024-11-11;2024-11-18;2024-11-27;2024-12-09;2024-12-13;2025-01-16;2025-01-27;2025-02-03;2025-02-05;2025-02-07;2025-02-10;2025-02-12;2025-02-25;2025-03-03;2025-03-04;2025-03-05;2025-03-06;2025-03-12;2025-03-21;2025-03-27;2025-03-31;2025-04-01;2025-04-02;2025-04-03;2025-04-07;2025-04-15;2025-04-16;2025-04-17;2025-04-18;2025-04-22;2025-04-23;2025-04-24;2025-04-25;2025-05-14;2025-05-16;2025-05-19;2025-05-20;2025-05-21;2025-05-22;2025-06-04;2025-06-05;2025-06-11;2025-06-14;2025-06-17;2025-06-20;2025-07-01;2025-07-03;2025-07-08;2025-07-09;2025-07-15;2025-07-17;2025-07-18;2025-08-18;2025-09-04;2025-09-05;2025-09-09;2025-09-10;2025-10-02;2025-10-06;2025-10-08;2025-10-21;2025-10-23;2025-11-07,2024-08-20;2024-08-21;2024-09-03;2024-10-01;2024-10-08;2024-11-07;2024-11-12;2024-11-15;2025-01-17;2025-02-06;2025-03-11;2025-03-26;2025-03-28;2025-04-08;2025-04-09;2025-04-11;2025-04-28;2025-06-26;2025-06-27;2025-06-30;2025-08-15;2025-08-22;2025-09-12;2025-09-16;2025-10-03;2025-10-07;2025-11-06
388,20261305,390,2024-08-20;2024-08-23;2024-08-24;2024-08-27;2024-09-03;2024-09-16;2024-09-24;2024-10-01;2024-10-02;2024-10-07;2024-10-08;2024-10-10;2024-10-11;2024-10-14;2024-10-15;2024-10-16;2024-10-18;2024-11-07;2024-11-11;2024-11-18;2024-11-27;2025-01-16;2025-01-17;2025-01-27;2025-02-05;2025-02-06;2025-02-07;2025-02-25;2025-03-03;2025-03-05;2025-03-06;2025-03-11;2025-03-21;2025-03-26;2025-03-28;2025-03-31;2025-04-01;2025-04-03;2025-04-07;2025-04-09;2025-04-15;2025-04-16;2025-04-18;2025-04-23;2025-04-24;2025-04-25;2025-04-28;2025-05-14;2025-05-16;2025-05-20;2025-05-21;2025-05-22;2025-06-04;2025-06-05;2025-06-11;2025-06-14;2025-06-17;2025-06-20;2025-06-30;2025-07-01;2025-07-03;2025-07-08;2025-07-09;2025-07-15;2025-07-18;2025-08-15;2025-08-18;2025-08-22;2025-09-05;2025-09-09;2025-09-10;2025-09-16;2025-10-02;2025-10-03;2025-10-07;2025-10-21;2025-10-23;2025-11-07,2024-08-21;2024-08-22;2024-10-24;2024-11-12;2024-11-15;2024-12-09;2024-12-13;2025-02-03;2025-02-10;2025-02-12;2025-03-04;2025-03-12;2025-03-27;2025-04-02;2025-04-08;2025-04-11;2025-04-17;2025-04-22;2025-05-19;2025-06-26;2025-06-27;2025-07-17;2025-09-04;2025-09-12;2025-10-06;2025-10-08;2025-11-06
389,20261306,391,2024-08-20;2024-08-21;2024-08-22;2024-08-23;2024-08-24;2024-08-27;2024-09-16;2024-09-24;2024-10-01;2024-10-07;2024-10-08;2024-10-11;2024-10-15;2024-10-16;2024-10-18;2024-10-24;2024-11-12;2024-11-18;2024-11-27;2024-12-09;2025-01-16;2025-01-17;2025-01-27;2025-02-03;2025-02-07;2025-02-10;2025-03-04;2025-03-05;2025-03-06;2025-03-11;2025-03-12;2025-03-21;2025-03-27;2025-03-28;2025-03-31;2025-04-03;2025-04-07;2025-04-08;2025-04-09;2025-04-11;2025-04-15;2025-04-16;2025-04-17;2025-04-24;2025-05-14;2025-05-19;2025-05-20;2025-05-21;2025-05-22;2025-06-04;2025-06-05;2025-06-11;2025-06-14;2025-06-17;2025-06-27;2025-06-30;2025-07-01;2025-07-08;2025-07-09;2025-07-15;2025-07-17;2025-08-15;2025-08-18;2025-08-22;2025-09-04;2025-09-05;2025-09-09;2025-09-10;2025-09-12;2025-09-16;2025-10-02;2025-10-03;2025-10-06;2025-10-07;2025-10-08;2025-10-21;2025-10-23;2025-11-06,2024-09-03;2024-10-02;2024-10-10;2024-10-14;2024-11-07;2024-11-11;2024-11-15;2024-12-13;2025-02-05;2025-02-06;2025-02-12;2025-02-25;2025-03-03;2025-03-26;2025-04-01;2025-04-02;2025-04-18;2025-04-22;2025-04-23;2025-04-25;2025-04-28;2025-05-16;2025-06-20;2025-06-26;2025-07-03;2025-07-18;2025-11-07
390,20261307,392,2024-08-21;2024-08-22;2024-08-23;2024-08-27;2024-09-03;2024-09-16;2024-09-24;2024-10-01;2024-10-02;2024-10-07;2024-10-10;2024-10-11;2024-10-14;2024-10-24;2024-11-07;2024-11-11;2024-11-12;2024-11-15;2024-11-18;2024-11-27;2024-12-09;2024-12-13;2025-01-16;2025-02-03;2025-02-05;2025-02-07;2025-02-10;2025-02-12;2025-02-25;2025-03-03;2025-03-11;2025-03-12;2025-03-21;2025-03-27;2025-03-28;2025-03-31;2025-04-03;2025-04-07;2025-04-09;2025-04-11;2025-04-15;2025-04-16;2025-04-17;2025-04-18;2025-04-22;2025-04-24;2025-04-25;2025-04-28;2025-05-14;2025-05-19;2025-05-21;2025-05-22;2025-06-04;2025-06-05;2025-06-11;2025-06-14;2025-06-20;2025-06-27;2025-06-30;2025-07-01;2025-07-03;2025-07-08;2025-07-09;2025-08-15;2025-08-18;2025-08-22;2025-09-04;2025-09-05;2025-09-09;2025-09-16;2025-10-02;2025-10-03;2025-10-06;2025-10-07;2025-10-08;2025-10-21;2025-10-23;2025-11-07,2024-08-20;2024-08-24;2024-10-08;2024-10-15;2024-10-16;2024-10-18;2025-01-17;2025-01-27;2025-02-06;2025-03-04;2025-03-05;2025-03-06;2025-03-26;2025-04-01;2025-04-02;2025-04-08;2025-04-23;2025-05-16;2025-05-20;2025-06-17;2025-06-26;2025-07-15;2025-07-17;2025-07-18;2025-09-10;2025-09-12;2025-11-06
391,20261308,393,2024-08-21;2024-08-22;2024-08-27;2024-09-03;2024-09-24;2024-10-01;2024-10-02;2024-10-07;2024-10-08;2024-10-10;2024-10-14;2024-10-15;2024-10-16;2024-10-18;2024-10-24;2024-11-07;2024-11-11;2024-11-12;2025-01-17;2025-01-27;2025-02-03;2025-02-05;2025-02-06;2025-02-07;2025-02-10;2025-02-25;2025-03-03;2025-03-06;2025-03-11;2025-03-12;2025-03-21;2025-03-26;2025-03-28;2025-03-31;2025-04-01;2025-04-02;2025-04-07;2025-04-08;2025-04-11;2025-04-15;2025-04-16;2025-04-17;2025-04-18;2025-04-22;2025-04-23;2025-04-24;2025-04-25;2025-04-28;2025-05-19;2025-05-21;2025-06-04;2025-06-05;2025-06-11;2025-06-14;2025-06-20;2025-06-26;2025-06-27;2025-06-30;2025-07-01;2025-07-03;2025-07-08;2025-07-15;2025-07-18;2025-08-15;2025-08-18;2025-08-22;2025-09-04;2025-09-05;2025-09-09;2025-09-10;2025-09-12;2025-10-02;2025-10-03;2025-10-06;2025-10-07;2025-10-08;2025-10-21;2025-10-23,2024-08-20;2024-08-23;2024-08-24;2024-09-16;2024-10-11;2024-11-15;2024-11-18;2024-11-27;2024-12-09;2024-12-13;2025-01-16;2025-02-12;2025-03-04;2025-03-05;2025-03-27;2025-04-03;2025-04-09;2025-05-14;2025-05-16;2025-05-20;2025-05-22;2025-06-17;2025-07-09;2025-07-17;2025-09-16;2025-11-06;2025-11-07
392,20261309,394,2024-08-20;2024-08-21;2024-08-22;2024-08-23;2024-08-27;2024-09-03;2024-09-16;2024-10-01;2024-10-02;2024-10-07;2024-10-10;2024-10-14;2024-10-15;2024-10-18;2024-11-12;2024-11-15;2024-11-27;2024-12-09;2024-12-13;2025-01-16;2025-01-27;2025-02-03;2025-02-05;2025-02-07;2025-02-10;2025-02-12;2025-02-25;2025-03-03;2025-03-04;2025-03-05;2025-03-06;2025-03-11;2025-03-21;2025-03-26;2025-03-28;2025-03-31;2025-04-01;2025-04-02;2025-04-07;2025-04-08;2025-04-09;2025-04-15;2025-04-17;2025-04-22;2025-04-23;2025-04-24;2025-04-25;2025-04-28;2025-05-14;2025-05-16;2025-05-20;2025-05-21;2025-05-22;2025-06-04;2025-06-05;2025-06-11;2025-06-14;2025-06-20;2025-06-26;2025-07-01;2025-07-03;2025-07-08;2025-07-09;2025-07-17;2025-07-18;2025-08-15;2025-08-18;2025-08-22;2025-09-04;2025-09-05;2025-09-09;2025-09-16;2025-10-02;2025-10-03;2025-10-07;2025-10-08;2025-11-06;2025-11-07,2024-08-24;2024-09-24;2024-10-08;2024-10-11;2024-10-16;2024-10-24;2024-11-07;2024-11-11;2024-11-18;2025-01-17;2025-02-06;2025-03-12;2025-03-27;2025-04-03;2025-04-11;2025-04-16;2025-04-18;2025-05-19;2025-06-17;2025-06-27;2025-06-30;2025-07-15;2025-09-10;2025-09-12;2025-10-06;2025-10-21;2025-10-23
393,20261310,395,2024-08-20;2024-08-21;2024-08-23;2024-08-27;2024-09-03;2024-09-16;2024-09-24;2024-10-01;2024-10-02;2024-10-07;2024-10-11;2024-10-14;2024-10-15;2024-10-16;2024-10-18;2024-11-11;2024-11-12;2024-11-15;2024-11-18;2024-11-27;2024-12-09;2024-12-13;2025-01-17;2025-02-03;2025-02-05;2025-02-06;2025-02-10;2025-02-12;2025-02-25;2025-03-04;2025-03-05;2025-03-06;2025-03-11;2025-03-12;2025-03-21;2025-03-26;2025-03-27;2025-03-28;2025-03-31;2025-04-01;2025-04-02;2025-04-03;2025-04-07;2025-04-08;2025-04-09;2025-04-11;2025-04-15;2025-04-16;2025-04-17;2025-04-18;2025-04-22;2025-05-14;2025-05-19;2025-05-21;2025-06-04;2025-06-11;2025-06-14;2025-06-17;2025-06-20;2025-06-26;2025-06-30;2025-07-09;2025-07-15;2025-07-17;2025-07-18;2025-08-15;2025-08-18;2025-08-22;2025-09-05;2025-09-10;2025-09-12;2025-09-16;2025-10-06;2025-10-07;2025-10-08;2025-10-21;2025-10-23;2025-11-07,2024-08-22;2024-08-24;2024-10-08;2024-10-10;2024-10-24;2024-11-07;2025-01-16;2025-01-27;2025-02-07;2025-03-03;2025-04-23;2025-04-24;2025-04-25;2025-04-28;2025-05-16;2025-05-20;2025-05-22;2025-06-05;2025-06-27;2025-07-01;2025-07-03;2025-07-08;2025-09-04;2025-09-09;2025-10-02;2025-10-03;2025-11-06
394,20261311,396,2024-08-20;2024-08-21;2024-08-22;2024-08-23;2024-08-24;2024-08-27;2024-09-03;2024-09-16;2024-10-01;2024-10-02;2024-10-07;2024-10-10;2024-10-11;2024-10-15;2024-10-16;2024-10-24;2024-11-11;2024-11-12;2024-11-15;2024-11-18;2024-11-27;2024-12-09;2024-12-13;2025-01-16;2025-02-03;2025-02-05;2025-02-06;2025-02-07;2025-02-12;2025-02-25;2025-03-04;2025-03-05;2025-03-06;2025-03-11;2025-03-26;2025-03-27;2025-03-28;2025-03-31;2025-04-01;2025-04-03;2025-04-07;2025-04-08;2025-04-11;2025-04-16;2025-04-22;2025-04-23;2025-04-28;2025-05-16;2025-05-19;2025-05-20;2025-05-21;2025-06-04;2025-06-05;2025-06-11;2025-06-14;2025-06-17;2025-06-20;2025-06-27;2025-06-30;2025-07-01;2025-07-03;2025-07-15;2025-07-17;2025-07-18;2025-08-18;2025-08-22;2025-09-04;2025-09-05;2025-09-09;2025-09-10;2025-09-12;2025-09-16;2025-10-02;2025-10-06;2025-10-08;2025-10-21;2025-11-06;2025-11-07,2024-09-24;2024-10-08;2024-10-14;2024-10-18;2024-11-07;2025-01-17;2025-01-27;2025-02-10;2025-03-03;2025-03-12;2025-03-21;2025-04-02;2025-04-09;2025-04-15;2025-04-17;2025-04-18;2025-04-24;2025-04-25;2025-05-14;2025-05-22;2025-06-26;2025-07-08;2025-07-09;2025-08-15;2025-10-03;2025-10-07;2025-10-23
395,20261312,397,2024-08-20;2024-08-21;2024-08-22;2024-08-23;2024-08-24;2024-09-03;2024-09-16;2024-09-24;2024-10-07;2024-10-08;2024-10-10;2024-10-11;2024-10-14;2024-10-16;2024-10-18;2024-11-07;2024-11-11;2024-11-12;2024-11-15;2024-11-27;2024-12-09;2024-12-13;2025-01-16;2025-02-05;2025-02-06;2025-02-07;2025-02-10;2025-02-25;2025-03-03;2025-03-04;2025-03-05;2025-03-06;2025-03-12;2025-03-21;2025-03-26;2025-03-28;2025-04-01;2025-04-02;2025-04-07;2025-04-08;2025-04-09;2025-04-11;2025-04-16;2025-04-17;2025-04-18;2025-04-22;2025-04-23;2025-04-25;2025-04-28;2025-05-14;2025-05-16;2025-05-19;2025-05-22;2025-06-04;2025-06-05;2025-06-11;2025-06-14;2025-06-26;2025-06-30;2025-07-03;2025-07-08;2025-07-09;2025-07-15;2025-07-17;2025-07-18;2025-09-04;2025-09-05;2025-09-09;2025-09-10;2025-09-12;2025-09-16;2025-10-02;2025-10-03;2025-10-06;2025-10-08;2025-10-21;2025-10-23;2025-11-07,2024-08-27;2024-10-01;2024-10-02;2024-10-15;2024-10-24;2024-11-18;2025-01-17;2025-01-27;2025-02-03;2025-02-12;2025-03-11;2025-03-27;2025-03-31;2025-04-03;2025-04-15;2025-04-24;2025-05-20;2025-05-21;2025-06-17;2025-06-20;2025-06-27;2025-07-01;2025-08-15;2025-08-18;2025-08-22;2025-10-07;2025-11-06
396,20261313,398,2024-08-21;2024-08-22;2024-08-24;2024-08-27;2024-09-03;2024-09-16;2024-10-01;2024-10-02;2024-10-08;2024-10-10;2024-10-11;2024-10-14;2024-10-16;2024-10-18;2024-10-24;2024-11-07;2024-11-12;2024-11-15;2024-11-18;2024-12-09;2025-01-27;2025-02-05;2025-02-06;2025-02-07;2025-02-10;2025-02-25;2025-03-03;2025-03-04;2025-03-06;2025-03-11;2025-03-12;2025-03-21;2025-03-26;2025-03-28;2025-03-31;2025-04-01;2025-04-02;2025-04-07;2025-04-08;2025-04-11;2025-04-15;2025-04-16;2025-04-17;2025-04-18;2025-04-22;2025-04-24;2025-04-25;2025-04-28;2025-05-14;2025-05-19;2025-05-20;2025-05-21;2025-05-22;2025-06-04;2025-06-05;2025-06-11;2025-06-14;2025-06-17;2025-06-26;2025-06-27;2025-06-30;2025-07-01;2025-07-03;2025-07-08;2025-07-09;2025-07-15;2025-07-17;2025-08-18;2025-09-04;2025-09-05;2025-09-10;2025-09-12;2025-09-16;2025-10-06;2025-10-07;2025-10-08;2025-10-23;2025-11-07,2024-08-20;2024-08-23;2024-09-24;2024-10-07;2024-10-15;2024-11-11;2024-11-27;2024-12-13;2025-01-16;2025-01-17;2025-02-03;2025-02-12;2025-03-05;2025-03-27;2025-04-03;2025-04-09;2025-04-23;2025-05-16;2025-06-20;2025-07-18;2025-08-15;2025-08-22;2025-09-09;2025-10-02;2025-10-03;2025-10-21;2025-11-06
397,20261314,399,2024-08-20;2024-08-21;2024-08-22;2024-08-24;2024-08-27;2024-09-03;2024-09-16;2024-09-24;2024-10-01;2024-10-07;2024-10-08;2024-10-10;2024-10-11;2024-10-14;2024-10-15;2024-10-16;2024-11-07;2024-11-11;2024-11-18;2024-11-27;2024-12-09;2024-12-13;2025-01-16;2025-02-03;2025-02-06;2025-02-10;2025-02-12;2025-02-25;2025-03-05;2025-03-11;2025-03-12;2025-03-21;2025-03-27;2025-03-28;2025-03-31;2025-04-01;2025-04-03;2025-04-08;2025-04-09;2025-04-11;2025-04-16;2025-04-18;2025-04-22;2025-04-23;2025-04-24;2025-04-25;2025-04-28;2025-05-14;2025-05-16;2025-05-19;2025-05-20;2025-05-21;2025-05-22;2025-06-04;2025-06-14;2025-06-17;2025-06-20;2025-06-26;2025-06-30;2025-07-01;2025-07-03;2025-07-08;2025-07-17;2025-07-18;2025-08-15;2025-08-18;2025-08-22;2025-09-04;2025-09-05;2025-09-10;2025-09-12;2025-09-16;2025-10-02;2025-10-06;2025-10-08;2025-10-23;2025-11-06;2025-11-07,2024-08-23;2024-10-02;2024-10-18;2024-10-24;2024-11-12;2024-11-15;2025-01-17;2025-01-27;2025-02-05;2025-02-07;2025-03-03;2025-03-04;2025-03-06;2025-03-26;2025-04-02;2025-04-07;2025-04-15;2025-04-17;2025-06-05;2025-06-11;2025-06-27;2025-07-09;2025-07-15;2025-09-09;2025-10-03;2025-10-07;2025-10-21
398,20261315,400,2024-08-20;2024-08-22;2024-08-23;2024-08-24;2024-08-27;2024-09-03;2024-09-24;2024-10-02;2024-10-07;2024-10-11;2024-10-14;2024-10-15;2024-10-16;2024-10-18;2024-10-24;2024-11-07;2024-11-11;2024-11-15;2024-11-18;2024-12-09;2025-01-17;2025-01-27;2025-02-03;2025-02-06;2025-02-07;2025-02-10;2025-02-12;2025-02-25;2025-03-03;2025-03-04;2025-03-06;2025-03-11;2025-03-21;2025-03-26;2025-03-28;2025-03-31;2025-04-01;2025-04-03;2025-04-07;2025-04-08;2025-04-11;2025-04-15;2025-04-16;2025-04-17;2025-04-22;2025-04-23;2025-04-24;2025-04-25;2025-04-28;2025-05-14;2025-05-16;2025-05-19;2025-05-20;2025-05-21;2025-05-22;2025-06-04;2025-06-05;2025-06-20;2025-06-26;2025-06-27;2025-06-30;2025-07-01;2025-07-03;2025-07-08;2025-07-09;2025-07-15;2025-07-17;2025-07-18;2025-08-15;2025-08-18;2025-09-05;2025-09-10;2025-09-16;2025-10-02;2025-10-03;2025-10-08;2025-10-21;2025-10-23,2024-08-21;2024-09-16;2024-10-01;2024-10-08;2024-10-10;2024-11-12;2024-11-27;2024-12-13;2025-01-16;2025-02-05;2025-03-05;2025-03-12;2025-03-27;2025-04-02;2025-04-09;2025-04-18;2025-06-11;2025-06-14;2025-06-17;2025-08-22;2025-09-04;2025-09-09;2025-09-12;2025-10-06;2025-10-07;2025-11-06;2025-11-07
399,20261316,401,2024-08-20;2024-08-21;2024-08-22;2024-08-24;2024-08-27;2024-09-03;2024-09-16;2024-09-24;2024-10-01;2024-10-02;2024-10-08;2024-10-10;2024-10-11;2024-10-14;2024-10-16;2024-10-18;2024-11-07;2024-11-11;2024-11-12;2024-11-15;2024-11-27;2024-12-09;2024-12-13;2025-01-16;2025-01-27;2025-02-03;2025-02-07;2025-02-10;2025-02-12;2025-02-25;2025-03-03;2025-03-04;2025-03-12;2025-03-26;2025-03-27;2025-03-28;2025-03-31;2025-04-01;2025-04-02;2025-04-07;2025-04-22;2025-04-24;2025-04-25;2025-05-14;2025-05-16;2025-05-19;2025-05-20;2025-05-21;2025-05-22;2025-06-04;2025-06-11;2025-06-14;2025-06-17;2025-06-27;2025-07-01;2025-07-03;2025-07-08;2025-07-09;2025-07-15;2025-07-17;2025-07-18;2025-08-15;2025-08-18;2025-08-22;2025-09-04;2025-09-05;2025-09-09;2025-09-10;2025-09-16;2025-10-02;2025-10-03;2025-10-06;2025-10-07;2025-10-08;2025-10-21;2025-10-23;2025-11-06;2025-11-07,2024-08-23;2024-10-07;2024-10-15;2024-10-24;2024-11-18;2025-01-17;2025-02-05;2025-02-06;2025-03-05;2025-03-06;2025-03-11;2025-03-21;2025-04-03;2025-04-08;2025-04-09;2025-04-11;2025-04-15;2025-04-16;2025-04-17;2025-04-18;2025-04-23;2025-04-28;2025-06-05;2025-06-20;2025-06-26;2025-06-30;2025-09-12
400,20261317,402,2024-08-22;2024-08-23;2024-08-24;2024-08-27;2024-09-03;2024-09-16;2024-10-01;2024-10-02;2024-10-07;2024-10-08;2024-10-11;2024-10-15;2024-10-16;2024-11-11;2024-11-12;2024-11-15;2024-11-27;2024-12-09;2024-12-13;2025-01-16;2025-01-17;2025-02-03;2025-02-05;2025-02-06;2025-02-07;2025-02-10;2025-02-12;2025-02-25;2025-03-03;2025-03-04;2025-03-05;2025-03-06;2025-03-11;2025-03-21;2025-03-26;2025-03-28;2025-03-31;2025-04-01;2025-04-02;2025-04-03;2025-04-08;2025-04-09;2025-04-15;2025-04-16;2025-04-17;2025-04-22;2025-04-23;2025-04-24;2025-04-25;2025-04-28;2025-05-14;2025-05-16;2025-05-19;2025-05-20;2025-05-21;2025-05-22;2025-06-04;2025-06-14;2025-06-26;2025-07-01;2025-07-03;2025-07-08;2025-07-09;2025-07-15;2025-07-17;2025-08-18;2025-08-22;2025-09-04;2025-09-05;2025-09-10;2025-09-12;2025-09-16;2025-10-02;2025-10-03;2025-10-06;2025-10-07;2025-10-21;2025-11-06,2024-08-20;2024-08-21;2024-09-24;2024-10-10;2024-10-14;2024-10-18;2024-10-24;2024-11-07;2024-11-18;2025-01-27;2025-03-12;2025-03-27;2025-04-07;2025-04-11;2025-04-18;2025-06-05;2025-06-11;2025-06-17;2025-06-20;2025-06-27;2025-06-30;2025-07-18;2025-08-15;2025-09-09;2025-10-08;2025-10-23;2025-11-07
401,20261318,403,2024-08-20;2024-08-21;2024-08-22;2024-08-23;2024-08-27;2024-09-16;2024-10-01;2024-10-02;2024-10-08;2024-10-10;2024-10-14;2024-10-15;2024-10-16;2024-11-07;2024-11-11;2024-11-15;2024-12-09;2024-12-13;2025-01-16;2025-01-17;2025-01-27;2025-02-03;2025-02-05;2025-02-06;2025-02-07;2025-02-10;2025-03-05;2025-03-06;2025-03-12;2025-03-21;2025-03-26;2025-03-27;2025-03-31;2025-04-01;2025-04-02;2025-04-03;2025-04-07;2025-04-09;2025-04-11;2025-04-15;2025-04-18;2025-04-22;2025-04-23;2025-04-24;2025-04-25;2025-04-28;2025-05-14;2025-05-16;2025-05-19;2025-05-21;2025-05-22;2025-06-04;2025-06-05;2025-06-11;2025-06-14;2025-06-17;2025-06-20;2025-06-26;2025-07-01;2025-07-03;2025-07-08;2025-07-09;2025-07-15;2025-07-17;2025-07-18;2025-08-18;2025-08-22;2025-09-05;2025-09-09;2025-09-10;2025-09-12;2025-09-16;2025-10-02;2025-10-03;2025-10-07;2025-10-21;2025-11-06;2025-11-07,2024-08-24;2024-09-03;2024-09-24;2024-10-07;2024-10-11;2024-10-18;2024-10-24;2024-11-12;2024-11-18;2024-11-27;2025-02-12;2025-02-25;2025-03-03;2025-03-04;2025-03-11;2025-03-28;2025-04-08;2025-04-16;2025-04-17;2025-05-20;2025-06-27;2025-06-30;2025-08-15;2025-09-04;2025-10-06;2025-10-08;2025-10-23
402,20261319,404,2024-08-21;2024-08-23;2024-08-24;2024-09-03;2024-09-16;2024-09-24;2024-10-01;2024-10-02;2024-10-07;2024-10-08;2024-10-10;2024-10-16;2024-10-18;2024-10-24;2024-11-07;2024-11-11;2024-11-12;2024-11-15;2024-11-27;2024-12-09;2024-12-13;2025-01-16;2025-01-17;2025-02-03;2025-02-06;2025-02-07;2025-02-10;2025-02-12;2025-02-25;2025-03-03;2025-03-04;2025-03-05;2025-03-06;2025-03-11;2025-03-12;2025-03-21;2025-03-26;2025-03-27;2025-03-28;2025-03-31;2025-04-01;2025-04-02;2025-04-03;2025-04-07;2025-04-09;2025-04-11;2025-04-22;2025-04-23;2025-04-24;2025-04-25;2025-05-14;2025-05-16;2025-05-19;2025-05-20;2025-05-22;2025-06-14;2025-06-17;2025-06-26;2025-06-27;2025-06-30;2025-07-01;2025-07-03;2025-07-08;2025-07-09;2025-07-18;2025-08-15;2025-08-18;2025-08-22;2025-09-04;2025-09-05;2025-09-09;2025-09-12;2025-10-03;2025-10-06;2025-10-07;2025-10-21;2025-10-23;2025-11-06,2024-08-20;2024-08-22;2024-08-27;2024-10-11;2024-10-14;2024-10-15;2024-11-18;2025-01-27;2025-02-05;2025-04-08;2025-04-15;2025-04-16;2025-04-17;2025-04-18;2025-04-28;2025-05-21;2025-06-04;2025-06-05;2025-06-11;2025-06-20;2025-07-15;2025-07-17;2025-09-10;2025-09-16;2025-10-02;2025-10-08;2025-11-07
403,20261320,405,2024-08-20;2024-08-21;2024-08-22;2024-08-23;2024-08-24;2024-08-27;2024-09-16;2024-09-24;2024-10-01;2024-10-02;2024-10-07;2024-10-10;2024-10-11;2024-10-14;2024-10-16;2024-10-24;2024-11-07;2024-11-15;2024-11-18;2024-11-27;2024-12-09;2024-12-13;2025-01-16;2025-01-17;2025-02-03;2025-02-05;2025-02-07;2025-02-10;2025-02-12;2025-02-25;2025-03-03;2025-03-05;2025-03-06;2025-03-12;2025-03-21;2025-03-26;2025-03-27;2025-03-31;2025-04-01;2025-04-07;2025-04-08;2025-04-11;2025-04-18;2025-04-22;2025-04-23;2025-04-24;2025-04-28;2025-05-14;2025-05-16;2025-05-19;2025-05-20;2025-05-21;2025-05-22;2025-06-04;2025-06-05;2025-06-11;2025-06-14;2025-06-20;2025-07-01;2025-07-03;2025-07-08;2025-07-09;2025-07-17;2025-07-18;2025-08-15;2025-08-18;2025-08-22;2025-09-04;2025-09-09;2025-09-10;2025-09-12;2025-09-16;2025-10-02;2025-10-03;2025-10-07;2025-10-21;2025-10-23;2025-11-07,2024-09-03;2024-10-08;2024-10-15;2024-10-18;2024-11-11;2024-11-12;2025-01-27;2025-02-06;2025-03-04;2025-03-11;2025-03-28;2025-04-02;2025-04-03;2025-04-09;2025-04-15;2025-04-16;2025-04-17;2025-04-25;2025-06-17;2025-06-26;2025-06-27;2025-06-30;2025-07-15;2025-09-05;2025-10-06;2025-10-08;2025-11-06
404,20261321,406,2024-08-20;2024-08-21;2024-08-22;2024-08-23;2024-08-27;2024-09-03;2024-09-16;2024-09-24;2024-10-02;2024-10-07;2024-10-10;2024-10-11;2024-10-14;2024-10-15;2024-10-16;2024-10-18;2024-10-24;2024-11-07;2024-11-11;2024-11-15;2024-11-27;2024-12-09;2024-12-13;2025-01-16;2025-01-17;2025-01-27;2025-02-05;2025-02-06;2025-02-07;2025-02-10;2025-02-12;2025-03-03;2025-03-05;2025-03-06;2025-03-27;2025-03-28;2025-03-31;2025-04-02;2025-04-03;2025-04-07;2025-04-08;2025-04-11;2025-04-15;2025-04-16;2025-04-17;2025-04-18;2025-04-22;2025-04-23;2025-04-25;2025-04-28;2025-05-14;2025-05-16;2025-05-19;2025-05-20;2025-05-21;2025-05-22;2025-06-14;2025-06-17;2025-06-26;2025-06-27;2025-06-30;2025-07-01;2025-07-08;2025-07-09;2025-07-17;2025-08-15;2025-09-04;2025-09-05;2025-09-09;2025-09-10;2025-09-12;2025-09-16;2025-10-06;2025-10-07;2025-10-08;2025-10-21;2025-10-23;2025-11-06,2024-08-24;2024-10-01;2024-10-08;2024-11-12;2024-11-18;2025-02-03;2025-02-25;2025-03-04;2025-03-11;2025-03-12;2025-03-21;2025-03-26;2025-04-01;2025-04-09;2025-04-24;2025-06-04;2025-06-05;2025-06-11;2025-06-20;2025-07-03;2025-07-15;2025-07-18;2025-08-18;2025-08-22;2025-10-02;2025-10-03;2025-11-07
405,20261322,407,2024-08-20;2024-08-21;2024-08-22;2024-08-23;2024-08-24;2024-08-27;2024-09-03;2024-09-16;2024-10-01;2024-10-02;2024-10-07;2024-10-10;2024-10-14;2024-10-15;2024-10-16;2024-10-18;2024-10-24;2024-11-07;2024-11-11;2024-11-12;2024-11-15;2024-11-18;2024-12-13;2025-01-17;2025-02-03;2025-02-06;2025-02-12;2025-02-25;2025-03-03;2025-03-04;2025-03-05;2025-03-11;2025-03-21;2025-03-26;2025-03-27;2025-03-31;2025-04-01;2025-04-03;2025-04-07;2025-04-08;2025-04-09;2025-04-11;2025-04-15;2025-04-16;2025-04-17;2025-04-22;2025-04-24;2025-04-25;2025-05-14;2025-05-19;2025-05-21;2025-05-22;2025-06-04;2025-06-05;2025-06-14;2025-06-17;2025-06-20;2025-06-26;2025-06-27;2025-06-30;2025-07-01;2025-07-03;2025-07-08;2025-07-09;2025-07-17;2025-07-18;2025-08-15;2025-08-18;2025-08-22;2025-09-05;2025-09-12;2025-10-03;2025-10-06;2025-10-07;2025-10-08;2025-10-21;2025-10-23;2025-11-07,2024-09-24;2024-10-08;2024-10-11;2024-11-27;2024-12-09;2025-01-16;2025-01-27;2025-02-05;2025-02-07;2025-02-10;2025-03-06;2025-03-12;2025-03-28;2025-04-02;2025-04-18;2025-04-23;2025-04-28;2025-05-16;2025-05-20;2025-06-11;2025-07-15;2025-09-04;2025-09-09;2025-09-10;2025-09-16;2025-10-02;2025-11-06
406,20261323,408,2024-08-23;2024-08-24;2024-08-27;2024-09-03;2024-09-24;2024-10-01;2024-10-02;2024-10-07;2024-10-10;2024-10-14;2024-10-15;2024-10-18;2024-10-24;2024-11-12;2024-11-15;2024-11-18;2024-11-27;2024-12-09;2024-12-13;2025-01-16;2025-01-17;2025-01-27;2025-02-03;2025-02-05;2025-02-06;2025-02-07;2025-02-10;2025-02-25;2025-03-04;2025-03-05;2025-03-06;2025-03-12;2025-03-21;2025-03-26;2025-03-27;2025-03-28;2025-03-31;2025-04-02;2025-04-08;2025-04-15;2025-04-16;2025-04-17;2025-04-18;2025-04-22;2025-04-23;2025-04-24;2025-04-25;2025-04-28;2025-05-14;2025-05-16;2025-05-19;2025-05-20;2025-05-21;2025-05-22;2025-06-04;2025-06-14;2025-06-17;2025-06-20;2025-06-26;2025-06-27;2025-07-03;2025-07-08;2025-07-15;2025-07-17;2025-07-18;2025-08-18;2025-09-04;2025-09-09;2025-09-10;2025-09-12;2025-09-16;2025-10-02;2025-10-06;2025-10-07;2025-10-08;2025-10-21;2025-10-23;2025-11-06,2024-08-20;2024-08-21;2024-08-22;2024-09-16;2024-10-08;2024-10-11;2024-10-16;2024-11-07;2024-11-11;2025-02-12;2025-03-03;2025-03-11;2025-04-01;2025-04-03;2025-04-07;2025-04-09;2025-04-11;2025-06-05;2025-06-11;2025-06-30;2025-07-01;2025-07-09;2025-08-15;2025-08-22;2025-09-05;2025-10-03;2025-11-07
407,20261324,409,2024-08-21;2024-08-24;2024-08-27;2024-09-03;2024-09-16;2024-09-24;2024-10-01;2024-10-02;2024-10-07;2024-10-08;2024-10-10;2024-10-15;2024-10-18;2024-10-24;2024-11-07;2024-11-11;2024-11-15;2024-11-18;2024-12-09;2024-12-13;2025-01-16;2025-02-05;2025-02-07;2025-02-10;2025-02-12;2025-02-25;2025-03-04;2025-03-05;2025-03-11;2025-03-21;2025-03-26;2025-03-28;2025-04-01;2025-04-02;2025-04-03;2025-04-07;2025-04-08;2025-04-09;2025-04-11;2025-04-15;2025-04-16;2025-04-17;2025-04-18;2025-04-22;2025-04-23;2025-04-24;2025-04-25;2025-05-19;2025-05-21;2025-05-22;2025-06-05;2025-06-11;2025-06-14;2025-06-17;2025-06-20;2025-06-27;2025-07-01;2025-07-03;2025-07-08;2025-07-09;2025-07-15;2025-07-17;2025-07-18;2025-08-18;2025-08-22;2025-09-04;2025-09-05;2025-09-10;2025-09-12;2025-10-02;2025-10-03;2025-10-06;2025-10-07;2025-10-08;2025-10-21;2025-10-23;2025-11-06;2025-11-07,2024-08-20;2024-08-22;2024-08-23;2024-10-11;2024-10-14;2024-10-16;2024-11-12;2024-11-27;2025-01-17;2025-01-27;2025-02-03;2025-02-06;2025-03-03;2025-03-06;2025-03-12;2025-03-27;2025-03-31;2025-04-28;2025-05-14;2025-05-16;2025-05-20;2025-06-04;2025-06-26;2025-06-30;2025-08-15;2025-09-09;2025-09-16
408,20261325,410,2024-08-20;2024-08-21;2024-08-22;2024-08-23;2024-08-24;2024-09-03;2024-09-16;2024-09-24;2024-10-01;2024-10-07;2024-10-10;2024-10-11;2024-10-14;2024-10-15;2024-10-16;2024-10-18;2024-10-24;2024-11-07;2024-11-11;2024-11-15;2024-11-27;2024-12-13;2025-01-16;2025-01-27;2025-02-03;2025-02-05;2025-02-06;2025-02-07;2025-02-10;2025-02-12;2025-02-25;2025-03-03;2025-03-04;2025-03-06;2025-03-11;2025-03-12;2025-03-21;2025-03-27;2025-03-31;2025-04-01;2025-04-02;2025-04-03;2025-04-07;2025-04-09;2025-04-11;2025-04-15;2025-04-16;2025-04-17;2025-04-18;2025-04-23;2025-04-24;2025-04-28;2025-05-14;2025-05-19;2025-05-20;2025-05-21;2025-05-22;2025-06-04;2025-06-05;2025-06-17;2025-06-26;2025-06-30;2025-07-01;2025-07-03;2025-07-09;2025-07-15;2025-07-17;2025-07-18;2025-08-15;2025-08-22;2025-09-04;2025-09-05;2025-09-09;2025-09-10;2025-10-06;2025-10-21;2025-10-23;2025-11-06,2024-08-27;2024-10-02;2024-10-08;2024-11-12;2024-11-18;2024-12-09;2025-01-17;2025-03-05;2025-03-26;2025-03-28;2025-04-08;2025-04-22;2025-04-25;2025-05-16;2025-06-11;2025-06-14;2025-06-20;2025-06-27;2025-07-08;2025-08-18;2025-09-12;2025-09-16;2025-10-02;2025-10-03;2025-10-07;2025-10-08;2025-11-07
409,20261326,411,2024-08-22;2024-08-23;2024-08-24;2024-09-03;2024-09-16;2024-09-24;2024-10-01;2024-10-11;2024-10-14;2024-10-15;2024-10-16;2024-10-18;2024-11-11;2024-11-15;2024-11-18;2024-11-27;2024-12-09;2024-12-13;2025-01-16;2025-01-17;2025-01-27;2025-02-03;2025-02-06;2025-02-07;2025-02-10;2025-03-03;2025-03-04;2025-03-05;2025-03-06;2025-03-11;2025-03-21;2025-03-27;2025-03-31;2025-04-02;2025-04-03;2025-04-07;2025-04-08;2025-04-11;2025-04-15;2025-04-16;2025-04-17;2025-04-22;2025-04-23;2025-04-24;2025-04-25;2025-04-28;2025-05-14;2025-05-19;2025-05-20;2025-05-22;2025-06-04;2025-06-05;2025-06-11;2025-06-17;2025-06-20;2025-06-26;2025-06-27;2025-06-30;2025-07-01;2025-07-08;2025-07-09;2025-07-15;2025-07-17;2025-07-18;2025-08-18;2025-08-22;2025-09-09;2025-09-10;2025-09-12;2025-09-16;2025-10-02;2025-10-03;2025-10-06;2025-10-07;2025-10-08;2025-10-23;2025-11-06;2025-11-07,2024-08-20;2024-08-21;2024-08-27;2024-10-02;2024-10-07;2024-10-08;2024-10-10;2024-10-24;2024-11-07;2024-11-12;2025-02-05;2025-02-12;2025-02-25;2025-03-12;2025-03-26;2025-03-28;2025-04-01;2025-04-09;2025-04-18;2025-05-16;2025-05-21;2025-06-14;2025-07-03;2025-08-15;2025-09-04;2025-09-05;2025-10-21
410,20261327,412,2024-08-20;2024-08-21;2024-08-22;2024-08-23;2024-08-27;2024-09-03;2024-09-16;2024-10-01;2024-10-08;2024-10-10;2024-10-11;2024-10-14;2024-10-15;2024-10-16;2024-10-18;2024-10-24;2024-11-07;2024-11-11;2024-11-12;2024-12-09;2025-01-27;2025-02-03;2025-02-05;2025-02-06;2025-02-07;2025-02-12;2025-02-25;2025-03-03;2025-03-05;2025-03-06;2025-03-11;2025-03-12;2025-03-26;2025-03-31;2025-04-01;2025-04-03;2025-04-07;2025-04-09;2025-04-15;2025-04-16;2025-04-17;2025-04-22;2025-04-24;2025-04-25;2025-05-14;2025-05-16;2025-05-19;2025-05-21;2025-05-22;2025-06-05;2025-06-11;2025-06-14;2025-06-17;2025-06-20;2025-06-27;2025-06-30;2025-07-01;2025-07-03;2025-07-09;2025-07-15;2025-07-17;2025-08-18;2025-08-22;2025-09-04;2025-09-05;2025-09-09;2025-09-10;2025-09-12;2025-09-16;2025-10-02;2025-10-03;2025-10-06;2025-10-07;2025-10-08;2025-10-21;2025-10-23;2025-11-06;2025-11-07,2024-08-24;2024-09-24;2024-10-02;2024-10-07;2024-11-15;2024-11-18;2024-11-27;2024-12-13;2025-01-16;2025-01-17;2025-02-10;2025-03-04;2025-03-21;2025-03-27;2025-03-28;2025-04-02;2025-04-08;2025-04-11;2025-04-18;2025-04-23;2025-04-28;2025-05-20;2025-06-04;2025-06-26;2025-07-08;2025-07-18;2025-08-15
411,20261328,413,2024-08-20;2024-08-21;2024-08-22;2024-08-23;2024-08-24;2024-08-27;2024-09-03;2024-09-24;2024-10-01;2024-10-02;2024-10-07;2024-10-08;2024-10-11;2024-10-14;2024-10-16;2024-10-18;2024-10-24;2024-11-11;2024-11-12;2024-11-18;2024-11-27;2024-12-09;2024-12-13;2025-01-17;2025-01-27;2025-02-03;2025-02-06;2025-02-07;2025-02-10;2025-02-25;2025-03-03;2025-03-04;2025-03-05;2025-03-06;2025-03-11;2025-03-12;2025-03-21;2025-03-27;2025-03-31;2025-04-01;2025-04-02;2025-04-03;2025-04-07;2025-04-09;2025-04-11;2025-04-22;2025-04-23;2025-04-25;2025-04-28;2025-05-16;2025-05-19;2025-05-21;2025-05-22;2025-06-04;2025-06-14;2025-06-20;2025-06-27;2025-06-30;2025-07-01;2025-07-03;2025-07-08;2025-07-09;2025-07-17;2025-07-18;2025-08-15;2025-08-18;2025-08-22;2025-09-04;2025-09-05;2025-10-02;2025-10-03;2025-10-06;2025-10-07;2025-10-08;2025-10-21;2025-10-23;2025-11-06;2025-11-07,2024-09-16;2024-10-10;2024-10-15;2024-11-07;2024-11-15;2025-01-16;2025-02-05;2025-02-12;2025-03-26;2025-03-28;2025-04-08;2025-04-15;2025-04-16;2025-04-17;2025-04-18;2025-04-24;2025-05-14;2025-05-20;2025-06-05;2025-06-11;2025-06-17;2025-06-26;2025-07-15;2025-09-09;2025-09-10;2025-09-12;2025-09-16
412,20261329,414,2024-08-20;2024-08-21;2024-08-22;2024-08-24;2024-08-27;2024-09-03;2024-09-16;2024-10-01;2024-10-02;2024-10-07;2024-10-10;2024-10-15;2024-10-16;2024-10-18;2024-10-24;2024-11-12;2024-11-15;2024-11-18;2024-11-27;2024-12-09;2024-12-13;2025-01-16;2025-01-17;2025-01-27;2025-02-05;2025-02-06;2025-02-12;2025-02-25;2025-03-03;2025-03-04;2025-03-11;2025-03-12;2025-03-26;2025-03-27;2025-03-31;2025-04-01;2025-04-02;2025-04-07;2025-04-08;2025-04-09;2025-04-15;2025-04-16;2025-04-18;2025-04-22;2025-04-23;2025-04-24;2025-04-25;2025-04-28;2025-05-16;2025-05-19;2025-05-21;2025-05-22;2025-06-04;2025-06-05;2025-06-14;2025-06-20;2025-06-26;2025-06-27;2025-06-30;2025-07-01;2025-07-03;2025-07-09;2025-07-15;2025-07-17;2025-07-18;2025-08-15;2025-08-18;2025-09-04;2025-09-05;2025-09-09;2025-09-10;2025-09-12;2025-10-02;2025-10-06;2025-10-07;2025-10-08;2025-10-21;2025-11-06,2024-08-23;2024-09-24;2024-10-08;2024-10-11;2024-10-14;2024-11-07;2024-11-11;2025-02-03;2025-02-07;2025-02-10;2025-03-05;2025-03-06;2025-03-21;2025-03-28;2025-04-03;2025-04-11;2025-04-17;2025-05-14;2025-05-20;2025-06-11;2025-06-17;2025-07-08;2025-08-22;2025-09-16;2025-10-03;2025-10-23;2025-11-07
413,20261330,415,2024-08-21;2024-08-22;2024-08-24;2024-08-27;2024-09-03;2024-09-24;2024-10-01;2024-10-02;2024-10-08;2024-10-10;2024-10-11;2024-10-14;2024-10-15;2024-10-16;2024-10-18;2024-10-24;2024-11-07;2024-11-18;2024-11-27;2024-12-09;2025-01-16;2025-01-17;2025-01-27;2025-02-03;2025-02-05;2025-02-06;2025-02-07;2025-02-10;2025-02-12;2025-02-25;2025-03-03;2025-03-05;2025-03-06;2025-03-12;2025-03-21;2025-03-28;2025-04-01;2025-04-02;2025-04-03;2025-04-07;2025-04-08;2025-04-09;2025-04-11;2025-04-15;2025-04-16;2025-04-22;2025-04-23;2025-04-24;2025-04-25;2025-04-28;2025-05-19;2025-05-20;2025-05-22;2025-06-04;2025-06-05;2025-06-11;2025-06-14;2025-06-20;2025-06-30;2025-07-09;2025-07-15;2025-07-17;2025-07-18;2025-08-15;2025-08-18;2025-08-22;2025-09-05;2025-09-10;2025-09-12;2025-09-16;2025-10-02;2025-10-03;2025-10-06;2025-10-07;2025-10-08;2025-10-21;2025-11-06;2025-11-07,2024-08-20;2024-08-23;2024-09-16;2024-10-07;2024-11-11;2024-11-12;2024-11-15;2024-12-13;2025-03-04;2025-03-11;2025-03-26;2025-03-27;2025-03-31;2025-04-17;2025-04-18;2025-05-14;2025-05-16;2025-05-21;2025-06-17;2025-06-26;2025-06-27;2025-07-01;2025-07-03;2025-07-08;2025-09-04;2025-09-09;2025-10-23
414,20261331,416,2024-08-21;2024-08-23;2024-08-27;2024-09-03;2024-09-24;2024-10-02;2024-10-07;2024-10-08;2024-10-10;2024-10-11;2024-10-14;2024-10-15;2024-10-16;2024-10-18;2024-10-24;2024-11-12;2024-11-15;2024-11-18;2024-11-27;2024-12-09;2025-01-16;2025-01-17;2025-01-27;2025-02-03;2025-02-05;2025-02-06;2025-02-07;2025-02-12;2025-02-25;2025-03-05;2025-03-06;2025-03-11;2025-03-12;2025-03-21;2025-03-26;2025-03-27;2025-03-28;2025-03-31;2025-04-01;2025-04-03;2025-04-07;2025-04-08;2025-04-11;2025-04-15;2025-04-16;2025-04-17;2025-04-18;2025-04-28;2025-05-19;2025-05-20;2025-05-22;2025-06-04;2025-06-05;2025-06-11;2025-06-14;2025-06-17;2025-06-20;2025-06-26;2025-06-27;2025-06-30;2025-07-01;2025-07-03;2025-07-09;2025-07-15;2025-07-18;2025-08-15;2025-09-05;2025-09-09;2025-09-12;2025-09-16;2025-10-02;2025-10-03;2025-10-06;2025-10-08;2025-10-21;2025-10-23;2025-11-06;2025-11-07,2024-08-20;2024-08-22;2024-08-24;2024-09-16;2024-10-01;2024-11-07;2024-11-11;2024-12-13;2025-02-10;2025-03-03;2025-03-04;2025-04-02;2025-04-09;2025-04-22;2025-04-23;2025-04-24;2025-04-25;2025-05-14;2025-05-16;2025-05-21;2025-07-08;2025-07-17;2025-08-18;2025-08-22;2025-09-04;2025-09-10;2025-10-07
415,20261332,417,2024-08-20;2024-08-21;2024-08-23;2024-08-24;2024-08-27;2024-09-03;2024-09-16;2024-09-24;2024-10-01;2024-10-02;2024-10-08;2024-10-10;2024-10-11;2024-10-14;2024-10-15;2024-10-18;2024-11-11;2024-11-12;2024-11-15;2024-11-18;2024-11-27;2024-12-09;2024-12-13;2025-01-16;2025-01-17;2025-02-03;2025-02-05;2025-02-06;2025-02-07;2025-02-10;2025-02-12;2025-03-03;2025-03-11;2025-03-12;2025-03-21;2025-03-26;2025-03-27;2025-03-28;2025-04-01;2025-04-03;2025-04-09;2025-04-15;2025-04-16;2025-04-17;2025-04-18;2025-04-22;2025-04-24;2025-04-25;2025-05-14;2025-05-16;2025-05-20;2025-05-21;2025-06-04;2025-06-05;2025-06-14;2025-06-20;2025-06-27;2025-06-30;2025-07-01;2025-07-08;2025-07-09;2025-07-17;2025-07-18;2025-08-15;2025-08-18;2025-09-05;2025-09-10;2025-09-12;2025-09-16;2025-10-02;2025-10-03;2025-10-06;2025-10-07;2025-10-08;2025-10-21;2025-10-23;2025-11-06;2025-11-07,2024-08-22;2024-10-07;2024-10-16;2024-10-24;2024-11-07;2025-01-27;2025-02-25;2025-03-04;2025-03-05;2025-03-06;2025-03-31;2025-04-02;2025-04-07;2025-04-08;2025-04-11;2025-04-23;2025-04-28;2025-05-19;2025-05-22;2025-06-11;2025-06-17;2025-06-26;2025-07-03;2025-07-15;2025-08-22;2025-09-04;2025-09-09
416,20261333,418,2024-08-20;2024-08-21;2024-08-23;2024-08-24;2024-09-03;2024-09-24;2024-10-01;2024-10-07;2024-10-10;2024-10-11;2024-10-14;2024-10-16;2024-10-18;2024-10-24;2024-11-07;2024-11-11;2024-11-15;2024-11-27;2024-12-09;2025-01-16;2025-01-17;2025-01-27;2025-02-03;2025-02-12;2025-02-25;2025-03-03;2025-03-04;2025-03-05;2025-03-06;2025-03-11;2025-03-12;2025-03-21;2025-03-26;2025-03-27;2025-03-28;2025-03-31;2025-04-01;2025-04-03;2025-04-08;2025-04-15;2025-04-16;2025-04-17;2025-04-18;2025-04-22;2025-04-23;2025-04-24;2025-05-14;2025-05-16;2025-05-19;2025-05-20;2025-05-21;2025-06-04;2025-06-05;2025-06-11;2025-06-14;2025-06-17;2025-06-20;2025-06-26;2025-07-01;2025-07-03;2025-07-08;2025-07-09;2025-07-17;2025-07-18;2025-08-15;2025-08-18;2025-08-22;2025-09-04;2025-09-05;2025-09-09;2025-09-10;2025-09-16;2025-10-03;2025-10-07;2025-10-08;2025-10-21;2025-10-23;2025-11-07,2024-08-22;2024-08-27;2024-09-16;2024-10-02;2024-10-08;2024-10-15;2024-11-12;2024-11-18;2024-12-13;2025-02-05;2025-02-06;2025-02-07;2025-02-10;2025-04-02;2025-04-07;2025-04-09;2025-04-11;2025-04-25;2025-04-28;2025-05-22;2025-06-27;2025-06-30;2025-07-15;2025-09-12;2025-10-02;2025-10-06;2025-11-06
417,20261334,419,2024-08-20;2024-08-21;2024-08-22;2024-08-23;2024-08-24;2024-08-27;2024-09-16;2024-09-24;2024-10-01;2024-10-07;2024-10-10;2024-10-14;2024-10-15;2024-10-16;2024-10-18;2024-10-24;2024-11-07;2024-11-11;2024-11-12;2024-11-18;2024-11-27;2024-12-09;2024-12-13;2025-01-16;2025-01-17;2025-02-03;2025-02-05;2025-02-07;2025-02-12;2025-02-25;2025-03-03;2025-03-04;2025-03-05;2025-03-06;2025-03-12;2025-03-21;2025-03-26;2025-04-01;2025-04-02;2025-04-07;2025-04-08;2025-04-11;2025-04-15;2025-04-16;2025-04-18;2025-04-23;2025-04-24;2025-04-25;2025-05-16;2025-05-19;2025-05-20;2025-05-21;2025-05-22;2025-06-04;2025-06-05;2025-06-11;2025-06-20;2025-06-26;2025-06-27;2025-06-30;2025-07-01;2025-07-03;2025-07-17;2025-07-18;2025-08-18;2025-09-04;2025-09-05;2025-09-09;2025-09-10;2025-09-12;2025-10-02;2025-10-03;2025-10-07;2025-10-08;2025-10-21;2025-10-23;2025-11-06;2025-11-07,2024-09-03;2024-10-02;2024-10-08;2024-10-11;2024-11-15;2025-01-27;2025-02-06;2025-02-10;2025-03-11;2025-03-27;2025-03-28;2025-03-31;2025-04-03;2025-04-09;2025-04-17;2025-04-22;2025-04-28;2025-05-14;2025-06-14;2025-06-17;2025-07-08;2025-07-09;2025-07-15;2025-08-15;2025-08-22;2025-09-16;2025-10-06
418,20261335,420,2024-08-22;2024-08-23;2024-08-27;2024-09-03;2024-09-16;2024-09-24;2024-10-01;2024-10-07;2024-10-10;2024-10-11;2024-10-14;2024-10-15;2024-10-16;2024-10-18;2024-11-07;2024-11-11;2024-11-12;2024-11-15;2024-11-27;2024-12-09;2024-12-13;2025-01-16;2025-01-17;2025-01-27;2025-02-05;2025-02-07;2025-02-10;2025-02-12;2025-03-03;2025-03-06;2025-03-11;2025-03-21;2025-03-27;2025-03-28;2025-03-31;2025-04-01;2025-04-07;2025-04-08;2025-04-09;2025-04-15;2025-04-16;2025-04-17;2025-04-23;2025-04-24;2025-04-28;2025-05-14;2025-05-16;2025-05-19;2025-05-21;2025-05-22;2025-06-05;2025-06-11;2025-06-14;2025-06-17;2025-06-20;2025-06-26;2025-06-27;2025-07-01;2025-07-03;2025-07-08;2025-07-09;2025-07-15;2025-07-17;2025-07-18;2025-08-15;2025-08-18;2025-08-22;2025-09-09;2025-09-10;2025-09-12;2025-09-16;2025-10-02;2025-10-03;2025-10-07;2025-10-08;2025-10-23;2025-11-06;2025-11-07,2024-08-20;2024-08-21;2024-08-24;2024-10-02;2024-10-08;2024-10-24;2024-11-18;2025-02-03;2025-02-06;2025-02-25;2025-03-04;2025-03-05;2025-03-12;2025-03-26;2025-04-02;2025-04-03;2025-04-11;2025-04-18;2025-04-22;2025-04-25;2025-05-20;2025-06-04;2025-06-30;2025-09-04;2025-09-05;2025-10-06;2025-10-21
419,20261336,421,2024-08-21;2024-08-22;2024-08-23;2024-09-16;2024-10-01;2024-10-07;2024-10-08;2024-10-10;2024-10-11;2024-10-15;2024-10-16;2024-10-18;2024-10-24;2024-11-11;2024-11-18;2024-11-27;2024-12-09;2025-01-16;2025-02-03;2025-02-05;2025-02-06;2025-02-07;2025-02-10;2025-02-12;2025-02-25;2025-03-03;2025-03-04;2025-03-05;2025-03-11;2025-03-26;2025-03-27;2025-03-28;2025-03-31;2025-04-01;2025-04-02;2025-04-11;2025-04-15;2025-04-16;2025-04-17;2025-04-18;2025-04-22;2025-04-23;2025-04-24;2025-04-25;2025-04-28;2025-05-14;2025-05-16;2025-05-19;2025-05-20;2025-05-22;2025-06-05;2025-06-11;2025-06-20;2025-06-26;2025-06-30;2025-07-01;2025-07-08;2025-07-09;2025-07-15;2025-07-17;2025-07-18;2025-08-15;2025-08-18;2025-08-22;2025-09-04;2025-09-09;2025-09-10;2025-09-12;2025-09-16;2025-10-02;2025-10-03;2025-10-06;2025-10-07;2025-10-08;2025-10-21;2025-10-23;2025-11-06;2025-11-07,2024-08-20;2024-08-24;2024-08-27;2024-09-03;2024-09-24;2024-10-02;2024-10-14;2024-11-07;2024-11-12;2024-11-15;2024-12-13;2025-01-17;2025-01-27;2025-03-06;2025-03-12;2025-03-21;2025-04-03;2025-04-07;2025-04-08;2025-04-09;2025-05-21;2025-06-04;2025-06-14;2025-06-17;2025-06-27;2025-07-03;2025-09-05
420,20261337,422,2024-08-20;2024-08-21;2024-08-22;2024-08-23;2024-08-27;2024-09-03;2024-09-16;2024-09-24;2024-10-01;2024-10-02;2024-10-07;2024-10-08;2024-10-10;2024-10-15;2024-10-16;2024-10-24;2024-11-07;2024-11-11;2024-11-15;2024-11-27;2024-12-09;2025-01-17;2025-02-03;2025-02-05;2025-02-07;2025-02-10;2025-02-25;2025-03-03;2025-03-04;2025-03-05;2025-03-11;2025-03-21;2025-03-26;2025-03-31;2025-04-01;2025-04-02;2025-04-03;2025-04-08;2025-04-11;2025-04-15;2025-04-18;2025-04-22;2025-04-23;2025-04-24;2025-04-28;2025-05-14;2025-05-16;2025-05-19;2025-05-20;2025-05-21;2025-06-04;2025-06-05;2025-06-11;2025-06-17;2025-06-20;2025-06-27;2025-06-30;2025-07-01;2025-07-03;2025-07-08;2025-07-17;2025-07-18;2025-08-15;2025-08-18;2025-08-22;2025-09-04;2025-09-05;2025-09-09;2025-09-10;2025-09-12;2025-09-16;2025-10-06;2025-10-07;2025-10-08;2025-10-21;2025-10-23;2025-11-06;2025-11-07,2024-08-24;2024-10-11;2024-10-14;2024-10-18;2024-11-12;2024-11-18;2024-12-13;2025-01-16;2025-01-27;2025-02-06;2025-02-12;2025-03-06;2025-03-12;2025-03-27;2025-03-28;2025-04-07;2025-04-09;2025-04-16;2025-04-17;2025-04-25;2025-05-22;2025-06-14;2025-06-26;2025-07-09;2025-07-15;2025-10-02;2025-10-03
421,20261338,423,2024-08-20;2024-08-21;2024-08-22;2024-08-24;2024-08-27;2024-09-03;2024-10-01;2024-10-07;2024-10-08;2024-10-10;2024-10-11;2024-10-14;2024-10-24;2024-11-07;2024-11-11;2024-11-12;2024-11-15;2024-11-18;2024-11-27;2024-12-13;2025-01-17;2025-01-27;2025-02-05;2025-02-06;2025-02-07;2025-02-10;2025-02-12;2025-02-25;2025-03-03;2025-03-04;2025-03-05;2025-03-06;2025-03-11;2025-03-12;2025-03-26;2025-03-27;2025-03-28;2025-03-31;2025-04-01;2025-04-02;2025-04-07;2025-04-08;2025-04-09;2025-04-15;2025-04-16;2025-04-17;2025-04-23;2025-04-25;2025-04-28;2025-05-14;2025-05-16;2025-05-20;2025-05-21;2025-05-22;2025-06-05;2025-06-11;2025-06-14;2025-06-26;2025-06-30;2025-07-01;2025-07-03;2025-07-08;2025-07-15;2025-07-17;2025-07-18;2025-08-15;2025-08-18;2025-09-04;2025-09-05;2025-09-09;2025-09-10;2025-10-02;2025-10-03;2025-10-06;2025-10-07;2025-10-08;2025-10-21;2025-10-23,2024-08-23;2024-09-16;2024-09-24;2024-10-02;2024-10-15;2024-10-16;2024-10-18;2024-12-09;2025-01-16;2025-02-03;2025-03-21;2025-04-03;2025-04-11;2025-04-18;2025-04-22;2025-04-24;2025-05-19;2025-06-04;2025-06-17;2025-06-20;2025-06-27;2025-07-09;2025-08-22;2025-09-12;2025-09-16;2025-11-06;2025-11-07
422,20261339,424,2024-08-20;2024-08-22;2024-08-23;2024-08-24;2024-08-27;2024-09-24;2024-10-01;2024-10-07;2024-10-10;2024-10-14;2024-10-15;2024-10-16;2024-10-18;2024-10-24;2024-11-07;2024-11-11;2024-11-12;2024-11-15;2024-11-18;2024-12-09;2025-01-16;2025-01-17;2025-02-03;2025-02-06;2025-02-07;2025-02-10;2025-02-12;2025-02-25;2025-03-03;2025-03-05;2025-03-06;2025-03-26;2025-03-27;2025-03-28;2025-03-31;2025-04-01;2025-04-03;2025-04-07;2025-04-08;2025-04-09;2025-04-11;2025-04-15;2025-04-16;2025-04-22;2025-04-23;2025-04-24;2025-04-25;2025-04-28;2025-05-14;2025-05-16;2025-05-19;2025-05-20;2025-05-21;2025-05-22;2025-06-04;2025-06-05;2025-06-14;2025-06-27;2025-06-30;2025-07-03;2025-07-08;2025-07-09;2025-07-15;2025-08-15;2025-08-22;2025-09-04;2025-09-05;2025-09-09;2025-09-10;2025-09-12;2025-09-16;2025-10-02;2025-10-03;2025-10-06;2025-10-07;2025-10-08;2025-10-21;2025-11-07,2024-08-21;2024-09-03;2024-09-16;2024-10-02;2024-10-08;2024-10-11;2024-11-27;2024-12-13;2025-01-27;2025-02-05;2025-03-04;2025-03-11;2025-03-12;2025-03-21;2025-04-02;2025-04-17;2025-04-18;2025-06-11;2025-06-17;2025-06-20;2025-06-26;2025-07-01;2025-07-17;2025-07-18;2025-08-18;2025-10-23;2025-11-06
423,20261340,425,2024-08-20;2024-08-21;2024-08-23;2024-08-24;2024-08-27;2024-09-16;2024-10-01;2024-10-02;2024-10-07;2024-10-11;2024-10-14;2024-10-16;2024-10-18;2024-10-24;2024-11-07;2024-11-11;2024-11-12;2024-11-15;2024-11-18;2024-11-27;2024-12-09;2024-12-13;2025-01-17;2025-01-27;2025-02-03;2025-02-05;2025-02-07;2025-02-10;2025-02-12;2025-03-03;2025-03-04;2025-03-05;2025-03-06;2025-03-11;2025-03-21;2025-03-26;2025-03-27;2025-03-28;2025-03-31;2025-04-01;2025-04-02;2025-04-07;2025-04-09;2025-04-11;2025-04-15;2025-04-16;2025-04-17;2025-04-18;2025-04-23;2025-04-24;2025-04-25;2025-04-28;2025-05-14;2025-05-19;2025-05-20;2025-05-21;2025-05-22;2025-06-04;2025-06-11;2025-06-14;2025-06-26;2025-06-27;2025-06-30;2025-07-15;2025-07-17;2025-07-18;2025-08-15;2025-08-18;2025-08-22;2025-09-04;2025-09-12;2025-09-16;2025-10-02;2025-10-06;2025-10-07;2025-10-23;2025-11-06;2025-11-07,2024-08-22;2024-09-03;2024-09-24;2024-10-08;2024-10-10;2024-10-15;2025-01-16;2025-02-06;2025-02-25;2025-03-12;2025-04-03;2025-04-08;2025-04-22;2025-05-16;2025-06-05;2025-06-17;2025-06-20;2025-07-01;2025-07-03;2025-07-08;2025-07-09;2025-09-05;2025-09-09;2025-09-10;2025-10-03;2025-10-08;2025-10-21
424,20261341,426,2024-08-21;2024-08-22;2024-08-23;2024-08-24;2024-09-03;2024-09-16;2024-09-24;2024-10-02;2024-10-07;2024-10-08;2024-10-10;2024-10-14;2024-10-15;2024-10-18;2024-11-07;2024-11-11;2024-11-12;2024-11-18;2024-12-09;2024-12-13;2025-01-17;2025-01-27;2025-02-05;2025-02-06;2025-02-07;2025-02-10;2025-02-25;2025-03-04;2025-03-11;2025-03-12;2025-03-21;2025-03-26;2025-03-28;2025-03-31;2025-04-01;2025-04-02;2025-04-03;2025-04-07;2025-04-08;2025-04-09;2025-04-15;2025-04-16;2025-04-17;2025-04-18;2025-04-22;2025-04-23;2025-04-24;2025-04-25;2025-04-28;2025-05-19;2025-05-20;2025-05-21;2025-06-04;2025-06-05;2025-06-11;2025-06-14;2025-06-17;2025-06-20;2025-06-26;2025-06-27;2025-07-01;2025-07-09;2025-07-15;2025-07-17;2025-08-15;2025-08-22;2025-09-04;2025-09-05;2025-09-09;2025-09-10;2025-09-12;2025-09-16;2025-10-02;2025-10-03;2025-10-08;2025-10-21;2025-10-23;2025-11-06,2024-08-20;2024-08-27;2024-10-01;2024-10-11;2024-10-16;2024-10-24;2024-11-15;2024-11-27;2025-01-16;2025-02-03;2025-02-12;2025-03-03;2025-03-05;2025-03-06;2025-03-27;2025-04-11;2025-05-14;2025-05-16;2025-05-22;2025-06-30;2025-07-03;2025-07-08;2025-07-18;2025-08-18;2025-10-06;2025-10-07;2025-11-07
425,20261342,427,2024-08-20;2024-08-21;2024-08-22;2024-08-27;2024-09-16;2024-09-24;2024-10-02;2024-10-08;2024-10-10;2024-10-11;2024-10-15;2024-10-16;2024-10-24;2024-11-07;2024-11-12;2024-11-15;2024-11-18;2024-11-27;2024-12-09;2025-01-17;2025-01-27;2025-02-03;2025-02-05;2025-02-07;2025-02-10;2025-02-12;2025-02-25;2025-03-03;2025-03-05;2025-03-12;2025-03-21;2025-03-26;2025-03-27;2025-03-28;2025-03-31;2025-04-02;2025-04-07;2025-04-08;2025-04-09;2025-04-11;2025-04-16;2025-04-17;2025-04-18;2025-04-22;2025-04-23;2025-04-24;2025-04-25;2025-04-28;2025-05-16;2025-05-20;2025-05-21;2025-05-22;2025-06-04;2025-06-05;2025-06-11;2025-06-14;2025-06-17;2025-06-26;2025-06-27;2025-06-30;2025-07-01;2025-07-03;2025-07-08;2025-07-17;2025-08-18;2025-09-04;2025-09-05;2025-09-09;2025-09-10;2025-10-02;2025-10-03;2025-10-06;2025-10-07;2025-10-08;2025-10-21;2025-10-23;2025-11-06;2025-11-07,2024-08-23;2024-08-24;2024-09-03;2024-10-01;2024-10-07;2024-10-14;2024-10-18;2024-11-11;2024-12-13;2025-01-16;2025-02-06;2025-03-04;2025-03-06;2025-03-11;2025-04-01;2025-04-03;2025-04-15;2025-05-14;2025-05-19;2025-06-20;2025-07-09;2025-07-15;2025-07-18;2025-08-15;2025-08-22;2025-09-12;2025-09-16
426,20261343,428,2024-08-21;2024-08-22;2024-08-24;2024-08-27;2024-09-03;2024-09-16;2024-09-24;2024-10-01;2024-10-02;2024-10-07;2024-10-08;2024-10-10;2024-10-14;2024-10-15;2024-10-16;2024-10-18;2024-11-07;2024-11-11;2024-11-15;2024-11-18;2024-12-09;2024-12-13;2025-01-17;2025-01-27;2025-02-03;2025-02-06;2025-02-07;2025-02-10;2025-02-12;2025-03-03;2025-03-04;2025-03-06;2025-03-11;2025-03-12;2025-03-21;2025-03-26;2025-03-28;2025-03-31;2025-04-01;2025-04-03;2025-04-07;2025-04-08;2025-04-09;2025-04-11;2025-04-15;2025-04-16;2025-04-17;2025-04-18;2025-04-22;2025-04-23;2025-04-28;2025-05-14;2025-05-16;2025-05-20;2025-05-21;2025-05-22;2025-06-04;2025-06-11;2025-06-14;2025-06-17;2025-06-20;2025-06-30;2025-07-08;2025-07-15;2025-07-17;2025-07-18;2025-08-15;2025-08-18;2025-09-04;2025-09-05;2025-09-09;2025-09-10;2025-09-16;2025-10-02;2025-10-03;2025-10-06;2025-10-07;2025-10-23,2024-08-20;2024-08-23;2024-10-11;2024-10-24;2024-11-12;2024-11-27;2025-01-16;2025-02-05;2025-02-25;2025-03-05;2025-03-27;2025-04-02;2025-04-24;2025-04-25;2025-05-19;2025-06-05;2025-06-26;2025-06-27;2025-07-01;2025-07-03;2025-07-09;2025-08-22;2025-09-12;2025-10-08;2025-10-21;2025-11-06;2025-11-07
427,20261344,429,2024-08-20;2024-08-21;2024-08-22;2024-08-24;2024-08-27;2024-09-03;2024-09-16;2024-10-01;2024-10-02;2024-10-07;2024-10-08;2024-10-10;2024-10-11;2024-10-14;2024-10-15;2024-10-16;2024-10-18;2024-10-24;2024-11-07;2024-11-11;2024-11-12;2024-11-18;2024-11-27;2024-12-09;2024-12-13;2025-01-27;2025-02-03;2025-02-05;2025-02-12;2025-03-03;2025-03-04;2025-03-05;2025-03-06;2025-03-12;2025-03-21;2025-03-26;2025-03-28;2025-03-31;2025-04-01;2025-04-02;2025-04-08;2025-04-09;2025-04-11;2025-04-15;2025-04-16;2025-04-17;2025-04-18;2025-04-22;2025-04-24;2025-04-25;2025-05-16;2025-05-19;2025-05-20;2025-05-22;2025-06-04;2025-06-11;2025-06-14;2025-06-17;2025-06-20;2025-06-26;2025-06-27;2025-07-01;2025-07-03;2025-07-08;2025-07-09;2025-07-18;2025-08-15;2025-08-18;2025-09-04;2025-09-09;2025-09-10;2025-09-12;2025-09-16;2025-10-02;2025-10-03;2025-10-07;2025-10-23;2025-11-06,2024-08-23;2024-09-24;2024-11-15;2025-01-16;2025-01-17;2025-02-06;2025-02-07;2025-02-10;2025-02-25;2025-03-11;2025-03-27;2025-04-03;2025-04-07;2025-04-23;2025-04-28;2025-05-14;2025-05-21;2025-06-05;2025-06-30;2025-07-15;2025-07-17;2025-08-22;2025-09-05;2025-10-06;2025-10-08;2025-10-21;2025-11-07
428,20261345,430,2024-08-20;2024-08-21;2024-08-22;2024-08-24;2024-08-27;2024-09-03;2024-09-16;2024-09-24;2024-10-01;2024-10-02;2024-10-07;2024-10-08;2024-10-14;2024-10-15;2024-10-16;2024-10-18;2024-10-24;2024-11-07;2024-11-11;2024-11-15;2024-11-18;2024-11-27;2024-12-09;2025-01-16;2025-01-17;2025-01-27;2025-02-03;2025-02-05;2025-02-06;2025-02-07;2025-02-10;2025-02-12;2025-02-25;2025-03-03;2025-03-05;2025-03-06;2025-03-11;2025-03-12;2025-03-27;2025-03-28;2025-04-01;2025-04-02;2025-04-09;2025-04-11;2025-04-15;2025-04-17;2025-04-22;2025-04-23;2025-05-14;2025-05-19;2025-05-20;2025-05-21;2025-05-22;2025-06-04;2025-06-11;2025-06-14;2025-06-17;2025-06-20;2025-06-26;2025-06-30;2025-07-01;2025-07-08;2025-07-09;2025-07-17;2025-07-18;2025-08-15;2025-08-22;2025-09-04;2025-09-05;2025-09-09;2025-09-10;2025-09-12;2025-09-16;2025-10-02;2025-10-03;2025-10-08;2025-11-06;2025-11-07,2024-08-23;2024-10-10;2024-10-11;2024-11-12;2024-12-13;2025-03-04;2025-03-21;2025-03-26;2025-03-31;2025-04-03;2025-04-07;2025-04-08;2025-04-16;2025-04-18;2025-04-24;2025-04-25;2025-04-28;2025-05-16;2025-06-05;2025-06-27;2025-07-03;2025-07-15;2025-08-18;2025-10-06;2025-10-07;2025-10-21;2025-10-23
429,20261346,431,2024-08-20;2024-08-21;2024-09-16;2024-10-01;2024-10-02;2024-10-07;2024-10-08;2024-10-10;2024-10-11;2024-10-14;2024-10-15;2024-10-16;2024-10-24;2024-11-11;2024-11-12;2024-11-15;2024-11-27;2024-12-09;2024-12-13;2025-01-16;2025-01-27;2025-02-03;2025-02-05;2025-02-07;2025-02-10;2025-02-12;2025-02-25;2025-03-03;2025-03-04;2025-03-05;2025-03-12;2025-03-26;2025-03-28;2025-04-01;2025-04-02;2025-04-03;2025-04-07;2025-04-08;2025-04-09;2025-04-11;2025-04-16;2025-04-17;2025-04-18;2025-04-22;2025-04-23;2025-04-25;2025-04-28;2025-05-14;2025-05-19;2025-05-20;2025-05-21;2025-05-22;2025-06-04;2025-06-11;2025-06-17;2025-06-20;2025-06-26;2025-06-27;2025-06-30;2025-07-01;2025-07-08;2025-07-15;2025-07-17;2025-07-18;2025-08-15;2025-08-18;2025-08-22;2025-09-04;2025-09-05;2025-09-10;2025-10-02;2025-10-03;2025-10-06;2025-10-07;2025-10-08;2025-10-23;2025-11-06;2025-11-07,2024-08-22;2024-08-23;2024-08-24;2024-08-27;2024-09-03;2024-09-24;2024-10-18;2024-11-07;2024-11-18;2025-01-17;2025-02-06;2025-03-06;2025-03-11;2025-03-21;2025-03-27;2025-03-31;2025-04-15;2025-04-24;2025-05-16;2025-06-05;2025-06-14;2025-07-03;2025-07-09;2025-09-09;2025-09-12;2025-09-16;2025-10-21
430,20261347,432,2024-08-20;2024-08-21;2024-08-23;2024-09-03;2024-09-16;2024-10-01;2024-10-02;2024-10-07;2024-10-08;2024-10-10;2024-10-11;2024-10-16;2024-10-18;2024-10-24;2024-11-07;2024-11-11;2024-11-15;2024-11-18;2024-11-27;2024-12-09;2024-12-13;2025-02-03;2025-02-05;2025-02-06;2025-02-07;2025-03-03;2025-03-04;2025-03-05;2025-03-06;2025-03-11;2025-03-12;2025-03-21;2025-03-26;2025-03-28;2025-04-02;2025-04-03;2025-04-07;2025-04-08;2025-04-09;2025-04-15;2025-04-16;2025-04-17;2025-04-18;2025-04-22;2025-04-23;2025-04-25;2025-04-28;2025-05-16;2025-05-19;2025-05-20;2025-06-04;2025-06-05;2025-06-14;2025-06-17;2025-06-20;2025-06-26;2025-06-27;2025-06-30;2025-07-01;2025-07-03;2025-07-08;2025-07-09;2025-07-17;2025-08-15;2025-08-22;2025-09-04;2025-09-05;2025-09-10;2025-09-12;2025-10-02;2025-10-03;2025-10-06;2025-10-07;2025-10-08;2025-10-21;2025-10-23;2025-11-06;2025-11-07,2024-08-22;2024-08-24;2024-08-27;2024-09-24;2024-10-14;2024-10-15;2024-11-12;2025-01-16;2025-01-17;2025-01-27;2025-02-10;2025-02-12;2025-02-25;2025-03-27;2025-03-31;2025-04-01;2025-04-11;2025-04-24;2025-05-14;2025-05-21;2025-05-22;2025-06-11;2025-07-15;2025-07-18;2025-08-18;2025-09-09;2025-09-16
431,20261348,433,2024-08-21;2024-08-22;2024-08-23;2024-08-24;2024-08-27;2024-09-03;2024-09-16;2024-10-02;2024-10-07;2024-10-08;2024-10-11;2024-10-14;2024-10-18;2024-10-24;2024-11-11;2024-11-12;2024-11-15;2024-11-18;2024-11-27;2024-12-09;2025-01-17;2025-01-27;2025-02-03;2025-02-06;2025-02-12;2025-02-25;2025-03-05;2025-03-06;2025-03-11;2025-03-12;2025-03-21;2025-03-27;2025-03-28;2025-03-31;2025-04-02;2025-04-03;2025-04-07;2025-04-08;2025-04-09;2025-04-11;2025-04-16;2025-04-17;2025-04-18;2025-04-22;2025-04-23;2025-04-24;2025-04-25;2025-04-28;2025-05-14;2025-05-20;2025-05-22;2025-06-04;2025-06-05;2025-06-11;2025-06-14;2025-06-17;2025-06-20;2025-06-26;2025-06-27;2025-06-30;2025-07-01;2025-07-03;2025-07-08;2025-07-09;2025-07-15;2025-07-18;2025-08-18;2025-09-04;2025-09-09;2025-09-12;2025-09-16;2025-10-02;2025-10-03;2025-10-06;2025-10-07;2025-10-21;2025-11-06;2025-11-07,2024-08-20;2024-09-24;2024-10-01;2024-10-10;2024-10-15;2024-10-16;2024-11-07;2024-12-13;2025-01-16;2025-02-05;2025-02-07;2025-02-10;2025-03-03;2025-03-04;2025-03-26;2025-04-01;2025-04-15;2025-05-16;2025-05-19;2025-05-21;2025-07-17;2025-08-15;2025-08-22;2025-09-05;2025-09-10;2025-10-08;2025-10-23
432,20261349,434,2024-08-20;2024-08-22;2024-08-23;2024-08-24;2024-09-16;2024-09-24;2024-10-01;2024-10-02;2024-10-07;2024-10-08;2024-10-10;2024-10-14;2024-10-15;2024-10-16;2024-10-24;2024-11-11;2024-11-12;2024-11-15;2024-11-18;2024-11-27;2024-12-09;2024-12-13;2025-01-27;2025-02-03;2025-02-05;2025-02-07;2025-02-25;2025-03-04;2025-03-05;2025-03-11;2025-03-12;2025-03-21;2025-03-26;2025-03-27;2025-03-28;2025-03-31;2025-04-01;2025-04-02;2025-04-03;2025-04-07;2025-04-08;2025-04-09;2025-04-15;2025-04-16;2025-04-17;2025-04-18;2025-04-22;2025-04-23;2025-04-24;2025-04-25;2025-05-19;2025-05-20;2025-05-21;2025-05-22;2025-06-04;2025-06-05;2025-06-14;2025-06-17;2025-06-20;2025-06-26;2025-06-27;2025-07-01;2025-07-03;2025-07-08;2025-07-18;2025-08-15;2025-08-18;2025-08-22;2025-09-05;2025-09-10;2025-09-12;2025-10-02;2025-10-03;2025-10-06;2025-10-08;2025-10-21;2025-11-06;2025-11-07,2024-08-21;2024-08-27;2024-09-03;2024-10-11;2024-10-18;2024-11-07;2025-01-16;2025-01-17;2025-02-06;2025-02-10;2025-02-12;2025-03-03;2025-03-06;2025-04-11;2025-04-28;2025-05-14;2025-05-16;2025-06-11;2025-06-30;2025-07-09;2025-07-15;2025-07-17;2025-09-04;2025-09-09;2025-09-16;2025-10-07;2025-10-23
433,20261350,435,2024-08-20;2024-08-21;2024-08-22;2024-08-23;2024-08-24;2024-09-03;2024-09-16;2024-09-24;2024-10-01;2024-10-02;2024-10-07;2024-10-08;2024-10-10;2024-10-11;2024-10-14;2024-10-16;2024-10-24;2024-11-11;2024-11-12;2024-11-27;2024-12-09;2024-12-13;2025-01-27;2025-02-03;2025-02-06;2025-02-12;2025-03-03;2025-03-06;2025-03-12;2025-03-21;2025-03-27;2025-03-28;2025-03-31;2025-04-01;2025-04-02;2025-04-03;2025-04-07;2025-04-08;2025-04-11;2025-04-15;2025-04-17;2025-04-18;2025-04-22;2025-04-23;2025-04-24;2025-04-25;2025-05-14;2025-05-19;2025-05-20;2025-05-21;2025-06-04;2025-06-05;2025-06-11;2025-06-14;2025-06-17;2025-06-20;2025-06-27;2025-06-30;2025-07-03;2025-07-08;2025-07-15;2025-07-18;2025-08-15;2025-08-18;2025-08-22;2025-09-04;2025-09-05;2025-09-09;2025-09-10;2025-09-12;2025-09-16;2025-10-02;2025-10-06;2025-10-07;2025-10-21;2025-10-23;2025-11-06;2025-11-07,2024-08-27;2024-10-15;2024-10-18;2024-11-07;2024-11-15;2024-11-18;2025-01-16;2025-01-17;2025-02-05;2025-02-07;2025-02-10;2025-02-25;2025-03-04;2025-03-05;2025-03-11;2025-03-26;2025-04-09;2025-04-16;2025-04-28;2025-05-16;2025-05-22;2025-06-26;2025-07-01;2025-07-09;2025-07-17;2025-10-03;2025-10-08
434,20261351,436,2024-08-21;2024-08-24;2024-09-03;2024-09-16;2024-09-24;2024-10-01;2024-10-07;2024-10-10;2024-10-14;2024-10-15;2024-10-16;2024-10-24;2024-11-07;2024-11-12;2024-11-15;2024-11-18;2024-11-27;2024-12-09;2024-12-13;2025-01-16;2025-01-17;2025-01-27;2025-02-03;2025-02-05;2025-02-06;2025-02-07;2025-02-10;2025-02-12;2025-02-25;2025-03-03;2025-03-06;2025-03-11;2025-03-12;2025-03-21;2025-03-26;2025-03-27;2025-04-01;2025-04-02;2025-04-03;2025-04-08;2025-04-09;2025-04-15;2025-04-16;2025-04-17;2025-04-18;2025-04-22;2025-04-24;2025-04-28;2025-05-14;2025-05-16;2025-05-21;2025-05-22;2025-06-04;2025-06-05;2025-06-26;2025-06-27;2025-06-30;2025-07-08;2025-07-09;2025-07-17;2025-08-15;2025-08-18;2025-08-22;2025-09-04;2025-09-05;2025-09-09;2025-09-10;2025-09-12;2025-09-16;2025-10-02;2025-10-03;2025-10-06;2025-10-07;2025-10-08;2025-10-21;2025-10-23;2025-11-06;2025-11-07,2024-08-20;2024-08-22;2024-08-23;2024-08-27;2024-10-02;2024-10-08;2024-10-11;2024-10-18;2024-11-11;2025-03-04;2025-03-05;2025-03-28;2025-03-31;2025-04-07;2025-04-11;2025-04-23;2025-04-25;2025-05-19;2025-05-20;2025-06-11;2025-06-14;2025-06-17;2025-06-20;2025-07-01;2025-07-03;2025-07-15;2025-07-18
435,20261352,437,2024-08-20;2024-08-21;2024-08-23;2024-08-24;2024-09-03;2024-09-16;2024-09-24;2024-10-02;2024-10-07;2024-10-08;2024-10-10;2024-10-11;2024-10-15;2024-10-16;2024-10-18;2024-10-24;2024-11-07;2024-11-12;2024-11-15;2024-11-18;2024-11-27;2024-12-09;2024-12-13;2025-01-16;2025-01-17;2025-01-27;2025-02-03;2025-02-06;2025-02-07;2025-02-12;2025-02-25;2025-03-03;2025-03-04;2025-03-05;2025-03-06;2025-03-12;2025-03-21;2025-03-27;2025-03-28;2025-03-31;2025-04-01;2025-04-02;2025-04-03;2025-04-07;2025-04-08;2025-04-15;2025-04-16;2025-04-17;2025-04-22;2025-04-23;2025-04-24;2025-04-28;2025-05-14;2025-05-16;2025-05-19;2025-05-20;2025-05-22;2025-06-05;2025-06-11;2025-06-14;2025-06-17;2025-06-26;2025-06-30;2025-07-03;2025-07-18;2025-08-15;2025-08-18;2025-08-22;2025-09-04;2025-09-09;2025-09-12;2025-10-02;2025-10-03;2025-10-06;2025-10-07;2025-10-08;2025-10-21;2025-10-23,2024-08-22;2024-08-27;2024-10-01;2024-10-14;2024-11-11;2025-02-05;2025-02-10;2025-03-11;2025-03-26;2025-04-09;2025-04-11;2025-04-18;2025-04-25;2025-05-21;2025-06-04;2025-06-20;2025-06-27;2025-07-01;2025-07-08;2025-07-09;2025-07-15;2025-07-17;2025-09-05;2025-09-10;2025-09-16;2025-11-06;2025-11-07
436,20261353,438,2024-08-21;2024-08-22;2024-08-24;2024-08-27;2024-09-03;2024-09-24;2024-10-01;2024-10-02;2024-10-07;2024-10-10;2024-10-14;2024-10-15;2024-10-16;2024-10-18;2024-10-24;2024-11-11;2024-11-12;2024-11-15;2024-11-18;2024-12-09;2025-01-16;2025-01-17;2025-02-05;2025-02-06;2025-02-07;2025-02-12;2025-02-25;2025-03-03;2025-03-05;2025-03-06;2025-03-12;2025-03-27;2025-03-28;2025-03-31;2025-04-02;2025-04-03;2025-04-08;2025-04-09;2025-04-11;2025-04-15;2025-04-18;2025-04-22;2025-04-23;2025-04-24;2025-04-25;2025-04-28;2025-05-14;2025-05-16;2025-05-19;2025-05-20;2025-06-04;2025-06-05;2025-06-11;2025-06-14;2025-06-17;2025-06-20;2025-06-26;2025-06-27;2025-06-30;2025-07-01;2025-07-03;2025-07-08;2025-07-09;2025-07-15;2025-08-18;2025-08-22;2025-09-04;2025-09-05;2025-09-09;2025-09-10;2025-09-12;2025-10-02;2025-10-03;2025-10-07;2025-10-08;2025-10-21;2025-11-06;2025-11-07,2024-08-20;2024-08-23;2024-09-16;2024-10-08;2024-10-11;2024-11-07;2024-11-27;2024-12-13;2025-01-27;2025-02-03;2025-02-10;2025-03-04;2025-03-11;2025-03-21;2025-03-26;2025-04-01;2025-04-07;2025-04-16;2025-04-17;2025-05-21;2025-05-22;2025-07-17;2025-07-18;2025-08-15;2025-09-16;2025-10-06;2025-10-23
437,20261354,439,2024-08-20;2024-08-21;2024-08-24;2024-08-27;2024-09-03;2024-09-24;2024-10-01;2024-10-08;2024-10-10;2024-10-14;2024-10-15;2024-10-16;2024-10-18;2024-10-24;2024-11-07;2024-11-11;2024-11-12;2024-11-15;2024-11-18;2024-12-13;2025-01-16;2025-01-17;2025-01-27;2025-02-03;2025-02-07;2025-02-10;2025-02-25;2025-03-03;2025-03-04;2025-03-05;2025-03-12;2025-03-21;2025-03-27;2025-03-28;2025-03-31;2025-04-01;2025-04-02;2025-04-03;2025-04-07;2025-04-09;2025-04-15;2025-04-16;2025-04-17;2025-04-18;2025-04-22;2025-04-23;2025-04-24;2025-04-25;2025-04-28;2025-05-14;2025-05-16;2025-05-19;2025-05-20;2025-05-22;2025-06-04;2025-06-11;2025-06-14;2025-06-17;2025-06-30;2025-07-01;2025-07-03;2025-07-08;2025-07-09;2025-07-15;2025-07-17;2025-08-15;2025-08-18;2025-08-22;2025-09-04;2025-09-05;2025-09-09;2025-09-10;2025-10-06;2025-10-08;2025-10-21;2025-10-23;2025-11-06;2025-11-07,2024-08-22;2024-08-23;2024-09-16;2024-10-02;2024-10-07;2024-10-11;2024-11-27;2024-12-09;2025-02-05;2025-02-06;2025-02-12;2025-03-06;2025-03-11;2025-03-26;2025-04-08;2025-04-11;2025-05-21;2025-06-05;2025-06-20;2025-06-26;2025-06-27;2025-07-18;2025-09-12;2025-09-16;2025-10-02;2025-10-03;2025-10-07
438,20261355,440,2024-08-20;2024-08-21;2024-08-23;2024-08-27;2024-09-03;2024-09-24;2024-10-02;2024-10-08;2024-10-10;2024-10-11;2024-10-15;2024-10-24;2024-11-07;2024-11-11;2024-11-12;2024-11-15;2024-11-18;2024-11-27;2024-12-09;2024-12-13;2025-01-16;2025-01-17;2025-02-05;2025-02-06;2025-02-07;2025-02-10;2025-02-12;2025-02-25;2025-03-03;2025-03-04;2025-03-05;2025-03-06;2025-03-12;2025-03-26;2025-03-28;2025-03-31;2025-04-02;2025-04-03;2025-04-07;2025-04-08;2025-04-09;2025-04-15;2025-04-16;2025-04-17;2025-04-18;2025-04-22;2025-04-23;2025-05-16;2025-05-19;2025-05-20;2025-05-21;2025-05-22;2025-06-04;2025-06-11;2025-06-14;2025-06-17;2025-06-20;2025-06-27;2025-06-30;2025-07-01;2025-07-08;2025-07-15;2025-07-17;2025-07-18;2025-08-15;2025-08-18;2025-08-22;2025-09-05;2025-09-09;2025-09-10;2025-09-12;2025-09-16;2025-10-02;2025-10-03;2025-10-08;2025-10-21;2025-10-23;2025-11-07,2024-08-22;2024-08-24;2024-09-16;2024-10-01;2024-10-07;2024-10-14;2024-10-16;2024-10-18;2025-01-27;2025-02-03;2025-03-11;2025-03-21;2025-03-27;2025-04-01;2025-04-11;2025-04-24;2025-04-25;2025-04-28;2025-05-14;2025-06-05;2025-06-26;2025-07-03;2025-07-09;2025-09-04;2025-10-06;2025-10-07;2025-11-06
439,20261356,441,2024-08-22;2024-08-23;2024-08-27;2024-09-16;2024-09-24;2024-10-01;2024-10-07;2024-10-08;2024-10-10;2024-10-11;2024-10-14;2024-10-15;2024-10-18;2024-10-24;2024-11-07;2024-11-11;2024-11-12;2024-11-15;2024-11-27;2024-12-13;2025-01-16;2025-01-17;2025-01-27;2025-02-03;2025-02-05;2025-02-06;2025-02-10;2025-02-12;2025-02-25;2025-03-03;2025-03-04;2025-03-21;2025-03-26;2025-03-28;2025-03-31;2025-04-02;2025-04-03;2025-04-07;2025-04-08;2025-04-09;2025-04-11;2025-04-16;2025-04-17;2025-04-18;2025-04-23;2025-04-24;2025-04-25;2025-04-28;2025-05-14;2025-05-16;2025-05-20;2025-05-21;2025-05-22;2025-06-05;2025-06-11;2025-06-14;2025-06-20;2025-06-26;2025-06-30;2025-07-01;2025-07-03;2025-07-08;2025-07-09;2025-07-15;2025-08-15;2025-08-18;2025-08-22;2025-09-04;2025-09-05;2025-09-09;2025-09-10;2025-09-12;2025-10-02;2025-10-03;2025-10-06;2025-10-08;2025-10-21;2025-11-06,2024-08-20;2024-08-21;2024-08-24;2024-09-03;2024-10-02;2024-10-16;2024-11-18;2024-12-09;2025-02-07;2025-03-05;2025-03-06;2025-03-11;2025-03-12;2025-03-27;2025-04-01;2025-04-15;2025-04-22;2025-05-19;2025-06-04;2025-06-17;2025-06-27;2025-07-17;2025-07-18;2025-09-16;2025-10-07;2025-10-23;2025-11-07
440,20261357,442,2024-08-20;2024-08-23;2024-08-24;2024-08-27;2024-09-16;2024-09-24;2024-10-01;2024-10-02;2024-10-08;2024-10-10;2024-10-11;2024-10-15;2024-10-16;2024-10-18;2024-10-24;2024-11-07;2024-11-15;2024-11-18;2024-11-27;2024-12-09;2024-12-13;2025-01-17;2025-02-03;2025-02-05;2025-02-07;2025-02-10;2025-02-12;2025-02-25;2025-03-03;2025-03-04;2025-03-12;2025-03-21;2025-03-26;2025-03-27;2025-03-28;2025-03-31;2025-04-01;2025-04-03;2025-04-07;2025-04-08;2025-04-09;2025-04-11;2025-04-17;2025-04-18;2025-04-23;2025-04-25;2025-04-28;2025-05-14;2025-06-04;2025-06-05;2025-06-11;2025-06-14;2025-06-17;2025-06-20;2025-06-26;2025-06-27;2025-06-30;2025-07-01;2025-07-03;2025-07-08;2025-07-09;2025-07-15;2025-07-17;2025-07-18;2025-08-15;2025-08-18;2025-08-22;2025-09-05;2025-09-10;2025-09-16;2025-10-02;2025-10-06;2025-10-07;2025-10-08;2025-10-21;2025-10-23;2025-11-06;2025-11-07,2024-08-21;2024-08-22;2024-09-03;2024-10-07;2024-10-14;2024-11-11;2024-11-12;2025-01-16;2025-01-27;2025-02-06;2025-03-05;2025-03-06;2025-03-11;2025-04-02;2025-04-15;2025-04-16;2025-04-22;2025-04-24;2025-05-16;2025-05-19;2025-05-20;2025-05-21;2025-05-22;2025-09-04;2025-09-09;2025-09-12;2025-10-03
441,20261358,443,2024-08-21;2024-08-23;2024-08-27;2024-09-03;2024-09-16;2024-10-01;2024-10-02;2024-10-07;2024-10-08;2024-10-10;2024-10-11;2024-10-14;2024-10-16;2024-10-24;2024-11-07;2024-11-11;2024-11-12;2024-11-15;2024-11-18;2024-11-27;2024-12-13;2025-01-16;2025-01-27;2025-02-03;2025-02-06;2025-02-10;2025-03-04;2025-03-06;2025-03-12;2025-03-21;2025-03-27;2025-03-28;2025-03-31;2025-04-01;2025-04-02;2025-04-03;2025-04-07;2025-04-09;2025-04-11;2025-04-15;2025-04-16;2025-04-17;2025-04-18;2025-04-22;2025-04-23;2025-04-25;2025-04-28;2025-05-14;2025-05-16;2025-05-19;2025-05-20;2025-05-21;2025-05-22;2025-06-05;2025-06-11;2025-06-14;2025-06-20;2025-06-26;2025-06-27;2025-07-01;2025-07-03;2025-07-09;2025-07-15;2025-07-17;2025-07-18;2025-08-18;2025-08-22;2025-09-04;2025-09-05;2025-09-10;2025-09-12;2025-10-02;2025-10-03;2025-10-06;2025-10-07;2025-10-08;2025-10-23;2025-11-06,2024-08-20;2024-08-22;2024-08-24;2024-09-24;2024-10-15;2024-10-18;2024-12-09;2025-01-17;2025-02-05;2025-02-07;2025-02-12;2025-02-25;2025-03-03;2025-03-05;2025-03-11;2025-03-26;2025-04-08;2025-04-24;2025-06-04;2025-06-17;2025-06-30;2025-07-08;2025-08-15;2025-09-09;2025-09-16;2025-10-21;2025-11-07
442,20261359,444,2024-08-20;2024-08-22;2024-08-23;2024-08-27;2024-09-03;2024-09-16;2024-09-24;2024-10-01;2024-10-02;2024-10-07;2024-10-08;2024-10-11;2024-10-15;2024-10-16;2024-10-18;2024-11-07;2024-11-11;2024-11-12;2024-11-15;2024-11-18;2024-11-27;2024-12-09;2025-01-16;2025-01-17;2025-01-27;2025-02-03;2025-02-10;2025-02-12;2025-02-25;2025-03-03;2025-03-06;2025-03-11;2025-03-12;2025-03-21;2025-03-26;2025-03-27;2025-03-28;2025-04-02;2025-04-03;2025-04-07;2025-04-15;2025-04-17;2025-04-24;2025-04-25;2025-04-28;2025-05-16;2025-05-19;2025-05-20;2025-05-22;2025-06-04;2025-06-05;2025-06-11;2025-06-14;2025-06-17;2025-06-26;2025-06-30;2025-07-01;2025-07-03;2025-07-08;2025-07-09;2025-07-15;2025-07-18;2025-08-15;2025-08-18;2025-09-05;2025-09-09;2025-09-10;2025-09-12;2025-09-16;2025-10-02;2025-10-03;2025-10-06;2025-10-07;2025-10-08;2025-10-21;2025-10-23;2025-11-06;2025-11-07,2024-08-21;2024-08-24;2024-10-10;2024-10-14;2024-10-24;2024-12-13;2025-02-05;2025-02-06;2025-02-07;2025-03-04;2025-03-05;2025-03-31;2025-04-01;2025-04-08;2025-04-09;2025-04-11;2025-04-16;2025-04-18;2025-04-22;2025-04-23;2025-05-14;2025-05-21;2025-06-20;2025-06-27;2025-07-17;2025-08-22;2025-09-04
443,20261360,445,2024-08-21;2024-08-23;2024-08-24;2024-08-27;2024-09-03;2024-09-16;2024-10-01;2024-10-02;2024-10-07;2024-10-08;2024-10-10;2024-10-11;2024-10-14;2024-10-15;2024-10-16;2024-10-18;2024-11-07;2024-11-11;2024-11-12;2024-11-15;2024-11-18;2024-12-09;2024-12-13;2025-01-16;2025-01-17;2025-01-27;2025-02-03;2025-02-06;2025-02-07;2025-02-10;2025-02-12;2025-02-25;2025-03-03;2025-03-05;2025-03-06;2025-03-21;2025-03-31;2025-04-01;2025-04-02;2025-04-03;2025-04-07;2025-04-08;2025-04-11;2025-04-16;2025-04-17;2025-04-18;2025-04-23;2025-04-24;2025-04-25;2025-04-28;2025-05-14;2025-05-19;2025-05-20;2025-05-21;2025-06-04;2025-06-05;2025-06-11;2025-06-14;2025-06-17;2025-06-20;2025-06-26;2025-06-27;2025-07-01;2025-07-03;2025-07-08;2025-07-17;2025-07-18;2025-08-22;2025-09-04;2025-09-05;2025-09-12;2025-10-03;2025-10-06;2025-10-07;2025-10-08;2025-10-21;2025-10-23;2025-11-07,2024-08-20;2024-08-22;2024-09-24;2024-10-24;2024-11-27;2025-02-05;2025-03-04;2025-03-11;2025-03-12;2025-03-26;2025-03-27;2025-03-28;2025-04-09;2025-04-15;2025-04-22;2025-05-16;2025-05-22;2025-06-30;2025-07-09;2025-07-15;2025-08-15;2025-08-18;2025-09-09;2025-09-10;2025-09-16;2025-10-02;2025-11-06
444,20261361,446,2024-08-20;2024-08-22;2024-08-23;2024-08-24;2024-08-27;2024-09-03;2024-09-16;2024-09-24;2024-10-02;2024-10-07;2024-10-08;2024-10-10;2024-10-11;2024-10-14;2024-10-16;2024-10-18;2024-10-24;2024-11-07;2024-11-11;2024-11-12;2024-11-15;2024-11-18;2024-11-27;2024-12-13;2025-01-16;2025-01-17;2025-01-27;2025-02-03;2025-02-05;2025-02-06;2025-02-07;2025-02-10;2025-02-12;2025-02-25;2025-03-03;2025-03-06;2025-03-11;2025-03-12;2025-03-27;2025-03-28;2025-03-31;2025-04-01;2025-04-03;2025-04-08;2025-04-09;2025-04-11;2025-04-15;2025-04-16;2025-04-22;2025-04-23;2025-04-28;2025-05-19;2025-05-20;2025-05-21;2025-05-22;2025-06-04;2025-06-05;2025-06-11;2025-06-14;2025-06-17;2025-06-26;2025-06-27;2025-06-30;2025-07-01;2025-07-03;2025-07-09;2025-07-17;2025-07-18;2025-08-18;2025-09-05;2025-09-09;2025-09-10;2025-09-12;2025-09-16;2025-10-02;2025-10-03;2025-10-06;2025-10-08,2024-08-21;2024-10-01;2024-10-15;2024-12-09;2025-03-04;2025-03-05;2025-03-21;2025-03-26;2025-04-02;2025-04-07;2025-04-17;2025-04-18;2025-04-24;2025-04-25;2025-05-14;2025-05-16;2025-06-20;2025-07-08;2025-07-15;2025-08-15;2025-08-22;2025-09-04;2025-10-07;2025-10-21;2025-10-23;2025-11-06;2025-11-07
445,20261362,447,2024-08-21;2024-08-23;2024-08-24;2024-08-27;2024-09-03;2024-09-16;2024-09-24;2024-10-01;2024-10-02;2024-10-07;2024-10-08;2024-10-10;2024-10-15;2024-10-16;2024-10-18;2024-10-24;2024-11-11;2024-11-12;2024-11-15;2024-11-18;2024-11-27;2024-12-13;2025-01-16;2025-01-17;2025-01-27;2025-02-03;2025-02-05;2025-02-10;2025-02-12;2025-02-25;2025-03-03;2025-03-04;2025-03-05;2025-03-06;2025-03-11;2025-03-12;2025-03-21;2025-03-27;2025-03-28;2025-04-01;2025-04-02;2025-04-03;2025-04-08;2025-04-09;2025-04-15;2025-04-16;2025-04-17;2025-04-18;2025-04-23;2025-04-25;2025-04-28;2025-05-14;2025-05-19;2025-05-20;2025-05-21;2025-05-22;2025-06-05;2025-06-11;2025-06-14;2025-06-17;2025-06-27;2025-06-30;2025-07-01;2025-07-09;2025-07-15;2025-08-15;2025-08-18;2025-09-05;2025-09-09;2025-09-12;2025-10-02;2025-10-06;2025-10-07;2025-10-08;2025-10-21;2025-10-23;2025-11-06;2025-11-07,2024-08-20;2024-08-22;2024-10-11;2024-10-14;2024-11-07;2024-12-09;2025-02-06;2025-02-07;2025-03-26;2025-03-31;2025-04-07;2025-04-11;2025-04-22;2025-04-24;2025-05-16;2025-06-04;2025-06-20;2025-06-26;2025-07-03;2025-07-08;2025-07-17;2025-07-18;2025-08-22;2025-09-04;2025-09-10;2025-09-16;2025-10-03
446,20261363,448,2024-08-20;2024-08-21;2024-08-22;2024-08-23;2024-08-27;2024-09-03;2024-09-24;2024-10-01;2024-10-02;2024-10-07;2024-10-08;2024-10-10;2024-10-11;2024-10-14;2024-10-15;2024-10-24;2024-11-07;2024-11-12;2024-11-15;2024-11-18;2024-12-13;2025-01-16;2025-01-17;2025-01-27;2025-02-05;2025-02-06;2025-02-07;2025-02-12;2025-03-03;2025-03-04;2025-03-05;2025-03-06;2025-03-11;2025-03-12;2025-03-21;2025-03-27;2025-03-28;2025-03-31;2025-04-01;2025-04-02;2025-04-03;2025-04-07;2025-04-08;2025-04-15;2025-04-16;2025-04-18;2025-04-23;2025-04-24;2025-04-28;2025-05-14;2025-05-20;2025-06-04;2025-06-05;2025-06-11;2025-06-14;2025-06-17;2025-06-20;2025-06-26;2025-06-27;2025-06-30;2025-07-01;2025-07-08;2025-07-09;2025-07-15;2025-07-18;2025-08-15;2025-08-18;2025-08-22;2025-09-04;2025-09-05;2025-09-09;2025-09-16;2025-10-06;2025-10-07;2025-10-08;2025-10-21;2025-10-23;2025-11-07,2024-08-24;2024-09-16;2024-10-16;2024-10-18;2024-11-11;2024-11-27;2024-12-09;2025-02-03;2025-02-10;2025-02-25;2025-03-26;2025-04-09;2025-04-11;2025-04-17;2025-04-22;2025-04-25;2025-05-16;2025-05-19;2025-05-21;2025-05-22;2025-07-03;2025-07-17;2025-09-10;2025-09-12;2025-10-02;2025-10-03;2025-11-06
447,20261364,449,2024-08-20;2024-08-21;2024-08-24;2024-08-27;2024-09-03;2024-09-16;2024-10-01;2024-10-02;2024-10-07;2024-10-08;2024-10-10;2024-10-11;2024-10-15;2024-10-16;2024-10-18;2024-10-24;2024-11-07;2024-11-11;2024-11-12;2024-11-15;2024-11-27;2024-12-09;2024-12-13;2025-01-16;2025-01-17;2025-01-27;2025-02-03;2025-02-06;2025-02-10;2025-02-25;2025-03-03;2025-03-04;2025-03-05;2025-03-11;2025-03-12;2025-03-21;2025-03-26;2025-03-28;2025-04-01;2025-04-02;2025-04-03;2025-04-07;2025-04-11;2025-04-15;2025-04-17;2025-04-22;2025-04-23;2025-04-24;2025-04-25;2025-04-28;2025-05-14;2025-05-16;2025-05-21;2025-05-22;2025-06-04;2025-06-05;2025-06-11;2025-06-14;2025-06-17;2025-06-26;2025-07-03;2025-07-08;2025-07-09;2025-07-17;2025-07-18;2025-08-18;2025-08-22;2025-09-04;2025-09-05;2025-09-09;2025-09-12;2025-09-16;2025-10-03;2025-10-06;2025-10-07;2025-10-23;2025-11-06;2025-11-07,2024-08-22;2024-08-23;2024-09-24;2024-10-14;2024-11-18;2025-02-05;2025-02-07;2025-02-12;2025-03-06;2025-03-27;2025-03-31;2025-04-08;2025-04-09;2025-04-16;2025-04-18;2025-05-19;2025-05-20;2025-06-20;2025-06-27;2025-06-30;2025-07-01;2025-07-15;2025-08-15;2025-09-10;2025-10-02;2025-10-08;2025-10-21
448,20261365,450,2024-08-20;2024-08-21;2024-08-24;2024-08-27;2024-09-16;2024-09-24;2024-10-01;2024-10-02;2024-10-08;2024-10-10;2024-10-11;2024-10-14;2024-10-15;2024-10-16;2024-10-18;2024-10-24;2024-11-07;2024-11-11;2024-11-12;2024-11-18;2024-11-27;2024-12-09;2024-12-13;2025-01-16;2025-01-17;2025-01-27;2025-02-05;2025-02-06;2025-02-07;2025-02-25;2025-03-03;2025-03-04;2025-03-05;2025-03-06;2025-03-12;2025-03-21;2025-03-31;2025-04-01;2025-04-02;2025-04-03;2025-04-07;2025-04-08;2025-04-15;2025-04-16;2025-04-18;2025-04-22;2025-04-25;2025-04-28;2025-05-16;2025-05-19;2025-05-20;2025-05-21;2025-05-22;2025-06-04;2025-06-05;2025-06-20;2025-06-26;2025-06-27;2025-06-30;2025-07-01;2025-07-03;2025-07-09;2025-07-15;2025-07-17;2025-07-18;2025-08-22;2025-09-04;2025-09-05;2025-09-09;2025-09-10;2025-09-16;2025-10-02;2025-10-06;2025-10-08;2025-10-21;2025-10-23;2025-11-06;2025-11-07,2024-08-22;2024-08-23;2024-09-03;2024-10-07;2024-11-15;2025-02-03;2025-02-10;2025-02-12;2025-03-11;2025-03-26;2025-03-27;2025-03-28;2025-04-09;2025-04-11;2025-04-17;2025-04-23;2025-04-24;2025-05-14;2025-06-11;2025-06-14;2025-06-17;2025-07-08;2025-08-15;2025-08-18;2025-09-12;2025-10-03;2025-10-07
449,20261366,451,2024-08-21;2024-08-22;2024-08-23;2024-08-27;2024-09-03;2024-09-16;2024-09-24;2024-10-01;2024-10-02;2024-10-08;2024-10-11;2024-10-14;2024-10-15;2024-10-16;2024-10-18;2024-11-07;2024-11-12;2024-11-15;2024-11-18;2024-12-09;2025-01-16;2025-01-17;2025-01-27;2025-02-03;2025-02-05;2025-02-06;2025-02-07;2025-02-10;2025-02-12;2025-02-25;2025-03-03;2025-03-04;2025-03-05;2025-03-11;2025-03-12;2025-03-21;2025-03-26;2025-03-27;2025-03-28;2025-03-31;2025-04-02;2025-04-03;2025-04-07;2025-04-08;2025-04-09;2025-04-11;2025-04-15;2025-04-16;2025-04-17;2025-04-24;2025-04-25;2025-05-14;2025-05-20;2025-05-21;2025-06-04;2025-06-05;2025-06-11;2025-06-17;2025-06-20;2025-06-26;2025-06-27;2025-06-30;2025-07-01;2025-07-03;2025-07-08;2025-07-15;2025-07-17;2025-08-15;2025-08-22;2025-09-04;2025-09-05;2025-09-09;2025-09-16;2025-10-06;2025-10-08;2025-10-23;2025-11-06;2025-11-07,2024-08-20;2024-08-24;2024-10-07;2024-10-10;2024-10-24;2024-11-11;2024-11-27;2024-12-13;2025-03-06;2025-04-01;2025-04-18;2025-04-22;2025-04-23;2025-04-28;2025-05-16;2025-05-19;2025-05-22;2025-06-14;2025-07-09;2025-07-18;2025-08-18;2025-09-10;2025-09-12;2025-10-02;2025-10-03;2025-10-07;2025-10-21
450,20261367,452,2024-08-20;2024-08-21;2024-08-27;2024-09-03;2024-09-16;2024-09-24;2024-10-02;2024-10-07;2024-10-08;2024-10-10;2024-10-14;2024-10-15;2024-10-16;2024-10-18;2024-10-24;2024-11-07;2024-11-11;2024-11-12;2024-11-15;2024-11-18;2024-11-27;2024-12-09;2024-12-13;2025-01-16;2025-02-03;2025-02-06;2025-02-10;2025-02-12;2025-02-25;2025-03-05;2025-03-11;2025-03-12;2025-03-21;2025-03-26;2025-03-28;2025-03-31;2025-04-01;2025-04-02;2025-04-03;2025-04-08;2025-04-09;2025-04-11;2025-04-15;2025-04-16;2025-04-17;2025-04-18;2025-04-22;2025-04-23;2025-04-24;2025-04-25;2025-04-28;2025-05-14;2025-05-19;2025-05-21;2025-05-22;2025-06-04;2025-06-05;2025-06-11;2025-06-17;2025-06-20;2025-06-27;2025-06-30;2025-07-01;2025-07-03;2025-07-08;2025-07-15;2025-07-18;2025-08-15;2025-08-22;2025-09-05;2025-09-09;2025-09-10;2025-09-16;2025-10-07;2025-10-08;2025-10-21;2025-10-23;2025-11-07,2024-08-22;2024-08-23;2024-08-24;2024-10-01;2024-10-11;2025-01-17;2025-01-27;2025-02-05;2025-02-07;2025-03-03;2025-03-04;2025-03-06;2025-03-27;2025-04-07;2025-05-16;2025-05-20;2025-06-14;2025-06-26;2025-07-09;2025-07-17;2025-08-18;2025-09-04;2025-09-12;2025-10-02;2025-10-03;2025-10-06;2025-11-06
451,20261368,453,2024-08-20;2024-08-21;2024-08-22;2024-08-23;2024-08-24;2024-09-03;2024-09-16;2024-10-01;2024-10-02;2024-10-07;2024-10-08;2024-10-10;2024-10-11;2024-10-14;2024-10-15;2024-10-16;2024-10-18;2024-10-24;2024-11-07;2024-11-11;2024-11-18;2024-11-27;2024-12-09;2025-01-16;2025-01-27;2025-02-03;2025-02-05;2025-02-06;2025-02-07;2025-02-10;2025-02-12;2025-03-03;2025-03-04;2025-03-05;2025-03-06;2025-03-11;2025-03-12;2025-03-21;2025-03-26;2025-03-28;2025-03-31;2025-04-01;2025-04-02;2025-04-11;2025-04-15;2025-04-16;2025-04-17;2025-04-23;2025-04-24;2025-04-28;2025-05-16;2025-05-19;2025-05-20;2025-05-21;2025-06-11;2025-06-14;2025-06-17;2025-06-27;2025-06-30;2025-07-01;2025-07-03;2025-07-08;2025-07-15;2025-07-17;2025-07-18;2025-08-15;2025-08-18;2025-08-22;2025-09-05;2025-09-10;2025-09-12;2025-09-16;2025-10-02;2025-10-03;2025-10-06;2025-10-07;2025-10-23;2025-11-06,2024-08-27;2024-09-24;2024-11-12;2024-11-15;2024-12-13;2025-01-17;2025-02-25;2025-03-27;2025-04-03;2025-04-07;2025-04-08;2025-04-09;2025-04-18;2025-04-22;2025-04-25;2025-05-14;2025-05-22;2025-06-04;2025-06-05;2025-06-20;2025-06-26;2025-07-09;2025-09-04;2025-09-09;2025-10-08;2025-10-21;2025-11-07
452,20261369,454,2024-08-20;2024-08-21;2024-08-22;2024-08-23;2024-08-24;2024-08-27;2024-09-03;2024-09-24;2024-10-01;2024-10-02;2024-10-07;2024-10-08;2024-10-10;2024-10-15;2024-10-16;2024-10-18;2024-11-07;2024-11-11;2024-11-12;2024-12-09;2025-01-16;2025-01-17;2025-01-27;2025-02-03;2025-02-05;2025-02-12;2025-02-25;2025-03-03;2025-03-04;2025-03-05;2025-03-06;2025-03-12;2025-03-21;2025-03-27;2025-03-28;2025-03-31;2025-04-01;2025-04-02;2025-04-03;2025-04-07;2025-04-09;2025-04-15;2025-04-16;2025-04-17;2025-04-18;2025-04-22;2025-04-24;2025-04-25;2025-05-20;2025-05-21;2025-05-22;2025-06-04;2025-06-05;2025-06-11;2025-06-14;2025-06-17;2025-06-20;2025-06-26;2025-06-27;2025-06-30;2025-07-03;2025-07-08;2025-07-15;2025-07-17;2025-07-18;2025-08-15;2025-08-18;2025-09-04;2025-09-05;2025-09-09;2025-09-10;2025-09-12;2025-10-02;2025-10-03;2025-10-08;2025-10-23;2025-11-06;2025-11-07,2024-09-16;2024-10-11;2024-10-14;2024-10-24;2024-11-15;2024-11-18;2024-11-27;2024-12-13;2025-02-06;2025-02-07;2025-02-10;2025-03-11;2025-03-26;2025-04-08;2025-04-11;2025-04-23;2025-04-28;2025-05-14;2025-05-16;2025-05-19;2025-07-01;2025-07-09;2025-08-22;2025-09-16;2025-10-06;2025-10-07;2025-10-21
453,20261370,455,2024-08-20;2024-08-21;2024-08-23;2024-08-27;2024-09-03;2024-09-24;2024-10-01;2024-10-02;2024-10-07;2024-10-08;2024-10-10;2024-10-11;2024-10-15;2024-10-16;2024-10-18;2024-10-24;2024-11-07;2024-11-18;2024-12-09;2024-12-13;2025-02-03;2025-02-05;2025-02-12;2025-02-25;2025-03-04;2025-03-05;2025-03-06;2025-03-11;2025-03-12;2025-03-21;2025-03-26;2025-03-27;2025-03-28;2025-03-31;2025-04-01;2025-04-02;2025-04-03;2025-04-07;2025-04-08;2025-04-11;2025-04-15;2025-04-16;2025-04-17;2025-04-18;2025-04-22;2025-04-23;2025-04-24;2025-04-25;2025-04-28;2025-05-14;2025-05-16;2025-05-19;2025-05-20;2025-05-21;2025-05-22;2025-06-04;2025-06-11;2025-06-20;2025-06-26;2025-06-27;2025-06-30;2025-07-01;2025-07-03;2025-07-09;2025-07-15;2025-07-18;2025-08-15;2025-08-22;2025-09-05;2025-09-12;2025-09-16;2025-10-02;2025-10-03;2025-10-06;2025-10-07;2025-10-08;2025-10-21;2025-10-23,2024-08-22;2024-08-24;2024-09-16;2024-10-14;2024-11-11;2024-11-12;2024-11-15;2024-11-27;2025-01-16;2025-01-17;2025-01-27;2025-02-06;2025-02-07;2025-02-10;2025-03-03;2025-04-09;2025-06-05;2025-06-14;2025-06-17;2025-07-08;2025-07-17;2025-08-18;2025-09-04;2025-09-09;2025-09-10;2025-11-06;2025-11-07
454,20261371,456,2024-08-23;2024-08-24;2024-09-03;2024-09-24;2024-10-01;2024-10-02;2024-10-08;2024-10-10;2024-10-14;2024-10-16;2024-10-18;2024-10-24;2024-11-11;2024-11-12;2024-11-15;2024-11-18;2024-11-27;2024-12-09;2024-12-13;2025-01-16;2025-01-17;2025-02-03;2025-02-05;2025-02-06;2025-02-07;2025-02-10;2025-02-25;2025-03-03;2025-03-04;2025-03-05;2025-03-11;2025-03-12;2025-03-27;2025-03-28;2025-03-31;2025-04-01;2025-04-02;2025-04-07;2025-04-09;2025-04-11;2025-04-16;2025-04-17;2025-04-18;2025-04-22;2025-04-23;2025-04-24;2025-04-25;2025-04-28;2025-05-14;2025-05-16;2025-05-19;2025-05-20;2025-05-21;2025-06-05;2025-06-11;2025-06-14;2025-06-17;2025-06-26;2025-06-27;2025-06-30;2025-07-01;2025-07-03;2025-07-09;2025-07-15;2025-08-18;2025-08-22;2025-09-05;2025-09-09;2025-09-10;2025-09-12;2025-10-02;2025-10-03;2025-10-06;2025-10-07;2025-10-08;2025-10-21;2025-10-23;2025-11-07,2024-08-20;2024-08-21;2024-08-22;2024-08-27;2024-09-16;2024-10-07;2024-10-11;2024-10-15;2024-11-07;2025-01-27;2025-02-12;2025-03-06;2025-03-21;2025-03-26;2025-04-03;2025-04-08;2025-04-15;2025-05-22;2025-06-04;2025-06-20;2025-07-08;2025-07-17;2025-07-18;2025-08-15;2025-09-04;2025-09-16;2025-11-06
455,20261372,457,2024-08-20;2024-08-22;2024-08-23;2024-08-24;2024-09-03;2024-09-16;2024-10-01;2024-10-07;2024-10-08;2024-10-10;2024-10-14;2024-10-15;2024-10-16;2024-10-24;2024-11-07;2024-11-11;2024-11-12;2024-11-15;2024-11-27;2024-12-09;2024-12-13;2025-01-17;2025-01-27;2025-02-03;2025-02-05;2025-02-06;2025-02-07;2025-02-10;2025-02-12;2025-03-03;2025-03-05;2025-03-12;2025-03-26;2025-03-28;2025-03-31;2025-04-01;2025-04-02;2025-04-03;2025-04-07;2025-04-08;2025-04-11;2025-04-15;2025-04-16;2025-04-17;2025-04-22;2025-04-23;2025-04-25;2025-04-28;2025-05-14;2025-05-16;2025-05-20;2025-05-22;2025-06-04;2025-06-11;2025-06-14;2025-06-17;2025-06-20;2025-06-27;2025-07-01;2025-07-03;2025-07-08;2025-07-09;2025-07-15;2025-07-18;2025-08-15;2025-08-18;2025-08-22;2025-09-04;2025-09-10;2025-09-16;2025-10-02;2025-10-03;2025-10-06;2025-10-07;2025-10-08;2025-10-21;2025-10-23;2025-11-06,2024-08-21;2024-08-27;2024-09-24;2024-10-02;2024-10-11;2024-10-18;2024-11-18;2025-01-16;2025-02-25;2025-03-04;2025-03-06;2025-03-11;2025-03-21;2025-03-27;2025-04-09;2025-04-18;2025-04-24;2025-05-19;2025-05-21;2025-06-05;2025-06-26;2025-06-30;2025-07-17;2025-09-05;2025-09-09;2025-09-12;2025-11-07
456,20261373,458,2024-08-20;2024-08-21;2024-08-22;2024-08-23;2024-08-24;2024-08-27;2024-09-03;2024-09-16;2024-09-24;2024-10-01;2024-10-02;2024-10-08;2024-10-11;2024-10-15;2024-10-18;2024-10-24;2024-11-07;2024-11-11;2024-11-12;2024-11-15;2024-11-18;2024-12-09;2024-12-13;2025-01-16;2025-01-27;2025-02-03;2025-02-06;2025-02-07;2025-02-12;2025-03-03;2025-03-04;2025-03-05;2025-03-06;2025-03-11;2025-03-12;2025-03-21;2025-03-27;2025-03-31;2025-04-01;2025-04-03;2025-04-08;2025-04-15;2025-04-18;2025-04-22;2025-04-23;2025-04-25;2025-04-28;2025-05-14;2025-05-16;2025-05-20;2025-05-22;2025-06-04;2025-06-11;2025-06-14;2025-06-17;2025-06-20;2025-06-26;2025-06-27;2025-06-30;2025-07-03;2025-07-08;2025-07-17;2025-07-18;2025-08-18;2025-08-22;2025-09-04;2025-09-05;2025-09-09;2025-09-12;2025-10-02;2025-10-03;2025-10-06;2025-10-07;2025-10-08;2025-10-21;2025-10-23;2025-11-06;2025-11-07,2024-10-07;2024-10-10;2024-10-14;2024-10-16;2024-11-27;2025-01-17;2025-02-05;2025-02-10;2025-02-25;2025-03-26;2025-03-28;2025-04-02;2025-04-07;2025-04-09;2025-04-11;2025-04-16;2025-04-17;2025-04-24;2025-05-19;2025-05-21;2025-06-05;2025-07-01;2025-07-09;2025-07-15;2025-08-15;2025-09-10;2025-09-16
457,20261374,459,2024-08-23;2024-08-24;2024-08-27;2024-09-16;2024-09-24;2024-10-01;2024-10-02;2024-10-07;2024-10-08;2024-10-10;2024-10-11;2024-10-14;2024-10-15;2024-10-16;2024-10-18;2024-10-24;2024-11-11;2024-11-12;2024-11-18;2024-12-13;2025-01-17;2025-01-27;2025-02-03;2025-02-06;2025-02-07;2025-02-10;2025-02-12;2025-03-03;2025-03-04;2025-03-06;2025-03-11;2025-03-12;2025-03-21;2025-03-26;2025-03-27;2025-03-28;2025-04-02;2025-04-03;2025-04-07;2025-04-09;2025-04-11;2025-04-15;2025-04-18;2025-04-22;2025-04-24;2025-04-25;2025-04-28;2025-05-16;2025-05-19;2025-05-21;2025-06-04;2025-06-05;2025-06-11;2025-06-14;2025-06-17;2025-06-27;2025-06-30;2025-07-03;2025-07-08;2025-07-15;2025-07-17;2025-07-18;2025-08-15;2025-08-18;2025-08-22;2025-09-04;2025-09-05;2025-09-09;2025-09-10;2025-09-12;2025-09-16;2025-10-02;2025-10-03;2025-10-06;2025-10-08;2025-10-23;2025-11-06;2025-11-07,2024-08-20;2024-08-21;2024-08-22;2024-09-03;2024-11-07;2024-11-15;2024-11-27;2024-12-09;2025-01-16;2025-02-05;2025-02-25;2025-03-05;2025-03-31;2025-04-01;2025-04-08;2025-04-16;2025-04-17;2025-04-23;2025-05-14;2025-05-20;2025-05-22;2025-06-20;2025-06-26;2025-07-01;2025-07-09;2025-10-07;2025-10-21
458,20261375,460,2024-08-20;2024-08-21;2024-08-22;2024-08-24;2024-08-27;2024-09-03;2024-10-01;2024-10-02;2024-10-07;2024-10-11;2024-10-15;2024-10-16;2024-10-18;2024-10-24;2024-11-11;2024-11-12;2024-11-15;2024-11-18;2024-11-27;2024-12-13;2025-01-16;2025-01-17;2025-01-27;2025-02-03;2025-02-05;2025-02-06;2025-02-07;2025-02-12;2025-03-04;2025-03-05;2025-03-12;2025-03-21;2025-03-26;2025-03-27;2025-03-28;2025-04-02;2025-04-03;2025-04-07;2025-04-08;2025-04-09;2025-04-11;2025-04-16;2025-04-17;2025-04-18;2025-04-22;2025-04-24;2025-04-25;2025-04-28;2025-05-16;2025-05-20;2025-05-21;2025-05-22;2025-06-04;2025-06-05;2025-06-11;2025-06-14;2025-06-17;2025-06-20;2025-06-26;2025-06-27;2025-07-01;2025-07-09;2025-07-15;2025-07-17;2025-07-18;2025-08-22;2025-09-04;2025-09-10;2025-09-12;2025-09-16;2025-10-03;2025-10-06;2025-10-07;2025-10-08;2025-10-21;2025-10-23;2025-11-06;2025-11-07,2024-08-23;2024-09-16;2024-09-24;2024-10-08;2024-10-10;2024-10-14;2024-11-07;2024-12-09;2025-02-10;2025-02-25;2025-03-03;2025-03-06;2025-03-11;2025-03-31;2025-04-01;2025-04-15;2025-04-23;2025-05-14;2025-05-19;2025-06-30;2025-07-03;2025-07-08;2025-08-15;2025-08-18;2025-09-05;2025-09-09;2025-10-02
459,20261376,461,2024-08-22;2024-08-23;2024-08-24;2024-08-27;2024-09-03;2024-09-16;2024-09-24;2024-10-01;2024-10-02;2024-10-07;2024-10-08;2024-10-10;2024-10-11;2024-10-14;2024-10-15;2024-10-16;2024-10-24;2024-11-07;2024-11-11;2024-11-18;2024-11-27;2024-12-13;2025-01-16;2025-01-17;2025-01-27;2025-02-10;2025-03-03;2025-03-04;2025-03-05;2025-03-06;2025-03-12;2025-03-21;2025-03-27;2025-03-28;2025-03-31;2025-04-02;2025-04-03;2025-04-08;2025-04-09;2025-04-11;2025-04-15;2025-04-16;2025-04-22;2025-04-23;2025-04-24;2025-04-25;2025-05-14;2025-05-16;2025-05-19;2025-05-21;2025-05-22;2025-06-04;2025-06-11;2025-06-14;2025-06-20;2025-06-26;2025-06-27;2025-06-30;2025-07-03;2025-07-08;2025-07-09;2025-07-15;2025-07-17;2025-07-18;2025-08-15;2025-08-18;2025-08-22;2025-09-04;2025-09-09;2025-09-12;2025-09-16;2025-10-02;2025-10-03;2025-10-06;2025-10-07;2025-10-08;2025-10-21;2025-10-23,2024-08-20;2024-08-21;2024-10-18;2024-11-12;2024-11-15;2024-12-09;2025-02-03;2025-02-05;2025-02-06;2025-02-07;2025-02-12;2025-02-25;2025-03-11;2025-03-26;2025-04-01;2025-04-07;2025-04-17;2025-04-18;2025-04-28;2025-05-20;2025-06-05;2025-06-17;2025-07-01;2025-09-05;2025-09-10;2025-11-06;2025-11-07
460,20261377,462,2024-08-20;2024-08-21;2024-08-23;2024-08-24;2024-08-27;2024-09-03;2024-09-24;2024-10-02;2024-10-07;2024-10-08;2024-10-11;2024-10-14;2024-10-15;2024-10-16;2024-10-18;2024-10-24;2024-11-15;2024-11-18;2024-11-27;2024-12-09;2024-12-13;2025-01-16;2025-01-17;2025-01-27;2025-02-05;2025-02-06;2025-02-07;2025-02-25;2025-03-03;2025-03-04;2025-03-05;2025-03-06;2025-03-11;2025-03-12;2025-03-21;2025-03-26;2025-03-27;2025-03-28;2025-03-31;2025-04-02;2025-04-03;2025-04-07;2025-04-09;2025-04-11;2025-04-16;2025-04-18;2025-04-24;2025-04-25;2025-04-28;2025-05-16;2025-05-19;2025-05-20;2025-05-21;2025-06-05;2025-06-11;2025-06-17;2025-06-20;2025-06-26;2025-06-27;2025-06-30;2025-07-01;2025-07-08;2025-07-09;2025-07-15;2025-07-17;2025-07-18;2025-08-15;2025-08-18;2025-09-04;2025-09-09;2025-09-16;2025-10-02;2025-10-03;2025-10-06;2025-10-07;2025-10-08;2025-10-23;2025-11-07,2024-08-22;2024-09-16;2024-10-01;2024-10-10;2024-11-07;2024-11-11;2024-11-12;2025-02-03;2025-02-10;2025-02-12;2025-04-01;2025-04-08;2025-04-15;2025-04-17;2025-04-22;2025-04-23;2025-05-14;2025-05-22;2025-06-04;2025-06-14;2025-07-03;2025-08-22;2025-09-05;2025-09-10;2025-09-12;2025-10-21;2025-11-06
461,20261378,463,2024-08-20;2024-08-21;2024-08-22;2024-08-23;2024-08-24;2024-09-03;2024-09-16;2024-09-24;2024-10-08;2024-10-10;2024-10-14;2024-10-15;2024-10-16;2024-10-24;2024-11-07;2024-11-11;2024-11-12;2024-11-15;2024-11-18;2024-11-27;2024-12-09;2024-12-13;2025-01-16;2025-01-17;2025-01-27;2025-02-03;2025-02-05;2025-02-06;2025-02-07;2025-02-25;2025-03-04;2025-03-06;2025-03-11;2025-03-12;2025-03-21;2025-03-26;2025-03-27;2025-04-01;2025-04-02;2025-04-08;2025-04-09;2025-04-11;2025-04-15;2025-04-16;2025-04-17;2025-04-22;2025-04-23;2025-04-24;2025-04-25;2025-04-28;2025-05-14;2025-05-16;2025-05-20;2025-05-21;2025-05-22;2025-06-04;2025-06-05;2025-06-11;2025-06-14;2025-06-27;2025-06-30;2025-07-01;2025-07-03;2025-07-17;2025-07-18;2025-08-15;2025-08-22;2025-09-05;2025-09-09;2025-09-10;2025-09-12;2025-09-16;2025-10-02;2025-10-03;2025-10-07;2025-10-08;2025-11-06;2025-11-07,2024-08-27;2024-10-01;2024-10-02;2024-10-07;2024-10-11;2024-10-18;2025-02-10;2025-02-12;2025-03-03;2025-03-05;2025-03-28;2025-03-31;2025-04-03;2025-04-07;2025-04-18;2025-05-19;2025-06-17;2025-06-20;2025-06-26;2025-07-08;2025-07-09;2025-07-15;2025-08-18;2025-09-04;2025-10-06;2025-10-21;2025-10-23
462,20261379,464,2024-08-21;2024-08-22;2024-08-23;2024-08-24;2024-08-27;2024-09-03;2024-09-24;2024-10-01;2024-10-08;2024-10-11;2024-10-14;2024-10-15;2024-10-16;2024-10-18;2024-10-24;2024-11-07;2024-11-11;2024-11-12;2024-11-15;2024-11-18;2024-11-27;2024-12-09;2024-12-13;2025-01-16;2025-01-27;2025-02-03;2025-02-06;2025-02-07;2025-02-10;2025-02-25;2025-03-03;2025-03-04;2025-03-05;2025-03-06;2025-03-11;2025-03-12;2025-03-21;2025-03-27;2025-03-28;2025-03-31;2025-04-02;2025-04-03;2025-04-07;2025-04-08;2025-04-09;2025-04-11;2025-04-15;2025-04-16;2025-04-17;2025-04-23;2025-04-24;2025-04-28;2025-05-16;2025-05-19;2025-05-20;2025-05-22;2025-06-14;2025-06-17;2025-06-26;2025-06-30;2025-07-01;2025-07-08;2025-07-09;2025-07-15;2025-07-17;2025-07-18;2025-08-22;2025-09-04;2025-09-05;2025-09-09;2025-09-10;2025-09-16;2025-10-02;2025-10-03;2025-10-07;2025-10-23;2025-11-06;2025-11-07,2024-08-20;2024-09-16;2024-10-02;2024-10-07;2024-10-10;2025-01-17;2025-02-05;2025-02-12;2025-03-26;2025-04-01;2025-04-18;2025-04-22;2025-04-25;2025-05-14;2025-05-21;2025-06-04;2025-06-05;2025-06-11;2025-06-20;2025-06-27;2025-07-03;2025-08-15;2025-08-18;2025-09-12;2025-10-06;2025-10-08;2025-10-21
463,20261380,465,2024-08-20;2024-08-21;2024-08-22;2024-08-24;2024-09-03;2024-09-24;2024-10-02;2024-10-07;2024-10-10;2024-10-14;2024-10-15;2024-10-16;2024-10-18;2024-11-07;2024-11-11;2024-11-12;2024-11-18;2024-12-09;2024-12-13;2025-01-16;2025-01-17;2025-01-27;2025-02-05;2025-02-06;2025-02-07;2025-02-10;2025-02-12;2025-02-25;2025-03-03;2025-03-04;2025-03-06;2025-03-11;2025-03-12;2025-03-21;2025-03-26;2025-03-27;2025-03-28;2025-03-31;2025-04-01;2025-04-02;2025-04-03;2025-04-07;2025-04-08;2025-04-09;2025-04-15;2025-04-16;2025-04-17;2025-04-18;2025-04-22;2025-04-23;2025-04-24;2025-04-25;2025-04-28;2025-05-19;2025-06-04;2025-06-11;2025-06-14;2025-06-17;2025-06-20;2025-06-27;2025-07-01;2025-07-08;2025-07-09;2025-07-15;2025-07-17;2025-07-18;2025-08-15;2025-08-22;2025-09-04;2025-09-05;2025-09-09;2025-09-16;2025-10-02;2025-10-06;2025-10-07;2025-10-08;2025-10-21;2025-11-06,2024-08-23;2024-08-27;2024-09-16;2024-10-01;2024-10-08;2024-10-11;2024-10-24;2024-11-15;2024-11-27;2025-02-03;2025-03-05;2025-04-11;2025-05-14;2025-05-16;2025-05-20;2025-05-21;2025-05-22;2025-06-05;2025-06-26;2025-06-30;2025-07-03;2025-08-18;2025-09-10;2025-09-12;2025-10-03;2025-10-23;2025-11-07
464,20261381,466,2024-08-20;2024-08-21;2024-08-23;2024-08-24;2024-08-27;2024-09-24;2024-10-07;2024-10-08;2024-10-10;2024-10-14;2024-10-15;2024-10-18;2024-10-24;2024-11-07;2024-11-11;2024-11-15;2024-11-18;2024-11-27;2024-12-09;2024-12-13;2025-01-17;2025-01-27;2025-02-03;2025-02-05;2025-02-06;2025-02-07;2025-02-10;2025-02-12;2025-03-04;2025-03-05;2025-03-06;2025-03-11;2025-03-12;2025-03-26;2025-03-27;2025-03-28;2025-03-31;2025-04-02;2025-04-03;2025-04-07;2025-04-08;2025-04-09;2025-04-11;2025-04-15;2025-04-17;2025-04-18;2025-04-22;2025-04-25;2025-04-28;2025-05-16;2025-05-19;2025-05-21;2025-05-22;2025-06-05;2025-06-11;2025-06-14;2025-06-17;2025-06-20;2025-06-26;2025-06-30;2025-07-01;2025-07-03;2025-07-08;2025-07-15;2025-08-15;2025-08-18;2025-09-04;2025-09-05;2025-09-09;2025-09-12;2025-09-16;2025-10-02;2025-10-03;2025-10-08;2025-10-21;2025-10-23;2025-11-06;2025-11-07,2024-08-22;2024-09-03;2024-09-16;2024-10-01;2024-10-02;2024-10-11;2024-10-16;2024-11-12;2025-01-16;2025-02-25;2025-03-03;2025-03-21;2025-04-01;2025-04-16;2025-04-23;2025-04-24;2025-05-14;2025-05-20;2025-06-04;2025-06-27;2025-07-09;2025-07-17;2025-07-18;2025-08-22;2025-09-10;2025-10-06;2025-10-07
465,20261382,467,2024-08-20;2024-08-21;2024-08-23;2024-08-24;2024-09-03;2024-09-16;2024-09-24;2024-10-01;2024-10-02;2024-10-07;2024-10-08;2024-10-10;2024-10-14;2024-10-15;2024-10-18;2024-10-24;2024-11-07;2024-11-12;2024-12-09;2024-12-13;2025-01-16;2025-01-17;2025-01-27;2025-02-03;2025-02-05;2025-02-06;2025-02-07;2025-02-10;2025-02-25;2025-03-03;2025-03-05;2025-03-11;2025-03-12;2025-03-26;2025-03-27;2025-03-28;2025-03-31;2025-04-01;2025-04-02;2025-04-03;2025-04-08;2025-04-09;2025-04-11;2025-04-15;2025-04-16;2025-04-17;2025-04-18;2025-04-24;2025-05-14;2025-05-16;2025-05-19;2025-05-21;2025-06-05;2025-06-11;2025-06-17;2025-06-20;2025-06-26;2025-06-27;2025-06-30;2025-07-01;2025-07-03;2025-07-08;2025-07-15;2025-07-17;2025-08-15;2025-08-18;2025-08-22;2025-09-05;2025-09-09;2025-09-10;2025-09-12;2025-09-16;2025-10-02;2025-10-03;2025-10-08;2025-10-23;2025-11-06;2025-11-07,2024-08-22;2024-08-27;2024-10-11;2024-10-16;2024-11-11;2024-11-15;2024-11-18;2024-11-27;2025-02-12;2025-03-04;2025-03-06;2025-03-21;2025-04-07;2025-04-22;2025-04-23;2025-04-25;2025-04-28;2025-05-20;2025-05-22;2025-06-04;2025-06-14;2025-07-09;2025-07-18;2025-09-04;2025-10-06;2025-10-07;2025-10-21
466,20261383,468,2024-08-20;2024-08-21;2024-08-22;2024-08-24;2024-08-27;2024-09-16;2024-10-01;2024-10-02;2024-10-07;2024-10-08;2024-10-11;2024-10-14;2024-10-15;2024-10-16;2024-10-18;2024-11-07;2024-11-11;2024-11-18;2024-11-27;2024-12-09;2024-12-13;2025-01-17;2025-02-05;2025-02-06;2025-02-07;2025-02-12;2025-03-04;2025-03-05;2025-03-06;2025-03-11;2025-03-12;2025-03-21;2025-03-26;2025-03-27;2025-03-28;2025-03-31;2025-04-02;2025-04-03;2025-04-07;2025-04-08;2025-04-09;2025-04-11;2025-04-15;2025-04-16;2025-04-17;2025-04-18;2025-04-22;2025-04-23;2025-04-24;2025-04-25;2025-04-28;2025-05-16;2025-05-20;2025-05-21;2025-05-22;2025-06-05;2025-06-11;2025-06-14;2025-06-17;2025-06-20;2025-06-26;2025-06-27;2025-06-30;2025-07-08;2025-07-09;2025-07-15;2025-08-18;2025-08-22;2025-09-12;2025-09-16;2025-10-03;2025-10-06;2025-10-07;2025-10-08;2025-10-21;2025-10-23;2025-11-06;2025-11-07,2024-08-23;2024-09-03;2024-09-24;2024-10-10;2024-10-24;2024-11-12;2024-11-15;2025-01-16;2025-01-27;2025-02-03;2025-02-10;2025-02-25;2025-03-03;2025-04-01;2025-05-14;2025-05-19;2025-06-04;2025-07-01;2025-07-03;2025-07-17;2025-07-18;2025-08-15;2025-09-04;2025-09-05;2025-09-09;2025-09-10;2025-10-02
467,20261384,469,2024-08-20;2024-08-21;2024-08-22;2024-08-23;2024-08-24;2024-08-27;2024-09-16;2024-09-24;2024-10-01;2024-10-02;2024-10-07;2024-10-08;2024-10-10;2024-10-11;2024-10-15;2024-10-16;2024-10-18;2024-10-24;2024-11-07;2024-11-11;2024-11-12;2024-11-18;2024-11-27;2024-12-09;2025-01-16;2025-01-17;2025-01-27;2025-02-03;2025-02-05;2025-02-06;2025-02-07;2025-02-10;2025-02-25;2025-03-03;2025-03-04;2025-03-05;2025-03-06;2025-03-12;2025-03-26;2025-03-28;2025-03-31;2025-04-01;2025-04-07;2025-04-11;2025-04-15;2025-04-16;2025-04-18;2025-04-22;2025-04-24;2025-04-25;2025-04-28;2025-05-16;2025-05-19;2025-05-20;2025-05-21;2025-06-04;2025-06-05;2025-06-11;2025-06-14;2025-06-20;2025-06-26;2025-06-30;2025-07-01;2025-07-08;2025-07-15;2025-07-18;2025-08-15;2025-08-18;2025-08-22;2025-09-04;2025-09-09;2025-09-12;2025-09-16;2025-10-02;2025-10-08;2025-10-23;2025-11-06;2025-11-07,2024-09-03;2024-10-14;2024-11-15;2024-12-13;2025-02-12;2025-03-11;2025-03-21;2025-03-27;2025-04-02;2025-04-03;2025-04-08;2025-04-09;2025-04-17;2025-04-23;2025-05-14;2025-05-22;2025-06-17;2025-06-27;2025-07-03;2025-07-09;2025-07-17;2025-09-05;2025-09-10;2025-10-03;2025-10-06;2025-10-07;2025-10-21
468,20261385,470,2024-08-21;2024-08-27;2024-09-03;2024-09-16;2024-09-24;2024-10-01;2024-10-02;2024-10-10;2024-10-11;2024-10-15;2024-10-16;2024-10-18;2024-10-24;2024-11-07;2024-11-11;2024-11-12;2024-11-15;2024-11-18;2024-11-27;2024-12-09;2024-12-13;2025-01-16;2025-01-27;2025-02-03;2025-02-05;2025-02-06;2025-02-10;2025-03-03;2025-03-04;2025-03-05;2025-03-11;2025-03-12;2025-03-21;2025-03-26;2025-03-27;2025-03-28;2025-03-31;2025-04-02;2025-04-03;2025-04-07;2025-04-08;2025-04-09;2025-04-11;2025-04-15;2025-04-16;2025-04-17;2025-04-18;2025-04-22;2025-04-23;2025-04-24;2025-04-28;2025-05-16;2025-05-19;2025-05-20;2025-05-22;2025-06-05;2025-06-14;2025-06-17;2025-06-20;2025-06-26;2025-06-27;2025-07-01;2025-07-08;2025-07-15;2025-07-17;2025-07-18;2025-08-22;2025-09-04;2025-09-10;2025-09-16;2025-10-02;2025-10-03;2025-10-06;2025-10-08;2025-10-21;2025-10-23;2025-11-06;2025-11-07,2024-08-20;2024-08-22;2024-08-23;2024-08-24;2024-10-07;2024-10-08;2024-10-14;2025-01-17;2025-02-07;2025-02-12;2025-02-25;2025-03-06;2025-04-01;2025-04-25;2025-05-14;2025-05-21;2025-06-04;2025-06-11;2025-06-30;2025-07-03;2025-07-09;2025-08-15;2025-08-18;2025-09-05;2025-09-09;2025-09-12;2025-10-07
469,20261386,471,2024-08-22;2024-08-24;2024-09-03;2024-09-16;2024-10-01;2024-10-02;2024-10-07;2024-10-08;2024-10-10;2024-10-11;2024-10-14;2024-10-15;2024-10-16;2024-11-12;2024-11-18;2024-11-27;2024-12-13;2025-01-16;2025-01-17;2025-01-27;2025-02-03;2025-02-05;2025-02-07;2025-02-10;2025-02-12;2025-02-25;2025-03-05;2025-03-06;2025-03-11;2025-03-12;2025-03-21;2025-03-27;2025-03-28;2025-03-31;2025-04-01;2025-04-02;2025-04-03;2025-04-07;2025-04-09;2025-04-11;2025-04-16;2025-04-17;2025-04-18;2025-04-22;2025-04-24;2025-04-28;2025-05-14;2025-05-16;2025-05-19;2025-05-20;2025-05-21;2025-05-22;2025-06-05;2025-06-11;2025-06-14;2025-06-17;2025-06-20;2025-06-26;2025-06-27;2025-06-30;2025-07-08;2025-07-09;2025-07-15;2025-07-17;2025-07-18;2025-08-18;2025-08-22;2025-09-04;2025-09-09;2025-09-10;2025-09-12;2025-10-02;2025-10-06;2025-10-07;2025-10-08;2025-10-23;2025-11-06;2025-11-07,2024-08-20;2024-08-21;2024-08-23;2024-08-27;2024-09-24;2024-10-18;2024-10-24;2024-11-07;2024-11-11;2024-11-15;2024-12-09;2025-02-06;2025-03-03;2025-03-04;2025-03-26;2025-04-08;2025-04-15;2025-04-23;2025-04-25;2025-06-04;2025-07-01;2025-07-03;2025-08-15;2025-09-05;2025-09-16;2025-10-03;2025-10-21
470,20261387,472,2024-08-24;2024-08-27;2024-09-16;2024-09-24;2024-10-01;2024-10-02;2024-10-07;2024-10-08;2024-10-10;2024-10-15;2024-10-16;2024-10-18;2024-10-24;2024-11-11;2024-11-12;2024-11-15;2024-11-18;2024-12-09;2024-12-13;2025-01-16;2025-01-17;2025-02-03;2025-02-07;2025-02-12;2025-02-25;2025-03-03;2025-03-04;2025-03-06;2025-03-11;2025-03-12;2025-03-21;2025-03-26;2025-03-27;2025-03-31;2025-04-01;2025-04-02;2025-04-03;2025-04-07;2025-04-08;2025-04-09;2025-04-11;2025-04-15;2025-04-17;2025-04-18;2025-04-22;2025-04-23;2025-04-24;2025-04-28;2025-05-16;2025-05-20;2025-05-21;2025-05-22;2025-06-11;2025-06-14;2025-06-17;2025-06-20;2025-06-26;2025-06-27;2025-06-30;2025-07-01;2025-07-03;2025-07-08;2025-07-09;2025-07-15;2025-07-18;2025-08-18;2025-08-22;2025-09-04;2025-09-10;2025-09-16;2025-10-02;2025-10-03;2025-10-06;2025-10-07;2025-10-21;2025-10-23;2025-11-06;2025-11-07,2024-08-20;2024-08-21;2024-08-22;2024-08-23;2024-09-03;2024-10-11;2024-10-14;2024-11-07;2024-11-27;2025-01-27;2025-02-05;2025-02-06;2025-02-10;2025-03-05;2025-03-28;2025-04-16;2025-04-25;2025-05-14;2025-05-19;2025-06-04;2025-06-05;2025-07-17;2025-08-15;2025-09-05;2025-09-09;2025-09-12;2025-10-08
471,20261388,473,2024-08-20;2024-08-21;2024-08-22;2024-08-23;2024-08-24;2024-08-27;2024-09-03;2024-09-16;2024-09-24;2024-10-02;2024-10-07;2024-10-08;2024-10-10;2024-10-11;2024-10-14;2024-10-15;2024-10-16;2024-10-24;2024-11-07;2024-11-12;2024-12-09;2025-01-16;2025-01-17;2025-01-27;2025-02-06;2025-02-25;2025-03-04;2025-03-06;2025-03-11;2025-03-12;2025-03-21;2025-03-26;2025-03-28;2025-04-01;2025-04-02;2025-04-03;2025-04-07;2025-04-08;2025-04-09;2025-04-11;2025-04-18;2025-04-22;2025-04-25;2025-04-28;2025-05-14;2025-05-16;2025-05-19;2025-05-20;2025-05-21;2025-05-22;2025-06-04;2025-06-11;2025-06-14;2025-06-20;2025-06-26;2025-06-27;2025-06-30;2025-07-01;2025-07-03;2025-07-08;2025-07-09;2025-07-15;2025-07-17;2025-07-18;2025-08-15;2025-08-18;2025-08-22;2025-09-04;2025-09-05;2025-09-09;2025-09-10;2025-09-12;2025-09-16;2025-10-03;2025-10-06;2025-10-08;2025-10-23;2025-11-07,2024-10-01;2024-10-18;2024-11-11;2024-11-15;2024-11-18;2024-11-27;2024-12-13;2025-02-03;2025-02-05;2025-02-07;2025-02-10;2025-02-12;2025-03-03;2025-03-05;2025-03-27;2025-03-31;2025-04-15;2025-04-16;2025-04-17;2025-04-23;2025-04-24;2025-06-05;2025-06-17;2025-10-02;2025-10-07;2025-10-21;2025-11-06
472,20261389,474,2024-08-20;2024-08-21;2024-08-22;2024-08-23;2024-08-24;2024-08-27;2024-09-03;2024-09-24;2024-10-07;2024-10-08;2024-10-10;2024-10-11;2024-10-15;2024-10-16;2024-10-18;2024-10-24;2024-11-11;2024-11-12;2024-11-15;2024-11-27;2024-12-09;2024-12-13;2025-01-16;2025-01-17;2025-01-27;2025-02-03;2025-02-05;2025-02-07;2025-02-10;2025-02-25;2025-03-03;2025-03-04;2025-03-05;2025-03-06;2025-03-26;2025-03-27;2025-03-28;2025-04-02;2025-04-03;2025-04-07;2025-04-08;2025-04-09;2025-04-11;2025-04-17;2025-04-18;2025-04-23;2025-04-24;2025-04-25;2025-04-28;2025-05-14;2025-05-19;2025-05-20;2025-05-21;2025-05-22;2025-06-05;2025-06-11;2025-06-14;2025-06-17;2025-06-20;2025-06-27;2025-06-30;2025-07-01;2025-07-08;2025-07-09;2025-07-15;2025-07-17;2025-07-18;2025-08-18;2025-08-22;2025-09-04;2025-09-10;2025-09-16;2025-10-02;2025-10-06;2025-10-07;2025-10-08;2025-10-23;2025-11-07,2024-09-16;2024-10-01;2024-10-02;2024-10-14;2024-11-07;2024-11-18;2025-02-06;2025-02-12;2025-03-11;2025-03-12;2025-03-21;2025-03-31;2025-04-01;2025-04-15;2025-04-16;2025-04-22;2025-05-16;2025-06-04;2025-06-26;2025-07-03;2025-08-15;2025-09-05;2025-09-09;2025-09-12;2025-10-03;2025-10-21;2025-11-06
473,20261390,475,2024-08-20;2024-08-21;2024-08-22;2024-08-23;2024-08-27;2024-09-24;2024-10-02;2024-10-07;2024-10-08;2024-10-10;2024-10-11;2024-10-14;2024-10-15;2024-10-16;2024-10-18;2024-10-24;2024-11-07;2024-11-11;2024-11-18;2024-12-13;2025-01-16;2025-01-17;2025-02-03;2025-02-05;2025-02-06;2025-02-07;2025-02-25;2025-03-03;2025-03-04;2025-03-05;2025-03-06;2025-03-11;2025-03-12;2025-03-27;2025-03-28;2025-03-31;2025-04-02;2025-04-03;2025-04-08;2025-04-09;2025-04-11;2025-04-15;2025-04-16;2025-04-17;2025-04-18;2025-04-22;2025-04-24;2025-04-25;2025-04-28;2025-05-14;2025-05-21;2025-06-04;2025-06-05;2025-06-11;2025-06-14;2025-06-20;2025-06-26;2025-06-27;2025-06-30;2025-07-03;2025-07-08;2025-07-09;2025-07-18;2025-08-15;2025-08-18;2025-08-22;2025-09-09;2025-09-10;2025-09-12;2025-09-16;2025-10-02;2025-10-03;2025-10-06;2025-10-07;2025-10-21;2025-10-23;2025-11-06;2025-11-07,2024-08-24;2024-09-03;2024-09-16;2024-10-01;2024-11-12;2024-11-15;2024-11-27;2024-12-09;2025-01-27;2025-02-10;2025-02-12;2025-03-21;2025-03-26;2025-04-01;2025-04-07;2025-04-23;2025-05-16;2025-05-19;2025-05-20;2025-05-22;2025-06-17;2025-07-01;2025-07-15;2025-07-17;2025-09-04;2025-09-05;2025-10-08
474,20261391,476,2024-08-20;2024-08-22;2024-08-27;2024-09-16;2024-09-24;2024-10-01;2024-10-02;2024-10-07;2024-10-08;2024-10-10;2024-10-14;2024-10-15;2024-10-18;2024-10-24;2024-11-07;2024-11-15;2024-11-27;2024-12-09;2024-12-13;2025-01-16;2025-01-17;2025-01-27;2025-02-06;2025-02-07;2025-02-10;2025-02-12;2025-03-03;2025-03-05;2025-03-06;2025-03-11;2025-03-12;2025-03-26;2025-03-27;2025-03-28;2025-04-01;2025-04-02;2025-04-03;2025-04-08;2025-04-09;2025-04-11;2025-04-15;2025-04-16;2025-04-17;2025-04-18;2025-04-22;2025-04-23;2025-04-24;2025-04-28;2025-05-16;2025-05-19;2025-05-21;2025-05-22;2025-06-04;2025-06-05;2025-06-11;2025-06-14;2025-06-17;2025-06-20;2025-06-27;2025-06-30;2025-07-03;2025-07-08;2025-07-09;2025-07-15;2025-07-17;2025-07-18;2025-08-18;2025-08-22;2025-09-04;2025-09-05;2025-09-09;2025-09-12;2025-09-16;2025-10-02;2025-10-07;2025-10-08;2025-10-21;2025-10-23,2024-08-21;2024-08-23;2024-08-24;2024-09-03;2024-10-11;2024-10-16;2024-11-11;2024-11-12;2024-11-18;2025-02-03;2025-02-05;2025-02-25;2025-03-04;2025-03-21;2025-03-31;2025-04-07;2025-04-25;2025-05-14;2025-05-20;2025-06-26;2025-07-01;2025-08-15;2025-09-10;2025-10-03;2025-10-06;2025-11-06;2025-11-07
475,20261392,477,2024-08-20;2024-08-22;2024-08-23;2024-09-03;2024-09-16;2024-09-24;2024-10-01;2024-10-02;2024-10-08;2024-10-11;2024-10-14;2024-10-16;2024-10-18;2024-10-24;2024-11-07;2024-11-11;2024-11-12;2024-11-15;2024-11-18;2024-12-09;2024-12-13;2025-01-16;2025-01-17;2025-02-03;2025-02-05;2025-02-07;2025-02-10;2025-02-12;2025-03-03;2025-03-04;2025-03-05;2025-03-06;2025-03-12;2025-03-21;2025-03-26;2025-03-27;2025-03-31;2025-04-03;2025-04-07;2025-04-09;2025-04-11;2025-04-17;2025-04-18;2025-04-22;2025-04-23;2025-04-24;2025-04-25;2025-04-28;2025-05-14;2025-05-16;2025-05-20;2025-05-21;2025-06-05;2025-06-14;2025-06-17;2025-06-20;2025-06-26;2025-06-27;2025-06-30;2025-07-03;2025-07-08;2025-07-09;2025-07-15;2025-07-18;2025-08-15;2025-08-18;2025-09-04;2025-09-05;2025-09-10;2025-09-12;2025-10-02;2025-10-03;2025-10-06;2025-10-07;2025-10-21;2025-10-23;2025-11-06;2025-11-07,2024-08-21;2024-08-24;2024-08-27;2024-10-07;2024-10-10;2024-10-15;2024-11-27;2025-01-27;2025-02-06;2025-02-25;2025-03-11;2025-03-28;2025-04-01;2025-04-02;2025-04-08;2025-04-15;2025-04-16;2025-05-19;2025-05-22;2025-06-04;2025-06-11;2025-07-01;2025-07-17;2025-08-22;2025-09-09;2025-09-16;2025-10-08
476,20261393,478,2024-08-20;2024-08-22;2024-08-23;2024-08-24;2024-09-03;2024-09-16;2024-09-24;2024-10-01;2024-10-02;2024-10-10;2024-10-11;2024-10-14;2024-10-15;2024-10-16;2024-10-18;2024-11-07;2024-11-11;2024-11-12;2024-11-15;2024-11-18;2024-11-27;2024-12-13;2025-01-16;2025-01-17;2025-02-03;2025-02-05;2025-02-10;2025-02-12;2025-02-25;2025-03-03;2025-03-06;2025-03-12;2025-03-21;2025-03-27;2025-04-01;2025-04-03;2025-04-07;2025-04-08;2025-04-11;2025-04-15;2025-04-17;2025-04-22;2025-04-23;2025-04-24;2025-04-25;2025-04-28;2025-05-14;2025-05-19;2025-05-21;2025-05-22;2025-06-04;2025-06-05;2025-06-11;2025-06-14;2025-06-27;2025-06-30;2025-07-03;2025-07-08;2025-07-09;2025-07-15;2025-07-17;2025-07-18;2025-08-15;2025-08-18;2025-08-22;2025-09-04;2025-09-05;2025-09-09;2025-09-12;2025-09-16;2025-10-03;2025-10-06;2025-10-07;2025-10-08;2025-10-21;2025-10-23;2025-11-06;2025-11-07,2024-08-21;2024-08-27;2024-10-07;2024-10-08;2024-10-24;2024-12-09;2025-01-27;2025-02-06;2025-02-07;2025-03-04;2025-03-05;2025-03-11;2025-03-26;2025-03-28;2025-03-31;2025-04-02;2025-04-09;2025-04-16;2025-04-18;2025-05-16;2025-05-20;2025-06-17;2025-06-20;2025-06-26;2025-07-01;2025-09-10;2025-10-02
477,20261394,479,2024-08-20;2024-08-21;2024-08-24;2024-09-16;2024-09-24;2024-10-01;2024-10-02;2024-10-07;2024-10-08;2024-10-10;2024-10-11;2024-10-14;2024-10-15;2024-10-16;2024-10-18;2024-10-24;2024-11-07;2024-11-11;2024-11-12;2024-11-15;2024-11-27;2024-12-09;2024-12-13;2025-01-16;2025-01-17;2025-02-03;2025-02-05;2025-02-06;2025-02-07;2025-02-25;2025-03-03;2025-03-04;2025-03-11;2025-03-12;2025-03-21;2025-03-28;2025-03-31;2025-04-01;2025-04-02;2025-04-03;2025-04-07;2025-04-09;2025-04-11;2025-04-15;2025-04-17;2025-04-18;2025-04-22;2025-04-23;2025-04-24;2025-04-25;2025-05-16;2025-05-20;2025-06-04;2025-06-05;2025-06-11;2025-06-14;2025-06-17;2025-06-20;2025-06-26;2025-06-27;2025-06-30;2025-07-01;2025-07-03;2025-07-08;2025-07-15;2025-07-18;2025-08-18;2025-09-05;2025-09-09;2025-09-10;2025-09-12;2025-09-16;2025-10-02;2025-10-03;2025-10-07;2025-10-21;2025-10-23;2025-11-07,2024-08-22;2024-08-23;2024-08-27;2024-09-03;2024-11-18;2025-01-27;2025-02-10;2025-02-12;2025-03-05;2025-03-06;2025-03-26;2025-03-27;2025-04-08;2025-04-16;2025-04-28;2025-05-14;2025-05-19;2025-05-21;2025-05-22;2025-07-09;2025-07-17;2025-08-15;2025-08-22;2025-09-04;2025-10-06;2025-10-08;2025-11-06
478,20261395,480,2024-08-21;2024-08-23;2024-08-24;2024-08-27;2024-09-03;2024-09-16;2024-09-24;2024-10-01;2024-10-07;2024-10-08;2024-10-10;2024-10-14;2024-10-15;2024-10-16;2024-10-24;2024-11-07;2024-11-11;2024-11-12;2024-11-18;2024-11-27;2024-12-09;2024-12-13;2025-01-16;2025-01-27;2025-02-03;2025-02-05;2025-02-06;2025-02-07;2025-02-12;2025-02-25;2025-03-03;2025-03-05;2025-03-11;2025-03-12;2025-03-31;2025-04-01;2025-04-02;2025-04-03;2025-04-07;2025-04-08;2025-04-09;2025-04-16;2025-04-18;2025-04-22;2025-04-23;2025-04-24;2025-04-28;2025-05-19;2025-05-20;2025-05-21;2025-05-22;2025-06-04;2025-06-05;2025-06-11;2025-06-14;2025-06-17;2025-06-20;2025-06-26;2025-06-30;2025-07-01;2025-07-03;2025-07-08;2025-07-17;2025-07-18;2025-08-18;2025-08-22;2025-09-04;2025-09-05;2025-09-09;2025-09-10;2025-09-16;2025-10-02;2025-10-06;2025-10-07;2025-10-21;2025-10-23;2025-11-06;2025-11-07,2024-08-20;2024-08-22;2024-10-02;2024-10-11;2024-10-18;2024-11-15;2025-01-17;2025-02-10;2025-03-04;2025-03-06;2025-03-21;2025-03-26;2025-03-27;2025-03-28;2025-04-11;2025-04-15;2025-04-17;2025-04-25;2025-05-14;2025-05-16;2025-06-27;2025-07-09;2025-07-15;2025-08-15;2025-09-12;2025-10-03;2025-10-08
479,20261396,481,2024-08-20;2024-08-21;2024-08-22;2024-08-23;2024-08-24;2024-08-27;2024-09-03;2024-09-16;2024-09-24;2024-10-01;2024-10-02;2024-10-10;2024-10-11;2024-10-14;2024-10-16;2024-10-18;2024-11-07;2024-11-11;2024-11-15;2024-11-18;2024-12-09;2024-12-13;2025-01-16;2025-01-17;2025-02-03;2025-02-05;2025-02-06;2025-02-10;2025-02-12;2025-02-25;2025-03-04;2025-03-05;2025-03-06;2025-03-11;2025-03-26;2025-03-27;2025-03-31;2025-04-02;2025-04-07;2025-04-08;2025-04-09;2025-04-11;2025-04-15;2025-04-17;2025-04-22;2025-04-23;2025-04-24;2025-04-28;2025-05-14;2025-05-16;2025-05-19;2025-05-20;2025-05-21;2025-06-05;2025-06-14;2025-06-20;2025-06-26;2025-07-01;2025-07-03;2025-07-08;2025-07-09;2025-07-15;2025-07-17;2025-08-15;2025-08-18;2025-08-22;2025-09-04;2025-09-05;2025-09-09;2025-09-10;2025-09-12;2025-09-16;2025-10-02;2025-10-03;2025-10-08;2025-10-21;2025-11-06;2025-11-07,2024-10-07;2024-10-08;2024-10-15;2024-10-24;2024-11-12;2024-11-27;2025-01-27;2025-02-07;2025-03-03;2025-03-12;2025-03-21;2025-03-28;2025-04-01;2025-04-03;2025-04-16;2025-04-18;2025-04-25;2025-05-22;2025-06-04;2025-06-11;2025-06-17;2025-06-27;2025-06-30;2025-07-18;2025-10-06;2025-10-07;2025-10-23
480,20261397,482,2024-08-20;2024-08-21;2024-08-22;2024-08-23;2024-08-24;2024-08-27;2024-10-02;2024-10-08;2024-10-10;2024-10-11;2024-10-14;2024-10-15;2024-10-24;2024-11-07;2024-11-11;2024-11-18;2024-11-27;2024-12-09;2024-12-13;2025-01-17;2025-01-27;2025-02-05;2025-02-06;2025-02-07;2025-02-10;2025-02-12;2025-02-25;2025-03-04;2025-03-06;2025-03-11;2025-03-21;2025-03-26;2025-03-27;2025-03-28;2025-03-31;2025-04-01;2025-04-02;2025-04-03;2025-04-07;2025-04-08;2025-04-09;2025-04-11;2025-04-15;2025-04-18;2025-04-22;2025-04-23;2025-04-24;2025-04-25;2025-04-28;2025-05-14;2025-05-16;2025-05-21;2025-05-22;2025-06-04;2025-06-11;2025-06-14;2025-06-17;2025-06-20;2025-06-26;2025-06-27;2025-06-30;2025-07-01;2025-07-03;2025-07-08;2025-07-09;2025-07-17;2025-07-18;2025-09-04;2025-09-05;2025-09-09;2025-09-10;2025-10-02;2025-10-03;2025-10-06;2025-10-08;2025-10-23;2025-11-06;2025-11-07,2024-09-03;2024-09-16;2024-09-24;2024-10-01;2024-10-07;2024-10-16;2024-10-18;2024-11-12;2024-11-15;2025-01-16;2025-02-03;2025-03-03;2025-03-05;2025-03-12;2025-04-16;2025-04-17;2025-05-19;2025-05-20;2025-06-05;2025-07-15;2025-08-15;2025-08-18;2025-08-22;2025-09-12;2025-09-16;2025-10-07;2025-10-21
481,20261398,483,2024-08-20;2024-08-21;2024-08-22;2024-08-23;2024-08-24;2024-09-16;2024-09-24;2024-10-01;2024-10-02;2024-10-07;2024-10-08;2024-10-14;2024-10-15;2024-10-16;2024-10-18;2024-10-24;2024-11-11;2024-11-15;2024-11-27;2024-12-09;2024-12-13;2025-01-16;2025-01-17;2025-01-27;2025-02-05;2025-02-06;2025-02-10;2025-02-12;2025-02-25;2025-03-03;2025-03-04;2025-03-05;2025-03-11;2025-03-12;2025-03-26;2025-03-27;2025-03-28;2025-03-31;2025-04-01;2025-04-02;2025-04-03;2025-04-07;2025-04-09;2025-04-15;2025-04-16;2025-04-18;2025-04-24;2025-04-25;2025-05-14;2025-05-20;2025-05-21;2025-05-22;2025-06-04;2025-06-05;2025-06-11;2025-06-14;2025-06-20;2025-06-26;2025-06-27;2025-06-30;2025-07-01;2025-07-03;2025-07-08;2025-07-09;2025-07-15;2025-07-17;2025-07-18;2025-08-15;2025-08-18;2025-08-22;2025-09-04;2025-09-16;2025-10-07;2025-10-08;2025-10-21;2025-10-23;2025-11-06;2025-11-07,2024-08-27;2024-09-03;2024-10-10;2024-10-11;2024-11-07;2024-11-12;2024-11-18;2025-02-03;2025-02-07;2025-03-06;2025-03-21;2025-04-08;2025-04-11;2025-04-17;2025-04-22;2025-04-23;2025-04-28;2025-05-16;2025-05-19;2025-06-17;2025-09-05;2025-09-09;2025-09-10;2025-09-12;2025-10-02;2025-10-03;2025-10-06
482,20261399,484,2024-08-21;2024-08-22;2024-08-24;2024-08-27;2024-09-16;2024-09-24;2024-10-01;2024-10-02;2024-10-08;2024-10-11;2024-10-15;2024-10-16;2024-10-18;2024-10-24;2024-11-07;2024-11-11;2024-11-12;2024-11-15;2024-11-27;2024-12-09;2024-12-13;2025-01-16;2025-01-27;2025-02-03;2025-02-05;2025-02-07;2025-02-25;2025-03-03;2025-03-04;2025-03-05;2025-03-06;2025-03-12;2025-03-21;2025-03-27;2025-03-28;2025-03-31;2025-04-01;2025-04-02;2025-04-03;2025-04-08;2025-04-09;2025-04-11;2025-04-17;2025-04-22;2025-04-23;2025-04-25;2025-04-28;2025-05-14;2025-05-16;2025-05-20;2025-05-21;2025-05-22;2025-06-04;2025-06-05;2025-06-17;2025-06-20;2025-06-27;2025-06-30;2025-07-01;2025-07-03;2025-07-08;2025-07-09;2025-07-15;2025-07-17;2025-07-18;2025-08-15;2025-08-18;2025-09-04;2025-09-05;2025-09-10;2025-09-16;2025-10-02;2025-10-03;2025-10-06;2025-10-21;2025-10-23;2025-11-06;2025-11-07,2024-08-20;2024-08-23;2024-09-03;2024-10-07;2024-10-10;2024-10-14;2024-11-18;2025-01-17;2025-02-06;2025-02-10;2025-02-12;2025-03-11;2025-03-26;2025-04-07;2025-04-15;2025-04-16;2025-04-18;2025-04-24;2025-05-19;2025-06-11;2025-06-14;2025-06-26;2025-08-22;2025-09-09;2025-09-12;2025-10-07;2025-10-08
483,20261400,485,2024-08-20;2024-08-21;2024-08-23;2024-09-03;2024-09-24;2024-10-07;2024-10-08;2024-10-11;2024-10-14;2024-10-15;2024-10-16;2024-10-18;2024-10-24;2024-11-07;2024-11-11;2024-11-12;2024-11-15;2024-11-27;2024-12-09;2024-12-13;2025-01-16;2025-01-17;2025-01-27;2025-02-03;2025-02-05;2025-02-06;2025-02-07;2025-02-10;2025-02-12;2025-02-25;2025-03-03;2025-03-04;2025-03-06;2025-03-11;2025-03-12;2025-03-26;2025-03-27;2025-03-28;2025-03-31;2025-04-02;2025-04-08;2025-04-11;2025-04-15;2025-04-16;2025-04-18;2025-04-22;2025-04-23;2025-04-24;2025-05-14;2025-05-16;2025-05-20;2025-05-22;2025-06-04;2025-06-05;2025-06-11;2025-06-14;2025-06-17;2025-06-20;2025-06-26;2025-06-27;2025-06-30;2025-07-01;2025-07-08;2025-07-17;2025-07-18;2025-09-04;2025-09-05;2025-09-09;2025-09-12;2025-09-16;2025-10-02;2025-10-06;2025-10-07;2025-10-08;2025-10-21;2025-10-23;2025-11-06;2025-11-07,2024-08-22;2024-08-24;2024-08-27;2024-09-16;2024-10-01;2024-10-02;2024-10-10;2024-11-18;2025-03-05;2025-03-21;2025-04-01;2025-04-03;2025-04-07;2025-04-09;2025-04-17;2025-04-25;2025-04-28;2025-05-19;2025-05-21;2025-07-03;2025-07-09;2025-07-15;2025-08-15;2025-08-18;2025-08-22;2025-09-10;2025-10-03
484,20261401,486,2024-08-20;2024-08-21;2024-08-23;2024-08-24;2024-08-27;2024-09-03;2024-09-16;2024-09-24;2024-10-01;2024-10-08;2024-10-10;2024-10-11;2024-10-14;2024-10-15;2024-10-16;2024-10-18;2024-11-11;2024-12-09;2024-12-13;2025-01-16;2025-01-17;2025-02-05;2025-02-06;2025-02-07;2025-02-10;2025-02-12;2025-02-25;2025-03-03;2025-03-04;2025-03-05;2025-03-06;2025-03-11;2025-03-12;2025-03-21;2025-03-26;2025-03-27;2025-03-28;2025-03-31;2025-04-01;2025-04-03;2025-04-07;2025-04-09;2025-04-11;2025-04-15;2025-04-16;2025-04-17;2025-04-18;2025-04-22;2025-04-23;2025-05-14;2025-05-16;2025-05-19;2025-05-21;2025-06-05;2025-06-11;2025-06-14;2025-06-26;2025-06-27;2025-07-01;2025-07-08;2025-07-09;2025-07-17;2025-08-15;2025-08-18;2025-08-22;2025-09-04;2025-09-05;2025-09-09;2025-09-10;2025-09-12;2025-09-16;2025-10-02;2025-10-03;2025-10-06;2025-10-08;2025-10-21;2025-10-23;2025-11-06,2024-08-22;2024-10-02;2024-10-07;2024-10-24;2024-11-07;2024-11-12;2024-11-15;2024-11-18;2024-11-27;2025-01-27;2025-02-03;2025-04-02;2025-04-08;2025-04-24;2025-04-25;2025-04-28;2025-05-20;2025-05-22;2025-06-04;2025-06-17;2025-06-20;2025-06-30;2025-07-03;2025-07-15;2025-07-18;2025-10-07;2025-11-07
485,20261402,487,2024-08-20;2024-08-21;2024-08-22;2024-08-23;2024-08-24;2024-08-27;2024-09-03;2024-09-16;2024-10-01;2024-10-02;2024-10-07;2024-10-08;2024-10-10;2024-10-15;2024-10-16;2024-10-18;2024-11-07;2024-11-11;2024-11-12;2024-11-15;2024-11-27;2024-12-09;2025-01-16;2025-01-17;2025-01-27;2025-02-05;2025-02-06;2025-02-07;2025-02-12;2025-02-25;2025-03-04;2025-03-11;2025-03-26;2025-03-27;2025-03-28;2025-03-31;2025-04-01;2025-04-02;2025-04-08;2025-04-09;2025-04-11;2025-04-15;2025-04-17;2025-04-18;2025-04-22;2025-04-23;2025-04-24;2025-04-28;2025-05-14;2025-05-16;2025-05-19;2025-05-20;2025-05-22;2025-06-11;2025-06-14;2025-06-17;2025-06-20;2025-06-26;2025-06-27;2025-06-30;2025-07-03;2025-07-08;2025-07-09;2025-07-15;2025-07-17;2025-07-18;2025-08-18;2025-08-22;2025-09-05;2025-09-10;2025-09-16;2025-10-02;2025-10-03;2025-10-08;2025-10-21;2025-10-23;2025-11-06;2025-11-07,2024-09-24;2024-10-11;2024-10-14;2024-10-24;2024-11-18;2024-12-13;2025-02-03;2025-02-10;2025-03-03;2025-03-05;2025-03-06;2025-03-12;2025-03-21;2025-04-03;2025-04-07;2025-04-16;2025-04-25;2025-05-21;2025-06-04;2025-06-05;2025-07-01;2025-08-15;2025-09-04;2025-09-09;2025-09-12;2025-10-06;2025-10-07
486,20261403,488,2024-08-20;2024-08-21;2024-08-22;2024-08-23;2024-08-24;2024-08-27;2024-09-03;2024-09-16;2024-10-01;2024-10-07;2024-10-08;2024-10-10;2024-10-11;2024-10-14;2024-10-15;2024-10-16;2024-10-18;2024-11-07;2024-11-12;2024-11-15;2024-11-18;2024-12-13;2025-01-17;2025-01-27;2025-02-05;2025-02-07;2025-02-25;2025-03-03;2025-03-04;2025-03-05;2025-03-12;2025-03-21;2025-03-26;2025-03-27;2025-03-28;2025-03-31;2025-04-01;2025-04-02;2025-04-03;2025-04-07;2025-04-08;2025-04-09;2025-04-11;2025-04-15;2025-04-16;2025-04-17;2025-04-18;2025-04-23;2025-04-24;2025-05-14;2025-05-16;2025-05-19;2025-05-20;2025-05-21;2025-06-04;2025-06-05;2025-06-11;2025-06-17;2025-06-20;2025-06-27;2025-06-30;2025-07-01;2025-07-03;2025-07-08;2025-07-09;2025-07-15;2025-08-15;2025-08-18;2025-09-09;2025-09-10;2025-09-12;2025-09-16;2025-10-02;2025-10-03;2025-10-06;2025-10-08;2025-10-23;2025-11-07,2024-09-24;2024-10-02;2024-10-24;2024-11-11;2024-11-27;2024-12-09;2025-01-16;2025-02-03;2025-02-06;2025-02-10;2025-02-12;2025-03-06;2025-03-11;2025-04-22;2025-04-25;2025-04-28;2025-05-22;2025-06-14;2025-06-26;2025-07-17;2025-07-18;2025-08-22;2025-09-04;2025-09-05;2025-10-07;2025-10-21;2025-11-06
487,20261404,489,2024-08-20;2024-08-22;2024-08-23;2024-08-24;2024-08-27;2024-09-03;2024-09-16;2024-09-24;2024-10-01;2024-10-02;2024-10-07;2024-10-10;2024-10-11;2024-10-14;2024-10-24;2024-11-07;2024-11-11;2024-11-12;2024-11-15;2024-11-18;2024-11-27;2024-12-09;2024-12-13;2025-01-17;2025-01-27;2025-02-03;2025-02-05;2025-02-06;2025-02-10;2025-02-12;2025-02-25;2025-03-03;2025-03-12;2025-03-21;2025-03-26;2025-03-27;2025-03-28;2025-03-31;2025-04-01;2025-04-02;2025-04-03;2025-04-07;2025-04-09;2025-04-11;2025-04-15;2025-04-16;2025-04-17;2025-04-18;2025-04-22;2025-04-23;2025-04-24;2025-04-25;2025-04-28;2025-05-16;2025-05-20;2025-06-04;2025-06-11;2025-06-14;2025-06-20;2025-06-26;2025-06-27;2025-06-30;2025-07-01;2025-07-08;2025-07-17;2025-07-18;2025-08-18;2025-09-04;2025-09-05;2025-09-10;2025-09-12;2025-09-16;2025-10-02;2025-10-03;2025-10-06;2025-10-21;2025-10-23;2025-11-07,2024-08-21;2024-10-08;2024-10-15;2024-10-16;2024-10-18;2025-01-16;2025-02-07;2025-03-04;2025-03-05;2025-03-06;2025-03-11;2025-04-08;2025-05-14;2025-05-19;2025-05-21;2025-05-22;2025-06-05;2025-06-17;2025-07-03;2025-07-09;2025-07-15;2025-08-15;2025-08-22;2025-09-09;2025-10-07;2025-10-08;2025-11-06
488,20261405,490,2024-08-20;2024-08-21;2024-08-22;2024-08-23;2024-08-27;2024-09-03;2024-09-16;2024-09-24;2024-10-01;2024-10-07;2024-10-08;2024-10-10;2024-10-11;2024-10-14;2024-10-15;2024-10-16;2024-10-18;2024-10-24;2024-11-07;2024-11-11;2024-11-15;2024-12-09;2025-01-16;2025-01-17;2025-01-27;2025-02-06;2025-02-07;2025-02-10;2025-02-12;2025-03-03;2025-03-04;2025-03-05;2025-03-06;2025-03-12;2025-03-27;2025-03-28;2025-03-31;2025-04-07;2025-04-09;2025-04-11;2025-04-15;2025-04-16;2025-04-17;2025-04-18;2025-04-22;2025-04-23;2025-04-24;2025-04-25;2025-05-16;2025-05-20;2025-05-22;2025-06-04;2025-06-05;2025-06-11;2025-06-14;2025-06-17;2025-06-20;2025-06-26;2025-06-27;2025-07-01;2025-07-03;2025-07-08;2025-07-09;2025-07-15;2025-07-17;2025-07-18;2025-08-18;2025-08-22;2025-09-04;2025-09-05;2025-09-09;2025-09-10;2025-10-02;2025-10-06;2025-10-08;2025-10-21;2025-10-23;2025-11-07,2024-08-24;2024-10-02;2024-11-12;2024-11-18;2024-11-27;2024-12-13;2025-02-03;2025-02-05;2025-02-25;2025-03-11;2025-03-21;2025-03-26;2025-04-01;2025-04-02;2025-04-03;2025-04-08;2025-04-28;2025-05-14;2025-05-19;2025-05-21;2025-06-30;2025-08-15;2025-09-12;2025-09-16;2025-10-03;2025-10-07;2025-11-06
489,20261406,491,2024-08-20;2024-08-21;2024-08-22;2024-08-23;2024-09-03;2024-09-24;2024-10-02;2024-10-07;2024-10-08;2024-10-10;2024-10-11;2024-10-14;2024-10-15;2024-10-16;2024-10-18;2024-11-07;2024-11-11;2024-11-12;2024-11-15;2024-11-18;2024-11-27;2024-12-09;2024-12-13;2025-01-16;2025-01-17;2025-02-03;2025-02-06;2025-02-07;2025-02-10;2025-02-25;2025-03-04;2025-03-05;2025-03-06;2025-03-11;2025-03-12;2025-03-21;2025-03-26;2025-03-27;2025-03-28;2025-03-31;2025-04-01;2025-04-03;2025-04-08;2025-04-15;2025-04-17;2025-04-23;2025-04-25;2025-05-14;2025-05-16;2025-05-19;2025-05-20;2025-06-04;2025-06-11;2025-06-17;2025-06-20;2025-06-26;2025-06-30;2025-07-01;2025-07-03;2025-07-08;2025-07-09;2025-07-15;2025-07-17;2025-07-18;2025-08-22;2025-09-04;2025-09-05;2025-09-09;2025-09-10;2025-09-12;2025-09-16;2025-10-02;2025-10-03;2025-10-06;2025-10-07;2025-10-21;2025-10-23;2025-11-07,2024-08-24;2024-08-27;2024-09-16;2024-10-01;2024-10-24;2025-01-27;2025-02-05;2025-02-12;2025-03-03;2025-04-02;2025-04-07;2025-04-09;2025-04-11;2025-04-16;2025-04-18;2025-04-22;2025-04-24;2025-04-28;2025-05-21;2025-05-22;2025-06-05;2025-06-14;2025-06-27;2025-08-15;2025-08-18;2025-10-08;2025-11-06
490,20261407,492,2024-08-20;2024-08-23;2024-08-24;2024-08-27;2024-09-03;2024-09-16;2024-09-24;2024-10-02;2024-10-08;2024-10-10;2024-10-11;2024-10-15;2024-10-16;2024-10-24;2024-11-07;2024-11-11;2024-11-12;2024-11-15;2024-11-18;2024-12-09;2024-12-13;2025-01-16;2025-01-27;2025-02-06;2025-02-07;2025-02-10;2025-02-12;2025-02-25;2025-03-03;2025-03-05;2025-03-06;2025-03-11;2025-03-21;2025-03-26;2025-03-28;2025-03-31;2025-04-02;2025-04-03;2025-04-08;2025-04-09;2025-04-11;2025-04-15;2025-04-16;2025-04-17;2025-04-18;2025-04-22;2025-04-23;2025-04-24;2025-04-28;2025-05-14;2025-05-16;2025-05-19;2025-05-22;2025-06-04;2025-06-05;2025-06-11;2025-06-14;2025-06-17;2025-06-20;2025-06-26;2025-06-30;2025-07-01;2025-07-03;2025-07-08;2025-07-09;2025-07-15;2025-07-18;2025-08-15;2025-08-22;2025-09-05;2025-09-10;2025-09-12;2025-09-16;2025-10-07;2025-10-21;2025-10-23;2025-11-06;2025-11-07,2024-08-21;2024-08-22;2024-10-01;2024-10-07;2024-10-14;2024-10-18;2024-11-27;2025-01-17;2025-02-03;2025-02-05;2025-03-04;2025-03-12;2025-03-27;2025-04-01;2025-04-07;2025-04-25;2025-05-20;2025-05-21;2025-06-27;2025-07-17;2025-08-18;2025-09-04;2025-09-09;2025-10-02;2025-10-03;2025-10-06;2025-10-08
491,20261408,493,2024-08-20;2024-08-21;2024-08-22;2024-08-23;2024-08-27;2024-09-03;2024-09-24;2024-10-02;2024-10-07;2024-10-10;2024-10-11;2024-10-14;2024-10-15;2024-10-16;2024-10-18;2024-10-24;2024-11-15;2024-11-18;2024-12-09;2024-12-13;2025-01-16;2025-01-17;2025-02-03;2025-02-05;2025-02-06;2025-02-07;2025-02-10;2025-02-25;2025-03-04;2025-03-05;2025-03-06;2025-03-11;2025-03-21;2025-03-26;2025-03-27;2025-03-28;2025-04-01;2025-04-02;2025-04-03;2025-04-07;2025-04-08;2025-04-09;2025-04-18;2025-04-23;2025-04-24;2025-04-25;2025-04-28;2025-05-14;2025-05-19;2025-05-21;2025-05-22;2025-06-05;2025-06-14;2025-06-26;2025-06-27;2025-06-30;2025-07-01;2025-07-03;2025-07-08;2025-07-09;2025-07-15;2025-07-17;2025-07-18;2025-08-15;2025-08-18;2025-08-22;2025-09-04;2025-09-05;2025-09-10;2025-09-12;2025-10-02;2025-10-03;2025-10-06;2025-10-07;2025-10-08;2025-10-21;2025-11-06;2025-11-07,2024-08-24;2024-09-16;2024-10-01;2024-10-08;2024-11-07;2024-11-11;2024-11-12;2024-11-27;2025-01-27;2025-02-12;2025-03-03;2025-03-12;2025-03-31;2025-04-11;2025-04-15;2025-04-16;2025-04-17;2025-04-22;2025-05-16;2025-05-20;2025-06-04;2025-06-11;2025-06-17;2025-06-20;2025-09-09;2025-09-16;2025-10-23
492,20261409,494,2024-08-20;2024-08-21;2024-08-22;2024-08-23;2024-08-27;2024-09-16;2024-09-24;2024-10-02;2024-10-08;2024-10-10;2024-10-11;2024-10-14;2024-10-15;2024-10-16;2024-10-18;2024-10-24;2024-11-11;2024-11-12;2024-11-18;2024-11-27;2024-12-13;2025-01-16;2025-01-17;2025-01-27;2025-02-03;2025-02-25;2025-03-03;2025-03-04;2025-03-06;2025-03-11;2025-03-21;2025-03-26;2025-03-27;2025-03-28;2025-04-01;2025-04-02;2025-04-03;2025-04-07;2025-04-09;2025-04-11;2025-04-15;2025-04-16;2025-04-18;2025-04-23;2025-04-24;2025-04-25;2025-04-28;2025-05-14;2025-05-16;2025-05-19;2025-05-20;2025-05-21;2025-05-22;2025-06-05;2025-06-11;2025-06-14;2025-06-17;2025-06-20;2025-06-27;2025-07-01;2025-07-03;2025-07-09;2025-07-15;2025-07-17;2025-07-18;2025-08-18;2025-08-22;2025-09-05;2025-09-09;2025-09-10;2025-09-12;2025-10-03;2025-10-06;2025-10-07;2025-10-08;2025-10-23;2025-11-06;2025-11-07,2024-08-24;2024-09-03;2024-10-01;2024-10-07;2024-11-07;2024-11-15;2024-12-09;2025-02-05;2025-02-06;2025-02-07;2025-02-10;2025-02-12;2025-03-05;2025-03-12;2025-03-31;2025-04-08;2025-04-17;2025-04-22;2025-06-04;2025-06-26;2025-06-30;2025-07-08;2025-08-15;2025-09-04;2025-09-16;2025-10-02;2025-10-21
493,20261410,495,2024-08-20;2024-08-21;2024-08-22;2024-08-27;2024-09-16;2024-09-24;2024-10-07;2024-10-08;2024-10-10;2024-10-14;2024-10-15;2024-10-18;2024-10-24;2024-11-07;2024-11-12;2024-11-15;2024-11-18;2024-11-27;2024-12-09;2024-12-13;2025-01-16;2025-01-17;2025-02-05;2025-02-06;2025-02-07;2025-02-10;2025-02-12;2025-03-03;2025-03-04;2025-03-05;2025-03-11;2025-03-12;2025-03-26;2025-03-27;2025-03-28;2025-03-31;2025-04-03;2025-04-07;2025-04-08;2025-04-09;2025-04-11;2025-04-17;2025-04-18;2025-04-22;2025-04-24;2025-04-25;2025-04-28;2025-05-14;2025-05-16;2025-05-19;2025-05-20;2025-05-21;2025-05-22;2025-06-04;2025-06-05;2025-06-11;2025-06-14;2025-06-17;2025-06-20;2025-06-26;2025-07-01;2025-07-03;2025-07-08;2025-07-15;2025-07-17;2025-08-15;2025-08-18;2025-08-22;2025-09-04;2025-09-09;2025-09-10;2025-09-16;2025-10-03;2025-10-07;2025-10-21;2025-10-23;2025-11-06;2025-11-07,2024-08-23;2024-08-24;2024-09-03;2024-10-01;2024-10-02;2024-10-11;2024-10-16;2024-11-11;2025-01-27;2025-02-03;2025-02-25;2025-03-06;2025-03-21;2025-04-01;2025-04-02;2025-04-15;2025-04-16;2025-04-23;2025-06-27;2025-06-30;2025-07-09;2025-07-18;2025-09-05;2025-09-12;2025-10-02;2025-10-06;2025-10-08
494,20261411,496,2024-08-20;2024-08-23;2024-08-24;2024-08-27;2024-09-16;2024-09-24;2024-10-01;2024-10-02;2024-10-07;2024-10-08;2024-10-10;2024-10-14;2024-10-15;2024-10-18;2024-10-24;2024-11-07;2024-11-12;2024-11-18;2024-11-27;2024-12-13;2025-01-16;2025-01-17;2025-02-03;2025-02-05;2025-02-06;2025-02-10;2025-02-25;2025-03-03;2025-03-05;2025-03-11;2025-03-12;2025-03-26;2025-03-27;2025-03-28;2025-03-31;2025-04-01;2025-04-02;2025-04-03;2025-04-07;2025-04-08;2025-04-09;2025-04-15;2025-04-16;2025-04-23;2025-04-24;2025-04-25;2025-04-28;2025-05-14;2025-05-19;2025-05-20;2025-05-22;2025-06-04;2025-06-05;2025-06-11;2025-06-20;2025-06-26;2025-06-27;2025-06-30;2025-07-01;2025-07-09;2025-07-17;2025-07-18;2025-08-15;2025-08-18;2025-08-22;2025-09-04;2025-09-05;2025-09-09;2025-09-10;2025-09-12;2025-09-16;2025-10-02;2025-10-03;2025-10-06;2025-10-07;2025-10-08;2025-10-23;2025-11-06,2024-08-21;2024-08-22;2024-09-03;2024-10-11;2024-10-16;2024-11-11;2024-11-15;2024-12-09;2025-01-27;2025-02-07;2025-02-12;2025-03-04;2025-03-06;2025-03-21;2025-04-11;2025-04-17;2025-04-18;2025-04-22;2025-05-16;2025-05-21;2025-06-14;2025-06-17;2025-07-03;2025-07-08;2025-07-15;2025-10-21;2025-11-07
495,20261412,497,2024-08-20;2024-08-21;2024-08-22;2024-08-27;2024-09-03;2024-09-24;2024-10-02;2024-10-07;2024-10-08;2024-10-10;2024-10-11;2024-10-14;2024-10-15;2024-10-16;2024-10-18;2024-10-24;2024-11-07;2024-11-11;2024-11-12;2024-11-18;2024-11-27;2024-12-13;2025-01-16;2025-01-17;2025-02-06;2025-02-10;2025-03-03;2025-03-04;2025-03-05;2025-03-06;2025-03-11;2025-03-12;2025-03-21;2025-03-26;2025-03-28;2025-03-31;2025-04-01;2025-04-02;2025-04-03;2025-04-07;2025-04-09;2025-04-11;2025-04-15;2025-04-17;2025-04-18;2025-04-22;2025-04-23;2025-04-24;2025-04-25;2025-04-28;2025-05-14;2025-05-16;2025-05-19;2025-05-20;2025-05-21;2025-05-22;2025-06-04;2025-06-05;2025-06-11;2025-06-17;2025-06-20;2025-06-26;2025-06-30;2025-07-01;2025-07-08;2025-07-15;2025-07-18;2025-08-15;2025-08-18;2025-08-22;2025-09-09;2025-09-10;2025-09-12;2025-10-02;2025-10-03;2025-10-06;2025-10-08;2025-10-23,2024-08-23;2024-08-24;2024-09-16;2024-10-01;2024-11-15;2024-12-09;2025-01-27;2025-02-03;2025-02-05;2025-02-07;2025-02-12;2025-02-25;2025-03-27;2025-04-08;2025-04-16;2025-06-14;2025-06-27;2025-07-03;2025-07-09;2025-07-17;2025-09-04;2025-09-05;2025-09-16;2025-10-07;2025-10-21;2025-11-06;2025-11-07
496,20261413,498,2024-08-21;2024-08-22;2024-08-23;2024-08-24;2024-08-27;2024-09-16;2024-10-01;2024-10-02;2024-10-08;2024-10-10;2024-10-14;2024-10-15;2024-10-18;2024-10-24;2024-11-07;2024-11-11;2024-11-12;2024-11-15;2024-11-18;2024-11-27;2024-12-09;2024-12-13;2025-01-16;2025-01-27;2025-02-05;2025-02-06;2025-02-07;2025-02-10;2025-02-12;2025-03-03;2025-03-05;2025-03-11;2025-03-26;2025-03-28;2025-03-31;2025-04-01;2025-04-02;2025-04-03;2025-04-07;2025-04-08;2025-04-09;2025-04-11;2025-04-15;2025-04-16;2025-04-22;2025-04-23;2025-04-24;2025-04-25;2025-04-28;2025-05-14;2025-05-19;2025-05-20;2025-05-21;2025-05-22;2025-06-04;2025-06-05;2025-06-14;2025-06-20;2025-06-26;2025-06-27;2025-06-30;2025-07-03;2025-07-08;2025-07-15;2025-07-18;2025-08-15;2025-08-22;2025-09-04;2025-09-05;2025-09-09;2025-09-10;2025-09-12;2025-10-02;2025-10-03;2025-10-07;2025-10-23;2025-11-06;2025-11-07,2024-08-20;2024-09-03;2024-09-24;2024-10-07;2024-10-11;2024-10-16;2025-01-17;2025-02-03;2025-02-25;2025-03-04;2025-03-06;2025-03-12;2025-03-21;2025-03-27;2025-04-17;2025-04-18;2025-05-16;2025-06-11;2025-06-17;2025-07-01;2025-07-09;2025-07-17;2025-08-18;2025-09-16;2025-10-06;2025-10-08;2025-10-21
497,20261414,499,2024-08-20;2024-08-21;2024-08-23;2024-08-24;2024-08-27;2024-09-03;2024-09-16;2024-09-24;2024-10-01;2024-10-02;2024-10-07;2024-10-11;2024-10-15;2024-10-16;2024-10-18;2024-11-07;2024-11-11;2024-11-12;2024-11-18;2024-11-27;2024-12-09;2024-12-13;2025-01-16;2025-01-17;2025-01-27;2025-02-03;2025-02-05;2025-02-10;2025-02-12;2025-02-25;2025-03-03;2025-03-06;2025-03-11;2025-03-12;2025-03-21;2025-03-26;2025-03-27;2025-03-28;2025-03-31;2025-04-01;2025-04-02;2025-04-03;2025-04-07;2025-04-08;2025-04-09;2025-04-11;2025-04-15;2025-04-16;2025-04-17;2025-04-18;2025-04-22;2025-04-23;2025-04-24;2025-04-25;2025-05-16;2025-05-19;2025-05-20;2025-05-22;2025-06-05;2025-06-17;2025-06-20;2025-07-01;2025-07-03;2025-07-08;2025-07-09;2025-07-17;2025-07-18;2025-08-15;2025-08-18;2025-09-04;2025-09-09;2025-09-10;2025-09-16;2025-10-02;2025-10-07;2025-10-21;2025-11-06;2025-11-07,2024-08-22;2024-10-08;2024-10-10;2024-10-14;2024-10-24;2024-11-15;2025-02-06;2025-02-07;2025-03-04;2025-03-05;2025-04-28;2025-05-14;2025-05-21;2025-06-04;2025-06-11;2025-06-14;2025-06-26;2025-06-27;2025-06-30;2025-07-15;2025-08-22;2025-09-05;2025-09-12;2025-10-03;2025-10-06;2025-10-08;2025-10-23
498,20261415,500,2024-08-20;2024-08-22;2024-08-23;2024-08-24;2024-09-03;2024-09-16;2024-09-24;2024-10-01;2024-10-07;2024-10-08;2024-10-10;2024-10-11;2024-10-14;2024-10-15;2024-10-16;2024-10-18;2024-11-07;2024-11-11;2024-11-12;2024-11-18;2024-12-09;2025-01-16;2025-01-17;2025-01-27;2025-02-05;2025-02-06;2025-02-07;2025-02-10;2025-02-12;2025-02-25;2025-03-03;2025-03-05;2025-03-06;2025-03-11;2025-03-12;2025-03-26;2025-03-27;2025-03-28;2025-03-31;2025-04-02;2025-04-07;2025-04-08;2025-04-09;2025-04-17;2025-04-18;2025-04-23;2025-04-24;2025-05-14;2025-05-16;2025-05-19;2025-05-20;2025-05-21;2025-05-22;2025-06-04;2025-06-14;2025-06-17;2025-06-20;2025-06-27;2025-06-30;2025-07-01;2025-07-03;2025-07-08;2025-07-09;2025-07-15;2025-07-17;2025-07-18;2025-08-15;2025-08-18;2025-09-04;2025-09-05;2025-09-09;2025-09-10;2025-10-03;2025-10-06;2025-10-07;2025-10-21;2025-10-23;2025-11-07,2024-08-21;2024-08-27;2024-10-02;2024-10-24;2024-11-15;2024-11-27;2024-12-13;2025-02-03;2025-03-04;2025-03-21;2025-04-01;2025-04-03;2025-04-11;2025-04-15;2025-04-16;2025-04-22;2025-04-25;2025-04-28;2025-06-05;2025-06-11;2025-06-26;2025-08-22;2025-09-12;2025-09-16;2025-10-02;2025-10-08;2025-11-06
499,20261416,501,2024-08-20;2024-08-23;2024-08-24;2024-09-03;2024-09-16;2024-09-24;2024-10-01;2024-10-02;2024-10-07;2024-10-10;2024-10-11;2024-10-16;2024-11-07;2024-11-11;2024-11-12;2024-11-18;2024-11-27;2024-12-09;2024-12-13;2025-01-17;2025-02-06;2025-02-07;2025-02-10;2025-02-12;2025-03-03;2025-03-05;2025-03-06;2025-03-11;2025-03-21;2025-03-26;2025-03-27;2025-03-28;2025-03-31;2025-04-01;2025-04-03;2025-04-09;2025-04-11;2025-04-15;2025-04-16;2025-04-17;2025-04-18;2025-04-22;2025-04-23;2025-04-24;2025-04-25;2025-04-28;2025-05-16;2025-05-19;2025-05-20;2025-05-21;2025-05-22;2025-06-04;2025-06-11;2025-06-14;2025-06-20;2025-06-27;2025-06-30;2025-07-01;2025-07-08;2025-07-09;2025-07-15;2025-07-17;2025-07-18;2025-08-15;2025-08-18;2025-08-22;2025-09-04;2025-09-05;2025-09-10;2025-09-12;2025-09-16;2025-10-02;2025-10-03;2025-10-06;2025-10-08;2025-10-21;2025-11-06;2025-11-07,2024-08-21;2024-08-22;2024-08-27;2024-10-08;2024-10-14;2024-10-15;2024-10-18;2024-10-24;2024-11-15;2025-01-16;2025-01-27;2025-02-03;2025-02-05;2025-02-25;2025-03-04;2025-03-12;2025-04-02;2025-04-07;2025-04-08;2025-05-14;2025-06-05;2025-06-17;2025-06-26;2025-07-03;2025-09-09;2025-10-07;2025-10-23
