repeat,feature,ExtraTrees_MDI,Logistic_abs_standardized_coef
0,M_soma_circularity_index,0.12822850346067713,0.6872989006525665
0,M_soma_aspect_ratio,0.16622792622999968,0.9589658027856707
0,M_cell_max_radial_dist,0.05005761845232017,0.4179191465299208
0,M_total_number_of_neurites,0.15335859640796118,0.651105146748253
0,M_basal_dendrite_avg_tortuosity,0.04396511312840466,0.0674191134948399
0,M_Total_neurite_length_(sections),0.09121863422389007,0.6677659454909813
0,M_Number_of_bifurcation_points,0.11755781561250865,0.8165580194233764
0,M_Maximum_branch_order,0.10962845018677343,0.7905510684806809
0,M_trunk_angle_min,0.04583844853830338,0.5231604071604921
0,M_trunk_angle_max,0.09391889375916179,0.8638077413779683
1,M_soma_circularity_index,0.15167473617768212,0.7928062569078294
1,M_soma_aspect_ratio,0.14652915135861805,0.8380011157232669
1,M_cell_max_radial_dist,0.051230684995825365,0.4292688794351035
1,M_total_number_of_neurites,0.14369086673802936,0.7199098787635374
1,M_basal_dendrite_avg_tortuosity,0.04219796739558898,0.1574093993047833
1,M_Total_neurite_length_(sections),0.11215899123386101,0.7009195297003632
1,M_Number_of_bifurcation_points,0.11483113735956602,0.8609560426604286
1,M_Maximum_branch_order,0.10744150849317974,0.8678229289815139
1,M_trunk_angle_min,0.06011514798344219,0.5596149116368786
1,M_trunk_angle_max,0.0701298082642071,0.8266462450259731
2,M_soma_circularity_index,0.14812186844516798,0.6956461724076323
2,M_soma_aspect_ratio,0.1653625671671798,0.9088974445273574
2,M_cell_max_radial_dist,0.05218252168783716,0.4267589340231389
2,M_total_number_of_neurites,0.14529443527761798,0.5978282249613954
2,M_basal_dendrite_avg_tortuosity,0.04218534242752072,0.09900160819727767
2,M_Total_neurite_length_(sections),0.09416309808864703,0.6764542511799919
2,M_Number_of_bifurcation_points,0.1216101059696776,0.8855769577496955
2,M_Maximum_branch_order,0.09988487217580025,0.8111225436075221
2,M_trunk_angle_min,0.058064801254259474,0.5938583856762227
2,M_trunk_angle_max,0.07313038750629199,0.8768808926750846
3,M_soma_circularity_index,0.13837807632446167,0.7311087368793148
3,M_soma_aspect_ratio,0.16701185457201442,0.879926682410733
3,M_cell_max_radial_dist,0.0419951136339219,0.3616956879995045
3,M_total_number_of_neurites,0.17178009260308102,0.6644849558995645
3,M_basal_dendrite_avg_tortuosity,0.039633620727442385,0.15900460487030021
3,M_Total_neurite_length_(sections),0.09831446221230253,0.6897596602096234
3,M_Number_of_bifurcation_points,0.11478420685941208,0.8177247375802905
3,M_Maximum_branch_order,0.0976963489947791,0.8056666211414474
3,M_trunk_angle_min,0.04928444727653116,0.5648990768070206
3,M_trunk_angle_max,0.08112177679605387,0.8304491277735376
4,M_soma_circularity_index,0.14575035916474313,0.743469729864097
4,M_soma_aspect_ratio,0.16516778167968596,0.86775461814026
4,M_cell_max_radial_dist,0.053743801645150954,0.4818340563968589
4,M_total_number_of_neurites,0.12308656394286038,0.6572870977663297
4,M_basal_dendrite_avg_tortuosity,0.04614410659826482,0.10141676166964839
4,M_Total_neurite_length_(sections),0.11017063746368869,0.7183261070912089
4,M_Number_of_bifurcation_points,0.11373052165934969,0.8326738038871928
4,M_Maximum_branch_order,0.10968439372795238,0.7870865455388065
4,M_trunk_angle_min,0.04993002482472725,0.5164712241238003
4,M_trunk_angle_max,0.08259180929357675,0.8396045835987829
5,M_soma_circularity_index,0.12837350715221454,0.7255582377584132
5,M_soma_aspect_ratio,0.16819872156089077,0.9399403147138954
5,M_cell_max_radial_dist,0.04915786143508444,0.38383362106266006
5,M_total_number_of_neurites,0.14961861850234806,0.6271736940594627
5,M_basal_dendrite_avg_tortuosity,0.04492819246954329,0.10631681297717512
5,M_Total_neurite_length_(sections),0.10411199575084475,0.7337277173732089
5,M_Number_of_bifurcation_points,0.11166115955032058,0.8203065955545977
5,M_Maximum_branch_order,0.10512963092480468,0.6491996925252751
5,M_trunk_angle_min,0.062085504461253126,0.7010800148205698
5,M_trunk_angle_max,0.07673480819269567,0.8318694615721944
6,M_soma_circularity_index,0.150424351761902,0.8087106781357979
6,M_soma_aspect_ratio,0.16221481362280046,0.920126130144459
6,M_cell_max_radial_dist,0.04822639927057184,0.3923607514925825
6,M_total_number_of_neurites,0.12643267711825076,0.6253793350415723
6,M_basal_dendrite_avg_tortuosity,0.04330145128860234,0.0993677778654429
6,M_Total_neurite_length_(sections),0.09556786420790112,0.7225856231982518
6,M_Number_of_bifurcation_points,0.11468442032067956,0.87215272993309
6,M_Maximum_branch_order,0.11094638991427043,0.8424688475799312
6,M_trunk_angle_min,0.05772886013023117,0.5336754410210782
6,M_trunk_angle_max,0.09047277236479033,0.905872367070538
7,M_soma_circularity_index,0.14306049956336167,0.7414631838970345
7,M_soma_aspect_ratio,0.16745923810505778,0.9254963876936351
7,M_cell_max_radial_dist,0.049138623638854906,0.39268461962469253
7,M_total_number_of_neurites,0.1643120468286743,0.6814486663905861
7,M_basal_dendrite_avg_tortuosity,0.03573055758509268,0.18784869505963253
7,M_Total_neurite_length_(sections),0.09185303202800418,0.7237857933371907
7,M_Number_of_bifurcation_points,0.11488946450675828,0.7979200364270851
7,M_Maximum_branch_order,0.09048388476864977,0.7149189247687353
7,M_trunk_angle_min,0.05123126945914363,0.5224415578558037
7,M_trunk_angle_max,0.09184138351640284,0.9062373386723164
8,M_soma_circularity_index,0.15004186140850753,0.8180232849410085
8,M_soma_aspect_ratio,0.16988185122945973,0.9567570777056956
8,M_cell_max_radial_dist,0.04641475831924021,0.41500869963512166
8,M_total_number_of_neurites,0.14759965289277543,0.6947793330583671
8,M_basal_dendrite_avg_tortuosity,0.03678215415030704,0.06155741063738652
8,M_Total_neurite_length_(sections),0.10636753631950208,0.8506444674199608
8,M_Number_of_bifurcation_points,0.10545244084346228,0.8064880276831772
8,M_Maximum_branch_order,0.08944892532236474,0.5787855069025862
8,M_trunk_angle_min,0.07114708368032147,0.660651600690117
8,M_trunk_angle_max,0.07686373583405964,0.6027993248876355
9,M_soma_circularity_index,0.16415910824889487,0.8801362264364555
9,M_soma_aspect_ratio,0.132928802298926,0.6146801359300793
9,M_cell_max_radial_dist,0.054482131618035466,0.5041500323618411
9,M_total_number_of_neurites,0.13833483085099427,0.7198240972329906
9,M_basal_dendrite_avg_tortuosity,0.0415515219701533,0.13525709815175266
9,M_Total_neurite_length_(sections),0.11299223471475121,0.703195140965003
9,M_Number_of_bifurcation_points,0.11406226042623169,0.8813883469105741
9,M_Maximum_branch_order,0.10790604249365952,0.8310940408891685
9,M_trunk_angle_min,0.06214377724808268,0.6093307159099145
9,M_trunk_angle_max,0.07143929013027099,0.7457670242132295
10,M_soma_circularity_index,0.15647014525307562,0.8341583246894241
10,M_soma_aspect_ratio,0.13918246864768735,0.7532263694488998
10,M_cell_max_radial_dist,0.041302733590553746,0.43817785818666416
10,M_total_number_of_neurites,0.1708446851014425,0.628298039116588
10,M_basal_dendrite_avg_tortuosity,0.04896795431297291,0.32737318990541886
10,M_Total_neurite_length_(sections),0.09146030942574133,0.6822735466427208
10,M_Number_of_bifurcation_points,0.1117303282085531,0.7713024754974843
10,M_Maximum_branch_order,0.10568951176738921,0.8111780105279944
10,M_trunk_angle_min,0.055878471971040816,0.669158563192034
10,M_trunk_angle_max,0.07847339172154338,0.8116816382676677
11,M_soma_circularity_index,0.15448258812186247,0.8202152934085751
11,M_soma_aspect_ratio,0.16448300116429587,1.0536985126418088
11,M_cell_max_radial_dist,0.045079217673126136,0.3473191716699138
11,M_total_number_of_neurites,0.14948702478731635,0.711167052070919
11,M_basal_dendrite_avg_tortuosity,0.03832008841151877,0.04600577960747691
11,M_Total_neurite_length_(sections),0.08813032812386966,0.6792355797776124
11,M_Number_of_bifurcation_points,0.11675888766800774,0.8842422794174619
11,M_Maximum_branch_order,0.11420371291955644,0.698680672696792
11,M_trunk_angle_min,0.060600258985451814,0.6743458747260453
11,M_trunk_angle_max,0.06845489214499478,0.6081544945549686
12,M_soma_circularity_index,0.15498732213642363,0.8812371817827988
12,M_soma_aspect_ratio,0.16239005627851882,0.99884170626989
12,M_cell_max_radial_dist,0.053137961915692,0.4068500715429857
12,M_total_number_of_neurites,0.15370540890854764,0.6310171521802677
12,M_basal_dendrite_avg_tortuosity,0.04143184505638958,0.19900769489475506
12,M_Total_neurite_length_(sections),0.10832272632049432,0.8285079899107175
12,M_Number_of_bifurcation_points,0.10782770807257663,0.831103273741153
12,M_Maximum_branch_order,0.0995916849105194,0.6589520048341937
12,M_trunk_angle_min,0.05461533636044452,0.443029164767799
12,M_trunk_angle_max,0.06398995004039351,0.5245744525279425
13,M_soma_circularity_index,0.14396746381462494,0.8229206672105549
13,M_soma_aspect_ratio,0.15300434898448714,0.6899379420626838
13,M_cell_max_radial_dist,0.04340123012266495,0.370850673002123
13,M_total_number_of_neurites,0.15057029308318734,0.6377163246328892
13,M_basal_dendrite_avg_tortuosity,0.044957797716171685,0.27530147593994697
13,M_Total_neurite_length_(sections),0.10378868155200142,0.7249974847591611
13,M_Number_of_bifurcation_points,0.11737571622633555,0.8842386178102556
13,M_Maximum_branch_order,0.10888019128680065,0.722896604896026
13,M_trunk_angle_min,0.05767507032105265,0.7715809368620397
13,M_trunk_angle_max,0.07637920689267379,0.8247853558841479
14,M_soma_circularity_index,0.160449395163103,0.9321046245761726
14,M_soma_aspect_ratio,0.15354603834882813,0.8453375888279958
14,M_cell_max_radial_dist,0.053620157602650625,0.5162555724451958
14,M_total_number_of_neurites,0.1365837526527842,0.6351514629789883
14,M_basal_dendrite_avg_tortuosity,0.0383813379750444,0.11286366983904214
14,M_Total_neurite_length_(sections),0.1008886074071043,0.7214011739956371
14,M_Number_of_bifurcation_points,0.12333051980735404,0.8522573520799046
14,M_Maximum_branch_order,0.09913167998588512,0.7267190517162918
14,M_trunk_angle_min,0.0707389365630085,0.6557917372745197
14,M_trunk_angle_max,0.06332957449423789,0.5235949756756765
15,M_soma_circularity_index,0.14637287883274705,0.7535111186105053
15,M_soma_aspect_ratio,0.1583468269996434,0.8728036989381585
15,M_cell_max_radial_dist,0.051109078338278005,0.3560615769626566
15,M_total_number_of_neurites,0.14804454235323275,0.6678132901943321
15,M_basal_dendrite_avg_tortuosity,0.03736136855290312,0.16503528928089767
15,M_Total_neurite_length_(sections),0.10858753281076443,0.9051103478713831
15,M_Number_of_bifurcation_points,0.11015811347121185,0.8661803051795608
15,M_Maximum_branch_order,0.1066360901106553,0.7517771485660667
15,M_trunk_angle_min,0.05130036708977555,0.6328166082341846
15,M_trunk_angle_max,0.08208320144078862,0.779114897348145
16,M_soma_circularity_index,0.15873755726245736,0.6948158095564343
16,M_soma_aspect_ratio,0.15212316169532394,0.8702047082462885
16,M_cell_max_radial_dist,0.047674067739400854,0.4227839240170732
16,M_total_number_of_neurites,0.1395152647582431,0.6363311040370121
16,M_basal_dendrite_avg_tortuosity,0.037082433984069296,0.07194387198837085
16,M_Total_neurite_length_(sections),0.10262292593021827,0.8147448862700725
16,M_Number_of_bifurcation_points,0.11987251513053963,0.8480509655294484
16,M_Maximum_branch_order,0.10608342078249249,0.7726735934925374
16,M_trunk_angle_min,0.049722174290291264,0.5297120062525684
16,M_trunk_angle_max,0.08656647842696384,0.9467401721390825
17,M_soma_circularity_index,0.15815652648207087,0.6731361452731732
17,M_soma_aspect_ratio,0.17130515389483336,0.9698460835192944
17,M_cell_max_radial_dist,0.055852353703017554,0.4978523953701275
17,M_total_number_of_neurites,0.11324514070542105,0.5700271228703815
17,M_basal_dendrite_avg_tortuosity,0.04068446643623633,0.15065996299948042
17,M_Total_neurite_length_(sections),0.10854403331272078,0.8070913132028021
17,M_Number_of_bifurcation_points,0.11942573189237567,0.9192151251086754
17,M_Maximum_branch_order,0.08421648965621012,0.714323386263573
17,M_trunk_angle_min,0.04831174610904547,0.49067547172810333
17,M_trunk_angle_max,0.10025835780806887,0.8990830632130966
18,M_soma_circularity_index,0.1511455993799645,0.764406431992167
18,M_soma_aspect_ratio,0.1658533810016291,0.8085780024837068
18,M_cell_max_radial_dist,0.045075234110541776,0.3333521059017066
18,M_total_number_of_neurites,0.14849493431745853,0.5975516471659815
18,M_basal_dendrite_avg_tortuosity,0.03744982951555526,0.17025276701605166
18,M_Total_neurite_length_(sections),0.10312291477155007,0.755748635634711
18,M_Number_of_bifurcation_points,0.12076923302458628,0.8479337201039406
18,M_Maximum_branch_order,0.09185519588049582,0.8521984882937828
18,M_trunk_angle_min,0.052516656045009345,0.5830142401851306
18,M_trunk_angle_max,0.08371702195320943,0.8399208148751751
19,M_soma_circularity_index,0.14996539053386418,0.8102765539041741
19,M_soma_aspect_ratio,0.15653810293334602,0.8310787203051153
19,M_cell_max_radial_dist,0.04452588890156132,0.36615166886201933
19,M_total_number_of_neurites,0.15923445060098088,0.650370889335003
19,M_basal_dendrite_avg_tortuosity,0.039290187529338265,0.14712215045197882
19,M_Total_neurite_length_(sections),0.09619417424300454,0.7458744563401672
19,M_Number_of_bifurcation_points,0.10876182493331703,0.8135823024662022
19,M_Maximum_branch_order,0.1024914508569572,0.7723393092552192
19,M_trunk_angle_min,0.049724394904749655,0.5215559636806708
19,M_trunk_angle_max,0.09327413456288083,0.9405249058042866
20,M_soma_circularity_index,0.14363627054158093,0.765156776557812
20,M_soma_aspect_ratio,0.17800786888457965,1.057212308516886
20,M_cell_max_radial_dist,0.043468014993867966,0.3426098902271931
20,M_total_number_of_neurites,0.15667686913748047,0.7936926124204251
20,M_basal_dendrite_avg_tortuosity,0.0365863810786208,0.08623546942743587
20,M_Total_neurite_length_(sections),0.10526718079706515,0.8512181146933401
20,M_Number_of_bifurcation_points,0.11234390322776859,0.7512266927174083
20,M_Maximum_branch_order,0.09458352055712338,0.7914003940092025
20,M_trunk_angle_min,0.05226557200208789,0.44367313045302315
20,M_trunk_angle_max,0.07716441877982524,0.593217167154493
21,M_soma_circularity_index,0.14691446345630335,0.7998198213614449
21,M_soma_aspect_ratio,0.15202084248440653,0.8541005628030192
21,M_cell_max_radial_dist,0.04950048164945798,0.449206036090111
21,M_total_number_of_neurites,0.13637277915337165,0.5823282743170133
21,M_basal_dendrite_avg_tortuosity,0.043709305707849214,0.09220799119934245
21,M_Total_neurite_length_(sections),0.10357932279343766,0.7468469021702872
21,M_Number_of_bifurcation_points,0.09991873545693263,0.7566817991335373
21,M_Maximum_branch_order,0.11409589575483352,0.8078441642889052
21,M_trunk_angle_min,0.06580090373552243,0.7281262500952066
21,M_trunk_angle_max,0.08808726980788513,0.9195738790865737
22,M_soma_circularity_index,0.14786449588068312,0.8328718786994377
22,M_soma_aspect_ratio,0.1685318764728972,0.8611417227083744
22,M_cell_max_radial_dist,0.04558172894213652,0.4101556499726688
22,M_total_number_of_neurites,0.1492857976686038,0.6834421994052111
22,M_basal_dendrite_avg_tortuosity,0.03763405629485276,0.1626977011934947
22,M_Total_neurite_length_(sections),0.09471532751707486,0.7149307634545587
22,M_Number_of_bifurcation_points,0.1068834690353834,0.8148975484292709
22,M_Maximum_branch_order,0.11063450343604007,0.8484044298310158
22,M_trunk_angle_min,0.06756476585904017,0.5928365967454758
22,M_trunk_angle_max,0.07130397889328818,0.8117082202417354
23,M_soma_circularity_index,0.15645326163832618,0.67712329583755
23,M_soma_aspect_ratio,0.15781057773672952,0.8516597471168096
23,M_cell_max_radial_dist,0.04477820559248581,0.34694361994537637
23,M_total_number_of_neurites,0.1582999499159395,0.7367695456456469
23,M_basal_dendrite_avg_tortuosity,0.042291672019511915,0.20742150813285742
23,M_Total_neurite_length_(sections),0.10273681835188529,0.8094020342310132
23,M_Number_of_bifurcation_points,0.12121141625219413,0.896889065366838
23,M_Maximum_branch_order,0.09694095726544558,0.7637494822810027
23,M_trunk_angle_min,0.05500907346243853,0.6017106109850879
23,M_trunk_angle_max,0.06446806776504348,0.736794294133398
24,M_soma_circularity_index,0.13195480615945518,0.7974764726030381
24,M_soma_aspect_ratio,0.15874237678266487,0.8333924655734047
24,M_cell_max_radial_dist,0.0479908635542354,0.3748813115408902
24,M_total_number_of_neurites,0.14779729536511707,0.7127424028572947
24,M_basal_dendrite_avg_tortuosity,0.042015881622489995,0.12367896748446991
24,M_Total_neurite_length_(sections),0.11320332702333204,0.8972056606825652
24,M_Number_of_bifurcation_points,0.12881583689162457,0.8864991014712028
24,M_Maximum_branch_order,0.0918251404678851,0.5718800009726249
24,M_trunk_angle_min,0.06059489172485649,0.620983601055079
24,M_trunk_angle_max,0.07705958040833936,0.8357846567616467
25,M_soma_circularity_index,0.14437812403232006,0.7659577392131964
25,M_soma_aspect_ratio,0.1592578438884068,0.9024504200160903
25,M_cell_max_radial_dist,0.040105890981419895,0.32921426759372374
25,M_total_number_of_neurites,0.17490672495744736,0.7765349525435803
25,M_basal_dendrite_avg_tortuosity,0.042101045474070606,0.12593966736008272
25,M_Total_neurite_length_(sections),0.08766553120443708,0.7044503065052653
25,M_Number_of_bifurcation_points,0.12295634941542279,0.8200169141286112
25,M_Maximum_branch_order,0.10191350619495881,0.8714095424879252
25,M_trunk_angle_min,0.04495210671479961,0.5197261717229433
25,M_trunk_angle_max,0.08176287713671698,0.7580624557455808
26,M_soma_circularity_index,0.16300528499829087,0.8015992285026454
26,M_soma_aspect_ratio,0.15095942755644232,0.8762245816553916
26,M_cell_max_radial_dist,0.041483516643291404,0.3505396888884522
26,M_total_number_of_neurites,0.17336799549781493,0.745654048011746
26,M_basal_dendrite_avg_tortuosity,0.03929374226198969,0.32355408048535417
26,M_Total_neurite_length_(sections),0.07977016493352033,0.5599400441799618
26,M_Number_of_bifurcation_points,0.12044016858152656,0.822245425040799
26,M_Maximum_branch_order,0.09876901887169301,0.8488336048606894
26,M_trunk_angle_min,0.055308810204637085,0.4560100056948555
26,M_trunk_angle_max,0.07760187045079385,0.6466399294175302
27,M_soma_circularity_index,0.1634343681065299,0.9056946306362882
27,M_soma_aspect_ratio,0.1524204358396512,0.9571017832478417
27,M_cell_max_radial_dist,0.04930922625682856,0.44714798189481175
27,M_total_number_of_neurites,0.14897157021590088,0.6759474077492966
27,M_basal_dendrite_avg_tortuosity,0.04169150546436516,0.13931596801202067
27,M_Total_neurite_length_(sections),0.1020812888909213,0.7576398800396948
27,M_Number_of_bifurcation_points,0.11860717287811681,0.8260116220390333
27,M_Maximum_branch_order,0.09052240270895216,0.6345002056362009
27,M_trunk_angle_min,0.061983401950617016,0.6522650186324358
27,M_trunk_angle_max,0.07097862768811707,0.5855199600779971
28,M_soma_circularity_index,0.14893537066760498,0.8709826046178003
28,M_soma_aspect_ratio,0.16285922089528385,0.8009652645823866
28,M_cell_max_radial_dist,0.04030407336509199,0.39857251516553927
28,M_total_number_of_neurites,0.15478478490827793,0.71694070617433
28,M_basal_dendrite_avg_tortuosity,0.03770913475159612,0.15812687166259845
28,M_Total_neurite_length_(sections),0.09741812687178662,0.756938951989696
28,M_Number_of_bifurcation_points,0.11620349603810746,0.7833996756864517
28,M_Maximum_branch_order,0.09589483115477511,0.6362387634811036
28,M_trunk_angle_min,0.056907651941821936,0.6647172167635714
28,M_trunk_angle_max,0.08898330940565412,0.8779072970631472
29,M_soma_circularity_index,0.1594187885119001,0.7840785936485529
29,M_soma_aspect_ratio,0.16150186454122709,0.9211081278590283
29,M_cell_max_radial_dist,0.04469654930951989,0.37269118737626206
29,M_total_number_of_neurites,0.13710389441742357,0.6349194530036508
29,M_basal_dendrite_avg_tortuosity,0.03705526826968345,0.14001094147166646
29,M_Total_neurite_length_(sections),0.10212606566364618,0.6646808938366338
29,M_Number_of_bifurcation_points,0.12499322374607962,0.8120772329928327
29,M_Maximum_branch_order,0.10030342831592831,0.8074642230073661
29,M_trunk_angle_min,0.05287560415396424,0.552826916332618
29,M_trunk_angle_max,0.07992531307062757,0.9454683880490381
30,M_soma_circularity_index,0.16057457063118177,0.9143006355304873
30,M_soma_aspect_ratio,0.15001567096475227,0.9404169559759714
30,M_cell_max_radial_dist,0.03561577389704222,0.3416602363914536
30,M_total_number_of_neurites,0.17130777343645037,0.6665675665832635
30,M_basal_dendrite_avg_tortuosity,0.04054901835683223,0.09552310229068159
30,M_Total_neurite_length_(sections),0.09551706224874422,0.6929651064821577
30,M_Number_of_bifurcation_points,0.11030614827930021,0.7581219797300178
30,M_Maximum_branch_order,0.099951131375815,0.7750362794988404
30,M_trunk_angle_min,0.0587910750950545,0.6542215856883637
30,M_trunk_angle_max,0.07737177571482728,0.7202350996602276
31,M_soma_circularity_index,0.14632433685882548,0.7384479191581912
31,M_soma_aspect_ratio,0.16979634342845779,0.8897636459998575
31,M_cell_max_radial_dist,0.05062320956174201,0.44088834492759077
31,M_total_number_of_neurites,0.13422845428942975,0.573152526639535
31,M_basal_dendrite_avg_tortuosity,0.043624518175689596,0.14696876495520247
31,M_Total_neurite_length_(sections),0.10159878171326206,0.6742143591595506
31,M_Number_of_bifurcation_points,0.13289375906559445,0.9477211309645961
31,M_Maximum_branch_order,0.08494575538474322,0.6688440482203701
31,M_trunk_angle_min,0.0505513448770482,0.7156281042970245
31,M_trunk_angle_max,0.08541349664520746,0.8374852811736591
32,M_soma_circularity_index,0.1410553773880719,0.7705781559089455
32,M_soma_aspect_ratio,0.16433262048777625,0.9876500446970442
32,M_cell_max_radial_dist,0.04699222501851222,0.3902461543080882
32,M_total_number_of_neurites,0.1552010595391387,0.7377709447672955
32,M_basal_dendrite_avg_tortuosity,0.043859282189316465,0.08611973328373293
32,M_Total_neurite_length_(sections),0.11350627526637211,0.9323599388516826
32,M_Number_of_bifurcation_points,0.11909981071896983,0.908831008520645
32,M_Maximum_branch_order,0.09673820734061676,0.6925676841440799
32,M_trunk_angle_min,0.05735248916336065,0.5161342359388449
32,M_trunk_angle_max,0.06186265288786504,0.5914935920308654
33,M_soma_circularity_index,0.15994190917986362,0.8130618999670886
33,M_soma_aspect_ratio,0.147073181778727,0.7192358312625884
33,M_cell_max_radial_dist,0.04525414993706965,0.4059905585385434
33,M_total_number_of_neurites,0.15859300773031645,0.6032387095990546
33,M_basal_dendrite_avg_tortuosity,0.040052727110096886,0.24641045960006752
33,M_Total_neurite_length_(sections),0.08238359253425852,0.6747095852414973
33,M_Number_of_bifurcation_points,0.12387269535858185,0.822133201932418
33,M_Maximum_branch_order,0.09820054999651684,0.7698762415679378
33,M_trunk_angle_min,0.07294478972312726,0.7846915673706496
33,M_trunk_angle_max,0.0716833966514419,0.7836628818711189
34,M_soma_circularity_index,0.14736237217361012,0.7787431213979145
34,M_soma_aspect_ratio,0.16807236836870565,0.9077055648910973
34,M_cell_max_radial_dist,0.05231887392303167,0.44333463701657627
34,M_total_number_of_neurites,0.14542296939924507,0.6867546132133768
34,M_basal_dendrite_avg_tortuosity,0.04111345185607139,0.12089802849922794
34,M_Total_neurite_length_(sections),0.0959964812021987,0.7111309620009748
34,M_Number_of_bifurcation_points,0.10426278188138385,0.839673368915173
34,M_Maximum_branch_order,0.10521943725936685,0.7958131864557744
34,M_trunk_angle_min,0.05640337671975839,0.45545742510960985
34,M_trunk_angle_max,0.08382788721662836,0.811496979513967
35,M_soma_circularity_index,0.14687245585138226,0.8109742937617928
35,M_soma_aspect_ratio,0.16409638896843645,0.8705191866707633
35,M_cell_max_radial_dist,0.04678979806095736,0.40997091166637095
35,M_total_number_of_neurites,0.13619488966083418,0.6748350866844457
35,M_basal_dendrite_avg_tortuosity,0.04191121613629494,0.10021012587852891
35,M_Total_neurite_length_(sections),0.09412369528941962,0.6263362814825335
35,M_Number_of_bifurcation_points,0.12433651776593041,0.8351472938454734
35,M_Maximum_branch_order,0.1056090925959349,0.7464171863302372
35,M_trunk_angle_min,0.04932604099179987,0.4534330556421758
35,M_trunk_angle_max,0.09073990467901007,0.8594366291257263
36,M_soma_circularity_index,0.1418983354451725,0.7190729280346134
36,M_soma_aspect_ratio,0.15871350658738756,0.8318388826852079
36,M_cell_max_radial_dist,0.050121725775356146,0.37518056553873774
36,M_total_number_of_neurites,0.14406590251324367,0.5617835252144352
36,M_basal_dendrite_avg_tortuosity,0.0431860795280952,0.14920204724757127
36,M_Total_neurite_length_(sections),0.10161345322352389,0.6700847972730125
36,M_Number_of_bifurcation_points,0.11634778135459388,0.8916729630038884
36,M_Maximum_branch_order,0.106303058700789,0.9729246446833824
36,M_trunk_angle_min,0.057140462992504096,0.6450470802506749
36,M_trunk_angle_max,0.08060969387933417,0.8002011816598761
37,M_soma_circularity_index,0.14130634678577336,0.8410950050215191
37,M_soma_aspect_ratio,0.1678252403051303,1.0155514288686238
37,M_cell_max_radial_dist,0.038895468384062444,0.3368220937733464
37,M_total_number_of_neurites,0.1498262064421775,0.6307138618176646
37,M_basal_dendrite_avg_tortuosity,0.0393418616820718,0.13146991927615193
37,M_Total_neurite_length_(sections),0.09344287782376068,0.6938170871366682
37,M_Number_of_bifurcation_points,0.1367155443895921,0.8646434451365617
37,M_Maximum_branch_order,0.10173219927980613,0.8310900295254182
37,M_trunk_angle_min,0.052235787278379846,0.4559677026762652
37,M_trunk_angle_max,0.07867846762924584,0.7225148872450713
38,M_soma_circularity_index,0.14411746337243528,0.8227251183995624
38,M_soma_aspect_ratio,0.1635071634124608,0.8351535536501742
38,M_cell_max_radial_dist,0.04139053470088546,0.41879541966817924
38,M_total_number_of_neurites,0.13782410136746717,0.5512994732380918
38,M_basal_dendrite_avg_tortuosity,0.04597638991306833,0.09897971180523313
38,M_Total_neurite_length_(sections),0.10267485221078758,0.7293853774852286
38,M_Number_of_bifurcation_points,0.11254061095153675,0.8407730919976104
38,M_Maximum_branch_order,0.1217469894221319,0.953322342205076
38,M_trunk_angle_min,0.06275590942935666,0.6356086276817547
38,M_trunk_angle_max,0.06746598521987018,0.8376112703490242
39,M_soma_circularity_index,0.15371755565272444,0.7854240422659848
39,M_soma_aspect_ratio,0.1643554104516726,1.022637722309643
39,M_cell_max_radial_dist,0.0502739561916893,0.4549779692465441
39,M_total_number_of_neurites,0.15577995939508907,0.6840257869095501
39,M_basal_dendrite_avg_tortuosity,0.03972822035674192,0.09439844425733006
39,M_Total_neurite_length_(sections),0.09596412384738731,0.8108562542017801
39,M_Number_of_bifurcation_points,0.11249963665168057,0.7584883663454376
39,M_Maximum_branch_order,0.08729656008299667,0.6311641240112449
39,M_trunk_angle_min,0.05572149323012386,0.57233629019008
39,M_trunk_angle_max,0.0846630841398943,0.6768116297615729
40,M_soma_circularity_index,0.15489479944147858,0.791935889298578
40,M_soma_aspect_ratio,0.15770676153989518,1.015775831116642
40,M_cell_max_radial_dist,0.04484606213458393,0.35709440786569796
40,M_total_number_of_neurites,0.1560673061470439,0.6738765151686703
40,M_basal_dendrite_avg_tortuosity,0.041979871460235546,0.09833610728124999
40,M_Total_neurite_length_(sections),0.10871440981253729,0.8983307892424353
40,M_Number_of_bifurcation_points,0.10433871050110914,0.8743822469510437
40,M_Maximum_branch_order,0.10691821524160586,0.7229545875716216
40,M_trunk_angle_min,0.0505513023592504,0.41056285518007984
40,M_trunk_angle_max,0.07398256136226017,0.5472986867588365
41,M_soma_circularity_index,0.15613893466350995,0.7208241593090519
41,M_soma_aspect_ratio,0.1560487094792725,0.832921810534415
41,M_cell_max_radial_dist,0.04741014572633653,0.4785318882551999
41,M_total_number_of_neurites,0.17050852427215538,0.6752080536395424
41,M_basal_dendrite_avg_tortuosity,0.03775414836449738,0.15994610640169615
41,M_Total_neurite_length_(sections),0.09912242306899526,0.7068364929587968
41,M_Number_of_bifurcation_points,0.11575688323172846,0.7828812006766118
41,M_Maximum_branch_order,0.09023685842433526,0.6416251885340919
41,M_trunk_angle_min,0.054519070135468105,0.7180731041231982
41,M_trunk_angle_max,0.07250430263370136,0.8574059598752066
42,M_soma_circularity_index,0.1408659166334887,0.8581572670013227
42,M_soma_aspect_ratio,0.17450366717416543,1.045573879995572
42,M_cell_max_radial_dist,0.04458215751810376,0.43531200762028865
42,M_total_number_of_neurites,0.15385086666694922,0.6953279567494147
42,M_basal_dendrite_avg_tortuosity,0.04421559015302222,0.09744617240235676
42,M_Total_neurite_length_(sections),0.09558172727755611,0.7460218099346578
42,M_Number_of_bifurcation_points,0.11756124267939536,0.8308878551137409
42,M_Maximum_branch_order,0.0996340890857487,0.8084967504483255
42,M_trunk_angle_min,0.05725148044697423,0.5351026692883671
42,M_trunk_angle_max,0.07195326236459623,0.6891964619143858
43,M_soma_circularity_index,0.13751425981009976,0.7818520754663811
43,M_soma_aspect_ratio,0.17619301114242625,0.9068483993036984
43,M_cell_max_radial_dist,0.049234029743129806,0.4514788601472448
43,M_total_number_of_neurites,0.1542557485970464,0.7002836497381051
43,M_basal_dendrite_avg_tortuosity,0.038816435166429866,0.048504652542840976
43,M_Total_neurite_length_(sections),0.10795041133164535,0.7357227729229185
43,M_Number_of_bifurcation_points,0.1117022255630107,0.8626598303345221
43,M_Maximum_branch_order,0.09708033450654559,0.6498586667563153
43,M_trunk_angle_min,0.06596968909433945,0.663162061749868
43,M_trunk_angle_max,0.061283855045326824,0.47961266674549186
44,M_soma_circularity_index,0.13353875664008982,0.6629905403529146
44,M_soma_aspect_ratio,0.1735358969876597,0.9300551742779315
44,M_cell_max_radial_dist,0.05009410441988213,0.43564634651553036
44,M_total_number_of_neurites,0.15437508093247687,0.622649560061133
44,M_basal_dendrite_avg_tortuosity,0.04143958270022155,0.14711975061445692
44,M_Total_neurite_length_(sections),0.10498046372093656,0.8013271285961963
44,M_Number_of_bifurcation_points,0.10580767299868503,0.8147022436062603
44,M_Maximum_branch_order,0.09831912726886362,0.6677963092949827
44,M_trunk_angle_min,0.05246547596822178,0.5124742727589808
44,M_trunk_angle_max,0.0854438383629629,0.8817036890172224
45,M_soma_circularity_index,0.14880168007420036,0.8157080490385471
45,M_soma_aspect_ratio,0.155696375657048,0.8591509849206843
45,M_cell_max_radial_dist,0.0416072832902246,0.4163199811660892
45,M_total_number_of_neurites,0.1654535806478305,0.6370146325049846
45,M_basal_dendrite_avg_tortuosity,0.03984265936148877,0.10949842886508102
45,M_Total_neurite_length_(sections),0.0925866135542968,0.7466334220751989
45,M_Number_of_bifurcation_points,0.11187262061939252,0.8276232647951288
45,M_Maximum_branch_order,0.10926918539514992,0.8080350272236477
45,M_trunk_angle_min,0.06183650887416706,0.5684558861254647
45,M_trunk_angle_max,0.07303349252620162,0.7270707022206155
46,M_soma_circularity_index,0.1342318477809435,0.7232612291977447
46,M_soma_aspect_ratio,0.1852491249848539,0.9541140304367799
46,M_cell_max_radial_dist,0.05072718031772663,0.46269078675728026
46,M_total_number_of_neurites,0.14980521046232825,0.7668550285132691
46,M_basal_dendrite_avg_tortuosity,0.038996803808775835,0.1549026082503958
46,M_Total_neurite_length_(sections),0.10314581715090791,0.7384249612713946
46,M_Number_of_bifurcation_points,0.12232354894013821,0.8301465895745557
46,M_Maximum_branch_order,0.09303743073106378,0.7752407999765504
46,M_trunk_angle_min,0.056630688347587374,0.48434416093011695
46,M_trunk_angle_max,0.0658523474756747,0.6217965677804552
47,M_soma_circularity_index,0.1568765041815622,0.8665177612067924
47,M_soma_aspect_ratio,0.15519573880115373,1.0010880724170348
47,M_cell_max_radial_dist,0.05202239789077668,0.3970332383211713
47,M_total_number_of_neurites,0.14636019047811596,0.5846618904188658
47,M_basal_dendrite_avg_tortuosity,0.040181023973589136,0.08338751146693585
47,M_Total_neurite_length_(sections),0.10578878861826847,0.673803462956038
47,M_Number_of_bifurcation_points,0.11536222421836927,0.8365429949756034
47,M_Maximum_branch_order,0.09555213235478284,0.6562610879050571
47,M_trunk_angle_min,0.053035661978032216,0.6250237510814338
47,M_trunk_angle_max,0.07962533750534945,0.6498932085355282
48,M_soma_circularity_index,0.13248906195570492,0.5582869365309794
48,M_soma_aspect_ratio,0.173209905867587,0.9746835309507111
48,M_cell_max_radial_dist,0.0531733037794767,0.5137895863149493
48,M_total_number_of_neurites,0.15066977980391263,0.6148732744369676
48,M_basal_dendrite_avg_tortuosity,0.04171526627024019,0.10937361834661768
48,M_Total_neurite_length_(sections),0.09779564940914033,0.7048219030310539
48,M_Number_of_bifurcation_points,0.12057781370181514,0.945931671434805
48,M_Maximum_branch_order,0.09392172145736594,0.7797278817446098
48,M_trunk_angle_min,0.05149233796401854,0.5174278272118855
48,M_trunk_angle_max,0.08495515979073874,0.828317487702499
49,M_soma_circularity_index,0.16246716736555966,0.7695596694654914
49,M_soma_aspect_ratio,0.13847991287165673,0.9204709705940161
49,M_cell_max_radial_dist,0.04973077087868176,0.43203075682216674
49,M_total_number_of_neurites,0.13408742950412325,0.5873390290759408
49,M_basal_dendrite_avg_tortuosity,0.03986345958176072,0.10817370036972966
49,M_Total_neurite_length_(sections),0.10163879510704404,0.6964993595852003
49,M_Number_of_bifurcation_points,0.12047473633807644,0.8727381792978407
49,M_Maximum_branch_order,0.1121220901541796,0.8487861686697876
49,M_trunk_angle_min,0.0550872315580307,0.583289965829052
49,M_trunk_angle_max,0.08604840664088692,0.8137322273544756
50,M_soma_circularity_index,0.14727373906565175,0.6657928370796556
50,M_soma_aspect_ratio,0.14807753481271696,0.9758670088716357
50,M_cell_max_radial_dist,0.050199871502610925,0.424665455131091
50,M_total_number_of_neurites,0.15718091799362016,0.5945516355118248
50,M_basal_dendrite_avg_tortuosity,0.03929886490171401,0.19196111945532407
50,M_Total_neurite_length_(sections),0.09892038905140532,0.6352820120532531
50,M_Number_of_bifurcation_points,0.1197425578180475,0.818043748637395
50,M_Maximum_branch_order,0.10842258329939548,0.7768661386672789
50,M_trunk_angle_min,0.053607393186024234,0.6463530828110129
50,M_trunk_angle_max,0.07727614836881358,0.7877074813202921
51,M_soma_circularity_index,0.14557232825313035,0.8109992880144344
51,M_soma_aspect_ratio,0.15892619379212367,0.8092529256904817
51,M_cell_max_radial_dist,0.046936040732680664,0.4537336938790625
51,M_total_number_of_neurites,0.16498958265769506,0.6923605175073281
51,M_basal_dendrite_avg_tortuosity,0.038737419349296406,0.09374664172635752
51,M_Total_neurite_length_(sections),0.09492565170068068,0.7397942660849253
51,M_Number_of_bifurcation_points,0.11517412561591227,0.7967050947720453
51,M_Maximum_branch_order,0.10899315550768056,0.8312692526034807
51,M_trunk_angle_min,0.06152889913835561,0.5660795934150542
51,M_trunk_angle_max,0.06421660325244483,0.7834377025669053
52,M_soma_circularity_index,0.1623736078007379,0.8621721741165369
52,M_soma_aspect_ratio,0.14407252227248646,0.7928562881320882
52,M_cell_max_radial_dist,0.05257978129635146,0.5188350594782247
52,M_total_number_of_neurites,0.15049488693371732,0.6687623331691455
52,M_basal_dendrite_avg_tortuosity,0.038210447271738036,0.14953175697295154
52,M_Total_neurite_length_(sections),0.11746345011481078,0.7437482239732991
52,M_Number_of_bifurcation_points,0.12028362518294762,0.8601162814068671
52,M_Maximum_branch_order,0.08795965905731566,0.6475862002004777
52,M_trunk_angle_min,0.051528527400797955,0.6164191170095683
52,M_trunk_angle_max,0.0750334926690968,0.8319374345558626
53,M_soma_circularity_index,0.15328409992682193,0.6580752542209918
53,M_soma_aspect_ratio,0.15948815768078595,1.0373229634809107
53,M_cell_max_radial_dist,0.04554968279068107,0.39774371112048784
53,M_total_number_of_neurites,0.1443569940509645,0.6254593890881883
53,M_basal_dendrite_avg_tortuosity,0.04167182331922242,0.08419179694740635
53,M_Total_neurite_length_(sections),0.10344690892030592,0.8669523278337381
53,M_Number_of_bifurcation_points,0.1192435010507743,0.9048656847257887
53,M_Maximum_branch_order,0.10260576395649167,0.7511699590581213
53,M_trunk_angle_min,0.062486575914209704,0.4972051982057609
53,M_trunk_angle_max,0.06786649238974256,0.6073478572414034
54,M_soma_circularity_index,0.1590330604381546,0.705065230766968
54,M_soma_aspect_ratio,0.150139681081383,0.8506546928691432
54,M_cell_max_radial_dist,0.04367432449531482,0.41773466099844825
54,M_total_number_of_neurites,0.14867236402324652,0.6555699125986214
54,M_basal_dendrite_avg_tortuosity,0.042564383899267505,0.0869065543135474
54,M_Total_neurite_length_(sections),0.09450378942585203,0.7276713782729024
54,M_Number_of_bifurcation_points,0.12732429978522994,0.8418351686057353
54,M_Maximum_branch_order,0.10392562393915333,0.8035104692095252
54,M_trunk_angle_min,0.06137863773272214,0.6032345919431463
54,M_trunk_angle_max,0.0687838351796761,0.8420138690961578
55,M_soma_circularity_index,0.16068817267833493,0.7839231989623592
55,M_soma_aspect_ratio,0.145556407962581,0.9220987756549984
55,M_cell_max_radial_dist,0.05160754953232752,0.4356546860229311
55,M_total_number_of_neurites,0.15063359706831694,0.5766926627177311
55,M_basal_dendrite_avg_tortuosity,0.045906995420373936,0.17882430292268683
55,M_Total_neurite_length_(sections),0.10391314404751509,0.7798579319351623
55,M_Number_of_bifurcation_points,0.10327273942509951,0.8635630891491896
55,M_Maximum_branch_order,0.10208813666026972,0.8183071672046224
55,M_trunk_angle_min,0.06103767510511367,0.625880387730848
55,M_trunk_angle_max,0.07529558210006762,0.8654988766934009
56,M_soma_circularity_index,0.15205945083685748,0.761758539768527
56,M_soma_aspect_ratio,0.14868819829857818,0.8927546194287174
56,M_cell_max_radial_dist,0.05021336702856282,0.38696304276131555
56,M_total_number_of_neurites,0.1469775396876854,0.603163299630775
56,M_basal_dendrite_avg_tortuosity,0.039948794946338746,0.15037691418653804
56,M_Total_neurite_length_(sections),0.10911755612214019,0.8232836363884549
56,M_Number_of_bifurcation_points,0.13077233002372587,0.8653809328603288
56,M_Maximum_branch_order,0.08742092012539275,0.6595505942629732
56,M_trunk_angle_min,0.05871979968563405,0.7423257242509662
56,M_trunk_angle_max,0.07608204324508448,0.8282390344050665
57,M_soma_circularity_index,0.1636349216021193,0.8055247965948626
57,M_soma_aspect_ratio,0.15459642629610473,0.7985858182799763
57,M_cell_max_radial_dist,0.046919451637311524,0.38315477703468503
57,M_total_number_of_neurites,0.15283870281921266,0.6808238654779316
57,M_basal_dendrite_avg_tortuosity,0.03718079840874296,0.08920365336646295
57,M_Total_neurite_length_(sections),0.10205672307961622,0.7538403768158609
57,M_Number_of_bifurcation_points,0.12025247182319268,0.8679251542275
57,M_Maximum_branch_order,0.10180866939746731,0.8852470395492614
57,M_trunk_angle_min,0.05507220952860096,0.5794624071516128
57,M_trunk_angle_max,0.06563962540763163,0.7211383354487968
58,M_soma_circularity_index,0.1274152470517186,0.7858419778266647
58,M_soma_aspect_ratio,0.16179947240134365,1.0174585578530795
58,M_cell_max_radial_dist,0.04407639799343162,0.31963487879794694
58,M_total_number_of_neurites,0.17766136990039785,0.7986709125874017
58,M_basal_dendrite_avg_tortuosity,0.041267765810653015,0.09381169530407177
58,M_Total_neurite_length_(sections),0.08425636388652222,0.6771836857163045
58,M_Number_of_bifurcation_points,0.12032649065025634,0.8555868928575722
58,M_Maximum_branch_order,0.11418517028063144,0.8370452259183937
58,M_trunk_angle_min,0.057411395633444134,0.4530338925889838
58,M_trunk_angle_max,0.07160032639160108,0.6172173856593803
59,M_soma_circularity_index,0.15041768331386304,0.7613336643586147
59,M_soma_aspect_ratio,0.1505390943923481,0.8337348734020016
59,M_cell_max_radial_dist,0.04512128792501006,0.5072440244739929
59,M_total_number_of_neurites,0.15066764668230553,0.6120713035875895
59,M_basal_dendrite_avg_tortuosity,0.03598358330940113,0.1443502467891105
59,M_Total_neurite_length_(sections),0.10378101508061294,0.6662802705548044
59,M_Number_of_bifurcation_points,0.11600782240043246,0.9165991795207075
59,M_Maximum_branch_order,0.11188730440821953,0.8400837995348422
59,M_trunk_angle_min,0.061271929749309374,0.5845280421899025
59,M_trunk_angle_max,0.07432263273849787,0.7684157720390554
60,M_soma_circularity_index,0.14160795619605077,0.717133390818437
60,M_soma_aspect_ratio,0.15168431234413665,0.9127999746951876
60,M_cell_max_radial_dist,0.05359035081164559,0.5202676091368286
60,M_total_number_of_neurites,0.1538292257339513,0.6807014479143805
60,M_basal_dendrite_avg_tortuosity,0.03851848119304035,0.08950621415574202
60,M_Total_neurite_length_(sections),0.10378029961292887,0.7332793271227459
60,M_Number_of_bifurcation_points,0.11860395413923035,0.8137126532050256
60,M_Maximum_branch_order,0.1054557202226918,0.6930619177264539
60,M_trunk_angle_min,0.05734016371753754,0.5562467230435018
60,M_trunk_angle_max,0.07558953602878676,0.865162206877548
61,M_soma_circularity_index,0.14471915402632413,0.7855641297274861
61,M_soma_aspect_ratio,0.16532869235112765,0.8774536446185701
61,M_cell_max_radial_dist,0.04673099254852059,0.4083082204944196
61,M_total_number_of_neurites,0.13403637823308232,0.638204939047602
61,M_basal_dendrite_avg_tortuosity,0.04087264892716811,0.22749007352784606
61,M_Total_neurite_length_(sections),0.10677385224657543,0.7669052445131296
61,M_Number_of_bifurcation_points,0.11093731363289397,0.8295225110071707
61,M_Maximum_branch_order,0.09780310085168305,0.8366741714781101
61,M_trunk_angle_min,0.06021413466519331,0.6014036254039277
61,M_trunk_angle_max,0.09258373251743153,0.868291008603526
62,M_soma_circularity_index,0.1414959044754263,0.7481765149262911
62,M_soma_aspect_ratio,0.16273550931096534,0.8554644993532652
62,M_cell_max_radial_dist,0.05076276211554198,0.43667484026977976
62,M_total_number_of_neurites,0.1414377160294326,0.5811702490047873
62,M_basal_dendrite_avg_tortuosity,0.04921889684310194,0.04942891321273016
62,M_Total_neurite_length_(sections),0.11090357756601107,0.805396085568878
62,M_Number_of_bifurcation_points,0.12546685633155674,0.8000568832671135
62,M_Maximum_branch_order,0.08747496015494252,0.7919744569433648
62,M_trunk_angle_min,0.062408609339840486,0.5969949749144726
62,M_trunk_angle_max,0.06809520783318113,0.8440245845758289
63,M_soma_circularity_index,0.12004036073233942,0.6927927984681931
63,M_soma_aspect_ratio,0.1646707119924594,0.8547374451868336
63,M_cell_max_radial_dist,0.05221156877582899,0.4156518671642677
63,M_total_number_of_neurites,0.19043401632950302,0.7151552671082584
63,M_basal_dendrite_avg_tortuosity,0.04174286542544441,0.17747274103307992
63,M_Total_neurite_length_(sections),0.09212932358142677,0.7140662005956557
63,M_Number_of_bifurcation_points,0.12286423493766696,0.8272135670099624
63,M_Maximum_branch_order,0.09483660379422901,0.7077832390026504
63,M_trunk_angle_min,0.05330670353363631,0.5068555092421285
63,M_trunk_angle_max,0.06776361089746574,0.7156737620105009
64,M_soma_circularity_index,0.15528169042359954,0.9453863938749663
64,M_soma_aspect_ratio,0.1501716444829918,0.7756654076989102
64,M_cell_max_radial_dist,0.0405533865447609,0.38738570159409413
64,M_total_number_of_neurites,0.15384603111017248,0.5802651555223395
64,M_basal_dendrite_avg_tortuosity,0.03875557791714014,0.23060855206791991
64,M_Total_neurite_length_(sections),0.10909017097089437,0.6558784780188861
64,M_Number_of_bifurcation_points,0.10665926302251204,0.8017954024650649
64,M_Maximum_branch_order,0.10698955240974532,0.789770528201918
64,M_trunk_angle_min,0.06495829736701271,0.7382879601834927
64,M_trunk_angle_max,0.07369438575117081,0.6155480456347346
65,M_soma_circularity_index,0.13295058565837797,0.7080696180806869
65,M_soma_aspect_ratio,0.1697715829679534,0.9104096225697301
65,M_cell_max_radial_dist,0.056102758421318705,0.4096886485796878
65,M_total_number_of_neurites,0.15380607829335569,0.7398131689128356
65,M_basal_dendrite_avg_tortuosity,0.04167362507113413,0.11278701205893561
65,M_Total_neurite_length_(sections),0.10299293880347728,0.7952487957966846
65,M_Number_of_bifurcation_points,0.11903896349336493,0.8632735313036528
65,M_Maximum_branch_order,0.10336991678855706,0.7327509111381059
65,M_trunk_angle_min,0.060360060659026396,0.6110398610329365
65,M_trunk_angle_max,0.05993348984343437,0.723115261751592
66,M_soma_circularity_index,0.14870431064202314,0.7989799931910909
66,M_soma_aspect_ratio,0.15845546750972703,0.912918446022579
66,M_cell_max_radial_dist,0.048103687474552084,0.373264476819837
66,M_total_number_of_neurites,0.13971198914585745,0.6920702538884984
66,M_basal_dendrite_avg_tortuosity,0.03676434175662661,0.09617235700704749
66,M_Total_neurite_length_(sections),0.10930120472150293,0.7685488214249764
66,M_Number_of_bifurcation_points,0.1154825160797712,0.8027198091841559
66,M_Maximum_branch_order,0.10011627569330599,0.6540380885788628
66,M_trunk_angle_min,0.05588929536347567,0.6700830520942056
66,M_trunk_angle_max,0.08747091161315806,0.8775126673698961
67,M_soma_circularity_index,0.154307706770757,0.6903116190374241
67,M_soma_aspect_ratio,0.1459602242869752,0.9005923325603462
67,M_cell_max_radial_dist,0.049096915172155066,0.41953906992347084
67,M_total_number_of_neurites,0.155063687830196,0.6374329276665064
67,M_basal_dendrite_avg_tortuosity,0.04208205284628569,0.0814115919421516
67,M_Total_neurite_length_(sections),0.09581399271898017,0.727355998123932
67,M_Number_of_bifurcation_points,0.11148819444182262,0.8060006186167853
67,M_Maximum_branch_order,0.1099741106342233,0.843143210336482
67,M_trunk_angle_min,0.060488251740218955,0.591902707768706
67,M_trunk_angle_max,0.07572486355838609,0.8316218521551864
68,M_soma_circularity_index,0.15193518044942053,0.7964447903201226
68,M_soma_aspect_ratio,0.18044989831790784,1.056662651768511
68,M_cell_max_radial_dist,0.04330170878010472,0.45100744087784006
68,M_total_number_of_neurites,0.15711355916283123,0.6752716422097174
68,M_basal_dendrite_avg_tortuosity,0.03886698027357343,0.06015483399763876
68,M_Total_neurite_length_(sections),0.09160923121066554,0.7094817743070156
68,M_Number_of_bifurcation_points,0.11942794989703355,0.8797340161437731
68,M_Maximum_branch_order,0.09023169197631946,0.5944770877385939
68,M_trunk_angle_min,0.060839013390676655,0.653043316099494
68,M_trunk_angle_max,0.06622478654146716,0.5611746828470324
69,M_soma_circularity_index,0.1427833042460151,0.8074211997676735
69,M_soma_aspect_ratio,0.1659325521805772,0.7710934630464921
69,M_cell_max_radial_dist,0.04787226149411061,0.4319045028033279
69,M_total_number_of_neurites,0.13653084969291734,0.6553764463476665
69,M_basal_dendrite_avg_tortuosity,0.042033049864156756,0.14798586649146958
69,M_Total_neurite_length_(sections),0.12091096162963233,0.823099679738267
69,M_Number_of_bifurcation_points,0.11707069793111693,0.8297938251968925
69,M_Maximum_branch_order,0.08038188389537611,0.6219342479643132
69,M_trunk_angle_min,0.06235081401713391,0.5628825805646911
69,M_trunk_angle_max,0.08413362504896363,0.866455785124338
70,M_soma_circularity_index,0.14344704072880407,0.7785589290775177
70,M_soma_aspect_ratio,0.16768536218350552,1.0045432078991166
70,M_cell_max_radial_dist,0.045029866710952444,0.3421057288687049
70,M_total_number_of_neurites,0.15683805209946308,0.7016095433096479
70,M_basal_dendrite_avg_tortuosity,0.03853728973909575,0.10142428854315191
70,M_Total_neurite_length_(sections),0.11347187723084957,0.907380642950275
70,M_Number_of_bifurcation_points,0.11047751968107127,0.7897853436078716
70,M_Maximum_branch_order,0.09478795627775988,0.7360803474097841
70,M_trunk_angle_min,0.05763743986672056,0.478323391625882
70,M_trunk_angle_max,0.0720875954817779,0.5670345989997418
71,M_soma_circularity_index,0.14592114492166203,0.777359572821338
71,M_soma_aspect_ratio,0.16337325797827348,0.9174279298328263
71,M_cell_max_radial_dist,0.04804714360152394,0.39865140594586745
71,M_total_number_of_neurites,0.14301021956192256,0.5080310924449811
71,M_basal_dendrite_avg_tortuosity,0.04084717766587101,0.1941025697302157
71,M_Total_neurite_length_(sections),0.1030408944690097,0.7564699020416616
71,M_Number_of_bifurcation_points,0.1194618639387788,0.8373349514601192
71,M_Maximum_branch_order,0.09973233461946074,0.7322815809276315
71,M_trunk_angle_min,0.052428333981421944,0.644739870695188
71,M_trunk_angle_max,0.08413762926207562,0.869616650284544
72,M_soma_circularity_index,0.1402223662240676,0.8290064977850964
72,M_soma_aspect_ratio,0.1616920233021206,0.9198335923585519
72,M_cell_max_radial_dist,0.04691339884559962,0.30565879223598885
72,M_total_number_of_neurites,0.1364918747539333,0.7066705748372428
72,M_basal_dendrite_avg_tortuosity,0.03826948492806433,0.12602755327306284
72,M_Total_neurite_length_(sections),0.10030191436508536,0.7702228673066037
72,M_Number_of_bifurcation_points,0.12384926042425481,0.8880943326025835
72,M_Maximum_branch_order,0.11302269321727493,0.9023641701737699
72,M_trunk_angle_min,0.05363749706079593,0.4635869269927959
72,M_trunk_angle_max,0.08559948687880363,0.8353019830676021
73,M_soma_circularity_index,0.14562652935680867,0.6710302762595985
73,M_soma_aspect_ratio,0.1643505289465303,0.9548849279326747
73,M_cell_max_radial_dist,0.058174900043463075,0.44569604234851384
73,M_total_number_of_neurites,0.1366233048607919,0.7162318867747837
73,M_basal_dendrite_avg_tortuosity,0.04541116286355122,0.13875912540730992
73,M_Total_neurite_length_(sections),0.10838096350865949,0.8075424908782891
73,M_Number_of_bifurcation_points,0.11789902992052667,0.8755113619786925
73,M_Maximum_branch_order,0.09880076718351724,0.7606366645345786
73,M_trunk_angle_min,0.06101373337777456,0.5138534132885615
73,M_trunk_angle_max,0.06371907993837694,0.7365404227370533
74,M_soma_circularity_index,0.1421454703754761,0.7466736442104522
74,M_soma_aspect_ratio,0.16962337745516903,0.8744264908344428
74,M_cell_max_radial_dist,0.0516727053570665,0.515842364647651
74,M_total_number_of_neurites,0.17279933011127876,0.7546773073758228
74,M_basal_dendrite_avg_tortuosity,0.034103322774780925,0.14810864125597298
74,M_Total_neurite_length_(sections),0.10042949751788524,0.7837338770136518
74,M_Number_of_bifurcation_points,0.1267069601584842,0.8657809412054509
74,M_Maximum_branch_order,0.08130046750796349,0.6208113542750087
74,M_trunk_angle_min,0.051695033525465485,0.39866935738145204
74,M_trunk_angle_max,0.06952383521643037,0.5583673576762793
75,M_soma_circularity_index,0.14967844902025065,0.8063140942777652
75,M_soma_aspect_ratio,0.1700501671069308,0.9314224001051372
75,M_cell_max_radial_dist,0.05020351252973703,0.42957128777885656
75,M_total_number_of_neurites,0.14727520759076332,0.6359026616802126
75,M_basal_dendrite_avg_tortuosity,0.03690981601675204,0.30504761332669933
75,M_Total_neurite_length_(sections),0.11362931001212274,0.6795669417125055
75,M_Number_of_bifurcation_points,0.11463374404338353,0.8937300529135344
75,M_Maximum_branch_order,0.08367008477616109,0.7969604861131055
75,M_trunk_angle_min,0.0579804053745512,0.45546722429756314
75,M_trunk_angle_max,0.07596930352934761,0.6522047891055827
76,M_soma_circularity_index,0.15236359383509723,0.7810852153411664
76,M_soma_aspect_ratio,0.15005224613979964,0.9394278939966065
76,M_cell_max_radial_dist,0.05649435883487069,0.4591662803450259
76,M_total_number_of_neurites,0.15181129393992424,0.6266059866329892
76,M_basal_dendrite_avg_tortuosity,0.048189111584526545,0.14265138154348375
76,M_Total_neurite_length_(sections),0.10574178697192954,0.7064187577096875
76,M_Number_of_bifurcation_points,0.11146816645388587,0.8424895127048743
76,M_Maximum_branch_order,0.09404218398294356,0.6841595142988955
76,M_trunk_angle_min,0.06434208928570027,0.7521252748207489
76,M_trunk_angle_max,0.06549516897132239,0.7864383003014472
77,M_soma_circularity_index,0.13886812450185462,0.7880858446861849
77,M_soma_aspect_ratio,0.16966833282507598,0.9099946581892701
77,M_cell_max_radial_dist,0.055176786238759254,0.45626299135100934
77,M_total_number_of_neurites,0.15483498397003337,0.6342202658879469
77,M_basal_dendrite_avg_tortuosity,0.03653622136146122,0.22007293936253447
77,M_Total_neurite_length_(sections),0.11431535402747015,0.8174401693056073
77,M_Number_of_bifurcation_points,0.12283659771535772,0.8532175587620134
77,M_Maximum_branch_order,0.09672931799775795,0.6657671390586896
77,M_trunk_angle_min,0.05171895654496254,0.5112033187177034
77,M_trunk_angle_max,0.0593153248172674,0.7803632372363815
78,M_soma_circularity_index,0.1489938664989835,0.7944807469713193
78,M_soma_aspect_ratio,0.15851815062893287,0.7808131436477583
78,M_cell_max_radial_dist,0.050270879217757296,0.4156688323827318
78,M_total_number_of_neurites,0.14515215062796,0.7088522160872088
78,M_basal_dendrite_avg_tortuosity,0.04419747363638299,0.06593482858444805
78,M_Total_neurite_length_(sections),0.10103121228807485,0.7794059534973418
78,M_Number_of_bifurcation_points,0.11850031134146274,0.8822912483929797
78,M_Maximum_branch_order,0.09334749958764128,0.8270760830720566
78,M_trunk_angle_min,0.06196627979954937,0.6958106625896707
78,M_trunk_angle_max,0.07802217637325498,0.8119565780510396
79,M_soma_circularity_index,0.1435545750544904,0.841225974269415
79,M_soma_aspect_ratio,0.16525569037779048,0.9478104785904178
79,M_cell_max_radial_dist,0.042171943450745625,0.4082513591813378
79,M_total_number_of_neurites,0.1546062357145673,0.6253951146394436
79,M_basal_dendrite_avg_tortuosity,0.042613232822660184,0.16610949974015987
79,M_Total_neurite_length_(sections),0.11347850716753576,0.796418442942522
79,M_Number_of_bifurcation_points,0.10809936588570138,0.7748361161512204
79,M_Maximum_branch_order,0.10244017379214582,0.8645454085565193
79,M_trunk_angle_min,0.05249529445277232,0.4880655951827414
79,M_trunk_angle_max,0.07528498128159075,0.6774717393243461
80,M_soma_circularity_index,0.16154855201753832,0.9527443445151822
80,M_soma_aspect_ratio,0.15770623178477763,0.7083385907972097
80,M_cell_max_radial_dist,0.04946709352981807,0.48697954536715743
80,M_total_number_of_neurites,0.13945243957258577,0.5986118690006441
80,M_basal_dendrite_avg_tortuosity,0.03723306813900632,0.09844119621224298
80,M_Total_neurite_length_(sections),0.10796505957458097,0.8032628749953509
80,M_Number_of_bifurcation_points,0.10723262170389018,0.8230073867053533
80,M_Maximum_branch_order,0.103126566090815,0.756242736590217
80,M_trunk_angle_min,0.04649432341142539,0.4248408820969235
80,M_trunk_angle_max,0.08977404417556233,0.8719762104019191
81,M_soma_circularity_index,0.15776457975706507,0.8743740334216425
81,M_soma_aspect_ratio,0.13991912658500874,0.8426331475128029
81,M_cell_max_radial_dist,0.05165806576987454,0.3697536865869149
81,M_total_number_of_neurites,0.16945144589867217,0.7406861893362409
81,M_basal_dendrite_avg_tortuosity,0.039766342488249104,0.21524941602837822
81,M_Total_neurite_length_(sections),0.09125693550974634,0.6513094711644096
81,M_Number_of_bifurcation_points,0.1162512733418645,0.8670697708155677
81,M_Maximum_branch_order,0.10980761133547418,0.8979834535914052
81,M_trunk_angle_min,0.05850983020982183,0.4895132236838717
81,M_trunk_angle_max,0.06561478910422358,0.5496547928946547
82,M_soma_circularity_index,0.14902609234278255,0.7443715208645734
82,M_soma_aspect_ratio,0.15519539708690985,0.8926643038836888
82,M_cell_max_radial_dist,0.040342534595840605,0.40927607577616193
82,M_total_number_of_neurites,0.14984155496562818,0.5662116067339805
82,M_basal_dendrite_avg_tortuosity,0.03766334931728118,0.1669859054520296
82,M_Total_neurite_length_(sections),0.11052741274416479,0.6970133312627056
82,M_Number_of_bifurcation_points,0.12627694114909083,0.8380998280125848
82,M_Maximum_branch_order,0.09081716994988469,0.8431784918319742
82,M_trunk_angle_min,0.057158998803567986,0.5859393946953619
82,M_trunk_angle_max,0.08315054904484923,0.8647544474211666
83,M_soma_circularity_index,0.13969826145382114,0.6752914577874748
83,M_soma_aspect_ratio,0.16297640735645583,0.8949711464230323
83,M_cell_max_radial_dist,0.04801045133459172,0.44781582611762794
83,M_total_number_of_neurites,0.1345290063624241,0.5831178332009455
83,M_basal_dendrite_avg_tortuosity,0.04129952974171054,0.19202410244344018
83,M_Total_neurite_length_(sections),0.11125376678500555,0.705700790849708
83,M_Number_of_bifurcation_points,0.11499390885437616,0.8335029110809041
83,M_Maximum_branch_order,0.1060407504094441,0.8336482033931942
83,M_trunk_angle_min,0.05949794713225177,0.62541621945787
83,M_trunk_angle_max,0.08169997056991911,0.8310167779979449
84,M_soma_circularity_index,0.15166809448869492,0.9060211506060724
84,M_soma_aspect_ratio,0.15629995810907527,0.7675074652227937
84,M_cell_max_radial_dist,0.04953597801660212,0.4519031159781085
84,M_total_number_of_neurites,0.15034350599110533,0.659383426117572
84,M_basal_dendrite_avg_tortuosity,0.03915165269672092,0.1277583117383012
84,M_Total_neurite_length_(sections),0.11306485538966778,0.8334092732312942
84,M_Number_of_bifurcation_points,0.11158974911986533,0.8159406408173991
84,M_Maximum_branch_order,0.10131128847861007,0.8174959565278188
84,M_trunk_angle_min,0.05434831410745991,0.5736463853320926
84,M_trunk_angle_max,0.07268660360219856,0.8227827788718913
85,M_soma_circularity_index,0.16724733998105584,0.8899056937335376
85,M_soma_aspect_ratio,0.14076560616722733,0.704083754930093
85,M_cell_max_radial_dist,0.04393356092775041,0.4246429183441044
85,M_total_number_of_neurites,0.1481985511934834,0.5890820678787175
85,M_basal_dendrite_avg_tortuosity,0.03415044334760358,0.08491406487152958
85,M_Total_neurite_length_(sections),0.10880830093269965,0.6863792129923877
85,M_Number_of_bifurcation_points,0.11565261971439249,0.8537947473307135
85,M_Maximum_branch_order,0.0989486141638221,0.7086907236215255
85,M_trunk_angle_min,0.05939625218010586,0.6629588805521651
85,M_trunk_angle_max,0.08289871139185924,0.848230819821934
86,M_soma_circularity_index,0.1648656081948293,0.8291093911229682
86,M_soma_aspect_ratio,0.15140072137425936,0.9845415348887862
86,M_cell_max_radial_dist,0.05206775171230168,0.430441792068407
86,M_total_number_of_neurites,0.14824583169519298,0.6525159996660563
86,M_basal_dendrite_avg_tortuosity,0.034755257633516896,0.1154280017041284
86,M_Total_neurite_length_(sections),0.10488891333271536,0.6366055128221009
86,M_Number_of_bifurcation_points,0.10923587084409016,0.8581778879352056
86,M_Maximum_branch_order,0.11085466038042624,0.6325969157570145
86,M_trunk_angle_min,0.06518473781155038,0.6670598080034194
86,M_trunk_angle_max,0.05850064702111755,0.5711588524158491
87,M_soma_circularity_index,0.15580148227415452,0.7739276544710295
87,M_soma_aspect_ratio,0.1624768817081857,0.8835294006124967
87,M_cell_max_radial_dist,0.04835967531958004,0.41613350471805644
87,M_total_number_of_neurites,0.11841193645954544,0.5556511481449563
87,M_basal_dendrite_avg_tortuosity,0.037769192681711104,0.1349570134128991
87,M_Total_neurite_length_(sections),0.10586339103846733,0.7140412216534009
87,M_Number_of_bifurcation_points,0.12848482214310297,0.8824881010623276
87,M_Maximum_branch_order,0.09635609455298821,0.8808237728633135
87,M_trunk_angle_min,0.06067306793728535,0.5593340739218373
87,M_trunk_angle_max,0.08580345588497945,0.8742453851383245
88,M_soma_circularity_index,0.1451426290357078,0.794629373623117
88,M_soma_aspect_ratio,0.1793374314055103,0.9535375568591372
88,M_cell_max_radial_dist,0.04849895509718133,0.4227763014409587
88,M_total_number_of_neurites,0.1464829101965987,0.6513645392655694
88,M_basal_dendrite_avg_tortuosity,0.03769996829172238,0.10086722795939865
88,M_Total_neurite_length_(sections),0.08492498635508772,0.6644952187059348
88,M_Number_of_bifurcation_points,0.11942631643385068,0.7769894155847377
88,M_Maximum_branch_order,0.10942905967735125,0.8779265155276127
88,M_trunk_angle_min,0.05527832668364544,0.5115825352519414
88,M_trunk_angle_max,0.0737794168233444,0.6272322424774707
89,M_soma_circularity_index,0.15003339248734401,0.7729436201944512
89,M_soma_aspect_ratio,0.15534854163421138,0.8906254757481535
89,M_cell_max_radial_dist,0.043015793672153115,0.40908835439271884
89,M_total_number_of_neurites,0.16021463895911908,0.7121867128561701
89,M_basal_dendrite_avg_tortuosity,0.03932681204883941,0.10758852740306729
89,M_Total_neurite_length_(sections),0.08851037411315392,0.6472134134011777
89,M_Number_of_bifurcation_points,0.11436996213331703,0.7550229187149915
89,M_Maximum_branch_order,0.11425616313760086,0.8648375783186822
89,M_trunk_angle_min,0.05064911624166991,0.5176181864137526
89,M_trunk_angle_max,0.08427520557259126,0.879076293888467
90,M_soma_circularity_index,0.13587783617141785,0.7416334501434373
90,M_soma_aspect_ratio,0.1668177525335513,1.0544134548882396
90,M_cell_max_radial_dist,0.04056030951762073,0.28471288209589823
90,M_total_number_of_neurites,0.15462523822779176,0.7367056274822695
90,M_basal_dendrite_avg_tortuosity,0.04620296500328232,0.0828677817026846
90,M_Total_neurite_length_(sections),0.09160076971925195,0.8390213298012492
90,M_Number_of_bifurcation_points,0.1142425755450376,0.7632951224510167
90,M_Maximum_branch_order,0.1157972766798792,0.8838000909305073
90,M_trunk_angle_min,0.06138861272298964,0.5173219596514396
90,M_trunk_angle_max,0.07288666387917768,0.563764447599062
91,M_soma_circularity_index,0.1413830615162277,0.5843677156623409
91,M_soma_aspect_ratio,0.16805342637984866,0.8717021876824201
91,M_cell_max_radial_dist,0.044734320503224394,0.459739146849068
91,M_total_number_of_neurites,0.13154570463411389,0.5161831192629793
91,M_basal_dendrite_avg_tortuosity,0.039370066181507804,0.09871383790561618
91,M_Total_neurite_length_(sections),0.10978008287994419,0.6411303596085228
91,M_Number_of_bifurcation_points,0.12092934680689707,0.9295019740247035
91,M_Maximum_branch_order,0.08904855751547165,0.7256618896087064
91,M_trunk_angle_min,0.06786253175654927,0.7956480775160374
91,M_trunk_angle_max,0.08729290182621538,0.8876183336123558
92,M_soma_circularity_index,0.14033515535519717,0.848638107406038
92,M_soma_aspect_ratio,0.16638310314777452,1.0234546770215565
92,M_cell_max_radial_dist,0.04473904234853556,0.4286789162038537
92,M_total_number_of_neurites,0.14406938820143306,0.631175160456956
92,M_basal_dendrite_avg_tortuosity,0.043897155203979486,0.06405505373382853
92,M_Total_neurite_length_(sections),0.10484247191777432,0.656282566843657
92,M_Number_of_bifurcation_points,0.11547765752417168,0.8257545096029114
92,M_Maximum_branch_order,0.098082330134471,0.6500974532021794
92,M_trunk_angle_min,0.063909993249981,0.6406686537018651
92,M_trunk_angle_max,0.07826370291668219,0.6831525443805229
93,M_soma_circularity_index,0.1583637011244573,0.8477655212207675
93,M_soma_aspect_ratio,0.15315463039205107,0.9269932173563747
93,M_cell_max_radial_dist,0.04794799067016768,0.3937818251380829
93,M_total_number_of_neurites,0.16337166596731886,0.7907745463687388
93,M_basal_dendrite_avg_tortuosity,0.04071604571886048,0.1788941344206797
93,M_Total_neurite_length_(sections),0.10342937186945057,0.7491838058578334
93,M_Number_of_bifurcation_points,0.09698397709127465,0.8294957635059175
93,M_Maximum_branch_order,0.1064587030723398,0.7337088659224723
93,M_trunk_angle_min,0.060131579687602986,0.4925973291715906
93,M_trunk_angle_max,0.06944233440647651,0.5675150970274556
94,M_soma_circularity_index,0.14047176381972143,0.660644228063822
94,M_soma_aspect_ratio,0.16348508587951993,0.8185882390746787
94,M_cell_max_radial_dist,0.04457172610623391,0.3943288140019375
94,M_total_number_of_neurites,0.15198533280153112,0.5991953280699125
94,M_basal_dendrite_avg_tortuosity,0.04811411099183996,0.12937299367967173
94,M_Total_neurite_length_(sections),0.10831886187477839,0.7096790364183936
94,M_Number_of_bifurcation_points,0.11092501034153378,0.7244719635798204
94,M_Maximum_branch_order,0.10621020772455679,0.9315102589412275
94,M_trunk_angle_min,0.06377003162739008,0.6441512052452939
94,M_trunk_angle_max,0.06214786883289464,0.8290119441981963
95,M_soma_circularity_index,0.14429210249263044,0.8470841922779084
95,M_soma_aspect_ratio,0.16595439754707514,0.8613993876101809
95,M_cell_max_radial_dist,0.04533893894103467,0.3347339525771862
95,M_total_number_of_neurites,0.16224891611168762,0.603482662336
95,M_basal_dendrite_avg_tortuosity,0.03616428024128657,0.1375894467074528
95,M_Total_neurite_length_(sections),0.1035953670499193,0.8098608813778805
95,M_Number_of_bifurcation_points,0.1185452891380112,0.8193558094670456
95,M_Maximum_branch_order,0.10274380383341165,0.8580879816819227
95,M_trunk_angle_min,0.05341139233629082,0.5915643998947433
95,M_trunk_angle_max,0.06770551230865265,0.8503490160520063
96,M_soma_circularity_index,0.1414159376807115,0.6258664497652431
96,M_soma_aspect_ratio,0.18173917290984237,0.9609160130043604
96,M_cell_max_radial_dist,0.05140240164026888,0.3580200011736508
96,M_total_number_of_neurites,0.14244726967301705,0.72956481255253
96,M_basal_dendrite_avg_tortuosity,0.04013224773183953,0.15656303148880588
96,M_Total_neurite_length_(sections),0.09894608016363397,0.8081099269046323
96,M_Number_of_bifurcation_points,0.11137066877860452,0.8908661968337979
96,M_Maximum_branch_order,0.10059704537241827,0.7824313988476711
96,M_trunk_angle_min,0.05877137411694192,0.6131504560664836
96,M_trunk_angle_max,0.07317780193272211,0.7770530219217481
97,M_soma_circularity_index,0.1455081576137977,0.6724693827654177
97,M_soma_aspect_ratio,0.1570461265141175,0.9337902099593027
97,M_cell_max_radial_dist,0.04890351598142419,0.44598240303077774
97,M_total_number_of_neurites,0.17004820883397254,0.6076215595350678
97,M_basal_dendrite_avg_tortuosity,0.04235543329835989,0.040679877350411106
97,M_Total_neurite_length_(sections),0.08757626554487583,0.6399413908600324
97,M_Number_of_bifurcation_points,0.11732077419266955,0.8668570307315524
97,M_Maximum_branch_order,0.10158839852598267,0.7000448596651213
97,M_trunk_angle_min,0.05141687490348882,0.7082170272328651
97,M_trunk_angle_max,0.07823624459131127,0.8031415098720486
98,M_soma_circularity_index,0.14782323079054793,0.7746315856566228
98,M_soma_aspect_ratio,0.1605131206335991,0.9584892003502953
98,M_cell_max_radial_dist,0.04729320546908409,0.3345781458665047
98,M_total_number_of_neurites,0.12862840862876554,0.5331306012014776
98,M_basal_dendrite_avg_tortuosity,0.03628209344523607,0.1518107869297754
98,M_Total_neurite_length_(sections),0.11399540709512301,0.9015184581566599
98,M_Number_of_bifurcation_points,0.11535354569471341,0.8473664009751611
98,M_Maximum_branch_order,0.09770273801760211,0.7241120359200179
98,M_trunk_angle_min,0.05332670953913806,0.5101628297548644
98,M_trunk_angle_max,0.09908154068619072,0.8800719765376511
99,M_soma_circularity_index,0.1613130699015904,0.8178190634801454
99,M_soma_aspect_ratio,0.14961952471376722,0.8407471079523711
99,M_cell_max_radial_dist,0.04731688180391392,0.34508143743166664
99,M_total_number_of_neurites,0.1605224505980729,0.7744648688867339
99,M_basal_dendrite_avg_tortuosity,0.038869273766656956,0.1822867199736439
99,M_Total_neurite_length_(sections),0.10186743968733976,0.7233681315834144
99,M_Number_of_bifurcation_points,0.11502378997858247,0.8374054900412522
99,M_Maximum_branch_order,0.10102856778235235,0.7396797418766057
99,M_trunk_angle_min,0.05363236991259442,0.5308437748181448
99,M_trunk_angle_max,0.07080663185512968,0.7459481094173869
100,M_soma_circularity_index,0.1579446316392364,0.8017840047026515
100,M_soma_aspect_ratio,0.14248688467387582,0.7582474703936062
100,M_cell_max_radial_dist,0.046589640044959316,0.47974617891302274
100,M_total_number_of_neurites,0.1450280428107741,0.5720462619188549
100,M_basal_dendrite_avg_tortuosity,0.045044795702263406,0.2733982689075955
100,M_Total_neurite_length_(sections),0.11151829133363898,0.730025760217807
100,M_Number_of_bifurcation_points,0.12335496024491173,0.9760657754490968
100,M_Maximum_branch_order,0.09722109987948399,0.8715291991551384
100,M_trunk_angle_min,0.05992513515245597,0.5992627796590156
100,M_trunk_angle_max,0.0708865185184002,0.8487330234005863
101,M_soma_circularity_index,0.13426238847683766,0.7739065661353206
101,M_soma_aspect_ratio,0.1853821159010337,1.0194023274578659
101,M_cell_max_radial_dist,0.05243944663207101,0.4441621619584072
101,M_total_number_of_neurites,0.16535568670364253,0.7488698100776423
101,M_basal_dendrite_avg_tortuosity,0.03909180874572751,0.1758328666856675
101,M_Total_neurite_length_(sections),0.08850365570175477,0.6762520054241525
101,M_Number_of_bifurcation_points,0.1268195390638896,0.8946295716387466
101,M_Maximum_branch_order,0.09410240330314211,0.6415857220456189
101,M_trunk_angle_min,0.04464134114632705,0.42102368598684525
101,M_trunk_angle_max,0.06940161432557407,0.6007911349514017
102,M_soma_circularity_index,0.15857482823526148,0.7799026578657839
102,M_soma_aspect_ratio,0.14391598314912019,0.787740587962688
102,M_cell_max_radial_dist,0.0521120207100269,0.435492651050186
102,M_total_number_of_neurites,0.15552702334424506,0.6724200583729997
102,M_basal_dendrite_avg_tortuosity,0.0425333813272556,0.11249901584792193
102,M_Total_neurite_length_(sections),0.10020339778335119,0.6866370708605473
102,M_Number_of_bifurcation_points,0.11575602286961764,0.7961380797156448
102,M_Maximum_branch_order,0.10095752996163267,0.7694034224205428
102,M_trunk_angle_min,0.0573577903041798,0.48906524342974617
102,M_trunk_angle_max,0.0730620223153094,0.8204655945941273
103,M_soma_circularity_index,0.17810111980496957,0.9559577689732008
103,M_soma_aspect_ratio,0.13776650711688554,0.6180875329068285
103,M_cell_max_radial_dist,0.04872740428750037,0.5037640148906445
103,M_total_number_of_neurites,0.1298677938014884,0.5229803692067962
103,M_basal_dendrite_avg_tortuosity,0.03728183932058394,0.14570895350865432
103,M_Total_neurite_length_(sections),0.1037167281428614,0.6671621367948383
103,M_Number_of_bifurcation_points,0.12102150223356004,0.8910847924559252
103,M_Maximum_branch_order,0.09817473321550202,0.8237788189432415
103,M_trunk_angle_min,0.06736027078672173,0.709290909868602
103,M_trunk_angle_max,0.0779821012899271,0.8724042454656256
104,M_soma_circularity_index,0.14932796287227698,0.753072867988811
104,M_soma_aspect_ratio,0.14696526551539135,0.8396013425515387
104,M_cell_max_radial_dist,0.04835665675780022,0.41247377855312295
104,M_total_number_of_neurites,0.18061701636567354,0.7255334997934878
104,M_basal_dendrite_avg_tortuosity,0.03707255723631592,0.15118763970622418
104,M_Total_neurite_length_(sections),0.08663478739537323,0.6360984283950447
104,M_Number_of_bifurcation_points,0.11336488599172222,0.7895168167552764
104,M_Maximum_branch_order,0.11669960754289303,0.7448276087288592
104,M_trunk_angle_min,0.05981981773554305,0.7281082301381414
104,M_trunk_angle_max,0.06114144258701064,0.7107066313098738
105,M_soma_circularity_index,0.14842814651268565,0.7670011157808924
105,M_soma_aspect_ratio,0.16755510297782242,0.9927404766739623
105,M_cell_max_radial_dist,0.04646216750030356,0.5025032885123406
105,M_total_number_of_neurites,0.13170136093615625,0.6117203077950033
105,M_basal_dendrite_avg_tortuosity,0.043667012537225845,0.15165789127698448
105,M_Total_neurite_length_(sections),0.10193020933102863,0.7580628516569344
105,M_Number_of_bifurcation_points,0.12416775713888979,0.8391372413445055
105,M_Maximum_branch_order,0.10016089655222014,0.8250854921717972
105,M_trunk_angle_min,0.05196605984670187,0.48029843244133535
105,M_trunk_angle_max,0.08396128666696587,0.7077219602931835
106,M_soma_circularity_index,0.1425115863910341,0.8457756681199072
106,M_soma_aspect_ratio,0.17244423520200675,0.8685405715210286
106,M_cell_max_radial_dist,0.04136731640378122,0.39510770866911005
106,M_total_number_of_neurites,0.160000366225258,0.6651837639417966
106,M_basal_dendrite_avg_tortuosity,0.041007589819765315,0.16505637203161735
106,M_Total_neurite_length_(sections),0.10016505929549459,0.7331953034228572
106,M_Number_of_bifurcation_points,0.10989742098057398,0.8543124614413938
106,M_Maximum_branch_order,0.09341723995250459,0.7838218127773757
106,M_trunk_angle_min,0.06836224813817966,0.6595946578605357
106,M_trunk_angle_max,0.07082693759140178,0.6271544928312864
107,M_soma_circularity_index,0.1373348019996815,0.6927781702784243
107,M_soma_aspect_ratio,0.17150823767151965,0.961770472764216
107,M_cell_max_radial_dist,0.04746457990342924,0.4510850809750823
107,M_total_number_of_neurites,0.17375257906752897,0.6251102569764264
107,M_basal_dendrite_avg_tortuosity,0.039137012579324885,0.1567475294593796
107,M_Total_neurite_length_(sections),0.09961107763445658,0.7378799074951401
107,M_Number_of_bifurcation_points,0.10987073748250081,0.7905418766958293
107,M_Maximum_branch_order,0.08988581691406468,0.617485054032175
107,M_trunk_angle_min,0.05213346679171358,0.675087650136659
107,M_trunk_angle_max,0.07930168995578002,0.8574144907577299
108,M_soma_circularity_index,0.15133493151685565,0.8492505514622641
108,M_soma_aspect_ratio,0.16328409975815866,0.8730483370604954
108,M_cell_max_radial_dist,0.05253961932706729,0.47963204309372415
108,M_total_number_of_neurites,0.12251653715583545,0.5577574597595765
108,M_basal_dendrite_avg_tortuosity,0.045890539826580354,0.09388343899277646
108,M_Total_neurite_length_(sections),0.09261348674476112,0.6556848002554337
108,M_Number_of_bifurcation_points,0.10944457295354644,0.8722746927025905
108,M_Maximum_branch_order,0.1074721685430717,0.9140837272405483
108,M_trunk_angle_min,0.055640694421047916,0.4968713395359272
108,M_trunk_angle_max,0.09926334975307544,0.8931436995277863
109,M_soma_circularity_index,0.16252482874182111,0.8364951838663874
109,M_soma_aspect_ratio,0.15444071708838458,0.7768089308247759
109,M_cell_max_radial_dist,0.04107887148325293,0.2513531107049814
109,M_total_number_of_neurites,0.13952635872819946,0.6695996183164432
109,M_basal_dendrite_avg_tortuosity,0.039820269913502196,0.14714895868010897
109,M_Total_neurite_length_(sections),0.09717065079368203,0.8308869531988659
109,M_Number_of_bifurcation_points,0.122371845767001,0.8804423018132403
109,M_Maximum_branch_order,0.09195625967019297,0.6945780552166195
109,M_trunk_angle_min,0.058423795204470094,0.5383439796838179
109,M_trunk_angle_max,0.09268640260949364,0.8521426466255763
110,M_soma_circularity_index,0.13809684580042397,0.5949200811126991
110,M_soma_aspect_ratio,0.18165797815661625,1.0012012068057015
110,M_cell_max_radial_dist,0.050004127251848114,0.410483315478013
110,M_total_number_of_neurites,0.11642064253314402,0.6151165325682724
110,M_basal_dendrite_avg_tortuosity,0.045985315122892584,0.17471702006233464
110,M_Total_neurite_length_(sections),0.10633726943901171,0.8469171657164236
110,M_Number_of_bifurcation_points,0.1264537431146421,0.8926850064207081
110,M_Maximum_branch_order,0.08237499771836863,0.7326314741791596
110,M_trunk_angle_min,0.05649275548194395,0.5141791187962705
110,M_trunk_angle_max,0.09617632538110862,0.9361902931298771
111,M_soma_circularity_index,0.1522134107254026,0.8250998701424832
111,M_soma_aspect_ratio,0.152511442969225,0.7048495187633128
111,M_cell_max_radial_dist,0.04521236453972987,0.398947486878938
111,M_total_number_of_neurites,0.16915423947938335,0.5955473348196978
111,M_basal_dendrite_avg_tortuosity,0.038591479678236264,0.14772606237926014
111,M_Total_neurite_length_(sections),0.0955708568899253,0.6891864459549073
111,M_Number_of_bifurcation_points,0.11856706579103521,0.745255675387418
111,M_Maximum_branch_order,0.10698056522238196,0.8217062604660704
111,M_trunk_angle_min,0.05357372865315157,0.685890806349533
111,M_trunk_angle_max,0.06762484605152873,0.8238112263861601
112,M_soma_circularity_index,0.13628052559802034,0.7335925841923927
112,M_soma_aspect_ratio,0.16968177095849518,0.952050239090436
112,M_cell_max_radial_dist,0.041228350709368235,0.4036767527660071
112,M_total_number_of_neurites,0.16669588086734605,0.6698054187240491
112,M_basal_dendrite_avg_tortuosity,0.03651138619271408,0.1356523816386483
112,M_Total_neurite_length_(sections),0.08902798074592345,0.7260729154081115
112,M_Number_of_bifurcation_points,0.1202744553524485,0.8063993541250946
112,M_Maximum_branch_order,0.0973385632945435,0.6575589418188167
112,M_trunk_angle_min,0.05172602667937047,0.6401364971055401
112,M_trunk_angle_max,0.09123505960177027,0.9509066479056172
113,M_soma_circularity_index,0.14947087275560747,0.8103240603924153
113,M_soma_aspect_ratio,0.14968663926489276,1.0133777699561137
113,M_cell_max_radial_dist,0.04449585436902107,0.38207625058855577
113,M_total_number_of_neurites,0.1529034224508527,0.657054254262063
113,M_basal_dendrite_avg_tortuosity,0.04449803095275797,0.05341902586187112
113,M_Total_neurite_length_(sections),0.10291997097987167,0.8346401243479526
113,M_Number_of_bifurcation_points,0.10673571117036641,0.7656307701431729
113,M_Maximum_branch_order,0.1063002465657989,0.6323306807671485
113,M_trunk_angle_min,0.05726727651081255,0.6322386267216811
113,M_trunk_angle_max,0.08572197498001863,0.7080496865125945
114,M_soma_circularity_index,0.13780949494738506,0.7081071663457457
114,M_soma_aspect_ratio,0.17061429973396675,0.8607446347834204
114,M_cell_max_radial_dist,0.0459750133938011,0.40411996691984753
114,M_total_number_of_neurites,0.16599429810732666,0.7267763054440521
114,M_basal_dendrite_avg_tortuosity,0.03805903687182058,0.15429786713760824
114,M_Total_neurite_length_(sections),0.11256401096203254,0.7880759971552743
114,M_Number_of_bifurcation_points,0.10510263774283995,0.785097579289145
114,M_Maximum_branch_order,0.08591989668497688,0.6212304288687892
114,M_trunk_angle_min,0.06222608981694746,0.6879373369792032
114,M_trunk_angle_max,0.07573522173890312,0.8329225130337528
115,M_soma_circularity_index,0.1622991587668165,0.8601846119377167
115,M_soma_aspect_ratio,0.15361006179051373,0.824131928939723
115,M_cell_max_radial_dist,0.04328754873611213,0.37128006131039504
115,M_total_number_of_neurites,0.13834239947310506,0.6924622702379445
115,M_basal_dendrite_avg_tortuosity,0.04106282107457347,0.2565129496259668
115,M_Total_neurite_length_(sections),0.10215299702198459,0.8589624533924802
115,M_Number_of_bifurcation_points,0.11840007258462852,0.8384948198099685
115,M_Maximum_branch_order,0.10644674014356642,0.8457345819696389
115,M_trunk_angle_min,0.058327345639284066,0.6015138128016609
115,M_trunk_angle_max,0.07607085476941543,0.895428514261771
116,M_soma_circularity_index,0.13873621689451798,0.8139691463789979
116,M_soma_aspect_ratio,0.16946639999363253,0.8650669314628077
116,M_cell_max_radial_dist,0.053646360668352544,0.45090321553548995
116,M_total_number_of_neurites,0.1564481887095788,0.688770241465539
116,M_basal_dendrite_avg_tortuosity,0.03834821070830347,0.15268529666868338
116,M_Total_neurite_length_(sections),0.09658667460510524,0.6762038880080209
116,M_Number_of_bifurcation_points,0.11510389252571483,0.806826194230443
116,M_Maximum_branch_order,0.10364333669756699,0.7123208342636217
116,M_trunk_angle_min,0.05758467220960443,0.5071969884066736
116,M_trunk_angle_max,0.07043604698762318,0.7865028802873621
117,M_soma_circularity_index,0.14600267426772992,0.7419101086119035
117,M_soma_aspect_ratio,0.1582573146113229,0.8711561408088756
117,M_cell_max_radial_dist,0.055712243819787496,0.4267038059302941
117,M_total_number_of_neurites,0.12446962030001871,0.5798515531020674
117,M_basal_dendrite_avg_tortuosity,0.045157058278092584,0.12704022515936153
117,M_Total_neurite_length_(sections),0.12615731235876754,0.8184378666561178
117,M_Number_of_bifurcation_points,0.12172610894380002,0.8629252945245509
117,M_Maximum_branch_order,0.09219252008292932,0.64717421354589
117,M_trunk_angle_min,0.05963030617129379,0.6869276794557676
117,M_trunk_angle_max,0.07069484116625765,0.9084996020039553
118,M_soma_circularity_index,0.14847721479504833,0.7857220818943449
118,M_soma_aspect_ratio,0.16307284827990765,0.9232724460813995
118,M_cell_max_radial_dist,0.04460216089292803,0.35825889757639795
118,M_total_number_of_neurites,0.13797670225285594,0.5717407454567196
118,M_basal_dendrite_avg_tortuosity,0.04329380910471889,0.17623997354595505
118,M_Total_neurite_length_(sections),0.09107301164229781,0.7794664396420399
118,M_Number_of_bifurcation_points,0.12908212195881963,0.8573016767873454
118,M_Maximum_branch_order,0.0946525996519651,0.8008752121747075
118,M_trunk_angle_min,0.043565664058958176,0.5563970756168477
118,M_trunk_angle_max,0.10420386736250055,0.9803294961173779
119,M_soma_circularity_index,0.13891761762437416,0.72680738940523
119,M_soma_aspect_ratio,0.17619353790091477,0.93729892314048
119,M_cell_max_radial_dist,0.04214852018074499,0.3863777216331912
119,M_total_number_of_neurites,0.14673482668580962,0.6901530561435908
119,M_basal_dendrite_avg_tortuosity,0.04067285720253648,0.09731220300472658
119,M_Total_neurite_length_(sections),0.10646398936471681,0.595937890926531
119,M_Number_of_bifurcation_points,0.10340798312742287,0.798955206085175
119,M_Maximum_branch_order,0.1104644549021345,0.8323836166496164
119,M_trunk_angle_min,0.052546227576301466,0.5762800000063305
119,M_trunk_angle_max,0.08244998543504443,0.9050749413964974
120,M_soma_circularity_index,0.16087911288266424,0.8811841721755915
120,M_soma_aspect_ratio,0.1475354054874899,0.8332938554407276
120,M_cell_max_radial_dist,0.03996416927360922,0.3587397143866956
120,M_total_number_of_neurites,0.1594971041763919,0.7013583957894562
120,M_basal_dendrite_avg_tortuosity,0.03708264830652696,0.12193895093397752
120,M_Total_neurite_length_(sections),0.08951931357523835,0.6496697001621333
120,M_Number_of_bifurcation_points,0.12616476647620165,0.871170583844006
120,M_Maximum_branch_order,0.0997335379936364,0.7303285694281791
120,M_trunk_angle_min,0.061453304491340545,0.48610331934414613
120,M_trunk_angle_max,0.07817063733690094,0.8139264217016172
121,M_soma_circularity_index,0.15445062557164058,0.8647391508818654
121,M_soma_aspect_ratio,0.16433726766824516,0.7935933329516394
121,M_cell_max_radial_dist,0.050191583129011716,0.4143477964274974
121,M_total_number_of_neurites,0.14028209539687417,0.714168700545585
121,M_basal_dendrite_avg_tortuosity,0.03722683679954438,0.0905858994029714
121,M_Total_neurite_length_(sections),0.10626951253948724,0.801329670827859
121,M_Number_of_bifurcation_points,0.12458131620257926,0.8937485900266359
121,M_Maximum_branch_order,0.09845271927732188,0.8436238848042156
121,M_trunk_angle_min,0.057991178520849486,0.5543622883857606
121,M_trunk_angle_max,0.0662168648944463,0.7843858184733481
122,M_soma_circularity_index,0.15771239415874444,0.8170170689778293
122,M_soma_aspect_ratio,0.15927551130690693,0.8711379996668329
122,M_cell_max_radial_dist,0.05090770223218378,0.4208871786564124
122,M_total_number_of_neurites,0.15303006290916016,0.6479090668451203
122,M_basal_dendrite_avg_tortuosity,0.042635541460139044,0.17876566868564683
122,M_Total_neurite_length_(sections),0.10145401355034672,0.8071287041920553
122,M_Number_of_bifurcation_points,0.10384239277598262,0.7908077937870769
122,M_Maximum_branch_order,0.10497464107880447,0.7736195878051357
122,M_trunk_angle_min,0.054756609932988184,0.5388042664274184
122,M_trunk_angle_max,0.07141113059474366,0.8376522887468866
123,M_soma_circularity_index,0.15748086501261427,0.8524767900056209
123,M_soma_aspect_ratio,0.1478531326278267,0.8968075319039663
123,M_cell_max_radial_dist,0.05179010806179601,0.4139145029536003
123,M_total_number_of_neurites,0.16306632529484016,0.7014057881091919
123,M_basal_dendrite_avg_tortuosity,0.04123124035158796,0.1486966317709831
123,M_Total_neurite_length_(sections),0.09585898283051915,0.6935506453212206
123,M_Number_of_bifurcation_points,0.10322645063909652,0.7841995535227565
123,M_Maximum_branch_order,0.10011320649218391,0.7536536721808527
123,M_trunk_angle_min,0.06671370120867924,0.5263625232011416
123,M_trunk_angle_max,0.07266598748085605,0.7163158975865646
124,M_soma_circularity_index,0.1415783319881182,0.6908474119136608
124,M_soma_aspect_ratio,0.17415912325259952,0.9197135238473729
124,M_cell_max_radial_dist,0.042423931946850534,0.4071657178083241
124,M_total_number_of_neurites,0.14877949030391296,0.5753091352364645
124,M_basal_dendrite_avg_tortuosity,0.04457329682799702,0.1408029994207128
124,M_Total_neurite_length_(sections),0.0888409267653078,0.6158310994382005
124,M_Number_of_bifurcation_points,0.11683001777662762,0.8237923768875789
124,M_Maximum_branch_order,0.10898708786922126,0.913099139480776
124,M_trunk_angle_min,0.056992392119074406,0.5362045981007515
124,M_trunk_angle_max,0.07683540115029082,0.888282247290703
125,M_soma_circularity_index,0.14658164417354066,0.7521467552002441
125,M_soma_aspect_ratio,0.15961945386577867,0.8753653895427901
125,M_cell_max_radial_dist,0.05594369877077626,0.4030759541360752
125,M_total_number_of_neurites,0.1380248653738417,0.665134534110392
125,M_basal_dendrite_avg_tortuosity,0.04937914134058036,0.13734426562614221
125,M_Total_neurite_length_(sections),0.11440217451299452,0.8605052526279309
125,M_Number_of_bifurcation_points,0.11040111427144556,0.8139079082383261
125,M_Maximum_branch_order,0.09934174780524284,0.8611219996276294
125,M_trunk_angle_min,0.056020235167351495,0.539784303051831
125,M_trunk_angle_max,0.07028592471844791,0.7110915964624086
126,M_soma_circularity_index,0.15337111979180304,0.8730013318827634
126,M_soma_aspect_ratio,0.15394216414771575,0.8092258504100619
126,M_cell_max_radial_dist,0.04762889030100083,0.40935215627789323
126,M_total_number_of_neurites,0.13419247368095671,0.6889582289992475
126,M_basal_dendrite_avg_tortuosity,0.051904217961125945,0.10213328547658682
126,M_Total_neurite_length_(sections),0.11048116192660042,0.768076082442413
126,M_Number_of_bifurcation_points,0.10716991805726792,0.8654538703692236
126,M_Maximum_branch_order,0.10638504497828728,0.8897220122869357
126,M_trunk_angle_min,0.06050570339430264,0.6152364068750207
126,M_trunk_angle_max,0.07441930576093941,0.7976773935144714
127,M_soma_circularity_index,0.16090448782408937,0.8665732916383364
127,M_soma_aspect_ratio,0.1608401378218153,0.9659222459522729
127,M_cell_max_radial_dist,0.04836322153168115,0.43594296281767053
127,M_total_number_of_neurites,0.14556324610771162,0.6303422371860634
127,M_basal_dendrite_avg_tortuosity,0.03918006725045933,0.12061958114397495
127,M_Total_neurite_length_(sections),0.09176741097064905,0.6987000719398724
127,M_Number_of_bifurcation_points,0.11772977442755965,0.8674861346780063
127,M_Maximum_branch_order,0.08745947031600472,0.5897108736438832
127,M_trunk_angle_min,0.07096879347092264,0.6992284718699056
127,M_trunk_angle_max,0.07722339027910714,0.5976725571661898
128,M_soma_circularity_index,0.14445803141175165,0.747756395364067
128,M_soma_aspect_ratio,0.1620517582225194,0.8284274837828842
128,M_cell_max_radial_dist,0.049481620841242316,0.34719334713697936
128,M_total_number_of_neurites,0.1437859939494393,0.6010945259611544
128,M_basal_dendrite_avg_tortuosity,0.04069475219979119,0.1129638778385718
128,M_Total_neurite_length_(sections),0.10289962746231882,0.8337826960343252
128,M_Number_of_bifurcation_points,0.11091264546722991,0.8008907974139127
128,M_Maximum_branch_order,0.09936003737364167,0.7359666746108233
128,M_trunk_angle_min,0.05926089321444371,0.5860999430922073
128,M_trunk_angle_max,0.08709463985762216,0.916238269385581
129,M_soma_circularity_index,0.15231902231252362,0.7645709023949456
129,M_soma_aspect_ratio,0.14939527407199804,0.8410980705902026
129,M_cell_max_radial_dist,0.04854404274472112,0.4920908826962986
129,M_total_number_of_neurites,0.13657815143401975,0.604726525796803
129,M_basal_dendrite_avg_tortuosity,0.04794188732302876,0.20132493261850598
129,M_Total_neurite_length_(sections),0.09189247058436921,0.7234347766583208
129,M_Number_of_bifurcation_points,0.1169156024993097,0.8366891616530977
129,M_Maximum_branch_order,0.10400996077905597,0.7178887613706639
129,M_trunk_angle_min,0.0679614363176033,0.8299935205160408
129,M_trunk_angle_max,0.08444215193337051,0.8619659700562121
130,M_soma_circularity_index,0.16207152893425014,0.9486814569199742
130,M_soma_aspect_ratio,0.14262661101916807,0.8441721626931173
130,M_cell_max_radial_dist,0.0453420252908503,0.4143882668412263
130,M_total_number_of_neurites,0.13604678338392936,0.5862496538949213
130,M_basal_dendrite_avg_tortuosity,0.04363845649825657,0.16951513737994242
130,M_Total_neurite_length_(sections),0.10271843562780601,0.6865061091667345
130,M_Number_of_bifurcation_points,0.10587949823850791,0.8104409617593112
130,M_Maximum_branch_order,0.12203855532284189,0.7519770809998559
130,M_trunk_angle_min,0.05906079712700285,0.5994307324498893
130,M_trunk_angle_max,0.08057730855738691,0.6709995949934038
131,M_soma_circularity_index,0.16179050005684886,0.841736475882843
131,M_soma_aspect_ratio,0.1409800169995364,0.7301210307685078
131,M_cell_max_radial_dist,0.04591451200201525,0.4131774856362168
131,M_total_number_of_neurites,0.1551746423864711,0.6784761140690575
131,M_basal_dendrite_avg_tortuosity,0.04389077017900392,0.15508812503306293
131,M_Total_neurite_length_(sections),0.09311907767695811,0.649620826482433
131,M_Number_of_bifurcation_points,0.11158126344924563,0.8001356299692799
131,M_Maximum_branch_order,0.12094652567711153,0.821832145949222
131,M_trunk_angle_min,0.051779027663777455,0.49910800683438616
131,M_trunk_angle_max,0.07482366390903179,0.806762314705495
132,M_soma_circularity_index,0.14616259688022823,0.663742278120899
132,M_soma_aspect_ratio,0.14472197893741778,0.8996362571946339
132,M_cell_max_radial_dist,0.04903099250411894,0.335262325106234
132,M_total_number_of_neurites,0.1542701477763509,0.6651747567793742
132,M_basal_dendrite_avg_tortuosity,0.04077150990804098,0.16164162906476498
132,M_Total_neurite_length_(sections),0.10790158816472789,0.7677918048150106
132,M_Number_of_bifurcation_points,0.12147889128592076,0.846025139867104
132,M_Maximum_branch_order,0.08960812636209199,0.7240267441418027
132,M_trunk_angle_min,0.049966970689389316,0.37774033614958696
132,M_trunk_angle_max,0.09608719749171332,0.8044891751243675
133,M_soma_circularity_index,0.13783509550298775,0.8372802430581985
133,M_soma_aspect_ratio,0.16613415193960887,0.984395467228153
133,M_cell_max_radial_dist,0.04699824780877566,0.3561390501646299
133,M_total_number_of_neurites,0.17322148830817638,0.7362783631312891
133,M_basal_dendrite_avg_tortuosity,0.040394911439266254,0.12327259733352151
133,M_Total_neurite_length_(sections),0.08582913177850698,0.7762689879774585
133,M_Number_of_bifurcation_points,0.10128913372937631,0.7765087581247327
133,M_Maximum_branch_order,0.1178430207795544,0.7453448692347651
133,M_trunk_angle_min,0.05818695465202608,0.5096500134531357
133,M_trunk_angle_max,0.07226786406172131,0.68347340584095
134,M_soma_circularity_index,0.15169931101840003,0.7685738428629943
134,M_soma_aspect_ratio,0.15377412033088034,0.8610273687837997
134,M_cell_max_radial_dist,0.05227139470873585,0.4825369494103746
134,M_total_number_of_neurites,0.15063881472847226,0.6068416164429473
134,M_basal_dendrite_avg_tortuosity,0.045813807530513714,0.08422653479143824
134,M_Total_neurite_length_(sections),0.10147394754126483,0.7298231880928306
134,M_Number_of_bifurcation_points,0.1226541078209565,0.8532301531724764
134,M_Maximum_branch_order,0.09586759835073232,0.8391469512501147
134,M_trunk_angle_min,0.06170721998031241,0.6273420909447803
134,M_trunk_angle_max,0.06409967798973186,0.8335698720784589
135,M_soma_circularity_index,0.16664232060321413,0.9510253367664134
135,M_soma_aspect_ratio,0.14468273037667173,0.6524480574229314
135,M_cell_max_radial_dist,0.04188575637709774,0.41860595438704484
135,M_total_number_of_neurites,0.17856260565806442,0.7602185765367744
135,M_basal_dendrite_avg_tortuosity,0.04499579038999778,0.11698725682180727
135,M_Total_neurite_length_(sections),0.09919525334255203,0.7626632775191918
135,M_Number_of_bifurcation_points,0.11676874412378628,0.8349062844604169
135,M_Maximum_branch_order,0.09199076034996746,0.7390860724411034
135,M_trunk_angle_min,0.04725510600955335,0.49004567612415895
135,M_trunk_angle_max,0.0680209327690951,0.7372872415503878
136,M_soma_circularity_index,0.14758575292446185,0.7718708783684891
136,M_soma_aspect_ratio,0.14225657113516813,0.9296469682122791
136,M_cell_max_radial_dist,0.046517855144283,0.3955521905343964
136,M_total_number_of_neurites,0.15425573301357884,0.614058958443846
136,M_basal_dendrite_avg_tortuosity,0.04959131858532608,0.2602470277864756
136,M_Total_neurite_length_(sections),0.10071334990804008,0.6351106602672619
136,M_Number_of_bifurcation_points,0.11303995538095572,0.8335679202671497
136,M_Maximum_branch_order,0.10934313332570961,0.7686770550172751
136,M_trunk_angle_min,0.04818488012932641,0.4509767878747202
136,M_trunk_angle_max,0.08851145045315027,0.6513313772516033
137,M_soma_circularity_index,0.15854545290693137,0.8266354316752675
137,M_soma_aspect_ratio,0.13303098870526378,0.7456975268937663
137,M_cell_max_radial_dist,0.051503171355844014,0.5051556231758947
137,M_total_number_of_neurites,0.15794661379753436,0.6033624877609021
137,M_basal_dendrite_avg_tortuosity,0.041622870321306245,0.19819816446496
137,M_Total_neurite_length_(sections),0.09672828225493242,0.6654566456499349
137,M_Number_of_bifurcation_points,0.12098083754147423,0.8964085958150796
137,M_Maximum_branch_order,0.1021830600560651,0.7359819736280859
137,M_trunk_angle_min,0.06481121836248808,0.6745966104671696
137,M_trunk_angle_max,0.07264750469816046,0.7906127608325872
138,M_soma_circularity_index,0.15140177793147533,0.8060979110371528
138,M_soma_aspect_ratio,0.16246797284851447,0.9501479702537214
138,M_cell_max_radial_dist,0.044994503113548814,0.36751547878057395
138,M_total_number_of_neurites,0.16007669498931673,0.7310365724415243
138,M_basal_dendrite_avg_tortuosity,0.03878777534121513,0.07676640576857541
138,M_Total_neurite_length_(sections),0.08924742180008195,0.8306730823292523
138,M_Number_of_bifurcation_points,0.13623560845480234,0.9225204073405188
138,M_Maximum_branch_order,0.09454104899115776,0.6960449184842052
138,M_trunk_angle_min,0.058405115798260146,0.524196232030775
138,M_trunk_angle_max,0.06384208073162725,0.5430269721252989
139,M_soma_circularity_index,0.14972443097765942,0.8343122999563889
139,M_soma_aspect_ratio,0.14818037279178012,0.8376886861746127
139,M_cell_max_radial_dist,0.04541393740874402,0.4425649918917289
139,M_total_number_of_neurites,0.15513159937741963,0.6515948855784728
139,M_basal_dendrite_avg_tortuosity,0.03949249507524497,0.18274088031513439
139,M_Total_neurite_length_(sections),0.11145728245008334,0.8122631017181418
139,M_Number_of_bifurcation_points,0.11474806415845341,0.7756634095887549
139,M_Maximum_branch_order,0.09485539053646877,0.6062167595759188
139,M_trunk_angle_min,0.05716801814564107,0.7168988269275262
139,M_trunk_angle_max,0.08382840907850532,0.8441228482579245
140,M_soma_circularity_index,0.15227460192079478,0.7809234363849458
140,M_soma_aspect_ratio,0.1467965284378956,0.9206052248398046
140,M_cell_max_radial_dist,0.04948481896092443,0.40209379747129653
140,M_total_number_of_neurites,0.15053842829591796,0.6698082159640733
140,M_basal_dendrite_avg_tortuosity,0.04251018846221383,0.12334371135128293
140,M_Total_neurite_length_(sections),0.10434180652721835,0.7833789824865841
140,M_Number_of_bifurcation_points,0.11127639686407534,0.8420801470109252
140,M_Maximum_branch_order,0.09926361999232977,0.6413888668658518
140,M_trunk_angle_min,0.05572247372795821,0.716286327445439
140,M_trunk_angle_max,0.08779113681067166,0.7774303580311936
141,M_soma_circularity_index,0.13769809811400935,0.7277487120799482
141,M_soma_aspect_ratio,0.16912573570278072,1.0106607749499914
141,M_cell_max_radial_dist,0.04814760053450522,0.3674165289617115
141,M_total_number_of_neurites,0.15328823831403215,0.6387190733633623
141,M_basal_dendrite_avg_tortuosity,0.04082338688898652,0.16228190886108101
141,M_Total_neurite_length_(sections),0.08756188273209889,0.8052846857841046
141,M_Number_of_bifurcation_points,0.11885867841763198,0.874649232717035
141,M_Maximum_branch_order,0.09700020993888912,0.7161719891794863
141,M_trunk_angle_min,0.04763044566712626,0.42382629012973705
141,M_trunk_angle_max,0.09986572368993969,0.723404994832232
142,M_soma_circularity_index,0.1511176227593652,0.7640147287663166
142,M_soma_aspect_ratio,0.14789811821958196,0.8678832247413188
142,M_cell_max_radial_dist,0.05428905446121957,0.4580120499974416
142,M_total_number_of_neurites,0.12350523834809415,0.5536050066213292
142,M_basal_dendrite_avg_tortuosity,0.045327464474447215,0.10729217194133474
142,M_Total_neurite_length_(sections),0.10195510981772216,0.6898919874968136
142,M_Number_of_bifurcation_points,0.13872588403164746,0.9437087963152416
142,M_Maximum_branch_order,0.09918647298466629,0.685825573100462
142,M_trunk_angle_min,0.058961838830557285,0.6654745578232532
142,M_trunk_angle_max,0.07903319607269879,0.8950571185312735
143,M_soma_circularity_index,0.14422050105973008,0.7956694721745008
143,M_soma_aspect_ratio,0.15820767364696672,0.8232647110893738
143,M_cell_max_radial_dist,0.04513900871806258,0.38185408764366635
143,M_total_number_of_neurites,0.14683329057484945,0.6901947810898987
143,M_basal_dendrite_avg_tortuosity,0.04095210638274029,0.2018293356751853
143,M_Total_neurite_length_(sections),0.09583626522568323,0.754509320602498
143,M_Number_of_bifurcation_points,0.12330184642623637,0.8509512846796777
143,M_Maximum_branch_order,0.09899488812862103,0.781486536416047
143,M_trunk_angle_min,0.05169998349845252,0.5740296245653576
143,M_trunk_angle_max,0.09481443633865769,0.8883184587701327
144,M_soma_circularity_index,0.1539964636570883,0.8491786826676451
144,M_soma_aspect_ratio,0.1598581318008217,1.046871224201598
144,M_cell_max_radial_dist,0.045914204303194296,0.3919806663217474
144,M_total_number_of_neurites,0.14412457591758546,0.6258283573457462
144,M_basal_dendrite_avg_tortuosity,0.04132043433008199,0.09180728302246717
144,M_Total_neurite_length_(sections),0.11075255036396163,0.7931422973583292
144,M_Number_of_bifurcation_points,0.11187926585961029,0.8546292786723491
144,M_Maximum_branch_order,0.09293211377768255,0.6559387367613962
144,M_trunk_angle_min,0.06072771232243796,0.638948635877082
144,M_trunk_angle_max,0.07849454766753595,0.6439127877811337
145,M_soma_circularity_index,0.14529260779703548,0.7883820981996923
145,M_soma_aspect_ratio,0.17119467655990853,0.8399452720731877
145,M_cell_max_radial_dist,0.05196213327287446,0.5447925410576896
145,M_total_number_of_neurites,0.14541599086490417,0.5750307699807059
145,M_basal_dendrite_avg_tortuosity,0.04044103211211958,0.02121023371971645
145,M_Total_neurite_length_(sections),0.10992479953819777,0.7436661799726421
145,M_Number_of_bifurcation_points,0.11383352404240193,0.8610988219705437
145,M_Maximum_branch_order,0.09208831813254693,0.7672144360055343
145,M_trunk_angle_min,0.04982965527570776,0.4148586974693633
145,M_trunk_angle_max,0.08001726240430347,0.7918669321104703
146,M_soma_circularity_index,0.15884455096745426,0.8210894567588722
146,M_soma_aspect_ratio,0.16151841985857246,0.8871903615524486
146,M_cell_max_radial_dist,0.048681555532607355,0.3998921616812634
146,M_total_number_of_neurites,0.14206290342028546,0.6424213027478907
146,M_basal_dendrite_avg_tortuosity,0.03786773144576965,0.13836198260485885
146,M_Total_neurite_length_(sections),0.11694603451589541,0.8421729983512428
146,M_Number_of_bifurcation_points,0.10644917912767778,0.8240299353127025
146,M_Maximum_branch_order,0.09692110859554592,0.7744917735243529
146,M_trunk_angle_min,0.05896829010224061,0.5859209720860763
146,M_trunk_angle_max,0.07174022643395116,0.8785888294885434
147,M_soma_circularity_index,0.13475658669985224,0.7955551204662296
147,M_soma_aspect_ratio,0.1719782994032389,0.9745107645801272
147,M_cell_max_radial_dist,0.048573138003926576,0.365742872729332
147,M_total_number_of_neurites,0.14984492019888077,0.6657108344763268
147,M_basal_dendrite_avg_tortuosity,0.04934107071638056,0.2179396356872565
147,M_Total_neurite_length_(sections),0.11159912402115729,0.8386526674749113
147,M_Number_of_bifurcation_points,0.11169869217175493,0.7199792569270251
147,M_Maximum_branch_order,0.09078619569239967,0.645159963682382
147,M_trunk_angle_min,0.05090646294297525,0.5006209954853391
147,M_trunk_angle_max,0.08051551014943373,0.6538636139318841
148,M_soma_circularity_index,0.1394243866644969,0.7315497279650223
148,M_soma_aspect_ratio,0.15825751248099615,0.8771889138306688
148,M_cell_max_radial_dist,0.049719788756628074,0.4765814445297774
148,M_total_number_of_neurites,0.15972502442592612,0.6785187609644949
148,M_basal_dendrite_avg_tortuosity,0.042277281198707176,0.1466682309534617
148,M_Total_neurite_length_(sections),0.10396809392365822,0.7565995495243987
148,M_Number_of_bifurcation_points,0.11460272072656001,0.8102863783915961
148,M_Maximum_branch_order,0.09473096898657218,0.647494342832836
148,M_trunk_angle_min,0.057823725698828786,0.6366245259545334
148,M_trunk_angle_max,0.0794704971376264,0.9454507179646134
149,M_soma_circularity_index,0.12750987240440032,0.5757458548418618
149,M_soma_aspect_ratio,0.1674349074870346,0.9311968329432786
149,M_cell_max_radial_dist,0.04797185128472031,0.45887061699503906
149,M_total_number_of_neurites,0.15820165412055312,0.6926957071101495
149,M_basal_dendrite_avg_tortuosity,0.04334102686509524,0.12398324369888453
149,M_Total_neurite_length_(sections),0.09376216530984839,0.7432463485527926
149,M_Number_of_bifurcation_points,0.11515319390288804,0.8415678517384917
149,M_Maximum_branch_order,0.09841710851319363,0.756218543472443
149,M_trunk_angle_min,0.0552050820311874,0.5821160166238166
149,M_trunk_angle_max,0.09300313808107895,0.855832508274053
150,M_soma_circularity_index,0.13881247320698972,0.7350511856092289
150,M_soma_aspect_ratio,0.16361163258513226,0.9123236811670772
150,M_cell_max_radial_dist,0.05210754911250156,0.41721908757358955
150,M_total_number_of_neurites,0.1519613606319782,0.6347555945424879
150,M_basal_dendrite_avg_tortuosity,0.04199605699658423,0.11739110042511643
150,M_Total_neurite_length_(sections),0.09883736035847863,0.7830955361733186
150,M_Number_of_bifurcation_points,0.11789131202400699,0.8238309583244423
150,M_Maximum_branch_order,0.10227133255608901,0.7215732175080933
150,M_trunk_angle_min,0.05255331615684418,0.5949026858797848
150,M_trunk_angle_max,0.07995760637139511,0.8595518829065345
151,M_soma_circularity_index,0.14817407559613988,0.8251388961081924
151,M_soma_aspect_ratio,0.16219274763786606,0.9173377952738627
151,M_cell_max_radial_dist,0.05086512083575822,0.41834863109480525
151,M_total_number_of_neurites,0.1483141229541696,0.650618980062333
151,M_basal_dendrite_avg_tortuosity,0.03802378565617525,0.13563035043346766
151,M_Total_neurite_length_(sections),0.1143723794627483,0.6474454247913898
151,M_Number_of_bifurcation_points,0.1024784060727781,0.7854421760241164
151,M_Maximum_branch_order,0.09699566798664375,0.7233962670674201
151,M_trunk_angle_min,0.05158156286523075,0.631646576223587
151,M_trunk_angle_max,0.08700213093249007,0.9597819497612592
152,M_soma_circularity_index,0.1469571396509372,0.652527275960838
152,M_soma_aspect_ratio,0.15781175549538973,0.9506602749781021
152,M_cell_max_radial_dist,0.05040854895395056,0.4229802064770554
152,M_total_number_of_neurites,0.1480855139051869,0.6156354768052343
152,M_basal_dendrite_avg_tortuosity,0.04044504124231616,0.08396206514440994
152,M_Total_neurite_length_(sections),0.1084511607055925,0.669522685553669
152,M_Number_of_bifurcation_points,0.11004418190635108,0.769256980742549
152,M_Maximum_branch_order,0.1168921485497922,0.8581255377768942
152,M_trunk_angle_min,0.04859638200226126,0.5389648474423604
152,M_trunk_angle_max,0.07230812758822251,0.807527971329316
153,M_soma_circularity_index,0.13868448184389198,0.7689449248814583
153,M_soma_aspect_ratio,0.16657632438534872,0.9107179798359589
153,M_cell_max_radial_dist,0.04792247734260417,0.4114692943411232
153,M_total_number_of_neurites,0.1545149882377417,0.7506775338588652
153,M_basal_dendrite_avg_tortuosity,0.0400989836830585,0.13910942969433357
153,M_Total_neurite_length_(sections),0.10179937335238218,0.815359351409228
153,M_Number_of_bifurcation_points,0.11773508821190663,0.8472402889102217
153,M_Maximum_branch_order,0.09664521000206784,0.7747364326801933
153,M_trunk_angle_min,0.06135191546755525,0.6024021875671797
153,M_trunk_angle_max,0.07467115747344305,0.8351785594430812
154,M_soma_circularity_index,0.12917518865026753,0.6794106471654634
154,M_soma_aspect_ratio,0.16307764325296586,0.9791348590222109
154,M_cell_max_radial_dist,0.04698081152213867,0.4112613104348455
154,M_total_number_of_neurites,0.17951238031938765,0.6528775637214166
154,M_basal_dendrite_avg_tortuosity,0.043909467635656105,0.17122295881165966
154,M_Total_neurite_length_(sections),0.09712887014783336,0.7396222951801937
154,M_Number_of_bifurcation_points,0.09847333752620353,0.7198727038512909
154,M_Maximum_branch_order,0.10522659719879762,0.7542045796249026
154,M_trunk_angle_min,0.060416498302469264,0.7102491286121395
154,M_trunk_angle_max,0.07609920544428028,0.821591594463368
155,M_soma_circularity_index,0.14620817948434772,0.7257173666087553
155,M_soma_aspect_ratio,0.16682910012700491,0.9347776978138282
155,M_cell_max_radial_dist,0.04957152251979619,0.43395857721406517
155,M_total_number_of_neurites,0.1414756359692454,0.663556354501664
155,M_basal_dendrite_avg_tortuosity,0.038667431836542525,0.19105318799438736
155,M_Total_neurite_length_(sections),0.11377600040451426,0.8162647820211599
155,M_Number_of_bifurcation_points,0.11589390055946001,0.8396530989655213
155,M_Maximum_branch_order,0.10123539691911673,0.7891807674360488
155,M_trunk_angle_min,0.05545312510234619,0.5584943068505398
155,M_trunk_angle_max,0.0708897070776261,0.8342045862388197
156,M_soma_circularity_index,0.14243171511750077,0.780971544313058
156,M_soma_aspect_ratio,0.15285481354615676,0.8588828163467246
156,M_cell_max_radial_dist,0.044953810911563655,0.2769204339926108
156,M_total_number_of_neurites,0.15986799355153694,0.7414483708708469
156,M_basal_dendrite_avg_tortuosity,0.042765335631627585,0.06871704715038222
156,M_Total_neurite_length_(sections),0.10016366400240334,0.850567882256035
156,M_Number_of_bifurcation_points,0.1238438529483987,0.8656627219824179
156,M_Maximum_branch_order,0.09608839820316822,0.7573286546480086
156,M_trunk_angle_min,0.05853059652216716,0.49914212818399495
156,M_trunk_angle_max,0.07849981956547677,0.7851552301997053
157,M_soma_circularity_index,0.15039227230745156,0.7765395462500864
157,M_soma_aspect_ratio,0.15026123014231654,0.8302297152240872
157,M_cell_max_radial_dist,0.04842383350974496,0.37843165193504613
157,M_total_number_of_neurites,0.13726198746232282,0.5763033367170722
157,M_basal_dendrite_avg_tortuosity,0.041500283309613584,0.1362724189548329
157,M_Total_neurite_length_(sections),0.10862819701902433,0.8072120841497183
157,M_Number_of_bifurcation_points,0.11570755945250225,0.8081694295529903
157,M_Maximum_branch_order,0.10855959192047082,0.9231093648207644
157,M_trunk_angle_min,0.06757670678916974,0.6625626580354131
157,M_trunk_angle_max,0.07168833808738338,0.8120487155224172
158,M_soma_circularity_index,0.14886414963759143,0.6125991413239701
158,M_soma_aspect_ratio,0.16704940267676108,0.9044981806449572
158,M_cell_max_radial_dist,0.046631620996607503,0.3368220220396668
158,M_total_number_of_neurites,0.13708822593116585,0.5497899974095819
158,M_basal_dendrite_avg_tortuosity,0.0384889828990718,0.21768213475061637
158,M_Total_neurite_length_(sections),0.10559789314147458,0.8796599704038802
158,M_Number_of_bifurcation_points,0.12908168413131152,0.8332022891466621
158,M_Maximum_branch_order,0.09304631229908097,0.749355991294689
158,M_trunk_angle_min,0.05009588255689898,0.5965160538185605
158,M_trunk_angle_max,0.08405584573003626,0.9541098065054896
159,M_soma_circularity_index,0.14518705296177514,0.8371507461899623
159,M_soma_aspect_ratio,0.15529101832377476,0.81941005037125
159,M_cell_max_radial_dist,0.04266121818679945,0.43140534555035814
159,M_total_number_of_neurites,0.14484903948774788,0.5809507167615483
159,M_basal_dendrite_avg_tortuosity,0.042018103891525584,0.17365068508891335
159,M_Total_neurite_length_(sections),0.10356126263604848,0.7294215225596753
159,M_Number_of_bifurcation_points,0.1171848313165282,0.8252006597729211
159,M_Maximum_branch_order,0.10747221277589375,0.9253846715846242
159,M_trunk_angle_min,0.05068479399894768,0.5828314041237428
159,M_trunk_angle_max,0.09109046642095914,0.8958926106496229
160,M_soma_circularity_index,0.1515312105408052,0.8412330007436805
160,M_soma_aspect_ratio,0.16272199570366674,0.7857976365801316
160,M_cell_max_radial_dist,0.043466103449824954,0.39912048042510784
160,M_total_number_of_neurites,0.14641116651175487,0.7372410209306196
160,M_basal_dendrite_avg_tortuosity,0.03653252113001576,0.0832581062646029
160,M_Total_neurite_length_(sections),0.0794808228542843,0.6200730995518876
160,M_Number_of_bifurcation_points,0.12944723085585802,0.8283415941519751
160,M_Maximum_branch_order,0.10150135937042143,0.9313090138531253
160,M_trunk_angle_min,0.04303120766867416,0.41040690761310034
160,M_trunk_angle_max,0.1058763819146946,0.8669592436767996
161,M_soma_circularity_index,0.13172334141615508,0.6195416147694321
161,M_soma_aspect_ratio,0.18558176256473663,0.9372717739577127
161,M_cell_max_radial_dist,0.04542035578136077,0.49483762437458056
161,M_total_number_of_neurites,0.13761788769396352,0.6419287094817511
161,M_basal_dendrite_avg_tortuosity,0.040119638387819435,0.1637743741818449
161,M_Total_neurite_length_(sections),0.08635333375408871,0.6790507440070036
161,M_Number_of_bifurcation_points,0.13945151262924665,0.8599987718006258
161,M_Maximum_branch_order,0.09933717858391494,0.7922787620746246
161,M_trunk_angle_min,0.05518264281667361,0.571962587300394
161,M_trunk_angle_max,0.0792123463720406,0.8272016320354127
162,M_soma_circularity_index,0.14087508285821523,0.6457377240185507
162,M_soma_aspect_ratio,0.17733069156899062,0.9501150926104692
162,M_cell_max_radial_dist,0.04631564600403008,0.38441172436641396
162,M_total_number_of_neurites,0.12255509487288242,0.6071220391149734
162,M_basal_dendrite_avg_tortuosity,0.041088096648656404,0.15138855308478513
162,M_Total_neurite_length_(sections),0.11427368960104248,0.8529700877088447
162,M_Number_of_bifurcation_points,0.11808135557768992,0.8733391862783134
162,M_Maximum_branch_order,0.093028044969949,0.7526915321604646
162,M_trunk_angle_min,0.06176003731662511,0.5244758970662646
162,M_trunk_angle_max,0.0846922605819188,0.9027315437440832
163,M_soma_circularity_index,0.13331446969607855,0.7178918671879944
163,M_soma_aspect_ratio,0.16782290838791036,0.9394129201646237
163,M_cell_max_radial_dist,0.05095343946441355,0.41625465799973127
163,M_total_number_of_neurites,0.15371037876038104,0.6214808772038609
163,M_basal_dendrite_avg_tortuosity,0.04068265458885168,0.15007719309790396
163,M_Total_neurite_length_(sections),0.11169032606858573,0.8822639680342337
163,M_Number_of_bifurcation_points,0.11415360992523473,0.7830294423608973
163,M_Maximum_branch_order,0.09481911146243767,0.7279899568079188
163,M_trunk_angle_min,0.06413058250587261,0.6173050034417131
163,M_trunk_angle_max,0.06872251914023424,0.8135106342439424
164,M_soma_circularity_index,0.12654824198851308,0.5858476864338538
164,M_soma_aspect_ratio,0.18847796165306563,1.0056429483935934
164,M_cell_max_radial_dist,0.04461885389927939,0.4151226785468928
164,M_total_number_of_neurites,0.1524166855951837,0.6161085821965289
164,M_basal_dendrite_avg_tortuosity,0.04456837097637946,0.17426530111199887
164,M_Total_neurite_length_(sections),0.07917707565299337,0.6922818988079984
164,M_Number_of_bifurcation_points,0.11320720349976968,0.8599396192568018
164,M_Maximum_branch_order,0.09968602806438254,0.8514709034131228
164,M_trunk_angle_min,0.051980207331253546,0.5386712316316856
164,M_trunk_angle_max,0.09931937133917967,0.8649396865764343
165,M_soma_circularity_index,0.15596308057600966,0.8440862278748804
165,M_soma_aspect_ratio,0.157028350418642,0.8988161357439425
165,M_cell_max_radial_dist,0.05001580389579168,0.38451991386044065
165,M_total_number_of_neurites,0.1273591997553422,0.6584439760600385
165,M_basal_dendrite_avg_tortuosity,0.04447878715176218,0.13554098769541786
165,M_Total_neurite_length_(sections),0.11260481473232484,0.7903808100891385
165,M_Number_of_bifurcation_points,0.11202177089319562,0.7534059691413779
165,M_Maximum_branch_order,0.1006696869680079,0.7918212184627279
165,M_trunk_angle_min,0.06081472640997452,0.5613190383329477
165,M_trunk_angle_max,0.07904377919894949,0.8860883747767943
166,M_soma_circularity_index,0.1486827552293976,0.8541233326978491
166,M_soma_aspect_ratio,0.17601578556050113,0.7701959041862108
166,M_cell_max_radial_dist,0.044258794192738767,0.44264841405468364
166,M_total_number_of_neurites,0.13602007983300238,0.5442010043479264
166,M_basal_dendrite_avg_tortuosity,0.035974768142654705,0.06413309763238835
166,M_Total_neurite_length_(sections),0.10921444888001225,0.744827981388745
166,M_Number_of_bifurcation_points,0.11800824539281599,0.8136320457477756
166,M_Maximum_branch_order,0.096468851130969,0.8810467763337231
166,M_trunk_angle_min,0.06117935033636863,0.6247266815254465
166,M_trunk_angle_max,0.0741769213015396,0.8701741273645095
167,M_soma_circularity_index,0.13372436332296253,0.5378155161457313
167,M_soma_aspect_ratio,0.18472469559498303,0.9655240696545264
167,M_cell_max_radial_dist,0.047556373386060904,0.41534884111083925
167,M_total_number_of_neurites,0.13416622097067316,0.6180838610492201
167,M_basal_dendrite_avg_tortuosity,0.04052768356807146,0.1764159317301315
167,M_Total_neurite_length_(sections),0.10733856327223863,0.7724733078005966
167,M_Number_of_bifurcation_points,0.1240905652969794,0.826496965769462
167,M_Maximum_branch_order,0.0890180611522823,0.7347681930433112
167,M_trunk_angle_min,0.054110180884501334,0.563593356601634
167,M_trunk_angle_max,0.08474329255124727,0.8721897546326123
168,M_soma_circularity_index,0.14688615267315996,0.8553258009396796
168,M_soma_aspect_ratio,0.16056220299061763,0.8435378518626002
168,M_cell_max_radial_dist,0.04755873697276247,0.43388317377973373
168,M_total_number_of_neurites,0.1498937526086689,0.5770763755054058
168,M_basal_dendrite_avg_tortuosity,0.05188516773115617,0.17781981067493988
168,M_Total_neurite_length_(sections),0.11935203292718984,0.8785492939611111
168,M_Number_of_bifurcation_points,0.10537444197156762,0.8207838242755562
168,M_Maximum_branch_order,0.09788319665435788,0.8650230195513678
168,M_trunk_angle_min,0.05019215579385577,0.5409261999225821
168,M_trunk_angle_max,0.07041215967666385,0.8472918658169372
169,M_soma_circularity_index,0.14589740197379863,0.8431961661238734
169,M_soma_aspect_ratio,0.16054798284188482,0.9134471955563053
169,M_cell_max_radial_dist,0.0462399779762834,0.3974924873587132
169,M_total_number_of_neurites,0.15444848806824357,0.6882521958646022
169,M_basal_dendrite_avg_tortuosity,0.04459391775885092,0.12429837980293947
169,M_Total_neurite_length_(sections),0.10639543297436328,0.8512433810179625
169,M_Number_of_bifurcation_points,0.1174590187981858,0.8320091907204452
169,M_Maximum_branch_order,0.09221279993584916,0.7520303695570425
169,M_trunk_angle_min,0.059696564709102666,0.5738105395435503
169,M_trunk_angle_max,0.0725084149634378,0.861437509883377
170,M_soma_circularity_index,0.1660802541827476,0.8758297574969123
170,M_soma_aspect_ratio,0.15649550580938715,0.979787398122765
170,M_cell_max_radial_dist,0.04233686623837506,0.4026997943191746
170,M_total_number_of_neurites,0.1570478773073319,0.6833699045612439
170,M_basal_dendrite_avg_tortuosity,0.03578076526942622,0.13331665954344468
170,M_Total_neurite_length_(sections),0.0933797953660735,0.6916673903413246
170,M_Number_of_bifurcation_points,0.11560932823888453,0.8043076451086023
170,M_Maximum_branch_order,0.0951136448815847,0.7247018827087517
170,M_trunk_angle_min,0.06343076484393918,0.6908915317480584
170,M_trunk_angle_max,0.07472519786225028,0.6551390012143785
171,M_soma_circularity_index,0.14769417299243068,0.8134222517343963
171,M_soma_aspect_ratio,0.15762429778737366,0.8719349860163366
171,M_cell_max_radial_dist,0.05263848948250942,0.39971963464703625
171,M_total_number_of_neurites,0.14899867506104456,0.6516809070042726
171,M_basal_dendrite_avg_tortuosity,0.0420934973911774,0.16993438367271385
171,M_Total_neurite_length_(sections),0.10071578703805598,0.7938425576438318
171,M_Number_of_bifurcation_points,0.11734993270615995,0.8826707628036887
171,M_Maximum_branch_order,0.10704060078587936,0.729319765537493
171,M_trunk_angle_min,0.05242886719411868,0.5320574928316988
171,M_trunk_angle_max,0.07341567956125047,0.8578749489818842
172,M_soma_circularity_index,0.13733231966210707,0.5848684535907624
172,M_soma_aspect_ratio,0.16582276590153652,0.936946236691078
172,M_cell_max_radial_dist,0.0430644370345649,0.3398575914846247
172,M_total_number_of_neurites,0.16171838448484047,0.6418045223496671
172,M_basal_dendrite_avg_tortuosity,0.045440012302614824,0.1613057119722372
172,M_Total_neurite_length_(sections),0.10224315354737151,0.7562344652411543
172,M_Number_of_bifurcation_points,0.12896336807793052,0.91714511443914
172,M_Maximum_branch_order,0.08629921375731096,0.7128458072172201
172,M_trunk_angle_min,0.058342739740975105,0.5827574101618033
172,M_trunk_angle_max,0.07077360549074801,0.7792018409285842
173,M_soma_circularity_index,0.14578135580864512,0.7069777471039471
173,M_soma_aspect_ratio,0.15595826498267013,0.9301317237697131
173,M_cell_max_radial_dist,0.05359569208142945,0.43853572156099885
173,M_total_number_of_neurites,0.15532533239704716,0.7820331115574786
173,M_basal_dendrite_avg_tortuosity,0.041399684808713505,0.08276322703823145
173,M_Total_neurite_length_(sections),0.09569996136101952,0.8066011417623157
173,M_Number_of_bifurcation_points,0.12119871420031719,0.863767829442996
173,M_Maximum_branch_order,0.10144950006492554,0.7138345420977537
173,M_trunk_angle_min,0.06149888154724149,0.5926301561532881
173,M_trunk_angle_max,0.0680926127479909,0.7621762346622849
174,M_soma_circularity_index,0.14847347633064845,0.8478638695744243
174,M_soma_aspect_ratio,0.17170035519468985,0.9286447860082507
174,M_cell_max_radial_dist,0.04220170627806565,0.37922251503622234
174,M_total_number_of_neurites,0.1453059190446044,0.7399923641424873
174,M_basal_dendrite_avg_tortuosity,0.039486493903543286,0.1473516166465539
174,M_Total_neurite_length_(sections),0.09113771427375882,0.7262392562885122
174,M_Number_of_bifurcation_points,0.1217775368757387,0.8646013532561667
174,M_Maximum_branch_order,0.10143240404520397,0.7882747835146039
174,M_trunk_angle_min,0.052869815611111044,0.5432657259270935
174,M_trunk_angle_max,0.08561457844263584,0.8875569616165547
175,M_soma_circularity_index,0.15391736407009787,0.7112885046404178
175,M_soma_aspect_ratio,0.16905898312107243,0.879236272597095
175,M_cell_max_radial_dist,0.048555708479064034,0.3890984174194296
175,M_total_number_of_neurites,0.125700424074224,0.5562863633309155
175,M_basal_dendrite_avg_tortuosity,0.034268271112324465,0.06033681472958624
175,M_Total_neurite_length_(sections),0.11347155747472128,0.7335922185639193
175,M_Number_of_bifurcation_points,0.1201747303693802,0.8441997709526636
175,M_Maximum_branch_order,0.09878682113074945,0.8661503027149131
175,M_trunk_angle_min,0.05013138434927425,0.5103614704394258
175,M_trunk_angle_max,0.08593475581909212,0.8859596238670966
176,M_soma_circularity_index,0.1557905361293534,0.7887443184355221
176,M_soma_aspect_ratio,0.15699572570968567,0.9657040730978075
176,M_cell_max_radial_dist,0.04274944461240729,0.3852602518049111
176,M_total_number_of_neurites,0.1326505484820083,0.587035827066149
176,M_basal_dendrite_avg_tortuosity,0.0431194348449587,0.1782950351587269
176,M_Total_neurite_length_(sections),0.09731990533651545,0.7332229479105526
176,M_Number_of_bifurcation_points,0.1058715841882491,0.8625939059193883
176,M_Maximum_branch_order,0.11502827148891029,0.8276026385580741
176,M_trunk_angle_min,0.05451162319238641,0.46334231422768013
176,M_trunk_angle_max,0.09596292601552532,0.6523342269698619
177,M_soma_circularity_index,0.16427838371553327,0.8149687752604976
177,M_soma_aspect_ratio,0.14922181574297244,0.8191420175642634
177,M_cell_max_radial_dist,0.046980989633469666,0.44869282499872243
177,M_total_number_of_neurites,0.14449575092439854,0.6487400070128819
177,M_basal_dendrite_avg_tortuosity,0.03686301881299021,0.1084127139168913
177,M_Total_neurite_length_(sections),0.11050486531803055,0.7822687069840436
177,M_Number_of_bifurcation_points,0.11604982048507871,0.7442401727717212
177,M_Maximum_branch_order,0.08789867098998469,0.6578898490613659
177,M_trunk_angle_min,0.06381722219867987,0.6631777931767674
177,M_trunk_angle_max,0.07988946217886198,0.8949676016137222
178,M_soma_circularity_index,0.1437654367970769,0.8116459882670708
178,M_soma_aspect_ratio,0.18607103243253495,1.0399024209464658
178,M_cell_max_radial_dist,0.043949188629542515,0.38663571927654966
178,M_total_number_of_neurites,0.14502561274009354,0.6667872226357848
178,M_basal_dendrite_avg_tortuosity,0.03927988855988153,0.09440602886222743
178,M_Total_neurite_length_(sections),0.09576663748674225,0.7865063631130279
178,M_Number_of_bifurcation_points,0.1250922199364287,0.8293368851496659
178,M_Maximum_branch_order,0.09222932410172077,0.6789368964170572
178,M_trunk_angle_min,0.053509350617771234,0.44453622135610504
178,M_trunk_angle_max,0.07531130869820762,0.6086308473614083
179,M_soma_circularity_index,0.15946841330585115,0.7920180418230229
179,M_soma_aspect_ratio,0.15238680199524468,0.8545021924754902
179,M_cell_max_radial_dist,0.05297801854184183,0.43590400600197987
179,M_total_number_of_neurites,0.1422323687623881,0.6712098853293376
179,M_basal_dendrite_avg_tortuosity,0.04336123018369009,0.11781536647908733
179,M_Total_neurite_length_(sections),0.10411585601184245,0.7506758398723532
179,M_Number_of_bifurcation_points,0.10791243562309534,0.7892127893315413
179,M_Maximum_branch_order,0.10104821845918678,0.7831260532726841
179,M_trunk_angle_min,0.0629895222799223,0.5744668017984902
179,M_trunk_angle_max,0.07350713483693729,0.8320327461079029
180,M_soma_circularity_index,0.14304387269933913,0.7512364530175168
180,M_soma_aspect_ratio,0.15796020580314532,1.0247775194423074
180,M_cell_max_radial_dist,0.04477148543650493,0.32279061906895945
180,M_total_number_of_neurites,0.16786923152956956,0.7440114051810268
180,M_basal_dendrite_avg_tortuosity,0.045581273552834735,0.05620660644957404
180,M_Total_neurite_length_(sections),0.0945876093909395,0.785147000808661
180,M_Number_of_bifurcation_points,0.11925122603786942,0.8245341284915493
180,M_Maximum_branch_order,0.10319908359454884,0.7312420566652762
180,M_trunk_angle_min,0.060747779702548986,0.5343697251850583
180,M_trunk_angle_max,0.06298823225269956,0.5950119876640922
181,M_soma_circularity_index,0.12331458948345532,0.691374270176328
181,M_soma_aspect_ratio,0.16758387828855692,1.0503514418150461
181,M_cell_max_radial_dist,0.045444858454601736,0.33964329298915635
181,M_total_number_of_neurites,0.19172915022866885,0.6911333035116176
181,M_basal_dendrite_avg_tortuosity,0.035892063358978814,0.11307882085696547
181,M_Total_neurite_length_(sections),0.08665622627170627,0.6211989386776233
181,M_Number_of_bifurcation_points,0.10605801283442241,0.701086897885938
181,M_Maximum_branch_order,0.1070006548270139,0.7079530011202557
181,M_trunk_angle_min,0.06298882427886628,0.5547028244361798
181,M_trunk_angle_max,0.07333174197372945,0.7036467935289497
182,M_soma_circularity_index,0.14532984124225115,0.7351312910836556
182,M_soma_aspect_ratio,0.1602040258013982,0.9608263285785608
182,M_cell_max_radial_dist,0.04701276949806198,0.3854268672998249
182,M_total_number_of_neurites,0.17054571550681577,0.7366141879604164
182,M_basal_dendrite_avg_tortuosity,0.040799642146087604,0.07973609494686072
182,M_Total_neurite_length_(sections),0.090947895316564,0.7889780248166431
182,M_Number_of_bifurcation_points,0.11114251904465972,0.8503648977149263
182,M_Maximum_branch_order,0.10131030527479959,0.7916035814320385
182,M_trunk_angle_min,0.058796408155613024,0.4720386374693537
182,M_trunk_angle_max,0.07391087801374903,0.5317772957250174
183,M_soma_circularity_index,0.14956433829709856,0.7960868560904544
183,M_soma_aspect_ratio,0.1592897007951423,0.8590694722198623
183,M_cell_max_radial_dist,0.04992684157891272,0.44054450756501395
183,M_total_number_of_neurites,0.1481787992202845,0.6365907467283207
183,M_basal_dendrite_avg_tortuosity,0.03793885354564561,0.15939923087072738
183,M_Total_neurite_length_(sections),0.10174084105921137,0.7676007133409798
183,M_Number_of_bifurcation_points,0.10923207681238417,0.8227006331032756
183,M_Maximum_branch_order,0.1115780249820342,0.7248968191993028
183,M_trunk_angle_min,0.054217877794800355,0.6112438976411996
183,M_trunk_angle_max,0.07833264591448624,0.8594250159915222
184,M_soma_circularity_index,0.147091235503571,0.7094542213676301
184,M_soma_aspect_ratio,0.17071362163247591,0.9306221079625461
184,M_cell_max_radial_dist,0.04566063898908497,0.42953544022432544
184,M_total_number_of_neurites,0.14389984444703802,0.6312701342536828
184,M_basal_dendrite_avg_tortuosity,0.04635309071572637,0.08572137429012175
184,M_Total_neurite_length_(sections),0.11614666122643652,0.7538372615912139
184,M_Number_of_bifurcation_points,0.11469009571729584,0.8159663305547414
184,M_Maximum_branch_order,0.09967811716700395,0.7303646618596613
184,M_trunk_angle_min,0.05574902467351367,0.5471672089522335
184,M_trunk_angle_max,0.06001766992785368,0.7963422019172036
185,M_soma_circularity_index,0.1421187624480787,0.7803898876862508
185,M_soma_aspect_ratio,0.16462781199332174,0.8166871179223205
185,M_cell_max_radial_dist,0.05047408703907056,0.41815943193297744
185,M_total_number_of_neurites,0.14454311518759685,0.6905444900031981
185,M_basal_dendrite_avg_tortuosity,0.039561967924937484,0.23083057398016193
185,M_Total_neurite_length_(sections),0.10316879863437492,0.7904392462689946
185,M_Number_of_bifurcation_points,0.11528820915117644,0.8970924040219749
185,M_Maximum_branch_order,0.10132664178305031,0.8657173495901221
185,M_trunk_angle_min,0.05617372767873619,0.5857453196351508
185,M_trunk_angle_max,0.08271687815965689,0.8450834064455954
186,M_soma_circularity_index,0.14201134248862515,0.691243480109915
186,M_soma_aspect_ratio,0.15954636993326898,0.92479643705801
186,M_cell_max_radial_dist,0.04159404922562716,0.2709881279826146
186,M_total_number_of_neurites,0.1688620880077597,0.7469843235878862
186,M_basal_dendrite_avg_tortuosity,0.03654918948676648,0.07788449441131885
186,M_Total_neurite_length_(sections),0.09915857824983715,0.7613523160969308
186,M_Number_of_bifurcation_points,0.11592259969538148,0.7856194454562646
186,M_Maximum_branch_order,0.10423959778985963,0.856343066057542
186,M_trunk_angle_min,0.05632894985023485,0.5689451035417217
186,M_trunk_angle_max,0.07578723527263947,0.7664069461377511
187,M_soma_circularity_index,0.14348037852177412,0.848882429860917
187,M_soma_aspect_ratio,0.1685839817028444,0.9609643829101135
187,M_cell_max_radial_dist,0.04569031267241416,0.45445270703604623
187,M_total_number_of_neurites,0.1514773667806671,0.6034668376685741
187,M_basal_dendrite_avg_tortuosity,0.04399564556869882,0.19256347270652507
187,M_Total_neurite_length_(sections),0.11011398978942422,0.7221772240114769
187,M_Number_of_bifurcation_points,0.11913007576128516,0.7651769063387264
187,M_Maximum_branch_order,0.09722909011157405,0.7881339283960973
187,M_trunk_angle_min,0.05421105514011537,0.5026682486147028
187,M_trunk_angle_max,0.06608810395120263,0.5996005665800608
188,M_soma_circularity_index,0.1430387436259207,0.7547068212003143
188,M_soma_aspect_ratio,0.16560682690984996,0.9965551461447495
188,M_cell_max_radial_dist,0.04221367853562996,0.32314362285558673
188,M_total_number_of_neurites,0.16232610871911252,0.7853623074508638
188,M_basal_dendrite_avg_tortuosity,0.04078501224977993,0.15748769391624606
188,M_Total_neurite_length_(sections),0.09128288221588617,0.7593120330796143
188,M_Number_of_bifurcation_points,0.11744900628836313,0.8585875828457497
188,M_Maximum_branch_order,0.11489791354582303,0.8177294174646093
188,M_trunk_angle_min,0.046455589671712934,0.488314299698417
188,M_trunk_angle_max,0.07594423823792174,0.539926215764085
189,M_soma_circularity_index,0.168361767279803,0.9757729117764351
189,M_soma_aspect_ratio,0.1490137350714663,0.8084969295575777
189,M_cell_max_radial_dist,0.04318453789843503,0.44393403358687233
189,M_total_number_of_neurites,0.1563434359326481,0.6866601319594144
189,M_basal_dendrite_avg_tortuosity,0.03866072129729376,0.11343557511919647
189,M_Total_neurite_length_(sections),0.1005621915472106,0.6511525379494345
189,M_Number_of_bifurcation_points,0.10874618627500468,0.8452213665980278
189,M_Maximum_branch_order,0.0994696950365909,0.7782406919143368
189,M_trunk_angle_min,0.059930384812919055,0.43980715129124753
189,M_trunk_angle_max,0.0757273448486286,0.6106052388556262
190,M_soma_circularity_index,0.14354269193964442,0.7416906222775375
190,M_soma_aspect_ratio,0.17390614860884693,1.0607550505498442
190,M_cell_max_radial_dist,0.04219381132147647,0.395294266969002
190,M_total_number_of_neurites,0.15157972314687002,0.647705033236335
190,M_basal_dendrite_avg_tortuosity,0.04266115107942319,0.07205828157860696
190,M_Total_neurite_length_(sections),0.08834736471387307,0.7846556805825177
190,M_Number_of_bifurcation_points,0.11606807950810738,0.8177863608064199
190,M_Maximum_branch_order,0.106934299211216,0.7564673980340907
190,M_trunk_angle_min,0.0587783965973876,0.5472059022110018
190,M_trunk_angle_max,0.07598833387315485,0.6103187433340616
191,M_soma_circularity_index,0.15245450468548963,0.8268214799159449
191,M_soma_aspect_ratio,0.15922644160435434,0.8998117674761714
191,M_cell_max_radial_dist,0.04506495699017004,0.3412069969154349
191,M_total_number_of_neurites,0.14086931223495375,0.6299355428228524
191,M_basal_dendrite_avg_tortuosity,0.043585377733651676,0.11364836693359874
191,M_Total_neurite_length_(sections),0.10577641366691855,0.7285270869280616
191,M_Number_of_bifurcation_points,0.11936887384894189,0.894120310977335
191,M_Maximum_branch_order,0.10109881540727891,0.7838577506460547
191,M_trunk_angle_min,0.055655704252766794,0.5286708244225642
191,M_trunk_angle_max,0.0768995995754745,0.8314547426494097
192,M_soma_circularity_index,0.1559397976408033,0.7986961135954816
192,M_soma_aspect_ratio,0.15230459486712766,1.003134421494459
192,M_cell_max_radial_dist,0.04615878086139814,0.38373918929079776
192,M_total_number_of_neurites,0.14933944873559354,0.6703911171524031
192,M_basal_dendrite_avg_tortuosity,0.04587947044841295,0.09299274270101365
192,M_Total_neurite_length_(sections),0.08979425697407112,0.7575468358748415
192,M_Number_of_bifurcation_points,0.12725581774565944,0.878902251156351
192,M_Maximum_branch_order,0.09625752459584862,0.7382396343005597
192,M_trunk_angle_min,0.057670891958014295,0.4666496171122556
192,M_trunk_angle_max,0.07939941617307103,0.6345603850692543
193,M_soma_circularity_index,0.15427711270651395,0.8456874267872666
193,M_soma_aspect_ratio,0.15026135969686355,0.8537037931660347
193,M_cell_max_radial_dist,0.04425269747400685,0.410676852426454
193,M_total_number_of_neurites,0.12400304595394672,0.579713872095116
193,M_basal_dendrite_avg_tortuosity,0.039436282361389324,0.12270458977486995
193,M_Total_neurite_length_(sections),0.12111430192898454,0.7189520875889852
193,M_Number_of_bifurcation_points,0.12031149938616023,0.8969686296049111
193,M_Maximum_branch_order,0.09037304183769301,0.6258942076701706
193,M_trunk_angle_min,0.05573344523840074,0.6665614157079084
193,M_trunk_angle_max,0.10023721341604118,0.9695363351832579
194,M_soma_circularity_index,0.14701956314997716,0.7698100402487971
194,M_soma_aspect_ratio,0.16961239854440918,0.9935686703300862
194,M_cell_max_radial_dist,0.04738344382976061,0.34549981067657776
194,M_total_number_of_neurites,0.16572645641503375,0.6552520172018086
194,M_basal_dendrite_avg_tortuosity,0.03293692579862588,0.13603446033212893
194,M_Total_neurite_length_(sections),0.10603747346525902,0.8752687250668374
194,M_Number_of_bifurcation_points,0.12593156170836892,0.8722964338835041
194,M_Maximum_branch_order,0.08424143909174583,0.6151383473674328
194,M_trunk_angle_min,0.05480867052498397,0.497779624199577
194,M_trunk_angle_max,0.06630206747183574,0.680038906994588
195,M_soma_circularity_index,0.15889921394585302,0.8308070930208763
195,M_soma_aspect_ratio,0.15649712138143568,0.8807872654229801
195,M_cell_max_radial_dist,0.04864308023951938,0.3665807276734495
195,M_total_number_of_neurites,0.15379707035484239,0.6921963567847651
195,M_basal_dendrite_avg_tortuosity,0.037368640194817025,0.18621336379815415
195,M_Total_neurite_length_(sections),0.09891898052658306,0.8157082306356859
195,M_Number_of_bifurcation_points,0.10797359862937528,0.8734171531629049
195,M_Maximum_branch_order,0.10909448980913342,0.8085865718003641
195,M_trunk_angle_min,0.05674217251052222,0.5745128003672502
195,M_trunk_angle_max,0.07206563240791863,0.8281976945326315
196,M_soma_circularity_index,0.13226436711671308,0.6930185543898498
196,M_soma_aspect_ratio,0.16889292859484692,0.8948749975577024
196,M_cell_max_radial_dist,0.04825299341755481,0.3993782942095596
196,M_total_number_of_neurites,0.15624536027241437,0.6875935056332879
196,M_basal_dendrite_avg_tortuosity,0.039218062760709396,0.1775415852877752
196,M_Total_neurite_length_(sections),0.08530569838625655,0.6858693240949554
196,M_Number_of_bifurcation_points,0.10576953335330659,0.8733233394604081
196,M_Maximum_branch_order,0.11141535935229475,0.696328326199562
196,M_trunk_angle_min,0.049949965214077886,0.6874612979824299
196,M_trunk_angle_max,0.10268573153182567,0.8653569513828536
197,M_soma_circularity_index,0.15008755335305696,0.7294998532317155
197,M_soma_aspect_ratio,0.1587554491406682,0.9012597162777227
197,M_cell_max_radial_dist,0.04696454446776402,0.3599633375613065
197,M_total_number_of_neurites,0.1511564255665071,0.6429780926908163
197,M_basal_dendrite_avg_tortuosity,0.0360770587377067,0.03328379234089966
197,M_Total_neurite_length_(sections),0.111527283006212,0.7906668691816119
197,M_Number_of_bifurcation_points,0.1155402281936693,0.8130109490707922
197,M_Maximum_branch_order,0.1068471283032167,0.7316320586327283
197,M_trunk_angle_min,0.05270657079987561,0.582373293394913
197,M_trunk_angle_max,0.07033775843132345,0.8412129246683477
198,M_soma_circularity_index,0.131091582171811,0.594954964789048
198,M_soma_aspect_ratio,0.16682870922523174,0.9056230854472888
198,M_cell_max_radial_dist,0.04566224575476213,0.3900856812452347
198,M_total_number_of_neurites,0.15284339061966443,0.7310837594886668
198,M_basal_dendrite_avg_tortuosity,0.04746993855592749,0.04063638329710164
198,M_Total_neurite_length_(sections),0.10176959975503211,0.8146322777071765
198,M_Number_of_bifurcation_points,0.1220566311430609,0.8439352054857849
198,M_Maximum_branch_order,0.1035791863332212,0.8491575717474675
198,M_trunk_angle_min,0.05510932139521801,0.596282760770585
198,M_trunk_angle_max,0.07358939504607104,0.8138338535643423
199,M_soma_circularity_index,0.14759742428210443,0.8351167463907325
199,M_soma_aspect_ratio,0.15429343960433786,0.9822067314797487
199,M_cell_max_radial_dist,0.054292746446788755,0.40791539407192623
199,M_total_number_of_neurites,0.1544577437542609,0.6924851342690993
199,M_basal_dendrite_avg_tortuosity,0.04478867223219301,0.1219928791238
199,M_Total_neurite_length_(sections),0.09696928316219525,0.7684471758651701
199,M_Number_of_bifurcation_points,0.10966845097403669,0.8146604204648242
199,M_Maximum_branch_order,0.11459074389924241,0.7374126670839126
199,M_trunk_angle_min,0.05916463381847857,0.49121328739967934
199,M_trunk_angle_max,0.0641768618263621,0.5181733799097782
200,M_soma_circularity_index,0.13883726398730836,0.793907665082084
200,M_soma_aspect_ratio,0.16071817873016062,0.8775902951538554
200,M_cell_max_radial_dist,0.04844316892837829,0.4457439283124205
200,M_total_number_of_neurites,0.15299787514921187,0.6550328015741851
200,M_basal_dendrite_avg_tortuosity,0.03998597656161759,0.05212397987419841
200,M_Total_neurite_length_(sections),0.11947018809442085,0.917019516631991
200,M_Number_of_bifurcation_points,0.12314460117704641,0.8717394647344706
200,M_Maximum_branch_order,0.0984416722915603,0.787088503032588
200,M_trunk_angle_min,0.054912498397123574,0.41862820451326566
200,M_trunk_angle_max,0.06304857668317197,0.5194043309380946
201,M_soma_circularity_index,0.14961903217054967,0.8222893927221091
201,M_soma_aspect_ratio,0.15720374916962274,0.8266650856060166
201,M_cell_max_radial_dist,0.050981227464978,0.40509397600799835
201,M_total_number_of_neurites,0.13052494051184343,0.5991645587788632
201,M_basal_dendrite_avg_tortuosity,0.0442375420958635,0.13113429703277574
201,M_Total_neurite_length_(sections),0.08984125554760834,0.6721995470909655
201,M_Number_of_bifurcation_points,0.14167587915173235,0.9686988416018438
201,M_Maximum_branch_order,0.0967358567676816,0.7247470324855456
201,M_trunk_angle_min,0.061366244749369324,0.5797209133104144
201,M_trunk_angle_max,0.07781427237075103,0.8542462720591809
202,M_soma_circularity_index,0.14257421603759698,0.6755587619276036
202,M_soma_aspect_ratio,0.15511712445062015,0.9314114769160502
202,M_cell_max_radial_dist,0.042696596533577304,0.4290678611027144
202,M_total_number_of_neurites,0.14476483679530144,0.6609334416375356
202,M_basal_dendrite_avg_tortuosity,0.04196290870527123,0.09617286780845115
202,M_Total_neurite_length_(sections),0.09833433684195854,0.677377187428663
202,M_Number_of_bifurcation_points,0.13100024489522877,0.8586504119672004
202,M_Maximum_branch_order,0.10251117499037736,0.6604858754985813
202,M_trunk_angle_min,0.059561660901723164,0.762571900610653
202,M_trunk_angle_max,0.08147689984834514,0.873471085730708
203,M_soma_circularity_index,0.16273888226536715,0.8001916830127302
203,M_soma_aspect_ratio,0.14935580395550002,0.8788299154801196
203,M_cell_max_radial_dist,0.04276894298048293,0.4096971199158697
203,M_total_number_of_neurites,0.13293137917510842,0.5588946128253782
203,M_basal_dendrite_avg_tortuosity,0.038815667402059856,0.22904563533932035
203,M_Total_neurite_length_(sections),0.1037285791076839,0.6919199045540608
203,M_Number_of_bifurcation_points,0.10739889426496464,0.7670684061519099
203,M_Maximum_branch_order,0.11900546939133784,0.8346850928169294
203,M_trunk_angle_min,0.06514018269567434,0.7358523637726202
203,M_trunk_angle_max,0.07811619876182088,0.8746585245869487
204,M_soma_circularity_index,0.14884041812650894,0.7773497078035159
204,M_soma_aspect_ratio,0.15832132676979463,0.8824165686064225
204,M_cell_max_radial_dist,0.05048811928545219,0.35393091697539336
204,M_total_number_of_neurites,0.14305674218475897,0.609529505752096
204,M_basal_dendrite_avg_tortuosity,0.03697303780915515,0.17057729071144145
204,M_Total_neurite_length_(sections),0.10419155061295703,0.8286202167733487
204,M_Number_of_bifurcation_points,0.11111010487896436,0.7983259808286697
204,M_Maximum_branch_order,0.11221601327836522,0.7642635474265002
204,M_trunk_angle_min,0.05532239427960313,0.6049788418399955
204,M_trunk_angle_max,0.07948029277444042,0.8005016154375046
205,M_soma_circularity_index,0.15637025399229887,0.8606529913574197
205,M_soma_aspect_ratio,0.14437480250702753,0.7940850624982062
205,M_cell_max_radial_dist,0.04898935821026812,0.43612671522999474
205,M_total_number_of_neurites,0.1496907149809432,0.6303379135196978
205,M_basal_dendrite_avg_tortuosity,0.0365547923248551,0.09369581042666042
205,M_Total_neurite_length_(sections),0.10412673472305639,0.694089772287314
205,M_Number_of_bifurcation_points,0.11649134053584884,0.8048264586992735
205,M_Maximum_branch_order,0.1078010130726817,0.8455042735831615
205,M_trunk_angle_min,0.06573543464915058,0.7015788771596407
205,M_trunk_angle_max,0.06986555500386978,0.7692086268962832
206,M_soma_circularity_index,0.14075185783268743,0.7780610188906842
206,M_soma_aspect_ratio,0.1595077162010007,1.0484584737265865
206,M_cell_max_radial_dist,0.0459276966478501,0.37668874513626394
206,M_total_number_of_neurites,0.15225479334618366,0.6581738718776624
206,M_basal_dendrite_avg_tortuosity,0.049757697597002,0.06102852094075456
206,M_Total_neurite_length_(sections),0.10911747429034548,0.8284605220400467
206,M_Number_of_bifurcation_points,0.10305884734269974,0.802586332801849
206,M_Maximum_branch_order,0.10705498620275958,0.7603244556993358
206,M_trunk_angle_min,0.06141327603683863,0.5014245485469084
206,M_trunk_angle_max,0.07115565450263268,0.6563294677737066
207,M_soma_circularity_index,0.1506122249189046,0.6978024068096351
207,M_soma_aspect_ratio,0.1646090607173279,0.8959145591467211
207,M_cell_max_radial_dist,0.04398830586075565,0.4928242275318082
207,M_total_number_of_neurites,0.14522364225099163,0.6887996157559977
207,M_basal_dendrite_avg_tortuosity,0.0374427262532961,0.20078889343530648
207,M_Total_neurite_length_(sections),0.09498115058728354,0.6865956923051938
207,M_Number_of_bifurcation_points,0.12390801650393811,0.8522848646485313
207,M_Maximum_branch_order,0.09716074641428289,0.8494414574764155
207,M_trunk_angle_min,0.05857667924248683,0.5909545585877855
207,M_trunk_angle_max,0.08349744725073277,0.841221574636892
208,M_soma_circularity_index,0.16798692128185688,0.932917179150793
208,M_soma_aspect_ratio,0.14324010214665972,0.6991494520295957
208,M_cell_max_radial_dist,0.0393595587721243,0.37297114703797807
208,M_total_number_of_neurites,0.14458905476867717,0.673156739830441
208,M_basal_dendrite_avg_tortuosity,0.04151300024436085,0.1363015658779992
208,M_Total_neurite_length_(sections),0.08615255443588354,0.7595033127604627
208,M_Number_of_bifurcation_points,0.12139255461408187,0.8459549923248697
208,M_Maximum_branch_order,0.10809530554571369,0.8704448597302084
208,M_trunk_angle_min,0.05113095930851099,0.5300512690013646
208,M_trunk_angle_max,0.09653998888213106,0.8303615338244157
209,M_soma_circularity_index,0.15451108724344062,0.674228993274377
209,M_soma_aspect_ratio,0.14071875705412648,0.88210866797902
209,M_cell_max_radial_dist,0.04419126827209631,0.30276714088879303
209,M_total_number_of_neurites,0.1737335696324836,0.7536664379471196
209,M_basal_dendrite_avg_tortuosity,0.04133755626007114,0.0963703952941985
209,M_Total_neurite_length_(sections),0.0976004560449646,0.7353761838355561
209,M_Number_of_bifurcation_points,0.11298119203279772,0.8496814155538667
209,M_Maximum_branch_order,0.10377009328299629,0.747062523169648
209,M_trunk_angle_min,0.05543173878931663,0.575992107051071
209,M_trunk_angle_max,0.0757242813877067,0.7198986638372022
210,M_soma_circularity_index,0.15483369062241778,0.8609794099168262
210,M_soma_aspect_ratio,0.15373141557893477,0.8402240298555155
210,M_cell_max_radial_dist,0.05208509649498417,0.4835664165104254
210,M_total_number_of_neurites,0.14693850032938396,0.6126866955862
210,M_basal_dendrite_avg_tortuosity,0.04059084165108482,0.19524595582928747
210,M_Total_neurite_length_(sections),0.09745968336283302,0.7068140417256505
210,M_Number_of_bifurcation_points,0.12093801495114843,0.8534379198831387
210,M_Maximum_branch_order,0.0998116258677071,0.7132914803634013
210,M_trunk_angle_min,0.06231053694312547,0.6895836597947491
210,M_trunk_angle_max,0.07130059419838045,0.8456634718541765
211,M_soma_circularity_index,0.1359074320406722,0.7139289939541573
211,M_soma_aspect_ratio,0.15597559822818835,0.9464381878994744
211,M_cell_max_radial_dist,0.05105107925968859,0.3480053113167441
211,M_total_number_of_neurites,0.16149631264861625,0.6225380423035796
211,M_basal_dendrite_avg_tortuosity,0.04411783414095173,0.047826680923867056
211,M_Total_neurite_length_(sections),0.10775718299907462,0.8389695800546536
211,M_Number_of_bifurcation_points,0.11792099815819763,0.7872248316608934
211,M_Maximum_branch_order,0.09605363724317593,0.7249764283256495
211,M_trunk_angle_min,0.05923400498772233,0.5769988057683779
211,M_trunk_angle_max,0.07048592029371248,0.7757649150235929
212,M_soma_circularity_index,0.14430887920756597,0.7546414881912828
212,M_soma_aspect_ratio,0.16405445311548567,0.869861159201256
212,M_cell_max_radial_dist,0.05015568996045339,0.4832315996407276
212,M_total_number_of_neurites,0.1332034290288203,0.6563837090590778
212,M_basal_dendrite_avg_tortuosity,0.03665842873644165,0.12003868230441726
212,M_Total_neurite_length_(sections),0.11045622967026374,0.7497271841269803
212,M_Number_of_bifurcation_points,0.12043335537182084,0.8072525355119016
212,M_Maximum_branch_order,0.10078470236533463,0.7317658400751335
212,M_trunk_angle_min,0.06299737113888633,0.7408261047260174
212,M_trunk_angle_max,0.07694746140492767,0.840927151811137
213,M_soma_circularity_index,0.14380837581081052,0.7523963681568839
213,M_soma_aspect_ratio,0.17019515064785898,1.0362783714236847
213,M_cell_max_radial_dist,0.04629560307125476,0.4050883611034991
213,M_total_number_of_neurites,0.13929384703755035,0.5849425123675567
213,M_basal_dendrite_avg_tortuosity,0.04900210070287859,0.19698262536870892
213,M_Total_neurite_length_(sections),0.10192361669651075,0.6920083861167865
213,M_Number_of_bifurcation_points,0.11870823185530377,0.8005697087836362
213,M_Maximum_branch_order,0.1068233075393503,0.8423405746455482
213,M_trunk_angle_min,0.05660936413168993,0.5311297289209276
213,M_trunk_angle_max,0.06734040250679198,0.6343946315083762
214,M_soma_circularity_index,0.15172820206370277,0.7904351352901456
214,M_soma_aspect_ratio,0.13282780663851912,0.9026461865090188
214,M_cell_max_radial_dist,0.04682465982545581,0.3627162438661959
214,M_total_number_of_neurites,0.15443118354149993,0.6210037104599697
214,M_basal_dendrite_avg_tortuosity,0.048453845006386734,0.16666516340999843
214,M_Total_neurite_length_(sections),0.1143739833709755,0.6964620058479825
214,M_Number_of_bifurcation_points,0.11382934027522287,0.8626230060436781
214,M_Maximum_branch_order,0.10516404532653811,0.7201498915211868
214,M_trunk_angle_min,0.05991770832664803,0.7535262293460543
214,M_trunk_angle_max,0.07244922562505118,0.7160271926444121
215,M_soma_circularity_index,0.1454853021229674,0.8451623955841564
215,M_soma_aspect_ratio,0.1542907184272513,0.8524175162468619
215,M_cell_max_radial_dist,0.0500693816919373,0.46519780977365655
215,M_total_number_of_neurites,0.15887285483458405,0.6174253635531144
215,M_basal_dendrite_avg_tortuosity,0.046236539459782185,0.29125166515733025
215,M_Total_neurite_length_(sections),0.09508626219437363,0.6725937545064481
215,M_Number_of_bifurcation_points,0.11384380593041706,0.8801069303331001
215,M_Maximum_branch_order,0.10192651870070113,0.6688334442194438
215,M_trunk_angle_min,0.06312179841522313,0.6492772812628527
215,M_trunk_angle_max,0.07106681822276273,0.572217464505408
216,M_soma_circularity_index,0.15924869206390635,0.903083201439346
216,M_soma_aspect_ratio,0.15518718957673566,0.8815297425622677
216,M_cell_max_radial_dist,0.05324884529741095,0.48341713284390436
216,M_total_number_of_neurites,0.15130137956303705,0.6293293204409182
216,M_basal_dendrite_avg_tortuosity,0.03897428926539049,0.16159944193473794
216,M_Total_neurite_length_(sections),0.08811392597503852,0.6561103095287546
216,M_Number_of_bifurcation_points,0.11739935695215863,0.8608718696631475
216,M_Maximum_branch_order,0.10202970550992063,0.709467278296868
216,M_trunk_angle_min,0.05917120890060728,0.5877636488424247
216,M_trunk_angle_max,0.07532540689579446,0.6183145141239283
217,M_soma_circularity_index,0.14744490549287884,0.7650178452119341
217,M_soma_aspect_ratio,0.17314102110641205,0.7261455350195878
217,M_cell_max_radial_dist,0.044511893841339314,0.40663984222870375
217,M_total_number_of_neurites,0.14843578739928662,0.6473950881251989
217,M_basal_dendrite_avg_tortuosity,0.03485385316036276,0.190969323881877
217,M_Total_neurite_length_(sections),0.08812761652888058,0.6533650479402069
217,M_Number_of_bifurcation_points,0.11873951439861222,0.8721630447291148
217,M_Maximum_branch_order,0.10597538283746955,0.8023954454202489
217,M_trunk_angle_min,0.06274232209890525,0.8059885007518035
217,M_trunk_angle_max,0.07602770313585284,0.8552983417716136
218,M_soma_circularity_index,0.15244032657685608,0.7885259391783748
218,M_soma_aspect_ratio,0.1457888236325498,0.8068346610204098
218,M_cell_max_radial_dist,0.048941407661667366,0.4047035377509792
218,M_total_number_of_neurites,0.16258377643952163,0.6272741996360398
218,M_basal_dendrite_avg_tortuosity,0.037154653526469315,0.11689322694951713
218,M_Total_neurite_length_(sections),0.09424776498727479,0.7902266835780298
218,M_Number_of_bifurcation_points,0.10490247107464566,0.7643779019310118
218,M_Maximum_branch_order,0.10979095228065447,0.7490434264022592
218,M_trunk_angle_min,0.05272991769979812,0.553024058432382
218,M_trunk_angle_max,0.09141990612056267,0.9522242282811297
219,M_soma_circularity_index,0.16643287988602212,0.8310590079854439
219,M_soma_aspect_ratio,0.15222667816032967,0.8924736918327384
219,M_cell_max_radial_dist,0.047635223753565756,0.39987643433398967
219,M_total_number_of_neurites,0.14985788754747423,0.7778834136911986
219,M_basal_dendrite_avg_tortuosity,0.03562570969557652,0.15388907651275943
219,M_Total_neurite_length_(sections),0.10907938186800874,0.8239397000263582
219,M_Number_of_bifurcation_points,0.1352692557770364,0.8314642064311891
219,M_Maximum_branch_order,0.08893027185388516,0.7433565326936296
219,M_trunk_angle_min,0.05242829584012743,0.5385172766958837
219,M_trunk_angle_max,0.0625144156179739,0.8132440413022027
220,M_soma_circularity_index,0.1585110038289362,0.8131041100939043
220,M_soma_aspect_ratio,0.15711224402337431,0.9744092857868667
220,M_cell_max_radial_dist,0.046585173310713296,0.4290396765105119
220,M_total_number_of_neurites,0.15941106283269235,0.5962813238266338
220,M_basal_dendrite_avg_tortuosity,0.04293148905914276,0.2595733782072346
220,M_Total_neurite_length_(sections),0.10235079563919261,0.6421607556397542
220,M_Number_of_bifurcation_points,0.10889682749940435,0.8137317419133293
220,M_Maximum_branch_order,0.11166535000336428,0.8860462335304546
220,M_trunk_angle_min,0.053034487161094844,0.5566356549179652
220,M_trunk_angle_max,0.05950156664208505,0.5732312583399919
221,M_soma_circularity_index,0.13908163404083088,0.7425657822008394
221,M_soma_aspect_ratio,0.17203583385707327,0.8500355056141932
221,M_cell_max_radial_dist,0.04394931908786377,0.4209488752626146
221,M_total_number_of_neurites,0.1425434728199222,0.6633970889238954
221,M_basal_dendrite_avg_tortuosity,0.03734764691933185,0.12348869421223871
221,M_Total_neurite_length_(sections),0.10342961925013738,0.8334799653534452
221,M_Number_of_bifurcation_points,0.12949912041282147,0.8196927643126452
221,M_Maximum_branch_order,0.0909012793701762,0.6388327408755314
221,M_trunk_angle_min,0.06960488548823567,0.7558452648869269
221,M_trunk_angle_max,0.07160718875360744,0.8227944258391378
222,M_soma_circularity_index,0.1276735615264271,0.5812698880950715
222,M_soma_aspect_ratio,0.16974499257324804,0.9608395685518676
222,M_cell_max_radial_dist,0.0484697503585539,0.4106643047801536
222,M_total_number_of_neurites,0.15754783608364215,0.6888802602154307
222,M_basal_dendrite_avg_tortuosity,0.04086410134119717,0.1496331535859434
222,M_Total_neurite_length_(sections),0.10434740564279057,0.6854652317790952
222,M_Number_of_bifurcation_points,0.11835417098701226,0.8382871787815325
222,M_Maximum_branch_order,0.09239175078647062,0.6001009485669441
222,M_trunk_angle_min,0.0548731715851698,0.6400697196649954
222,M_trunk_angle_max,0.0857332591154884,0.9287911362000472
223,M_soma_circularity_index,0.14691598734553,0.8320636486540507
223,M_soma_aspect_ratio,0.1753381937346592,0.8672277686291159
223,M_cell_max_radial_dist,0.044007366296549874,0.3595449747453338
223,M_total_number_of_neurites,0.13267702601302514,0.6178962155084586
223,M_basal_dendrite_avg_tortuosity,0.03951183804611769,0.15506285873750422
223,M_Total_neurite_length_(sections),0.09703595913846545,0.7782628627609811
223,M_Number_of_bifurcation_points,0.11387130379258156,0.9068304332314666
223,M_Maximum_branch_order,0.105900177960168,0.7464709735065383
223,M_trunk_angle_min,0.04685800178952333,0.48572016215767455
223,M_trunk_angle_max,0.09788414588337983,0.9313807504657585
224,M_soma_circularity_index,0.1526054456809739,0.8206601093656046
224,M_soma_aspect_ratio,0.15124397805999534,0.9153668091933245
224,M_cell_max_radial_dist,0.05440548274587355,0.38641730031042343
224,M_total_number_of_neurites,0.14478251713467366,0.5945706604173107
224,M_basal_dendrite_avg_tortuosity,0.038022987435410015,0.13168226916204137
224,M_Total_neurite_length_(sections),0.09711658392125588,0.7507907419968106
224,M_Number_of_bifurcation_points,0.11614665245019715,0.8577677657648931
224,M_Maximum_branch_order,0.1073196569350482,0.7429416822782282
224,M_trunk_angle_min,0.06376088174895776,0.6220026091103654
224,M_trunk_angle_max,0.07459581388761463,0.8269553183360714
225,M_soma_circularity_index,0.14122928709982316,0.8035814589693875
225,M_soma_aspect_ratio,0.17307984413334043,0.9665885915494141
225,M_cell_max_radial_dist,0.048223473761900705,0.4074532874988728
225,M_total_number_of_neurites,0.16202284206459355,0.6774727997511157
225,M_basal_dendrite_avg_tortuosity,0.04029671679937666,0.06671654664047477
225,M_Total_neurite_length_(sections),0.0811007741710771,0.6647809049355979
225,M_Number_of_bifurcation_points,0.11593432533534229,0.8093999683014256
225,M_Maximum_branch_order,0.1117340421661674,0.7907384556719609
225,M_trunk_angle_min,0.05556581446518378,0.48174345365122506
225,M_trunk_angle_max,0.07081288000319476,0.627524075429537
226,M_soma_circularity_index,0.14254358305158854,0.7513431643505231
226,M_soma_aspect_ratio,0.16197761304518696,0.9167703041317865
226,M_cell_max_radial_dist,0.046182059164941634,0.4093574570706414
226,M_total_number_of_neurites,0.14820444742652789,0.595062326455738
226,M_basal_dendrite_avg_tortuosity,0.039314285156962774,0.17766503008533396
226,M_Total_neurite_length_(sections),0.10186492350293638,0.7290701087099417
226,M_Number_of_bifurcation_points,0.10918377688005601,0.8203651083058865
226,M_Maximum_branch_order,0.09942944989360998,0.7261111361186335
226,M_trunk_angle_min,0.06834630123766998,0.7713487393998655
226,M_trunk_angle_max,0.08295356064051991,0.8847836252672023
227,M_soma_circularity_index,0.15325715297065337,0.6921711420001396
227,M_soma_aspect_ratio,0.15955305275291462,0.8936027326660283
227,M_cell_max_radial_dist,0.053472565651332724,0.457954664175188
227,M_total_number_of_neurites,0.14181725883745147,0.6134755694668754
227,M_basal_dendrite_avg_tortuosity,0.03696396622537566,0.1786874257126702
227,M_Total_neurite_length_(sections),0.10452613925154665,0.7494737596851359
227,M_Number_of_bifurcation_points,0.1090680941751496,0.8336628689193926
227,M_Maximum_branch_order,0.09785989393399816,0.6487924700776294
227,M_trunk_angle_min,0.06384808315117227,0.7390771157643242
227,M_trunk_angle_max,0.07963379305040555,0.8682006252312431
228,M_soma_circularity_index,0.14307321027421033,0.7554736111405664
228,M_soma_aspect_ratio,0.1468180488768385,0.9476121580866924
228,M_cell_max_radial_dist,0.0486440686719731,0.3640218109726957
228,M_total_number_of_neurites,0.13829935691790649,0.6426896269674762
228,M_basal_dendrite_avg_tortuosity,0.04464087665469958,0.06283409515973441
228,M_Total_neurite_length_(sections),0.1081994505728433,0.8269611700537041
228,M_Number_of_bifurcation_points,0.11436128796358186,0.8754120092063927
228,M_Maximum_branch_order,0.10380884244431626,0.7263559407512923
228,M_trunk_angle_min,0.06246104094122203,0.5837007907320553
228,M_trunk_angle_max,0.08969381668240861,0.9027841867006612
229,M_soma_circularity_index,0.1509204440474546,0.8629839885983738
229,M_soma_aspect_ratio,0.14362073297867983,0.8202855293839117
229,M_cell_max_radial_dist,0.049157085826016515,0.40317924740765543
229,M_total_number_of_neurites,0.15517662431406967,0.5901763168005263
229,M_basal_dendrite_avg_tortuosity,0.03921003354360266,0.18629222310562427
229,M_Total_neurite_length_(sections),0.09853823178249566,0.6815487369104979
229,M_Number_of_bifurcation_points,0.11148340775747896,0.8350461917196189
229,M_Maximum_branch_order,0.10844434058275354,0.6521359439185028
229,M_trunk_angle_min,0.07614997267234594,0.7832975557751861
229,M_trunk_angle_max,0.06729912649510268,0.6988930029428427
230,M_soma_circularity_index,0.15453198113243213,0.8907061573640825
230,M_soma_aspect_ratio,0.16508958936714213,0.9071760317355799
230,M_cell_max_radial_dist,0.05165364437330315,0.468978287679933
230,M_total_number_of_neurites,0.124777258948856,0.5576056639844712
230,M_basal_dendrite_avg_tortuosity,0.041693718281267306,0.11376238127648586
230,M_Total_neurite_length_(sections),0.10217495456892318,0.6682879998610644
230,M_Number_of_bifurcation_points,0.11079864206652232,0.8754900423857128
230,M_Maximum_branch_order,0.09702171332662159,0.8436399010818388
230,M_trunk_angle_min,0.056731872004803396,0.4806173096276565
230,M_trunk_angle_max,0.09552662593012859,0.7219990547492448
231,M_soma_circularity_index,0.16015436897107452,0.872121085740784
231,M_soma_aspect_ratio,0.1505635496063878,0.7177193607423
231,M_cell_max_radial_dist,0.04776859816093016,0.3757414195986445
231,M_total_number_of_neurites,0.14627427798298087,0.5608659026727292
231,M_basal_dendrite_avg_tortuosity,0.04005284550501405,0.2400272468583747
231,M_Total_neurite_length_(sections),0.10256756109413707,0.8379945576945508
231,M_Number_of_bifurcation_points,0.12785982765901122,0.9175721416459927
231,M_Maximum_branch_order,0.08875660080269764,0.7362567713438927
231,M_trunk_angle_min,0.05825266744804087,0.5902595269056611
231,M_trunk_angle_max,0.07774970276972576,0.9561481871122286
232,M_soma_circularity_index,0.1507543869076707,0.7987567709595952
232,M_soma_aspect_ratio,0.1633060858406198,0.7043289765794221
232,M_cell_max_radial_dist,0.04587392462730346,0.3883688910881346
232,M_total_number_of_neurites,0.1535174982343121,0.627688583960845
232,M_basal_dendrite_avg_tortuosity,0.041122488237702995,0.17474135215037798
232,M_Total_neurite_length_(sections),0.09279352802452648,0.7104286862465921
232,M_Number_of_bifurcation_points,0.11331502771742212,0.8820195199214121
232,M_Maximum_branch_order,0.10318044047356363,0.9308332379753587
232,M_trunk_angle_min,0.06376552116985004,0.5917913652010427
232,M_trunk_angle_max,0.0723710987670287,0.7860710444882586
233,M_soma_circularity_index,0.13604109007801732,0.7677913739293651
233,M_soma_aspect_ratio,0.1812624641021584,1.0571425170536168
233,M_cell_max_radial_dist,0.04544026309790832,0.4358428466061097
233,M_total_number_of_neurites,0.15238509687407106,0.6081589001776546
233,M_basal_dendrite_avg_tortuosity,0.037758954163472795,0.05211440504972771
233,M_Total_neurite_length_(sections),0.09407288383122746,0.6748591035123035
233,M_Number_of_bifurcation_points,0.10619699081415113,0.7549605948485725
233,M_Maximum_branch_order,0.1119339916011389,0.7641608754178362
233,M_trunk_angle_min,0.05832103092744427,0.5969851149737418
233,M_trunk_angle_max,0.07658723451041037,0.7171904786891055
234,M_soma_circularity_index,0.14658243360444162,0.7284928548865446
234,M_soma_aspect_ratio,0.16328566183603868,0.9782128264506758
234,M_cell_max_radial_dist,0.0566701482764987,0.4268475938113083
234,M_total_number_of_neurites,0.13019973850688016,0.5674250960638629
234,M_basal_dendrite_avg_tortuosity,0.03957083632298878,0.1472871856546849
234,M_Total_neurite_length_(sections),0.11164823113608636,0.8530040730055624
234,M_Number_of_bifurcation_points,0.12605907456865406,0.8953223778887432
234,M_Maximum_branch_order,0.09407147923753405,0.6672266637002493
234,M_trunk_angle_min,0.05381556244258091,0.6203813137351912
234,M_trunk_angle_max,0.07809683406829686,0.8461427312315576
235,M_soma_circularity_index,0.1447206163112116,0.6841828669541543
235,M_soma_aspect_ratio,0.16042659356180772,0.9329381911059951
235,M_cell_max_radial_dist,0.04576748308642656,0.37206491970336897
235,M_total_number_of_neurites,0.1513883588318449,0.7681269454318816
235,M_basal_dendrite_avg_tortuosity,0.04184375367487322,0.23964152357076973
235,M_Total_neurite_length_(sections),0.10019991691160414,0.7268119592564336
235,M_Number_of_bifurcation_points,0.12452610834425043,0.8311056537874317
235,M_Maximum_branch_order,0.09193117235572938,0.6855750693289553
235,M_trunk_angle_min,0.05229281306617275,0.5010501882447564
235,M_trunk_angle_max,0.08690318385607926,0.8111308222718066
236,M_soma_circularity_index,0.134893159524879,0.7743080780133725
236,M_soma_aspect_ratio,0.16435530155705233,0.700819314399085
236,M_cell_max_radial_dist,0.05008863667311216,0.4731989514908279
236,M_total_number_of_neurites,0.14873931203899826,0.5880925969319953
236,M_basal_dendrite_avg_tortuosity,0.04214480197010227,0.31155822994212923
236,M_Total_neurite_length_(sections),0.09389545055140291,0.6523502432285789
236,M_Number_of_bifurcation_points,0.12033877214934485,0.8983787456924324
236,M_Maximum_branch_order,0.10732392823407529,0.7275757873941052
236,M_trunk_angle_min,0.05334280912239932,0.6278160357264309
236,M_trunk_angle_max,0.08487782817863354,0.8268242122729397
237,M_soma_circularity_index,0.161041820304212,0.818271349963185
237,M_soma_aspect_ratio,0.1465234295850729,0.8865151987034128
237,M_cell_max_radial_dist,0.04514429918384293,0.3454168481833455
237,M_total_number_of_neurites,0.14889069008096018,0.689927247032855
237,M_basal_dendrite_avg_tortuosity,0.0406539015718952,0.10556098290291716
237,M_Total_neurite_length_(sections),0.10847002226828378,0.8511506297048398
237,M_Number_of_bifurcation_points,0.1117010065992978,0.7604224424535014
237,M_Maximum_branch_order,0.09594003497274896,0.5878541354290064
237,M_trunk_angle_min,0.06241223253797051,0.6782438182471628
237,M_trunk_angle_max,0.07922256289571587,0.8526864035568806
238,M_soma_circularity_index,0.1399317090740602,0.7050918881327414
238,M_soma_aspect_ratio,0.1565043674882573,0.9352354546945689
238,M_cell_max_radial_dist,0.05128513777220353,0.45247149806287695
238,M_total_number_of_neurites,0.14913108973305061,0.6334077240429006
238,M_basal_dendrite_avg_tortuosity,0.03940961479537632,0.09337839019197619
238,M_Total_neurite_length_(sections),0.10812340218170585,0.7232794816742655
238,M_Number_of_bifurcation_points,0.11587549200518207,0.8127135357780724
238,M_Maximum_branch_order,0.09648877994158304,0.6851724284120291
238,M_trunk_angle_min,0.05630285917443982,0.5130966180250006
238,M_trunk_angle_max,0.08694754783414137,0.8157956834526698
239,M_soma_circularity_index,0.14098079302375754,0.781314036848147
239,M_soma_aspect_ratio,0.1592579867448735,1.01054764564835
239,M_cell_max_radial_dist,0.04386011305297754,0.39602151706565836
239,M_total_number_of_neurites,0.15667653838219087,0.602710694558084
239,M_basal_dendrite_avg_tortuosity,0.03711328153458245,0.021853305401478524
239,M_Total_neurite_length_(sections),0.10046083656036564,0.7538260335978412
239,M_Number_of_bifurcation_points,0.11344737052843862,0.8161670177185241
239,M_Maximum_branch_order,0.10914733248213826,0.7646963380494196
239,M_trunk_angle_min,0.07388818653096378,0.7279416783049861
239,M_trunk_angle_max,0.06516756115971184,0.6313822582669375
240,M_soma_circularity_index,0.15404857667628163,0.7998776418887503
240,M_soma_aspect_ratio,0.15911208669358082,0.8823923190163043
240,M_cell_max_radial_dist,0.048369485606281584,0.44669267965740866
240,M_total_number_of_neurites,0.125427479871051,0.5893030314621179
240,M_basal_dendrite_avg_tortuosity,0.03985373069531835,0.17053451337740225
240,M_Total_neurite_length_(sections),0.1224684810091108,0.8035124648982942
240,M_Number_of_bifurcation_points,0.11591559630208961,0.830525526102009
240,M_Maximum_branch_order,0.09680272892640178,0.5516501234806258
240,M_trunk_angle_min,0.05881284792680624,0.7314016135921189
240,M_trunk_angle_max,0.07918898629307831,0.9113682501757903
241,M_soma_circularity_index,0.14040814329725423,0.8403259452659413
241,M_soma_aspect_ratio,0.16195328279144405,0.7975755466421908
241,M_cell_max_radial_dist,0.04280527365406076,0.4076169976355162
241,M_total_number_of_neurites,0.14624896867642959,0.5538993027925492
241,M_basal_dendrite_avg_tortuosity,0.04054372497992154,0.09591203942353342
241,M_Total_neurite_length_(sections),0.10099480999144113,0.7277545589872922
241,M_Number_of_bifurcation_points,0.11876168129572068,0.8664988860023575
241,M_Maximum_branch_order,0.10270399794137157,0.8141199262661754
241,M_trunk_angle_min,0.05452454885221417,0.7033665792325756
241,M_trunk_angle_max,0.0910555685201423,0.8959811752250628
242,M_soma_circularity_index,0.13123416420895614,0.5848000317757126
242,M_soma_aspect_ratio,0.17484987706048577,0.9464947524341984
242,M_cell_max_radial_dist,0.054882852504487024,0.49434574303954937
242,M_total_number_of_neurites,0.14911696289105375,0.6071736928896527
242,M_basal_dendrite_avg_tortuosity,0.039346321359936764,0.12671249026519035
242,M_Total_neurite_length_(sections),0.09974617319459766,0.8031093259331175
242,M_Number_of_bifurcation_points,0.1116485877486214,0.7953937461379512
242,M_Maximum_branch_order,0.11085419803688584,0.7861633900438962
242,M_trunk_angle_min,0.05307694027170279,0.588534609586826
242,M_trunk_angle_max,0.075243922723273,0.9055604791537788
243,M_soma_circularity_index,0.15252724772764018,0.8218785454873236
243,M_soma_aspect_ratio,0.1536661162026742,0.783498605180978
243,M_cell_max_radial_dist,0.04484722945873415,0.38202713647774755
243,M_total_number_of_neurites,0.12100048957397949,0.569212432483253
243,M_basal_dendrite_avg_tortuosity,0.04315143910641903,0.2654859209700684
243,M_Total_neurite_length_(sections),0.10610450943127288,0.6933098306401857
243,M_Number_of_bifurcation_points,0.12659552305362132,0.8970668746660901
243,M_Maximum_branch_order,0.09833416647077446,0.8903834562074168
243,M_trunk_angle_min,0.05983520380441685,0.5391348950835736
243,M_trunk_angle_max,0.09393807517046733,0.8535759680192612
244,M_soma_circularity_index,0.1540593434619754,0.7846533942904367
244,M_soma_aspect_ratio,0.15030458073291186,0.7190389252729934
244,M_cell_max_radial_dist,0.04947955332487879,0.44672708929695326
244,M_total_number_of_neurites,0.1564619315765927,0.6945688199646436
244,M_basal_dendrite_avg_tortuosity,0.04043815261659885,0.1617666063864747
244,M_Total_neurite_length_(sections),0.10807622221243596,0.8173721715424381
244,M_Number_of_bifurcation_points,0.12409020173245686,0.8500967415654231
244,M_Maximum_branch_order,0.0838490466195992,0.7931060495220832
244,M_trunk_angle_min,0.05907366293124773,0.634103707556674
244,M_trunk_angle_max,0.07416730479130278,0.8954985849410215
245,M_soma_circularity_index,0.16026306311964728,0.7899029425830509
245,M_soma_aspect_ratio,0.14934371154645876,0.9446680222964874
245,M_cell_max_radial_dist,0.051134436114061994,0.4313688691399925
245,M_total_number_of_neurites,0.16310917033814246,0.664057785419553
245,M_basal_dendrite_avg_tortuosity,0.04669565938292416,0.1085105120111032
245,M_Total_neurite_length_(sections),0.0985342163896484,0.8126813152080326
245,M_Number_of_bifurcation_points,0.11752747031658028,0.8841510032276385
245,M_Maximum_branch_order,0.0888215250695,0.6265531517466147
245,M_trunk_angle_min,0.062134685052144034,0.513548058058009
245,M_trunk_angle_max,0.06243606267089261,0.5864637081954831
246,M_soma_circularity_index,0.15167676021124088,0.7089873771821288
246,M_soma_aspect_ratio,0.14982365208861742,0.8258865864931231
246,M_cell_max_radial_dist,0.05320343453511972,0.4644614041267934
246,M_total_number_of_neurites,0.14118104992234898,0.6135314798308662
246,M_basal_dendrite_avg_tortuosity,0.038504018275270356,0.09232315554786912
246,M_Total_neurite_length_(sections),0.10404754088898278,0.8275878251732564
246,M_Number_of_bifurcation_points,0.12779195387494516,0.8706320242276739
246,M_Maximum_branch_order,0.0952137653259756,0.6772473265861665
246,M_trunk_angle_min,0.054342186749388496,0.5538766417383576
246,M_trunk_angle_max,0.08421563812811063,0.8934315237635593
247,M_soma_circularity_index,0.14278053651213454,0.8121506692750328
247,M_soma_aspect_ratio,0.16135814856334701,0.8798463446018768
247,M_cell_max_radial_dist,0.05042823073698164,0.3814513849506834
247,M_total_number_of_neurites,0.1393630277305523,0.6815775332387266
247,M_basal_dendrite_avg_tortuosity,0.041148798004964134,0.08423635582301177
247,M_Total_neurite_length_(sections),0.0994956025599921,0.7086563604075112
247,M_Number_of_bifurcation_points,0.11939194565236147,0.9281585030967782
247,M_Maximum_branch_order,0.10734592270758411,0.7865578751324712
247,M_trunk_angle_min,0.05385298145946969,0.5801339923131084
247,M_trunk_angle_max,0.08483480607261307,0.827364614785677
248,M_soma_circularity_index,0.1558708078755378,0.8599543870407785
248,M_soma_aspect_ratio,0.16171973408185047,0.8399944526970027
248,M_cell_max_radial_dist,0.055038741078039195,0.48499654651431306
248,M_total_number_of_neurites,0.12874345640492216,0.5899307134866156
248,M_basal_dendrite_avg_tortuosity,0.04002136168906009,0.07611688323892711
248,M_Total_neurite_length_(sections),0.10393993161208857,0.7055685383303976
248,M_Number_of_bifurcation_points,0.12528111011125748,0.8573342512392836
248,M_Maximum_branch_order,0.09660702695153361,0.7735595527080461
248,M_trunk_angle_min,0.05096256516409693,0.5250775700785969
248,M_trunk_angle_max,0.0818152650316136,0.8496172749433734
249,M_soma_circularity_index,0.15305657928772695,0.7377047880132592
249,M_soma_aspect_ratio,0.16996163117492838,0.8322532605748901
249,M_cell_max_radial_dist,0.04754036075793804,0.4163253593602012
249,M_total_number_of_neurites,0.148423876646251,0.6051915095002971
249,M_basal_dendrite_avg_tortuosity,0.03477520357404536,0.08716357395699326
249,M_Total_neurite_length_(sections),0.09059287553490535,0.778213863406435
249,M_Number_of_bifurcation_points,0.12944743710758716,0.8307250454577361
249,M_Maximum_branch_order,0.09836845282421484,0.8684312404197294
249,M_trunk_angle_min,0.05985517203882416,0.5571546562022954
249,M_trunk_angle_max,0.06797841105357866,0.7227148681284914
250,M_soma_circularity_index,0.1545311874930712,0.8318516868664463
250,M_soma_aspect_ratio,0.165004630788727,0.9430239330003142
250,M_cell_max_radial_dist,0.04404891629145952,0.3769110401612361
250,M_total_number_of_neurites,0.13723878959363195,0.6081537822005493
250,M_basal_dendrite_avg_tortuosity,0.04153098507417317,0.1583490169396505
250,M_Total_neurite_length_(sections),0.11018580817144731,0.8655198507415277
250,M_Number_of_bifurcation_points,0.12168152792421492,0.8151053084450219
250,M_Maximum_branch_order,0.08814621742276162,0.7380074033922788
250,M_trunk_angle_min,0.05419383356483247,0.5910266667046835
250,M_trunk_angle_max,0.08343810367568089,0.9380881676647947
251,M_soma_circularity_index,0.1656922061996843,0.9735766185940885
251,M_soma_aspect_ratio,0.15294054243515157,0.8215383714510822
251,M_cell_max_radial_dist,0.040004719373701654,0.35808150894300556
251,M_total_number_of_neurites,0.14039010150368042,0.6147952606087428
251,M_basal_dendrite_avg_tortuosity,0.04104570146227934,0.11068401649497245
251,M_Total_neurite_length_(sections),0.09930941149445792,0.7117472814457076
251,M_Number_of_bifurcation_points,0.11903919059517962,0.8674197275440172
251,M_Maximum_branch_order,0.09865704962745933,0.8479847452633265
251,M_trunk_angle_min,0.059657641816997675,0.49847809600342036
251,M_trunk_angle_max,0.08326343549140826,0.6606299265036988
252,M_soma_circularity_index,0.1560351856470163,0.8272836480340651
252,M_soma_aspect_ratio,0.14918154289074978,0.8503586223613226
252,M_cell_max_radial_dist,0.04460572120086434,0.38706237538416377
252,M_total_number_of_neurites,0.15153621966572883,0.5983628411240166
252,M_basal_dendrite_avg_tortuosity,0.042695444356778925,0.1816517029886628
252,M_Total_neurite_length_(sections),0.08164408490123036,0.6605409518458388
252,M_Number_of_bifurcation_points,0.11986040010414926,0.8006938732796974
252,M_Maximum_branch_order,0.11496609589170376,0.9292596641246056
252,M_trunk_angle_min,0.06367570095397178,0.6427484030378221
252,M_trunk_angle_max,0.07579960438780659,0.8208642752153452
253,M_soma_circularity_index,0.1549894785187177,0.7752286763104616
253,M_soma_aspect_ratio,0.16007091736232687,0.9862286162312418
253,M_cell_max_radial_dist,0.044955146872941325,0.4463987984445581
253,M_total_number_of_neurites,0.17552838721291203,0.7278094360468252
253,M_basal_dendrite_avg_tortuosity,0.033737882982972464,0.04892858250175025
253,M_Total_neurite_length_(sections),0.08594650814490137,0.6552311192992315
253,M_Number_of_bifurcation_points,0.11740279328169427,0.7945853842762397
253,M_Maximum_branch_order,0.10488857730957096,0.7629465431530661
253,M_trunk_angle_min,0.050279636844513004,0.42091006970644274
253,M_trunk_angle_max,0.07220067146945,0.6034316971268348
254,M_soma_circularity_index,0.1572377617761721,0.8592102846911012
254,M_soma_aspect_ratio,0.14580065266788422,0.6828755765999306
254,M_cell_max_radial_dist,0.04489202837450581,0.39462858190686007
254,M_total_number_of_neurites,0.1575248977592398,0.6560968656902488
254,M_basal_dendrite_avg_tortuosity,0.041591518995785684,0.2558258051257977
254,M_Total_neurite_length_(sections),0.0996766439147665,0.6714510411403087
254,M_Number_of_bifurcation_points,0.12671753144856204,0.8826848134802945
254,M_Maximum_branch_order,0.09318335082488932,0.881644960658522
254,M_trunk_angle_min,0.057138579526335755,0.5062425640384672
254,M_trunk_angle_max,0.07623703471185879,0.7982022800584425
255,M_soma_circularity_index,0.1514064991254983,0.728301424874882
255,M_soma_aspect_ratio,0.15794073423126215,0.9396125013131051
255,M_cell_max_radial_dist,0.053347345026428225,0.4526541586306406
255,M_total_number_of_neurites,0.11200945029528185,0.6015634551527904
255,M_basal_dendrite_avg_tortuosity,0.04452743146582296,0.21755822008021597
255,M_Total_neurite_length_(sections),0.10510849681731387,0.8005391335051677
255,M_Number_of_bifurcation_points,0.12045603243250985,0.9449177875334314
255,M_Maximum_branch_order,0.10307800409600987,0.739997536196298
255,M_trunk_angle_min,0.0627193610801247,0.5209565849856976
255,M_trunk_angle_max,0.08940664542974827,0.824409476070235
256,M_soma_circularity_index,0.1359683383195063,0.6641344033053151
256,M_soma_aspect_ratio,0.16644381723505983,0.8941678714651609
256,M_cell_max_radial_dist,0.05261730684257169,0.45022278160395834
256,M_total_number_of_neurites,0.13435319727045847,0.6087434117483999
256,M_basal_dendrite_avg_tortuosity,0.04128656016563638,0.11047389185071314
256,M_Total_neurite_length_(sections),0.11281324121715891,0.7281736580526842
256,M_Number_of_bifurcation_points,0.12174360540910743,0.8574111013950663
256,M_Maximum_branch_order,0.09627059906198711,0.7281558140710472
256,M_trunk_angle_min,0.058001974439236756,0.5898134607661775
256,M_trunk_angle_max,0.08050136003927696,0.8980089889628546
257,M_soma_circularity_index,0.1447581760590764,0.7340199340935663
257,M_soma_aspect_ratio,0.16612775648924125,0.8168527123370609
257,M_cell_max_radial_dist,0.04332125860345468,0.45928717940989083
257,M_total_number_of_neurites,0.16806852793933874,0.7621378985753358
257,M_basal_dendrite_avg_tortuosity,0.03920326943241306,0.1428979602782233
257,M_Total_neurite_length_(sections),0.11147987137947435,0.7316201548833706
257,M_Number_of_bifurcation_points,0.09837638775949048,0.7571532458092428
257,M_Maximum_branch_order,0.09607969341158332,0.6374248458803619
257,M_trunk_angle_min,0.05402106659750743,0.6704900658556217
257,M_trunk_angle_max,0.07856399232842033,0.8514744835545239
258,M_soma_circularity_index,0.14973904567014684,0.7989537810437033
258,M_soma_aspect_ratio,0.15041515224821148,0.8356989688966612
258,M_cell_max_radial_dist,0.04622659678133975,0.39454704210344094
258,M_total_number_of_neurites,0.15116251225893276,0.5811899009589991
258,M_basal_dendrite_avg_tortuosity,0.04281685882182108,0.132228051855223
258,M_Total_neurite_length_(sections),0.1119864364993192,0.7609081232628307
258,M_Number_of_bifurcation_points,0.10546632641102757,0.8607482257266447
258,M_Maximum_branch_order,0.09696099768912989,0.7263527198223617
258,M_trunk_angle_min,0.05421901417632574,0.6851693519827322
258,M_trunk_angle_max,0.09100705944374578,0.8506248743885964
259,M_soma_circularity_index,0.14697509182205465,0.7516299530454897
259,M_soma_aspect_ratio,0.17309215984366572,0.9270262692945949
259,M_cell_max_radial_dist,0.04982191673436857,0.449566233319738
259,M_total_number_of_neurites,0.14427445983116832,0.6091135442105755
259,M_basal_dendrite_avg_tortuosity,0.03946741301485205,0.15325951550472566
259,M_Total_neurite_length_(sections),0.10802758832591959,0.761959771317837
259,M_Number_of_bifurcation_points,0.1134701023621311,0.8043367683565823
259,M_Maximum_branch_order,0.09424263125600574,0.6271466942815976
259,M_trunk_angle_min,0.060951218574698623,0.7841968378805446
259,M_trunk_angle_max,0.06967741823513558,0.8378433000143022
260,M_soma_circularity_index,0.14487643331665728,0.6839511644655332
260,M_soma_aspect_ratio,0.16023505923378487,0.9194476772278152
260,M_cell_max_radial_dist,0.05085089938206605,0.47713443521637267
260,M_total_number_of_neurites,0.14921609150818443,0.5761354213218273
260,M_basal_dendrite_avg_tortuosity,0.04010863305849239,0.07837989542349287
260,M_Total_neurite_length_(sections),0.10730983605822046,0.7345152741271704
260,M_Number_of_bifurcation_points,0.11459419386995401,0.8129395544552107
260,M_Maximum_branch_order,0.09747488005169815,0.669298812782553
260,M_trunk_angle_min,0.05590883547973009,0.7231157431356185
260,M_trunk_angle_max,0.07942513804121232,0.8889503075288574
261,M_soma_circularity_index,0.15176698922081425,0.802652234430274
261,M_soma_aspect_ratio,0.15162947782973127,0.7933443458504381
261,M_cell_max_radial_dist,0.04578443468264501,0.3689926257330443
261,M_total_number_of_neurites,0.15014999506906498,0.6465102524382265
261,M_basal_dendrite_avg_tortuosity,0.04073652752481406,0.1423299134989422
261,M_Total_neurite_length_(sections),0.10339665972441055,0.733870975086355
261,M_Number_of_bifurcation_points,0.1150736132664935,0.800233800750911
261,M_Maximum_branch_order,0.11601523717123256,0.9018732358149161
261,M_trunk_angle_min,0.04990784844507591,0.7388448585770362
261,M_trunk_angle_max,0.07553921706571798,0.8388598611006062
262,M_soma_circularity_index,0.15090766905070813,0.8204784513565764
262,M_soma_aspect_ratio,0.16195277439183675,1.0066746145754697
262,M_cell_max_radial_dist,0.04250307298112307,0.4117083959707467
262,M_total_number_of_neurites,0.13548367113869972,0.6097719868243667
262,M_basal_dendrite_avg_tortuosity,0.03855290514633244,0.13932728303098996
262,M_Total_neurite_length_(sections),0.10557121119920099,0.6443378920347217
262,M_Number_of_bifurcation_points,0.12361351332500105,0.8515650993728758
262,M_Maximum_branch_order,0.09789263658000186,0.743542460465692
262,M_trunk_angle_min,0.055001910728300026,0.5934232484920622
262,M_trunk_angle_max,0.08852063545879606,0.7224794816841338
263,M_soma_circularity_index,0.14638125672707275,0.6696555374771469
263,M_soma_aspect_ratio,0.16266640883928107,1.0457869442835213
263,M_cell_max_radial_dist,0.050333191612477,0.5403435137591395
263,M_total_number_of_neurites,0.17514911429958258,0.729690780418295
263,M_basal_dendrite_avg_tortuosity,0.044251159403812614,0.030060891280814402
263,M_Total_neurite_length_(sections),0.08298222967535851,0.6253941183911632
263,M_Number_of_bifurcation_points,0.11528375799535716,0.8201223325714291
263,M_Maximum_branch_order,0.09343088329145673,0.7473098126827441
263,M_trunk_angle_min,0.05943213565499453,0.46433243198857665
263,M_trunk_angle_max,0.07008986250060707,0.6521559184871737
264,M_soma_circularity_index,0.1487890273768226,0.7459632272646999
264,M_soma_aspect_ratio,0.1478881668172521,0.7825352770586864
264,M_cell_max_radial_dist,0.04562906585260193,0.4386491197300435
264,M_total_number_of_neurites,0.13960141106075244,0.5452563278735965
264,M_basal_dendrite_avg_tortuosity,0.04165617253905757,0.16096965235430483
264,M_Total_neurite_length_(sections),0.10321722626740423,0.7349829689678883
264,M_Number_of_bifurcation_points,0.12756202706435305,0.9421831772150667
264,M_Maximum_branch_order,0.10596739110848902,0.8134588043324652
264,M_trunk_angle_min,0.05682425630858137,0.5276425097646658
264,M_trunk_angle_max,0.08286525560468576,0.8020636462534172
265,M_soma_circularity_index,0.15863447705164122,0.9198987062304246
265,M_soma_aspect_ratio,0.1520981357799491,0.9478430150747382
265,M_cell_max_radial_dist,0.04546050182735308,0.46969273614323215
265,M_total_number_of_neurites,0.14088225087387196,0.6071668867781199
265,M_basal_dendrite_avg_tortuosity,0.04137470622088348,0.24163729617421859
265,M_Total_neurite_length_(sections),0.11124301185190288,0.7012628521550572
265,M_Number_of_bifurcation_points,0.11930114924104987,0.8812415101586228
265,M_Maximum_branch_order,0.09536646945169722,0.8365123213217635
265,M_trunk_angle_min,0.05666883681022418,0.47738887527368234
265,M_trunk_angle_max,0.07897046089142694,0.6080069995819035
266,M_soma_circularity_index,0.14066442514198926,0.7618788790378489
266,M_soma_aspect_ratio,0.17283335084340457,1.0000117023689512
266,M_cell_max_radial_dist,0.050923160455031,0.3595835746805782
266,M_total_number_of_neurites,0.15543462797866853,0.6299401967480693
266,M_basal_dendrite_avg_tortuosity,0.0422724850521205,0.1259008944058157
266,M_Total_neurite_length_(sections),0.11364890035714272,0.9500514137358609
266,M_Number_of_bifurcation_points,0.11418734771494615,0.8283275502483081
266,M_Maximum_branch_order,0.0905121312411715,0.7046770962927578
266,M_trunk_angle_min,0.059040288769129,0.4540060945460116
266,M_trunk_angle_max,0.06048328244639665,0.5710266852490588
267,M_soma_circularity_index,0.15574645870604226,0.8002224277765668
267,M_soma_aspect_ratio,0.14980029877603093,0.8366014649183502
267,M_cell_max_radial_dist,0.03947958886989993,0.3580584508813922
267,M_total_number_of_neurites,0.15865850635391027,0.5689543788917335
267,M_basal_dendrite_avg_tortuosity,0.04072841965485799,0.18859058379706783
267,M_Total_neurite_length_(sections),0.09754095537509082,0.7428236622969765
267,M_Number_of_bifurcation_points,0.11504140871534602,0.8225994098976463
267,M_Maximum_branch_order,0.11119319282950638,0.7744751040542033
267,M_trunk_angle_min,0.05753767743394026,0.7188093691166964
267,M_trunk_angle_max,0.07427349328537527,0.8268166815987223
268,M_soma_circularity_index,0.1417398296704632,0.7584331308590572
268,M_soma_aspect_ratio,0.14737965006177947,0.8328564315525584
268,M_cell_max_radial_dist,0.04841816579933586,0.3880656095800639
268,M_total_number_of_neurites,0.18286275768512794,0.818561524891626
268,M_basal_dendrite_avg_tortuosity,0.04038305198092992,0.12349133808220611
268,M_Total_neurite_length_(sections),0.10860911065314613,0.7907273652758768
268,M_Number_of_bifurcation_points,0.11134581697720801,0.7960654915139116
268,M_Maximum_branch_order,0.0938896653390036,0.7146896736875641
268,M_trunk_angle_min,0.05116579959584461,0.47649348659415375
268,M_trunk_angle_max,0.07420615223716147,0.7618021970710859
269,M_soma_circularity_index,0.1287674990726373,0.6546552415994327
269,M_soma_aspect_ratio,0.17369574030772808,1.0556586924750657
269,M_cell_max_radial_dist,0.050463752574401076,0.3902184535188513
269,M_total_number_of_neurites,0.15241783743089865,0.6150663647960155
269,M_basal_dendrite_avg_tortuosity,0.04062892373601133,0.21265625331518306
269,M_Total_neurite_length_(sections),0.09280150901919566,0.7969350598535117
269,M_Number_of_bifurcation_points,0.12208261534655132,0.8138894186063212
269,M_Maximum_branch_order,0.1037916449126435,0.7628172009051484
269,M_trunk_angle_min,0.06144566915141452,0.6103637569282255
269,M_trunk_angle_max,0.07390480844851867,0.7097517441318828
270,M_soma_circularity_index,0.15772527817785267,0.8282103945923647
270,M_soma_aspect_ratio,0.15190212351117133,0.8245427277001651
270,M_cell_max_radial_dist,0.044124836576102756,0.4149409763049232
270,M_total_number_of_neurites,0.12206645552360507,0.5813490643814568
270,M_basal_dendrite_avg_tortuosity,0.04121195247152925,0.11495214883327987
270,M_Total_neurite_length_(sections),0.10807047832758966,0.706932117668262
270,M_Number_of_bifurcation_points,0.1309487065385302,0.8868633541517337
270,M_Maximum_branch_order,0.0932092433358961,0.792683945078979
270,M_trunk_angle_min,0.06506723402312212,0.7486464223612208
270,M_trunk_angle_max,0.08567369151460104,0.8333689073745645
271,M_soma_circularity_index,0.16555940363289426,0.7752321183750766
271,M_soma_aspect_ratio,0.15153863313552668,0.8202770983922298
271,M_cell_max_radial_dist,0.037883350443227416,0.34719350949229866
271,M_total_number_of_neurites,0.13608543944366086,0.6473010869378382
271,M_basal_dendrite_avg_tortuosity,0.04214624244799933,0.07837870154881629
271,M_Total_neurite_length_(sections),0.08997468842136155,0.7356511970142012
271,M_Number_of_bifurcation_points,0.12936663582479002,0.8538638658585483
271,M_Maximum_branch_order,0.09973768984410286,0.7365184397758007
271,M_trunk_angle_min,0.05805297940732662,0.4877142155714803
271,M_trunk_angle_max,0.0896549373991104,0.9236024360588713
272,M_soma_circularity_index,0.13298038765626205,0.7299144545465949
272,M_soma_aspect_ratio,0.15492502224357013,0.8003222317446617
272,M_cell_max_radial_dist,0.04933506282070123,0.4090990258313494
272,M_total_number_of_neurites,0.17088931532834722,0.7802996751673709
272,M_basal_dendrite_avg_tortuosity,0.04447029156689567,0.24717295885274765
272,M_Total_neurite_length_(sections),0.09305970843603381,0.6939258262755398
272,M_Number_of_bifurcation_points,0.11474008445176863,0.8301585088892858
272,M_Maximum_branch_order,0.10338420249062509,0.7747991317535068
272,M_trunk_angle_min,0.0552103521214516,0.5730148759601932
272,M_trunk_angle_max,0.08100557288434442,0.7937822620465923
273,M_soma_circularity_index,0.1348566035757135,0.7750663345201011
273,M_soma_aspect_ratio,0.16022959252237076,0.8311486133274611
273,M_cell_max_radial_dist,0.044889562493267025,0.4663095338607435
273,M_total_number_of_neurites,0.1591022063574259,0.635588414391033
273,M_basal_dendrite_avg_tortuosity,0.04044079891152654,0.12196928701583969
273,M_Total_neurite_length_(sections),0.09795823331888825,0.7616268787625905
273,M_Number_of_bifurcation_points,0.12318853883833729,0.8333595259976656
273,M_Maximum_branch_order,0.10685820265833197,0.7784887450343626
273,M_trunk_angle_min,0.055541122612239244,0.5876443178260489
273,M_trunk_angle_max,0.07693513871189953,0.8510205210922984
274,M_soma_circularity_index,0.15599471895083827,0.8460509133253743
274,M_soma_aspect_ratio,0.15118642146898928,0.8223369057690749
274,M_cell_max_radial_dist,0.050697291118625004,0.4439780932901207
274,M_total_number_of_neurites,0.14349141184827421,0.5614643135375705
274,M_basal_dendrite_avg_tortuosity,0.03822588916776511,0.13211114352861966
274,M_Total_neurite_length_(sections),0.10193382237121086,0.7763447066179573
274,M_Number_of_bifurcation_points,0.10871860221591172,0.8389090852215093
274,M_Maximum_branch_order,0.10731856074697255,0.7638592915946404
274,M_trunk_angle_min,0.057723638963064205,0.7275636485033108
274,M_trunk_angle_max,0.08470964314834888,0.8796144222892843
275,M_soma_circularity_index,0.15831498514200124,0.7837975248702332
275,M_soma_aspect_ratio,0.14985496248836158,0.7748213730675034
275,M_cell_max_radial_dist,0.04354036050883883,0.4370216741413714
275,M_total_number_of_neurites,0.14104131159587355,0.6066295462522104
275,M_basal_dendrite_avg_tortuosity,0.03894113736966685,0.14338804188928317
275,M_Total_neurite_length_(sections),0.10832222877203984,0.6893654967933686
275,M_Number_of_bifurcation_points,0.12498603534239176,0.792303287652674
275,M_Maximum_branch_order,0.09645923700862094,0.7361577667182663
275,M_trunk_angle_min,0.06134559011237295,0.672051321145809
275,M_trunk_angle_max,0.0771941516598324,0.8830962072814623
276,M_soma_circularity_index,0.14525773074570364,0.6267622395819914
276,M_soma_aspect_ratio,0.15811698339985303,0.8969646646887854
276,M_cell_max_radial_dist,0.05167107970894684,0.539038143274294
276,M_total_number_of_neurites,0.14568117730856558,0.6067778772009582
276,M_basal_dendrite_avg_tortuosity,0.038417273510375584,0.1532251635741976
276,M_Total_neurite_length_(sections),0.09467433166487417,0.7350306378103699
276,M_Number_of_bifurcation_points,0.12541347367624284,0.9360638728211914
276,M_Maximum_branch_order,0.10265527870595692,0.7506105530006673
276,M_trunk_angle_min,0.05030953806552245,0.5663066489881532
276,M_trunk_angle_max,0.08780313321395904,0.7925209383818261
277,M_soma_circularity_index,0.14748888684923556,0.7872398717201474
277,M_soma_aspect_ratio,0.1584290698578512,0.8573291893435676
277,M_cell_max_radial_dist,0.04799571797366952,0.3812554956449165
277,M_total_number_of_neurites,0.1479897631090113,0.6805573022268873
277,M_basal_dendrite_avg_tortuosity,0.034298252137388345,0.15961021251639343
277,M_Total_neurite_length_(sections),0.11640545808435335,0.8095170254827342
277,M_Number_of_bifurcation_points,0.12403253222097414,0.8328040733040797
277,M_Maximum_branch_order,0.09165052758022667,0.7226056724268549
277,M_trunk_angle_min,0.05461467620146875,0.5334958264764347
277,M_trunk_angle_max,0.07709511598582126,0.9127886963104099
278,M_soma_circularity_index,0.15020492407662392,0.7790907688686027
278,M_soma_aspect_ratio,0.1541342998851097,0.8369645369831589
278,M_cell_max_radial_dist,0.04415368590773689,0.33531424914578123
278,M_total_number_of_neurites,0.14686661556566522,0.628412686608286
278,M_basal_dendrite_avg_tortuosity,0.036873396203776825,0.08957161323573042
278,M_Total_neurite_length_(sections),0.11716359010110529,0.8396047360375858
278,M_Number_of_bifurcation_points,0.12052899707582912,0.7928404680151886
278,M_Maximum_branch_order,0.08906050906566482,0.662639441298605
278,M_trunk_angle_min,0.06437571005697756,0.5843265591271047
278,M_trunk_angle_max,0.0766382720615107,0.8799037163591809
279,M_soma_circularity_index,0.14964025804000272,0.7539698091659688
279,M_soma_aspect_ratio,0.15917138720374416,0.8833098738430677
279,M_cell_max_radial_dist,0.053282174480920055,0.3860001221133531
279,M_total_number_of_neurites,0.1550929904824195,0.7699715594391139
279,M_basal_dendrite_avg_tortuosity,0.040383407824950666,0.10469574106681327
279,M_Total_neurite_length_(sections),0.10582253277762768,0.7665978234351721
279,M_Number_of_bifurcation_points,0.12008108804349456,0.8133292750631598
279,M_Maximum_branch_order,0.09350864072004063,0.7379806885373756
279,M_trunk_angle_min,0.05721065779469934,0.5483061583279866
279,M_trunk_angle_max,0.06580686263210057,0.7534847922952853
280,M_soma_circularity_index,0.1437656061327586,0.6940971953867693
280,M_soma_aspect_ratio,0.15974159715432792,0.9313081782101498
280,M_cell_max_radial_dist,0.05127531767232839,0.5196282496376833
280,M_total_number_of_neurites,0.15827822300543215,0.6625202052208161
280,M_basal_dendrite_avg_tortuosity,0.038530340923109495,0.10262567802962097
280,M_Total_neurite_length_(sections),0.1050753827290595,0.8083542094931463
280,M_Number_of_bifurcation_points,0.11651260102522319,0.7967489111160744
280,M_Maximum_branch_order,0.09538643474620487,0.6344155605333565
280,M_trunk_angle_min,0.06024651631178036,0.7083647248155036
280,M_trunk_angle_max,0.07118798029977563,0.7936001189440823
281,M_soma_circularity_index,0.14692613094112641,0.6761045412013984
281,M_soma_aspect_ratio,0.14878917898072222,0.8705784230900966
281,M_cell_max_radial_dist,0.044445769166898616,0.3407190393201508
281,M_total_number_of_neurites,0.13799774528492695,0.6631276509010372
281,M_basal_dendrite_avg_tortuosity,0.0466594849941439,0.20224066086956943
281,M_Total_neurite_length_(sections),0.118954382603292,0.8265782082475899
281,M_Number_of_bifurcation_points,0.11447733316013245,0.8334055342889334
281,M_Maximum_branch_order,0.09644344549577655,0.7221338740807224
281,M_trunk_angle_min,0.05171799296823882,0.6057879044147921
281,M_trunk_angle_max,0.0935885364047421,0.903279455300956
282,M_soma_circularity_index,0.1604297824469647,0.7810344689871642
282,M_soma_aspect_ratio,0.14532261144390662,0.878859961832971
282,M_cell_max_radial_dist,0.0500310555338119,0.4058118300681528
282,M_total_number_of_neurites,0.14430737814974184,0.6543558016725763
282,M_basal_dendrite_avg_tortuosity,0.044936878703207395,0.10546959273261153
282,M_Total_neurite_length_(sections),0.10359921158720352,0.8070706540936365
282,M_Number_of_bifurcation_points,0.11671454299998356,0.8334959278677095
282,M_Maximum_branch_order,0.10301296326462815,0.8340151331433887
282,M_trunk_angle_min,0.05907163885613201,0.5787138543986534
282,M_trunk_angle_max,0.07257393701442036,0.8284094498742447
283,M_soma_circularity_index,0.16351884422059645,0.8393123743257066
283,M_soma_aspect_ratio,0.15478271178270842,0.8418642393751187
283,M_cell_max_radial_dist,0.04178329792722122,0.3522579648823165
283,M_total_number_of_neurites,0.12725101268911954,0.5650435923457113
283,M_basal_dendrite_avg_tortuosity,0.03633468033395898,0.19272493471479576
283,M_Total_neurite_length_(sections),0.09909421816598415,0.8837304067768975
283,M_Number_of_bifurcation_points,0.12089266066170018,0.8758222363786803
283,M_Maximum_branch_order,0.10139430671495722,0.8061545859584216
283,M_trunk_angle_min,0.05991232657042702,0.5384786835428375
283,M_trunk_angle_max,0.09503594093332673,1.0029804898213823
284,M_soma_circularity_index,0.14281690142581174,0.8146102040910461
284,M_soma_aspect_ratio,0.166753020483155,0.8930603950574387
284,M_cell_max_radial_dist,0.04234544899958709,0.3953540630672679
284,M_total_number_of_neurites,0.15756940206582412,0.6917103347855835
284,M_basal_dendrite_avg_tortuosity,0.045772980525462546,0.1519722056189489
284,M_Total_neurite_length_(sections),0.10223723619506465,0.706685645545832
284,M_Number_of_bifurcation_points,0.11250132398868057,0.7749732630969434
284,M_Maximum_branch_order,0.10096000765908891,0.8373381133369517
284,M_trunk_angle_min,0.05404902254398765,0.5675909633678063
284,M_trunk_angle_max,0.07499465611333778,0.8499295904365242
285,M_soma_circularity_index,0.13471318550244105,0.709749945795672
285,M_soma_aspect_ratio,0.15573479522153294,0.92805787676583
285,M_cell_max_radial_dist,0.045048242459999936,0.4363312629159596
285,M_total_number_of_neurites,0.1559895878414133,0.6654884627507893
285,M_basal_dendrite_avg_tortuosity,0.04310396182366888,0.11207322952448101
285,M_Total_neurite_length_(sections),0.10160558119394464,0.7411594338037899
285,M_Number_of_bifurcation_points,0.11941152437954315,0.8119109526612491
285,M_Maximum_branch_order,0.09868850996280062,0.5952623638445107
285,M_trunk_angle_min,0.05848656508228997,0.6245478117831009
285,M_trunk_angle_max,0.08721804653236552,0.8922041356410401
286,M_soma_circularity_index,0.13375577058599078,0.7405385324274534
286,M_soma_aspect_ratio,0.16501907814502614,0.7814214612945741
286,M_cell_max_radial_dist,0.04752317596470224,0.41820328256887185
286,M_total_number_of_neurites,0.16329683246242183,0.6872788968244993
286,M_basal_dendrite_avg_tortuosity,0.03951454699682606,0.16362078169337163
286,M_Total_neurite_length_(sections),0.10301792932292346,0.7687918186468118
286,M_Number_of_bifurcation_points,0.11934506850233963,0.8384795243216878
286,M_Maximum_branch_order,0.10585346765256474,0.9679539778539789
286,M_trunk_angle_min,0.0550702455463849,0.6176596763469892
286,M_trunk_angle_max,0.06760388482082026,0.7856006530307321
287,M_soma_circularity_index,0.15638553242032405,0.8389853928206427
287,M_soma_aspect_ratio,0.14162541217868188,0.8216186147810888
287,M_cell_max_radial_dist,0.04501194787660773,0.387650965341939
287,M_total_number_of_neurites,0.16392185947211146,0.6514306534973412
287,M_basal_dendrite_avg_tortuosity,0.04276293984047247,0.12689637508667095
287,M_Total_neurite_length_(sections),0.10743074776981147,0.8604085920354856
287,M_Number_of_bifurcation_points,0.11947693961217307,0.8426727749536362
287,M_Maximum_branch_order,0.09979335807525505,0.7388830692264517
287,M_trunk_angle_min,0.05925909692180812,0.5986646202140199
287,M_trunk_angle_max,0.06433216583275479,0.8043666325581815
288,M_soma_circularity_index,0.15755912623090837,0.7616768307280064
288,M_soma_aspect_ratio,0.16711065827988644,0.9243469719805799
288,M_cell_max_radial_dist,0.045672110975058106,0.4274193446307024
288,M_total_number_of_neurites,0.13060124594831168,0.6201827573101433
288,M_basal_dendrite_avg_tortuosity,0.04164049572154286,0.09486645294444557
288,M_Total_neurite_length_(sections),0.106022408838953,0.7168679785777858
288,M_Number_of_bifurcation_points,0.12047268796054413,0.8474521888967224
288,M_Maximum_branch_order,0.08707938261396947,0.7617330905652613
288,M_trunk_angle_min,0.04924105573633495,0.5081319035947632
288,M_trunk_angle_max,0.09460082769449095,0.9671058978951859
289,M_soma_circularity_index,0.15097761978500387,0.8454264365524539
289,M_soma_aspect_ratio,0.1644049988895915,0.9827482504226261
289,M_cell_max_radial_dist,0.047082319878478995,0.4048190952137788
289,M_total_number_of_neurites,0.1632947466568982,0.7334703088081593
289,M_basal_dendrite_avg_tortuosity,0.041760235523003945,0.08845866059199797
289,M_Total_neurite_length_(sections),0.09823163124919511,0.8081013839288179
289,M_Number_of_bifurcation_points,0.10544283751458428,0.7966856792403728
289,M_Maximum_branch_order,0.10159647796176141,0.8324121823288568
289,M_trunk_angle_min,0.06362957832452056,0.42822365264617873
289,M_trunk_angle_max,0.06357955421696217,0.5489166871598543
290,M_soma_circularity_index,0.14134985190839444,0.8044420829136377
290,M_soma_aspect_ratio,0.16928541833252594,0.9028106959518287
290,M_cell_max_radial_dist,0.05034473475686073,0.36094322044166516
290,M_total_number_of_neurites,0.14042982208066265,0.6403493777414044
290,M_basal_dendrite_avg_tortuosity,0.038007280380269855,0.148883208733142
290,M_Total_neurite_length_(sections),0.10902953224115083,0.8714602381476031
290,M_Number_of_bifurcation_points,0.11851091199934335,0.8262076376157395
290,M_Maximum_branch_order,0.09596603844457305,0.7174713600368635
290,M_trunk_angle_min,0.05311341051193046,0.5040288422403723
290,M_trunk_angle_max,0.08396299934428889,0.8993647880296356
291,M_soma_circularity_index,0.15578427065109068,0.9019828662553414
291,M_soma_aspect_ratio,0.15632280488596662,0.7296675949634177
291,M_cell_max_radial_dist,0.04657781397727834,0.4828016647556276
291,M_total_number_of_neurites,0.12690093662296345,0.5715361840786353
291,M_basal_dendrite_avg_tortuosity,0.044714297707471165,0.10581335504633238
291,M_Total_neurite_length_(sections),0.10374036688413144,0.8032366696422034
291,M_Number_of_bifurcation_points,0.12206229205285993,0.9052983106662542
291,M_Maximum_branch_order,0.09744781704503878,0.8956427757506549
291,M_trunk_angle_min,0.055858680658574925,0.5290419186424662
291,M_trunk_angle_max,0.0905907195146247,0.8393780714371768
292,M_soma_circularity_index,0.1549636836187978,0.8126515774226327
292,M_soma_aspect_ratio,0.14900758467096442,0.8719352652058354
292,M_cell_max_radial_dist,0.0532149523156836,0.44452574232566433
292,M_total_number_of_neurites,0.1454089574406931,0.660626934067654
292,M_basal_dendrite_avg_tortuosity,0.04576382870571924,0.09157259669583596
292,M_Total_neurite_length_(sections),0.11070978144004295,0.8721476394110427
292,M_Number_of_bifurcation_points,0.12052227985046297,0.8184772869213394
292,M_Maximum_branch_order,0.09638541162890922,0.7688742897401674
292,M_trunk_angle_min,0.05389374377557418,0.6024126529490892
292,M_trunk_angle_max,0.07012977655315253,0.8122856752940119
293,M_soma_circularity_index,0.14158298321923343,0.7750896653725352
293,M_soma_aspect_ratio,0.16902624617944223,0.8611268008761293
293,M_cell_max_radial_dist,0.039638791162570394,0.380839380981034
293,M_total_number_of_neurites,0.15104099402380503,0.6099693446058878
293,M_basal_dendrite_avg_tortuosity,0.03966542188154673,0.07866195223948025
293,M_Total_neurite_length_(sections),0.08518837086720872,0.7055063864380002
293,M_Number_of_bifurcation_points,0.12416258187724324,0.7865782314337576
293,M_Maximum_branch_order,0.10645981997615746,0.8670198407191404
293,M_trunk_angle_min,0.05504023686879517,0.5761578479077196
293,M_trunk_angle_max,0.0881945539439975,0.8808428256837278
294,M_soma_circularity_index,0.14408116394250703,0.6434136589437467
294,M_soma_aspect_ratio,0.1639553693065734,0.8581262055817669
294,M_cell_max_radial_dist,0.049825715220303234,0.4243524570092857
294,M_total_number_of_neurites,0.1659439538622788,0.6668650091496334
294,M_basal_dendrite_avg_tortuosity,0.037205389458747296,0.18209349196412725
294,M_Total_neurite_length_(sections),0.09350776314197529,0.6602036671603486
294,M_Number_of_bifurcation_points,0.11650510773236326,0.8080059494461653
294,M_Maximum_branch_order,0.10819717498495217,0.8059150237999091
294,M_trunk_angle_min,0.05498519847417373,0.5460552479913388
294,M_trunk_angle_max,0.06579316387612577,0.7456801815755638
295,M_soma_circularity_index,0.13494609749936134,0.7582388411715295
295,M_soma_aspect_ratio,0.1745636456779319,0.8220863948855665
295,M_cell_max_radial_dist,0.05298025089481023,0.45241916482091604
295,M_total_number_of_neurites,0.15976552355080192,0.6903919024491312
295,M_basal_dendrite_avg_tortuosity,0.03737261456100432,0.11683277048812715
295,M_Total_neurite_length_(sections),0.09724887541744827,0.7327359172667466
295,M_Number_of_bifurcation_points,0.11524676217008711,0.832422765041656
295,M_Maximum_branch_order,0.09729495659850944,0.704549406540228
295,M_trunk_angle_min,0.05274773708200256,0.48266910677018976
295,M_trunk_angle_max,0.0778335365480429,0.8371777920866978
296,M_soma_circularity_index,0.14614763465244515,0.8271279362564218
296,M_soma_aspect_ratio,0.1562485660888002,0.9658431161446703
296,M_cell_max_radial_dist,0.04587084780247205,0.409460690075747
296,M_total_number_of_neurites,0.16294371613072586,0.711195986412893
296,M_basal_dendrite_avg_tortuosity,0.046710476357499496,0.05347604629508812
296,M_Total_neurite_length_(sections),0.09466978001944575,0.7633848867695759
296,M_Number_of_bifurcation_points,0.10009519802286797,0.7239940348260864
296,M_Maximum_branch_order,0.11010584002760183,0.7521505981213943
296,M_trunk_angle_min,0.0681176782178704,0.5590378607600686
296,M_trunk_angle_max,0.06909026268027127,0.618757592949265
297,M_soma_circularity_index,0.16358455724761453,0.8691543909820796
297,M_soma_aspect_ratio,0.15327933327219506,0.9985307772130629
297,M_cell_max_radial_dist,0.04538985976697604,0.381376141039348
297,M_total_number_of_neurites,0.14157078268704149,0.5620740285771972
297,M_basal_dendrite_avg_tortuosity,0.037464418055257506,0.059953768563493354
297,M_Total_neurite_length_(sections),0.1031744961322737,0.7012510535668229
297,M_Number_of_bifurcation_points,0.11158118361714207,0.8513004489074748
297,M_Maximum_branch_order,0.10882676685103333,0.7751070758853064
297,M_trunk_angle_min,0.05975073375989918,0.697904106342695
297,M_trunk_angle_max,0.07537786861056715,0.6368200610239345
298,M_soma_circularity_index,0.15256033805262809,0.747634857596728
298,M_soma_aspect_ratio,0.1485898846418797,0.9179352909465961
298,M_cell_max_radial_dist,0.052304546564244714,0.4428857916013814
298,M_total_number_of_neurites,0.13612155815636728,0.6398031548234873
298,M_basal_dendrite_avg_tortuosity,0.03946292901557826,0.07875719464413132
298,M_Total_neurite_length_(sections),0.09682954537030186,0.6722111311178889
298,M_Number_of_bifurcation_points,0.11755343203449702,0.8773970618433715
298,M_Maximum_branch_order,0.10892499282107432,0.6967724378258668
298,M_trunk_angle_min,0.0575276075020061,0.5993725205119904
298,M_trunk_angle_max,0.09012516584142266,0.9295438465945143
299,M_soma_circularity_index,0.1522271194792371,0.83834868536286
299,M_soma_aspect_ratio,0.16996362528267678,0.9491277304120687
299,M_cell_max_radial_dist,0.04002014770736048,0.3982970974777223
299,M_total_number_of_neurites,0.13490012937616527,0.6222412310225736
299,M_basal_dendrite_avg_tortuosity,0.039546473389650366,0.09315114992310773
299,M_Total_neurite_length_(sections),0.098985341630975,0.6554084122539603
299,M_Number_of_bifurcation_points,0.11256226737989154,0.8132122793411968
299,M_Maximum_branch_order,0.10565336861301791,0.6722756366537609
299,M_trunk_angle_min,0.057937590308141856,0.6239737284155521
299,M_trunk_angle_max,0.0882039368328837,0.7460801047261706
300,M_soma_circularity_index,0.138072278573798,0.7537959373851432
300,M_soma_aspect_ratio,0.14597084121164464,0.8679340302129914
300,M_cell_max_radial_dist,0.04252881309984288,0.4653354967892137
300,M_total_number_of_neurites,0.16803424912274242,0.6714417261736495
300,M_basal_dendrite_avg_tortuosity,0.0528378264512476,0.2266179231695598
300,M_Total_neurite_length_(sections),0.0980519436943436,0.7752880980431518
300,M_Number_of_bifurcation_points,0.11078917157747051,0.8116163740254565
300,M_Maximum_branch_order,0.10431184111631056,0.6341220927132265
300,M_trunk_angle_min,0.05554493712335668,0.7078726093686549
300,M_trunk_angle_max,0.08385809802924302,0.7890339077798963
301,M_soma_circularity_index,0.15556170091875393,0.8073303535165677
301,M_soma_aspect_ratio,0.16396844714914827,0.7884445639877247
301,M_cell_max_radial_dist,0.05138930010644284,0.4752061068393467
301,M_total_number_of_neurites,0.13320809096867206,0.5449775992852481
301,M_basal_dendrite_avg_tortuosity,0.03752399563954584,0.15702802477521774
301,M_Total_neurite_length_(sections),0.1281026511927333,0.7685894443128813
301,M_Number_of_bifurcation_points,0.11181073508465532,0.801509400380151
301,M_Maximum_branch_order,0.08242351144677691,0.6732729507110521
301,M_trunk_angle_min,0.07051400548265455,0.7903632520005301
301,M_trunk_angle_max,0.06549756201061696,0.8666135150742679
302,M_soma_circularity_index,0.15492407643262596,0.7704269790408363
302,M_soma_aspect_ratio,0.1542652517746268,0.7350184750367831
302,M_cell_max_radial_dist,0.048390917031200534,0.4895375937392322
302,M_total_number_of_neurites,0.1538221406067776,0.6493869256477169
302,M_basal_dendrite_avg_tortuosity,0.03808167984406475,0.16620536239346903
302,M_Total_neurite_length_(sections),0.1090534523721092,0.6219655081706038
302,M_Number_of_bifurcation_points,0.11081984389074387,0.811989299255508
302,M_Maximum_branch_order,0.09690381740750813,0.8049875968880159
302,M_trunk_angle_min,0.05836333902492732,0.5557221786476594
302,M_trunk_angle_max,0.0753754816154158,0.8328617276282558
303,M_soma_circularity_index,0.1414593901862224,0.7193951303320749
303,M_soma_aspect_ratio,0.17178045289550795,0.8077131741923539
303,M_cell_max_radial_dist,0.04197212857686488,0.4137191325035138
303,M_total_number_of_neurites,0.15445130233779122,0.6095093810463889
303,M_basal_dendrite_avg_tortuosity,0.039355909419505265,0.25694673371236354
303,M_Total_neurite_length_(sections),0.10942567046000645,0.6875314514146398
303,M_Number_of_bifurcation_points,0.1060901583639453,0.8337774903524987
303,M_Maximum_branch_order,0.10043069496657768,0.7961449783826637
303,M_trunk_angle_min,0.05527873202063708,0.7184579585595914
303,M_trunk_angle_max,0.07975556077294194,0.8742590515133006
304,M_soma_circularity_index,0.1590971951195954,0.7216018562143711
304,M_soma_aspect_ratio,0.16412799618522952,0.9730676643762816
304,M_cell_max_radial_dist,0.048031212429736264,0.3620963852772511
304,M_total_number_of_neurites,0.13092591307614676,0.5970069817750039
304,M_basal_dendrite_avg_tortuosity,0.03970068449454801,0.20586357763208255
304,M_Total_neurite_length_(sections),0.11102991286584375,0.7981354480576172
304,M_Number_of_bifurcation_points,0.09668631438817267,0.8231649123107824
304,M_Maximum_branch_order,0.11409486737364535,0.8643342739041573
304,M_trunk_angle_min,0.05234285161175775,0.5309362286218414
304,M_trunk_angle_max,0.08396305245532448,0.8448518455511499
305,M_soma_circularity_index,0.14353172244947004,0.7371638958358973
305,M_soma_aspect_ratio,0.16079851788424557,0.8301804455966822
305,M_cell_max_radial_dist,0.04564470181002104,0.3805071625026876
305,M_total_number_of_neurites,0.16330265944678696,0.7100330854096744
305,M_basal_dendrite_avg_tortuosity,0.03465490402842097,0.17928042101172464
305,M_Total_neurite_length_(sections),0.10103148063568025,0.7250348437964087
305,M_Number_of_bifurcation_points,0.11131248647030956,0.8422220056436315
305,M_Maximum_branch_order,0.10180844366154967,0.7400382310047194
305,M_trunk_angle_min,0.06598179001954319,0.5835028242306233
305,M_trunk_angle_max,0.07193329359397277,0.7744226059896675
306,M_soma_circularity_index,0.14760212731788383,0.8450518863737148
306,M_soma_aspect_ratio,0.13969895808147265,0.8660351726238535
306,M_cell_max_radial_dist,0.04782897050754037,0.3598440278961767
306,M_total_number_of_neurites,0.14545564580096848,0.7053032683975602
306,M_basal_dendrite_avg_tortuosity,0.03908730162691408,0.10657031629396349
306,M_Total_neurite_length_(sections),0.10283202542699482,0.7695977420831033
306,M_Number_of_bifurcation_points,0.12409508354495051,0.8884092065438951
306,M_Maximum_branch_order,0.10475547562115134,0.7105565118394366
306,M_trunk_angle_min,0.06282690982336593,0.661988272915043
306,M_trunk_angle_max,0.08581750224875806,0.8371435854003311
307,M_soma_circularity_index,0.14959614360414403,0.828977306350942
307,M_soma_aspect_ratio,0.1496378057771626,0.8869072216393739
307,M_cell_max_radial_dist,0.04579203239416404,0.40859516149594477
307,M_total_number_of_neurites,0.1428590213703248,0.6674488695677963
307,M_basal_dendrite_avg_tortuosity,0.04703922175104063,0.15327819226898834
307,M_Total_neurite_length_(sections),0.09821292396370344,0.7680668602562196
307,M_Number_of_bifurcation_points,0.1180534726600387,0.8479957504433376
307,M_Maximum_branch_order,0.10026752871836242,0.7039348236411119
307,M_trunk_angle_min,0.06444948993568472,0.6859030146008565
307,M_trunk_angle_max,0.08409235982537479,0.9206481022690749
308,M_soma_circularity_index,0.14893782082880952,0.7010624039549047
308,M_soma_aspect_ratio,0.16315325048105866,0.831877389849614
308,M_cell_max_radial_dist,0.041274165983648,0.3614476933409947
308,M_total_number_of_neurites,0.15835022882717115,0.7027124266411253
308,M_basal_dendrite_avg_tortuosity,0.04253753491455875,0.13811386986034946
308,M_Total_neurite_length_(sections),0.10082859208459398,0.7806568640233783
308,M_Number_of_bifurcation_points,0.1220272457100061,0.8640058492582032
308,M_Maximum_branch_order,0.09796160314675582,0.7993057378728603
308,M_trunk_angle_min,0.0498701569086104,0.5769848028632785
308,M_trunk_angle_max,0.0750594011147877,0.8682864254411722
309,M_soma_circularity_index,0.15545490585003974,0.8660550150346944
309,M_soma_aspect_ratio,0.15088380866482032,0.9296046672643704
309,M_cell_max_radial_dist,0.04613711380775979,0.4857147904861464
309,M_total_number_of_neurites,0.15809610858939133,0.6885528604563108
309,M_basal_dendrite_avg_tortuosity,0.04279827163129336,0.04905212168674995
309,M_Total_neurite_length_(sections),0.10050083955942687,0.7138683435850885
309,M_Number_of_bifurcation_points,0.11394912214918049,0.8711946533145745
309,M_Maximum_branch_order,0.09859792316282293,0.696803230262397
309,M_trunk_angle_min,0.062332003134227626,0.5957662247776245
309,M_trunk_angle_max,0.07124990345103765,0.7557699659715817
310,M_soma_circularity_index,0.15769657937943654,0.7988301134182626
310,M_soma_aspect_ratio,0.1532139593530198,0.8054865982671311
310,M_cell_max_radial_dist,0.04968385839049339,0.4173823885837712
310,M_total_number_of_neurites,0.14710121885929234,0.5686771856058626
310,M_basal_dendrite_avg_tortuosity,0.036499353607007484,0.17157626685696628
310,M_Total_neurite_length_(sections),0.10739236144323869,0.6652746967092563
310,M_Number_of_bifurcation_points,0.11799224680392496,0.8725502215352843
310,M_Maximum_branch_order,0.09692990878944675,0.7177209113028713
310,M_trunk_angle_min,0.054365305115654385,0.7069374128564686
310,M_trunk_angle_max,0.07912520825848558,0.8495618367807687
311,M_soma_circularity_index,0.1494707094998789,0.7524409351657022
311,M_soma_aspect_ratio,0.15377169550534048,0.9077138414547333
311,M_cell_max_radial_dist,0.04466108053881964,0.37888601851843634
311,M_total_number_of_neurites,0.13001116783475256,0.5942602238069195
311,M_basal_dendrite_avg_tortuosity,0.04603706459472371,0.0615364279997449
311,M_Total_neurite_length_(sections),0.11116268287490538,0.7887704015369054
311,M_Number_of_bifurcation_points,0.12079333979465756,0.8365704895077908
311,M_Maximum_branch_order,0.08957036599897983,0.6365061135955337
311,M_trunk_angle_min,0.062198697807267694,0.6852502589836924
311,M_trunk_angle_max,0.09232319555067421,0.9643889677889824
312,M_soma_circularity_index,0.15239888190909054,0.8123269095705887
312,M_soma_aspect_ratio,0.15514194948727866,0.9211798612716857
312,M_cell_max_radial_dist,0.04541318742276294,0.4249508360538964
312,M_total_number_of_neurites,0.13345155652068286,0.5511104549611638
312,M_basal_dendrite_avg_tortuosity,0.036363638487061416,0.10987802715745934
312,M_Total_neurite_length_(sections),0.0973885277867323,0.6122235720695559
312,M_Number_of_bifurcation_points,0.11174814575114737,0.8608893529222845
312,M_Maximum_branch_order,0.11309828980426465,0.8072260452175317
312,M_trunk_angle_min,0.0547055630035638,0.696620927167779
312,M_trunk_angle_max,0.10029025982741549,0.9266781106295847
313,M_soma_circularity_index,0.1333917511369147,0.7111402942004453
313,M_soma_aspect_ratio,0.16830825937036142,0.9077706518166673
313,M_cell_max_radial_dist,0.048517831701744216,0.32577157908425475
313,M_total_number_of_neurites,0.15005925966945363,0.6661991344753408
313,M_basal_dendrite_avg_tortuosity,0.03958014471368683,0.14345518896627593
313,M_Total_neurite_length_(sections),0.10313960556761077,0.8471426440618379
313,M_Number_of_bifurcation_points,0.11598329867866443,0.8507393411707993
313,M_Maximum_branch_order,0.0969533772672663,0.6555909915361405
313,M_trunk_angle_min,0.05688981388976628,0.5039955015306057
313,M_trunk_angle_max,0.08717665800453142,0.9287393607104938
314,M_soma_circularity_index,0.14608980052170084,0.8265101403888606
314,M_soma_aspect_ratio,0.1711835448066335,0.9802772083055373
314,M_cell_max_radial_dist,0.04894647046001593,0.37998169419145555
314,M_total_number_of_neurites,0.1359926925338405,0.55369524214737
314,M_basal_dendrite_avg_tortuosity,0.04063584332221588,0.1897373862707573
314,M_Total_neurite_length_(sections),0.0907399193723572,0.8146733851251302
314,M_Number_of_bifurcation_points,0.114326531419694,0.8923069049820583
314,M_Maximum_branch_order,0.11180587131151948,0.7997651614468628
314,M_trunk_angle_min,0.04994080624771507,0.4656197761876968
314,M_trunk_angle_max,0.09033852000430775,0.6513808020334793
315,M_soma_circularity_index,0.1458311536897599,0.6513241029613857
315,M_soma_aspect_ratio,0.16556212433480347,0.9915238215351709
315,M_cell_max_radial_dist,0.05334025954018025,0.4072545386039076
315,M_total_number_of_neurites,0.13190890275252126,0.5775541603072393
315,M_basal_dendrite_avg_tortuosity,0.04255658464352932,0.19040610373713318
315,M_Total_neurite_length_(sections),0.09921001400552176,0.6618420416276704
315,M_Number_of_bifurcation_points,0.1114843920176532,0.8615839073242368
315,M_Maximum_branch_order,0.1122921996977508,0.6421964388264038
315,M_trunk_angle_min,0.059392251807267926,0.7333470078555189
315,M_trunk_angle_max,0.07842211751101215,0.8040678391484908
316,M_soma_circularity_index,0.14137625630274198,0.7589787073444335
316,M_soma_aspect_ratio,0.15007041495501006,0.9392375150168539
316,M_cell_max_radial_dist,0.04720387451422995,0.41514603189503296
316,M_total_number_of_neurites,0.16278802832532335,0.7268929698147775
316,M_basal_dendrite_avg_tortuosity,0.04321023512199406,0.09373799355797126
316,M_Total_neurite_length_(sections),0.09637835119336201,0.7882782469364744
316,M_Number_of_bifurcation_points,0.11972860437923663,0.8537576778962053
316,M_Maximum_branch_order,0.1039302734001762,0.6446440121895992
316,M_trunk_angle_min,0.061984582498893236,0.7292176087741229
316,M_trunk_angle_max,0.07332937930903241,0.8367877965066803
317,M_soma_circularity_index,0.1694632178900551,0.9348173824840607
317,M_soma_aspect_ratio,0.14490311303643444,0.9496371820706848
317,M_cell_max_radial_dist,0.04277793348430545,0.3973315433616499
317,M_total_number_of_neurites,0.15996477700645198,0.7333594458594296
317,M_basal_dendrite_avg_tortuosity,0.042663465598579274,0.10683171600131622
317,M_Total_neurite_length_(sections),0.09419587315341335,0.7244878256449829
317,M_Number_of_bifurcation_points,0.11701910014395983,0.8430949227478952
317,M_Maximum_branch_order,0.09737754024599368,0.7639224145173602
317,M_trunk_angle_min,0.05522530539858712,0.48060119476706953
317,M_trunk_angle_max,0.07640967404221986,0.7307163435984751
318,M_soma_circularity_index,0.15226224514784173,0.8807403840924213
318,M_soma_aspect_ratio,0.15043935989873305,0.8144513444740806
318,M_cell_max_radial_dist,0.04118165656627747,0.33194609176575324
318,M_total_number_of_neurites,0.17272835406421264,0.6424388933053539
318,M_basal_dendrite_avg_tortuosity,0.03853804280103956,0.20442276839731313
318,M_Total_neurite_length_(sections),0.08685340734450758,0.6567261681767671
318,M_Number_of_bifurcation_points,0.10975039989221717,0.8230284167016702
318,M_Maximum_branch_order,0.11211261555539093,0.8033300675774605
318,M_trunk_angle_min,0.064174271198325,0.6766192162285366
318,M_trunk_angle_max,0.07195964753145478,0.5947998624805474
319,M_soma_circularity_index,0.17279596372234735,0.7902456332857416
319,M_soma_aspect_ratio,0.14042048301586937,0.7734490882845535
319,M_cell_max_radial_dist,0.04784859211450872,0.4538008512702256
319,M_total_number_of_neurites,0.15901033922205993,0.6611712831976394
319,M_basal_dendrite_avg_tortuosity,0.03734813809211185,0.13581272590246407
319,M_Total_neurite_length_(sections),0.11215839393593438,0.7388667919410798
319,M_Number_of_bifurcation_points,0.12396083234209004,0.8391140430245972
319,M_Maximum_branch_order,0.09073032819079019,0.5761507473167108
319,M_trunk_angle_min,0.057816483192440496,0.6907152230906324
319,M_trunk_angle_max,0.05791044617184766,0.719777286466657
320,M_soma_circularity_index,0.12260963060474638,0.7026904244353085
320,M_soma_aspect_ratio,0.17563772729652694,1.0736883404569402
320,M_cell_max_radial_dist,0.04583398601635828,0.3646971767254086
320,M_total_number_of_neurites,0.1776185330982474,0.7130446104875241
320,M_basal_dendrite_avg_tortuosity,0.0396583113221567,0.060474039295295025
320,M_Total_neurite_length_(sections),0.10411450453550727,0.7919044059877569
320,M_Number_of_bifurcation_points,0.10451605787703926,0.7962187207108208
320,M_Maximum_branch_order,0.09843062478247905,0.6497307272529267
320,M_trunk_angle_min,0.05999915631348516,0.6452704916730037
320,M_trunk_angle_max,0.07158146815345351,0.6450552045785266
321,M_soma_circularity_index,0.16907763737516202,0.8350454635792209
321,M_soma_aspect_ratio,0.13602413624774531,0.8383309994390116
321,M_cell_max_radial_dist,0.051338697976542905,0.41874965848880563
321,M_total_number_of_neurites,0.13766020218370936,0.5867235435584388
321,M_basal_dendrite_avg_tortuosity,0.04278711318701697,0.11023042374566605
321,M_Total_neurite_length_(sections),0.10275258046247202,0.7814301446570339
321,M_Number_of_bifurcation_points,0.10867384881484474,0.8276925490707823
321,M_Maximum_branch_order,0.11927126501681865,0.9179573654812752
321,M_trunk_angle_min,0.05614052058922892,0.5968148549437304
321,M_trunk_angle_max,0.07627399814645923,0.8345314943852706
322,M_soma_circularity_index,0.1651068376043936,0.941281439148206
322,M_soma_aspect_ratio,0.13231014576451008,0.42135725400205637
322,M_cell_max_radial_dist,0.04722529185644947,0.4251495731184526
322,M_total_number_of_neurites,0.1521265996447961,0.6281858694974511
322,M_basal_dendrite_avg_tortuosity,0.046367215229970206,0.3249173980964432
322,M_Total_neurite_length_(sections),0.10946506106473933,0.749502698205866
322,M_Number_of_bifurcation_points,0.12045557331934525,0.9335462149580611
322,M_Maximum_branch_order,0.097660453896308,0.8912294585622152
322,M_trunk_angle_min,0.06132721445004061,0.5157171781278715
322,M_trunk_angle_max,0.06795560716944726,0.8189716075495715
323,M_soma_circularity_index,0.13246953343593432,0.774481745035777
323,M_soma_aspect_ratio,0.15792159967121838,0.9418943375793494
323,M_cell_max_radial_dist,0.05117018543294785,0.48227894193981136
323,M_total_number_of_neurites,0.1545730104036199,0.7597707327297044
323,M_basal_dendrite_avg_tortuosity,0.04341508667722506,0.14469856048234642
323,M_Total_neurite_length_(sections),0.09246781024527848,0.698266164385191
323,M_Number_of_bifurcation_points,0.11660312031653491,0.825381466549252
323,M_Maximum_branch_order,0.10032917379765777,0.6324606205098383
323,M_trunk_angle_min,0.050677907283395475,0.5539747776080872
323,M_trunk_angle_max,0.10037257273618796,0.8636322134981973
324,M_soma_circularity_index,0.1630936544549636,0.8002254381878153
324,M_soma_aspect_ratio,0.13960028963470614,0.8670208590788735
324,M_cell_max_radial_dist,0.04518121145582503,0.3703285747607239
324,M_total_number_of_neurites,0.1307801759953144,0.5985033627743264
324,M_basal_dendrite_avg_tortuosity,0.04318465685593493,0.1747191900969857
324,M_Total_neurite_length_(sections),0.10662979273495284,0.8554378118524023
324,M_Number_of_bifurcation_points,0.12119377161395828,0.8859361597667434
324,M_Maximum_branch_order,0.09854308720520395,0.7860152267478575
324,M_trunk_angle_min,0.05400303298592193,0.5503627262656082
324,M_trunk_angle_max,0.09779032706321895,0.8921061840603279
325,M_soma_circularity_index,0.14547655721277988,0.7878762267306498
325,M_soma_aspect_ratio,0.1483817103080791,0.8370225118522946
325,M_cell_max_radial_dist,0.043655122064943416,0.31611545658738816
325,M_total_number_of_neurites,0.14832018530950639,0.6247796822432391
325,M_basal_dendrite_avg_tortuosity,0.04328648126828224,0.09117242226674631
325,M_Total_neurite_length_(sections),0.096770567480531,0.7351081227321684
325,M_Number_of_bifurcation_points,0.12660569150332998,0.8572034898126546
325,M_Maximum_branch_order,0.10569667318949183,0.8197236124609597
325,M_trunk_angle_min,0.051332502702567735,0.4864357038470454
325,M_trunk_angle_max,0.09047450896048845,0.8263429627782548
326,M_soma_circularity_index,0.14537281218929313,0.8533303990386992
326,M_soma_aspect_ratio,0.1509759145222035,0.8096901314705738
326,M_cell_max_radial_dist,0.04211279581021361,0.4069382503647633
326,M_total_number_of_neurites,0.17682412782486107,0.5791479211449794
326,M_basal_dendrite_avg_tortuosity,0.043270798631985796,0.27873214041420386
326,M_Total_neurite_length_(sections),0.08887900040334845,0.6312405245327167
326,M_Number_of_bifurcation_points,0.12203492984021479,0.8961833113502538
326,M_Maximum_branch_order,0.11141375447224018,0.7706938736114893
326,M_trunk_angle_min,0.059547696447661835,0.7210283490559146
326,M_trunk_angle_max,0.059568169857977776,0.5740384835443226
327,M_soma_circularity_index,0.13730832060428602,0.7779612287123671
327,M_soma_aspect_ratio,0.16491067547059748,0.9355337343724373
327,M_cell_max_radial_dist,0.04256774377715413,0.3747258129391662
327,M_total_number_of_neurites,0.14157981378080195,0.5805409845877423
327,M_basal_dendrite_avg_tortuosity,0.04007418337160616,0.14205393211505418
327,M_Total_neurite_length_(sections),0.10983029178905887,0.7580994306478723
327,M_Number_of_bifurcation_points,0.12351739901474293,0.8869702608974751
327,M_Maximum_branch_order,0.09142320592412569,0.6496019006928475
327,M_trunk_angle_min,0.05295846349951807,0.6376448555245418
327,M_trunk_angle_max,0.0958299027681088,0.9320234340268025
328,M_soma_circularity_index,0.17548886044732662,0.9209984121212655
328,M_soma_aspect_ratio,0.14159205595000313,0.6490486742983848
328,M_cell_max_radial_dist,0.04202824127297219,0.41350461421269835
328,M_total_number_of_neurites,0.14291889177113343,0.6205251563645533
328,M_basal_dendrite_avg_tortuosity,0.03346510746087272,0.22431407796790087
328,M_Total_neurite_length_(sections),0.10597877073084386,0.7249229196350054
328,M_Number_of_bifurcation_points,0.1227465805444065,0.7558603105860134
328,M_Maximum_branch_order,0.10803420078585456,0.8812047328122771
328,M_trunk_angle_min,0.04504930289691487,0.5296484270887565
328,M_trunk_angle_max,0.08269798813967216,0.8885131975077725
329,M_soma_circularity_index,0.15540509358926072,0.6956599454731329
329,M_soma_aspect_ratio,0.1608681641277199,0.9205586775949159
329,M_cell_max_radial_dist,0.051560111283444524,0.42144019439735914
329,M_total_number_of_neurites,0.13826561739909735,0.6357048823369102
329,M_basal_dendrite_avg_tortuosity,0.04241354788102441,0.1320797035379053
329,M_Total_neurite_length_(sections),0.11451156951061278,0.8653713629199556
329,M_Number_of_bifurcation_points,0.11961311608335518,0.9087013907077113
329,M_Maximum_branch_order,0.08739468020530371,0.6897137342860316
329,M_trunk_angle_min,0.0578275813241513,0.5820103274459996
329,M_trunk_angle_max,0.07214051859603014,0.8419979777917137
330,M_soma_circularity_index,0.14403130837720282,0.6977769049023456
330,M_soma_aspect_ratio,0.16461576815050696,0.9722594930462232
330,M_cell_max_radial_dist,0.049631044536102946,0.4297519085137021
330,M_total_number_of_neurites,0.13317360254777363,0.6470510580846898
330,M_basal_dendrite_avg_tortuosity,0.03762889288053027,0.15935784094472363
330,M_Total_neurite_length_(sections),0.10948006511173307,0.7912573527446055
330,M_Number_of_bifurcation_points,0.12403164879086913,0.7762758543636877
330,M_Maximum_branch_order,0.09459077106803727,0.716377144316029
330,M_trunk_angle_min,0.05352055444864771,0.5450403122076724
330,M_trunk_angle_max,0.08929634408859621,0.8950766478806215
331,M_soma_circularity_index,0.13068220500194191,0.7582116207192061
331,M_soma_aspect_ratio,0.1770649736641099,0.9430273049028307
331,M_cell_max_radial_dist,0.04833280777821203,0.41577360225331417
331,M_total_number_of_neurites,0.14175786209919622,0.6437675356501806
331,M_basal_dendrite_avg_tortuosity,0.04675446972339504,0.08313494403030845
331,M_Total_neurite_length_(sections),0.09831936451366825,0.8129461209961614
331,M_Number_of_bifurcation_points,0.12564739812263856,0.8434125419180502
331,M_Maximum_branch_order,0.09967498138470596,0.8123504856260811
331,M_trunk_angle_min,0.05274107679025917,0.5461434854947396
331,M_trunk_angle_max,0.07902486092187301,0.8635016111937217
332,M_soma_circularity_index,0.1446616642399469,0.6686906784486406
332,M_soma_aspect_ratio,0.15846701584111286,0.8998834120325326
332,M_cell_max_radial_dist,0.044338667447593995,0.3843358548951477
332,M_total_number_of_neurites,0.1586647491153587,0.6337913372405504
332,M_basal_dendrite_avg_tortuosity,0.03892851580148979,0.0672202262463291
332,M_Total_neurite_length_(sections),0.10174706276565249,0.8133998941888839
332,M_Number_of_bifurcation_points,0.11675221322549018,0.7650810975266572
332,M_Maximum_branch_order,0.10076676842363957,0.853272808443222
332,M_trunk_angle_min,0.05631865826984258,0.5594576108870379
332,M_trunk_angle_max,0.07935468486987275,0.8009269642886252
333,M_soma_circularity_index,0.15054434558966573,0.8844235839437138
333,M_soma_aspect_ratio,0.1532827417381078,0.7944781004425037
333,M_cell_max_radial_dist,0.04241184281632709,0.3899984852318677
333,M_total_number_of_neurites,0.15019765885025851,0.6618685332372374
333,M_basal_dendrite_avg_tortuosity,0.04524588235125872,0.15007049973064954
333,M_Total_neurite_length_(sections),0.10094513523328941,0.7225678883605131
333,M_Number_of_bifurcation_points,0.11203025700875385,0.7616195258308667
333,M_Maximum_branch_order,0.09868664787855233,0.7456188607282815
333,M_trunk_angle_min,0.06199931677455778,0.6100544761250393
333,M_trunk_angle_max,0.08465617175922864,0.8752440029615614
334,M_soma_circularity_index,0.1383357821076846,0.8104610431224563
334,M_soma_aspect_ratio,0.16263283971020204,1.0114164766967013
334,M_cell_max_radial_dist,0.0487789683466451,0.38889081486671173
334,M_total_number_of_neurites,0.16849663069029053,0.6053160138982827
334,M_basal_dendrite_avg_tortuosity,0.04796276564433689,0.3878844985291656
334,M_Total_neurite_length_(sections),0.09154666031284818,0.6976523917421076
334,M_Number_of_bifurcation_points,0.1163621099694648,0.8535418120192799
334,M_Maximum_branch_order,0.10927479830904203,0.702955084409708
334,M_trunk_angle_min,0.04329145713327336,0.3566253526166774
334,M_trunk_angle_max,0.07331798777621251,0.5341937465563544
335,M_soma_circularity_index,0.13882727858773633,0.7742330295342522
335,M_soma_aspect_ratio,0.16414374806073007,0.8369046257644471
335,M_cell_max_radial_dist,0.04624440618318336,0.42693416847475085
335,M_total_number_of_neurites,0.1415966795050713,0.5549507599311525
335,M_basal_dendrite_avg_tortuosity,0.03637770118781498,0.11762194402434771
335,M_Total_neurite_length_(sections),0.10500117052612322,0.7770446066571403
335,M_Number_of_bifurcation_points,0.11873101096036842,0.8318013677845684
335,M_Maximum_branch_order,0.10744665939328507,0.802074296848549
335,M_trunk_angle_min,0.059599508390771605,0.7239088186834067
335,M_trunk_angle_max,0.08203183720491565,0.8945124675736009
336,M_soma_circularity_index,0.1464676571598965,0.8754137736228735
336,M_soma_aspect_ratio,0.15823128602997802,0.9209703465817024
336,M_cell_max_radial_dist,0.04812569315938156,0.3357315448514445
336,M_total_number_of_neurites,0.16067826157001674,0.6629931930397299
336,M_basal_dendrite_avg_tortuosity,0.04212004079809637,0.2126866455682538
336,M_Total_neurite_length_(sections),0.09997201440730548,0.8032214878233678
336,M_Number_of_bifurcation_points,0.10611569314178455,0.8177710606733105
336,M_Maximum_branch_order,0.10911573237813313,0.9184944079687574
336,M_trunk_angle_min,0.06432331027732535,0.47670385554830974
336,M_trunk_angle_max,0.06485031107808223,0.5575583536389892
337,M_soma_circularity_index,0.152044410549568,0.819934319933972
337,M_soma_aspect_ratio,0.15499489880542902,0.9643872465778676
337,M_cell_max_radial_dist,0.04522137304531761,0.3858822069661413
337,M_total_number_of_neurites,0.1415486817417073,0.6400714148206703
337,M_basal_dendrite_avg_tortuosity,0.04257490300080936,0.08014202304534074
337,M_Total_neurite_length_(sections),0.11215357314403482,0.7501020057828556
337,M_Number_of_bifurcation_points,0.1134220408034755,0.8372742923758107
337,M_Maximum_branch_order,0.09925205243522471,0.5946524534777103
337,M_trunk_angle_min,0.06268007842024331,0.6505141628146524
337,M_trunk_angle_max,0.0761079880541905,0.6592266459266227
338,M_soma_circularity_index,0.15350061208679816,0.7956034208005405
338,M_soma_aspect_ratio,0.1448479168094294,0.9119848975238917
338,M_cell_max_radial_dist,0.05102935788643895,0.4370064456467989
338,M_total_number_of_neurites,0.15002825886831456,0.6595768975415779
338,M_basal_dendrite_avg_tortuosity,0.05039459905248082,0.068925410469292
338,M_Total_neurite_length_(sections),0.11249357531236023,0.7866275117747941
338,M_Number_of_bifurcation_points,0.10848791686006912,0.830787331589378
338,M_Maximum_branch_order,0.09756299888383586,0.780655192788837
338,M_trunk_angle_min,0.06174374172870539,0.6218914303934826
338,M_trunk_angle_max,0.06991102251156758,0.8068292656414287
339,M_soma_circularity_index,0.15720992631986339,0.8191339780596998
339,M_soma_aspect_ratio,0.1286463504353953,0.7276708388016297
339,M_cell_max_radial_dist,0.04331438429092906,0.32379783561004205
339,M_total_number_of_neurites,0.1621211453264555,0.5808516446313866
339,M_basal_dendrite_avg_tortuosity,0.04306379110014051,0.33550531175400095
339,M_Total_neurite_length_(sections),0.10111032511609898,0.7688219734066416
339,M_Number_of_bifurcation_points,0.1198826123454709,0.8734429934323095
339,M_Maximum_branch_order,0.10844128931901363,0.8377766148462042
339,M_trunk_angle_min,0.0609195584403632,0.574020621660462
339,M_trunk_angle_max,0.07529061730626962,0.8082983267545475
340,M_soma_circularity_index,0.16016579815905047,0.7024268218684243
340,M_soma_aspect_ratio,0.1453243352113101,0.8779053086187258
340,M_cell_max_radial_dist,0.04592765204248818,0.34261537944405296
340,M_total_number_of_neurites,0.149795167370767,0.7147968443197718
340,M_basal_dendrite_avg_tortuosity,0.0412574268883943,0.07740498887510935
340,M_Total_neurite_length_(sections),0.10606952156466429,0.8137968239799326
340,M_Number_of_bifurcation_points,0.12610495745614084,0.8177622423931845
340,M_Maximum_branch_order,0.09839440691856097,0.7987292357999074
340,M_trunk_angle_min,0.05504002390928214,0.5577076016808928
340,M_trunk_angle_max,0.07192071047934176,0.8521478096318531
341,M_soma_circularity_index,0.16537587720291644,0.9110182818175979
341,M_soma_aspect_ratio,0.14059628492188575,0.691269341026638
341,M_cell_max_radial_dist,0.05358710266043118,0.4432153100179484
341,M_total_number_of_neurites,0.13717562660914484,0.5734729732107648
341,M_basal_dendrite_avg_tortuosity,0.04119861740592203,0.15361034132007867
341,M_Total_neurite_length_(sections),0.10585243255121295,0.6996328610980415
341,M_Number_of_bifurcation_points,0.11555896256320315,0.8192731064449947
341,M_Maximum_branch_order,0.1197016781049628,0.8040559306159056
341,M_trunk_angle_min,0.0653888220265275,0.778516043498558
341,M_trunk_angle_max,0.055564595953793317,0.7454612876417976
342,M_soma_circularity_index,0.15642638479511678,0.8587081962512513
342,M_soma_aspect_ratio,0.151877957295047,0.8942247523350468
342,M_cell_max_radial_dist,0.04841365330763374,0.46931503031964455
342,M_total_number_of_neurites,0.15497329297556195,0.7343763456736686
342,M_basal_dendrite_avg_tortuosity,0.04302993821825319,0.07455912126525047
342,M_Total_neurite_length_(sections),0.09673567082460535,0.6726053940055381
342,M_Number_of_bifurcation_points,0.11155036363774873,0.8599286712219335
342,M_Maximum_branch_order,0.11017854589471221,0.8122633779804191
342,M_trunk_angle_min,0.06066030233865706,0.5148662583627739
342,M_trunk_angle_max,0.06615389071266399,0.6656161575446192
343,M_soma_circularity_index,0.130426958186545,0.8502442577617448
343,M_soma_aspect_ratio,0.16684171081952484,0.8211863948938554
343,M_cell_max_radial_dist,0.04072900263453043,0.3366925558341801
343,M_total_number_of_neurites,0.1583804217717418,0.7090279374396362
343,M_basal_dendrite_avg_tortuosity,0.03767094934293167,0.11766110327982285
343,M_Total_neurite_length_(sections),0.09683528406648907,0.6577236884183373
343,M_Number_of_bifurcation_points,0.11618941798566508,0.8203139719373327
343,M_Maximum_branch_order,0.11045161242391305,0.7458502647945793
343,M_trunk_angle_min,0.049979228543707704,0.6737187996042087
343,M_trunk_angle_max,0.09249541422495128,0.8735744687155437
344,M_soma_circularity_index,0.15727230659455893,0.7961622981922789
344,M_soma_aspect_ratio,0.1438006835869009,0.7598867289645052
344,M_cell_max_radial_dist,0.051536270672037116,0.49326060044808406
344,M_total_number_of_neurites,0.15079715511161604,0.6071610612416078
344,M_basal_dendrite_avg_tortuosity,0.04267485774488589,0.22034344287359484
344,M_Total_neurite_length_(sections),0.09706377136384738,0.6416594038738174
344,M_Number_of_bifurcation_points,0.11847103544408419,0.8611454470215787
344,M_Maximum_branch_order,0.11536341625328106,0.935083624108697
344,M_trunk_angle_min,0.054701829463989764,0.5249768396460277
344,M_trunk_angle_max,0.06831867376479872,0.742582863013943
345,M_soma_circularity_index,0.1411003597882938,0.8338992220296749
345,M_soma_aspect_ratio,0.1583040025449666,0.9954537519733067
345,M_cell_max_radial_dist,0.04809333404878217,0.37394007338832036
345,M_total_number_of_neurites,0.15253533781358514,0.6246723153766774
345,M_basal_dendrite_avg_tortuosity,0.0378385097125113,0.127413947520562
345,M_Total_neurite_length_(sections),0.09447754477007494,0.8143193098313829
345,M_Number_of_bifurcation_points,0.10376110884818698,0.8563524318969619
345,M_Maximum_branch_order,0.11381583476612556,0.723162587209381
345,M_trunk_angle_min,0.05638356635654275,0.4755556742482936
345,M_trunk_angle_max,0.09369040135093082,0.6831139945302909
346,M_soma_circularity_index,0.14947157254299967,0.8421667218980764
346,M_soma_aspect_ratio,0.15736426959554514,0.8272378879228818
346,M_cell_max_radial_dist,0.044092696047008016,0.29740253192191823
346,M_total_number_of_neurites,0.1402859214629504,0.6992432212802079
346,M_basal_dendrite_avg_tortuosity,0.041264620329853306,0.041911014758839106
346,M_Total_neurite_length_(sections),0.11406108137293762,0.8324798752441454
346,M_Number_of_bifurcation_points,0.10994256140201075,0.8368624041559649
346,M_Maximum_branch_order,0.10234090495629038,0.9271872592217261
346,M_trunk_angle_min,0.053436913898353866,0.5471653406676515
346,M_trunk_angle_max,0.08773945839205072,0.7809855052250845
347,M_soma_circularity_index,0.13041804507962532,0.6375070892306911
347,M_soma_aspect_ratio,0.17317584369342634,0.9883951859079867
347,M_cell_max_radial_dist,0.043449339133130156,0.39641966844899656
347,M_total_number_of_neurites,0.14436589724140322,0.6034633672033488
347,M_basal_dendrite_avg_tortuosity,0.03687471500077635,0.1393206760180733
347,M_Total_neurite_length_(sections),0.116387740519922,0.8176992845538277
347,M_Number_of_bifurcation_points,0.11517682809004222,0.7421288879403176
347,M_Maximum_branch_order,0.10093916046949583,0.610650534876464
347,M_trunk_angle_min,0.05264922319701202,0.604134092121
347,M_trunk_angle_max,0.08656320757516646,0.9262339917874998
348,M_soma_circularity_index,0.13986110572602484,0.8114993615122189
348,M_soma_aspect_ratio,0.1611989507547757,0.8698534494273389
348,M_cell_max_radial_dist,0.04741200204865341,0.44374625017361224
348,M_total_number_of_neurites,0.14795702972138486,0.6023985870970071
348,M_basal_dendrite_avg_tortuosity,0.04090075658865521,0.11159871708925762
348,M_Total_neurite_length_(sections),0.09268644783152899,0.5878577295428709
348,M_Number_of_bifurcation_points,0.11590006628317875,0.8305448435523307
348,M_Maximum_branch_order,0.11729526770318469,0.7981750389682729
348,M_trunk_angle_min,0.06531527913073465,0.7855018568892178
348,M_trunk_angle_max,0.071473094211879,0.8562910571306174
349,M_soma_circularity_index,0.14218885175320137,0.795835856621866
349,M_soma_aspect_ratio,0.15999484090898436,0.8577626497387355
349,M_cell_max_radial_dist,0.05215101059076378,0.4295057115810963
349,M_total_number_of_neurites,0.14708922348208164,0.7336798568573606
349,M_basal_dendrite_avg_tortuosity,0.04131292932989957,0.14917466483448075
349,M_Total_neurite_length_(sections),0.10524013041978589,0.6989522350210557
349,M_Number_of_bifurcation_points,0.12117401054563344,0.8283854267814558
349,M_Maximum_branch_order,0.09945473821381921,0.7977579287340666
349,M_trunk_angle_min,0.048333221324821325,0.534565107693439
349,M_trunk_angle_max,0.08306104343100933,0.8483056134025933
350,M_soma_circularity_index,0.15099318910396592,0.8086038119389684
350,M_soma_aspect_ratio,0.14759023562426216,0.8546881562205242
350,M_cell_max_radial_dist,0.05339171649238137,0.4320686861275046
350,M_total_number_of_neurites,0.14893999146170836,0.6069529277966026
350,M_basal_dendrite_avg_tortuosity,0.04070397256076329,0.18207541652610199
350,M_Total_neurite_length_(sections),0.10030343695228756,0.7499680703886947
350,M_Number_of_bifurcation_points,0.12610983167158346,0.8977754693583495
350,M_Maximum_branch_order,0.10126202546249152,0.770323004128324
350,M_trunk_angle_min,0.06254019468918073,0.582837752047456
350,M_trunk_angle_max,0.06816540598137565,0.7594208799064883
351,M_soma_circularity_index,0.1514719054605649,0.7790842619095865
351,M_soma_aspect_ratio,0.15274934115322986,0.8417020002379678
351,M_cell_max_radial_dist,0.04480189202869258,0.4074289706381482
351,M_total_number_of_neurites,0.16470931223125349,0.5954974708955254
351,M_basal_dendrite_avg_tortuosity,0.03693632362111694,0.1699958527090493
351,M_Total_neurite_length_(sections),0.10042546126723678,0.6860493591228848
351,M_Number_of_bifurcation_points,0.12642338631646013,0.9159072081205785
351,M_Maximum_branch_order,0.08894262072706347,0.6906785034490901
351,M_trunk_angle_min,0.04864341093347654,0.4809846041801055
351,M_trunk_angle_max,0.08489634626090531,0.8267088564010245
352,M_soma_circularity_index,0.136235881630364,0.8351290378478033
352,M_soma_aspect_ratio,0.17117328352838207,0.7495960139112083
352,M_cell_max_radial_dist,0.0444030521213649,0.49789524708740895
352,M_total_number_of_neurites,0.15506371157879575,0.6645581828331765
352,M_basal_dendrite_avg_tortuosity,0.04260479286636113,0.16449437357904878
352,M_Total_neurite_length_(sections),0.09340500228844968,0.760345171462811
352,M_Number_of_bifurcation_points,0.13405016010502016,0.9151684947588832
352,M_Maximum_branch_order,0.09364038350580903,0.7787085137106168
352,M_trunk_angle_min,0.04939924273386259,0.5276181291862414
352,M_trunk_angle_max,0.0800244896415905,0.7805141805853119
353,M_soma_circularity_index,0.14976094020856776,0.7773134292366747
353,M_soma_aspect_ratio,0.16391999960540735,0.8871047217859753
353,M_cell_max_radial_dist,0.046424818906053884,0.3802967485760127
353,M_total_number_of_neurites,0.15237602048516533,0.6717937750730745
353,M_basal_dendrite_avg_tortuosity,0.04332901390584894,0.12322579188345649
353,M_Total_neurite_length_(sections),0.0970853447204099,0.7269740573493962
353,M_Number_of_bifurcation_points,0.12063479610990546,0.7601523415786499
353,M_Maximum_branch_order,0.09130956869173934,0.8397155265460353
353,M_trunk_angle_min,0.051649532977314394,0.5213064983670856
353,M_trunk_angle_max,0.08350996438958756,0.8482186962611902
354,M_soma_circularity_index,0.1461861209199152,0.7393517899325255
354,M_soma_aspect_ratio,0.15017820253998862,0.8770311900428919
354,M_cell_max_radial_dist,0.05103200736921688,0.3458695546299736
354,M_total_number_of_neurites,0.14645306792104046,0.6532586512439365
354,M_basal_dendrite_avg_tortuosity,0.046252150143683064,0.18143253286071515
354,M_Total_neurite_length_(sections),0.10743744642524881,0.7974551281545185
354,M_Number_of_bifurcation_points,0.12350901202891844,0.8456213199508911
354,M_Maximum_branch_order,0.09359022658712833,0.7454530658530887
354,M_trunk_angle_min,0.056260707116851834,0.5121285852837341
354,M_trunk_angle_max,0.07910105894800848,0.8123594070740642
355,M_soma_circularity_index,0.13888364485193616,0.8906248099500822
355,M_soma_aspect_ratio,0.17112786160891105,0.9296536180530551
355,M_cell_max_radial_dist,0.0462513953638166,0.3400419543020379
355,M_total_number_of_neurites,0.16509419866162395,0.6771129825478359
355,M_basal_dendrite_avg_tortuosity,0.039859561095378616,0.22533354893599558
355,M_Total_neurite_length_(sections),0.0945199927681512,0.6937191253374438
355,M_Number_of_bifurcation_points,0.11426827141577772,0.8259168253350155
355,M_Maximum_branch_order,0.10465549186682377,0.7734321086679653
355,M_trunk_angle_min,0.05381151672341786,0.5010695414459271
355,M_trunk_angle_max,0.07152806564416304,0.6616561366155826
356,M_soma_circularity_index,0.1296349971621929,0.7915655467766639
356,M_soma_aspect_ratio,0.17957731052127598,0.5892311350849398
356,M_cell_max_radial_dist,0.04413459367772403,0.4024124931940597
356,M_total_number_of_neurites,0.13436554290998795,0.5586018022516117
356,M_basal_dendrite_avg_tortuosity,0.04216815401235783,0.17196409639474786
356,M_Total_neurite_length_(sections),0.11404338798895708,0.8784957825452268
356,M_Number_of_bifurcation_points,0.12052090605911298,0.8866119320515156
356,M_Maximum_branch_order,0.09994688938492749,0.7822954011799703
356,M_trunk_angle_min,0.05644683876797471,0.63911435111822
356,M_trunk_angle_max,0.07916137951548906,0.9503276054223602
357,M_soma_circularity_index,0.16046518808230995,0.8668972950943137
357,M_soma_aspect_ratio,0.1522783972393341,0.8125598282662898
357,M_cell_max_radial_dist,0.05036579912088774,0.41860347750449045
357,M_total_number_of_neurites,0.1342441248274308,0.628343047614857
357,M_basal_dendrite_avg_tortuosity,0.04167872884538893,0.20407771984918613
357,M_Total_neurite_length_(sections),0.08946435935653399,0.72447860234781
357,M_Number_of_bifurcation_points,0.11066152786663888,0.7668715984580183
357,M_Maximum_branch_order,0.11147764361809996,0.7280364602091064
357,M_trunk_angle_min,0.055475053648863105,0.496616500899059
357,M_trunk_angle_max,0.09388917739451258,0.8796529051067532
358,M_soma_circularity_index,0.15032695163307042,0.767046734672666
358,M_soma_aspect_ratio,0.16695793777712908,0.9288366070812208
358,M_cell_max_radial_dist,0.04663771794975733,0.360092894122494
358,M_total_number_of_neurites,0.13883813619980953,0.6271554848018733
358,M_basal_dendrite_avg_tortuosity,0.04247746270005916,0.1626722625005373
358,M_Total_neurite_length_(sections),0.09790216776750893,0.6861572672776672
358,M_Number_of_bifurcation_points,0.11252278822130418,0.8132005186345871
358,M_Maximum_branch_order,0.11052720231557965,0.8186858281973353
358,M_trunk_angle_min,0.05156398319995166,0.5416763659322061
358,M_trunk_angle_max,0.08224565223582989,0.876088571262494
359,M_soma_circularity_index,0.14027649584975665,0.823510225529669
359,M_soma_aspect_ratio,0.1568372632365671,0.8754491178934558
359,M_cell_max_radial_dist,0.03888027868539058,0.27543094941825963
359,M_total_number_of_neurites,0.1444448638122429,0.6419953917155985
359,M_basal_dendrite_avg_tortuosity,0.04270445021802815,0.14116985901625345
359,M_Total_neurite_length_(sections),0.10775439965031346,0.8221893810350096
359,M_Number_of_bifurcation_points,0.1263721039010199,0.8775349362087914
359,M_Maximum_branch_order,0.09918824174871552,0.7890592786131421
359,M_trunk_angle_min,0.04418220450913028,0.5098674788136375
359,M_trunk_angle_max,0.09935969838883554,0.9138594115404595
360,M_soma_circularity_index,0.14605738734144783,0.78936884926982
360,M_soma_aspect_ratio,0.15697121552244944,0.827766422369847
360,M_cell_max_radial_dist,0.04913547182582747,0.45786413490205935
360,M_total_number_of_neurites,0.1496196518937625,0.6948758474530032
360,M_basal_dendrite_avg_tortuosity,0.04064322090150596,0.15414614121213455
360,M_Total_neurite_length_(sections),0.10491889836909679,0.7299339512535454
360,M_Number_of_bifurcation_points,0.12489425458400055,0.8687282140816932
360,M_Maximum_branch_order,0.09480101688618381,0.720691882488395
360,M_trunk_angle_min,0.05828356552928842,0.537284526902033
360,M_trunk_angle_max,0.07467531714643734,0.8283436948519889
361,M_soma_circularity_index,0.14460086125533547,0.7729886038715038
361,M_soma_aspect_ratio,0.16277725514835417,0.8796044573946197
361,M_cell_max_radial_dist,0.05411995473008367,0.4115560879892143
361,M_total_number_of_neurites,0.124315553814739,0.6216375947030344
361,M_basal_dendrite_avg_tortuosity,0.03952113162280015,0.06815828648414615
361,M_Total_neurite_length_(sections),0.10988349193812497,0.6716081607644341
361,M_Number_of_bifurcation_points,0.116771467985062,0.8461194346718389
361,M_Maximum_branch_order,0.10786243919964486,0.7699693703646007
361,M_trunk_angle_min,0.061007089210611494,0.5599203822933725
361,M_trunk_angle_max,0.07914075509524414,0.8533804983285154
362,M_soma_circularity_index,0.165599689992815,0.8978471526237493
362,M_soma_aspect_ratio,0.15499806265703098,0.7801454690068874
362,M_cell_max_radial_dist,0.049962623400191176,0.4082914265590615
362,M_total_number_of_neurites,0.13403538945295823,0.6038234283260648
362,M_basal_dendrite_avg_tortuosity,0.03728736816277295,0.06912337636396801
362,M_Total_neurite_length_(sections),0.09915497626558185,0.704237927717008
362,M_Number_of_bifurcation_points,0.12419220379768707,0.8318222871207597
362,M_Maximum_branch_order,0.09470152436581834,0.7954994063668094
362,M_trunk_angle_min,0.053081229489366416,0.5377297026971056
362,M_trunk_angle_max,0.08698693241577801,0.8761230047703422
363,M_soma_circularity_index,0.17597486955320377,0.8001837843482917
363,M_soma_aspect_ratio,0.1383244671578646,0.7892897662256071
363,M_cell_max_radial_dist,0.04756633520546424,0.40690245433826805
363,M_total_number_of_neurites,0.142248390097329,0.7242443347117832
363,M_basal_dendrite_avg_tortuosity,0.04156129509107503,0.1305985533611104
363,M_Total_neurite_length_(sections),0.10349799149883618,0.8625005144520259
363,M_Number_of_bifurcation_points,0.1321245530002816,0.889966419186345
363,M_Maximum_branch_order,0.09045645687452603,0.6606311605177655
363,M_trunk_angle_min,0.05611401034791347,0.5693651653479745
363,M_trunk_angle_max,0.0721316311735061,0.7620183807373448
364,M_soma_circularity_index,0.15018029611175365,0.6962844315347956
364,M_soma_aspect_ratio,0.16938947879564495,0.8779450911073782
364,M_cell_max_radial_dist,0.048060818370665885,0.4237483235094257
364,M_total_number_of_neurites,0.12132793129499082,0.523367210517164
364,M_basal_dendrite_avg_tortuosity,0.037823731724211426,0.10947142407357513
364,M_Total_neurite_length_(sections),0.12493719388252345,0.737478771474781
364,M_Number_of_bifurcation_points,0.12287186057295349,0.847291430250615
364,M_Maximum_branch_order,0.08951136372779218,0.8543634137015526
364,M_trunk_angle_min,0.058226612546292286,0.5914693666506409
364,M_trunk_angle_max,0.07767071297317193,0.9080802250611895
365,M_soma_circularity_index,0.14924131023522952,0.7103976762807437
365,M_soma_aspect_ratio,0.16794536822326905,0.9457653838138167
365,M_cell_max_radial_dist,0.045049585045288734,0.4372902042429887
365,M_total_number_of_neurites,0.14000763061972146,0.6437657687691207
365,M_basal_dendrite_avg_tortuosity,0.039142111818546564,0.19384243444965962
365,M_Total_neurite_length_(sections),0.0904863206506415,0.7044387071999325
365,M_Number_of_bifurcation_points,0.11528729715712815,0.8148692928353888
365,M_Maximum_branch_order,0.10588418237921746,0.7150578496794227
365,M_trunk_angle_min,0.059628136518334755,0.7274283333149649
365,M_trunk_angle_max,0.08732805735262283,0.948062571863826
366,M_soma_circularity_index,0.14502809286856969,0.773127577749825
366,M_soma_aspect_ratio,0.16132913167365867,0.8050097835786613
366,M_cell_max_radial_dist,0.0498086422596691,0.4332511077276161
366,M_total_number_of_neurites,0.13515746900769107,0.5823768725628207
366,M_basal_dendrite_avg_tortuosity,0.036394137535197324,0.11510592033588787
366,M_Total_neurite_length_(sections),0.1072665655398082,0.6881237181118895
366,M_Number_of_bifurcation_points,0.11856549081225765,0.8769844782037227
366,M_Maximum_branch_order,0.10454273454753973,0.7729495147905171
366,M_trunk_angle_min,0.05774779866996878,0.7247236452437059
366,M_trunk_angle_max,0.08415993708563965,0.8376051912666469
367,M_soma_circularity_index,0.140442094096522,0.7203162268984385
367,M_soma_aspect_ratio,0.16334312666939485,0.9479111881391692
367,M_cell_max_radial_dist,0.045526447134511136,0.27941490104680416
367,M_total_number_of_neurites,0.145459667819416,0.7601268036118554
367,M_basal_dendrite_avg_tortuosity,0.044083546764080654,0.06284365015734197
367,M_Total_neurite_length_(sections),0.09894249889349899,0.713197157779263
367,M_Number_of_bifurcation_points,0.11175873017187933,0.9139287579777524
367,M_Maximum_branch_order,0.11219761807377604,0.8403660822424874
367,M_trunk_angle_min,0.057468463190142795,0.5689165471838826
367,M_trunk_angle_max,0.08077780718677825,0.8210888727935866
368,M_soma_circularity_index,0.14552873437067726,0.8092029309787939
368,M_soma_aspect_ratio,0.1642466209009195,0.9111399980318386
368,M_cell_max_radial_dist,0.04281575657983176,0.3046292260949468
368,M_total_number_of_neurites,0.13890104195965608,0.5678845829803703
368,M_basal_dendrite_avg_tortuosity,0.03992678714854332,0.1942532234924511
368,M_Total_neurite_length_(sections),0.10625547278388249,0.8361346026172525
368,M_Number_of_bifurcation_points,0.11709150136066666,0.8832776078094322
368,M_Maximum_branch_order,0.10045810275175958,0.8046983317274825
368,M_trunk_angle_min,0.060469446870524086,0.6299043871161614
368,M_trunk_angle_max,0.08430653527353922,0.9041584995163404
369,M_soma_circularity_index,0.14659154228698082,0.8408097307203398
369,M_soma_aspect_ratio,0.1503342618040368,0.7605405901747567
369,M_cell_max_radial_dist,0.05035490089540733,0.474435713660984
369,M_total_number_of_neurites,0.15682201408809232,0.7232536679453737
369,M_basal_dendrite_avg_tortuosity,0.04230926807118543,0.1539015775201844
369,M_Total_neurite_length_(sections),0.08997824713715998,0.7335064207983105
369,M_Number_of_bifurcation_points,0.11941423999296384,0.8742811644309028
369,M_Maximum_branch_order,0.10326389470020789,0.8441863096889298
369,M_trunk_angle_min,0.049949890982624104,0.4229329574629157
369,M_trunk_angle_max,0.09098174004134144,0.8071645997194459
370,M_soma_circularity_index,0.13756057161671215,0.7004998404780186
370,M_soma_aspect_ratio,0.17678018966228382,1.0393526258463712
370,M_cell_max_radial_dist,0.04095168024905516,0.38644492054378876
370,M_total_number_of_neurites,0.16839350474561898,0.8043626982493215
370,M_basal_dendrite_avg_tortuosity,0.035585840792046304,0.09336472116956547
370,M_Total_neurite_length_(sections),0.08514677945850119,0.6679870278469704
370,M_Number_of_bifurcation_points,0.10936350137693543,0.8184688038753472
370,M_Maximum_branch_order,0.11118428802087445,0.8153697695804197
370,M_trunk_angle_min,0.0456166998093308,0.43997877793367435
370,M_trunk_angle_max,0.08941694426864175,0.5938786335784911
371,M_soma_circularity_index,0.1498209764216115,0.8753187097373474
371,M_soma_aspect_ratio,0.16755622349373478,0.9824793133867943
371,M_cell_max_radial_dist,0.03730707719057842,0.2845464048738354
371,M_total_number_of_neurites,0.16395673907254202,0.6438220067877285
371,M_basal_dendrite_avg_tortuosity,0.039280913232772066,0.16480862041325814
371,M_Total_neurite_length_(sections),0.08489684403868805,0.6950342750490743
371,M_Number_of_bifurcation_points,0.11304597224866125,0.8035956031675534
371,M_Maximum_branch_order,0.11103881909985734,0.8120794983021937
371,M_trunk_angle_min,0.059278621922131985,0.5000999448553083
371,M_trunk_angle_max,0.0738178132794227,0.6790332933368204
372,M_soma_circularity_index,0.1476125501238495,0.8233284995212853
372,M_soma_aspect_ratio,0.15308601553510934,0.8045180065717692
372,M_cell_max_radial_dist,0.0508156415394493,0.45940156167865465
372,M_total_number_of_neurites,0.1460777515920133,0.6960265447165355
372,M_basal_dendrite_avg_tortuosity,0.04641552069433368,0.18521994033852374
372,M_Total_neurite_length_(sections),0.09232479857442911,0.7384509414944368
372,M_Number_of_bifurcation_points,0.12133875498509969,0.8924837732353479
372,M_Maximum_branch_order,0.10552868685867128,0.8074319307590316
372,M_trunk_angle_min,0.06637626113562718,0.731383917289253
372,M_trunk_angle_max,0.07042401896141767,0.8058193961817539
373,M_soma_circularity_index,0.13957829312293263,0.844630976489743
373,M_soma_aspect_ratio,0.14923484858251412,0.7996438140195995
373,M_cell_max_radial_dist,0.04719902293975317,0.3542239270277677
373,M_total_number_of_neurites,0.16287463448257966,0.7870886661085037
373,M_basal_dendrite_avg_tortuosity,0.0495899375170076,0.08028066307059453
373,M_Total_neurite_length_(sections),0.09779925834659935,0.6970576725421349
373,M_Number_of_bifurcation_points,0.10807222627029373,0.7761926192923334
373,M_Maximum_branch_order,0.10768383569897974,0.9295527644617348
373,M_trunk_angle_min,0.06483782284135883,0.5626039594796877
373,M_trunk_angle_max,0.07313012019798121,0.8211917824676447
374,M_soma_circularity_index,0.15558510516318153,0.8565611215117918
374,M_soma_aspect_ratio,0.1508035843162202,0.770886149408418
374,M_cell_max_radial_dist,0.04601680961770294,0.3310056296175505
374,M_total_number_of_neurites,0.15982813832691667,0.6011500981000758
374,M_basal_dendrite_avg_tortuosity,0.03757705347921409,0.16782581185542594
374,M_Total_neurite_length_(sections),0.09782039906618434,0.7788392738034584
374,M_Number_of_bifurcation_points,0.11691739369536208,0.7905585245201788
374,M_Maximum_branch_order,0.10601285608845618,0.8964172398710495
374,M_trunk_angle_min,0.05998630435603733,0.5939544585367943
374,M_trunk_angle_max,0.06945235589072465,0.77898836508204
375,M_soma_circularity_index,0.1531451245180064,0.855824825130947
375,M_soma_aspect_ratio,0.1454661430433809,0.9661112561860052
375,M_cell_max_radial_dist,0.060315499409764974,0.4308623499619011
375,M_total_number_of_neurites,0.15213550511114599,0.7044803621144436
375,M_basal_dendrite_avg_tortuosity,0.04672799042031678,0.08500225921745388
375,M_Total_neurite_length_(sections),0.09981486241353923,0.7561772972568976
375,M_Number_of_bifurcation_points,0.10689789989767845,0.8523376485791163
375,M_Maximum_branch_order,0.09867703000019043,0.6949654324953242
375,M_trunk_angle_min,0.0636093953200689,0.4905946199870026
375,M_trunk_angle_max,0.07321054986590798,0.5983781064386033
376,M_soma_circularity_index,0.1395094999333389,0.7165114391048627
376,M_soma_aspect_ratio,0.16400298987127618,0.8186346236856351
376,M_cell_max_radial_dist,0.04378262177977001,0.3556832532192309
376,M_total_number_of_neurites,0.17579653296201725,0.842174396592742
376,M_basal_dendrite_avg_tortuosity,0.03808864250969726,0.1046602434125939
376,M_Total_neurite_length_(sections),0.09195713321479285,0.6723529876394414
376,M_Number_of_bifurcation_points,0.10701185932991343,0.7341392597660608
376,M_Maximum_branch_order,0.1087954017446669,0.8392039923510419
376,M_trunk_angle_min,0.05649091536954942,0.5717851305862751
376,M_trunk_angle_max,0.0745644032849778,0.8066379510788397
377,M_soma_circularity_index,0.15670179329363038,0.721876929864927
377,M_soma_aspect_ratio,0.16852531786530567,0.8633496479149877
377,M_cell_max_radial_dist,0.04802151508081153,0.36832490680950436
377,M_total_number_of_neurites,0.13531703727955344,0.5919275542509239
377,M_basal_dendrite_avg_tortuosity,0.03629444267877453,0.15430212462457876
377,M_Total_neurite_length_(sections),0.10956011016510303,0.8410690038626832
377,M_Number_of_bifurcation_points,0.12840462073910866,0.8377505444387294
377,M_Maximum_branch_order,0.09183012387638118,0.8183460258216768
377,M_trunk_angle_min,0.059196159317238234,0.6063801736914121
377,M_trunk_angle_max,0.06614887970409339,0.8607387872681004
378,M_soma_circularity_index,0.13973188391300798,0.8116490689608633
378,M_soma_aspect_ratio,0.16391807315201687,0.8762790388325863
378,M_cell_max_radial_dist,0.05080832950412134,0.4388113735289692
378,M_total_number_of_neurites,0.15311672329484777,0.6262402412854087
378,M_basal_dendrite_avg_tortuosity,0.04069179513079685,0.14206179711276168
378,M_Total_neurite_length_(sections),0.084859416148022,0.6381359602370671
378,M_Number_of_bifurcation_points,0.10927712227768369,0.7877198561677043
378,M_Maximum_branch_order,0.12291604858784237,0.8915606305847605
378,M_trunk_angle_min,0.05950777868251019,0.5273821029235248
378,M_trunk_angle_max,0.07517282930915092,0.8024759542999869
379,M_soma_circularity_index,0.16876085048238967,0.9065944596241844
379,M_soma_aspect_ratio,0.1443261256294619,0.7475676532650462
379,M_cell_max_radial_dist,0.0418381313027189,0.35668095868168415
379,M_total_number_of_neurites,0.16736587465154873,0.6324117540174972
379,M_basal_dendrite_avg_tortuosity,0.03801046467723481,0.06457018899233251
379,M_Total_neurite_length_(sections),0.08525681980981598,0.6637410145142798
379,M_Number_of_bifurcation_points,0.10768393893953192,0.8114952746008283
379,M_Maximum_branch_order,0.10632904898806358,0.9355119124728917
379,M_trunk_angle_min,0.055793048327105604,0.519992585723245
379,M_trunk_angle_max,0.08463569719212881,0.7779423656998794
380,M_soma_circularity_index,0.14202867033159056,0.8404839065991516
380,M_soma_aspect_ratio,0.16550431760746975,0.9993170311393924
380,M_cell_max_radial_dist,0.04205050691649209,0.35756247610807484
380,M_total_number_of_neurites,0.15467966016851062,0.7305540731560979
380,M_basal_dendrite_avg_tortuosity,0.04853945003500772,0.10083474043596401
380,M_Total_neurite_length_(sections),0.0954983362238231,0.8094077395378189
380,M_Number_of_bifurcation_points,0.1162232099468842,0.8350299760810591
380,M_Maximum_branch_order,0.10585407914491486,0.7818300930194785
380,M_trunk_angle_min,0.054838448377227456,0.4755180947214158
380,M_trunk_angle_max,0.07478332124807964,0.5912562348195614
381,M_soma_circularity_index,0.14332922370999007,0.5891171229285604
381,M_soma_aspect_ratio,0.18355659194849647,1.0084654473630443
381,M_cell_max_radial_dist,0.055349957171374385,0.45344347064897794
381,M_total_number_of_neurites,0.12678040154023631,0.6472208464406395
381,M_basal_dendrite_avg_tortuosity,0.03641553325726237,0.191394996456272
381,M_Total_neurite_length_(sections),0.10183999673086007,0.7045319447336413
381,M_Number_of_bifurcation_points,0.12426002053447817,0.8646430277126099
381,M_Maximum_branch_order,0.0997553065213263,0.8269235462628168
381,M_trunk_angle_min,0.057307560338227044,0.572292845473366
381,M_trunk_angle_max,0.07140540824774891,0.8370446894963899
382,M_soma_circularity_index,0.15878534302881211,0.7454391779321169
382,M_soma_aspect_ratio,0.15111094104920061,0.9249169807610349
382,M_cell_max_radial_dist,0.04681769421859072,0.4035738352663164
382,M_total_number_of_neurites,0.11819278690791163,0.5836019557547171
382,M_basal_dendrite_avg_tortuosity,0.04553137242484627,0.1253785782162353
382,M_Total_neurite_length_(sections),0.11698925840672661,0.7790253052289545
382,M_Number_of_bifurcation_points,0.1217486361844995,0.8163641207763759
382,M_Maximum_branch_order,0.09624304118451815,0.678473191012885
382,M_trunk_angle_min,0.06531140302967912,0.6992323917163412
382,M_trunk_angle_max,0.07926952356521529,0.9134019194832879
383,M_soma_circularity_index,0.15411402803553767,0.6709849532099077
383,M_soma_aspect_ratio,0.15374273448324902,0.9099682260524125
383,M_cell_max_radial_dist,0.045770298315218144,0.39479721066362894
383,M_total_number_of_neurites,0.1440427267584167,0.6228666417079165
383,M_basal_dendrite_avg_tortuosity,0.0409553997859733,0.16963536978868535
383,M_Total_neurite_length_(sections),0.10053972616248218,0.7086110442343853
383,M_Number_of_bifurcation_points,0.1287521855068542,0.8400132297724383
383,M_Maximum_branch_order,0.08609137961725574,0.6611893914386475
383,M_trunk_angle_min,0.06293054425504019,0.7275567127514284
383,M_trunk_angle_max,0.08306097707997294,0.8364566017939044
384,M_soma_circularity_index,0.15780281825582596,0.7023794463240738
384,M_soma_aspect_ratio,0.15583599988156097,0.9250143786575752
384,M_cell_max_radial_dist,0.05261345653296779,0.46917359659266855
384,M_total_number_of_neurites,0.14980584524518029,0.6406508870744962
384,M_basal_dendrite_avg_tortuosity,0.04236508278874219,0.09279260178625919
384,M_Total_neurite_length_(sections),0.08706389887156775,0.7003109134831272
384,M_Number_of_bifurcation_points,0.12145773082027324,0.8650079749527706
384,M_Maximum_branch_order,0.09872584635481259,0.7208040269894799
384,M_trunk_angle_min,0.04990120697202202,0.4955771710209508
384,M_trunk_angle_max,0.08442811427704727,0.810948949285337
385,M_soma_circularity_index,0.15737077486944423,0.8876866087539894
385,M_soma_aspect_ratio,0.16288132934898059,0.9614847851240486
385,M_cell_max_radial_dist,0.04624567318900538,0.5119510447278395
385,M_total_number_of_neurites,0.14537488356160608,0.615986731727127
385,M_basal_dendrite_avg_tortuosity,0.036714161284820655,0.13555735919951342
385,M_Total_neurite_length_(sections),0.1009852196696764,0.6148422649652466
385,M_Number_of_bifurcation_points,0.11383546407172596,0.8069880183982776
385,M_Maximum_branch_order,0.10301243688868038,0.8932794389043198
385,M_trunk_angle_min,0.06254708333615225,0.42352331025136813
385,M_trunk_angle_max,0.0710329737799081,0.5734706509040927
386,M_soma_circularity_index,0.1303155223430523,0.5864026200084612
386,M_soma_aspect_ratio,0.17489335121334737,1.0879226934940933
386,M_cell_max_radial_dist,0.04612166338087209,0.5164639543863693
386,M_total_number_of_neurites,0.14029930985427794,0.6198196511831713
386,M_basal_dendrite_avg_tortuosity,0.042216226699393476,0.12418318731110056
386,M_Total_neurite_length_(sections),0.09888665800573417,0.7712331785682444
386,M_Number_of_bifurcation_points,0.12777577625047035,0.87635755613546
386,M_Maximum_branch_order,0.09293074273607889,0.5934049405172708
386,M_trunk_angle_min,0.07207457683584255,0.7076950400952069
386,M_trunk_angle_max,0.07448617268093091,0.653449618186335
387,M_soma_circularity_index,0.15612157848792513,0.8809016598388937
387,M_soma_aspect_ratio,0.15586115908273415,0.8444186341587117
387,M_cell_max_radial_dist,0.043231472613544854,0.3461725444223712
387,M_total_number_of_neurites,0.15423942445187336,0.6355598935640366
387,M_basal_dendrite_avg_tortuosity,0.03951576067581579,0.23086724391696428
387,M_Total_neurite_length_(sections),0.09907829415955789,0.7553175312892234
387,M_Number_of_bifurcation_points,0.11559240329361545,0.8015462910046011
387,M_Maximum_branch_order,0.0950175583054972,0.9099995681355281
387,M_trunk_angle_min,0.053987632620173025,0.49738549155736866
387,M_trunk_angle_max,0.08735471630926321,0.6269359000618198
388,M_soma_circularity_index,0.15332694895069887,0.6650615419048367
388,M_soma_aspect_ratio,0.1435896092570032,0.9287030765287294
388,M_cell_max_radial_dist,0.05064084823762256,0.45647629213057617
388,M_total_number_of_neurites,0.15221428200836873,0.631353775390031
388,M_basal_dendrite_avg_tortuosity,0.039065064733122656,0.12696783442741666
388,M_Total_neurite_length_(sections),0.10520144494469091,0.6964189591726121
388,M_Number_of_bifurcation_points,0.11605446519795727,0.863392066360622
388,M_Maximum_branch_order,0.10363078246094254,0.8085306034063513
388,M_trunk_angle_min,0.05480894482632248,0.5260712951616235
388,M_trunk_angle_max,0.0814676093832708,0.8252325034444585
389,M_soma_circularity_index,0.1532854398391119,0.7327180191364486
389,M_soma_aspect_ratio,0.1698220627796151,1.0408880761209511
389,M_cell_max_radial_dist,0.0533590443260785,0.40959269184836
389,M_total_number_of_neurites,0.1536112363717441,0.6256851599710629
389,M_basal_dendrite_avg_tortuosity,0.0358550271873713,0.10086167739354715
389,M_Total_neurite_length_(sections),0.1153409667258444,0.8561182788226942
389,M_Number_of_bifurcation_points,0.11712067105963796,0.8435796352986671
389,M_Maximum_branch_order,0.08037926351249702,0.5867669585284397
389,M_trunk_angle_min,0.059480213340471,0.4760214109814829
389,M_trunk_angle_max,0.06174607485762875,0.5907897490065543
390,M_soma_circularity_index,0.1370284000681477,0.659961445596038
390,M_soma_aspect_ratio,0.1559365066209104,0.9305157554636219
390,M_cell_max_radial_dist,0.04586401992106505,0.34088411773604266
390,M_total_number_of_neurites,0.16380235967431012,0.6188145522040831
390,M_basal_dendrite_avg_tortuosity,0.04044470197559976,0.12430562924790578
390,M_Total_neurite_length_(sections),0.09502472413048883,0.7429940656189704
390,M_Number_of_bifurcation_points,0.11096260621811029,0.8492526655298266
390,M_Maximum_branch_order,0.11711214423148628,0.7705054538039336
390,M_trunk_angle_min,0.05511906430174753,0.5907350194596267
390,M_trunk_angle_max,0.07870547285813406,0.7989031295857516
391,M_soma_circularity_index,0.13714963016297313,0.6382880001359267
391,M_soma_aspect_ratio,0.16258093640679416,0.959172233438591
391,M_cell_max_radial_dist,0.045760291246033404,0.33281819902005993
391,M_total_number_of_neurites,0.16071024020546465,0.7454402868768192
391,M_basal_dendrite_avg_tortuosity,0.04733018395355709,0.08679880774587073
391,M_Total_neurite_length_(sections),0.09435146251113999,0.656100369796406
391,M_Number_of_bifurcation_points,0.12214427642803359,0.8313809111037697
391,M_Maximum_branch_order,0.10648137417641046,0.7687209984749964
391,M_trunk_angle_min,0.05020129329258715,0.555421799422388
391,M_trunk_angle_max,0.07329031161700636,0.8311780271730962
392,M_soma_circularity_index,0.1311947834217631,0.6583069092224196
392,M_soma_aspect_ratio,0.16143058524899448,0.9555471248037841
392,M_cell_max_radial_dist,0.044534659351160195,0.3264689705017071
392,M_total_number_of_neurites,0.1528243876084945,0.581881085036673
392,M_basal_dendrite_avg_tortuosity,0.03951572294012783,0.12488025302965666
392,M_Total_neurite_length_(sections),0.09680032171461123,0.7468927941898744
392,M_Number_of_bifurcation_points,0.11658982922299085,0.8173238342430734
392,M_Maximum_branch_order,0.106646464439338,0.7856574732018401
392,M_trunk_angle_min,0.06584142358976217,0.7041820999317683
392,M_trunk_angle_max,0.08462182246275757,0.8575744485369107
393,M_soma_circularity_index,0.15523175920920892,0.8299730305521562
393,M_soma_aspect_ratio,0.16036910310096378,1.0448900804109265
393,M_cell_max_radial_dist,0.04234051609570949,0.38146424066860596
393,M_total_number_of_neurites,0.15284475793135463,0.6241714034020067
393,M_basal_dendrite_avg_tortuosity,0.04274167502418926,0.08490023582053838
393,M_Total_neurite_length_(sections),0.10489151213069596,0.8192744022973362
393,M_Number_of_bifurcation_points,0.11723191583654743,0.8333640034317085
393,M_Maximum_branch_order,0.09790723953665756,0.6799671653464572
393,M_trunk_angle_min,0.053832609269131367,0.5191003114143866
393,M_trunk_angle_max,0.07260891186554162,0.6414969368679535
394,M_soma_circularity_index,0.1609809800829646,0.840987600954245
394,M_soma_aspect_ratio,0.1606340636682568,0.8552267853117791
394,M_cell_max_radial_dist,0.043444687985319135,0.3979844049277615
394,M_total_number_of_neurites,0.14842324580169283,0.6094666820198998
394,M_basal_dendrite_avg_tortuosity,0.038227678815111764,0.2756654600785754
394,M_Total_neurite_length_(sections),0.09216515648511898,0.671197429663553
394,M_Number_of_bifurcation_points,0.11788937772448321,0.8196012982571023
394,M_Maximum_branch_order,0.09248697569784049,0.6208693664289001
394,M_trunk_angle_min,0.06112787950124787,0.713480674961313
394,M_trunk_angle_max,0.0846199542379644,0.8738145413697068
395,M_soma_circularity_index,0.1660275089000531,0.8795147141853057
395,M_soma_aspect_ratio,0.14767083562908045,0.7930993202582228
395,M_cell_max_radial_dist,0.048528847812780516,0.4000584096971613
395,M_total_number_of_neurites,0.13649995744200083,0.5889695913823823
395,M_basal_dendrite_avg_tortuosity,0.04026162296862909,0.1515303040812923
395,M_Total_neurite_length_(sections),0.09334478292182728,0.7807764296681636
395,M_Number_of_bifurcation_points,0.11402369280308948,0.8519249611736897
395,M_Maximum_branch_order,0.11299152264975787,0.9280759482309551
395,M_trunk_angle_min,0.053006078206733774,0.5383435620457788
395,M_trunk_angle_max,0.08764515066604747,0.9154479168406122
396,M_soma_circularity_index,0.13777087808361407,0.7771960550182928
396,M_soma_aspect_ratio,0.1634810258159821,0.9443066062682577
396,M_cell_max_radial_dist,0.049999333042816986,0.353333225116911
396,M_total_number_of_neurites,0.15298892371329215,0.7443167405784943
396,M_basal_dendrite_avg_tortuosity,0.0459990800306884,0.14730067525610055
396,M_Total_neurite_length_(sections),0.0994994330317488,0.7975480907564412
396,M_Number_of_bifurcation_points,0.11767711709512166,0.792836920065012
396,M_Maximum_branch_order,0.10362197114056573,0.7753939759148305
396,M_trunk_angle_min,0.05936822726837526,0.6693233228924131
396,M_trunk_angle_max,0.06959401077779497,0.733245170479734
397,M_soma_circularity_index,0.14218274223713773,0.6936180145618955
397,M_soma_aspect_ratio,0.16351934743783952,0.9207113043495041
397,M_cell_max_radial_dist,0.04780739893136741,0.4560101262788197
397,M_total_number_of_neurites,0.15119438815136976,0.6823674742153375
397,M_basal_dendrite_avg_tortuosity,0.04073809879091755,0.11191342343685166
397,M_Total_neurite_length_(sections),0.10862979995177803,0.7647926444666526
397,M_Number_of_bifurcation_points,0.12023473977256435,0.8880421649239604
397,M_Maximum_branch_order,0.09986574839097637,0.7591443102762326
397,M_trunk_angle_min,0.0485614645572496,0.5489658131421595
397,M_trunk_angle_max,0.07726627177879969,0.8327763272224127
398,M_soma_circularity_index,0.15126418088615506,0.7037048821071661
398,M_soma_aspect_ratio,0.14992600975781772,0.9453170461124444
398,M_cell_max_radial_dist,0.052945042955927,0.42836585055072945
398,M_total_number_of_neurites,0.15654389966014712,0.7219557576535972
398,M_basal_dendrite_avg_tortuosity,0.04453111016933211,0.12640530087350482
398,M_Total_neurite_length_(sections),0.10154004634677687,0.8137204948398672
398,M_Number_of_bifurcation_points,0.12267773423535974,0.8119226189653348
398,M_Maximum_branch_order,0.09841871114281385,0.7074083681362117
398,M_trunk_angle_min,0.05370641913742677,0.5704659082123785
398,M_trunk_angle_max,0.06844684570824372,0.7643809563159644
399,M_soma_circularity_index,0.14839181069661056,0.8754332853374673
399,M_soma_aspect_ratio,0.1558461436375896,0.896368242655514
399,M_cell_max_radial_dist,0.04315784317259153,0.29931059029636187
399,M_total_number_of_neurites,0.16800419978006853,0.6167232421213853
399,M_basal_dendrite_avg_tortuosity,0.038009467850611295,0.17566812419163938
399,M_Total_neurite_length_(sections),0.08879221287325707,0.7693845067001595
399,M_Number_of_bifurcation_points,0.1113429997065805,0.849937595825389
399,M_Maximum_branch_order,0.11415039243953307,0.9204225848074429
399,M_trunk_angle_min,0.05118826619518431,0.4624845871519709
399,M_trunk_angle_max,0.08111666364797335,0.6222923332889128
400,M_soma_circularity_index,0.13563743530662603,0.7727553103899714
400,M_soma_aspect_ratio,0.15877912043139097,0.865740641615262
400,M_cell_max_radial_dist,0.05101629225053219,0.410244104424771
400,M_total_number_of_neurites,0.166476714222233,0.6328510216875001
400,M_basal_dendrite_avg_tortuosity,0.040455176822737415,0.09227460177690192
400,M_Total_neurite_length_(sections),0.09985122145480829,0.7017584461572665
400,M_Number_of_bifurcation_points,0.11482880649012848,0.7651701612500408
400,M_Maximum_branch_order,0.10273043876018914,0.709218831618442
400,M_trunk_angle_min,0.060769442119952756,0.6265817937665935
400,M_trunk_angle_max,0.06945535214140175,0.8375021548241427
401,M_soma_circularity_index,0.1520359839096678,0.9115512751395922
401,M_soma_aspect_ratio,0.15848720657817086,0.672089396689009
401,M_cell_max_radial_dist,0.04684840822503336,0.4536426759242907
401,M_total_number_of_neurites,0.13982586302192163,0.6249490333851007
401,M_basal_dendrite_avg_tortuosity,0.03813259734917398,0.10766625455585019
401,M_Total_neurite_length_(sections),0.101210820215445,0.7006476392098481
401,M_Number_of_bifurcation_points,0.11987782816035471,0.8700531063192304
401,M_Maximum_branch_order,0.10200538974974253,0.7713846251866566
401,M_trunk_angle_min,0.06444624781007799,0.7359973411842378
401,M_trunk_angle_max,0.07712965498041215,0.8446649939146427
402,M_soma_circularity_index,0.14164740521218633,0.8076307843961952
402,M_soma_aspect_ratio,0.16228558703663448,0.9135694951422627
402,M_cell_max_radial_dist,0.05104768559862643,0.4962068268759672
402,M_total_number_of_neurites,0.17428367241995776,0.7018199926604995
402,M_basal_dendrite_avg_tortuosity,0.039933429964879044,0.15662114247091757
402,M_Total_neurite_length_(sections),0.09848396084757073,0.7181620847039548
402,M_Number_of_bifurcation_points,0.11298964534425629,0.8654348069068958
402,M_Maximum_branch_order,0.09798114136594055,0.6483141842752298
402,M_trunk_angle_min,0.049278550724883755,0.3464905649973938
402,M_trunk_angle_max,0.07206892148506472,0.5774192344933945
403,M_soma_circularity_index,0.16378127173189533,0.9170777342625174
403,M_soma_aspect_ratio,0.15078560784801967,0.7804457445474473
403,M_cell_max_radial_dist,0.043479399602265274,0.3592266918266921
403,M_total_number_of_neurites,0.1353805004135759,0.555398182632087
403,M_basal_dendrite_avg_tortuosity,0.038879550996968104,0.14048826218284743
403,M_Total_neurite_length_(sections),0.102281198956478,0.7808812631645612
403,M_Number_of_bifurcation_points,0.10647633188684166,0.7288348843216319
403,M_Maximum_branch_order,0.12106228097711258,0.9714215521663808
403,M_trunk_angle_min,0.055611832232030485,0.6350573095034278
403,M_trunk_angle_max,0.08226202535481292,0.8763493130093483
404,M_soma_circularity_index,0.15485126406240723,0.8737039785456261
404,M_soma_aspect_ratio,0.15561713964297763,0.7708126444120602
404,M_cell_max_radial_dist,0.05249662716929873,0.4444666960073749
404,M_total_number_of_neurites,0.14746714549652792,0.6260759939012206
404,M_basal_dendrite_avg_tortuosity,0.04470007227467306,0.08973932917457848
404,M_Total_neurite_length_(sections),0.09400358644832299,0.7791748906177822
404,M_Number_of_bifurcation_points,0.10936493457862487,0.8448010083220627
404,M_Maximum_branch_order,0.1011500292749691,0.822168782275057
404,M_trunk_angle_min,0.053982719623427,0.4570963685839092
404,M_trunk_angle_max,0.08636648142877139,0.8014259868606117
405,M_soma_circularity_index,0.15481392319498158,0.9172333822826121
405,M_soma_aspect_ratio,0.14774341028066687,0.842296574080182
405,M_cell_max_radial_dist,0.05118335253098402,0.4174644131912206
405,M_total_number_of_neurites,0.17748992851563652,0.7518589867915646
405,M_basal_dendrite_avg_tortuosity,0.03589010387076169,0.1684242063241921
405,M_Total_neurite_length_(sections),0.11038923975800508,0.747149696711052
405,M_Number_of_bifurcation_points,0.12003440737041775,0.8481480169203431
405,M_Maximum_branch_order,0.09084595264663306,0.7065736418487125
405,M_trunk_angle_min,0.055998308054187554,0.5096925923079464
405,M_trunk_angle_max,0.055611373777725834,0.6069818377626218
406,M_soma_circularity_index,0.15272196260430435,0.7860061238328382
406,M_soma_aspect_ratio,0.15159592940280076,0.8387767352207658
406,M_cell_max_radial_dist,0.048624419119770376,0.41080508550494366
406,M_total_number_of_neurites,0.1520761582646312,0.6242659163367754
406,M_basal_dendrite_avg_tortuosity,0.049007425953279705,0.21849856117376293
406,M_Total_neurite_length_(sections),0.09379300932588389,0.7039453513756257
406,M_Number_of_bifurcation_points,0.11642241567940308,0.7893534690112618
406,M_Maximum_branch_order,0.10492127511786956,0.9399450983613797
406,M_trunk_angle_min,0.054745721773498894,0.5610926473653632
406,M_trunk_angle_max,0.07609168275855824,0.7953425314672041
407,M_soma_circularity_index,0.14372916226275773,0.797969626312705
407,M_soma_aspect_ratio,0.16997446538656058,1.0062373932610054
407,M_cell_max_radial_dist,0.046599171435471785,0.33317872084337186
407,M_total_number_of_neurites,0.1552762589270718,0.7118695118141054
407,M_basal_dendrite_avg_tortuosity,0.0409898851098776,0.17833447851005024
407,M_Total_neurite_length_(sections),0.10180631392019929,0.873154288466518
407,M_Number_of_bifurcation_points,0.11986638612250605,0.8421585419017774
407,M_Maximum_branch_order,0.09013012625361659,0.705897740930323
407,M_trunk_angle_min,0.06480281896290299,0.5531366250634149
407,M_trunk_angle_max,0.06682541161903564,0.6359241352737594
408,M_soma_circularity_index,0.14338555461334465,0.667737586336513
408,M_soma_aspect_ratio,0.16433021193494082,0.8966795500753845
408,M_cell_max_radial_dist,0.054155760177219174,0.47089395514732013
408,M_total_number_of_neurites,0.1352671557930997,0.5581628171983459
408,M_basal_dendrite_avg_tortuosity,0.042248828245079695,0.2167918994666811
408,M_Total_neurite_length_(sections),0.10874513275996876,0.8127936837325679
408,M_Number_of_bifurcation_points,0.11791298947529506,0.9813909979753479
408,M_Maximum_branch_order,0.09677474595146314,0.6931128130286416
408,M_trunk_angle_min,0.05213177438908654,0.5891281198249713
408,M_trunk_angle_max,0.08504784666050245,0.8550767614917862
409,M_soma_circularity_index,0.142675655565265,0.7876002058144385
409,M_soma_aspect_ratio,0.1504548580975607,0.8872567452844937
409,M_cell_max_radial_dist,0.05331967562180912,0.43591542926777516
409,M_total_number_of_neurites,0.15223921460654316,0.6481516608326012
409,M_basal_dendrite_avg_tortuosity,0.04728383164149279,0.07394528552199733
409,M_Total_neurite_length_(sections),0.1031961420799487,0.7638516087523335
409,M_Number_of_bifurcation_points,0.11698497219386716,0.7686337259831381
409,M_Maximum_branch_order,0.10708986322263384,0.760250288767466
409,M_trunk_angle_min,0.06527108584618099,0.6285135404528048
409,M_trunk_angle_max,0.06148470112469861,0.7715688948641535
410,M_soma_circularity_index,0.15266859482662976,0.8646516110548779
410,M_soma_aspect_ratio,0.14820188343551818,0.8302335530273997
410,M_cell_max_radial_dist,0.040420857663741726,0.43291739293250037
410,M_total_number_of_neurites,0.17533285381600885,0.7938670586469914
410,M_basal_dendrite_avg_tortuosity,0.037566750052604195,0.08385850042380573
410,M_Total_neurite_length_(sections),0.08786456567866076,0.6798569595735747
410,M_Number_of_bifurcation_points,0.11815549108009865,0.8265284656227824
410,M_Maximum_branch_order,0.10778782981251832,0.8510943935112887
410,M_trunk_angle_min,0.06369631865964225,0.496435059956472
410,M_trunk_angle_max,0.06830485497457732,0.5984026551837378
411,M_soma_circularity_index,0.1543479852564898,0.7556607455373503
411,M_soma_aspect_ratio,0.14483604308113376,0.7848345360847209
411,M_cell_max_radial_dist,0.054225916871164945,0.5137209359422565
411,M_total_number_of_neurites,0.16362954901047028,0.6844965757081054
411,M_basal_dendrite_avg_tortuosity,0.03746323056396622,0.19164499166767257
411,M_Total_neurite_length_(sections),0.09456243898011178,0.6485034323677871
411,M_Number_of_bifurcation_points,0.11450331903328237,0.8515195684509826
411,M_Maximum_branch_order,0.1076763344410336,0.7561039438132731
411,M_trunk_angle_min,0.053152364336696144,0.486479198706793
411,M_trunk_angle_max,0.07560281842565107,0.7397138249355
412,M_soma_circularity_index,0.1498580595706908,0.8423879185256791
412,M_soma_aspect_ratio,0.14867986633915833,0.7691546461738304
412,M_cell_max_radial_dist,0.05134926532628393,0.4798861617970168
412,M_total_number_of_neurites,0.15324530329517852,0.6493828214164825
412,M_basal_dendrite_avg_tortuosity,0.037702419628954674,0.18661602492583018
412,M_Total_neurite_length_(sections),0.1020041649744589,0.7652887608724757
412,M_Number_of_bifurcation_points,0.11635786876444137,0.8228737357268336
412,M_Maximum_branch_order,0.10427587092882079,0.7479594158222334
412,M_trunk_angle_min,0.05541006200132076,0.7515791810502005
412,M_trunk_angle_max,0.08111711917069178,0.8832197710453245
413,M_soma_circularity_index,0.1494579012757148,0.7448553880193951
413,M_soma_aspect_ratio,0.15197249786917227,0.8907139996241089
413,M_cell_max_radial_dist,0.051240378022470986,0.4321143325321025
413,M_total_number_of_neurites,0.13416809230778814,0.5716531783470848
413,M_basal_dendrite_avg_tortuosity,0.04029412623507923,0.12577445186756145
413,M_Total_neurite_length_(sections),0.11634814380537672,0.7346609528062426
413,M_Number_of_bifurcation_points,0.10774089888692084,0.7836393652882157
413,M_Maximum_branch_order,0.11643869633271392,0.7581945242174984
413,M_trunk_angle_min,0.06592695835781107,0.7307116191842506
413,M_trunk_angle_max,0.06641230690695188,0.8122712179119409
414,M_soma_circularity_index,0.16455419702673893,0.7791203607788086
414,M_soma_aspect_ratio,0.16169162738306841,0.9224862540823948
414,M_cell_max_radial_dist,0.04969773923693709,0.4547413054931888
414,M_total_number_of_neurites,0.13833007814273388,0.6566876338039364
414,M_basal_dendrite_avg_tortuosity,0.03600060251979069,0.1554650377116452
414,M_Total_neurite_length_(sections),0.09088473791572733,0.7591408946767747
414,M_Number_of_bifurcation_points,0.12017389990971665,0.8042761899980272
414,M_Maximum_branch_order,0.09292076602415479,0.6861572535694234
414,M_trunk_angle_min,0.054197773705223454,0.47132918994967204
414,M_trunk_angle_max,0.09154857813590862,0.8587451685689476
415,M_soma_circularity_index,0.15630701934111874,0.7774310630063134
415,M_soma_aspect_ratio,0.14568634102375075,1.0041121672691904
415,M_cell_max_radial_dist,0.04487884235431038,0.34851910436606337
415,M_total_number_of_neurites,0.17633037000405874,0.7064433844314704
415,M_basal_dendrite_avg_tortuosity,0.039226393463277644,0.06921043348198339
415,M_Total_neurite_length_(sections),0.089597383444677,0.7371605221139398
415,M_Number_of_bifurcation_points,0.1125771049845844,0.8395536703513937
415,M_Maximum_branch_order,0.11292917570054717,0.8418350998642603
415,M_trunk_angle_min,0.057434265303322865,0.4632014434425194
415,M_trunk_angle_max,0.06503310438035237,0.5140076520399597
416,M_soma_circularity_index,0.14880567341866052,0.7402166261898919
416,M_soma_aspect_ratio,0.15568239794650762,1.0841896569367622
416,M_cell_max_radial_dist,0.03736040661968817,0.18795150924450518
416,M_total_number_of_neurites,0.16485380065902303,0.6510905676995487
416,M_basal_dendrite_avg_tortuosity,0.040385157692602085,0.1266452267707241
416,M_Total_neurite_length_(sections),0.10491074797492907,0.9449186949337403
416,M_Number_of_bifurcation_points,0.11962323431814767,0.8495503451509051
416,M_Maximum_branch_order,0.0909245781552921,0.6683747734892631
416,M_trunk_angle_min,0.04888172304323423,0.4277742562284968
416,M_trunk_angle_max,0.08857228017191558,0.657749041252198
417,M_soma_circularity_index,0.16212766003482015,0.8988571656437978
417,M_soma_aspect_ratio,0.15280127654766532,0.8834846175335216
417,M_cell_max_radial_dist,0.04545441680962604,0.4482347604492424
417,M_total_number_of_neurites,0.1266645234478688,0.5784845765144935
417,M_basal_dendrite_avg_tortuosity,0.04378477857217445,0.23165989565918998
417,M_Total_neurite_length_(sections),0.10493336770011609,0.7140277196224812
417,M_Number_of_bifurcation_points,0.11826885187192529,0.7894459185022537
417,M_Maximum_branch_order,0.11236796045378275,0.8770244791695645
417,M_trunk_angle_min,0.06370278067903376,0.5256241422293335
417,M_trunk_angle_max,0.0698943838829874,0.6319162899219625
418,M_soma_circularity_index,0.14491328618609012,0.7872468677540368
418,M_soma_aspect_ratio,0.15463807765923251,0.914045614391233
418,M_cell_max_radial_dist,0.045670238843247155,0.34640303900661307
418,M_total_number_of_neurites,0.14892849783271747,0.6734651590501807
418,M_basal_dendrite_avg_tortuosity,0.04725673506358266,0.15182254260784458
418,M_Total_neurite_length_(sections),0.09926899102175467,0.8583062255545455
418,M_Number_of_bifurcation_points,0.11463307876811918,0.8119890508967664
418,M_Maximum_branch_order,0.10294185083613382,0.7692291752410616
418,M_trunk_angle_min,0.06313100691330953,0.5656659141372864
418,M_trunk_angle_max,0.07861823687581285,0.8378983040533918
419,M_soma_circularity_index,0.1494141309306623,0.7779222589222574
419,M_soma_aspect_ratio,0.15746307074308136,0.878803696491649
419,M_cell_max_radial_dist,0.04953131364518106,0.4780786171278193
419,M_total_number_of_neurites,0.13445124049667542,0.6207119779369438
419,M_basal_dendrite_avg_tortuosity,0.043113374928259576,0.13371163195787125
419,M_Total_neurite_length_(sections),0.09500624251880062,0.7157943759116943
419,M_Number_of_bifurcation_points,0.12436165641521715,0.7923398232118848
419,M_Maximum_branch_order,0.10243087877310315,0.8058444096565218
419,M_trunk_angle_min,0.058612511647552296,0.5901564298800686
419,M_trunk_angle_max,0.085615579901467,0.956553273398441
420,M_soma_circularity_index,0.15427391129640106,0.8378315394784819
420,M_soma_aspect_ratio,0.1495961708461749,0.8156398167001745
420,M_cell_max_radial_dist,0.04469545767025683,0.33820024554169215
420,M_total_number_of_neurites,0.13851585073060246,0.6223447307469603
420,M_basal_dendrite_avg_tortuosity,0.04083744250473677,0.09438412532081529
420,M_Total_neurite_length_(sections),0.11110803720516092,0.8360629074419428
420,M_Number_of_bifurcation_points,0.11252089041944308,0.8534542950624
420,M_Maximum_branch_order,0.10332316476465113,0.6498027217411204
420,M_trunk_angle_min,0.057942495781157045,0.5456605111539292
420,M_trunk_angle_max,0.08718657878141586,0.8828959236681316
421,M_soma_circularity_index,0.14030036039017402,0.6880477953749116
421,M_soma_aspect_ratio,0.16568758721673685,0.9380246634683616
421,M_cell_max_radial_dist,0.044312422790247594,0.3791650326310295
421,M_total_number_of_neurites,0.16255261189941184,0.6262534333482481
421,M_basal_dendrite_avg_tortuosity,0.03835623568326848,0.1719277638399166
421,M_Total_neurite_length_(sections),0.08520684478306108,0.7479642020920217
421,M_Number_of_bifurcation_points,0.12359745625213858,0.8507251461585773
421,M_Maximum_branch_order,0.11245795083710981,0.9482760472250754
421,M_trunk_angle_min,0.053765618717303634,0.6014622387467161
421,M_trunk_angle_max,0.0737629114305481,0.7966252339675466
422,M_soma_circularity_index,0.1429629666644363,0.8279646440985875
422,M_soma_aspect_ratio,0.14557752196126236,0.7751172116003553
422,M_cell_max_radial_dist,0.05127210669397056,0.44258082428967405
422,M_total_number_of_neurites,0.17222706270469854,0.7134306973184062
422,M_basal_dendrite_avg_tortuosity,0.03968437476934846,0.15655252766563252
422,M_Total_neurite_length_(sections),0.09017461904862158,0.6540551856679226
422,M_Number_of_bifurcation_points,0.1139150185297772,0.8157646332337679
422,M_Maximum_branch_order,0.12167414537526072,0.7637447595586468
422,M_trunk_angle_min,0.05321108345848296,0.6858071058770088
422,M_trunk_angle_max,0.06930110079414141,0.8105133253713459
423,M_soma_circularity_index,0.14115197514114808,0.7763671392436575
423,M_soma_aspect_ratio,0.15516220522727162,0.8515056664927678
423,M_cell_max_radial_dist,0.04793978629612124,0.3750699507074976
423,M_total_number_of_neurites,0.1335946394818125,0.6174059860898796
423,M_basal_dendrite_avg_tortuosity,0.0524660739240491,0.11125159170438048
423,M_Total_neurite_length_(sections),0.10639265207779165,0.8615097789438816
423,M_Number_of_bifurcation_points,0.1157514626326016,0.7800301062460965
423,M_Maximum_branch_order,0.11154247494281791,0.8122108508464104
423,M_trunk_angle_min,0.0620898858850427,0.6565802467342461
423,M_trunk_angle_max,0.07390884439134367,0.8415715093342682
424,M_soma_circularity_index,0.14995102346243483,0.6241351552281648
424,M_soma_aspect_ratio,0.16558196771986752,0.9782596968433365
424,M_cell_max_radial_dist,0.04412590921019061,0.28221668091371416
424,M_total_number_of_neurites,0.16047877223172333,0.7471327761447146
424,M_basal_dendrite_avg_tortuosity,0.04105312849461545,0.09985424355752157
424,M_Total_neurite_length_(sections),0.0892793543804522,0.717926707489405
424,M_Number_of_bifurcation_points,0.12212371470437883,0.9044302092629681
424,M_Maximum_branch_order,0.09995739236311586,0.7816880634776756
424,M_trunk_angle_min,0.054756944929117944,0.605752091584995
424,M_trunk_angle_max,0.07269179250410347,0.76872697718855
425,M_soma_circularity_index,0.15675292015233416,0.804879911564707
425,M_soma_aspect_ratio,0.15511174728980992,0.8198718025319844
425,M_cell_max_radial_dist,0.04522883579040541,0.3855332155761153
425,M_total_number_of_neurites,0.13242289260901435,0.5818124474523302
425,M_basal_dendrite_avg_tortuosity,0.04009152632696833,0.09107818875443566
425,M_Total_neurite_length_(sections),0.11031011402644929,0.8155343326873731
425,M_Number_of_bifurcation_points,0.11879144023505049,0.8286857936702238
425,M_Maximum_branch_order,0.09483528339039676,0.8819596387115679
425,M_trunk_angle_min,0.05507352672677873,0.5957865708571854
425,M_trunk_angle_max,0.09138171345279246,0.9413838796130509
426,M_soma_circularity_index,0.14807800059861648,0.7093597708285186
426,M_soma_aspect_ratio,0.16816590923003294,0.9320796612056818
426,M_cell_max_radial_dist,0.04593799743884224,0.36952457821835494
426,M_total_number_of_neurites,0.14371646080831446,0.7247146018639778
426,M_basal_dendrite_avg_tortuosity,0.04376274977690376,0.2180110277748823
426,M_Total_neurite_length_(sections),0.11632377914848518,0.8940548158412196
426,M_Number_of_bifurcation_points,0.11657548285337553,0.8996795810245046
426,M_Maximum_branch_order,0.09611308256757223,0.7924063339007215
426,M_trunk_angle_min,0.0576274393627588,0.6151218488805728
426,M_trunk_angle_max,0.06369909821509832,0.8276117371971183
427,M_soma_circularity_index,0.1430190658328972,0.7857715099439117
427,M_soma_aspect_ratio,0.1763837285792007,1.045207328579122
427,M_cell_max_radial_dist,0.04238999335518662,0.3859379789677845
427,M_total_number_of_neurites,0.15850320858598144,0.6469255993634284
427,M_basal_dendrite_avg_tortuosity,0.0412475823725743,0.22215555528963501
427,M_Total_neurite_length_(sections),0.10769104882780789,0.7459683557562766
427,M_Number_of_bifurcation_points,0.11637712899739265,0.7483285402976912
427,M_Maximum_branch_order,0.09238542887088758,0.8548318011172434
427,M_trunk_angle_min,0.052576052822920216,0.43056022561084833
427,M_trunk_angle_max,0.06942676175515147,0.5892128770633628
428,M_soma_circularity_index,0.14964611514192147,0.7910451041160784
428,M_soma_aspect_ratio,0.16031581684124446,1.018713916260531
428,M_cell_max_radial_dist,0.04704765712911865,0.39164225570082645
428,M_total_number_of_neurites,0.1625113866216919,0.653276880112177
428,M_basal_dendrite_avg_tortuosity,0.04505916964982766,0.05015091690472045
428,M_Total_neurite_length_(sections),0.10188879531323312,0.7342336291793915
428,M_Number_of_bifurcation_points,0.11203809076887745,0.8383057826487599
428,M_Maximum_branch_order,0.10362818762648825,0.6436532340397958
428,M_trunk_angle_min,0.06013621278443069,0.6728127551449455
428,M_trunk_angle_max,0.057728568123166256,0.6216377220543561
429,M_soma_circularity_index,0.1452201264683995,0.8159999826375812
429,M_soma_aspect_ratio,0.16946254804207087,0.856468650354742
429,M_cell_max_radial_dist,0.05173212047606462,0.48594441060761207
429,M_total_number_of_neurites,0.11975683948697274,0.5312347798050656
429,M_basal_dendrite_avg_tortuosity,0.04094036610015791,0.10472124185594225
429,M_Total_neurite_length_(sections),0.10907390997994416,0.8205149681330429
429,M_Number_of_bifurcation_points,0.12064756984518511,0.8909768671193923
429,M_Maximum_branch_order,0.09939956819994253,0.8804641280275103
429,M_trunk_angle_min,0.058724576762711124,0.5206227054352939
429,M_trunk_angle_max,0.08504237463855147,0.9245091013102738
430,M_soma_circularity_index,0.14675870470657573,0.8370406937966944
430,M_soma_aspect_ratio,0.15651809668664002,0.8200804867582461
430,M_cell_max_radial_dist,0.04715952010806917,0.3314149862377437
430,M_total_number_of_neurites,0.155751422819635,0.6421353728605216
430,M_basal_dendrite_avg_tortuosity,0.04506612374325528,0.14067371607272633
430,M_Total_neurite_length_(sections),0.09707043287850783,0.7819647797449792
430,M_Number_of_bifurcation_points,0.12105920858070589,0.8588107110127671
430,M_Maximum_branch_order,0.09926592153247162,0.7274194523874968
430,M_trunk_angle_min,0.06468149667943518,0.5454474528178868
430,M_trunk_angle_max,0.0666690722647043,0.7585496959217427
431,M_soma_circularity_index,0.14839933207586042,0.7578299192662468
431,M_soma_aspect_ratio,0.15989724736376287,0.9167057830186893
431,M_cell_max_radial_dist,0.04486144890840931,0.5267118329049418
431,M_total_number_of_neurites,0.1631940164385051,0.7145917433042641
431,M_basal_dendrite_avg_tortuosity,0.041142742614521714,0.1324020123703794
431,M_Total_neurite_length_(sections),0.09698649798288954,0.8081991472981375
431,M_Number_of_bifurcation_points,0.11601299462546906,0.7531761367984229
431,M_Maximum_branch_order,0.094105461139579,0.6550260285528622
431,M_trunk_angle_min,0.05368668777295476,0.6213573229305055
431,M_trunk_angle_max,0.0817135710780482,0.8506783258673207
432,M_soma_circularity_index,0.1452668352011999,0.814928923891603
432,M_soma_aspect_ratio,0.16158907411611043,1.013444923459145
432,M_cell_max_radial_dist,0.04776321647355946,0.4022472727284377
432,M_total_number_of_neurites,0.17901920161763984,0.7023316543523619
432,M_basal_dendrite_avg_tortuosity,0.03268400819662479,0.10487686776767279
432,M_Total_neurite_length_(sections),0.10217507308971725,0.7510769494311478
432,M_Number_of_bifurcation_points,0.11389945108255155,0.7792264812626432
432,M_Maximum_branch_order,0.08904668136827394,0.6330083155746227
432,M_trunk_angle_min,0.05567712509212379,0.5655236298817508
432,M_trunk_angle_max,0.072879333762199,0.5851799162398519
433,M_soma_circularity_index,0.13404343757952628,0.8098780287058958
433,M_soma_aspect_ratio,0.1607920341643988,0.9815897172722696
433,M_cell_max_radial_dist,0.04096965210904438,0.392480404024818
433,M_total_number_of_neurites,0.1847338303528205,0.6931043028837761
433,M_basal_dendrite_avg_tortuosity,0.04680724696855949,0.17426436079617968
433,M_Total_neurite_length_(sections),0.09673069972227367,0.6786537257912665
433,M_Number_of_bifurcation_points,0.10763681643018107,0.8378701444616135
433,M_Maximum_branch_order,0.10366634268616276,0.804803464567134
433,M_trunk_angle_min,0.04894309976892631,0.41081693165296795
433,M_trunk_angle_max,0.07567684021810679,0.5401590168632335
434,M_soma_circularity_index,0.13517054268411136,0.8125525624923557
434,M_soma_aspect_ratio,0.15483960581818335,0.8521595642584676
434,M_cell_max_radial_dist,0.046916271623589044,0.3600775177907194
434,M_total_number_of_neurites,0.14264322945165947,0.6209563533695112
434,M_basal_dendrite_avg_tortuosity,0.04694292710361043,0.12700884885695118
434,M_Total_neurite_length_(sections),0.10067425179686014,0.7182557900048435
434,M_Number_of_bifurcation_points,0.12350120270822186,0.8445991199299151
434,M_Maximum_branch_order,0.11499039687826859,0.882826636399347
434,M_trunk_angle_min,0.059732867726396674,0.6057745205854494
434,M_trunk_angle_max,0.07458870420909916,0.8361644547959655
435,M_soma_circularity_index,0.1557813355939859,0.8112448626967381
435,M_soma_aspect_ratio,0.14545019175260132,0.8503776386790245
435,M_cell_max_radial_dist,0.049749066215498176,0.370959243870853
435,M_total_number_of_neurites,0.16099708640847993,0.6415017142153834
435,M_basal_dendrite_avg_tortuosity,0.0424205569828644,0.06633866914228909
435,M_Total_neurite_length_(sections),0.11850529082801955,0.7779042202979158
435,M_Number_of_bifurcation_points,0.11465200469358611,0.7604287803213629
435,M_Maximum_branch_order,0.08459824567791553,0.8213733555149985
435,M_trunk_angle_min,0.04809710997649639,0.4704831834163577
435,M_trunk_angle_max,0.07974911187055278,0.8569867320444917
436,M_soma_circularity_index,0.14110841098989219,0.808609303158849
436,M_soma_aspect_ratio,0.16051500434598687,0.80955044616443
436,M_cell_max_radial_dist,0.04650824351028787,0.4205495777334177
436,M_total_number_of_neurites,0.15856393655108877,0.7260519241848999
436,M_basal_dendrite_avg_tortuosity,0.04315107039190336,0.14948153529035324
436,M_Total_neurite_length_(sections),0.08918901545329637,0.6714806117654841
436,M_Number_of_bifurcation_points,0.11107777538740143,0.8197112383162641
436,M_Maximum_branch_order,0.11541335975717763,0.7510017919059782
436,M_trunk_angle_min,0.05181490541871272,0.6436684893617277
436,M_trunk_angle_max,0.08265827819425278,0.871890660914054
437,M_soma_circularity_index,0.15060935055615546,0.8044262678819232
437,M_soma_aspect_ratio,0.1538021991938694,0.7573997316604224
437,M_cell_max_radial_dist,0.04265284156997063,0.39528561271442897
437,M_total_number_of_neurites,0.1463081088550183,0.6086715398695475
437,M_basal_dendrite_avg_tortuosity,0.040920927536169084,0.20442948895825322
437,M_Total_neurite_length_(sections),0.0987242371959961,0.8048647956250734
437,M_Number_of_bifurcation_points,0.12497179688554974,0.9314206699135137
437,M_Maximum_branch_order,0.10105933192181282,0.8914194708864115
437,M_trunk_angle_min,0.04951975076933705,0.5479142016776242
437,M_trunk_angle_max,0.09143145551612152,0.8597658474217509
438,M_soma_circularity_index,0.15724118843333482,0.8928744395040126
438,M_soma_aspect_ratio,0.16382921428897854,0.8557300389650735
438,M_cell_max_radial_dist,0.04469839196663131,0.36829137706404014
438,M_total_number_of_neurites,0.16322011491603552,0.6511545068884083
438,M_basal_dendrite_avg_tortuosity,0.04069735220261287,0.2268458051691488
438,M_Total_neurite_length_(sections),0.0935330627292751,0.7231721990582056
438,M_Number_of_bifurcation_points,0.11581945692886389,0.8691898855664467
438,M_Maximum_branch_order,0.10070738752797441,0.8251251008167226
438,M_trunk_angle_min,0.0507843066360652,0.4579158227373066
438,M_trunk_angle_max,0.06946952437022842,0.6122296881658065
439,M_soma_circularity_index,0.14519263769406973,0.7633051783712814
439,M_soma_aspect_ratio,0.1503006016596366,0.7510941305542674
439,M_cell_max_radial_dist,0.05162080893004055,0.42773515453524424
439,M_total_number_of_neurites,0.1411792775353067,0.5270256030055018
439,M_basal_dendrite_avg_tortuosity,0.04160760182900285,0.20965010855337815
439,M_Total_neurite_length_(sections),0.09895696701632549,0.6644856179644513
439,M_Number_of_bifurcation_points,0.11416326735804144,0.8293778064907916
439,M_Maximum_branch_order,0.11352058430609699,0.8177732915078033
439,M_trunk_angle_min,0.05900009379732108,0.7100290947258054
439,M_trunk_angle_max,0.08445815987415858,0.9184554218992402
440,M_soma_circularity_index,0.15432184283957892,0.8612179892617455
440,M_soma_aspect_ratio,0.16275698041439102,0.8619905875674151
440,M_cell_max_radial_dist,0.0474071522894429,0.4402784205193183
440,M_total_number_of_neurites,0.13178209644248212,0.5782810361267714
440,M_basal_dendrite_avg_tortuosity,0.039656351652479715,0.08795186372035171
440,M_Total_neurite_length_(sections),0.11241619552390025,0.8337723463407557
440,M_Number_of_bifurcation_points,0.1083083369140833,0.8126377678491761
440,M_Maximum_branch_order,0.1025796426766187,0.8045310760898255
440,M_trunk_angle_min,0.056531725394950876,0.5406384416355524
440,M_trunk_angle_max,0.0842396758520723,0.896591500882769
441,M_soma_circularity_index,0.1628598540267969,0.8711320161107173
441,M_soma_aspect_ratio,0.1509233460783731,0.7373175868228303
441,M_cell_max_radial_dist,0.04729541741355727,0.5275713725893095
441,M_total_number_of_neurites,0.14028339114204766,0.5367289313989283
441,M_basal_dendrite_avg_tortuosity,0.044517705240247285,0.14224873276594124
441,M_Total_neurite_length_(sections),0.10590209040881676,0.7324877500552416
441,M_Number_of_bifurcation_points,0.11239877467209525,0.8302733309536243
441,M_Maximum_branch_order,0.10374752805359994,0.8524728880030658
441,M_trunk_angle_min,0.05768422706582736,0.5896218632310182
441,M_trunk_angle_max,0.07438766589863854,0.8280900242737887
442,M_soma_circularity_index,0.14444868032519942,0.766821605607374
442,M_soma_aspect_ratio,0.14894565963489578,0.8905702043816308
442,M_cell_max_radial_dist,0.045996655534678986,0.3901893938819003
442,M_total_number_of_neurites,0.15655959451824672,0.6339905566134656
442,M_basal_dendrite_avg_tortuosity,0.03985831576439068,0.0697419965805677
442,M_Total_neurite_length_(sections),0.12061784015268932,0.881904653940579
442,M_Number_of_bifurcation_points,0.1231423544874516,0.8101043191398907
442,M_Maximum_branch_order,0.08954663521791209,0.6644124532283523
442,M_trunk_angle_min,0.05729616997575232,0.511086156971628
442,M_trunk_angle_max,0.07358809438878323,0.8410332590558898
443,M_soma_circularity_index,0.15251619329862143,0.8566445073051271
443,M_soma_aspect_ratio,0.14866191056774844,0.7536215243368252
443,M_cell_max_radial_dist,0.045096117771316474,0.38436853043248165
443,M_total_number_of_neurites,0.16336847539131066,0.7210817466743685
443,M_basal_dendrite_avg_tortuosity,0.04302356282490973,0.09805496690640385
443,M_Total_neurite_length_(sections),0.10611885824535124,0.7503176883562364
443,M_Number_of_bifurcation_points,0.1152561778627436,0.7719092898643262
443,M_Maximum_branch_order,0.10344965765069863,0.7561951115383854
443,M_trunk_angle_min,0.055873665413410704,0.6459185142049929
443,M_trunk_angle_max,0.06663538097388925,0.7819274605373916
444,M_soma_circularity_index,0.14944987817886163,0.7382119403018619
444,M_soma_aspect_ratio,0.15555174142115766,0.9020246637700775
444,M_cell_max_radial_dist,0.053009557665249014,0.41608592522324306
444,M_total_number_of_neurites,0.15035743757256764,0.642958578600779
444,M_basal_dendrite_avg_tortuosity,0.03993515529605008,0.17629244698316784
444,M_Total_neurite_length_(sections),0.0982194402576702,0.7418494501005571
444,M_Number_of_bifurcation_points,0.12135033599421095,0.8158106444063623
444,M_Maximum_branch_order,0.10638465075749133,0.6679214232687808
444,M_trunk_angle_min,0.05707228947996843,0.7531785827911384
444,M_trunk_angle_max,0.06866951337677313,0.7782924096630135
445,M_soma_circularity_index,0.14888545974211004,0.7709344087208179
445,M_soma_aspect_ratio,0.14959640174376554,0.8853589369434622
445,M_cell_max_radial_dist,0.052886851870312786,0.4061072162746252
445,M_total_number_of_neurites,0.15475767689657804,0.6154212643962443
445,M_basal_dendrite_avg_tortuosity,0.04124269336246667,0.20070592129099235
445,M_Total_neurite_length_(sections),0.10028724721349272,0.7733832455671112
445,M_Number_of_bifurcation_points,0.12350879294777785,0.8920386499029068
445,M_Maximum_branch_order,0.09063386487827305,0.7692170578630027
445,M_trunk_angle_min,0.051759917299837054,0.5313554747650384
445,M_trunk_angle_max,0.08644109404538636,0.8307281017771966
446,M_soma_circularity_index,0.13272171275677824,0.5932367969941696
446,M_soma_aspect_ratio,0.16862995711207163,0.9837434483257106
446,M_cell_max_radial_dist,0.04678780287172963,0.3476489944922969
446,M_total_number_of_neurites,0.15573454019289487,0.7846747107846402
446,M_basal_dendrite_avg_tortuosity,0.040847951908414094,0.18505666015772332
446,M_Total_neurite_length_(sections),0.0953531156579658,0.6838733326518346
446,M_Number_of_bifurcation_points,0.11376820078640414,0.8699787518902125
446,M_Maximum_branch_order,0.11673346905037962,0.7628597249448771
446,M_trunk_angle_min,0.050676550922261164,0.4986072857645944
446,M_trunk_angle_max,0.07874669874110082,0.6815283534548932
447,M_soma_circularity_index,0.13701275343630595,0.8167330442666785
447,M_soma_aspect_ratio,0.15107873724924176,0.8494864508047358
447,M_cell_max_radial_dist,0.05064984601665784,0.4038630038723306
447,M_total_number_of_neurites,0.14185256740197474,0.6407861138524712
447,M_basal_dendrite_avg_tortuosity,0.04322003362327678,0.1296617876518228
447,M_Total_neurite_length_(sections),0.11774397891582408,0.8151760662146178
447,M_Number_of_bifurcation_points,0.12638094378346865,0.8253622744372215
447,M_Maximum_branch_order,0.08806096574695522,0.6797636042652796
447,M_trunk_angle_min,0.06511990632329043,0.5838532156057381
447,M_trunk_angle_max,0.07888026750300454,0.86730928575644
448,M_soma_circularity_index,0.17124895160618808,0.8349251124362749
448,M_soma_aspect_ratio,0.14568475647976464,0.7530796950610087
448,M_cell_max_radial_dist,0.053070644830392213,0.42721418186003673
448,M_total_number_of_neurites,0.1385573638368796,0.6064383842414744
448,M_basal_dendrite_avg_tortuosity,0.03759553213808604,0.07465071609774204
448,M_Total_neurite_length_(sections),0.09888393931166876,0.6541167991597855
448,M_Number_of_bifurcation_points,0.10652443698742602,0.7940058477330365
448,M_Maximum_branch_order,0.11170862840625748,0.9149559696695543
448,M_trunk_angle_min,0.05611495840651534,0.5161869145761304
448,M_trunk_angle_max,0.08061078799682182,0.7807563968940945
449,M_soma_circularity_index,0.13799592268961983,0.6919234367708327
449,M_soma_aspect_ratio,0.17652375939001183,1.0915651258022396
449,M_cell_max_radial_dist,0.04298974290546142,0.34224780697419266
449,M_total_number_of_neurites,0.15766536700865022,0.7582488775469811
449,M_basal_dendrite_avg_tortuosity,0.04274032957198738,0.12449451590894581
449,M_Total_neurite_length_(sections),0.09630616649812768,0.7750055556900451
449,M_Number_of_bifurcation_points,0.1174029402150576,0.8402351169886608
449,M_Maximum_branch_order,0.10222591502930442,0.7446557401692044
449,M_trunk_angle_min,0.0588719313787651,0.5558778911969854
449,M_trunk_angle_max,0.06727792531301462,0.5354184670807782
450,M_soma_circularity_index,0.13144728778699433,0.7116212337598584
450,M_soma_aspect_ratio,0.17798551086197292,1.0017009645354906
450,M_cell_max_radial_dist,0.04829357612334446,0.42269427821730143
450,M_total_number_of_neurites,0.15384198944998884,0.6196884614620226
450,M_basal_dendrite_avg_tortuosity,0.04186106149608616,0.12540282245254258
450,M_Total_neurite_length_(sections),0.10861355225775227,0.7160523540435686
450,M_Number_of_bifurcation_points,0.10615827266900296,0.88751097893623
450,M_Maximum_branch_order,0.10147063263253811,0.7393101532350236
450,M_trunk_angle_min,0.050542101301889075,0.5658874850710044
450,M_trunk_angle_max,0.07978601542043091,0.8292845318154936
451,M_soma_circularity_index,0.1502994185372255,0.722896547668235
451,M_soma_aspect_ratio,0.16303035105084376,0.893969461566439
451,M_cell_max_radial_dist,0.0465336478546351,0.5110424661021811
451,M_total_number_of_neurites,0.15633641067962306,0.6858215863225054
451,M_basal_dendrite_avg_tortuosity,0.04812299197997048,0.09197998538778458
451,M_Total_neurite_length_(sections),0.10626169084580309,0.7490397896517322
451,M_Number_of_bifurcation_points,0.11094482020105426,0.7702229240517108
451,M_Maximum_branch_order,0.09858400394342244,0.7314318620325563
451,M_trunk_angle_min,0.058608110754439766,0.5807732238774393
451,M_trunk_angle_max,0.061278554152982626,0.7689952991773115
452,M_soma_circularity_index,0.16052683760247358,0.7406892210960483
452,M_soma_aspect_ratio,0.14059736818786917,0.881283874799818
452,M_cell_max_radial_dist,0.045963826822011646,0.3121325646731947
452,M_total_number_of_neurites,0.16521831779559107,0.7076698156124039
452,M_basal_dendrite_avg_tortuosity,0.04344722788963503,0.25391414171042703
452,M_Total_neurite_length_(sections),0.11491319403344188,0.8321459831803165
452,M_Number_of_bifurcation_points,0.12986915826271853,0.879917458755951
452,M_Maximum_branch_order,0.07721400212277074,0.7931801972619681
452,M_trunk_angle_min,0.0431266993990306,0.40462386474900847
452,M_trunk_angle_max,0.07912336788445783,0.6075789306426865
453,M_soma_circularity_index,0.14834118207508784,0.7273612641180353
453,M_soma_aspect_ratio,0.17694063926250825,0.9164765860190361
453,M_cell_max_radial_dist,0.041992790236615514,0.4099192087735476
453,M_total_number_of_neurites,0.1456118435443633,0.7291530642070196
453,M_basal_dendrite_avg_tortuosity,0.03930214851746651,0.10570521436334146
453,M_Total_neurite_length_(sections),0.0982987940801753,0.7548028596684674
453,M_Number_of_bifurcation_points,0.11739926382647362,0.7632086508317053
453,M_Maximum_branch_order,0.08963810975877179,0.6905020379573316
453,M_trunk_angle_min,0.04982827030972448,0.5239024950905115
453,M_trunk_angle_max,0.09264695838881348,0.917695654853405
454,M_soma_circularity_index,0.14809503348586459,0.7893540886178468
454,M_soma_aspect_ratio,0.1570459912317841,0.8997833872054262
454,M_cell_max_radial_dist,0.0451259896776557,0.3892413289923463
454,M_total_number_of_neurites,0.17471794798340007,0.7038554192466364
454,M_basal_dendrite_avg_tortuosity,0.03567770077042163,0.09039519111613764
454,M_Total_neurite_length_(sections),0.08578188744778174,0.6553881215189069
454,M_Number_of_bifurcation_points,0.11721101183031611,0.8164473682690916
454,M_Maximum_branch_order,0.10599469354067562,0.7762483060935139
454,M_trunk_angle_min,0.04886592407596775,0.5482508914576923
454,M_trunk_angle_max,0.08148381995613277,0.8567843696029753
455,M_soma_circularity_index,0.14494038441354304,0.8235342514587276
455,M_soma_aspect_ratio,0.18233622288313184,0.8824249872673358
455,M_cell_max_radial_dist,0.050564284562239936,0.4195987969097327
455,M_total_number_of_neurites,0.15523975621424116,0.6328788399908456
455,M_basal_dendrite_avg_tortuosity,0.03975977312337289,0.039856922788622934
455,M_Total_neurite_length_(sections),0.09427554101435158,0.678895067424502
455,M_Number_of_bifurcation_points,0.10433688000087225,0.7682561041289809
455,M_Maximum_branch_order,0.10512050917313405,0.8931427865147478
455,M_trunk_angle_min,0.05227901797171633,0.4714652510939491
455,M_trunk_angle_max,0.07114763064339692,0.7922599871655154
456,M_soma_circularity_index,0.15963048496200918,0.8604116479324224
456,M_soma_aspect_ratio,0.14943573263779153,0.619060992650547
456,M_cell_max_radial_dist,0.04727620719755492,0.3586576145778645
456,M_total_number_of_neurites,0.1635395204941604,0.7649447644682035
456,M_basal_dendrite_avg_tortuosity,0.036291169185131686,0.14933560578182808
456,M_Total_neurite_length_(sections),0.1060268265381484,0.8520980690170423
456,M_Number_of_bifurcation_points,0.1283405307058894,0.8787180383231818
456,M_Maximum_branch_order,0.08703435750551933,0.715741638028323
456,M_trunk_angle_min,0.05511508889631195,0.49442522795848054
456,M_trunk_angle_max,0.06731008187748326,0.7307502332236651
457,M_soma_circularity_index,0.14505858031737484,0.6587482615487257
457,M_soma_aspect_ratio,0.15207361314794643,0.8896810085320217
457,M_cell_max_radial_dist,0.05106778691773276,0.4170297837215945
457,M_total_number_of_neurites,0.14512156475877222,0.7422210020332777
457,M_basal_dendrite_avg_tortuosity,0.04209626889008666,0.10777977210279913
457,M_Total_neurite_length_(sections),0.10665130638177053,0.6681494384131479
457,M_Number_of_bifurcation_points,0.12654533920356234,0.9103234958368459
457,M_Maximum_branch_order,0.10175115367963858,0.7995166463699745
457,M_trunk_angle_min,0.06201681437751189,0.5855734204156797
457,M_trunk_angle_max,0.06761757232560359,0.8258963504942011
458,M_soma_circularity_index,0.14664937263722325,0.8547097938410158
458,M_soma_aspect_ratio,0.17143007372582272,0.8002784775476545
458,M_cell_max_radial_dist,0.05122777986023553,0.48962645476593647
458,M_total_number_of_neurites,0.1277395545493485,0.5465007789720759
458,M_basal_dendrite_avg_tortuosity,0.04208200683020051,0.11613656049483209
458,M_Total_neurite_length_(sections),0.11678240531605516,0.7294288878893636
458,M_Number_of_bifurcation_points,0.11364863862996671,0.8331219603133575
458,M_Maximum_branch_order,0.09645558512487966,0.8739311956431959
458,M_trunk_angle_min,0.056827938459396314,0.5890958159026569
458,M_trunk_angle_max,0.07715664486687172,0.8746350160674886
459,M_soma_circularity_index,0.14641286134749998,0.7846778570066206
459,M_soma_aspect_ratio,0.16574019656592864,0.9513737502941015
459,M_cell_max_radial_dist,0.047898233869191474,0.4351225637972138
459,M_total_number_of_neurites,0.16324388571773196,0.5780940134031792
459,M_basal_dendrite_avg_tortuosity,0.038057952311072965,0.23841756757205906
459,M_Total_neurite_length_(sections),0.10794233933499435,0.6931096903051932
459,M_Number_of_bifurcation_points,0.11495626169832932,0.806384759940696
459,M_Maximum_branch_order,0.11016456348969708,0.8613215192550359
459,M_trunk_angle_min,0.04877579836723003,0.5112311802266485
459,M_trunk_angle_max,0.05680790729832415,0.5964663606207217
460,M_soma_circularity_index,0.1309112587310391,0.6852570302721724
460,M_soma_aspect_ratio,0.1850756506833179,0.9590411668010552
460,M_cell_max_radial_dist,0.047439595320009104,0.4241794735216831
460,M_total_number_of_neurites,0.1355478480253927,0.6283207631056867
460,M_basal_dendrite_avg_tortuosity,0.03988489613244571,0.19221303495943506
460,M_Total_neurite_length_(sections),0.0959401906689149,0.746032276235863
460,M_Number_of_bifurcation_points,0.1267658169136048,0.8845707046133967
460,M_Maximum_branch_order,0.09827266458934188,0.8111073357596028
460,M_trunk_angle_min,0.051751543345536354,0.5736941721408537
460,M_trunk_angle_max,0.08841053559039766,0.8884994827051487
461,M_soma_circularity_index,0.14562329354769876,0.8134397420121166
461,M_soma_aspect_ratio,0.15857613822798786,0.8913975803115033
461,M_cell_max_radial_dist,0.04861967571708755,0.39041152838144844
461,M_total_number_of_neurites,0.14862184913293697,0.5918240655893767
461,M_basal_dendrite_avg_tortuosity,0.038180444674956425,0.16817681861616776
461,M_Total_neurite_length_(sections),0.10085468328895432,0.751886121650343
461,M_Number_of_bifurcation_points,0.12030668353763671,0.829457282974106
461,M_Maximum_branch_order,0.10359081123192058,0.6749104006139808
461,M_trunk_angle_min,0.06187106673159552,0.7629815644793245
461,M_trunk_angle_max,0.07375535390922529,0.86006124501108
462,M_soma_circularity_index,0.13774102832637827,0.6868923732762819
462,M_soma_aspect_ratio,0.17686752983467663,0.9972916931913318
462,M_cell_max_radial_dist,0.056593248290307166,0.4729594786962962
462,M_total_number_of_neurites,0.14224720053086076,0.6391111444474576
462,M_basal_dendrite_avg_tortuosity,0.04250963645080409,0.16870293283161902
462,M_Total_neurite_length_(sections),0.10142646074663335,0.7816767674328784
462,M_Number_of_bifurcation_points,0.1143605686777558,0.8513209346694018
462,M_Maximum_branch_order,0.09735429109363243,0.7281686327560606
462,M_trunk_angle_min,0.055901100344763845,0.5829560834628208
462,M_trunk_angle_max,0.07499893570418774,0.8158846161028808
463,M_soma_circularity_index,0.13858353345279165,0.5940109133129965
463,M_soma_aspect_ratio,0.17480566066109549,1.0215480077759431
463,M_cell_max_radial_dist,0.040774394115517906,0.3559137163207937
463,M_total_number_of_neurites,0.1460447944607719,0.6990250836211067
463,M_basal_dendrite_avg_tortuosity,0.04221702525931247,0.1490633839431918
463,M_Total_neurite_length_(sections),0.08734226279353777,0.703231651563829
463,M_Number_of_bifurcation_points,0.12238963884814033,0.8551400998260156
463,M_Maximum_branch_order,0.10234582436436683,0.716955611664087
463,M_trunk_angle_min,0.055371093099442735,0.7047485271807332
463,M_trunk_angle_max,0.09012577294502293,0.8437595384954375
464,M_soma_circularity_index,0.14412429208498725,0.7808548745895199
464,M_soma_aspect_ratio,0.18171399173716093,0.9001117137159191
464,M_cell_max_radial_dist,0.04332914796380446,0.4030671268180761
464,M_total_number_of_neurites,0.15672602415197895,0.6459954993393484
464,M_basal_dendrite_avg_tortuosity,0.03833807455149235,0.12653832562329964
464,M_Total_neurite_length_(sections),0.09398851179230248,0.7438608902896983
464,M_Number_of_bifurcation_points,0.11709095137464469,0.8715722367578429
464,M_Maximum_branch_order,0.09536695008164135,0.8070411441060005
464,M_trunk_angle_min,0.05125154883477897,0.5488260189038581
464,M_trunk_angle_max,0.07807050742720846,0.8547128203270957
465,M_soma_circularity_index,0.13585195356055613,0.7050637350857438
465,M_soma_aspect_ratio,0.17235220966524845,1.064794632969012
465,M_cell_max_radial_dist,0.04026954904518306,0.3453430333187119
465,M_total_number_of_neurites,0.14472006001622445,0.7490654168721609
465,M_basal_dendrite_avg_tortuosity,0.041316267965990555,0.07544773884506606
465,M_Total_neurite_length_(sections),0.09259661267897723,0.7528159538956745
465,M_Number_of_bifurcation_points,0.12524903182919797,0.9226431489083695
465,M_Maximum_branch_order,0.10031747894757995,0.68510896342778
465,M_trunk_angle_min,0.06348806010790102,0.5051134598288491
465,M_trunk_angle_max,0.08383877618314134,0.6543330898844248
466,M_soma_circularity_index,0.15369460695408402,0.7835885970358388
466,M_soma_aspect_ratio,0.16484104220534956,0.836896095256884
466,M_cell_max_radial_dist,0.050582742426773915,0.5012976370708485
466,M_total_number_of_neurites,0.1411919270105933,0.679729074491404
466,M_basal_dendrite_avg_tortuosity,0.03984927358166612,0.13170633418525535
466,M_Total_neurite_length_(sections),0.11087939128860211,0.7235335769377405
466,M_Number_of_bifurcation_points,0.10098217473242481,0.7468871529287602
466,M_Maximum_branch_order,0.10457844735938682,0.8403747441021654
466,M_trunk_angle_min,0.055193883690010034,0.5713690323564089
466,M_trunk_angle_max,0.07820651075110911,0.8823924056138905
467,M_soma_circularity_index,0.14907133183749202,0.7401172881362148
467,M_soma_aspect_ratio,0.15250484271327977,0.8440543447508211
467,M_cell_max_radial_dist,0.04252569260706768,0.38466320780002755
467,M_total_number_of_neurites,0.15366253187688883,0.6024796029988015
467,M_basal_dendrite_avg_tortuosity,0.03834522477380784,0.10918252204902679
467,M_Total_neurite_length_(sections),0.10128887141114978,0.6514643830057701
467,M_Number_of_bifurcation_points,0.12740610198338567,0.8196828820195956
467,M_Maximum_branch_order,0.10829151983807034,0.8608379850770719
467,M_trunk_angle_min,0.05665646866795954,0.5749728420655029
467,M_trunk_angle_max,0.07024741429089852,0.8411566623293647
468,M_soma_circularity_index,0.1515421488877706,0.6994845953126223
468,M_soma_aspect_ratio,0.16838339704035543,0.9096678177262855
468,M_cell_max_radial_dist,0.052374423746127705,0.43176666605559005
468,M_total_number_of_neurites,0.13551325892162008,0.645769389828099
468,M_basal_dendrite_avg_tortuosity,0.04661372038629853,0.19262079769426366
468,M_Total_neurite_length_(sections),0.1149024941399417,0.8793390879979416
468,M_Number_of_bifurcation_points,0.11132686124406467,0.8191588698773997
468,M_Maximum_branch_order,0.09151613102682778,0.7125470542551926
468,M_trunk_angle_min,0.05834981516303403,0.609398057482342
468,M_trunk_angle_max,0.06947774944395951,0.8296171463695348
469,M_soma_circularity_index,0.13601057827697785,0.7295510431725972
469,M_soma_aspect_ratio,0.16736941999968172,0.8782733869847588
469,M_cell_max_radial_dist,0.04733043927371254,0.47331807372620915
469,M_total_number_of_neurites,0.1294907969737511,0.6004485421205107
469,M_basal_dendrite_avg_tortuosity,0.04015921020124038,0.22652719665154847
469,M_Total_neurite_length_(sections),0.11009835299216897,0.6891459532724171
469,M_Number_of_bifurcation_points,0.11796582657398282,0.8197141983307171
469,M_Maximum_branch_order,0.11561029006048158,0.894383427086054
469,M_trunk_angle_min,0.056189081923113726,0.6101463091420463
469,M_trunk_angle_max,0.07977600372488916,0.9095358019889155
470,M_soma_circularity_index,0.13496731305664098,0.7460131169663824
470,M_soma_aspect_ratio,0.17321793097683766,0.8550018778886832
470,M_cell_max_radial_dist,0.04843548158415515,0.444565216296441
470,M_total_number_of_neurites,0.16114801391267766,0.7502355026530595
470,M_basal_dendrite_avg_tortuosity,0.03766992038496853,0.2136802221145711
470,M_Total_neurite_length_(sections),0.10079032304306876,0.7685542706952688
470,M_Number_of_bifurcation_points,0.11139529507329692,0.8294203245329245
470,M_Maximum_branch_order,0.09889940839866562,0.7260553557110292
470,M_trunk_angle_min,0.05145430045760463,0.5603330691394375
470,M_trunk_angle_max,0.08202201311208421,0.8612050667194895
471,M_soma_circularity_index,0.14653519524253567,0.7233591811637017
471,M_soma_aspect_ratio,0.1701245272982847,0.9167401751838503
471,M_cell_max_radial_dist,0.04736083218484858,0.4127566503484076
471,M_total_number_of_neurites,0.14087804897910208,0.7579158416349705
471,M_basal_dendrite_avg_tortuosity,0.03915308706494589,0.10898303607090777
471,M_Total_neurite_length_(sections),0.10899582709247269,0.7877621654378596
471,M_Number_of_bifurcation_points,0.11876964438341545,0.8654657503661587
471,M_Maximum_branch_order,0.08986401400472288,0.7094618060046927
471,M_trunk_angle_min,0.0516995412583221,0.4659081262840223
471,M_trunk_angle_max,0.08661928249135002,0.8539108472113401
472,M_soma_circularity_index,0.13336796595024836,0.7633579537558851
472,M_soma_aspect_ratio,0.17492443177828534,0.8492674019586546
472,M_cell_max_radial_dist,0.04989907200088336,0.4411075834576593
472,M_total_number_of_neurites,0.12717579182487185,0.549138332870055
472,M_basal_dendrite_avg_tortuosity,0.039513316092814284,0.12167145194033208
472,M_Total_neurite_length_(sections),0.11242133045121855,0.8442661049068078
472,M_Number_of_bifurcation_points,0.11364498454387284,0.7941698522420078
472,M_Maximum_branch_order,0.10182686013257447,0.7660886285853612
472,M_trunk_angle_min,0.050121878384243874,0.5376700052472989
472,M_trunk_angle_max,0.09710436884098703,0.9592119259708065
473,M_soma_circularity_index,0.1234509871393281,0.6304813343222798
473,M_soma_aspect_ratio,0.17018296384459417,0.926070682650016
473,M_cell_max_radial_dist,0.04611978277475388,0.3545219461740217
473,M_total_number_of_neurites,0.16824853699532397,0.7762631341653584
473,M_basal_dendrite_avg_tortuosity,0.042521532610553026,0.10202820607947122
473,M_Total_neurite_length_(sections),0.09691419217397929,0.6485135516031391
473,M_Number_of_bifurcation_points,0.11020712328132329,0.7823557423525563
473,M_Maximum_branch_order,0.11274530879249818,0.7458635154050033
473,M_trunk_angle_min,0.042014970121990014,0.5044065776277409
473,M_trunk_angle_max,0.08759460226565619,0.8224757522013733
474,M_soma_circularity_index,0.13902983971177718,0.7565405850461514
474,M_soma_aspect_ratio,0.16320835599830466,0.8756021084047205
474,M_cell_max_radial_dist,0.052133103284837085,0.4163761548065344
474,M_total_number_of_neurites,0.13390702539269397,0.6356977922669427
474,M_basal_dendrite_avg_tortuosity,0.04373586614071625,0.06355409751069954
474,M_Total_neurite_length_(sections),0.10744625877112839,0.7827726551836913
474,M_Number_of_bifurcation_points,0.11691757258297888,0.9165961736691672
474,M_Maximum_branch_order,0.10062310135055999,0.7715963489891896
474,M_trunk_angle_min,0.06075393661285669,0.5956898785793581
474,M_trunk_angle_max,0.082244940154147,0.8750350236196125
475,M_soma_circularity_index,0.15217023196567417,0.8644800386697784
475,M_soma_aspect_ratio,0.14522067107012412,0.6358674328823992
475,M_cell_max_radial_dist,0.04425935600472159,0.38668300240228454
475,M_total_number_of_neurites,0.18162767883120529,0.7413868492268032
475,M_basal_dendrite_avg_tortuosity,0.03579500603347645,0.17225653550181538
475,M_Total_neurite_length_(sections),0.10397579604770818,0.7463929408769807
475,M_Number_of_bifurcation_points,0.10488400312451764,0.8036219642339819
475,M_Maximum_branch_order,0.10389412323572231,0.8802569480944733
475,M_trunk_angle_min,0.05313724638752293,0.536922101307626
475,M_trunk_angle_max,0.07503588729932723,0.805430504744971
476,M_soma_circularity_index,0.15232556308546655,0.842916119984386
476,M_soma_aspect_ratio,0.12917570016293467,0.8025503920978868
476,M_cell_max_radial_dist,0.0485263981498321,0.43654884778248604
476,M_total_number_of_neurites,0.1578554346870317,0.5525930223809801
476,M_basal_dendrite_avg_tortuosity,0.04253463005082411,0.1160051621438891
476,M_Total_neurite_length_(sections),0.10337703371748123,0.699139898149545
476,M_Number_of_bifurcation_points,0.10810808942955422,0.7924386373310222
476,M_Maximum_branch_order,0.11919345304987389,0.9493127508538974
476,M_trunk_angle_min,0.06823033255955824,0.6309726503271007
476,M_trunk_angle_max,0.07067336510744328,0.8187572046653552
477,M_soma_circularity_index,0.1604354906996311,0.8424685963440611
477,M_soma_aspect_ratio,0.14851229732871923,1.025453800455039
477,M_cell_max_radial_dist,0.045764285559618735,0.38260531734758796
477,M_total_number_of_neurites,0.16322258583044344,0.7276160616157042
477,M_basal_dendrite_avg_tortuosity,0.04363286690847513,0.06455468409812852
477,M_Total_neurite_length_(sections),0.09477835251772791,0.747998137762411
477,M_Number_of_bifurcation_points,0.11426733132267726,0.836924461641087
477,M_Maximum_branch_order,0.096045312303513,0.7282218471138523
477,M_trunk_angle_min,0.053836034079441174,0.36347979497701466
477,M_trunk_angle_max,0.079505443449753,0.6359116485518883
478,M_soma_circularity_index,0.14893195016668842,0.6586356085745433
478,M_soma_aspect_ratio,0.163992142057217,0.8954659532615298
478,M_cell_max_radial_dist,0.04730724598002899,0.41286085122888083
478,M_total_number_of_neurites,0.14579710775934177,0.6592202476450175
478,M_basal_dendrite_avg_tortuosity,0.03880631941680451,0.16348285455861075
478,M_Total_neurite_length_(sections),0.10822357750942573,0.7937255353409651
478,M_Number_of_bifurcation_points,0.11075665436995803,0.8360648852548351
478,M_Maximum_branch_order,0.11338572426086635,0.9253941952504271
478,M_trunk_angle_min,0.054010360213995634,0.5755442314650376
478,M_trunk_angle_max,0.06878891826567363,0.7549226475998133
479,M_soma_circularity_index,0.14182783800527812,0.7567210036499856
479,M_soma_aspect_ratio,0.1524616833438816,0.9103070340220709
479,M_cell_max_radial_dist,0.04282294688243667,0.3314953931919368
479,M_total_number_of_neurites,0.1767675176214732,0.6862034045351194
479,M_basal_dendrite_avg_tortuosity,0.03807962198921632,0.10477897736396878
479,M_Total_neurite_length_(sections),0.09143349830380369,0.7347468289036928
479,M_Number_of_bifurcation_points,0.11675785454904075,0.7983276608376221
479,M_Maximum_branch_order,0.11155982914422721,0.6908176459300716
479,M_trunk_angle_min,0.05600507760579174,0.7375703894162154
479,M_trunk_angle_max,0.07228413255485074,0.787385730320948
480,M_soma_circularity_index,0.1445192410003833,0.5418621525023155
480,M_soma_aspect_ratio,0.17236208335100295,0.937887571966552
480,M_cell_max_radial_dist,0.04811260051055411,0.4566282107191306
480,M_total_number_of_neurites,0.1425812507975703,0.6716701002697187
480,M_basal_dendrite_avg_tortuosity,0.03604650124835507,0.1412398073116723
480,M_Total_neurite_length_(sections),0.08820022949936265,0.6764244913049009
480,M_Number_of_bifurcation_points,0.12624648994241827,0.7737928386704376
480,M_Maximum_branch_order,0.09283503993604514,0.8797444083564498
480,M_trunk_angle_min,0.05686933616249231,0.5870022134491827
480,M_trunk_angle_max,0.0922272275518158,0.9254036112512314
481,M_soma_circularity_index,0.1422431516173471,0.73617383131962
481,M_soma_aspect_ratio,0.15719787487661732,1.0339624028619925
481,M_cell_max_radial_dist,0.047270390083845454,0.3585039393854337
481,M_total_number_of_neurites,0.14916931701536482,0.6762705661516273
481,M_basal_dendrite_avg_tortuosity,0.04081316579670336,0.10903254538948082
481,M_Total_neurite_length_(sections),0.10649383893332144,0.8081648005721711
481,M_Number_of_bifurcation_points,0.11260333171577991,0.8372263260729232
481,M_Maximum_branch_order,0.10076370282804939,0.8042255016483237
481,M_trunk_angle_min,0.0555213836803465,0.46481092275173425
481,M_trunk_angle_max,0.08792384345262463,0.6094710308801519
482,M_soma_circularity_index,0.15922062171573642,0.825851825857248
482,M_soma_aspect_ratio,0.1532588736584173,0.7826892703665046
482,M_cell_max_radial_dist,0.055214780468959154,0.44733258167455925
482,M_total_number_of_neurites,0.14864062573260653,0.5879427732269364
482,M_basal_dendrite_avg_tortuosity,0.03602397580198452,0.15667401440336742
482,M_Total_neurite_length_(sections),0.10864259436609196,0.7746207366109659
482,M_Number_of_bifurcation_points,0.11000933584153165,0.8697668346746938
482,M_Maximum_branch_order,0.09908610538797084,0.7763669968209487
482,M_trunk_angle_min,0.04594997037599551,0.4745684084269743
482,M_trunk_angle_max,0.0839531166507061,0.8897123958739519
483,M_soma_circularity_index,0.15033958379713608,0.8229743479310346
483,M_soma_aspect_ratio,0.1632640740634569,1.0322243838299172
483,M_cell_max_radial_dist,0.046935180577583065,0.3549459785997974
483,M_total_number_of_neurites,0.1381699914390797,0.6568221758200921
483,M_basal_dendrite_avg_tortuosity,0.04682990464115774,0.027008397258601925
483,M_Total_neurite_length_(sections),0.09646527250672988,0.8104419336186903
483,M_Number_of_bifurcation_points,0.10899683088713401,0.8365722562697595
483,M_Maximum_branch_order,0.10573637085774555,0.7567806048536354
483,M_trunk_angle_min,0.05080989156305752,0.4168008337751482
483,M_trunk_angle_max,0.09245289966691958,0.6437190476795907
484,M_soma_circularity_index,0.16025596062674446,0.7582455114313131
484,M_soma_aspect_ratio,0.16376147675363356,0.967351933124095
484,M_cell_max_radial_dist,0.041482489498542545,0.3217028428624297
484,M_total_number_of_neurites,0.1464871065852332,0.7432734752273336
484,M_basal_dendrite_avg_tortuosity,0.037375601209431925,0.1460021212864719
484,M_Total_neurite_length_(sections),0.08297347620850286,0.7145217093161292
484,M_Number_of_bifurcation_points,0.126420699124019,0.8499224260749133
484,M_Maximum_branch_order,0.0987556720648297,0.7453509004028643
484,M_trunk_angle_min,0.05552977243571369,0.473651830527721
484,M_trunk_angle_max,0.0869577454933491,0.7013615036649101
485,M_soma_circularity_index,0.16982452813199975,0.7270378675079746
485,M_soma_aspect_ratio,0.15781224037988795,0.8800374742264951
485,M_cell_max_radial_dist,0.05071071343870514,0.4406877618423045
485,M_total_number_of_neurites,0.1336048747456644,0.6068801086994258
485,M_basal_dendrite_avg_tortuosity,0.036678472230295564,0.16643773003988627
485,M_Total_neurite_length_(sections),0.10867603628428915,0.8336802101571335
485,M_Number_of_bifurcation_points,0.11594773577770574,0.8587942463188665
485,M_Maximum_branch_order,0.08382655895659624,0.6844338450396662
485,M_trunk_angle_min,0.050588016189494815,0.5247087314006191
485,M_trunk_angle_max,0.09233082386536116,0.9662391964362551
486,M_soma_circularity_index,0.15874401828586854,0.8615257349741945
486,M_soma_aspect_ratio,0.1694317114082694,0.9220608844954502
486,M_cell_max_radial_dist,0.03571156205771611,0.33897055640779605
486,M_total_number_of_neurites,0.16318366229939418,0.7269857524669903
486,M_basal_dendrite_avg_tortuosity,0.03783347720117182,0.1658851517449949
486,M_Total_neurite_length_(sections),0.08427299232592686,0.6682434446851072
486,M_Number_of_bifurcation_points,0.12191495112372812,0.800663996975894
486,M_Maximum_branch_order,0.10073534679420297,0.8521439719270801
486,M_trunk_angle_min,0.047953578319925444,0.49978922355029964
486,M_trunk_angle_max,0.08021870018379663,0.6856138752025431
487,M_soma_circularity_index,0.16364546349195025,0.8188341154224825
487,M_soma_aspect_ratio,0.13933499358861914,0.7943652532131193
487,M_cell_max_radial_dist,0.043033911967472964,0.36419382812281764
487,M_total_number_of_neurites,0.15097017744967847,0.5934782923083524
487,M_basal_dendrite_avg_tortuosity,0.04540521060959562,0.2802318075119896
487,M_Total_neurite_length_(sections),0.09358077644477814,0.7144170631631435
487,M_Number_of_bifurcation_points,0.11811550141016408,0.8664960483346805
487,M_Maximum_branch_order,0.11548642181318022,0.9804704085077499
487,M_trunk_angle_min,0.056856322999477446,0.5902677599920632
487,M_trunk_angle_max,0.07357122022508363,0.8272019058046352
488,M_soma_circularity_index,0.15561852956111663,0.8665934109398065
488,M_soma_aspect_ratio,0.15384307387063048,0.8171161461275254
488,M_cell_max_radial_dist,0.04933345319554463,0.4531747416926939
488,M_total_number_of_neurites,0.15040733306211923,0.6847348773273262
488,M_basal_dendrite_avg_tortuosity,0.04129387370750857,0.19910998926548568
488,M_Total_neurite_length_(sections),0.10193226820183952,0.7684559070123813
488,M_Number_of_bifurcation_points,0.12367563713795404,0.90044795479229
488,M_Maximum_branch_order,0.0926905455817968,0.8286906108653237
488,M_trunk_angle_min,0.056978151228802495,0.4550384806771932
488,M_trunk_angle_max,0.07422713445268761,0.5887164568210221
489,M_soma_circularity_index,0.14865794041731378,0.8190488461805877
489,M_soma_aspect_ratio,0.16604098825190278,1.031571628678429
489,M_cell_max_radial_dist,0.041640374916097886,0.3170232499658544
489,M_total_number_of_neurites,0.16379079318940126,0.6427500242530229
489,M_basal_dendrite_avg_tortuosity,0.041296023783333816,0.02346838766870698
489,M_Total_neurite_length_(sections),0.0914502749037164,0.7614088908864273
489,M_Number_of_bifurcation_points,0.10635868485840481,0.8149475521834575
489,M_Maximum_branch_order,0.10959200366976876,0.7577696850162802
489,M_trunk_angle_min,0.0554103305108612,0.45761828484640077
489,M_trunk_angle_max,0.07576258549919922,0.6252185431469932
490,M_soma_circularity_index,0.13381684997322324,0.76805354169871
490,M_soma_aspect_ratio,0.1705439014244394,0.9418329351092892
490,M_cell_max_radial_dist,0.0497469769289417,0.4418497918018715
490,M_total_number_of_neurites,0.15735040383172588,0.7551771717699356
490,M_basal_dendrite_avg_tortuosity,0.041148172863182175,0.08530551313339736
490,M_Total_neurite_length_(sections),0.12030529732255141,0.8441870830491898
490,M_Number_of_bifurcation_points,0.10247935285894973,0.8110714890540298
490,M_Maximum_branch_order,0.0874325992243104,0.5714214193872558
490,M_trunk_angle_min,0.05297779325208726,0.5281084839238415
490,M_trunk_angle_max,0.08419865232058867,0.8378655368335435
491,M_soma_circularity_index,0.13857506996570837,0.742950501278178
491,M_soma_aspect_ratio,0.16086267127181794,0.9012240269848684
491,M_cell_max_radial_dist,0.0498449515763649,0.3934970384643435
491,M_total_number_of_neurites,0.1489545920262091,0.6873516372328312
491,M_basal_dendrite_avg_tortuosity,0.04574910317315282,0.11181485394140706
491,M_Total_neurite_length_(sections),0.09397119940999628,0.7588793779412444
491,M_Number_of_bifurcation_points,0.10808516983991481,0.7988134370508047
491,M_Maximum_branch_order,0.11589224049825013,0.7160909913807721
491,M_trunk_angle_min,0.06150253805330579,0.7301012222574449
491,M_trunk_angle_max,0.07656246418527995,0.8352475708357558
492,M_soma_circularity_index,0.13948257144887805,0.7078036652322622
492,M_soma_aspect_ratio,0.1570972365179935,0.9024306721195554
492,M_cell_max_radial_dist,0.047948873287641164,0.41587284914913586
492,M_total_number_of_neurites,0.12670284800148568,0.6087904462024664
492,M_basal_dendrite_avg_tortuosity,0.042716696780629664,0.11711129908797302
492,M_Total_neurite_length_(sections),0.11784217156760342,0.7776413121423452
492,M_Number_of_bifurcation_points,0.12108324503912417,0.8512909536343942
492,M_Maximum_branch_order,0.09295945705536919,0.687949818106528
492,M_trunk_angle_min,0.06423380584501305,0.5767842220761206
492,M_trunk_angle_max,0.0899330944562622,0.9366997291111655
493,M_soma_circularity_index,0.13376519857437383,0.6846478280031576
493,M_soma_aspect_ratio,0.17936001715624375,0.9640965178793919
493,M_cell_max_radial_dist,0.04883430491948535,0.38218272731855996
493,M_total_number_of_neurites,0.14397204054340715,0.6254587325275562
493,M_basal_dendrite_avg_tortuosity,0.03921291456932887,0.12156298972524489
493,M_Total_neurite_length_(sections),0.10390789026590748,0.8297521044907691
493,M_Number_of_bifurcation_points,0.10394688725647312,0.8679875604095877
493,M_Maximum_branch_order,0.10388417119647425,0.8238483714189196
493,M_trunk_angle_min,0.0619976359274856,0.6239409069913402
493,M_trunk_angle_max,0.08111893959082052,0.8298818143803401
494,M_soma_circularity_index,0.14321582405636682,0.5972571449188808
494,M_soma_aspect_ratio,0.16381916171090774,0.9488099569010849
494,M_cell_max_radial_dist,0.049650881877714256,0.36115134797629744
494,M_total_number_of_neurites,0.12650775374218803,0.6077655133088273
494,M_basal_dendrite_avg_tortuosity,0.03935594402821677,0.05489077398943787
494,M_Total_neurite_length_(sections),0.09161152075794753,0.6475002694020608
494,M_Number_of_bifurcation_points,0.1270720794004973,0.8335423168115125
494,M_Maximum_branch_order,0.1252502883189017,0.8924798955559444
494,M_trunk_angle_min,0.06964401732149197,0.5958519526667918
494,M_trunk_angle_max,0.06387252878576802,0.7765320206990384
495,M_soma_circularity_index,0.13014250416852066,0.6687612529500625
495,M_soma_aspect_ratio,0.1725780587036424,0.8727763945072149
495,M_cell_max_radial_dist,0.04789826825091396,0.43046653387101264
495,M_total_number_of_neurites,0.14622728569597024,0.5975494711435554
495,M_basal_dendrite_avg_tortuosity,0.04638586202583779,0.10465209360404873
495,M_Total_neurite_length_(sections),0.1174799993288798,0.7538719772218457
495,M_Number_of_bifurcation_points,0.1271581532938272,0.8432517474659257
495,M_Maximum_branch_order,0.09500238296020277,0.7913499893292317
495,M_trunk_angle_min,0.04557158438160038,0.5697951105883111
495,M_trunk_angle_max,0.07155590119060479,0.8662719396023341
496,M_soma_circularity_index,0.12675100216716725,0.7966979089293103
496,M_soma_aspect_ratio,0.17680297459743882,0.5991737785669639
496,M_cell_max_radial_dist,0.05259772307065131,0.43171335035663366
496,M_total_number_of_neurites,0.17552330903923125,0.6790137537230279
496,M_basal_dendrite_avg_tortuosity,0.04579238356485687,0.09942657364977109
496,M_Total_neurite_length_(sections),0.09163982282771227,0.7357721961641595
496,M_Number_of_bifurcation_points,0.10978736348824401,0.792626919184322
496,M_Maximum_branch_order,0.10957628718987945,0.8271532559503955
496,M_trunk_angle_min,0.05903392878424344,0.6175330304436686
496,M_trunk_angle_max,0.05249520527057527,0.8462831681717671
497,M_soma_circularity_index,0.13916531997058665,0.7394405232489439
497,M_soma_aspect_ratio,0.16568980387694718,1.0716103015767793
497,M_cell_max_radial_dist,0.04818367359576697,0.39299373576529517
497,M_total_number_of_neurites,0.14550293768734388,0.6483900049754067
497,M_basal_dendrite_avg_tortuosity,0.040090692914432305,0.1468485382155969
497,M_Total_neurite_length_(sections),0.10534020887469744,0.7874066275283386
497,M_Number_of_bifurcation_points,0.12552312628364304,0.8382664900314092
497,M_Maximum_branch_order,0.09026559934040045,0.6672209546446487
497,M_trunk_angle_min,0.05627516126889776,0.6116630020381137
497,M_trunk_angle_max,0.08396347618728438,0.6425037044611589
498,M_soma_circularity_index,0.13597543696185457,0.6964586627760545
498,M_soma_aspect_ratio,0.16531611707531896,1.073849306663241
498,M_cell_max_radial_dist,0.05011727466600455,0.4198760322017657
498,M_total_number_of_neurites,0.1570172025587227,0.7998689976923457
498,M_basal_dendrite_avg_tortuosity,0.04098865884978875,0.1294405285407791
498,M_Total_neurite_length_(sections),0.11040111263189512,0.7807395710244203
498,M_Number_of_bifurcation_points,0.1121757551918414,0.7999677500796458
498,M_Maximum_branch_order,0.0953571270441942,0.7956764144128523
498,M_trunk_angle_min,0.06013939876305736,0.47169041258542443
498,M_trunk_angle_max,0.07251191625732227,0.5617372240716683
499,M_soma_circularity_index,0.15612470992479144,0.6965843920839911
499,M_soma_aspect_ratio,0.14846629331692365,0.8647982813998611
499,M_cell_max_radial_dist,0.050677229591862834,0.43974396310114616
499,M_total_number_of_neurites,0.15062477478636535,0.6441582537929138
499,M_basal_dendrite_avg_tortuosity,0.04258975740046818,0.13625071831491065
499,M_Total_neurite_length_(sections),0.10166840693707828,0.7884126643251633
499,M_Number_of_bifurcation_points,0.11485042658220564,0.8631740259056958
499,M_Maximum_branch_order,0.10555707982626746,0.609118675362483
499,M_trunk_angle_min,0.059209753287056015,0.734838159462301
499,M_trunk_angle_max,0.07023156834698126,0.8749852542758654
