repeat,K,algorithm,n_cells,ARI_vs_reference,NMI_vs_reference,mapped_accuracy,min_cluster_Jaccard,mean_cluster_Jaccard
0,4,Ward,313,0.8039315934434084,0.7678394718984115,0.926517571884984,0.8558558558558559,0.8649552271751099
0,4,KMeans,313,0.7588489064852025,0.6996521588732837,0.8977635782747604,0.7323943661971831,0.7985788445295487
0,4,GMM,313,0.2862771171615479,0.3735974226863264,0.6261980830670927,0.375886524822695,0.4894463645135066
0,4,Spectral,313,0.7680658985083363,0.7391333453207815,0.9073482428115016,0.7580645161290323,0.8255640813842275
1,4,Ward,321,0.5329441981450681,0.571876137145364,0.7663551401869159,0.4606741573033708,0.5953530269139814
1,4,KMeans,321,0.6138488384227386,0.5641805958404817,0.8006230529595015,0.2156862745098039,0.5941872730722599
1,4,GMM,321,0.1966859382265693,0.3023118666453316,0.5451713395638629,0.0,0.3490578627095121
1,4,Spectral,321,0.7277659126020286,0.6759109828496618,0.8847352024922118,0.6825396825396826,0.7773952224382833
2,4,Ward,276,0.4337827244417434,0.5194526885673124,0.7137681159420289,0.0204081632653061,0.4970309610550677
2,4,KMeans,276,0.5237558342863536,0.5196020455438348,0.7246376811594203,0.0204081632653061,0.5070861678004535
2,4,GMM,276,0.2424607968732178,0.3425170136587996,0.572463768115942,0.1764705882352941,0.4004058033469798
2,4,Spectral,276,0.7525292599815584,0.7028901009853556,0.894927536231884,0.7333333333333333,0.7980278663050929
3,4,Ward,289,0.5486943978798571,0.654107352946975,0.8166089965397924,0.56,0.7276163623344074
3,4,KMeans,289,0.7217507545816965,0.675554599803049,0.8788927335640139,0.6619718309859155,0.7683427223609494
3,4,GMM,289,0.3041523792118752,0.3886624650234622,0.6124567474048442,0.3458646616541353,0.4712634627108311
3,4,Spectral,289,0.7005398429056162,0.6610304684981859,0.8685121107266436,0.6610169491525424,0.7512214310224343
4,4,Ward,340,0.6093469084762436,0.6247551558634182,0.8147058823529412,0.4774774774774775,0.6798759233746802
4,4,KMeans,340,0.632256380787256,0.582878313856654,0.8058823529411765,0.2321428571428571,0.6080365632916981
4,4,GMM,340,0.3506366136216939,0.4172560343776952,0.5882352941176471,0.0,0.4189064004583074
4,4,Spectral,340,0.6019385461526454,0.6242891082774041,0.8382352941176471,0.706766917293233,0.7262219738535528
5,4,Ward,305,0.3996888507871426,0.4470998457044363,0.6655737704918033,0.0,0.425392316017316
5,4,KMeans,305,0.5405615539527344,0.5124615234765203,0.7508196721311475,0.0212765957446808,0.5167760548142806
5,4,GMM,305,0.2137624252436443,0.2911558685423526,0.4950819672131147,0.0212765957446808,0.2708696236167416
5,4,Spectral,305,0.5637719249041518,0.5679231011424862,0.8131147540983606,0.647887323943662,0.6786604945035593
6,4,Ward,330,0.6161341091981015,0.6146209641427575,0.7818181818181819,0.0,0.557764116575592
6,4,KMeans,330,0.5931879642085485,0.5355145325277728,0.7878787878787878,0.2280701754385964,0.5836968629302726
6,4,GMM,330,0.3242184845406871,0.3931832724509991,0.5606060606060606,0.0,0.3973443762595955
6,4,Spectral,330,0.7718926812177751,0.7265592731095166,0.906060606060606,0.7258064516129032,0.8155917828370522
7,4,Ward,290,0.268689085223677,0.4779108304249884,0.6241379310344828,0.3419354838709677,0.5146496935602314
7,4,KMeans,290,0.7045501975932044,0.673698754157433,0.8793103448275862,0.7162162162162162,0.7806600572800867
7,4,GMM,290,0.3734755345934291,0.4672435385576667,0.6793103448275862,0.4130434782608695,0.5578739648033126
7,4,Spectral,290,0.7020976768089386,0.682571668653732,0.8793103448275862,0.711864406779661,0.7825311348279096
8,4,Ward,289,0.4828876541142855,0.5613670395815813,0.7785467128027682,0.5360824742268041,0.6514386205408876
8,4,KMeans,289,0.7401863571769758,0.7021337717915739,0.8927335640138409,0.6818181818181818,0.7996845752536419
8,4,GMM,289,0.31575520109545,0.4275278285690186,0.6332179930795848,0.3442622950819672,0.5129381817529959
8,4,Spectral,289,0.7104545974178822,0.6769599364794133,0.8823529411764706,0.7288135593220338,0.7833334931261308
9,4,Ward,320,0.5800917276819897,0.665838037584197,0.7625,0.0,0.5838184850211271
9,4,KMeans,320,0.5250936827617176,0.5062717356447163,0.73125,0.02,0.498232560007228
9,4,GMM,320,0.3914735126997886,0.4582062370377458,0.63125,0.0,0.4635698218335309
9,4,Spectral,320,0.6470941050647657,0.6571070314384554,0.859375,0.725,0.7586715001367377
10,4,Ward,310,0.4205851895675273,0.4394088692341751,0.6451612903225806,0.0,0.4092100155279503
10,4,KMeans,310,0.5514899647255831,0.5181343881217009,0.7677419354838709,0.1886792452830188,0.5616860007274551
10,4,GMM,310,0.3885007616169441,0.4697164913368709,0.6419354838709678,0.0,0.4792918274878335
10,4,Spectral,310,0.7905716885964293,0.7319307047888925,0.9096774193548388,0.7611940298507462,0.8195347305935714
11,4,Ward,292,0.4027642145545235,0.4606715782569341,0.6917808219178082,0.02,0.4657808857808858
11,4,KMeans,292,0.5897916100999007,0.5439746214073302,0.773972602739726,0.1,0.5591395187956564
11,4,GMM,292,0.3849899574031422,0.4432703066947291,0.6335616438356164,0.0,0.4580375571281144
11,4,Spectral,292,0.7771110138659759,0.7223423868214675,0.9006849315068494,0.7457627118644068,0.7999163962473119
12,4,Ward,305,0.4207085407230078,0.4933161739319426,0.7377049180327869,0.5384615384615384,0.5888241838375528
12,4,KMeans,305,0.6365357687864334,0.5710414136793119,0.8065573770491803,0.2448979591836734,0.6026328919997752
12,4,GMM,305,0.3770341935025236,0.4252422704654984,0.6163934426229508,0.0,0.4339939024390244
12,4,Spectral,305,0.5256852717556134,0.5799608828959475,0.7934426229508197,0.6076923076923076,0.6592167696154915
13,4,Ward,351,0.566777475224576,0.5940500491706062,0.7378917378917379,0.0,0.5085077519379845
13,4,KMeans,351,0.4857851718724439,0.4959404839287273,0.6951566951566952,0.0,0.4756754864326078
13,4,GMM,351,0.251913407577796,0.3241773612601442,0.5356125356125356,0.0,0.3616233530449217
13,4,Spectral,351,0.6915491270525588,0.676560664090094,0.8774928774928775,0.7559055118110236,0.7814574265108559
14,4,Ward,311,0.5282245740548508,0.5960662130506985,0.7491961414790996,0.0181818181818181,0.5538700329946491
14,4,KMeans,311,0.5428166058706901,0.5312976963756999,0.7684887459807074,0.2181818181818181,0.573954712602993
14,4,GMM,311,0.3060461002327827,0.3814445645608939,0.5980707395498392,0.0,0.3792600358329871
14,4,Spectral,311,0.7250870885126998,0.7035250429877418,0.8842443729903537,0.6714285714285714,0.7847786515217707
15,4,Ward,328,0.764847925486592,0.7519611733345606,0.902439024390244,0.7432432432432432,0.8121738197825153
15,4,KMeans,328,0.599253731427207,0.5527119576245093,0.7926829268292683,0.2321428571428571,0.5921178912685862
15,4,GMM,328,0.3794114361787697,0.4747120025842303,0.625,0.0,0.4839097786126934
15,4,Spectral,328,0.6137836095537225,0.6300532080400304,0.8445121951219512,0.639344262295082,0.7327426872388301
16,4,Ward,328,0.3322440896965156,0.4041949024335911,0.6310975609756098,0.0196078431372549,0.3948359678334703
16,4,KMeans,328,0.4800483326033059,0.4793059648884166,0.6676829268292683,0.0,0.4442982998122244
16,4,GMM,328,0.1686443598325463,0.2696116997728317,0.4664634146341463,0.0,0.2954511910083063
16,4,Spectral,328,0.7257004575182258,0.674980689524716,0.8841463414634146,0.7402597402597403,0.7798370004771215
17,4,Ward,353,0.5599287693912923,0.6449066316539571,0.8215297450424929,0.6818181818181818,0.7032894273747933
17,4,KMeans,353,0.6074056905098979,0.5723896731014729,0.7960339943342776,0.2033898305084746,0.5992325302659227
17,4,GMM,353,0.4022384184943775,0.4826921635706122,0.6288951841359773,0.0,0.4878826883138419
17,4,Spectral,353,0.7946596694179091,0.7470059652566421,0.9150141643059492,0.7464788732394366,0.8314102812822404
18,4,Ward,315,0.6402438115422948,0.6609934352962585,0.7746031746031746,0.0185185185185185,0.5444872393401805
18,4,KMeans,315,0.6250924671974554,0.5731866818764033,0.8,0.2037037037037037,0.5998783068783068
18,4,GMM,315,0.382299386653286,0.4269374836681939,0.6349206349206349,0.0,0.4548296475190611
18,4,Spectral,315,0.7520182761703648,0.6963739029160122,0.8857142857142857,0.671875,0.7700022305381534
19,4,Ward,334,0.461988378469204,0.5846572129559846,0.7664670658682635,0.5112781954887218,0.652409759243446
19,4,KMeans,334,0.6709948040675947,0.6469463067312832,0.8682634730538922,0.7534246575342466,0.7662250168425779
19,4,GMM,334,0.3102118169819663,0.3986674054234897,0.6437125748502994,0.3835616438356164,0.5201460415398359
19,4,Spectral,334,0.6459375975221856,0.638153467105839,0.8562874251497006,0.6923076923076923,0.7503906711568002
20,4,Ward,328,0.367652515904099,0.5452657014622637,0.6280487804878049,0.0,0.5107843305724531
20,4,KMeans,328,0.5730747583583305,0.5361965219859569,0.7804878048780488,0.1851851851851851,0.5750785742739548
20,4,GMM,328,0.3576777746618978,0.4418648258666611,0.6158536585365854,0.0,0.4600854972862783
20,4,Spectral,328,0.6275341677028462,0.6225661821699303,0.8475609756097561,0.6911764705882353,0.7337440184407097
21,4,Ward,314,0.6133675215588332,0.6156997870638817,0.8343949044585988,0.6271186440677966,0.6980092647465529
21,4,KMeans,314,0.5674949485873578,0.5368548357807381,0.7707006369426752,0.1896551724137931,0.5692801147990162
21,4,GMM,314,0.293740009405023,0.3463260163635402,0.5382165605095541,0.0,0.3697935892703334
21,4,Spectral,314,0.7419394191502754,0.6886393930898003,0.8853503184713376,0.65625,0.7749885304912478
22,4,Ward,329,0.2848353059071584,0.4869115820726766,0.6504559270516718,0.0,0.4543355390129583
22,4,KMeans,329,0.5499661988441736,0.5201330817599543,0.7689969604863222,0.2203389830508474,0.5688085962983214
22,4,GMM,329,0.2127526693956672,0.3169148930189805,0.5592705167173252,0.0,0.3393406053459119
22,4,Spectral,329,0.7731072121816356,0.7195887509608309,0.9088145896656536,0.7796610169491526,0.8237088813597924
23,4,Ward,325,0.2636920658761881,0.4933810398287255,0.6092307692307692,0.0,0.4382518197757823
23,4,KMeans,325,0.4761426586678287,0.4874340744310673,0.6861538461538461,0.0181818181818181,0.4612834425334425
23,4,GMM,325,0.3524679942493062,0.4292342299529949,0.5938461538461538,0.0,0.4274212715389185
23,4,Spectral,325,0.7942224034938041,0.7522800445074709,0.916923076923077,0.8,0.8397058823529412
24,4,Ward,330,0.3444048905419336,0.4287733000306399,0.5757575757575758,0.0,0.4044650804836436
24,4,KMeans,330,0.6259365991891898,0.5736465152556635,0.806060606060606,0.2321428571428571,0.610546364470783
24,4,GMM,330,0.2268906444725229,0.3081359262660468,0.5242424242424243,0.0,0.346036406507367
24,4,Spectral,330,0.8000651549614878,0.7460255723788483,0.9181818181818182,0.8,0.8382223390967063
25,4,Ward,328,0.276363760603911,0.4449441571497315,0.5579268292682927,0.02,0.3325641382380767
25,4,KMeans,328,0.4596578433289281,0.4446743745573464,0.6920731707317073,0.02,0.4529595137228915
25,4,GMM,328,0.4068566232959601,0.4746591982134093,0.6280487804878049,0.0,0.4791396279472204
25,4,Spectral,328,0.6547024853758563,0.6382409211687334,0.8597560975609756,0.7272727272727273,0.7521663553341635
26,4,Ward,314,0.7017812986324223,0.7871937663375994,0.8057324840764332,0.0,0.6324026388681562
26,4,KMeans,314,0.6039093498246992,0.570261565532051,0.7898089171974523,0.1929824561403508,0.5947026198457771
26,4,GMM,314,0.4048504112405763,0.4985922759325978,0.6401273885350318,0.0,0.4919289686832543
26,4,Spectral,314,0.8050658953692708,0.7581615405751847,0.9171974522292994,0.7647058823529411,0.8355488063309838
27,4,Ward,333,0.2658277042463517,0.5007338655519031,0.6276276276276276,0.0,0.4560919399575787
27,4,KMeans,333,0.5797555066425273,0.5348976697693208,0.7837837837837838,0.1923076923076923,0.5760887260887261
27,4,GMM,333,0.2642292642053793,0.3735416427738513,0.5375375375375375,0.0,0.3816020190000774
27,4,Spectral,333,0.5284617041657744,0.5628490627714297,0.8018018018018018,0.625,0.6742424242424242
28,4,Ward,300,0.821715633618108,0.7986638479506774,0.93,0.84375,0.8666128431753432
28,4,KMeans,300,0.7411059879744163,0.6977430275392202,0.8933333333333333,0.7391304347826086,0.7973098220483372
28,4,GMM,300,0.2930198554558196,0.393387440903381,0.5833333333333334,0.2789115646258503,0.4560084628377614
28,4,Spectral,300,0.7616594962027343,0.7214630094507114,0.9033333333333332,0.75,0.817331603132574
29,4,Ward,314,0.5619947198801967,0.6531232309013437,0.8248407643312102,0.55,0.735036450477627
29,4,KMeans,314,0.5451075443026173,0.5158581785409233,0.7770700636942676,0.2352941176470588,0.5806547848798311
29,4,GMM,314,0.3373392474700632,0.408797472258269,0.5509554140127388,0.0,0.4124818032064665
29,4,Spectral,314,0.7835634220663722,0.7457551287031661,0.9140127388535032,0.7619047619047619,0.8378024073942829
30,4,Ward,312,0.3028146311089909,0.3473373892456566,0.5544871794871795,0.0,0.3529790385053543
30,4,KMeans,312,0.5265404221416139,0.5079430620405619,0.7339743589743589,0.0185185185185185,0.5088665038665039
30,4,GMM,312,0.2994259884062188,0.3797095675804176,0.5384615384615384,0.0,0.3842107265441388
30,4,Spectral,312,0.6433822837697862,0.6306299707914407,0.8557692307692307,0.6557377049180327,0.7452885424522684
31,4,Ward,325,0.6038845027918218,0.594336016498884,0.8246153846153846,0.6,0.6830860567938375
31,4,KMeans,325,0.5787180451236495,0.53737658155568,0.7846153846153846,0.2280701754385964,0.5888526510678906
31,4,GMM,325,0.2788733829846474,0.3577530648674794,0.5169230769230769,0.0,0.3688082888904562
31,4,Spectral,325,0.8102902738616417,0.7570415299814287,0.9230769230769232,0.7910447761194029,0.8498533200184242
32,4,Ward,247,0.539496619619605,0.5456682751332123,0.728744939271255,0.0217391304347826,0.504320535410111
32,4,KMeans,247,0.4302063157496146,0.46793004198019,0.659919028340081,0.0217391304347826,0.441582443427409
32,4,GMM,247,0.3650663005092383,0.4359249393807232,0.582995951417004,0.0,0.4201974496092143
32,4,Spectral,247,0.7053487871956251,0.6629722693010434,0.8704453441295547,0.6296296296296297,0.7536581104804758
33,4,Ward,327,0.7062700052073688,0.7194942156166497,0.8868501529051988,0.7433628318584071,0.8056769379111258
33,4,KMeans,327,0.5176674437891716,0.50188321116147,0.7553516819571865,0.1818181818181818,0.5493029728582838
33,4,GMM,327,0.3492615672580989,0.4442110360070095,0.581039755351682,0.0,0.4385924592151575
33,4,Spectral,327,0.7259886425906097,0.6909486978520389,0.8868501529051988,0.7611940298507462,0.7891517225920732
34,4,Ward,333,0.5868312705968766,0.6393973988986562,0.8318318318318318,0.6851851851851852,0.7080963918029181
34,4,KMeans,333,0.5487874187311977,0.5146357713214625,0.7657657657657657,0.1111111111111111,0.5469474396780727
34,4,GMM,333,0.2789279357724914,0.3643941231715663,0.5255255255255256,0.0,0.3592364532019704
34,4,Spectral,333,0.7615872450222139,0.7039040988560293,0.9009009009009008,0.7580645161290323,0.806547593849156
35,4,Ward,273,0.624050812882525,0.6763184270351935,0.8498168498168498,0.6263736263736264,0.757234476029311
35,4,KMeans,273,0.6915919880175675,0.6720741744853784,0.8754578754578755,0.7111111111111111,0.7715756465756465
35,4,GMM,273,0.3850338939690332,0.4714362037567459,0.6996336996336996,0.3893805309734513,0.5990437190973824
35,4,Spectral,273,0.6574944297736044,0.6637146717320062,0.8608058608058609,0.6724137931034483,0.7574557598724636
36,4,Ward,311,0.5784018822948401,0.5725355247872729,0.7588424437299035,0.02,0.5274235638279947
36,4,KMeans,311,0.4623949942946031,0.4773059511584806,0.6655948553054662,0.0,0.4428737635126675
36,4,GMM,311,0.257288100820027,0.317139902314709,0.5369774919614148,0.0,0.3496031746031746
36,4,Spectral,311,0.6385065463180511,0.6217766859211724,0.8488745980707395,0.696969696969697,0.7288280146350358
37,4,Ward,296,0.5219518111845699,0.6042665593786644,0.8006756756756757,0.6022727272727273,0.7053416063395056
37,4,KMeans,296,0.7318847790110178,0.6979460908084835,0.8885135135135135,0.6883116883116883,0.7936688661478578
37,4,GMM,296,0.3205035329884176,0.400974404816036,0.6081081081081081,0.3134328358208955,0.4651290422885572
37,4,Spectral,296,0.7065825220136598,0.6652441111559283,0.8783783783783784,0.6875,0.7759659090909092
38,4,Ward,300,0.5782040237683611,0.6311982109138828,0.7566666666666667,0.0196078431372549,0.5619647053470582
38,4,KMeans,300,0.491549375069523,0.5140833918863881,0.69,0.0196078431372549,0.4622432306255836
38,4,GMM,300,0.3885772388066222,0.4929365515273,0.61,0.0,0.4513428237011269
38,4,Spectral,300,0.8027743113673744,0.7616273767751645,0.92,0.7934782608695652,0.8469246467225309
39,4,Ward,307,0.2060391595870653,0.3455942443089976,0.5374592833876222,0.0208333333333333,0.3105991818677271
39,4,KMeans,307,0.4738975379320351,0.5002153663161326,0.6807817589576547,0.0,0.4592314936068155
39,4,GMM,307,0.4001508145666866,0.5069553694738345,0.6384364820846905,0.0,0.4888673296143584
39,4,Spectral,307,0.7637747007866947,0.7164583503112645,0.9022801302931596,0.7623762376237624,0.8150739258039104
40,4,Ward,346,0.5301364829696703,0.5172105671033133,0.7716763005780347,0.2909090909090909,0.5672679609314263
40,4,KMeans,346,0.6021173686165445,0.5539957870410299,0.7947976878612717,0.2,0.5916063534714397
40,4,GMM,346,0.2654868015230266,0.3349251180684789,0.5578034682080925,0.0,0.3769865753792455
40,4,Spectral,346,0.6350369725434377,0.6500245498137621,0.8554913294797688,0.71875,0.7557170260295261
41,4,Ward,333,0.502297323032607,0.5293496929020872,0.7417417417417418,0.0196078431372549,0.4966097701591482
41,4,KMeans,333,0.5903795602945001,0.5321269063418148,0.7717717717717718,0.0196078431372549,0.5316555579066159
41,4,GMM,333,0.3655337048770705,0.4650830245640711,0.6246246246246246,0.0,0.4695776037687802
41,4,Spectral,333,0.5184571789192405,0.5676399489565228,0.7957957957957958,0.6180555555555556,0.6679849056509981
42,4,Ward,331,0.3539800751331604,0.5235167472248965,0.6797583081570997,0.0,0.4815641025641026
42,4,KMeans,331,0.5577879018664336,0.5095892649012476,0.7673716012084593,0.2241379310344827,0.5595541292046238
42,4,GMM,331,0.390891724514452,0.4199691934269212,0.6344410876132931,0.0,0.4452145077145077
42,4,Spectral,331,0.614947921822869,0.6292842812510248,0.8429003021148036,0.6923076923076923,0.7307830632999035
43,4,Ward,345,0.3039257275363181,0.3846758955396165,0.5826086956521739,0.0,0.375402832798843
43,4,KMeans,345,0.5782038292766423,0.5307045810684603,0.7913043478260869,0.2075471698113207,0.5890395702306079
43,4,GMM,345,0.3137958361509283,0.3691752935718741,0.5710144927536231,0.0,0.4017655145031763
43,4,Spectral,345,0.7330553500722908,0.7065314244027056,0.8985507246376812,0.8031496062992126,0.8190030878493129
44,4,Ward,296,0.474381113595522,0.5077541121982939,0.7162162162162162,0.0208333333333333,0.4830724156938185
44,4,KMeans,296,0.516485782384108,0.5015108107098768,0.7364864864864865,0.0208333333333333,0.5122619548942542
44,4,GMM,296,0.3846589329534895,0.4543163280683454,0.6182432432432432,0.0,0.4499203055455311
44,4,Spectral,296,0.7885528689995955,0.7396641136033983,0.918918918918919,0.8301886792452831,0.8488986612823068
45,4,Ward,340,0.3982779916757381,0.4392100443977433,0.6470588235294118,0.0181818181818181,0.4050900210672871
45,4,KMeans,340,0.5855213649155154,0.5430952131819059,0.7911764705882353,0.2,0.589897370424828
45,4,GMM,340,0.3958689800325398,0.4787458270824435,0.6235294117647059,0.0,0.4841837732160313
45,4,Spectral,340,0.6692202636663637,0.6756513689018324,0.8705882352941177,0.7520661157024794,0.7772143718646155
46,4,Ward,299,0.4863026009175936,0.5144542466056048,0.6789297658862876,0.0,0.475429060586618
46,4,KMeans,299,0.633383048310233,0.576797364584049,0.8060200668896321,0.24,0.6088252792617775
46,4,GMM,299,0.323341170390326,0.3874362796196056,0.5785953177257525,0.0,0.4118146148847903
46,4,Spectral,299,0.7819242936532933,0.7241398704015586,0.8996655518394648,0.6774193548387096,0.7966843841642228
47,4,Ward,336,0.3889582464654386,0.4573119175561402,0.6696428571428571,0.0196078431372549,0.4287442623346257
47,4,KMeans,336,0.5681643696723594,0.5291567503882724,0.7827380952380952,0.2156862745098039,0.5774834386309268
47,4,GMM,336,0.1447087444505785,0.2613554287038935,0.4345238095238095,0.0,0.2820679453172822
47,4,Spectral,336,0.7730516969399707,0.7337825706007728,0.9047619047619048,0.7567567567567568,0.8135518146628234
48,4,Ward,302,0.3601364923773127,0.4068362448169093,0.5662251655629139,0.0,0.3751502080942258
48,4,KMeans,302,0.4486672911767486,0.4647716912430696,0.6821192052980133,0.02,0.4553569341650832
48,4,GMM,302,0.338387717704438,0.4115959347894666,0.5794701986754967,0.0,0.4048551847336517
48,4,Spectral,302,0.7831016839739579,0.7321215763110692,0.913907284768212,0.8125,0.8362599206349207
49,4,Ward,324,0.4925407816644906,0.6029819794214856,0.7932098765432098,0.4736842105263157,0.6655094580533177
49,4,KMeans,324,0.5853534574280084,0.5558662431667358,0.7870370370370371,0.2280701754385964,0.59549455015351
49,4,GMM,324,0.4029643136649882,0.4965415673894135,0.6419753086419753,0.0,0.4971653156472611
49,4,Spectral,324,0.7035273472807204,0.6882360394461444,0.8796296296296297,0.7288135593220338,0.7842000773535117
50,4,Ward,332,0.3647750507685405,0.5270657179668632,0.677710843373494,0.0,0.4909732443451928
50,4,KMeans,332,0.5159813005734423,0.4920081376265111,0.7590361445783133,0.2222222222222222,0.5552510151347361
50,4,GMM,332,0.3711976785803562,0.4690192729722849,0.5963855421686747,0.0,0.4582679304515817
50,4,Spectral,332,0.7606386865564784,0.7153105361283196,0.9006024096385542,0.7619047619047619,0.807696984352029
51,4,Ward,310,0.7023390506045312,0.6781758662134878,0.8838709677419355,0.75,0.7943892045454546
51,4,KMeans,310,0.6864566620007387,0.6493486821457891,0.8709677419354839,0.7236842105263158,0.76362379392227
51,4,GMM,310,0.3110009178367625,0.396994393834079,0.635483870967742,0.3706293706293706,0.5006866268060298
51,4,Spectral,310,0.7223301370183384,0.6845527286498184,0.8838709677419355,0.7014925373134329,0.7850533429111128
52,4,Ward,307,0.7505316552777634,0.6984378950338719,0.8762214983713354,0.5737704918032787,0.742493702438574
52,4,KMeans,307,0.5983510464145388,0.5578625417787745,0.7947882736156352,0.2222222222222222,0.5948771598862642
52,4,GMM,307,0.1897886982047942,0.310682494650397,0.5211726384364821,0.2469135802469135,0.36105395751719
52,4,Spectral,307,0.7568947621966928,0.7007216999143694,0.9022801302931596,0.7592592592592593,0.8122528573392118
53,4,Ward,300,0.621772856520458,0.6269171750176654,0.79,0.0,0.5780207310420076
53,4,KMeans,300,0.6019955363027699,0.5624563111082344,0.7933333333333333,0.22,0.5946328340220386
53,4,GMM,300,0.2350332216622794,0.3433934461052476,0.5533333333333333,0.0,0.3618789395624768
53,4,Spectral,300,0.5139289089782687,0.5898531791611357,0.7933333333333333,0.5925925925925926,0.6734103859103859
54,4,Ward,316,0.5106650173096016,0.545853582694081,0.7943037974683544,0.6496350364963503,0.658381886625517
54,4,KMeans,316,0.7504271708499206,0.690798583465029,0.8955696202531646,0.7361111111111112,0.7982496480988338
54,4,GMM,316,0.3059216847009769,0.3976401854829607,0.5506329113924051,0.0,0.3726458282377234
54,4,Spectral,316,0.6482315760081869,0.6514319433957528,0.8607594936708861,0.7217391304347827,0.7617536674841241
55,4,Ward,314,0.8432368790739824,0.7957462667665867,0.9331210191082804,0.7586206896551724,0.8593995312911838
55,4,KMeans,314,0.5690976057140219,0.5458718372341477,0.7738853503184714,0.2033898305084746,0.5784952408783501
55,4,GMM,314,0.4055154998125279,0.4791897686533317,0.6305732484076433,0.0,0.4761737848720161
55,4,Spectral,314,0.7476911343270618,0.704106690941373,0.89171974522293,0.671875,0.7905043026826115
56,4,Ward,298,0.3942483987088472,0.4332360905256756,0.6879194630872483,0.0196078431372549,0.4546905166995273
56,4,KMeans,298,0.6397674287545689,0.5878950265532515,0.8053691275167785,0.2156862745098039,0.6040130105453075
56,4,GMM,298,0.3935696801415589,0.5038811633433211,0.6409395973154363,0.0,0.5080851515634124
56,4,Spectral,298,0.797141684720413,0.7297560444142733,0.9093959731543624,0.75,0.8122116339469865
57,4,Ward,294,0.5121832794913913,0.4924203836847861,0.7074829931972789,0.0169491525423728,0.478155246791924
57,4,KMeans,294,0.5169269859659338,0.4970544061010989,0.717687074829932,0.0847457627118644,0.4948497656570805
57,4,GMM,294,0.326185236797733,0.360945202227342,0.5680272108843537,0.0,0.3789454479109652
57,4,Spectral,294,0.6753380826528025,0.6375043188890127,0.8537414965986394,0.5789473684210527,0.7204720747842439
58,4,Ward,318,0.5237130882524302,0.546277851579335,0.779874213836478,0.527027027027027,0.61095961249066
58,4,KMeans,318,0.5677305241030614,0.538209952424441,0.7547169811320755,0.0192307692307692,0.5218933765648004
58,4,GMM,318,0.3571064952170648,0.4187062257708724,0.5974842767295597,0.0,0.4405048342680255
58,4,Spectral,318,0.5785277466579942,0.6066696175029379,0.8270440251572327,0.6614173228346457,0.7128452089655092
59,4,Ward,323,0.7026705304981348,0.7367211309070285,0.8730650154798761,0.5760869565217391,0.7824795289040141
59,4,KMeans,323,0.6021437120866104,0.568398255958027,0.7987616099071208,0.2264150943396226,0.6076113978107953
59,4,GMM,323,0.1478048257317173,0.2849798216733733,0.4551083591331269,0.0,0.2583684914903901
59,4,Spectral,323,0.7815278154696245,0.7357207204290375,0.913312693498452,0.7878787878787878,0.8353415921834519
60,4,Ward,292,0.4936766874576762,0.5008803698598633,0.708904109589041,0.0196078431372549,0.4809303851733938
60,4,KMeans,292,0.4779457330188482,0.5098366432221563,0.6815068493150684,0.0196078431372549,0.4656472958139999
60,4,GMM,292,0.3661613392468043,0.4597983618084612,0.5958904109589042,0.0,0.4211117643878571
60,4,Spectral,292,0.7568059206406176,0.701814243585532,0.9006849315068494,0.7741935483870968,0.8118097211195954
61,4,Ward,298,0.4156831784620456,0.585227753031158,0.7248322147651006,0.3425925925925926,0.6350952221584751
61,4,KMeans,298,0.6702500245160085,0.6585148721086078,0.8691275167785235,0.74,0.7681502690734341
61,4,GMM,298,0.3244176176448125,0.4180695934700851,0.6308724832214765,0.3515625,0.505094396105045
61,4,Spectral,298,0.4939635321165061,0.5706686812328896,0.785234899328859,0.5925925925925926,0.6707201799414915
62,4,Ward,326,0.203947509777344,0.4066385337094174,0.6165644171779141,0.0,0.3886299326027679
62,4,KMeans,326,0.6015440726437143,0.5483318041490498,0.7883435582822086,0.2321428571428571,0.5844627755964965
62,4,GMM,326,0.3389950473930387,0.4043722664974661,0.6012269938650306,0.0,0.41015733470403
62,4,Spectral,326,0.5296260723518283,0.5866105274439581,0.8006134969325154,0.6220472440944882,0.6764219492724699
63,4,Ward,330,0.2587191296598046,0.4686026357628898,0.6303030303030303,0.0,0.4439357222310504
63,4,KMeans,330,0.4886626776509767,0.474484618843748,0.693939393939394,0.0185185185185185,0.4572578171634027
63,4,GMM,330,0.2294587821870085,0.3108958034984993,0.5363636363636364,0.0,0.343986843986844
63,4,Spectral,330,0.5912551708162938,0.6093920072595758,0.8333333333333334,0.6901408450704225,0.7164322336001119
64,4,Ward,346,0.3878582252204813,0.524275116037902,0.6676300578034682,0.0,0.4602033752583312
64,4,KMeans,346,0.6040300573576319,0.5642619231266273,0.7947976878612717,0.2105263157894736,0.5988562630796612
64,4,GMM,346,0.3451873426132641,0.4234993957383376,0.5924855491329479,0.0,0.443074640464933
64,4,Spectral,346,0.7841945529509667,0.7347236788265022,0.9104046242774566,0.782608695652174,0.8242570099392201
65,4,Ward,310,0.3988066520016016,0.4673544082510402,0.6838709677419355,0.3508771929824561,0.5313219918483076
65,4,KMeans,310,0.6943613432825251,0.6522463175652473,0.867741935483871,0.6027397260273972,0.7524486813763677
65,4,GMM,310,0.3064900965835919,0.3974595702447301,0.6387096774193548,0.3684210526315789,0.4838390567904225
65,4,Spectral,310,0.7193849611962352,0.695242032687874,0.8838709677419355,0.7213114754098361,0.7827861509982412
66,4,Ward,306,0.8059216496900097,0.7402730058719735,0.9019607843137256,0.6415094339622641,0.7788984319093832
66,4,KMeans,306,0.6274870811213858,0.5638736157608489,0.8104575163398693,0.24,0.6086520195622676
66,4,GMM,306,0.2719633936426934,0.3493012046363005,0.5032679738562091,0.0,0.3547401910803973
66,4,Spectral,306,0.7619244155332003,0.7211105432677148,0.8888888888888888,0.6666666666666666,0.7700024331300847
67,4,Ward,329,0.6151273172184398,0.6396610791440377,0.8145896656534954,0.504424778761062,0.6633720394445894
67,4,KMeans,329,0.5220912431529031,0.4868348921333377,0.756838905775076,0.2222222222222222,0.5495602763303704
67,4,GMM,329,0.405278761227286,0.4928356846318134,0.6474164133738601,0.0,0.4923315331188397
67,4,Spectral,329,0.6624637785908144,0.6534322923150094,0.8662613981762918,0.7368421052631579,0.7680370739746124
68,4,Ward,342,0.3190949240238899,0.5317809084406996,0.6666666666666666,0.0,0.4834371133866952
68,4,KMeans,342,0.5600358066047633,0.5051115860696266,0.7719298245614035,0.2105263157894736,0.561437939655903
68,4,GMM,342,0.3799129853675553,0.4323350370146861,0.6286549707602339,0.0,0.4648771133146133
68,4,Spectral,342,0.5968429161131372,0.6033988610181045,0.8333333333333334,0.6533333333333333,0.7113424947145878
69,4,Ward,344,0.3586221301943211,0.4883582215839379,0.6744186046511628,0.0,0.4638801014591883
69,4,KMeans,344,0.5855750160248492,0.5315629366246453,0.7848837209302325,0.1964285714285714,0.576836222340673
69,4,GMM,344,0.2992785366864334,0.3744382808333658,0.5523255813953488,0.0,0.3793516355140187
69,4,Spectral,344,0.5387729669602842,0.5794160671976674,0.8081395348837209,0.6142857142857143,0.6911104867779699
70,4,Ward,334,0.4757541718728048,0.5400467959445354,0.7754491017964071,0.5567010309278351,0.6384339950547887
70,4,KMeans,334,0.5410163203155611,0.5095592322247173,0.7724550898203593,0.25,0.5681506415182578
70,4,GMM,334,0.2668749203751167,0.3552095542229604,0.5089820359281437,0.0,0.3579489087301588
70,4,Spectral,334,0.6582055959074828,0.6583244007969624,0.8652694610778443,0.7322834645669292,0.7671420927235634
71,4,Ward,330,0.3335726572411263,0.3770903156636114,0.6121212121212121,0.0192307692307692,0.3779821369107083
71,4,KMeans,330,0.5213766204812297,0.4923856865586239,0.7575757575757576,0.2115384615384615,0.5493999606531575
71,4,GMM,330,0.1998764342578589,0.3130956941309292,0.5181818181818182,0.0,0.3439600710942174
71,4,Spectral,330,0.743380111646315,0.6983340031768632,0.896969696969697,0.7746478873239436,0.8064366311297404
72,4,Ward,319,0.6811765714880792,0.6404191189779668,0.8557993730407524,0.589041095890411,0.7234622706291449
72,4,KMeans,319,0.6024498537979743,0.5482230408244738,0.786833855799373,0.2037037037037037,0.5811803329772081
72,4,GMM,319,0.2994731225699031,0.405261110019269,0.54858934169279,0.0,0.403397495705841
72,4,Spectral,319,0.5766325414185838,0.6015747147175485,0.8213166144200627,0.6470588235294118,0.6981092436974791
73,4,Ward,349,0.4710435023838875,0.5809593370999329,0.7621776504297995,0.4918032786885246,0.6333489902397933
73,4,KMeans,349,0.5939565120523049,0.5674547107173533,0.7908309455587392,0.2166666666666666,0.5943217818880168
73,4,GMM,349,0.3724447858845863,0.4544966915741416,0.5988538681948424,0.0,0.4388256907821893
73,4,Spectral,349,0.7547112246272487,0.711286388050461,0.8968481375358166,0.7222222222222222,0.798931623931624
74,4,Ward,328,0.286107622601858,0.47219614700516,0.6341463414634146,0.0,0.4421408282939343
74,4,KMeans,328,0.5677160492084794,0.5318913332435378,0.7835365853658537,0.2,0.586427327416512
74,4,GMM,328,0.2496294955755337,0.3281830754202356,0.5060975609756098,0.0,0.3438560084901548
74,4,Spectral,328,0.7936418557611173,0.7385699846058943,0.9176829268292684,0.8095238095238095,0.8408539173245055
75,4,Ward,308,0.4032919529649154,0.4865505707232945,0.6785714285714286,0.0204081632653061,0.4593769325912183
75,4,KMeans,308,0.4810091373625489,0.5000000491338643,0.6915584415584416,0.0204081632653061,0.4645992419676711
75,4,GMM,308,0.365155144177237,0.5136322392016004,0.6201298701298701,0.0,0.4689903182736989
75,4,Spectral,308,0.5999359061265064,0.6277374279011204,0.8409090909090909,0.6796875,0.7392865214140933
76,4,Ward,343,0.7206751579826346,0.716547454232018,0.8717201166180758,0.6063829787234043,0.7585305335699448
76,4,KMeans,343,0.5936332123497534,0.5548263917460567,0.7900874635568513,0.2033898305084746,0.5932780556323746
76,4,GMM,343,0.3971967549945863,0.4529716718107273,0.6384839650145773,0.0,0.4778345875856095
76,4,Spectral,343,0.7255126368181679,0.691498300459898,0.8833819241982507,0.6829268292682927,0.7822771546834162
77,4,Ward,309,0.5529502539020817,0.608994473835213,0.8155339805825242,0.6415094339622641,0.6779116641604649
77,4,KMeans,309,0.5281206604263929,0.528701154151483,0.7346278317152104,0.1034482758620689,0.5256288653161646
77,4,GMM,309,0.3531273078897207,0.4146857471332472,0.5857605177993528,0.0,0.4306972789115646
77,4,Spectral,309,0.7423441247412526,0.6790900040368988,0.8867313915857605,0.7183098591549296,0.7793944648518358
78,4,Ward,307,0.3510810908081658,0.4678141336208855,0.6840390879478827,0.0188679245283018,0.4468652464186386
78,4,KMeans,307,0.5390660357621084,0.5162171184038641,0.7361563517915309,0.0188679245283018,0.5000740184973096
78,4,GMM,307,0.3769137953883897,0.4568705728948782,0.5895765472312704,0.0,0.425736301369863
78,4,Spectral,307,0.6037823482835931,0.6179452822621447,0.8306188925081434,0.639344262295082,0.7007870102132396
79,4,Ward,305,0.5118879244578983,0.6207145215181855,0.7934426229508197,0.5660377358490566,0.693863268362398
79,4,KMeans,305,0.6699099890492234,0.6456784244066016,0.8655737704918033,0.7101449275362319,0.7599373080480659
79,4,GMM,305,0.3617355392048652,0.4440578684495637,0.6163934426229508,0.1743119266055046,0.4862757504140536
79,4,Spectral,305,0.8362739382648314,0.7858165212037167,0.9344262295081968,0.8333333333333334,0.8685585585585586
80,4,Ward,303,0.5700919255487792,0.5709629876287152,0.7722772277227723,0.2830188679245283,0.5830208650373656
80,4,KMeans,303,0.6028066507957905,0.5600618261903895,0.7953795379537953,0.2264150943396226,0.6012902849452738
80,4,GMM,303,0.3976277378736314,0.4589766549955477,0.6435643564356436,0.0,0.4827477854553554
80,4,Spectral,303,0.7920370120430736,0.744523474233066,0.9141914191419142,0.7777777777777778,0.8337914778132169
81,4,Ward,339,0.6196206264954042,0.649030432461297,0.7610619469026548,0.0,0.5413765745091046
81,4,KMeans,339,0.5955313511046622,0.5582946154903582,0.7935103244837758,0.1964285714285714,0.5948801961801055
81,4,GMM,339,0.4236370731874191,0.5050832842988895,0.6460176991150443,0.0,0.5007569072541382
81,4,Spectral,339,0.7826072238320536,0.7410094411878146,0.9144542772861356,0.803030303030303,0.8373045603298058
82,4,Ward,301,0.3748183824031225,0.5599496204512597,0.7209302325581395,0.42,0.6131878989001894
82,4,KMeans,301,0.5687482636995088,0.5865127150975556,0.8205980066445183,0.6116504854368932,0.7059254457135111
82,4,GMM,301,0.2213033266564312,0.3608409781324028,0.53156146179402,0.2877697841726618,0.3872385670313898
82,4,Spectral,301,0.7849261047148139,0.7445815523084657,0.9136212624584718,0.7619047619047619,0.8366343518530758
83,4,Ward,326,0.325229705735483,0.4696745049141301,0.647239263803681,0.0,0.4314551115979397
83,4,KMeans,326,0.5051118148015347,0.4826822659952182,0.7392638036809815,0.2,0.531140350877193
83,4,GMM,326,0.4063371787850625,0.4694170482885199,0.6503067484662577,0.0,0.4821286017150398
83,4,Spectral,326,0.5474070108149123,0.5871801096393344,0.8128834355828221,0.625,0.6985760710145956
84,4,Ward,273,0.2841872524072305,0.4167166182749783,0.673992673992674,0.0,0.4290249351613927
84,4,KMeans,273,0.5577117022438411,0.5551605872599539,0.7802197802197802,0.0,0.5432551319648093
84,4,GMM,273,0.276588182802244,0.3430515441957118,0.5347985347985348,0.0,0.3461097299700865
84,4,Spectral,273,0.7208951799822307,0.6814302127099462,0.8791208791208791,0.5909090909090909,0.7577641688416508
85,4,Ward,318,0.5733975573104594,0.6091920808733441,0.7578616352201258,0.0196078431372549,0.5528690824281353
85,4,KMeans,318,0.4764895611132164,0.4667074099729761,0.7075471698113207,0.0196078431372549,0.4785979005396005
85,4,GMM,318,0.41422851962961,0.4847507931820096,0.6415094339622641,0.0,0.4920002675286103
85,4,Spectral,318,0.6699182794688686,0.6765040976567099,0.8710691823899371,0.7327586206896551,0.7808230641913729
86,4,Ward,324,0.3867119649698265,0.4517851929970538,0.6790123456790124,0.0196078431372549,0.4453662512785085
86,4,KMeans,324,0.5189240181646478,0.4847273226398566,0.7283950617283951,0.0196078431372549,0.4937861029579296
86,4,GMM,324,0.2286315458392538,0.3115942175718019,0.5339506172839507,0.0,0.3539408866995074
86,4,Spectral,324,0.6903156826980799,0.6570404661886788,0.8734567901234568,0.7377049180327869,0.7677679803499476
87,4,Ward,301,0.3424632694809071,0.455711139680419,0.7009966777408638,0.3392857142857143,0.5212985585767771
87,4,KMeans,301,0.5449327328055783,0.5257745381883048,0.7574750830564784,0.1964285714285714,0.5529720443598396
87,4,GMM,301,0.414758862943333,0.5101576045228959,0.6378737541528239,0.0,0.5020223343175608
87,4,Spectral,301,0.7820559016151238,0.7320893730759317,0.9003322259136213,0.6779661016949152,0.7962370930932807
88,4,Ward,301,0.4917541491305449,0.5530336337639404,0.7009966777408638,0.0181818181818181,0.4665271865945934
88,4,KMeans,301,0.541338245026185,0.5251909935337769,0.7574750830564784,0.1818181818181818,0.5561212121212121
88,4,GMM,301,0.362873953664756,0.4506133609499966,0.6212624584717608,0.0,0.4544534412955465
88,4,Spectral,301,0.7772512018530151,0.7280247817752801,0.903654485049834,0.7014925373134329,0.8095514059611709
89,4,Ward,298,0.5914553250576643,0.6858177315107344,0.8355704697986577,0.5625,0.7189295977011494
89,4,KMeans,298,0.5272616920561481,0.5038797778546859,0.761744966442953,0.2291666666666666,0.5538936932215234
89,4,GMM,298,0.1525791855990594,0.2729510434526229,0.4496644295302013,0.0,0.287551493789442
89,4,Spectral,298,0.5498760874687364,0.6075350732556927,0.8120805369127517,0.6033057851239669,0.7075942905917795
90,4,Ward,335,0.2431483348075664,0.4637725637124134,0.5880597014925373,0.0,0.422785653755164
90,4,KMeans,335,0.4607504934869084,0.4527150681982901,0.6507462686567164,0.0,0.4357089951700443
90,4,GMM,335,0.3601227022440707,0.3802486526096078,0.6238805970149254,0.0,0.4224210786353234
90,4,Spectral,335,0.5966283378181417,0.6130969212609141,0.835820895522388,0.6475409836065574,0.7290298578163807
91,4,Ward,351,0.5415821645171296,0.5881658183761626,0.7891737891737892,0.5294117647058824,0.6418718937764261
91,4,KMeans,351,0.5186122124275183,0.4942113589111823,0.7521367521367521,0.2166666666666666,0.5470579610511679
91,4,GMM,351,0.3924396288008319,0.4874768950632314,0.6381766381766382,0.0,0.488469054935576
91,4,Spectral,351,0.6446429908975767,0.6455841248302552,0.8575498575498576,0.7105263157894737,0.7513319447028909
92,4,Ward,298,0.6157930367441332,0.5999892739275136,0.8288590604026845,0.6119402985074627,0.6950078666496576
92,4,KMeans,298,0.7660173487422508,0.7141625927067795,0.9026845637583892,0.7361111111111112,0.8123567331222918
92,4,GMM,298,0.3194686610988682,0.4067102495701454,0.6442953020134228,0.384,0.5048599317415139
92,4,Spectral,298,0.7245099632863101,0.7003035215874928,0.8859060402684564,0.7213114754098361,0.7880900362194058
93,4,Ward,359,0.8446728784196248,0.8408440414939874,0.9442896935933148,0.88,0.8995074347588441
93,4,KMeans,359,0.6081828123425916,0.5690467616414262,0.8022284122562674,0.2241379310344827,0.6074701866398029
93,4,GMM,359,0.253626527617731,0.3370269652541575,0.5069637883008357,0.0,0.352305342601562
93,4,Spectral,359,0.7786830795696544,0.731151887174622,0.9108635097493036,0.7692307692307693,0.8291666666666667
94,4,Ward,315,0.3421919276855302,0.4635097365908887,0.6126984126984127,0.0,0.4452635929634239
94,4,KMeans,315,0.5098461466285191,0.4910018308307023,0.7492063492063492,0.2115384615384615,0.539108566127839
94,4,GMM,315,0.3259848465165341,0.4090832810214798,0.6,0.0,0.4407720934719532
94,4,Spectral,315,0.7524389007717719,0.7014700226772458,0.8984126984126984,0.7377049180327869,0.8046186245919817
95,4,Ward,316,0.4715811357647863,0.509066841276243,0.7246835443037974,0.0196078431372549,0.5077605188470544
95,4,KMeans,316,0.4463000066399732,0.4834520532901807,0.6582278481012658,0.0,0.4422360820941379
95,4,GMM,316,0.3680767540455226,0.4385276241438314,0.6044303797468354,0.0,0.4528710305748411
95,4,Spectral,316,0.6221826986638954,0.6178780674951944,0.8354430379746836,0.6417910447761194,0.7081059946434811
96,4,Ward,328,0.2141831314275064,0.3796552708598629,0.5975609756097561,0.0,0.3977631632918142
96,4,KMeans,328,0.604343234790795,0.5773287016268055,0.7804878048780488,0.1071428571428571,0.57284297687841
96,4,GMM,328,0.4220587228656238,0.4895600709582995,0.6554878048780488,0.0,0.4830613363594399
96,4,Spectral,328,0.7767564479088278,0.7271170798796444,0.9085365853658536,0.7878787878787878,0.8221894531390151
97,4,Ward,322,0.7376242180794069,0.7356365251760845,0.8850931677018633,0.6172839506172839,0.7943610323553826
97,4,KMeans,322,0.5661586910406512,0.5332147904159864,0.7795031055900621,0.2181818181818181,0.5834181014912863
97,4,GMM,322,0.3744653850408488,0.4475295294542172,0.6086956521739131,0.0,0.4601210931107838
97,4,Spectral,322,0.747209573285646,0.6980530639199034,0.8944099378881988,0.746268656716418,0.7988147103649302
98,4,Ward,329,0.37730121258513,0.4213552980676018,0.6048632218844985,0.0,0.4019784243165478
98,4,KMeans,329,0.5818907641045035,0.5374415197289892,0.7781155015197568,0.2105263157894736,0.5687284282503247
98,4,GMM,329,0.3370553469467732,0.4235748638544406,0.6139817629179332,0.0,0.4514174884157537
98,4,Spectral,329,0.7623904746139799,0.7025644036913127,0.8996960486322189,0.6875,0.8027466618755988
99,4,Ward,317,0.3394877240846013,0.5363881527168133,0.6624605678233438,0.0,0.48318613597111
99,4,KMeans,317,0.5985013606386189,0.555317553021483,0.7917981072555205,0.2037037037037037,0.595034310404182
99,4,GMM,317,0.2657937286053862,0.3521068029863146,0.5205047318611987,0.0,0.3420214314871003
99,4,Spectral,317,0.6161440101809049,0.6332319538697871,0.8422712933753943,0.6916666666666667,0.7301947899001318
100,4,Ward,321,0.641964793023013,0.6506131008421102,0.8473520249221184,0.6330275229357798,0.7309752421847008
100,4,KMeans,321,0.650622358351913,0.639561460910529,0.8566978193146417,0.6666666666666666,0.7512028243952855
100,4,GMM,321,0.2230730111243645,0.3785134177238133,0.5327102803738317,0.286624203821656,0.3893949833294627
100,4,Spectral,321,0.7471186134078613,0.7230979175871464,0.9003115264797508,0.7903225806451613,0.816982440014774
101,4,Ward,321,0.2669026183258221,0.3884024738556323,0.5451713395638629,0.0,0.368964578107481
101,4,KMeans,321,0.4558033429226269,0.4484217418856017,0.6884735202492211,0.0208333333333333,0.4471287364048155
101,4,GMM,321,0.1288385450148038,0.2341267103098042,0.4299065420560747,0.0,0.207119613382076
101,4,Spectral,321,0.7315318877163103,0.6886788410074083,0.8909657320872274,0.7627118644067796,0.7954204920428889
102,4,Ward,314,0.6137238688073381,0.6061828701439853,0.7707006369426752,0.0181818181818181,0.5411204223704223
102,4,KMeans,314,0.5533523634342526,0.5524173619885991,0.7611464968152867,0.0,0.5337556252009
102,4,GMM,314,0.3693719881320984,0.4225703448344151,0.6178343949044586,0.0,0.4512278064146621
102,4,Spectral,314,0.6987740465121384,0.6772155885407524,0.8694267515923567,0.6029411764705882,0.7512820635486065
103,4,Ward,324,0.6437370987355903,0.6747370876239129,0.7870370370370371,0.0178571428571428,0.5923533131098635
103,4,KMeans,324,0.5947122322402179,0.556199015648415,0.7901234567901234,0.2142857142857142,0.5943351841845386
103,4,GMM,324,0.3946480002500005,0.4948275899085042,0.6327160493827161,0.0,0.4892344497607656
103,4,Spectral,324,0.724355836383184,0.6888029140663774,0.8919753086419753,0.78125,0.8046789477285167
104,4,Ward,307,0.3603837194111206,0.5311883003694241,0.6840390879478827,0.0,0.4925780448945467
104,4,KMeans,307,0.5821198126805182,0.542684378394961,0.7882736156351792,0.2156862745098039,0.5904170038738696
104,4,GMM,307,0.1962242928587165,0.3080078240561892,0.5179153094462541,0.0,0.3380657205272153
104,4,Spectral,307,0.784047467362682,0.733078998928854,0.9087947882736156,0.7419354838709677,0.8192571128675947
105,4,Ward,332,0.4592710955517524,0.6096597988857714,0.7590361445783133,0.4060150375939849,0.6431704260651628
105,4,KMeans,332,0.4895429075135502,0.4695655100792811,0.7379518072289156,0.2241379310344827,0.5323326247544371
105,4,GMM,332,0.3704296025138089,0.4550288254672032,0.5963855421686747,0.0,0.4555658960292581
105,4,Spectral,332,0.7999320656453321,0.7458995531425777,0.9186746987951808,0.803030303030303,0.8411425870567943
106,4,Ward,348,0.6277618185797684,0.6841791352676293,0.8505747126436781,0.5666666666666667,0.7387969094922737
106,4,KMeans,348,0.5648697908652988,0.5351445823726033,0.7758620689655172,0.2,0.5740166083916083
106,4,GMM,348,0.378337357789077,0.4829284792878344,0.6235632183908046,0.0,0.4739853918298151
106,4,Spectral,348,0.7722047435342919,0.7348199345344917,0.9109195402298852,0.7857142857142857,0.8342481912780421
107,4,Ward,321,0.662307683147234,0.6769924063617286,0.8037383177570093,0.0196078431372549,0.5998701856038491
107,4,KMeans,321,0.6245035245616289,0.5743026604822341,0.8099688473520249,0.2156862745098039,0.610250438480911
107,4,GMM,321,0.2135600212125424,0.2971998290585587,0.4859813084112149,0.0,0.32446750071296
107,4,Spectral,321,0.7937323060028035,0.7463235044184682,0.9158878504672896,0.7580645161290323,0.834720594999436
108,4,Ward,341,0.6448785519495199,0.6328803597175618,0.8005865102639296,0.0204081632653061,0.5733928851145721
108,4,KMeans,341,0.5134479342866044,0.4817360984308262,0.7419354838709677,0.0204081632653061,0.5019323429855034
108,4,GMM,341,0.2740701954855914,0.3370708611534216,0.5249266862170088,0.0,0.3621275310630465
108,4,Spectral,341,0.7320238723970335,0.6845866702088573,0.8914956011730205,0.76,0.7945197740112995
109,4,Ward,308,0.2566711641544751,0.3760092134849776,0.6266233766233766,0.0196078431372549,0.4054090097161217
109,4,KMeans,308,0.5350581443728233,0.5154425938976188,0.7402597402597403,0.0196078431372549,0.5091646721757297
109,4,GMM,308,0.294356854893323,0.3785726785937344,0.5551948051948052,0.0,0.3939701023922772
109,4,Spectral,308,0.5767626195712833,0.6042224626849685,0.8214285714285714,0.6504065040650406,0.6985645369791711
110,4,Ward,279,0.4000763750954386,0.4618617086329894,0.7311827956989247,0.5,0.5645940170940171
110,4,KMeans,279,0.6102733538888996,0.576722836613019,0.8351254480286738,0.5964912280701754,0.7028732545649838
110,4,GMM,279,0.2555664606458316,0.3647898012575867,0.5627240143369175,0.1666666666666666,0.4089983292791885
110,4,Spectral,279,0.6470346056421672,0.6293294790694257,0.8566308243727598,0.6938775510204082,0.7434060021882036
111,4,Ward,330,0.3116493772733712,0.5420689441530947,0.6606060606060606,0.0,0.4790941863008497
111,4,KMeans,330,0.5683593475069589,0.5285167959062708,0.7818181818181819,0.2407407407407407,0.577488213917242
111,4,GMM,330,0.1795440396559446,0.2783665935003289,0.4333333333333333,0.0,0.2310320626477541
111,4,Spectral,330,0.6293179879623528,0.6414674762145824,0.8454545454545455,0.5802469135802469,0.7360944958220337
112,4,Ward,318,0.4428762719014912,0.600601903427192,0.7264150943396226,0.3364485981308411,0.642473000985667
112,4,KMeans,318,0.6413701495123248,0.631906524304908,0.8522012578616353,0.6527777777777778,0.7452880167899423
112,4,GMM,318,0.2775906603110286,0.3586093958181019,0.559748427672956,0.2794117647058823,0.4098959866432449
112,4,Spectral,318,0.7034994384040443,0.6703871890181942,0.8805031446540881,0.7478260869565218,0.7825045232743023
113,4,Ward,282,0.6102525237378041,0.6134416916835208,0.75177304964539,0.0178571428571428,0.5225084755669862
113,4,KMeans,282,0.4806896568913577,0.4880966589120954,0.6843971631205674,0.0178571428571428,0.4634766102606739
113,4,GMM,282,0.2710242288456188,0.3597517946280389,0.5602836879432624,0.0,0.3820734797297297
113,4,Spectral,282,0.7461578653818578,0.6828754932457983,0.8794326241134752,0.6136363636363636,0.7512499663897179
114,4,Ward,311,0.6087419553722676,0.6795479291582289,0.77491961414791,0.0192307692307692,0.5763572195023808
114,4,KMeans,311,0.5068152345591992,0.4843231977962641,0.7491961414790996,0.1923076923076923,0.5366211063823323
114,4,GMM,311,0.2654609417378794,0.3339007336489522,0.5466237942122186,0.0,0.3514262508122157
114,4,Spectral,311,0.6948822264382266,0.6562422885041607,0.8681672025723473,0.6811594202898551,0.7518239459815547
115,4,Ward,311,0.5944839482915512,0.619108735605175,0.7620578778135049,0.02,0.5641390579220193
115,4,KMeans,311,0.4523634405470546,0.4802532039655122,0.6655948553054662,0.02,0.4346060716508994
115,4,GMM,311,0.2701233622296651,0.3386782961416339,0.5112540192926045,0.0,0.3620109272956173
115,4,Spectral,311,0.5163647370492553,0.5748119654726987,0.797427652733119,0.6029411764705882,0.6824431695755225
116,4,Ward,304,0.2958211294570398,0.3949319840267483,0.5822368421052632,0.0188679245283018,0.3701492359349065
116,4,KMeans,304,0.5569697271643276,0.525540733511784,0.743421052631579,0.0188679245283018,0.5062394228710368
116,4,GMM,304,0.3289675510584207,0.3877766113414552,0.5888157894736842,0.0,0.4192148297491039
116,4,Spectral,304,0.5360893619515761,0.5697243591304203,0.7993421052631579,0.6,0.6576105781392905
117,4,Ward,299,0.5025241827099817,0.4904241833951271,0.7324414715719063,0.0204081632653061,0.4985826876806462
117,4,KMeans,299,0.5570458701676818,0.5194616529333838,0.7558528428093646,0.1020408163265306,0.5309402875640418
117,4,GMM,299,0.3966994666578482,0.4692717473878968,0.6287625418060201,0.0,0.4849014478888002
117,4,Spectral,299,0.5611433785201702,0.5884645498308698,0.8127090301003345,0.6581196581196581,0.6808989621489621
118,4,Ward,299,0.4365852110580938,0.4531108127678068,0.705685618729097,0.0196078431372549,0.4698583150544072
118,4,KMeans,299,0.4709037981656944,0.4805193677519387,0.6822742474916388,0.0196078431372549,0.452302466880472
118,4,GMM,299,0.3677371410679686,0.4321860294470459,0.6153846153846154,0.0,0.4520917678812415
118,4,Spectral,299,0.6102187150855007,0.6159461393337607,0.8361204013377926,0.6451612903225806,0.7116592917836295
119,4,Ward,280,0.2820704521628281,0.4032020766853151,0.6392857142857142,0.02,0.4232339709428961
119,4,KMeans,280,0.5350350648411186,0.5130981327154923,0.7321428571428571,0.02,0.5059005694664797
119,4,GMM,280,0.3546271023340626,0.4240082963265352,0.5892857142857143,0.0,0.4353269313189756
119,4,Spectral,280,0.6792970778824459,0.6400605081242023,0.8642857142857143,0.6379310344827587,0.7486882247636979
120,4,Ward,319,0.6888706880942533,0.6690901296079415,0.8526645768025078,0.5308641975308642,0.7176278693300836
120,4,KMeans,319,0.574389823997859,0.5429760909366943,0.7774294670846394,0.2068965517241379,0.5765647176411794
120,4,GMM,319,0.3144931356105375,0.398191010054517,0.567398119122257,0.0,0.39939294604747
120,4,Spectral,319,0.7640839111628858,0.7152101410443709,0.8996865203761756,0.7049180327868853,0.8017622136671134
121,4,Ward,316,0.3538519117598385,0.5778847121607922,0.6962025316455697,0.0,0.5017884150030248
121,4,KMeans,316,0.6029086504337092,0.5659496501849776,0.7974683544303798,0.2678571428571428,0.6020567360026888
121,4,GMM,316,0.1558256496738649,0.2765672629318899,0.490506329113924,0.0,0.2963242105924286
121,4,Spectral,316,0.7903828877428458,0.7366133520874786,0.9113924050632912,0.6909090909090909,0.8176158053276698
122,4,Ward,300,0.7024171412781154,0.6887808976054043,0.8833333333333333,0.7631578947368421,0.792298820021143
122,4,KMeans,300,0.7588420394145043,0.6981187765617848,0.8966666666666666,0.7272727272727273,0.7946449540415541
122,4,GMM,300,0.322152500166559,0.41029849958868,0.65,0.3863636363636363,0.5223970536964022
122,4,Spectral,300,0.7685638982086243,0.7450691640679639,0.9066666666666666,0.7272727272727273,0.8266591728136947
123,4,Ward,304,0.44457868829971,0.4465441626161164,0.7138157894736842,0.0212765957446808,0.4724915099764558
123,4,KMeans,304,0.4472524244050746,0.4798157612787799,0.6875,0.0212765957446808,0.455105822865001
123,4,GMM,304,0.2683256790796698,0.3470893467090096,0.5361842105263158,0.0,0.3738311856886623
123,4,Spectral,304,0.6259182851302154,0.6451555126796257,0.8486842105263158,0.7166666666666667,0.7411193222782985
124,4,Ward,330,0.500667747834266,0.564651071528089,0.6878787878787879,0.0,0.5085884353741497
124,4,KMeans,330,0.5044664082733814,0.4759344850041738,0.7454545454545455,0.1923076923076923,0.5305049749428308
124,4,GMM,330,0.2943130547447003,0.3623287644370053,0.5848484848484848,0.0,0.3975714285714286
124,4,Spectral,330,0.5997506827086894,0.611602259957427,0.8363636363636363,0.6585365853658537,0.7266920720357528
125,4,Ward,290,0.4736230925647176,0.5234994272521294,0.7758620689655172,0.59,0.6383857459481352
125,4,KMeans,290,0.7590338909871119,0.7111864141712565,0.896551724137931,0.7192982456140351,0.7980046137079357
125,4,GMM,290,0.3218018552164296,0.4092524883371922,0.6275862068965518,0.3385826771653543,0.4848837645294338
125,4,Spectral,290,0.7394039810281452,0.709839134633419,0.8931034482758621,0.7049180327868853,0.7993269238704921
126,4,Ward,334,0.497361501799862,0.5751363986359446,0.7425149700598802,0.0175438596491228,0.5269467357959766
126,4,KMeans,334,0.5234635547932721,0.5004948217242164,0.7514970059880239,0.1929824561403508,0.5425383070655805
126,4,GMM,334,0.2865715882384286,0.3588380045771572,0.5269461077844312,0.0,0.3629967029360036
126,4,Spectral,334,0.7442340640008898,0.6981346734396323,0.8922155688622755,0.7123287671232876,0.7922869878037997
127,4,Ward,336,0.4201410196357278,0.5619485025330619,0.7291666666666666,0.512396694214876,0.584512700894095
127,4,KMeans,336,0.6081526341939847,0.5695328151297586,0.7976190476190477,0.2321428571428571,0.6023686830909458
127,4,GMM,336,0.369659020851823,0.4489911717162275,0.6071428571428571,0.0,0.4478663214422708
127,4,Spectral,336,0.5371397137184061,0.593108794424938,0.8035714285714286,0.6153846153846154,0.6809152639192165
128,4,Ward,335,0.4148642254831451,0.5117572028544968,0.6955223880597015,0.0,0.4968496963562753
128,4,KMeans,335,0.5911916462842808,0.5452107011265334,0.7910447761194029,0.2,0.5913983593737
128,4,GMM,335,0.2536173466707246,0.3509613273616264,0.5223880597014925,0.0,0.3524590163934426
128,4,Spectral,335,0.6226847667639868,0.6376312342977022,0.844776119402985,0.6991869918699187,0.7319257398068907
129,4,Ward,308,0.3503961513454885,0.4296459446600081,0.7012987012987013,0.4768211920529801,0.5556990748281636
129,4,KMeans,308,0.6855697068595532,0.654727497754364,0.8733766233766234,0.75,0.7701373469918446
129,4,GMM,308,0.2349586301764445,0.3369769149098024,0.5097402597402597,0.0,0.342406744402945
129,4,Spectral,308,0.7313515416232668,0.7105812351760017,0.8863636363636364,0.7121212121212122,0.7886930048145001
130,4,Ward,286,0.3477355409560812,0.3809348429753696,0.6153846153846154,0.0222222222222222,0.3849642996870109
130,4,KMeans,286,0.5512779940595174,0.5348512289653035,0.7587412587412588,0.0222222222222222,0.532606118455175
130,4,GMM,286,0.3817664395938838,0.4533107864259988,0.6118881118881119,0.0,0.4624495967741935
130,4,Spectral,286,0.7393280780678767,0.690432927949514,0.8916083916083916,0.7272727272727273,0.7932625622690622
131,4,Ward,312,0.2946716196848463,0.3946202390254226,0.6474358974358975,0.0175438596491228,0.4377147420218122
131,4,KMeans,312,0.588105595826382,0.5440836861886823,0.782051282051282,0.2105263157894736,0.5813179422449235
131,4,GMM,312,0.4052424416405925,0.4627673154644138,0.6410256410256411,0.0,0.4757918552036199
131,4,Spectral,312,0.7517834005080091,0.6914326331583358,0.8878205128205128,0.6896551724137931,0.7758801796580701
132,4,Ward,289,0.5437302214647335,0.6116047631651681,0.8166089965397924,0.6287878787878788,0.7095766288727454
132,4,KMeans,289,0.708570767285997,0.6499218224385153,0.8719723183391004,0.6666666666666666,0.7471238191632928
132,4,GMM,289,0.2789033644770293,0.3943277718323182,0.6505190311418685,0.4258064516129032,0.5293987917747744
132,4,Spectral,289,0.6514544490503934,0.6453071766027673,0.8581314878892734,0.7166666666666667,0.7472240917350033
133,4,Ward,322,0.4256988101374753,0.4899206487665717,0.6832298136645962,0.0204081632653061,0.4557305430914337
133,4,KMeans,322,0.5047840086637457,0.4716123797894018,0.7267080745341615,0.0204081632653061,0.486928893737144
133,4,GMM,322,0.2149538139882118,0.308757199864567,0.5093167701863354,0.0,0.3480635383924562
133,4,Spectral,322,0.7492439284472444,0.6991753019288199,0.8944099378881988,0.75,0.7958306098510963
134,4,Ward,295,0.3285224970108591,0.5252482272055728,0.6576271186440678,0.0,0.4863432261016294
134,4,KMeans,295,0.457221871856924,0.4553542071305066,0.6779661016949152,0.0222222222222222,0.4376302317049079
134,4,GMM,295,0.2704521532705578,0.3701326818249244,0.5661016949152542,0.0,0.3921493902439025
134,4,Spectral,295,0.5637825533499443,0.6026723555542703,0.8169491525423729,0.6218487394957983,0.6991384742596212
135,4,Ward,312,0.3482051512892465,0.4734132168359303,0.5769230769230769,0.0,0.4277607768987079
135,4,KMeans,312,0.6113823274501398,0.5761981478031035,0.7916666666666666,0.2105263157894736,0.5943453143198629
135,4,GMM,312,0.3204595837053888,0.3770737283543172,0.5416666666666666,0.0,0.3765745324532453
135,4,Spectral,312,0.5989267115033362,0.6013105139393685,0.8301282051282052,0.639344262295082,0.701368888502208
136,4,Ward,310,0.6632521353821299,0.62298571958104,0.8129032258064516,0.320754716981132,0.5944922481548612
136,4,KMeans,310,0.6366514551276155,0.579192735152993,0.8032258064516129,0.2264150943396226,0.596080949554183
136,4,GMM,310,0.2510148804658123,0.3448616965771777,0.4870967741935484,0.1428571428571428,0.2801527939900033
136,4,Spectral,310,0.71796105803407,0.6794456738966349,0.8741935483870967,0.6029411764705882,0.7546945910901177
137,4,Ward,321,0.5455887987302296,0.6048129668592904,0.735202492211838,0.0,0.5058838580969729
137,4,KMeans,321,0.5260227879526652,0.5296154372707386,0.7227414330218068,0.0188679245283018,0.4960433188140569
137,4,GMM,321,0.2828507371820121,0.3555808080821578,0.5856697819314641,0.0,0.3714669023042068
137,4,Spectral,321,0.8042359596345664,0.7525735451963229,0.9190031152647976,0.7777777777777778,0.8399859943977591
138,4,Ward,345,0.4982538475555085,0.5877010712722806,0.6985507246376812,0.0,0.4868317104776972
138,4,KMeans,345,0.5528120030573241,0.5098253818650632,0.7710144927536232,0.2203389830508474,0.5683113203835641
138,4,GMM,345,0.4194606878722998,0.4977063394940476,0.6550724637681159,0.0,0.496045524691358
138,4,Spectral,345,0.5880178350428251,0.6281875661703433,0.8318840579710145,0.6564885496183206,0.7249199653076712
139,4,Ward,317,0.6706842265290519,0.654533466195679,0.8359621451104101,0.2448979591836734,0.6533521511371347
139,4,KMeans,317,0.6134128161493646,0.5624793887951545,0.807570977917981,0.2244897959183673,0.6102671627133467
139,4,GMM,317,0.1641998281689189,0.2920853284106081,0.4794952681388013,0.0,0.2882915173237753
139,4,Spectral,317,0.7288434813209231,0.693370397994559,0.889589905362776,0.7407407407407407,0.7889452311094102
140,4,Ward,276,0.5669393438307225,0.5946165432288711,0.8152173913043478,0.5631067961165048,0.6946857899382171
140,4,KMeans,276,0.6929575404588026,0.6411038781158034,0.8659420289855072,0.6440677966101694,0.7416244257880564
140,4,GMM,276,0.3154805455636301,0.3839937900074769,0.5797101449275363,0.1929824561403508,0.4423953354503931
140,4,Spectral,276,0.7220791651615597,0.6624357823299138,0.8840579710144928,0.7288135593220338,0.7800333872140773
141,4,Ward,312,0.5388977372050332,0.5130409638052807,0.7243589743589743,0.0172413793103448,0.4906403709091651
141,4,KMeans,312,0.5650782318715581,0.5250499691359612,0.7724358974358975,0.2068965517241379,0.5685981813734644
141,4,GMM,312,0.2986325396209228,0.3535135905710532,0.532051282051282,0.0,0.3595966595593461
141,4,Spectral,312,0.6230380456018679,0.6243755496967368,0.8397435897435898,0.6451612903225806,0.7141515402297895
142,4,Ward,292,0.3473347692846149,0.4205136039781451,0.6575342465753424,0.0238095238095238,0.4089965054665114
142,4,KMeans,292,0.455450369242261,0.4670278696283798,0.678082191780822,0.0238095238095238,0.4351809975464167
142,4,GMM,292,0.3869244494528415,0.4563300766147597,0.636986301369863,0.0,0.4733133781641244
142,4,Spectral,292,0.5170468431703802,0.5715547549465252,0.7876712328767124,0.5630252100840336,0.6559803048945434
143,4,Ward,306,0.5161184192408615,0.519412317573648,0.7352941176470589,0.02,0.5167633343048674
143,4,KMeans,306,0.4764522391441679,0.524693931021399,0.6797385620915033,0.0,0.46593605566088
143,4,GMM,306,0.3492728053120618,0.4513306607422268,0.6078431372549019,0.0,0.4680346420864997
143,4,Spectral,306,0.7613794851274636,0.7008838068052015,0.8986928104575164,0.7540983606557377,0.8005948249883854
144,4,Ward,275,0.4471305750625599,0.459071953088538,0.6836363636363636,0.0222222222222222,0.4506071351816033
144,4,KMeans,275,0.4530749930215688,0.4676308156481776,0.6872727272727273,0.0222222222222222,0.4548585858585858
144,4,GMM,275,0.3799101649574891,0.4500961637678221,0.610909090909091,0.0,0.4659464521518851
144,4,Spectral,275,0.722946709561622,0.6896425217810288,0.8836363636363637,0.7368421052631579,0.7807748538011696
145,4,Ward,337,0.2382878068132166,0.4546704942212882,0.6053412462908012,0.0,0.4267224994060347
145,4,KMeans,337,0.5416068043636205,0.516607204635148,0.7596439169139466,0.2142857142857142,0.554045683313976
145,4,GMM,337,0.3758277120493654,0.4554958245970605,0.629080118694362,0.0,0.4739478088390256
145,4,Spectral,337,0.782210441530276,0.7313617699487739,0.9109792284866468,0.7910447761194029,0.8282325745012312
146,4,Ward,325,0.3862623600584486,0.5102414885385341,0.6707692307692308,0.0,0.465603322238467
146,4,KMeans,325,0.5545110828558357,0.5150463385408407,0.7723076923076924,0.2407407407407407,0.5690287867169498
146,4,GMM,325,0.1812737274404299,0.2902567701471039,0.4676923076923077,0.0,0.2971025146025146
146,4,Spectral,325,0.7561578038281824,0.7370566339591381,0.9076923076923076,0.8181818181818182,0.8347585881860076
147,4,Ward,315,0.2696431512469845,0.3690753967045276,0.580952380952381,0.0,0.3651339819719754
147,4,KMeans,315,0.5090481867451598,0.5342442124859222,0.7174603174603175,0.0,0.5036754167334704
147,4,GMM,315,0.375004204853917,0.475485583150002,0.6412698412698413,0.0,0.4827058959064028
147,4,Spectral,315,0.5092085959348482,0.5621785998856321,0.7904761904761904,0.6,0.66244745691467
148,4,Ward,343,0.5303411981091137,0.5790755634953548,0.7988338192419825,0.5882352941176471,0.6602167182662539
148,4,KMeans,343,0.5785123573145079,0.5461906660000215,0.7813411078717201,0.2131147540983606,0.5821712230075634
148,4,GMM,343,0.397155858769017,0.4875623129992195,0.6297376093294461,0.0,0.4850345899282702
148,4,Spectral,343,0.7899987590427121,0.7391823256942396,0.912536443148688,0.7794117647058824,0.8267810367485002
149,4,Ward,335,0.3142809722762024,0.5038049012987219,0.6597014925373135,0.0,0.4696459078006728
149,4,KMeans,335,0.6235011625015369,0.577711585264754,0.8149253731343283,0.2962962962962963,0.6321568336118855
149,4,GMM,335,0.4039597354423511,0.4617194190297951,0.6537313432835821,0.0,0.4836102742252828
149,4,Spectral,335,0.5431239080588919,0.6117692601687298,0.8149253731343283,0.6126760563380281,0.7127858295606975
150,4,Ward,333,0.5069725430261838,0.5502958554123756,0.6846846846846847,0.0,0.499340345727332
150,4,KMeans,333,0.4397183737309371,0.4388587162413777,0.6336336336336337,0.0,0.4200378787878788
150,4,GMM,333,0.4051823548516662,0.43802153996145,0.6486486486486487,0.0,0.4683773296864066
150,4,Spectral,333,0.531060416047961,0.5706930638170892,0.7987987987987988,0.5939849624060151,0.673497864821878
151,4,Ward,268,0.3438978140963095,0.4729679154917421,0.6791044776119403,0.0208333333333333,0.4648869340599242
151,4,KMeans,268,0.4300548321266912,0.4485093400334861,0.6529850746268657,0.0208333333333333,0.4267042682926829
151,4,GMM,268,0.3816027517764897,0.4481762719293793,0.6082089552238806,0.0,0.452827010061848
151,4,Spectral,268,0.5517389662873985,0.5730065333049147,0.8059701492537313,0.6296296296296297,0.6708512603394936
152,4,Ward,311,0.5507255337471252,0.5889422823056224,0.7234726688102894,0.0204081632653061,0.505395947992773
152,4,KMeans,311,0.5277159407812422,0.5160403222603777,0.7652733118971061,0.2653061224489796,0.5699666272306023
152,4,GMM,311,0.1507838730786411,0.2619654157648159,0.4855305466237942,0.0,0.2908152173913043
152,4,Spectral,311,0.8159492455609165,0.7685901589046301,0.9260450160771704,0.8064516129032258,0.8544136574391588
153,4,Ward,299,0.4770471836869042,0.5187393488373316,0.7157190635451505,0.0185185185185185,0.4991458097582258
153,4,KMeans,299,0.5877569929860798,0.5543955470828457,0.7859531772575251,0.2037037037037037,0.589769943944091
153,4,GMM,299,0.1704323400062132,0.3013827204999257,0.4916387959866221,0.0,0.3090177905614147
153,4,Spectral,299,0.7672409399614436,0.7246414196006135,0.8929765886287625,0.6527777777777778,0.7871704296107551
154,4,Ward,302,0.3790556518616875,0.5294788083527786,0.6986754966887417,0.408,0.5685972992970774
154,4,KMeans,302,0.5286241132474198,0.5868592711077124,0.804635761589404,0.6019417475728155,0.6919387693623986
154,4,GMM,302,0.3471615878055784,0.4395794356035056,0.6721854304635762,0.3813559322033898,0.5595992416803149
154,4,Spectral,302,0.7122413046532724,0.7088298492757095,0.8807947019867549,0.6857142857142857,0.7876578244424437
155,4,Ward,314,0.417890877131253,0.5362095327391394,0.6273885350318471,0.0,0.5075457865323965
155,4,KMeans,314,0.4576662416833149,0.4741592640285022,0.6719745222929936,0.0,0.4408173537871524
155,4,GMM,314,0.307927099183499,0.366899501276782,0.5668789808917197,0.0,0.3999554367201425
155,4,Spectral,314,0.7714773438724868,0.7332865762264307,0.910828025477707,0.8115942028985508,0.8341771416193502
156,4,Ward,312,0.8438362777684607,0.8091800184702739,0.9262820512820512,0.6296296296296297,0.8372216669443056
156,4,KMeans,312,0.582630058834424,0.5524284961908834,0.782051282051282,0.2105263157894736,0.5832186656866212
156,4,GMM,312,0.3244666159603396,0.4078590081735374,0.5512820512820513,0.0,0.4244147306256616
156,4,Spectral,312,0.7483571780286016,0.6921616045977256,0.8974358974358975,0.75,0.8036753486825374
157,4,Ward,326,0.5811551582876775,0.6443415083469505,0.7668711656441718,0.0181818181818181,0.5709401709401709
157,4,KMeans,326,0.5829912141664009,0.5537750919627243,0.7883435582822086,0.2,0.5937035213934116
157,4,GMM,326,0.2502623265443333,0.3382127731428891,0.5184049079754601,0.0,0.3620279146141215
157,4,Spectral,326,0.8052942955147119,0.7559814218036633,0.9202453987730062,0.7878787878787878,0.8446816129563688
158,4,Ward,307,0.5045866334761362,0.5915725333954381,0.7882736156351792,0.5420560747663551,0.6719844243207278
158,4,KMeans,307,0.6611433174789577,0.6481423333366922,0.8631921824104235,0.7222222222222222,0.754880078648493
158,4,GMM,307,0.2847326310809403,0.3794218332651282,0.5960912052117264,0.3188405797101449,0.4535419721608494
158,4,Spectral,307,0.6242551238518379,0.6240778248446968,0.8436482084690554,0.6779661016949152,0.7253930732994871
159,4,Ward,279,0.4704432751907004,0.5537364886652235,0.7562724014336918,0.4594594594594595,0.6298889033264033
159,4,KMeans,279,0.636704027888094,0.6299325400765634,0.8530465949820788,0.7121212121212122,0.7451689426925275
159,4,GMM,279,0.2107790004936921,0.3483558204279658,0.5232974910394266,0.2589285714285714,0.3799134311476316
159,4,Spectral,279,0.6833564704708441,0.6475354166114605,0.8745519713261649,0.7407407407407407,0.7780414816319544
160,4,Ward,302,0.2780508122939119,0.3949150093628173,0.6357615894039735,0.0208333333333333,0.4162038008505399
160,4,KMeans,302,0.557936098706731,0.5125142079669202,0.7715231788079471,0.1041666666666666,0.5475561703554661
160,4,GMM,302,0.3953551893989641,0.4316343517239603,0.6456953642384106,0.0,0.4584698097601323
160,4,Spectral,302,0.7233128134514804,0.6612133182453571,0.8774834437086093,0.6896551724137931,0.7607528449887171
161,4,Ward,323,0.5610371270105231,0.6084846698801438,0.7554179566563467,0.0192307692307692,0.5579094292803971
161,4,KMeans,323,0.4719013226102,0.4867540973569108,0.6625386996904025,0.0,0.447548162621692
161,4,GMM,323,0.4027915945442183,0.4775977686353406,0.6346749226006192,0.0,0.4759341931216931
161,4,Spectral,323,0.8014079060921997,0.7529819488040771,0.9195046439628484,0.8166666666666667,0.8435617484162209
162,4,Ward,323,0.5164247930521508,0.5575251017149386,0.7770897832817337,0.4897959183673469,0.6375847428012301
162,4,KMeans,323,0.5814908238496383,0.5562494983474339,0.7770897832817337,0.2096774193548387,0.5861890200262853
162,4,GMM,323,0.3899156878282224,0.458024366782373,0.6253869969040248,0.0,0.4431525626750345
162,4,Spectral,323,0.7430233720095593,0.7026879974070647,0.891640866873065,0.746268656716418,0.7936869691477602
163,4,Ward,313,0.402057317966187,0.5019274917232679,0.7380191693290735,0.5590062111801242,0.5970496013541415
163,4,KMeans,313,0.7801493396268059,0.7123081454073824,0.9009584664536742,0.6875,0.7946181208072801
163,4,GMM,313,0.3158279026901233,0.4153515739133261,0.6261980830670927,0.3380281690140845,0.4954839330098236
163,4,Spectral,313,0.7118521303138048,0.6778357453598651,0.8785942492012779,0.696969696969697,0.7703974685563757
164,4,Ward,283,0.39208009567054,0.4809538006542959,0.6183745583038869,0.0,0.4623998803765538
164,4,KMeans,283,0.4590847662320954,0.4857136946629657,0.7208480565371025,0.0,0.4911132697515601
164,4,GMM,283,0.2485083837246297,0.3079531449248295,0.5159010600706714,0.0,0.3193427958897021
164,4,Spectral,283,0.5792662084817919,0.5820593276242819,0.823321554770318,0.5932203389830508,0.6924080658242697
165,4,Ward,326,0.3141002339412731,0.4262401968490806,0.6012269938650306,0.0181818181818181,0.3595283860065915
165,4,KMeans,326,0.6090648433897279,0.5557547307669432,0.7914110429447853,0.1818181818181818,0.5827244152345185
165,4,GMM,326,0.3722714598785567,0.4340440787571782,0.6196319018404908,0.0,0.4634926239799121
165,4,Spectral,326,0.5907308063026444,0.6028015420659292,0.8312883435582822,0.671875,0.7122895930913349
166,4,Ward,322,0.6224901398333617,0.653744237224054,0.8198757763975155,0.5480769230769231,0.707252028449934
166,4,KMeans,322,0.7202374619018486,0.6797638155060415,0.8850931677018633,0.7088607594936709,0.788578826237054
166,4,GMM,322,0.3198260278681932,0.3933395425778123,0.6180124223602484,0.3055555555555556,0.479185190124774
166,4,Spectral,322,0.7372972897450188,0.6935148781215273,0.8944099378881988,0.75,0.8057432432432433
167,4,Ward,344,0.3306918015949214,0.4518560855845074,0.6715116279069767,0.4196428571428571,0.4962574471974879
167,4,KMeans,344,0.5833457040633161,0.5474364063977141,0.7848837209302325,0.2166666666666666,0.5923240688751638
167,4,GMM,344,0.4073864643997327,0.5147299785004623,0.6453488372093024,0.0,0.4923765836609873
167,4,Spectral,344,0.6594856205109825,0.656695120417247,0.8633720930232558,0.736,0.7617552562649299
168,4,Ward,343,0.2255986680975475,0.429600641135448,0.6209912536443148,0.0,0.4179476174257958
168,4,KMeans,343,0.5573296415361075,0.5248751805675475,0.7755102040816326,0.2166666666666666,0.5767565359477124
168,4,GMM,343,0.3192075809190453,0.41384041741937,0.5568513119533528,0.0,0.4183143515060991
168,4,Spectral,343,0.7865028636654737,0.7318385725641317,0.912536443148688,0.7647058823529411,0.8293401002464251
169,4,Ward,326,0.3219000719047659,0.5378835769872994,0.6595092024539877,0.0,0.4874039906495241
169,4,KMeans,326,0.5595841640175993,0.5400705787915544,0.7638036809815951,0.02,0.5357250877127601
169,4,GMM,326,0.3954421335874498,0.4872198841727551,0.6165644171779141,0.0,0.481016731016731
169,4,Spectral,326,0.5782685456291642,0.6138819869748067,0.8282208588957055,0.6496350364963503,0.719856921273865
170,4,Ward,316,0.2929389925905205,0.4994723579846461,0.6518987341772152,0.0,0.4629836491386795
170,4,KMeans,316,0.5839661812770425,0.5604961267457608,0.7816455696202531,0.175438596491228,0.5829718849262193
170,4,GMM,316,0.1878161032407808,0.2856799628140783,0.4968354430379746,0.0,0.2940895129628376
170,4,Spectral,316,0.8108985087132153,0.7693821236971369,0.9208860759493672,0.7647058823529411,0.8421801339670997
171,4,Ward,301,0.349613574536486,0.3991568176131508,0.6777408637873754,0.0212765957446808,0.4358172092866089
171,4,KMeans,301,0.5704618483148206,0.5301901287435038,0.7508305647840532,0.0212765957446808,0.5099152101864497
171,4,GMM,301,0.3482721232851408,0.4038416370348628,0.5913621262458472,0.0,0.421018097916216
171,4,Spectral,301,0.5665817152852897,0.5661960169480886,0.8073089700996677,0.5833333333333334,0.6563587410271465
172,4,Ward,291,0.4805761957250781,0.497048691058676,0.7044673539518901,0.0208333333333333,0.4582185090767536
172,4,KMeans,291,0.5480584864735013,0.5250379534367651,0.7422680412371134,0.0208333333333333,0.5157764842972214
172,4,GMM,291,0.2955348908270394,0.3764127032156125,0.5360824742268041,0.0,0.371889962380301
172,4,Spectral,291,0.7737160362398133,0.7161816860287202,0.9037800687285223,0.7407407407407407,0.8096983912773387
173,4,Ward,332,0.5995164886284469,0.5852234386539503,0.7771084337349398,0.0192307692307692,0.5430443212701277
173,4,KMeans,332,0.4546447781313482,0.4606391952655204,0.6807228915662651,0.0192307692307692,0.448181604775852
173,4,GMM,332,0.301566242828018,0.3772447754765216,0.5331325301204819,0.0,0.3636174707429241
173,4,Spectral,332,0.5404013923695024,0.563201380087134,0.8072289156626506,0.6666666666666666,0.6765873015873016
174,4,Ward,291,0.2518138067666783,0.3386946549384037,0.6048109965635738,0.0,0.3865186326519997
174,4,KMeans,291,0.6109176638375241,0.5646515014265743,0.7972508591065293,0.2244897959183673,0.5977408664044609
174,4,GMM,291,0.3446521034051216,0.4253640629655099,0.6082474226804123,0.0,0.4478877235549642
174,4,Spectral,291,0.5801530404281944,0.585721841688759,0.8247422680412371,0.6538461538461539,0.695847902097902
175,4,Ward,324,0.3851869642802755,0.5070632686094247,0.7006172839506173,0.0,0.4696463380673907
175,4,KMeans,324,0.5587180220022079,0.5137021405940088,0.7716049382716049,0.2280701754385964,0.568137366602104
175,4,GMM,324,0.3559702304089027,0.452509074675286,0.595679012345679,0.0,0.4534011734506784
175,4,Spectral,324,0.6466954827531646,0.6488769039898351,0.8580246913580247,0.7230769230769231,0.7522938504632986
176,4,Ward,329,0.5213749154085526,0.5965714090913977,0.7993920972644377,0.6142857142857143,0.6678020276144009
176,4,KMeans,329,0.441963951623726,0.4747488852576946,0.6382978723404256,0.0,0.442272880768835
176,4,GMM,329,0.3645586232624198,0.4489117657287299,0.6231003039513677,0.0,0.4604782167750941
176,4,Spectral,329,0.4947696598931154,0.5598614403473576,0.7750759878419453,0.55,0.642171605484299
177,4,Ward,324,0.5750972129457532,0.6540530226899356,0.7561728395061729,0.0,0.5456019364267446
177,4,KMeans,324,0.5846268391495895,0.5509982727648939,0.7870370370370371,0.2,0.5904257907542579
177,4,GMM,324,0.250908697219296,0.3477429569350154,0.5185185185185185,0.0,0.3381441881796132
177,4,Spectral,324,0.7800284524759599,0.739663670758142,0.9135802469135802,0.8064516129032258,0.8368808830812999
178,4,Ward,296,0.4751192891940013,0.6214756085673377,0.777027027027027,0.4489795918367347,0.6882001128210482
178,4,KMeans,296,0.7271860935996393,0.6786084631568302,0.8817567567567568,0.6617647058823529,0.7730479088186999
178,4,GMM,296,0.2765732075588652,0.3661578897754409,0.5945945945945946,0.2928571428571428,0.4628752765944247
178,4,Spectral,296,0.6428929373131131,0.6425005283631829,0.847972972972973,0.6712328767123288,0.7301703853138333
179,4,Ward,339,0.6820701955465233,0.7050243291860837,0.8820058997050148,0.75,0.8075305824465588
179,4,KMeans,339,0.6265946524841591,0.5820086433079477,0.8082595870206489,0.2280701754385964,0.6156863750284802
179,4,GMM,339,0.3374608214983287,0.4506809662579298,0.5988200589970502,0.0,0.4466112012987013
179,4,Spectral,339,0.8383038379496608,0.7796805203634433,0.9321533923303836,0.803030303030303,0.8589483358171883
180,4,Ward,318,0.6715096438079622,0.6706324305197536,0.8679245283018868,0.6666666666666666,0.7672330848801436
180,4,KMeans,318,0.6959577765348439,0.6589461515820497,0.8679245283018868,0.5833333333333334,0.7519568486621524
180,4,GMM,318,0.2645582034486001,0.4013853661099444,0.6069182389937107,0.3373493975903614,0.4818003515117552
180,4,Spectral,318,0.7099536859984001,0.6707724509617016,0.8742138364779874,0.6666666666666666,0.7574022630057113
181,4,Ward,300,0.3816207165327007,0.461465101551879,0.66,0.0,0.4333055302800526
181,4,KMeans,300,0.6256651987050955,0.5809228257573048,0.8033333333333333,0.2222222222222222,0.6126154941811057
181,4,GMM,300,0.3956516808915155,0.4158800935320825,0.64,0.0,0.4411094255339588
181,4,Spectral,300,0.8698992410311857,0.8175273059179201,0.9466666666666668,0.8333333333333334,0.8904134877592915
182,4,Ward,299,0.4209225604346323,0.5590326090566246,0.7491638795986622,0.5409836065573771,0.6190558772424888
182,4,KMeans,299,0.6900495656223484,0.6649470138361583,0.8729096989966555,0.7216494845360825,0.7734779830049423
182,4,GMM,299,0.2368138316612265,0.3556059317884831,0.5752508361204013,0.3185185185185185,0.4306551052268453
182,4,Spectral,299,0.694324598379017,0.6562166066130306,0.8762541806020067,0.7230769230769231,0.7788823064662524
183,4,Ward,334,0.5225211811066055,0.5426986754021947,0.7065868263473054,0.0196078431372549,0.4667478910168719
183,4,KMeans,334,0.5277952935653062,0.5038399312665626,0.7305389221556886,0.0196078431372549,0.4945361071257771
183,4,GMM,334,0.3671191433349691,0.4124072136124552,0.625748502994012,0.0,0.451426876617774
183,4,Spectral,334,0.8127701998572567,0.760398402495155,0.9221556886227544,0.7931034482758621,0.8412088355379911
184,4,Ward,313,0.6566505501269442,0.7212241741180411,0.7827476038338658,0.0178571428571428,0.5887141364488946
184,4,KMeans,313,0.5783154289403732,0.537970933584691,0.7763578274760383,0.1964285714285714,0.5727989811485235
184,4,GMM,313,0.1911685800110865,0.2979856222629389,0.476038338658147,0.0,0.3228404737025426
184,4,Spectral,313,0.7473661896105552,0.6935619911001304,0.8945686900958466,0.7,0.7966191520467836
185,4,Ward,322,0.5821401706681688,0.6034123979478098,0.7329192546583851,0.0,0.5316985417621011
185,4,KMeans,322,0.4810879118840823,0.46836155129762,0.6583850931677019,0.0,0.4447664141414141
185,4,GMM,322,0.414226460820802,0.4447133756978393,0.6583850931677019,0.0,0.4641471220899976
185,4,Spectral,322,0.6344963531323247,0.6466275641785995,0.8540372670807453,0.6896551724137931,0.7541176431909896
186,4,Ward,296,0.4708909454576919,0.5592492367153447,0.6655405405405406,0.0,0.4924822868074496
186,4,KMeans,296,0.4895116259345685,0.4633614254055238,0.7195945945945946,0.0212765957446808,0.485003423374543
186,4,GMM,296,0.3494793894585513,0.4476418350680478,0.6081081081081081,0.0,0.4513777936184101
186,4,Spectral,296,0.6420001020322008,0.6456866857552918,0.8581081081081081,0.7258064516129032,0.7570163487077015
187,4,Ward,322,0.4446799441017751,0.4533406387563385,0.6677018633540373,0.0,0.4462620157989911
187,4,KMeans,322,0.5184336514802989,0.4921817207076882,0.7577639751552795,0.2452830188679245,0.5558448549046668
187,4,GMM,322,0.3724297013342246,0.432022549913468,0.6304347826086957,0.0,0.4666121508122614
187,4,Spectral,322,0.7924858165291663,0.7400202274003198,0.9130434782608696,0.8,0.8289896286383406
188,4,Ward,294,0.3032201639963876,0.4254120466443827,0.6530612244897959,0.0188679245283018,0.4343467852901815
188,4,KMeans,294,0.4080590597836704,0.4292396344434584,0.6326530612244898,0.0,0.4092838466319466
188,4,GMM,294,0.3809699739618002,0.4590019699921785,0.5952380952380952,0.0,0.439389975861458
188,4,Spectral,294,0.6488615598392922,0.634469924676544,0.8537414965986394,0.6792452830188679,0.736059820837471
189,4,Ward,300,0.3535917925396049,0.4567489268265474,0.58,0.0,0.3771283185840708
189,4,KMeans,300,0.4530903074968611,0.4637246793616265,0.6633333333333333,0.0,0.4296403857717295
189,4,GMM,300,0.2811920513584385,0.340712499130695,0.5366666666666666,0.0,0.368659971730925
189,4,Spectral,300,0.5217970255679262,0.5605819080376099,0.7933333333333333,0.6046511627906976,0.6576344396658171
190,4,Ward,344,0.3479037375828524,0.5223511605913287,0.6482558139534884,0.0,0.4516166460396039
190,4,KMeans,344,0.4705926132268139,0.4744343994370997,0.6540697674418605,0.0,0.4396925595320091
190,4,GMM,344,0.3409331551417753,0.3774875641167907,0.6075581395348837,0.0,0.4170254018208384
190,4,Spectral,344,0.5960130696800374,0.5985832629836371,0.8313953488372093,0.6756756756756757,0.7080973186441937
191,4,Ward,341,0.2737537156764673,0.5258284052274446,0.6187683284457478,0.0,0.4576946282956082
191,4,KMeans,341,0.5891345276680261,0.5374419023475705,0.7888563049853372,0.2280701754385964,0.5898212939079248
191,4,GMM,341,0.260315629425337,0.3387013469433434,0.5542521994134897,0.0,0.3751751751751752
191,4,Spectral,341,0.7692055341470874,0.7153102028571156,0.9002932551319648,0.7402597402597403,0.803479539328596
192,4,Ward,250,0.7315085867288439,0.7072760824137403,0.896,0.7659574468085106,0.8102630710869206
192,4,KMeans,250,0.743015618507029,0.7051981988293607,0.896,0.7454545454545455,0.8051873286312411
192,4,GMM,250,0.3408206925159775,0.443749564817587,0.664,0.376068376068376,0.5753522721561463
192,4,Spectral,250,0.7160150932691279,0.6799725223694358,0.884,0.7068965517241379,0.7880403885692208
193,4,Ward,310,0.3889702201663229,0.4965664533227551,0.7290322580645161,0.3518518518518518,0.5427460004383081
193,4,KMeans,310,0.5515672411010226,0.5283607410847947,0.7645161290322581,0.2222222222222222,0.5602599596785643
193,4,GMM,310,0.3379946447928127,0.3799093846268253,0.5967741935483871,0.0,0.4178804855275443
193,4,Spectral,310,0.7414292828645672,0.7000638003631459,0.8870967741935484,0.6923076923076923,0.7794041895604396
194,4,Ward,289,0.4674440222838628,0.545947458389981,0.6470588235294118,0.0,0.4629233511586453
194,4,KMeans,289,0.4629521987029187,0.497605045682943,0.657439446366782,0.0,0.4463780184481551
194,4,GMM,289,0.392444339774525,0.4751033346784283,0.6366782006920415,0.0,0.4859491315136476
194,4,Spectral,289,0.7519287035737056,0.7166485531325142,0.8927335640138409,0.7230769230769231,0.7912971590458046
195,4,Ward,333,0.5081557813939498,0.6172901243477937,0.8048048048048048,0.6242038216560509,0.6987422122446137
195,4,KMeans,333,0.5904799175451523,0.5560478332140448,0.7867867867867868,0.2203389830508474,0.5943353329617723
195,4,GMM,333,0.4081122967210674,0.5075507254342274,0.6486486486486487,0.0,0.4965084759477283
195,4,Spectral,333,0.5681318827217932,0.6066998032954812,0.8228228228228228,0.635036496350365,0.7130894446234453
196,4,Ward,322,0.5839684890003787,0.5818438620528714,0.7981366459627329,0.4769230769230769,0.6139495171399089
196,4,KMeans,322,0.5502508230293588,0.5294194268530393,0.7732919254658385,0.2307692307692307,0.573225604738881
196,4,GMM,322,0.3939998344522153,0.479379384824091,0.6335403726708074,0.0,0.4830603814260349
196,4,Spectral,322,0.6714903997701761,0.6768458519313598,0.8726708074534162,0.7520661157024794,0.7825567588106773
197,4,Ward,346,0.5793017306038072,0.650658296924446,0.8005780346820809,0.5130434782608696,0.6986304010790114
197,4,KMeans,346,0.4970766440475847,0.4817876497498962,0.7456647398843931,0.2142857142857142,0.5402825033673151
197,4,GMM,346,0.3882447415823663,0.4637165008800631,0.6242774566473989,0.0,0.4745980174062366
197,4,Spectral,346,0.7937410341232959,0.7539164340953737,0.916184971098266,0.7922077922077922,0.8385401530287894
198,4,Ward,336,0.3335228283609223,0.5196863534210703,0.6696428571428571,0.0,0.4765839238175303
198,4,KMeans,336,0.5867006763062828,0.5355205446650741,0.7976190476190477,0.3035714285714285,0.6070407149759937
198,4,GMM,336,0.3653691841512146,0.4552094260175724,0.5982142857142857,0.0,0.4596463729857559
198,4,Spectral,336,0.7653437719759907,0.7247359722773528,0.9047619047619048,0.7272727272727273,0.816634520745118
199,4,Ward,305,0.500808698587266,0.4818660005597864,0.7147540983606557,0.0178571428571428,0.4683433155871044
199,4,KMeans,305,0.4886221246878051,0.4829320971773811,0.6950819672131148,0.0178571428571428,0.4606351096895683
199,4,GMM,305,0.2149204692924144,0.2941843689506398,0.4688524590163934,0.0,0.2527012960356556
199,4,Spectral,305,0.6396442190460339,0.6188620757025314,0.839344262295082,0.5254237288135594,0.699903592202835
200,4,Ward,289,0.3159287304634239,0.455344354332405,0.6747404844290658,0.3916666666666666,0.5353991596638655
200,4,KMeans,289,0.622533646187523,0.6084953601802506,0.8442906574394463,0.6632653061224489,0.7299188906331764
200,4,GMM,289,0.294446147856973,0.3827908808379314,0.6366782006920415,0.3829787234042553,0.5132723837561253
200,4,Spectral,289,0.5756309045501639,0.571713069823148,0.8200692041522492,0.5970149253731343,0.6953796122571213
201,4,Ward,258,0.4790697647726599,0.5787808067579499,0.7829457364341085,0.5368421052631579,0.6816457115009747
201,4,KMeans,258,0.7645484293531679,0.689933753241869,0.8914728682170543,0.6590909090909091,0.7708260038465147
201,4,GMM,258,0.2859060602345293,0.3949971504529734,0.6124031007751938,0.3410852713178294,0.4907541328867405
201,4,Spectral,258,0.7016529784775699,0.6744273609552806,0.8682170542635659,0.625,0.7467032293466586
202,4,Ward,345,0.7742832306402728,0.7524740152726702,0.9072463768115944,0.7402597402597403,0.824381543527736
202,4,KMeans,345,0.5963481822408638,0.5441047702599179,0.7942028985507247,0.2407407407407407,0.5920767608141531
202,4,GMM,345,0.2820366643819568,0.3619378732879533,0.5449275362318841,0.0,0.3769807247485242
202,4,Spectral,345,0.847580842627342,0.7988093620421516,0.9391304347826088,0.8208955223880597,0.8774859405709393
203,4,Ward,314,0.3896537988404253,0.4420615240783803,0.6210191082802548,0.0,0.4363126352047685
203,4,KMeans,314,0.510943469609505,0.4932386166653424,0.7515923566878981,0.2407407407407407,0.5518140655479337
203,4,GMM,314,0.1620481677422242,0.2824535275350003,0.4968152866242038,0.0,0.3109276729559748
203,4,Spectral,314,0.7324066725238236,0.6887352008542988,0.8885350318471338,0.7246376811594203,0.7885189931831058
204,4,Ward,317,0.5388039920896297,0.6000159508547592,0.7287066246056783,0.0169491525423728,0.5047698695892273
204,4,KMeans,317,0.5891177350537748,0.5591805766922597,0.7854889589905363,0.2033898305084746,0.5949675122090713
204,4,GMM,317,0.4170761334096619,0.5194675197602876,0.6561514195583596,0.0,0.5037780112044818
204,4,Spectral,317,0.7738133876563685,0.7210828773254593,0.9022082018927444,0.7464788732394366,0.8087262188873215
205,4,Ward,304,0.5731141241504765,0.6640511567401245,0.7598684210526315,0.0,0.5774561087061088
205,4,KMeans,304,0.4672881486300612,0.5110340005179957,0.694078947368421,0.0204081632653061,0.4658864883592976
205,4,GMM,304,0.3721691619307665,0.4625175341935776,0.6019736842105263,0.0,0.4631414437921287
205,4,Spectral,304,0.6285186319189661,0.6408875939068265,0.8486842105263158,0.7264957264957265,0.7372581037686424
206,4,Ward,325,0.8909922188009133,0.8687086380196053,0.9569230769230768,0.8387096774193549,0.9127529789470102
206,4,KMeans,325,0.6225529718199503,0.5768056368549288,0.8061538461538461,0.2037037037037037,0.6082699137493658
206,4,GMM,325,0.3790015160515207,0.4768652029666322,0.6184615384615385,0.0,0.4744577914055305
206,4,Spectral,325,0.7702486521236076,0.7220421216831522,0.9076923076923076,0.7704918032786885,0.8221996125654515
207,4,Ward,308,0.3843014986865177,0.5499865884892109,0.6915584415584416,0.0,0.5086209213567704
207,4,KMeans,308,0.4708584956553567,0.49137151118459,0.6915584415584416,0.0208333333333333,0.4619059917355372
207,4,GMM,308,0.2240533219690436,0.2996901953856412,0.4967532467532468,0.0,0.3333946400420389
207,4,Spectral,308,0.7812971416011446,0.7409492124462296,0.9155844155844156,0.8070175438596491,0.8427464946989566
208,4,Ward,343,0.8214822524767086,0.7797683541269804,0.9183673469387756,0.7307692307692307,0.8252572369554352
208,4,KMeans,343,0.6086437081680107,0.5621137507565808,0.8017492711370262,0.2407407407407407,0.6054586777939075
208,4,GMM,343,0.237665876028049,0.3372810361954558,0.5131195335276968,0.0,0.3474342582344185
208,4,Spectral,343,0.5768498652376005,0.63138113726343,0.8309037900874635,0.6546762589928058,0.7332351286056038
209,4,Ward,300,0.3429286758247602,0.4461083883580637,0.6533333333333333,0.0185185185185185,0.424255971826274
209,4,KMeans,300,0.4827332387636386,0.4679698074983006,0.69,0.0185185185185185,0.4655261569152427
209,4,GMM,300,0.4004477500478032,0.43549921463811,0.6433333333333333,0.0,0.4536421911421911
209,4,Spectral,300,0.7808352379195362,0.7258310589216053,0.9066666666666666,0.7777777777777778,0.8172485726833553
210,4,Ward,337,0.5574002881074102,0.5703750997999653,0.7477744807121661,0.0175438596491228,0.5135942585717939
210,4,KMeans,337,0.4466614466578293,0.4914041649337565,0.655786350148368,0.0,0.4394099125157309
210,4,GMM,337,0.4014517543780109,0.4747763062161627,0.6172106824925816,0.0,0.4648209739673155
210,4,Spectral,337,0.667631601389097,0.6614553239064013,0.8664688427299704,0.743801652892562,0.7651545237749373
211,4,Ward,310,0.5334166642406691,0.6844107812259602,0.7935483870967742,0.4622641509433962,0.7215474201878197
211,4,KMeans,310,0.6889074636088741,0.6669054365502272,0.8741935483870967,0.7014925373134329,0.7747802620443094
211,4,GMM,310,0.3109487132815939,0.3923804594070922,0.603225806451613,0.3098591549295774,0.4407065571198925
211,4,Spectral,310,0.8161087318845265,0.7861398886847314,0.9290322580645162,0.8545454545454545,0.8649889718544524
212,4,Ward,299,0.5103546138422946,0.5929036206545977,0.7926421404682275,0.6296296296296297,0.665647487681386
212,4,KMeans,299,0.5669742386040837,0.5289245788655231,0.7759197324414716,0.2307692307692307,0.5785073690003267
212,4,GMM,299,0.3881348782549563,0.4517952683952794,0.6120401337792643,0.0,0.4590516914585513
212,4,Spectral,299,0.7572857437913995,0.7233218949105735,0.903010033444816,0.7868852459016393,0.8192302577723383
213,4,Ward,315,0.3436321292934465,0.4893159691738039,0.7174603174603175,0.5251396648044693,0.5819307064695491
213,4,KMeans,315,0.5709222497142705,0.533351726837346,0.7777777777777778,0.2075471698113207,0.5719924909822419
213,4,GMM,315,0.3697541417559288,0.4631508846878085,0.6190476190476191,0.0,0.4744103892762971
213,4,Spectral,315,0.7765091430675973,0.7236734276958473,0.907936507936508,0.7678571428571429,0.8200738932512653
214,4,Ward,337,0.834179595888898,0.8164920180103907,0.940652818991098,0.8721804511278195,0.8940166172017351
214,4,KMeans,337,0.5919822508007951,0.5561205599535254,0.7922848664688428,0.2280701754385964,0.5981037337312812
214,4,GMM,337,0.3719661724506228,0.452471846437251,0.5934718100890207,0.0,0.4557084438549955
214,4,Spectral,337,0.8070785719127815,0.7750725007612483,0.9228486646884272,0.8235294117647058,0.8503395982048734
215,4,Ward,328,0.3525304083419257,0.5370257298877809,0.6615853658536586,0.0,0.4894008097165991
215,4,KMeans,328,0.4791239942949392,0.4696006098528009,0.6676829268292683,0.0,0.4421661874855113
215,4,GMM,328,0.2484159107955767,0.3265283022198293,0.5274390243902439,0.0,0.3466356579061497
215,4,Spectral,328,0.5133885155269236,0.5716679013139243,0.7926829268292683,0.5846153846153846,0.6703209771265833
216,4,Ward,305,0.5329380147966086,0.6636786217686499,0.780327868852459,0.0,0.5823784059078176
216,4,KMeans,305,0.5838115051514225,0.5493457400719813,0.7868852459016393,0.2181818181818181,0.5902072192513369
216,4,GMM,305,0.2890787787405053,0.3619812914214612,0.5377049180327869,0.0,0.3803916494133885
216,4,Spectral,305,0.7456147226973424,0.7017370398824365,0.8918032786885246,0.65,0.7878580769709801
217,4,Ward,322,0.4489348902245029,0.4901544644254987,0.6956521739130435,0.0192307692307692,0.46254461123875
217,4,KMeans,322,0.5117560616073868,0.4810208472853851,0.7453416149068323,0.2307692307692307,0.5359586897275014
217,4,GMM,322,0.272699474262008,0.3511257548534226,0.5124223602484472,0.0,0.3646310219688886
217,4,Spectral,322,0.7321762748930715,0.701978457156858,0.8913043478260869,0.7777777777777778,0.7980845543345543
218,4,Ward,326,0.6029473859182286,0.6329024243822566,0.7822085889570553,0.02,0.5766716772151899
218,4,KMeans,326,0.4945271480558752,0.4811029944906283,0.7147239263803681,0.02,0.4784618060510918
218,4,GMM,326,0.2582590787221901,0.34129724319251,0.5552147239263804,0.0,0.383109542266519
218,4,Spectral,326,0.5503414114866312,0.5976759276179449,0.8128834355828221,0.6194029850746269,0.6976859492601096
219,4,Ward,287,0.4103161704991975,0.4332358723850769,0.6933797909407665,0.0208333333333333,0.4659832960755092
219,4,KMeans,287,0.4813202084570145,0.4959833839643038,0.6933797909407665,0.0208333333333333,0.4646552967979745
219,4,GMM,287,0.3101059909405587,0.3706176685994058,0.5470383275261324,0.0,0.3844494741539196
219,4,Spectral,287,0.6842957563434678,0.6479544090656841,0.867595818815331,0.711864406779661,0.7555182224713352
220,4,Ward,283,0.3091585186969351,0.447618256167158,0.6713780918727915,0.0,0.4394908840729273
220,4,KMeans,283,0.560166493757765,0.5422631577085301,0.7667844522968198,0.2142857142857142,0.5614416677031839
220,4,GMM,283,0.2909318511769959,0.345507408280734,0.5300353356890459,0.0,0.3606909967669461
220,4,Spectral,283,0.6633245429416448,0.6400417377996326,0.8480565371024735,0.5555555555555556,0.7131465919701214
221,4,Ward,344,0.4019072315622037,0.5299757177687635,0.6976744186046512,0.0,0.4929301934894413
221,4,KMeans,344,0.5167611392631439,0.4945896809479321,0.7441860465116279,0.2,0.5390056158570758
221,4,GMM,344,0.3866266675752763,0.4119904680162037,0.6308139534883721,0.0,0.4329883855713059
221,4,Spectral,344,0.7785193964818009,0.7286488723529024,0.9098837209302324,0.7746478873239436,0.8268776361950656
222,4,Ward,310,0.442729934363454,0.5326051979370988,0.632258064516129,0.0,0.4730846512833808
222,4,KMeans,310,0.5231827665539228,0.4948855081966912,0.7548387096774194,0.2222222222222222,0.5499692702561555
222,4,GMM,310,0.4176915819214218,0.4986360097750135,0.632258064516129,0.0,0.4823972440009504
222,4,Spectral,310,0.5620099895734589,0.5929621892320309,0.8161290322580645,0.6578947368421053,0.6919436380005232
223,4,Ward,300,0.5833059625864965,0.6218286502624165,0.7633333333333333,0.0,0.5545745465694494
223,4,KMeans,300,0.555575896825729,0.5152484272274692,0.7666666666666667,0.2037037037037037,0.5598031404362411
223,4,GMM,300,0.1930165567080475,0.2921649714298803,0.52,0.0,0.2931336963097398
223,4,Spectral,300,0.70274709790868,0.6679085781627553,0.87,0.6774193548387096,0.7546347793845012
224,4,Ward,316,0.6084991076627697,0.703580121900952,0.7911392405063291,0.0,0.5986037097765936
224,4,KMeans,316,0.619109092665446,0.5595681195168064,0.8006329113924051,0.22,0.5945668285203168
224,4,GMM,316,0.262272233114355,0.319343316809522,0.5253164556962026,0.0,0.3065108755506608
224,4,Spectral,316,0.5916104702679811,0.60951866366384,0.8354430379746836,0.6349206349206349,0.7216212416032801
225,4,Ward,340,0.49459870981427,0.4954773791292426,0.7235294117647059,0.0185185185185185,0.484522938375678
225,4,KMeans,340,0.5865822914295603,0.5380314362662368,0.788235294117647,0.2037037037037037,0.5828026407367144
225,4,GMM,340,0.2390310403738665,0.3171880976086033,0.5323529411764706,0.0,0.3584575965052295
225,4,Spectral,340,0.6437041984829858,0.6328598852628771,0.8529411764705882,0.7066666666666667,0.7378402491817126
226,4,Ward,299,0.5874890253149291,0.5865413745587179,0.7491638795986622,0.0181818181818181,0.5269960495885815
226,4,KMeans,299,0.5889754620309554,0.5673525711469878,0.7792642140468228,0.2,0.5767850319079827
226,4,GMM,299,0.3037330599158271,0.3665046666350126,0.5551839464882943,0.0,0.3819642857142857
226,4,Spectral,299,0.6589535091608012,0.6278582136449662,0.8494983277591973,0.6379310344827587,0.7179067348211265
227,4,Ward,328,0.4462575519290509,0.5151230158641332,0.7378048780487805,0.4424778761061947,0.5902799443299462
227,4,KMeans,328,0.681368199657824,0.6560227991457671,0.8719512195121951,0.7307692307692307,0.7717532323646397
227,4,GMM,328,0.2873046020729859,0.374861861612199,0.6067073170731707,0.3483870967741935,0.4772535686186355
227,4,Spectral,328,0.5757488586042468,0.6156363247625759,0.8292682926829268,0.6551724137931034,0.726616422691432
228,4,Ward,310,0.7796096751050281,0.7225974208129506,0.8935483870967742,0.639344262295082,0.7722499727075052
228,4,KMeans,310,0.6071464272011549,0.5729890079174952,0.8032258064516129,0.2156862745098039,0.6103645488212424
228,4,GMM,310,0.3572474913756708,0.4407784205170061,0.5774193548387097,0.0,0.4439752237121436
228,4,Spectral,310,0.7436763673439226,0.6740023428988122,0.8935483870967742,0.7377049180327869,0.7936777117216355
229,4,Ward,295,0.5796541663124684,0.5707059304477305,0.752542372881356,0.02,0.5195639702098029
229,4,KMeans,295,0.4894171969148566,0.4794014040330259,0.6915254237288135,0.02,0.4551564703221858
229,4,GMM,295,0.3466062255372392,0.423354890685739,0.6,0.0,0.4481194737861154
229,4,Spectral,295,0.6770942656603988,0.6503799738284105,0.8610169491525423,0.6551724137931034,0.7393941172973312
230,4,Ward,302,0.4049313644286141,0.5328205107042512,0.6920529801324503,0.0,0.4823766643748012
230,4,KMeans,302,0.4776298342643914,0.5018986932218481,0.6754966887417219,0.0,0.4443669318669319
230,4,GMM,302,0.2614234405800942,0.341220887481395,0.5331125827814569,0.0,0.3177939441104363
230,4,Spectral,302,0.508034805934561,0.5530542430365533,0.7847682119205298,0.5859375,0.6501280996963562
231,4,Ward,315,0.5192221341376672,0.6275103956001066,0.7492063492063492,0.3545454545454545,0.6425929720719264
231,4,KMeans,315,0.7991217523475372,0.7414885871096452,0.9174603174603174,0.7761194029850746,0.8355267728222409
231,4,GMM,315,0.3397610038330974,0.4440536736224778,0.6603174603174603,0.3741007194244604,0.550829198301438
231,4,Spectral,315,0.7833647125732918,0.7356389455972336,0.9142857142857144,0.7580645161290323,0.8373109908241856
232,4,Ward,304,0.4393390762291819,0.4686957113831188,0.7006578947368421,0.0204081632653061,0.466077336750449
232,4,KMeans,304,0.5057632065374197,0.4947409643867704,0.7236842105263158,0.0204081632653061,0.4926569135116733
232,4,GMM,304,0.2140256256162674,0.2977810890348831,0.5263157894736842,0.0,0.3410547785547785
232,4,Spectral,304,0.7127085415079488,0.6886286236969363,0.881578947368421,0.7288135593220338,0.7803219973794415
233,4,Ward,333,0.4973061793174835,0.5006689448998649,0.7237237237237237,0.0185185185185185,0.4917997176061692
233,4,KMeans,333,0.597613084964848,0.5721894642937797,0.7987987987987988,0.2037037037037037,0.6023406069058608
233,4,GMM,333,0.3057286391968783,0.3752755557922254,0.5615615615615616,0.0,0.3899825174825175
233,4,Spectral,333,0.6292590920827791,0.6234170890684133,0.8468468468468469,0.7083333333333334,0.731709674272015
234,4,Ward,310,0.5560399080020197,0.6242387219307021,0.8258064516129032,0.6521739130434783,0.7094980096558587
234,4,KMeans,310,0.5988153966364427,0.5537005404722384,0.7967741935483871,0.2264150943396226,0.6028151503727646
234,4,GMM,310,0.3899676974525852,0.4824300164771126,0.6387096774193548,0.0,0.4891883582701374
234,4,Spectral,310,0.6239539267367579,0.6481630560813613,0.8516129032258064,0.6833333333333333,0.7574012705614719
235,4,Ward,301,0.6955715202459974,0.6729577430548944,0.8803986710963455,0.66,0.7818010829296096
235,4,KMeans,301,0.7343236480310825,0.6905968375784873,0.8903654485049833,0.71875,0.7896232954830825
235,4,GMM,301,0.2714744281455219,0.3821344402741011,0.6046511627906976,0.3194444444444444,0.4806405239453616
235,4,Spectral,301,0.7215777528410124,0.7019378043379546,0.8837209302325582,0.696969696969697,0.7860683256657998
236,4,Ward,323,0.4218619596270945,0.5900722928716956,0.653250773993808,0.0,0.5416727178841716
236,4,KMeans,323,0.5894271209053481,0.5430762573624413,0.7801857585139319,0.2166666666666666,0.5814137081992415
236,4,GMM,323,0.416186289841812,0.4997653929151179,0.6563467492260062,0.0,0.5006194463431306
236,4,Spectral,323,0.8060186248323898,0.7486668212531156,0.913312693498452,0.7272727272727273,0.8228960212228761
237,4,Ward,318,0.4466594798397776,0.4971797621181673,0.6792452830188679,0.0178571428571428,0.4588966187630742
237,4,KMeans,318,0.4790028713264855,0.4824595331620733,0.6855345911949685,0.0178571428571428,0.4632502700699692
237,4,GMM,318,0.1899877728065246,0.3117977128654713,0.5220125786163522,0.0,0.3224965004725477
237,4,Spectral,318,0.7853185458730891,0.7343691910650835,0.9088050314465408,0.7714285714285715,0.8210164385164386
238,4,Ward,307,0.4636736332022999,0.5193750600998417,0.6547231270358306,0.0,0.4724613098997335
238,4,KMeans,307,0.6198358667445969,0.5777568741255874,0.7980456026058632,0.2203389830508474,0.6064885003898932
238,4,GMM,307,0.3635710950952319,0.4589273298736694,0.6123778501628665,0.0,0.4467271210771782
238,4,Spectral,307,0.7798958095599299,0.7311880921307888,0.9120521172638436,0.7924528301886793,0.8306967832422005
239,4,Ward,339,0.5880594885072264,0.6872993604246366,0.7876106194690266,0.0,0.5925645574610684
239,4,KMeans,339,0.5610314389552034,0.5287923162551489,0.7728613569321534,0.2105263157894736,0.5651198418581665
239,4,GMM,339,0.3399263207483499,0.3877182711657907,0.6017699115044248,0.0,0.4332823711676451
239,4,Spectral,339,0.7604711390791159,0.7152445746995081,0.8997050147492626,0.7014925373134329,0.804312908004974
240,4,Ward,304,0.2810314707539873,0.3845765808196809,0.6019736842105263,0.0188679245283018,0.3756700073290041
240,4,KMeans,304,0.559196125675377,0.5402065860965958,0.756578947368421,0.0188679245283018,0.5359466095545005
240,4,GMM,304,0.2768169770342087,0.3446876115969375,0.5526315789473685,0.0,0.3743583669446525
240,4,Spectral,304,0.705522367405238,0.6713372211905284,0.875,0.7014925373134329,0.764761639480825
241,4,Ward,326,0.7162218793831108,0.6861272516548885,0.8803680981595092,0.704225352112676,0.7740664014581102
241,4,KMeans,326,0.6217246000083269,0.5809507760352265,0.803680981595092,0.2181818181818181,0.6109685636001425
241,4,GMM,326,0.3114734130293305,0.3691082683055743,0.5674846625766872,0.0,0.3807855107855107
241,4,Spectral,326,0.7926211854968164,0.7422891998216662,0.9141104294478528,0.746268656716418,0.8328251090943587
242,4,Ward,313,0.4026459183058485,0.5117106796258085,0.7092651757188498,0.0204081632653061,0.497230134148271
242,4,KMeans,313,0.4719595627181904,0.4800610573903072,0.6677316293929713,0.0,0.4410000974872657
242,4,GMM,313,0.3690761860187764,0.4290266305611349,0.6261980830670927,0.0,0.4683326180769139
242,4,Spectral,313,0.5704165609182255,0.5870160776995886,0.8146964856230032,0.640625,0.6826005021128194
243,4,Ward,327,0.6401408964224279,0.648578572775102,0.8318042813455657,0.5576923076923077,0.6867304659830433
243,4,KMeans,327,0.5933969254387637,0.5520780047972204,0.7889908256880734,0.2181818181818181,0.5882691531257239
243,4,GMM,327,0.2427581927433364,0.3412387813035084,0.5107033639143731,0.0,0.3441379923535165
243,4,Spectral,327,0.7595723719181007,0.7212196195566005,0.9021406727828746,0.75,0.8161365124260295
244,4,Ward,326,0.4451795526843692,0.5936416669766928,0.7208588957055214,0.0,0.5315242726828004
244,4,KMeans,326,0.5053540249936287,0.5230383006794992,0.6993865030674846,0.0,0.4880103967252126
244,4,GMM,326,0.2634727741872407,0.3501374626807455,0.5153374233128835,0.0,0.3681489800874211
244,4,Spectral,326,0.8087250543795508,0.7639984792219113,0.9263803680981596,0.84375,0.8605872042829358
245,4,Ward,340,0.3229878624129292,0.4648572839557144,0.6735294117647059,0.3841059602649007,0.5454556469748902
245,4,KMeans,340,0.4777983615080729,0.4824863110900808,0.6823529411764706,0.0,0.4682744530124173
245,4,GMM,340,0.2130809357203744,0.3210522226976066,0.5176470588235295,0.0,0.3537972502200568
245,4,Spectral,340,0.7675142058361918,0.7248000994421923,0.9058823529411764,0.7794117647058824,0.8221208539490562
246,4,Ward,338,0.3843799571908021,0.41431151280447,0.6775147928994083,0.0175438596491228,0.4421644795399714
246,4,KMeans,338,0.5764871732387546,0.5400959016357295,0.7781065088757396,0.1929824561403508,0.5733000802660245
246,4,GMM,338,0.3706517573569644,0.465066874124717,0.6242603550295858,0.0,0.4720406850451693
246,4,Spectral,338,0.6833914398913583,0.6680924344019681,0.8757396449704142,0.75,0.7818691523046429
247,4,Ward,282,0.3365172166545815,0.405985975116074,0.5957446808510638,0.0,0.4078289690382081
247,4,KMeans,282,0.4606702591420666,0.4795736234499335,0.6595744680851063,0.0,0.4505128205128205
247,4,GMM,282,0.4110353553238361,0.4713974870529799,0.648936170212766,0.0,0.4721341252450698
247,4,Spectral,282,0.6664030098229129,0.654702891942139,0.8581560283687943,0.6744186046511628,0.7452454577166274
248,4,Ward,354,0.5854357805149696,0.6088137200017905,0.7259887005649718,0.0,0.5011290258217564
248,4,KMeans,354,0.5976334533342652,0.554577292391552,0.7909604519774012,0.2166666666666666,0.5927405083655084
248,4,GMM,354,0.4096163345171549,0.4712209511081259,0.6497175141242938,0.0,0.4819049594871613
248,4,Spectral,354,0.678399776167738,0.6783148291484942,0.8728813559322034,0.75,0.7775816722037652
249,4,Ward,315,0.5803723313748111,0.6248539671208133,0.8285714285714286,0.5576923076923077,0.7158929033929035
249,4,KMeans,315,0.6968743156591714,0.6584164635131337,0.873015873015873,0.6438356164383562,0.7661995873394027
249,4,GMM,315,0.2219086515674197,0.3331412158273429,0.492063492063492,0.1733333333333333,0.3390612410515028
249,4,Spectral,315,0.7321036591351767,0.693011508028,0.8888888888888888,0.746031746031746,0.789680849492492
250,4,Ward,326,0.4138476160845156,0.5075689251990809,0.6687116564417178,0.0,0.4483946786376453
250,4,KMeans,326,0.4071284878132294,0.4365450344191123,0.6196319018404908,0.0,0.419289067739772
250,4,GMM,326,0.240261112981226,0.32525618998006,0.5153374233128835,0.0,0.3330296796943873
250,4,Spectral,326,0.5441123914420879,0.5737100620724944,0.8067484662576687,0.6277372262773723,0.679361765547743
251,4,Ward,310,0.507499979275631,0.6146210564878488,0.7548387096774194,0.411214953271028,0.6425681893282794
251,4,KMeans,310,0.6294269234934612,0.6147525923340429,0.8451612903225807,0.6585365853658537,0.7293383902863755
251,4,GMM,310,0.166825518779375,0.2714648288247801,0.4516129032258064,0.2211538461538461,0.3200705042990686
251,4,Spectral,310,0.675981859944353,0.6607038690615515,0.8709677419354839,0.711340206185567,0.773239157409167
252,4,Ward,317,0.4225375819736135,0.4961261331033139,0.6876971608832808,0.0172413793103448,0.4744824684315148
252,4,KMeans,317,0.5622625318692561,0.5250706952593777,0.7697160883280757,0.1896551724137931,0.5690381435690551
252,4,GMM,317,0.1873704281844808,0.2969987665489919,0.5078864353312302,0.0,0.3191862559390352
252,4,Spectral,317,0.7526851594873994,0.7118385598946045,0.8958990536277602,0.7428571428571429,0.8006300914541518
253,4,Ward,309,0.3068378542719323,0.4873254921401745,0.6472491909385113,0.0,0.4403414825362904
253,4,KMeans,309,0.6046081074277975,0.5631410537059349,0.7928802588996764,0.2037037037037037,0.590232846577238
253,4,GMM,309,0.1828432414485498,0.2965197113997546,0.4530744336569579,0.0,0.2845954865756845
253,4,Spectral,309,0.7220096678500972,0.6873257968227398,0.883495145631068,0.7246376811594203,0.7796536696845282
254,4,Ward,322,0.4417545872777343,0.5262215117317267,0.7515527950310559,0.5370370370370371,0.5949946620678328
254,4,KMeans,322,0.5915955722776594,0.5571164824945108,0.7857142857142857,0.2105263157894736,0.5824889251694088
254,4,GMM,322,0.3214792848277842,0.386071267638434,0.5496894409937888,0.0,0.3898800160106831
254,4,Spectral,322,0.56811250892019,0.5934810211311737,0.8198757763975155,0.6691176470588235,0.6963138032990974
255,4,Ward,343,0.4938058103163739,0.572699622187125,0.673469387755102,0.0,0.5107140502270685
255,4,KMeans,343,0.5815578916727353,0.529787278758946,0.7813411078717201,0.2105263157894736,0.5735908302025965
255,4,GMM,343,0.367449721345207,0.4708018618233777,0.6239067055393586,0.0,0.4746124553214084
255,4,Spectral,343,0.75029130525864,0.6994365110028864,0.892128279883382,0.6805555555555556,0.7885885490010921
256,4,Ward,309,0.6772605657213402,0.645581430536443,0.8349514563106796,0.5168539325842697,0.6903990269686161
256,4,KMeans,309,0.5404093638307297,0.511324443543632,0.7605177993527508,0.2222222222222222,0.5597413207707325
256,4,GMM,309,0.4205780660704515,0.4804625315958269,0.656957928802589,0.0,0.4927044843438286
256,4,Spectral,309,0.7418235810998459,0.6974644800402867,0.889967637540453,0.7282608695652174,0.7912432636097917
257,4,Ward,276,0.387026094931748,0.4128290786166171,0.6231884057971014,0.0204081632653061,0.3863957471100329
257,4,KMeans,276,0.4540649607476546,0.4667053095324452,0.6666666666666666,0.0204081632653061,0.4366887956788131
257,4,GMM,276,0.3386164589139925,0.4405412973833523,0.6159420289855072,0.0,0.4560284640171858
257,4,Spectral,276,0.5789521088814076,0.5645279053690211,0.8079710144927537,0.59375,0.664344859966766
258,4,Ward,307,0.5904280554946206,0.6030317081460389,0.7361563517915309,0.0192307692307692,0.5093802664091672
258,4,KMeans,307,0.5715219332557603,0.5344548083330931,0.7785016286644951,0.2115384615384615,0.573191381501915
258,4,GMM,307,0.3044445060246818,0.3745093943472471,0.6188925081433225,0.0,0.391832635474701
258,4,Spectral,307,0.7338456160294724,0.6885955228091628,0.8859934853420195,0.671875,0.7793289370347845
259,4,Ward,314,0.496838275837584,0.4991905529727181,0.7292993630573248,0.0192307692307692,0.5068596504682983
259,4,KMeans,314,0.5229466553767993,0.513719871446868,0.7388535031847133,0.0192307692307692,0.5187557994761385
259,4,GMM,314,0.3567569286921545,0.4210285064224593,0.5732484076433121,0.0,0.4195505158871008
259,4,Spectral,314,0.6459304780083878,0.6564945332615442,0.8598726114649682,0.6991869918699187,0.7631617879454229
260,4,Ward,283,0.3929522974011101,0.43001985136296,0.6360424028268551,0.0208333333333333,0.4066442465344568
260,4,KMeans,283,0.4228828154816962,0.4571948379179629,0.657243816254417,0.0208333333333333,0.4317687132519222
260,4,GMM,283,0.310857733036087,0.3705499652668071,0.5406360424028268,0.0,0.386901752612066
260,4,Spectral,283,0.6004988466264687,0.6071668462403916,0.8303886925795053,0.6666666666666666,0.7039249429041002
261,4,Ward,304,0.5752994690326354,0.6159287650277459,0.8092105263157895,0.5588235294117647,0.6913893235223637
261,4,KMeans,304,0.6926936247925518,0.6521228425908366,0.8717105263157895,0.7083333333333334,0.7636138850627487
261,4,GMM,304,0.2603039596148369,0.3681253777298914,0.5526315789473685,0.2777777777777778,0.3993061545243708
261,4,Spectral,304,0.7680862749803251,0.7327644598623763,0.9046052631578948,0.7540983606557377,0.8172482197805777
262,4,Ward,314,0.5629006643209052,0.5692163681595247,0.8121019108280255,0.603448275862069,0.6876345147859507
262,4,KMeans,314,0.6022637770965789,0.5998438789780425,0.8343949044585988,0.6346153846153846,0.7204969302709618
262,4,GMM,314,0.3308934642327949,0.3939326762405981,0.5636942675159236,0.0727272727272727,0.4195343779850822
262,4,Spectral,314,0.7319423349493336,0.6910921486425698,0.8885350318471338,0.6923076923076923,0.7924233437583905
263,4,Ward,335,0.7781214214619286,0.769624792435704,0.9164179104477612,0.7741935483870968,0.8504081431943351
263,4,KMeans,335,0.5732815152525942,0.5414569961012538,0.7731343283582089,0.2033898305084746,0.5701937980495851
263,4,GMM,335,0.4093962559020386,0.4602783924785282,0.6447761194029851,0.0,0.4604793445302252
263,4,Spectral,335,0.7763754435511724,0.7198652106889548,0.9044776119402984,0.7222222222222222,0.8108709395864627
264,4,Ward,314,0.2749048550038857,0.3907302383124142,0.6401273885350318,0.0175438596491228,0.4103666759777375
264,4,KMeans,314,0.4706026296172424,0.4909230395654674,0.6751592356687898,0.0175438596491228,0.4515497869493279
264,4,GMM,314,0.2493685842619189,0.3238741992683815,0.4840764331210191,0.0847457627118644,0.2953051033316606
264,4,Spectral,314,0.5492400990005137,0.5805623163796867,0.8057324840764332,0.6377952755905512,0.6719552390311765
265,4,Ward,318,0.5626782872846479,0.5950485213103781,0.8270440251572327,0.6666666666666666,0.709570092404778
265,4,KMeans,318,0.6197119338458869,0.5995430379724923,0.839622641509434,0.6571428571428571,0.7191196363738313
265,4,GMM,318,0.3044235692967244,0.3923007472322211,0.5880503144654088,0.2835820895522388,0.445881192455697
265,4,Spectral,318,0.7976221639685643,0.7370541687701838,0.9182389937106918,0.7704918032786885,0.8402638442995832
266,4,Ward,317,0.7215492458003936,0.702967149155528,0.8675078864353313,0.5217391304347826,0.7395105957099324
266,4,KMeans,317,0.5500431717532057,0.5720572343718632,0.7287066246056783,0.0,0.5151024185293628
266,4,GMM,317,0.3446016933564683,0.4203934711446117,0.5930599369085173,0.0,0.4213621794871794
266,4,Spectral,317,0.7164858999237532,0.6892061745424419,0.8801261829652997,0.6805555555555556,0.7752916402680554
267,4,Ward,335,0.6114791253186773,0.6537821319785226,0.7671641791044777,0.0,0.5680524185958968
267,4,KMeans,335,0.5619473907597482,0.5286121334678345,0.7671641791044777,0.2,0.5616401603742065
267,4,GMM,335,0.4029441731062306,0.4509499902298814,0.6477611940298508,0.0,0.4772803547776896
267,4,Spectral,335,0.7933437104271466,0.7430356509230748,0.9134328358208956,0.7638888888888888,0.828233416252073
268,4,Ward,284,0.4001354993656645,0.5299510293903646,0.7147887323943662,0.41,0.6108598666366492
268,4,KMeans,284,0.6555855543975341,0.6232081467993653,0.852112676056338,0.5882352941176471,0.7337096454743514
268,4,GMM,284,0.2207528660087812,0.3165990880816574,0.5633802816901409,0.3071428571428571,0.4010327866640178
268,4,Spectral,284,0.6535168041787848,0.6210343584784931,0.852112676056338,0.6440677966101694,0.7279328370030097
269,4,Ward,314,0.5370372918077039,0.5952610658857749,0.7420382165605095,0.0196078431372549,0.5391543472296386
269,4,KMeans,314,0.4639087945686027,0.5278876717388308,0.6560509554140127,0.0,0.4667151646158962
269,4,GMM,314,0.3958224957862233,0.4605801415865885,0.6210191082802548,0.0,0.4675472464946149
269,4,Spectral,314,0.6778483220085797,0.705830156222359,0.8757961783439491,0.7333333333333333,0.7925163506087494
270,4,Ward,326,0.2919229926107882,0.5087457870473012,0.6349693251533742,0.0,0.4540033426061029
270,4,KMeans,326,0.5394986635673231,0.5102776616934072,0.745398773006135,0.0181818181818181,0.5194406502982665
270,4,GMM,326,0.3919474218353346,0.488395680501142,0.6257668711656442,0.0,0.4826389133389197
270,4,Spectral,326,0.7365452917144679,0.6901953842367374,0.8957055214723927,0.7727272727272727,0.8082757724301842
271,4,Ward,297,0.2345568742713074,0.4517628967593494,0.5521885521885522,0.2752808988764045,0.4583939179661003
271,4,KMeans,297,0.7706669762572119,0.7274339998911815,0.9090909090909092,0.7647058823529411,0.8306022408963586
271,4,GMM,297,0.3600845270299496,0.4699051676013856,0.6767676767676768,0.3656716417910448,0.5783051052813224
271,4,Spectral,297,0.7675567395758778,0.7217288760874933,0.9057239057239056,0.7457627118644068,0.8214048559449856
272,4,Ward,303,0.5388833825912508,0.6050340992786343,0.7128712871287128,0.0185185185185185,0.5247396809869297
272,4,KMeans,303,0.5756383891843941,0.5427532283997689,0.7788778877887789,0.2407407407407407,0.5808178020572274
272,4,GMM,303,0.3297987394444984,0.4328374378101852,0.594059405940594,0.0,0.3949808041102557
272,4,Spectral,303,0.7529815519349674,0.7302476044496236,0.8976897689768977,0.765625,0.8057204853050423
273,4,Ward,324,0.5959065873175011,0.6244852701337378,0.8179012345679012,0.5360824742268041,0.6754848129301025
273,4,KMeans,324,0.5735431021937732,0.5332909273587805,0.7870370370370371,0.2352941176470588,0.5839293590392414
273,4,GMM,324,0.3161685481363488,0.3931134487545674,0.5679012345679012,0.0,0.4161258844793108
273,4,Spectral,324,0.703550947457122,0.663398616965185,0.8765432098765432,0.704225352112676,0.7694980868951378
274,4,Ward,320,0.2625673036155432,0.4874925355679192,0.615625,0.0,0.4445490165230127
274,4,KMeans,320,0.4285597128650955,0.4273324013376787,0.671875,0.0204081632653061,0.4347549604622236
274,4,GMM,320,0.3603388157156397,0.4812685096504089,0.61875,0.0,0.4686620129339528
274,4,Spectral,320,0.5519482347067997,0.5647627918275696,0.815625,0.6423357664233577,0.696180239945478
275,4,Ward,344,0.2977267889798198,0.465402521294576,0.6366279069767442,0.0,0.4381284769493555
275,4,KMeans,344,0.5717375770929132,0.5259799255405461,0.7761627906976745,0.2241379310344827,0.5733500315137966
275,4,GMM,344,0.2710248539858007,0.3406178062817235,0.5406976744186046,0.0,0.3642820847851336
275,4,Spectral,344,0.5798510884421264,0.6151796361710953,0.8284883720930233,0.674074074074074,0.7176299113416617
276,4,Ward,273,0.3871891691919826,0.4496649030936437,0.7142857142857143,0.4528301886792453,0.5285213999836641
276,4,KMeans,273,0.6555781421209413,0.6054446183167285,0.7765567765567766,0.0943396226415094,0.5405147302217809
276,4,GMM,273,0.2867174131062535,0.3492777294216989,0.5494505494505495,0.0,0.3710091991341991
276,4,Spectral,273,0.6003962059727068,0.5717773595717636,0.8131868131868132,0.4629629629629629,0.6526039482879106
277,4,Ward,328,0.4201431222245076,0.5202357751425333,0.6402439024390244,0.0,0.4499854892799816
277,4,KMeans,328,0.6181791307236402,0.5845471928966476,0.7987804878048781,0.1964285714285714,0.6043885870920754
277,4,GMM,328,0.4111773006269976,0.5071453967492552,0.6524390243902439,0.0,0.5028011672458343
277,4,Spectral,328,0.7949567967217065,0.7394985446333213,0.9115853658536586,0.7619047619047619,0.8211829147250529
278,4,Ward,278,0.2887156266999808,0.3671420279123699,0.6294964028776978,0.0196078431372549,0.3971394808154136
278,4,KMeans,278,0.6268513699039884,0.5818537563350373,0.7985611510791367,0.2352941176470588,0.6022922369646417
278,4,GMM,278,0.2865933103664339,0.3458996419816043,0.5323741007194245,0.0,0.3595514491036878
278,4,Spectral,278,0.7421674490254675,0.6948531654732885,0.8920863309352518,0.7142857142857143,0.7869437929686602
279,4,Ward,294,0.6900968016929875,0.715298040597238,0.8673469387755102,0.6,0.7685309391154169
279,4,KMeans,294,0.5351114268179027,0.5372269679143634,0.7585034013605442,0.2222222222222222,0.5676864311746566
279,4,GMM,294,0.4006812983483321,0.4668409741165671,0.6360544217687075,0.0,0.4615038197386458
279,4,Spectral,294,0.8221632131345571,0.7802457297553939,0.9285714285714286,0.8333333333333334,0.8607604841597081
280,4,Ward,326,0.5960782403734375,0.6347496478999353,0.7760736196319018,0.0,0.5610589591567853
280,4,KMeans,326,0.5372395258185987,0.5055869967438866,0.7638036809815951,0.1964285714285714,0.5592460893046265
280,4,GMM,326,0.1782740654312454,0.2892703782196361,0.5214723926380368,0.0,0.32673721340388
280,4,Spectral,326,0.7302071441980196,0.6918819189428652,0.8895705521472392,0.703125,0.7930905631057733
281,4,Ward,316,0.3406926525568866,0.3750020875957651,0.6550632911392406,0.0185185185185185,0.4200966240116521
281,4,KMeans,316,0.5769293280402664,0.5455814444914705,0.7563291139240507,0.0185185185185185,0.5280145230315185
281,4,GMM,316,0.3813177838904292,0.4246954033697226,0.6360759493670886,0.0,0.4611235267512704
281,4,Spectral,316,0.5918985821881863,0.6017700055783735,0.8291139240506329,0.6619718309859155,0.7022412994355319
282,4,Ward,337,0.520605447279292,0.676542965826359,0.7537091988130564,0.0,0.5752258049948065
282,4,KMeans,337,0.5833993159013761,0.5417991452157018,0.7863501483679525,0.2203389830508474,0.5907739928574307
282,4,GMM,337,0.3711473608663426,0.4785778118933105,0.6261127596439169,0.0,0.4724892984674074
282,4,Spectral,337,0.8103304931521828,0.7532225639312243,0.9228486646884272,0.8,0.8476898720993209
283,4,Ward,327,0.5752504306322275,0.6484156409541747,0.8318042813455657,0.6239316239316239,0.7409030909581167
283,4,KMeans,327,0.6775791738285318,0.6472852868541502,0.8685015290519877,0.7066666666666667,0.7620537454747982
283,4,GMM,327,0.2885518947658433,0.4100361475616476,0.6391437308868502,0.3714285714285714,0.5277492371952955
283,4,Spectral,327,0.7841878232147184,0.7400671310422927,0.91131498470948,0.7164179104477612,0.8296559297273056
284,4,Ward,330,0.4273793063080638,0.5116629773790924,0.6515151515151515,0.0,0.4963048855905999
284,4,KMeans,330,0.5474466359214823,0.5156381328972556,0.7606060606060606,0.2,0.5579323161189358
284,4,GMM,330,0.3879372088945952,0.4362974349412009,0.6212121212121212,0.0,0.4538196176371075
284,4,Spectral,330,0.7312720023743805,0.6807215621971145,0.8848484848484849,0.676923076923077,0.7776907751339569
285,4,Ward,299,0.4976098085651901,0.5785016574192773,0.7525083612040134,0.4666666666666667,0.6239709740679588
285,4,KMeans,299,0.7130300528975974,0.6510581106838834,0.8762541806020067,0.673469387755102,0.7573787665536433
285,4,GMM,299,0.3101699689093967,0.4267476980942639,0.6588628762541806,0.392156862745098,0.549175857393317
285,4,Spectral,299,0.6941996874128508,0.6547997500080291,0.8729096989966555,0.6984126984126984,0.7651816253016157
286,4,Ward,317,0.6131384581408761,0.6174111704333909,0.7665615141955836,0.0208333333333333,0.5317023896086727
286,4,KMeans,317,0.5023347879237288,0.4688183468274045,0.7129337539432177,0.0208333333333333,0.4697556076659772
286,4,GMM,317,0.2839198295309919,0.3541769519382469,0.555205047318612,0.0,0.3689618463634815
286,4,Spectral,317,0.5231680506874179,0.5759386638520227,0.7949526813880127,0.5952380952380952,0.6674582186646048
287,4,Ward,317,0.4522230934558222,0.5658968999083712,0.6246056782334385,0.0,0.4940679871282444
287,4,KMeans,317,0.4450238386575509,0.4751618567200245,0.6719242902208202,0.0212765957446808,0.4379793318036434
287,4,GMM,317,0.3363076390749998,0.3848313334011377,0.583596214511041,0.0,0.4058789698125912
287,4,Spectral,317,0.7026489134263186,0.6705194130443219,0.8675078864353313,0.6557377049180327,0.7474415746823089
288,4,Ward,325,0.2539277255004198,0.3207603874861652,0.6153846153846154,0.0208333333333333,0.3769743861567175
288,4,KMeans,325,0.4443489760801114,0.4708552980239557,0.6738461538461539,0.0208333333333333,0.4410259415533678
288,4,GMM,325,0.3500068304535266,0.4268957230043969,0.6061538461538462,0.0,0.4451863594184968
288,4,Spectral,325,0.5772313481675599,0.5979357250904626,0.8276923076923077,0.6842105263157895,0.7129092655408444
289,4,Ward,296,0.5844223574286023,0.6214888971574171,0.8209459459459459,0.5319148936170213,0.6977418675408225
289,4,KMeans,296,0.6327004880255357,0.6073217190780849,0.8445945945945946,0.68,0.7195475113122172
289,4,GMM,296,0.3522469285163129,0.4515891871323682,0.5574324324324325,0.0,0.4287251978406401
289,4,Spectral,296,0.7504770738826456,0.7005624481421653,0.8986486486486487,0.7719298245614035,0.8080163723296786
290,4,Ward,297,0.4892362028979091,0.593408250155943,0.7710437710437711,0.4545454545454545,0.672876726448155
290,4,KMeans,297,0.750960338798995,0.6850976373392543,0.8956228956228957,0.734375,0.7962934841399563
290,4,GMM,297,0.3119141889409332,0.4034253364360569,0.6262626262626263,0.3064516129032258,0.5051462774474558
290,4,Spectral,297,0.6358098793740362,0.6412925621597718,0.8518518518518519,0.6837606837606838,0.7455984450909368
291,4,Ward,325,0.5076657245457429,0.5336359774167173,0.76,0.4224137931034483,0.5875769287249524
291,4,KMeans,325,0.6003407834080141,0.5705940740729982,0.7907692307692308,0.1964285714285714,0.5932579458340328
291,4,GMM,325,0.3075996799510618,0.3424179216484739,0.5507692307692308,0.0,0.3525467070243189
291,4,Spectral,325,0.7241222638507838,0.6779550921378672,0.88,0.7205882352941176,0.7714441159944805
292,4,Ward,296,0.6017528674988549,0.6346891773666048,0.793918918918919,0.0238095238095238,0.5747758505476627
292,4,KMeans,296,0.4945253805119967,0.4815605224948948,0.7297297297297297,0.0238095238095238,0.4928740391505439
292,4,GMM,296,0.2192687944871037,0.3187816381304379,0.5101351351351351,0.0,0.3495522417827891
292,4,Spectral,296,0.7210408951251485,0.6769161065551452,0.8885135135135135,0.7464788732394366,0.7941180926255594
293,4,Ward,324,0.5628745255472194,0.6491296977054384,0.8271604938271605,0.5877192982456141,0.7458319581885697
293,4,KMeans,324,0.6349819045708013,0.6225803729458084,0.8487654320987654,0.6794871794871795,0.7335853808141544
293,4,GMM,324,0.285294043702497,0.3892426396076691,0.6265432098765432,0.3647798742138364,0.4700614107532346
293,4,Spectral,324,0.7274352243437485,0.7020783039979073,0.8888888888888888,0.7142857142857143,0.7918228451765037
294,4,Ward,312,0.5572095985691526,0.5777919974442187,0.7371794871794872,0.0175438596491228,0.51843635250918
294,4,KMeans,312,0.4843535657086563,0.4831356532503186,0.7339743589743589,0.1929824561403508,0.5312292484337291
294,4,GMM,312,0.2696633157506413,0.3464919305869302,0.5576923076923077,0.0,0.3416107643547414
294,4,Spectral,312,0.8081946996392938,0.7623355441310111,0.9198717948717948,0.7936507936507936,0.8408369408369408
295,4,Ward,279,0.5213716697169065,0.61558703950524,0.8028673835125448,0.5984251968503937,0.7061175986476267
295,4,KMeans,279,0.7438024196999414,0.6735393406608235,0.8853046594982079,0.6842105263157895,0.7704125165844242
295,4,GMM,279,0.2995200713677766,0.4141284636211951,0.6129032258064516,0.3555555555555555,0.4887277085975633
295,4,Spectral,279,0.6849704113920742,0.6551125609153561,0.8637992831541219,0.6721311475409836,0.7471755301069365
296,4,Ward,307,0.4364817278811496,0.5357574971421601,0.6449511400651465,0.2213740458015267,0.4844369660673235
296,4,KMeans,307,0.7148415296683402,0.6657990603237603,0.8794788273615635,0.6973684210526315,0.7728328173374612
296,4,GMM,307,0.2915569020080617,0.3810614687337488,0.5765472312703583,0.3181818181818182,0.4264668244447656
296,4,Spectral,307,0.7604490606935385,0.7162415456104773,0.9022801302931596,0.746031746031746,0.8156272546897547
297,4,Ward,294,0.4563631210070562,0.4524237661886743,0.7414965986394558,0.3333333333333333,0.5320838980749135
297,4,KMeans,294,0.4889047403988354,0.4698510681597979,0.6904761904761905,0.0208333333333333,0.4469706156716417
297,4,GMM,294,0.2837498354240591,0.3776893536805518,0.5272108843537415,0.0,0.3798293452534606
297,4,Spectral,294,0.5572590871864975,0.5838112455013221,0.8095238095238095,0.6324786324786325,0.6766758440196823
298,4,Ward,299,0.2788511242045443,0.5196953649478735,0.6421404682274248,0.0,0.4675625964274856
298,4,KMeans,299,0.5464747065243322,0.5295295141238684,0.745819397993311,0.0204081632653061,0.5129727947517035
298,4,GMM,299,0.2761085801651193,0.3573703566469552,0.5551839464882943,0.0,0.3905592426814838
298,4,Spectral,299,0.5906411895140208,0.619584417358792,0.8327759197324415,0.6716417910447762,0.7180430063078854
299,4,Ward,295,0.3895173853657756,0.4992353195949517,0.6338983050847458,0.0,0.4881339090459239
299,4,KMeans,295,0.5272848880361342,0.5232578508004229,0.7288135593220338,0.0196078431372549,0.5049589213675901
299,4,GMM,295,0.3922911784178133,0.4904610651156204,0.6271186440677966,0.0,0.475750902724587
299,4,Spectral,295,0.5203738631589704,0.5822037597493047,0.8,0.59375,0.6831947239081673
300,4,Ward,307,0.2913541206991324,0.4359414236460504,0.6547231270358306,0.1764705882352941,0.4558735994397759
300,4,KMeans,307,0.6144493425081153,0.5652012796787114,0.8013029315960912,0.196078431372549,0.6021706378433651
300,4,GMM,307,0.3132037622935515,0.4059370246697996,0.5928338762214984,0.0,0.4248757567543146
300,4,Spectral,307,0.7930159757808637,0.7379307987621487,0.9120521172638436,0.7704918032786885,0.8244857694103768
301,4,Ward,276,0.4759936373847527,0.5950033978039351,0.7282608695652174,0.348314606741573,0.5994257174212059
301,4,KMeans,276,0.7393677228663511,0.690338555797649,0.8913043478260869,0.7352941176470589,0.7927324776064271
301,4,GMM,276,0.3361862090050268,0.4126648868829467,0.5869565217391305,0.2203389830508474,0.4326611957689599
301,4,Spectral,276,0.7319007891298069,0.6983488508536099,0.8913043478260869,0.7142857142857143,0.7977823624190209
302,4,Ward,301,0.536658519883854,0.6384998828477626,0.8006644518272426,0.5714285714285714,0.6787343678130995
302,4,KMeans,301,0.590310792730784,0.5526082916859805,0.7807308970099668,0.2068965517241379,0.5829415292353823
302,4,GMM,301,0.3792500127630097,0.451840096687131,0.6245847176079734,0.0,0.4686835175383976
302,4,Spectral,301,0.7614837852951026,0.7124825167147497,0.8970099667774086,0.7,0.7974376399788001
303,4,Ward,336,0.6429258925713389,0.663511887978564,0.8482142857142857,0.6463414634146342,0.7372172470695151
303,4,KMeans,336,0.772181865314863,0.707270132471443,0.9017857142857144,0.72,0.8036652334989529
303,4,GMM,336,0.2856777663018073,0.3725805279458694,0.5416666666666666,0.2121212121212121,0.3906641200320562
303,4,Spectral,336,0.820576668524853,0.7654379142801399,0.925595238095238,0.7575757575757576,0.8525605473461045
304,4,Ward,291,0.5341346915543359,0.529592852163965,0.7972508591065293,0.5094339622641509,0.6479120111195583
304,4,KMeans,291,0.694199000818923,0.6410476984572481,0.8694158075601375,0.6666666666666666,0.7519110931670859
304,4,GMM,291,0.2536411617028798,0.3485415776562368,0.5601374570446735,0.3191489361702128,0.4177278518851318
304,4,Spectral,291,0.6760870357738252,0.6392181887859304,0.852233676975945,0.5833333333333334,0.7206078150750282
305,4,Ward,319,0.587603572617131,0.642362904311394,0.7460815047021944,0.0,0.5472211339690585
305,4,KMeans,319,0.5041836037038897,0.4865776710090346,0.7492163009404389,0.25,0.5474316770186336
305,4,GMM,319,0.1617898480870928,0.278875281748518,0.4670846394984326,0.0,0.3040372670807453
305,4,Spectral,319,0.7883628410226298,0.7393888240677335,0.915360501567398,0.7857142857142857,0.837947521968631
306,4,Ward,314,0.5453382928547917,0.5363045903223479,0.7197452229299363,0.0185185185185185,0.4949876432635053
306,4,KMeans,314,0.5303683810082771,0.5066391862414583,0.7611464968152867,0.2222222222222222,0.5613344017094017
306,4,GMM,314,0.1891784202967257,0.2945869036428092,0.5254777070063694,0.0,0.3399429717922868
306,4,Spectral,314,0.7514568085915574,0.7263865783135344,0.8980891719745223,0.7272727272727273,0.8113825910436081
307,4,Ward,302,0.3883815028297864,0.4900706149341198,0.7019867549668874,0.0196078431372549,0.4781599490150787
307,4,KMeans,302,0.581692896982529,0.5400368568521858,0.7682119205298014,0.0196078431372549,0.5393837134334263
307,4,GMM,302,0.3623140650007015,0.4203891099584613,0.6158940397350994,0.0,0.4426728110599078
307,4,Spectral,302,0.758525491008442,0.695264144749176,0.890728476821192,0.6612903225806451,0.7790618753125454
308,4,Ward,336,0.6024015232696115,0.6200773314661322,0.8303571428571429,0.6515151515151515,0.6972197146700652
308,4,KMeans,336,0.6573500847382241,0.604499631887775,0.8214285714285714,0.2363636363636363,0.6265943058300395
308,4,GMM,336,0.3315958604245032,0.4408403997972086,0.6101190476190477,0.0,0.4460203351726957
308,4,Spectral,336,0.8121400440026235,0.7550888217752668,0.9226190476190476,0.803030303030303,0.8442055936544101
309,4,Ward,297,0.5212711860081636,0.6062960004083379,0.797979797979798,0.5408163265306123,0.6942949907235622
309,4,KMeans,297,0.6351257524041565,0.6400426852057742,0.8518518518518519,0.6764705882352942,0.7518847247027867
309,4,GMM,297,0.2235285914528876,0.305059902889516,0.5151515151515151,0.1111111111111111,0.3701575024187827
309,4,Spectral,297,0.6934230553749252,0.6800396269761919,0.8720538720538721,0.6666666666666666,0.7686923397343468
310,4,Ward,315,0.4018859540279743,0.4680118031616491,0.6666666666666666,0.0192307692307692,0.444854255287723
310,4,KMeans,315,0.5154669053149765,0.5307357999914086,0.7015873015873015,0.0,0.4890944567317624
310,4,GMM,315,0.1952763159560941,0.2981599338634228,0.5015873015873016,0.0,0.3338802710220178
310,4,Spectral,315,0.7824415228806337,0.7388925002539634,0.9142857142857144,0.8095238095238095,0.8372120202335003
311,4,Ward,310,0.3313635082251831,0.5187512345137747,0.6612903225806451,0.0,0.4790857619537823
311,4,KMeans,310,0.5461435460078742,0.5220426433361872,0.7516129032258064,0.0196078431372549,0.5270325428457523
311,4,GMM,310,0.3395095643641346,0.430846702709774,0.5709677419354838,0.0,0.4223857445520581
311,4,Spectral,310,0.7451850445033994,0.707656958039774,0.9,0.7794117647058824,0.8174162940029813
312,4,Ward,332,0.4198729088752854,0.4796301816446851,0.6234939759036144,0.0,0.4429435003183973
312,4,KMeans,332,0.5166087640676388,0.4980572922269641,0.7439759036144579,0.2068965517241379,0.5390865191897158
312,4,GMM,332,0.2210210596303302,0.2991567531880258,0.4969879518072289,0.0,0.3240557481148879
312,4,Spectral,332,0.8222869717043417,0.7650684172786634,0.9246987951807228,0.7727272727272727,0.8465217652717654
313,4,Ward,332,0.4716065935056885,0.577795671211383,0.6566265060240963,0.0,0.4931203166764082
313,4,KMeans,332,0.4545428695025197,0.4818259931578015,0.6536144578313253,0.0,0.4390024458420685
313,4,GMM,332,0.246717973972415,0.340824314091908,0.4939759036144578,0.0,0.3392746602407399
313,4,Spectral,332,0.7375340696255158,0.7058337932646536,0.891566265060241,0.75,0.7951788362223245
314,4,Ward,331,0.2960961787624601,0.4300495940847544,0.6374622356495468,0.0,0.4188373894641373
314,4,KMeans,331,0.5923646063063689,0.5382668530070073,0.7885196374622356,0.2181818181818181,0.586987284959717
314,4,GMM,331,0.3128750996834646,0.374044871736031,0.5830815709969789,0.0,0.4038366336633663
314,4,Spectral,331,0.5455758881460453,0.6023765554478584,0.8126888217522659,0.6015037593984962,0.7065246361145994
315,4,Ward,323,0.4602010002129869,0.5426070620691348,0.7089783281733746,0.0192307692307692,0.4941870911893536
315,4,KMeans,323,0.5964836431762501,0.545403466719422,0.7987616099071208,0.25,0.6032590129169076
315,4,GMM,323,0.2533944469999276,0.3368790300620541,0.544891640866873,0.0,0.3676538151114422
315,4,Spectral,323,0.6623110830660031,0.6797583424498445,0.8668730650154799,0.75,0.7715026717875929
316,4,Ward,341,0.3485379194621748,0.4850092856335792,0.6774193548387096,0.3636363636363636,0.5440085767128021
316,4,KMeans,341,0.5177959143822367,0.4995871240170138,0.7624633431085044,0.288135593220339,0.5705160411622276
316,4,GMM,341,0.411170671107847,0.5046456576677835,0.6422287390029325,0.0,0.4928240740740741
316,4,Spectral,341,0.7901316238028211,0.7596636220200469,0.9178885630498532,0.8208955223880597,0.8452520455573374
317,4,Ward,298,0.5269506191954652,0.5809700755302015,0.7348993288590604,0.0185185185185185,0.5300019973748787
317,4,KMeans,298,0.5557077413243027,0.5342776304440325,0.7684563758389261,0.2222222222222222,0.5721374585010949
317,4,GMM,298,0.2469248905706674,0.3803801299721186,0.5838926174496645,0.0,0.3736187987331582
317,4,Spectral,298,0.7260481915811633,0.6913044091740345,0.8825503355704698,0.704225352112676,0.7790889578039081
318,4,Ward,301,0.6710654328044233,0.6637965275752523,0.8006644518272426,0.0232558139534883,0.5711460412265346
318,4,KMeans,301,0.4641632515532132,0.4563517830956781,0.6744186046511628,0.0232558139534883,0.4272115806461224
318,4,GMM,301,0.1784509817258723,0.3024917278099974,0.4883720930232558,0.0,0.33125
318,4,Spectral,301,0.5620859817763851,0.5929408577220767,0.813953488372093,0.6379310344827587,0.6880541871921182
319,4,Ward,345,0.4751046328694302,0.6832156948743383,0.6666666666666666,0.0,0.5880527765695229
319,4,KMeans,345,0.5843685019648157,0.5347646141665204,0.7855072463768116,0.1818181818181818,0.5774188732499974
319,4,GMM,345,0.2867240602325321,0.3627180553045265,0.5478260869565217,0.0,0.3769449889732909
319,4,Spectral,345,0.7927953299672167,0.7459206328569412,0.9159420289855073,0.7887323943661971,0.8347725152507334
320,4,Ward,270,0.3957554589367706,0.4422566980960398,0.7074074074074074,0.4523809523809524,0.5261593931201604
320,4,KMeans,270,0.625142081737277,0.6176379680970545,0.8444444444444444,0.6756756756756757,0.7314871994975953
320,4,GMM,270,0.3509994886228649,0.4312008789918535,0.6777777777777778,0.4083333333333333,0.5621325540060158
320,4,Spectral,270,0.6697916472754165,0.6407823805154192,0.8592592592592593,0.6349206349206349,0.7474339916178074
321,4,Ward,308,0.3837528868959895,0.4632243900822896,0.6883116883116883,0.0,0.4678483530494004
321,4,KMeans,308,0.5556008395361689,0.5344836115282604,0.775974025974026,0.2,0.5826678714311693
321,4,GMM,308,0.2534713356830113,0.3269167964365641,0.5551948051948052,0.0,0.355285945243201
321,4,Spectral,308,0.771567313212685,0.7262277873119459,0.905844155844156,0.75,0.8187576944667785
322,4,Ward,313,0.5065118840466489,0.5442717111295028,0.7028753993610224,0.0188679245283018,0.4933963845173612
322,4,KMeans,313,0.434977499392695,0.4783818471562752,0.6485623003194888,0.0,0.4264484716867189
322,4,GMM,313,0.2951298868762587,0.3735543896729398,0.549520766773163,0.0,0.3905739454111654
322,4,Spectral,313,0.542757415728453,0.570315863440326,0.805111821086262,0.6176470588235294,0.6738756341697518
323,4,Ward,332,0.2319666305981608,0.4522504037429082,0.5843373493975904,0.0,0.4139700720960501
323,4,KMeans,332,0.5795752110340492,0.5284071929965736,0.7891566265060241,0.22,0.5848570114008461
323,4,GMM,332,0.3820092017176231,0.4434378102489287,0.6265060240963856,0.0,0.4683338319678419
323,4,Spectral,332,0.6691654938311495,0.6703448994037661,0.8704819277108434,0.7372881355932204,0.7763809988427932
324,4,Ward,311,0.716981447695165,0.7199533794891801,0.8938906752411575,0.7543859649122807,0.8227117144057934
324,4,KMeans,311,0.6646258769199338,0.639584345583073,0.8617363344051447,0.6944444444444444,0.7550881178316426
324,4,GMM,311,0.2814062477743717,0.3791514494715532,0.5884244372990354,0.3356164383561644,0.45586910111925
324,4,Spectral,311,0.7740687167272671,0.7360010652512781,0.909967845659164,0.7920792079207921,0.8317003575357536
325,4,Ward,312,0.3414714242918615,0.3770516366018067,0.5769230769230769,0.0,0.3710994046045592
325,4,KMeans,312,0.5160227907355114,0.4985777053556012,0.7628205128205128,0.2291666666666666,0.5559327409702534
325,4,GMM,312,0.2856319766493937,0.3689787703486177,0.5256410256410257,0.0,0.3773116396711902
325,4,Spectral,312,0.781101240150186,0.7259367306090043,0.9102564102564102,0.78125,0.8232110507246377
326,4,Ward,316,0.6557775404464411,0.6985801180230344,0.7784810126582279,0.0,0.5788258009153318
326,4,KMeans,316,0.5495743034225034,0.5211695904680954,0.7658227848101266,0.2241379310344827,0.5715854432835621
326,4,GMM,316,0.4179867767412133,0.4930581477232489,0.6582278481012658,0.0,0.497150242861752
326,4,Spectral,316,0.7976834556945076,0.7458807032449426,0.9145569620253164,0.8,0.8316987946540777
327,4,Ward,299,0.2658297085343765,0.3675315186741191,0.5819397993311036,0.0204081632653061,0.3477836814779234
327,4,KMeans,299,0.5322230634751884,0.5693494301645898,0.7023411371237458,0.0,0.4978350292271054
327,4,GMM,299,0.3900318398607041,0.4535395703709501,0.6220735785953178,0.0,0.4564996017091825
327,4,Spectral,299,0.7760972091055401,0.7317056452688776,0.9130434782608696,0.8070175438596491,0.838690069329167
328,4,Ward,316,0.5304339852552965,0.5716857675664818,0.7436708860759493,0.0,0.5439429012345679
328,4,KMeans,316,0.4967612337254485,0.4864896756106167,0.7183544303797469,0.0212765957446808,0.482554647983227
328,4,GMM,316,0.2460986255589288,0.3469643363720799,0.5189873417721519,0.0,0.3630874927710307
328,4,Spectral,316,0.7467020347344248,0.7247652519353676,0.8987341772151899,0.7758620689655172,0.8109055516769124
329,4,Ward,279,0.4875876271334777,0.5137736697814025,0.7347670250896058,0.02,0.508883495145631
329,4,KMeans,279,0.4732345406488779,0.4941305005573802,0.6881720430107527,0.02,0.4697856517935257
329,4,GMM,279,0.3609161939411246,0.4689482269289069,0.6093189964157706,0.0,0.4730761562998405
329,4,Spectral,279,0.7180182311537742,0.689143437021197,0.8853046594982079,0.7377049180327869,0.784871901889936
330,4,Ward,296,0.4635152837396879,0.5520167432230124,0.7668918918918919,0.5,0.6473364517431687
330,4,KMeans,296,0.7186403700591506,0.6628413409186265,0.8817567567567568,0.676923076923077,0.7749285882313406
330,4,GMM,296,0.302999284905785,0.3963101763109314,0.6587837837837838,0.3835616438356164,0.5209486860171791
330,4,Spectral,296,0.7055478853007667,0.6779876313761546,0.8783783783783784,0.7326732673267327,0.7746099135830145
331,4,Ward,314,0.389615351871917,0.4845036686251346,0.7292993630573248,0.495049504950495,0.5983930543951455
331,4,KMeans,314,0.60618978057751,0.6053460600697029,0.8375796178343949,0.6590909090909091,0.72716829507895
331,4,GMM,314,0.3425123456349023,0.4284159823796608,0.6114649681528662,0.2761194029850746,0.481490251248082
331,4,Spectral,314,0.6915315360899564,0.6573176768094634,0.8757961783439491,0.7096774193548387,0.7778202951052449
332,4,Ward,318,0.3845130439677627,0.5105135842779274,0.6855345911949685,0.0,0.4820924374400236
332,4,KMeans,318,0.5801504976432788,0.5466063979225942,0.789308176100629,0.196078431372549,0.5912813010044369
332,4,GMM,318,0.4178180916003389,0.4937915718273712,0.6289308176100629,0.0,0.4891951655650285
332,4,Spectral,318,0.7873811883566425,0.7411438083963381,0.9150943396226416,0.8059701492537313,0.8379057638219187
333,4,Ward,322,0.462828493858461,0.5423790740970044,0.6832298136645962,0.0212765957446808,0.4544732746872906
333,4,KMeans,322,0.5753543870803346,0.5394482868992134,0.7701863354037267,0.0212765957446808,0.5368050229845229
333,4,GMM,322,0.4070430787329349,0.492186860508285,0.6366459627329193,0.0,0.4895276292335116
333,4,Spectral,322,0.5522855779129499,0.6078059095393887,0.8167701863354038,0.6204379562043796,0.7115805672694313
334,4,Ward,338,0.5812156228321461,0.6105392463086059,0.7751479289940828,0.0,0.579096305805587
334,4,KMeans,338,0.6072600645714268,0.5713740884032775,0.7988165680473372,0.2241379310344827,0.6083669466779391
334,4,GMM,338,0.388975665573679,0.4421528194565544,0.6301775147928994,0.0,0.4541896591076919
334,4,Spectral,338,0.8361748585079635,0.7904708242785013,0.9349112426035504,0.8507462686567164,0.8726397495749887
335,4,Ward,340,0.4033887884742816,0.4484955551629161,0.6470588235294118,0.0188679245283018,0.4154155132504859
335,4,KMeans,340,0.4602388154280044,0.4636495628842327,0.6647058823529411,0.0188679245283018,0.4262111862034082
335,4,GMM,340,0.375928870790578,0.4090744428302482,0.6323529411764706,0.0,0.4448830409356725
335,4,Spectral,340,0.6088669901944709,0.6400854934532179,0.8470588235294118,0.6842105263157895,0.7533324611244019
336,4,Ward,307,0.3384586339781177,0.3152207999378466,0.6058631921824105,0.0196078431372549,0.342954562342646
336,4,KMeans,307,0.5555938549520351,0.5156408561156525,0.745928338762215,0.0196078431372549,0.5122071555895086
336,4,GMM,307,0.3812954224066858,0.4096891216937318,0.6384364820846905,0.0,0.4493359887195504
336,4,Spectral,307,0.6169732838378531,0.6145486887699423,0.8403908794788274,0.6875,0.7187698139402685
337,4,Ward,329,0.3830959653424687,0.4152898029663113,0.6109422492401215,0.0,0.3971134543464656
337,4,KMeans,329,0.5851215721240951,0.5475327625612086,0.78419452887538,0.2068965517241379,0.587264495918201
337,4,GMM,329,0.2452938821710145,0.3481227743428465,0.5683890577507599,0.0,0.3748546127412107
337,4,Spectral,329,0.785112942577145,0.7347638121101037,0.9118541033434652,0.782608695652174,0.8289312780331328
338,4,Ward,310,0.4311994994950495,0.5397499377265877,0.6516129032258065,0.0,0.5012406947890818
338,4,KMeans,310,0.4267790998919509,0.4270350558984616,0.6516129032258065,0.0,0.42523584457082
338,4,GMM,310,0.4044437789895035,0.4943356332128873,0.6483870967741936,0.0,0.4877259709823599
338,4,Spectral,310,0.6670133340726501,0.6687419416463795,0.8709677419354839,0.7304347826086957,0.7832679248610988
339,4,Ward,287,0.4242087524210799,0.4556861420625489,0.6550522648083623,0.0,0.4250334462143066
339,4,KMeans,287,0.4925655493447893,0.497999034266683,0.7073170731707317,0.0217391304347826,0.4779083472711473
339,4,GMM,287,0.3901523506754586,0.4841948221997236,0.627177700348432,0.0,0.478857496194825
339,4,Spectral,287,0.6043294124864079,0.6052873676414523,0.8327526132404182,0.65,0.7037900260456564
340,4,Ward,308,0.4379640902556125,0.5167441277462468,0.6266233766233766,0.0,0.452642054131812
340,4,KMeans,308,0.599567584156949,0.5634720065978069,0.788961038961039,0.2142857142857142,0.5963001227220243
340,4,GMM,308,0.4264464048671734,0.5075571962891096,0.6493506493506493,0.0,0.4998119611511738
340,4,Spectral,308,0.7700285680149662,0.7236036911990605,0.8993506493506493,0.704225352112676,0.8028609886447987
341,4,Ward,333,0.4527104042191757,0.4035305889010777,0.6936936936936937,0.0185185185185185,0.4432732893407051
341,4,KMeans,333,0.4664077658854439,0.4734026998149962,0.6816816816816816,0.0185185185185185,0.4510741328757494
341,4,GMM,333,0.3458649975504868,0.4252426014742596,0.5975975975975976,0.0,0.4467779070859381
341,4,Spectral,333,0.7578572220256594,0.7120647805615316,0.9009009009009008,0.7575757575757576,0.8093847729431491
342,4,Ward,329,0.4921077515036224,0.5593123534153734,0.7811550151975684,0.5932203389830508,0.6535943605494292
342,4,KMeans,329,0.6253945456672675,0.6143232202970255,0.8449848024316109,0.6666666666666666,0.7331447919134485
342,4,GMM,329,0.293455324720782,0.3770513910555315,0.6170212765957447,0.3660130718954248,0.4797457664429315
342,4,Spectral,329,0.7920853100526796,0.7506470391851334,0.9148936170212766,0.765625,0.8346201393293167
343,4,Ward,320,0.5196161620836472,0.5657331499004911,0.784375,0.4811320754716981,0.6406159991406639
343,4,KMeans,320,0.5759686247564181,0.585664623103818,0.815625,0.5684210526315789,0.6935788787483703
343,4,GMM,320,0.1585996385500049,0.2983913220832691,0.45,0.25,0.3060193435960642
343,4,Spectral,320,0.6893094232192608,0.6733995229117345,0.875,0.75,0.7757834785290263
344,4,Ward,305,0.6633402299557479,0.7201407959542897,0.8,0.0,0.6080324021500492
344,4,KMeans,305,0.594878220066285,0.5398607343064016,0.7901639344262295,0.2352941176470588,0.5885354922456787
344,4,GMM,305,0.2496766762761582,0.3416109305730866,0.5639344262295082,0.0,0.360908795662181
344,4,Spectral,305,0.5169230084778104,0.5674525880041736,0.7934426229508197,0.5952380952380952,0.667150836783989
345,4,Ward,295,0.3474698756044562,0.4612402213633517,0.6677966101694915,0.3529411764705882,0.4830888566848318
345,4,KMeans,295,0.5972653221104496,0.5576610291351783,0.7932203389830509,0.2549019607843137,0.5963879195746095
345,4,GMM,295,0.3150518977738305,0.3811006633110281,0.5559322033898305,0.0,0.3879921083310914
345,4,Spectral,295,0.7064985052697398,0.6609899295862273,0.8711864406779661,0.6724137931034483,0.7526009144920783
346,4,Ward,301,0.5115834375084564,0.5588967006264677,0.6976744186046512,0.0185185185185185,0.473465796737988
346,4,KMeans,301,0.6007856658427173,0.5611044618302816,0.7840531561461794,0.2037037037037037,0.5822020923824203
346,4,GMM,301,0.3798185549904125,0.4621282796509047,0.627906976744186,0.0,0.4772479288745201
346,4,Spectral,301,0.7347250189124391,0.7043663050748069,0.8870431893687708,0.7246376811594203,0.7867426901807341
347,4,Ward,292,0.3356487248209351,0.4480099307227454,0.6712328767123288,0.0192307692307692,0.4487546638088434
347,4,KMeans,292,0.5612169896475825,0.516812935649917,0.7431506849315068,0.0192307692307692,0.5089601345345831
347,4,GMM,292,0.360082972016057,0.4077920853184608,0.6232876712328768,0.0,0.4473604264587871
347,4,Spectral,292,0.5903163975725669,0.5823711409802597,0.8253424657534246,0.6610169491525424,0.6940492216773506
348,4,Ward,337,0.592349573807531,0.6221325237722303,0.8189910979228486,0.5135135135135135,0.6812305609180609
348,4,KMeans,337,0.613115405834126,0.5668640279508992,0.8071216617210683,0.2307692307692307,0.6117668618141924
348,4,GMM,337,0.315419501705435,0.3807837335440623,0.5637982195845698,0.0,0.3950506928553268
348,4,Spectral,337,0.7024708231701849,0.6816678317410064,0.8813056379821959,0.7638888888888888,0.7849708446220017
349,4,Ward,289,0.3960261412088317,0.391432584221386,0.6608996539792388,0.0232558139534883,0.41416850534222
349,4,KMeans,289,0.4691483893406071,0.4664539746524423,0.698961937716263,0.0232558139534883,0.4593299405133953
349,4,GMM,289,0.3744319808924373,0.4252785968366276,0.6055363321799307,0.0,0.4161625444051378
349,4,Spectral,289,0.704855301598863,0.6682540499832447,0.8788927335640139,0.7358490566037735,0.775498131300852
350,4,Ward,295,0.7114131790100361,0.7223377482600294,0.8949152542372881,0.773109243697479,0.8270376628912435
350,4,KMeans,295,0.7754726737701246,0.7147433505653521,0.9016949152542372,0.7115384615384616,0.8004721993692583
350,4,GMM,295,0.3201796837430608,0.4162584428951868,0.6338983050847458,0.3435114503816794,0.5013990226976622
350,4,Spectral,295,0.7498539001666006,0.7176101624180655,0.8915254237288136,0.6666666666666666,0.7920561708535402
351,4,Ward,278,0.5171057462683801,0.5865812797621389,0.7482014388489209,0.0212765957446808,0.5533078707406816
351,4,KMeans,278,0.5342487237363531,0.5408778447683906,0.7266187050359713,0.0212765957446808,0.5040034923705137
351,4,GMM,278,0.3715946414834489,0.4687745947275619,0.60431654676259,0.0,0.4435186580660719
351,4,Spectral,278,0.8588436327013176,0.8107026995244659,0.9424460431654677,0.8275862068965517,0.88332092009849
352,4,Ward,332,0.3373184744087782,0.4210112812866174,0.641566265060241,0.0181818181818181,0.4104533235581622
352,4,KMeans,332,0.5915976356731979,0.542673021060862,0.786144578313253,0.1818181818181818,0.5799465240641711
352,4,GMM,332,0.2362867313040994,0.3232780888935121,0.5,0.0,0.3355546411775927
352,4,Spectral,332,0.5622460033720593,0.5873944596755439,0.8162650602409639,0.6370370370370371,0.6940631808278868
353,4,Ward,327,0.4598326196915712,0.5243550476040325,0.7003058103975535,0.0,0.4876776450116634
353,4,KMeans,327,0.5169891551628479,0.4915369154047571,0.746177370030581,0.2,0.5372389135687008
353,4,GMM,327,0.1962206806648596,0.2703598302701462,0.5504587155963303,0.0,0.3386747670488952
353,4,Spectral,327,0.7874042771863028,0.7367727342725167,0.91131498470948,0.7794117647058824,0.8258024604072398
354,4,Ward,336,0.5246259423014376,0.6432638124675465,0.8035714285714286,0.5983606557377049,0.6998023138727514
354,4,KMeans,336,0.6120126929298889,0.5720627570755519,0.8035714285714286,0.25,0.6062404580152672
354,4,GMM,336,0.2894307149446453,0.3574181941735156,0.5238095238095238,0.0,0.3729843974409191
354,4,Spectral,336,0.7611052452388927,0.711066480216722,0.9047619047619048,0.765625,0.8175730512652265
355,4,Ward,290,0.2728570650231146,0.4379160393203785,0.6482758620689655,0.0,0.4353917836394472
355,4,KMeans,290,0.5973114736749627,0.543304184271069,0.7862068965517242,0.1020408163265306,0.5695312993978345
355,4,GMM,290,0.3943195348259973,0.4626278798811107,0.6241379310344828,0.0,0.4757758758598625
355,4,Spectral,290,0.7194573837459287,0.6581489246125432,0.8793103448275862,0.6825396825396826,0.7683630758033786
356,4,Ward,287,0.5540703964169211,0.6207701345367236,0.759581881533101,0.0,0.4996075232785646
356,4,KMeans,287,0.5558107072569887,0.4999700974870573,0.7560975609756098,0.0212765957446808,0.5102900050381739
356,4,GMM,287,0.3795914388270444,0.4798438164120054,0.5853658536585366,0.0,0.4496655058651027
356,4,Spectral,287,0.7466411960306903,0.6884969684675853,0.89198606271777,0.6727272727272727,0.785873440285205
357,4,Ward,274,0.4147458721833702,0.4993827435666482,0.6423357664233577,0.0,0.4434510869565217
357,4,KMeans,274,0.6178126366540461,0.5564297208959045,0.7846715328467153,0.0222222222222222,0.5483468286099865
357,4,GMM,274,0.3404112843249059,0.4203429063849895,0.583941605839416,0.0,0.4317894363469194
357,4,Spectral,274,0.6256731311082757,0.6132241509429059,0.8467153284671532,0.65,0.7296307397486734
358,4,Ward,339,0.6510752616714349,0.6783975544595172,0.8466076696165191,0.5384615384615384,0.7280315536022206
358,4,KMeans,339,0.5997419974161318,0.5557607555761297,0.7964601769911505,0.2280701754385964,0.6005781499202552
358,4,GMM,339,0.2952416177355242,0.3629764912226318,0.528023598820059,0.0,0.379546220497965
358,4,Spectral,339,0.8171945850136253,0.7549843325699753,0.9262536873156342,0.8153846153846154,0.8541693932577411
359,4,Ward,299,0.3995212890539806,0.5215824053826853,0.68561872909699,0.3773584905660377,0.5698090496997665
359,4,KMeans,299,0.7244816094547163,0.6752580469135412,0.882943143812709,0.7162162162162162,0.7769025964004861
359,4,GMM,299,0.3011839628455415,0.3884891638055824,0.5886287625418061,0.2972972972972973,0.4500999085306095
359,4,Spectral,299,0.7025677154423854,0.680241378735755,0.8762541806020067,0.6923076923076923,0.7735042735042735
360,4,Ward,302,0.3813778307225044,0.4364675735410334,0.6059602649006622,0.0,0.399524841100928
360,4,KMeans,302,0.5431911173721737,0.5268382515218436,0.7516556291390728,0.02,0.5298376623376624
360,4,GMM,302,0.3652705859287611,0.4258505964150311,0.6158940397350994,0.0,0.4377705627705627
360,4,Spectral,302,0.6816159563233091,0.6491329063720569,0.8675496688741722,0.7066666666666667,0.7579085180356366
361,4,Ward,312,0.5425175405645521,0.5372745822015308,0.7211538461538461,0.0192307692307692,0.4864967022225087
361,4,KMeans,312,0.5448901500222766,0.5346184372419486,0.7307692307692307,0.0192307692307692,0.5034693475750387
361,4,GMM,312,0.4036310662083855,0.4696495337551791,0.6378205128205128,0.0,0.4798626517029883
361,4,Spectral,312,0.7345061000022198,0.6949362931473563,0.8878205128205128,0.7258064516129032,0.784504691570525
362,4,Ward,339,0.3309818003723228,0.3803775288831928,0.6076696165191741,0.0178571428571428,0.3928802149651711
362,4,KMeans,339,0.5947111606479899,0.551095717849311,0.7905604719764012,0.1964285714285714,0.5875996551082652
362,4,GMM,339,0.3605488661747945,0.4480004473852951,0.6224188790560472,0.0,0.4686289587605377
362,4,Spectral,339,0.5362668350474079,0.5682555322289415,0.8023598820058997,0.6293706293706294,0.6712699397938044
363,4,Ward,318,0.4080922075875904,0.4781895920785914,0.660377358490566,0.02,0.4276932084309134
363,4,KMeans,318,0.4626735866464136,0.4640557024649878,0.6823899371069182,0.02,0.4477925361023953
363,4,GMM,318,0.3749517298880763,0.4554854073976163,0.6194968553459119,0.0,0.4688543040064616
363,4,Spectral,318,0.7408247143091762,0.6892164651459811,0.889937106918239,0.7049180327868853,0.7857055460943339
364,4,Ward,307,0.2781382335591641,0.3862381807951173,0.6416938110749185,0.0196078431372549,0.4131732593781929
364,4,KMeans,307,0.6041158066424517,0.5464158889418426,0.7915309446254072,0.2156862745098039,0.579264893326271
364,4,GMM,307,0.3048266292086266,0.3893827105782395,0.5570032573289903,0.0,0.3622283229879196
364,4,Spectral,307,0.6945971607787773,0.629751916784768,0.8631921824104235,0.6206896551724138,0.73366641301881
365,4,Ward,274,0.5128419636534487,0.4812744013288767,0.7262773722627737,0.0222222222222222,0.4649805137994114
365,4,KMeans,274,0.5298496871633852,0.4918549174779859,0.7372262773722628,0.0222222222222222,0.4977525218777223
365,4,GMM,274,0.2497312963173497,0.3382293309139756,0.5364963503649635,0.0666666666666666,0.319049644815385
365,4,Spectral,274,0.5758310551257043,0.5940968493522674,0.8211678832116789,0.6698113207547169,0.6927424915077522
366,4,Ward,309,0.4656786382667143,0.4878496867773784,0.7119741100323624,0.0212765957446808,0.4786808588822751
366,4,KMeans,309,0.5087912470175774,0.491037324592704,0.7249190938511327,0.0212765957446808,0.4893607181221731
366,4,GMM,309,0.2217438658134224,0.3049741574165428,0.4724919093851132,0.0,0.258788726333907
366,4,Spectral,309,0.6962252704517684,0.6595182882969104,0.8705501618122977,0.6486486486486487,0.760157478907479
367,4,Ward,320,0.57897930046883,0.6363846324292713,0.834375,0.6448598130841121,0.7402618229778328
367,4,KMeans,320,0.7544517769027654,0.7041647734243381,0.9,0.7466666666666667,0.8094323671497584
367,4,GMM,320,0.302704517494854,0.3984291124449821,0.625,0.3450704225352112,0.5057449465254901
367,4,Spectral,320,0.8381906649338934,0.7763514750244727,0.934375,0.8032786885245902,0.8683089844802729
368,4,Ward,303,0.5274110873662238,0.6017463734630584,0.8085808580858086,0.5714285714285714,0.7077819113756614
368,4,KMeans,303,0.5559797803444904,0.5618430602234356,0.8118811881188119,0.59,0.6875245872848612
368,4,GMM,303,0.240642213600687,0.3265389811693579,0.504950495049505,0.2352941176470588,0.3485807525257294
368,4,Spectral,303,0.5216512815369254,0.5828880804225051,0.801980198019802,0.6060606060606061,0.6894187779433681
369,4,Ward,346,0.4973343668541636,0.5028067978817261,0.7283236994219653,0.0175438596491228,0.5027033129394707
369,4,KMeans,346,0.5790977526040078,0.5376367650279195,0.7832369942196532,0.1929824561403508,0.5806189800481596
369,4,GMM,346,0.3880452025781451,0.4388736678053389,0.630057803468208,0.0,0.4654828879512424
369,4,Spectral,346,0.6277184682859311,0.6248164080330896,0.8439306358381503,0.691358024691358,0.7246687744655225
370,4,Ward,277,0.612300814454275,0.6443067346767956,0.8483754512635379,0.66,0.7587071036376116
370,4,KMeans,277,0.6719605035574459,0.6589881455663614,0.8664259927797834,0.7272727272727273,0.7628051194088932
370,4,GMM,277,0.3191770637950166,0.4079607719533015,0.6498194945848376,0.375,0.5251642036124795
370,4,Spectral,277,0.6935753335435889,0.671216018102615,0.8772563176895307,0.7291666666666666,0.7801906779661016
371,4,Ward,280,0.1496143893373079,0.3497369949484343,0.5535714285714286,0.0,0.3519299023957409
371,4,KMeans,280,0.4251119467528177,0.4512600440923103,0.6678571428571428,0.0212765957446808,0.4408255239076867
371,4,GMM,280,0.2418839384720366,0.3269348203058147,0.5035714285714286,0.0,0.3465715651525044
371,4,Spectral,280,0.659278211440245,0.6384592638507207,0.8571428571428571,0.6935483870967742,0.7417020061288967
372,4,Ward,281,0.5053899519140647,0.501613183546768,0.7295373665480427,0.02,0.5039383250681009
372,4,KMeans,281,0.4419492369505562,0.4602051726882871,0.6690391459074733,0.02,0.439439413823272
372,4,GMM,281,0.2816731025744692,0.3681279360469601,0.5373665480427047,0.0,0.3455339972527472
372,4,Spectral,281,0.5524861697355322,0.5721979838873633,0.8078291814946619,0.625,0.6731587561374794
373,4,Ward,310,0.5055389840093695,0.5350834494191041,0.7838709677419354,0.514018691588785,0.6450958460069294
373,4,KMeans,310,0.6280633921723145,0.6107285140986696,0.8483870967741935,0.6891891891891891,0.7349430792925005
373,4,GMM,310,0.3240490788564663,0.4109286058977153,0.6483870967741936,0.3888888888888889,0.5096149593064402
373,4,Spectral,310,0.7233445571059376,0.6761297069949318,0.8870967741935484,0.703125,0.790323654398092
374,4,Ward,311,0.5116061545896635,0.5525974269370966,0.7331189710610932,0.0192307692307692,0.5372878883334711
374,4,KMeans,311,0.5687052303694413,0.5456109904731022,0.7556270096463023,0.0192307692307692,0.52698771920923
374,4,GMM,311,0.3950738100918646,0.4962128725157336,0.6334405144694534,0.0,0.4961373092926491
374,4,Spectral,311,0.6191404460485812,0.5984417894952798,0.842443729903537,0.7058823529411765,0.7229144132588972
375,4,Ward,283,0.6115202985537341,0.6317088843948612,0.7526501766784452,0.0185185185185185,0.5457478251595899
375,4,KMeans,283,0.6019715568444634,0.5692394245591502,0.7879858657243817,0.2222222222222222,0.5912976561341047
375,4,GMM,283,0.2986769588649173,0.3755739417305336,0.5901060070671378,0.1403508771929824,0.3774369552199081
375,4,Spectral,283,0.6435901151017609,0.6360840702065165,0.8409893992932862,0.4929577464788732,0.7150220587594833
376,4,Ward,305,0.580551948805989,0.615980277984782,0.8229508196721311,0.5222222222222223,0.7068506330271036
376,4,KMeans,305,0.7534218409899144,0.691494474543835,0.8918032786885246,0.7066666666666667,0.7855245958032335
376,4,GMM,305,0.287028916552171,0.3702850102847049,0.6032786885245902,0.3669064748201439,0.4594130988915161
376,4,Spectral,305,0.720811173508141,0.6885762532855715,0.8852459016393442,0.7288135593220338,0.7850345657083473
377,4,Ward,300,0.6052399029996922,0.6600902366755828,0.8433333333333334,0.6161616161616161,0.7503527743865116
377,4,KMeans,300,0.7586156014605409,0.722060737880864,0.9033333333333332,0.7941176470588235,0.8194223635400105
377,4,GMM,300,0.353054817261952,0.4393688982349844,0.66,0.3709677419354839,0.5324656977638048
377,4,Spectral,300,0.7166135775322352,0.6867974305444351,0.88,0.6774193548387096,0.779850678836773
378,4,Ward,332,0.470838407105396,0.5961680213334742,0.7379518072289156,0.0,0.5524553370330997
378,4,KMeans,332,0.5831833257562173,0.5680497311854252,0.7710843373493976,0.1071428571428571,0.5590621833347309
378,4,GMM,332,0.3101603594751473,0.3808214762544069,0.5481927710843374,0.0,0.3896374458874458
378,4,Spectral,332,0.7652675561887143,0.7217462854923581,0.8975903614457831,0.7272727272727273,0.7959988540870893
379,4,Ward,329,0.3934844140961372,0.5843184706392953,0.6930091185410334,0.0,0.5164538874740201
379,4,KMeans,329,0.5989634606125985,0.5550699142781809,0.790273556231003,0.2280701754385964,0.5951387533365025
379,4,GMM,329,0.4028448068251176,0.4588678596139439,0.6474164133738601,0.0,0.4886509793590777
379,4,Spectral,329,0.8115608991874059,0.7528052867165531,0.9209726443768996,0.803921568627451,0.8444977068609267
380,4,Ward,309,0.5189324405532666,0.6021040836178406,0.7928802588996764,0.4862385321100917,0.6741105908416387
380,4,KMeans,309,0.7010253105327383,0.6504088494542118,0.8737864077669902,0.7169811320754716,0.7615471067819592
380,4,GMM,309,0.299954464380383,0.3917237775057496,0.6084142394822006,0.35,0.4763097729351832
380,4,Spectral,309,0.7865225918219182,0.7412307908457951,0.9158576051779936,0.8103448275862069,0.8402058380823594
381,4,Ward,313,0.6242742961510944,0.6793096488877075,0.7859424920127795,0.02,0.5835668078099271
381,4,KMeans,313,0.5423865554518696,0.5178140536644537,0.7539936102236422,0.02,0.5282091240972695
381,4,GMM,313,0.3865146740693385,0.4924110845710798,0.6198083067092651,0.0,0.4789255866280939
381,4,Spectral,313,0.6813334626277405,0.661297901138423,0.8722044728434505,0.7394957983193278,0.7724466003446993
382,4,Ward,308,0.4394338982969928,0.443574305611586,0.672077922077922,0.0204081632653061,0.43640023784033
382,4,KMeans,308,0.4439223813864345,0.4540724378901125,0.6558441558441559,0.0,0.4279992374430762
382,4,GMM,308,0.398856129206561,0.4475535339848345,0.6396103896103896,0.0,0.4564846630908481
382,4,Spectral,308,0.5699775205034652,0.6047047140917617,0.8246753246753247,0.6428571428571429,0.7154633092668327
383,4,Ward,332,0.5522876281787381,0.6315504224215484,0.8072289156626506,0.6074074074074074,0.6978571927967909
383,4,KMeans,332,0.7194174143770231,0.6738445780645874,0.8825301204819277,0.6951219512195121,0.7785244410992901
383,4,GMM,332,0.2986788511415658,0.3900064538433952,0.6234939759036144,0.392156862745098,0.4869665851344943
383,4,Spectral,332,0.6183946421844801,0.640090046615744,0.8463855421686747,0.703125,0.7412287110356963
384,4,Ward,331,0.4466037411871364,0.5515158962621952,0.6404833836858006,0.0,0.5110568822796865
384,4,KMeans,331,0.5371947566550171,0.5132043539084866,0.7794561933534743,0.3269230769230769,0.5914133533879962
384,4,GMM,331,0.1864279103397199,0.2912552676383535,0.486404833836858,0.0,0.3261838557113726
384,4,Spectral,331,0.7727303298866952,0.7345257245854863,0.9093655589123868,0.7916666666666666,0.8278732202547845
385,4,Ward,327,0.330797815872508,0.5092125561158403,0.6666666666666666,0.0,0.4804387997741541
385,4,KMeans,327,0.4579432613305054,0.4780386691909188,0.6758409785932722,0.0185185185185185,0.4482658679087251
385,4,GMM,327,0.3384504390069974,0.449712814171111,0.5963302752293578,0.0,0.4424049945874881
385,4,Spectral,327,0.7744344499864684,0.7277546951768025,0.908256880733945,0.7878787878787878,0.8244407237652975
386,4,Ward,315,0.4403235451288457,0.5609112033945687,0.7333333333333333,0.0,0.5170436344369091
386,4,KMeans,315,0.6071578930505096,0.5768589504409218,0.7904761904761904,0.2241379310344827,0.5937795807978363
386,4,GMM,315,0.1892641688947614,0.2863227364879481,0.5238095238095238,0.0,0.3258402459954233
386,4,Spectral,315,0.6045163274083951,0.6153005150647716,0.834920634920635,0.6231884057971014,0.7115523360756038
387,4,Ward,304,0.5767765377589689,0.5955320404471316,0.7861842105263158,0.0,0.5554235537190083
387,4,KMeans,304,0.5240273917279373,0.5049944223753797,0.7138157894736842,0.0188679245283018,0.4836090999951246
387,4,GMM,304,0.3656358440054122,0.4452691939669757,0.6052631578947368,0.0,0.4609229490022173
387,4,Spectral,304,0.7748762504176101,0.7186471656758777,0.9013157894736842,0.7058823529411765,0.7982907178339564
388,4,Ward,306,0.3876948656936875,0.5489935083760219,0.6830065359477124,0.0,0.4992340752414259
388,4,KMeans,306,0.4518513085499679,0.4877815624230775,0.6633986928104575,0.0,0.4451115546961096
388,4,GMM,306,0.3866997840291457,0.4451789448189579,0.6143790849673203,0.0,0.4590098443223443
388,4,Spectral,306,0.5987664305352484,0.6215645881068643,0.8398692810457516,0.6825396825396826,0.735327461971365
389,4,Ward,328,0.4201216926190267,0.5195664343771376,0.7073170731707317,0.0,0.5115562403697997
389,4,KMeans,328,0.5656185754217864,0.5326001982912985,0.774390243902439,0.1929824561403508,0.5743359985815523
389,4,GMM,328,0.3111404796095158,0.3710766480380182,0.5609756097560976,0.0,0.3937356470460819
389,4,Spectral,328,0.560229250411245,0.592628411200938,0.8170731707317073,0.6439393939393939,0.6968443763713456
390,4,Ward,298,0.3247294180746445,0.3801953967915536,0.5939597315436241,0.0,0.4118055555555555
390,4,KMeans,298,0.4302950550041677,0.4642490865062206,0.6610738255033557,0.0204081632653061,0.4294768421635409
390,4,GMM,298,0.1789271929753977,0.3019553313227233,0.5201342281879194,0.0,0.3277066202825216
390,4,Spectral,298,0.6944418697731246,0.6665053381679202,0.87248322147651,0.7076923076923077,0.7635626591163245
391,4,Ward,310,0.4407331748107268,0.5863911562037966,0.7258064516129032,0.3603603603603603,0.6388827906575765
391,4,KMeans,310,0.5600944707443751,0.6066842981201368,0.8193548387096774,0.6272727272727273,0.70867475326698
391,4,GMM,310,0.3156715845355657,0.4016409828305852,0.6419354838709678,0.3863636363636363,0.5090731570113798
391,4,Spectral,310,0.7159230965192109,0.7059998006854347,0.8838709677419355,0.7076923076923077,0.7888398638398638
392,4,Ward,319,0.6433300121396103,0.6819403403065555,0.8495297805642633,0.6263736263736264,0.7512984014572998
392,4,KMeans,319,0.6496607524083406,0.624249775908118,0.8557993730407524,0.6962025316455697,0.739569125479332
392,4,GMM,319,0.3162876753326465,0.3930694373111535,0.6520376175548589,0.4154929577464789,0.5122857224759684
392,4,Spectral,319,0.6707940249967403,0.6673221659990135,0.8683385579937304,0.6984126984126984,0.7684619086766193
393,4,Ward,297,0.437415266173784,0.5292794821403837,0.6868686868686869,0.0,0.4754861568885959
393,4,KMeans,297,0.4357048661797982,0.4540691261045818,0.6397306397306397,0.0,0.435767302872566
393,4,GMM,297,0.1844073761129125,0.2905606606589688,0.4983164983164983,0.0,0.3220725134737873
393,4,Spectral,297,0.6932419838384504,0.6917681827481672,0.8821548821548821,0.7636363636363637,0.795917746517699
394,4,Ward,321,0.5899448366174632,0.5864970722474966,0.8193146417445483,0.5853658536585366,0.6748888089262655
394,4,KMeans,321,0.6299953217507696,0.5778753174778144,0.8130841121495327,0.2407407407407407,0.621113875069099
394,4,GMM,321,0.3872929830544087,0.4537987717154636,0.6292834890965732,0.0,0.4561342738066024
394,4,Spectral,321,0.7819953101267368,0.7233366309472194,0.9065420560747663,0.7301587301587301,0.8115324086623897
395,4,Ward,304,0.6337451379996513,0.654057571408794,0.8585526315789473,0.7227722772277227,0.7654746563603567
395,4,KMeans,304,0.6746796240101189,0.6719069390510607,0.8717105263157895,0.7466666666666667,0.7753220332175206
395,4,GMM,304,0.3180822179547912,0.4036612125734879,0.6282894736842105,0.3464566929133858,0.4824119498785609
395,4,Spectral,304,0.7412016794366891,0.7094524506989509,0.8980263157894737,0.7592592592592593,0.8118353849093047
396,4,Ward,323,0.4854789462931627,0.504156509222333,0.6873065015479877,0.0,0.4533310119208827
396,4,KMeans,323,0.5271855597289895,0.4969968700023616,0.7523219814241486,0.2037037037037037,0.5457843270522451
396,4,GMM,323,0.2145001272001557,0.3120809457352866,0.4953560371517028,0.0,0.3194592937329015
396,4,Spectral,323,0.7377637652272439,0.6950557777957298,0.8854489164086687,0.68,0.7809785311974251
397,4,Ward,340,0.6380006309265215,0.7175595161949673,0.7823529411764706,0.0,0.5919544956140351
397,4,KMeans,340,0.4518240739689812,0.4708538992449999,0.6411764705882353,0.0,0.4393857493857493
397,4,GMM,340,0.3186510722416193,0.3784547927208549,0.5617647058823529,0.0,0.3915384809678967
397,4,Spectral,340,0.5301570113153086,0.5906202914751144,0.8029411764705883,0.6,0.6907358086894017
398,4,Ward,274,0.2500547711768072,0.3915627202285433,0.635036496350365,0.0208333333333333,0.4199391930145457
398,4,KMeans,274,0.4573250176883478,0.4580829457922136,0.6642335766423357,0.0208333333333333,0.4299584353325174
398,4,GMM,274,0.2118400947167862,0.2631893445867272,0.5437956204379562,0.0,0.315514416470281
398,4,Spectral,274,0.6082273428055157,0.6016852031104208,0.8321167883211679,0.5957446808510638,0.6970181807947765
399,4,Ward,299,0.2947845929741038,0.4892225086004358,0.6488294314381271,0.0,0.4591234864672364
399,4,KMeans,299,0.5667056901259718,0.5453966236101132,0.7491638795986622,0.0192307692307692,0.5245445344129555
399,4,GMM,299,0.3320851988368057,0.4027946330090824,0.5953177257525084,0.0,0.4234032012195122
399,4,Spectral,299,0.7484378486219535,0.705532828986414,0.8963210702341137,0.7272727272727273,0.8031235435855302
400,4,Ward,292,0.4929866335317716,0.5728398091065535,0.7705479452054794,0.4594594594594595,0.6390961482873249
400,4,KMeans,292,0.7041098638699269,0.6717138237643236,0.8801369863013698,0.711864406779661,0.7803521415809551
400,4,GMM,292,0.2705938430115541,0.3660152451984696,0.613013698630137,0.2727272727272727,0.4633921232573892
400,4,Spectral,292,0.7297515461051645,0.7013911871910601,0.8938356164383562,0.7796610169491526,0.8054049218024274
401,4,Ward,307,0.6843593238712216,0.695608510509229,0.8762214983713354,0.7058823529411765,0.7798076807754984
401,4,KMeans,307,0.4594627158037109,0.4622579724838347,0.6840390879478827,0.0196078431372549,0.4455982807716785
401,4,GMM,307,0.3461874493788032,0.4187046187260457,0.6026058631921825,0.0,0.4339899768123063
401,4,Spectral,307,0.7035644895106516,0.6663514226326621,0.8794788273615635,0.7076923076923077,0.7791164966638546
402,4,Ward,316,0.4466259864946027,0.4873808078411634,0.6677215189873418,0.0188679245283018,0.4443980545644719
402,4,KMeans,316,0.5936414525247597,0.5611248052746592,0.7816455696202531,0.1132075471698113,0.5745875705139517
402,4,GMM,316,0.4086866759191716,0.4437569908959396,0.6455696202531646,0.0,0.4584497695505158
402,4,Spectral,316,0.7712795698963605,0.72464939488226,0.9082278481012658,0.7692307692307693,0.8264341022961713
403,4,Ward,297,0.3200940862160252,0.4676887382761556,0.6498316498316499,0.0,0.4381428801028608
403,4,KMeans,297,0.4325211365750002,0.4619532711964127,0.6632996632996633,0.0204081632653061,0.4371770141001899
403,4,GMM,297,0.307861419916674,0.3774658974862829,0.5353535353535354,0.0,0.3739301801801802
403,4,Spectral,297,0.5331743972529133,0.5861056511146502,0.8047138047138047,0.627906976744186,0.6856816430735013
404,4,Ward,288,0.3304125466128282,0.3853610477332871,0.5902777777777778,0.0,0.4076495273794002
404,4,KMeans,288,0.4500106657649887,0.4833188164476685,0.6493055555555556,0.0,0.4392385727561068
404,4,GMM,288,0.3834790473770648,0.4668643015921173,0.6284722222222222,0.0,0.4816198612202147
404,4,Spectral,288,0.5735796916565598,0.5853180188075966,0.8194444444444444,0.6521739130434783,0.6920985377846791
405,4,Ward,279,0.4705889007724344,0.4511684618588182,0.6810035842293907,0.0196078431372549,0.4398982868469679
405,4,KMeans,279,0.5813833794333588,0.5146894318298856,0.7562724014336918,0.0196078431372549,0.5102767547012594
405,4,GMM,279,0.2774038153716749,0.3524648574499283,0.5448028673835126,0.0,0.3006204508515299
405,4,Spectral,279,0.6772555672520074,0.6454796230843389,0.8637992831541219,0.6,0.7392904538284517
406,4,Ward,313,0.5622301345480856,0.6030012279034566,0.7507987220447284,0.0181818181818181,0.5403798800587791
406,4,KMeans,313,0.566368639996136,0.5345228826657071,0.7635782747603834,0.109090909090909,0.5549872665534805
406,4,GMM,313,0.3978728622266363,0.4644129809530187,0.6230031948881789,0.0,0.4599147371714643
406,4,Spectral,313,0.7447249677811161,0.6959631759399693,0.8913738019169329,0.7272727272727273,0.7910726962232877
407,4,Ward,344,0.6380269327884839,0.6818093386215948,0.7906976744186046,0.0181818181818181,0.5689076727869831
407,4,KMeans,344,0.4432451813875728,0.4716556753196255,0.6395348837209303,0.0,0.4336700315622578
407,4,GMM,344,0.335972996858327,0.3910330882662536,0.5697674418604651,0.0,0.4107338726321096
407,4,Spectral,344,0.6013992031068155,0.6405575743201664,0.8401162790697675,0.6861313868613139,0.7385332934097895
408,4,Ward,337,0.5559198189681104,0.5651576821544846,0.7418397626112759,0.0172413793103448,0.5139867357091421
408,4,KMeans,337,0.5242425715665584,0.5035310003913117,0.7329376854599406,0.1034482758620689,0.514963853231535
408,4,GMM,337,0.1611669672252884,0.2680510198788253,0.4510385756676557,0.0,0.2934825523746677
408,4,Spectral,337,0.7627762898943133,0.7216226501345603,0.8991097922848664,0.7323943661971831,0.8036795154256318
409,4,Ward,272,0.4494404587795362,0.4345594870232138,0.7022058823529411,0.0238095238095238,0.4588933983520162
409,4,KMeans,272,0.5186107978261031,0.5085518704941129,0.7389705882352942,0.0238095238095238,0.5086330336330336
409,4,GMM,272,0.3248495989400111,0.396595197272665,0.5661764705882353,0.0,0.4204721362229102
409,4,Spectral,272,0.578210919438205,0.5781703846442718,0.8235294117647058,0.6578947368421053,0.6973893796262218
410,4,Ward,283,0.3969158167466732,0.4483281895994263,0.6042402826855123,0.0,0.4097723620651397
410,4,KMeans,283,0.562367412327975,0.551039976184669,0.7667844522968198,0.2115384615384615,0.565200019801361
410,4,GMM,283,0.2009865326211077,0.2973695524606184,0.5159010600706714,0.0,0.3232088989441931
410,4,Spectral,283,0.7565922382016066,0.7027115365997013,0.8904593639575972,0.7049180327868853,0.7821542438384381
411,4,Ward,287,0.4556649077700564,0.4755155062167347,0.662020905923345,0.0,0.4389958660825052
411,4,KMeans,287,0.5356455620009117,0.5084280837115381,0.7630662020905923,0.2352941176470588,0.5628777869403213
411,4,GMM,287,0.173450308036203,0.307729644873344,0.4878048780487805,0.0232558139534883,0.3192606136169544
411,4,Spectral,287,0.7657091989190654,0.7162319037129039,0.8989547038327527,0.7164179104477612,0.8030545218206051
412,4,Ward,320,0.3432947922941624,0.4470952930062259,0.5875,0.0,0.4040337677298582
412,4,KMeans,320,0.541085623004884,0.5103124139683289,0.76875,0.2321428571428571,0.5690076064375844
412,4,GMM,320,0.3187702917927443,0.401710321390248,0.565625,0.0,0.4103257188745694
412,4,Spectral,320,0.7323511884941517,0.6885823128475379,0.890625,0.7258064516129032,0.7921090045769726
413,4,Ward,298,0.4654657519364945,0.5104731307099508,0.6812080536912751,0.0,0.4565432085808442
413,4,KMeans,298,0.6368251790365995,0.590339913573232,0.802013422818792,0.1964285714285714,0.6047747380375954
413,4,GMM,298,0.2575250495140626,0.318797869226652,0.5369127516778524,0.0,0.3543397299241222
413,4,Spectral,298,0.7480728704814309,0.6901525564722902,0.8859060402684564,0.6557377049180327,0.772406241152936
414,4,Ward,324,0.6003188811437508,0.6419192521679296,0.8209876543209876,0.4615384615384615,0.6753885462022254
414,4,KMeans,324,0.6071860549452567,0.550299740311496,0.7932098765432098,0.2075471698113207,0.5854061857560171
414,4,GMM,324,0.2853679222549719,0.3408139120859565,0.5277777777777778,0.0,0.3141041353978897
414,4,Spectral,324,0.724538729934386,0.6706380597670908,0.8796296296296297,0.6527777777777778,0.7671798444641742
415,4,Ward,308,0.6171477198123777,0.6431254035744813,0.827922077922078,0.5632183908045977,0.7104684986150502
415,4,KMeans,308,0.7518762323633086,0.7108703809280122,0.8993506493506493,0.7538461538461538,0.8086902911748461
415,4,GMM,308,0.3786783530994723,0.4909847393579046,0.6428571428571429,0.2933333333333333,0.5125970395781717
415,4,Spectral,308,0.7614173861847037,0.7130602265729781,0.905844155844156,0.7575757575757576,0.8260720411663808
416,4,Ward,321,0.6203586947198634,0.7080825307813902,0.778816199376947,0.0175438596491228,0.6087453727569094
416,4,KMeans,321,0.6276547292358947,0.5850712643566905,0.8006230529595015,0.2280701754385964,0.6082198935659359
416,4,GMM,321,0.3802069138112037,0.4758769899665296,0.6386292834890965,0.0,0.4798809523809524
416,4,Spectral,321,0.8125327722678802,0.7588370772443891,0.9190031152647976,0.75,0.8354027266644364
417,4,Ward,314,0.286289613039652,0.5010731851583297,0.6560509554140127,0.0,0.4603654911016408
417,4,KMeans,314,0.5112994353859439,0.4929179200981574,0.7420382165605095,0.2068965517241379,0.5328738732222142
417,4,GMM,314,0.3287589418432614,0.3903496248079973,0.6019108280254777,0.0,0.412137593861484
417,4,Spectral,314,0.7421987755068292,0.6988534476503873,0.89171974522293,0.6833333333333333,0.790192416639855
418,4,Ward,295,0.2724992129986233,0.4072578338976968,0.5389830508474577,0.0,0.3247928849902534
418,4,KMeans,295,0.4446853076519343,0.4508781441591958,0.6779661016949152,0.0196078431372549,0.4420715288049456
418,4,GMM,295,0.2876134046586597,0.366845982193454,0.5220338983050847,0.0178571428571428,0.3768520957786743
418,4,Spectral,295,0.572929132021623,0.5802087706058469,0.8169491525423729,0.5789473684210527,0.6778932650921946
419,4,Ward,343,0.3154856739979109,0.4920295967028379,0.6268221574344023,0.0,0.4352198618618492
419,4,KMeans,343,0.5636092274349597,0.5242919239187364,0.7784256559766763,0.2222222222222222,0.5749340206577048
419,4,GMM,343,0.3745477143770313,0.4389444223546664,0.6239067055393586,0.0,0.4668747620860297
419,4,Spectral,343,0.7565298698543651,0.7277686682454826,0.9037900874635568,0.7981651376146789,0.8218005212298356
420,4,Ward,331,0.4646623789356426,0.528621505405839,0.7311178247734139,0.0178571428571428,0.5202825443786983
420,4,KMeans,331,0.5707874245013768,0.5391701266128728,0.7734138972809668,0.1785714285714285,0.5687981723137974
420,4,GMM,331,0.1844269898778445,0.2860735695331011,0.4833836858006042,0.0,0.3075078175997902
420,4,Spectral,331,0.772070740096671,0.7085917274056702,0.9003021148036254,0.7397260273972602,0.8026308694727764
421,4,Ward,316,0.6014039588582503,0.6458270045702987,0.7974683544303798,0.2037037037037037,0.6307129213787639
421,4,KMeans,316,0.6838640866474103,0.6597499471041173,0.870253164556962,0.7123287671232876,0.7673125179063094
421,4,GMM,316,0.3202245800103575,0.4227715176861607,0.6170886075949367,0.2857142857142857,0.4931429787751626
421,4,Spectral,316,0.691126507411696,0.6888002601686442,0.870253164556962,0.6868686868686869,0.7675999623334182
422,4,Ward,322,0.5164963430046758,0.5432754840060846,0.7267080745341615,0.0181818181818181,0.5059033742246575
422,4,KMeans,322,0.5177275904411387,0.5080701625883963,0.7329192546583851,0.0181818181818181,0.5123180441525892
422,4,GMM,322,0.3459887396971495,0.4298412188701983,0.5993788819875776,0.0,0.4400634400737749
422,4,Spectral,322,0.7626368344960012,0.7155254782023601,0.906832298136646,0.8035714285714286,0.827823359073359
423,4,Ward,291,0.4067749259504442,0.5414677200797559,0.7250859106529209,0.4736842105263157,0.5780677148692207
423,4,KMeans,291,0.5835019689254538,0.609348001762698,0.8281786941580757,0.6161616161616161,0.7203350714400742
423,4,GMM,291,0.3211112486242803,0.3942352553465055,0.6082474226804123,0.2666666666666666,0.448989620945105
423,4,Spectral,291,0.7189870499785007,0.7063893967209489,0.8865979381443299,0.7288135593220338,0.7925773055973354
424,4,Ward,326,0.3095036068456951,0.4939517399823175,0.6349693251533742,0.0,0.4429011280919032
424,4,KMeans,326,0.5498475701244661,0.5102325698264893,0.7730061349693251,0.2407407407407407,0.573553131109807
424,4,GMM,326,0.2201465308757296,0.3134763124612386,0.4877300613496932,0.0,0.3324354565563005
424,4,Spectral,326,0.7770044485006367,0.7285732238661108,0.9079754601226994,0.7605633802816901,0.8223024676008974
425,4,Ward,332,0.3383094720355065,0.4705015757817125,0.6746987951807228,0.0188679245283018,0.4547287292523762
425,4,KMeans,332,0.5115175633895434,0.4795662528922917,0.7319277108433735,0.0188679245283018,0.4982547735892072
425,4,GMM,332,0.2132528753792175,0.3105467252518725,0.5180722891566265,0.0,0.3534779293775544
425,4,Spectral,332,0.776262735190088,0.7255995619028767,0.9096385542168676,0.7903225806451613,0.8256446220627416
426,4,Ward,285,0.4500337701490956,0.5135888205838675,0.7298245614035088,0.0,0.5012594093804285
426,4,KMeans,285,0.5385672045072335,0.5220134573398844,0.7614035087719299,0.2037037037037037,0.5664519150164515
426,4,GMM,285,0.3052895216022152,0.3940193514992581,0.543859649122807,0.0,0.3815025252525252
426,4,Spectral,285,0.6731500186107183,0.642632140586181,0.8631578947368421,0.6428571428571429,0.7464684655278715
427,4,Ward,310,0.4532080612698269,0.4962477473166737,0.7451612903225806,0.3137254901960784,0.5398950996400966
427,4,KMeans,310,0.5399253098723853,0.55903539979436,0.7387096774193549,0.0,0.522510240655402
427,4,GMM,310,0.324656095681871,0.3924996004254926,0.5903225806451613,0.0,0.4188254126719107
427,4,Spectral,310,0.696234904164142,0.6824729958402158,0.8741935483870967,0.676056338028169,0.769241004777066
428,4,Ward,310,0.516487708734404,0.5992462917025818,0.7096774193548387,0.0212765957446808,0.5132299304804263
428,4,KMeans,310,0.4408934868316451,0.4560825326587516,0.6516129032258065,0.0,0.4248557222347544
428,4,GMM,310,0.150840349834246,0.2837854188707804,0.4483870967741935,0.0,0.2932719934932324
428,4,Spectral,310,0.6768429435720897,0.6723071537206713,0.8741935483870967,0.75,0.7816621258785438
429,4,Ward,276,0.5138495602163939,0.5209868917248031,0.7282608695652174,0.02,0.5073952354235899
429,4,KMeans,276,0.4650793982529694,0.500754949918813,0.6666666666666666,0.02,0.4446477177055534
429,4,GMM,276,0.3964061931387292,0.4584107564873868,0.6123188405797102,0.0,0.4499142727496977
429,4,Spectral,276,0.6961483467489695,0.6681587909769376,0.8695652173913043,0.6896551724137931,0.7577021606498804
430,4,Ward,296,0.3917596320696672,0.4618465570460828,0.597972972972973,0.0,0.4375855789243071
430,4,KMeans,296,0.5137311121788088,0.5536406733166428,0.7027027027027027,0.0,0.4977655697481418
430,4,GMM,296,0.2683511484992029,0.3565584953777543,0.5,0.0,0.3402222523377152
430,4,Spectral,296,0.7750708771613675,0.7257572128514613,0.9121621621621622,0.8135593220338984,0.836822864739116
431,4,Ward,303,0.643257856952534,0.6533543031859512,0.8514851485148515,0.6557377049180327,0.7409228327587518
431,4,KMeans,303,0.7207852760012374,0.6622618180583805,0.8778877887788779,0.6666666666666666,0.759843301105437
431,4,GMM,303,0.2756213907928533,0.3528829484309306,0.6072607260726073,0.3741007194244604,0.4638354251663604
431,4,Spectral,303,0.7481630770902182,0.718649245833753,0.8910891089108911,0.6833333333333333,0.790857794762249
432,4,Ward,267,0.3622009463131715,0.4006518882194443,0.5805243445692884,0.0,0.3755312603261055
432,4,KMeans,267,0.70343500195312,0.6781323285810151,0.8426966292134831,0.0,0.6126850534745272
432,4,GMM,267,0.3228915972353873,0.3800593289058003,0.550561797752809,0.0,0.3782180293501048
432,4,Spectral,267,0.5815144935109582,0.5899528981288765,0.8127340823970037,0.5,0.6636730205278593
433,4,Ward,304,0.5354909842069184,0.5964215085480706,0.7203947368421053,0.0204081632653061,0.5176332670572302
433,4,KMeans,304,0.4400981219067773,0.4984671984975599,0.6414473684210527,0.0,0.4551724360853
433,4,GMM,304,0.4079024197583732,0.508617455361994,0.6414473684210527,0.0,0.4984915995531058
433,4,Spectral,304,0.5207213961528298,0.5849506533805796,0.7960526315789473,0.5801526717557252,0.6777347280371685
434,4,Ward,317,0.6163442158846113,0.6164273937470626,0.7791798107255521,0.0192307692307692,0.5606029608689184
434,4,KMeans,317,0.5200042262105142,0.4865906163412928,0.7539432176656151,0.2115384615384615,0.5445928563306612
434,4,GMM,317,0.2038055519021019,0.2851349533561913,0.473186119873817,0.0,0.3165688611773335
434,4,Spectral,317,0.7657461919045704,0.7108350467682238,0.9053627760252366,0.7868852459016393,0.819601532656602
435,4,Ward,295,0.6969898044113123,0.6605701831471288,0.847457627118644,0.5573770491803278,0.7001645427415306
435,4,KMeans,295,0.6619584263041431,0.6370478998725834,0.8610169491525423,0.6923076923076923,0.7448031135531136
435,4,GMM,295,0.305435945718736,0.3959064118625933,0.6203389830508474,0.3484848484848485,0.4892700053816857
435,4,Spectral,295,0.6434432846708491,0.6299770200754916,0.8508474576271187,0.6612903225806451,0.7310675687525346
436,4,Ward,292,0.4413913970759281,0.4568688675661658,0.6952054794520548,0.0181818181818181,0.472622538751571
436,4,KMeans,292,0.5780993132758011,0.561954352018634,0.7808219178082192,0.2181818181818181,0.5913370344668054
436,4,GMM,292,0.3035545314009813,0.3716679989880124,0.5342465753424658,0.0,0.3771517996870109
436,4,Spectral,292,0.742534585704658,0.6756780096698193,0.8904109589041096,0.7142857142857143,0.7849508165102226
437,4,Ward,321,0.3922776519945479,0.4980745531125263,0.6884735202492211,0.0,0.4758992399700594
437,4,KMeans,321,0.4562877567245382,0.4769490221273806,0.6448598130841121,0.0,0.4350550739796596
437,4,GMM,321,0.2788082892942349,0.3489065440660726,0.5202492211838006,0.0,0.3715830640540362
437,4,Spectral,321,0.4982546678303722,0.5526834181114267,0.7881619937694704,0.5915492957746479,0.6676246487657326
438,4,Ward,280,0.3893735813234416,0.4467825620881144,0.6821428571428572,0.02,0.4541045506926687
438,4,KMeans,280,0.4848454424033992,0.5055121509128152,0.6785714285714286,0.02,0.4552922838224437
438,4,GMM,280,0.251242782642446,0.2955506785285827,0.475,0.0,0.2507913416622195
438,4,Spectral,280,0.6576171557941498,0.6339502937591172,0.8571428571428571,0.7090909090909091,0.7420236730482632
439,4,Ward,291,0.5357179462154328,0.5167837767844802,0.738831615120275,0.0208333333333333,0.5016945084485407
439,4,KMeans,291,0.4474838124700724,0.4827126422873137,0.6632302405498282,0.0208333333333333,0.4381857325085205
439,4,GMM,291,0.3458923596157483,0.3928098401877239,0.6048109965635738,0.0,0.4341952561727151
439,4,Spectral,291,0.7014445113550463,0.6682125144656293,0.8694158075601375,0.6774193548387096,0.7524252270591919
440,4,Ward,283,0.7188765610854494,0.6886893698378318,0.8833922261484098,0.7058823529411765,0.7850650582813771
440,4,KMeans,283,0.6825604336158342,0.6617270953638638,0.872791519434629,0.75,0.7702457892675283
440,4,GMM,283,0.2897726270742091,0.3681980556837316,0.5936395759717314,0.2913385826771653,0.4411658335402775
440,4,Spectral,283,0.6805341586328908,0.6598181801025302,0.8657243816254417,0.6779661016949152,0.7557559401700891
441,4,Ward,326,0.5736272616219124,0.5873235452772787,0.803680981595092,0.3018867924528302,0.6241692601419716
441,4,KMeans,326,0.6063780586640806,0.5778459747138368,0.8006134969325154,0.2075471698113207,0.6059824188427487
441,4,GMM,326,0.4071737858379998,0.495461047695986,0.6288343558282209,0.0,0.4939165935623186
441,4,Spectral,326,0.7868081067284678,0.7323865455911405,0.911042944785276,0.7777777777777778,0.8252364703065134
442,4,Ward,336,0.5178472544050641,0.5095670032599285,0.7202380952380952,0.0178571428571428,0.4842409707200471
442,4,KMeans,336,0.5204665222047749,0.4826660760101007,0.7529761904761905,0.1964285714285714,0.5426896456256921
442,4,GMM,336,0.3835356335904804,0.4590502324652957,0.6339285714285714,0.0,0.4727609744057113
442,4,Spectral,336,0.7535071962995802,0.7121340483996228,0.8988095238095238,0.7746478873239436,0.8086782015775678
443,4,Ward,338,0.5076691389012806,0.5838309194038495,0.7130177514792899,0.0,0.5236416861826697
443,4,KMeans,338,0.5894157329918419,0.5551536764018822,0.7899408284023669,0.1896551724137931,0.5942696548707274
443,4,GMM,338,0.4022404485395001,0.4960873382488371,0.636094674556213,0.0,0.4877223638846348
443,4,Spectral,338,0.6724290835349405,0.6709123977063263,0.8698224852071006,0.7398373983739838,0.773745376777644
444,4,Ward,333,0.1609919800213173,0.3459624560787628,0.4594594594594595,0.0,0.2792830687830687
444,4,KMeans,333,0.50218737599631,0.4870768506990076,0.7147147147147147,0.0192307692307692,0.4779978131488198
444,4,GMM,333,0.259346854768311,0.3409765882518629,0.5165165165165165,0.0,0.3546840601073702
444,4,Spectral,333,0.5669547711667956,0.6075169381668069,0.8198198198198198,0.6518518518518519,0.7020740740740741
445,4,Ward,278,0.4796877034007428,0.5646876017045563,0.7733812949640287,0.4777777777777778,0.6468061955965182
445,4,KMeans,278,0.6478804630788411,0.6109454290058214,0.8489208633093526,0.6714285714285714,0.7232718088030201
445,4,GMM,278,0.1274699987949038,0.2622091074352347,0.4172661870503597,0.0689655172413793,0.2725464618696843
445,4,Spectral,278,0.5756455995437856,0.6211669691543444,0.8129496402877698,0.4868421052631579,0.6967823653962493
446,4,Ward,290,0.4545980517047935,0.5815446442884045,0.6241379310344828,0.0,0.4977058531746032
446,4,KMeans,290,0.6214927682297209,0.5895233025272555,0.8068965517241379,0.25,0.623619098062954
446,4,GMM,290,0.341230138902574,0.3974564755524808,0.6068965517241379,0.0,0.3960561028318037
446,4,Spectral,290,0.822896766169854,0.7790336665885773,0.9310344827586208,0.7868852459016393,0.8710141865201646
447,4,Ward,334,0.5576991552509261,0.6174284114612072,0.7724550898203593,0.0,0.5555656937008433
447,4,KMeans,334,0.5322719725154406,0.5454911381943688,0.7365269461077845,0.0,0.5132857733664186
447,4,GMM,334,0.3720151590707106,0.460204075521881,0.6167664670658682,0.0,0.4725043102059231
447,4,Spectral,334,0.7466956280758817,0.7012414591620149,0.8952095808383234,0.7049180327868853,0.797848468280755
448,4,Ward,269,0.6479619740077778,0.6376377107313521,0.7806691449814126,0.0204081632653061,0.5624541797078897
448,4,KMeans,269,0.5669987909144084,0.5277673484777519,0.7546468401486989,0.0204081632653061,0.525055969604676
448,4,GMM,269,0.316361112316071,0.3617871859328671,0.5018587360594795,0.0,0.2334306318681318
448,4,Spectral,269,0.5936829947694042,0.5747734487692227,0.8215613382899628,0.5918367346938775,0.6779805511948369
449,4,Ward,282,0.3107334663832491,0.3729232398151819,0.6595744680851063,0.0204081632653061,0.4226305619806297
449,4,KMeans,282,0.4873183340955055,0.4389538189240176,0.7092198581560284,0.0816326530612244,0.4561385067549786
449,4,GMM,282,0.3009305653527398,0.3355530596629099,0.5815602836879432,0.0,0.4026015596032629
449,4,Spectral,282,0.5158108885128082,0.5304010131963127,0.7836879432624113,0.4727272727272727,0.6245702295479826
450,4,Ward,309,0.1880963206536917,0.2798767430539772,0.5469255663430421,0.0,0.3374815363653067
450,4,KMeans,309,0.6083289204683514,0.5502564749055724,0.7928802588996764,0.2156862745098039,0.5805477765215501
450,4,GMM,309,0.3611402586213131,0.4455249715717007,0.6148867313915858,0.0,0.4736273473448576
450,4,Spectral,309,0.671462770673644,0.6534364168912488,0.8673139158576052,0.6964285714285714,0.7588293650793652
451,4,Ward,329,0.4113276375437538,0.5097257638439414,0.6261398176291794,0.0,0.4149991705654249
451,4,KMeans,329,0.5775874667738573,0.5585251720158716,0.7689969604863222,0.109090909090909,0.5584762635395547
451,4,GMM,329,0.3566827385750009,0.4819503763290329,0.6109422492401215,0.0,0.4515691811818004
451,4,Spectral,329,0.5952890137639016,0.6170686928180066,0.8358662613981763,0.6838235294117647,0.7241088905527886
452,4,Ward,308,0.5145509080676728,0.6493828155544589,0.762987012987013,0.4297520661157025,0.6631273081995257
452,4,KMeans,308,0.6370145591082769,0.6275916893922194,0.8506493506493507,0.676056338028169,0.7406749439727798
452,4,GMM,308,0.2641756536382755,0.3909374824204751,0.5681818181818182,0.3178807947019867,0.4109371601338455
452,4,Spectral,308,0.7528151500397148,0.710147513903621,0.8961038961038961,0.7313432835820896,0.8013876167014164
453,4,Ward,339,0.6268781875291625,0.6633509277230514,0.8171091445427728,0.3571428571428571,0.6406279178338001
453,4,KMeans,339,0.5815168462872472,0.5408815171617255,0.7905604719764012,0.2321428571428571,0.594924932374551
453,4,GMM,339,0.1530334073578812,0.2702683002426281,0.4837758112094395,0.0,0.2972677439383047
453,4,Spectral,339,0.7406452388775493,0.6996260190734472,0.8967551622418879,0.7878787878787878,0.8085681994772904
454,4,Ward,289,0.3673117022372152,0.4228204138265152,0.657439446366782,0.0204081632653061,0.4180994035040917
454,4,KMeans,289,0.4665768536190953,0.453646183215358,0.6851211072664359,0.0204081632653061,0.4483049457459039
454,4,GMM,289,0.348485059377993,0.4252842823807186,0.6124567474048442,0.0,0.4526371379787396
454,4,Spectral,289,0.5031800525381016,0.5540684028427749,0.7820069204152249,0.5853658536585366,0.6442246261826653
455,4,Ward,320,0.3984486545018589,0.4957929626569026,0.634375,0.0178571428571428,0.4308277411282984
455,4,KMeans,320,0.3920712137817948,0.451268374022945,0.690625,0.0,0.4628273809523809
455,4,GMM,320,0.2894318543989416,0.3381961680451924,0.55,0.0,0.3791915804783452
455,4,Spectral,320,0.6370743372383281,0.6175670506117574,0.85,0.65625,0.7325520833333333
456,4,Ward,311,0.3997932820669426,0.5074361570782733,0.6463022508038585,0.0,0.5119408735779637
456,4,KMeans,311,0.6096084824857927,0.5682123893143269,0.7942122186495176,0.2452830188679245,0.5945360464674841
456,4,GMM,311,0.1792190495890823,0.2963316053973492,0.4533762057877814,0.0,0.2673404075005798
456,4,Spectral,311,0.6995879461834402,0.6702140490031663,0.8713826366559485,0.7142857142857143,0.7586477660371078
457,4,Ward,315,0.5200058384528937,0.5474185628684468,0.726984126984127,0.0,0.5091480415009827
457,4,KMeans,315,0.527001922009665,0.4962540696184616,0.7555555555555555,0.2075471698113207,0.5452240899860646
457,4,GMM,315,0.3878284649100652,0.4266018424193876,0.6412698412698413,0.0,0.4603698442255743
457,4,Spectral,315,0.6049401605414023,0.6010673333964941,0.834920634920635,0.6567164179104478,0.711768542583972
458,4,Ward,301,0.3820653483448757,0.4698593128149775,0.6411960132890365,0.0,0.4594052872887182
458,4,KMeans,301,0.517223731032715,0.5327061240648455,0.7109634551495017,0.0,0.4945256538933354
458,4,GMM,301,0.1887920629351682,0.2926079978545866,0.4983388704318937,0.0,0.3318688117029214
458,4,Spectral,301,0.7855558066250552,0.7349685641283448,0.9136212624584718,0.7833333333333333,0.8326555023923445
459,4,Ward,306,0.8310928213982156,0.8149856256271429,0.937908496732026,0.828125,0.8906527275532095
459,4,KMeans,306,0.7620197602280901,0.7248707993518194,0.9052287581699346,0.7647058823529411,0.82285666539343
459,4,GMM,306,0.2981903899234474,0.407025092919111,0.5490196078431373,0.0,0.3726445936718105
459,4,Spectral,306,0.8189506875753936,0.7694118039033305,0.9281045751633988,0.8275862068965517,0.8588704680781846
460,4,Ward,307,0.5307219094619741,0.623882393298017,0.7980456026058632,0.5370370370370371,0.6907991692827758
460,4,KMeans,307,0.7636677267084095,0.7081268647876291,0.9022801302931596,0.7384615384615385,0.8106010368941403
460,4,GMM,307,0.3088835136275739,0.392191855238885,0.6156351791530945,0.2907801418439716,0.4838093148387453
460,4,Spectral,307,0.7501671374720885,0.7261398752125053,0.8990228013029316,0.7285714285714285,0.8137169742618517
461,4,Ward,339,0.6206177770808806,0.6271859331529007,0.8436578171091446,0.6708860759493671,0.7217877616624523
461,4,KMeans,339,0.5303621161236339,0.5021548338510325,0.7640117994100295,0.2115384615384615,0.5562161430119177
461,4,GMM,339,0.3789485120457402,0.444853321592604,0.6194690265486725,0.0,0.4621359633229102
461,4,Spectral,339,0.7741787666708785,0.7437320393099242,0.9085545722713864,0.7916666666666666,0.8241082828993881
462,4,Ward,317,0.5732630821225414,0.6053107190507931,0.7570977917981072,0.0185185185185185,0.5628167641325537
462,4,KMeans,317,0.5772069637408728,0.5394143624217068,0.7823343848580442,0.2037037037037037,0.5808075517377842
462,4,GMM,317,0.3459618496004302,0.390324465261307,0.6088328075709779,0.0,0.4133333333333333
462,4,Spectral,317,0.720371842612473,0.6873936678670316,0.886435331230284,0.7246376811594203,0.7894130088066015
463,4,Ward,315,0.3479011318641958,0.4314823384708713,0.5968253968253968,0.0,0.4034777196913119
463,4,KMeans,315,0.6143665900871368,0.5586968099672951,0.8031746031746032,0.2040816326530612,0.6019984094203363
463,4,GMM,315,0.3104874284200321,0.3730551497377966,0.5587301587301587,0.0,0.3880837789661319
463,4,Spectral,315,0.5278323205465095,0.5681690449658633,0.8,0.6060606060606061,0.6742473444094649
464,4,Ward,313,0.6323714778061308,0.6119792327421849,0.8370607028753994,0.5714285714285714,0.6906342326404245
464,4,KMeans,313,0.6126304351771727,0.577216245509201,0.7859424920127795,0.175438596491228,0.5798716783376556
464,4,GMM,313,0.2657969116452488,0.3429910853129698,0.5718849840255591,0.0,0.3486549437636393
464,4,Spectral,313,0.7881136613615524,0.736970707137138,0.9073482428115016,0.7,0.811500933706816
465,4,Ward,328,0.4193276450231343,0.5407450208962957,0.7073170731707317,0.0,0.5162272655215349
465,4,KMeans,328,0.4717462411912502,0.5079149300327916,0.6920731707317073,0.02,0.4640506329113924
465,4,GMM,328,0.3532892271046245,0.4122869179858576,0.6036585365853658,0.0,0.4417111723662675
465,4,Spectral,328,0.6580597129361342,0.6520869206108175,0.8628048780487805,0.7164179104477612,0.7595239335299007
466,4,Ward,312,0.5264817112696226,0.624891691298694,0.7692307692307693,0.4234234234234234,0.6599861147555323
466,4,KMeans,312,0.6226569662001494,0.6200693618700109,0.842948717948718,0.6233766233766234,0.734244259813749
466,4,GMM,312,0.294698269312832,0.3846757075656721,0.5544871794871795,0.2448979591836734,0.396502530283207
466,4,Spectral,312,0.6867314936437693,0.6731149160675668,0.875,0.7403846153846154,0.7764363797859032
467,4,Ward,318,0.6864871572819096,0.7178731821320739,0.8710691823899371,0.6722689075630253,0.782188823986945
467,4,KMeans,318,0.7560527347633172,0.7135660810860796,0.8962264150943396,0.7123287671232876,0.7984073740024311
467,4,GMM,318,0.3958247757808128,0.4719105258401919,0.6257861635220126,0.0,0.4644434978287751
467,4,Spectral,318,0.7778259637889708,0.7518257363306934,0.9056603773584906,0.75,0.8216662605997469
468,4,Ward,293,0.6094925212780388,0.6145834361792826,0.7508532423208191,0.02,0.5248402592175019
468,4,KMeans,293,0.5900502242534361,0.5438422543309406,0.7781569965870307,0.12,0.5595919165580183
468,4,GMM,293,0.3332362969482352,0.3904852156970776,0.5802047781569966,0.0,0.4062632179219916
468,4,Spectral,293,0.7173398000951391,0.6758510963035551,0.8805460750853242,0.6666666666666666,0.7721895613404466
469,4,Ward,329,0.4437460019553146,0.5317029327850381,0.6960486322188449,0.0178571428571428,0.4568516370714018
469,4,KMeans,329,0.4748868251658222,0.4660409200950419,0.729483282674772,0.2142857142857142,0.5226092183459602
469,4,GMM,329,0.1370272436254694,0.2555428553770009,0.4285714285714285,0.0,0.2711992207656947
469,4,Spectral,329,0.7602146345884776,0.7349498452259847,0.9027355623100304,0.7777777777777778,0.8167983928157647
470,4,Ward,318,0.8475644995942486,0.8080752507966333,0.9245283018867924,0.7101449275362319,0.8306280114093237
470,4,KMeans,318,0.6058827939076081,0.5642516747708023,0.8018867924528302,0.2407407407407407,0.6095977559688944
470,4,GMM,318,0.2470588621745372,0.3165292662210297,0.5345911949685535,0.0,0.3440555969223132
470,4,Spectral,318,0.7889404985318235,0.7305150971198242,0.9088050314465408,0.734375,0.8141042519868624
471,4,Ward,287,0.4969231855547154,0.5834906103766804,0.7665505226480837,0.0,0.5430777550775148
471,4,KMeans,287,0.4003264084765249,0.4444939088610971,0.6236933797909407,0.0,0.4024081678012745
471,4,GMM,287,0.2652095583403179,0.3350855566191024,0.5017421602787456,0.0,0.335031512605042
471,4,Spectral,287,0.6440500335556029,0.6410903717640468,0.8466898954703833,0.6140350877192983,0.7180692114902641
472,4,Ward,311,0.6392372518532534,0.6464461021976081,0.7942122186495176,0.0212765957446808,0.5838274461944675
472,4,KMeans,311,0.4594174892876686,0.4765842626290368,0.6655948553054662,0.0,0.4344195156695157
472,4,GMM,311,0.4152136890715812,0.486400695089996,0.6430868167202572,0.0,0.4890996908365801
472,4,Spectral,311,0.5881212840219178,0.624777937752945,0.8327974276527331,0.6638655462184874,0.72717371904514
473,4,Ward,327,0.6208907940473732,0.6109514564385755,0.7798165137614679,0.0181818181818181,0.5598814664235696
473,4,KMeans,327,0.4504289736067906,0.455114114663419,0.6422018348623854,0.0,0.4338659706306764
473,4,GMM,327,0.3255340164767338,0.3602533071696603,0.5198776758409785,0.0,0.258125635618569
473,4,Spectral,327,0.7352323422892646,0.6855892945625749,0.8837920489296636,0.6883116883116883,0.7735929183203214
474,4,Ward,295,0.6229806397065925,0.6354458651513416,0.8338983050847457,0.5454545454545454,0.694514258115184
474,4,KMeans,295,0.7298295950519295,0.6877129668837871,0.8847457627118644,0.6567164179104478,0.7765833008690247
474,4,GMM,295,0.2869754647236148,0.3999293870973094,0.5322033898305085,0.1910828025477707,0.3952954031979429
474,4,Spectral,295,0.6639855019335779,0.6478531738261128,0.8576271186440678,0.640625,0.7392846903669725
475,4,Ward,330,0.27789687517967,0.4964385045505457,0.6212121212121212,0.0,0.4432276247344741
475,4,KMeans,330,0.5872474293552283,0.5423197879113479,0.7909090909090909,0.2280701754385964,0.5953150517435905
475,4,GMM,330,0.266652416876348,0.3670686115245893,0.5363636363636364,0.0,0.347719484816259
475,4,Spectral,330,0.7465422732251572,0.7181203782314695,0.896969696969697,0.7333333333333333,0.8080858898350045
476,4,Ward,321,0.4928824203997466,0.636088997390084,0.7383177570093458,0.0,0.5495861162717675
476,4,KMeans,321,0.5954935582063035,0.5593709514910493,0.794392523364486,0.2363636363636363,0.6016171943161673
476,4,GMM,321,0.3884794305142804,0.4774661848441165,0.6230529595015576,0.0,0.4814493433395872
476,4,Spectral,321,0.8114938078838975,0.7594590020230383,0.9252336448598132,0.796875,0.8559223426481204
477,4,Ward,335,0.4128174816967345,0.4457076086244473,0.6477611940298508,0.0,0.4196505549245275
477,4,KMeans,335,0.5711435400598746,0.5319505019919135,0.7791044776119403,0.1964285714285714,0.5747713940648723
477,4,GMM,335,0.379333130221308,0.4643528535397141,0.6179104477611941,0.0,0.4712146809867774
477,4,Spectral,335,0.4775550994780654,0.5454439995085545,0.7671641791044777,0.5555555555555556,0.6320686123911929
478,4,Ward,313,0.3351371285318079,0.4069586771111964,0.65814696485623,0.2291666666666666,0.4590086945899074
478,4,KMeans,313,0.71976450955153,0.6645971789342131,0.8817891373801917,0.7254901960784313,0.7728992003148742
478,4,GMM,313,0.2873441374246847,0.3933689094763113,0.6070287539936102,0.3684210526315789,0.4771934871701694
478,4,Spectral,313,0.5293994287850021,0.597261915928409,0.805111821086262,0.6015037593984962,0.6962550558756274
479,4,Ward,299,0.4435969717167336,0.5131003321669957,0.7190635451505016,0.0185185185185185,0.4970500962255999
479,4,KMeans,299,0.5297637931547631,0.5091038900008554,0.7290969899665551,0.0925925925925925,0.5099072726856408
479,4,GMM,299,0.3449835567308669,0.4150330615931342,0.5719063545150501,0.0,0.381578947368421
479,4,Spectral,299,0.6763683391446564,0.6389782989890155,0.8561872909698997,0.6491228070175439,0.7284391279522376
480,4,Ward,291,0.3577320878440264,0.4571158676620593,0.6151202749140894,0.0,0.4013001860056976
480,4,KMeans,291,0.5585694104316925,0.5163189812497543,0.7594501718213058,0.0204081632653061,0.5261274274667131
480,4,GMM,291,0.3133827851963147,0.4204963266513331,0.5498281786941581,0.0,0.4010354390859572
480,4,Spectral,291,0.7599825318191442,0.6897653028534255,0.8934707903780069,0.6981132075471698,0.7834467845340887
481,4,Ward,319,0.3393376230452957,0.4691002876369241,0.670846394984326,0.0,0.4593106741200582
481,4,KMeans,319,0.5519446696268052,0.5189697802687303,0.7617554858934169,0.2,0.5524423936719018
481,4,GMM,319,0.3181694645691225,0.3878540067456739,0.5799373040752351,0.0,0.3987220767267769
481,4,Spectral,319,0.5669111988051351,0.5836584901454341,0.8150470219435737,0.64,0.6859215287200362
482,4,Ward,308,0.2834338379353731,0.4780280160624588,0.6461038961038961,0.0,0.4514179825974863
482,4,KMeans,308,0.606447726350846,0.5686442667022219,0.7954545454545454,0.2222222222222222,0.5996084837388473
482,4,GMM,308,0.1405823515619071,0.2520427500531669,0.474025974025974,0.0,0.2733212639894667
482,4,Spectral,308,0.7352432281546226,0.6870147870810213,0.8896103896103896,0.7301587301587301,0.7885960266629299
483,4,Ward,294,0.4023804260954328,0.474471994335275,0.7108843537414966,0.3853211009174312,0.5505024291655591
483,4,KMeans,294,0.7499169791400262,0.7066325896206295,0.891156462585034,0.6615384615384615,0.7879804956622983
483,4,GMM,294,0.2825314915963426,0.3893123091006958,0.5612244897959183,0.2539682539682539,0.4107665969570383
483,4,Spectral,294,0.6608858225066353,0.6389511652241922,0.8571428571428571,0.6470588235294118,0.7407183773484007
484,4,Ward,289,0.2557480665518282,0.4765008246175491,0.6124567474048442,0.0,0.444955913501798
484,4,KMeans,289,0.5552088017951522,0.5287720183699604,0.7577854671280276,0.0227272727272727,0.5247629193722944
484,4,GMM,289,0.3858484909342987,0.4718947765432196,0.615916955017301,0.0,0.4714891041162227
484,4,Spectral,289,0.7012104473832191,0.6941614400207504,0.8823529411764706,0.7685185185185185,0.7904839662652162
485,4,Ward,312,0.4558304922384519,0.5970852261774698,0.7692307692307693,0.4814814814814814,0.6771426727872721
485,4,KMeans,312,0.7483283645173328,0.6983610471666212,0.8942307692307693,0.7407407407407407,0.794839467950923
485,4,GMM,312,0.2900691008234914,0.3838849161037252,0.6153846153846154,0.3586206896551724,0.4860532067370647
485,4,Spectral,312,0.5966136788578198,0.6230702735645971,0.8333333333333334,0.6532258064516129,0.7225630532202512
486,4,Ward,332,0.7451726469769007,0.751661640151437,0.891566265060241,0.6363636363636364,0.8037181020733652
486,4,KMeans,332,0.6012574432759833,0.5641452751648994,0.8012048192771084,0.2407407407407407,0.6101930487437075
486,4,GMM,332,0.3808022734407079,0.4814277709564053,0.6204819277108434,0.0,0.4864913044575698
486,4,Spectral,332,0.6161948331055612,0.6200295298089653,0.8463855421686747,0.7130434782608696,0.7386176649427456
487,4,Ward,323,0.4576992809721612,0.5519054395757211,0.7430340557275542,0.0238095238095238,0.5086565730848223
487,4,KMeans,323,0.5920609939362328,0.5553529978193283,0.7925696594427245,0.0238095238095238,0.557557389139399
487,4,GMM,323,0.3535929168390079,0.4284567291673719,0.5913312693498453,0.0,0.4404670126019273
487,4,Spectral,323,0.702137379292525,0.6622917876915705,0.8792569659442725,0.72,0.7733185172056752
488,4,Ward,307,0.7287276248126141,0.732926112108643,0.8859934853420195,0.6610169491525424,0.7914144941249179
488,4,KMeans,307,0.6112441925929721,0.5723215388926988,0.7947882736156352,0.2068965517241379,0.603289336677334
488,4,GMM,307,0.3703653956966005,0.444209448872133,0.6026058631921825,0.0,0.45313009123493
488,4,Spectral,307,0.8149221315942365,0.7631994012126625,0.9218241042345277,0.7794117647058824,0.8434621846462936
489,4,Ward,325,0.4338111210291799,0.5920127675897451,0.7107692307692308,0.0,0.5246039611656523
489,4,KMeans,325,0.6415192753420074,0.5904729035843093,0.8153846153846154,0.2264150943396226,0.6219288291068116
489,4,GMM,325,0.2763607171139048,0.3529899701822256,0.5507692307692308,0.0,0.3760079789491554
489,4,Spectral,325,0.59608307413211,0.6233224753056632,0.8338461538461538,0.6774193548387096,0.7202864928560907
490,4,Ward,335,0.6232358057906373,0.6232271064766854,0.7880597014925373,0.0,0.5745622411644083
490,4,KMeans,335,0.6216822224491851,0.583650139375548,0.7970149253731343,0.2033898305084746,0.5982721144267754
490,4,GMM,335,0.3766205546992636,0.4657327961823159,0.6208955223880597,0.0,0.4742203520164046
490,4,Spectral,335,0.6544178494611855,0.64739169040407,0.8567164179104477,0.6619718309859155,0.7420188907003056
491,4,Ward,296,0.5870581949485417,0.583878763107874,0.7601351351351351,0.0204081632653061,0.5361383780256289
491,4,KMeans,296,0.4911985205397846,0.602966340899893,0.6621621621621622,0.0,0.5266252962228564
491,4,GMM,296,0.4188426521699604,0.5173700900306294,0.6351351351351351,0.0,0.4994390617032126
491,4,Spectral,296,0.8149435164933198,0.763710608364309,0.9256756756756755,0.8181818181818182,0.8535220627325891
492,4,Ward,304,0.5716773841967825,0.5915524999745759,0.805921052631579,0.2916666666666667,0.6355168297913637
492,4,KMeans,304,0.5950045528327085,0.5676857256139604,0.7993421052631579,0.2291666666666666,0.6027190563725491
492,4,GMM,304,0.2065546809790662,0.3210589996431267,0.5197368421052632,0.0,0.3540258975442856
492,4,Spectral,304,0.716459429320095,0.6794068048360336,0.8848684210526315,0.746031746031746,0.7852548036758562
493,4,Ward,311,0.4770419583514135,0.5880161268590359,0.7234726688102894,0.0,0.5293604651162791
493,4,KMeans,311,0.5724318936684502,0.5398563495876416,0.7813504823151125,0.24,0.578220852597136
493,4,GMM,311,0.2309791664149738,0.3185825571003743,0.4983922829581994,0.0,0.3270815581253804
493,4,Spectral,311,0.529217903198065,0.565834584121354,0.797427652733119,0.6171875,0.6645469918770454
494,4,Ward,298,0.5522288557230215,0.5479533904462432,0.7516778523489933,0.0188679245283018,0.5366303404901323
494,4,KMeans,298,0.4570334479410404,0.5018255075744709,0.6677852348993288,0.0188679245283018,0.4503899376320337
494,4,GMM,298,0.3766152230791486,0.4442275061361253,0.6174496644295302,0.0,0.463782991202346
494,4,Spectral,298,0.8033367147214642,0.7513399131648624,0.912751677852349,0.7419354838709677,0.8189386290177509
495,4,Ward,321,0.6656200716992783,0.6324930358347516,0.822429906542056,0.2448979591836734,0.6234995431008223
495,4,KMeans,321,0.6202559706008729,0.5666963457832325,0.8099688473520249,0.2448979591836734,0.613286043957607
495,4,GMM,321,0.3992155696226646,0.477963750675925,0.6448598130841121,0.0,0.4864891550075811
495,4,Spectral,321,0.506275951296569,0.5646111850088457,0.7881619937694704,0.5703703703703704,0.6668484169821068
496,4,Ward,332,0.2743898588624197,0.4186719420117036,0.5753012048192772,0.0178571428571428,0.351619507201058
496,4,KMeans,332,0.4614244543200345,0.4530130140987257,0.6716867469879518,0.0178571428571428,0.4376663165266106
496,4,GMM,332,0.2951149137806617,0.3598942365026696,0.5512048192771084,0.0,0.3808766233766233
496,4,Spectral,332,0.6942385429585007,0.6601043009354434,0.8734939759036144,0.7142857142857143,0.7672716483188625
497,4,Ward,313,0.5634256174248883,0.5517679780884803,0.7539936102236422,0.0196078431372549,0.5080023759941039
497,4,KMeans,313,0.4443860713938923,0.4866244469528006,0.65814696485623,0.0,0.4375657477591722
497,4,GMM,313,0.2005942698289122,0.3138540561921311,0.5335463258785943,0.0,0.3479485181939169
497,4,Spectral,313,0.547228162123301,0.5746713938825233,0.8083067092651757,0.639344262295082,0.6762265591381771
498,4,Ward,325,0.4406782821767455,0.6028177138528038,0.7784615384615384,0.5773809523809523,0.6759183780700175
498,4,KMeans,325,0.6291128798724568,0.5824281039857945,0.8061538461538461,0.1923076923076923,0.6054319880655759
498,4,GMM,325,0.2955120553295978,0.3623090494336847,0.5415384615384615,0.0,0.3721421650483435
498,4,Spectral,325,0.7053126940684733,0.6895372132939298,0.88,0.734375,0.7811000017365934
499,4,Ward,280,0.6126725939535815,0.5866774389422518,0.75,0.0178571428571428,0.5222507377679791
499,4,KMeans,280,0.4559006906855899,0.4908470529563846,0.6535714285714286,0.0178571428571428,0.436621413461377
499,4,GMM,280,0.3804044268634881,0.4344189458573676,0.6071428571428571,0.0,0.4287656529516994
499,4,Spectral,280,0.7167217430224365,0.6638169240342077,0.8714285714285714,0.5892857142857143,0.7494715354090354
