repeat,algorithm,balanced_accuracy,macro_F1,MCC,recall_C1,recall_C2,recall_C3,recall_C4
0,Multinomial logistic,0.9571447308020198,0.9471503392286809,0.9344430048292294,0.9411764705882353,0.9743589743589743,1.0,0.9130434782608695
0,Linear SVM,0.9571447308020198,0.9471503392286809,0.9344430048292294,0.9411764705882353,0.9743589743589743,1.0,0.9130434782608695
0,RBF SVM,0.9635549872122763,0.9507575757575757,0.9511570527012846,0.9411764705882353,1.0,1.0,0.9130434782608695
0,Random forest,0.9299899446958271,0.9415424823775664,0.9181807770660164,0.8823529411764706,0.9487179487179487,0.8888888888888888,1.0
0,Extra trees,0.9191203794784357,0.924816990603585,0.9008278439639996,0.8823529411764706,0.9487179487179487,0.8888888888888888,0.9565217391304348
0,kNN,0.9150326797385621,0.9364583333333334,0.9345099715835575,0.8823529411764706,1.0,0.7777777777777778,1.0
0,HistGradientBoosting,0.9299899446958271,0.9415424823775664,0.9181807770660164,0.8823529411764706,0.9487179487179487,0.8888888888888888,1.0
1,Multinomial logistic,0.9468987191650854,0.940413047973532,0.920873278542121,1.0,0.967741935483871,0.9375,0.8823529411764706
1,Linear SVM,0.969876660341556,0.9618107302533532,0.9471650253597055,1.0,0.967741935483871,1.0,0.9117647058823529
1,RBF SVM,0.969876660341556,0.9618107302533532,0.9471650253597055,1.0,0.967741935483871,1.0,0.9117647058823529
1,Random forest,0.9763104838709677,0.980694266072373,0.9734386801564353,1.0,0.967741935483871,0.9375,1.0
1,Extra trees,0.9487807219662059,0.9581881533101045,0.9465662935905024,0.9523809523809523,0.967741935483871,0.875,1.0
1,kNN,0.9763104838709677,0.9802477793361384,0.9731902261045555,1.0,0.967741935483871,0.9375,1.0
1,HistGradientBoosting,0.9484842324026385,0.9418622621462378,0.9210745492869172,0.9523809523809523,0.8709677419354839,1.0,0.9705882352941176
2,Multinomial logistic,0.9730113636363636,0.9757415852200418,0.9696489027346827,1.0,1.0,0.9375,0.9545454545454546
2,Linear SVM,0.9886363636363636,0.9874292897548711,0.9848717921713585,1.0,1.0,1.0,0.9545454545454546
2,RBF SVM,0.9886363636363636,0.9874292897548711,0.9848717921713585,1.0,1.0,1.0,0.9545454545454546
2,Random forest,0.9409722222222222,0.9477941176470588,0.9405065566326432,0.8888888888888888,1.0,0.875,1.0
2,Extra trees,0.9548611111111112,0.9602330293819656,0.9551038299999209,0.9444444444444444,1.0,0.875,1.0
2,kNN,0.9730113636363636,0.9738150907505746,0.9695424097967591,1.0,1.0,0.9375,0.9545454545454546
2,HistGradientBoosting,0.9296085858585859,0.9353090172239107,0.9243711361493693,0.8888888888888888,1.0,0.875,0.9545454545454546
3,Multinomial logistic,0.9546392628858968,0.958233664699182,0.9415124235832529,0.9473684210526315,0.9767441860465116,0.9444444444444444,0.95
3,Linear SVM,0.9700581395348837,0.9660373608903021,0.9417907054608959,1.0,0.9302325581395349,1.0,0.95
3,RBF SVM,0.9696220930232557,0.9623936854659008,0.9421767064278239,1.0,0.9534883720930233,1.0,0.925
3,Random forest,0.9597222222222221,0.9671122994652406,0.9534015003077025,1.0,1.0,0.8888888888888888,0.95
3,Extra trees,0.9736111111111112,0.9776816537892488,0.9651241142692449,1.0,1.0,0.9444444444444444,0.95
3,kNN,0.9736111111111112,0.9776816537892488,0.9651241142692449,1.0,1.0,0.9444444444444444,0.95
3,HistGradientBoosting,0.9333333333333333,0.9400093702678056,0.9183972149928475,1.0,1.0,0.8333333333333334,0.9
4,Multinomial logistic,0.9292763157894737,0.917228835978836,0.8963982373051057,1.0,1.0,0.875,0.8421052631578947
4,Linear SVM,0.9292763157894737,0.917228835978836,0.8963982373051057,1.0,1.0,0.875,0.8421052631578947
4,RBF SVM,0.9736842105263158,0.9605356635407787,0.9479830694513983,1.0,1.0,1.0,0.8947368421052632
4,Random forest,0.9147727272727273,0.9281135531135531,0.9206284012250251,0.9090909090909091,1.0,0.75,1.0
4,Extra trees,0.9375,0.9464285714285714,0.9476760747549205,1.0,1.0,0.75,1.0
4,kNN,0.9375,0.9464285714285714,0.9476760747549205,1.0,1.0,0.75,1.0
4,HistGradientBoosting,0.9460227272727273,0.9557590557590558,0.9465830664458803,0.9090909090909091,1.0,0.875,1.0
5,Multinomial logistic,0.949712643678161,0.9520171971430552,0.9450568313959259,1.0,1.0,0.8333333333333334,0.9655172413793104
5,Linear SVM,0.9913793103448276,0.9900584795321637,0.9815839714639855,1.0,1.0,1.0,0.9655172413793104
5,RBF SVM,0.9800156739811913,0.9742503987240829,0.9630165348643593,1.0,0.9545454545454546,1.0,0.9655172413793104
5,Random forest,0.9080459770114944,0.9258761433301643,0.9075732415864437,0.8333333333333334,1.0,0.8333333333333334,0.9655172413793104
5,Extra trees,0.9913793103448276,0.9856140350877193,0.9816363441231443,1.0,1.0,1.0,0.9655172413793104
5,kNN,1.0,1.0,1.0,1.0,1.0,1.0,1.0
5,HistGradientBoosting,0.9202586206896551,0.927803458311933,0.9066053379201463,0.75,1.0,1.0,0.9310344827586207
6,Multinomial logistic,0.9262360446570972,0.9011028514067121,0.8764696060976632,1.0,1.0,0.9473684210526315,0.7575757575757576
6,Linear SVM,0.9413875598086124,0.9271884197336596,0.9022946060812084,1.0,1.0,0.9473684210526315,0.8181818181818182
6,RBF SVM,0.9621212121212122,0.95160031225605,0.9306391623399473,1.0,1.0,1.0,0.8484848484848485
6,Random forest,0.9765151515151516,0.9737179487179488,0.9564369377901276,1.0,0.9666666666666667,1.0,0.9393939393939394
6,Extra trees,0.9868421052631579,0.9891448825875055,0.9855267826762958,1.0,1.0,0.9473684210526315,1.0
6,kNN,0.9600355784566311,0.9674923274923275,0.9569221640401231,0.9230769230769231,1.0,0.9473684210526315,0.9696969696969697
6,HistGradientBoosting,0.9613636363636364,0.9479856922225136,0.9295454220869751,1.0,0.9666666666666667,1.0,0.8787878787878788
7,Multinomial logistic,0.9370128022759602,0.9215975339214776,0.8915825228536477,1.0,0.9459459459459459,0.96,0.8421052631578947
7,Linear SVM,0.9371906116642958,0.9316098995344279,0.8921228000935775,1.0,0.972972972972973,0.96,0.8157894736842105
7,RBF SVM,0.9470128022759602,0.9401669274908712,0.9039645791360822,1.0,0.9459459459459459,1.0,0.8421052631578947
7,Random forest,0.966927453769559,0.9587154922851941,0.9392121389311744,1.0,0.972972972972973,1.0,0.8947368421052632
7,Extra trees,0.9736842105263158,0.9732905982905984,0.9523505457824214,1.0,1.0,1.0,0.8947368421052632
7,kNN,0.9702631578947368,0.9718034737604209,0.9519721231318737,1.0,1.0,0.96,0.9210526315789473
7,HistGradientBoosting,0.9599928876244666,0.9566008316008316,0.9266141568466345,1.0,0.918918918918919,1.0,0.9210526315789473
8,Multinomial logistic,0.9555097451274364,0.9499541895718807,0.9418552145505448,1.0,0.9655172413793104,0.9,0.9565217391304348
8,Linear SVM,0.9891304347826086,0.9902071563088513,0.9807039506567348,1.0,1.0,1.0,0.9565217391304348
8,RBF SVM,0.9891304347826086,0.9902071563088513,0.9807039506567348,1.0,1.0,1.0,0.9565217391304348
8,Random forest,0.9469129071827723,0.9547619047619047,0.9221478242911778,0.9090909090909091,0.9655172413793104,1.0,0.9130434782608695
8,Extra trees,1.0,1.0,1.0,1.0,1.0,1.0,1.0
8,kNN,0.9891304347826086,0.9902071563088513,0.9807039506567348,1.0,1.0,1.0,0.9565217391304348
8,HistGradientBoosting,0.967391304347826,0.9702630575676705,0.9434364502756907,1.0,1.0,1.0,0.8695652173913043
9,Multinomial logistic,0.9347027972027973,0.9347027972027973,0.9530791788856305,1.0,0.9772727272727273,0.8,0.9615384615384616
9,Linear SVM,0.9903846153846154,0.9723707664884136,0.9845781060877171,1.0,1.0,1.0,0.9615384615384616
9,RBF SVM,0.9727980352980353,0.95287901753419,0.9535478424142421,0.9523809523809523,0.9772727272727273,1.0,0.9615384615384616
9,Random forest,0.9546703296703297,0.9428710178710179,0.9382241050255201,0.8571428571428571,1.0,1.0,0.9615384615384616
9,Extra trees,0.9807692307692308,0.9644637385086823,0.969208211143695,1.0,1.0,1.0,0.9230769230769231
9,kNN,0.9403846153846154,0.961764705882353,0.968951458047614,1.0,1.0,0.8,0.9615384615384616
9,HistGradientBoosting,0.9331501831501832,0.9234844103265156,0.9073329160055291,0.8095238095238095,1.0,1.0,0.9230769230769231
10,Multinomial logistic,0.9492481203007519,0.9180541429512129,0.9033667254380101,1.0,0.9285714285714286,1.0,0.868421052631579
10,Linear SVM,0.9552005012531328,0.9286022828856956,0.9148599040143448,1.0,0.9523809523809523,1.0,0.868421052631579
10,RBF SVM,0.9486215538847118,0.9173985663335089,0.9036123192414415,1.0,0.9523809523809523,1.0,0.8421052631578947
10,Random forest,0.9213659147869674,0.9153038319704986,0.9005075947461703,1.0,0.9047619047619048,0.8333333333333334,0.9473684210526315
10,Extra trees,1.0,1.0,1.0,1.0,1.0,1.0,1.0
10,kNN,0.9666353383458647,0.9664143587336358,0.9623566635821049,1.0,0.9761904761904762,0.9166666666666666,0.9736842105263158
10,HistGradientBoosting,0.9428258145363408,0.9335586205353648,0.9255538080344394,0.9523809523809523,0.9285714285714286,0.9166666666666666,0.9736842105263158
11,Multinomial logistic,0.9635549872122762,0.9532091471746644,0.9443047180155697,1.0,1.0,0.9130434782608695,0.9411764705882353
11,Linear SVM,0.9526854219948848,0.9430397483215772,0.9307130781660544,1.0,1.0,0.8695652173913043,0.9411764705882353
11,RBF SVM,0.9852941176470589,0.9780382775119617,0.972004769383033,1.0,1.0,1.0,0.9411764705882353
11,Random forest,0.9597186700767263,0.958327641165756,0.9317044854684636,1.0,1.0,0.9565217391304348,0.8823529411764706
11,Extra trees,0.9670716112531969,0.9662393162393162,0.9448204826368451,1.0,1.0,0.9565217391304348,0.9117647058823529
11,kNN,0.9744245524296675,0.9746297249385258,0.9576096970707464,1.0,1.0,0.9565217391304348,0.9411764705882353
11,HistGradientBoosting,0.9418158567774937,0.9461412151067323,0.9156000098228554,1.0,1.0,0.8260869565217391,0.9411764705882353
12,Multinomial logistic,0.9587995524296675,0.9516502253075143,0.9330848627259076,1.0,0.9565217391304348,0.9411764705882353,0.9375
12,Linear SVM,0.9704483695652174,0.9599096555618295,0.950762057424186,1.0,0.9130434782608695,1.0,0.96875
12,RBF SVM,0.951766304347826,0.9344859889214727,0.9181808900628038,1.0,0.8695652173913043,1.0,0.9375
12,Random forest,0.9252027144850035,0.9235524891774891,0.8992095476538814,0.9090909090909091,0.9130434782608695,0.9411764705882353,0.9375
12,Extra trees,0.9921875,0.9907125970955758,0.9833819168698495,1.0,1.0,1.0,0.96875
12,kNN,0.9921875,0.9907125970955758,0.9833819168698495,1.0,1.0,1.0,0.96875
12,HistGradientBoosting,0.9358633893280632,0.94004884004884,0.9327821261367706,0.8181818181818182,0.9565217391304348,1.0,0.96875
13,Multinomial logistic,0.9713541666666666,0.962383853436185,0.9493507863271766,1.0,0.96875,1.0,0.9166666666666666
13,Linear SVM,0.96875,0.9648880105401845,0.9498762502016704,1.0,1.0,1.0,0.875
13,RBF SVM,0.9625,0.9607061444727718,0.9488691490232662,1.0,1.0,0.9333333333333333,0.9166666666666666
13,Random forest,0.9239583333333333,0.925727657004831,0.8980537371152367,1.0,0.9375,0.8,0.9583333333333334
13,Extra trees,0.95625,0.9629905808477238,0.9488490243375766,1.0,1.0,0.8666666666666667,0.9583333333333334
13,kNN,0.95625,0.9629905808477238,0.9488490243375766,1.0,1.0,0.8666666666666667,0.9583333333333334
13,HistGradientBoosting,0.9651041666666668,0.9622805784607696,0.9487556772627693,1.0,0.96875,0.9333333333333333,0.9583333333333334
14,Multinomial logistic,0.929358383162731,0.9245494240059458,0.912946004896655,0.9090909090909091,0.9722222222222222,0.9130434782608695,0.9230769230769231
14,Linear SVM,0.9629552211073951,0.9475,0.943141822917962,1.0,0.9722222222222222,0.9565217391304348,0.9230769230769231
14,RBF SVM,0.9572649572649573,0.9343956043956043,0.9297992627837931,1.0,0.9444444444444444,1.0,0.8846153846153846
14,Random forest,0.9231909394952874,0.9300434466885747,0.9271882334589776,0.8181818181818182,1.0,0.9130434782608695,0.9615384615384616
14,Extra trees,0.9891304347826086,0.9897274633123689,0.9855844000699069,1.0,1.0,0.9565217391304348,1.0
14,kNN,0.9389737677781156,0.9361383107660655,0.92761777330675,0.9090909090909091,0.9722222222222222,0.9130434782608695,0.9615384615384616
14,HistGradientBoosting,0.9231909394952874,0.9312469062469062,0.9272270607410055,0.8181818181818182,1.0,0.9130434782608695,0.9615384615384616
15,Multinomial logistic,0.8935794970161978,0.901996151996152,0.8717107723511524,0.8333333333333334,0.975,0.9130434782608695,0.8529411764705882
15,Linear SVM,0.9299019607843138,0.9244374672946102,0.8981867058649147,0.9166666666666666,0.95,1.0,0.8529411764705882
15,RBF SVM,0.9569852941176471,0.9519971182917611,0.9242866405959954,1.0,0.975,1.0,0.8529411764705882
15,Random forest,0.9500745950554135,0.9585077831454643,0.9484121714570217,0.9166666666666666,1.0,0.9130434782608695,0.9705882352941176
15,Extra trees,0.9509803921568628,0.9600382975693922,0.9617605656536089,0.8333333333333334,1.0,1.0,0.9705882352941176
15,kNN,0.9926470588235294,0.9931822369633314,0.9872117068117208,1.0,1.0,1.0,0.9705882352941176
15,HistGradientBoosting,0.9364716538789428,0.9430253623188406,0.9225327973557934,0.9166666666666666,0.975,0.9130434782608695,0.9411764705882353
16,Multinomial logistic,0.9400563909774435,0.9329442176056795,0.9013012900843057,1.0,0.92,0.9473684210526315,0.8928571428571429
16,Linear SVM,0.9632142857142857,0.9538633526231848,0.9350825053246837,1.0,0.96,1.0,0.8928571428571429
16,RBF SVM,0.9532142857142857,0.9424794913863823,0.9188363837395789,1.0,0.92,1.0,0.8928571428571429
16,Random forest,0.9400563909774435,0.9355879637401378,0.9007001816231816,1.0,0.92,0.9473684210526315,0.8928571428571429
16,Extra trees,0.9632142857142857,0.9622507122507123,0.934400074752009,1.0,0.96,1.0,0.8928571428571429
16,kNN,0.9821428571428572,0.9811253561253561,0.9676000774080094,1.0,1.0,1.0,0.9285714285714286
16,HistGradientBoosting,0.9342857142857143,0.9270953664484662,0.8868145367633764,1.0,0.88,1.0,0.8571428571428571
17,Multinomial logistic,0.931821573125921,0.931821573125921,0.920774647887324,0.9523809523809523,0.972972972972973,0.8888888888888888,0.9130434782608695
17,Linear SVM,0.9460858373901853,0.9318123218194124,0.9070682405404685,0.9523809523809523,0.918918918918919,1.0,0.9130434782608695
17,RBF SVM,0.9647473560517039,0.9518673577884105,0.9379719985681458,1.0,0.9459459459459459,1.0,0.9130434782608695
17,Random forest,0.9359343815865555,0.9458531238582388,0.9205571581295202,0.9523809523809523,0.9459459459459459,0.8888888888888888,0.9565217391304348
17,Extra trees,0.8963963963963963,0.9110964092984641,0.9059832403503733,1.0,0.918918918918919,0.6666666666666666,1.0
17,kNN,0.9031531531531531,0.9202558663314478,0.9213883660440778,1.0,0.9459459459459459,0.6666666666666666,1.0
17,HistGradientBoosting,0.9081566038087776,0.9202008335988107,0.9055311859523638,0.9523809523809523,0.9459459459459459,0.7777777777777778,0.9565217391304348
18,Multinomial logistic,0.9671052631578947,0.9478110328638498,0.9264403599986895,1.0,1.0,1.0,0.868421052631579
18,Linear SVM,0.9605263157894737,0.9407424812030075,0.9120678877484685,1.0,1.0,1.0,0.8421052631578947
18,RBF SVM,0.9539473684210527,0.9336474214191606,0.8979545784155337,1.0,1.0,1.0,0.8157894736842105
18,Random forest,0.9000203210729527,0.8834986616280901,0.8618191902019384,0.8571428571428571,0.9459459459459459,0.9285714285714286,0.868421052631579
18,Extra trees,0.9802631578947368,0.9745263903736668,0.9545131766531461,1.0,1.0,1.0,0.9210526315789473
18,kNN,0.9802631578947368,0.9745263903736668,0.9545131766531461,1.0,1.0,1.0,0.9210526315789473
18,HistGradientBoosting,0.9379699248120301,0.9452849937025658,0.9235050016935042,0.8571428571428571,1.0,1.0,0.8947368421052632
19,Multinomial logistic,0.8917824074074074,0.9017971139568235,0.8814479113452183,0.8666666666666667,0.9629629629629629,0.8,0.9375
19,Linear SVM,0.9671875,0.9739452798663325,0.9667583949786879,1.0,1.0,0.9,0.96875
19,RBF SVM,0.9505208333333334,0.9614803441794141,0.9496761644966888,0.9333333333333333,1.0,0.9,0.96875
19,Random forest,0.8838541666666666,0.9015334222769568,0.8998470279111312,0.8666666666666667,1.0,0.7,0.96875
19,Extra trees,0.9671875,0.9744841507177033,0.9663370084511087,1.0,1.0,0.9,0.96875
19,kNN,0.9245949074074074,0.9392426378446115,0.9162706108134613,0.8666666666666667,0.9629629629629629,0.9,0.96875
19,HistGradientBoosting,0.8177083333333334,0.8478429214082842,0.8317716976036361,0.7333333333333333,1.0,0.6,0.9375
20,Multinomial logistic,0.9460227272727273,0.9402930402930403,0.9225426810068936,1.0,0.875,0.9090909090909091,1.0
20,Linear SVM,0.953125,0.9430023998989516,0.9236593666376359,1.0,0.8125,1.0,1.0
20,RBF SVM,0.96875,0.9714285714285715,0.9486060612574673,1.0,0.875,1.0,1.0
20,Random forest,1.0,1.0,1.0,1.0,1.0,1.0,1.0
20,Extra trees,1.0,1.0,1.0,1.0,1.0,1.0,1.0
20,kNN,1.0,1.0,1.0,1.0,1.0,1.0,1.0
20,HistGradientBoosting,0.9491477272727273,0.9425072698086073,0.9213033738862735,1.0,0.9375,0.9090909090909091,0.95
21,Multinomial logistic,0.9312698412698412,0.9259698503057137,0.9153780637868697,0.9333333333333333,0.9428571428571428,0.8888888888888888,0.96
21,Linear SVM,0.9661904761904762,0.9598923448492471,0.9491288010852703,0.9333333333333333,0.9714285714285714,1.0,0.96
21,RBF SVM,0.959047619047619,0.9481166150670794,0.93251630477257,0.9333333333333333,0.9428571428571428,1.0,0.96
21,Random forest,0.9579365079365079,0.9574142156862746,0.9497936272178993,1.0,0.9428571428571428,0.8888888888888888,1.0
21,Extra trees,0.9650793650793651,0.9687044523279158,0.9661363513220103,1.0,0.9714285714285714,0.8888888888888888,1.0
21,kNN,0.9373015873015873,0.9486406659437969,0.9489355547901875,1.0,0.9714285714285714,0.7777777777777778,1.0
21,HistGradientBoosting,0.9619047619047619,0.9549970371467724,0.9333271885158505,0.9333333333333333,0.9142857142857143,1.0,1.0
22,Multinomial logistic,0.8718932748538012,0.8582947754000386,0.8458550918996437,0.8888888888888888,0.9736842105263158,0.875,0.75
22,Linear SVM,0.91703216374269,0.8952305004936584,0.8809282005192819,0.9444444444444444,0.9736842105263158,1.0,0.75
22,RBF SVM,0.9375,0.914808520071678,0.9167012805431176,1.0,1.0,1.0,0.75
22,Random forest,0.8750365497076024,0.8726843009931246,0.8447707876498639,0.7777777777777778,0.9473684210526315,0.875,0.9
22,Extra trees,0.9205043859649122,0.9358807858807858,0.9137536003538221,0.8333333333333334,0.9736842105263158,0.875,1.0
22,kNN,0.9531432748538011,0.948347975553858,0.9307870189762796,0.8888888888888888,0.9736842105263158,1.0,0.95
22,HistGradientBoosting,0.8816154970760234,0.8911894103118246,0.8613413653314111,0.7777777777777778,0.9736842105263158,0.875,0.9
23,Multinomial logistic,0.9205713598570742,0.9173218223459597,0.8998435331889776,0.9333333333333333,0.9795918367346939,0.9545454545454546,0.8148148148148148
23,Linear SVM,0.9486016628873772,0.9408759962461306,0.9256496134179669,1.0,0.9795918367346939,1.0,0.8148148148148148
23,RBF SVM,0.9578609221466365,0.9514540739156813,0.9376200997567007,1.0,0.9795918367346939,1.0,0.8518518518518519
23,Random forest,0.935839689411118,0.9383380325814537,0.9252194542941988,0.8666666666666667,0.9591836734693877,0.9545454545454546,0.9629629629629629
23,Extra trees,0.9846938775510204,0.9789473684210526,0.9632996693956222,1.0,0.9387755102040817,1.0,1.0
23,kNN,0.9805366591080876,0.9755997474747474,0.9625794852794992,1.0,0.9591836734693877,1.0,0.9629629629629629
23,HistGradientBoosting,0.9693877551020408,0.9544446953669148,0.9285254427884093,1.0,0.8775510204081632,1.0,1.0
24,Multinomial logistic,0.9486111111111112,0.9338693957115011,0.9061310721296627,1.0,0.9444444444444444,1.0,0.85
24,Linear SVM,0.9486111111111112,0.9338693957115011,0.9061310721296627,1.0,0.9444444444444444,1.0,0.85
24,RBF SVM,0.9611111111111111,0.9502136752136752,0.9289348721982992,1.0,0.9444444444444444,1.0,0.9
24,Random forest,0.9008241758241758,0.9062078193175754,0.8807815400769555,0.8461538461538461,1.0,0.8571428571428571,0.9
24,Extra trees,1.0,1.0,1.0,1.0,1.0,1.0,1.0
24,kNN,0.9875,0.9868329868329868,0.9764755268268079,1.0,1.0,1.0,0.95
24,HistGradientBoosting,0.9240384615384616,0.9091086278586279,0.8827703442358242,0.8461538461538461,1.0,1.0,0.85
25,Multinomial logistic,0.9217603049124787,0.9090598866542263,0.8743209806924993,1.0,0.9090909090909091,0.9565217391304348,0.8214285714285714
25,Linear SVM,0.9402056277056277,0.9271688610132007,0.9025436546116915,1.0,0.9393939393939394,1.0,0.8214285714285714
25,RBF SVM,0.9491341991341992,0.9403112510929224,0.9166606060591002,1.0,0.9393939393939394,1.0,0.8571428571428571
25,Random forest,0.9382646339168078,0.9290316698471781,0.9019867726117846,1.0,0.9393939393939394,0.9565217391304348,0.8571428571428571
25,Extra trees,0.9802018633540373,0.9825460487225194,0.9719975203144217,1.0,1.0,0.9565217391304348,0.9642857142857143
25,kNN,0.9802018633540373,0.9825460487225194,0.9719975203144217,1.0,1.0,0.9565217391304348,0.9642857142857143
25,HistGradientBoosting,0.9631093544137023,0.9631741821396995,0.9436723659533685,1.0,0.9393939393939394,0.9130434782608695,1.0
26,Multinomial logistic,0.8601495726495726,0.8664807414807415,0.8400346583045843,0.8461538461538461,0.9444444444444444,0.75,0.9
26,Linear SVM,0.880982905982906,0.880982905982906,0.8576449912126538,0.8461538461538461,0.9444444444444444,0.8333333333333334,0.9
26,RBF SVM,0.9611111111111111,0.95,0.9303828096454183,1.0,0.9444444444444444,1.0,0.9
26,Random forest,0.8462606837606838,0.8560263936976266,0.839779333187033,0.8461538461538461,0.9722222222222222,0.6666666666666666,0.9
26,Extra trees,0.9321581196581197,0.9428864223631666,0.9299187396013018,0.9230769230769231,0.9722222222222222,0.8333333333333334,1.0
26,kNN,0.9407051282051282,0.9582971014492754,0.9474028293050762,0.8461538461538461,1.0,0.9166666666666666,1.0
26,HistGradientBoosting,0.833974358974359,0.8414852752880922,0.8059172464862536,0.7692307692307693,0.9166666666666666,0.75,0.9
27,Multinomial logistic,0.9586538461538462,0.9524794913863823,0.9345690896718344,1.0,0.9230769230769231,0.95,0.9615384615384616
27,Linear SVM,0.9807692307692308,0.979385093624692,0.9671384998475134,1.0,0.9615384615384616,1.0,0.9615384615384616
27,RBF SVM,0.9903846153846154,0.9903810580836108,0.9836490723969484,1.0,0.9615384615384616,1.0,1.0
27,Random forest,0.9461538461538462,0.9325208382948321,0.919091950312512,1.0,0.9230769230769231,0.9,0.9615384615384616
27,Extra trees,0.975,0.9775828460038986,0.9676049541500479,1.0,1.0,0.9,1.0
27,kNN,0.9875,0.9888727624576681,0.9836304274568599,1.0,1.0,0.95,1.0
27,HistGradientBoosting,0.9586538461538462,0.9486054668601838,0.9350612753096171,1.0,0.9230769230769231,0.95,0.9615384615384616
28,Multinomial logistic,0.981763925729443,0.981763925729443,0.965847563515202,1.0,0.9615384615384616,1.0,0.9655172413793104
28,Linear SVM,0.981763925729443,0.981763925729443,0.965847563515202,1.0,0.9615384615384616,1.0,0.9655172413793104
28,RBF SVM,0.981763925729443,0.981763925729443,0.965847563515202,1.0,0.9615384615384616,1.0,0.9655172413793104
28,Random forest,0.9636015325670498,0.9716488934755189,0.9663592858367457,0.8888888888888888,1.0,1.0,0.9655172413793104
28,Extra trees,0.9741379310344828,0.9727272727272727,0.9506455643481883,1.0,1.0,1.0,0.896551724137931
28,kNN,1.0,1.0,1.0,1.0,1.0,1.0,1.0
28,HistGradientBoosting,0.946360153256705,0.9425698425698426,0.9332937858638453,0.8888888888888888,1.0,1.0,0.896551724137931
29,Multinomial logistic,0.8988709677419355,0.9005530253741054,0.8835468128799618,0.8666666666666667,0.9354838709677419,0.8333333333333334,0.96
29,Linear SVM,0.9155376344086021,0.919198786483177,0.8994738289150993,0.9333333333333333,0.9354838709677419,0.8333333333333334,0.96
29,RBF SVM,0.9611021505376344,0.9603624236579877,0.9497878930545981,1.0,0.967741935483871,0.9166666666666666,0.96
29,Random forest,0.9069354838709678,0.919203279137742,0.8991052663828705,0.8666666666666667,0.967741935483871,0.8333333333333334,0.96
29,Extra trees,0.9422043010752689,0.9481772181013168,0.9330690267441123,1.0,0.9354838709677419,0.8333333333333334,1.0
29,kNN,0.9502688172043011,0.9573034492389331,0.9499002790183214,1.0,0.967741935483871,0.8333333333333334,1.0
29,HistGradientBoosting,0.9036021505376344,0.9130150763215279,0.8830846298214032,0.9333333333333333,0.967741935483871,0.8333333333333334,0.88
30,Multinomial logistic,0.9121339444868857,0.9165984165984166,0.8881675932736555,0.9411764705882353,0.9714285714285714,0.8571428571428571,0.8787878787878788
30,Linear SVM,0.9549910873440286,0.9536883103250604,0.9306068466797305,0.9411764705882353,1.0,1.0,0.8787878787878788
30,RBF SVM,0.9696969696969697,0.9649763054840234,0.945301342473579,1.0,1.0,1.0,0.8787878787878788
30,Random forest,0.959848484848485,0.9650258453075354,0.9434144281832382,1.0,0.9714285714285714,0.9285714285714286,0.9393939393939394
30,Extra trees,0.9447097020626433,0.9486681269643598,0.9300238182169214,0.9411764705882353,1.0,0.9285714285714286,0.9090909090909091
30,kNN,0.9264069264069265,0.9368388402768708,0.9040146134700259,1.0,1.0,0.8571428571428571,0.8484848484848485
30,HistGradientBoosting,0.9094283167812579,0.9213405001516021,0.9009136277210111,0.9411764705882353,0.9714285714285714,0.7857142857142857,0.9393939393939394
31,Multinomial logistic,0.9475205486234899,0.9416980882935488,0.9337323240854164,0.9411764705882353,0.9814814814814815,0.9583333333333334,0.9090909090909091
31,Linear SVM,0.9698021885521886,0.9662723850223851,0.9556777973379638,1.0,0.9814814814814815,0.9583333333333334,0.9393939393939394
31,RBF SVM,0.9650673400673401,0.9524499704740025,0.9456215478064953,1.0,0.9814814814814815,1.0,0.8787878787878788
31,Random forest,0.9346033868092691,0.9400615317288503,0.9334722115001387,0.8823529411764706,1.0,0.9166666666666666,0.9393939393939394
31,Extra trees,1.0,1.0,1.0,1.0,1.0,1.0,1.0
31,kNN,0.9953703703703703,0.9939322081182871,0.9889905626102805,1.0,0.9814814814814815,1.0,1.0
31,HistGradientBoosting,0.9562537136066548,0.9476367448065561,0.9340640154568892,0.9411764705882353,0.9444444444444444,1.0,0.9393939393939394
32,Multinomial logistic,0.9526578073089701,0.9425660008346565,0.9202067648490286,0.9523809523809523,0.9534883720930233,1.0,0.9047619047619048
32,Linear SVM,0.9467054263565892,0.9364557167166355,0.9088014804665981,0.9523809523809523,0.9534883720930233,1.0,0.8809523809523809
32,RBF SVM,0.9348006644518273,0.9273350878597446,0.8971079485146028,0.9047619047619048,0.9534883720930233,1.0,0.8809523809523809
32,Random forest,0.9407530454042082,0.9373566868607909,0.9081286904556315,0.9047619047619048,0.9534883720930233,1.0,0.9047619047619048
32,Extra trees,0.9702380952380952,0.9711007130124778,0.9656102807028207,0.9047619047619048,1.0,1.0,0.9761904761904762
32,kNN,0.9880952380952381,0.9834531182302418,0.9772576745397854,1.0,1.0,1.0,0.9523809523809523
32,HistGradientBoosting,0.9288482834994463,0.9323550688662251,0.8963041211441872,0.8571428571428571,0.9534883720930233,1.0,0.9047619047619048
33,Multinomial logistic,0.9303519061583578,0.9246640316205534,0.9171372303091972,0.9090909090909091,1.0,0.9090909090909091,0.9032258064516129
33,Linear SVM,0.9758064516129032,0.9675296814869402,0.9592227147741313,1.0,1.0,1.0,0.9032258064516129
33,RBF SVM,0.9838709677419355,0.9752415458937198,0.9727160021444928,1.0,1.0,1.0,0.9354838709677419
33,Random forest,0.9010263929618769,0.9121528877626439,0.903122407638223,0.8181818181818182,1.0,0.8181818181818182,0.967741935483871
33,Extra trees,0.9886363636363636,0.9902177925433739,0.9862192386839904,1.0,1.0,0.9545454545454546,1.0
33,kNN,0.9431818181818182,0.9554111077999877,0.9451658230552081,0.9090909090909091,1.0,0.8636363636363636,1.0
33,HistGradientBoosting,0.8713838471902988,0.8690776731449944,0.8473622895647518,0.8181818181818182,0.9459459459459459,0.8181818181818182,0.9032258064516129
34,Multinomial logistic,0.9549632352941176,0.9452766411670521,0.937005385576058,0.8823529411764706,1.0,1.0,0.9375
34,Linear SVM,0.9696691176470589,0.9567226890756302,0.9528382624498648,0.9411764705882353,1.0,1.0,0.9375
34,RBF SVM,0.984375,0.9606854838709677,0.9692712303580319,1.0,1.0,1.0,0.9375
34,Random forest,0.8907052404295052,0.9161605937921729,0.8899594602815237,0.7647058823529411,0.9722222222222222,0.8571428571428571,0.96875
34,Extra trees,0.9549632352941176,0.9496438172043011,0.937898762328795,0.8823529411764706,1.0,1.0,0.9375
34,kNN,0.9564732142857143,0.9700442200442201,0.968649702823006,1.0,1.0,0.8571428571428571,0.96875
34,HistGradientBoosting,0.9341809640522876,0.9191291011855528,0.9060992956982614,0.8235294117647058,0.9444444444444444,1.0,0.96875
35,Multinomial logistic,0.9708333333333333,0.9718111591977291,0.9578198311950732,1.0,0.95,0.9333333333333333,1.0
35,Linear SVM,0.9625,0.9672739541160593,0.9577510563304137,0.9,0.95,1.0,1.0
35,RBF SVM,0.9875,0.9868329868329868,0.9787744496888026,1.0,0.95,1.0,1.0
35,Random forest,0.9541666666666666,0.9506699440909966,0.9369647689257078,1.0,0.95,0.8666666666666667,1.0
35,Extra trees,0.9833333333333334,0.9846225535880708,0.9787389180919223,1.0,1.0,0.9333333333333333,1.0
35,kNN,0.9694444444444446,0.9655856595511767,0.957251237694822,1.0,1.0,0.9333333333333333,0.9444444444444444
35,HistGradientBoosting,0.9583333333333333,0.9531587589663815,0.9370733802371605,1.0,0.9,0.9333333333333333,1.0
36,Multinomial logistic,0.903125,0.8999394421637456,0.900714752676066,1.0,1.0,0.8,0.8125
36,Linear SVM,0.8703125,0.8734988018400938,0.8755558060801313,1.0,1.0,0.7,0.78125
36,RBF SVM,0.953125,0.9341692789968652,0.9265368283592602,1.0,1.0,1.0,0.8125
36,Random forest,0.8678029019873532,0.8740743987609948,0.847397996615343,0.8518518518518519,0.975609756097561,0.8,0.84375
36,Extra trees,0.901830679765131,0.9155398035825406,0.9229936985545144,0.9629629629629629,0.975609756097561,0.7,0.96875
36,kNN,0.9282774390243902,0.9342583002684094,0.935776524879585,1.0,0.975609756097561,0.8,0.9375
36,HistGradientBoosting,0.8816706187895211,0.8855838789710976,0.8600176955569709,0.9629629629629629,0.9512195121951219,0.8,0.8125
37,Multinomial logistic,0.9650913900913901,0.9641304347826087,0.9445789302535248,1.0,0.9428571428571428,0.9629629629629629,0.9545454545454546
37,Linear SVM,0.963630351130351,0.9617551566080977,0.9448725692067428,1.0,0.9142857142857143,0.9629629629629629,0.9772727272727273
37,RBF SVM,0.9579485329485329,0.9520595283779869,0.934017063015137,1.0,0.9142857142857143,0.9629629629629629,0.9545454545454546
37,Random forest,0.9240800865800867,0.9230641730641731,0.900980464508795,0.9444444444444444,0.8857142857142857,0.8888888888888888,0.9772727272727273
37,Extra trees,0.9768518518518519,0.9825846061695118,0.9779680713892175,0.9444444444444444,1.0,0.9629629629629629,1.0
37,kNN,0.9743386243386244,0.9758972106968715,0.9667098037545881,1.0,0.9714285714285714,0.9259259259259259,1.0
37,HistGradientBoosting,0.9415464165464166,0.9349183735641453,0.912287172759168,1.0,0.8857142857142857,0.9259259259259259,0.9545454545454546
38,Multinomial logistic,0.9145982854864434,0.9064251941911516,0.8876254013199188,0.8421052631578947,0.9375,1.0,0.8787878787878788
38,Linear SVM,0.9357057416267942,0.9251015283273348,0.8971585000413579,0.9473684210526315,0.9166666666666666,1.0,0.8787878787878788
38,RBF SVM,0.9488636363636364,0.9353438620071685,0.9090030095287192,1.0,0.9166666666666666,1.0,0.8787878787878788
38,Random forest,0.935616028708134,0.9319443405661253,0.9188039639662965,0.8947368421052632,0.9583333333333334,0.95,0.9393939393939394
38,Extra trees,0.9736842105263158,0.9762822068519192,0.9768298271310343,0.8947368421052632,1.0,1.0,1.0
38,kNN,1.0,1.0,1.0,1.0,1.0,1.0,1.0
38,HistGradientBoosting,0.9082685406698565,0.9123588641725648,0.9083184010713494,0.6842105263157895,0.9791666666666666,1.0,0.9696969696969697
39,Multinomial logistic,0.9358087564609303,0.9310022601511962,0.9030738940218398,1.0,0.8636363636363636,0.9230769230769231,0.9565217391304348
39,Linear SVM,0.9777667984189724,0.9733164812942365,0.9612087259061676,1.0,0.9545454545454546,1.0,0.9565217391304348
39,RBF SVM,0.9569334650856389,0.9573952663697839,0.9414895092804655,0.9166666666666666,0.9545454545454546,1.0,0.9565217391304348
39,Random forest,0.8862749569271309,0.9037121212121212,0.8643062558652105,0.8333333333333334,0.9090909090909091,0.8461538461538461,0.9565217391304348
39,Extra trees,0.9807692307692308,0.9846808510638297,0.9806389703510955,1.0,1.0,0.9230769230769231,1.0
39,kNN,0.9698996655518395,0.9735748792270531,0.9610026605237119,1.0,1.0,0.9230769230769231,0.9565217391304348
39,HistGradientBoosting,0.9163752913752914,0.9308581614463967,0.9055731779400361,0.8333333333333334,0.9090909090909091,0.9230769230769231,1.0
40,Multinomial logistic,0.9547727272727273,0.9468292124542125,0.9216423365403588,1.0,0.96,0.95,0.9090909090909091
40,Linear SVM,0.9824242424242424,0.975417439703154,0.9684374312537469,1.0,0.96,1.0,0.9696969696969697
40,RBF SVM,0.9572727272727273,0.9463726771196284,0.9214614762495099,1.0,0.92,1.0,0.9090909090909091
40,Random forest,0.9522727272727273,0.9460911895122421,0.9214527490783123,1.0,1.0,0.9,0.9090909090909091
40,Extra trees,0.9598484848484848,0.96115270032847,0.9375125660655004,1.0,1.0,0.9,0.9393939393939394
40,kNN,0.9598484848484848,0.9537834972045498,0.9373429787312403,1.0,1.0,0.9,0.9393939393939394
40,HistGradientBoosting,0.9022727272727273,0.9144264059817869,0.8744584578863817,0.9,1.0,0.8,0.9090909090909091
41,Multinomial logistic,0.9651029748283753,0.9443796068796069,0.9337340706222366,1.0,0.9473684210526315,1.0,0.9130434782608695
41,Linear SVM,0.9410755148741419,0.9151427221809838,0.8900641068390112,1.0,0.8947368421052632,1.0,0.8695652173913043
41,RBF SVM,0.9585240274599542,0.9403902606149798,0.921208408396854,1.0,0.9210526315789473,1.0,0.9130434782608695
41,Random forest,0.9705377574370709,0.9589024390243903,0.9426767743613366,1.0,0.9473684210526315,1.0,0.9347826086956522
41,Extra trees,0.993421052631579,0.9895238095238096,0.9884766603222901,1.0,0.9736842105263158,1.0,1.0
41,kNN,0.9825514874141876,0.9708408408408409,0.9660014609707408,1.0,0.9736842105263158,1.0,0.9565217391304348
41,HistGradientBoosting,0.9748283752860412,0.9671628149889019,0.9539852385728897,1.0,0.9210526315789473,1.0,0.9782608695652174
42,Multinomial logistic,0.906476383656911,0.8996297819827231,0.8811589061617362,0.9411764705882353,1.0,0.8571428571428571,0.8275862068965517
42,Linear SVM,0.8917705013039698,0.8804030418759572,0.8683075594717055,0.8823529411764706,1.0,0.8571428571428571,0.8275862068965517
42,RBF SVM,0.9490840517241379,0.9302097371967655,0.9138998847491452,1.0,0.96875,1.0,0.8275862068965517
42,Random forest,0.8876050420168067,0.9051659125188537,0.8962197138490997,0.7647058823529411,1.0,0.7857142857142857,1.0
42,Extra trees,0.9409591422776007,0.9480884463935312,0.9398354354749369,0.9411764705882353,1.0,0.8571428571428571,0.9655172413793104
42,kNN,0.9852941176470589,0.9885780885780886,0.9850804652928743,0.9411764705882353,1.0,1.0,1.0
42,HistGradientBoosting,0.9642857142857143,0.9724358974358975,0.9704099101160285,1.0,1.0,0.8571428571428571,1.0
43,Multinomial logistic,0.9038998357963876,0.8942764329305587,0.8813695338525697,0.9523809523809523,0.9333333333333333,0.8333333333333334,0.896551724137931
43,Linear SVM,0.9158045977011494,0.9097439916405434,0.8940695869477632,1.0,0.9333333333333333,0.8333333333333334,0.896551724137931
43,RBF SVM,0.9217569786535303,0.911684934663112,0.8803177944601454,0.8571428571428571,0.9333333333333333,1.0,0.896551724137931
43,Random forest,0.9061713191023536,0.9066136841143693,0.8934151437508445,0.9047619047619048,0.9555555555555556,0.8333333333333334,0.9310344827586207
43,Extra trees,0.9397030651340995,0.931175123326286,0.9086611032654013,1.0,0.9111111111111111,0.9166666666666666,0.9310344827586207
43,kNN,0.9133141762452107,0.9109127254554541,0.8812940742808228,1.0,0.8888888888888888,0.8333333333333334,0.9310344827586207
43,HistGradientBoosting,0.8496237000547345,0.8665093579927123,0.8396880594067552,0.7619047619047619,0.9555555555555556,0.75,0.9310344827586207
44,Multinomial logistic,0.9502688172043011,0.9558705403564471,0.9497312559126188,1.0,1.0,0.8333333333333334,0.967741935483871
44,Linear SVM,0.9919354838709677,0.9911846582121868,0.9833200976801677,1.0,1.0,1.0,0.967741935483871
44,RBF SVM,0.9711021505376344,0.976348937521501,0.9663104348258593,1.0,1.0,0.9166666666666666,0.967741935483871
44,Random forest,0.8953237622592461,0.9076217899747312,0.8819882273764841,0.8571428571428571,0.9230769230769231,0.8333333333333334,0.967741935483871
44,Extra trees,0.9711021505376344,0.976348937521501,0.9663104348258593,1.0,1.0,0.9166666666666666,0.967741935483871
44,kNN,0.9711021505376344,0.976348937521501,0.9663104348258593,1.0,1.0,0.9166666666666666,0.967741935483871
44,HistGradientBoosting,0.956221198156682,0.9641474877323934,0.9496105803985755,0.8571428571428571,1.0,1.0,0.967741935483871
45,Multinomial logistic,0.8944493006993007,0.8929276637341154,0.858332761470382,1.0,0.8846153846153846,0.8181818181818182,0.875
45,Linear SVM,0.9040646853146853,0.904850569259962,0.8780488223350413,1.0,0.9230769230769231,0.8181818181818182,0.875
45,RBF SVM,0.9089348151848152,0.9068831168831168,0.8780044384721295,0.9285714285714286,0.9230769230769231,0.9090909090909091,0.875
45,Random forest,0.8913586413586414,0.8991452991452992,0.8786846323262203,0.7857142857142857,0.9615384615384616,0.8181818181818182,1.0
45,Extra trees,0.94493006993007,0.9491881681536855,0.9386861528950305,1.0,0.9615384615384616,0.8181818181818182,1.0
45,kNN,0.9222027972027973,0.9301789251623173,0.9184429393172004,1.0,0.9615384615384616,0.7272727272727273,1.0
45,HistGradientBoosting,0.8817432567432568,0.8862200435729847,0.8580794760364049,0.7857142857142857,0.9230769230769231,0.8181818181818182,1.0
46,Multinomial logistic,0.9449404761904763,0.9152826340326341,0.860139028187809,1.0,0.9583333333333334,1.0,0.8214285714285714
46,Linear SVM,0.9449404761904763,0.9152826340326341,0.860139028187809,1.0,0.9583333333333334,1.0,0.8214285714285714
46,RBF SVM,0.9449404761904763,0.9152826340326341,0.860139028187809,1.0,0.9583333333333334,1.0,0.8214285714285714
46,Random forest,0.9543650793650793,0.953483817769532,0.9256041346602829,1.0,1.0,0.8888888888888888,0.9285714285714286
46,Extra trees,1.0,1.0,1.0,1.0,1.0,1.0,1.0
46,kNN,0.980654761904762,0.9269775017815332,0.951729385859481,1.0,0.9583333333333334,1.0,0.9642857142857143
46,HistGradientBoosting,0.9627976190476191,0.900432389937107,0.905296346198176,1.0,0.9583333333333334,1.0,0.8928571428571429
47,Multinomial logistic,0.8823179271708682,0.8903628117913832,0.8844170500786549,0.9411764705882353,0.9714285714285714,0.7,0.9166666666666666
47,Linear SVM,0.9251750700280111,0.9290337645355625,0.9013057500237275,0.9411764705882353,0.9428571428571428,0.9,0.9166666666666666
47,RBF SVM,0.9616071428571429,0.9572291235334713,0.9348176689162532,1.0,0.9714285714285714,1.0,0.875
47,Random forest,0.8454656862745098,0.8766397849462365,0.8694626826978517,0.8235294117647058,1.0,0.6,0.9583333333333334
47,Extra trees,0.9395833333333333,0.9533949730126793,0.9506511177061036,1.0,1.0,0.8,0.9583333333333334
47,kNN,0.975,0.9833209785025945,0.983603123833493,1.0,1.0,0.9,1.0
47,HistGradientBoosting,0.8676120448179271,0.8870714952647726,0.8674636440876969,0.8823529411764706,0.9714285714285714,0.7,0.9166666666666666
48,Multinomial logistic,0.967545351473923,0.9558544840802906,0.9351363342776162,1.0,0.9722222222222222,1.0,0.8979591836734694
48,Linear SVM,0.9506009070294785,0.9394823427081491,0.9130070868141963,1.0,0.9444444444444444,0.96,0.8979591836734694
48,RBF SVM,0.9606009070294785,0.9477091511417294,0.9242327991046015,1.0,0.9444444444444444,1.0,0.8979591836734694
48,Random forest,0.9247718253968255,0.9124953993375047,0.8814822255398626,0.9375,0.9444444444444444,0.96,0.8571428571428571
48,Extra trees,0.9573412698412699,0.9438412464728254,0.914652985246589,1.0,0.9722222222222222,1.0,0.8571428571428571
48,kNN,0.9573412698412699,0.9484265734265735,0.9148100825029765,1.0,0.9722222222222222,1.0,0.8571428571428571
48,HistGradientBoosting,0.9385544217687074,0.9301107465135356,0.8916953432099873,1.0,0.9166666666666666,0.96,0.8775510204081632
49,Multinomial logistic,0.9175218905941059,0.8974683213926843,0.8570660322637341,1.0,0.9534883720930233,0.9473684210526315,0.7692307692307693
49,Linear SVM,0.9236732259988074,0.9072298499243923,0.8592512020567968,1.0,0.9767441860465116,1.0,0.717948717948718
49,RBF SVM,0.9236732259988074,0.9072298499243923,0.8592512020567968,1.0,0.9767441860465116,1.0,0.717948717948718
49,Random forest,0.8932544913267068,0.8840738284703802,0.8297849654245572,0.9285714285714286,0.9534883720930233,0.9473684210526315,0.7435897435897436
49,Extra trees,0.9303424034146188,0.9273225256371325,0.8776499710024439,1.0,0.9534883720930233,0.9473684210526315,0.8205128205128205
49,kNN,0.9229984621661489,0.9236315234873274,0.8784281986025875,1.0,0.9767441860465116,0.8947368421052632,0.8205128205128205
49,HistGradientBoosting,0.856762882160679,0.8441156528477334,0.7807240849527852,0.8571428571428571,0.9302325581395349,0.9473684210526315,0.6923076923076923
50,Multinomial logistic,0.9486384229805283,0.9492687511008839,0.9421135680943216,0.9523809523809523,0.9807692307692307,0.8947368421052632,0.9666666666666667
50,Linear SVM,0.9916666666666667,0.9899487583760347,0.9884610925496146,1.0,1.0,1.0,0.9666666666666667
50,RBF SVM,1.0,1.0,1.0,1.0,1.0,1.0,1.0
50,Random forest,0.924812030075188,0.9363697099546155,0.9307273565554504,0.8571428571428571,1.0,0.8421052631578947,1.0
50,Extra trees,0.9736842105263158,0.9780465949820789,0.9770409104381187,1.0,1.0,0.8947368421052632,1.0
50,kNN,0.9868421052631579,0.9891448825875055,0.9884394037732773,1.0,1.0,0.9473684210526315,1.0
50,HistGradientBoosting,0.9296365914786968,0.9411945327373548,0.930392064164613,0.8571428571428571,1.0,0.8947368421052632,0.9666666666666667
51,Multinomial logistic,0.9457276570048309,0.9277152723534086,0.9069552916054903,1.0,0.9722222222222222,0.9565217391304348,0.8541666666666666
51,Linear SVM,0.9305555555555556,0.9068840579710146,0.8784426695415366,1.0,0.8888888888888888,1.0,0.8333333333333334
51,RBF SVM,0.9565972222222222,0.9403737662827127,0.9183928464586137,1.0,0.9722222222222222,1.0,0.8541666666666666
51,Random forest,0.9618055555555556,0.9460651314789481,0.9275717598488838,1.0,0.9722222222222222,1.0,0.875
51,Extra trees,0.96875,0.9553988718775182,0.93820823779114,1.0,1.0,1.0,0.875
51,kNN,0.9278273809523809,0.9189799331103679,0.8946451844402047,0.8571428571428571,1.0,1.0,0.8541666666666666
51,HistGradientBoosting,0.9461805555555556,0.9228109823018736,0.8987963300307217,1.0,0.9722222222222222,1.0,0.8125
52,Multinomial logistic,0.9835668103448276,0.9835668103448276,0.9685623454609679,1.0,0.96875,1.0,0.9655172413793104
52,Linear SVM,0.9835668103448276,0.9835668103448276,0.9685623454609679,1.0,0.96875,1.0,0.9655172413793104
52,RBF SVM,0.9749461206896551,0.9676339285714286,0.9537545389676905,1.0,0.96875,1.0,0.9310344827586207
52,Random forest,0.9554818744473917,0.9651828631138977,0.95307289753469,0.9333333333333333,1.0,0.9230769230769231,0.9655172413793104
52,Extra trees,0.9913793103448276,0.9917678812415655,0.9844470470018759,1.0,1.0,1.0,0.9655172413793104
52,kNN,0.963527851458886,0.9692663476874003,0.9531759520579889,1.0,1.0,0.9230769230769231,0.9310344827586207
52,HistGradientBoosting,0.9721485411140585,0.9775331564986738,0.9686342319502684,1.0,1.0,0.9230769230769231,0.9655172413793104
53,Multinomial logistic,0.8981920725279359,0.9127838763620671,0.8775784361561999,1.0,0.9117647058823529,0.7777777777777778,0.9032258064516129
53,Linear SVM,0.9691650853889944,0.9691650853889944,0.9389162561576355,1.0,0.9411764705882353,1.0,0.9354838709677419
53,RBF SVM,0.9611005692599621,0.961392254692326,0.9237596474326412,1.0,0.9411764705882353,1.0,0.9032258064516129
53,Random forest,0.9282294128743744,0.9409797572036662,0.9082419148308531,0.9473684210526315,0.9411764705882353,0.8888888888888888,0.9354838709677419
53,Extra trees,0.9919354838709677,0.9922784509384652,0.984883551531706,1.0,1.0,1.0,0.967741935483871
53,kNN,0.9758064516129032,0.9767247553115302,0.9555377953974501,1.0,1.0,1.0,0.9032258064516129
53,HistGradientBoosting,0.9398781583940877,0.9310691984197783,0.8944098933058005,0.9473684210526315,0.9411764705882353,1.0,0.8709677419354839
54,Multinomial logistic,0.9462752016129032,0.9415989061666623,0.9241209974132414,0.96,0.921875,0.9032258064516129,1.0
54,Linear SVM,0.98046875,0.9724849833471502,0.958217383335127,1.0,0.921875,1.0,1.0
54,RBF SVM,0.984375,0.977455845861918,0.9664285475525829,1.0,0.9375,1.0,1.0
54,Random forest,0.9464165706605223,0.9392006445285134,0.9164248332351135,1.0,0.90625,0.9032258064516129,0.9761904761904762
54,Extra trees,0.9841229838709677,0.983312695720836,0.9745546907627782,1.0,0.96875,0.967741935483871,1.0
54,kNN,0.9802167338709677,0.978538002980626,0.9662975179167448,1.0,0.953125,0.967741935483871,1.0
54,HistGradientBoosting,0.9562752016129032,0.9503986904907568,0.9327721308696532,1.0,0.921875,0.9032258064516129,1.0
55,Multinomial logistic,0.8781566820276498,0.8425830889540566,0.8345053357377037,1.0,0.9354838709677419,0.8571428571428571,0.72
55,Linear SVM,0.92,0.8765128968253968,0.8713355378505803,1.0,1.0,1.0,0.68
55,RBF SVM,0.9138709677419354,0.8696493624772312,0.850969416312479,1.0,0.9354838709677419,1.0,0.72
55,Random forest,0.9375551782682512,0.9180562252223293,0.8975508126515704,0.8947368421052632,0.9354838709677419,1.0,0.92
55,Extra trees,0.9249987872908076,0.9266940429179518,0.9133668163506415,0.9473684210526315,0.9354838709677419,0.8571428571428571,0.96
55,kNN,0.9719354838709677,0.9493455168952828,0.9490563057615683,1.0,0.967741935483871,1.0,0.92
55,HistGradientBoosting,0.9049987872908076,0.8971142109851786,0.8790907834659916,0.9473684210526315,0.9354838709677419,0.8571428571428571,0.88
56,Multinomial logistic,0.9148198629045113,0.9082168237920838,0.876914972959098,0.9444444444444444,0.9411764705882353,0.92,0.8536585365853658
56,Linear SVM,0.9485126733620277,0.939649511457535,0.9185445376570208,1.0,0.9803921568627451,0.96,0.8536585365853658
56,RBF SVM,0.9487087517934003,0.9348749448749448,0.9089924475119842,1.0,0.9411764705882353,1.0,0.8536585365853658
56,Random forest,0.946320739677985,0.9474036590659166,0.937822242099574,0.8888888888888888,0.9607843137254902,0.96,0.975609756097561
56,Extra trees,0.9861111111111112,0.9898450946643718,0.9896701600410537,0.9444444444444444,1.0,1.0,1.0
56,kNN,0.9939024390243902,0.9920116194625999,0.9897000967630031,1.0,1.0,1.0,0.975609756097561
56,HistGradientBoosting,0.9167264466762315,0.9138044106531502,0.8875881809654926,0.8333333333333334,0.8823529411764706,1.0,0.9512195121951219
57,Multinomial logistic,0.9293684314364297,0.9253946604315667,0.9016751516644861,0.9473684210526315,0.9302325581395349,0.9130434782608695,0.926829268292683
57,Linear SVM,0.9645490640952921,0.9574385146359455,0.9354278668873952,1.0,0.9069767441860465,1.0,0.9512195121951219
57,RBF SVM,0.9642654566080544,0.9506577329727071,0.9356833394523872,1.0,0.9302325581395349,1.0,0.926829268292683
57,Random forest,0.9554797898838442,0.9596256684491979,0.9454287878465548,1.0,0.9767441860465116,0.8695652173913043,0.975609756097561
57,Extra trees,0.9651029748283753,0.9730536627088352,0.9672705982888831,0.9473684210526315,1.0,0.9130434782608695,1.0
57,kNN,0.9759725400457666,0.9793616298330808,0.9780479862637138,0.9473684210526315,1.0,0.9565217391304348,1.0
57,HistGradientBoosting,0.9354659924120394,0.9353410700664706,0.9123603351955307,0.9473684210526315,0.9302325581395349,0.9130434782608695,0.9512195121951219
58,Multinomial logistic,0.9660633484162897,0.9571368861024033,0.9465827176117405,1.0,1.0,0.9411764705882353,0.9230769230769231
58,Linear SVM,0.9660633484162897,0.9571368861024033,0.9465827176117405,1.0,1.0,0.9411764705882353,0.9230769230769231
58,RBF SVM,0.9711538461538461,0.9594065212291814,0.9471371817227946,1.0,1.0,1.0,0.8846153846153846
58,Random forest,0.9417420814479638,0.9345778397565923,0.9100062662393512,1.0,1.0,0.8823529411764706,0.8846153846153846
58,Extra trees,0.9660633484162897,0.9571368861024033,0.9465827176117405,1.0,1.0,0.9411764705882353,0.9230769230769231
58,kNN,0.9513574660633484,0.9569572532402792,0.9283442621778973,1.0,1.0,0.8823529411764706,0.9230769230769231
58,HistGradientBoosting,0.8937863606981254,0.8903057905009759,0.837588343043402,1.0,0.9642857142857143,0.7647058823529411,0.8461538461538461
59,Multinomial logistic,0.9299034299034299,0.9390200791855203,0.9254960701731724,0.8571428571428571,0.9393939393939394,0.9230769230769231,1.0
59,Linear SVM,0.9924242424242424,0.9910518053375197,0.9812549939525322,1.0,0.9696969696969697,1.0,1.0
59,RBF SVM,0.9744318181818182,0.9505208333333334,0.9446179317819751,1.0,0.9393939393939394,1.0,0.9583333333333334
59,Random forest,0.872117465867466,0.8858075400079665,0.8852428292362712,0.7142857142857143,0.9696969696969697,0.8461538461538461,0.9583333333333334
59,Extra trees,0.9538690476190477,0.9497073060902848,0.9622810311777057,0.8571428571428571,1.0,1.0,0.9583333333333334
59,kNN,0.945054945054945,0.9634162895927602,0.962293979512034,0.8571428571428571,1.0,0.9230769230769231,1.0
59,HistGradientBoosting,0.9002559940059941,0.898709029066172,0.8863316057286889,0.8571428571428571,0.9393939393939394,0.8461538461538461,0.9583333333333334
60,Multinomial logistic,0.9625,0.9520776421687436,0.9404818730666954,1.0,1.0,1.0,0.85
60,Linear SVM,0.95625,0.9432874281081685,0.9309804193753741,1.0,1.0,1.0,0.825
60,RBF SVM,0.9518617021276596,0.9380683756560334,0.9208453473295197,1.0,0.9574468085106383,1.0,0.85
60,Random forest,0.9631117021276596,0.9667499135097735,0.9487882322116787,1.0,0.9574468085106383,0.92,0.975
60,Extra trees,0.9846808510638297,0.986112226165053,0.9796579833982431,1.0,0.9787234042553191,0.96,1.0
60,kNN,0.99,0.9918115394305871,0.9897872622589959,1.0,1.0,0.96,1.0
60,HistGradientBoosting,0.9174516441005802,0.9266342240061567,0.8975943904288318,0.8636363636363636,0.9361702127659575,0.92,0.95
61,Multinomial logistic,0.9527777777777777,0.9439494119718524,0.9233312316357122,1.0,0.9444444444444444,0.9523809523809523,0.9142857142857143
61,Linear SVM,0.9388888888888888,0.9237753978402956,0.8988816379884984,1.0,0.8888888888888888,0.9523809523809523,0.9142857142857143
61,RBF SVM,0.9668650793650795,0.964751298488606,0.9484063835830254,1.0,0.9722222222222222,0.9523809523809523,0.9428571428571428
61,Random forest,0.9005952380952382,0.9004098593684848,0.8719996554156066,0.9333333333333333,0.9166666666666666,0.8095238095238095,0.9428571428571428
61,Extra trees,0.9880952380952381,0.9903813122638269,0.9871484741146386,1.0,1.0,0.9523809523809523,1.0
61,kNN,0.9761904761904762,0.9805555555555556,0.9744909629036818,1.0,1.0,0.9047619047619048,1.0
61,HistGradientBoosting,0.9315476190476191,0.9315309566351853,0.910368457463083,0.9333333333333333,0.9166666666666666,0.9047619047619048,0.9714285714285714
62,Multinomial logistic,0.8712398712398712,0.8688444810606786,0.8479705561660067,0.8888888888888888,0.9696969696969697,0.7692307692307693,0.8571428571428571
62,Linear SVM,0.9567099567099567,0.945007088428141,0.9250020701719419,1.0,0.9696969696969697,1.0,0.8571428571428571
62,RBF SVM,0.9686147186147186,0.9648723002381538,0.9432939728578537,1.0,0.9696969696969697,1.0,0.9047619047619048
62,Random forest,0.8629426129426129,0.8736155296335573,0.8667470662668815,0.7777777777777778,1.0,0.7692307692307693,0.9047619047619048
62,Extra trees,0.9807692307692308,0.9862686567164178,0.9811457675978844,1.0,1.0,0.9230769230769231,1.0
62,kNN,0.9304029304029304,0.9470080290865021,0.9258131560081595,1.0,1.0,0.7692307692307693,0.9523809523809523
62,HistGradientBoosting,0.8788156288156288,0.8886319058515855,0.8683047397589204,0.8888888888888888,1.0,0.7692307692307693,0.8571428571428571
63,Multinomial logistic,0.9791666666666666,0.9844134536505332,0.9862731087263955,1.0,1.0,0.9166666666666666,1.0
63,Linear SVM,0.9928571428571429,0.9863768115942029,0.986345603297008,1.0,0.9714285714285714,1.0,1.0
63,RBF SVM,0.9928571428571429,0.9863768115942029,0.986345603297008,1.0,0.9714285714285714,1.0,1.0
63,Random forest,0.9807692307692308,0.9819334186939821,0.9726897816484492,0.9230769230769231,1.0,1.0,1.0
63,Extra trees,1.0,1.0,1.0,1.0,1.0,1.0,1.0
63,kNN,1.0,1.0,1.0,1.0,1.0,1.0,1.0
63,HistGradientBoosting,0.9807692307692308,0.9819334186939821,0.9726897816484492,0.9230769230769231,1.0,1.0,1.0
64,Multinomial logistic,0.9727548036758563,0.9757354185171087,0.955118613407458,0.9473684210526315,0.9722222222222222,1.0,0.9714285714285714
64,Linear SVM,0.9727548036758563,0.9757354185171087,0.955118613407458,0.9473684210526315,0.9722222222222222,1.0,0.9714285714285714
64,RBF SVM,0.9928571428571429,0.9929521540599563,0.9851760815711104,1.0,1.0,1.0,0.9714285714285714
64,Random forest,0.9725563909774435,0.9758903020667726,0.9559904032138349,0.9473684210526315,1.0,1.0,0.9428571428571428
64,Extra trees,0.9928571428571429,0.9929521540599563,0.9851760815711104,1.0,1.0,1.0,0.9714285714285714
64,kNN,0.9859126984126985,0.9859126984126985,0.9700524853349799,1.0,0.9722222222222222,1.0,0.9714285714285714
64,HistGradientBoosting,0.9736842105263158,0.9791653268163011,0.9703659748149633,0.8947368421052632,1.0,1.0,1.0
65,Multinomial logistic,0.9597222222222221,0.968850416420749,0.9655466888763089,1.0,1.0,0.8888888888888888,0.95
65,Linear SVM,0.9597222222222221,0.968850416420749,0.9655466888763089,1.0,1.0,0.8888888888888888,0.95
65,RBF SVM,0.9676470588235294,0.9648180790527465,0.9495375896727446,1.0,0.9705882352941176,1.0,0.9
65,Random forest,0.9868421052631579,0.9871456822676334,0.9828536020556252,0.9473684210526315,1.0,1.0,1.0
65,Extra trees,0.9743421052631578,0.9771200548374461,0.9653983515826877,0.9473684210526315,1.0,1.0,0.95
65,kNN,0.975,0.9796992481203007,0.9659363785973438,1.0,1.0,1.0,0.9
65,HistGradientBoosting,0.920906432748538,0.9284905232953258,0.9132401248483927,0.8947368421052632,1.0,0.8888888888888888,0.9
66,Multinomial logistic,0.950487012987013,0.9433879714676567,0.9327706482121226,0.9523809523809523,0.9821428571428571,0.9583333333333334,0.9090909090909091
66,Linear SVM,0.9388528138528138,0.935351252523457,0.9133841798431096,0.9047619047619048,0.9642857142857143,1.0,0.8863636363636364
66,RBF SVM,0.9403409090909091,0.9370802005012531,0.9134538480007981,0.9523809523809523,0.9642857142857143,0.9583333333333334,0.8863636363636364
66,Random forest,0.911525974025974,0.9140073469178156,0.9027734673564823,0.8571428571428571,0.9821428571428571,0.875,0.9318181818181818
66,Extra trees,0.942775974025974,0.936829885231048,0.922823764310681,1.0,0.9642857142857143,0.875,0.9318181818181818
66,kNN,0.9710497835497836,0.9727865263190387,0.9614219691326669,0.9523809523809523,1.0,1.0,0.9318181818181818
66,HistGradientBoosting,0.9299242424242423,0.9247892117426214,0.9035635909180447,0.9523809523809523,0.9642857142857143,0.9166666666666666,0.8863636363636364
67,Multinomial logistic,0.9671442687747036,0.9581173227521542,0.9383436231413903,1.0,0.9772727272727273,1.0,0.8913043478260869
67,Linear SVM,0.9614624505928854,0.949090909090909,0.9281455063100895,1.0,0.9545454545454546,1.0,0.8913043478260869
67,RBF SVM,0.9567276021080369,0.9539198450915948,0.9273538140125704,1.0,0.9772727272727273,0.9583333333333334,0.8913043478260869
67,Random forest,0.9249835309617919,0.9238595633756924,0.8956716937861691,1.0,0.9318181818181818,0.8333333333333334,0.9347826086956522
67,Extra trees,0.9682971014492754,0.9727053140096618,0.958286448735991,1.0,1.0,0.9166666666666666,0.9565217391304348
67,kNN,0.9787137681159421,0.980883537266516,0.9687685817358306,1.0,1.0,0.9583333333333334,0.9565217391304348
67,HistGradientBoosting,0.9465167984189724,0.9494372728877984,0.926923260256499,1.0,0.9545454545454546,0.875,0.9565217391304348
68,Multinomial logistic,0.9502164502164502,0.9459570213548182,0.9217299438204735,1.0,0.9523809523809523,0.9090909090909091,0.9393939393939394
68,Linear SVM,0.9383116883116883,0.9277472527472528,0.9025918173872778,1.0,0.9047619047619048,0.9090909090909091,0.9393939393939394
68,RBF SVM,0.9653679653679654,0.9537752447980417,0.9224604146960715,1.0,0.9523809523809523,1.0,0.9090909090909091
68,Random forest,0.9848484848484849,0.9808238636363636,0.9617564036268437,1.0,1.0,1.0,0.9393939393939394
68,Extra trees,0.9545454545454546,0.9544513457556936,0.92467947760222,1.0,1.0,0.9090909090909091,0.9090909090909091
68,kNN,0.9621212121212122,0.9636160714285714,0.9426835929697615,1.0,1.0,0.9090909090909091,0.9393939393939394
68,HistGradientBoosting,0.9534632034632035,0.9365380162362428,0.9031477390337594,1.0,0.9047619047619048,1.0,0.9090909090909091
69,Multinomial logistic,0.9513888888888888,0.9136144825799998,0.8954944846473647,1.0,1.0,1.0,0.8055555555555556
69,Linear SVM,0.9421296296296295,0.9008547008547009,0.8800333362028058,1.0,0.9629629629629629,1.0,0.8055555555555556
69,RBF SVM,0.9421296296296295,0.9016255455910628,0.880731350371277,1.0,0.9629629629629629,1.0,0.8055555555555556
69,Random forest,0.9223785473785474,0.9059973045822102,0.8885338210759037,0.9285714285714286,0.9629629629629629,0.9090909090909091,0.8888888888888888
69,Extra trees,0.9652777777777778,0.9350469872857933,0.9247256313146606,1.0,1.0,1.0,0.8611111111111112
69,kNN,0.9583333333333334,0.9264309764309765,0.9098777139702409,1.0,1.0,1.0,0.8333333333333334
69,HistGradientBoosting,0.9421296296296295,0.9016255455910628,0.880731350371277,1.0,0.9629629629629629,1.0,0.8055555555555556
70,Multinomial logistic,0.916839199447895,0.8965583348037827,0.8821114269799327,1.0,0.9523809523809523,0.8888888888888888,0.8260869565217391
70,Linear SVM,0.928743961352657,0.9196094529765929,0.9160032572951817,1.0,1.0,0.8888888888888888,0.8260869565217391
70,RBF SVM,0.9505693581780539,0.928898220663009,0.9163720047242426,1.0,0.9761904761904762,1.0,0.8260869565217391
70,Random forest,0.9662698412698413,0.9718654027876211,0.965990529881555,1.0,0.9761904761904762,0.8888888888888888,1.0
70,Extra trees,0.9722222222222222,0.9799749687108886,0.9828421603380857,1.0,1.0,0.8888888888888888,1.0
70,kNN,0.9057971014492754,0.9240572220349772,0.9312099086111494,1.0,1.0,0.6666666666666666,0.9565217391304348
70,HistGradientBoosting,0.9276224982746721,0.9319233621415755,0.9318369104294657,1.0,0.9761904761904762,0.7777777777777778,0.9565217391304348
71,Multinomial logistic,0.9125604047115676,0.9152396773857168,0.9018473937956005,0.95,0.9534883720930233,0.8181818181818182,0.9285714285714286
71,Linear SVM,0.9536016309272124,0.9567401590657404,0.9441072374204627,1.0,0.9767441860465116,0.9090909090909091,0.9285714285714286
71,RBF SVM,0.970514950166113,0.9642857142857142,0.9446124871161489,1.0,0.9534883720930233,1.0,0.9285714285714286
71,Random forest,0.8862617034128663,0.8979548831145205,0.887675043555623,0.9,0.9534883720930233,0.7272727272727273,0.9642857142857143
71,Extra trees,0.9433441558441559,0.9511424116982958,0.9442082932993159,0.9,1.0,0.9090909090909091,0.9642857142857143
71,kNN,0.9420454545454545,0.9601627772976088,0.9582995618157567,0.95,1.0,0.8181818181818182,1.0
71,HistGradientBoosting,0.8661318332829961,0.8680372212980908,0.845283590080051,0.8,0.9534883720930233,0.8181818181818182,0.8928571428571429
72,Multinomial logistic,0.9401785714285714,0.930976430976431,0.9080568572884841,1.0,0.975,0.9523809523809523,0.8333333333333334
72,Linear SVM,0.9401785714285714,0.930976430976431,0.9080568572884841,1.0,0.975,0.9523809523809523,0.8333333333333334
72,RBF SVM,0.9520833333333334,0.9400243375786854,0.922080771717493,1.0,0.975,1.0,0.8333333333333334
72,Random forest,0.9542811355311356,0.9534048299352305,0.9462093282100769,0.9230769230769231,0.975,0.9523809523809523,0.9666666666666667
72,Extra trees,0.9916666666666667,0.9926762921113204,0.986615692920264,1.0,1.0,1.0,0.9666666666666667
72,kNN,1.0,1.0,1.0,1.0,1.0,1.0,1.0
72,HistGradientBoosting,0.9173076923076923,0.9252353781913853,0.9191679825943908,0.7692307692307693,1.0,1.0,0.9
73,Multinomial logistic,0.9374442177738112,0.9327742946708464,0.9051031032749395,1.0,0.9545454545454546,0.9565217391304348,0.8387096774193549
73,Linear SVM,0.9203987632283566,0.9066851008458036,0.8724114695471844,1.0,0.8863636363636364,0.9565217391304348,0.8387096774193549
73,RBF SVM,0.936950146627566,0.9250434095049407,0.8942355853179833,1.0,0.9090909090909091,1.0,0.8387096774193549
73,Random forest,0.9185101364273875,0.908387286842689,0.8812064951186447,1.0,0.9545454545454546,0.9130434782608695,0.8064516129032258
73,Extra trees,0.9701246334310851,0.9640467936018784,0.9524836281745127,1.0,0.9772727272727273,1.0,0.9032258064516129
73,kNN,0.9616377661609079,0.9531996413140947,0.9403490972959497,1.0,0.9545454545454546,0.9565217391304348,0.9354838709677419
73,HistGradientBoosting,0.9236674141797482,0.914489925002259,0.8936328788516165,0.8823529411764706,0.9090909090909091,1.0,0.9032258064516129
74,Multinomial logistic,0.9388840326340326,0.9322588522588522,0.9037694820515242,1.0,0.9487179487179487,0.9583333333333334,0.8484848484848485
74,Linear SVM,0.9493006993006994,0.9406332229861641,0.9163264402908543,1.0,0.9487179487179487,1.0,0.8484848484848485
74,RBF SVM,0.9493006993006994,0.9396925654990171,0.9170950801650088,1.0,0.9487179487179487,1.0,0.8484848484848485
74,Random forest,0.944064513917455,0.9446417814411416,0.9277718836321266,0.9411764705882353,0.9487179487179487,0.9166666666666666,0.9696969696969697
74,Extra trees,0.9644607843137255,0.9710371790683552,0.9638993966849281,0.9411764705882353,1.0,0.9166666666666666,1.0
74,kNN,0.9651806526806527,0.9608007627962203,0.951983188827959,1.0,0.9743589743589743,0.9166666666666666,0.9696969696969697
74,HistGradientBoosting,0.9289129987659399,0.9270661962151324,0.9029034137156102,0.9411764705882353,0.9487179487179487,0.9166666666666666,0.9090909090909091
75,Multinomial logistic,0.9661363636363636,0.962966847966848,0.9494508491247987,1.0,0.9545454545454546,0.95,0.96
75,Linear SVM,0.9775,0.9736728879586023,0.9665975770304515,1.0,1.0,0.95,0.96
75,RBF SVM,0.99,0.9856386999244142,0.98331133937946,1.0,1.0,1.0,0.96
75,Random forest,0.9875,0.9886877828054299,0.9832493114634195,1.0,1.0,0.95,1.0
75,Extra trees,0.9875,0.9880341880341881,0.9832593637694899,1.0,1.0,0.95,1.0
75,kNN,0.9761363636363636,0.972966847966848,0.9663713365228793,1.0,0.9545454545454546,0.95,1.0
75,HistGradientBoosting,0.9807692307692308,0.9844444444444445,0.9832365096214644,0.9230769230769231,1.0,1.0,1.0
76,Multinomial logistic,0.9134375312094278,0.9009102631348893,0.8708375263619441,1.0,0.9354838709677419,0.8947368421052632,0.8235294117647058
76,Linear SVM,0.9478178368121442,0.9339379258734097,0.910553384888129,1.0,0.967741935483871,1.0,0.8235294117647058
76,RBF SVM,0.9493658244282432,0.9441587714601091,0.9216003182141419,0.9473684210526315,0.967741935483871,1.0,0.8823529411764706
76,Random forest,0.9567187656047138,0.9562715085103145,0.9339853378064963,0.9473684210526315,0.967741935483871,1.0,0.9117647058823529
76,Extra trees,0.9736842105263158,0.9785196687370601,0.9737799244605327,1.0,1.0,0.8947368421052632,1.0
76,kNN,0.9868421052631579,0.9892749892749892,0.9868519724336238,1.0,1.0,0.9473684210526315,1.0
76,HistGradientBoosting,0.9656196943972835,0.9718247455490586,0.9608193657473139,0.9473684210526315,0.967741935483871,0.9473684210526315,1.0
77,Multinomial logistic,0.9180555555555556,0.9100778357611952,0.8935590271416034,0.8888888888888888,0.9583333333333334,0.95,0.875
77,Linear SVM,0.9791666666666666,0.9698749790701569,0.9649880903026763,1.0,1.0,1.0,0.9166666666666666
77,RBF SVM,0.96875,0.9594583124034901,0.9471308245124082,1.0,0.9583333333333334,1.0,0.9166666666666666
77,Random forest,0.9368055555555556,0.9460383171271782,0.9293064846556824,0.8888888888888888,0.9583333333333334,0.9,1.0
77,Extra trees,0.975,0.9766380236305048,0.9647639723556838,1.0,1.0,0.9,1.0
77,kNN,0.9875,0.9884877027734171,0.9822891776932914,1.0,1.0,0.95,1.0
77,HistGradientBoosting,0.8777777777777778,0.8733130904183536,0.857178344940815,0.7777777777777778,0.9583333333333334,0.9,0.875
78,Multinomial logistic,0.9497549019607843,0.9523136057782797,0.9409425657866056,0.9166666666666666,0.9411764705882353,0.9411764705882353,1.0
78,Linear SVM,0.9142156862745099,0.9101700205640423,0.8980381354413332,0.8333333333333334,0.8823529411764706,0.9411764705882353,1.0
78,RBF SVM,0.9779411764705882,0.9673504273504274,0.9563584351119726,1.0,0.9117647058823529,1.0,1.0
78,Random forest,0.9073766603415561,0.9170652450703602,0.9101475722643523,0.75,0.9705882352941176,0.9411764705882353,0.967741935483871
78,Extra trees,0.9791666666666666,0.9855072463768116,0.9851575292140877,0.9166666666666666,1.0,1.0,1.0
78,kNN,0.9509803921568627,0.9588086749851455,0.9554330789252851,0.8333333333333334,0.9705882352941176,1.0,1.0
78,HistGradientBoosting,0.8718374446552815,0.8913347069597071,0.8805840160905226,0.6666666666666666,0.9705882352941176,0.8823529411764706,0.967741935483871
79,Multinomial logistic,0.9359780844155845,0.9405101902041926,0.9096294418017701,1.0,0.90625,0.9090909090909091,0.9285714285714286
79,Linear SVM,0.9676339285714286,0.9631833869323084,0.9409500709509053,1.0,0.90625,1.0,0.9642857142857143
79,RBF SVM,0.9587053571428572,0.9561271896921599,0.9251573713020794,1.0,0.90625,1.0,0.9285714285714286
79,Random forest,0.9299918831168832,0.9421336206896551,0.9247209786793571,1.0,0.9375,0.8181818181818182,0.9642857142857143
79,Extra trees,0.9802827380952381,0.9817039741121095,0.9699318271235275,0.9523809523809523,0.96875,1.0,1.0
79,kNN,0.9910714285714286,0.9916083916083916,0.9850553493517785,1.0,1.0,1.0,0.9642857142857143
79,HistGradientBoosting,0.9616477272727273,0.9673188575594263,0.9557453319529681,1.0,0.9375,0.9090909090909091,1.0
80,Multinomial logistic,0.9696992481203007,0.9627738140922726,0.9510409866585912,1.0,0.9714285714285714,0.96,0.9473684210526315
80,Linear SVM,0.9625563909774436,0.9587887723654747,0.939121818453751,1.0,0.9428571428571428,0.96,0.9473684210526315
80,RBF SVM,0.9565413533834587,0.9413541824423242,0.9277309788598881,1.0,0.9714285714285714,0.96,0.8947368421052632
80,Random forest,0.9696992481203007,0.9657138892468109,0.9508060391657931,1.0,0.9714285714285714,0.96,0.9473684210526315
80,Extra trees,0.9862781954887219,0.9811771745706095,0.9754266585190033,1.0,0.9714285714285714,1.0,0.9736842105263158
80,kNN,0.983421052631579,0.9794228094346044,0.9755137599051362,1.0,1.0,0.96,0.9736842105263158
80,HistGradientBoosting,0.9696992481203007,0.9610884353741496,0.9510294509227334,1.0,0.9714285714285714,0.96,0.9473684210526315
81,Multinomial logistic,0.9734848484848485,0.9679450757575758,0.953177358795747,1.0,0.9393939393939394,1.0,0.9545454545454546
81,Linear SVM,0.9734848484848485,0.9679450757575758,0.953177358795747,1.0,0.9393939393939394,1.0,0.9545454545454546
81,RBF SVM,0.9734848484848485,0.9679450757575758,0.953177358795747,1.0,0.9393939393939394,1.0,0.9545454545454546
81,Random forest,0.9535984848484849,0.9558374249863613,0.9377292695022145,1.0,0.9393939393939394,0.875,1.0
81,Extra trees,0.9692234848484849,0.9681655370624571,0.9537606102495854,1.0,0.9393939393939394,0.9375,1.0
81,kNN,0.9611742424242424,0.9648880105401845,0.9530033483597893,1.0,0.9696969696969697,0.875,1.0
81,HistGradientBoosting,0.9540719696969697,0.9502962475312706,0.9247453719731642,1.0,0.8787878787878788,0.9375,1.0
82,Multinomial logistic,0.9895833333333334,0.9879240943070731,0.978269991640174,1.0,0.9583333333333334,1.0,1.0
82,Linear SVM,0.9895833333333334,0.9879240943070731,0.978269991640174,1.0,0.9583333333333334,1.0,1.0
82,RBF SVM,0.9861111111111112,0.9819875776397515,0.9782782655735194,1.0,1.0,1.0,0.9444444444444444
82,Random forest,0.9895833333333334,0.9879240943070731,0.978269991640174,1.0,0.9583333333333334,1.0,1.0
82,Extra trees,1.0,1.0,1.0,1.0,1.0,1.0,1.0
82,kNN,1.0,1.0,1.0,1.0,1.0,1.0,1.0
82,HistGradientBoosting,0.9895833333333334,0.9879240943070731,0.978269991640174,1.0,0.9583333333333334,1.0,1.0
83,Multinomial logistic,0.8829365079365079,0.8952022375215147,0.9090186050329878,0.8888888888888888,0.9761904761904762,0.6666666666666666,1.0
83,Linear SVM,0.9603174603174602,0.9613216808025313,0.9548907519894726,1.0,0.9523809523809523,0.8888888888888888,1.0
83,RBF SVM,0.9940476190476191,0.9922709706751534,0.984829359860633,1.0,0.9761904761904762,1.0,1.0
83,Random forest,0.8214285714285714,0.8438508878127522,0.8495065038977255,0.7777777777777778,0.9523809523809523,0.5555555555555556,1.0
83,Extra trees,0.9523809523809523,0.961502848675067,0.9547473515689717,0.9444444444444444,0.9761904761904762,0.8888888888888888,1.0
83,kNN,0.9543650793650793,0.9581777155306568,0.9407913181592086,1.0,0.9285714285714286,0.8888888888888888,1.0
83,HistGradientBoosting,0.8137973137973138,0.833425327960847,0.8220105195042976,0.8333333333333334,0.9047619047619048,0.5555555555555556,0.9615384615384616
84,Multinomial logistic,0.99,0.9829931972789117,0.9818774063753796,1.0,1.0,1.0,0.96
84,Linear SVM,0.99,0.9829931972789117,0.9818774063753796,1.0,1.0,1.0,0.96
84,RBF SVM,0.98,0.9701028138528139,0.9640626039564362,1.0,1.0,1.0,0.92
84,Random forest,0.9545833333333333,0.9568170739740465,0.9454143388812252,1.0,0.9583333333333334,0.9,0.96
84,Extra trees,1.0,1.0,1.0,1.0,1.0,1.0,1.0
84,kNN,1.0,1.0,1.0,1.0,1.0,1.0,1.0
84,HistGradientBoosting,0.965,0.9692663476874003,0.9633109607624377,1.0,1.0,0.9,0.96
85,Multinomial logistic,0.9529761904761905,0.9497189506989934,0.9332526367050538,1.0,0.9285714285714286,0.9166666666666666,0.9666666666666667
85,Linear SVM,0.9738095238095239,0.9645502645502646,0.9501962799338486,1.0,0.9285714285714286,1.0,0.9666666666666667
85,RBF SVM,0.9738095238095239,0.9645502645502646,0.9501962799338486,1.0,0.9285714285714286,1.0,0.9666666666666667
85,Random forest,0.9910714285714286,0.9913561847988077,0.983227839025578,1.0,0.9642857142857143,1.0,1.0
85,Extra trees,0.9718406593406593,0.9769730679156909,0.9661534905047972,0.9230769230769231,0.9642857142857143,1.0,1.0
85,kNN,0.9910714285714286,0.9861952861952862,0.9832897761484701,1.0,0.9642857142857143,1.0,1.0
85,HistGradientBoosting,0.9529761904761905,0.9544828840060257,0.9330212117446344,1.0,0.9285714285714286,0.9166666666666666,0.9666666666666667
86,Multinomial logistic,0.9033822459374241,0.9090012143290832,0.8780973675979942,0.9285714285714286,0.9354838709677419,0.7894736842105263,0.96
86,Linear SVM,0.9070458404074704,0.8972860791826309,0.8651613671367603,1.0,0.8387096774193549,0.7894736842105263,1.0
86,RBF SVM,0.9343972835314092,0.9363422345946317,0.9085886066916914,1.0,0.9354838709677419,0.8421052631578947,0.96
86,Random forest,0.8963533834586466,0.8972058761612515,0.8780564964932365,0.9285714285714286,1.0,0.7368421052631579,0.92
86,Extra trees,0.9373684210526316,0.9435449660633484,0.9244652468301131,1.0,1.0,0.7894736842105263,0.96
86,kNN,0.9556196943972836,0.9547200229739654,0.938864097820638,1.0,0.967741935483871,0.8947368421052632,0.96
86,HistGradientBoosting,0.8576679602231385,0.8620553326435679,0.8301833991566133,0.7857142857142857,0.9354838709677419,0.7894736842105263,0.92
87,Multinomial logistic,0.9886363636363636,0.9880884855360181,0.9768325808955671,1.0,0.9545454545454546,1.0,1.0
87,Linear SVM,0.9761363636363636,0.9316860465116279,0.9536269071744157,1.0,0.9545454545454546,1.0,0.95
87,RBF SVM,0.9622474747474747,0.9187505064419415,0.9305305818507548,0.9444444444444444,0.9545454545454546,1.0,0.95
87,Random forest,0.821969696969697,0.8587136757451395,0.8851070809362153,0.8333333333333334,0.9545454545454546,0.5,1.0
87,Extra trees,0.9319444444444445,0.9340709109730848,0.8857737030567175,0.7777777777777778,1.0,1.0,0.95
87,kNN,0.9761363636363636,0.9316860465116279,0.9536269071744157,1.0,0.9545454545454546,1.0,0.95
87,HistGradientBoosting,0.8611111111111112,0.8976190476190475,0.9536591351813318,0.9444444444444444,1.0,0.5,1.0
88,Multinomial logistic,0.9423323092677931,0.9423323092677931,0.953449983492902,0.9444444444444444,1.0,0.8571428571428571,0.967741935483871
88,Linear SVM,0.9838709677419355,0.9816631566631567,0.9694771027536722,1.0,1.0,1.0,0.9354838709677419
88,RBF SVM,0.9838709677419355,0.9682432432432433,0.9696474063421197,1.0,1.0,1.0,0.9354838709677419
88,Random forest,0.8942147034252298,0.9100490502144913,0.922497617040891,0.8888888888888888,0.9736842105263158,0.7142857142857143,1.0
88,Extra trees,0.9502688172043011,0.947014029064247,0.9391492473703792,0.8333333333333334,1.0,1.0,0.967741935483871
88,kNN,0.956221198156682,0.9702606137032368,0.9692762834307559,1.0,1.0,0.8571428571428571,0.967741935483871
88,HistGradientBoosting,0.920378904249872,0.9165887792695893,0.9229805717656949,0.8888888888888888,1.0,0.8571428571428571,0.9354838709677419
89,Multinomial logistic,0.9409536541889483,0.9051066540985896,0.8823251114926138,1.0,0.9696969696969697,1.0,0.7941176470588235
89,Linear SVM,0.9409536541889483,0.9160717151569342,0.8816302068533779,1.0,0.9696969696969697,1.0,0.7941176470588235
89,RBF SVM,0.9483065953654188,0.9241702741702742,0.8960927509255705,1.0,0.9696969696969697,1.0,0.8235294117647058
89,Random forest,0.951402570597617,0.9384655076605541,0.9229187435046055,1.0,0.9696969696969697,0.8947368421052632,0.9411764705882353
89,Extra trees,0.9589783281733746,0.9589783281733746,0.9379379379379379,1.0,1.0,0.8947368421052632,0.9411764705882353
89,kNN,0.9663312693498453,0.9688601645123385,0.9534995677852149,1.0,1.0,0.8947368421052632,0.9705882352941176
89,HistGradientBoosting,0.9574303405572755,0.9520220588235294,0.924680869808527,1.0,1.0,0.9473684210526315,0.8823529411764706
90,Multinomial logistic,0.9497126436781609,0.9535252798437384,0.9329731992830547,1.0,0.9655172413793104,0.8888888888888888,0.9444444444444444
90,Linear SVM,0.9844348659003832,0.9844348659003832,0.9664222307989193,1.0,0.9655172413793104,1.0,0.9722222222222222
90,RBF SVM,0.9844348659003832,0.9844348659003832,0.9664222307989193,1.0,0.9655172413793104,1.0,0.9722222222222222
90,Random forest,0.9774904214559388,0.970886019191104,0.9504831081864635,1.0,0.9655172413793104,1.0,0.9444444444444444
90,Extra trees,1.0,1.0,1.0,1.0,1.0,1.0,1.0
90,kNN,1.0,1.0,1.0,1.0,1.0,1.0,1.0
90,HistGradientBoosting,0.9774904214559388,0.970886019191104,0.9504831081864635,1.0,0.9655172413793104,1.0,0.9444444444444444
91,Multinomial logistic,0.851319073083779,0.8693361151233082,0.8345868070101403,0.8,0.96,0.7058823529411765,0.9393939393939394
91,Linear SVM,0.9172727272727272,0.9216210695990108,0.9022057560129685,0.8,0.96,1.0,0.9090909090909091
91,RBF SVM,0.9672727272727273,0.9553273809523809,0.934687364538003,1.0,0.96,1.0,0.9090909090909091
91,Random forest,0.8287433155080214,0.8445119208277103,0.8213086317434617,0.7,1.0,0.7058823529411765,0.9090909090909091
91,Extra trees,0.937566844919786,0.937648299028016,0.9184072007877578,0.9,1.0,0.9411764705882353,0.9090909090909091
91,kNN,0.9674242424242424,0.9733805668016194,0.9673336192116325,0.9,1.0,1.0,0.9696969696969697
91,HistGradientBoosting,0.851319073083779,0.874747771814164,0.8371641053532396,0.8,0.96,0.7058823529411765,0.9393939393939394
92,Multinomial logistic,0.9231092981092981,0.9261618248191138,0.9022073556976316,0.9230769230769231,0.9259259259259259,0.8888888888888888,0.9545454545454546
92,Linear SVM,0.9701178451178452,0.9644586894586895,0.9415786128011229,1.0,0.9259259259259259,1.0,0.9545454545454546
92,RBF SVM,0.9793771043771043,0.9746601232450289,0.9607414668140953,1.0,0.9629629629629629,1.0,0.9545454545454546
92,Random forest,0.9152421652421652,0.9293351956167082,0.9045718918351193,0.8461538461538461,0.9259259259259259,0.8888888888888888,1.0
92,Extra trees,0.9722222222222222,0.9797385620915033,0.9803667108411314,1.0,1.0,0.8888888888888888,1.0
92,kNN,0.9629629629629629,0.969707571297592,0.9610362490061727,1.0,0.9629629629629629,0.8888888888888888,1.0
92,HistGradientBoosting,0.8767806267806267,0.8956886287962869,0.8661598453374775,0.6923076923076923,0.9259259259259259,0.8888888888888888,1.0
93,Multinomial logistic,0.9247826086956521,0.9079053084648493,0.8778010452267474,1.0,0.96,1.0,0.7391304347826086
93,Linear SVM,0.9247826086956521,0.9079053084648493,0.8778010452267474,1.0,0.96,1.0,0.7391304347826086
93,RBF SVM,0.9465217391304348,0.9382029598308668,0.9111063630610571,1.0,0.96,1.0,0.8260869565217391
93,Random forest,0.904891304347826,0.9111500578492265,0.8913331486875066,0.75,1.0,1.0,0.8695652173913043
93,Extra trees,0.9340579710144927,0.9343240093240094,0.9093813160769483,1.0,1.0,0.8666666666666667,0.8695652173913043
93,kNN,0.934963768115942,0.9424089582242671,0.9269576142236323,0.9166666666666666,1.0,0.8666666666666667,0.9565217391304348
93,HistGradientBoosting,0.8523550724637682,0.8564185399560282,0.8388113435412847,0.5833333333333334,1.0,1.0,0.8260869565217391
94,Multinomial logistic,0.9369047619047619,0.9353224656042947,0.9133052818645063,0.9523809523809523,0.9333333333333333,0.9333333333333333,0.9285714285714286
94,Linear SVM,0.9446428571428571,0.9379778282183969,0.9141383166328005,0.9523809523809523,0.9333333333333333,1.0,0.8928571428571429
94,RBF SVM,0.9535714285714285,0.9480157908935363,0.9282359696984426,0.9523809523809523,0.9333333333333333,1.0,0.9285714285714286
94,Random forest,0.9625,0.9582521375741913,0.9426175710444757,0.9523809523809523,0.9333333333333333,1.0,0.9642857142857143
94,Extra trees,1.0,1.0,1.0,1.0,1.0,1.0,1.0
94,kNN,0.9827380952380953,0.9798536209553159,0.9715360258384894,1.0,0.9666666666666667,1.0,0.9642857142857143
94,HistGradientBoosting,0.974404761904762,0.9766367854278841,0.9711380880242343,1.0,1.0,0.9333333333333333,0.9642857142857143
95,Multinomial logistic,0.9226495726495727,0.9096683487735684,0.8840971795740669,1.0,0.9444444444444444,0.9,0.8461538461538461
95,Linear SVM,0.9407051282051282,0.9109287193138125,0.8869851337425867,1.0,0.9166666666666666,1.0,0.8461538461538461
95,RBF SVM,0.9476495726495727,0.9226970303293309,0.9025275918446716,1.0,0.9444444444444444,1.0,0.8461538461538461
95,Random forest,0.958440170940171,0.9573279298432102,0.9499722580430323,1.0,0.9722222222222222,0.9,0.9615384615384616
95,Extra trees,0.9807692307692308,0.977954652810581,0.967037272149073,1.0,1.0,1.0,0.9230769230769231
95,kNN,0.983440170940171,0.9710514608951886,0.9671032838070927,1.0,0.9722222222222222,1.0,0.9615384615384616
95,HistGradientBoosting,0.958440170940171,0.9573279298432102,0.9499722580430323,1.0,0.9722222222222222,0.9,0.9615384615384616
96,Multinomial logistic,0.9287192096402622,0.9200276189364764,0.8963517157413373,0.9473684210526315,0.9636363636363636,0.9629629629629629,0.8409090909090909
96,Linear SVM,0.9477272727272728,0.9321346386595278,0.9068467102984278,1.0,0.9272727272727272,1.0,0.8636363636363636
96,RBF SVM,0.9556818181818182,0.9401631665049744,0.9256325837012701,1.0,0.9818181818181818,1.0,0.8409090909090909
96,Random forest,0.9072811447811447,0.8954174085566504,0.856567983155419,1.0,0.8909090909090909,0.8518518518518519,0.8863636363636364
96,Extra trees,0.9714225589225589,0.9703703703703703,0.9519083702041103,1.0,0.9454545454545454,0.9629629629629629,0.9772727272727273
96,kNN,0.9701178451178452,0.9708893836049008,0.9615103567885828,1.0,1.0,0.9259259259259259,0.9545454545454546
96,HistGradientBoosting,0.9139309764309764,0.910829636431401,0.8754104801035623,1.0,0.9090909090909091,0.8148148148148148,0.9318181818181818
97,Multinomial logistic,0.9532428355957768,0.9431072941942508,0.9145815204803721,1.0,0.9411764705882353,1.0,0.8717948717948718
97,Linear SVM,0.93304244774833,0.9205977687320972,0.8897790433198216,1.0,0.8823529411764706,0.9523809523809523,0.8974358974358975
97,RBF SVM,0.9523001508295625,0.9446078431372549,0.9142876804032359,1.0,0.9117647058823529,1.0,0.8974358974358975
97,Random forest,0.9486910148674855,0.9429957599478147,0.9153914482678712,1.0,0.9705882352941176,0.9523809523809523,0.8717948717948718
97,Extra trees,0.9605957767722474,0.952314267894721,0.927613779096589,1.0,0.9705882352941176,1.0,0.8717948717948718
97,kNN,0.954185520361991,0.9493801104385685,0.9164247582547096,1.0,0.9705882352941176,1.0,0.8461538461538461
97,HistGradientBoosting,0.9266321913380736,0.9228752896512882,0.8907071415640693,0.9411764705882353,0.9411764705882353,0.9523809523809523,0.8717948717948718
98,Multinomial logistic,0.9485294117647058,0.897395498175781,0.869019582683628,1.0,1.0,1.0,0.7941176470588235
98,Linear SVM,0.9558823529411764,0.9150483691156903,0.8866372296609594,1.0,1.0,1.0,0.8235294117647058
98,RBF SVM,0.9632352941176471,0.9282939282939283,0.903690813873466,1.0,1.0,1.0,0.8529411764705882
98,Random forest,0.9223856209150326,0.9137323460852873,0.8970155259672624,0.8888888888888888,1.0,0.8888888888888888,0.9117647058823529
98,Extra trees,0.9779411764705882,0.9570512820512821,0.9399012540266433,1.0,1.0,1.0,0.9117647058823529
98,kNN,0.9779411764705882,0.9570512820512821,0.9399012540266433,1.0,1.0,1.0,0.9117647058823529
98,HistGradientBoosting,0.9705882352941176,0.946875,0.920880694728124,1.0,1.0,1.0,0.8823529411764706
99,Multinomial logistic,0.9827586206896551,0.9705459770114944,0.9631249142062827,1.0,1.0,1.0,0.9310344827586207
99,Linear SVM,0.9827586206896551,0.9705459770114944,0.9631249142062827,1.0,1.0,1.0,0.9310344827586207
99,RBF SVM,0.9675697865353038,0.9545426065162906,0.9447514854723073,1.0,0.9047619047619048,1.0,0.9655172413793104
99,Random forest,0.9642857142857143,0.9724358974358975,0.9627701914218059,0.8571428571428571,1.0,1.0,1.0
99,Extra trees,0.9642857142857143,0.9724358974358975,0.9627701914218059,0.8571428571428571,1.0,1.0,1.0
99,kNN,1.0,1.0,1.0,1.0,1.0,1.0,1.0
99,HistGradientBoosting,0.9523809523809523,0.9544335745555258,0.9440036601890098,0.8571428571428571,0.9523809523809523,1.0,1.0
100,Multinomial logistic,0.9075796326435712,0.9006472216308282,0.8709225563134109,0.9090909090909091,1.0,0.9565217391304348,0.7647058823529411
100,Linear SVM,0.9485294117647058,0.9415712156695764,0.9110601722956675,1.0,1.0,1.0,0.7941176470588235
100,RBF SVM,0.9485294117647058,0.9415712156695764,0.9110601722956675,1.0,1.0,1.0,0.7941176470588235
100,Random forest,0.8694780283654964,0.8756870361781076,0.8545386062902396,0.7272727272727273,1.0,0.9565217391304348,0.7941176470588235
100,Extra trees,0.9040630086026505,0.9087643887689825,0.869649254211252,0.9090909090909091,1.0,0.9130434782608695,0.7941176470588235
100,kNN,0.9526854219948848,0.9585435968636247,0.9343174649416766,1.0,1.0,0.8695652173913043,0.9411764705882353
100,HistGradientBoosting,0.8922053010927691,0.9045782674772037,0.8690641355881837,0.8181818181818182,1.0,0.9565217391304348,0.7941176470588235
101,Multinomial logistic,0.8529411764705882,0.87095952023988,0.8603473093523072,0.8125,1.0,0.6875,0.9117647058823529
101,Linear SVM,0.9206495098039216,0.920603688689552,0.899035802927975,0.9375,0.9583333333333334,0.875,0.9117647058823529
101,RBF SVM,0.9476102941176471,0.9422520902300314,0.9261064740649165,1.0,1.0,0.9375,0.8529411764705882
101,Random forest,0.8216911764705882,0.8370598591549296,0.8361473716642298,0.875,1.0,0.5,0.9117647058823529
101,Extra trees,0.8998161764705882,0.9085334616938563,0.8997752448019766,1.0,1.0,0.6875,0.9117647058823529
101,kNN,0.8863357843137254,0.9060373318437834,0.8862316927826429,0.875,0.9791666666666666,0.75,0.9411764705882353
101,HistGradientBoosting,0.7935049019607843,0.8049291237113402,0.7718482576583829,0.8125,0.9166666666666666,0.5625,0.8823529411764706
102,Multinomial logistic,0.9857142857142858,0.9779411764705883,0.973595927456942,1.0,0.9428571428571428,1.0,1.0
102,Linear SVM,0.9819875776397515,0.9787000439174353,0.9732456189853267,0.9565217391304348,0.9714285714285714,1.0,1.0
102,RBF SVM,0.9928571428571429,0.9888010540184453,0.9866338727680014,1.0,0.9714285714285714,1.0,1.0
102,Random forest,0.9446234472049689,0.9507723483873192,0.9333116436294345,0.8695652173913043,0.9714285714285714,0.9375,1.0
102,Extra trees,0.9751157407407407,0.9791550978511451,0.9729946450937937,1.0,1.0,0.9375,0.9629629629629629
102,kNN,0.984375,0.9873900293255132,0.986578461036805,1.0,1.0,0.9375,1.0
102,HistGradientBoosting,0.9446234472049689,0.9501093869526495,0.9337572691958541,0.8695652173913043,0.9714285714285714,0.9375,1.0
103,Multinomial logistic,0.9895833333333334,0.9891252955082742,0.9782683076705265,1.0,0.9583333333333334,1.0,1.0
103,Linear SVM,1.0,1.0,1.0,1.0,1.0,1.0,1.0
103,RBF SVM,1.0,1.0,1.0,1.0,1.0,1.0,1.0
103,Random forest,0.9038690476190476,0.9266173395162757,0.9129653986053267,0.8571428571428571,0.9583333333333334,0.8,1.0
103,Extra trees,0.9895833333333334,0.9891252955082742,0.9782683076705265,1.0,0.9583333333333334,1.0,1.0
103,kNN,1.0,1.0,1.0,1.0,1.0,1.0,1.0
103,HistGradientBoosting,0.9642857142857143,0.9698996655518395,0.956930729926086,0.8571428571428571,1.0,1.0,1.0
104,Multinomial logistic,0.9214127737620024,0.9288442460317461,0.9048915563610624,0.8666666666666667,0.9347826086956522,0.9354838709677419,0.9487179487179487
104,Linear SVM,0.9509655842054159,0.9478687978687979,0.9158408584229588,1.0,0.9130434782608695,0.967741935483871,0.9230769230769231
104,RBF SVM,0.9573758406156723,0.9545072713696487,0.9264257525327866,1.0,0.9130434782608695,0.967741935483871,0.9487179487179487
104,Random forest,0.9178075664401051,0.9223577013045131,0.9043306222403534,0.8666666666666667,0.9782608695652174,0.9032258064516129,0.9230769230769231
104,Extra trees,0.9774607113316791,0.97948482373758,0.9683257458878545,1.0,1.0,0.9354838709677419,0.9743589743589743
104,kNN,0.9774607113316791,0.97948482373758,0.9683257458878545,1.0,1.0,0.9354838709677419,0.9743589743589743
104,HistGradientBoosting,0.8876416010357104,0.9021763275366181,0.872707898239525,0.8,0.9565217391304348,0.8709677419354839,0.9230769230769231
105,Multinomial logistic,0.9813179347826086,0.9802216880341881,0.9656771773099169,1.0,0.9565217391304348,1.0,0.96875
105,Linear SVM,0.9813179347826086,0.9802216880341881,0.9656771773099169,1.0,0.9565217391304348,1.0,0.96875
105,RBF SVM,0.9813179347826086,0.9802216880341881,0.9656771773099169,1.0,0.9565217391304348,1.0,0.96875
105,Random forest,0.9658717105263158,0.9692535006364794,0.9485908048403504,0.8947368421052632,1.0,1.0,0.96875
105,Extra trees,0.9868421052631579,0.9893970893970894,0.982886803822572,0.9473684210526315,1.0,1.0,1.0
105,kNN,0.9868421052631579,0.9893970893970894,0.982886803822572,0.9473684210526315,1.0,1.0,1.0
105,HistGradientBoosting,0.9658717105263158,0.9692535006364794,0.9485908048403504,0.8947368421052632,1.0,1.0,0.96875
106,Multinomial logistic,0.9830811265237496,0.9841621792841305,0.9716349516839896,1.0,0.9836065573770492,1.0,0.9487179487179487
106,Linear SVM,0.964562608005231,0.9706443556443557,0.9528587422257424,1.0,0.9836065573770492,0.9259259259259259,0.9487179487179487
106,RBF SVM,0.9725725094577553,0.9677758187342912,0.953031642027377,1.0,0.9672131147540983,1.0,0.9230769230769231
106,Random forest,0.9551929551929552,0.965701489286395,0.9529928962147886,0.9090909090909091,1.0,0.9629629629629629,0.9487179487179487
106,Extra trees,0.9871794871794872,0.9893887945670629,0.9812760868426456,1.0,1.0,1.0,0.9487179487179487
106,kNN,0.9715099715099715,0.9773465109314166,0.9627322448618585,1.0,1.0,0.9629629629629629,0.9230769230769231
106,HistGradientBoosting,0.9551929551929552,0.965701489286395,0.9529928962147886,0.9090909090909091,1.0,0.9629629629629629,0.9487179487179487
107,Multinomial logistic,0.924889135254989,0.9234740720676965,0.9042219766025161,1.0,0.926829268292683,0.8333333333333334,0.9393939393939394
107,Linear SVM,0.9427814732692781,0.9355366678896091,0.9168628623571776,0.9545454545454546,0.9024390243902439,0.9444444444444444,0.9696969696969697
107,RBF SVM,0.9375153978812516,0.9259652255103205,0.9054628599118281,1.0,0.926829268292683,0.9444444444444444,0.8787878787878788
107,Random forest,0.9309866962305987,0.933968643361482,0.916039320509792,1.0,0.9512195121951219,0.8333333333333334,0.9393939393939394
107,Extra trees,0.9549765952204976,0.9571275644645211,0.9401829364699423,0.9545454545454546,0.9512195121951219,0.9444444444444444,0.9696969696969697
107,kNN,0.9785353535353536,0.9797258297258298,0.9758845528446481,1.0,1.0,0.9444444444444444,0.9696969696969697
107,HistGradientBoosting,0.8996366100024636,0.9062164519592055,0.8799845363444867,0.9545454545454546,0.926829268292683,0.7777777777777778,0.9393939393939394
108,Multinomial logistic,0.9722222222222222,0.9780335504462877,0.9726568814064992,1.0,1.0,0.9166666666666666,0.9722222222222222
108,Linear SVM,0.9930555555555556,0.9926327193932828,0.9862995763907676,1.0,1.0,1.0,0.9722222222222222
108,RBF SVM,0.9930555555555556,0.9926327193932828,0.9862995763907676,1.0,1.0,1.0,0.9722222222222222
108,Random forest,0.9366319444444444,0.9457438783511499,0.9311942845083684,1.0,0.96875,0.8333333333333334,0.9444444444444444
108,Extra trees,0.9930555555555556,0.9926327193932828,0.9862995763907676,1.0,1.0,1.0,0.9722222222222222
108,kNN,0.9930555555555556,0.9926327193932828,0.9862995763907676,1.0,1.0,1.0,0.9722222222222222
108,HistGradientBoosting,0.9603174603174603,0.9622785074004586,0.9585405649192724,0.9523809523809523,1.0,0.9166666666666666,0.9722222222222222
109,Multinomial logistic,0.9400921658986175,0.935283123061892,0.9354461745544973,1.0,1.0,0.8571428571428571,0.9032258064516129
109,Linear SVM,0.9400921658986175,0.935283123061892,0.9354461745544973,1.0,1.0,0.8571428571428571,0.9032258064516129
109,RBF SVM,0.9838709677419355,0.9689024390243903,0.9677292063482479,1.0,1.0,1.0,0.9354838709677419
109,Random forest,0.9517857142857142,0.9660047554784397,0.9671261932275446,0.95,1.0,0.8571428571428571,1.0
109,Extra trees,0.9642857142857143,0.9768009768009769,0.9835926932768383,1.0,1.0,0.8571428571428571,1.0
109,kNN,0.956221198156682,0.9680501804583208,0.967388761167227,1.0,1.0,0.8571428571428571,0.967741935483871
109,HistGradientBoosting,1.0,1.0,1.0,1.0,1.0,1.0,1.0
110,Multinomial logistic,0.967870670995671,0.9574633699633699,0.9487052055074628,1.0,0.9696969696969697,0.9642857142857143,0.9375
110,Linear SVM,0.9524824134199135,0.9458318676338698,0.9229866712368624,1.0,0.9393939393939394,0.9642857142857143,0.90625
110,RBF SVM,0.9770359848484849,0.97072977582846,0.9615513190007025,1.0,0.9393939393939394,1.0,0.96875
110,Random forest,0.960058170995671,0.9495094958804636,0.9358929713749328,1.0,0.9696969696969697,0.9642857142857143,0.90625
110,Extra trees,0.9732142857142857,0.9745419557444339,0.9618433869391697,1.0,1.0,0.8928571428571429,1.0
110,kNN,0.9910714285714286,0.9917232021709633,0.9871389241114333,1.0,1.0,0.9642857142857143,1.0
110,HistGradientBoosting,0.9446699134199135,0.9289497714804906,0.9109887863839357,1.0,0.9393939393939394,0.9642857142857143,0.875
111,Multinomial logistic,0.9348739495798319,0.9323580321223683,0.9241855821376891,0.9411764705882353,0.9411764705882353,0.8571428571428571,1.0
111,Linear SVM,0.9705882352941176,0.9645604653344592,0.9438265983495429,0.9411764705882353,0.9411764705882353,1.0,1.0
111,RBF SVM,0.9926470588235294,0.989511899959661,0.9811295700718062,1.0,0.9705882352941176,1.0,1.0
111,Random forest,0.9062791783380018,0.9164502009184846,0.887343592054098,0.8823529411764706,0.9411764705882353,0.8571428571428571,0.9444444444444444
111,Extra trees,0.9422268907563025,0.950231360679122,0.9438828304323916,0.9411764705882353,0.9705882352941176,0.8571428571428571,1.0
111,kNN,0.9569327731092437,0.9638799927488065,0.9623738601129886,1.0,0.9705882352941176,0.8571428571428571,1.0
111,HistGradientBoosting,0.9422268907563025,0.950231360679122,0.9438828304323916,0.9411764705882353,0.9705882352941176,0.8571428571428571,1.0
112,Multinomial logistic,0.9360269360269361,0.9436454849498328,0.9267526153900887,1.0,1.0,0.8181818181818182,0.9259259259259259
112,Linear SVM,0.9814814814814815,0.9790209790209791,0.9631189623774711,1.0,1.0,1.0,0.9259259259259259
112,RBF SVM,0.9814814814814815,0.9790209790209791,0.9631189623774711,1.0,1.0,1.0,0.9259259259259259
112,Random forest,0.9181697931697932,0.9295296114445051,0.9086934685804852,0.9285714285714286,1.0,0.8181818181818182,0.9259259259259259
112,Extra trees,0.9907407407407407,0.9894690653795524,0.9812849463155595,1.0,1.0,1.0,0.9629629629629629
112,kNN,0.9814814814814815,0.9790209790209791,0.9631189623774711,1.0,1.0,1.0,0.9259259259259259
112,HistGradientBoosting,0.9636243386243387,0.9644586894586895,0.9447917948122638,0.9285714285714286,1.0,1.0,0.9259259259259259
113,Multinomial logistic,0.8852941176470588,0.8905312907431551,0.8835682665332033,0.9411764705882353,1.0,0.7333333333333333,0.8666666666666667
113,Linear SVM,0.8887254901960785,0.8888016349450106,0.8713656182310013,0.9411764705882353,0.9803921568627451,0.8,0.8333333333333334
113,RBF SVM,0.9583333333333334,0.9582248891459417,0.9489642734390925,1.0,1.0,0.9333333333333333,0.9
113,Random forest,0.853921568627451,0.8759821428571428,0.8714068037768005,0.8823529411764706,1.0,0.6,0.9333333333333333
113,Extra trees,0.8852941176470588,0.9048061691890953,0.896804478652956,0.9411764705882353,1.0,0.6666666666666666,0.9333333333333333
113,kNN,0.911764705882353,0.9307208514755685,0.9099785256794262,1.0,0.9803921568627451,0.7333333333333333,0.9333333333333333
113,HistGradientBoosting,0.8323529411764705,0.834256325481012,0.7933384665323485,0.9411764705882353,0.9215686274509803,0.6666666666666666,0.8
114,Multinomial logistic,0.9797297297297297,0.9688137240954142,0.9528538931689386,1.0,0.918918918918919,1.0,1.0
114,Linear SVM,0.9708614864864865,0.9613199430810084,0.95236932252522,0.9375,0.9459459459459459,1.0,1.0
114,RBF SVM,0.9864864864864865,0.9751984126984128,0.9684221479547781,1.0,0.9459459459459459,1.0,1.0
114,Random forest,0.9484797297297297,0.946174208370792,0.9222923779660908,0.875,0.918918918918919,1.0,1.0
114,Extra trees,0.96875,0.9741860465116279,0.9677807184846835,0.875,1.0,1.0,1.0
114,kNN,1.0,1.0,1.0,1.0,1.0,1.0,1.0
114,HistGradientBoosting,0.9307432432432432,0.9376190476190476,0.9201909229883098,0.75,0.972972972972973,1.0,1.0
115,Multinomial logistic,0.8668399419729207,0.8719535783365571,0.8942727840185053,0.9545454545454546,0.9787234042553191,0.625,0.9090909090909091
115,Linear SVM,0.9041344294003869,0.905880497855521,0.9109209491389868,1.0,0.9574468085106383,0.75,0.9090909090909091
115,RBF SVM,0.937862669245648,0.928387667123587,0.9100606268521191,0.8636363636363636,0.9787234042553191,1.0,0.9090909090909091
115,Random forest,0.8672026112185687,0.8627768624172076,0.835282049178709,0.7272727272727273,0.9574468085106383,0.875,0.9090909090909091
115,Extra trees,0.9080633462282399,0.8990530303030303,0.8683716328221328,0.9545454545454546,0.8936170212765957,0.875,0.9090909090909091
115,kNN,0.8860614119922631,0.8775252525252525,0.8236660729420543,0.9545454545454546,0.851063829787234,0.875,0.8636363636363636
115,HistGradientBoosting,0.8306334622823985,0.8446982862863538,0.8039646543165493,0.7272727272727273,0.9361702127659575,0.75,0.9090909090909091
116,Multinomial logistic,0.9482142857142858,0.9560771125426298,0.9476442064120494,1.0,0.9714285714285714,0.8571428571428571,0.9642857142857143
116,Linear SVM,0.9410714285714286,0.9443044274566015,0.9308148141432779,1.0,0.9428571428571428,0.8571428571428571,0.9642857142857143
116,RBF SVM,0.9767857142857144,0.9670518207282913,0.9487895736557054,1.0,0.9428571428571428,1.0,0.9642857142857143
116,Random forest,0.8839285714285715,0.9149167403477748,0.9127006692958799,0.8571428571428571,1.0,0.7142857142857143,0.9642857142857143
116,Extra trees,0.9285714285714286,0.9502080521817363,0.9479220472898242,0.8571428571428571,1.0,0.8571428571428571,1.0
116,kNN,0.9571428571428572,0.9650056839712012,0.9651661331870025,1.0,0.9714285714285714,0.8571428571428571,1.0
116,HistGradientBoosting,0.9017857142857143,0.9273373634296489,0.9130962058991908,0.7857142857142857,1.0,0.8571428571428571,0.9642857142857143
117,Multinomial logistic,0.8930820967225366,0.8817325800376649,0.8513601947056201,0.9411764705882353,0.9655172413793104,0.8235294117647058,0.8421052631578947
117,Linear SVM,0.9371997437813602,0.92097358160261,0.8933568925565721,1.0,0.9655172413793104,0.9411764705882353,0.8421052631578947
117,RBF SVM,0.9371997437813602,0.92097358160261,0.8933568925565721,1.0,0.9655172413793104,0.9411764705882353,0.8421052631578947
117,Random forest,0.9345975232198143,0.9400509545923633,0.9314705814572403,0.8823529411764706,1.0,0.8823529411764706,0.9736842105263158
117,Extra trees,0.9852941176470589,0.9881869542886492,0.9863496762289745,1.0,1.0,0.9411764705882353,1.0
117,kNN,0.9640092879256966,0.9660516934046347,0.9590837908542351,0.9411764705882353,1.0,0.9411764705882353,0.9736842105263158
117,HistGradientBoosting,0.9427244582043343,0.9506702101661779,0.9323413990439156,0.9411764705882353,1.0,0.8823529411764706,0.9473684210526315
118,Multinomial logistic,0.9888888888888889,0.9877392344497609,0.9732063771842174,1.0,1.0,1.0,0.9555555555555556
118,Linear SVM,0.9888888888888889,0.9877392344497609,0.9732063771842174,1.0,1.0,1.0,0.9555555555555556
118,RBF SVM,0.9611111111111111,0.9702882039865031,0.959252534034831,1.0,1.0,0.8888888888888888,0.9555555555555556
118,Random forest,0.9432432432432433,0.9472925842966882,0.9201976541357871,1.0,0.972972972972973,0.8888888888888888,0.9111111111111111
118,Extra trees,0.9611111111111111,0.9702882039865031,0.959252534034831,1.0,1.0,0.8888888888888888,0.9555555555555556
118,kNN,0.9555555555555555,0.9641902215431627,0.9460755828163259,1.0,1.0,0.8888888888888888,0.9333333333333333
118,HistGradientBoosting,0.9277777777777778,0.9192209313444253,0.8829018782675583,1.0,1.0,0.8888888888888888,0.8222222222222222
119,Multinomial logistic,0.9396978021978022,0.9315045248868777,0.9019860168091478,1.0,0.9230769230769231,0.95,0.8857142857142857
119,Linear SVM,0.9618131868131868,0.950924455638154,0.9307252470526534,1.0,0.9615384615384616,1.0,0.8857142857142857
119,RBF SVM,0.968956043956044,0.962005414480307,0.9440746630656084,1.0,0.9615384615384616,1.0,0.9142857142857143
119,Random forest,0.9397321428571429,0.9466652136006976,0.9307172007974365,0.9375,1.0,0.85,0.9714285714285714
119,Extra trees,0.9875,0.9900686168291802,0.9859594004569503,1.0,1.0,0.95,1.0
119,kNN,0.9647321428571429,0.9702448660469457,0.9576631715351992,0.9375,1.0,0.95,0.9714285714285714
119,HistGradientBoosting,0.9263392857142858,0.9364856771850458,0.91587521084902,0.8125,1.0,0.95,0.9428571428571428
120,Multinomial logistic,0.9660087719298245,0.9699213843792158,0.9441649704992304,0.9473684210526315,1.0,1.0,0.9166666666666666
120,Linear SVM,0.9590643274853801,0.9632225393094959,0.9307009071460222,0.9473684210526315,1.0,1.0,0.8888888888888888
120,RBF SVM,0.9722222222222222,0.973389355742297,0.9454336703820702,1.0,1.0,1.0,0.8888888888888888
120,Random forest,0.9722222222222222,0.973389355742297,0.9454336703820702,1.0,1.0,1.0,0.8888888888888888
120,Extra trees,0.9722222222222222,0.973389355742297,0.9454336703820702,1.0,1.0,1.0,0.8888888888888888
120,kNN,0.9660087719298245,0.97046891612109,0.9449237845104198,0.9473684210526315,1.0,1.0,0.9166666666666666
120,HistGradientBoosting,0.9521198830409356,0.9564785373608903,0.9174569076394621,0.9473684210526315,1.0,1.0,0.8611111111111112
121,Multinomial logistic,0.9682539682539684,0.964029732450785,0.9553033044373972,1.0,1.0,0.9285714285714286,0.9444444444444444
121,Linear SVM,0.9682539682539684,0.964029732450785,0.9553033044373972,1.0,1.0,0.9285714285714286,0.9444444444444444
121,RBF SVM,0.9861111111111112,0.9796992481203007,0.9777066606741706,1.0,1.0,1.0,0.9444444444444444
121,Random forest,0.9126984126984128,0.920307304208233,0.909627920043114,0.7777777777777778,1.0,0.9285714285714286,0.9444444444444444
121,Extra trees,0.9821428571428572,0.9839839839839839,0.9775938629201891,1.0,1.0,0.9285714285714286,1.0
121,kNN,0.9821428571428572,0.9843304843304843,0.9775861267583943,1.0,1.0,0.9285714285714286,1.0
121,HistGradientBoosting,0.8809523809523809,0.8886308909528724,0.8638604775252214,0.7777777777777778,1.0,0.8571428571428571,0.8888888888888888
122,Multinomial logistic,0.94896331738437,0.9510519688644689,0.936797891602261,0.9090909090909091,0.9393939393939394,0.9473684210526315,1.0
122,Linear SVM,0.9696969696969697,0.9613709677419355,0.9384346439232566,1.0,0.8787878787878788,1.0,1.0
122,RBF SVM,0.9848484848484849,0.9796875,0.968793836362042,1.0,0.9393939393939394,1.0,1.0
122,Random forest,0.9385466507177034,0.9349233355929786,0.9206236372900627,0.9090909090909091,0.9393939393939394,0.9473684210526315,0.9583333333333334
122,Extra trees,1.0,1.0,1.0,1.0,1.0,1.0,1.0
122,kNN,1.0,1.0,1.0,1.0,1.0,1.0,1.0
122,HistGradientBoosting,0.9158193779904307,0.918210361067504,0.9040767539912433,0.8181818181818182,0.9393939393939394,0.9473684210526315,0.9583333333333334
123,Multinomial logistic,0.941468253968254,0.9412878787878787,0.9239787285472565,0.9047619047619048,0.9642857142857143,0.9523809523809523,0.9444444444444444
123,Linear SVM,0.9722222222222222,0.971048903670855,0.9619474425757941,0.9523809523809523,0.9642857142857143,1.0,0.9722222222222222
123,RBF SVM,0.9841269841269842,0.982696147521729,0.9745171640719628,1.0,0.9642857142857143,1.0,0.9722222222222222
123,Random forest,0.9315476190476191,0.9380311355311355,0.9237425605931848,0.8571428571428571,0.9642857142857143,0.9047619047619048,1.0
123,Extra trees,0.9523809523809523,0.9558798537439489,0.948967868855952,0.9047619047619048,1.0,0.9047619047619048,1.0
123,kNN,0.9642857142857143,0.9677991336510336,0.9617010390521246,0.9523809523809523,1.0,0.9047619047619048,1.0
123,HistGradientBoosting,0.9434523809523809,0.9480051480051479,0.9361730180493513,0.9047619047619048,0.9642857142857143,0.9047619047619048,1.0
124,Multinomial logistic,0.961484593837535,0.9614713030871568,0.9518172544656058,1.0,0.9411764705882353,0.9047619047619048,1.0
124,Linear SVM,0.9779411764705882,0.9739333451358768,0.964317514753059,1.0,0.9117647058823529,1.0,1.0
124,RBF SVM,0.9733893557422969,0.9718178249971008,0.9638516725332472,1.0,0.9411764705882353,0.9523809523809523,1.0
124,Random forest,0.9660364145658262,0.9647696779964222,0.9520784859171908,1.0,0.9117647058823529,0.9523809523809523,1.0
124,Extra trees,0.9880952380952381,0.9907378820623649,0.9879213929641816,1.0,1.0,0.9523809523809523,1.0
124,kNN,0.9880952380952381,0.9907378820623649,0.9879213929641816,1.0,1.0,0.9523809523809523,1.0
124,HistGradientBoosting,0.9568250377073907,0.9470753205128206,0.9287411486202446,1.0,0.8529411764705882,1.0,0.9743589743589743
125,Multinomial logistic,0.9136690261690261,0.9147262577347324,0.909270554069114,0.9444444444444444,0.9459459459459459,0.8,0.9642857142857143
125,Linear SVM,0.9708011583011583,0.960290478503203,0.9402800509149406,1.0,0.918918918918919,1.0,0.9642857142857143
125,RBF SVM,0.9843146718146718,0.97574200913242,0.9696709982251991,1.0,0.972972972972973,1.0,0.9642857142857143
125,Random forest,0.9225975975975975,0.9269811180493607,0.9244853643076338,0.9444444444444444,0.9459459459459459,0.8,1.0
125,Extra trees,0.9225975975975975,0.9381387258099587,0.9246641485741289,0.9444444444444444,0.9459459459459459,0.8,1.0
125,kNN,0.9797297297297297,0.9767247553115302,0.9556691989815698,1.0,0.918918918918919,1.0,1.0
125,HistGradientBoosting,0.8630630630630631,0.880050505050505,0.8658778420254487,0.8333333333333334,0.918918918918919,0.7,1.0
126,Multinomial logistic,0.9427083333333334,0.9451015747284937,0.9357185162122169,1.0,1.0,0.8333333333333334,0.9375
126,Linear SVM,0.9635416666666666,0.9627519651652043,0.9515522634303266,1.0,1.0,0.9166666666666666,0.9375
126,RBF SVM,0.984375,0.9794354838709678,0.9679024777218451,1.0,1.0,1.0,0.9375
126,Random forest,0.9581962719298245,0.9631975416622156,0.9509105625605101,0.9473684210526315,1.0,0.9166666666666666,0.96875
126,Extra trees,0.9635416666666666,0.9627519651652043,0.9515522634303266,1.0,1.0,0.9166666666666666,0.9375
126,kNN,0.9713541666666666,0.9729379709157262,0.9673742885725637,1.0,1.0,0.9166666666666666,0.96875
126,HistGradientBoosting,0.9557291666666666,0.9546874490361721,0.9350751679596716,1.0,1.0,0.9166666666666666,0.90625
127,Multinomial logistic,0.9344729344729344,0.9262076478100819,0.9039471130408625,1.0,0.9230769230769231,0.8888888888888888,0.9259259259259259
127,Linear SVM,0.9579772079772081,0.9477643046608565,0.93654727311812,1.0,0.9615384615384616,0.9444444444444444,0.9259259259259259
127,RBF SVM,0.9672364672364673,0.9647232397232397,0.9513757215090771,1.0,0.9615384615384616,0.9444444444444444,0.9629629629629629
127,Random forest,0.9394586894586895,0.9411816826677508,0.9201502955970079,1.0,0.9615384615384616,0.8333333333333334,0.9629629629629629
127,Extra trees,0.9764957264957266,0.9790266106442578,0.9679331189660808,1.0,0.9615384615384616,0.9444444444444444,1.0
127,kNN,0.9629629629629629,0.9620586179964647,0.9516699000261616,1.0,1.0,0.8888888888888888,0.9629629629629629
127,HistGradientBoosting,0.9063390313390314,0.90022289031723,0.8707038153194537,0.9230769230769231,0.9615384615384616,0.8888888888888888,0.8518518518518519
128,Multinomial logistic,0.9046338965693805,0.8610631894000538,0.8310010593640486,1.0,0.9285714285714286,0.967741935483871,0.7222222222222222
128,Linear SVM,0.9213709677419355,0.8926011264720942,0.8588045021966031,1.0,1.0,0.9354838709677419,0.75
128,RBF SVM,0.9224910394265233,0.8841054248524538,0.8599673259238323,1.0,1.0,0.967741935483871,0.7222222222222222
128,Random forest,0.908826164874552,0.8851900149031297,0.8409549616169035,1.0,1.0,0.7741935483870968,0.8611111111111112
128,Extra trees,0.9271953405017921,0.9014295497346345,0.8701182112337338,1.0,1.0,0.9032258064516129,0.8055555555555556
128,kNN,0.9352598566308243,0.9088105149448354,0.8833250069848204,1.0,1.0,0.9354838709677419,0.8055555555555556
128,HistGradientBoosting,0.9312916026625704,0.9091614906832298,0.8782970935238523,1.0,0.9285714285714286,0.9354838709677419,0.8611111111111112
129,Multinomial logistic,0.9019607843137255,0.9267992424242424,0.9259627621101624,1.0,0.9411764705882353,0.6666666666666666,1.0
129,Linear SVM,1.0,1.0,1.0,1.0,1.0,1.0,1.0
129,RBF SVM,0.9852941176470589,0.9843597262952102,0.9629633971962773,1.0,0.9411764705882353,1.0,1.0
129,Random forest,0.9833333333333334,0.9686520376175549,0.9632768806973242,1.0,1.0,1.0,0.9333333333333333
129,Extra trees,1.0,1.0,1.0,1.0,1.0,1.0,1.0
129,kNN,1.0,1.0,1.0,1.0,1.0,1.0,1.0
129,HistGradientBoosting,0.9833333333333334,0.9686520376175549,0.9632768806973242,1.0,1.0,1.0,0.9333333333333333
130,Multinomial logistic,0.9552139037433155,0.9368364162719002,0.9160386310821156,1.0,0.9117647058823529,1.0,0.9090909090909091
130,Linear SVM,0.9552139037433155,0.9392397005168744,0.9159596611172038,1.0,0.9117647058823529,1.0,0.9090909090909091
130,RBF SVM,0.9812834224598931,0.9740354551353902,0.9657666176810261,1.0,0.9705882352941176,1.0,0.9545454545454546
130,Random forest,0.9665775401069518,0.9558528428093646,0.9328497684329933,1.0,0.9117647058823529,1.0,0.9545454545454546
130,Extra trees,1.0,1.0,1.0,1.0,1.0,1.0,1.0
130,kNN,0.9926470588235294,0.9882041405873856,0.9829759214631778,1.0,0.9705882352941176,1.0,1.0
130,HistGradientBoosting,0.9739304812834225,0.9676930596285436,0.9490302261252008,1.0,0.9411764705882353,1.0,0.9545454545454546
131,Multinomial logistic,0.960294117647059,0.9575262308313156,0.9333228201825635,1.0,0.9666666666666667,0.9411764705882353,0.9333333333333333
131,Linear SVM,0.9666666666666667,0.9582385016595543,0.9351396473323564,1.0,0.9,1.0,0.9666666666666667
131,RBF SVM,0.9519607843137254,0.946798493408663,0.9171830450547102,1.0,0.9333333333333333,0.9411764705882353,0.9333333333333333
131,Random forest,0.9436274509803921,0.9208404070765263,0.9014906069782896,1.0,0.9,0.9411764705882353,0.9333333333333333
131,Extra trees,0.9769607843137256,0.976958468855728,0.9666732587879845,1.0,0.9666666666666667,0.9411764705882353,1.0
131,kNN,0.9686274509803923,0.9686274509803923,0.949723974763407,1.0,0.9666666666666667,0.9411764705882353,0.9666666666666667
131,HistGradientBoosting,0.9352941176470587,0.9123658308053398,0.8849011500410403,1.0,0.9,0.9411764705882353,0.9
132,Multinomial logistic,0.8748316498316497,0.8948365231259967,0.888422384253997,0.9,0.9696969696969697,0.6666666666666666,0.9629629629629629
132,Linear SVM,0.8998316498316498,0.9204944178628389,0.9077365602591827,1.0,0.9696969696969697,0.6666666666666666,0.9629629629629629
132,RBF SVM,0.9831649831649831,0.9831649831649831,0.9627534181989628,1.0,0.9696969696969697,1.0,0.9629629629629629
132,Random forest,0.7768518518518518,0.8132767191383596,0.8324277463551899,0.7,1.0,0.4444444444444444,0.9629629629629629
132,Extra trees,0.9629629629629629,0.9723035151042174,0.9627866606007013,1.0,1.0,0.8888888888888888,0.9629629629629629
132,kNN,0.9101851851851851,0.9354632807865073,0.9259549744208918,0.9,1.0,0.7777777777777778,0.9629629629629629
132,HistGradientBoosting,0.8731481481481481,0.9050855280641146,0.8897716077372783,0.9,1.0,0.6666666666666666,0.9259259259259259
133,Multinomial logistic,0.9002757352941176,0.8884542286981312,0.8654882148693636,1.0,1.0,0.8823529411764706,0.71875
133,Linear SVM,0.9306066176470589,0.9203564466722362,0.901423487544484,1.0,1.0,0.9411764705882353,0.78125
133,RBF SVM,0.925,0.9127041033331149,0.8887571407502107,0.95,1.0,1.0,0.75
133,Random forest,0.9765625,0.9712999429522946,0.9623414458575598,1.0,1.0,1.0,0.90625
133,Extra trees,0.9765625,0.9753573570571772,0.9623565643467343,1.0,1.0,1.0,0.90625
133,kNN,0.9618566176470589,0.9606514747042358,0.9495314768653119,1.0,1.0,0.9411764705882353,0.90625
133,HistGradientBoosting,0.9415441176470588,0.940259631441541,0.9238813019024671,0.95,1.0,0.9411764705882353,0.875
134,Multinomial logistic,0.9451058201058202,0.9403271893465033,0.9345140190822964,1.0,1.0,0.9285714285714286,0.8518518518518519
134,Linear SVM,0.962962962962963,0.952463768115942,0.948201456673369,1.0,1.0,1.0,0.8518518518518519
134,RBF SVM,0.9722222222222222,0.9630718954248367,0.9608983160289309,1.0,1.0,1.0,0.8888888888888888
134,Random forest,0.9543650793650794,0.949351606248158,0.9469954928532566,1.0,1.0,0.9285714285714286,0.8888888888888888
134,Extra trees,0.9457671957671958,0.9522573253376236,0.94659599022209,1.0,1.0,0.8571428571428571,0.9259259259259259
134,kNN,0.9279100529100529,0.9387668284870627,0.9334146203231451,1.0,1.0,0.7857142857142857,0.9259259259259259
134,HistGradientBoosting,0.9344035594035595,0.9370120658082355,0.933089806328531,0.9545454545454546,1.0,0.8571428571428571,0.9259259259259259
135,Multinomial logistic,0.9473684210526316,0.9406307276609414,0.907068802463207,1.0,0.9736842105263158,1.0,0.8157894736842105
135,Linear SVM,0.9183723196881091,0.9117568934986086,0.8605415138232619,1.0,0.9473684210526315,0.9629629629629629,0.7631578947368421
135,RBF SVM,0.9276315789473684,0.918498616626828,0.8735491461099726,1.0,0.9473684210526315,1.0,0.7631578947368421
135,Random forest,0.9261695906432748,0.916934845340418,0.8793801901286229,1.0,0.9473684210526315,0.8888888888888888,0.868421052631579
135,Extra trees,0.9802631578947368,0.9802323565111842,0.9644636838953874,1.0,1.0,1.0,0.9210526315789473
135,kNN,0.9578460038986354,0.9577030081724918,0.9295508819782943,1.0,1.0,0.9629629629629629,0.868421052631579
135,HistGradientBoosting,0.9080165692007797,0.9078703703703703,0.8678039539456238,0.9166666666666666,0.9473684210526315,0.9259259259259259,0.8421052631578947
136,Multinomial logistic,0.9365773115773116,0.927469135802469,0.9194569936627658,0.9444444444444444,1.0,0.9230769230769231,0.8787878787878788
136,Linear SVM,0.9205176767676768,0.9054765067153215,0.8803082997005898,0.8888888888888888,0.975,1.0,0.8181818181818182
136,RBF SVM,0.9621212121212122,0.94540673937424,0.9345219715222453,1.0,1.0,1.0,0.8484848484848485
136,Random forest,0.8461198523698523,0.8658274401955649,0.8500282479124216,0.7777777777777778,0.975,0.6923076923076923,0.9393939393939394
136,Extra trees,0.951791958041958,0.9547532147532147,0.9320225704267844,1.0,0.975,0.9230769230769231,0.9090909090909091
136,kNN,0.9454788267288268,0.9454788267288268,0.9318836782813728,0.9444444444444444,0.975,0.9230769230769231,0.9393939393939394
136,HistGradientBoosting,0.8631167443667443,0.8717742364014406,0.8507441467342512,0.7222222222222222,0.975,0.8461538461538461,0.9090909090909091
137,Multinomial logistic,0.9560113519091847,0.9392617283426395,0.9159247330523231,1.0,0.9122807017543859,1.0,0.9117647058823529
137,Linear SVM,0.9209855521155831,0.9195809902908532,0.8926235571567336,0.96,0.9298245614035088,0.8823529411764706,0.9117647058823529
137,RBF SVM,0.967750257997936,0.9512289194143083,0.9372160009883467,1.0,0.9298245614035088,1.0,0.9411764705882353
137,Random forest,0.9794891640866873,0.9698295985060692,0.9575945849782589,1.0,0.9473684210526315,1.0,0.9705882352941176
137,Extra trees,0.9647832817337461,0.9496041239462293,0.9370101690288282,1.0,0.9473684210526315,1.0,0.9117647058823529
137,kNN,0.9765221878224974,0.9655168040123793,0.9578011461937679,1.0,0.9649122807017544,1.0,0.9411764705882353
137,HistGradientBoosting,0.9647832817337461,0.9578017012227538,0.9359704811871284,1.0,0.9473684210526315,1.0,0.9117647058823529
138,Multinomial logistic,0.9502314814814815,0.9505600539811065,0.9373030875866415,1.0,1.0,0.875,0.9259259259259259
138,Linear SVM,0.9502314814814815,0.9505600539811065,0.9373030875866415,1.0,1.0,0.875,0.9259259259259259
138,RBF SVM,0.9814814814814815,0.9721246798314468,0.9583485709204426,1.0,1.0,1.0,0.9259259259259259
138,Random forest,0.9502314814814815,0.9505600539811065,0.9373030875866415,1.0,1.0,0.875,0.9259259259259259
138,Extra trees,0.9907407407407407,0.990180978051598,0.9789044762086423,1.0,1.0,1.0,0.9629629629629629
138,kNN,0.9409722222222222,0.9493966817496229,0.9179005092171239,1.0,1.0,0.875,0.8888888888888888
138,HistGradientBoosting,0.9293981481481481,0.9136416097952629,0.8948582038348326,1.0,0.9166666666666666,0.875,0.9259259259259259
139,Multinomial logistic,0.912212643678161,0.9230024213075061,0.9044713523938986,1.0,0.9333333333333333,0.75,0.9655172413793104
139,Linear SVM,0.974712643678161,0.9745762711864407,0.9428429423459245,1.0,0.9333333333333333,1.0,0.9655172413793104
139,RBF SVM,0.9517959770114943,0.9622881355932205,0.9425429774570372,1.0,0.9666666666666667,0.875,0.9655172413793104
139,Random forest,0.9267959770114943,0.9451684922224985,0.9231887456936763,0.9,0.9666666666666667,0.875,0.9655172413793104
139,Extra trees,0.9517959770114943,0.9622881355932205,0.9425429774570372,1.0,0.9666666666666667,0.875,0.9655172413793104
139,kNN,0.9601293103448276,0.9706142830224233,0.9617754516450013,1.0,1.0,0.875,0.9655172413793104
139,HistGradientBoosting,0.9431752873563218,0.9458538587848931,0.9236510901966668,1.0,0.9666666666666667,0.875,0.9310344827586207
140,Multinomial logistic,0.9794745484400658,0.9772990167727009,0.9668782681260317,1.0,0.9655172413793104,1.0,0.9523809523809523
140,Linear SVM,0.9794745484400658,0.9772990167727009,0.9668782681260317,1.0,0.9655172413793104,1.0,0.9523809523809523
140,RBF SVM,0.9794745484400658,0.9772990167727009,0.9668782681260317,1.0,0.9655172413793104,1.0,0.9523809523809523
140,Random forest,0.939759877146447,0.9462848145628466,0.9351956985155935,0.9473684210526315,0.9655172413793104,0.8461538461538461,1.0
140,Extra trees,0.9425486793907847,0.9503359173126614,0.9338192695452803,0.8947368421052632,1.0,0.9230769230769231,0.9523809523809523
140,kNN,0.9807692307692308,0.9841860465116279,0.9834811592506496,1.0,1.0,0.9230769230769231,1.0
140,HistGradientBoosting,0.9278551152416852,0.9310795005531848,0.9176194917889744,0.9473684210526315,0.9655172413793104,0.8461538461538461,0.9523809523809523
141,Multinomial logistic,0.8988095238095238,0.90388179827835,0.8963638193046399,0.9285714285714286,1.0,0.75,0.9166666666666666
141,Linear SVM,0.8913690476190477,0.8907507183908046,0.8801650749544866,0.8571428571428571,1.0,0.8333333333333334,0.875
141,RBF SVM,0.9583333333333333,0.9565063213074314,0.948816918185065,1.0,1.0,0.9166666666666666,0.9166666666666666
141,Random forest,0.8601190476190476,0.8723901098901098,0.8617164214884565,0.8571428571428571,1.0,0.6666666666666666,0.9166666666666666
141,Extra trees,0.9017857142857143,0.9079070718250297,0.8962579940787985,0.8571428571428571,1.0,0.8333333333333334,0.9166666666666666
141,kNN,0.9226190476190477,0.9352459943007303,0.9312025469179324,0.8571428571428571,1.0,0.8333333333333334,1.0
141,HistGradientBoosting,0.8809523809523809,0.8943958818958819,0.8789194080303359,0.8571428571428571,1.0,0.75,0.9166666666666666
142,Multinomial logistic,0.9184127772260842,0.8868756912107973,0.870812219633843,0.9333333333333333,0.9245283018867925,1.0,0.8157894736842105
142,Linear SVM,0.9184127772260842,0.8891778914837167,0.8697926444556495,0.9333333333333333,0.9245283018867925,1.0,0.8157894736842105
142,RBF SVM,0.9064630916914929,0.8861948494083409,0.8581900493383147,0.8666666666666667,0.9433962264150944,1.0,0.8157894736842105
142,Random forest,0.8874958622972525,0.8811771561771561,0.8770844270480138,0.8666666666666667,0.9622641509433962,0.8,0.9210526315789473
142,Extra trees,0.9029543197616683,0.8923530706581553,0.8767184465779542,0.9333333333333333,0.9433962264150944,0.8666666666666667,0.868421052631579
142,kNN,0.9077788811651771,0.9077788811651771,0.8963256593992986,0.9666666666666667,0.9433962264150944,0.8,0.9210526315789473
142,HistGradientBoosting,0.8464829526646805,0.8417018253466851,0.8150249050146217,0.7666666666666667,0.9245283018867925,0.8,0.8947368421052632
143,Multinomial logistic,0.9315584415584416,0.9305322128851541,0.921792409762358,1.0,0.96,0.8571428571428571,0.9090909090909091
143,Linear SVM,0.9772727272727273,0.9760504201680673,0.9613137026929904,1.0,1.0,1.0,0.9090909090909091
143,RBF SVM,0.9559090909090909,0.9411517615176151,0.9233226499828592,1.0,0.96,1.0,0.8636363636363636
143,Random forest,0.9672727272727273,0.9654152823920266,0.9410789584351563,1.0,0.96,1.0,0.9090909090909091
143,Extra trees,1.0,1.0,1.0,1.0,1.0,1.0,1.0
143,kNN,0.9886363636363636,0.9892840857273142,0.9805020013825502,1.0,1.0,1.0,0.9545454545454546
143,HistGradientBoosting,0.9659090909090909,0.964949075314929,0.942556723648038,1.0,1.0,1.0,0.8636363636363636
144,Multinomial logistic,0.9347826086956521,0.8909798534798535,0.8737023482387553,1.0,1.0,1.0,0.7391304347826086
144,Linear SVM,0.9347826086956521,0.8909798534798535,0.8737023482387553,1.0,1.0,1.0,0.7391304347826086
144,RBF SVM,0.9347826086956521,0.8909798534798535,0.8737023482387553,1.0,1.0,1.0,0.7391304347826086
144,Random forest,0.8657246376811594,0.8715450711176919,0.839798755813076,0.8,0.96,0.8333333333333334,0.8695652173913043
144,Extra trees,0.9474637681159421,0.9615012012710222,0.9544395253836183,1.0,1.0,0.8333333333333334,0.9565217391304348
144,kNN,0.9474637681159421,0.9615012012710222,0.9544395253836183,1.0,1.0,0.8333333333333334,0.9565217391304348
144,HistGradientBoosting,0.8615942028985507,0.8922896955985191,0.8632630400252839,0.7,1.0,0.8333333333333334,0.9130434782608695
145,Multinomial logistic,0.9509109311740891,0.9379009552538965,0.9142017829766962,1.0,0.9615384615384616,1.0,0.8421052631578947
145,Linear SVM,0.9605263157894737,0.9491485650864119,0.9366847311451004,1.0,1.0,1.0,0.8421052631578947
145,RBF SVM,0.9424342105263158,0.9437627485976542,0.9347274779201524,1.0,1.0,0.875,0.8947368421052632
145,Random forest,0.8911521592442645,0.8989073426573427,0.8696987058321833,0.8333333333333334,0.9615384615384616,0.875,0.8947368421052632
145,Extra trees,0.9555921052631579,0.9654584574644157,0.956453328324266,1.0,1.0,0.875,0.9473684210526315
145,kNN,0.9555921052631579,0.9654584574644157,0.956453328324266,1.0,1.0,0.875,0.9473684210526315
145,HistGradientBoosting,0.8911521592442645,0.9089551172098341,0.8692498073899679,0.8333333333333334,0.9615384615384616,0.875,0.8947368421052632
146,Multinomial logistic,0.9483533902691512,0.9409214743589743,0.9100773469875755,1.0,0.9347826086956522,0.9523809523809523,0.90625
146,Linear SVM,0.9446331521739131,0.9348191593352884,0.898178923572633,1.0,0.9347826086956522,1.0,0.84375
146,RBF SVM,0.9483533902691512,0.9389806059573501,0.9103018192244671,1.0,0.9347826086956522,0.9523809523809523,0.90625
146,Random forest,0.8969332298136645,0.8893528693528694,0.8462098315485233,0.9166666666666666,0.8913043478260869,0.9047619047619048,0.875
146,Extra trees,0.9670354554865424,0.968125960061444,0.9483757643115344,1.0,0.9782608695652174,0.9523809523809523,0.9375
146,kNN,0.9395056935817805,0.9443558739492318,0.9098162906266545,1.0,0.9782608695652174,0.9047619047619048,0.875
146,HistGradientBoosting,0.9351061076604554,0.9199030526862485,0.8851876242401997,1.0,0.9130434782608695,0.9523809523809523,0.875
147,Multinomial logistic,0.934073542232935,0.9230321310248069,0.897055987866934,1.0,0.8918918918918919,0.9411764705882353,0.9032258064516129
147,Linear SVM,0.955536181342633,0.9401085936953686,0.9243888163130087,1.0,0.918918918918919,1.0,0.9032258064516129
147,RBF SVM,0.9474716652136007,0.929197697410422,0.9122266039451179,1.0,0.918918918918919,1.0,0.8709677419354839
147,Random forest,0.9477024462792965,0.9495844490804168,0.9348431522879983,1.0,0.972972972972973,0.8823529411764706,0.9354838709677419
147,Extra trees,0.9772296015180266,0.9782621653196004,0.9738816512919648,1.0,1.0,0.9411764705882353,0.967741935483871
147,kNN,0.9772296015180266,0.9782621653196004,0.9738816512919648,1.0,1.0,0.9411764705882353,0.967741935483871
147,HistGradientBoosting,0.9477024462792965,0.9495844490804168,0.9348431522879983,1.0,0.972972972972973,0.8823529411764706,0.9354838709677419
148,Multinomial logistic,0.9411764705882353,0.9317129629629629,0.9126990584499545,1.0,1.0,0.8823529411764706,0.8823529411764706
148,Linear SVM,0.9558823529411765,0.948309213934214,0.9338262992615919,1.0,1.0,0.9411764705882353,0.8823529411764706
148,RBF SVM,0.9705882352941176,0.9651442307692308,0.9560888402481992,1.0,1.0,1.0,0.8823529411764706
148,Random forest,0.928921568627451,0.9353319377990431,0.9128060831254948,0.8333333333333334,1.0,0.8823529411764706,1.0
148,Extra trees,0.9558823529411764,0.9504098583877996,0.9329762977764458,1.0,1.0,0.8823529411764706,0.9411764705882353
148,kNN,0.9705882352941176,0.9679728835978836,0.9556156636088746,1.0,1.0,0.8823529411764706,1.0
148,HistGradientBoosting,0.8786764705882353,0.876455745341615,0.842349556014587,0.75,1.0,0.8823529411764706,0.8823529411764706
149,Multinomial logistic,0.922350332594235,0.9150768213268213,0.930438816351682,0.92,1.0,0.8181818181818182,0.9512195121951219
149,Linear SVM,0.9650776053215078,0.9583940516005733,0.9652821062271707,1.0,1.0,0.9090909090909091,0.9512195121951219
149,RBF SVM,0.9650776053215078,0.9583940516005733,0.9652821062271707,1.0,1.0,0.9090909090909091,0.9512195121951219
149,Random forest,0.8718822370041882,0.8838768840869682,0.8946079583355069,0.92,0.9555555555555556,0.6363636363636364,0.975609756097561
149,Extra trees,0.9040675043114068,0.9123094624912531,0.9179897579154244,0.96,0.9777777777777777,0.7272727272727273,0.9512195121951219
149,kNN,0.891340231584134,0.9085745441495162,0.9181811906665169,1.0,0.9777777777777777,0.6363636363636364,0.9512195121951219
149,HistGradientBoosting,0.8851515151515152,0.9007539067544879,0.895369222027996,0.88,0.9333333333333333,0.7272727272727273,1.0
150,Multinomial logistic,0.9188194444444444,0.8951966454598034,0.8674600658692809,0.9259259259259259,0.8518518518518519,0.9375,0.96
150,Linear SVM,0.9483333333333334,0.9268860096163631,0.9098592641054611,0.9259259259259259,0.9074074074074074,1.0,0.96
150,RBF SVM,0.952962962962963,0.9244444444444444,0.9009322505259311,1.0,0.8518518518518519,1.0,0.96
150,Random forest,0.937337962962963,0.927974802974803,0.9080067133849612,0.9259259259259259,0.9259259259259259,0.9375,0.96
150,Extra trees,0.9761111111111112,0.9634453781512606,0.9540396097738688,1.0,0.9444444444444444,1.0,0.96
150,kNN,0.9668518518518519,0.9525105423163676,0.9323025464488451,1.0,0.9074074074074074,1.0,0.96
150,HistGradientBoosting,0.9178240740740741,0.9080213903743316,0.8852530559407616,0.8888888888888888,0.9074074074074074,0.875,1.0
151,Multinomial logistic,0.9424342105263158,0.9428607340372046,0.9305085136973897,1.0,1.0,0.875,0.8947368421052632
151,Linear SVM,0.9424342105263158,0.9428607340372046,0.9305085136973897,1.0,1.0,0.875,0.8947368421052632
151,RBF SVM,0.9736842105263158,0.9631489985967598,0.9539624281452008,1.0,1.0,1.0,0.8947368421052632
151,Random forest,0.8459429824561403,0.8829900839054157,0.8574139691928633,0.6666666666666666,1.0,0.875,0.8421052631578947
151,Extra trees,0.9007675438596492,0.929466225118399,0.9059469796545027,0.8333333333333334,1.0,0.875,0.8947368421052632
151,kNN,0.9868421052631579,0.989511899959661,0.9767249624665957,1.0,1.0,1.0,0.9473684210526315
151,HistGradientBoosting,0.8327850877192982,0.8717503217503219,0.8337043898804387,0.6666666666666666,1.0,0.875,0.7894736842105263
152,Multinomial logistic,0.837623180365116,0.8411018205538753,0.8089296255692601,0.8333333333333334,0.918918918918919,0.7272727272727273,0.8709677419354839
152,Linear SVM,0.9266383318802673,0.9129834813775908,0.8742430859161425,0.9166666666666666,0.918918918918919,1.0,0.8709677419354839
152,RBF SVM,0.9609851787271142,0.9420568025652771,0.922295463829342,1.0,0.972972972972973,1.0,0.8709677419354839
152,Random forest,0.8526029695384534,0.8734898325358851,0.8712864692474029,0.8333333333333334,0.972972972972973,0.6363636363636364,0.967741935483871
152,Extra trees,0.9545454545454546,0.9671875,0.9684803553801344,1.0,1.0,0.8181818181818182,1.0
152,kNN,0.9207847877202716,0.9333230436795802,0.919964162608295,0.8333333333333334,0.972972972972973,0.9090909090909091,0.967741935483871
152,HistGradientBoosting,0.8629659718369397,0.8559001199224332,0.8261447325474477,0.8333333333333334,0.8648648648648649,0.8181818181818182,0.9354838709677419
153,Multinomial logistic,0.9457817975675118,0.9453744200307774,0.9347130512036975,0.9444444444444444,0.9795918367346939,0.9090909090909091,0.95
153,Linear SVM,0.954580241187384,0.9434103190752128,0.9250046494899421,1.0,0.9387755102040817,0.9545454545454546,0.925
153,RBF SVM,0.98125,0.9726334182855922,0.9680304589527498,1.0,1.0,1.0,0.925
153,Random forest,0.9608186456400742,0.9598692719881744,0.9458895682247835,1.0,0.9591836734693877,0.9090909090909091,0.975
153,Extra trees,0.9823863636363637,0.9823863636363637,0.9781947261663286,1.0,1.0,0.9545454545454546,0.975
153,kNN,0.9823863636363637,0.9823863636363637,0.9781947261663286,1.0,1.0,0.9545454545454546,0.975
153,HistGradientBoosting,0.9596706864564006,0.9554386509283417,0.9457120111988533,1.0,0.9795918367346939,0.9090909090909091,0.95
154,Multinomial logistic,0.9158971471471472,0.9041968599033816,0.8769594393424495,0.9444444444444444,0.9583333333333334,0.95,0.8108108108108109
154,Linear SVM,0.9594594594594594,0.9458798273989298,0.9340602922956495,1.0,1.0,1.0,0.8378378378378378
154,RBF SVM,0.9594594594594594,0.9486405184323886,0.9337073884602913,1.0,1.0,1.0,0.8378378378378378
154,Random forest,0.8899868618618618,0.9007690331219744,0.8734953997846391,0.8888888888888888,0.9791666666666666,0.8,0.8918918918918919
154,Extra trees,0.9408408408408409,0.9433784082738785,0.931517948013731,0.9444444444444444,1.0,0.9,0.918918918918919
154,kNN,0.9356325075075075,0.9301447026294587,0.9203015837902513,0.9444444444444444,0.9791666666666666,0.9,0.918918918918919
154,HistGradientBoosting,0.9160003753753754,0.9240765225008922,0.9081528257516244,0.8888888888888888,0.9791666666666666,0.85,0.9459459459459459
155,Multinomial logistic,0.9671451355661882,0.9664034164034165,0.9539485350233795,1.0,0.9545454545454546,0.9473684210526315,0.9666666666666667
155,Linear SVM,0.9327422835162773,0.9324207324207325,0.9077219540310572,0.9411764705882353,0.9090909090909091,0.9473684210526315,0.9333333333333333
155,RBF SVM,0.9719696969696969,0.9687816420867269,0.9540391479727607,1.0,0.9545454545454546,1.0,0.9333333333333333
155,Random forest,0.9623205741626795,0.9650897843508497,0.9544726808843204,1.0,0.9545454545454546,0.8947368421052632,1.0
155,Extra trees,0.9868421052631579,0.9891448825875055,0.9847336685013821,1.0,1.0,0.9473684210526315,1.0
155,kNN,0.9868421052631579,0.9876876876876877,0.9847531336586941,1.0,1.0,0.9473684210526315,1.0
155,HistGradientBoosting,0.9785087719298246,0.9781363898902588,0.9697129445965258,1.0,1.0,0.9473684210526315,0.9666666666666667
156,Multinomial logistic,0.9309182332438146,0.9148506213723605,0.8965006935422422,1.0,0.9767441860465116,0.9090909090909091,0.8378378378378378
156,Linear SVM,0.9594594594594594,0.9355026015320133,0.9240397353678881,1.0,1.0,1.0,0.8378378378378378
156,RBF SVM,0.9376749900005714,0.9241841485272401,0.9090286121912095,1.0,0.9767441860465116,0.9090909090909091,0.8648648648648649
156,Random forest,0.9269898862922119,0.9124036640141151,0.8822859558932833,1.0,0.9069767441860465,0.9090909090909091,0.8918918918918919
156,Extra trees,0.9410319410319411,0.9562990611051254,0.9473461464882479,1.0,1.0,0.8181818181818182,0.9459459459459459
156,kNN,0.9705159705159705,0.9784649181200904,0.9734960001511501,1.0,1.0,0.9090909090909091,0.972972972972973
156,HistGradientBoosting,0.9444317467573282,0.9459680731919428,0.921428255082046,1.0,0.9767441860465116,0.9090909090909091,0.8918918918918919
157,Multinomial logistic,0.967391304347826,0.9522304859677935,0.9463311713012976,1.0,1.0,1.0,0.8695652173913043
157,Linear SVM,0.967391304347826,0.9522304859677935,0.9463311713012976,1.0,1.0,1.0,0.8695652173913043
157,RBF SVM,0.967391304347826,0.9522304859677935,0.9463311713012976,1.0,1.0,1.0,0.8695652173913043
157,Random forest,0.9148550724637682,0.9062934804213874,0.9094517364194413,1.0,1.0,0.8333333333333334,0.8260869565217391
157,Extra trees,0.8986542443064183,0.920991296925161,0.9265281821946632,1.0,0.9714285714285714,0.6666666666666666,0.9565217391304348
157,kNN,0.9057971014492754,0.9321859903381642,0.945112593857769,1.0,1.0,0.6666666666666666,0.9565217391304348
157,HistGradientBoosting,0.8612901138716356,0.8745265151515151,0.8708110403718298,0.9375,0.9714285714285714,0.6666666666666666,0.8695652173913043
158,Multinomial logistic,0.9476190476190477,0.9038793103448276,0.8952675653857054,1.0,0.9333333333333333,1.0,0.8571428571428571
158,Linear SVM,0.9523809523809523,0.9195858498705781,0.9160065341153818,1.0,1.0,1.0,0.8095238095238095
158,RBF SVM,0.9392857142857143,0.9220294588931345,0.9128285654701694,0.9,1.0,1.0,0.8571428571428571
158,Random forest,0.9130952380952382,0.9343778901035558,0.9106586676041935,0.9,0.9666666666666667,0.8333333333333334,0.9523809523809523
158,Extra trees,0.9464285714285714,0.9612696047122276,0.9555071867866696,1.0,1.0,0.8333333333333334,0.9523809523809523
158,kNN,0.9583333333333334,0.9714587737843552,0.977984573882002,1.0,1.0,0.8333333333333334,1.0
158,HistGradientBoosting,0.9083333333333333,0.9340329524755754,0.9339446903137731,0.8,1.0,0.8333333333333334,1.0
159,Multinomial logistic,0.8694444444444445,0.8583537488221833,0.830448885391339,1.0,1.0,0.7777777777777778,0.7
159,Linear SVM,0.8972222222222221,0.8792156862745097,0.8528779185544302,1.0,1.0,0.8888888888888888,0.7
159,RBF SVM,0.925,0.8988044308632543,0.875727341860259,1.0,1.0,1.0,0.7
159,Random forest,0.925,0.9346622369878184,0.9122979266136957,0.75,1.0,1.0,0.95
159,Extra trees,0.9388888888888889,0.9505609160660311,0.9335866491757671,0.9166666666666666,1.0,0.8888888888888888,0.95
159,kNN,0.975,0.9678702570379436,0.9565559838270058,1.0,1.0,1.0,0.9
159,HistGradientBoosting,0.8430555555555556,0.8540517961570593,0.8245889555505005,0.5833333333333334,1.0,0.8888888888888888,0.9
160,Multinomial logistic,0.9532986111111111,0.9463186813186814,0.9306019565435277,1.0,0.9444444444444444,0.9,0.96875
160,Linear SVM,0.9657986111111111,0.9616588419405321,0.9445665717377583,1.0,0.9444444444444444,0.95,0.96875
160,RBF SVM,0.9727430555555556,0.9724404117009751,0.9581174679843338,1.0,0.9722222222222222,0.95,0.96875
160,Random forest,0.9319444444444445,0.9365544173542226,0.9307325565693534,0.8333333333333334,0.9444444444444444,0.95,1.0
160,Extra trees,0.9875,0.9897435897435898,0.9861030040894359,1.0,1.0,0.95,1.0
160,kNN,0.9875,0.9897435897435898,0.9861030040894359,1.0,1.0,0.95,1.0
160,HistGradientBoosting,0.9185763888888889,0.9300948840942534,0.9164132872121844,0.8333333333333334,0.9722222222222222,0.9,0.96875
161,Multinomial logistic,0.9875,0.9882705946535734,0.9723691635908992,1.0,0.95,1.0,1.0
161,Linear SVM,0.9875,0.9882705946535734,0.9723691635908992,1.0,0.95,1.0,1.0
161,RBF SVM,0.9875,0.9882705946535734,0.9723691635908992,1.0,0.95,1.0,1.0
161,Random forest,1.0,1.0,1.0,1.0,1.0,1.0,1.0
161,Extra trees,1.0,1.0,1.0,1.0,1.0,1.0,1.0
161,kNN,0.9875,0.9769230769230769,0.9726143791952744,1.0,0.95,1.0,1.0
161,HistGradientBoosting,0.9875,0.9769230769230769,0.9726143791952744,1.0,0.95,1.0,1.0
162,Multinomial logistic,0.8668292682926828,0.8612436968375385,0.8377786781229702,0.96,1.0,0.8,0.7073170731707317
162,Linear SVM,0.9123577235772358,0.8992398952108863,0.8791274108917314,0.96,1.0,0.9333333333333333,0.7560975609756098
162,RBF SVM,0.9056910569105692,0.8962873931623931,0.8798357750634722,1.0,1.0,0.8666666666666667,0.7560975609756098
162,Random forest,0.8156910569105691,0.8379084136222102,0.8052542539361979,0.84,1.0,0.6666666666666666,0.7560975609756098
162,Extra trees,0.9134146341463414,0.9177631578947368,0.9082091484281968,1.0,1.0,0.8,0.8536585365853658
162,kNN,0.8739837398373983,0.8886572081407088,0.8780855653944322,1.0,1.0,0.6666666666666666,0.8292682926829268
162,HistGradientBoosting,0.8307317073170731,0.8406631499253336,0.7971017687661375,0.84,1.0,0.8,0.6829268292682927
163,Multinomial logistic,0.9549808429118773,0.9326113360323887,0.909194275613997,1.0,0.9310344827586207,1.0,0.8888888888888888
163,Linear SVM,0.9636015325670498,0.9489906463772162,0.926777175152377,1.0,0.9655172413793104,1.0,0.8888888888888888
163,RBF SVM,0.9728607918263091,0.964070472211759,0.9445995862416698,1.0,0.9655172413793104,1.0,0.9259259259259259
163,Random forest,0.9034163473818647,0.9231729055258466,0.8879945653521959,0.8333333333333334,0.9655172413793104,0.8888888888888888,0.9259259259259259
163,Extra trees,0.9699074074074073,0.9756338873877561,0.9628371953609783,0.9166666666666666,1.0,1.0,0.9629629629629629
163,kNN,0.9537037037037037,0.9633836510644611,0.9454327859314671,1.0,1.0,0.8888888888888888,0.9259259259259259
163,HistGradientBoosting,0.8918422733077906,0.9067568739699887,0.8510986887837935,0.75,0.9655172413793104,1.0,0.8518518518518519
164,Multinomial logistic,0.9329999206160197,0.9132086974192237,0.8974079233714628,0.9411764705882353,0.9487179487179487,1.0,0.8421052631578947
164,Linear SVM,0.9541160593792173,0.941928685349738,0.9315292880958365,1.0,0.9743589743589743,1.0,0.8421052631578947
164,RBF SVM,0.9672739541160594,0.9561822246032772,0.9483012575074125,1.0,0.9743589743589743,1.0,0.8947368421052632
164,Random forest,0.9216083194411367,0.9291666666666666,0.8963617447577296,0.7647058823529411,0.9743589743589743,1.0,0.9473684210526315
164,Extra trees,0.9852941176470589,0.9892596854622171,0.9826509859164414,0.9411764705882353,1.0,1.0,1.0
164,kNN,0.9590643274853801,0.972287360890302,0.9653305371075982,1.0,1.0,0.8888888888888888,0.9473684210526315
164,HistGradientBoosting,0.8729657855044851,0.8477589483687045,0.8147737857952337,0.6470588235294118,0.8974358974358975,1.0,0.9473684210526315
165,Multinomial logistic,0.9555921052631579,0.9582706766917293,0.9314644601724091,1.0,0.875,1.0,0.9473684210526315
165,Linear SVM,0.9555921052631579,0.9582706766917293,0.9314644601724091,1.0,0.875,1.0,0.9473684210526315
165,RBF SVM,0.9555921052631579,0.9582706766917293,0.9314644601724091,1.0,0.875,1.0,0.9473684210526315
165,Random forest,1.0,1.0,1.0,1.0,1.0,1.0,1.0
165,Extra trees,1.0,1.0,1.0,1.0,1.0,1.0,1.0
165,kNN,1.0,1.0,1.0,1.0,1.0,1.0,1.0
165,HistGradientBoosting,1.0,1.0,1.0,1.0,1.0,1.0,1.0
166,Multinomial logistic,0.9737373737373738,0.9722220721694037,0.9499297463226213,1.0,0.9555555555555556,1.0,0.9393939393939394
166,Linear SVM,0.9656728576083415,0.9654456654456656,0.9370268844103421,1.0,0.9555555555555556,0.967741935483871,0.9393939393939394
166,RBF SVM,0.958097100032584,0.9577533577533579,0.9244103182345794,1.0,0.9555555555555556,0.967741935483871,0.9090909090909091
166,Random forest,0.9470348647768003,0.9319684110062972,0.9125777604754334,1.0,0.9777777777777777,0.8709677419354839,0.9393939393939394
166,Extra trees,0.9687194525904204,0.9710803689064559,0.9497966907278059,1.0,1.0,0.9354838709677419,0.9393939393939394
166,kNN,0.9606549364613881,0.964072104312673,0.9375631178619427,1.0,1.0,0.9032258064516129,0.9393939393939394
166,HistGradientBoosting,0.9732486151840991,0.9723144877280867,0.9496993201796028,1.0,0.9555555555555556,0.967741935483871,0.9696969696969697
167,Multinomial logistic,0.9383522727272727,0.9194968716673031,0.8977700676204328,1.0,0.975,0.9375,0.8409090909090909
167,Linear SVM,0.9602272727272727,0.9418327847459006,0.9217341294019602,1.0,1.0,1.0,0.8409090909090909
167,RBF SVM,0.9539772727272727,0.9358885017421602,0.9092499808029304,1.0,0.975,1.0,0.8409090909090909
167,Random forest,0.9647727272727273,0.9622719590827316,0.9422363090357349,0.95,1.0,1.0,0.9090909090909091
167,Extra trees,0.9886363636363636,0.9880884855360181,0.9768900083517363,1.0,1.0,1.0,0.9545454545454546
167,kNN,0.9829545454545454,0.9821403260099221,0.9656253477183688,1.0,1.0,1.0,0.9318181818181818
167,HistGradientBoosting,0.9642045454545454,0.959037076188239,0.9416859120081045,0.95,0.975,1.0,0.9318181818181818
168,Multinomial logistic,0.9416755037115588,0.93208943656514,0.9082854589593954,1.0,0.9565217391304348,0.9565217391304348,0.8536585365853658
168,Linear SVM,0.9362407211028632,0.9263089851325145,0.8976350651256109,1.0,0.9347826086956522,0.9565217391304348,0.8536585365853658
168,RBF SVM,0.9416755037115588,0.935407910062288,0.907118297825913,1.0,0.9565217391304348,0.9565217391304348,0.8536585365853658
168,Random forest,0.9253711558854719,0.9177493296174427,0.8858946526460968,1.0,0.9347826086956522,0.9130434782608695,0.8536585365853658
168,Extra trees,0.976272534464475,0.9716485507246377,0.9585670417263887,1.0,0.9782608695652174,1.0,0.926829268292683
168,kNN,0.9660657476139979,0.9666917206290472,0.9584132900260229,1.0,1.0,0.9130434782608695,0.9512195121951219
168,HistGradientBoosting,0.9471102863202545,0.9342321885642901,0.9075244389898851,1.0,0.9347826086956522,1.0,0.8536585365853658
169,Multinomial logistic,0.9676113360323887,0.9727346261772492,0.9663306068155824,1.0,1.0,0.9230769230769231,0.9473684210526315
169,Linear SVM,0.9868421052631579,0.9868329868329868,0.9832250163734602,1.0,1.0,1.0,0.9473684210526315
169,RBF SVM,0.9868421052631579,0.9868329868329868,0.9832250163734602,1.0,1.0,1.0,0.9473684210526315
169,Random forest,0.926889338731444,0.9319707222003242,0.9183567566769795,0.8947368421052632,0.9666666666666667,0.8461538461538461,1.0
169,Extra trees,0.9461201079622132,0.9480642991659941,0.9342996494754053,0.8947368421052632,0.9666666666666667,0.9230769230769231,1.0
169,kNN,0.9807692307692308,0.9859016393442623,0.9831720364791128,1.0,1.0,0.9230769230769231,1.0
169,HistGradientBoosting,0.9076585695006748,0.9123015873015873,0.9001379315489679,0.8947368421052632,0.9666666666666667,0.7692307692307693,1.0
170,Multinomial logistic,0.9817708333333334,0.9750875970955758,0.9698091915404552,1.0,0.9583333333333334,1.0,0.96875
170,Linear SVM,0.9713541666666666,0.962434908087082,0.9551835444153098,1.0,0.9166666666666666,1.0,0.96875
170,RBF SVM,0.9713541666666666,0.962434908087082,0.9551835444153098,1.0,0.9166666666666666,1.0,0.96875
170,Random forest,0.9756944444444444,0.9756273239457866,0.9694716600253023,0.9444444444444444,0.9583333333333334,1.0,1.0
170,Extra trees,0.9895833333333334,0.9866163349347975,0.9847760297664073,1.0,0.9583333333333334,1.0,1.0
170,kNN,0.9895833333333334,0.9866163349347975,0.9847760297664073,1.0,0.9583333333333334,1.0,1.0
170,HistGradientBoosting,0.9513888888888888,0.95122379485391,0.9395249307885366,0.8888888888888888,0.9166666666666666,1.0,1.0
171,Multinomial logistic,0.9577380952380953,0.9512816131237184,0.9413304582829002,1.0,1.0,0.8666666666666667,0.9642857142857143
171,Linear SVM,1.0,1.0,1.0,1.0,1.0,1.0,1.0
171,RBF SVM,0.9910714285714286,0.9886977886977887,0.9802607608765951,1.0,1.0,1.0,0.9642857142857143
171,Random forest,0.9654761904761906,0.9578282952148651,0.9405789532331532,1.0,1.0,0.9333333333333333,0.9285714285714286
171,Extra trees,0.9833333333333334,0.9869933454325469,0.980134696199506,1.0,1.0,0.9333333333333333,1.0
171,kNN,0.9833333333333334,0.9869933454325469,0.980134696199506,1.0,1.0,0.9333333333333333,1.0
171,HistGradientBoosting,0.9821428571428572,0.9708260892471419,0.9610172240791524,1.0,1.0,1.0,0.9285714285714286
172,Multinomial logistic,0.9932432432432432,0.987954652810581,0.986285071606203,1.0,0.972972972972973,1.0,1.0
172,Linear SVM,0.9864864864864865,0.976388888888889,0.972929600873459,1.0,0.9459459459459459,1.0,1.0
172,RBF SVM,0.9932432432432432,0.987954652810581,0.986285071606203,1.0,0.972972972972973,1.0,1.0
172,Random forest,0.9788793103448277,0.9826248313090419,0.9725164944937779,0.95,1.0,1.0,0.9655172413793104
172,Extra trees,0.9625,0.9680630630630631,0.9590489755311894,0.85,1.0,1.0,1.0
172,kNN,0.9913793103448276,0.9869933454325469,0.9862671211577142,1.0,1.0,1.0,0.9655172413793104
172,HistGradientBoosting,0.9510018639328984,0.9500620749486449,0.9310509249535383,0.9,0.972972972972973,1.0,0.9310344827586207
173,Multinomial logistic,0.9541090629800307,0.9462979159554701,0.9301863142695301,1.0,0.9285714285714286,0.9523809523809523,0.9354838709677419
173,Linear SVM,0.9660138248847927,0.9606682769726248,0.9452668717286843,1.0,0.9285714285714286,1.0,0.9354838709677419
173,RBF SVM,0.9830069124423964,0.9799925484351715,0.9721588148655251,1.0,0.9642857142857143,1.0,0.967741935483871
173,Random forest,0.9838709677419355,0.9769607843137256,0.9723600488515942,1.0,1.0,1.0,0.9354838709677419
173,Extra trees,1.0,1.0,1.0,1.0,1.0,1.0,1.0
173,kNN,1.0,1.0,1.0,1.0,1.0,1.0,1.0
173,HistGradientBoosting,0.9563412058371736,0.9544941194176237,0.9436581866206064,0.9375,1.0,0.9523809523809523,0.9354838709677419
174,Multinomial logistic,0.9774904214559388,0.9663793103448277,0.9547202285291748,1.0,0.9444444444444444,1.0,0.9655172413793104
174,Linear SVM,0.9844348659003832,0.978598924325005,0.969425000805483,1.0,0.9722222222222222,1.0,0.9655172413793104
174,RBF SVM,1.0,1.0,1.0,1.0,1.0,1.0,1.0
174,Random forest,0.8996489621489622,0.9213748208313425,0.9092462719119194,0.8571428571428571,0.9722222222222222,0.7692307692307693,1.0
174,Extra trees,0.9436813186813187,0.9581494165398274,0.954138799749999,0.9285714285714286,1.0,0.8461538461538461,1.0
174,kNN,0.9807692307692308,0.9857627118644068,0.9846970452872645,1.0,1.0,0.9230769230769231,1.0
174,HistGradientBoosting,0.9105616605616605,0.9277273949656067,0.909378887608404,0.9285714285714286,0.9444444444444444,0.7692307692307693,1.0
175,Multinomial logistic,0.9557079945799458,0.9565451330883171,0.9456426458437613,1.0,0.975609756097561,0.875,0.9722222222222222
175,Linear SVM,0.9661246612466124,0.9661661329164425,0.9562368466361206,1.0,0.975609756097561,0.9166666666666666,0.9722222222222222
175,RBF SVM,0.9869579945799458,0.9829712637338534,0.9782753816235259,1.0,0.975609756097561,1.0,0.9722222222222222
175,Random forest,0.9547764227642276,0.9527449966979642,0.9356523864866394,1.0,0.9024390243902439,0.9166666666666666,1.0
175,Extra trees,0.9895833333333334,0.9912561935295832,0.9890973680353974,1.0,1.0,0.9583333333333334,1.0
175,kNN,0.9895833333333334,0.9912561935295832,0.9890973680353974,1.0,1.0,0.9583333333333334,1.0
175,HistGradientBoosting,0.9417344173441734,0.9359389947625242,0.9141735292624171,1.0,0.8780487804878049,0.9166666666666666,0.9722222222222222
176,Multinomial logistic,0.9531257890218653,0.9450516961112014,0.9250607249564903,1.0,0.9512195121951219,0.9565217391304348,0.9047619047619048
176,Linear SVM,0.9531257890218653,0.9450516961112014,0.9250607249564903,1.0,0.9512195121951219,0.9565217391304348,0.9047619047619048
176,RBF SVM,0.9470282280462555,0.9365832035979934,0.9145689948162165,1.0,0.926829268292683,0.9565217391304348,0.9047619047619048
176,Random forest,0.9374842195626925,0.9357709909405062,0.9140978867087256,1.0,0.975609756097561,0.8695652173913043,0.9047619047619048
176,Extra trees,0.9772256728778468,0.976582298184988,0.9676483176525433,1.0,1.0,0.9565217391304348,0.9523809523809523
176,kNN,0.9772256728778468,0.9794559189137503,0.9676771463989183,1.0,1.0,0.9565217391304348,0.9523809523809523
176,HistGradientBoosting,0.9302062818764834,0.9275178253119428,0.9029846422459878,0.9523809523809523,0.926829268292683,0.9130434782608695,0.9285714285714286
177,Multinomial logistic,0.91831173147225,0.9252890090462415,0.9128982757988422,0.9333333333333333,0.9830508474576272,0.8235294117647058,0.9333333333333333
177,Linear SVM,0.9601528747092059,0.9556128017462764,0.9383206374658796,1.0,0.9661016949152542,0.9411764705882353,0.9333333333333333
177,RBF SVM,0.9601528747092059,0.9505748488799337,0.9388985708494512,1.0,0.9661016949152542,0.9411764705882353,0.9333333333333333
177,Random forest,0.8495098039215686,0.8683722920801367,0.8624874230842213,0.7333333333333333,1.0,0.7647058823529411,0.9
177,Extra trees,0.9539215686274509,0.9635416666666667,0.9503397193734835,1.0,1.0,0.8823529411764706,0.9333333333333333
177,kNN,0.92240777666999,0.924677249932231,0.9009477407522197,1.0,0.9661016949152542,0.8235294117647058,0.9
177,HistGradientBoosting,0.8349783981389165,0.8448356365310832,0.8246885464238966,0.7333333333333333,0.9830508474576272,0.8235294117647058,0.8
178,Multinomial logistic,0.9661016949152542,0.9530890656506419,0.9289952846374423,1.0,0.864406779661017,1.0,1.0
178,Linear SVM,0.9661016949152542,0.9509310155821783,0.9289088465203332,1.0,0.864406779661017,1.0,1.0
178,RBF SVM,0.9683968926553672,0.9600914201045254,0.945541435802062,1.0,0.9152542372881356,0.9583333333333334,1.0
178,Random forest,0.936006084311169,0.9390396439309483,0.9269715241619988,0.9615384615384616,0.9491525423728814,0.8333333333333334,1.0
178,Extra trees,0.9853460451977402,0.9865917179746967,0.9815344517564685,1.0,0.9830508474576272,0.9583333333333334,1.0
178,kNN,0.9853460451977402,0.9848150696022311,0.9814910543040064,1.0,0.9830508474576272,0.9583333333333334,1.0
178,HistGradientBoosting,0.9630187961755758,0.9602748540887928,0.944768414897895,0.9615384615384616,0.9322033898305084,0.9583333333333334,1.0
179,Multinomial logistic,0.9880952380952381,0.9871456822676334,0.9768927403986908,1.0,1.0,1.0,0.9523809523809523
179,Linear SVM,0.9861111111111112,0.9828571428571429,0.9769219496004707,1.0,0.9444444444444444,1.0,1.0
179,RBF SVM,0.9880952380952381,0.9871456822676334,0.9768927403986908,1.0,1.0,1.0,0.9523809523809523
179,Random forest,0.9464285714285714,0.9530741100508542,0.9301447856363444,0.8333333333333334,1.0,1.0,0.9523809523809523
179,Extra trees,1.0,1.0,1.0,1.0,1.0,1.0,1.0
179,kNN,1.0,1.0,1.0,1.0,1.0,1.0,1.0
179,HistGradientBoosting,0.9464285714285714,0.9530741100508542,0.9301447856363444,0.8333333333333334,1.0,1.0,0.9523809523809523
180,Multinomial logistic,0.9723084886128365,0.9657148168562306,0.9476638775690205,1.0,0.9761904761904762,1.0,0.9130434782608695
180,Linear SVM,0.9619565217391305,0.9601881164104165,0.947802942362331,1.0,1.0,0.9130434782608695,0.9347826086956522
180,RBF SVM,0.9836956521739131,0.9804399312833229,0.9688124228431372,1.0,1.0,1.0,0.9347826086956522
180,Random forest,0.9831780538302277,0.9829347123464771,0.9682719832188489,1.0,0.9761904761904762,1.0,0.9565217391304348
180,Extra trees,0.9945652173913043,0.994311570782159,0.989477973321945,1.0,1.0,1.0,0.9782608695652174
180,kNN,0.9782608695652173,0.9802681992337166,0.9687054259279796,1.0,1.0,0.9565217391304348,0.9565217391304348
180,HistGradientBoosting,0.9668737060041408,0.9639876799226104,0.9476423765725032,1.0,0.9761904761904762,0.9565217391304348,0.9347826086956522
181,Multinomial logistic,0.9543650793650793,0.956301887767405,0.9421886892080661,0.9333333333333333,0.9555555555555556,0.9285714285714286,1.0
181,Linear SVM,0.9833333333333334,0.9749605753352607,0.9656729185964902,1.0,0.9333333333333333,1.0,1.0
181,RBF SVM,0.97831541218638,0.9692709292687418,0.9653332763652073,1.0,0.9777777777777777,1.0,0.9354838709677419
181,Random forest,0.9250704045058884,0.927014652014652,0.9072843027477231,0.9333333333333333,0.9777777777777777,0.8214285714285714,0.967741935483871
181,Extra trees,0.9821428571428572,0.9829282407407407,0.9769599064364248,1.0,1.0,0.9285714285714286,1.0
181,kNN,0.9863799283154122,0.9810619789778905,0.9767572621017144,1.0,0.9777777777777777,1.0,0.967741935483871
181,HistGradientBoosting,0.9242063492063491,0.9310787285736576,0.9092675170548008,0.9333333333333333,0.9777777777777777,0.7857142857142857,1.0
182,Multinomial logistic,0.9595259391771019,0.9523163877222675,0.9364943797046462,1.0,0.9230769230769231,0.9615384615384616,0.9534883720930233
182,Linear SVM,0.9446929039952295,0.9286559331079878,0.9065437206896092,1.0,0.8717948717948718,1.0,0.9069767441860465
182,RBF SVM,0.9691413237924866,0.9614425459762619,0.947465124042563,1.0,0.9230769230769231,1.0,0.9534883720930233
182,Random forest,0.9685450208706023,0.9662277951933125,0.9575412746714825,1.0,0.9743589743589743,0.9230769230769231,0.9767441860465116
182,Extra trees,0.9749552772808587,0.9782147533828023,0.96800035897522,1.0,1.0,0.9230769230769231,0.9767441860465116
182,kNN,0.9807692307692308,0.9843181818181819,0.9788285199914768,1.0,1.0,0.9230769230769231,1.0
182,HistGradientBoosting,0.9493142516398331,0.9499702076949268,0.9367122952933772,1.0,0.9743589743589743,0.8461538461538461,0.9767441860465116
183,Multinomial logistic,0.9436274509803921,0.9519823652731534,0.9405021023219097,0.8888888888888888,1.0,0.9411764705882353,0.9444444444444444
183,Linear SVM,0.9861111111111112,0.9881401617250674,0.9804064973189224,1.0,1.0,1.0,0.9444444444444444
183,RBF SVM,0.9764957264957266,0.9700838635049162,0.9607147228228404,1.0,0.9615384615384616,1.0,0.9444444444444444
183,Random forest,0.8308823529411764,0.8454645135566189,0.8422429592267293,0.5555555555555556,1.0,0.8235294117647058,0.9444444444444444
183,Extra trees,0.9436274509803921,0.9527311086689555,0.9407560127539357,0.8888888888888888,1.0,0.9411764705882353,0.9444444444444444
183,kNN,0.957516339869281,0.966244622182469,0.9606993564525352,0.8888888888888888,1.0,0.9411764705882353,1.0
183,HistGradientBoosting,0.8308823529411764,0.8454645135566189,0.8422429592267293,0.5555555555555556,1.0,0.8235294117647058,0.9444444444444444
184,Multinomial logistic,0.9444444444444444,0.9414344685242518,0.9482762234079015,0.8888888888888888,1.0,0.8888888888888888,1.0
184,Linear SVM,1.0,1.0,1.0,1.0,1.0,1.0,1.0
184,RBF SVM,1.0,1.0,1.0,1.0,1.0,1.0,1.0
184,Random forest,0.9444444444444444,0.9341346153846154,0.9327231366742856,0.7777777777777778,1.0,1.0,1.0
184,Extra trees,0.9761111111111112,0.9702112423916934,0.965577708698133,0.9444444444444444,0.96,1.0,1.0
184,kNN,0.9761111111111112,0.9702112423916934,0.965577708698133,0.9444444444444444,0.96,1.0,1.0
184,HistGradientBoosting,0.9444444444444444,0.9565868857664522,0.9483620396095166,0.8888888888888888,1.0,0.8888888888888888,1.0
185,Multinomial logistic,0.9913793103448276,0.9892037786774629,0.978651835285495,1.0,0.9655172413793104,1.0,1.0
185,Linear SVM,1.0,1.0,1.0,1.0,1.0,1.0,1.0
185,RBF SVM,1.0,1.0,1.0,1.0,1.0,1.0,1.0
185,Random forest,0.969600725952813,0.9600563909774436,0.936693912537588,1.0,0.9310344827586207,1.0,0.9473684210526315
185,Extra trees,0.9676113360323887,0.9597751858768808,0.957102336085019,0.9230769230769231,1.0,1.0,0.9473684210526315
185,kNN,1.0,1.0,1.0,1.0,1.0,1.0,1.0
185,HistGradientBoosting,0.9255898366606171,0.8936902347145754,0.8745479762430404,1.0,0.9655172413793104,1.0,0.7368421052631579
186,Multinomial logistic,0.9348566729323309,0.9236563067303087,0.8993947406353826,1.0,0.9285714285714286,0.96875,0.8421052631578947
186,Linear SVM,0.9104519110275688,0.9034893984503226,0.8694193120431951,0.95,0.8809523809523809,0.96875,0.8421052631578947
186,RBF SVM,0.937374686716792,0.9364588031254697,0.9091193942345919,0.95,0.9047619047619048,1.0,0.8947368421052632
186,Random forest,0.9677318295739349,0.9603841446554766,0.9492846417445352,1.0,0.9761904761904762,1.0,0.8947368421052632
186,Extra trees,1.0,1.0,1.0,1.0,1.0,1.0,1.0
186,kNN,0.961203790726817,0.960911095681427,0.9484955321286261,0.95,0.9523809523809523,0.96875,0.9736842105263158
186,HistGradientBoosting,0.9389998433583959,0.9326071609849196,0.9182491173895541,0.95,0.9523809523809523,0.90625,0.9473684210526315
187,Multinomial logistic,0.935483870967742,0.9153320028388823,0.9011532623579436,1.0,1.0,1.0,0.7419354838709677
187,Linear SVM,0.935483870967742,0.9193488325281804,0.9007417292095731,1.0,1.0,1.0,0.7419354838709677
187,RBF SVM,0.9435483870967742,0.9276531307850102,0.9129046806756963,1.0,1.0,1.0,0.7741935483870968
187,Random forest,0.9586021505376344,0.9659805429987474,0.9611075758260036,0.8666666666666667,1.0,1.0,0.967741935483871
187,Extra trees,0.9714285714285714,0.9790317493692178,0.9740299163939665,0.9333333333333333,1.0,0.9523809523809523,1.0
187,kNN,1.0,1.0,1.0,1.0,1.0,1.0,1.0
187,HistGradientBoosting,0.9210563629918469,0.9246256930683161,0.8959035141926868,0.8666666666666667,0.8974358974358975,0.9523809523809523,0.967741935483871
188,Multinomial logistic,0.9462301587301587,0.9465147195877419,0.9287218650289564,0.9333333333333333,0.9428571428571428,0.9444444444444444,0.9642857142857143
188,Linear SVM,0.9767857142857144,0.9727324073299305,0.957333673516916,1.0,0.9428571428571428,1.0,0.9642857142857143
188,RBF SVM,0.9767857142857144,0.9727324073299305,0.957333673516916,1.0,0.9428571428571428,1.0,0.9642857142857143
188,Random forest,0.9422619047619049,0.9502259436469962,0.9284369234405488,1.0,0.9714285714285714,0.8333333333333334,0.9642857142857143
188,Extra trees,0.9333333333333333,0.9468785240234411,0.9436291834490863,0.7333333333333333,1.0,1.0,1.0
188,kNN,0.9527777777777777,0.9647260273972603,0.95743059917357,0.8666666666666667,1.0,0.9444444444444444,1.0
188,HistGradientBoosting,0.9265873015873016,0.9339900966613295,0.9141026646636922,1.0,1.0,0.7777777777777778,0.9285714285714286
189,Multinomial logistic,0.9098039215686273,0.8966689224753741,0.883328353686344,0.8823529411764706,1.0,0.9333333333333333,0.8235294117647058
189,Linear SVM,0.948529411764706,0.9336219336219336,0.9228564102523246,0.9411764705882353,1.0,1.0,0.8529411764705882
189,RBF SVM,0.9411764705882353,0.9221395302989231,0.9102307504186532,0.9411764705882353,1.0,1.0,0.8235294117647058
189,Random forest,0.8617647058823529,0.8689393939393939,0.8528343709628936,0.7647058823529411,1.0,0.8,0.8823529411764706
189,Extra trees,0.9352941176470588,0.9398271232623044,0.9330751438481595,1.0,1.0,0.8,0.9411764705882353
189,kNN,0.9372549019607843,0.9381156477930672,0.9330395708760514,0.9411764705882353,1.0,0.8666666666666667,0.9411764705882353
189,HistGradientBoosting,0.8931372549019608,0.8978743528474711,0.8810792375012694,0.8235294117647058,1.0,0.8666666666666667,0.8823529411764706
190,Multinomial logistic,0.9696302260957435,0.9592364532019705,0.9496838322400101,1.0,0.9642857142857143,0.9655172413793104,0.9487179487179487
190,Linear SVM,0.962912087912088,0.9560285047774262,0.9376130957988323,1.0,0.9285714285714286,1.0,0.9230769230769231
190,RBF SVM,0.9603937728937728,0.9499183206730377,0.9376511268171834,1.0,0.8928571428571429,1.0,0.9487179487179487
190,Random forest,0.9849690539345712,0.9837465921857936,0.9746974909872341,1.0,1.0,0.9655172413793104,0.9743589743589743
190,Extra trees,0.9827586206896551,0.9835209066971226,0.9748665192386538,1.0,1.0,0.9310344827586207,1.0
190,kNN,0.9913793103448276,0.9912280701754386,0.9873920149427972,1.0,1.0,0.9655172413793104,1.0
190,HistGradientBoosting,0.9760404825059998,0.9760404825059998,0.9618258230212468,1.0,0.9642857142857143,0.9655172413793104,0.9743589743589743
191,Multinomial logistic,0.9846225535880708,0.9846225535880708,0.9683698296836983,1.0,0.9655172413793104,1.0,0.972972972972973
191,Linear SVM,0.9932432432432432,0.9923380543301602,0.9843784388649718,1.0,1.0,1.0,0.972972972972973
191,RBF SVM,0.9846225535880708,0.9793339631554087,0.968670461396219,1.0,0.9655172413793104,1.0,0.972972972972973
191,Random forest,0.9711090400745573,0.9647785570491592,0.937575850023707,1.0,0.9655172413793104,1.0,0.918918918918919
191,Extra trees,0.9932432432432432,0.987954652810581,0.9844254233242005,1.0,1.0,1.0,0.972972972972973
191,kNN,0.9932432432432432,0.9923380543301602,0.9843784388649718,1.0,1.0,1.0,0.972972972972973
191,HistGradientBoosting,0.9846225535880708,0.9770850875931897,0.9686887666008847,1.0,0.9655172413793104,1.0,0.972972972972973
192,Multinomial logistic,0.9643303571428572,0.9629282407407407,0.9493981017868989,1.0,0.96,0.9285714285714286,0.96875
192,Linear SVM,0.9643303571428572,0.9629282407407407,0.9493981017868989,1.0,0.96,0.9285714285714286,0.96875
192,RBF SVM,0.9821875,0.9770854591836735,0.9664116786776535,1.0,0.96,1.0,0.96875
192,Random forest,0.9364732142857143,0.9359702797202798,0.9166387580988963,1.0,0.92,0.8571428571428571,0.96875
192,Extra trees,0.9821428571428572,0.985838779956427,0.98322718553805,1.0,1.0,0.9285714285714286,1.0
192,kNN,0.9642857142857143,0.9720211161387633,0.9665369059625193,1.0,1.0,0.8571428571428571,1.0
192,HistGradientBoosting,0.9643303571428572,0.9629282407407407,0.9493981017868989,1.0,0.96,0.9285714285714286,0.96875
193,Multinomial logistic,0.9635278514588859,0.9581758056758056,0.9434002583030028,1.0,0.9310344827586207,1.0,0.9230769230769231
193,Linear SVM,0.9539124668435013,0.948648904006047,0.9297624495537776,1.0,0.9310344827586207,1.0,0.8846153846153846
193,RBF SVM,0.981763925729443,0.9814528150441463,0.9714241581711461,1.0,0.9655172413793104,1.0,0.9615384615384616
193,Random forest,0.963527851458886,0.9585299418233584,0.9423573110578988,1.0,0.9310344827586207,0.9615384615384616,0.9615384615384616
193,Extra trees,0.9711538461538461,0.9761473272490222,0.9710425477494067,0.9230769230769231,1.0,0.9615384615384616,1.0
193,kNN,0.9711538461538461,0.9761473272490222,0.9710425477494067,0.9230769230769231,1.0,0.9615384615384616,1.0
193,HistGradientBoosting,0.9452917771883289,0.9491955315639525,0.92772204507011,0.9230769230769231,0.896551724137931,0.9615384615384616,1.0
194,Multinomial logistic,0.9541734860883797,0.9460835496989495,0.932198124863873,1.0,1.0,0.9230769230769231,0.8936170212765957
194,Linear SVM,0.9648117839607202,0.9622777222777223,0.9515677864496588,1.0,1.0,0.9230769230769231,0.9361702127659575
194,RBF SVM,0.9840425531914894,0.9805586399663055,0.970930188096915,1.0,1.0,1.0,0.9361702127659575
194,Random forest,0.9114651527550464,0.9133964876273091,0.8914917371274487,0.85,0.9791666666666666,0.9230769230769231,0.8936170212765957
194,Extra trees,0.9551963993453355,0.9614480747098668,0.94179872697138,1.0,1.0,0.8846153846153846,0.9361702127659575
194,kNN,0.9551963993453355,0.9614480747098668,0.94179872697138,1.0,1.0,0.8846153846153846,0.9361702127659575
194,HistGradientBoosting,0.8922343835242772,0.9004295532646048,0.8717975865201962,0.85,0.9791666666666666,0.8461538461538461,0.8936170212765957
195,Multinomial logistic,0.9752502780867631,0.9710197122485822,0.9527268141174474,1.0,0.9354838709677419,1.0,0.9655172413793104
195,Linear SVM,0.9752502780867631,0.9676939531205061,0.9531950352229941,1.0,0.9354838709677419,1.0,0.9655172413793104
195,RBF SVM,0.9752502780867631,0.9676939531205061,0.9531950352229941,1.0,0.9354838709677419,1.0,0.9655172413793104
195,Random forest,0.9034554062918914,0.9132801990852839,0.8887879503100291,0.8461538461538461,0.9354838709677419,0.8666666666666667,0.9655172413793104
195,Extra trees,0.9838709677419355,0.9760416666666667,0.9691657342238278,1.0,0.9354838709677419,1.0,1.0
195,kNN,0.9833147942157954,0.9794850028296548,0.9685334862420067,1.0,0.967741935483871,1.0,0.9655172413793104
195,HistGradientBoosting,0.920122072958558,0.9261322216147257,0.9050182930866596,0.8461538461538461,0.9354838709677419,0.9333333333333333,0.9655172413793104
196,Multinomial logistic,0.9640756302521009,0.9481282734401018,0.9316734943130169,1.0,0.9705882352941176,1.0,0.8857142857142857
196,Linear SVM,0.9714285714285714,0.9553632274771705,0.9461270372034586,1.0,1.0,1.0,0.8857142857142857
196,RBF SVM,0.9567226890756303,0.9375304280090693,0.9180787174828684,1.0,0.9411764705882353,1.0,0.8857142857142857
196,Random forest,0.9928571428571429,0.9871175523349436,0.9861522911627914,1.0,1.0,1.0,0.9714285714285714
196,Extra trees,1.0,1.0,1.0,1.0,1.0,1.0,1.0
196,kNN,1.0,1.0,1.0,1.0,1.0,1.0,1.0
196,HistGradientBoosting,0.9785714285714285,0.9629439011837365,0.9595178904371358,1.0,1.0,1.0,0.9142857142857143
197,Multinomial logistic,0.9588659147869674,0.9586675020885547,0.9366130820158793,1.0,0.9166666666666666,0.9473684210526315,0.9714285714285714
197,Linear SVM,0.9720238095238095,0.9660714285714286,0.9495818029226634,1.0,0.9166666666666666,1.0,0.9714285714285714
197,RBF SVM,0.9588659147869674,0.9559201362018264,0.9366236794526359,1.0,0.9166666666666666,0.9473684210526315,0.9714285714285714
197,Random forest,0.9443817878028404,0.9350657307255893,0.9119043844229264,1.0,0.9444444444444444,0.9473684210526315,0.8857142857142857
197,Extra trees,0.9796992481203007,0.9826757285661396,0.9745282826329331,1.0,1.0,0.9473684210526315,0.9714285714285714
197,kNN,0.9727548036758563,0.9727548036758563,0.9616930716481438,1.0,0.9722222222222222,0.9473684210526315,0.9714285714285714
197,HistGradientBoosting,0.9586675020885547,0.9560107766629506,0.9363876351785803,1.0,0.9444444444444444,0.9473684210526315,0.9428571428571428
198,Multinomial logistic,0.9105691056910569,0.9227507225238365,0.9387475895544136,1.0,1.0,0.6666666666666666,0.975609756097561
198,Linear SVM,0.9401858304297329,0.9408160277725495,0.9388385822056715,1.0,0.9761904761904762,0.8333333333333334,0.9512195121951219
198,RBF SVM,0.9669715447154471,0.9641615367077063,0.9634625144186283,1.0,1.0,0.9166666666666666,0.9512195121951219
198,Random forest,0.8714430894308942,0.8849857062343807,0.8645408962662002,0.8571428571428571,0.9761904761904762,0.75,0.9024390243902439
198,Extra trees,0.9162311265969802,0.9255794576579306,0.9013366758729573,0.9523809523809523,0.9523809523809523,0.8333333333333334,0.926829268292683
198,kNN,0.9431620209059233,0.9461681013868962,0.926097812843894,0.9523809523809523,0.9523809523809523,0.9166666666666666,0.9512195121951219
198,HistGradientBoosting,0.874274099883856,0.8788609782030835,0.8530293327486903,0.8095238095238095,0.9761904761904762,0.8333333333333334,0.8780487804878049
199,Multinomial logistic,0.9171551724137932,0.9009861373317183,0.8546514537834478,1.0,0.96,0.95,0.7586206896551724
199,Linear SVM,0.9382758620689655,0.9303085023795863,0.8866524587824619,1.0,0.96,1.0,0.7931034482758621
199,RBF SVM,0.9104980842911877,0.9127674130448826,0.8685440954160554,0.8888888888888888,0.96,1.0,0.7931034482758621
199,Random forest,0.9252394636015324,0.9335796284325696,0.900986734942879,0.8888888888888888,1.0,0.95,0.8620689655172413
199,Extra trees,0.9616379310344828,0.9615816573363742,0.9341841866062922,1.0,1.0,0.95,0.896551724137931
199,kNN,0.9530172413793103,0.9523439523439524,0.9185582150905159,1.0,1.0,0.95,0.8620689655172413
199,HistGradientBoosting,0.91661877394636,0.9224574173103585,0.884675321125087,0.8888888888888888,1.0,0.95,0.8275862068965517
200,Multinomial logistic,0.9674305555555556,0.9669556289152867,0.9459280803807509,1.0,0.9722222222222222,0.96,0.9375
200,Linear SVM,0.9682986111111112,0.9662375965192866,0.9460369498155702,1.0,0.9444444444444444,0.96,0.96875
200,RBF SVM,0.9626736111111112,0.9510858324501084,0.9335724342026392,1.0,0.9444444444444444,1.0,0.90625
200,Random forest,0.9852430555555556,0.975703896582107,0.9731483300570672,1.0,0.9722222222222222,1.0,0.96875
200,Extra trees,0.974375,0.9666060644319592,0.9596271598338413,1.0,1.0,0.96,0.9375
200,kNN,0.9821875,0.9826070884974994,0.9728802234172821,1.0,1.0,0.96,0.96875
200,HistGradientBoosting,0.9535416666666666,0.9438789600347182,0.918901663573031,1.0,0.9166666666666666,0.96,0.9375
201,Multinomial logistic,0.9447619047619047,0.9498133609453685,0.9427701147895504,0.8666666666666667,1.0,0.96,0.9523809523809523
201,Linear SVM,0.9376190476190476,0.9364328340031665,0.928604204155169,0.8666666666666667,0.9714285714285714,0.96,0.9523809523809523
201,RBF SVM,0.9880952380952381,0.985837922895358,0.9858317431569038,1.0,1.0,1.0,0.9523809523809523
201,Random forest,0.93,0.9373374590980225,0.9290055648364105,0.8,1.0,0.92,1.0
201,Extra trees,0.9561904761904761,0.9575666943893545,0.9430921226011225,0.9333333333333333,0.9714285714285714,0.92,1.0
201,kNN,0.9423809523809523,0.9464935064935065,0.9287878196449381,0.8666666666666667,0.9428571428571428,0.96,1.0
201,HistGradientBoosting,0.9152380952380952,0.9167775805974564,0.8869307925254142,0.8666666666666667,0.9142857142857143,0.88,1.0
202,Multinomial logistic,0.9821428571428572,0.9843304843304843,0.9847808830390343,1.0,1.0,0.9285714285714286,1.0
202,Linear SVM,0.9868421052631579,0.9885262621111677,0.9847760297664073,0.9473684210526315,1.0,1.0,1.0
202,RBF SVM,1.0,1.0,1.0,1.0,1.0,1.0,1.0
202,Random forest,0.968984962406015,0.9751686421961707,0.9694694724886973,0.9473684210526315,1.0,0.9285714285714286,1.0
202,Extra trees,0.9821428571428572,0.9860237596086652,0.9847643998484947,1.0,1.0,0.9285714285714286,1.0
202,kNN,0.9593695777906304,0.9657346799320199,0.9540259816973077,0.9473684210526315,1.0,0.9285714285714286,0.9615384615384616
202,HistGradientBoosting,0.9511278195488722,0.9587959942445754,0.9541566159340806,0.9473684210526315,1.0,0.8571428571428571,1.0
203,Multinomial logistic,0.9609728506787331,0.9459971401147872,0.9364621245165826,1.0,0.9615384615384616,1.0,0.8823529411764706
203,Linear SVM,0.9609728506787331,0.9459971401147872,0.9364621245165826,1.0,0.9615384615384616,1.0,0.8823529411764706
203,RBF SVM,0.9609728506787331,0.9459971401147872,0.9364621245165826,1.0,0.9615384615384616,1.0,0.8823529411764706
203,Random forest,0.9417420814479638,0.9386404586404586,0.8950333435844624,0.9411764705882353,0.8846153846153846,1.0,0.9411764705882353
203,Extra trees,0.9903846153846154,0.9879551820728292,0.978858227008175,1.0,0.9615384615384616,1.0,1.0
203,kNN,0.9487179487179488,0.9605144855144856,0.9571128240448741,1.0,0.9615384615384616,0.8333333333333334,1.0
203,HistGradientBoosting,0.9660633484162896,0.9621539721539721,0.9379325452377483,0.9411764705882353,0.9230769230769231,1.0,1.0
204,Multinomial logistic,0.9777183600713013,0.9789210789210789,0.974325394089675,1.0,1.0,0.9411764705882353,0.9696969696969697
204,Linear SVM,0.9777183600713013,0.9789210789210789,0.974325394089675,1.0,1.0,0.9411764705882353,0.9696969696969697
204,RBF SVM,0.9924242424242424,0.9897435897435898,0.9871977383604317,1.0,1.0,1.0,0.9696969696969697
204,Random forest,0.9498545829815179,0.9565112229102166,0.9484902407045328,0.9473684210526315,1.0,0.8823529411764706,0.9696969696969697
204,Extra trees,0.9630124777183601,0.970388986013986,0.9614505778244762,1.0,1.0,0.8823529411764706,0.9696969696969697
204,kNN,0.9549910873440286,0.9526323349852761,0.9361007515184689,1.0,1.0,0.9411764705882353,0.8787878787878788
204,HistGradientBoosting,0.9291209306689183,0.936000386996904,0.9224875618023075,0.8947368421052632,1.0,0.8823529411764706,0.9393939393939394
205,Multinomial logistic,0.8715821812596006,0.8583487452649706,0.8174800486707914,0.9285714285714286,0.8857142857142857,0.8333333333333334,0.8387096774193549
205,Linear SVM,0.8950652841781874,0.8695588434996235,0.8190385496888277,1.0,0.8571428571428571,0.9166666666666666,0.8064516129032258
205,RBF SVM,0.9382488479262673,0.9155623168807753,0.8791198972609792,1.0,0.9142857142857143,1.0,0.8387096774193549
205,Random forest,0.8824116743471583,0.8898996655518396,0.8769673420565196,0.7857142857142857,0.9428571428571428,0.8333333333333334,0.967741935483871
205,Extra trees,0.9720238095238095,0.9776947463768115,0.9694301568220525,1.0,0.9714285714285714,0.9166666666666666,1.0
205,kNN,0.9928571428571429,0.9924085576259489,0.9846828388901417,1.0,0.9714285714285714,1.0,1.0
205,HistGradientBoosting,0.8431259600614439,0.8579385680294181,0.8175543056588538,0.7142857142857143,0.8571428571428571,0.8333333333333334,0.967741935483871
206,Multinomial logistic,0.9318452380952381,0.9212188237276709,0.8971500725050806,0.9333333333333333,0.975,0.9523809523809523,0.8666666666666667
206,Linear SVM,0.9604166666666667,0.9433581181420675,0.9210411898740418,1.0,0.975,1.0,0.8666666666666667
206,RBF SVM,0.9597222222222223,0.9432608220849928,0.9206501125815857,1.0,0.95,1.0,0.8888888888888888
206,Random forest,0.9380952380952381,0.9369606021904873,0.9304605071813639,0.8666666666666667,1.0,0.9523809523809523,0.9333333333333333
206,Extra trees,0.9825396825396826,0.9802823673398025,0.9767263330807971,1.0,1.0,0.9523809523809523,0.9777777777777777
206,kNN,0.9833333333333334,0.9882928905917412,0.988379732551418,0.9333333333333333,1.0,1.0,1.0
206,HistGradientBoosting,0.9492063492063492,0.9480246107583041,0.9307649302610959,0.9333333333333333,1.0,0.9523809523809523,0.9111111111111111
207,Multinomial logistic,0.9932432432432432,0.9923380543301602,0.987197042945131,1.0,0.972972972972973,1.0,1.0
207,Linear SVM,0.9932432432432432,0.9923380543301602,0.987197042945131,1.0,0.972972972972973,1.0,1.0
207,RBF SVM,0.9932432432432432,0.9923380543301602,0.987197042945131,1.0,0.972972972972973,1.0,1.0
207,Random forest,0.9481642202547376,0.9469345408917995,0.9356846473029046,0.9375,0.972972972972973,0.9166666666666666,0.9655172413793104
207,Extra trees,0.9913793103448276,0.992280701754386,0.9871722522424627,1.0,1.0,1.0,0.9655172413793104
207,kNN,0.980962643678161,0.9827268280753241,0.9742068057988786,1.0,1.0,0.9583333333333334,0.9655172413793104
207,HistGradientBoosting,0.9549209770114943,0.9574602370424958,0.948492057932574,0.9375,1.0,0.9166666666666666,0.9655172413793104
208,Multinomial logistic,0.9848484848484849,0.974468784606866,0.9570287297842,1.0,1.0,1.0,0.9393939393939394
208,Linear SVM,0.9848484848484849,0.974468784606866,0.9570287297842,1.0,1.0,1.0,0.9393939393939394
208,RBF SVM,0.9848484848484849,0.974468784606866,0.9570287297842,1.0,1.0,1.0,0.9393939393939394
208,Random forest,0.9446969696969697,0.9276068960279485,0.8932536897143915,1.0,1.0,0.9,0.8787878787878788
208,Extra trees,1.0,1.0,1.0,1.0,1.0,1.0,1.0
208,kNN,0.9924242424242424,0.9903398926654741,0.9781902426779967,1.0,1.0,1.0,0.9696969696969697
208,HistGradientBoosting,0.9621212121212122,0.9350417935592561,0.8976366784974591,1.0,1.0,1.0,0.8484848484848485
209,Multinomial logistic,0.9555921052631579,0.9501876876876876,0.9415395279659254,1.0,1.0,0.875,0.9473684210526315
209,Linear SVM,0.9712171052631579,0.9687536063412641,0.9606114050558495,1.0,1.0,0.9375,0.9473684210526315
209,RBF SVM,0.9712171052631579,0.9687536063412641,0.9606114050558495,1.0,1.0,0.9375,0.9473684210526315
209,Random forest,0.9232954545454546,0.9344850948509484,0.921959093297869,0.8181818181818182,1.0,0.875,1.0
209,Extra trees,0.96875,0.9708333333333334,0.9610890822605743,1.0,1.0,0.875,1.0
209,kNN,0.9555921052631579,0.9537503178235444,0.9408482092596346,1.0,1.0,0.875,0.9473684210526315
209,HistGradientBoosting,0.9328648325358851,0.9391153649218165,0.9202701680174218,0.9090909090909091,1.0,0.875,0.9473684210526315
210,Multinomial logistic,0.9026455026455026,0.9127543360594208,0.9048748167002033,1.0,0.9333333333333333,0.7142857142857143,0.9629629629629629
210,Linear SVM,0.9466931216931217,0.9531766381766382,0.9425036213605507,1.0,0.9666666666666667,0.8571428571428571,0.9629629629629629
210,RBF SVM,0.9291005291005291,0.926128645188447,0.9059494821957901,1.0,0.9333333333333333,0.8571428571428571,0.9259259259259259
210,Random forest,0.8943121693121693,0.9040148448043186,0.8875690549899474,1.0,0.9,0.7142857142857143,0.9629629629629629
210,Extra trees,0.955952380952381,0.967890442890443,0.9616206236342029,1.0,0.9666666666666667,0.8571428571428571,1.0
210,kNN,0.9642857142857143,0.9766708701134931,0.9809343221204917,1.0,1.0,0.8571428571428571,1.0
210,HistGradientBoosting,0.866005291005291,0.8815644101661051,0.8859485785033011,1.0,0.9666666666666667,0.5714285714285714,0.9259259259259259
211,Multinomial logistic,0.9304086157744695,0.9217993231698914,0.9049556638517547,0.9523809523809523,0.926829268292683,0.9090909090909091,0.9333333333333333
211,Linear SVM,0.9185038538697075,0.9131747193768762,0.8901832286855004,0.9047619047619048,0.926829268292683,0.9090909090909091,0.9333333333333333
211,RBF SVM,0.9589430894308943,0.946302420086627,0.9193871735005446,1.0,0.9024390243902439,1.0,0.9333333333333333
211,Random forest,0.9177489177489178,0.9144988079414309,0.9190203560872,0.7619047619047619,1.0,0.9090909090909091,1.0
211,Extra trees,0.9819976771196284,0.9758480933981748,0.9727486249525932,0.9523809523809523,0.975609756097561,1.0,1.0
211,kNN,0.927919438285292,0.936844776670358,0.9182571512463563,1.0,0.926829268292683,0.8181818181818182,0.9666666666666667
211,HistGradientBoosting,0.848194488438391,0.8508204856296055,0.8511149336229288,0.7142857142857143,0.9512195121951219,0.7272727272727273,1.0
212,Multinomial logistic,0.9430916305916306,0.9317303888103594,0.9092387301080117,1.0,0.9636363636363636,0.9642857142857143,0.8444444444444444
212,Linear SVM,0.9351731601731602,0.9287552320699447,0.8992484423030932,1.0,0.9454545454545454,0.9285714285714286,0.8666666666666667
212,RBF SVM,0.9575757575757576,0.9518426623522972,0.9269850291847476,1.0,0.9636363636363636,1.0,0.8666666666666667
212,Random forest,0.9732323232323232,0.971148056923919,0.9540734622195634,1.0,0.9818181818181818,1.0,0.9111111111111111
212,Extra trees,0.9787878787878788,0.9797077922077922,0.9631153092316683,1.0,0.9818181818181818,1.0,0.9333333333333333
212,kNN,0.9698593073593074,0.9679666119321292,0.9540734622195634,1.0,0.9818181818181818,0.9642857142857143,0.9333333333333333
212,HistGradientBoosting,0.9459595959595959,0.9441329319212228,0.925978967606012,0.9090909090909091,0.9636363636363636,1.0,0.9111111111111111
213,Multinomial logistic,0.9886363636363636,0.9899487583760347,0.9834233403117054,1.0,0.9545454545454546,1.0,1.0
213,Linear SVM,0.9886363636363636,0.9899487583760347,0.9834233403117054,1.0,0.9545454545454546,1.0,1.0
213,RBF SVM,0.9886363636363636,0.9899487583760347,0.9834233403117054,1.0,0.9545454545454546,1.0,1.0
213,Random forest,0.9623205741626795,0.9680020756555259,0.9508463139043064,0.8947368421052632,0.9545454545454546,1.0,1.0
213,Extra trees,0.9528508771929824,0.9629464639265066,0.9507607760811525,0.8947368421052632,1.0,0.9166666666666666,1.0
213,kNN,1.0,1.0,1.0,1.0,1.0,1.0,1.0
213,HistGradientBoosting,0.9536998845075071,0.9572491095746909,0.9333275130030303,0.8947368421052632,0.9545454545454546,1.0,0.9655172413793104
214,Multinomial logistic,0.9189814814814815,0.9338007644529384,0.9281379091020417,1.0,1.0,0.75,0.9259259259259259
214,Linear SVM,0.9814814814814815,0.9766532721010333,0.964156155773386,1.0,1.0,1.0,0.9259259259259259
214,RBF SVM,0.9606481481481481,0.9612843799868582,0.9452725677185961,0.9166666666666666,1.0,1.0,0.9259259259259259
214,Random forest,0.891729797979798,0.9082409775504404,0.8712697914638452,0.8333333333333334,0.9696969696969697,0.875,0.8888888888888888
214,Extra trees,0.9814814814814815,0.9830316742081449,0.9642102616283952,1.0,1.0,1.0,0.9259259259259259
214,kNN,0.9502314814814815,0.9563650075414782,0.9460252517628989,1.0,1.0,0.875,0.9259259259259259
214,HistGradientBoosting,0.9305555555555556,0.9364534575109782,0.9086312447714541,0.8333333333333334,1.0,1.0,0.8888888888888888
215,Multinomial logistic,0.9787234042553191,0.9673018753781004,0.9579874866783624,1.0,1.0,1.0,0.9148936170212766
215,Linear SVM,0.9559961315280464,0.9498621673947957,0.9365910921664025,1.0,1.0,0.9090909090909091,0.9148936170212766
215,RBF SVM,0.9787234042553191,0.9708947583947585,0.9578902012123348,1.0,1.0,1.0,0.9148936170212766
215,Random forest,0.9552707930367506,0.9626420529086955,0.9464307875207097,1.0,1.0,0.8636363636363636,0.9574468085106383
215,Extra trees,0.9666344294003869,0.9715493443754314,0.9576313410068412,1.0,1.0,0.9090909090909091,0.9574468085106383
215,kNN,0.9559961315280464,0.9606797791580401,0.9372382358207536,1.0,1.0,0.9090909090909091,0.9148936170212766
215,HistGradientBoosting,0.9636143723229323,0.9705277628714931,0.956777496192445,0.9444444444444444,0.9767441860465116,0.9545454545454546,0.9787234042553191
216,Multinomial logistic,0.9868421052631579,0.9839839839839839,0.9850993968123168,1.0,1.0,0.9473684210526315,1.0
216,Linear SVM,1.0,1.0,1.0,1.0,1.0,1.0,1.0
216,RBF SVM,0.9830316742081449,0.9735095530749613,0.9704999243278754,1.0,0.9615384615384616,1.0,0.9705882352941176
216,Random forest,0.9926470588235294,0.9870093974571585,0.985140833667631,1.0,1.0,1.0,0.9705882352941176
216,Extra trees,0.9868421052631579,0.9896200548374461,0.9850510544705652,1.0,1.0,0.9473684210526315,1.0
216,kNN,0.9868421052631579,0.9896200548374461,0.9850510544705652,1.0,1.0,0.9473684210526315,1.0
216,HistGradientBoosting,0.9734162895927603,0.9706276310753923,0.9700810242245118,0.9230769230769231,1.0,1.0,0.9705882352941176
217,Multinomial logistic,0.9629667207792207,0.9570802286398616,0.9444885851295558,0.9545454545454546,0.9285714285714286,0.96875,1.0
217,Linear SVM,0.9866071428571428,0.982296755232535,0.9724791572182002,1.0,0.9464285714285714,1.0,1.0
217,RBF SVM,0.9752435064935066,0.9739011075699725,0.9630863382317151,0.9545454545454546,0.9464285714285714,1.0,1.0
217,Random forest,0.9640827922077922,0.9652330196685036,0.9534182103731863,0.9545454545454546,0.9642857142857143,0.9375,1.0
217,Extra trees,0.9799107142857143,0.9810609417464257,0.9721523971941145,1.0,0.9821428571428571,0.9375,1.0
217,kNN,0.9921875,0.9927849927849928,0.9907015962641543,1.0,1.0,0.96875,1.0
217,HistGradientBoosting,0.9530395591250855,0.9498681247036511,0.9346982214676453,0.9545454545454546,0.9464285714285714,0.9375,0.9736842105263158
218,Multinomial logistic,0.9541666666666666,0.9550977252196765,0.9517062635118201,0.9,1.0,0.9523809523809523,0.9642857142857143
218,Linear SVM,0.9910714285714286,0.9835497835497836,0.983977700704747,1.0,1.0,1.0,0.9642857142857143
218,RBF SVM,0.981456043956044,0.9728338692770977,0.9679772533772601,1.0,0.9615384615384616,1.0,0.9642857142857143
218,Random forest,0.9910714285714286,0.9835497835497836,0.983977700704747,1.0,1.0,1.0,0.9642857142857143
218,Extra trees,0.963095238095238,0.9714852850282889,0.9678949243795386,0.9,1.0,0.9523809523809523,1.0
218,kNN,0.9660714285714286,0.96573756432247,0.9676555201145676,0.9,1.0,1.0,0.9642857142857143
218,HistGradientBoosting,0.9403846153846154,0.9524069192061848,0.9514818624058057,0.8,0.9615384615384616,1.0,1.0
219,Multinomial logistic,0.9569826007326008,0.9521446907522857,0.9361092804586584,1.0,0.925,0.9285714285714286,0.9743589743589743
219,Linear SVM,0.9748397435897436,0.9721485411140584,0.9574481735613409,1.0,0.925,1.0,0.9743589743589743
219,RBF SVM,0.9530906593406594,0.9518583390293917,0.9249623042142936,1.0,0.925,0.9642857142857143,0.9230769230769231
219,Random forest,0.9443223443223443,0.9455408515535098,0.9248226919450195,0.95,0.95,0.9285714285714286,0.9487179487179487
219,Extra trees,0.956662087912088,0.9581455006629388,0.9360346934444495,1.0,0.975,0.9285714285714286,0.9230769230769231
219,kNN,0.956662087912088,0.9579347481786505,0.935722403737885,1.0,0.975,0.9285714285714286,0.9230769230769231
219,HistGradientBoosting,0.8986263736263738,0.906003173279596,0.8716889650096804,0.9,0.95,0.8214285714285714,0.9230769230769231
220,Multinomial logistic,0.9215309200603318,0.9203737123091962,0.933548341917883,1.0,0.9743589743589743,0.8,0.9117647058823529
220,Linear SVM,0.9641779788838613,0.942890442890443,0.934560976007976,1.0,0.9743589743589743,1.0,0.8823529411764706
220,RBF SVM,0.9641779788838613,0.942890442890443,0.934560976007976,1.0,0.9743589743589743,1.0,0.8823529411764706
220,Random forest,0.9705505279034692,0.9513351076783912,0.9467300214869466,0.9666666666666667,0.9743589743589743,1.0,0.9411764705882353
220,Extra trees,0.9288838612368024,0.9282973530832597,0.946559271934086,1.0,0.9743589743589743,0.8,0.9411764705882353
220,kNN,0.9715309200603318,0.951612595055218,0.9469911842331663,1.0,0.9743589743589743,1.0,0.9117647058823529
220,HistGradientBoosting,0.9465309200603318,0.927617206655093,0.906632734567697,0.9,0.9743589743589743,1.0,0.9117647058823529
221,Multinomial logistic,0.9464285714285714,0.91481220657277,0.9039518974038456,1.0,1.0,1.0,0.7857142857142857
221,Linear SVM,0.9464285714285714,0.91481220657277,0.9039518974038456,1.0,1.0,1.0,0.7857142857142857
221,RBF SVM,0.9553571428571428,0.929360373665694,0.918912787132116,1.0,1.0,1.0,0.8214285714285714
221,Random forest,0.9571428571428572,0.9366635415445916,0.9171188142288212,1.0,0.9714285714285714,1.0,0.8571428571428571
221,Extra trees,0.9732142857142857,0.9532403609515996,0.9510049690688342,1.0,1.0,1.0,0.8928571428571429
221,kNN,0.9821428571428572,0.968013468013468,0.9668463083398562,1.0,1.0,1.0,0.9285714285714286
221,HistGradientBoosting,0.9523809523809523,0.9443635167762541,0.9327321272014697,0.9166666666666666,1.0,1.0,0.8928571428571429
222,Multinomial logistic,0.9352072746094486,0.9299580103359173,0.9145841215509362,0.9545454545454546,0.9565217391304348,0.9047619047619048,0.925
222,Linear SVM,0.9476531620553359,0.9353811672960609,0.9268941846889331,0.9090909090909091,0.9565217391304348,1.0,0.925
222,RBF SVM,0.9701604554865424,0.9647616603459994,0.957318065279606,1.0,0.9782608695652174,0.9523809523809523,0.95
222,Random forest,0.9480284208545078,0.9553316279813999,0.9465699780002402,0.9090909090909091,0.9782608695652174,0.9047619047619048,1.0
222,Extra trees,0.9823863636363637,0.9825193640182197,0.9786543816603377,0.9545454545454546,1.0,1.0,0.975
222,kNN,0.9704816017316017,0.9704941860465116,0.9678333333333333,0.9545454545454546,1.0,0.9523809523809523,0.975
222,HistGradientBoosting,0.9136163655185394,0.9178444037404802,0.9038882382276915,0.8181818181818182,0.9565217391304348,0.9047619047619048,0.975
223,Multinomial logistic,0.9188783925626032,0.8885735703576783,0.8511114911392132,1.0,0.9629629629629629,0.9230769230769231,0.7894736842105263
223,Linear SVM,0.9446881091617934,0.9151996151996152,0.8809134555481488,1.0,0.9629629629629629,1.0,0.8157894736842105
223,RBF SVM,0.9347165991902835,0.9099358974358974,0.8807407234082387,0.9230769230769231,1.0,1.0,0.8157894736842105
223,Random forest,0.8770242914979758,0.8756104172087779,0.8345167974986866,0.8461538461538461,1.0,0.8461538461538461,0.8157894736842105
223,Extra trees,0.9483805668016194,0.9458531333531335,0.9378068846383147,1.0,1.0,0.8461538461538461,0.9473684210526315
223,kNN,0.9544534412955467,0.9451754385964912,0.9240173501410811,1.0,1.0,0.9230769230769231,0.8947368421052632
223,HistGradientBoosting,0.8519268256110362,0.8335839598997493,0.7874806361479468,0.7692307692307693,0.9259259259259259,0.9230769230769231,0.7894736842105263
224,Multinomial logistic,0.9346362229102166,0.9180426556587548,0.8947566993229928,1.0,0.9473684210526315,0.9411764705882353,0.85
224,Linear SVM,0.9625,0.951470733823675,0.93783946273218,1.0,1.0,1.0,0.85
224,RBF SVM,0.9625,0.951470733823675,0.93783946273218,1.0,1.0,1.0,0.85
224,Random forest,0.93125,0.9231563070572358,0.9154462895308058,0.875,1.0,1.0,0.85
224,Extra trees,0.9580882352941176,0.9593750000000001,0.936788863413183,1.0,1.0,0.8823529411764706,0.95
224,kNN,0.9268382352941176,0.9369156504065042,0.915903676469003,0.875,1.0,0.8823529411764706,0.95
224,HistGradientBoosting,0.9221362229102166,0.9038519722730248,0.8744364615498348,1.0,0.9473684210526315,0.9411764705882353,0.8
225,Multinomial logistic,0.8561253561253561,0.8741272745979951,0.8660994906555214,0.8333333333333334,0.9615384615384616,0.6666666666666666,0.9629629629629629
225,Linear SVM,0.8441951566951568,0.8486050217188325,0.8267674404568394,0.75,0.9230769230769231,0.7777777777777778,0.9259259259259259
225,RBF SVM,0.9718660968660969,0.966233671988389,0.9427523148293038,1.0,0.9615384615384616,1.0,0.9259259259259259
225,Random forest,0.8958333333333333,0.9134725400457665,0.9238147383858404,0.9166666666666666,1.0,0.6666666666666666,1.0
225,Extra trees,0.9348290598290598,0.9506901444788441,0.9435140003651916,1.0,0.9615384615384616,0.7777777777777778,1.0
225,kNN,0.9417735042735043,0.9558805963857115,0.9425617620197597,0.9166666666666666,0.9615384615384616,0.8888888888888888,1.0
225,HistGradientBoosting,0.8676994301994302,0.8879208754208754,0.8651697002740606,0.9166666666666666,0.9615384615384616,0.6666666666666666,0.9259259259259259
226,Multinomial logistic,0.9633699633699633,0.9607014821360577,0.9428804458063808,1.0,0.9487179487179487,0.9523809523809523,0.9523809523809523
226,Linear SVM,0.9378494312704839,0.9341714582678439,0.9091205733675156,0.9473684210526315,0.9230769230769231,0.9523809523809523,0.9285714285714286
226,RBF SVM,0.9574175824175823,0.9487826987826987,0.9322604376373135,1.0,0.9487179487179487,0.9523809523809523,0.9285714285714286
226,Random forest,0.963032581453634,0.9653877240526791,0.9547239067533407,0.9473684210526315,1.0,0.9523809523809523,0.9523809523809523
226,Extra trees,0.9757326007326008,0.9660165308421121,0.9550746155883846,1.0,0.9743589743589743,1.0,0.9285714285714286
226,kNN,0.9821428571428572,0.9846403908316191,0.9773172956624169,1.0,1.0,0.9523809523809523,0.9761904761904762
226,HistGradientBoosting,0.9561644495855022,0.9595633155759737,0.9426582867011397,0.9473684210526315,0.9487179487179487,0.9523809523809523,0.9761904761904762
227,Multinomial logistic,0.9198232323232324,0.9308920808920809,0.9121012159574535,1.0,0.9722222222222222,0.8181818181818182,0.8888888888888888
227,Linear SVM,0.9603174603174603,0.963389355742297,0.9420642541332941,0.9523809523809523,1.0,1.0,0.8888888888888888
227,RBF SVM,0.9722222222222222,0.97272340740193,0.956695264369831,1.0,1.0,1.0,0.8888888888888888
227,Random forest,0.9280002405002405,0.9417074525937486,0.9122117270674671,0.9047619047619048,0.9722222222222222,0.9090909090909091,0.9259259259259259
227,Extra trees,0.921957671957672,0.9344489328666544,0.9009268639588017,0.7619047619047619,1.0,1.0,0.9259259259259259
227,kNN,0.9442039442039442,0.9577203622263204,0.9420739304001374,0.9047619047619048,1.0,0.9090909090909091,0.9629629629629629
227,HistGradientBoosting,0.9160954785954786,0.9306091082406872,0.8974801680106058,0.8571428571428571,0.9722222222222222,0.9090909090909091,0.9259259259259259
228,Multinomial logistic,0.9800366300366301,0.9770193221412734,0.9590169312809725,1.0,0.9714285714285714,1.0,0.9487179487179487
228,Linear SVM,0.9800366300366301,0.9770193221412734,0.9590169312809725,1.0,0.9714285714285714,1.0,0.9487179487179487
228,RBF SVM,0.9800366300366301,0.9770193221412734,0.9590169312809725,1.0,0.9714285714285714,1.0,0.9487179487179487
228,Random forest,0.9800366300366301,0.9796963599780502,0.958933126873592,1.0,0.9714285714285714,1.0,0.9487179487179487
228,Extra trees,0.9871794871794872,0.9864766081871346,0.9730658869548583,1.0,1.0,1.0,0.9487179487179487
228,kNN,0.9807692307692308,0.9797260273972602,0.959989511480448,1.0,1.0,1.0,0.9230769230769231
228,HistGradientBoosting,0.9736263736263737,0.972953216374269,0.9456035118549112,1.0,0.9714285714285714,1.0,0.9230769230769231
229,Multinomial logistic,0.9465607753398843,0.9476897117629383,0.9316961588754576,1.0,0.9565217391304348,0.8823529411764706,0.9473684210526315
229,Linear SVM,0.9546877103244044,0.9486327942849682,0.9321375575765126,1.0,0.9565217391304348,0.9411764705882353,0.9210526315789473
229,RBF SVM,0.943818145107013,0.9319023712760266,0.9104962114858034,1.0,0.9130434782608695,0.9411764705882353,0.9210526315789473
229,Random forest,0.9732803876699421,0.9732803876699421,0.9658206743238237,1.0,0.9782608695652174,0.9411764705882353,0.9736842105263158
229,Extra trees,0.9607725865465803,0.9657414571244358,0.9545436032375164,0.9545454545454546,1.0,0.9411764705882353,0.9473684210526315
229,kNN,0.9607725865465803,0.9641610152225164,0.9545631755830972,0.9545454545454546,1.0,0.9411764705882353,0.9473684210526315
229,HistGradientBoosting,0.9667014403015209,0.9626662810873337,0.9546410359536784,1.0,0.9782608695652174,0.9411764705882353,0.9473684210526315
230,Multinomial logistic,0.9736842105263158,0.9637200675285442,0.9488395887293597,1.0,1.0,1.0,0.8947368421052632
230,Linear SVM,0.9736842105263158,0.9637200675285442,0.9488395887293597,1.0,1.0,1.0,0.8947368421052632
230,RBF SVM,0.9506449948400413,0.9431580976101523,0.9223173251235173,0.9411764705882353,0.9666666666666667,1.0,0.8947368421052632
230,Random forest,0.9787151702786379,0.9787151702786379,0.9734083354640757,0.9411764705882353,1.0,1.0,0.9736842105263158
230,Extra trees,0.9721362229102167,0.9792572292572292,0.9736618738042488,0.9411764705882353,1.0,0.9473684210526315,1.0
230,kNN,0.9868421052631579,0.9899964899964899,0.9868014991230345,1.0,1.0,0.9473684210526315,1.0
230,HistGradientBoosting,0.9376934984520123,0.9402796297748842,0.9202115202094351,0.8823529411764706,1.0,0.9473684210526315,0.9210526315789473
231,Multinomial logistic,0.9516550522648084,0.9431344254873666,0.9177016847665865,1.0,0.8780487804878049,0.9285714285714286,1.0
231,Linear SVM,0.9538871951219512,0.9416426046535717,0.9173602542654882,0.9375,0.8780487804878049,1.0,1.0
231,RBF SVM,0.9638501742160279,0.9609594478721276,0.9441542174471051,1.0,0.926829268292683,0.9285714285714286,1.0
231,Random forest,0.9581881533101045,0.9649709466093648,0.9577431909815323,1.0,0.975609756097561,0.8571428571428571,1.0
231,Extra trees,0.9821428571428572,0.98635477582846,0.9857353536648275,1.0,1.0,0.9285714285714286,1.0
231,kNN,0.967116724738676,0.9640198672061417,0.9574200080075862,1.0,0.975609756097561,0.9285714285714286,0.9642857142857143
231,HistGradientBoosting,0.9520905923344948,0.9542316087866936,0.943790859628125,1.0,0.9512195121951219,0.8571428571428571,1.0
232,Multinomial logistic,0.9034739454094293,0.9132700603968938,0.9126961632460809,0.8,0.967741935483871,0.8461538461538461,1.0
232,Linear SVM,0.9838709677419355,0.9827380952380953,0.9656972812171265,1.0,0.9354838709677419,1.0,1.0
232,RBF SVM,1.0,1.0,1.0,1.0,1.0,1.0,1.0
232,Random forest,0.9115384615384615,0.9298642676767677,0.9298350542432695,0.8,1.0,0.8461538461538461,1.0
232,Extra trees,1.0,1.0,1.0,1.0,1.0,1.0,1.0
232,kNN,0.9919354838709677,0.9913561847988078,0.9826277872361987,1.0,0.967741935483871,1.0,1.0
232,HistGradientBoosting,0.8977047146401985,0.9075580965524039,0.9129680358761822,0.7,0.967741935483871,0.9230769230769231,1.0
233,Multinomial logistic,0.8826489533011272,0.8826489533011272,0.9040953862104717,0.9444444444444444,0.9629629629629629,0.6666666666666666,0.9565217391304348
233,Linear SVM,0.961352657004831,0.9492396492396493,0.9430653191418408,0.8888888888888888,1.0,1.0,0.9565217391304348
233,RBF SVM,0.9891304347826086,0.9876876876876877,0.9810984029808647,1.0,1.0,1.0,0.9565217391304348
233,Random forest,0.8657407407407407,0.8704761904761905,0.8513947917163328,0.6666666666666666,0.9629629629629629,0.8333333333333334,1.0
233,Extra trees,0.9212962962962963,0.9385138146167559,0.9239028378707067,0.8888888888888888,0.9629629629629629,0.8333333333333334,1.0
233,kNN,0.8888888888888888,0.9180527383367141,0.9251541054649686,0.8888888888888888,1.0,0.6666666666666666,1.0
233,HistGradientBoosting,0.8564814814814815,0.8718885281385281,0.8664408221125606,0.8333333333333334,0.9259259259259259,0.6666666666666666,1.0
234,Multinomial logistic,0.953125,0.9382965686274509,0.9244089532130464,1.0,1.0,0.9375,0.875
234,Linear SVM,0.9505208333333334,0.9422043010752689,0.9219056149229226,1.0,0.9583333333333334,0.9375,0.90625
234,RBF SVM,0.984375,0.9762952101661779,0.9690248325128498,1.0,1.0,1.0,0.9375
234,Random forest,0.9078125,0.9139595341625375,0.8895629079109736,0.9333333333333333,0.9166666666666666,0.8125,0.96875
234,Extra trees,0.953125,0.9577083333333334,0.9370947834144528,1.0,1.0,0.875,0.9375
234,kNN,0.953125,0.9614601326423986,0.9533529737610598,1.0,1.0,0.8125,1.0
234,HistGradientBoosting,0.8875,0.9069483885508226,0.8744605760177391,0.8,1.0,0.8125,0.9375
235,Multinomial logistic,0.9596165458937198,0.9540775247296986,0.9336002239624991,1.0,0.9444444444444444,0.9565217391304348,0.9375
235,Linear SVM,0.9604846014492754,0.9526850796465158,0.9339886274777477,1.0,0.9166666666666666,0.9565217391304348,0.96875
235,RBF SVM,0.9704861111111112,0.9629534496181185,0.9471198832759533,1.0,0.9444444444444444,1.0,0.9375
235,Random forest,0.9422554347826086,0.9246933374052018,0.9100172675156314,1.0,1.0,0.9565217391304348,0.8125
235,Extra trees,0.9921875,0.9926070884974995,0.9867832134998054,1.0,1.0,1.0,0.96875
235,kNN,0.9891304347826086,0.9905982905982906,0.9867753383708341,1.0,1.0,0.9565217391304348,1.0
235,HistGradientBoosting,0.9211550074321813,0.9245286643026005,0.9066401751658777,0.8461538461538461,0.9444444444444444,0.9565217391304348,0.9375
236,Multinomial logistic,0.9202380952380953,0.9171912832929783,0.9192005808949792,1.0,1.0,0.7142857142857143,0.9666666666666667
236,Linear SVM,0.955952380952381,0.9514692859920335,0.9456280230720593,1.0,1.0,0.8571428571428571,0.9666666666666667
236,RBF SVM,0.9916666666666667,0.9826048171275646,0.972900317784945,1.0,1.0,1.0,0.9666666666666667
236,Random forest,1.0,1.0,1.0,1.0,1.0,1.0,1.0
236,Extra trees,0.9642857142857143,0.9688644688644689,0.9725294137039471,1.0,1.0,0.8571428571428571,1.0
236,kNN,0.9642857142857143,0.9688644688644689,0.9725294137039471,1.0,1.0,0.8571428571428571,1.0
236,HistGradientBoosting,0.9642857142857143,0.9688644688644689,0.9725294137039471,1.0,1.0,0.8571428571428571,1.0
237,Multinomial logistic,0.9145359848484849,0.8860891225384548,0.8407984112991527,1.0,0.9393939393939394,1.0,0.71875
237,Linear SVM,0.9221117424242424,0.8994634230503795,0.8566250709769747,1.0,0.9696969696969697,1.0,0.71875
237,RBF SVM,0.9299242424242424,0.9080426556587546,0.8703146483704136,1.0,0.9696969696969697,1.0,0.75
237,Random forest,0.9088541666666666,0.911087070101313,0.8686414136207797,0.9166666666666666,1.0,0.9375,0.78125
237,Extra trees,0.96875,0.9648880105401845,0.9414928292046936,1.0,1.0,1.0,0.875
237,kNN,0.96875,0.9612745098039217,0.9415054898546339,1.0,1.0,1.0,0.875
237,HistGradientBoosting,0.9375,0.925251509054326,0.8866235894719477,1.0,1.0,1.0,0.75
238,Multinomial logistic,0.9794745484400657,0.9787575323170655,0.9693825557842966,0.9523809523809523,0.9655172413793104,1.0,1.0
238,Linear SVM,0.9799261083743842,0.9715140923626088,0.9598926010464333,1.0,0.9482758620689655,1.0,0.9714285714285714
238,RBF SVM,0.9842364532019705,0.9753241800152554,0.9699116324724766,1.0,0.9655172413793104,1.0,0.9714285714285714
238,Random forest,0.9456999178981939,0.9477962356420554,0.9281090500343733,0.9047619047619048,0.9482758620689655,0.9583333333333334,0.9714285714285714
238,Extra trees,0.9895833333333334,0.9911597243032664,0.9897963137204296,1.0,1.0,0.9583333333333334,1.0
238,kNN,0.9895833333333334,0.9911597243032664,0.9897963137204296,1.0,1.0,0.9583333333333334,1.0
238,HistGradientBoosting,0.95001026272578,0.9534640325798863,0.9382873548943652,0.9047619047619048,0.9655172413793104,0.9583333333333334,0.9714285714285714
239,Multinomial logistic,0.9260221760221761,0.9031725336810082,0.8712572622176642,1.0,0.9743589743589743,1.0,0.7297297297297297
239,Linear SVM,0.9459459459459459,0.9392512697597444,0.9067129202416355,1.0,1.0,1.0,0.7837837837837838
239,RBF SVM,0.9395356895356896,0.932731469769795,0.8934473025053659,1.0,0.9743589743589743,1.0,0.7837837837837838
239,Random forest,0.9391891891891893,0.9262969144665265,0.8952841814392689,1.0,1.0,1.0,0.7567567567567568
239,Extra trees,0.9612112112112112,0.9613425925925927,0.9387979291129269,1.0,1.0,0.9259259259259259,0.918918918918919
239,kNN,0.9704704704704704,0.9706018518518518,0.951124923344541,1.0,1.0,0.9629629629629629,0.918918918918919
239,HistGradientBoosting,0.902948402948403,0.8945783500868245,0.861255182013105,0.9090909090909091,1.0,1.0,0.7027027027027027
240,Multinomial logistic,0.9465379901960784,0.9360911074740862,0.9065661015024977,0.9583333333333334,0.9215686274509803,1.0,0.90625
240,Linear SVM,0.9618566176470589,0.9555655727210652,0.9294804075870824,1.0,0.9411764705882353,1.0,0.90625
240,RBF SVM,0.9667585784313726,0.9603443157018091,0.9413679021809752,1.0,0.9607843137254902,1.0,0.90625
240,Random forest,0.9616158963585435,0.9616158963585435,0.9527528309254197,1.0,0.9803921568627451,0.9285714285714286,0.9375
240,Extra trees,0.9823835784313726,0.973464769528501,0.9650824105590173,1.0,0.9607843137254902,1.0,0.96875
240,kNN,0.959624474789916,0.9604871847728991,0.9415627015399366,1.0,0.9411764705882353,0.9285714285714286,0.96875
240,HistGradientBoosting,0.9056810224089635,0.9089727900616511,0.8947779447212305,0.9583333333333334,0.9411764705882353,0.7857142857142857,0.9375
241,Multinomial logistic,0.914997395397295,0.9057141405389214,0.8843350195512775,0.8947368421052632,0.9782608695652174,0.9333333333333333,0.8536585365853658
241,Linear SVM,0.928155290134137,0.9193127817497918,0.8953187365450447,0.9473684210526315,0.9782608695652174,0.9333333333333333,0.8536585365853658
241,RBF SVM,0.9579798515376458,0.9439071566731142,0.9196766391038693,1.0,0.9782608695652174,1.0,0.8536585365853658
241,Random forest,0.9387248609328198,0.9465277777777779,0.9299021566557112,0.8947368421052632,1.0,0.9333333333333333,0.926829268292683
241,Extra trees,0.9685494223363286,0.9733329056905007,0.9538509654586815,0.9473684210526315,1.0,1.0,0.926829268292683
241,kNN,0.9685494223363286,0.9728485064011381,0.9533082384212627,0.9473684210526315,1.0,1.0,0.926829268292683
241,HistGradientBoosting,0.9489939722051682,0.9487843514667865,0.9415589428411404,0.8421052631578947,0.9782608695652174,1.0,0.975609756097561
242,Multinomial logistic,0.9554519368723099,0.9551567284393746,0.9357599514218228,1.0,0.9705882352941176,0.9,0.9512195121951219
242,Linear SVM,0.9554519368723099,0.9546764420630118,0.9360343515528433,1.0,0.9705882352941176,0.9,0.9512195121951219
242,RBF SVM,0.9804519368723099,0.9747671099090978,0.9615339099028427,1.0,0.9705882352941176,1.0,0.9512195121951219
242,Random forest,0.9442073170731707,0.9508736665212103,0.9232038804486788,1.0,1.0,0.85,0.926829268292683
242,Extra trees,0.9753048780487805,0.9771876271876272,0.9616029507054035,1.0,1.0,0.95,0.9512195121951219
242,kNN,0.9753048780487805,0.9771876271876272,0.9616029507054035,1.0,1.0,0.95,0.9512195121951219
242,HistGradientBoosting,0.9743543758967002,0.9675999251730374,0.9494299338013956,1.0,0.9705882352941176,1.0,0.926829268292683
243,Multinomial logistic,0.9418685602896129,0.9437321937321936,0.938073920088937,0.8571428571428571,1.0,0.9473684210526315,0.9629629629629629
243,Linear SVM,0.9907407407407407,0.9866623292127521,0.9847014542690044,1.0,1.0,1.0,0.9629629629629629
243,RBF SVM,0.9907407407407407,0.9866623292127521,0.9847014542690044,1.0,1.0,1.0,0.9629629629629629
243,Random forest,0.9689849624060151,0.973037391458444,0.9690842366117834,0.9285714285714286,1.0,0.9473684210526315,1.0
243,Extra trees,0.9821428571428572,0.9843304843304843,0.984651222120812,0.9285714285714286,1.0,1.0,1.0
243,kNN,0.9821428571428572,0.9818121693121693,0.9696756597173263,1.0,0.9285714285714286,1.0,1.0
243,HistGradientBoosting,0.9689849624060151,0.973037391458444,0.9690842366117834,0.9285714285714286,1.0,0.9473684210526315,1.0
244,Multinomial logistic,0.9297760210803689,0.9150105502804154,0.9119369482535772,0.9333333333333333,0.9636363636363636,0.9090909090909091,0.9130434782608695
244,Linear SVM,0.958300395256917,0.9403919933277731,0.9265081079438005,1.0,0.9636363636363636,1.0,0.8695652173913043
244,RBF SVM,0.9628458498023715,0.9518939393939394,0.9406036797034533,1.0,0.9818181818181818,1.0,0.8695652173913043
244,Random forest,0.9451910408432147,0.9405195899024916,0.9404429083226196,0.9333333333333333,0.9818181818181818,0.9090909090909091,0.9565217391304348
244,Extra trees,0.9333333333333333,0.9407029034184207,0.940089376680111,0.9333333333333333,0.9818181818181818,0.8181818181818182,1.0
244,kNN,0.9573122529644269,0.9603811708169506,0.9404326555393506,1.0,0.9636363636363636,0.9090909090909091,0.9565217391304348
244,HistGradientBoosting,0.8739789196310934,0.8786670467785519,0.8690287599406328,0.8666666666666667,0.9454545454545454,0.7272727272727273,0.9565217391304348
245,Multinomial logistic,0.9548611111111112,0.9376402768997628,0.9182347108240005,1.0,0.9444444444444444,1.0,0.875
245,Linear SVM,0.9416666666666667,0.9218797868797869,0.8953532679754669,1.0,0.9166666666666666,1.0,0.85
245,RBF SVM,0.941703216374269,0.9275752354885045,0.9054467989240358,1.0,0.9444444444444444,0.9473684210526315,0.875
245,Random forest,0.9396564327485379,0.9378452127155921,0.9162223190012353,0.9473684210526315,0.8888888888888888,0.9473684210526315,0.975
245,Extra trees,0.9798976608187134,0.980234558749508,0.9757816388904185,1.0,0.9722222222222222,0.9473684210526315,1.0
245,kNN,0.9667397660818713,0.970466660770228,0.9637476369346643,0.9473684210526315,0.9722222222222222,0.9473684210526315,1.0
245,HistGradientBoosting,0.9396929824561403,0.9437975078707344,0.9281081465236548,0.8947368421052632,0.9166666666666666,0.9473684210526315,1.0
246,Multinomial logistic,0.8928702346041055,0.8904113359291708,0.8649392751794425,0.875,1.0,0.9545454545454546,0.7419354838709677
246,Linear SVM,0.9160557184750733,0.9043407808727666,0.8788976648236625,1.0,1.0,0.9545454545454546,0.7096774193548387
246,RBF SVM,0.9435483870967742,0.9336751662971174,0.9151317572123063,1.0,1.0,1.0,0.7741935483870968
246,Random forest,0.8948405425219942,0.9152385023002294,0.8875885307381148,0.8125,1.0,0.8636363636363636,0.9032258064516129
246,Extra trees,0.9886363636363636,0.9910996267585415,0.9873870830604593,1.0,1.0,0.9545454545454546,1.0
246,kNN,0.9805718475073314,0.9839901248802805,0.9748598021717617,1.0,1.0,0.9545454545454546,0.967741935483871
246,HistGradientBoosting,0.9062041788856305,0.9254515599343185,0.9005286635720359,0.8125,1.0,0.9090909090909091,0.9032258064516129
247,Multinomial logistic,0.9351299107396669,0.9199879722267782,0.8955579102672306,1.0,0.8780487804878049,0.9230769230769231,0.9393939393939394
247,Linear SVM,0.9741315594974131,0.9642547267547267,0.9472793515468554,1.0,0.926829268292683,1.0,0.9696969696969697
247,RBF SVM,0.9802291204730229,0.9739057239057238,0.9601964024053704,1.0,0.9512195121951219,1.0,0.9696969696969697
247,Random forest,0.9802291204730229,0.9795467108899945,0.9600910186804912,1.0,0.9512195121951219,1.0,0.9696969696969697
247,Extra trees,0.9731934731934733,0.9794121942314713,0.9733213307334021,1.0,1.0,0.9230769230769231,0.9696969696969697
247,kNN,0.9670959122178635,0.9699164250383763,0.9600205532085042,1.0,0.975609756097561,0.9230769230769231,0.9696969696969697
247,HistGradientBoosting,0.9726533628972653,0.9698561601000626,0.9467870253624996,1.0,0.9512195121951219,1.0,0.9393939393939394
248,Multinomial logistic,0.9924242424242424,0.9935222672064777,0.986554473847845,1.0,1.0,1.0,0.9696969696969697
248,Linear SVM,0.9924242424242424,0.9935222672064777,0.986554473847845,1.0,1.0,1.0,0.9696969696969697
248,RBF SVM,0.9924242424242424,0.9935222672064777,0.986554473847845,1.0,1.0,1.0,0.9696969696969697
248,Random forest,0.948951048951049,0.9610194618599791,0.9457528634848972,0.9230769230769231,1.0,0.9333333333333333,0.9393939393939394
248,Extra trees,0.9565268065268066,0.9675537015467129,0.9593554755348782,0.9230769230769231,1.0,0.9333333333333333,0.9696969696969697
248,kNN,0.9606060606060607,0.961286717752235,0.9462356448502898,1.0,1.0,0.9333333333333333,0.9090909090909091
248,HistGradientBoosting,0.9221445221445221,0.940086745521335,0.9185846939742782,0.8461538461538461,1.0,0.9333333333333333,0.9090909090909091
249,Multinomial logistic,0.9470578631138976,0.944994783916672,0.9304423228208317,0.9375,0.9696969696969697,0.95,0.9310344827586207
249,Linear SVM,0.9189328631138975,0.9171746619654525,0.9025617701113251,0.875,0.9696969696969697,0.9,0.9310344827586207
249,RBF SVM,0.9637277951933125,0.9611829526663911,0.944683328412264,1.0,0.9393939393939394,0.95,0.9655172413793104
249,Random forest,0.93125,0.940991118608854,0.9309319432205253,0.875,1.0,0.85,1.0
249,Extra trees,0.946875,0.9535550177803681,0.944555501637766,0.9375,1.0,0.85,1.0
249,kNN,0.9267992424242424,0.9371567417730355,0.9175557743101348,0.9375,0.9696969696969697,0.8,1.0
249,HistGradientBoosting,0.946875,0.9556387883499022,0.9451748832696812,0.9375,1.0,0.85,1.0
250,Multinomial logistic,0.9185714285714286,0.8999966423798812,0.8680374824197679,1.0,0.96,0.8571428571428571,0.8571428571428571
250,Linear SVM,0.9502380952380952,0.9318389392794155,0.8970086534907802,1.0,0.92,1.0,0.8809523809523809
250,RBF SVM,0.9602380952380952,0.9423505692599621,0.9121222026324647,1.0,0.96,1.0,0.8809523809523809
250,Random forest,0.9104761904761905,0.9160348903562403,0.8941078843140932,0.9285714285714286,0.88,0.8571428571428571,0.9761904761904762
250,Extra trees,0.9721428571428572,0.9798247464360421,0.9698483413686615,1.0,0.96,0.9285714285714286,1.0
250,kNN,0.9840476190476191,0.9803248885761201,0.9697805809541897,1.0,0.96,1.0,0.9761904761904762
250,HistGradientBoosting,0.99,0.9919567827130853,0.9849061399339949,1.0,0.96,1.0,1.0
251,Multinomial logistic,0.9611142533936652,0.9545114163340764,0.9379748757409714,1.0,0.9743589743589743,0.9583333333333334,0.9117647058823529
251,Linear SVM,0.9715309200603318,0.9684382284382285,0.9504965896186806,1.0,0.9743589743589743,1.0,0.9117647058823529
251,RBF SVM,0.9715309200603318,0.967345399698341,0.9510877748844382,1.0,0.9743589743589743,1.0,0.9117647058823529
251,Random forest,0.9411360698125404,0.9375706592683211,0.9252682948437028,0.9285714285714286,0.9487179487179487,0.9166666666666666,0.9705882352941176
251,Extra trees,0.9718137254901961,0.973172987974098,0.9625331872094854,1.0,1.0,0.9166666666666666,0.9705882352941176
251,kNN,0.9791666666666666,0.9819875776397515,0.9753652518007208,1.0,1.0,0.9166666666666666,1.0
251,HistGradientBoosting,0.9475463262227968,0.9526275857797597,0.9374108409471827,0.9285714285714286,0.9743589743589743,0.9166666666666666,0.9705882352941176
252,Multinomial logistic,0.9611111111111111,0.9381157635467979,0.9139369009056768,1.0,0.9444444444444444,1.0,0.9
252,Linear SVM,0.9472222222222222,0.9213860716700474,0.8934290352124898,1.0,0.8888888888888888,1.0,0.9
252,RBF SVM,0.9694444444444446,0.9526090465663053,0.934489136337723,1.0,0.9444444444444444,1.0,0.9333333333333333
252,Random forest,0.9916666666666667,0.9790960451977402,0.978243745261079,1.0,1.0,1.0,0.9666666666666667
252,Extra trees,1.0,1.0,1.0,1.0,1.0,1.0,1.0
252,kNN,1.0,1.0,1.0,1.0,1.0,1.0,1.0
252,HistGradientBoosting,0.9777777777777779,0.9610836228374917,0.9565636828653857,1.0,0.9444444444444444,1.0,0.9666666666666667
253,Multinomial logistic,0.8719354838709676,0.8552230715021413,0.8302722044400522,1.0,0.967741935483871,0.8,0.72
253,Linear SVM,0.9219354838709677,0.8933653303218521,0.8649809139681759,1.0,0.967741935483871,1.0,0.72
253,RBF SVM,0.9119354838709678,0.8827740562858106,0.8486883785729067,1.0,0.967741935483871,1.0,0.68
253,Random forest,0.8683640552995391,0.8941452991452992,0.858466862422949,0.7857142857142857,0.967741935483871,0.8,0.92
253,Extra trees,0.9119354838709677,0.9274812489098203,0.8940853719233988,1.0,0.967741935483871,0.8,0.88
253,kNN,0.9569354838709677,0.9640717067811844,0.9469184635026745,1.0,0.967741935483871,0.9,0.96
253,HistGradientBoosting,0.8500921658986175,0.8570342522974101,0.804502514036489,0.8571428571428571,0.9032258064516129,0.8,0.84
254,Multinomial logistic,0.9403508771929825,0.9423632410781944,0.9295509447929271,1.0,1.0,0.8947368421052632,0.8666666666666667
254,Linear SVM,0.9486842105263158,0.9493548538608121,0.9410967643868907,1.0,1.0,0.8947368421052632,0.9
254,RBF SVM,0.9403508771929825,0.9443803029636773,0.9290126381673414,1.0,1.0,0.8947368421052632,0.8666666666666667
254,Random forest,0.8925438596491229,0.9060013034230054,0.8807885074817305,0.8421052631578947,1.0,0.8947368421052632,0.8333333333333334
254,Extra trees,0.9618421052631578,0.9608095171616042,0.9525854154735198,1.0,1.0,0.9473684210526315,0.9
254,kNN,0.9223684210526316,0.9281584767433824,0.9167327509519947,1.0,1.0,0.7894736842105263,0.9
254,HistGradientBoosting,0.8482456140350877,0.8700666257561147,0.8447706301039668,0.7368421052631579,1.0,0.7894736842105263,0.8666666666666667
255,Multinomial logistic,0.9200266290726816,0.9167824074074074,0.8962476834835651,0.9375,0.9285714285714286,0.8666666666666667,0.9473684210526315
255,Linear SVM,0.9600563909774436,0.9519124050200631,0.9319960422920183,1.0,0.8928571428571429,1.0,0.9473684210526315
255,RBF SVM,0.9689849624060151,0.963934213934214,0.9483990897173821,1.0,0.9285714285714286,1.0,0.9473684210526315
255,Random forest,0.903125,0.9093538778783365,0.8984920097750297,0.8125,1.0,0.8,1.0
255,Extra trees,0.9666666666666667,0.9696428571428573,0.965815483752826,1.0,1.0,0.8666666666666667,1.0
255,kNN,0.9833333333333334,0.9849690539345712,0.9827089060317633,1.0,1.0,0.9333333333333333,1.0
255,HistGradientBoosting,0.8629464285714286,0.8701719576719577,0.8492655438248444,0.6875,0.9642857142857143,0.8,1.0
256,Multinomial logistic,0.8976934523809523,0.8881496545621949,0.8609480370491269,0.9333333333333333,0.9761904761904762,0.9,0.78125
256,Linear SVM,0.9352678571428572,0.9147410833218501,0.8887379144535367,1.0,0.9285714285714286,1.0,0.8125
256,RBF SVM,0.9424851190476191,0.9343024306496792,0.9114068656002758,1.0,0.9761904761904762,0.95,0.84375
256,Random forest,0.871875,0.8882426808924087,0.8711049508477736,0.8,1.0,0.75,0.9375
256,Extra trees,0.9010416666666667,0.9130253726158899,0.8968835351911622,0.8666666666666667,1.0,0.8,0.9375
256,kNN,0.9164434523809524,0.913353889943074,0.8974269177795887,0.9333333333333333,0.9761904761904762,0.85,0.90625
256,HistGradientBoosting,0.8567708333333334,0.8666858015049773,0.8453110551585432,0.7333333333333333,1.0,0.85,0.84375
257,Multinomial logistic,0.9464485682290834,0.9368305674672616,0.9127443097779913,1.0,0.9361702127659575,0.9285714285714286,0.9210526315789473
257,Linear SVM,0.9539998600223965,0.9484493458058205,0.9246447281316192,0.9375,0.9574468085106383,1.0,0.9210526315789473
257,RBF SVM,0.9696248600223965,0.9596517413832162,0.9375853539347974,1.0,0.9574468085106383,1.0,0.9210526315789473
257,Random forest,0.9539998600223965,0.9596438172043011,0.9243245724088038,0.9375,0.9574468085106383,1.0,0.9210526315789473
257,Extra trees,0.9881019036954087,0.9881019036954087,0.9747807017543859,1.0,0.9787234042553191,1.0,0.9736842105263158
257,kNN,0.993421052631579,0.9940350877192983,0.9874868737429051,1.0,1.0,1.0,0.9736842105263158
257,HistGradientBoosting,0.9486807110862262,0.9344313137548872,0.9130883117464539,0.9375,0.9361702127659575,1.0,0.9210526315789473
258,Multinomial logistic,0.9768617021276595,0.9703969950577209,0.9570331888704469,1.0,0.9574468085106383,1.0,0.95
258,Linear SVM,0.9537249687108886,0.9623316498316499,0.9459907979318515,0.9411764705882353,0.9787234042553191,0.92,0.975
258,RBF SVM,0.9884308510638298,0.9839189708141322,0.9784912061708996,1.0,0.9787234042553191,1.0,0.975
258,Random forest,0.97125,0.97028288353767,0.9574629079772082,1.0,1.0,0.96,0.925
258,Extra trees,1.0,1.0,1.0,1.0,1.0,1.0,1.0
258,kNN,0.98375,0.9865250688883147,0.9785497351484757,1.0,1.0,0.96,0.975
258,HistGradientBoosting,0.9846808510638297,0.9864923904944167,0.9784078744990244,1.0,0.9787234042553191,0.96,1.0
259,Multinomial logistic,0.9416666666666667,0.940847859168569,0.9204709462007531,0.95,0.95,0.9333333333333333,0.9333333333333333
259,Linear SVM,0.9645833333333333,0.9626085607940447,0.9469889876633274,0.95,0.975,1.0,0.9333333333333333
259,RBF SVM,0.9541666666666666,0.951075434804981,0.9338327169015117,1.0,0.95,0.9333333333333333,0.9333333333333333
259,Random forest,0.9750000000000001,0.9799595572584079,0.9734622538783576,1.0,1.0,0.9333333333333333,0.9666666666666667
259,Extra trees,0.9479166666666667,0.9439234562585223,0.9209085840066887,1.0,0.925,0.9333333333333333,0.9333333333333333
259,kNN,0.9395833333333334,0.9433835135054647,0.9213033491985664,1.0,0.925,0.8666666666666667,0.9666666666666667
259,HistGradientBoosting,0.91875,0.9269522585198628,0.9073685219977091,0.9,0.975,0.8666666666666667,0.9333333333333333
260,Multinomial logistic,0.9401068376068376,0.9366567852437417,0.9167275970090885,0.95,0.96,0.9615384615384616,0.8888888888888888
260,Linear SVM,0.9452777777777778,0.9353935615832913,0.9088621556195716,1.0,0.92,1.0,0.8611111111111112
260,RBF SVM,0.9502777777777778,0.9418750258724179,0.9185007207646076,1.0,0.94,1.0,0.8611111111111112
260,Random forest,0.9436111111111112,0.9501031686201529,0.9373074854610312,0.85,0.98,1.0,0.9444444444444444
260,Extra trees,0.995,0.9927577663426721,0.9895841602170945,1.0,0.98,1.0,1.0
260,kNN,0.9930555555555556,0.9917618921073611,0.9895711480487704,1.0,1.0,1.0,0.9722222222222222
260,HistGradientBoosting,0.9386111111111111,0.9442446265975678,0.9270895030010675,0.85,0.96,1.0,0.9444444444444444
261,Multinomial logistic,0.9779135338345865,0.972946872946873,0.9688772362493187,1.0,1.0,0.9473684210526315,0.9642857142857143
261,Linear SVM,0.9910714285714286,0.9835497835497836,0.9844814065971923,1.0,1.0,1.0,0.9642857142857143
261,RBF SVM,0.9743303571428572,0.9576349576349575,0.9540312735495022,1.0,0.96875,1.0,0.9285714285714286
261,Random forest,0.9779135338345865,0.9724099099099099,0.9687288828471992,1.0,1.0,0.9473684210526315,0.9642857142857143
261,Extra trees,0.9868421052631579,0.9888572783309625,0.9844042403227965,1.0,1.0,0.9473684210526315,1.0
261,kNN,1.0,1.0,1.0,1.0,1.0,1.0,1.0
261,HistGradientBoosting,0.9832589285714286,0.9731712731712732,0.9690321645710827,1.0,0.96875,1.0,0.9642857142857143
262,Multinomial logistic,0.9343537895927603,0.9092055003819709,0.8898219752810795,1.0,0.9705882352941176,0.9230769230769231,0.84375
262,Linear SVM,0.9379595588235294,0.9134646962233168,0.8756244507006622,1.0,0.9705882352941176,1.0,0.78125
262,RBF SVM,0.9343537895927603,0.9207593705099051,0.8879360266328772,1.0,0.9705882352941176,0.9230769230769231,0.84375
262,Random forest,0.9266826923076923,0.9355654761904763,0.9187576758409542,1.0,1.0,0.7692307692307693,0.9375
262,Extra trees,0.9729567307692308,0.9785643115942029,0.9675308187328331,1.0,1.0,0.9230769230769231,0.96875
262,kNN,0.9266826923076923,0.9355654761904763,0.9187576758409542,1.0,1.0,0.7692307692307693,0.9375
262,HistGradientBoosting,0.9765625,0.9771415377510968,0.9527248746837348,1.0,1.0,1.0,0.90625
263,Multinomial logistic,0.9452941176470588,0.9184205951884299,0.8943958697023295,1.0,0.9411764705882353,1.0,0.84
263,Linear SVM,0.9526470588235294,0.9283466559137235,0.9117549889804798,1.0,0.9705882352941176,1.0,0.84
263,RBF SVM,0.9626470588235294,0.9618868450390189,0.9287288741308369,1.0,0.9705882352941176,1.0,0.88
263,Random forest,0.9494891640866873,0.9534473248758963,0.9103487784366338,1.0,0.9705882352941176,0.9473684210526315,0.88
263,Extra trees,0.9668421052631578,0.9707942636514065,0.9464807241441865,1.0,1.0,0.9473684210526315,0.92
263,kNN,0.9568421052631578,0.9618465296282198,0.9291127330840433,1.0,1.0,0.9473684210526315,0.88
263,HistGradientBoosting,0.9594891640866873,0.9623736780258519,0.9281376066649399,1.0,0.9705882352941176,0.9473684210526315,0.92
264,Multinomial logistic,0.9310897435897436,0.9137995307871245,0.9012150509080087,1.0,0.9615384615384616,0.9166666666666666,0.8461538461538461
264,Linear SVM,0.9423076923076923,0.9307710940258109,0.9228661912633869,1.0,0.9807692307692307,0.9166666666666666,0.8717948717948718
264,RBF SVM,0.969551282051282,0.954392911010558,0.9447343897221091,1.0,0.9807692307692307,1.0,0.8974358974358975
264,Random forest,0.9515384615384614,0.9548904038459295,0.9438685910138054,0.96,0.9807692307692307,0.9166666666666666,0.9487179487179487
264,Extra trees,0.9599358974358974,0.9612917907977491,0.9552850212554636,1.0,1.0,0.9166666666666666,0.9230769230769231
264,kNN,0.9615384615384615,0.9622835497835498,0.9550815952597649,1.0,0.9807692307692307,0.9166666666666666,0.9487179487179487
264,HistGradientBoosting,0.9046794871794872,0.9220490157990158,0.9214579750497554,0.92,1.0,0.75,0.9487179487179487
265,Multinomial logistic,0.945906432748538,0.9411021984551395,0.9340230850597162,0.8947368421052632,1.0,1.0,0.8888888888888888
265,Linear SVM,0.9722222222222222,0.96532700465669,0.9558520241405147,1.0,1.0,1.0,0.8888888888888888
265,RBF SVM,0.9722222222222222,0.96532700465669,0.9558520241405147,1.0,1.0,1.0,0.8888888888888888
265,Random forest,0.9680555555555556,0.9712995337995338,0.9659294564518683,1.0,1.0,0.9,0.9722222222222222
265,Extra trees,1.0,1.0,1.0,1.0,1.0,1.0,1.0
265,kNN,0.9875,0.9910644910644911,0.9887069124944721,1.0,1.0,0.95,1.0
265,HistGradientBoosting,0.9571935791860604,0.9562287134695672,0.9437755765986546,0.9473684210526315,0.9591836734693877,0.95,0.9722222222222222
266,Multinomial logistic,0.9303571428571429,0.9286881011046227,0.9172695386313173,0.9444444444444444,0.9555555555555556,0.85,0.9714285714285714
266,Linear SVM,0.9636904761904762,0.9588162265979168,0.9412113871553364,1.0,0.9333333333333333,0.95,0.9714285714285714
266,RBF SVM,0.973015873015873,0.9609343247436049,0.9537894346837178,1.0,0.9777777777777777,1.0,0.9142857142857143
266,Random forest,0.9398809523809524,0.9398809523809524,0.9288442211055277,0.8888888888888888,0.9777777777777777,0.95,0.9428571428571428
266,Extra trees,0.9736111111111111,0.9801785069390704,0.9763875844593073,0.9444444444444444,1.0,0.95,1.0
266,kNN,0.9692460317460319,0.9672622797622799,0.9531467661866269,1.0,0.9555555555555556,0.95,0.9714285714285714
266,HistGradientBoosting,0.8781746031746032,0.8820752504963031,0.8576208393417251,0.7777777777777778,0.9777777777777777,0.9,0.8571428571428571
267,Multinomial logistic,0.9127726848315084,0.9137337321803158,0.8910314362806454,0.9285714285714286,0.9444444444444444,0.8235294117647058,0.9545454545454546
267,Linear SVM,0.9600415923945336,0.9565735058207132,0.937580426651109,1.0,0.9444444444444444,0.9411764705882353,0.9545454545454546
267,RBF SVM,0.9747474747474748,0.9675697865353039,0.9536106999159363,1.0,0.9444444444444444,1.0,0.9545454545454546
267,Random forest,0.948937908496732,0.9514519915190065,0.9392088468320493,1.0,0.9722222222222222,0.8235294117647058,1.0
267,Extra trees,0.9636437908496732,0.9665609903381642,0.9533882595036032,1.0,0.9722222222222222,0.8823529411764706,1.0
267,kNN,0.9705882352941176,0.9776182432432432,0.969033174964385,1.0,1.0,0.8823529411764706,1.0
267,HistGradientBoosting,0.9419934640522876,0.9431533903884135,0.9246022912630882,1.0,0.9444444444444444,0.8235294117647058,1.0
268,Multinomial logistic,0.953125,0.9660095579450418,0.9527639012520466,1.0,0.9375,0.875,1.0
268,Linear SVM,0.953125,0.9466936771751346,0.9307741719639107,1.0,0.8125,1.0,1.0
268,RBF SVM,0.984375,0.9872185027388922,0.9763432386540222,1.0,0.9375,1.0,1.0
268,Random forest,0.96875,0.9786163522012579,0.9762860822420794,1.0,1.0,0.875,1.0
268,Extra trees,1.0,1.0,1.0,1.0,1.0,1.0,1.0
268,kNN,1.0,1.0,1.0,1.0,1.0,1.0,1.0
268,HistGradientBoosting,1.0,1.0,1.0,1.0,1.0,1.0,1.0
269,Multinomial logistic,0.9274617996604414,0.9235414595945906,0.9185013518733102,0.9,1.0,0.8421052631578947,0.967741935483871
269,Linear SVM,0.9768421052631578,0.9792749892749892,0.9672828315362154,1.0,0.96,0.9473684210526315,1.0
269,RBF SVM,0.9687775891341256,0.9632739652094491,0.9510231138165357,1.0,0.96,0.9473684210526315,0.967741935483871
269,Random forest,0.9024617996604414,0.9122215772273822,0.9016692657001527,0.8,1.0,0.8421052631578947,0.967741935483871
269,Extra trees,0.9486842105263158,0.9602387555899552,0.9513399640698954,0.9,1.0,0.8947368421052632,1.0
269,kNN,0.9136842105263158,0.9312900641025641,0.9185584637425828,0.8,0.96,0.8947368421052632,1.0
269,HistGradientBoosting,0.8562393887945671,0.8721916971916972,0.8526224399950781,0.7,1.0,0.7894736842105263,0.9354838709677419
270,Multinomial logistic,0.9166666666666667,0.8793777855969973,0.8477026278055393,1.0,1.0,0.9090909090909091,0.7575757575757576
270,Linear SVM,0.946969696969697,0.9057249623198054,0.8822826911337243,1.0,1.0,1.0,0.7878787878787878
270,RBF SVM,0.946969696969697,0.910591212705251,0.8818989398667673,1.0,1.0,1.0,0.7878787878787878
270,Random forest,0.8484848484848485,0.8549284897025171,0.8180820728716222,0.7272727272727273,1.0,0.8181818181818182,0.8484848484848485
270,Extra trees,0.9848484848484849,0.9713541666666666,0.9643951550558463,1.0,1.0,1.0,0.9393939393939394
270,kNN,0.9772727272727273,0.9619427558257345,0.9469081906282145,1.0,1.0,1.0,0.9090909090909091
270,HistGradientBoosting,0.9090909090909092,0.8925,0.8608213504263719,1.0,1.0,0.8181818181818182,0.8181818181818182
271,Multinomial logistic,0.8789264828738513,0.8834249084249084,0.8521602109732018,0.9285714285714286,0.9555555555555556,0.7368421052631579,0.8947368421052632
271,Linear SVM,0.8902046783625732,0.8919287608942782,0.8523120305392919,1.0,0.9555555555555556,0.7368421052631579,0.868421052631579
271,RBF SVM,0.9494152046783626,0.938415138971023,0.9146942020169287,1.0,0.9555555555555556,0.9473684210526315,0.8947368421052632
271,Random forest,0.8808061821219716,0.8980531813865148,0.8774688307254618,0.8571428571428571,0.9555555555555556,0.7368421052631579,0.9736842105263158
271,Extra trees,0.9241228070175439,0.934938353202288,0.9029327128188257,1.0,0.9333333333333333,0.7894736842105263,0.9736842105263158
271,kNN,0.912844611528822,0.9253701357359894,0.9033421938742094,0.9285714285714286,0.9333333333333333,0.7894736842105263,1.0
271,HistGradientBoosting,0.8584168755221386,0.8758241758241758,0.840070281663311,0.7857142857142857,0.9111111111111111,0.7894736842105263,0.9473684210526315
272,Multinomial logistic,0.9124765478424015,0.9112755598831548,0.9018231977881994,0.9230769230769231,0.926829268292683,0.8,1.0
272,Linear SVM,0.9567073170731707,0.949491291519939,0.9349320135259451,1.0,0.926829268292683,0.9,1.0
272,RBF SVM,0.9878048780487805,0.98375,0.9672414136204045,1.0,0.9512195121951219,1.0,1.0
272,Random forest,0.8804409005628517,0.8998690841798567,0.8991647302027695,0.8461538461538461,0.975609756097561,0.7,1.0
272,Extra trees,0.9307692307692308,0.9405263157894737,0.9497248040671148,0.9230769230769231,1.0,0.8,1.0
272,kNN,0.9746716697936211,0.9657780491113824,0.9666697579385958,0.9230769230769231,0.975609756097561,1.0,1.0
272,HistGradientBoosting,0.8932457786116323,0.8987955465587045,0.8840108011812133,0.8461538461538461,0.926829268292683,0.8,1.0
273,Multinomial logistic,0.9845706618962433,0.9869476371291833,0.9801544807232435,1.0,1.0,0.9615384615384616,0.9767441860465116
273,Linear SVM,0.9749552772808587,0.9801780895844576,0.970540085679785,1.0,1.0,0.9230769230769231,0.9767441860465116
273,RBF SVM,0.9787567084078712,0.981644880174292,0.9703135073049648,1.0,1.0,0.9615384615384616,0.9534883720930233
273,Random forest,0.9462905457859385,0.9510108898339917,0.9307743596270722,1.0,0.9622641509433962,0.8461538461538461,0.9767441860465116
273,Extra trees,0.9691413237924866,0.9742957366432812,0.9605505862943664,1.0,1.0,0.9230769230769231,0.9534883720930233
273,kNN,0.9691413237924866,0.9742957366432812,0.9605505862943664,1.0,1.0,0.9230769230769231,0.9534883720930233
273,HistGradientBoosting,0.9404765922975664,0.9457620983822586,0.9206084971022975,1.0,0.9622641509433962,0.8461538461538461,0.9534883720930233
274,Multinomial logistic,0.9486668861092824,0.9335782016649209,0.9380573675853581,1.0,0.9591836734693877,0.9,0.9354838709677419
274,Linear SVM,0.9156023699802502,0.9102361026588345,0.9125916693203675,1.0,0.9591836734693877,0.8,0.9032258064516129
274,RBF SVM,0.9736668861092824,0.9513260122516062,0.9508556902793915,1.0,0.9591836734693877,1.0,0.9354838709677419
274,Random forest,0.9558064516129032,0.9551627854531644,0.9382246165150062,0.92,1.0,1.0,0.9032258064516129
274,Extra trees,0.9838709677419355,0.9772366522366522,0.9751586780477128,1.0,1.0,1.0,0.9354838709677419
274,kNN,0.9669354838709677,0.9683763868190098,0.974889713436678,1.0,1.0,0.9,0.967741935483871
274,HistGradientBoosting,0.9296774193548387,0.9249623789797361,0.9021550906557457,0.88,1.0,1.0,0.8387096774193549
275,Multinomial logistic,0.9661910669975187,0.9549454782505631,0.9505072668263448,1.0,1.0,0.9615384615384616,0.9032258064516129
275,Linear SVM,0.9688620071684588,0.9620661290672611,0.9505435602915562,1.0,0.9722222222222222,1.0,0.9032258064516129
275,RBF SVM,0.9838709677419355,0.9788851694055589,0.9750139054807346,1.0,1.0,1.0,0.9354838709677419
275,Random forest,0.9592466225530742,0.9487596553773023,0.9376107618700683,1.0,0.9722222222222222,0.9615384615384616,0.9032258064516129
275,Extra trees,0.9919354838709677,0.9924769818100156,0.9874120107047529,1.0,1.0,1.0,0.967741935483871
275,kNN,0.9758064516129032,0.9758143977043882,0.9626804992034784,1.0,1.0,1.0,0.9032258064516129
275,HistGradientBoosting,0.9469602977667494,0.937773056436651,0.9250915866475571,1.0,1.0,0.8846153846153846,0.9032258064516129
276,Multinomial logistic,0.9514136904761905,0.9485062820983124,0.9392874063046021,0.9285714285714286,0.96875,0.95,0.9583333333333334
276,Linear SVM,0.9635416666666666,0.9550033685332877,0.9408506123322766,1.0,0.9375,1.0,0.9166666666666666
276,RBF SVM,0.9817708333333334,0.9759943464647937,0.9699582624624171,1.0,0.96875,1.0,0.9583333333333334
276,Random forest,0.9665178571428572,0.966931216931217,0.9547995136912101,0.9285714285714286,0.9375,1.0,1.0
276,Extra trees,0.9821428571428572,0.9868945868945869,0.9848819384176073,0.9285714285714286,1.0,1.0,1.0
276,kNN,0.9895833333333334,0.98858329008822,0.984933257208415,1.0,1.0,1.0,0.9583333333333334
276,HistGradientBoosting,0.9364583333333334,0.9344354838709678,0.9094001128737722,1.0,0.9375,0.85,0.9583333333333334
277,Multinomial logistic,0.9465430402930403,0.9243467915140839,0.9244482001619113,1.0,0.9583333333333334,0.9230769230769231,0.9047619047619048
277,Linear SVM,0.9650297619047619,0.934670636242505,0.9369283836783974,1.0,0.9791666666666666,1.0,0.8809523809523809
277,RBF SVM,0.9427083333333334,0.9135094329294994,0.8928737212772572,1.0,0.9375,1.0,0.8333333333333334
277,Random forest,0.9602380952380952,0.945637347832272,0.9354255920104413,0.96,1.0,1.0,0.8809523809523809
277,Extra trees,0.9709821428571428,0.9548191391941392,0.9458938884989666,1.0,0.9791666666666666,1.0,0.9047619047619048
277,kNN,0.9550297619047619,0.9409550160270292,0.9235867143532298,0.96,0.9791666666666666,1.0,0.8809523809523809
277,HistGradientBoosting,0.9346130952380952,0.9191856332004962,0.8902999424760824,0.92,0.9375,1.0,0.8809523809523809
278,Multinomial logistic,0.9426470588235294,0.893495514147688,0.8741062962668418,1.0,0.9705882352941176,1.0,0.8
278,Linear SVM,0.95625,0.9179586141914909,0.9012084677313358,1.0,1.0,1.0,0.825
278,RBF SVM,0.95625,0.9179586141914909,0.9012084677313358,1.0,1.0,1.0,0.825
278,Random forest,0.9359162895927602,0.9167898005884276,0.8819438793262743,0.9230769230769231,0.9705882352941176,1.0,0.85
278,Extra trees,0.98125,0.9576510446075663,0.9564555836247342,1.0,1.0,1.0,0.925
278,kNN,0.9875,0.9780617932791846,0.9702481422397924,1.0,1.0,1.0,0.95
278,HistGradientBoosting,0.9359162895927602,0.9249430455879678,0.8811472315873574,0.9230769230769231,0.9705882352941176,1.0,0.85
279,Multinomial logistic,0.9751828631138976,0.9667195039838402,0.9490726945213582,1.0,0.9696969696969697,1.0,0.9310344827586207
279,Linear SVM,0.9827586206896551,0.983718487394958,0.9662858354430484,1.0,1.0,1.0,0.9310344827586207
279,RBF SVM,0.9751828631138976,0.9610785169995696,0.9492982880711525,1.0,0.9696969696969697,1.0,0.9310344827586207
279,Random forest,0.9665621734587252,0.9674369747899161,0.931746256644233,1.0,0.9696969696969697,1.0,0.896551724137931
279,Extra trees,0.9827586206896551,0.983718487394958,0.9662858354430484,1.0,1.0,1.0,0.9310344827586207
279,kNN,0.9913793103448276,0.9918826918041371,0.9829608956031505,1.0,1.0,1.0,0.9655172413793104
279,HistGradientBoosting,0.9427899686520376,0.9188311688311689,0.8825315513963958,1.0,0.9090909090909091,1.0,0.8620689655172413
280,Multinomial logistic,0.9817073170731707,0.9578976334617502,0.9582474690515408,1.0,1.0,1.0,0.926829268292683
280,Linear SVM,0.975609756097561,0.9508394482437312,0.9444879789324344,1.0,1.0,1.0,0.9024390243902439
280,RBF SVM,0.9680339985218034,0.9379370629370629,0.93079025021433,1.0,0.9696969696969697,1.0,0.9024390243902439
280,Random forest,0.9613266814486326,0.9574805276024788,0.9566063529057751,1.0,0.9696969696969697,0.9,0.975609756097561
280,Extra trees,0.975,0.9838300570703867,0.9855413256874358,1.0,1.0,0.9,1.0
280,kNN,0.975,0.9838300570703867,0.9855413256874358,1.0,1.0,0.9,1.0
280,HistGradientBoosting,0.9535984848484849,0.9501368087557605,0.94241368381785,0.875,0.9393939393939394,1.0,1.0
281,Multinomial logistic,0.9671201814058957,0.9509199481891707,0.9402319566292056,1.0,0.9795918367346939,1.0,0.8888888888888888
281,Linear SVM,0.9722222222222222,0.9569067961562892,0.9526946491831287,1.0,1.0,1.0,0.8888888888888888
281,RBF SVM,0.9546201814058957,0.9411970623793283,0.9277721715761793,0.95,0.9795918367346939,1.0,0.8888888888888888
281,Random forest,0.9291666666666666,0.9319255805798826,0.9148853685769013,0.8,1.0,1.0,0.9166666666666666
281,Extra trees,0.9625,0.9704477204477204,0.9638407059374161,0.85,1.0,1.0,1.0
281,kNN,0.9930555555555556,0.9939536207141841,0.987869145426491,1.0,1.0,1.0,0.9722222222222222
281,HistGradientBoosting,0.9097222222222222,0.9036169503649872,0.8914242946729195,0.75,1.0,1.0,0.8888888888888888
282,Multinomial logistic,0.902369136240104,0.9063104916763454,0.8824722611702541,1.0,0.9354838709677419,0.7692307692307693,0.9047619047619048
282,Linear SVM,0.9446709204773722,0.9411583011583011,0.9174405163966386,1.0,0.9032258064516129,0.9230769230769231,0.9523809523809523
282,RBF SVM,0.9681259600614439,0.9664999438012813,0.9496611625336535,1.0,0.967741935483871,1.0,0.9047619047619048
282,Random forest,0.9121574187987851,0.9228684548854604,0.9006049872079992,0.8823529411764706,0.967741935483871,0.8461538461538461,0.9523809523809523
282,Extra trees,0.9541585865115276,0.9578522571819426,0.9495381917557596,0.9411764705882353,1.0,0.9230769230769231,0.9523809523809523
282,kNN,0.9607999527354367,0.9619490340064691,0.9500104668706946,1.0,0.967741935483871,0.9230769230769231,0.9523809523809523
282,HistGradientBoosting,0.9194834261247923,0.925117302052786,0.8991587669883858,0.8823529411764706,0.967741935483871,0.9230769230769231,0.9047619047619048
283,Multinomial logistic,0.9125000000000001,0.9103986291486291,0.8824218252858832,0.9166666666666666,0.925,0.875,0.9333333333333333
283,Linear SVM,0.9208333333333334,0.9121222040370977,0.8715934107658246,1.0,0.875,0.875,0.9333333333333333
283,RBF SVM,0.9437500000000001,0.9297038344169491,0.9090025920329319,1.0,0.925,0.9166666666666666,0.9333333333333333
283,Random forest,0.9166666666666667,0.9167102146042363,0.8956566268491275,0.9166666666666666,0.95,0.8333333333333334,0.9666666666666667
283,Extra trees,0.9625,0.9651785714285714,0.9480589880507391,1.0,0.975,0.875,1.0
283,kNN,0.9833333333333334,0.9834517779727722,0.9739304054810496,1.0,0.975,0.9583333333333334,1.0
283,HistGradientBoosting,0.8854166666666667,0.8992364878440827,0.881542100028389,0.75,0.95,0.875,0.9666666666666667
284,Multinomial logistic,0.9156746031746033,0.9094566204860323,0.8834589788975185,1.0,0.8611111111111112,0.8571428571428571,0.9444444444444444
284,Linear SVM,0.9590643274853801,0.9591554373102349,0.9259203257286552,0.9473684210526315,0.9444444444444444,1.0,0.9444444444444444
284,RBF SVM,0.9722222222222222,0.9690300567012895,0.9412052511622613,1.0,0.9722222222222222,1.0,0.9166666666666666
284,Random forest,0.9382309941520467,0.9414928627257394,0.8810786268334022,0.9473684210526315,0.9166666666666666,1.0,0.8888888888888888
284,Extra trees,0.9861111111111112,0.9861003861003861,0.9709004512285343,1.0,1.0,1.0,0.9444444444444444
284,kNN,0.9791666666666666,0.9791304347826086,0.9567732257462025,1.0,1.0,1.0,0.9166666666666666
284,HistGradientBoosting,0.902516708437761,0.9158609555148848,0.8659554616976414,0.9473684210526315,0.9166666666666666,0.8571428571428571,0.8888888888888888
285,Multinomial logistic,0.9270833333333333,0.9215991288792098,0.8981786734693944,1.0,1.0,0.9166666666666666,0.7916666666666666
285,Linear SVM,0.9583333333333334,0.9457636062113675,0.9327173899607317,1.0,1.0,1.0,0.8333333333333334
285,RBF SVM,0.9583333333333334,0.9506890168654876,0.9322041821320628,1.0,1.0,1.0,0.8333333333333334
285,Random forest,0.9583333333333333,0.9609441602728048,0.9478957741130025,1.0,1.0,0.9166666666666666,0.9166666666666666
285,Extra trees,0.9895833333333334,0.9909495077802476,0.98260345479136,1.0,1.0,1.0,0.9583333333333334
285,kNN,0.9895833333333334,0.9846808510638297,0.9826830204096904,1.0,1.0,1.0,0.9583333333333334
285,HistGradientBoosting,0.9375,0.9427080506558118,0.9299865682539052,0.8333333333333334,1.0,1.0,0.9166666666666666
286,Multinomial logistic,0.8749317499317499,0.8920649324460577,0.8932984831051421,0.9444444444444444,1.0,0.6363636363636364,0.918918918918919
286,Linear SVM,0.9803889255108768,0.980689882818947,0.9597435538081184,1.0,0.975609756097561,1.0,0.9459459459459459
286,RBF SVM,0.972972972972973,0.9701339995457643,0.9477858765061128,1.0,1.0,1.0,0.8918918918918919
286,Random forest,0.9132541632541633,0.9282675713963746,0.920488715063195,0.8888888888888888,1.0,0.8181818181818182,0.9459459459459459
286,Extra trees,0.9864864864864865,0.9871031746031746,0.9735594089685705,1.0,1.0,1.0,0.9459459459459459
286,kNN,0.9047911547911549,0.9265776801554448,0.9089988436413454,1.0,1.0,0.7272727272727273,0.8918918918918919
286,HistGradientBoosting,0.9207616707616708,0.9319674489425555,0.9070006886187998,1.0,1.0,0.8181818181818182,0.8648648648648649
287,Multinomial logistic,0.90625,0.905377302436126,0.896213512787363,0.8571428571428571,1.0,0.875,0.8928571428571429
287,Linear SVM,0.9553571428571429,0.9465633423180593,0.9420398415890935,0.9285714285714286,1.0,1.0,0.8928571428571429
287,RBF SVM,0.9821428571428572,0.9760348583877996,0.9709093462400694,1.0,1.0,1.0,0.9285714285714286
287,Random forest,0.8883928571428572,0.8980839631554086,0.8958272707045865,0.7142857142857143,1.0,0.875,0.9642857142857143
287,Extra trees,0.9486607142857143,0.9546173005077114,0.9555608553218106,0.8571428571428571,1.0,0.9375,1.0
287,kNN,0.9732142857142858,0.975194871085282,0.9704404171740493,0.9285714285714286,1.0,1.0,0.9642857142857143
287,HistGradientBoosting,0.8549107142857143,0.8666268639328983,0.8659953725403611,0.6428571428571429,1.0,0.8125,0.9642857142857143
288,Multinomial logistic,0.9433760683760684,0.9198486412108703,0.8850359493592319,1.0,0.8888888888888888,1.0,0.8846153846153846
288,Linear SVM,0.9433760683760684,0.912516339869281,0.8868641819287292,1.0,0.8888888888888888,1.0,0.8846153846153846
288,RBF SVM,0.9764957264957266,0.9685358758888172,0.9531972665700847,1.0,0.9444444444444444,1.0,0.9615384615384616
288,Random forest,1.0,1.0,1.0,1.0,1.0,1.0,1.0
288,Extra trees,1.0,1.0,1.0,1.0,1.0,1.0,1.0
288,kNN,1.0,1.0,1.0,1.0,1.0,1.0,1.0
288,HistGradientBoosting,0.9903846153846154,0.9819401444788441,0.9768704633396047,1.0,1.0,1.0,0.9615384615384616
289,Multinomial logistic,0.8936274509803921,0.898342670401494,0.8869153708823938,0.8888888888888888,0.9666666666666667,0.7777777777777778,0.9411764705882353
289,Linear SVM,0.8936274509803921,0.8933694530443756,0.8872259500200431,0.7777777777777778,0.9666666666666667,0.8888888888888888,0.9411764705882353
289,RBF SVM,0.957516339869281,0.9514885699096225,0.9552267001915619,0.8888888888888888,1.0,1.0,0.9411764705882353
289,Random forest,0.8805555555555555,0.8960382513661203,0.8877398124682,0.6666666666666666,0.9666666666666667,0.8888888888888888,1.0
289,Extra trees,0.9444444444444444,0.9593470174955228,0.9550339136880215,0.8888888888888888,1.0,0.8888888888888888,1.0
289,kNN,0.9166666666666666,0.9421393557422969,0.933243776925992,0.7777777777777778,1.0,0.8888888888888888,1.0
289,HistGradientBoosting,0.878921568627451,0.8782903388039661,0.8643001084101098,0.6666666666666666,0.9666666666666667,1.0,0.8823529411764706
290,Multinomial logistic,0.98,0.95625,0.9578825902463279,1.0,1.0,1.0,0.92
290,Linear SVM,0.99,0.9782312925170069,0.9786711235170491,1.0,1.0,1.0,0.96
290,RBF SVM,0.99,0.9782312925170069,0.9786711235170491,1.0,1.0,1.0,0.96
290,Random forest,0.9185714285714286,0.9437259615384616,0.9347185153920448,0.8571428571428571,1.0,0.8571428571428571,0.96
290,Extra trees,0.9642857142857143,0.9758672699849171,0.9784345455428182,1.0,1.0,0.8571428571428571,1.0
290,kNN,0.9285714285714286,0.9494631185807657,0.9568923213535142,1.0,1.0,0.7142857142857143,1.0
290,HistGradientBoosting,0.9542857142857143,0.9668009768009769,0.9564693419271844,1.0,1.0,0.8571428571428571,0.96
291,Multinomial logistic,0.9221611721611722,0.9060968779545362,0.8846898148086507,1.0,0.9615384615384616,0.8461538461538461,0.8809523809523809
291,Linear SVM,0.9317765567765568,0.9115990627020039,0.885070749602682,1.0,0.9230769230769231,0.9230769230769231,0.8809523809523809
291,RBF SVM,0.9413919413919415,0.9238090133137302,0.8993723851507671,1.0,0.9615384615384616,0.9230769230769231,0.8809523809523809
291,Random forest,0.9340659340659341,0.929287078383464,0.9115608714973144,1.0,0.9615384615384616,0.8461538461538461,0.9285714285714286
291,Extra trees,0.968864468864469,0.9654124105343618,0.9563385640555335,1.0,1.0,0.9230769230769231,0.9523809523809523
291,kNN,0.9510073260073261,0.9395135455262038,0.9152169154915193,1.0,1.0,0.9230769230769231,0.8809523809523809
291,HistGradientBoosting,0.9702380952380952,0.9494850554977138,0.9296531442805147,1.0,1.0,1.0,0.8809523809523809
292,Multinomial logistic,0.9417344173441734,0.9377479082183978,0.9268066258251458,1.0,0.975609756097561,0.8888888888888888,0.9024390243902439
292,Linear SVM,0.9078590785907859,0.910595878409419,0.9027585523565161,1.0,0.975609756097561,0.7777777777777778,0.8780487804878049
292,RBF SVM,0.9695121951219512,0.955306374862037,0.9393500863639761,1.0,0.975609756097561,1.0,0.9024390243902439
292,Random forest,0.9256368563685636,0.9256150793650793,0.9015346087565791,0.96,0.9512195121951219,0.8888888888888888,0.9024390243902439
292,Extra trees,0.9695121951219512,0.9570812150904043,0.9391397496692951,1.0,0.975609756097561,1.0,0.9024390243902439
292,kNN,0.9634146341463414,0.950804613343313,0.9273281006244244,1.0,0.975609756097561,1.0,0.8780487804878049
292,HistGradientBoosting,0.9495121951219512,0.9410073156511105,0.914626543807893,0.92,0.975609756097561,1.0,0.9024390243902439
293,Multinomial logistic,0.9293759968102073,0.9319607320540156,0.9176079982864344,0.8421052631578947,0.9583333333333334,0.9473684210526315,0.9696969696969697
293,Linear SVM,0.9560655901116427,0.9473354357111493,0.9300953741114665,1.0,0.9375,0.9473684210526315,0.9393939393939394
293,RBF SVM,0.9744318181818182,0.964849706598539,0.9536345807297704,1.0,0.9583333333333334,1.0,0.9393939393939394
293,Random forest,0.9589064992025518,0.9563301282051282,0.9409491902165312,1.0,0.9791666666666666,0.9473684210526315,0.9090909090909091
293,Extra trees,0.9477422248803827,0.9543813329527615,0.9411080242098382,0.8421052631578947,0.9791666666666666,1.0,0.9696969696969697
293,kNN,0.9792663476874003,0.9804095133992041,0.9764696449492309,0.9473684210526315,1.0,1.0,0.9696969696969697
293,HistGradientBoosting,0.9194328149920254,0.9241365777080062,0.9056466814842968,0.8421052631578947,0.9791666666666666,0.9473684210526315,0.9090909090909091
294,Multinomial logistic,0.9327380952380953,0.9474481658692184,0.9275291399365742,1.0,0.9333333333333333,0.8333333333333334,0.9642857142857143
294,Linear SVM,0.974404761904762,0.9741302408563782,0.9459887247212165,1.0,0.9333333333333333,1.0,0.9642857142857143
294,RBF SVM,0.974404761904762,0.9741302408563782,0.9459887247212165,1.0,0.9333333333333333,1.0,0.9642857142857143
294,Random forest,0.918154761904762,0.9392663206399781,0.9280023332997758,0.875,1.0,0.8333333333333334,0.9642857142857143
294,Extra trees,0.96875,0.974712643678161,0.9645327593637403,0.875,1.0,1.0,1.0
294,kNN,0.9910714285714286,0.9913561847988078,0.9821309657726837,1.0,1.0,1.0,0.9642857142857143
294,HistGradientBoosting,0.9508928571428572,0.9574116743471583,0.9280756357929254,0.875,1.0,1.0,0.9285714285714286
295,Multinomial logistic,0.9136775362318841,0.9056344505765692,0.8993029907584444,0.875,1.0,0.9130434782608695,0.8666666666666667
295,Linear SVM,0.9833333333333334,0.9827268280753241,0.9713608322645716,1.0,1.0,1.0,0.9333333333333333
295,RBF SVM,0.975,0.9749440089585666,0.9573445220999665,1.0,1.0,1.0,0.9
295,Random forest,0.9220108695652174,0.9243179452869463,0.9129263377772083,0.875,1.0,0.9130434782608695,0.9
295,Extra trees,0.9699275362318841,0.9737240829346093,0.956791804393408,1.0,1.0,0.9130434782608695,0.9666666666666667
295,kNN,0.9699275362318841,0.9737240829346093,0.956791804393408,1.0,1.0,0.9130434782608695,0.9666666666666667
295,HistGradientBoosting,0.8970108695652175,0.8823232323232323,0.8714222252138225,0.875,1.0,0.9130434782608695,0.8
296,Multinomial logistic,0.9173971861471861,0.9115431488801055,0.896926116823474,0.9166666666666666,0.975,0.8636363636363636,0.9142857142857143
296,Linear SVM,0.9589285714285715,0.9401665979231291,0.9248860315705933,1.0,0.95,1.0,0.8857142857142857
296,RBF SVM,0.9618506493506493,0.9578976334617502,0.9359086313400864,1.0,0.95,0.9545454545454546,0.9428571428571428
296,Random forest,0.8870941558441559,0.8926138372055658,0.8834685675134787,0.75,0.975,0.9090909090909091,0.9142857142857143
296,Extra trees,0.9752435064935066,0.9752435064935066,0.9612007593735169,1.0,0.975,0.9545454545454546,0.9714285714285714
296,kNN,0.9638798701298702,0.9657447592531936,0.9483017643355965,1.0,0.975,0.9090909090909091,0.9714285714285714
296,HistGradientBoosting,0.9028138528138528,0.9073717229165108,0.8967927545657522,0.8333333333333334,1.0,0.8636363636363636,0.9142857142857143
297,Multinomial logistic,0.9368767253278123,0.9368767253278123,0.9298756284731411,0.9375,0.9782608695652174,0.8888888888888888,0.9428571428571428
297,Linear SVM,0.98027950310559,0.9761198945981555,0.958160043382741,1.0,0.9782608695652174,1.0,0.9428571428571428
297,RBF SVM,0.9785714285714285,0.9714119157533019,0.9589634876205646,1.0,1.0,1.0,0.9142857142857143
297,Random forest,0.9141088681849551,0.924281718789728,0.9017869990318105,0.875,0.9782608695652174,0.8888888888888888,0.9142857142857143
297,Extra trees,0.9874223602484472,0.9825341325341326,0.9721963731338694,1.0,0.9782608695652174,1.0,0.9714285714285714
297,kNN,0.98027950310559,0.9761198945981555,0.958160043382741,1.0,0.9782608695652174,1.0,0.9428571428571428
297,HistGradientBoosting,0.9537849378881988,0.9530331024609194,0.9160948800775017,0.9375,0.9347826086956522,1.0,0.9428571428571428
298,Multinomial logistic,0.9141849529780565,0.8925147289134163,0.851815360995128,1.0,0.9545454545454546,0.9090909090909091,0.7931034482758621
298,Linear SVM,0.9255485893416928,0.9024691266180628,0.8730351662238729,1.0,1.0,0.9090909090909091,0.7931034482758621
298,RBF SVM,0.9568965517241379,0.9338426305715066,0.90881457730759,1.0,1.0,1.0,0.8275862068965517
298,Random forest,0.9314263322884013,0.9279497098646035,0.8863319844719063,1.0,0.9545454545454546,0.9090909090909091,0.8620689655172413
298,Extra trees,0.9373040752351097,0.9470751346451234,0.9235644043471745,0.9090909090909091,1.0,0.9090909090909091,0.9310344827586207
298,kNN,0.95141065830721,0.9476318624329725,0.9252623473627828,1.0,1.0,0.9090909090909091,0.896551724137931
298,HistGradientBoosting,0.9032131661442007,0.9214285714285714,0.8833751848586406,0.8181818181818182,0.9545454545454546,0.9090909090909091,0.9310344827586207
299,Multinomial logistic,0.9269888082274652,0.9157629651050705,0.8869243394251924,1.0,0.9166666666666666,0.8947368421052632,0.896551724137931
299,Linear SVM,0.9297300362976406,0.9161729574773052,0.8878358377859503,1.0,0.875,0.9473684210526315,0.896551724137931
299,RBF SVM,0.9551005747126438,0.9393340455840457,0.9212049802204823,1.0,0.9583333333333334,1.0,0.8620689655172413
299,Random forest,0.9070062008469449,0.8905695611577964,0.8584008498761893,1.0,0.9583333333333334,0.8421052631578947,0.8275862068965517
299,Extra trees,0.9913793103448276,0.9856140350877193,0.9838882434913399,1.0,1.0,1.0,0.9655172413793104
299,kNN,1.0,1.0,1.0,1.0,1.0,1.0,1.0
299,HistGradientBoosting,0.9287847852389595,0.9123634302205731,0.8892351386262617,1.0,0.9583333333333334,0.8947368421052632,0.8620689655172413
300,Multinomial logistic,0.9132326007326007,0.906009750423797,0.8790176929254419,0.9333333333333333,0.9743589743589743,0.9166666666666666,0.8285714285714286
300,Linear SVM,0.9467261904761906,0.9346875,0.9171038268844045,1.0,1.0,0.9583333333333334,0.8285714285714286
300,RBF SVM,0.9578754578754579,0.9452374708624709,0.9281843327881851,1.0,0.9743589743589743,1.0,0.8571428571428571
300,Random forest,0.93628663003663,0.9385281685635534,0.9266416129864792,0.8666666666666667,0.9487179487179487,0.9583333333333334,0.9714285714285714
300,Extra trees,0.9824404761904763,0.9848076626580327,0.9757636594416724,1.0,1.0,0.9583333333333334,0.9714285714285714
300,kNN,0.9895833333333334,0.9915162941018044,0.9878355132360757,1.0,1.0,0.9583333333333334,1.0
300,HistGradientBoosting,0.9077380952380952,0.9210778249086838,0.9024845471587216,0.8,1.0,0.9166666666666666,0.9142857142857143
301,Multinomial logistic,0.9597587719298245,0.9526497644724247,0.9359867844848071,1.0,0.9473684210526315,0.9333333333333333,0.9583333333333334
301,Linear SVM,0.9632675438596492,0.9366743151161173,0.9383785933915955,1.0,0.8947368421052632,1.0,0.9583333333333334
301,RBF SVM,0.9868421052631579,0.9881412024269167,0.9787253513098324,1.0,0.9473684210526315,1.0,1.0
301,Random forest,0.9764254385964912,0.956674094307073,0.9582587319700685,1.0,0.9473684210526315,1.0,0.9583333333333334
301,Extra trees,1.0,1.0,1.0,1.0,1.0,1.0,1.0
301,kNN,0.9833333333333334,0.9862772695285011,0.9787004960053672,1.0,1.0,0.9333333333333333,1.0
301,HistGradientBoosting,0.9764254385964912,0.956674094307073,0.9582587319700685,1.0,0.9473684210526315,1.0,0.9583333333333334
302,Multinomial logistic,0.9507575757575758,0.9227761485826003,0.8874868121980175,1.0,0.9545454545454546,1.0,0.8484848484848485
302,Linear SVM,0.9431818181818182,0.9129781420765027,0.8695501060331835,1.0,0.9545454545454546,1.0,0.8181818181818182
302,RBF SVM,0.897979797979798,0.888332655196466,0.8444580207574328,0.8888888888888888,0.9545454545454546,0.9,0.8484848484848485
302,Random forest,0.8790404040404041,0.8632756132756133,0.8057441746114613,0.8888888888888888,0.9090909090909091,0.9,0.8181818181818182
302,Extra trees,0.9598484848484848,0.9644340785073051,0.9410979088100435,1.0,1.0,0.9,0.9393939393939394
302,kNN,0.9598484848484848,0.9644340785073051,0.9410979088100435,1.0,1.0,0.9,0.9393939393939394
302,HistGradientBoosting,0.8941919191919192,0.8821209929575408,0.8292705537745735,0.8888888888888888,1.0,0.9,0.7878787878787878
303,Multinomial logistic,0.9465686274509804,0.9476818313532309,0.927226562926624,1.0,0.9333333333333333,0.8823529411764706,0.9705882352941176
303,Linear SVM,0.9676470588235294,0.959218893816417,0.9430557489255876,1.0,0.9,1.0,0.9705882352941176
303,RBF SVM,0.9612745098039216,0.9562485913905793,0.9422125802410543,1.0,0.9333333333333333,0.9411764705882353,0.9705882352941176
303,Random forest,0.9455882352941176,0.941666793759246,0.9278334728661358,1.0,0.9,0.8823529411764706,1.0
303,Extra trees,0.9852941176470589,0.9888010540184453,0.9854662372481217,1.0,1.0,0.9411764705882353,1.0
303,kNN,0.9769607843137256,0.9774336411056685,0.9708291207023748,1.0,0.9666666666666667,0.9411764705882353,1.0
303,HistGradientBoosting,0.9916666666666667,0.9886198547215497,0.9855312382058362,1.0,0.9666666666666667,1.0,1.0
304,Multinomial logistic,0.9435584740462789,0.9340779834200887,0.9022973513661606,1.0,0.9024390243902439,1.0,0.8717948717948718
304,Linear SVM,0.9171617677715239,0.9062808536492748,0.8699364047256638,0.9444444444444444,0.8780487804878049,1.0,0.8461538461538461
304,RBF SVM,0.9232593287471337,0.9163326036610513,0.8803932028768905,0.9444444444444444,0.9024390243902439,1.0,0.8461538461538461
304,Random forest,0.9321774025432562,0.930424216099942,0.8995732926447808,0.9444444444444444,0.926829268292683,0.96,0.8974358974358975
304,Extra trees,0.9810819262038775,0.9755146029655833,0.9666806286327676,1.0,0.975609756097561,1.0,0.9487179487179487
304,kNN,0.9874921826141339,0.9856013630523435,0.9777140003383663,1.0,0.975609756097561,1.0,0.9743589743589743
304,HistGradientBoosting,0.9524765478424015,0.948591344509066,0.922001844005532,1.0,0.926829268292683,0.96,0.9230769230769231
305,Multinomial logistic,0.9602777777777777,0.956979413936402,0.9368920361491647,1.0,0.98,0.95,0.9111111111111111
305,Linear SVM,0.9616666666666667,0.9513454161512414,0.9273904686726416,1.0,0.98,1.0,0.8666666666666667
305,RBF SVM,0.9566666666666667,0.9391668643171363,0.9171671148755689,1.0,0.96,1.0,0.8666666666666667
305,Random forest,0.9324999999999999,0.9175656660412758,0.8863920913305582,1.0,0.98,0.95,0.8
305,Extra trees,0.9658333333333333,0.9629179381352769,0.9468580704397142,1.0,0.98,0.95,0.9333333333333333
305,kNN,0.9616666666666667,0.9558150183150182,0.9274232558334231,1.0,0.98,1.0,0.8666666666666667
305,HistGradientBoosting,0.9108333333333333,0.9100926617521298,0.8748058988438587,0.8888888888888888,0.96,0.95,0.8444444444444444
306,Multinomial logistic,0.99375,0.9934107855037281,0.9853265811620245,1.0,0.975,1.0,1.0
306,Linear SVM,0.99375,0.9934107855037281,0.9853265811620245,1.0,0.975,1.0,1.0
306,RBF SVM,0.9104166666666667,0.9400786862812178,0.9706597789040845,1.0,0.975,0.6666666666666666,1.0
306,Random forest,0.8807449494949495,0.9105946567971884,0.9259690156450148,0.9090909090909091,0.975,0.6666666666666666,0.9722222222222222
306,Extra trees,0.8990530303030303,0.9310214895496025,0.9561096734048694,0.9545454545454546,0.975,0.6666666666666666,1.0
306,kNN,0.9104166666666667,0.9400786862812178,0.9706597789040845,1.0,0.975,0.6666666666666666,1.0
306,HistGradientBoosting,0.8573232323232323,0.8629580131417751,0.8964049709768501,0.8181818181818182,1.0,0.6666666666666666,0.9444444444444444
307,Multinomial logistic,0.9715909090909091,0.9454941300382768,0.9330185250540158,1.0,1.0,1.0,0.8863636363636364
307,Linear SVM,0.9715909090909091,0.9454941300382768,0.9330185250540158,1.0,1.0,1.0,0.8863636363636364
307,RBF SVM,0.9715909090909091,0.9454941300382768,0.9330185250540158,1.0,1.0,1.0,0.8863636363636364
307,Random forest,0.9764610389610391,0.9750589225589226,0.9717046331346254,0.9285714285714286,1.0,1.0,0.9772727272727273
307,Extra trees,1.0,1.0,1.0,1.0,1.0,1.0,1.0
307,kNN,0.9829545454545454,0.9738235294117648,0.9585989875027412,1.0,1.0,1.0,0.9318181818181818
307,HistGradientBoosting,0.9764610389610391,0.9750589225589226,0.9717046331346254,0.9285714285714286,1.0,1.0,0.9772727272727273
308,Multinomial logistic,0.9375,0.9337551968696504,0.9358972777418885,1.0,1.0,0.8333333333333334,0.9166666666666666
308,Linear SVM,0.9573863636363636,0.9360722610722612,0.917008843154797,1.0,0.9545454545454546,1.0,0.875
308,RBF SVM,0.9791666666666666,0.9612789758966671,0.9582702963450913,1.0,1.0,1.0,0.9166666666666666
308,Random forest,0.8582251082251082,0.8831501831501831,0.8726400173132829,0.8571428571428571,0.9090909090909091,0.6666666666666666,1.0
308,Extra trees,0.9583333333333334,0.9721706864564008,0.97867258253948,1.0,1.0,0.8333333333333334,1.0
308,kNN,0.9583333333333334,0.9721706864564008,0.97867258253948,1.0,1.0,0.8333333333333334,1.0
308,HistGradientBoosting,0.9642857142857143,0.9707692307692308,0.9579245895278563,0.8571428571428571,1.0,1.0,1.0
309,Multinomial logistic,0.9652141982864136,0.9583720930232558,0.9404298295099086,1.0,0.9534883720930233,0.96,0.9473684210526315
309,Linear SVM,0.9768421052631578,0.9724593842450986,0.9646044823184727,1.0,1.0,0.96,0.9473684210526315
309,RBF SVM,0.9810281517747858,0.9681985205241019,0.9646934553603898,1.0,0.9767441860465116,1.0,0.9473684210526315
309,Random forest,0.9378702570379437,0.9298753048318635,0.9049984838161268,1.0,0.9767441860465116,0.88,0.8947368421052632
309,Extra trees,0.983421052631579,0.9854454485968616,0.9761269836574903,1.0,1.0,0.96,0.9736842105263158
309,kNN,0.983421052631579,0.985882807668522,0.9763149196540558,1.0,1.0,0.96,0.9736842105263158
309,HistGradientBoosting,0.9352141982864136,0.9325455791116355,0.9047976413816154,1.0,0.9534883720930233,0.84,0.9473684210526315
310,Multinomial logistic,0.9266705069124423,0.9220392588623386,0.8938687369897063,0.95,0.9333333333333333,0.9523809523809523,0.8709677419354839
310,Linear SVM,0.9010752688172043,0.8952705460037398,0.8731665929553046,0.8,0.9333333333333333,1.0,0.8709677419354839
310,RBF SVM,0.9385752688172043,0.9329802259887006,0.9062046158443278,0.95,0.9333333333333333,1.0,0.8709677419354839
310,Random forest,0.894726062467998,0.9044636344790191,0.8693471654877997,0.8,0.9555555555555556,0.9523809523809523,0.8709677419354839
310,Extra trees,0.9227598566308244,0.9256902595612273,0.9060256124372243,0.8,0.9555555555555556,1.0,0.9354838709677419
310,kNN,0.9583461341525858,0.9637949121426699,0.9410555017589615,1.0,0.9777777777777777,0.9523809523809523,0.9032258064516129
310,HistGradientBoosting,0.8953213005632361,0.9054835976138732,0.8693596443682039,0.85,0.9555555555555556,0.9047619047619048,0.8709677419354839
311,Multinomial logistic,0.9056259600614439,0.9166844762642589,0.9072267916999142,0.9523809523809523,0.9523809523809523,0.75,0.967741935483871
311,Linear SVM,0.9591973886328725,0.9644692902042955,0.946810769065656,1.0,0.9523809523809523,0.9166666666666666,0.967741935483871
311,RBF SVM,0.9800307219662059,0.9790590935169248,0.960056205738863,1.0,0.9523809523809523,1.0,0.967741935483871
311,Random forest,0.8580069124423964,0.8704702274469718,0.8666171319671964,0.9523809523809523,0.9285714285714286,0.5833333333333334,0.967741935483871
311,Extra trees,0.9464285714285714,0.9534812433722163,0.9601041641782683,0.9523809523809523,1.0,0.8333333333333334,1.0
311,kNN,0.9613095238095237,0.9622445574982857,0.9602473804094283,0.9523809523809523,0.9761904761904762,0.9166666666666666,1.0
311,HistGradientBoosting,0.8894969278033794,0.8982041633403004,0.8793884297017885,0.9523809523809523,0.9523809523809523,0.75,0.9032258064516129
312,Multinomial logistic,0.8999616858237547,0.9009298890764408,0.8722621132363433,1.0,0.96,0.7777777777777778,0.8620689655172413
312,Linear SVM,0.9277394636015326,0.925478932831874,0.8902022180076965,1.0,0.96,0.8888888888888888,0.8620689655172413
312,RBF SVM,0.9277394636015326,0.925478932831874,0.8902022180076965,1.0,0.96,0.8888888888888888,0.8620689655172413
312,Random forest,0.9165193044503389,0.9336589590203748,0.9065747568410782,0.8461538461538461,1.0,0.8888888888888888,0.9310344827586207
312,Extra trees,0.9636015325670498,0.9712927681193936,0.9631710229701153,1.0,1.0,0.8888888888888888,0.9655172413793104
312,kNN,0.946360153256705,0.9482475513552096,0.927550630149511,1.0,1.0,0.8888888888888888,0.896551724137931
312,HistGradientBoosting,0.899277925139994,0.9104414198648676,0.8695030005585349,0.8461538461538461,1.0,0.8888888888888888,0.8620689655172413
313,Multinomial logistic,0.9277544351073763,0.9288080238321978,0.9242706233902509,0.9411764705882353,0.9642857142857143,0.8333333333333334,0.9722222222222222
313,Linear SVM,0.9543650793650794,0.9524905776618104,0.9398631029986962,1.0,0.9285714285714286,0.9166666666666666,0.9722222222222222
313,RBF SVM,0.9841269841269842,0.978510101010101,0.9699264736952236,1.0,0.9642857142857143,1.0,0.9722222222222222
313,Random forest,0.9346988795518207,0.945270092226614,0.9398340448655238,0.9411764705882353,0.9642857142857143,0.8333333333333334,1.0
313,Extra trees,0.9444444444444444,0.9539974825842575,0.9402250617216555,1.0,1.0,0.8333333333333334,0.9444444444444444
313,kNN,0.9375,0.9522403670962953,0.9552629941946206,1.0,1.0,0.75,1.0
313,HistGradientBoosting,0.9652777777777777,0.9646781656120297,0.955101578055596,1.0,1.0,0.9166666666666666,0.9444444444444444
314,Multinomial logistic,0.9516283524904214,0.9215053288582701,0.8916693952581289,1.0,0.9444444444444444,1.0,0.8620689655172413
314,Linear SVM,0.9655172413793103,0.9404598096548561,0.9138250089177061,1.0,1.0,1.0,0.8620689655172413
314,RBF SVM,0.9741379310344828,0.960047846889952,0.9344923453636453,1.0,1.0,1.0,0.896551724137931
314,Random forest,0.9602490421455939,0.9558270676691729,0.9101471412039123,1.0,0.9444444444444444,1.0,0.896551724137931
314,Extra trees,0.9913793103448276,0.9888572783309625,0.9774740629188541,1.0,1.0,1.0,0.9655172413793104
314,kNN,0.9741379310344828,0.9671328671328672,0.9349095450740877,1.0,1.0,1.0,0.896551724137931
314,HistGradientBoosting,0.946360153256705,0.9275798525798525,0.8895068105025714,1.0,0.8888888888888888,1.0,0.896551724137931
315,Multinomial logistic,0.9860899390243902,0.9843786295005807,0.9757155170141709,1.0,0.96875,1.0,0.975609756097561
315,Linear SVM,0.9565760501355014,0.9519475809404999,0.9394224780267166,1.0,0.90625,0.9444444444444444,0.975609756097561
315,RBF SVM,0.9799923780487805,0.9759029215550954,0.963804686123468,1.0,0.96875,1.0,0.9512195121951219
315,Random forest,0.9772727272727273,0.9821428571428572,0.9759163684615348,0.9090909090909091,1.0,1.0,1.0
315,Extra trees,0.9886363636363636,0.9911739983188568,0.9878758544694536,0.9545454545454546,1.0,1.0,1.0
315,kNN,1.0,1.0,1.0,1.0,1.0,1.0,1.0
315,HistGradientBoosting,0.9380889689578714,0.9346475807284098,0.9151188758746758,0.8636363636363636,0.9375,1.0,0.9512195121951219
316,Multinomial logistic,0.9084956709956711,0.9257575757575758,0.9276968701595095,1.0,0.9696969696969697,0.7142857142857143,0.95
316,Linear SVM,0.895995670995671,0.9030011655011656,0.9094317450432464,1.0,0.9696969696969697,0.7142857142857143,0.9
316,RBF SVM,0.975,0.9637651821862349,0.9643954522476033,1.0,1.0,1.0,0.9
316,Random forest,0.8795283663704716,0.8935496055061273,0.8780358371162628,0.8947368421052632,0.9090909090909091,0.7142857142857143,1.0
316,Extra trees,0.9002620186830713,0.9065706135473577,0.9102664693267049,0.9473684210526315,0.9393939393939394,0.7142857142857143,1.0
316,kNN,0.920995670995671,0.9388528138528138,0.945987644804058,1.0,0.9696969696969697,0.7142857142857143,1.0
316,HistGradientBoosting,0.8132319434951013,0.8167953246078247,0.8206309220532874,0.8421052631578947,0.9393939393939394,0.5714285714285714,0.9
317,Multinomial logistic,0.9785714285714286,0.9733090797294528,0.9631676860293908,1.0,0.9714285714285714,1.0,0.9428571428571428
317,Linear SVM,0.9535714285714285,0.9535670545009185,0.9379590974119142,0.95,0.9714285714285714,0.95,0.9428571428571428
317,RBF SVM,0.9714285714285715,0.9637751707257665,0.9510782437319257,1.0,0.9428571428571428,1.0,0.9428571428571428
317,Random forest,0.9410714285714286,0.9427375549833017,0.9256133353690696,0.85,0.9714285714285714,1.0,0.9428571428571428
317,Extra trees,0.9732142857142857,0.9732064683284196,0.9628206638493384,0.95,0.9714285714285714,1.0,0.9714285714285714
317,kNN,0.9785714285714286,0.9759861175662295,0.9631017631232082,1.0,0.9714285714285714,1.0,0.9428571428571428
317,HistGradientBoosting,0.9071428571428571,0.9093601013303487,0.8763911848463478,0.85,0.9428571428571428,0.95,0.8857142857142857
318,Multinomial logistic,0.9807692307692308,0.9615099715099715,0.9573452793901727,1.0,1.0,1.0,0.9230769230769231
318,Linear SVM,0.9807692307692308,0.9615099715099715,0.9573452793901727,1.0,1.0,1.0,0.9230769230769231
318,RBF SVM,0.9903846153846154,0.9758672699849171,0.9784203861000931,1.0,1.0,1.0,0.9615384615384616
318,Random forest,0.9423076923076923,0.9346075672295184,0.9126152316849544,0.8461538461538461,1.0,1.0,0.9230769230769231
318,Extra trees,0.9807692307692308,0.9852830188679245,0.9781681628239239,0.9230769230769231,1.0,1.0,1.0
318,kNN,1.0,1.0,1.0,1.0,1.0,1.0,1.0
318,HistGradientBoosting,0.9423076923076923,0.9346075672295184,0.9126152316849544,0.8461538461538461,1.0,1.0,0.9230769230769231
319,Multinomial logistic,0.9616996951219512,0.9312900641025641,0.9075366561947874,1.0,0.96875,1.0,0.8780487804878049
319,Linear SVM,0.9556021341463414,0.9240675990675992,0.8925812971569157,1.0,0.96875,1.0,0.8536585365853658
319,RBF SVM,0.9556021341463414,0.9240675990675992,0.8925812971569157,1.0,0.96875,1.0,0.8536585365853658
319,Random forest,0.9567073170731707,0.9548615857826384,0.9362539069219609,0.9,1.0,1.0,0.926829268292683
319,Extra trees,0.9939024390243902,0.9930674264007597,0.9840065150049916,1.0,1.0,1.0,0.975609756097561
319,kNN,0.9817073170731707,0.9710258096334046,0.953015084098639,1.0,1.0,1.0,0.926829268292683
319,HistGradientBoosting,0.9660823170731707,0.957038139329806,0.919652177711013,1.0,0.9375,1.0,0.926829268292683
320,Multinomial logistic,0.9372549019607843,0.9281136569872959,0.9024006763272395,1.0,1.0,0.8666666666666667,0.8823529411764706
320,Linear SVM,0.953921568627451,0.9413925438596491,0.9187090439221204,1.0,1.0,0.9333333333333333,0.8823529411764706
320,RBF SVM,0.9539760348583878,0.9227435646790485,0.9039688382144043,1.0,0.9629629629629629,1.0,0.8529411764705882
320,Random forest,0.9446078431372549,0.9406755525176578,0.9173455376779408,1.0,1.0,0.8666666666666667,0.9117647058823529
320,Extra trees,0.9612745098039216,0.9535250593326818,0.9346716965644796,1.0,1.0,0.9333333333333333,0.9117647058823529
320,kNN,0.9612745098039216,0.9625994694960213,0.9349903552808012,1.0,1.0,0.9333333333333333,0.9117647058823529
320,HistGradientBoosting,0.913235294117647,0.9105345330539463,0.8726401362251819,1.0,1.0,0.8,0.8529411764705882
321,Multinomial logistic,0.887613981762918,0.8834958986782269,0.8467971505397363,0.9,0.9361702127659575,0.8571428571428571,0.8571428571428571
321,Linear SVM,0.9483282674772037,0.9293671394579895,0.8999786457621243,1.0,0.9361702127659575,1.0,0.8571428571428571
321,RBF SVM,0.9364235055724418,0.9184975742405982,0.8872584972979441,1.0,0.9361702127659575,0.9523809523809523,0.8571428571428571
321,Random forest,0.8834093211752786,0.8934212719846628,0.8974378841541051,0.7,0.9574468085106383,0.9047619047619048,0.9714285714285714
321,Extra trees,0.9827760891590678,0.9842698225369351,0.974627532841837,1.0,0.9787234042553191,0.9523809523809523,1.0
321,kNN,0.9880952380952381,0.9903813122638269,0.9872437237969154,1.0,1.0,0.9523809523809523,1.0
321,HistGradientBoosting,0.9049138804457953,0.9135066885066886,0.8995456636340886,0.8,0.9148936170212766,0.9047619047619048,1.0
322,Multinomial logistic,0.8405372405372404,0.8369320737741791,0.7944583095708513,0.8888888888888888,0.9714285714285714,0.6923076923076923,0.8095238095238095
322,Linear SVM,0.9452380952380952,0.9146359694056285,0.8716071695281458,1.0,0.9714285714285714,1.0,0.8095238095238095
322,RBF SVM,0.9511904761904763,0.9214501217677261,0.8851428974639968,1.0,0.9714285714285714,1.0,0.8333333333333334
322,Random forest,0.8377594627594628,0.8618589743589744,0.838110859386218,0.7777777777777778,1.0,0.6923076923076923,0.8809523809523809
322,Extra trees,0.9821428571428572,0.9804667681380009,0.9561926486851767,1.0,1.0,1.0,0.9285714285714286
322,kNN,0.9099511599511599,0.9292335115864527,0.8985984259727599,0.8888888888888888,1.0,0.8461538461538461,0.9047619047619048
322,HistGradientBoosting,0.849053724053724,0.8446030503924361,0.7919137565451505,0.8888888888888888,1.0,0.7692307692307693,0.7380952380952381
323,Multinomial logistic,0.864423669837914,0.8722514865193213,0.8576270128653489,0.9545454545454546,0.9302325581395349,0.6666666666666666,0.90625
323,Linear SVM,0.8982778365045807,0.9054573443489822,0.8705028148975827,0.9545454545454546,0.9302325581395349,0.8333333333333334,0.875
323,RBF SVM,0.9226623062015503,0.9234730629928527,0.8838125342277436,1.0,0.9302325581395349,0.9166666666666666,0.84375
323,Random forest,0.8933337737843552,0.9109640359640361,0.8957216121796325,0.9090909090909091,0.9767441860465116,0.75,0.9375
323,Extra trees,0.9750099101479915,0.9750099101479915,0.9609785202863962,0.9545454545454546,0.9767441860465116,1.0,0.96875
323,kNN,0.9139028365045807,0.9231729055258467,0.8962459179393472,0.9545454545454546,0.9302325581395349,0.8333333333333334,0.9375
323,HistGradientBoosting,0.8849156536293165,0.8945819298143136,0.8569111395659369,0.9090909090909091,0.9534883720930233,0.8333333333333334,0.84375
324,Multinomial logistic,0.9218890554722639,0.9192157832890098,0.9236495897083633,1.0,0.9310344827586207,0.8,0.9565217391304348
324,Linear SVM,0.9805097451274363,0.9779877131135712,0.9619541068375461,1.0,0.9655172413793104,1.0,0.9565217391304348
324,RBF SVM,0.9805097451274363,0.9779877131135712,0.9619541068375461,1.0,0.9655172413793104,1.0,0.9565217391304348
324,Random forest,0.9354905880393136,0.934935064935065,0.888120839733743,0.8888888888888888,0.896551724137931,1.0,0.9565217391304348
324,Extra trees,0.9861111111111112,0.9875379939209726,0.9810268020047919,0.9444444444444444,1.0,1.0,1.0
324,kNN,0.9891304347826086,0.9876876876876877,0.9810746821776094,1.0,1.0,1.0,0.9565217391304348
324,HistGradientBoosting,0.8746210228219223,0.8908080808080807,0.84922127740313,0.8888888888888888,0.896551724137931,0.8,0.9130434782608695
325,Multinomial logistic,0.9460227272727273,0.9385116296133245,0.9288778295061028,1.0,1.0,0.9090909090909091,0.875
325,Linear SVM,0.9374020376175549,0.926123301985371,0.9114606273060624,1.0,0.9655172413793104,0.9090909090909091,0.875
325,RBF SVM,0.9791666666666666,0.969001610305958,0.9644237849237031,1.0,1.0,1.0,0.9166666666666666
325,Random forest,0.9772727272727273,0.9829931972789117,0.9819445980382345,1.0,1.0,0.9090909090909091,1.0
325,Extra trees,0.9668560606060607,0.9692795417642154,0.9639233957523823,1.0,1.0,0.9090909090909091,0.9583333333333334
325,kNN,0.9668560606060607,0.9692795417642154,0.9639233957523823,1.0,1.0,0.9090909090909091,0.9583333333333334
325,HistGradientBoosting,0.9545454545454546,0.965,0.964242249559784,1.0,1.0,0.8181818181818182,1.0
326,Multinomial logistic,0.969600725952813,0.9623591683017914,0.9555294219567176,1.0,1.0,0.9473684210526315,0.9310344827586207
326,Linear SVM,0.9741379310344828,0.9690398609753448,0.9557925696849309,1.0,1.0,1.0,0.896551724137931
326,RBF SVM,0.9827586206896551,0.9777138086564316,0.9702775823324904,1.0,1.0,1.0,0.9310344827586207
326,Random forest,0.9225184978361022,0.9294086567770778,0.9096390373751131,0.8461538461538461,1.0,0.9473684210526315,0.896551724137931
326,Extra trees,0.9503699567220438,0.9581805866016392,0.9400998110277848,0.9230769230769231,1.0,0.9473684210526315,0.9310344827586207
326,kNN,0.9782214156079855,0.9805241929323332,0.9698252153709285,1.0,1.0,0.9473684210526315,0.9655172413793104
326,HistGradientBoosting,0.963527851458886,0.9687775891341256,0.954923218900064,0.9230769230769231,1.0,1.0,0.9310344827586207
327,Multinomial logistic,0.9409544159544161,0.944623288588806,0.9223821722674606,0.9230769230769231,0.9629629629629629,0.9333333333333333,0.9444444444444444
327,Linear SVM,0.9675925925925926,0.9627009084556255,0.9382150628670306,1.0,0.9259259259259259,1.0,0.9444444444444444
327,RBF SVM,0.9768518518518519,0.9709181011997913,0.953779610409002,1.0,0.9629629629629629,1.0,0.9444444444444444
327,Random forest,0.9458333333333333,0.9513793286031981,0.9232942225908527,1.0,1.0,0.8666666666666667,0.9166666666666666
327,Extra trees,0.9527777777777777,0.959325396825397,0.9383035733901018,1.0,1.0,0.8666666666666667,0.9444444444444444
327,kNN,0.9597222222222223,0.9673234299946628,0.9536742317103682,1.0,1.0,0.8666666666666667,0.9722222222222222
327,HistGradientBoosting,0.937037037037037,0.933302354670618,0.8933901411417494,1.0,0.9259259259259259,0.9333333333333333,0.8888888888888888
328,Multinomial logistic,0.9694055944055944,0.9690791931586433,0.9630292016332166,1.0,0.9545454545454546,0.9230769230769231,1.0
328,Linear SVM,0.9886363636363636,0.9899487583760347,0.9815112064401322,1.0,0.9545454545454546,1.0,1.0
328,RBF SVM,1.0,1.0,1.0,1.0,1.0,1.0,1.0
328,Random forest,0.9800156739811913,0.9746957916390642,0.962938302702261,1.0,0.9545454545454546,1.0,0.9655172413793104
328,Extra trees,1.0,1.0,1.0,1.0,1.0,1.0,1.0
328,kNN,0.9807692307692308,0.9857627118644068,0.9814764633495311,1.0,1.0,0.9230769230769231,1.0
328,HistGradientBoosting,0.9713949843260188,0.9646089036821303,0.9443838806259103,1.0,0.9545454545454546,1.0,0.9310344827586207
329,Multinomial logistic,0.9441884280593957,0.946936485559557,0.9245381244715501,1.0,0.9354838709677419,0.8888888888888888,0.9523809523809523
329,Linear SVM,0.9621735791090631,0.9606026360220031,0.9433652744029674,0.9285714285714286,0.967741935483871,1.0,0.9523809523809523
329,RBF SVM,0.9800307219662059,0.9753761877843279,0.9624005785767612,1.0,0.967741935483871,1.0,0.9523809523809523
329,Random forest,0.9244751664106503,0.9394033776301218,0.9240628843940961,1.0,0.967741935483871,0.7777777777777778,0.9523809523809523
329,Extra trees,1.0,1.0,1.0,1.0,1.0,1.0,1.0
329,kNN,1.0,1.0,1.0,1.0,1.0,1.0,1.0
329,HistGradientBoosting,0.9441884280593957,0.9517232249238781,0.9239816556525436,1.0,0.9354838709677419,0.8888888888888888,0.9523809523809523
330,Multinomial logistic,0.9511904761904761,0.9557214156079854,0.9414414135424847,1.0,1.0,0.9,0.9047619047619048
330,Linear SVM,0.9880952380952381,0.9895164741121095,0.9803616168238104,1.0,1.0,1.0,0.9523809523809523
330,RBF SVM,0.9761904761904762,0.9788793103448277,0.9611828399950285,1.0,1.0,1.0,0.9047619047619048
330,Random forest,0.9095238095238095,0.9264243754388524,0.9007646069051288,0.8333333333333334,1.0,0.9,0.9047619047619048
330,Extra trees,0.9672619047619047,0.9728397079655662,0.9603485331890377,0.9166666666666666,1.0,1.0,0.9523809523809523
330,kNN,0.9880952380952381,0.9895164741121095,0.9803616168238104,1.0,1.0,1.0,0.9523809523809523
330,HistGradientBoosting,0.9136904761904762,0.9199507389162561,0.9016052580441449,0.75,1.0,1.0,0.9047619047619048
331,Multinomial logistic,0.8700198852637877,0.8675346077785101,0.8539467640771387,0.9444444444444444,0.9512195121951219,0.7272727272727273,0.8571428571428571
331,Linear SVM,0.8977074754513779,0.8872802893004534,0.8698777835189937,1.0,0.9512195121951219,0.8181818181818182,0.8214285714285714
331,RBF SVM,0.9471302748741773,0.9332912457912458,0.913198455632678,0.9444444444444444,0.9512195121951219,1.0,0.8928571428571429
331,Random forest,0.8939745890965403,0.8985599160502884,0.8973969107695846,0.9444444444444444,0.975609756097561,0.7272727272727273,0.9285714285714286
331,Extra trees,0.9484478935698448,0.9577597173553528,0.9563600249864158,1.0,0.975609756097561,0.8181818181818182,1.0
331,kNN,0.9511887164326188,0.957625262342849,0.9414354171568752,0.9444444444444444,0.9512195121951219,0.9090909090909091,1.0
331,HistGradientBoosting,0.9090007215007215,0.9226037153540269,0.9269102278254712,0.9444444444444444,1.0,0.7272727272727273,0.9642857142857143
332,Multinomial logistic,0.9339056776556777,0.9356871866998449,0.904980627141011,0.9285714285714286,0.9487179487179487,0.9583333333333334,0.9
332,Linear SVM,0.8980311355311357,0.9006410256410255,0.8817884850959575,0.7857142857142857,0.9230769230769231,0.9583333333333334,0.925
332,RBF SVM,0.9557692307692308,0.9498295821825233,0.91764829265256,1.0,0.9230769230769231,1.0,0.9
332,Random forest,0.9097985347985348,0.907502319109462,0.8814117913211486,0.8571428571428571,0.9487179487179487,0.9583333333333334,0.875
332,Extra trees,0.9632326007326006,0.9667284435141579,0.9526738453091542,0.9285714285714286,0.9743589743589743,1.0,0.95
332,kNN,0.9810897435897437,0.9789940318873411,0.9645269760899681,1.0,0.9743589743589743,1.0,0.95
332,HistGradientBoosting,0.9401556776556776,0.9457512892639476,0.9164739682111727,0.9285714285714286,0.9487179487179487,0.9583333333333334,0.925
333,Multinomial logistic,0.9348283374652543,0.9403479064039408,0.8836419987121987,1.0,0.9259259259259259,0.8823529411764706,0.9310344827586207
333,Linear SVM,0.9642401021711366,0.9642401021711366,0.9222108495394064,1.0,0.9259259259259259,1.0,0.9310344827586207
333,RBF SVM,0.9642401021711366,0.9642401021711366,0.9222108495394064,1.0,0.9259259259259259,1.0,0.9310344827586207
333,Random forest,0.9293817143715722,0.9050044466003718,0.8854705404831388,1.0,0.9629629629629629,0.8235294117647058,0.9310344827586207
333,Extra trees,0.9913793103448276,0.9910685805422648,0.9808135393849614,1.0,1.0,1.0,0.9655172413793104
333,kNN,0.9354669070693411,0.9088737468671679,0.8855899957342619,1.0,0.9629629629629629,0.8823529411764706,0.896551724137931
333,HistGradientBoosting,0.908966268499737,0.9109717868338557,0.8275586566893467,1.0,0.9259259259259259,0.8823529411764706,0.8275862068965517
334,Multinomial logistic,0.9270833333333334,0.9206243032329988,0.9060123738041416,1.0,1.0,0.8333333333333334,0.875
334,Linear SVM,0.96875,0.9559803921568628,0.9378153281649804,1.0,1.0,1.0,0.875
334,RBF SVM,0.9765625,0.9703519768563162,0.952994110322012,1.0,1.0,1.0,0.90625
334,Random forest,0.8697916666666667,0.8827169646135163,0.8455313794999452,0.8333333333333334,1.0,0.8333333333333334,0.8125
334,Extra trees,0.9713541666666666,0.9778092396378841,0.9681628861863024,1.0,1.0,0.9166666666666666,0.96875
334,kNN,0.984375,0.9845825426944972,0.968444534169125,1.0,1.0,1.0,0.9375
334,HistGradientBoosting,0.9192708333333333,0.9203383603018258,0.891251233304566,0.9166666666666666,1.0,0.9166666666666666,0.84375
335,Multinomial logistic,0.942212579320642,0.942212579320642,0.9240291673732406,0.9473684210526315,0.9574468085106383,0.9166666666666666,0.9473684210526315
335,Linear SVM,0.9749440089585666,0.9708205998868138,0.9677922973702958,0.9473684210526315,0.9787234042553191,1.0,0.9736842105263158
335,RBF SVM,0.9749440089585666,0.9636431316110937,0.957703790823908,1.0,0.9787234042553191,1.0,0.9210526315789473
335,Random forest,0.9029605263157895,0.9123537981102008,0.8924929037094449,0.8421052631578947,1.0,0.875,0.8947368421052632
335,Extra trees,0.9566885964912282,0.9607713963963964,0.956701132816075,0.8947368421052632,1.0,0.9583333333333334,0.9736842105263158
335,kNN,0.9632675438596492,0.9723368755948543,0.9676791740272565,0.8947368421052632,1.0,0.9583333333333334,1.0
335,HistGradientBoosting,0.8950634565136245,0.902908889750995,0.8702445502879902,0.8947368421052632,0.9574468085106383,0.8333333333333334,0.8947368421052632
336,Multinomial logistic,0.9547596153846154,0.9477725356728206,0.925667968625476,1.0,0.9615384615384616,0.9375,0.92
336,Linear SVM,0.9547596153846154,0.9477725356728206,0.925667968625476,1.0,0.9615384615384616,0.9375,0.92
336,RBF SVM,0.9703846153846154,0.9603726105826946,0.9442860863034162,1.0,0.9615384615384616,1.0,0.92
336,Random forest,0.954375,0.947137008925434,0.9263421012854443,1.0,1.0,0.9375,0.88
336,Extra trees,0.984375,0.9872185027388922,0.9814712924631536,1.0,1.0,0.9375,1.0
336,kNN,0.94875,0.9543908472479902,0.9263308172844025,1.0,1.0,0.875,0.92
336,HistGradientBoosting,0.9147596153846154,0.9039945144724557,0.8551068187460245,1.0,0.9615384615384616,0.9375,0.76
337,Multinomial logistic,0.8624999999999999,0.8549478390461996,0.8461632962349334,0.9166666666666666,0.9333333333333333,0.7,0.9
337,Linear SVM,0.9083333333333333,0.8944055944055944,0.8775416758759439,1.0,0.9333333333333333,0.8,0.9
337,RBF SVM,0.9611111111111111,0.9397873471557683,0.9240488040221155,1.0,0.9777777777777777,1.0,0.8666666666666667
337,Random forest,0.8402777777777779,0.8559523809523809,0.8601710144806313,0.75,0.9777777777777777,0.7,0.9333333333333333
337,Extra trees,0.9111111111111112,0.9217941858391296,0.9230148397939615,1.0,0.9777777777777777,0.7,0.9666666666666667
337,kNN,0.9555555555555556,0.9470230998509688,0.9387671018777937,1.0,0.9555555555555556,0.9,0.9666666666666667
337,HistGradientBoosting,0.8791666666666667,0.8910812165775401,0.8775231743389,0.9166666666666666,0.9333333333333333,0.7,0.9666666666666667
338,Multinomial logistic,0.9452120460184976,0.9388888888888889,0.9330764872773646,0.9545454545454546,1.0,0.9230769230769231,0.9032258064516129
338,Linear SVM,0.9270916528981046,0.9181350181350181,0.906380334187892,0.9090909090909091,0.972972972972973,0.9230769230769231,0.9032258064516129
338,RBF SVM,0.9838709677419355,0.9768518518518519,0.9734688429188195,1.0,1.0,1.0,0.9354838709677419
338,Random forest,0.9434180684180684,0.9496167897548712,0.9461632507298393,0.9545454545454546,0.972972972972973,0.8461538461538461,1.0
338,Extra trees,0.9772727272727273,0.981516290726817,0.9734028066681878,0.9090909090909091,1.0,1.0,1.0
338,kNN,0.9932432432432432,0.9926070884974995,0.9866336805347534,1.0,0.972972972972973,1.0,1.0
338,HistGradientBoosting,0.9318570487925326,0.9374138912007974,0.9194100699801965,0.8636363636363636,0.972972972972973,0.9230769230769231,0.967741935483871
339,Multinomial logistic,0.9886363636363636,0.9859507523939808,0.9782533048474625,1.0,1.0,1.0,0.9545454545454546
339,Linear SVM,0.9818796068796068,0.976117072560301,0.967302986756583,1.0,0.972972972972973,1.0,0.9545454545454546
339,RBF SVM,0.9875614250614251,0.9823895620527925,0.9781909314576349,1.0,0.972972972972973,1.0,0.9772727272727273
339,Random forest,0.9491626794258373,0.9562911906335568,0.945130485112752,1.0,1.0,0.8421052631578947,0.9545454545454546
339,Extra trees,0.9868421052631579,0.9904342544791982,0.9890369263081144,1.0,1.0,0.9473684210526315,1.0
339,kNN,0.9868421052631579,0.9904342544791982,0.9890369263081144,1.0,1.0,0.9473684210526315,1.0
339,HistGradientBoosting,0.9221172248803827,0.9232201425224681,0.9012633414773081,0.96,1.0,0.8421052631578947,0.8863636363636364
340,Multinomial logistic,0.8980368589743589,0.8990464063384267,0.8836907957822668,0.9166666666666666,1.0,0.7692307692307693,0.90625
340,Linear SVM,0.9573317307692308,0.9446979250257939,0.9345931196543673,1.0,1.0,0.9230769230769231,0.90625
340,RBF SVM,0.984375,0.9727047146401986,0.9673944941011399,1.0,1.0,1.0,0.9375
340,Random forest,0.8703926282051282,0.8872740195128255,0.8823144182559517,0.6666666666666666,1.0,0.8461538461538461,0.96875
340,Extra trees,0.9391025641025641,0.9551515151515151,0.9499767443202846,0.8333333333333334,1.0,0.9230769230769231,1.0
340,kNN,0.9521233974358974,0.9562698412698413,0.9499826718013957,0.9166666666666666,1.0,0.9230769230769231,0.96875
340,HistGradientBoosting,0.8511618589743589,0.8705001139211666,0.8655118534320615,0.6666666666666666,1.0,0.7692307692307693,0.96875
341,Multinomial logistic,0.9284274193548387,0.9237694909826056,0.8790623335109217,1.0,0.9032258064516129,0.875,0.9354838709677419
341,Linear SVM,0.9596774193548387,0.9441483952324777,0.8997005255668953,1.0,0.9032258064516129,1.0,0.9354838709677419
341,RBF SVM,0.9122983870967742,0.923076923076923,0.8386416061380956,1.0,0.9354838709677419,0.875,0.8387096774193549
341,Random forest,0.936491935483871,0.9360250977835725,0.9009371810751508,1.0,1.0,0.875,0.8709677419354839
341,Extra trees,0.9122983870967742,0.9109768907563025,0.8461935137704056,1.0,1.0,0.875,0.7741935483870968
341,kNN,0.9284274193548387,0.9236853541938288,0.8809416778976654,1.0,0.967741935483871,0.875,0.8709677419354839
341,HistGradientBoosting,0.9435483870967742,0.9278641134984419,0.8663298187312655,1.0,0.967741935483871,1.0,0.8064516129032258
342,Multinomial logistic,0.9125668449197861,0.8993966817496231,0.872202222686033,0.8,0.9411764705882353,1.0,0.9090909090909091
342,Linear SVM,0.9701426024955437,0.9570889894419307,0.9235082357852115,1.0,0.9411764705882353,1.0,0.9393939393939394
342,RBF SVM,0.9772727272727273,0.9575396825396825,0.9269314342778269,1.0,1.0,1.0,0.9090909090909091
342,Random forest,0.9272727272727272,0.9340016708437762,0.9027324525628376,0.8,1.0,1.0,0.9090909090909091
342,Extra trees,0.9415584415584416,0.9425486793907847,0.9028203272774782,1.0,1.0,0.8571428571428571,0.9090909090909091
342,kNN,0.9415584415584416,0.9425486793907847,0.9028203272774782,1.0,1.0,0.8571428571428571,0.9090909090909091
342,HistGradientBoosting,0.9772727272727273,0.9678249678249677,0.9273097955198251,1.0,1.0,1.0,0.9090909090909091
343,Multinomial logistic,0.9275,0.9241547781903459,0.9046042348951158,1.0,0.9166666666666666,0.8333333333333334,0.96
343,Linear SVM,0.9483333333333333,0.9461032863849764,0.9313531271092645,1.0,0.9444444444444444,0.8888888888888888,0.96
343,RBF SVM,0.9622222222222222,0.9555800698657841,0.9456294880445463,1.0,0.9444444444444444,0.9444444444444444,0.96
343,Random forest,0.9427777777777777,0.945688085226118,0.9317109598532749,0.95,0.9722222222222222,0.8888888888888888,0.96
343,Extra trees,1.0,1.0,1.0,1.0,1.0,1.0,1.0
343,kNN,1.0,1.0,1.0,1.0,1.0,1.0,1.0
343,HistGradientBoosting,0.9119444444444444,0.9159283109258648,0.9050677488568691,0.95,1.0,0.7777777777777778,0.92
344,Multinomial logistic,0.9589783281733746,0.9569593312477562,0.9183733967005083,1.0,0.8947368421052632,1.0,0.9411764705882353
344,Linear SVM,0.9589783281733746,0.9569593312477562,0.9183733967005083,1.0,0.8947368421052632,1.0,0.9411764705882353
344,RBF SVM,0.9721362229102166,0.9675835592833794,0.939118015829725,1.0,0.9473684210526315,1.0,0.9411764705882353
344,Random forest,0.9647832817337461,0.9598484848484848,0.9197565899872305,1.0,0.9473684210526315,1.0,0.9117647058823529
344,Extra trees,0.9852941176470589,0.9799242424242425,0.960448851241211,1.0,1.0,1.0,0.9411764705882353
344,kNN,0.9926470588235294,0.9898584003061615,0.9798732811670704,1.0,1.0,1.0,0.9705882352941176
344,HistGradientBoosting,0.9574303405572755,0.950281425891182,0.9011012485955769,1.0,0.9473684210526315,1.0,0.8823529411764706
345,Multinomial logistic,0.9699074074074073,0.9704061895551257,0.9544522786762035,1.0,0.9166666666666666,1.0,0.9629629629629629
345,Linear SVM,0.9583333333333334,0.9584092925707833,0.9395345832166146,1.0,0.875,0.9583333333333334,1.0
345,RBF SVM,0.9594907407407407,0.9590016103059581,0.9397262478247228,1.0,0.875,1.0,0.9629629629629629
345,Random forest,0.951388888888889,0.9402672359266286,0.9257866741324966,1.0,0.9583333333333334,0.9583333333333334,0.8888888888888888
345,Extra trees,0.9895833333333334,0.9901353965183752,0.9849317378804311,1.0,1.0,0.9583333333333334,1.0
345,kNN,0.9791666666666666,0.9794829394208276,0.9700244931186305,1.0,1.0,0.9166666666666666,1.0
345,HistGradientBoosting,0.9126984126984127,0.9124632122352486,0.8783159464589549,0.9285714285714286,0.9583333333333334,0.875,0.8888888888888888
346,Multinomial logistic,0.967741935483871,0.9599231306778477,0.94652539878151,1.0,0.9354838709677419,1.0,0.9354838709677419
346,Linear SVM,0.9596774193548387,0.9511770244821093,0.9336679728443046,1.0,0.9354838709677419,1.0,0.9032258064516129
346,RBF SVM,0.967741935483871,0.9603489755895442,0.9462206447977209,1.0,0.9032258064516129,1.0,0.967741935483871
346,Random forest,0.957741935483871,0.9476804915514593,0.9322123072557439,1.0,0.9354838709677419,0.96,0.9354838709677419
346,Extra trees,0.9819354838709677,0.9829870985279358,0.9729217067034012,1.0,0.967741935483871,0.96,1.0
346,kNN,0.9738709677419355,0.9694928665910809,0.9595396001026741,1.0,1.0,0.96,0.9354838709677419
346,HistGradientBoosting,0.9223821339950372,0.9195099303462737,0.89211890317477,0.9230769230769231,0.8709677419354839,0.96,0.9354838709677419
347,Multinomial logistic,0.9850446428571429,0.9607865338164251,0.9683958691154472,1.0,0.9714285714285714,1.0,0.96875
347,Linear SVM,0.9850446428571429,0.9607865338164251,0.9683958691154472,1.0,0.9714285714285714,1.0,0.96875
347,RBF SVM,0.9850446428571429,0.9607865338164251,0.9683958691154472,1.0,0.9714285714285714,1.0,0.96875
347,Random forest,0.8600446428571429,0.8741758241758242,0.9359519458732606,1.0,0.9714285714285714,0.5,0.96875
347,Extra trees,0.9296875,0.9296875,0.9680444598819035,1.0,1.0,0.75,0.96875
347,kNN,0.9375,0.9604395604395605,0.9841285100398066,1.0,1.0,0.75,1.0
347,HistGradientBoosting,0.8416666666666667,0.8777472813091303,0.9048826048289353,0.9523809523809523,0.9142857142857143,0.5,1.0
348,Multinomial logistic,0.8790106951871659,0.8761750974370275,0.8524726850534013,1.0,0.9705882352941176,0.7272727272727273,0.8181818181818182
348,Linear SVM,0.9358288770053476,0.9216304347826088,0.8919256008285324,1.0,0.9705882352941176,1.0,0.7727272727272727
348,RBF SVM,0.9358288770053476,0.9216304347826088,0.8919256008285324,1.0,0.9705882352941176,1.0,0.7727272727272727
348,Random forest,0.8295454545454546,0.8575159619680168,0.8329796159293537,0.6363636363636364,1.0,0.8181818181818182,0.8636363636363636
348,Extra trees,0.9585561497326204,0.9640756302521007,0.9443952812184756,0.9090909090909091,0.9705882352941176,1.0,0.9545454545454546
348,kNN,0.947192513368984,0.9489613015902196,0.9257623954193688,1.0,0.9705882352941176,0.9090909090909091,0.9090909090909091
348,HistGradientBoosting,0.8863636363636364,0.8958717610891525,0.8883903976125945,0.7272727272727273,1.0,0.9090909090909091,0.9090909090909091
349,Multinomial logistic,0.9281055900621118,0.9248729961058728,0.8931518433051668,1.0,0.9,0.8695652173913043,0.9428571428571428
349,Linear SVM,0.9607142857142856,0.95417439703154,0.9292482504347516,1.0,0.9,1.0,0.9428571428571428
349,RBF SVM,0.9435947204968944,0.9346813336157295,0.905649565844375,1.0,0.875,0.9565217391304348,0.9428571428571428
349,Random forest,0.9263198757763975,0.9204710144927536,0.8925357173851792,1.0,0.95,0.8695652173913043,0.8857142857142857
349,Extra trees,0.9425991048593351,0.9515046296296297,0.9401686309744448,0.8823529411764706,0.975,0.9130434782608695,1.0
349,kNN,0.956412130069419,0.9643996648033062,0.9522480218875445,0.9411764705882353,1.0,0.9130434782608695,0.9714285714285714
349,HistGradientBoosting,0.9187568505663134,0.9168650793650793,0.892145735185498,0.9411764705882353,0.95,0.8695652173913043,0.9142857142857143
350,Multinomial logistic,0.9237179487179488,0.9374266869219083,0.9274794680118399,0.9,0.9615384615384616,0.8333333333333334,1.0
350,Linear SVM,0.9807692307692308,0.9739968774395005,0.9641959135907284,1.0,0.9230769230769231,1.0,1.0
350,RBF SVM,0.9903846153846154,0.9909996785599486,0.9819213153092304,1.0,0.9615384615384616,1.0,1.0
350,Random forest,0.8791666666666667,0.9008362311641,0.8906147140314595,0.8,1.0,0.75,0.9666666666666667
350,Extra trees,1.0,1.0,1.0,1.0,1.0,1.0,1.0
350,kNN,0.9820512820512821,0.9681334783528204,0.9644222038232498,1.0,0.9615384615384616,1.0,0.9666666666666667
350,HistGradientBoosting,0.9125,0.9338040441605806,0.9278164208809596,0.9,1.0,0.75,1.0
351,Multinomial logistic,0.9814814814814815,0.9811221797070854,0.9726518153690121,1.0,0.9259259259259259,1.0,1.0
351,Linear SVM,0.9722222222222222,0.9714894038423451,0.959318395320326,1.0,0.8888888888888888,1.0,1.0
351,RBF SVM,0.9814814814814815,0.9811221797070854,0.9726518153690121,1.0,0.9259259259259259,1.0,1.0
351,Random forest,0.9852941176470589,0.9878787878787879,0.9862377855869915,0.9411764705882353,1.0,1.0,1.0
351,Extra trees,0.9852941176470589,0.9878787878787879,0.9862377855869915,0.9411764705882353,1.0,1.0,1.0
351,kNN,0.9907407407407407,0.99073756432247,0.986256273528727,1.0,0.9629629629629629,1.0,1.0
351,HistGradientBoosting,0.9613289760348583,0.9665001241310823,0.9591967583278289,0.8823529411764706,0.9629629629629629,1.0,1.0
352,Multinomial logistic,0.944871794871795,0.9259817563388992,0.8952293357944077,1.0,1.0,0.9333333333333333,0.8461538461538461
352,Linear SVM,0.967948717948718,0.9481457986867146,0.9254683847902323,1.0,1.0,1.0,0.8717948717948718
352,RBF SVM,0.9615384615384616,0.9393382352941176,0.9111868607037016,1.0,1.0,1.0,0.8461538461538461
352,Random forest,0.9705128205128206,0.9663377192982456,0.9532135361124873,1.0,1.0,0.9333333333333333,0.9487179487179487
352,Extra trees,0.9935897435897436,0.9914340978170765,0.9843095620775795,1.0,1.0,1.0,0.9743589743589743
352,kNN,0.9871794871794872,0.977796052631579,0.9691516821423232,1.0,1.0,1.0,0.9487179487179487
352,HistGradientBoosting,0.963489409141583,0.9436303892825633,0.9239821361649139,1.0,0.9565217391304348,1.0,0.8974358974358975
353,Multinomial logistic,0.9365079365079365,0.9377576671694319,0.9269442140182076,1.0,1.0,0.8888888888888888,0.8571428571428571
353,Linear SVM,0.9539588300018338,0.953214567672399,0.9257896061896831,0.9473684210526315,0.975609756097561,1.0,0.8928571428571429
353,RBF SVM,0.9732142857142857,0.9734864192411363,0.9561658705660643,1.0,1.0,1.0,0.8928571428571429
353,Random forest,0.8660192147034251,0.880694705979346,0.8377686777220104,0.7894736842105263,1.0,0.8888888888888888,0.7857142857142857
353,Extra trees,0.8866436925647452,0.9119289207732604,0.8820154835780412,0.9473684210526315,1.0,0.7777777777777778,0.8214285714285714
353,kNN,0.9365079365079365,0.9464754261646604,0.9263154180296339,1.0,1.0,0.8888888888888888,0.8571428571428571
353,HistGradientBoosting,0.8848684210526316,0.8932109557109558,0.837254518120621,0.7894736842105263,1.0,1.0,0.75
354,Multinomial logistic,0.9463744588744588,0.9465336833275483,0.9315538740610416,0.9545454545454546,0.9142857142857143,0.9166666666666666,1.0
354,Linear SVM,0.9672077922077922,0.9610872547561198,0.945351133745091,0.9545454545454546,0.9142857142857143,1.0,1.0
354,RBF SVM,0.9785714285714285,0.9769012082444919,0.9591724479107862,1.0,0.9142857142857143,1.0,1.0
354,Random forest,0.9194264069264069,0.9188095238095237,0.9031543780157261,0.8181818181818182,0.9428571428571428,0.9166666666666666,1.0
354,Extra trees,0.9701298701298702,0.9668540202966431,0.9582801288480293,0.9090909090909091,0.9714285714285714,1.0,1.0
354,kNN,0.9659090909090909,0.9647628726287263,0.9587239996084639,0.8636363636363636,1.0,1.0,1.0
354,HistGradientBoosting,0.9474025974025975,0.952531857813548,0.9311469456822118,0.8181818181818182,0.9714285714285714,1.0,1.0
355,Multinomial logistic,0.9323144257703081,0.9342930353959766,0.9151982737320843,0.9285714285714286,0.9583333333333334,0.8823529411764706,0.96
355,Linear SVM,0.9191631652661064,0.9171343537414967,0.898539432968326,0.8571428571428571,0.9583333333333334,0.9411764705882353,0.92
355,RBF SVM,0.9795833333333334,0.9760601614086574,0.9663367110737001,1.0,0.9583333333333334,1.0,0.96
355,Random forest,0.9244572829131652,0.9331204509775939,0.915622454012425,0.8571428571428571,0.9583333333333334,0.8823529411764706,1.0
355,Extra trees,0.9423144257703081,0.9501942336763766,0.9327558630408215,0.9285714285714286,0.9583333333333334,0.8823529411764706,1.0
355,kNN,0.9348739495798319,0.9455363876319759,0.9334461433598448,0.8571428571428571,1.0,0.8823529411764706,1.0
355,HistGradientBoosting,0.9097514005602241,0.9200621649240248,0.8991439150583201,0.8571428571428571,0.9583333333333334,0.8235294117647058,1.0
356,Multinomial logistic,0.9715099715099715,0.9760237596086652,0.9734085630978534,0.9629629629629629,1.0,0.9230769230769231,1.0
356,Linear SVM,0.9907407407407407,0.990566037735849,0.9867914849961529,0.9629629629629629,1.0,1.0,1.0
356,RBF SVM,1.0,1.0,1.0,1.0,1.0,1.0,1.0
356,Random forest,0.9537037037037037,0.9544431758717473,0.935449360294783,0.8148148148148148,1.0,1.0,1.0
356,Extra trees,0.9814814814814815,0.9811253561253561,0.973832766781533,0.9259259259259259,1.0,1.0,1.0
356,kNN,1.0,1.0,1.0,1.0,1.0,1.0,1.0
356,HistGradientBoosting,0.9189908532013795,0.9197832757959341,0.8825972382603088,0.7407407407407407,0.9736842105263158,1.0,0.9615384615384616
357,Multinomial logistic,0.9319645732689211,0.9328282828282828,0.8889651536542469,1.0,0.9130434782608695,0.8888888888888888,0.9259259259259259
357,Linear SVM,0.9488727858293076,0.9187138891396587,0.8922336031535378,1.0,0.8695652173913043,1.0,0.9259259259259259
357,RBF SVM,0.9706119162640902,0.9618215966495403,0.9340184974865725,1.0,0.9565217391304348,1.0,0.9259259259259259
357,Random forest,0.9537037037037037,0.9607265075841658,0.9340191908524664,1.0,1.0,0.8888888888888888,0.9259259259259259
357,Extra trees,0.9907407407407407,0.9899638699317543,0.9781223431521726,1.0,1.0,1.0,0.9629629629629629
357,kNN,0.9907407407407407,0.9899638699317543,0.9781223431521726,1.0,1.0,1.0,0.9629629629629629
357,HistGradientBoosting,0.9814814814814815,0.9799679487179488,0.9569322260638633,1.0,1.0,1.0,0.9259259259259259
358,Multinomial logistic,0.944377990430622,0.9355782088165896,0.8994259759237409,1.0,0.868421052631579,1.0,0.9090909090909091
358,Linear SVM,0.9566387559808612,0.948082092010128,0.9218796789963246,1.0,0.8947368421052632,1.0,0.9318181818181818
358,RBF SVM,0.9509569377990431,0.9385912190963341,0.9112500144346742,1.0,0.8947368421052632,1.0,0.9090909090909091
358,Random forest,0.9216507177033493,0.9204851550481061,0.8874532116876073,0.9090909090909091,0.9210526315789473,0.9473684210526315,0.9090909090909091
358,Extra trees,0.965011961722488,0.9633273703041144,0.9441088808154904,0.9545454545454546,0.9736842105263158,1.0,0.9318181818181818
358,kNN,0.9706937799043063,0.9658621968748551,0.9449459383842888,1.0,0.9736842105263158,1.0,0.9090909090909091
358,HistGradientBoosting,0.9207535885167464,0.914064760209191,0.8768113898421074,0.9545454545454546,0.8947368421052632,0.9473684210526315,0.8863636363636364
359,Multinomial logistic,0.9528508771929823,0.9499358974358973,0.9327173466053531,0.9166666666666666,0.9473684210526315,1.0,0.9473684210526315
359,Linear SVM,0.9802631578947368,0.9735087719298245,0.9665133535456295,1.0,0.9736842105263158,1.0,0.9473684210526315
359,RBF SVM,0.9605263157894737,0.9476966845387899,0.9337435384173904,1.0,0.9473684210526315,1.0,0.8947368421052632
359,Random forest,0.918859649122807,0.9248417486403756,0.8980704108948145,0.8333333333333334,0.9473684210526315,1.0,0.8947368421052632
359,Extra trees,0.993421052631579,0.9902564102564103,0.9833329932076866,1.0,0.9736842105263158,1.0,1.0
359,kNN,1.0,1.0,1.0,1.0,1.0,1.0,1.0
359,HistGradientBoosting,0.9385964912280701,0.9512943197153723,0.9323719826175597,0.8333333333333334,0.9736842105263158,1.0,0.9473684210526315
360,Multinomial logistic,0.9782608695652174,0.9655594405594405,0.9532558021680543,1.0,1.0,1.0,0.9130434782608695
360,Linear SVM,0.9891304347826086,0.9777777777777779,0.9764121725411641,1.0,1.0,1.0,0.9565217391304348
360,RBF SVM,0.9782608695652174,0.9655594405594405,0.9532558021680543,1.0,1.0,1.0,0.9130434782608695
360,Random forest,0.9509725400457665,0.9461479786422577,0.9279872174306337,1.0,0.9473684210526315,0.9,0.9565217391304348
360,Extra trees,0.975,0.9815229563269876,0.9761282533953078,1.0,1.0,0.9,1.0
360,kNN,0.9641304347826087,0.9695622836355102,0.9518994944016554,1.0,1.0,0.9,0.9565217391304348
360,HistGradientBoosting,0.9509725400457665,0.9461479786422577,0.9279872174306337,1.0,0.9473684210526315,0.9,0.9565217391304348
361,Multinomial logistic,0.9077478213507625,0.9025157232704403,0.8701528706832332,0.9411764705882353,0.9259259259259259,0.8888888888888888,0.875
361,Linear SVM,0.9294492102396514,0.924308945063662,0.898957718765684,0.9411764705882353,0.9259259259259259,0.9444444444444444,0.90625
361,RBF SVM,0.9534143518518519,0.9468339307048985,0.9282709821440076,1.0,0.9629629629629629,0.9444444444444444,0.90625
361,Random forest,0.9297385620915033,0.9398395721925135,0.9286492983112691,0.9411764705882353,1.0,0.7777777777777778,1.0
361,Extra trees,0.9629629629629629,0.9678116001645414,0.956711697942903,1.0,0.9629629629629629,0.8888888888888888,1.0
361,kNN,0.9118498093681917,0.9181186380054414,0.8988477941411758,0.8823529411764706,0.9629629629629629,0.8333333333333334,0.96875
361,HistGradientBoosting,0.9094839324618736,0.9122814477420471,0.8841377809042272,0.9411764705882353,0.9259259259259259,0.8333333333333334,0.9375
362,Multinomial logistic,0.9161931818181819,0.918887115569742,0.8913838012839204,1.0,0.9375,0.8181818181818182,0.9090909090909091
362,Linear SVM,0.9232954545454546,0.9215462347729789,0.891058385245045,1.0,0.875,0.9090909090909091,0.9090909090909091
362,RBF SVM,0.9616477272727273,0.9576738802756244,0.9344474118231281,1.0,0.9375,1.0,0.9090909090909091
362,Random forest,0.9309440559440559,0.9380764163372859,0.9135421901814895,0.7692307692307693,1.0,1.0,0.9545454545454546
362,Extra trees,0.9274475524475525,0.9358893557422969,0.9129939599182224,0.8461538461538461,1.0,0.9090909090909091,0.9545454545454546
362,kNN,0.9389204545454546,0.9356060606060606,0.9138945298035068,1.0,0.9375,0.9090909090909091,0.9090909090909091
362,HistGradientBoosting,0.9082167832167832,0.9190415296553404,0.8917583857640851,0.7692307692307693,1.0,0.9090909090909091,0.9545454545454546
363,Multinomial logistic,0.971031746031746,0.9718971077819393,0.9606637731027181,0.9285714285714286,0.9555555555555556,1.0,1.0
363,Linear SVM,0.9554761904761905,0.9540709819281248,0.9348364885752465,0.9285714285714286,0.9333333333333333,1.0,0.96
363,RBF SVM,0.9788888888888889,0.9701787846800163,0.9611211083687017,1.0,0.9555555555555556,1.0,0.96
363,Random forest,0.9557177363699103,0.9563258636788048,0.947094601419186,0.9285714285714286,0.9777777777777777,0.9565217391304348,0.96
363,Extra trees,1.0,1.0,1.0,1.0,1.0,1.0,1.0
363,kNN,1.0,1.0,1.0,1.0,1.0,1.0,1.0
363,HistGradientBoosting,0.961031746031746,0.9619056111832998,0.9477922490324884,0.9285714285714286,0.9555555555555556,1.0,0.96
364,Multinomial logistic,0.9408408408408409,0.9398745770352599,0.924797287643846,0.9444444444444444,0.98,0.92,0.918918918918919
364,Linear SVM,0.9597297297297297,0.9585805049167428,0.9471153085961088,1.0,1.0,0.92,0.918918918918919
364,RBF SVM,0.972972972972973,0.9640082689587641,0.9581472804398969,1.0,1.0,1.0,0.8918918918918919
364,Random forest,0.9632432432432432,0.9700042430366744,0.9574330334792371,1.0,1.0,0.88,0.972972972972973
364,Extra trees,0.9664864864864865,0.9720278073325354,0.9573089624527344,1.0,1.0,0.92,0.9459459459459459
364,kNN,0.9864864864864865,0.9838235512740463,0.9787339978852939,1.0,1.0,1.0,0.9459459459459459
364,HistGradientBoosting,0.9664864864864865,0.9676506431895231,0.9572514937988762,1.0,1.0,0.92,0.9459459459459459
365,Multinomial logistic,0.9539706429990069,0.9497715707551799,0.9250081794324159,1.0,0.9622641509433962,0.9473684210526315,0.90625
365,Linear SVM,0.9718455188679245,0.9676023626882837,0.9501127855547987,1.0,0.9811320754716981,1.0,0.90625
365,RBF SVM,0.9515035377358491,0.9332937123600754,0.9141168351885484,1.0,0.9622641509433962,1.0,0.84375
365,Random forest,0.9461581429990069,0.9381743603441717,0.9127111283909316,1.0,0.9622641509433962,0.9473684210526315,0.875
365,Extra trees,0.984375,0.9873058542413381,0.9752274983863072,1.0,1.0,1.0,0.9375
365,kNN,0.96875,0.96719334012912,0.950929621647018,1.0,1.0,1.0,0.875
365,HistGradientBoosting,0.9269273737682378,0.9203172174870288,0.9001950475163724,0.9230769230769231,0.9622641509433962,0.9473684210526315,0.875
366,Multinomial logistic,0.9610722610722612,0.9611468308253533,0.9494949494949495,1.0,0.9666666666666667,0.9230769230769231,0.9545454545454546
366,Linear SVM,0.968939393939394,0.9624293785310734,0.9505420167157944,1.0,0.9666666666666667,1.0,0.9090909090909091
366,RBF SVM,0.9886363636363636,0.9866102889358703,0.9831832212566096,1.0,1.0,1.0,0.9545454545454546
366,Random forest,0.9501748251748252,0.956128912071535,0.9492605400438,1.0,1.0,0.8461538461538461,0.9545454545454546
366,Extra trees,0.9694055944055945,0.9710606060606061,0.9660913285145025,1.0,1.0,0.9230769230769231,0.9545454545454546
366,kNN,0.9694055944055945,0.9710606060606061,0.9660913285145025,1.0,1.0,0.9230769230769231,0.9545454545454546
366,HistGradientBoosting,0.9448717948717948,0.9441568224619072,0.932281994171585,1.0,0.9333333333333333,0.8461538461538461,1.0
367,Multinomial logistic,0.8988095238095238,0.9084681042228213,0.920803194934348,0.9285714285714286,1.0,0.6666666666666666,1.0
367,Linear SVM,0.951923076923077,0.9557898997554171,0.9527466223309765,1.0,0.9743589743589743,0.8333333333333334,1.0
367,RBF SVM,0.99,0.9862772695285011,0.9841765202343828,1.0,1.0,1.0,0.96
367,Random forest,0.8258516483516484,0.8531224114127933,0.8397805248444633,0.7857142857142857,0.9743589743589743,0.5833333333333334,0.96
367,Extra trees,0.9483333333333334,0.9539461552646138,0.9522922745207159,1.0,1.0,0.8333333333333334,0.96
367,kNN,0.9583333333333334,0.9692062095263883,0.9682571680803194,1.0,1.0,0.8333333333333334,1.0
367,HistGradientBoosting,0.8753754578754578,0.8951617826617826,0.8714667551966272,0.8571428571428571,0.9743589743589743,0.75,0.92
368,Multinomial logistic,0.9243421052631579,0.8914059795068545,0.8776203590904623,1.0,0.9473684210526315,0.96875,0.78125
368,Linear SVM,0.8943256578947368,0.8599408875724666,0.8313569308702584,1.0,0.9210526315789473,0.96875,0.6875
368,RBF SVM,0.962171052631579,0.9621405052219993,0.9369854594305009,1.0,0.9736842105263158,0.96875,0.90625
368,Random forest,0.8877467105263158,0.8492887149478339,0.8144798872868063,1.0,0.8947368421052632,0.90625,0.75
368,Extra trees,0.962171052631579,0.9440128968253968,0.9372658755067798,1.0,0.9736842105263158,0.96875,0.90625
368,kNN,0.9609375,0.952398054690075,0.9371717988365978,1.0,1.0,0.9375,0.90625
368,HistGradientBoosting,0.883406432748538,0.8679886460101868,0.8363007868014266,0.8888888888888888,0.8947368421052632,0.90625,0.84375
369,Multinomial logistic,0.9801470588235295,0.9766918433608027,0.9708188756524109,1.0,1.0,0.95,0.9705882352941176
369,Linear SVM,0.9926470588235294,0.9911666159000914,0.9854001481849101,1.0,1.0,1.0,0.9705882352941176
369,RBF SVM,0.9852941176470589,0.9824242424242424,0.9711508729117234,1.0,1.0,1.0,0.9411764705882353
369,Random forest,0.9561274509803921,0.9590691417308838,0.94174853899117,0.9333333333333333,1.0,0.95,0.9411764705882353
369,Extra trees,0.9801470588235295,0.9811347615969465,0.9705745076706456,1.0,1.0,0.95,0.9705882352941176
369,kNN,0.9727941176470589,0.9723957137389974,0.9561557876903777,1.0,1.0,0.95,0.9411764705882353
369,HistGradientBoosting,0.9602941176470587,0.9621362229102166,0.9414029925422263,1.0,1.0,0.9,0.9411764705882353
370,Multinomial logistic,0.9227006911217438,0.9171304185533213,0.8944067082740905,0.9,0.9473684210526315,0.9545454545454546,0.8888888888888888
370,Linear SVM,0.9411217437533227,0.9267168847187349,0.8949074340503114,1.0,0.9210526315789473,0.9545454545454546,0.8888888888888888
370,RBF SVM,0.9725877192982456,0.966594040605677,0.9477740660433298,1.0,0.9736842105263158,1.0,0.9166666666666666
370,Random forest,0.899973418394471,0.8878133494412564,0.8671852523334967,0.9,0.9473684210526315,0.8636363636363636,0.8888888888888888
370,Extra trees,0.9864766081871346,0.9864766081871346,0.9732052578361982,1.0,0.9736842105263158,1.0,0.9722222222222222
370,kNN,0.9930555555555556,0.9932321199926833,0.9867240563179208,1.0,1.0,1.0,0.9722222222222222
370,HistGradientBoosting,0.8705542264752791,0.8911245249273418,0.8528668233342255,0.8,0.9473684210526315,0.8181818181818182,0.9166666666666666
371,Multinomial logistic,0.9680921052631578,0.9581299972976839,0.941842656336029,1.0,0.925,1.0,0.9473684210526315
371,Linear SVM,0.980921052631579,0.9710256410256412,0.9653977885131204,1.0,0.95,1.0,0.9736842105263158
371,RBF SVM,0.980921052631579,0.9710256410256412,0.9653977885131204,1.0,0.95,1.0,0.9736842105263158
371,Random forest,0.9798611111111111,0.9832823294848612,0.976571847185045,1.0,0.975,0.9444444444444444,1.0
371,Extra trees,1.0,1.0,1.0,1.0,1.0,1.0,1.0
371,kNN,0.9815162907268171,0.9844715447154472,0.9765653952966835,0.9523809523809523,1.0,1.0,0.9736842105263158
371,HistGradientBoosting,0.9488774018379282,0.9452641952641951,0.9297926006674789,0.9523809523809523,0.925,0.9444444444444444,0.9736842105263158
372,Multinomial logistic,0.9461959346470216,0.9445293280788564,0.9332871652944862,0.9375,0.9782608695652174,0.9230769230769231,0.9459459459459459
372,Linear SVM,0.9756169212690952,0.9662878787878788,0.9564518148400203,1.0,0.9565217391304348,1.0,0.9459459459459459
372,RBF SVM,0.978193076019163,0.9763450470997641,0.9666888342184633,1.0,0.9782608695652174,0.9615384615384616,0.972972972972973
372,Random forest,0.9495192307692308,0.9575236167341431,0.9555716336752745,0.875,1.0,0.9230769230769231,1.0
372,Extra trees,0.9903846153846154,0.991764705882353,0.9889251839629611,1.0,1.0,0.9615384615384616,1.0
372,kNN,0.9903846153846154,0.991764705882353,0.9889251839629611,1.0,1.0,0.9615384615384616,1.0
372,HistGradientBoosting,0.9217026914037783,0.9309253706480093,0.9222307525495917,0.8125,0.9782608695652174,0.9230769230769231,0.972972972972973
373,Multinomial logistic,0.9661910669975187,0.9547106384634845,0.9469856739714948,1.0,1.0,0.9615384615384616,0.9032258064516129
373,Linear SVM,0.9758064516129032,0.9633403852303757,0.9605128429827361,1.0,1.0,1.0,0.9032258064516129
373,RBF SVM,0.9758064516129032,0.9680288763339611,0.9604328692900485,1.0,1.0,1.0,0.9032258064516129
373,Random forest,0.9534222497932175,0.9546166827386693,0.9461591407295398,0.9166666666666666,1.0,0.9615384615384616,0.9354838709677419
373,Extra trees,0.9630893300248139,0.9653375342674383,0.9466093610506372,1.0,1.0,0.8846153846153846,0.967741935483871
373,kNN,0.9661910669975187,0.9668031857604444,0.9469363170855435,1.0,1.0,0.9615384615384616,0.9032258064516129
373,HistGradientBoosting,0.9473973607038123,0.9452426810477658,0.9335546722341457,0.9166666666666666,0.9696969696969697,1.0,0.9032258064516129
374,Multinomial logistic,0.8872372372372372,0.8721862900980049,0.8389650979101815,1.0,0.9333333333333333,0.7777777777777778,0.8378378378378378
374,Linear SVM,0.9495495495495496,0.922971160295104,0.8879780916445084,1.0,0.9333333333333333,1.0,0.8648648648648649
374,RBF SVM,0.9511261261261261,0.9227943631870701,0.8898935723029034,1.0,0.9666666666666667,1.0,0.8378378378378378
374,Random forest,0.937075537075537,0.9161882772042089,0.887756766369761,0.9230769230769231,0.9333333333333333,1.0,0.8918918918918919
374,Extra trees,0.9698198198198199,0.9698198198198199,0.9340984820436875,1.0,0.9333333333333333,1.0,0.9459459459459459
374,kNN,0.972972972972973,0.9700892857142858,0.937202154364739,1.0,1.0,1.0,0.8918918918918919
374,HistGradientBoosting,0.9396916146916147,0.9337686285606489,0.9187468766174101,0.8461538461538461,0.9666666666666667,1.0,0.9459459459459459
375,Multinomial logistic,0.9615091804746978,0.9574530916360002,0.9535564172104688,1.0,0.9714285714285714,0.9090909090909091,0.9655172413793104
375,Linear SVM,0.9913793103448276,0.9847444698703279,0.9846326730230825,1.0,1.0,1.0,0.9655172413793104
375,RBF SVM,0.9842364532019705,0.9768865567216392,0.9691253601177265,1.0,0.9714285714285714,1.0,0.9655172413793104
375,Random forest,0.9928571428571429,0.9921395234586097,0.9845973141128243,1.0,0.9714285714285714,1.0,1.0
375,Extra trees,1.0,1.0,1.0,1.0,1.0,1.0,1.0
375,kNN,0.9686520376175549,0.976764828738513,0.9691801737006291,1.0,1.0,0.9090909090909091,0.9655172413793104
375,HistGradientBoosting,0.9714285714285714,0.9506111967128916,0.9405957343971391,1.0,0.8857142857142857,1.0,1.0
376,Multinomial logistic,0.9629629629629629,0.9469252539019981,0.9231499362566072,1.0,0.9629629629629629,1.0,0.8888888888888888
376,Linear SVM,0.9212962962962963,0.9038862017166044,0.8721690951802484,1.0,0.8518518518518519,0.9444444444444444,0.8888888888888888
376,RBF SVM,0.9537037037037037,0.9362643389958001,0.9106156192534843,1.0,0.9259259259259259,1.0,0.8888888888888888
376,Random forest,0.9612200435729847,0.9614092048302575,0.9475657883332232,0.9411764705882353,0.9259259259259259,1.0,0.9777777777777777
376,Extra trees,0.9944444444444445,0.9926455566905006,0.9869141385669982,1.0,1.0,1.0,0.9777777777777777
376,kNN,0.9852941176470589,0.9896769896769897,0.9868436023532127,0.9411764705882353,1.0,1.0,1.0
376,HistGradientBoosting,0.9907407407407407,0.9925357661206717,0.9868562683865755,1.0,0.9629629629629629,1.0,1.0
377,Multinomial logistic,0.9404648956356736,0.9065099985403591,0.8834806907665418,1.0,0.967741935483871,1.0,0.7941176470588235
377,Linear SVM,0.9485294117647058,0.9134711675695283,0.9002492537564648,1.0,1.0,1.0,0.7941176470588235
377,RBF SVM,0.9558823529411764,0.9258009016073533,0.9134012189625328,1.0,1.0,1.0,0.8235294117647058
377,Random forest,0.9393382352941176,0.9262900641025642,0.9101152942415105,0.875,1.0,1.0,0.8823529411764706
377,Extra trees,0.9478609625668449,0.9348958333333334,0.9254780687388543,1.0,1.0,0.9090909090909091,0.8823529411764706
377,kNN,0.9623161764705882,0.9467839687194526,0.9399985537231879,0.9375,1.0,1.0,0.9117647058823529
377,HistGradientBoosting,0.9080882352941176,0.8957365188708472,0.8796858516828727,0.75,1.0,1.0,0.8823529411764706
378,Multinomial logistic,0.9722222222222222,0.9760348583877996,0.9565744729095703,1.0,0.8888888888888888,1.0,1.0
378,Linear SVM,0.9861111111111112,0.9881401617250674,0.978019102357492,1.0,0.9444444444444444,1.0,1.0
378,RBF SVM,0.9714052287581699,0.976022126022126,0.9562296371226526,0.9411764705882353,0.9444444444444444,1.0,1.0
378,Random forest,0.9184891905480141,0.9017323775388292,0.868301753308757,0.8235294117647058,0.8888888888888888,1.0,0.9615384615384616
378,Extra trees,1.0,1.0,1.0,1.0,1.0,1.0,1.0
378,kNN,0.9852941176470589,0.9877072612921669,0.978012647556919,0.9411764705882353,1.0,1.0,1.0
378,HistGradientBoosting,0.9558823529411764,0.9597904355968871,0.9350757473557048,0.8235294117647058,1.0,1.0,1.0
379,Multinomial logistic,0.88,0.8862268964189449,0.8887589987304184,0.9333333333333333,1.0,0.6666666666666666,0.92
379,Linear SVM,0.9148290598290598,0.9236679341547941,0.9075091885770518,1.0,0.9615384615384616,0.7777777777777778,0.92
379,RBF SVM,0.9522222222222222,0.9545354698483167,0.9452192407188104,1.0,1.0,0.8888888888888888,0.92
379,Random forest,0.8944444444444445,0.9092299312887548,0.907693078950741,0.8,1.0,0.7777777777777778,1.0
379,Extra trees,0.9555555555555555,0.9588845514349743,0.9628101109994707,0.9333333333333333,1.0,0.8888888888888888,1.0
379,kNN,0.9626068376068376,0.9707767722473606,0.9627680008643197,1.0,0.9615384615384616,0.8888888888888888,1.0
379,HistGradientBoosting,0.8944444444444445,0.9177367225716283,0.9088075487316537,0.8,1.0,0.7777777777777778,1.0
380,Multinomial logistic,0.9080459770114943,0.937280701754386,0.9611342986114055,1.0,0.9655172413793104,0.6666666666666666,1.0
380,Linear SVM,0.9913793103448276,0.987549518958687,0.9806406907815106,1.0,0.9655172413793104,1.0,1.0
380,RBF SVM,0.9913793103448276,0.987549518958687,0.9806406907815106,1.0,1.0,1.0,0.9655172413793104
380,Random forest,0.8833333333333333,0.919847775175644,0.9419482321519955,0.8666666666666667,1.0,0.6666666666666666,1.0
380,Extra trees,0.9833333333333334,0.9871420222092344,0.9805016094636447,0.9333333333333333,1.0,1.0,1.0
380,kNN,0.9913793103448276,0.987549518958687,0.9806406907815106,1.0,1.0,1.0,0.9655172413793104
380,HistGradientBoosting,0.9494252873563218,0.9526592635885447,0.9212033688913076,0.8666666666666667,1.0,1.0,0.9310344827586207
381,Multinomial logistic,0.970998759305211,0.9669873837135211,0.9544772084829408,1.0,0.9807692307692307,1.0,0.9032258064516129
381,Linear SVM,0.9790632754342432,0.9737010796221323,0.9658196187300061,1.0,0.9807692307692307,1.0,0.9354838709677419
381,RBF SVM,0.9790632754342432,0.9737010796221323,0.9658196187300061,1.0,0.9807692307692307,1.0,0.9354838709677419
381,Random forest,0.9618752663107502,0.9662861332216172,0.9537760100968016,0.9545454545454546,0.9807692307692307,0.9444444444444444,0.967741935483871
381,Extra trees,0.9586184424894102,0.9632850945234503,0.9538890002671342,0.9545454545454546,1.0,0.9444444444444444,0.9354838709677419
381,kNN,0.9699820788530467,0.9730607966457023,0.9656075672178713,1.0,1.0,0.9444444444444444,0.9354838709677419
381,HistGradientBoosting,0.904079567386019,0.9179263428679316,0.8961528624814534,0.9545454545454546,0.9807692307692307,0.7777777777777778,0.9032258064516129
382,Multinomial logistic,0.8980429292929293,0.8795746428810945,0.8441211296137928,1.0,0.9444444444444444,0.875,0.7727272727272727
382,Linear SVM,0.9119318181818181,0.8921357363632406,0.8659659891883703,1.0,1.0,0.875,0.7727272727272727
382,RBF SVM,0.9389204545454546,0.9253837719298245,0.9027826686470718,1.0,1.0,0.9375,0.8181818181818182
382,Random forest,0.9207702020202021,0.9131599622878692,0.8801722788250458,1.0,0.9444444444444444,0.875,0.8636363636363636
382,Extra trees,0.9417613636363636,0.9435435254400771,0.9212622413712982,1.0,1.0,0.8125,0.9545454545454546
382,kNN,0.9417613636363636,0.9435435254400771,0.9212622413712982,1.0,1.0,0.8125,0.9545454545454546
382,HistGradientBoosting,0.9207702020202021,0.9131599622878692,0.8801722788250458,1.0,0.9444444444444444,0.875,0.8636363636363636
383,Multinomial logistic,0.8791596638655462,0.8906317411402157,0.8657334363318208,0.8823529411764706,0.9642857142857143,0.75,0.92
383,Linear SVM,0.9099929971988796,0.9099929971988796,0.8992216304793118,0.8823529411764706,0.9642857142857143,0.8333333333333334,0.96
383,RBF SVM,0.9610714285714286,0.9563492063492063,0.933799292598099,1.0,0.9642857142857143,1.0,0.88
383,Random forest,0.874453781512605,0.8874031315145472,0.8658903442414295,0.8235294117647058,0.9642857142857143,0.75,0.96
383,Extra trees,0.9497549019607843,0.9549209770114943,0.9501783643474442,0.8823529411764706,1.0,0.9166666666666666,1.0
383,kNN,0.9497549019607843,0.960793570375829,0.9506303481529734,0.8823529411764706,1.0,0.9166666666666666,1.0
383,HistGradientBoosting,0.854453781512605,0.8722081977351298,0.8331018759801241,0.8235294117647058,0.9642857142857143,0.75,0.88
384,Multinomial logistic,0.96875,0.9533687159074156,0.9393595732033869,1.0,1.0,1.0,0.875
384,Linear SVM,0.9791666666666666,0.9710705792614529,0.9591201469337974,1.0,1.0,1.0,0.9166666666666666
384,RBF SVM,0.9791666666666666,0.9710705792614529,0.9591201469337974,1.0,1.0,1.0,0.9166666666666666
384,Random forest,0.9041666666666667,0.9207567642441592,0.895758411748206,0.7,1.0,1.0,0.9166666666666666
384,Extra trees,0.975,0.9817400644468313,0.9792482611825887,0.9,1.0,1.0,1.0
384,kNN,0.9513888888888888,0.9602736090334412,0.938791170572623,1.0,1.0,0.8888888888888888,0.9166666666666666
384,HistGradientBoosting,0.87375,0.8755267457860337,0.8322596250082323,0.7,0.92,1.0,0.875
385,Multinomial logistic,0.9451516897081413,0.9269522144522144,0.9056767691950892,1.0,0.9032258064516129,0.9523809523809523,0.925
385,Linear SVM,0.9651209677419355,0.9504284264084691,0.9331758657801534,1.0,0.9354838709677419,1.0,0.925
385,RBF SVM,0.9469662058371736,0.9340403635635052,0.9054089553306949,1.0,0.9354838709677419,0.9523809523809523,0.9
385,Random forest,0.9514016897081414,0.9442338695991583,0.9177910824106303,1.0,0.9032258064516129,0.9523809523809523,0.95
385,Extra trees,0.9693452380952381,0.969543464665416,0.9459062459155752,1.0,1.0,0.9523809523809523,0.925
385,kNN,0.9818452380952382,0.9836841850561363,0.972576303905294,1.0,1.0,0.9523809523809523,0.975
385,HistGradientBoosting,0.9394969278033793,0.9349138498116587,0.903941223832133,1.0,0.9032258064516129,0.9047619047619048,0.95
386,Multinomial logistic,0.9498847926267282,0.9409229208924949,0.9256791356700136,1.0,1.0,0.9285714285714286,0.8709677419354839
386,Linear SVM,0.967741935483871,0.953739921084234,0.9411076116278128,1.0,1.0,1.0,0.8709677419354839
386,RBF SVM,0.9758064516129032,0.9668901256429716,0.9555232975424507,1.0,1.0,1.0,0.9032258064516129
386,Random forest,0.8870094958804636,0.9053647230165356,0.8788036303259048,0.7857142857142857,0.9696969696969697,0.8571428571428571,0.9354838709677419
386,Extra trees,0.974078341013825,0.9792894389085325,0.9698310382792102,0.9285714285714286,1.0,1.0,0.967741935483871
386,kNN,0.9838709677419355,0.9793146337279122,0.9700052327619408,1.0,1.0,1.0,0.9354838709677419
386,HistGradientBoosting,0.9065947493366848,0.9103027597767517,0.8794914108477688,0.7857142857142857,0.9696969696969697,1.0,0.8709677419354839
387,Multinomial logistic,0.9519230769230769,0.9300466354041519,0.9164398135596662,1.0,1.0,1.0,0.8076923076923077
387,Linear SVM,0.9519230769230769,0.9300466354041519,0.9164398135596662,1.0,1.0,1.0,0.8076923076923077
387,RBF SVM,0.9519230769230769,0.9300466354041519,0.9164398135596662,1.0,1.0,1.0,0.8076923076923077
387,Random forest,0.951923076923077,0.9545833561781532,0.9475274557727184,0.8461538461538461,1.0,1.0,0.9615384615384616
387,Extra trees,0.9903846153846154,0.9909996785599486,0.9825574545927849,1.0,1.0,1.0,0.9615384615384616
387,kNN,1.0,1.0,1.0,1.0,1.0,1.0,1.0
387,HistGradientBoosting,0.9903846153846154,0.9909996785599486,0.9825574545927849,1.0,1.0,1.0,0.9615384615384616
388,Multinomial logistic,0.9460919540229885,0.9374712643678161,0.9062590877576496,1.0,0.92,0.9333333333333333,0.9310344827586207
388,Linear SVM,0.9641379310344828,0.9593724586608838,0.9257037046981852,1.0,0.96,1.0,0.896551724137931
388,RBF SVM,0.9727586206896551,0.9721362229102167,0.9437982301363771,1.0,0.96,1.0,0.9310344827586207
388,Random forest,0.9580459770114943,0.9645290319517639,0.9438976853468928,1.0,1.0,0.8666666666666667,0.9655172413793104
388,Extra trees,0.9827586206896551,0.981456043956044,0.9633668088261175,1.0,1.0,1.0,0.9310344827586207
388,kNN,0.9574712643678162,0.9593712240914583,0.9262501404060911,1.0,1.0,0.9333333333333333,0.896551724137931
388,HistGradientBoosting,0.8845155993431855,0.8993972183627357,0.8319849735126816,0.8571428571428571,0.92,0.9333333333333333,0.8275862068965517
389,Multinomial logistic,0.9218325791855203,0.9227838732149076,0.8996642270555851,1.0,0.9411764705882353,0.8461538461538461,0.9
389,Linear SVM,0.9327300150829563,0.9260471984156196,0.8999277379759218,1.0,0.9411764705882353,0.9230769230769231,0.8666666666666667
389,RBF SVM,0.9602941176470589,0.9566891019730775,0.9330023334508728,1.0,0.9411764705882353,1.0,0.9
389,Random forest,0.9448179271708683,0.9455796252927401,0.9154409259563088,0.9047619047619048,0.9411764705882353,1.0,0.9333333333333333
389,Extra trees,0.9521978021978021,0.9542857142857142,0.9321005779456505,0.9523809523809523,1.0,0.9230769230769231,0.9333333333333333
389,kNN,0.9724358974358975,0.9718738229755179,0.9666534499329715,1.0,1.0,0.9230769230769231,0.9666666666666667
389,HistGradientBoosting,0.9486263736263736,0.9542281105990783,0.932644518584914,0.9047619047619048,1.0,0.9230769230769231,0.9666666666666667
390,Multinomial logistic,0.9260651629072681,0.9122021091541639,0.8828413465963993,1.0,0.8947368421052632,0.9166666666666666,0.8928571428571429
390,Linear SVM,0.9468984962406015,0.9322021091541639,0.8976280052576577,1.0,0.8947368421052632,1.0,0.8928571428571429
390,RBF SVM,0.9558270676691729,0.9438040306245064,0.9121098851313493,1.0,0.8947368421052632,1.0,0.9285714285714286
390,Random forest,0.9174867315347192,0.9126796679937916,0.8674708297128141,0.8823529411764706,0.8947368421052632,1.0,0.8928571428571429
390,Extra trees,0.9910714285714286,0.9922077922077922,0.9852053175155604,1.0,1.0,1.0,0.9642857142857143
390,kNN,0.942825814536341,0.951461038961039,0.9404559043905232,1.0,0.9736842105263158,0.8333333333333334,0.9642857142857143
390,HistGradientBoosting,0.9143354710305174,0.907979797979798,0.8518779966557348,0.9411764705882353,0.8947368421052632,1.0,0.8214285714285714
391,Multinomial logistic,0.9456766917293233,0.9339635618215267,0.909302830291698,1.0,0.9142857142857143,1.0,0.868421052631579
391,Linear SVM,0.9294823597455176,0.9223198933221041,0.8854342956923695,1.0,0.9142857142857143,0.9615384615384616,0.8421052631578947
391,RBF SVM,0.9462406015037594,0.9380408464048847,0.9092390751206858,1.0,0.9428571428571428,1.0,0.8421052631578947
391,Random forest,0.9497831116252169,0.940880074032248,0.9185568213409283,1.0,0.9428571428571428,0.9615384615384616,0.8947368421052632
391,Extra trees,0.9544534412955467,0.9523473622239453,0.9291132157841966,1.0,1.0,0.9230769230769231,0.8947368421052632
391,kNN,0.9706477732793523,0.9676863821181784,0.9530298386793477,1.0,1.0,0.9615384615384616,0.9210526315789473
391,HistGradientBoosting,0.9413009687680741,0.941521543190772,0.9174542969456578,0.9375,0.9714285714285714,0.9615384615384616,0.8947368421052632
392,Multinomial logistic,0.9375205254515598,0.9359173796560366,0.9186257689094073,1.0,0.9523809523809523,0.8666666666666667,0.9310344827586207
392,Linear SVM,0.9541871921182266,0.9515139199349726,0.9346900594903964,1.0,0.9523809523809523,0.9333333333333333,0.9310344827586207
392,RBF SVM,0.9827586206896551,0.9762501556856396,0.9679224625803768,1.0,1.0,1.0,0.9310344827586207
392,Random forest,0.9547619047619047,0.9637502142000343,0.9517797529268515,1.0,0.9523809523809523,0.8666666666666667,1.0
392,Extra trees,0.9714285714285714,0.9752372603044724,0.9672856590127334,1.0,0.9523809523809523,0.9333333333333333,1.0
392,kNN,0.9833333333333334,0.9855653568564555,0.9837665356931541,1.0,1.0,0.9333333333333333,1.0
392,HistGradientBoosting,0.9575396825396825,0.9639983579638752,0.951108175491508,0.9444444444444444,0.9523809523809523,0.9333333333333333,1.0
393,Multinomial logistic,0.9514652014652014,0.9590387682492947,0.9537253591713999,1.0,1.0,0.8571428571428571,0.9487179487179487
393,Linear SVM,0.9935897435897436,0.9891774891774892,0.9845272397674911,1.0,1.0,1.0,0.9743589743589743
393,RBF SVM,0.9871794871794872,0.9819991412096676,0.969243099037689,1.0,1.0,1.0,0.9487179487179487
393,Random forest,0.9157509157509158,0.9329845985384085,0.9384029279042799,1.0,1.0,0.7142857142857143,0.9487179487179487
393,Extra trees,1.0,1.0,1.0,1.0,1.0,1.0,1.0
393,kNN,0.9578754578754579,0.96994671994672,0.9689917551558176,1.0,1.0,0.8571428571428571,0.9743589743589743
393,HistGradientBoosting,0.9701522435897436,0.9701522435897436,0.9528900768459739,0.9375,0.96875,1.0,0.9743589743589743
394,Multinomial logistic,0.95949263502455,0.9613938479092876,0.9448564054583304,0.9230769230769231,0.9148936170212766,1.0,1.0
394,Linear SVM,0.975421863536317,0.9750749625187406,0.9631731618110733,1.0,0.9361702127659575,0.9655172413793104,1.0
394,RBF SVM,0.9946808510638298,0.9945645752097365,0.9907938729577899,1.0,0.9787234042553191,1.0,1.0
394,Random forest,0.9513938270908191,0.9550459860057383,0.9350809124582007,0.9615384615384616,0.9574468085106383,0.9310344827586207,0.9555555555555556
394,Extra trees,0.9668293921778882,0.9722845156369183,0.9631014388936104,0.9230769230769231,0.9787234042553191,0.9655172413793104,1.0
394,kNN,0.9579722959033304,0.96531179138322,0.9541631835461851,0.9230769230769231,1.0,0.9310344827586207,0.9777777777777777
394,HistGradientBoosting,0.9372175818800912,0.9407795506866714,0.9164956103852754,0.9615384615384616,0.9574468085106383,0.896551724137931,0.9333333333333333
395,Multinomial logistic,0.9578804347826086,0.9683406358836086,0.967193650717527,1.0,0.9565217391304348,0.875,1.0
395,Linear SVM,0.9891304347826086,0.9908212560386473,0.9836375886308529,1.0,0.9565217391304348,1.0,1.0
395,RBF SVM,0.9782608695652174,0.9703072928776253,0.9675437090278436,1.0,0.9130434782608695,1.0,1.0
395,Random forest,0.9698727317013762,0.970592051039409,0.9506055779675542,0.9523809523809523,0.9565217391304348,1.0,0.9705882352941176
395,Extra trees,1.0,1.0,1.0,1.0,1.0,1.0,1.0
395,kNN,1.0,1.0,1.0,1.0,1.0,1.0,1.0
395,HistGradientBoosting,0.9761904761904762,0.9785576626580327,0.9674306493811431,0.9047619047619048,1.0,1.0,1.0
396,Multinomial logistic,0.9583333333333334,0.9672727272727273,0.9671482911081755,1.0,1.0,0.8333333333333334,1.0
396,Linear SVM,0.9821428571428572,0.9775828460038987,0.9674318424302041,1.0,0.9285714285714286,1.0,1.0
396,RBF SVM,1.0,1.0,1.0,1.0,1.0,1.0,1.0
396,Random forest,0.8888888888888888,0.9074426587611173,0.9019813744814118,0.8888888888888888,1.0,0.6666666666666666,1.0
396,Extra trees,0.9722222222222222,0.9752941176470589,0.967218313469029,0.8888888888888888,1.0,1.0,1.0
396,kNN,1.0,1.0,1.0,1.0,1.0,1.0,1.0
396,HistGradientBoosting,0.9444444444444444,0.9495192307692308,0.9357813359925725,0.7777777777777778,1.0,1.0,1.0
397,Multinomial logistic,0.8993589743589744,0.9118132838721075,0.9031016109486225,1.0,1.0,0.7,0.8974358974358975
397,Linear SVM,0.9807692307692308,0.9759126984126985,0.9582502121147545,1.0,1.0,1.0,0.9230769230769231
397,RBF SVM,0.967948717948718,0.9587138508371384,0.9315908455449659,1.0,1.0,1.0,0.8717948717948718
397,Random forest,0.9743589743589743,0.972972972972973,0.9450891593546561,1.0,1.0,1.0,0.8974358974358975
397,Extra trees,0.9807692307692308,0.9797260273972602,0.9584100452831886,1.0,1.0,1.0,0.9230769230769231
397,kNN,0.9807692307692308,0.9797260273972602,0.9584100452831886,1.0,1.0,1.0,0.9230769230769231
397,HistGradientBoosting,0.9493589743589743,0.9491657302580158,0.9307727420411045,1.0,1.0,0.9,0.8974358974358975
398,Multinomial logistic,0.8674448287220026,0.8755252100840336,0.8612525762425487,0.9565217391304348,0.9090909090909091,0.6666666666666666,0.9375
398,Linear SVM,0.8970170454545454,0.9076886988217038,0.8857628697853148,1.0,0.9318181818181818,0.75,0.90625
398,RBF SVM,0.9521780303030303,0.9544680784607696,0.9365155421312111,1.0,0.9545454545454546,0.9166666666666666,0.9375
398,Random forest,0.8982213438735178,0.9064848688088125,0.8885883670807532,0.9565217391304348,0.8863636363636364,0.75,1.0
398,Extra trees,0.939157196969697,0.9474829084302745,0.9370403402750808,1.0,0.9545454545454546,0.8333333333333334,0.96875
398,kNN,0.9526515151515151,0.9640151515151515,0.961951379570544,1.0,0.9772727272727273,0.8333333333333334,1.0
398,HistGradientBoosting,0.8618247694334651,0.8752164502164502,0.8740156871198174,0.8260869565217391,0.9545454545454546,0.6666666666666666,1.0
399,Multinomial logistic,0.9466269841269842,0.9423239797105496,0.9187307058524923,1.0,0.9642857142857143,0.9333333333333333,0.8888888888888888
399,Linear SVM,0.9722222222222222,0.9642229469505734,0.9521459162179343,1.0,1.0,1.0,0.8888888888888888
399,RBF SVM,0.9454365079365079,0.9416244539455341,0.9183897311366236,0.9285714285714286,0.9642857142857143,1.0,0.8888888888888888
399,Random forest,0.946957671957672,0.9549808429118775,0.9346195201703351,0.9285714285714286,1.0,0.9333333333333333,0.9259259259259259
399,Extra trees,0.9383597883597883,0.9501774174480194,0.9352014845720762,0.8571428571428571,1.0,0.9333333333333333,0.9629629629629629
399,kNN,0.9728835978835979,0.9774030699534928,0.9676784314316036,0.9285714285714286,1.0,1.0,0.9629629629629629
399,HistGradientBoosting,0.9105820105820106,0.9139159979758549,0.8853895184530101,0.8571428571428571,1.0,0.9333333333333333,0.8518518518518519
400,Multinomial logistic,0.9611742424242424,0.9692872610865267,0.9688390197374325,1.0,0.9696969696969697,0.875,1.0
400,Linear SVM,0.9924242424242424,0.9917678812415655,0.9844571036361337,1.0,0.9696969696969697,1.0,1.0
400,RBF SVM,1.0,1.0,1.0,1.0,1.0,1.0,1.0
400,Random forest,0.9759199134199135,0.973719013544595,0.9530804217353791,1.0,0.9393939393939394,1.0,0.9642857142857143
400,Extra trees,0.9805194805194806,0.981940716536352,0.9686743830679815,0.9523809523809523,0.9696969696969697,1.0,1.0
400,kNN,0.9910714285714286,0.9807486631016044,0.9845028659401608,1.0,1.0,1.0,0.9642857142857143
400,HistGradientBoosting,0.9314123376623378,0.9336012663165012,0.9213546395452392,0.9523809523809523,0.9696969696969697,0.875,0.9285714285714286
401,Multinomial logistic,0.9595833333333333,0.9455921052631578,0.9208825520487187,1.0,0.9583333333333334,1.0,0.88
401,Linear SVM,0.97,0.9557826176383207,0.9417031257665534,1.0,1.0,1.0,0.88
401,RBF SVM,0.98,0.9713233977801647,0.960730215912319,1.0,1.0,1.0,0.92
401,Random forest,0.9170833333333334,0.9297488226059656,0.9000483446340153,0.75,0.9583333333333334,1.0,0.96
401,Extra trees,0.99,0.989795918367347,0.9801381692573402,1.0,1.0,1.0,0.96
401,kNN,0.99,0.989795918367347,0.9801381692573402,1.0,1.0,1.0,0.96
401,HistGradientBoosting,0.9170833333333334,0.9211158147469514,0.9002038318188257,0.75,0.9583333333333334,1.0,0.96
402,Multinomial logistic,0.8920454545454546,0.8788617103235746,0.8710757677361725,0.9375,1.0,0.8181818181818182,0.8125
402,Linear SVM,0.9303977272727273,0.9115153820148749,0.9014717109455999,1.0,1.0,0.9090909090909091,0.8125
402,RBF SVM,0.9609375,0.938073244784251,0.9299586240772396,1.0,1.0,1.0,0.84375
402,Random forest,0.9403226981351982,0.9463369963369964,0.9412964269304605,1.0,0.9743589743589743,0.8181818181818182,0.96875
402,Extra trees,0.9460227272727273,0.9621693121693122,0.9565937610131361,0.875,1.0,0.9090909090909091,1.0
402,kNN,0.9616477272727273,0.9737807219662058,0.9709133344960841,0.9375,1.0,0.9090909090909091,1.0
402,HistGradientBoosting,0.9090726981351982,0.9095855138181087,0.8973635454920125,0.9375,0.9743589743589743,0.8181818181818182,0.90625
403,Multinomial logistic,0.9576709062003179,0.9474260518781068,0.9234614322761532,1.0,0.9117647058823529,1.0,0.918918918918919
403,Linear SVM,0.9576709062003179,0.9442790692790692,0.9240997926686911,1.0,0.9117647058823529,1.0,0.918918918918919
403,RBF SVM,0.9650238473767886,0.951562063187037,0.9370712783010334,1.0,0.9411764705882353,1.0,0.918918918918919
403,Random forest,0.9034913396368504,0.905877744752425,0.8705514039313204,0.8421052631578947,0.9117647058823529,0.9411764705882353,0.918918918918919
403,Extra trees,0.9727324073299306,0.9718061633487483,0.9614595291436222,0.9473684210526315,0.9705882352941176,1.0,0.972972972972973
403,kNN,0.9797297297297297,0.9758835061651964,0.9621296307477338,1.0,1.0,1.0,0.918918918918919
403,HistGradientBoosting,0.9518659526399464,0.9417974231407067,0.9234909514913618,0.9473684210526315,0.9411764705882353,1.0,0.918918918918919
404,Multinomial logistic,0.8953445747800586,0.9059659090909091,0.9006079333639614,0.9166666666666666,0.9696969696969697,0.7272727272727273,0.967741935483871
404,Linear SVM,0.9843597262952102,0.9843597262952102,0.9668823753330795,1.0,0.9696969696969697,1.0,0.967741935483871
404,RBF SVM,0.9540566959921799,0.9546520146520148,0.9341328933779232,1.0,0.9393939393939394,0.9090909090909091,0.967741935483871
404,Random forest,0.8726173020527859,0.893010078745457,0.8839063767818504,0.9166666666666666,0.9696969696969697,0.6363636363636364,0.967741935483871
404,Extra trees,0.9464809384164223,0.9595825426944972,0.9506742936340749,1.0,1.0,0.8181818181818182,0.967741935483871
404,kNN,0.9261363636363636,0.9451239049318624,0.9339614700964388,0.9166666666666666,0.9696969696969697,0.8181818181818182,1.0
404,HistGradientBoosting,0.8726173020527859,0.8998339371980676,0.8845423968133131,0.9166666666666666,0.9696969696969697,0.6363636363636364,0.967741935483871
405,Multinomial logistic,0.9509803921568627,0.9509803921568627,0.9539907651715039,0.9444444444444444,1.0,0.8888888888888888,0.9705882352941176
405,Linear SVM,0.957516339869281,0.9514885699096225,0.9548689170999893,1.0,1.0,0.8888888888888888,0.9411764705882353
405,RBF SVM,0.9926470588235294,0.9831107619795758,0.9848959579242164,1.0,1.0,1.0,0.9705882352941176
405,Random forest,0.9583333333333333,0.9706819182522508,0.9694729022011493,0.9444444444444444,1.0,0.8888888888888888,1.0
405,Extra trees,0.9444444444444444,0.961280657748049,0.9696008166280189,1.0,1.0,0.7777777777777778,1.0
405,kNN,0.9648692810457516,0.9740950226244345,0.9693785136099818,1.0,1.0,0.8888888888888888,0.9705882352941176
405,HistGradientBoosting,0.9297385620915033,0.9405519215662578,0.9392742467004747,1.0,1.0,0.7777777777777778,0.9411764705882353
406,Multinomial logistic,0.9646464646464648,0.9613639677072513,0.9485539227807455,1.0,0.9696969696969697,0.9444444444444444,0.9444444444444444
406,Linear SVM,0.9861111111111112,0.9827155431633043,0.9744613476235073,1.0,1.0,1.0,0.9444444444444444
406,RBF SVM,0.9578017012227538,0.9515823687061641,0.9357066099299597,0.9473684210526315,0.9393939393939394,1.0,0.9444444444444444
406,Random forest,0.9715909090909091,0.9647693917648492,0.949019184009992,1.0,0.9696969696969697,1.0,0.9166666666666666
406,Extra trees,0.9729532163742689,0.9753269217850825,0.9613605933625146,0.9473684210526315,1.0,1.0,0.9444444444444444
406,kNN,0.9930555555555556,0.9927475299558545,0.9871449855179154,1.0,1.0,1.0,0.9722222222222222
406,HistGradientBoosting,0.9313862307283359,0.9335293246850828,0.909348740410402,0.8947368421052632,0.9696969696969697,0.9444444444444444,0.9166666666666666
407,Multinomial logistic,0.9667663476874003,0.9635139860139861,0.9502512971103271,1.0,0.9696969696969697,0.95,0.9473684210526315
407,Linear SVM,0.9526116427432217,0.9470919324577862,0.9255372494247385,1.0,0.9393939393939394,0.95,0.9210526315789473
407,RBF SVM,0.9591905901116428,0.9570109607978671,0.9377418526622031,1.0,0.9393939393939394,0.95,0.9473684210526315
407,Random forest,0.9266148325358852,0.9323015425613693,0.9003332299513453,1.0,0.9090909090909091,0.85,0.9473684210526315
407,Extra trees,0.9427631578947369,0.9487773487773488,0.9261464535747996,1.0,1.0,0.85,0.9210526315789473
407,kNN,0.9552631578947368,0.9593058733791,0.9381455792851416,1.0,1.0,0.9,0.9210526315789473
407,HistGradientBoosting,0.9216905901116428,0.9324888991555658,0.9137179580358697,0.9473684210526315,0.9393939393939394,0.8,1.0
408,Multinomial logistic,0.8695361543827017,0.862678611979941,0.8428738435135623,0.9090909090909091,1.0,0.7647058823529411,0.8043478260869565
408,Linear SVM,0.9564009661835748,0.9400487950032944,0.9159593955673779,1.0,0.9777777777777777,1.0,0.8478260869565217
408,RBF SVM,0.9565217391304348,0.93972635249231,0.9174839458454318,1.0,1.0,1.0,0.8260869565217391
408,Random forest,0.8802849466532331,0.8889507028551972,0.8599943901147117,0.9090909090909091,0.9777777777777777,0.7647058823529411,0.8695652173913043
408,Extra trees,0.9727053140096619,0.9679426338195268,0.946463172042072,1.0,0.9777777777777777,1.0,0.9130434782608695
408,kNN,0.9266159032783073,0.92903433927701,0.904590012121204,0.9545454545454546,1.0,0.8823529411764706,0.8695652173913043
408,HistGradientBoosting,0.8201245188457464,0.8337089221653574,0.806171183688885,0.7272727272727273,0.9777777777777777,0.7058823529411765,0.8695652173913043
409,Multinomial logistic,1.0,1.0,1.0,1.0,1.0,1.0,1.0
409,Linear SVM,1.0,1.0,1.0,1.0,1.0,1.0,1.0
409,RBF SVM,1.0,1.0,1.0,1.0,1.0,1.0,1.0
409,Random forest,0.9555921052631579,0.9669195669195669,0.9653948905890518,0.9473684210526315,1.0,0.875,1.0
409,Extra trees,0.9868421052631579,0.9868329868329868,0.9827979485687768,0.9473684210526315,1.0,1.0,1.0
409,kNN,0.96875,0.9800865800865801,0.9827108398452384,1.0,1.0,0.875,1.0
409,HistGradientBoosting,0.9736842105263158,0.9736111111111112,0.9659895484523924,0.8947368421052632,1.0,1.0,1.0
410,Multinomial logistic,0.9269599303135888,0.9054301078464001,0.8933976770998483,0.95,1.0,0.9285714285714286,0.8292682926829268
410,Linear SVM,0.9512195121951219,0.9265892674190499,0.9072987744524104,1.0,1.0,1.0,0.8048780487804879
410,RBF SVM,0.9323170731707316,0.9142008905728418,0.8925224659391084,0.9,1.0,1.0,0.8292682926829268
410,Random forest,0.8955574912891986,0.8915527335830941,0.8677733984411231,0.8,1.0,0.9285714285714286,0.8536585365853658
410,Extra trees,0.9570121951219512,0.9441262843905673,0.9288617692808074,0.95,1.0,1.0,0.8780487804878049
410,kNN,0.9263501742160278,0.9293994174204672,0.9145718289026046,0.85,1.0,0.9285714285714286,0.926829268292683
410,HistGradientBoosting,0.8830574912891986,0.8849964985994397,0.8543361505779489,0.75,1.0,0.9285714285714286,0.8536585365853658
411,Multinomial logistic,0.8879629629629631,0.8873303167420815,0.8595127238802153,1.0,1.0,0.7,0.8518518518518519
411,Linear SVM,0.9537037037037037,0.9347839135654262,0.9038048852770169,1.0,1.0,1.0,0.8148148148148148
411,RBF SVM,0.9379629629629629,0.9273323013415892,0.9005928887212686,1.0,1.0,0.9,0.8518518518518519
411,Random forest,0.9025462962962965,0.8985222672064778,0.85802122434262,1.0,0.9583333333333334,0.8,0.8518518518518519
411,Extra trees,0.9222222222222222,0.9207692307692308,0.8987120978273092,1.0,1.0,0.8,0.8888888888888888
411,kNN,0.9379629629629629,0.9344685242518059,0.9004100761570006,1.0,1.0,0.9,0.8518518518518519
411,HistGradientBoosting,0.9368055555555556,0.934468524251806,0.9004100761570006,1.0,0.9583333333333334,0.9,0.8888888888888888
412,Multinomial logistic,0.9611436950146628,0.961453823953824,0.9511204482933103,1.0,1.0,0.9090909090909091,0.9354838709677419
412,Linear SVM,0.9611436950146628,0.961453823953824,0.9511204482933103,1.0,1.0,0.9090909090909091,0.9354838709677419
412,RBF SVM,0.965364474235442,0.9617965367965369,0.9508324439266302,1.0,0.9714285714285714,0.9545454545454546,0.9354838709677419
412,Random forest,0.9417155425219942,0.9429074329864015,0.9262554883419292,1.0,1.0,0.8636363636363636,0.9032258064516129
412,Extra trees,0.969208211143695,0.9737229048367606,0.9633660265419626,1.0,1.0,0.9090909090909091,0.967741935483871
412,kNN,0.9805718475073314,0.9831432414114458,0.9754311194968647,1.0,1.0,0.9545454545454546,0.967741935483871
412,HistGradientBoosting,0.9274333193688032,0.9356117860154274,0.9143095258568185,0.9523809523809523,0.9714285714285714,0.8181818181818182,0.967741935483871
413,Multinomial logistic,0.967436974789916,0.9635571400277283,0.9568206385278847,1.0,0.9411764705882353,0.9285714285714286,1.0
413,Linear SVM,0.9852941176470589,0.9875222816399287,0.9783774811544809,1.0,0.9411764705882353,1.0,1.0
413,RBF SVM,0.9852941176470589,0.9875222816399287,0.9783774811544809,1.0,0.9411764705882353,1.0,1.0
413,Random forest,0.957436974789916,0.9453872053872053,0.9355906473673163,1.0,0.9411764705882353,0.9285714285714286,0.96
413,Extra trees,0.9821428571428572,0.985838779956427,0.9783588339929282,1.0,1.0,0.9285714285714286,1.0
413,kNN,0.967436974789916,0.9635571400277283,0.9568206385278847,1.0,0.9411764705882353,0.9285714285714286,1.0
413,HistGradientBoosting,0.9183298319327731,0.9277925297972469,0.9137666588371064,0.875,0.9411764705882353,0.8571428571428571,1.0
414,Multinomial logistic,0.9861111111111112,0.9864468864468865,0.9704440856703432,1.0,0.9444444444444444,1.0,1.0
414,Linear SVM,1.0,1.0,1.0,1.0,1.0,1.0,1.0
414,RBF SVM,1.0,1.0,1.0,1.0,1.0,1.0,1.0
414,Random forest,0.9861111111111112,0.9864468864468865,0.9704440856703432,1.0,0.9444444444444444,1.0,1.0
414,Extra trees,1.0,1.0,1.0,1.0,1.0,1.0,1.0
414,kNN,1.0,1.0,1.0,1.0,1.0,1.0,1.0
414,HistGradientBoosting,0.9583333333333334,0.9290584415584415,0.9142218648060443,1.0,0.8333333333333334,1.0,1.0
415,Multinomial logistic,0.9558441558441558,0.9426419489852326,0.9299536409408091,1.0,1.0,0.9090909090909091,0.9142857142857143
415,Linear SVM,0.9785714285714285,0.9590889890171783,0.9477629143312162,1.0,1.0,1.0,0.9142857142857143
415,RBF SVM,0.9785714285714285,0.9590889890171783,0.9477629143312162,1.0,1.0,1.0,0.9142857142857143
415,Random forest,0.9629870129870131,0.9679664136185875,0.9460572290689793,1.0,1.0,0.9090909090909091,0.9428571428571428
415,Extra trees,0.9772727272727273,0.9845741113346748,0.9819691458391787,1.0,1.0,0.9090909090909091,1.0
415,kNN,0.9928571428571429,0.9916598304621274,0.982088454302175,1.0,1.0,1.0,0.9714285714285714
415,HistGradientBoosting,0.9785714285714285,0.9590889890171783,0.9477629143312162,1.0,1.0,1.0,0.9142857142857143
416,Multinomial logistic,0.9694444444444446,0.9670178653229501,0.9380874838430958,1.0,0.9333333333333333,1.0,0.9444444444444444
416,Linear SVM,0.9694444444444446,0.9614944847995694,0.9382461112589705,1.0,0.9333333333333333,1.0,0.9444444444444444
416,RBF SVM,0.9550505050505051,0.9594916344916345,0.9377294652831987,1.0,0.9666666666666667,0.9090909090909091,0.9444444444444444
416,Random forest,0.8828282828282829,0.9023401281465797,0.8536622618686263,0.8,0.9333333333333333,0.9090909090909091,0.8888888888888888
416,Extra trees,0.9633838383838385,0.9701079885506114,0.9584521113583931,1.0,1.0,0.9090909090909091,0.9444444444444444
416,kNN,0.9550505050505051,0.9539682539682539,0.9378769601930036,1.0,0.9666666666666667,0.9090909090909091,0.9444444444444444
416,HistGradientBoosting,0.8994949494949495,0.9152882205513784,0.896117434196877,0.8,1.0,0.9090909090909091,0.8888888888888888
417,Multinomial logistic,0.9642857142857143,0.9676113360323886,0.9804842956305619,1.0,1.0,0.8571428571428571,1.0
417,Linear SVM,1.0,1.0,1.0,1.0,1.0,1.0,1.0
417,RBF SVM,0.9642857142857143,0.9766708701134932,0.9803960954288807,1.0,1.0,0.8571428571428571,1.0
417,Random forest,0.955952380952381,0.9683375367801598,0.9605108263462561,1.0,1.0,0.8571428571428571,0.9666666666666667
417,Extra trees,0.9642857142857143,0.9766708701134932,0.9803960954288807,1.0,1.0,0.8571428571428571,1.0
417,kNN,0.955952380952381,0.9683375367801598,0.9605108263462561,1.0,1.0,0.8571428571428571,0.9666666666666667
417,HistGradientBoosting,0.955952380952381,0.9592780026990553,0.9607080731072279,1.0,1.0,0.8571428571428571,0.9666666666666667
418,Multinomial logistic,0.9005691056910569,0.8836485580147553,0.8516597578456678,0.9166666666666666,0.975609756097561,0.96,0.75
418,Linear SVM,0.9214024390243902,0.898530880883822,0.8644066713109089,1.0,0.975609756097561,0.96,0.75
418,RBF SVM,0.9439024390243902,0.9275901875901875,0.8977771803156199,1.0,0.975609756097561,1.0,0.8
418,Random forest,0.9401524390243903,0.9226066726066726,0.8955267029636039,1.0,0.975609756097561,0.96,0.825
418,Extra trees,0.99375,0.9938233948452035,0.9881483184959609,1.0,1.0,1.0,0.975
418,kNN,0.9875,0.9876373626373627,0.9764898440609685,1.0,1.0,1.0,0.95
418,HistGradientBoosting,0.9191666666666667,0.9131319362213259,0.8842883899744878,0.9166666666666666,1.0,0.96,0.8
419,Multinomial logistic,0.9426406926406927,0.927566844919786,0.901770705370024,1.0,1.0,0.9523809523809523,0.8181818181818182
419,Linear SVM,0.9545454545454546,0.9483333333333334,0.9164432529043789,1.0,1.0,1.0,0.8181818181818182
419,RBF SVM,0.9502164502164503,0.9483645911477869,0.9142313273500688,1.0,1.0,0.9523809523809523,0.8484848484848485
419,Random forest,0.8662518037518038,0.8585812703459762,0.8407685102892224,0.75,0.9444444444444444,0.9523809523809523,0.8181818181818182
419,Extra trees,0.9534632034632035,0.9582692307692309,0.9276462685400121,1.0,1.0,0.9047619047619048,0.9090909090909091
419,kNN,0.961038961038961,0.9655917280917281,0.9419283686696189,1.0,1.0,0.9047619047619048,0.9393939393939394
419,HistGradientBoosting,0.8688672438672439,0.8737179487179487,0.8542257110235195,0.75,0.9722222222222222,0.9047619047619048,0.8484848484848485
420,Multinomial logistic,0.9848484848484849,0.9693473193473194,0.9669927677295098,1.0,0.9696969696969697,1.0,0.9696969696969697
420,Linear SVM,0.9772727272727273,0.9578052156177157,0.9509219903138322,1.0,0.9393939393939394,1.0,0.9696969696969697
420,RBF SVM,0.9848484848484849,0.9693473193473194,0.9669927677295098,1.0,0.9696969696969697,1.0,0.9696969696969697
420,Random forest,0.8939393939393939,0.9125197905249056,0.9185452071741969,1.0,0.9090909090909091,0.6666666666666666,1.0
420,Extra trees,1.0,1.0,1.0,1.0,1.0,1.0,1.0
420,kNN,0.9507575757575758,0.9660736322501029,0.9670257405486326,1.0,0.9696969696969697,0.8333333333333334,1.0
420,HistGradientBoosting,0.8896780303030304,0.8933576253629214,0.8537271440093736,0.9375,0.8787878787878788,0.8333333333333334,0.9090909090909091
421,Multinomial logistic,0.8838005490444515,0.8971455373894398,0.8833074102162991,0.9,0.9512195121951219,0.7142857142857143,0.9696969696969697
421,Linear SVM,0.9254817337134411,0.9227753727753727,0.885968596591817,0.95,0.8536585365853658,0.9285714285714286,0.9696969696969697
421,RBF SVM,0.9308415162073699,0.9368093509530413,0.9097847584731412,1.0,0.926829268292683,0.8571428571428571,0.9393939393939394
421,Random forest,0.8541838243057756,0.8746206949599061,0.8706109988552626,0.9,0.975609756097561,0.5714285714285714,0.9696969696969697
421,Extra trees,0.9323197128075177,0.937420313554923,0.9105305569244975,1.0,0.9024390243902439,0.8571428571428571,0.9696969696969697
421,kNN,0.8777029880688417,0.8936120789779326,0.8703934796014725,0.9,0.926829268292683,0.7142857142857143,0.9696969696969697
421,HistGradientBoosting,0.8469129447787984,0.8587562490531738,0.8444840321387128,0.95,0.926829268292683,0.5714285714285714,0.9393939393939394
422,Multinomial logistic,0.9426656920077973,0.9415688476894184,0.9135608810909044,0.9473684210526315,0.9259259259259259,0.95,0.9473684210526315
422,Linear SVM,0.9656432748538012,0.951874177602333,0.9260182822528388,1.0,0.8888888888888888,1.0,0.9736842105263158
422,RBF SVM,0.9532163742690059,0.9399549103671807,0.9143839185793626,1.0,0.9444444444444444,1.0,0.868421052631579
422,Random forest,0.9644249512670565,0.9605773037563134,0.9458330703018627,0.9473684210526315,0.9629629629629629,1.0,0.9473684210526315
422,Extra trees,0.9953703703703703,0.9944167981551159,0.9892168586976474,1.0,0.9814814814814815,1.0,1.0
422,kNN,0.9822124756335282,0.9799522528880327,0.967607973421927,1.0,0.9814814814814815,1.0,0.9473684210526315
422,HistGradientBoosting,0.9822124756335282,0.978960113960114,0.9674915407462161,1.0,0.9814814814814815,1.0,0.9473684210526315
423,Multinomial logistic,0.9591036414565826,0.9486728338148217,0.9349249711132712,1.0,0.9411764705882353,0.9523809523809523,0.9428571428571428
423,Linear SVM,0.9376750700280112,0.9288293058630981,0.897120466100357,1.0,0.9411764705882353,0.9523809523809523,0.8571428571428571
423,RBF SVM,0.9569327731092437,0.9468205449119091,0.9236413667468713,1.0,0.9705882352941176,1.0,0.8571428571428571
423,Random forest,0.9493697478991596,0.9273773444881439,0.9109491852928772,1.0,0.9117647058823529,1.0,0.8857142857142857
423,Extra trees,0.9857142857142858,0.9832099169293602,0.973752749933838,1.0,1.0,1.0,0.9428571428571428
423,kNN,0.9928571428571429,0.9905628581058308,0.9868148349054322,1.0,1.0,1.0,0.9714285714285714
423,HistGradientBoosting,0.9301120448179271,0.9118175743622314,0.8846767805188323,1.0,0.8823529411764706,0.9523809523809523,0.8857142857142857
424,Multinomial logistic,0.9776497695852535,0.9625514539718323,0.9548256713930102,1.0,0.967741935483871,1.0,0.9428571428571428
424,Linear SVM,0.9738095238095239,0.9605590062111802,0.9545912783120564,0.9523809523809523,1.0,1.0,0.9428571428571428
424,RBF SVM,0.9776497695852535,0.9625514539718323,0.9548256713930102,1.0,0.967741935483871,1.0,0.9428571428571428
424,Random forest,0.9928571428571429,0.9924085576259489,0.9849100631422678,1.0,1.0,1.0,0.9714285714285714
424,Extra trees,0.9928571428571429,0.9924085576259489,0.9849100631422678,1.0,1.0,1.0,0.9714285714285714
424,kNN,0.9919354838709677,0.9900876858558902,0.9849256712794127,1.0,0.967741935483871,1.0,1.0
424,HistGradientBoosting,0.9738095238095239,0.9620703311812531,0.9551598420461407,0.9523809523809523,1.0,1.0,0.9428571428571428
425,Multinomial logistic,0.9469818376068376,0.9511738962170382,0.9308737054225151,1.0,0.9375,0.8888888888888888,0.9615384615384616
425,Linear SVM,0.9547943376068376,0.959801716902642,0.9479951029804077,1.0,0.96875,0.8888888888888888,0.9615384615384616
425,RBF SVM,0.9626068376068376,0.967614216902642,0.9654011930933485,1.0,1.0,0.8888888888888888,0.9615384615384616
425,Random forest,0.8858707264957265,0.8996729373567609,0.8786812900289949,0.8666666666666667,0.9375,0.7777777777777778,0.9615384615384616
425,Extra trees,0.9477430555555555,0.9590688103872688,0.948844201937685,0.9333333333333333,0.96875,0.8888888888888888,1.0
425,kNN,0.9722222222222222,0.9805771365149833,0.9827731647730416,1.0,1.0,0.8888888888888888,1.0
425,HistGradientBoosting,0.8858707264957265,0.8996729373567609,0.8786812900289949,0.8666666666666667,0.9375,0.7777777777777778,0.9615384615384616
426,Multinomial logistic,0.9352051299045598,0.925708318274976,0.8856719471193496,1.0,0.90625,0.9565217391304348,0.8780487804878049
426,Linear SVM,0.9352051299045598,0.925708318274976,0.8856719471193496,1.0,0.90625,0.9565217391304348,0.8780487804878049
426,RBF SVM,0.952172256097561,0.9454335927408939,0.9115462030949656,1.0,0.90625,1.0,0.9024390243902439
426,Random forest,0.9508301299045598,0.9363828092737891,0.9129265843071876,1.0,0.96875,0.9565217391304348,0.8780487804878049
426,Extra trees,0.9634146341463414,0.9588345864661654,0.9272619680864469,1.0,1.0,1.0,0.8536585365853658
426,kNN,0.9695121951219512,0.9656502917372483,0.9388117315741581,1.0,1.0,1.0,0.8780487804878049
426,HistGradientBoosting,0.9369200689289501,0.9316970154340523,0.8883729081917431,1.0,0.9375,0.9565217391304348,0.8536585365853658
427,Multinomial logistic,0.9939024390243902,0.9932903918411164,0.9880954320512136,1.0,0.975609756097561,1.0,1.0
427,Linear SVM,0.9939024390243902,0.9932903918411164,0.9880954320512136,1.0,0.975609756097561,1.0,1.0
427,RBF SVM,0.9878048780487805,0.9829839544513458,0.976353394056673,1.0,0.9512195121951219,1.0,1.0
427,Random forest,0.9465878610192751,0.9506620830150241,0.9280249636729078,0.8695652173913043,0.975609756097561,1.0,0.9411764705882353
427,Extra trees,0.9878048780487805,0.9866071428571429,0.9764097177542286,1.0,0.9512195121951219,1.0,1.0
427,kNN,0.9939024390243902,0.9932903918411164,0.9880954320512136,1.0,0.975609756097561,1.0,1.0
427,HistGradientBoosting,0.9210124134489428,0.926203646271451,0.904070882609411,0.8260869565217391,0.975609756097561,0.9411764705882353,0.9411764705882353
428,Multinomial logistic,0.9712602212602213,0.9613247613749019,0.9518565138494485,0.9523809523809523,0.9696969696969697,1.0,0.9629629629629629
428,Linear SVM,0.9669312169312169,0.9708877995642701,0.9519358361184647,0.9047619047619048,1.0,1.0,0.9629629629629629
428,RBF SVM,0.9814814814814815,0.9808393186126612,0.9681577032758443,1.0,1.0,1.0,0.9259259259259259
428,Random forest,0.9355459355459355,0.9498412763065112,0.9352277060221789,0.9523809523809523,0.9696969696969697,0.8571428571428571,0.9629629629629629
428,Extra trees,0.9907407407407407,0.9915516755843423,0.9839757672663995,1.0,1.0,1.0,0.9629629629629629
428,kNN,0.9603174603174603,0.9638021045762297,0.9361856108798926,0.9523809523809523,1.0,1.0,0.8888888888888888
428,HistGradientBoosting,0.9722222222222222,0.9744245524296675,0.9528682218498167,1.0,1.0,1.0,0.8888888888888888
429,Multinomial logistic,0.952116935483871,0.9223953398603362,0.897997178254017,1.0,0.9375,1.0,0.8709677419354839
429,Linear SVM,0.959929435483871,0.9434655739740485,0.9137197925420764,1.0,0.96875,1.0,0.8709677419354839
429,RBF SVM,0.9429939516129032,0.9347909348165496,0.9123705815429127,1.0,0.96875,0.9,0.9032258064516129
429,Random forest,0.9260584677419355,0.9247880103790371,0.9121465375762826,1.0,0.96875,0.8,0.9354838709677419
429,Extra trees,0.9510584677419355,0.9511037998527212,0.9298023590825399,1.0,0.96875,0.9,0.9354838709677419
429,kNN,0.9429939516129032,0.9431191615402141,0.9127112541604426,1.0,0.96875,0.9,0.9032258064516129
429,HistGradientBoosting,0.9351814516129032,0.9352147708489382,0.8944907160700253,1.0,0.9375,0.9,0.9032258064516129
430,Multinomial logistic,0.9623440285204992,0.9375384979862591,0.9253836946428065,1.0,0.9705882352941176,1.0,0.8787878787878788
430,Linear SVM,0.9623440285204992,0.9375384979862591,0.9253836946428065,1.0,0.9705882352941176,1.0,0.8787878787878788
430,RBF SVM,0.9774955436720143,0.9614093730906869,0.9550134997292499,1.0,0.9705882352941176,1.0,0.9393939393939394
430,Random forest,0.9572935234699941,0.9572968490878939,0.9539277427908518,1.0,0.9705882352941176,0.8888888888888888,0.9696969696969697
430,Extra trees,0.9722222222222222,0.9815627743634767,0.9846981543966529,1.0,1.0,0.8888888888888888,1.0
430,kNN,0.9722222222222222,0.9815627743634767,0.9846981543966529,1.0,1.0,0.8888888888888888,1.0
430,HistGradientBoosting,0.9852941176470589,0.9792663476874003,0.9847713944479117,0.9411764705882353,1.0,1.0,1.0
431,Multinomial logistic,0.9491106719367589,0.9241106719367589,0.9242237275484513,1.0,0.9782608695652174,1.0,0.8181818181818182
431,Linear SVM,0.9545454545454546,0.9365975422427035,0.939056843552875,1.0,1.0,1.0,0.8181818181818182
431,RBF SVM,0.9604743083003953,0.9405582487501893,0.9386892264940526,1.0,0.9782608695652174,1.0,0.8636363636363636
431,Random forest,0.9386253842775583,0.9202458272225713,0.9229285435495724,1.0,0.9565217391304348,0.8888888888888888,0.9090909090909091
431,Extra trees,1.0,1.0,1.0,1.0,1.0,1.0,1.0
431,kNN,0.9608585858585859,0.9637200966908394,0.9684821491356056,1.0,1.0,0.8888888888888888,0.9545454545454546
431,HistGradientBoosting,0.9440601668862538,0.9241053064582476,0.9229029687506747,0.8888888888888888,0.9782608695652174,1.0,0.9090909090909091
432,Multinomial logistic,0.9438690476190477,0.9376252913752914,0.9256232893887671,1.0,0.9583333333333334,0.8571428571428571,0.96
432,Linear SVM,0.9795833333333334,0.9795833333333334,0.9501226492232215,1.0,0.9583333333333334,1.0,0.96
432,RBF SVM,0.9795833333333334,0.9795833333333334,0.9501226492232215,1.0,0.9583333333333334,1.0,0.96
432,Random forest,0.97,0.9693366708385482,0.9286913323819627,1.0,1.0,1.0,0.88
432,Extra trees,0.99,0.989795918367347,0.9754701553556827,1.0,1.0,1.0,0.96
432,kNN,0.99,0.989795918367347,0.9754701553556827,1.0,1.0,1.0,0.96
432,HistGradientBoosting,0.9595833333333333,0.9473758865248227,0.903631985453889,1.0,0.9583333333333334,1.0,0.88
433,Multinomial logistic,0.962912087912088,0.9507703081232493,0.9462536761739425,0.9285714285714286,1.0,1.0,0.9230769230769231
433,Linear SVM,0.962912087912088,0.9507703081232493,0.9462536761739425,0.9285714285714286,1.0,1.0,0.9230769230769231
433,RBF SVM,0.9807692307692308,0.95875,0.9650561009282428,1.0,1.0,1.0,0.9230769230769231
433,Random forest,0.9317226890756303,0.9416999666999667,0.9291484988558024,0.9285714285714286,0.9411764705882353,0.8571428571428571,1.0
433,Extra trees,0.9642857142857143,0.9760522496371553,0.9820887098142991,1.0,1.0,0.8571428571428571,1.0
433,kNN,0.9285714285714286,0.9499931637954608,0.9642076678990709,1.0,1.0,0.7142857142857143,1.0
433,HistGradientBoosting,0.9065126050420168,0.919523166891588,0.8950577996881071,0.8571428571428571,0.9117647058823529,0.8571428571428571,1.0
434,Multinomial logistic,0.9677083333333334,0.9590876436781609,0.9346791711723138,1.0,0.9333333333333333,1.0,0.9375
434,Linear SVM,0.9510416666666667,0.9352678571428572,0.9043260771066539,1.0,0.8666666666666667,1.0,0.9375
434,RBF SVM,0.9677083333333334,0.9590876436781609,0.9346791711723138,1.0,0.9333333333333333,1.0,0.9375
434,Random forest,1.0,1.0,1.0,1.0,1.0,1.0,1.0
434,Extra trees,1.0,1.0,1.0,1.0,1.0,1.0,1.0
434,kNN,1.0,1.0,1.0,1.0,1.0,1.0,1.0
434,HistGradientBoosting,1.0,1.0,1.0,1.0,1.0,1.0,1.0
435,Multinomial logistic,0.9063626126126126,0.8891064257028112,0.8663932446526345,1.0,0.975,0.8666666666666667,0.7837837837837838
435,Linear SVM,0.9532094594594595,0.9325656600432816,0.9146280996929591,1.0,0.975,1.0,0.8378378378378378
435,RBF SVM,0.9527027027027027,0.9354326877307297,0.9159958815740963,1.0,1.0,1.0,0.8108108108108109
435,Random forest,0.9213963963963964,0.9222424425567158,0.8862262301834257,1.0,0.9,0.8666666666666667,0.918918918918919
435,Extra trees,0.9504119250829778,0.9541074820226173,0.9368393494984484,0.9473684210526315,0.975,0.9333333333333333,0.9459459459459459
435,kNN,0.956813063063063,0.957249322493225,0.9370723333750017,1.0,0.975,0.9333333333333333,0.918918918918919
435,HistGradientBoosting,0.9212452584163111,0.925563369630974,0.8985505185511243,0.9473684210526315,0.925,0.8666666666666667,0.9459459459459459
436,Multinomial logistic,0.928319099378882,0.926766304347826,0.907113707571529,0.9375,0.9347826086956522,0.8695652173913043,0.9714285714285714
436,Linear SVM,0.9711180124223603,0.9649750092314185,0.9425720771565913,1.0,0.9130434782608695,1.0,0.9714285714285714
436,RBF SVM,0.9819875776397515,0.9792962356792144,0.9651342933961046,1.0,0.9565217391304348,1.0,0.9714285714285714
436,Random forest,0.9116653726708075,0.9235009511373345,0.9065839793205254,0.8125,0.9782608695652174,0.9130434782608695,0.9428571428571428
436,Extra trees,0.9639751552795031,0.9690315004144792,0.9534542812305,1.0,1.0,0.9130434782608695,0.9428571428571428
436,kNN,0.9928571428571429,0.9936886395511921,0.9884044956950354,1.0,1.0,1.0,0.9714285714285714
436,HistGradientBoosting,0.8760093167701863,0.895459297155116,0.8727295128980903,0.75,0.9565217391304348,0.8260869565217391,0.9714285714285714
437,Multinomial logistic,0.9903846153846154,0.9858111403765486,0.9784057705201571,1.0,0.9615384615384616,1.0,1.0
437,Linear SVM,0.9855769230769231,0.9779733489247691,0.9679003011568115,1.0,0.9423076923076923,1.0,1.0
437,RBF SVM,0.9876165501165501,0.9828570964704355,0.9783886154563329,1.0,0.9807692307692307,1.0,0.9696969696969697
437,Random forest,0.9666375291375291,0.9586529548477236,0.9461005665707135,1.0,0.9423076923076923,0.9545454545454546,0.9696969696969697
437,Extra trees,0.9886363636363636,0.9904547032280457,0.9891029784464216,1.0,1.0,0.9545454545454546,1.0
437,kNN,0.9886363636363636,0.9904547032280457,0.9891029784464216,1.0,1.0,0.9545454545454546,1.0
437,HistGradientBoosting,0.9742132867132867,0.9680437263972635,0.9569540269419313,1.0,0.9423076923076923,0.9545454545454546,1.0
438,Multinomial logistic,0.9791666666666667,0.9695583020442219,0.9561795961417555,1.0,0.9583333333333334,1.0,0.9583333333333334
438,Linear SVM,0.9895833333333334,0.9895788102475033,0.9781346658996458,1.0,1.0,1.0,0.9583333333333334
438,RBF SVM,0.9791666666666667,0.971106289660321,0.9561631035407215,1.0,0.9583333333333334,1.0,0.9583333333333334
438,Random forest,0.9270833333333334,0.937084398976982,0.8905614756683201,1.0,0.9583333333333334,0.875,0.875
438,Extra trees,0.9791666666666666,0.9791304347826086,0.9569092401107938,1.0,1.0,1.0,0.9166666666666666
438,kNN,0.9895833333333334,0.9895788102475033,0.9781346658996458,1.0,1.0,1.0,0.9583333333333334
438,HistGradientBoosting,0.9583333333333334,0.9582608695652174,0.9124495541871329,1.0,0.9583333333333334,1.0,0.875
439,Multinomial logistic,0.9627757352941176,0.945426968864469,0.9232103372263349,1.0,0.96875,1.0,0.8823529411764706
439,Linear SVM,0.9627757352941176,0.945426968864469,0.9232103372263349,1.0,0.96875,1.0,0.8823529411764706
439,RBF SVM,0.9701286764705882,0.9614109848484849,0.9380539280252291,1.0,0.96875,1.0,0.9117647058823529
439,Random forest,0.9686274509803923,0.9726095229183238,0.9531133754237893,1.0,1.0,0.9333333333333333,0.9411764705882353
439,Extra trees,0.9779411764705882,0.9772675086107923,0.9542700058625803,1.0,1.0,1.0,0.9117647058823529
439,kNN,0.9705882352941176,0.9696691176470589,0.9396680327912618,1.0,1.0,1.0,0.8823529411764706
439,HistGradientBoosting,0.9774816176470589,0.9772675086107923,0.9529167530682107,1.0,0.96875,1.0,0.9411764705882353
440,Multinomial logistic,0.9161515567765568,0.9068452380952381,0.9025372478127978,0.9375,1.0,0.8461538461538461,0.8809523809523809
440,Linear SVM,0.9510073260073261,0.9356788385664968,0.9279095585553458,1.0,1.0,0.9230769230769231,0.8809523809523809
440,RBF SVM,0.9761904761904762,0.9590063520871144,0.9521872057076447,1.0,1.0,1.0,0.9047619047619048
440,Random forest,0.8805553931883718,0.9044710023314882,0.9006669581309887,0.875,0.9787234042553191,0.6923076923076923,0.9761904761904762
440,Extra trees,0.9615384615384616,0.97359391124871,0.9753937177720512,1.0,1.0,0.8461538461538461,1.0
440,kNN,0.9340086996336996,0.951861924326668,0.9385463266729214,0.9375,1.0,0.8461538461538461,0.9523809523809523
440,HistGradientBoosting,0.8991529304029304,0.9142255692599621,0.9129600724707743,0.875,1.0,0.7692307692307693,0.9523809523809523
441,Multinomial logistic,0.907554945054945,0.9078855492040077,0.893354571616224,0.9230769230769231,1.0,0.8571428571428571,0.85
441,Linear SVM,0.9398809523809524,0.9346591538962334,0.913414327185469,1.0,0.9821428571428571,0.9523809523809523,0.825
441,RBF SVM,0.9625,0.9539601170187069,0.9429846903006383,1.0,1.0,1.0,0.85
441,Random forest,0.8913919413919413,0.8999048406013435,0.8724749433502519,0.8846153846153846,0.9464285714285714,0.8095238095238095,0.925
441,Extra trees,0.9581501831501832,0.9650701489315778,0.951139273544524,0.9230769230769231,0.9821428571428571,0.9523809523809523,0.975
441,kNN,0.9558608058608059,0.9609089288880047,0.9509855641074906,0.9615384615384616,0.9821428571428571,0.9047619047619048,0.975
441,HistGradientBoosting,0.8749313186813187,0.878675531831874,0.8429489307422384,0.8461538461538461,0.9464285714285714,0.8571428571428571,0.85
442,Multinomial logistic,0.9776785714285714,0.9727693365998479,0.9657192229155864,1.0,0.9583333333333334,0.9523809523809523,1.0
442,Linear SVM,0.96875,0.9661557434813248,0.9493756519737637,1.0,0.875,1.0,1.0
442,RBF SVM,0.9895833333333334,0.9888668975754576,0.9828279300559964,1.0,0.9583333333333334,1.0,1.0
442,Random forest,0.9791666666666666,0.9833164812942365,0.9827842102435799,0.9166666666666666,1.0,1.0,1.0
442,Extra trees,0.9880952380952381,0.9880884855360181,0.9828163601126644,1.0,1.0,0.9523809523809523,1.0
442,kNN,1.0,1.0,1.0,1.0,1.0,1.0,1.0
442,HistGradientBoosting,0.9895833333333334,0.9888668975754576,0.9828279300559964,1.0,0.9583333333333334,1.0,1.0
443,Multinomial logistic,0.9526209677419355,0.939426523297491,0.9364398078684388,1.0,0.967741935483871,0.875,0.967741935483871
443,Linear SVM,0.9838709677419355,0.9729925303454716,0.9585159893670204,1.0,1.0,1.0,0.9354838709677419
443,RBF SVM,0.9919354838709677,0.9919333853760084,0.9789807489034437,1.0,1.0,1.0,0.967741935483871
443,Random forest,0.8891129032258065,0.8514185444381108,0.8329792238386738,1.0,0.9032258064516129,0.75,0.9032258064516129
443,Extra trees,0.9606854838709677,0.9713005632360472,0.9574144708005544,1.0,1.0,0.875,0.967741935483871
443,kNN,0.9606854838709677,0.9713005632360472,0.9574144708005544,1.0,1.0,0.875,0.967741935483871
443,HistGradientBoosting,0.905241935483871,0.8714436805922793,0.8740998985842238,1.0,0.967741935483871,0.75,0.9032258064516129
444,Multinomial logistic,0.9891304347826086,0.985599630721582,0.9778993308008367,1.0,1.0,1.0,0.9565217391304348
444,Linear SVM,0.9891304347826086,0.985599630721582,0.9778993308008367,1.0,1.0,1.0,0.9565217391304348
444,RBF SVM,0.9735054347826086,0.974848911906347,0.966540219531484,1.0,1.0,0.9375,0.9565217391304348
444,Random forest,0.9834541062801933,0.9769786373047242,0.9668737833136489,1.0,0.9555555555555556,1.0,0.9782608695652174
444,Extra trees,0.9891304347826086,0.9890096618357488,0.977934701908869,1.0,1.0,1.0,0.9565217391304348
444,kNN,0.9633152173913043,0.9725215644570484,0.9664742524386737,1.0,1.0,0.875,0.9782608695652174
444,HistGradientBoosting,0.9414553140096619,0.9471354379095631,0.9217402266033223,1.0,0.9777777777777777,0.875,0.9130434782608695
445,Multinomial logistic,0.9283005787316132,0.9205638380288343,0.9068185114432086,0.9230769230769231,0.95,0.9090909090909091,0.9310344827586207
445,Linear SVM,0.9827586206896551,0.970942604094778,0.9692516871526795,1.0,1.0,1.0,0.9310344827586207
445,RBF SVM,0.9702586206896552,0.9562195398027481,0.9382382677892013,1.0,0.95,1.0,0.9310344827586207
445,Random forest,0.9153198095008439,0.9207720887031231,0.9054431682062265,0.8461538461538461,0.975,0.9090909090909091,0.9310344827586207
445,Extra trees,0.9721485411140585,0.9795164741121095,0.9688852419513696,0.9230769230769231,1.0,1.0,0.9655172413793104
445,kNN,0.9772727272727273,0.9850088183421517,0.9843877775015539,1.0,1.0,0.9090909090909091,1.0
445,HistGradientBoosting,0.8980784301904992,0.8984104681108922,0.8746048497615039,0.8461538461538461,0.975,0.9090909090909091,0.8620689655172413
446,Multinomial logistic,0.975,0.9796992481203007,0.9839383415848095,1.0,1.0,0.9,1.0
446,Linear SVM,0.9907407407407407,0.9881401617250674,0.9839894656066099,1.0,0.9629629629629629,1.0,1.0
446,RBF SVM,0.9924242424242424,0.989010989010989,0.9840097801623549,1.0,1.0,1.0,0.9696969696969697
446,Random forest,0.975,0.9831107619795758,0.9838990416575372,1.0,1.0,0.9,1.0
446,Extra trees,1.0,1.0,1.0,1.0,1.0,1.0,1.0
446,kNN,1.0,1.0,1.0,1.0,1.0,1.0,1.0
446,HistGradientBoosting,0.975,0.9796992481203007,0.9839383415848095,1.0,1.0,0.9,1.0
447,Multinomial logistic,0.9193953568953569,0.9029550281651122,0.8753271344094575,1.0,0.9230769230769231,0.9166666666666666,0.8378378378378378
447,Linear SVM,0.9402286902286903,0.9191008754838542,0.8893089510325426,1.0,0.9230769230769231,1.0,0.8378378378378378
447,RBF SVM,0.9498440748440748,0.9273898110492459,0.9041957924496931,1.0,0.9615384615384616,1.0,0.8378378378378378
447,Random forest,0.9807692307692308,0.983421052631579,0.9720186432413637,1.0,0.9230769230769231,1.0,1.0
447,Extra trees,0.9768711018711019,0.9755750840010339,0.9575126076748053,1.0,0.9615384615384616,1.0,0.9459459459459459
447,kNN,0.9768711018711019,0.9755750840010339,0.9575126076748053,1.0,0.9615384615384616,1.0,0.9459459459459459
447,HistGradientBoosting,0.9807692307692308,0.983421052631579,0.9720186432413637,1.0,0.9230769230769231,1.0,1.0
448,Multinomial logistic,0.9490131578947368,0.9274159970021234,0.9027140658203727,1.0,0.9210526315789473,1.0,0.875
448,Linear SVM,0.9451754385964912,0.9296135265700483,0.9008306984791792,1.0,0.9473684210526315,1.0,0.8333333333333334
448,RBF SVM,0.9413377192982456,0.926316425120773,0.9175921524102068,0.9166666666666666,0.9736842105263158,1.0,0.875
448,Random forest,0.8969298245614035,0.899891304347826,0.865343047976088,0.8333333333333334,0.9210526315789473,0.9166666666666666,0.9166666666666666
448,Extra trees,0.96875,0.9754670148691887,0.96622596115062,1.0,1.0,0.9166666666666666,0.9583333333333334
448,kNN,0.9791666666666666,0.9840283939662822,0.9832544574297051,1.0,1.0,0.9166666666666666,1.0
448,HistGradientBoosting,0.9073464912280702,0.9085346535794105,0.8832660424377861,0.8333333333333334,0.9210526315789473,0.9166666666666666,0.9583333333333334
449,Multinomial logistic,0.9591346153846154,0.9623338115734099,0.9576822916666666,1.0,0.9615384615384616,0.875,1.0
449,Linear SVM,0.9807692307692308,0.9739024390243902,0.9582534238826985,1.0,0.9230769230769231,1.0,1.0
449,RBF SVM,0.9591346153846154,0.9665266106442578,0.9578885620460371,1.0,0.9615384615384616,0.875,1.0
449,Random forest,0.9049679487179487,0.9129551820728291,0.8932457756502923,0.8333333333333334,0.9615384615384616,0.875,0.95
449,Extra trees,0.96875,0.9772357723577236,0.9787600643377061,1.0,1.0,0.875,1.0
449,kNN,0.96875,0.9772357723577236,0.9787600643377061,1.0,1.0,0.875,1.0
449,HistGradientBoosting,0.9145833333333333,0.9269151138716355,0.9144241807810004,0.8333333333333334,1.0,0.875,0.95
450,Multinomial logistic,0.9421875,0.9479126237746927,0.9379111153969558,0.9333333333333333,0.96875,0.8666666666666667,1.0
450,Linear SVM,0.9755208333333334,0.9781517971173144,0.9690307109200118,1.0,0.96875,0.9333333333333333,1.0
450,RBF SVM,0.9921875,0.9913147648996705,0.9844619035278653,1.0,0.96875,1.0,1.0
450,Random forest,0.9177083333333333,0.9256706839401061,0.9080485964606813,0.9333333333333333,0.9375,0.8,1.0
450,Extra trees,0.9570512820512821,0.964145759900477,0.9530976673994969,1.0,1.0,0.8666666666666667,0.9615384615384616
450,kNN,0.9833333333333334,0.9875331564986738,0.9844025466293085,0.9333333333333333,1.0,1.0,1.0
450,HistGradientBoosting,0.884375,0.8950892857142858,0.8750898834688681,0.8666666666666667,0.9375,0.7333333333333333,1.0
451,Multinomial logistic,0.8834373845097936,0.898179945054945,0.8635616291622582,0.9230769230769231,0.9574468085106383,0.75,0.9032258064516129
451,Linear SVM,0.9383769006388258,0.9489363192928557,0.917999872050839,0.9230769230769231,0.9574468085106383,0.9375,0.9354838709677419
451,RBF SVM,0.9285990048043926,0.9253251952805831,0.8915478903987374,1.0,0.9361702127659575,0.875,0.9032258064516129
451,Random forest,0.8544287194445912,0.8611672410192147,0.8227683482764299,0.9230769230769231,0.9361702127659575,0.6875,0.8709677419354839
451,Extra trees,0.9182931537405629,0.9250601233881267,0.8910181288533873,1.0,0.9574468085106383,0.8125,0.9032258064516129
451,kNN,0.907987302676733,0.924786043449638,0.8912538705855553,1.0,0.9787234042553191,0.75,0.9032258064516129
451,HistGradientBoosting,0.8042968956232512,0.8352158269506296,0.7801197279022435,0.6923076923076923,0.9361702127659575,0.75,0.8387096774193549
452,Multinomial logistic,0.9535917496443812,0.9505890505890506,0.9234046005107587,0.9473684210526315,0.9210526315789473,1.0,0.9459459459459459
452,Linear SVM,0.9669274537695589,0.964012474012474,0.9490547283027242,0.9473684210526315,0.9473684210526315,1.0,0.972972972972973
452,RBF SVM,0.9566619250829776,0.9553657968313141,0.9361911862132886,1.0,0.9473684210526315,0.9333333333333333,0.9459459459459459
452,Random forest,0.8932432432432433,0.9121013480190695,0.9121753894008653,1.0,1.0,0.6,0.972972972972973
452,Extra trees,0.9765765765765766,0.9813758003413176,0.9743477390866411,1.0,1.0,0.9333333333333333,0.972972972972973
452,kNN,0.9568397344713133,0.961724399110969,0.9485732205669362,0.9473684210526315,0.9736842105263158,0.9333333333333333,0.972972972972973
452,HistGradientBoosting,0.9467520151730677,0.958981452402505,0.9488068359307609,0.9473684210526315,1.0,0.8666666666666667,0.972972972972973
453,Multinomial logistic,0.9821428571428572,0.9664983164983165,0.9666839977409855,1.0,1.0,1.0,0.9285714285714286
453,Linear SVM,0.9821428571428572,0.9664983164983165,0.9666839977409855,1.0,1.0,1.0,0.9285714285714286
453,RBF SVM,0.9821428571428572,0.9664983164983165,0.9666839977409855,1.0,1.0,1.0,0.9285714285714286
453,Random forest,0.9821428571428572,0.979541794759186,0.9664862277353445,1.0,1.0,1.0,0.9285714285714286
453,Extra trees,1.0,1.0,1.0,1.0,1.0,1.0,1.0
453,kNN,1.0,1.0,1.0,1.0,1.0,1.0,1.0
453,HistGradientBoosting,0.968093487394958,0.9674857619795757,0.9490476188082088,0.9375,0.9705882352941176,1.0,0.9642857142857143
454,Multinomial logistic,0.9408472732218143,0.931276760413936,0.9034696141128045,1.0,0.9555555555555556,0.9473684210526315,0.8604651162790697
454,Linear SVM,0.9421004060538944,0.931676047529706,0.9031980206931342,0.9523809523809523,0.9555555555555556,1.0,0.8604651162790697
454,RBF SVM,0.9421004060538944,0.931676047529706,0.9031980206931342,0.9523809523809523,0.9555555555555556,1.0,0.8604651162790697
454,Random forest,0.9344980668726077,0.9379332477535302,0.9029694392103725,0.9523809523809523,0.9777777777777777,0.9473684210526315,0.8604651162790697
454,Extra trees,0.9694002447980415,0.9732739652094491,0.9567351651373684,1.0,1.0,0.9473684210526315,0.9302325581395349
454,kNN,0.9577723378212974,0.9546709527189242,0.935530728330761,1.0,1.0,0.9473684210526315,0.8837209302325582
454,HistGradientBoosting,0.9101532902022498,0.9208978328173374,0.8914094949008649,0.8095238095238095,1.0,0.9473684210526315,0.8837209302325582
455,Multinomial logistic,0.9748774509803922,0.9751433710000339,0.9683917737530798,1.0,1.0,0.9411764705882353,0.9583333333333334
455,Linear SVM,0.9895833333333334,0.9871050934880722,0.9842321244028013,1.0,1.0,1.0,0.9583333333333334
455,RBF SVM,0.980654761904762,0.9754167817997605,0.9685265548162931,1.0,0.9642857142857143,1.0,0.9583333333333334
455,Random forest,0.9852941176470589,0.987322201607916,0.9841878631110523,1.0,1.0,0.9411764705882353,1.0
455,Extra trees,0.9705882352941176,0.9748869942713927,0.968492225078951,1.0,1.0,0.8823529411764706,1.0
455,kNN,0.9748774509803922,0.9744318181818182,0.9682330827067669,1.0,1.0,0.9411764705882353,0.9583333333333334
455,HistGradientBoosting,0.9549632352941176,0.9597202054150877,0.9522626203718603,0.9375,1.0,0.8823529411764706,1.0
456,Multinomial logistic,0.9583333333333334,0.9583333333333334,0.9649198787353833,0.9333333333333333,1.0,0.9,1.0
456,Linear SVM,0.9674242424242424,0.9696122863518015,0.9653756632974649,1.0,0.9696969696969697,0.9,1.0
456,RBF SVM,1.0,1.0,1.0,1.0,1.0,1.0,1.0
456,Random forest,0.9307971014492753,0.9374540670507644,0.9300686914486014,0.8666666666666667,1.0,0.9,0.9565217391304348
456,Extra trees,0.9924242424242424,0.9908346972176759,0.9827120383961065,1.0,0.9696969696969697,1.0,1.0
456,kNN,0.9664031620553359,0.9635416666666666,0.930950736885624,1.0,0.9090909090909091,1.0,0.9565217391304348
456,HistGradientBoosting,0.9757575757575758,0.9771164898320072,0.965562075929383,0.9333333333333333,0.9696969696969697,1.0,1.0
457,Multinomial logistic,0.9462925627240144,0.9396976488462475,0.9125492312382503,0.9375,0.9444444444444444,1.0,0.9032258064516129
457,Linear SVM,0.9693660394265233,0.9730862775217615,0.9559709685969892,0.9375,0.9722222222222222,1.0,0.967741935483871
457,RBF SVM,0.9688620071684588,0.9638001014713342,0.9417798282021275,1.0,0.9722222222222222,1.0,0.9032258064516129
457,Random forest,0.9080679625034465,0.9248737373737375,0.9132095213504791,1.0,0.9722222222222222,0.6923076923076923,0.967741935483871
457,Extra trees,0.9565756823821341,0.9573458073458074,0.9417199623777404,1.0,1.0,0.9230769230769231,0.9032258064516129
457,kNN,0.9415667218086574,0.9422557172557172,0.9122720417300977,1.0,0.9722222222222222,0.9230769230769231,0.8709677419354839
457,HistGradientBoosting,0.9304004687069204,0.9355324790101635,0.9116805426341238,1.0,0.9722222222222222,0.8461538461538461,0.9032258064516129
458,Multinomial logistic,0.9457803992740471,0.923427960927961,0.8872420582012109,1.0,0.8620689655172413,1.0,0.9210526315789473
458,Linear SVM,0.9548948435998718,0.9548948435998718,0.9180327868852459,1.0,0.9310344827586207,0.9411764705882353,0.9473684210526315
458,RBF SVM,0.9544010889292196,0.9475146198830409,0.9027307233191957,1.0,0.896551724137931,1.0,0.9210526315789473
458,Random forest,0.9650635208711434,0.9305421038471886,0.9213295311401943,1.0,0.9655172413793104,1.0,0.8947368421052632
458,Extra trees,0.9802631578947368,0.977430945430047,0.9526194659212768,1.0,1.0,1.0,0.9210526315789473
458,kNN,0.9868421052631579,0.9849099099099099,0.9680263873478976,1.0,1.0,1.0,0.9473684210526315
458,HistGradientBoosting,0.9371997437813602,0.904440141330141,0.8740394348100651,1.0,0.9655172413793104,0.9411764705882353,0.8421052631578947
459,Multinomial logistic,0.9157706093189963,0.9036062455417294,0.8817728005720257,1.0,1.0,0.8888888888888888,0.7741935483870968
459,Linear SVM,0.9377240143369177,0.9269292182068073,0.9076280531794327,1.0,1.0,0.9444444444444444,0.8064516129032258
459,RBF SVM,0.9596774193548387,0.9489091581412548,0.9340598761694464,1.0,1.0,1.0,0.8387096774193549
459,Random forest,0.9861111111111112,0.9888888888888889,0.9863945323812652,1.0,1.0,0.9444444444444444,1.0
459,Extra trees,1.0,1.0,1.0,1.0,1.0,1.0,1.0
459,kNN,0.9838709677419355,0.9788123489343001,0.9730592300187498,1.0,1.0,1.0,0.9354838709677419
459,HistGradientBoosting,0.9861111111111112,0.9887587822014051,0.986396164326377,1.0,1.0,0.9444444444444444,1.0
460,Multinomial logistic,0.9454367410889151,0.9366858568507247,0.9069248529752862,1.0,0.8918918918918919,0.9565217391304348,0.9333333333333333
460,Linear SVM,0.9262059718581459,0.9234866473486983,0.8928223083771385,0.9230769230769231,0.8918918918918919,0.9565217391304348,0.9333333333333333
460,RBF SVM,0.9589502546024287,0.9517974569227108,0.9331314237389121,1.0,0.9459459459459459,0.9565217391304348,0.9333333333333333
460,Random forest,0.9263415589502546,0.9254072443284772,0.8941117792381252,1.0,0.9459459459459459,0.8260869565217391,0.9333333333333333
460,Extra trees,0.972463768115942,0.9751536326692438,0.9598367402084873,1.0,1.0,0.9565217391304348,0.9333333333333333
460,kNN,0.972463768115942,0.9751536326692438,0.9598367402084873,1.0,1.0,0.9565217391304348,0.9333333333333333
460,HistGradientBoosting,0.9153642773207991,0.9032400030977024,0.8669869805200208,1.0,0.8918918918918919,0.8695652173913043,0.9
461,Multinomial logistic,0.8800820707070708,0.8753672556951245,0.8632624098859827,0.9375,0.9666666666666667,0.7272727272727273,0.8888888888888888
461,Linear SVM,0.9101010101010101,0.9017443340972753,0.8789419481449443,1.0,0.9333333333333333,0.8181818181818182,0.8888888888888888
461,RBF SVM,0.9564393939393939,0.9484572230014026,0.9402340802147517,1.0,1.0,0.9090909090909091,0.9166666666666666
461,Random forest,0.8696654040404042,0.8842321770662288,0.8782740198912484,0.8125,0.9666666666666667,0.7272727272727273,0.9722222222222222
461,Extra trees,0.9703282828282829,0.9765095952056425,0.9698053604576478,1.0,1.0,0.9090909090909091,0.9722222222222222
461,kNN,0.9463699494949496,0.956957245263697,0.9389239624394565,0.9375,0.9666666666666667,0.9090909090909091,0.9722222222222222
461,HistGradientBoosting,0.9477588383838385,0.9464403540008379,0.9395142901977586,0.9375,1.0,0.9090909090909091,0.9444444444444444
462,Multinomial logistic,0.9669715447154471,0.9715319695097249,0.9648584388510587,1.0,1.0,0.9166666666666666,0.9512195121951219
462,Linear SVM,0.9878048780487805,0.9854107939863754,0.9767934082768671,1.0,1.0,1.0,0.9512195121951219
462,RBF SVM,0.9878048780487805,0.9854107939863754,0.9767934082768671,1.0,1.0,1.0,0.9512195121951219
462,Random forest,0.9939024390243902,0.9943883277216611,0.9883290757933295,1.0,1.0,1.0,0.975609756097561
462,Extra trees,1.0,1.0,1.0,1.0,1.0,1.0,1.0
462,kNN,0.9817073170731707,0.9830805865396666,0.9654857041242317,1.0,1.0,1.0,0.926829268292683
462,HistGradientBoosting,0.9888003982080638,0.985997585942215,0.9766259726279848,1.0,0.9795918367346939,1.0,0.975609756097561
463,Multinomial logistic,0.9375,0.9093159728589767,0.8816025434856446,1.0,1.0,1.0,0.75
463,Linear SVM,0.9375,0.9093159728589767,0.8816025434856446,1.0,1.0,1.0,0.75
463,RBF SVM,0.9479166666666666,0.9291183858682441,0.9005373626816688,1.0,1.0,1.0,0.7916666666666666
463,Random forest,0.95625,0.9491818488529015,0.9360630936924693,1.0,0.95,0.9166666666666666,0.9583333333333334
463,Extra trees,1.0,1.0,1.0,1.0,1.0,1.0,1.0
463,kNN,0.9791666666666666,0.9698996655518395,0.958627787589587,1.0,1.0,1.0,0.9166666666666666
463,HistGradientBoosting,0.96875,0.9580050031269545,0.9382817554511768,1.0,1.0,1.0,0.875
464,Multinomial logistic,0.9722222222222222,0.9513574660633484,0.9401219526765163,1.0,1.0,1.0,0.8888888888888888
464,Linear SVM,0.9722222222222222,0.9513574660633484,0.9401219526765163,1.0,1.0,1.0,0.8888888888888888
464,RBF SVM,0.966880341880342,0.9489204912734325,0.939234985987131,1.0,0.9230769230769231,1.0,0.9444444444444444
464,Random forest,0.9375,0.9511278195488722,0.9390568847808575,0.75,1.0,1.0,1.0
464,Extra trees,0.9548611111111112,0.9502136752136752,0.9378927615129361,0.875,1.0,1.0,0.9444444444444444
464,kNN,1.0,1.0,1.0,1.0,1.0,1.0,1.0
464,HistGradientBoosting,0.8990384615384616,0.8945802005012531,0.8787452276548283,0.75,0.8461538461538461,1.0,1.0
465,Multinomial logistic,0.9470443349753694,0.9526098901098903,0.9280924433995014,1.0,0.9310344827586207,0.8571428571428571,1.0
465,Linear SVM,0.9655172413793103,0.9464814814814815,0.9291657361632495,1.0,0.8620689655172413,1.0,1.0
465,RBF SVM,0.9649014778325122,0.9671062869592282,0.9457682665566411,1.0,0.9310344827586207,0.9285714285714286,1.0
465,Random forest,0.8989292556102901,0.8960226956279588,0.889787603201069,0.7777777777777778,0.9310344827586207,0.9285714285714286,0.9583333333333334
465,Extra trees,0.9544848111658456,0.9486542745753271,0.9269333641696388,1.0,0.9310344827586207,0.9285714285714286,0.9583333333333334
465,kNN,0.9821428571428572,0.9856386999244142,0.9815805913793475,1.0,1.0,0.9285714285714286,1.0
465,HistGradientBoosting,0.8989292556102901,0.9017468098350451,0.8898172637608669,0.7777777777777778,0.9310344827586207,0.9285714285714286,0.9583333333333334
466,Multinomial logistic,0.908531746031746,0.9009473507712944,0.8652252399010952,0.9,0.9285714285714286,0.9166666666666666,0.8888888888888888
466,Linear SVM,0.9293650793650794,0.921641604010025,0.882586307866773,0.9,0.9285714285714286,1.0,0.8888888888888888
466,RBF SVM,0.9452380952380952,0.9453150116670987,0.9163564857638004,0.9,0.9642857142857143,1.0,0.9166666666666666
466,Random forest,0.9363095238095238,0.9373066468989375,0.8987394437457139,0.9,0.9285714285714286,1.0,0.9166666666666666
466,Extra trees,0.9523809523809523,0.9523809523809523,0.8982649842271293,1.0,0.8928571428571429,1.0,0.9166666666666666
466,kNN,0.9771825396825398,0.9762787249814677,0.9494003897823949,1.0,0.9642857142857143,1.0,0.9444444444444444
466,HistGradientBoosting,0.9382936507936508,0.928928392946384,0.9003540207184502,0.9,0.9642857142857143,1.0,0.8888888888888888
467,Multinomial logistic,0.8835227272727273,0.8750877043273789,0.8310797354780893,0.9090909090909091,0.9166666666666666,0.875,0.8333333333333334
467,Linear SVM,0.9251893939393939,0.9064695871761089,0.8748766819258248,0.9090909090909091,0.9583333333333334,1.0,0.8333333333333334
467,RBF SVM,0.9583333333333334,0.940066425120773,0.9170166802644518,1.0,0.9583333333333334,1.0,0.875
467,Random forest,0.96875,0.9627563213074314,0.936795612453336,1.0,0.9166666666666666,1.0,0.9583333333333334
467,Extra trees,1.0,1.0,1.0,1.0,1.0,1.0,1.0
467,kNN,0.9791666666666666,0.9791304347826086,0.9587047129458367,1.0,1.0,1.0,0.9166666666666666
467,HistGradientBoosting,0.9791666666666667,0.9791666666666667,0.9574873096446701,1.0,0.9583333333333334,1.0,0.9583333333333334
468,Multinomial logistic,0.9643589743589743,0.9526804969233715,0.9370715597194771,1.0,0.96,1.0,0.8974358974358975
468,Linear SVM,0.9396336996336997,0.9276047481197279,0.9060740630940793,1.0,0.96,0.9523809523809523,0.8461538461538461
468,RBF SVM,0.9574542124542124,0.9520073439412484,0.9362982246154786,1.0,0.98,0.9523809523809523,0.8974358974358975
468,Random forest,0.9511904761904761,0.9479723404897786,0.927411618072788,1.0,0.9,0.9047619047619048,1.0
468,Extra trees,0.983095238095238,0.9851271864991378,0.9788540166537872,1.0,0.98,0.9523809523809523,1.0
468,kNN,0.9761904761904762,0.9821650735620027,0.978712116985061,0.9523809523809523,1.0,0.9523809523809523,1.0
468,HistGradientBoosting,0.9433699633699633,0.9447962563525862,0.9150551069771973,1.0,0.92,0.9047619047619048,0.9487179487179487
469,Multinomial logistic,0.9627742946708464,0.9557407954529468,0.9425668353743719,1.0,0.9310344827586207,0.9545454545454546,0.9655172413793104
469,Linear SVM,0.9827586206896552,0.9827586206896552,0.9709607661414891,1.0,0.9655172413793104,1.0,0.9655172413793104
469,RBF SVM,0.9713949843260189,0.9728534924496759,0.9565426436586357,1.0,0.9655172413793104,0.9545454545454546,0.9655172413793104
469,Random forest,0.9713949843260189,0.9683239775461108,0.9566430514396597,1.0,0.9655172413793104,0.9545454545454546,0.9655172413793104
469,Extra trees,0.9800156739811913,0.9813280687208623,0.9710802359793975,1.0,1.0,0.9545454545454546,0.9655172413793104
469,kNN,0.9713949843260189,0.9683239775461108,0.9566430514396597,1.0,0.9655172413793104,0.9545454545454546,0.9655172413793104
469,HistGradientBoosting,0.9827586206896551,0.9827380952380953,0.9715612366788731,1.0,1.0,1.0,0.9310344827586207
470,Multinomial logistic,0.9515588578088578,0.9424304054310313,0.9461359249576555,0.9583333333333334,0.9772727272727273,0.9090909090909091,0.9615384615384616
470,Linear SVM,0.9847027972027973,0.9713911426639621,0.9733445411143661,1.0,0.9772727272727273,1.0,0.9615384615384616
470,RBF SVM,0.9847027972027973,0.9713911426639621,0.9733445411143661,1.0,0.9772727272727273,1.0,0.9615384615384616
470,Random forest,0.9589889277389279,0.9532168802520329,0.9321957408202279,0.9583333333333334,0.9545454545454546,1.0,0.9230769230769231
470,Extra trees,0.9742861305361306,0.9685140830492358,0.95936968662426,0.9583333333333334,0.9772727272727273,1.0,0.9615384615384616
470,kNN,0.9676573426573427,0.9695617777243686,0.9728495276123661,1.0,1.0,0.9090909090909091,0.9615384615384616
470,HistGradientBoosting,0.9591346153846154,0.9675618073316283,0.9466903720259129,0.875,1.0,1.0,0.9615384615384616
471,Multinomial logistic,0.9483805668016194,0.9331465729961971,0.917427683550351,1.0,0.9473684210526315,1.0,0.8461538461538461
471,Linear SVM,0.928482062528115,0.9223237179487179,0.9020704907799817,0.9375,0.9473684210526315,0.9444444444444444,0.8846153846153846
471,RBF SVM,0.9676113360323886,0.9578037085777025,0.9443283341851737,1.0,0.9473684210526315,1.0,0.9230769230769231
471,Random forest,0.9320245726495727,0.9331183739318512,0.9165479294058787,0.9375,1.0,0.9444444444444444,0.8461538461538461
471,Extra trees,0.9903846153846154,0.9875222816399287,0.9859693007855669,1.0,1.0,1.0,0.9615384615384616
471,kNN,0.9711538461538461,0.966741241951326,0.9584359260538144,1.0,1.0,1.0,0.8846153846153846
471,HistGradientBoosting,0.9764957264957266,0.9771326712503183,0.9718528950744046,1.0,1.0,0.9444444444444444,0.9615384615384616
472,Multinomial logistic,0.9587087087087087,0.9616644674184098,0.9520943984621817,1.0,0.9459459459459459,0.8888888888888888,1.0
472,Linear SVM,0.9932432432432432,0.9921893775534727,0.9839133009114855,1.0,0.972972972972973,1.0,1.0
472,RBF SVM,0.9775579150579151,0.9667397660818713,0.9519832821250482,1.0,0.9459459459459459,1.0,0.9642857142857143
472,Random forest,0.9722222222222222,0.9809081527347782,0.983836118573053,1.0,1.0,0.8888888888888888,1.0
472,Extra trees,1.0,1.0,1.0,1.0,1.0,1.0,1.0
472,kNN,0.9843146718146718,0.9744888763003399,0.967765397225531,1.0,0.972972972972973,1.0,0.9642857142857143
472,HistGradientBoosting,0.9519519519519519,0.958064070698702,0.9371453448156867,1.0,0.918918918918919,0.8888888888888888,1.0
473,Multinomial logistic,0.9305555555555556,0.9326970022458745,0.9402136204202367,0.8333333333333334,1.0,0.8888888888888888,1.0
473,Linear SVM,1.0,1.0,1.0,1.0,1.0,1.0,1.0
473,RBF SVM,1.0,1.0,1.0,1.0,1.0,1.0,1.0
473,Random forest,0.8333333333333333,0.852850028900449,0.8607362574098226,0.6666666666666666,1.0,0.6666666666666666,1.0
473,Extra trees,1.0,1.0,1.0,1.0,1.0,1.0,1.0
473,kNN,1.0,1.0,1.0,1.0,1.0,1.0,1.0
473,HistGradientBoosting,0.9305555555555556,0.9476648841354723,0.9402967800065021,0.8333333333333334,1.0,0.8888888888888888,1.0
474,Multinomial logistic,0.9152421652421653,0.9115099809163076,0.8998776627200531,1.0,1.0,0.8461538461538461,0.8148148148148148
474,Linear SVM,0.9537037037037037,0.939082430180896,0.9297328404809673,1.0,1.0,1.0,0.8148148148148148
474,RBF SVM,0.9510582010582012,0.9397992228537223,0.9284425773985489,0.9523809523809523,1.0,1.0,0.8518518518518519
474,Random forest,0.9404761904761905,0.9457053803029035,0.9289857130045694,0.7619047619047619,1.0,1.0,1.0
474,Extra trees,0.9688644688644689,0.9765494978479197,0.9709859282575604,0.9523809523809523,1.0,0.9230769230769231,1.0
474,kNN,0.9669312169312169,0.9652501381978993,0.9564136323543269,0.9047619047619048,1.0,1.0,0.9629629629629629
474,HistGradientBoosting,0.9093406593406594,0.9150751041483306,0.9003424750527455,0.7142857142857143,1.0,0.9230769230769231,1.0
475,Multinomial logistic,0.9672015765765766,0.9553475610305987,0.9485662120246802,1.0,0.972972972972973,0.9583333333333334,0.9375
475,Linear SVM,0.9672015765765766,0.965178727114211,0.9482131218462257,1.0,0.972972972972973,0.9583333333333334,0.9375
475,RBF SVM,0.984375,0.977574183795382,0.9742716753281087,1.0,1.0,1.0,0.9375
475,Random forest,0.9921875,0.9867724867724867,0.9870650200106387,1.0,1.0,1.0,0.96875
475,Extra trees,1.0,1.0,1.0,1.0,1.0,1.0,1.0
475,kNN,0.9817708333333334,0.9841336497271548,0.9741273484546594,1.0,1.0,0.9583333333333334,0.96875
475,HistGradientBoosting,0.9713541666666666,0.9634607919254659,0.9613133549023846,1.0,1.0,0.9166666666666666,0.96875
476,Multinomial logistic,0.98,0.9714527934461455,0.9619500314703034,1.0,1.0,1.0,0.92
476,Linear SVM,0.98,0.9714527934461455,0.9619500314703034,1.0,1.0,1.0,0.92
476,RBF SVM,0.98,0.9714527934461455,0.9619500314703034,1.0,1.0,1.0,0.92
476,Random forest,0.9066666666666666,0.9057692307692309,0.8858600066536867,1.0,0.9166666666666666,0.75,0.96
476,Extra trees,1.0,1.0,1.0,1.0,1.0,1.0,1.0
476,kNN,0.95875,0.9699086757990867,0.9611685442005734,1.0,1.0,0.875,0.96
476,HistGradientBoosting,0.9079166666666666,0.889023154075971,0.8492572593264572,1.0,0.9166666666666666,0.875,0.84
477,Multinomial logistic,0.9625877192982456,0.962893772893773,0.9356569411294906,1.0,0.9736842105263158,0.96,0.9166666666666666
477,Linear SVM,0.9560087719298245,0.9551937831988984,0.9231226235741445,1.0,0.9473684210526315,0.96,0.9166666666666666
477,RBF SVM,0.9560087719298245,0.9547746371275783,0.9227026801300608,1.0,0.9473684210526315,0.96,0.9166666666666666
477,Random forest,0.9255409356725146,0.9022921434019832,0.8726275572337416,1.0,0.9210526315789473,0.92,0.8611111111111112
477,Extra trees,0.9695321637426901,0.9696963599780501,0.9482943667217231,1.0,0.9736842105263158,0.96,0.9444444444444444
477,kNN,0.9625877192982456,0.962893772893773,0.9356569411294906,1.0,0.9736842105263158,0.96,0.9166666666666666
477,HistGradientBoosting,0.9255409356725146,0.9022921434019832,0.8726275572337416,1.0,0.9210526315789473,0.92,0.8611111111111112
478,Multinomial logistic,0.9557432432432431,0.9549368863955119,0.9542066100794967,0.9166666666666666,1.0,0.9333333333333333,0.972972972972973
478,Linear SVM,0.9155087152369762,0.9037651678148929,0.8865957645954821,0.875,0.9347826086956522,0.9333333333333333,0.918918918918919
478,RBF SVM,0.9810517038777908,0.9675810300810301,0.966361285770604,1.0,0.9782608695652174,1.0,0.9459459459459459
478,Random forest,0.9123555620838231,0.9165730337078651,0.8985760696224134,0.875,0.9347826086956522,0.8666666666666667,0.972972972972973
478,Extra trees,0.9620471014492753,0.9686116488228451,0.9540781469403918,0.9583333333333334,0.9565217391304348,0.9333333333333333,1.0
478,kNN,0.9182971014492753,0.9350912839692644,0.920014361816493,0.9166666666666666,0.9565217391304348,0.8,1.0
478,HistGradientBoosting,0.8915222287504896,0.8944029078430656,0.8766736150724597,0.7916666666666666,0.9347826086956522,0.8666666666666667,0.972972972972973
479,Multinomial logistic,0.9604037267080746,0.9606261436158344,0.9564946466248612,1.0,1.0,0.9285714285714286,0.9130434782608695
479,Linear SVM,0.9604037267080746,0.9606261436158344,0.9564946466248612,1.0,1.0,0.9285714285714286,0.9130434782608695
479,RBF SVM,0.9782608695652174,0.9724399164054337,0.9712818364714776,1.0,1.0,1.0,0.9130434782608695
479,Random forest,0.9538690476190477,0.9525682018083234,0.9431415350085802,1.0,0.9583333333333334,0.8571428571428571,1.0
479,Extra trees,0.9534161490683231,0.9562647754137116,0.9562709127545005,1.0,1.0,0.8571428571428571,0.9565217391304348
479,kNN,0.9604037267080746,0.957900432900433,0.9563713503254605,1.0,1.0,0.9285714285714286,0.9130434782608695
479,HistGradientBoosting,0.9447787267080746,0.9396700743954748,0.9129211377453375,1.0,0.9375,0.9285714285714286,0.9130434782608695
480,Multinomial logistic,0.8888888888888888,0.8994095816464237,0.8670411995866872,0.8571428571428571,1.0,0.8888888888888888,0.8095238095238095
480,Linear SVM,0.9523809523809523,0.9500674763832658,0.9268204034969459,1.0,1.0,1.0,0.8095238095238095
480,RBF SVM,0.9523809523809523,0.9500674763832658,0.9268204034969459,1.0,1.0,1.0,0.8095238095238095
480,Random forest,0.8541666666666666,0.8655425034735379,0.8468073184179975,0.7142857142857143,0.9642857142857143,0.8333333333333334,0.9047619047619048
480,Extra trees,0.9722222222222222,0.9739304812834225,0.9627746756467982,1.0,1.0,0.8888888888888888,1.0
480,kNN,1.0,1.0,1.0,1.0,1.0,1.0,1.0
480,HistGradientBoosting,0.8888888888888888,0.9087277301781586,0.9044713707355289,0.7142857142857143,1.0,0.8888888888888888,0.9523809523809523
481,Multinomial logistic,0.8569770283479962,0.8701363754642442,0.8643486585716985,0.9090909090909091,1.0,0.5833333333333334,0.9354838709677419
481,Linear SVM,0.9711021505376344,0.9699252207738864,0.9659962886470566,1.0,1.0,0.9166666666666666,0.967741935483871
481,RBF SVM,0.9838709677419355,0.9765598133136821,0.9663367136262854,1.0,1.0,1.0,0.9354838709677419
481,Random forest,0.8650415444770284,0.8851894521249359,0.8814571194841052,0.9090909090909091,1.0,0.5833333333333334,0.967741935483871
481,Extra trees,0.9147727272727273,0.9303456106734795,0.9318371878850743,0.9090909090909091,1.0,0.75,1.0
481,kNN,0.9275415444770284,0.945140572454163,0.932653744315795,0.9090909090909091,1.0,0.8333333333333334,0.967741935483871
481,HistGradientBoosting,0.8986436950146628,0.9131343273331638,0.8981854382475806,0.9090909090909091,1.0,0.75,0.9354838709677419
482,Multinomial logistic,0.9415178571428572,0.9333814333814334,0.938808981281731,0.9285714285714286,1.0,0.9,0.9375
482,Linear SVM,0.9765625,0.9563569556503417,0.9551551807750893,1.0,1.0,1.0,0.90625
482,RBF SVM,0.984375,0.969208211143695,0.9699160591824534,1.0,1.0,1.0,0.9375
482,Random forest,0.9255639097744361,0.9367396933461348,0.9386811165260999,0.9285714285714286,0.9736842105263158,0.8,1.0
482,Extra trees,1.0,1.0,1.0,1.0,1.0,1.0,1.0
482,kNN,0.975,0.9835953520164046,0.9846216308025032,1.0,1.0,0.9,1.0
482,HistGradientBoosting,0.9011278195488721,0.9165896642057634,0.9080212824867625,0.8571428571428571,0.9473684210526315,0.8,1.0
483,Multinomial logistic,0.958781138216622,0.9631274591457857,0.9500464779550992,0.9285714285714286,0.9615384615384616,0.967741935483871,0.9772727272727273
483,Linear SVM,0.976638281073765,0.976638281073765,0.9599545583641012,1.0,0.9615384615384616,0.967741935483871,0.9772727272727273
483,RBF SVM,0.976638281073765,0.9762269641807747,0.960045537522518,1.0,0.9615384615384616,0.967741935483871,0.9772727272727273
483,Random forest,0.949842496213464,0.9572578578104457,0.9398541856982346,0.9285714285714286,0.9807692307692307,0.9354838709677419,0.9545454545454546
483,Extra trees,0.9627147046501886,0.9693385538244607,0.9600343511151915,0.9285714285714286,1.0,0.967741935483871,0.9545454545454546
483,kNN,0.9620178208887886,0.9651872498570612,0.9400249926573225,1.0,0.9807692307692307,0.9354838709677419,0.9318181818181818
483,HistGradientBoosting,0.9459089297798975,0.944070699440825,0.9302638046885482,0.9285714285714286,0.9423076923076923,0.9354838709677419,0.9772727272727273
484,Multinomial logistic,0.9282608695652174,0.920634040755992,0.9264027974664422,1.0,1.0,0.8,0.9130434782608695
484,Linear SVM,0.9782608695652174,0.954004329004329,0.9517363465710927,1.0,1.0,1.0,0.9130434782608695
484,RBF SVM,0.9407608695652174,0.9184815184815185,0.9015969425118127,0.9,0.95,1.0,0.9130434782608695
484,Random forest,0.875,0.9057831465919701,0.9012093758747967,0.7,1.0,0.8,1.0
484,Extra trees,0.975,0.9815229563269876,0.9751923451439101,0.9,1.0,1.0,1.0
484,kNN,1.0,1.0,1.0,1.0,1.0,1.0,1.0
484,HistGradientBoosting,0.9282608695652174,0.9160599126274184,0.9001742057475534,0.8,1.0,1.0,0.9130434782608695
485,Multinomial logistic,0.936610671936759,0.9042629211272393,0.8934615646639575,0.95,0.9782608695652174,1.0,0.8181818181818182
485,Linear SVM,0.9420454545454546,0.9186993927125505,0.9074656255908643,0.95,1.0,1.0,0.8181818181818182
485,RBF SVM,0.9621212121212122,0.9347153635746149,0.9339377480451523,1.0,1.0,1.0,0.8484848484848485
485,Random forest,0.9178606719367589,0.8948837038532852,0.8928362924484298,1.0,0.9782608695652174,0.875,0.8181818181818182
485,Extra trees,0.964262187088274,0.9352502633395081,0.9329924799128363,1.0,0.9782608695652174,1.0,0.8787878787878788
485,kNN,0.9772727272727273,0.9680702068061267,0.9595990672929502,1.0,1.0,1.0,0.9090909090909091
485,HistGradientBoosting,0.9338274044795785,0.9184413681018095,0.8916677312208791,0.9,0.9565217391304348,1.0,0.8787878787878788
486,Multinomial logistic,0.9416946851157377,0.9195423974777349,0.8909753266668794,1.0,0.9545454545454546,0.9473684210526315,0.8648648648648649
486,Linear SVM,0.9548525798525799,0.9433982683982683,0.9067187684472408,1.0,0.9545454545454546,1.0,0.8648648648648649
486,RBF SVM,0.9548525798525799,0.9433982683982683,0.9067187684472408,1.0,0.9545454545454546,1.0,0.8648648648648649
486,Random forest,0.8781811716022243,0.8653801597463568,0.8248698084486861,0.8,0.9545454545454546,0.9473684210526315,0.8108108108108109
486,Extra trees,0.9733285917496444,0.9704952581664911,0.9517211763663486,1.0,1.0,0.9473684210526315,0.9459459459459459
486,kNN,0.948807060649166,0.948807060649166,0.9189686924493554,1.0,0.9545454545454546,0.8947368421052632,0.9459459459459459
486,HistGradientBoosting,0.9166946851157377,0.9056939830195644,0.8723090357848002,0.9,0.9545454545454546,0.9473684210526315,0.8648648648648649
487,Multinomial logistic,0.9626736111111112,0.9584755947245163,0.9441204998414405,1.0,0.90625,0.9444444444444444,1.0
487,Linear SVM,0.9470486111111112,0.9390444015444016,0.9159600358272838,1.0,0.84375,0.9444444444444444,1.0
487,RBF SVM,0.9765625,0.9720195898474587,0.9581419738030726,1.0,0.90625,1.0,1.0
487,Random forest,0.9690393518518519,0.9714082792207792,0.9570618740740324,0.9444444444444444,0.96875,1.0,0.9629629629629629
487,Extra trees,1.0,1.0,1.0,1.0,1.0,1.0,1.0
487,kNN,0.9921875,0.9914862914862915,0.9858179224325491,1.0,0.96875,1.0,1.0
487,HistGradientBoosting,0.9473379629629629,0.9458930128284968,0.9290996759633003,0.8888888888888888,0.9375,1.0,0.9629629629629629
488,Multinomial logistic,0.9159722222222222,0.8948954306670631,0.8625985818975161,1.0,0.875,0.8888888888888888,0.9
488,Linear SVM,0.94375,0.9212112201407474,0.8852473611202321,1.0,0.875,1.0,0.9
488,RBF SVM,0.9677083333333334,0.9513598423744049,0.9306589518417602,1.0,0.9375,1.0,0.9333333333333333
488,Random forest,0.959375,0.9393558429118773,0.908518615249819,1.0,0.9375,1.0,0.9
488,Extra trees,0.9916666666666667,0.9881869542886492,0.9768857850635347,1.0,1.0,1.0,0.9666666666666667
488,kNN,1.0,1.0,1.0,1.0,1.0,1.0,1.0
488,HistGradientBoosting,0.959375,0.9302814327485379,0.9103307986260583,1.0,0.9375,1.0,0.9
489,Multinomial logistic,0.9539835164835165,0.9563685371232542,0.937884784695929,1.0,1.0,0.9230769230769231,0.8928571428571429
489,Linear SVM,0.9732142857142857,0.9702087828989838,0.9534883880790694,1.0,1.0,1.0,0.8928571428571429
489,RBF SVM,0.9581845238095239,0.9531460437710437,0.9366124895918808,0.9375,0.9666666666666667,1.0,0.9285714285714286
489,Random forest,0.9174107142857143,0.9232638888888889,0.889800412920229,0.8125,1.0,1.0,0.8571428571428571
489,Extra trees,0.9732142857142857,0.9702087828989838,0.9534883880790694,1.0,1.0,1.0,0.8928571428571429
489,kNN,0.9821428571428572,0.9790666225092455,0.9687222135113408,1.0,1.0,1.0,0.9285714285714286
489,HistGradientBoosting,0.924702380952381,0.9226403823178017,0.889256130333627,0.875,0.9666666666666667,1.0,0.8571428571428571
490,Multinomial logistic,0.9233817959001782,0.9186968945033462,0.8943917785210499,0.9333333333333333,0.96875,0.9090909090909091,0.8823529411764706
490,Linear SVM,0.9400484625668449,0.9326514231169732,0.9087523552183523,1.0,0.96875,0.9090909090909091,0.8823529411764706
490,RBF SVM,0.9549632352941176,0.9422554347826086,0.9220268124514015,1.0,0.9375,1.0,0.8823529411764706
490,Random forest,0.9238413547237077,0.9242625135921989,0.8947185231699588,0.9333333333333333,1.0,0.9090909090909091,0.8529411764705882
490,Extra trees,0.9739304812834224,0.9754162590851241,0.9608162105167738,1.0,1.0,0.9545454545454546,0.9411764705882353
490,kNN,0.9665775401069518,0.9633890389933879,0.9479477602415645,1.0,1.0,0.9545454545454546,0.9117647058823529
490,HistGradientBoosting,0.9214210115864527,0.929558186911128,0.9066760238636711,0.8666666666666667,0.96875,0.9090909090909091,0.9411764705882353
491,Multinomial logistic,0.8814814814814815,0.8838777304388992,0.8644475651565809,1.0,0.9333333333333333,0.6666666666666666,0.9259259259259259
491,Linear SVM,0.9907407407407407,0.9675052410901468,0.9668712239469012,1.0,1.0,1.0,0.9629629629629629
491,RBF SVM,0.9814814814814815,0.9545423214778054,0.9348894390698425,1.0,1.0,1.0,0.9259259259259259
491,Random forest,0.9648148148148149,0.9616555082166769,0.89814230239839,1.0,0.9333333333333333,1.0,0.9259259259259259
491,Extra trees,0.9907407407407407,0.9872185027388922,0.96653231454683,1.0,1.0,1.0,0.9629629629629629
491,kNN,0.9907407407407407,0.9872185027388922,0.96653231454683,1.0,1.0,1.0,0.9629629629629629
491,HistGradientBoosting,0.9648148148148149,0.9616555082166769,0.89814230239839,1.0,0.9333333333333333,1.0,0.9259259259259259
492,Multinomial logistic,0.9516364626658743,0.9379959446465153,0.9193906488418516,1.0,0.9318181818181818,0.9629629629629629,0.9117647058823529
492,Linear SVM,0.9552139037433155,0.9435764527118103,0.9201397006947473,1.0,0.9090909090909091,1.0,0.9117647058823529
492,RBF SVM,0.9703530402059815,0.9687841907923043,0.9532492135281847,1.0,0.9772727272727273,0.9629629629629629,0.9411764705882353
492,Random forest,0.9255298078827492,0.9186779027377595,0.8847795992273922,1.0,0.9090909090909091,0.8518518518518519,0.9411764705882353
492,Extra trees,0.9814814814814815,0.9832417582417583,0.9768927146703734,1.0,1.0,0.9259259259259259,1.0
492,kNN,0.9907407407407407,0.9916598304621274,0.9883586346006198,1.0,1.0,0.9629629629629629,1.0
492,HistGradientBoosting,0.9133544832074245,0.9138910185421814,0.883803666323919,0.9285714285714286,0.9318181818181818,0.8518518518518519,0.9411764705882353
493,Multinomial logistic,0.9167249417249418,0.925318102949682,0.9135319620184997,0.9,0.9487179487179487,0.8181818181818182,1.0
493,Linear SVM,0.9807692307692308,0.9680952380952381,0.9489076913454693,1.0,0.9230769230769231,1.0,1.0
493,RBF SVM,0.9644522144522144,0.966810408373876,0.9484014295259541,1.0,0.9487179487179487,0.9090909090909091,1.0
493,Random forest,0.8731351981351981,0.8893116687234335,0.8944416871604036,0.7,0.9743589743589743,0.8181818181818182,1.0
493,Extra trees,0.9772727272727273,0.9829931972789117,0.9824344582507465,1.0,1.0,0.9090909090909091,1.0
493,kNN,0.9772727272727273,0.9829931972789117,0.9824344582507465,1.0,1.0,0.9090909090909091,1.0
493,HistGradientBoosting,0.8603146853146854,0.8736850070894115,0.8612891274856354,0.7,0.9230769230769231,0.8181818181818182,1.0
494,Multinomial logistic,0.9602631578947368,0.9602311066126856,0.9494637551047699,1.0,0.9736842105263158,0.9473684210526315,0.92
494,Linear SVM,0.9768421052631578,0.9736278586278586,0.9623369381901249,1.0,0.9473684210526315,1.0,0.96
494,RBF SVM,0.99,0.9899959983993598,0.9873704347457486,1.0,1.0,1.0,0.96
494,Random forest,0.9339473684210526,0.9384075755426302,0.9243504563773681,0.96,0.9736842105263158,0.8421052631578947,0.96
494,Extra trees,0.9802631578947368,0.9802945252945254,0.9748750808137203,1.0,0.9736842105263158,0.9473684210526315,1.0
494,kNN,0.9768421052631578,0.9799924883958497,0.9746835862879045,1.0,1.0,0.9473684210526315,0.96
494,HistGradientBoosting,0.9339473684210526,0.9388485418090682,0.9254607876561792,0.92,0.9736842105263158,0.8421052631578947,1.0
495,Multinomial logistic,0.9641025641025642,0.9571878011450599,0.9310781452154738,1.0,0.9333333333333333,1.0,0.9230769230769231
495,Linear SVM,0.9724358974358975,0.9608333333333333,0.9490984963967068,1.0,0.9666666666666667,1.0,0.9230769230769231
495,RBF SVM,0.9544871794871795,0.9372881355932203,0.9155353391943882,1.0,0.9333333333333333,1.0,0.8846153846153846
495,Random forest,0.9807692307692308,0.9819354838709677,0.9660685006933908,1.0,1.0,1.0,0.9230769230769231
495,Extra trees,0.9903846153846154,0.9909996785599486,0.9828442278982067,1.0,1.0,1.0,0.9615384615384616
495,kNN,0.9820512820512821,0.9700274177467597,0.9661840389436027,1.0,0.9666666666666667,1.0,0.9615384615384616
495,HistGradientBoosting,0.9711538461538461,0.9657597962045968,0.9494430162810625,1.0,1.0,1.0,0.8846153846153846
496,Multinomial logistic,0.8885452961672473,0.8889587374058118,0.8781533500841606,0.9285714285714286,0.975609756097561,0.7333333333333333,0.9166666666666666
496,Linear SVM,0.9397357723577235,0.9354162565836956,0.9242628603138863,1.0,0.975609756097561,0.8666666666666667,0.9166666666666666
496,RBF SVM,0.9564024390243903,0.9526576358940406,0.9391934762261228,1.0,0.975609756097561,0.9333333333333333,0.9166666666666666
496,Random forest,0.9093786295005807,0.9191161142380655,0.9098209229933748,0.9285714285714286,0.975609756097561,0.7333333333333333,1.0
496,Extra trees,0.95,0.9611678004535147,0.9549035352522994,1.0,1.0,0.8,1.0
496,kNN,0.8946428571428571,0.9151410912208254,0.8938564315561436,0.9285714285714286,1.0,0.7333333333333333,0.9166666666666666
496,HistGradientBoosting,0.8485119047619047,0.8600587457205104,0.8467349463278809,0.7857142857142857,1.0,0.7333333333333333,0.875
497,Multinomial logistic,0.8955882352941177,0.9050691369018966,0.8905268816401629,1.0,1.0,0.7,0.8823529411764706
497,Linear SVM,0.9455882352941176,0.9503475400457666,0.9337738059076465,1.0,1.0,0.9,0.8823529411764706
497,RBF SVM,0.9705882352941176,0.9688194444444445,0.9559428332649674,1.0,1.0,1.0,0.8823529411764706
497,Random forest,0.9644607843137254,0.9706851119894598,0.9557176629155261,0.9166666666666666,1.0,1.0,0.9411764705882353
497,Extra trees,0.9602941176470587,0.9665806673546611,0.9550464472523847,1.0,1.0,0.9,0.9411764705882353
497,kNN,0.9602941176470587,0.968396782470009,0.9556897223650528,1.0,1.0,0.9,0.9411764705882353
497,HistGradientBoosting,0.9602941176470587,0.9665806673546611,0.9550464472523847,1.0,1.0,0.9,0.9411764705882353
498,Multinomial logistic,0.9528985507246377,0.9475913891467701,0.9196803602494426,1.0,0.9782608695652174,1.0,0.8333333333333334
498,Linear SVM,0.9667874396135265,0.9606882287106692,0.9421405481414908,1.0,0.9782608695652174,1.0,0.8888888888888888
498,RBF SVM,0.9510046113306982,0.9516025773408782,0.9297651162305921,1.0,0.9782608695652174,0.9090909090909091,0.9166666666666666
498,Random forest,0.910127086078173,0.923911422985666,0.883251400838969,0.9375,0.9782608695652174,0.8636363636363636,0.8611111111111112
498,Extra trees,0.952020202020202,0.9599236913421765,0.9419006511211467,1.0,1.0,0.8636363636363636,0.9444444444444444
498,kNN,0.9633838383838385,0.9688872002701789,0.9533274237947054,1.0,1.0,0.9090909090909091,0.9444444444444444
498,HistGradientBoosting,0.9128101668862538,0.9205588090870012,0.8944994421516428,0.875,0.9782608695652174,0.9090909090909091,0.8888888888888888
499,Multinomial logistic,0.9697802197802198,0.9560270869481395,0.9430507171885885,1.0,0.9743589743589743,1.0,0.9047619047619048
499,Linear SVM,0.9508699633699633,0.9377120686331213,0.919789646539725,1.0,0.9487179487179487,0.95,0.9047619047619048
499,RBF SVM,0.9568223443223443,0.9474983377422401,0.930587938684092,1.0,0.9487179487179487,0.95,0.9285714285714286
499,Random forest,0.9552960927960927,0.955081295646722,0.9415009046133878,0.9444444444444444,0.9743589743589743,0.95,0.9523809523809523
499,Extra trees,0.9755952380952382,0.9783035990114304,0.9650663368029925,1.0,1.0,0.95,0.9523809523809523
499,kNN,0.9755952380952382,0.9783035990114304,0.9650663368029925,1.0,1.0,0.95,0.9523809523809523
499,HistGradientBoosting,0.9455128205128206,0.9269154079280661,0.899271281581277,1.0,0.9487179487179487,1.0,0.8333333333333334
