"MSN_unique_ID","E_Holding.MP..mV.","E_Fitted.MP..mV.","E_Input.resistance..MOhm.","E_Membrane.time.constant..ms.","E_AP.threshold..mV.","E_AP.amplitude..mV.","E_AP.width..ms.","E_Upstroke.to.downstroke.ratio","E_Afterhyperpolarization..mV.","E_ISI.adaptation.index","E_Max.number.of.APs","E_Rheobase..pA.","E_Sag.ratio","E_Latency..ms.","E_Latency....20pA.current..ms.","E_ISI.Fano.factor","E_ISI.coefficient.of.variation","E_ISI.average.adaptation.index","E_Rebound..mV.","E_Sag.time..s.","E_Sag.area..mV.s.","E_AP.amplitude.adaptation.index","E_AP.amplitude.average.adaptation.index","E_AP.Fano.factor","E_AP.coefficient.of.variation"
"A10157_Batch4",-58.57804193,-57.38816034,776.1928013,24.51626158,-29.32739258,74.34082031,2.7,4.294876499,-7.263183594,1.132220796,6,30,1.086138623,190,92.4,0.00205865,0.146210351,1.094719758,0,0.2945,28.45091248,0.829297821,0.943617653,0.531661667,0.091854437
"A10158_Batch4",-74.66135499,-74.33413551,487.4965123,17.25853702,-35.46142578,81.11572266,2,3.199493439,-11.26098633,1.20735786,11,41,1.080340699,534.1,188.1,0.002245732,0.202215153,1.107773078,0.048215691,0.1471,14.03492126,0.830415755,0.980385307,0.957062185,0.125290189
"A10161_Batch4",-75.77651504,-75.6472633,303.4319196,14.61900254,-34.75952148,74.76806641,2.3,3.069359214,-11.4440918,1.232954545,6,120,1.047742248,355,242.3,0.003614126,0.207302075,1.141300431,0.140929178,0.0611,6.032165527,0.849917763,0.918632236,3.780924479,0.266075535
"A10162_Batch4",-84.76412046,-92.70833333,382.0800781,13.89542834,-45.41015625,84.16748047,1.9,3.729938408,-9.246826172,1.091710758,12,120,1.083685008,264.9,179.8,0.000695084,0.117246354,1.042287126,0.098156746,0.1376,13.79971313,0.96082779,0.982112267,0.924443637,0.122101541
"A10163_Batch4",-77.45974616,-81.67986189,367.1700614,13.03229571,-34.1796875,76.38549805,2,3.064007252,-10.52856445,1.362147407,8,130,1.097541427,187.2,153.3,0.000974532,0.113227126,1.362147407,0,0.1062,10.25085144,0.885783718,0.956834612,0.552492543,0.095076855
"A10164_Batch4",-64.47613293,-64.92687407,801.7403739,27.8206782,-28.99169922,78.21655273,2.5,4.392274626,-11.32202148,1.284375,7,40,1.133918859,301.9,134.5,0.003651771,0.202827493,1.252540273,2.101800289,0.3928,43.64350281,0.741716567,0.943487186,1.479286716,0.163629065
"A10166_Batch4",-70.9428469,-69.37546503,516.531808,18.32477107,-36.71264648,86.33422852,1.9,4.386934301,-7.171630859,1.03989704,12,32.5,1.055500477,441,175.9,0.000547546,0.103884477,1.016820665,0.984195661,0.1593,15.09364624,0.939123979,0.983839095,0.578439871,0.095550219
"A10167_Batch4",-65.01393296,-65.08847191,689.7844587,32.81864102,-34.11865234,86.18164063,2.9,4.88169125,-4.089355469,1.088797814,6,30,1.126545578,454.5,224.4,0.003169732,0.181463107,1.132606406,1.131565147,0.2936,29.82404785,0.867465369,0.939590734,1.007697727,0.123751064
"A10174_Batch4",-74.99763765,-91.90470378,419.7474888,7.533330155,-30.33447266,77.27050781,2.3,3.168296132,-10.49804688,0.930827068,11,140,1.034052652,318.3,219.2,0.001120399,0.142597073,0.998952463,0.12258335,0.036,3.384906006,0.966169956,0.991510776,0.565273361,0.099510772
"A10175_Batch4",-76.50872092,-84.57147507,374.4942801,9.980035586,-35.24780273,82.06176758,1.8,3.021014814,-12.9699707,0.964326812,12,120,1.0769262,281.4,226.6,0.000116487,0.047993329,1.029612453,0.512685724,0.3005,27.98832092,0.999240122,1.000173575,0.177171139,0.049371164
"A10177_Batch4",-71.59345668,-76.23029436,318.5163225,13.03107976,-36.56005859,86.76147461,2,3.605380689,-5.889892578,1.044755245,13,90.66666667,1.029743106,442,232.2,0.000487151,0.101709115,1.031716579,0,0.0733,6.519763184,0.984870849,0.991754893,0.315774202,0.068024045
"A10181_Batch4",-59.21471134,-58.60363188,464.5647321,29.76747163,-38.23852539,94.08569336,2.4,4.678348439,-3.173828125,1.731481481,8,20,1.180363302,229.5,89.8,0.015465629,0.435922914,1.530380968,12.56652062,0.5058,50.86008606,0.861507805,0.96970661,1.656003321,0.151562807
"A10184_Batch4",-63.77731549,-63.671875,197.1435547,23.219984,-39.30664063,96.46606445,1.9,4.540016732,3.051757813,10.94047619,3,80,1.157111325,119,99.9,0.034756979,0.832502493,10.94047619,3.17984361,0.4447,36.56068268,0.616442843,0.921930242,2.957648257,0.20032708
"A10185_Batch4",-72.6035946,-81.44821894,577.7413504,10.873757,-27.77099609,71.71630859,2.1,3.449167331,-13.79394531,0.938291139,11,90,1.067053332,233.4,140.5,0.001442738,0.163363741,1.014075864,0.064291315,0.1572,14.93416443,0.935803533,0.985627813,0.695380883,0.114468647
"A10186_Batch4",-70.9824471,-84.78219169,292.8815569,8.357916543,-26.51977539,75.80566406,2,2.856305845,-12.02392578,0.963535912,7,160,1.009206437,517.4,229.2,3.18e-05,0.019287321,1.013477604,0.029368273,0.022,1.890765381,0.947944172,0.985112702,0.10106145,0.036755367
"A10231_Batch4",-69.33183907,-70.47671363,462.2977121,13.51437654,-36.4074707,85.60180664,2,3.285489474,-12.39013672,1.04028021,9,60,1.061278012,241.9,120.2,0.004538717,0.258804525,1.068498282,0,0.1333,12.259935,0.936403509,0.982539443,1.208064631,0.137874306
"A10232_Batch4",-60.22096897,-69.26211403,364.2054967,9.059889389,-19.89746094,77.63671875,2.1,3.340641212,-9.399414063,1.023449319,10,120,1.055994961,316.6,227.2,0.000719606,0.111344068,1.067994702,0.022966829,0.0515,4.049453735,0.953779867,0.987056337,0.208806505,0.057132157
"A10243_Batch4",-67.78894167,-70.44793992,380.5106027,14.25208831,-27.74047852,72.11303711,1.9,3.109970958,-14.95361328,0.912068966,12,90,1.037173545,442.1,162.7,0.000522988,0.101229244,1.036568531,0.387941143,0.0999,8.877600098,0.925592805,0.98006788,1.331691197,0.1579093
"A10252_Batch4",-71.63648933,-96.0550944,458.984375,9.482601016,-28.10668945,81.23779297,2,3.688541163,-11.96289063,1.178516229,8,140,1.049488691,291.7,203.7,0.001546638,0.142548027,1.135533723,0,0.0538,4.501315308,0.967408585,0.974754906,2.827450388,0.216268829
"A10292_Batch4",-72.03516923,-71.37160528,704.171317,19.05196838,-40.34423828,84.89990234,2.4,3.357701257,-8.239746094,0.976031957,13,40,1.163776705,331.4,151.6,0.00071611,0.124443719,1.029528186,0.401962476,0.213,22.85384216,0.926673751,0.981776816,0.581148336,0.094766156
"A10293_Batch4",-67.41323287,-72.7722168,388.1835938,8.681639016,-24.74975586,83.95385742,1.9,3.977025615,-13.06152344,1.015765766,13,81,1.106011272,520,209.6,0.001347801,0.168006547,1.024324792,0.176318718,0.0884,7.529748535,0.925246827,0.980130694,1.174115936,0.142574038
"A10295_Batch4",-69.08786923,-69.45277623,603.8992746,22.77720146,-34.30175781,88.22631836,2.2,4.192719963,-13.54980469,0.791284404,13,50,1.135028711,300.4,89.7,0.00077111,0.127918213,0.929123302,0.789033448,0.3502,35.94216614,0.927389395,0.977797946,1.88147975,0.167743588
"A10305_Batch4",-71.54888245,-73.40175084,472.4993025,10.93063168,-31.67724609,75.74462891,2,3.157695525,-12.02392578,1.146496815,11,80,1.078668551,216,152.2,0.001174393,0.147172616,1.111983693,0,0.0831,7.938095093,0.945979381,0.989293022,0.792986618,0.116908495
"A10313_Batch4",-69.31508043,-69.46382068,766.8631417,23.06712485,-41.22924805,78.79638672,1.9,3.843043928,-12.78686523,1.078234704,11,30,1.098636438,183.6,68.2,0.001900828,0.184138596,1.067274182,0,0.2825,31.96060638,0.846386682,0.973313175,0.879116603,0.120654983
"A11114_Batch4",-56.7938971,-55.0827753,764.6833147,24.69471477,-20.47729492,63.96484375,2.7,2.585458586,-9.246826172,1.257945993,5,40,1.136990705,279.3,135.1,0.001860299,0.138414543,1.147188548,0.57838386,0.3425,31.40160675,0.916499907,0.970126903,0.644325222,0.106461951
"A11121_Batch4",-74.01612893,-77.06676665,442.5920759,13.61568934,-30.45654297,79.07104492,2.8,4.287820024,-12.60375977,1.082214765,9,90,1.095624283,417.7,179.3,0.001263277,0.135529549,1.061879479,0.02901387,0.1365,13.40260315,0.877118644,0.970534098,1.024013084,0.132233116
"A11126_Batch4",-73.32308923,-79.90955171,370.7449777,20.45455613,-29.78515625,83.95385742,2.1,4.025448929,-10.86425781,1.206199461,9,110,1.053881388,410.5,247.8,0.001320401,0.138837796,1.076521587,0,0.1498,13.39230347,0.933308214,0.981666491,0.842533428,0.113397248
"A11132_Batch4",-64.80450485,-67.59643555,436.4013672,21.01892668,-39.48974609,61.12670898,2.3,2.260777635,-13.27514648,0.843629344,11,60,0.987629081,305.3,120.9,0.001697925,0.175511099,1.044108634,0,0.0735,7.137771606,0.902390438,0.975405494,0.771276044,0.127441949
"A11135_Batch4",-69.22232889,-70.33284505,321.6552734,12.86042957,-28.38134766,85.63232422,2,3.840938586,-10.07080078,0.921714818,11,110,1.064900685,500.8,313,0.00035477,0.079822238,0.982753341,0,0.1194,10.58348541,0.953996983,0.982447897,0.603868418,0.097427368
"A11156_Batch4",-72.07937359,-94.26589239,314.7670201,9.033166067,-31.76879883,92.16308594,1.9,4.285661368,-10.68115234,1.051903114,6,180,1.024890997,274,215.3,0.000729632,0.085205741,1.026745095,0,0.1176,9.814212036,0.970317298,0.985436698,0.096975977,0.033734433
"A11181_Batch4",-83.23396167,-85.66429501,369.3498884,11.88268496,-41.16821289,76.41601563,2.2,2.429762869,-12.4206543,1.181533646,8,110,1.078195672,289.1,159.7,0.002506182,0.182678045,1.056459852,0,0.0732,7.609367371,0.909424725,0.974087218,0.360891592,0.076658249
"A11184_Batch4",-66.69324916,-70.42265392,393.4151786,11.16311641,-29.44946289,81.63452148,2.3,3.572911968,-9.979248047,0.963954686,13,100,1.070564177,300.4,193.9,0.001211898,0.16207857,1.009039459,0.147999158,0.1537,14.03730164,0.983852798,0.995677522,0.402874013,0.080842955
"A11186_Batch4",-57.28881042,-57.01206752,467.2677176,15.31871616,-22.70507813,80.3527832,2.3,3.679326125,-12.39013672,1.029288703,8,50,1.054597345,437.1,140.6,0.000774695,0.099197134,1.034776054,0.951041396,0.1385,11.66049957,0.903902798,0.968005541,0.703569502,0.100722506
"A11254_Batch4",-64.64409055,-65.54449172,352.2600446,28.93758526,-32.65380859,96.89331055,2.3,5.725888144,-2.9296875,1.116369279,8,80,1.023664713,255.8,130.7,0.003468375,0.209968683,1.085269272,0.216056815,0.4008,36.12670288,0.933919271,0.970657595,0.798276196,0.101259479
"A11255_Batch4",-70.14014806,-70.31133743,344.6742467,15.07256417,-30.70068359,75.53100586,2.3,3.06782009,-6.591796875,0.935760171,9,100,1.045001673,523,335.7,0.000815959,0.112857936,1.024811578,0,0.074,7.01529541,0.965997542,0.988030426,0.29880143,0.069556047
"A11274_Batch4",-56.22171301,-55.20164853,701.8171038,25.39622061,-31.76879883,73.36425781,2.3,2.834208666,-13.671875,0.956790123,8,30,1.071426933,171.2,90,0.00364793,0.215256894,1.192585213,0,0.2632,26.79620667,0.835605765,0.956703752,0.814712614,0.116083702
"A1174_Batch4",-69.26442052,-75.45718238,242.7455357,7.950619354,-23.95629883,71.16699219,1.8,2.278638637,-13.00048828,0.831525377,7,184.6666667,1.032501309,564.2,431.3,0.000542885,0.093751236,1.007577428,0.039760271,0.08,7.047421265,1.011720591,1.005095409,0.013778391,0.014048724
"A1176_Batch4",-61.63764734,-67.32090541,460.117885,9.063380211,-21.02661133,82.79418945,1.9,4.881939982,-12.87841797,0.977645306,13,80,1.089434763,261.7,142.3,0.000437737,0.095429928,0.998562578,0.325304537,0.1799,14.53711395,0.909281228,0.979020704,1.543037812,0.159655733
"A1182_Batch4",-60.42953626,-60.67039853,423.2352121,15.9674375,-29.75463867,84.28955078,2.2,3.824635052,-6.744384766,1.230263158,9,60,1.047328811,284.6,150.1,0.003659739,0.226360136,1.14101531,0,0.3036,24.447435,0.883771141,0.96069842,2.348199446,0.197733344
"A1222_Batch4",-79.37858724,-79.85229492,476.5973772,16.53732176,-42.90771484,80.13916016,2.2,3.181654925,-7.385253906,1.05574136,9,70,1.090021383,267.2,165.3,0.002140758,0.181305064,1.059479921,0.389256412,0.1571,16.66023254,0.924143242,0.979088724,0.463340483,0.086328837
"A1225_Batch4",-70.42163025,-78.04681687,332.7287946,12.2580264,-30.67016602,83.58764648,2,3.090266817,-10.65063477,1.169811321,9,130,1.023244435,282.2,140.1,0.00144826,0.143812502,1.084722173,0,0.027,2.427285767,0.92827945,0.971597472,0.732429582,0.105632831
"A20256101_Batch7",-77.41656625,-85.86338588,412.4232701,12.0739181,-32.86743164,83.89282227,1.8,4.18931645,-13.27514648,0.951948052,11,110,1.05670882,328.5,190.7,0.001401318,0.159171946,1.024486685,0,0.0758,6.97910614,0.939947781,0.975599406,1.36646132,0.151621073
"A20256103_Batch7",-72.18461012,-72.91056315,450.6138393,14.80076443,-38.26904297,93.0480957,2,3.711373634,-6.34765625,1,11,70,1.134065404,366.9,244,0.000342511,0.077415711,1.016056278,0.483038273,0.2389,23.0543808,0.983949756,0.982230852,0.741456027,0.103164911
"A20256106_Batch7",-57.07819874,-54.24804688,628.0517578,20.6708609,-25.02441406,60.24169922,2.7,2.696704223,-7.629394531,1.193379791,6,30,1.073006371,265.9,130.6,0.012741707,0.373371105,1.364151961,0.072494179,0.1148,10.93861847,0.861680328,0.966432721,0.256134627,0.070281517
"A20256111_Batch7",-55.77229488,-54.62181455,412.0744978,28.85588532,-28.22875977,86.73095703,2.3,5.270781762,-8.941650391,1.259892526,7,40,1.063993184,311.4,125.2,0.004194838,0.21438851,1.259892526,0.383695901,0.4053,34.85319824,0.925569801,0.961632636,0.316406702,0.06571502
"A20256113_Batch7",-70.37111493,-73.98187547,446.4285714,14.0161164,-32.9284668,79.74243164,1.7,3.158599654,-12.54272461,1.084097859,11,90,1.076034689,166.6,123.4,0.001106822,0.142182718,1.066073887,0,0.1027,9.324003601,0.929007634,0.983396323,0.954145368,0.129379343
"A20256114_Batch7",-62.98738298,-62.83801851,334.1238839,28.60845961,-36.80419922,85.78491211,1.8,4.194787622,-5.218505859,2.415238095,6,40,1.271788431,232.6,106.6,0.015348186,0.368185727,2.301073306,6.69746176,0.4729,43.66878052,0.818446956,0.955683911,1.034413175,0.121821499
"A20256116_Batch7",-77.38025444,-86.71061198,405.8837891,8.884569433,-35.88867188,78.36914063,1.9,2.978346883,-10.00976563,1.102094241,13,100,1.093052892,415,171.9,0.001365978,0.17073728,1.081160099,0.109901026,0.17,15.41820984,0.916666667,0.980872613,0.823511274,0.120746509
"A20256117_Batch7",-65.33726959,-67.16570173,369.5242746,16.3561381,-34.05761719,82.85522461,1.9,3.459994118,-5.249023438,1.152998776,8,80,1.030118637,200.2,141.2,0.001208952,0.125781653,1.078807882,0,0.0888,7.571514893,0.916468725,0.961994691,0.692125774,0.106153923
"A20256118_Batch7",-73.1171517,-78.05524554,313.0231585,14.3432177,-34.63745117,81.17675781,1.7,3.409193061,-7.537841797,1.022222222,11,90.66666667,1.03369956,534.8,246.5,0.00036186,0.08090699,1.077224341,0.157003859,0.0714,6.213951111,0.968284295,0.987784184,0.521810966,0.089383269
"A20256122_Batch7",-80.07463366,-82.88574219,422.4504743,13.38815853,-41.04614258,78.85742188,2,3.205774683,-7.843017578,1.737913486,8,62,1.085999281,558.9,185.8,0.013638582,0.413634281,1.29691547,0.061756584,0.0724,7.082850647,0.828661666,0.967434731,1.271057552,0.152051407
"A20256123_Batch7",-74.20053666,-89.31216285,477.1205357,9.092472845,-30.48706055,80.53588867,1.8,3.422722412,-11.77978516,0.978766431,11,120,1.079255101,214.7,149.1,0.001140689,0.142315528,1.01498273,0,0.1096,9.850088501,0.934532925,0.976627271,0.965533104,0.129748738
"A20256124_Batch7",-67.42796539,-70.67929222,443.9871652,11.89226146,-26.85546875,81.39038086,1.9,3.864494874,-8.30078125,1.072847682,12,80,1.089395065,431.9,212,0.000643249,0.112346461,1.038083356,0.039074871,0.1354,11.89365234,0.95007622,0.985819453,0.469621587,0.087109399
"A20256127_Batch7",-67.79211604,-66.53442383,669.5556641,22.03669458,-30.15136719,70.25146484,2.2,2.795067884,-8.728027344,1.137745975,7,40,1.112564741,300.6,140.4,0.001631303,0.148608284,1.124232879,0.716952822,0.1744,16.84198303,0.80405697,0.956459401,0.91779614,0.128917007
"A20256131_Batch7",-56.16449299,-54.69738188,461.5129743,25.92333598,-34.54589844,88.10424805,1.9,4.504502796,-9.033203125,1.016363636,11,20,1.039047353,282.9,85.8,0.000498229,0.093517168,1.025161885,0,0.313,28.10570984,0.915318417,0.97722585,0.914994525,0.117446687
"A20256162_Batch7",-63.93684569,-63.8578869,614.4496373,24.5514466,-38.72680664,88.80615234,2.5,5.805407827,-11.41357422,0.961490683,9,30,1.056543673,313.4,110.9,0.000630329,0.097166681,1.019444706,0,0.4403,47.13380127,0.920245399,0.970552346,1.369661791,0.142217483
"A20256163_Batch7",-79.43383666,-88.64687965,418.6139788,14.7208063,-37.84179688,80.99365234,1.8,2.908510183,-8.7890625,1.079961464,10,100,1.077664542,290.3,167.2,0.002640597,0.209882686,1.062963453,0,0.1156,10.80791168,0.890712421,0.96641383,1.449256164,0.164100466
"A20256164_Batch7",-66.22994822,-68.97001721,305.0885882,12.85885778,-33.63037109,82.79418945,1.7,3.681741416,-12.57324219,1.068965517,13,90,1.01665584,537.2,164.8,0.000522403,0.107704996,1.013477957,0,0.1207,10.4141449,0.971052632,0.991070242,0.511507886,0.088621332
"A20256165_Batch7",-75.82617732,-83.95996094,435.7910156,9.261817713,-33.9050293,82.55004883,1.7,3.71902293,-12.20703125,0.878756477,13,100,1.093387878,410.8,233.8,0.000789986,0.130540649,1.002315571,0.345469469,0.2024,18.60921631,0.950037566,0.987655329,1.143966829,0.140503387
"A20256166_Batch7",-69.47200051,-69.81549944,481.3058036,14.27327839,-31.34155273,67.90161133,2,2.229982524,-8.483886719,1.713117587,3,80,1.068863671,144.7,111.9,0.001315546,0.110087517,1.713117587,0.85041179,0.168,15.59971008,0.7370963,0.851647902,0.703259368,0.108311641
"A20256167_Batch7",-78.40699963,-78.88532366,619.3324498,21.31262081,-48.03466797,69.97680664,2.1,2.430627393,-9.155273438,1.331850792,4,50,1.087030931,142.6,103.6,0.006413874,0.261631734,1.310488084,0.855974967,0.5572,56.84370728,0.836854311,0.882965742,1.48973312,0.162231997
"A20256171_Batch7",-68.93121433,-67.6734561,630.8419364,23.19727488,-40.49682617,80.3527832,2.1,3.931383885,-7.446289063,1.003322259,10,40,1.094808723,166.2,83.6,0.001182016,0.139012654,1.035958945,0.378245776,0.1113,11.03591309,0.905436447,0.973662354,1.105689616,0.135546444
"A20256172_Batch7",-70.57838496,-80.46642485,461.0770089,11.24637294,-28.19824219,82.45849609,1.9,3.724424155,-10.10131836,1.073770492,12,100,1.073680875,286.1,169.2,0.00078353,0.124460268,1.040951553,0.065971919,0.2515,21.71165466,0.956554307,0.983987044,1.185605257,0.141188197
"A20256173_Batch7",-75.30813462,-88.04408482,411.6385324,9.303810646,-32.5012207,85.60180664,1.7,3.39671209,-11.0168457,1.020080321,13,120,1.080092219,351,212.2,0.000459124,0.101422709,1.033654322,0.066730135,0.1989,17.98579559,0.99382716,0.990472877,0.368888142,0.073565738
"A20256176_Batch7",-72.67526738,-74.64744931,514.1775949,13.05199755,-27.0690918,75.86669922,2,3.142215039,-11.38305664,1.140728477,11,52.22222222,1.13234662,538.7,185.8,0.003824452,0.258304236,1.067905761,0.314349092,0.2569,23.4574707,0.913697546,0.975779364,1.688145749,0.176729688
"A20256177_Batch7",-70.01626639,-84.37093099,504.1503906,16.46881163,-37.41455078,79.74243164,2,3.973077279,-6.011962891,0.898249453,8,110,1.01968744,133.7,109.8,0.000595253,0.086701631,1.006344887,0.964464693,0.036,3.152276611,0.842635659,0.957090293,1.946751622,0.183172649
"A20256182_Batch7",-70.42952179,-72.378976,577.6541574,13.44575971,-30.67016602,82.76367188,2.1,3.905098435,-9.490966797,1.085106383,9,60,1.116799109,286,149.4,0.000935513,0.123966833,1.03816671,0.462915666,0.1714,15.86397552,0.928677563,0.976506028,0.740404758,0.10597124
"A20256183_Batch7",-57.06900761,-56.27557664,328.805106,36.97404333,-31.43310547,90.02685547,2,4.472074447,-1.708984375,3.139097744,5,40,1.179384119,204.1,150.4,0.027957025,0.459994855,2.442902166,4.816447558,0.4304,37.90493774,0.735355649,0.951448343,0.768957738,0.101728949
"A20256185_Batch7",-76.39773352,-88.80150205,369.0883092,10.84179689,-37.07885742,85.14404297,1.7,3.77789263,-10.34545898,1.102009274,13,120,1.048756617,292,169.2,0.000705531,0.123912582,1.045732554,0.047801806,0.0779,7.050488281,0.96557971,0.991845482,0.128445838,0.0422067
"A20256186_Batch7",-68.40965212,-71.00830078,446.2541853,14.71933352,-31.21948242,82.39746094,1.8,3.831830195,-10.22338867,1.086538462,10,70,1.043611038,330.2,162,0.000878287,0.122112637,1.033564658,0.376959945,0.0554,4.904879761,0.922959573,0.982444064,0.393875267,0.078167554
"A20256187_Batch7",-65.75517938,-66.5835426,480.5210658,12.55369103,-26.21459961,84.6862793,1.6,3.748409496,-13.27514648,1.035587189,13,52,1.107749561,439.4,183.8,3.99e-05,0.029313514,1.00611873,0.630117446,0.1079,9.419351196,0.98961039,0.997225151,0.165174943,0.046484324
"A20256201_Batch7",-81.00746671,-87.10239955,459.2459542,13.20688001,-36.07177734,75.13427734,2,3.101738029,-13.06152344,1.00511509,9,90,1.104103923,483.4,178,0.001601436,0.153574779,1.037283695,0,0.1301,12.709729,0.905929722,0.971318485,2.350998641,0.203447352
"A20256202_Batch7",-77.68541485,-77.45913551,471.0170201,18.61887249,-45.53222656,80.20019531,2.4,3.055420383,-3.204345703,1.977707006,6,50,1.068817537,402.9,170.6,0.004831818,0.228675326,1.334145803,0.491777783,0.2176,21.64786377,0.846571096,0.952790959,0.824152028,0.1133386
"A20256205_Batch7",-88.22263762,-91.86808268,463.8671875,11.56167906,-43.12133789,73.18115234,1.8,2.717484391,-14.9230957,1.008948546,12,70.47619048,1.123397708,540.3,207.7,0.000688709,0.117320801,1.03164727,0.421890371,0.1267,13.42310028,0.931495405,0.984378081,0.734577946,0.114487559
"A20256206_Batch7",-81.3634157,-92.69932338,413.0336217,8.677931494,-38.7878418,83.16040039,1.8,3.667595498,-12.78686523,1.082882883,13,110,1.079209158,275.3,153,0.000377092,0.089572531,1.048904161,0,0.316,29.96340942,0.978873239,0.989676575,0.777101507,0.107775664
"A20256241_Batch7",-73.1151743,-79.49393136,440.3250558,17.97893371,-36.95678711,74.03564453,2,2.627464406,-11.81030273,0.946043165,9,100,1.071177502,129.2,73.1,0.000229138,0.057852476,1.033259494,0.712865156,0.1005,9.735690308,0.854711499,0.963222166,1.015040728,0.131118396
"A20256242_Batch7",-63.53929319,-65.90721494,410.5050223,16.46750849,-29.81567383,77.81982422,2.2,3.986674999,-8.605957031,1.030809859,11,80,1.077460139,256.8,130.3,0.000675825,0.110399314,1.017652629,0.558014181,0.3294,28.89980164,0.953515175,0.987846709,0.614878826,0.102449597
"A20256243_Batch7",-70.11538892,-75.04824684,388.9683315,18.48102886,-36.65161133,85.44921875,1.9,3.89680176,-7.537841797,1.244171779,7,90,1.021668091,237.3,149,0.006500173,0.269244575,1.133190803,0.374221216,0.2164,19.18419189,0.900473934,0.936448227,2.510739546,0.202856238
"A20256245_Batch7",-73.67581784,-78.24677967,492.1177455,10.38073358,-33.41674805,73.63891602,1.9,3.196410519,-11.38305664,1.123499142,11,80,1.102178935,260.9,137.6,0.000664,0.108919717,1.049419061,0.022779837,0.0975,8.759257507,0.910798122,0.978925163,1.652621609,0.171136728
"A20256247_Batch7",-65.79206556,-66.96573893,529.7851563,15.01434167,-23.46801758,71.22802734,2.3,3.614024136,-8.422851563,1.344017094,8,51.33333333,1.113088561,412.9,169.4,0.002271104,0.177305018,1.09840473,0.666460237,0.1858,16.17498779,0.765681004,0.948551663,0.845969242,0.128477895
"A20256251_Batch7",-69.29875134,-86.96754092,476.4229911,7.825332566,-25.36010742,77.97241211,1.7,3.189851399,-15.8996582,1.065982405,12,130,1.088357547,155,118.8,0.001396597,0.168903629,1.084303288,0.002510931,0.1003,8.447879028,0.96387987,0.987089254,0.835801347,0.120298041
"A20256252_Batch7",-68.48239878,-74.09086682,438.1452288,13.32649811,-26.15356445,78.09448242,1.8,3.421458063,-12.90893555,1.020560748,11,90,1.093202667,355.5,173.8,0.001340913,0.156042473,1.048454753,0.16576359,0.1592,14.15627441,0.89908983,0.979395725,0.776708191,0.114786608
"A20256254_Batch7",-68.92655743,-73.12069847,505.0223214,10.07200935,-23.1628418,74.24926758,1.7,2.731369455,-13.30566406,1.091803279,12,80,1.173113763,478,188.1,0.0008474,0.128138954,1.059973259,0.030249392,0.1403,12.34650574,0.937161881,0.989416354,0.64128995,0.105119912
"A20256262_Batch7",-75.680429,-75.7745652,404.4886998,16.57050079,-46.56982422,91.00341797,1.8,3.228425674,-5.065917969,1.035904255,11,50,1.068384675,360.1,145.2,0.001041753,0.137651227,1.0433254,0,0.1935,18.42778473,0.935146444,0.981783169,0.727011238,0.103882096
"A20256263_Batch7",-74.10861662,-78.06599935,444.9462891,12.42117346,-30.42602539,76.41601563,1.8,3.121556688,-14.61791992,1.068874172,11,90,1.116792421,303.3,174,0.000789619,0.118082462,1.037647858,0,0.1639,15.22354126,0.968926554,0.985866096,0.761450399,0.115014872
"A20256264_Batch7",-67.55145289,-72.15198335,372.0528739,11.8787384,-24.04785156,76.20239258,1.7,2.872646886,-14.43481445,1.097183099,12,100,1.075362868,529.3,205,0.001518839,0.171626401,1.053390055,0.079275491,0.1581,13.38883209,0.967408585,0.983313062,2.066849665,0.196500933
"A20256265_Batch7",-73.96497966,-78.93269857,492.5537109,14.79719794,-30.51757813,73.12011719,2,3.112512137,-13.70239258,1.014925373,10,80,1.046662918,335.4,189.5,0.00072923,0.111893518,1.059795772,0,0.077,7.070393372,0.934052758,0.976956246,0.852441088,0.123244143
"A20256266_Batch7",-57.13365143,-69.62076823,526.1230469,11.55254493,-15.99121094,82.88574219,1.8,3.35527073,-11.10839844,1.07994186,9,110,1.074893322,168.1,146.8,0.000979403,0.120623785,1.062698449,0.137188423,0.1001,7.360276794,0.917391304,0.975104292,1.003643278,0.12770197
"A20256267_Batch7",-69.26016857,-69.37546503,512.9568917,17.38343199,-31.86035156,73.63891602,2.1,2.569321063,-7.476806641,1.139423077,8,50,1.093385681,381.1,161.4,0.006143672,0.284106344,1.218452228,0,0.2007,18.22605896,0.852842809,0.957698238,1.07864311,0.139099092
"A20256268_Batch7",-57.46817246,-55.89250837,497.5237165,25.06409804,-27.58789063,75.98876953,1.9,3.512407923,-12.39013672,1.048854962,9,22.22222222,1.045242051,579.5,189,0.002050735,0.175000361,1.071270889,0,0.271,23.57447815,0.883842444,0.965338557,1.941331575,0.190973857
"A20256274_Batch7",-69.68672391,-72.55830311,382.1672712,10.7541127,-31.37207031,80.01708984,1.8,3.323844191,-9.246826172,1.001988072,11,90,1.068428428,347.6,176.1,0.001884363,0.18462831,1.019842954,0,0.2621,22.44560242,0.96143358,0.982187835,2.163392702,0.204842181
"A20256275_Batch7",-64.73859098,-69.18916248,255.03976,8.10338531,-27.52685547,81.57348633,1.8,3.186842883,-9.399414063,1.014362657,15,113.3333333,1.022993939,477.2,211.2,0.000353092,0.093719663,0.997380573,0,0.0674,5.613789368,1,0.998861906,0.091617359,0.036060624
"A20256276_Batch7",-70.08161105,-71.11467634,630.8419364,15.79005737,-27.46582031,71.59423828,2.4,3.551214224,-8.422851563,1.546471601,8,60,1.130474504,273.6,157.8,0.004369595,0.23819626,1.184364259,0.126392387,0.2464,22.49672089,0.865774709,0.965076798,0.791544681,0.121271727
"A20256303_Batch7",-59.5673245,-58.99135045,613.2289342,30.08690074,-36.28540039,87.15820313,2,3.520615931,-10.83374023,1.072115385,11,30,1.104136692,113.7,66.9,0.000640648,0.106625895,1.085727058,1.007727605,0.3877,39.67893219,0.949981336,0.972916105,1.049835779,0.128606665
"A20256304_Batch7",-72.54121292,-76.42444429,438.0580357,14.8801147,-34.14916992,78.24707031,2,4.181130358,-8.850097656,1.021299255,10,80,1.071896156,335.7,174.2,0.002012516,0.183009077,1.022275688,0,0.1219,11.08037415,0.918178154,0.973532268,1.149410956,0.144991354
"A20256307_Batch7",-69.16602061,-85.25274368,418.3523996,8.71686174,-25.75683594,82.94677734,1.9,3.579944447,-7.659912109,1.06012024,12,120,1.051887093,328.9,197.2,0.000381248,0.088777567,1.013908614,0.039243631,0.0689,5.796408081,0.976155539,0.991226284,0.265524664,0.06311528
"A20256410_Batch7",-64.26952182,-62.42472331,605.46875,21.9986754,-33.29467773,65.85693359,2.6,3.364777832,-5.767822266,1.148558758,10,40,1.048033042,219.7,114.9,0.002137349,0.184255619,1.077649102,0.223197801,0.102,10.05854492,0.952064547,0.991915683,0.430407756,0.087858514
"A2025644_Batch7",-78.01869816,-86.08863467,386.8756975,12.63271447,-30.88378906,76.20239258,1.8,3.02739418,-15.10620117,1.006593407,10,110,1.100122707,472.8,230.6,0.001409637,0.156862258,1.045643051,0,0.0915,8.486746216,0.902165507,0.978357913,0.812776914,0.117547515
"A2025646_Batch7",-72.18117498,-70.12416295,541.2074498,17.14960923,-47.36328125,87.40234375,2.1,4.51073042,-6.134033203,0.913513514,14,30,1.068670584,243.9,105,0.000979934,0.151681543,1.02339123,0.086501025,0.1155,12.0105423,0.935627081,0.98333017,1.259429043,0.142805484
"A2025647_Batch7",-58.4226558,-56.13781157,849.2606027,22.38562625,-31.55517578,71.22802734,2.5,3.137477659,-5.981445313,1.095982143,7,30,1.098223637,126,78.7,0.001594602,0.139167648,1.13360651,0,0.4812,47.26873169,0.794368601,0.949824514,0.726465167,0.113601647
"A2025648_Batch7",-73.48096926,-72.43041992,356.1401367,15.03984903,-33.41674805,75.16479492,1.8,2.48081742,-16.23535156,1.182235835,9,60,1.089831973,479.7,117.2,0.004259553,0.253302147,1.147018258,0.864540431,0.0629,5.863931274,0.785927029,0.974488291,1.188240236,0.139687413
"A2025652_Batch7",-55.83742046,-67.86382766,471.3657924,12.04448766,-11.16943359,81.14624023,1.9,3.571407452,-10.83374023,1.114803625,10,110,1.067851936,282.1,178.6,0.002183407,0.190761955,1.090311525,0.282079838,0.277,20.21304321,0.93201581,0.973930831,1.041205173,0.135382212
"A2025653_Batch7",-63.10340852,-75.68214053,437.5348772,12.41143776,-18.03588867,79.52880859,1.7,3.265529724,-10.68115234,1.20754717,11,110,1.067757335,354.2,186.3,0.001877585,0.186778939,1.106599509,0,0.1114,8.590213013,0.903683807,0.97630642,0.688726966,0.107801275
"A2025654_Batch7",-71.44194465,-77.36496698,371.2681362,10.66871112,-29.26635742,77.88085938,1.8,3.388798918,-7.629394531,1.134715026,11,110,1.09727228,344.7,211.8,0.001552391,0.167958064,1.042461039,0.141274013,0.1272,11.04940643,0.934755847,0.97967268,1.160187756,0.14781363
"A2025656_Batch7",-73.75302775,-78.05873326,410.5050223,13.93701834,-31.15844727,75.59204102,1.9,3.314097915,-8.728027344,1.282861897,8,80.66666667,1.077124225,468.6,210.3,0.005404852,0.270204276,1.143467122,0.27674429,0.0743,6.745874023,0.869865799,0.96975687,1.055291877,0.135721987
"A2025657_Batch7",-84.45719896,-86.76438105,618.1989397,9.349686869,-44.25048828,75.83618164,1.8,3.101104243,-10.55908203,1.077540107,12,60,1.11024418,205.4,111.8,0.001684035,0.188074797,1.079212908,0,0.0975,10.67223053,0.933279089,0.985284085,0.617563889,0.102104251
"A2025661_Batch7",-73.95898759,-73.89729818,621.9482422,24.49469462,-40.37475586,65.79589844,3,3.946728975,-10.43701172,2.822250639,3,20,1.145342913,540.4,129,0.0339683,0.476748076,2.822250639,2.113222882,0.2962,33.65292053,0.772195756,0.810382791,1.784397185,0.176906403
"A2025664_Batch7",-60.15335473,-61.26708984,440.9790039,14.78910639,-25.84838867,85.47973633,2.1,4.709121123,-11.0168457,0.998046875,14,20,1.134236435,451.2,138,0.000502335,0.105890691,1.019597452,0.718497553,0.2372,22.51361542,0.896899784,0.986879113,1.020701159,0.128787929
"A2025666_Batch7",-60.05357055,-60.43207078,490.8098493,11.7149024,-17.51708984,84.2590332,1.9,4.29955817,-7.690429688,1.052966102,10,60,1.105558263,397.9,180.3,0.002115204,0.185404774,1.06819275,0.1232345,0.218,17.71088867,0.879361544,0.974632099,1.284455397,0.144511981
"A2025712_Batch7",-65.36867241,-67.09623791,407.5404576,12.17666553,-28.28979492,75.07324219,2.1,3.039069913,-8.453369141,0.924,15,80,1.077839403,435.7,226.6,0.000790602,0.137527857,1.013652824,0.117616008,0.1125,10.2123291,0.982608696,0.993892043,0.959315125,0.130179159
"A20257151_Batch7",-81.46274538,-84.16341146,518.9732143,13.97865395,-39.52026367,72.69287109,2.3,2.93215218,-13.12255859,1.049630412,7,70,1.12617632,451.4,178.1,0.002688223,0.179409748,1.127157355,0.057027654,0.1054,10.82431488,0.856127143,0.950864749,0.559000301,0.096538902
"A20257152_Batch7",-72.65859266,-71.68520973,612.2698103,20.2931088,-35.09521484,68.78662109,2.6,4.245399368,-5.004882813,2.601886792,6,40,1.058885022,337.1,149.9,0.007092929,0.275162578,1.381589788,0,0.1043,10.69317322,0.676840215,0.970369361,0.879855212,0.127001119
"A20257155_Batch7",-62.15672156,-61.90040225,614.7984096,24.32217413,-24.4140625,74.24926758,2.3,2.839617384,-12.6953125,1.36525974,10,44.11764706,1.10169803,388.6,191.2,0.001507919,0.164552581,1.229651633,0.086547852,0.1353,13.66915588,0.921388667,0.967117955,0.824414654,0.121932746
"A20257156_Batch7",-70.51480423,-81.74235026,307.2684152,7.872415463,-30.15136719,81.35986328,1.7,2.937826754,-11.10839844,1.095867769,13,140,1.01542079,332,193.5,0.000298007,0.081964478,1.028790372,0.091017503,0.0158,1.383203125,0.996906419,0.998053973,0.100790959,0.037522001
"A20257157_Batch7",-75.5407422,-79.98221261,439.0171596,16.08598858,-40.34423828,81.7565918,1.7,3.345632199,-6.927490234,1.2,9,80,1.039876933,266.8,145.3,0.002501853,0.192682019,1.080838703,0.682376508,0.0657,6.078421021,0.939291101,0.968344852,0.902999501,0.121073297
"A20257158_Batch7",-66.92233812,-73.3715239,391.4969308,9.988921799,-23.22387695,84.19799805,1.8,4.43730122,-8.758544922,1.032868526,11,80.66666667,1.075354569,545.4,283.2,0.000837302,0.125655102,1.007097005,0.028580251,0.151,12.50143433,0.98455162,0.991354351,0.264053533,0.062259578
"A20257161_Batch7",-80.6355013,-85.06731306,360.8049665,8.439467695,-41.015625,77.08740234,1.7,3.038144274,-14.43481445,0.956304619,17,100,1.07456927,366.1,186.3,9.44e-05,0.05128228,0.982477399,0,0.0601,6.047488403,1.012810248,1.000392289,0.302124077,0.06780844
"A20257162_Batch7",-78.10264135,-90.25617327,344.6742467,9.012368767,-28.99169922,62.5,2.1,2.52989284,-16.44897461,1.163377193,11,120,1.068659415,552.5,239.8,0.002414895,0.209635732,1.072359159,0,0.0824,7.363531494,0.934889435,0.979653599,1.061678259,0.141625015
"A2025716_Batch7",-74.3570123,-84.28955078,371.7041016,9.299449438,-31.00585938,77.88085938,1.8,3.020432084,-9.216308594,0.995989305,11,110,1.032077222,529.5,222.4,0.001550373,0.167635757,1.025238878,0.021448747,0.0561,5.06038208,0.953752535,0.986392431,0.43328969,0.085225795
"A20257171_Batch7",-83.36459951,-81.26947312,553.1529018,15.07200939,-49.92675781,90.42358398,2.4,4.375041376,-4.8828125,0.9925,12,30,1.147841702,295.1,117.5,0.000755864,0.123008275,1.023129421,0.901200064,0.3079,34.24224548,0.913471685,0.965872063,1.78827181,0.17218784
"A20257172_Batch7",-67.80121656,-76.43432617,391.8457031,12.92745863,-25.08544922,79.71191406,2,3.48445866,-10.00976563,1.140728477,8,90.66666667,1.083887249,460.6,237.5,0.001272011,0.131463898,1.066422659,0,0.0997,8.156359863,0.903078677,0.965201296,1.311681727,0.145130135
"A20257174_Batch7",-75.96881838,-83.75156948,457.938058,10.40321036,-30.91430664,73.5168457,1.7,2.762202607,-13.15307617,1.077452668,11,100,1.145776466,385.4,180.9,0.000445531,0.091470051,1.043553157,0,0.1187,11.03397217,0.930877483,0.984697024,0.348575978,0.076788944
"A20257177_Batch7",-67.97571419,-76.1945452,377.3716518,12.16581496,-20.99609375,76.01928711,1.6,3.161222871,-14.80102539,1.0640625,12,130,1.074467838,420.1,250.1,8.18e-05,0.040736076,1.019535939,0,0.1215,10.36483002,0.991718427,0.9953588,0.179462289,0.052841336
"A20257178_Batch7",-64.56730504,-61.97102865,683.59375,12.30802302,-25.42114258,69.30541992,2.2,3.109912753,-7.415771484,3.128865979,6,40,1.131376319,156.3,97.8,0.019697302,0.474134707,1.956189813,0.494875999,0.1985,18.31953583,0.671628327,0.934569332,1.569456894,0.172423927
"A20257182_Batch7",-73.41809296,-73.48720006,429.3387277,12.63978804,-44.37255859,83.67919922,1.8,2.998506343,-12.23754883,0.996275605,13,42.5,1.088293113,424.8,131.9,0.001000521,0.147094485,1.02862676,0,0.1083,10.72733612,0.92204496,0.986630575,0.622377263,0.099474744
"A20257184_Batch7",-59.83041852,-65.51542736,435.093471,8.713556408,-8.972167969,60.85205078,2.5,3.416748099,-15.28930664,1.169469599,6,90,1.050041277,322.6,146.7,0.002039548,0.139757499,1.100019827,0,0.1,8.651983643,0.903550864,0.9701331,0.294642855,0.072127925
"A20257186_Batch7",-73.57222084,-89.94983491,374.9302455,11.20312105,-32.37915039,85.96801758,1.6,2.957394101,-6.683349609,1.155737705,10,130,1.050919354,356.7,215,0.000896551,0.122832444,1.061507155,0.097723739,0.1005,8.499275208,0.945447844,0.980275697,0.408340904,0.07800347
"A20257188_Batch7",-66.60919084,-71.89127604,368.6523438,11.43503787,-28.07617188,81.26831055,2,3.682360541,-5.004882813,1.069204152,13,90,1.057958384,420.7,194.3,0.001119689,0.153331467,1.035709852,0,0.0383,3.263156128,0.952922715,0.988613904,0.868006755,0.120076175
"A2025731_Batch7",-71.58972166,-70.95482236,529.2619978,20.8952229,-41.16821289,90.91186523,2.1,3.806162856,-8.117675781,1.088599752,11,30.58823529,1.175303129,263.3,59.8,0.002240719,0.199409898,1.074576861,1.137000086,0.4744,48.2965271,0.854108635,0.95849192,0.686656924,0.100168932
"A2025732_Batch7",-71.05047741,-81.51855469,349.1210938,6.558487405,-25.72631836,83.12988281,1.5,2.993367496,-16.81518555,1.018744906,13,130,1.074900842,241,149.7,0.000475262,0.100916717,1.029736537,0.068825058,0.1085,9.331550598,1.002267574,0.991904628,0.439769484,0.081180424
"A2025734_Batch7",-71.33670506,-72.28597005,304.7398158,11.03781045,-50.14038086,98.75488281,1.6,4.091096167,-3.356933594,0.79093199,24,70,1.078160282,158.8,84,0.001900021,0.27549093,1.174636476,0,0.0322,2.87816925,0.981269841,0.995815161,0.757707898,0.097488784
"A2025735_Batch7",-63.92856086,-63.88026646,523.3328683,14.46899715,-25.1159668,82.79418945,1.8,4.105963816,-9.246826172,1.066599395,11,50,1.081010753,431.9,192.6,0.002501991,0.210509847,1.046689206,0.789157453,0.1025,8.895765686,0.900221729,0.978308213,1.649332487,0.174199584
"A2025737_Batch7",-72.61055853,-79.16782924,434.8318917,10.56458216,-30.82275391,87.82958984,1.8,4.327887973,-7.019042969,1.057831325,12,90,1.076476035,239,144.7,0.001904363,0.192893242,1.082373234,0.122849865,0.1508,13.67427979,0.944110364,0.986934492,0.846017069,0.111241359
"A2025738_Batch7",-65.95700646,-77.82156808,524.3791853,9.707987027,-20.26367188,82.48901367,1.6,3.822976205,-12.6953125,0.971698113,13,90,1.046073725,345.7,186.3,0.001215422,0.161010569,1.017598563,0.166465306,0.1125,9.166348267,0.959770115,0.981733112,0.885750705,0.121660737
"A2025781_Batch7",-70.12221103,-73.42529297,411.9873047,12.90260272,-25.42114258,71.47216797,2,2.794621288,-15.80810547,0.955497382,10,90,1.102043722,505.4,192.5,0.000306969,0.072411036,1.014667232,0.027965101,0.2221,20.24093628,0.916526846,0.978911729,0.649963331,0.105916615
"A2025784_Batch7",-71.76008242,-71.8976702,502.406529,15.02577551,-44.25048828,91.30859375,1.9,4.074696198,-8.148193359,0.89276808,14,50,1.057673173,226.3,128.8,0.000344249,0.088206155,0.993593649,0.131489517,0.0682,6.88031311,0.99100346,0.989845628,0.275098193,0.060152969
"A2025786_Batch7",-79.24914148,-97.86871047,354.7014509,10.74547237,-36.77368164,81.78710938,1.7,3.260258167,-10.95581055,1.263796909,9,150,1.065202658,323.3,199.2,0.002086409,0.181568593,1.12877829,0,0.4014,36.43221283,0.947227533,0.977992353,0.28508129,0.064701788
"A2025788_Batch7",-69.90506767,-78.7269229,412.2488839,11.69416854,-29.81567383,85.14404297,1.8,4.278602009,-10.07080078,1.056360709,11,100,1.0730082,328.5,197.1,0.00047442,0.092481017,1.039188372,0,0.1271,10.77044983,0.943287037,0.985578285,0.568117254,0.093152282
"A2025792_Batch7",-77.83003328,-82.25097656,471.8017578,9.787408413,-39.61181641,85.69335938,1.8,3.427217584,-10.10131836,0.968586387,16,80,1.178428451,318.7,154.7,0.00188155,0.223323128,1.053771806,0,0.2028,19.21165161,0.97059853,0.992413249,0.424126586,0.081422551
"A2025793_Batch7",-65.83700783,-68.98193359,500.4010882,9.91209397,-26.48925781,87.86010742,1.9,3.984769837,-10.34545898,1.091726619,12,60.47619048,1.137027743,446.1,206.5,0.000509246,0.103177477,1.041063501,0,0.2119,18.4326416,0.971046771,0.989899629,0.244830324,0.058275631
"A2025794_Batch7",-73.16897377,-79.31663876,253.9934431,8.630625383,-35.52246094,93.68896484,1.6,3.861180506,-12.23754883,0.99047619,15,110,1.06442632,538.4,217.8,0.000185134,0.068479787,1.009885534,0.016661763,0.1001,8.581689453,1.001671123,0.998558743,0.08834325,0.032863351
"A2025795_Batch7",-81.792532,-76.76478795,229.0562221,21.96186046,-38.7878418,77.23999023,2.2,3.398229001,-13.15307617,1.099630996,10,102.3076923,1.036189889,586.7,257.5,0.001197106,0.142389123,1.085872445,0,0.0979,9.490621948,0.945652174,0.980919069,0.497395225,0.090719221
"A2025796_Batch7",-63.42759348,-65.78572591,364.9030413,13.15357905,-33.72192383,80.32226563,1.5,3.020260817,-13.61083984,0.956304619,15,70,1.033451537,262.2,132.1,0.000427097,0.101921776,1.022234007,0,0.0815,6.915328979,1.002638522,0.995772122,0.579648236,0.096229955
"A2025797_Batch7",-56.5584103,-56.53628395,632.2370257,29.89101076,-25.87890625,74.82910156,2.7,3.867011204,-7.568359375,1.469346734,5,25,1.131277094,467.6,161.7,0.008206919,0.29276603,1.469346734,1.961009122,0.4794,48.40918884,0.842040816,0.875615573,1.866385764,0.179316568
"A2025798_Batch7",-58.18850376,-58.8823591,533.9704241,22.41589513,-30.05981445,75.28686523,2,3.06654445,-13.00048828,1.076,9,50,1.012407864,208.2,116.4,0.002481611,0.195299673,1.050844707,0.025763738,0.2412,20.21278992,0.900454358,0.974019143,0.684795163,0.108763798
"D2510215_Batch8",-75.58259173,-90.3863816,210.2225167,5.348290568,-35.88867188,92.01049805,1.5,3.460769893,-11.74926758,0.986308305,6,200,1.027322743,493.9,241.7,0.000188196,0.047417908,1.020354524,0.103493332,0.0523,4.438012695,0.991866522,0.99687344,0.002813287,0.005625026
"D2510218_Batch8",-58.25539681,-57.93631417,787.6150949,24.28482361,-31.89086914,77.63671875,1.7,2.649270374,-13.61083984,1.078494125,8,30,1.201047892,138,77.8,0.000483292,0.081389958,1.069166654,0.735372898,0.4861,54.80021667,0.847049702,0.915109519,1.289531433,0.152497762
"D251022_Batch8",-86.25885466,-91.82332357,355.2246094,7.173280861,-49.04174805,85.20507813,1.7,2.40771703,-15.59448242,0.995483288,14,82.72727273,1.096196115,483.7,175.4,0.001628743,0.195199057,1.063102382,0.107892974,0.0835,8.392501831,0.956378299,0.984661509,0.599739773,0.097412871
"D2510232_Batch8",-85.08092404,-93.75552223,267.5955636,6.919480459,-51.36108398,99.36523438,1.8,3.856170446,-7.8125,1.040492958,14,130,1.054980903,376.2,189.5,0.000294092,0.083245751,1.02896901,0,0.1033,10.20813599,0.989018088,0.993578189,0.164652665,0.044850017
"D2510233_Batch8",-70.74392525,-69.3199521,429.4259208,21.73914269,-45.34912109,78.21655273,2.3,3.834739013,-0.579833984,1.527472527,11,30,1.125787033,293.7,116.1,0.041251628,0.873620261,1.454193456,3.137035428,0.4029,44.92279968,0.711598746,1.01179804,4.450354347,0.275185073
"D2510242_Batch8",-77.32028046,-83.98815337,499.4419643,19.83766333,-43.42651367,82.82470703,2.3,3.801210219,-7.781982422,1.804733728,5,80,1.058972082,204.1,142.3,0.006202832,0.230079295,1.139656713,0.177619104,0.1068,10.12671509,0.874763526,0.903421667,1.849444546,0.170153255
"D2510245_Batch8",-65.42312535,-76.71508789,295.2357701,7.755194012,-30.76171875,92.01049805,1.6,3.169019564,-9.246826172,0.928176796,12,130,1.05838178,375.4,164.7,0.000141614,0.052921635,1.016385186,0.022349311,0.147,11.77825928,0.974376731,0.991657289,0.096547751,0.034581912
"D251024_Batch8",-57.70391205,-60.19664946,245.8844866,17.3729403,-23.37646484,89.47753906,1.5,3.743996986,-9.094238281,1.475482912,9,120,1.062207328,171,65.2,0.005646846,0.284531833,1.203198195,0.370638918,0.3482,27.20419617,0.908265802,0.979452839,0.363262392,0.06800051
"D251025_Batch8",-61.83221437,-60.13212658,499.0059989,31.35591924,-39.58129883,83.58764648,2,3.625401105,0.915527344,2.700205339,10,30,1.145551884,134.4,83.2,0.007121177,0.334470431,1.614238129,16.3938506,0.4178,44.13660889,0.835763622,0.985289298,0.729074139,0.107850253
"D251027_Batch8",-62.89690662,-67.41594587,284.1622489,10.85582097,-23.68164063,76.50756836,1.8,3.099688334,-14.55688477,1.032594524,13,130,1.008272901,457.6,264.8,8.51e-05,0.043852962,0.9917695,0.277783602,0.3594,30.02778015,1.001992826,0.999546301,0.012795453,0.01365441
"D251031_Batch8",-84.17475343,-98.99873279,370.3962054,11.83059387,-48.00415039,90.36254883,1.7,3.585367902,-7.873535156,1.103967168,12,120,1.040576675,216.7,134.9,0.000839014,0.128319631,1.066492397,0,0.1058,10.08111572,0.936097893,0.980976243,0.664364653,0.099119632
"D251061_Batch8",-78.19170868,-77.39548456,401.9601004,14.06997261,-40.64941406,81.66503906,2.1,2.761988431,-8.209228516,1.478781284,9,90,1.075438229,215.7,199.1,0.000914542,0.113493951,1.151826256,0,0.2771,29.2901001,0.968882059,0.976558088,3.230301861,0.233304941
"D251062_Batch8",-65.5571124,-65.3889974,378.8539342,16.25159737,-37.50610352,81.3293457,1.9,2.998982129,-10.4675293,1.213166144,12,70,1.05887047,243.3,136.6,0.001183379,0.152259143,1.235004415,0.161622781,0.0962,9.106735229,0.965313362,0.985163926,0.698047364,0.108182954
"D251064_Batch8",-57.57133904,-56.24767485,564.8367746,21.11835283,-31.64672852,98.02246094,1.7,4.510723673,-11.13891602,1.129296236,12,23.33333333,1.095603785,354.6,70.7,0.001677039,0.177974256,1.064638158,1.049568039,0.4486,45.83909607,0.886308806,0.965098016,0.787240258,0.102381811
"D251071_Batch8",-77.46309825,-75.46691895,226.1352539,10.61502721,-41.47338867,92.16308594,1.8,4.284869939,-10.68115234,0.904347826,13,64,1.066245936,389.4,197.3,0.000535506,0.107275408,1.009102122,0,0.052,4.811831665,0.947228676,0.98557796,0.680812083,0.097423117
"D251074_Batch8",-77.62540305,-85.92907134,274.57101,9.648228067,-30.2734375,78.85742188,1.9,3.152613512,-11.96289063,1.498752689,4,190,1.066180337,281,210.4,0.003612374,0.175239148,1.327177619,0,0.1117,10.37252808,0.928598535,0.953170208,0.120848858,0.0403188
"D251075_Batch8",-73.59469657,-73.18115234,357.0556641,14.74847199,-43.73168945,87.82958984,1.8,3.806709187,-6.683349609,1.011566772,12,50,1.052809005,291.6,112.7,0.00111871,0.150113214,1.014555089,0.588047794,0.1342,12.62059631,0.916666667,0.983871075,0.289746441,0.063166027
"D251076_Batch8",-70.46354965,-68.22858538,297.7643694,15.26372203,-31.98242188,74.34082031,1.9,3.346690584,-9.918212891,1.171378092,14,91.57894737,1.10750165,416.7,166.6,0.001402944,0.176523516,1.0868116,0.351224328,0.1676,16.07628937,0.959123472,0.984763317,2.074425665,0.211845277
"D251081_Batch8",-71.61819802,-70.54065523,541.0330636,22.78815058,-38.29956055,88.10424805,2.2,4.147502348,-2.685546875,2.117043121,6,40,1.07306482,313.2,168.1,0.011177078,0.33305815,2.126416808,0.961162911,0.3753,37.38970184,0.744494932,0.86644432,2.2074674,0.193003925
"D251083_Batch8",-70.59090694,-69.43969727,358.2763672,16.03524962,-39.0625,74.03564453,2.3,2.927019243,-7.385253906,0.989594173,12,63.84615385,1.042382716,471.4,250.6,0.000245661,0.070049787,1.007913301,0,0.1162,12.53166809,0.991423671,0.991947522,0.206382877,0.059931598
"D251084_Batch8",-79.51762637,-78.93298921,373.1863839,17.56690719,-33.56933594,61.64550781,2.4,2.785127807,-12.20703125,1.109725686,10,110,1.047486011,344.9,229.6,0.001583869,0.159489382,1.002765197,0,0.0541,5.833535767,0.957058243,0.995078877,0.505022699,0.100399955
"D2510885_Batch8",-69.71296088,-72.87103562,305.960519,17.06793801,-37.23144531,85.90698242,1.9,3.610253186,-6.072998047,0.976149915,13,100,1.021281979,370.7,211.3,0.000328476,0.083897411,1.009489858,0,0.051,4.555126953,0.975863349,0.992113598,0.204037831,0.054026176
"D251092_Batch8",-80.33378179,-105.3774879,281.8080357,7.29938283,-42.05322266,93.13964844,1.8,3.478413362,-6.622314453,1.023947576,4,220,1.032888662,331,225.2,7.65e-05,0.024164441,1.04900947,0,0.0954,8.651992798,0.977820865,0.985976832,0.004524106,0.007193629
"D2511256_Batch8",-83.69095234,-103.4461612,303.0831473,8.327064061,-42.66357422,88.43994141,1.7,3.416938615,-13.00048828,1.107984293,7,180,1.034814648,348.5,252.5,0.000759951,0.098854439,1.076395636,0,0.11,10.19036713,0.996406755,0.995422743,0.017684374,0.014659709
"D251161_Batch8",-60.37528955,-60.86047945,913.609096,34.28204794,-38.69628906,75.01220703,2.3,2.494766163,-15.22827148,0.996691987,8,20,1.025080438,217.8,56.7,0.021390843,0.529433031,1.05680867,0.445275509,0.3367,41.44529419,0.871054517,0.94762728,1.441069004,0.159041234
"D251162_Batch8",-76.91884454,-87.37589518,256.9580078,13.130299,-41.93115234,85.41870117,1.7,3.167737614,-11.93237305,0.829220779,11,140.6666667,1.022326905,452,267.1,0.000261885,0.072350236,0.95920174,0.131641248,0.0736,6.489126587,0.991512915,0.992368827,0.085675168,0.033683151
"D251163_Batch8",-79.16482927,-83.95792643,354.6142578,14.5636532,-40.43579102,87.09716797,2.1,4.072020206,-10.31494141,1.279524214,8,100,1.041543578,359.6,215.8,0.004377599,0.238348026,1.235399413,0.141456731,0.2279,21.95784302,0.916793313,0.963811299,0.775593033,0.110494502
"D251166_Batch8",-77.99807773,-98.99844215,293.9278739,9.062742655,-36.59057617,83.95385742,1.7,3.202065349,-12.05444336,0.921954778,4,220,1.03038119,278.3,266.5,0.001401825,0.114371286,0.921954778,0.03552126,0.0637,5.668954468,0.967284624,0.989797642,0.001876278,0.004927428
"D251167_Batch8",-78.86757532,-95.72143555,220.9472656,9.750388562,-41.35131836,93.17016602,1.7,4.100318756,-9.857177734,1.084730803,5,190,1.007972589,456.4,274.7,0.001075354,0.09754128,1.072878013,0.002697853,0.0181,1.577944946,0.989040186,0.993008305,0.061036834,0.026217387
"D251171_Batch8",-69.14506754,-65.69417318,341.796875,17.65186807,-27.0690918,77.20947266,2.1,2.632934025,-12.45117188,0.834703196,10,92.30769231,1.132675165,438,312,0.000209241,0.059580165,0.986823082,0.158265137,0.2799,26.36078644,0.952519783,0.980355321,0.608207479,0.104791123
"D251172_Batch8",-78.083263,-94.51206752,262.538365,9.187397064,-37.109375,87.34130859,1.7,2.970455746,-12.54272461,1.110882957,5,200,1.020579692,439.8,297.6,0.000557855,0.078839434,1.128008028,0,0.0556,4.992370605,0.999637155,0.993938927,0.007488838,0.009508834
"D251174_Batch8",-73.24249491,-77.21702939,297.5899833,13.008936,-28.41186523,76.72119141,2.1,2.939788901,-12.32910156,1.204620462,8,143.3333333,1.059164529,413.9,239.7,0.001704849,0.152492566,1.158325868,0,0.1016,9.142147827,0.919361441,0.963919016,0.348671615,0.075965146
"D258113_Batch8",-67.21246425,-63.65007673,618.3733259,20.64540101,-33.53881836,67.23022461,2.4,3.648162469,-10.13183594,1.018567639,12,21.66666667,1.047464343,493.1,199.1,0.000570704,0.110321741,1.039906562,0.315857032,0.0692,7.197689819,0.919117647,0.985968768,0.160144816,0.054506096
"D258124_Batch8",-59.04439021,-66.40741257,319.7370257,10.81724273,-18.34106445,82.33642578,2,2.946761276,-6.774902344,0.969441517,11,150,1.047724594,351.1,263.3,0.000368628,0.084513742,1.030585846,0,0.056,4.390643311,0.982642998,0.995277206,0.091571842,0.03689549
"D258132_Batch8",-60.97721316,-61.10665458,382.1672712,25.58562496,-36.4074707,95.73364258,2,4.055156742,-3.051757813,1.286295794,7,50,1.173832295,246.7,116.7,0.006519595,0.263498121,1.165077621,4.540130086,0.5174,49.04308929,0.941062176,0.969601116,0.231100879,0.053920962
"D258141_Batch8",-80.42414951,-80.6640625,573.0329241,9.743356106,-34.24072266,72.05200195,1.7,2.736183682,-17.42553711,1,15,70,1.211445842,391.8,173.1,0.000547966,0.118491021,1.073453078,0.158797721,0.1729,17.67099152,0.945162554,0.9943489,0.378871521,0.07859884
"D258142_Batch8",-64.78665851,-64.4031343,357.2300502,29.12061627,-40.61889648,84.89990234,1.8,3.977131488,-6.317138672,2.231155779,9,40,1.183575606,163.2,96.7,0.008611734,0.353505595,1.760483871,4.514654403,0.4737,45.95074768,0.902548726,0.97569496,0.839733974,0.112687958
"D258143_Batch8",-68.45359046,-70.24419875,459.9434989,13.86463318,-31.86035156,85.54077148,1.9,3.19611864,-7.934570313,0.95148248,10,90,1.085946597,127.7,110.3,0.001999966,0.175545189,1.023404455,0,0.1209,11.49101257,0.945090909,0.981187741,0.910292879,0.116570426
"D258151_Batch8",-65.79066999,-82.36113049,338.0475725,8.894066352,-25.87890625,90.30151367,1.8,3.1221135,-14.52636719,0.950576606,11,160,1.024243045,297.5,218.4,0.000315791,0.077461062,1.033061509,0,0.0629,5.132919312,0.991458832,0.993121357,0.048001288,0.024420325
"D258152_Batch8",-79.28362451,-100.8475167,338.3091518,8.00335301,-40.86303711,90.30151367,1.5,2.915404518,-14.77050781,0.927472527,9,170,1.028570254,291.6,181.9,0.000139598,0.046042727,1.025037305,0,0.1809,16.3178772,0.980730897,0.993408929,0.071358211,0.029289407
"D258155_Batch8",-74.93596162,-87.23813012,380.5977958,8.616271655,-31.28051758,85.26611328,1.8,3.556044337,-10.22338867,1.275132275,10,121.6666667,1.081316486,437.9,281.6,0.001984388,0.18548508,1.174042717,0,0.0737,6.48374939,0.965944272,0.982951242,0.235152292,0.058973092
"D258156_Batch8",-62.97231641,-62.68775577,278.4075056,17.00336452,-33.96606445,80.96313477,1.9,2.584470502,-6.683349609,1.56744186,10,92,1.010742624,244.1,146.7,0.00329569,0.228076637,1.291795686,0,0.1505,13.23926239,0.962624254,0.987346671,0.203763563,0.054380788
"D258181_Batch8",-81.16935352,-99.41725958,411.4641462,9.366406844,-39.18457031,87.64648438,1.6,3.646979,-13.51928711,0.94384058,13,130,1.043796283,274.8,186.7,0.000505648,0.106189911,1.016739705,0.047393656,0.0531,4.921286011,0.983983287,0.986329931,0.603767548,0.096272009
"D258182_Batch8",-80.23832665,-95.11747814,509.2947824,7.263590904,-31.55517578,71.50268555,2,2.96336054,-14.40429688,1.044715447,11,110,1.084027853,337.5,159.9,0.000839787,0.124810127,1.053171828,0,0.1028,10.01196594,0.942763696,0.984863729,1.020064502,0.134808017
"D258183_Batch8",-71.04595612,-86.88092913,308.3147321,7.175902707,-26.79443359,80.93261719,1.7,3.510520668,-13.42773438,1.225574713,8,173.3333333,1.041922501,472,243.8,0.002361822,0.180883077,1.118126168,0.018749194,0.1371,11.71777649,0.982311321,0.993158377,0.01463309,0.013941818
"D258184_Batch8",-70.38977232,-70.13956706,292.5327846,14.02776067,-41.25976563,87.46337891,1.7,4.231214819,-9.521484375,1.175886525,13,62,1.022585546,571.5,269,0.000705885,0.126064839,1.075268197,0,0.0773,7.044894409,0.980007015,0.992405823,0.240136423,0.059080939
"D258191_Batch8",-78.45896069,-77.55591983,405.7094029,13.28635617,-38.57421875,85.14404297,2.2,4.271063844,-12.29858398,1.037082818,12,90,1.114032093,360.1,239.1,0.001685072,0.182684903,1.054524095,0.219640018,0.1894,19.42565765,0.958408032,0.982256396,0.70936294,0.100997558
"D258195_Batch8",-67.04609058,-69.52776228,375.8021763,11.12185518,-29.81567383,75.98876953,2,3.375813958,-9.948730469,0.997858672,15,83.04347826,1.055433771,505,290.6,0.000223027,0.076118235,1.000804062,0,0.1276,11.75692749,0.990650407,0.996730076,0.106932194,0.041455074
"D258221_Batch8",-81.53900726,-78.37931315,653.0761719,14.18314172,-50.04882813,69.91577148,2.3,1.945589629,-8.178710938,1.022012579,12,30,1.158335358,480.5,119,0.001846348,0.201161316,1.081854944,0.26986144,0.1206,13.38533783,0.894832276,0.976655018,0.516233114,0.09844371
"D258224_Batch8",-78.22229616,-84.49707031,409.5458984,7.884780812,-36.80419922,76.32446289,1.8,3.030118264,-12.20703125,1.15942029,15,90.90909091,1.127995927,510.9,235.4,0.001351342,0.183475686,1.04909762,0.133700665,0.1097,10.33508759,0.971853639,0.991529565,0.343554042,0.079665479
"D258283_Batch8",-59.42607522,-58.46005394,643.484933,15.00835786,-26.27563477,87.37182617,2.1,3.614592844,-11.59667969,0.868480726,14,50,1.123489271,264.2,166.9,0.001388272,0.180133081,0.983833291,0.486151677,0.4418,42.23581238,0.984304933,0.989941723,0.603330432,0.09252313
"D25881_Batch8",-78.24915709,-79.11376953,486.0142299,11.35863506,-37.26196289,71.07543945,2.1,2.77550872,-13.00048828,0.868667917,12,70,1.07936002,539,196,0.001367236,0.165122375,1.052634023,0,0.0709,7.409776306,0.965228873,0.991275013,0.596146788,0.103032204
"D25883_Batch8",-72.34848534,-77.62509301,218.4186663,10.99976328,-31.15844727,79.52880859,1.8,2.895475633,-12.11547852,1.129237544,5,180,1.025165155,428,311.1,0.00034991,0.056272567,1.085940807,0,0.2101,18.11471863,0.975171866,0.992380511,0.05417842,0.026584489
"D259101_Batch8",-80.71921217,-93.4026809,227.5739397,10.30697006,-44.921875,98.26660156,1.9,4.124013154,-6.622314453,0.961693548,7,180,1.047499231,314,191.5,0.000336758,0.062090859,1.009070019,0,0.0505,4.654165649,0.994930292,0.997247815,0.046865067,0.022333399
"D259121_Batch8",-80.32516221,-90.97086589,462.0361328,13.96993536,-39.67285156,84.9609375,2.1,4.249855422,-11.4440918,1.310344828,8,100,1.06442844,249.4,170.8,0.004233096,0.231313832,1.285415467,0,0.1311,12.51782837,0.866308244,0.935994165,2.592358849,0.209192339
"D259122_Batch8",-70.07293408,-70.28924851,224.5221819,32.50582866,-52.55126953,83.7097168,2.2,3.189642554,-2.44140625,1.517241379,10,70,1.093571804,90,37.6,0.006325631,0.31932975,1.674194649,0,0.1517,14.9978363,0.869733146,0.968093926,0.533372815,0.089592426
"D259161_Batch8",-70.86228937,-85.35475958,253.7318638,8.0210603,-32.98950195,95.64208984,1.7,3.56245368,-11.47460938,1,8,172.3076923,1.025196454,504.6,310.2,0.000895688,0.113198252,1.107125341,0,0.0669,5.442059326,0.977705977,0.991295753,0.012525835,0.011928439
"D259162_Batch8",-78.09998809,-87.83656529,391.671317,10.76129349,-40.28320313,92.83447266,1.9,4.430968523,-8.728027344,1.072751323,11,100,1.034744958,276.3,155.8,0.001493093,0.162922931,1.054864672,0,0.0812,7.544644165,0.963827688,0.980513306,0.881675371,0.113593185
"D259164_Batch8",-69.4862119,-71.22366769,274.2222377,14.01979897,-26.45874023,72.57080078,1.8,2.642981121,-12.05444336,1.112934363,9,150,1.060816359,346.4,252.7,0.000464568,0.084549218,1.095703903,0.440957505,0.0636,5.647251892,0.969133192,0.991365187,0.094248951,0.038209717
"D25941_Batch8",-79.10396639,-85.00598726,317.6443917,13.81325537,-44.25048828,88.95874023,2.1,3.430125149,-4.913330078,1,11,110,1.068520937,345.2,176.6,0.000261198,0.068707605,1.055555556,0.055443171,0.2696,25.90968933,0.972467709,0.988966249,0.507454724,0.083246763
"D25943_Batch8",-74.49068825,-75.50048828,338.7451172,17.52777427,-41.16821289,91.15600586,2.2,4.010931414,-3.082275391,1.408018868,10,100,1.053349979,218.1,116.2,0.008490411,0.366398071,1.920389951,0.111678843,0.147,14.17156677,0.942976356,0.976411888,0.686501372,0.098548103
"D25944_Batch8",-56.66267539,-57.2672526,251.2904576,31.51428132,-36.62109375,92.22412109,1.8,4.774056674,0.915527344,8.595744681,5,70,1.119165408,101.9,85.7,0.040360466,0.530568391,5.175746924,4.63833156,0.4749,37.49219055,0.746053535,0.992800403,0.9307958,0.107250215
"D25945_Batch8",-68.74703397,-85.11817569,314.5926339,7.849316393,-28.77807617,92.4987793,1.7,3.808401511,-7.965087891,1.01490313,10,140.6666667,1.041675285,342.3,189.2,0.000233944,0.062425183,1.023135205,0.12311357,0.0744,6.02727356,0.983501684,0.992605352,0.11191827,0.036575414
"D25952_Batch8",-79.04979939,-82.55673363,390.1018415,11.06540119,-39.21508789,71.9909668,2,2.798691437,-11.77978516,0.958707361,15,100,1.070692708,291.9,194.1,0.000575311,0.119842613,1.000817649,0,0.1205,12.40438843,1.002145923,0.99994131,0.235657065,0.064139468
"D25953_Batch8",-73.70544101,-74.08796038,376.0637556,12.04724998,-30.57861328,80.7800293,1.8,3.180526469,-13.51928711,1.048452221,14,110,1.077176791,261.4,200.7,0.000938693,0.14457777,1.074484583,0.143670312,0.1147,10.92940369,0.974961479,0.991579296,0.870106391,0.121317182
"D25954_Batch8",-73.7713696,-80.98754883,254.6909877,12.33004794,-40.55786133,73.69995117,2.1,2.6942604,-5.279541016,0.965601966,11,140,1.005850142,303.6,168.4,2.4e-05,0.020848451,0.985442174,0,0.0931,8.616941833,0.997908825,0.999904719,0.010170092,0.012089824
"D25955_Batch8",-73.91125585,-93.50440616,291.2248884,6.460838797,-32.04345703,88.50097656,1.5,3.573609943,-13.85498047,1.01653944,12,170,1.035553238,267.6,149.7,0.000257229,0.071492096,1.022765482,0.135477281,0.0899,7.490246582,0.973039216,0.993048346,0.16223634,0.044559577
"D25957_Batch8",-59.21737134,-57.39193871,742.0131138,18.5607965,-23.74267578,78.61328125,2.2,3.55008031,-13.61083984,1.169946333,9,10.58823529,1.147855135,424.2,136,0.002226422,0.183736863,1.15764876,0.75315803,0.0634,6.765635681,0.903692425,0.972350017,0.69317703,0.104768764
"D25958_Batch8",-71.19275564,-72.93875558,399.0827288,12.93255352,-25.36010742,69.51904297,2,2.742973773,-8.026123047,1.550420168,11,116.875,1.105849586,181.3,150.9,0.001475431,0.164205027,1.201404443,0,0.1603,15.36295319,0.967535437,0.98831599,0.283472672,0.072666865
"D25992_Batch8",-78.83450959,-81.0546875,253.2958984,9.650806084,-34.14916992,82.24487305,1.9,3.014104149,-11.50512695,0.947431302,8,150.9090909,1.088731523,558.2,321.9,0.001820731,0.164463415,1.042133917,0,0.1453,13.75984802,0.963702359,0.989007489,0.048927791,0.025603347
"D25993_Batch8",-67.54003581,-66.38183594,494.9951172,14.84948948,-28.01513672,75.04272461,1.9,3.235759923,-8.392333984,1.287145242,9,70,1.102608659,235.5,124.5,0.002558815,0.198200133,1.161966111,0.077132121,0.1054,10.08336182,0.89394572,0.970052447,0.826261803,0.118773943
"D25994_Batch8",-64.98625653,-72.28800456,199.9337333,9.434811532,-33.02001953,95.21484375,1.5,3.661371818,-9.765625,1.018587361,9,140,1.008600558,374.1,174.1,0.000194886,0.054531247,1.027971024,0.117341594,0.0548,4.174435425,0.975280899,0.990647974,0.068305727,0.027748487
"D25995_Batch8",-87.12545101,-92.78826032,391.3225446,8.872070143,-46.44775391,82.58056641,1.6,3.10141123,-11.32202148,1.042105263,16,100,1.121778602,421.1,201.8,0.000500811,0.114620075,1.044609725,0.111644481,0.1235,12.66016388,1.008286252,0.997978751,0.334585321,0.071870086
"D25996_Batch8",-69.89993733,-72.65537807,310.2329799,11.75469851,-33.14208984,73.88305664,1.9,3.20991266,-9.643554688,1.031311155,13,100,1.032450547,422.5,237,0.000356546,0.087880744,1.020361964,0,0.0932,8.367358398,1.015282941,1.001192502,0.202961727,0.056038285
"J10103_Batch3",-79.32587321,-83.04501488,433.6111886,13.73780042,-40.83251953,76.11083984,2.7,4.065510836,-6.8359375,1.107878788,8,80,1.051561867,281.5,160.5,0.002244452,0.171415111,1.090509859,0.709610993,0.0798,8.062947083,0.886585366,0.967533774,0.613854866,0.101224081
"J10104_Batch3",-72.46405748,-72.79663086,201.4160156,22.68910064,-42.81616211,87.67700195,2.1,3.52941998,-7.965087891,0.94556962,10,110,1.045920213,487.4,254.4,0.000185514,0.055765085,1.013834547,0,0.3816,35.07662659,0.99265516,0.995253901,0.14805825,0.044006829
"J10105_Batch3",-74.59281043,-77.02636719,606.6894531,9.093058949,-33.35571289,86.15112305,2,3.762550889,-16.54052734,1.024449878,13,60,1.155612259,180.9,102.1,0.001210703,0.160583526,1.035166655,0.102679293,0.1737,16.84101563,0.942083619,0.986873428,0.293218145,0.065341938
"J10106_Batch3",-76.36491492,-79.36459496,281.8952288,15.30491766,-43.27392578,87.1887207,1.8,3.60534989,-4.364013672,1.481832543,11,102,1.074380284,84.7,59.8,0.005129292,0.303568788,1.300565222,0.919439274,0.4105,40.70645752,0.868020305,0.982618709,0.820923611,0.101933736
"J10113_Batch3",-79.15916473,-76.29597982,416.8701172,18.03416817,-35.09521484,76.75170898,2.3,3.189793205,-7.293701172,2.119373777,5,100,1.07221723,108.8,89.7,0.020711355,0.39930034,1.884804596,0.084953797,0.0868,9.463188171,0.816666667,0.947915771,0.584371587,0.096277627
"J10114_Batch3",-75.70023818,-89.26362537,386.1781529,11.22186814,-35.09521484,80.93261719,1.8,3.427076704,-13.03100586,1.022687609,13,130,1.023759842,256.1,174.4,0.000870642,0.135267173,1.037118907,0,0.0587,5.24130249,0.967828418,0.985971991,1.045841395,0.133044393
"J10141_Batch3",-76.0919676,-81.28255208,458.984375,15.77812146,-34.91210938,81.14624023,2.2,4.088152697,-12.32910156,0.952657005,9,80,1.040155467,407.8,151,0.002044981,0.169549046,1.000689587,0.330498286,0.1257,11.77286377,0.903419105,0.967003136,3.140720093,0.230640998
"J10144_Batch3",-76.47161439,-78.95275298,526.9077846,10.31761828,-34.42382813,80.96313477,2.5,3.956224544,-9.613037109,0.987717503,9,80,1.096863413,276.1,116.9,0.001841639,0.161438755,1.015471932,0.09906865,0.0855,8.494918823,0.886169818,0.968370968,2.981018559,0.229193728
"J10146_Batch3",-69.60017282,-68.44714937,299.1594587,24.58889707,-41.07666016,90.05737305,2.1,4.146833471,-7.598876953,1.824956672,6,50,1.028265621,407.6,182.2,0.015817003,0.430008925,1.824956672,0.519328336,0.1625,15.58894653,0.898630137,0.949752438,1.048526957,0.115280671
"J10147_Batch3",-95.12627422,-99.24403599,415.7366071,14.87043572,-54.90112305,82.48901367,2.2,2.981753106,-6.225585938,1.002743484,9,70.66666667,1.069712159,572.8,271,0.003439104,0.222669267,1.108300188,0,0.0921,10.11446533,0.893427404,0.964430129,2.379480847,0.205846767
"J10152_Batch3",-89.78256248,-106.6929408,300.9905134,7.27001045,-49.07226563,90.45410156,2.1,3.452094752,-8.514404297,0.993277311,8,180,1.050876961,410.6,220.3,0.000780085,0.10534002,1.057045828,0,0.0461,4.659649658,0.967402734,0.988977627,0.044193719,0.023328285
"J10153_Batch3",-82.63854995,-87.92724609,544.695173,9.074654295,-38.90991211,78.125,2.2,3.554028541,-8.392333984,1.028368794,10,70,1.119634155,329.6,151.8,0.002967645,0.228130801,1.086149447,0.442757024,0.1682,16.91761322,0.862396204,0.970031727,0.877221393,0.123203767
"J10154_Batch3",-65.81747844,-65.40730794,633.5449219,29.97089522,-42.02270508,81.7565918,2.6,3.71738523,-7.049560547,0.908256881,12,20,1.104188923,280.5,68.4,0.002277305,0.20762588,1.020985233,0.306326436,0.3606,39.55531158,0.923402617,0.975787878,2.505778335,0.213170562
"J10156_Batch3",-77.90798785,-83.57049851,386.5269252,12.06661921,-37.47558594,76.96533203,1.9,2.854367238,-10.13183594,1.147420147,12,100,1.071233186,390.8,171.3,0.001130186,0.148113513,1.071630829,0,0.0925,8.737149048,0.929075235,0.988778069,0.711404506,0.108241328
"J1021_Batch3",-74.68828702,-87.26428804,487.9324777,7.318483266,-27.70996094,81.26831055,2.2,3.41535047,-14.3737793,1.010321101,9,110,1.07547326,364.9,160,0.00098719,0.119949603,1.046347321,0,0.1064,10.00520325,0.889012621,0.973370877,0.457045191,0.081985324
"J1022_Batch3",-64.44161532,-68.4026809,346.8540737,10.94415503,-16.72363281,77.88085938,1.9,2.712599207,-13.76342773,1.063309353,9,120,1.105416881,590.4,266.4,0.000996709,0.126068639,1.074715349,0.060649055,0.1059,8.55871582,0.939107413,0.98081985,0.285165371,0.066656461
"J1024_Batch3",-65.9300709,-67.42786226,695.9751674,12.59514305,-24.01733398,82.00073242,2.2,3.773318811,-11.71875,1.027504912,13,60,1.167238243,206.6,105.2,0.000995121,0.146262739,1.034212402,0.325857289,0.1175,10.97724762,0.986229996,0.992161278,0.753492946,0.109086652
"J1025_Batch3",-61.05318352,-65.15880766,334.5598493,15.84309942,-29.0222168,76.59912109,1.9,3.393115337,-7.690429688,1.041107383,12,90,1.000414248,245.6,176.5,0.000710818,0.117503916,1.018136286,0,0.3901,31.13468933,0.972861842,0.994771542,0.592155818,0.102411169
"J1026_Batch3",-76.01519284,-87.74966285,498.7444196,8.020198289,-28.99169922,74.95117188,1.8,2.710100529,-13.45825195,1.049803408,12,110,1.135629194,291.1,175.7,0.000603704,0.109563856,1.055040242,0,0.0726,6.763214111,0.966046888,0.997819643,0.272842993,0.06561817
"J1034_Batch3",-70.25858974,-78.04391044,346.2437221,10.48373839,-29.60205078,76.78222656,1.8,2.834238169,-14.06860352,0.919881306,15,130,1.027435884,373.6,205.7,0.000291127,0.084828849,1.01148097,0,0.0676,6.043395996,0.988313856,0.997133597,0.203225839,0.0572987
"J1042_Batch3",-58.77101728,-57.6171875,399.7802734,29.25877736,-30.79223633,84.35058594,2.1,4.553892513,-4.333496094,3.113207547,8,32.5,1.125854959,209,107.8,0.014626551,0.428162268,1.71020936,3.332884358,0.4812,45.84489441,0.758645795,0.982903184,2.067541831,0.174801352
"J1074_Batch3",-76.49415773,-77.52075195,515.9214565,14.68402717,-37.53662109,88.98925781,1.9,4.255030504,-6.072998047,1.130434783,12,70,1.094168688,245.2,160.1,0.000273974,0.072694105,1.031533989,0.205609505,0.2395,23.70052338,0.959813419,0.986441078,1.645126181,0.15940541
"J1081_Batch3",-57.77801657,-59.54124814,571.0274833,42.62930326,-40.0390625,86.15112305,2.4,3.872981646,-3.265380859,1.265597148,9,10,1.151380157,315.2,108.9,0.00413719,0.249215406,1.107633649,7.380820877,0.3188,36.69058838,0.931688805,0.973733488,0.525789179,0.091329767
"J1082_Batch3",-74.26487366,-83.82597424,456.804548,10.46272609,-34.72900391,81.7565918,2.1,3.215176593,-11.23046875,0.957711443,12,110,1.047427663,218.2,134.2,0.000439757,0.09216288,1.015618595,0,0.0699,6.772354126,0.980216499,0.991503937,0.520814698,0.091458672
"J1083_Batch3",-73.97726403,-74.13853237,668.0733817,15.41808703,-30.94482422,75.95825195,2.6,4.557226812,-14.70947266,1.050919378,10,50,1.198056834,387.9,145.7,0.000793677,0.114736905,1.042153572,0.844074028,0.2272,23.83568115,0.854700855,0.967379208,1.213475479,0.144312312
"J1092_Batch3",-61.35080192,-60.91831752,569.632394,19.32218287,-39.00146484,84.99145508,2.1,3.288185542,-8.483886719,0.887755102,14,30,1.052276251,272.6,69.1,0.000572838,0.113763387,1.01882583,0,0.0539,5.561965942,0.931561704,0.986525444,0.665994176,0.10248312
"J1093_Batch3",-73.3041163,-71.2550572,774.4489397,15.48132081,-38.0859375,75.01220703,2,3.145502112,-11.71875,0.860795455,13,40,1.129170697,179.7,90.1,0.002014172,0.210552787,1.050588841,0,0.1775,20.0083847,0.860501567,0.980536224,0.87197463,0.12619913
"J1287_Batch6",-73.47569468,-80.34377325,561.4362444,8.153737194,-30.94482422,71.38061523,2,3.171509199,-11.81030273,1.099365751,11,80,1.100736327,241.9,131.4,0.002236117,0.20237225,1.082355217,0,0.0732,6.880952454,0.932026144,0.982344741,0.668240683,0.110208593
"J2106_Batch6",-56.99713349,-56.77141462,242.0479911,19.43619946,-35.46142578,86.45629883,1.9,3.124611062,-4.577636719,0.934824903,13,60,1.014654199,506.7,136.3,0.000252805,0.072321781,1.024112649,0,0.1902,15.0587738,0.958054283,0.988884782,0.264945043,0.059292769
"J2107_Batch6",-60.10922487,-61.99863979,334.3854632,17.6029312,-29.20532227,90.48461914,1.7,3.691318088,-11.10839844,0.987179487,11,80,1.023545289,284.3,163.8,0.000325502,0.077303333,1.018262067,0.165099914,0.0847,6.959411621,0.970180305,0.987343752,0.50758074,0.083081013
"J2111_Batch6",-67.85966974,-67.12268648,321.219308,22.30115816,-38.75732422,78.73535156,2.2,3.511690277,-7.293701172,0.994065282,10,60,1.025336824,425.3,197.9,0.000521476,0.093556746,1.021179191,0,0.1042,9.660305786,0.961523205,0.987056225,0.605293066,0.099213391
"J2112_Batch6",-83.47257124,-84.13115002,485.4038783,12.41867304,-53.0090332,83.80126953,2.3,3.291116225,-7.8125,0.957415565,12,60,1.046840926,226.2,128.8,0.000539903,0.10191357,0.99827313,0,0.0966,10.8721405,0.967589221,0.99085215,0.318901736,0.069017598
"J2113_Batch6",-56.45964525,-57.14372907,402.4832589,14.9747966,-18.00537109,81.51245117,2.2,4.071607066,-10.43701172,1.088098918,10,70,1.083566969,403.8,221.2,0.00121233,0.140085863,1.032052874,0,0.1321,10.88809814,0.937594554,0.982782042,1.022118496,0.13124838
"J2114_Batch6",-62.16051086,-59.93855794,380.859375,14.19303013,-19.71435547,70.40405273,2.2,2.981987104,-11.74926758,1.031407035,12,82.22222222,1.082773019,509.7,240.4,0.000300824,0.076529385,1.013327482,0.102726589,0.106,9.720542908,0.968094406,0.991268067,0.356715817,0.079469868
"J2122_Batch6",-76.27135634,-79.63954381,308.0531529,15.74002707,-41.62597656,78.06396484,2.3,3.324694828,-7.904052734,1.057377049,12,92.30769231,1.005379353,489.5,285.6,0.000357877,0.083185076,1.011892659,0,0.2402,23.68536682,0.992093217,0.994030427,0.30492747,0.069310698
"J2126_Batch6",-58.82003423,-60.39544968,323.1375558,12.50489589,-25.390625,81.87866211,2.2,3.613194252,-6.072998047,0.870848708,11,90,1.031588863,322.3,188.2,0.000298252,0.073353212,0.99512479,0.08754516,0.2528,20.89915771,0.991405082,0.991130811,0.230864449,0.057483884
"J2142_Batch6",-79.64081391,-86.12787156,371.4425223,9.482679073,-35.70556641,83.0078125,1.9,4.274642322,-10.49804688,1.09314587,11,120,1.053538778,333.4,176.1,0.00120055,0.146144772,1.064546962,0.1398541,0.1052,10.12249756,0.938893159,0.980249488,0.935856002,0.123198364
"J2145_Batch6",-71.9588639,-66.14990234,259.5738002,13.34798932,-28.25927734,81.7565918,1.8,2.36697635,-13.64135742,1.030497592,10,140,1.142173479,333.9,236.8,0.001819076,0.180554506,1.043822928,0.23961577,0.3153,29.64328003,0.959241324,0.985383552,0.182359382,0.052881904
"J2147_Batch6",-75.72214517,-81.55168806,519.6707589,8.521512535,-29.38842773,78.27758789,1.9,2.865752721,-16.41845703,1.011477762,12,80,1.13270704,423.7,164.7,0.001970956,0.195096637,1.054562006,0,0.1616,15.29381409,0.948537579,0.984697585,0.845722519,0.117077971
"J2243_Batch6",-55.64451574,-54.21578544,524.8151507,23.10840793,-33.29467773,82.70263672,2,4.747858367,-8.941650391,1.059382423,10,20,1.048426659,253.8,91.2,0.001224973,0.14661157,1.058823483,1.821024577,0.1466,13.44962616,0.859522908,0.972206669,0.816641191,0.115188518
"J2245_Batch6",-73.93170581,-78.57549758,366.3853237,8.554531968,-30.57861328,81.08520508,1.7,2.999653886,-11.74926758,0.961149961,13,102,1.090918802,503.1,285.5,0.000314424,0.081973542,1.035878036,0.011851814,0.1091,9.996051025,0.997654418,0.997563869,0.086655707,0.035385401
"J2251_Batch6",-71.24944311,-74.03564453,571.1146763,10.95649299,-29.26635742,76.08032227,2.5,3.864304149,-12.11547852,1.21598878,7,70,1.123704442,258.7,140.1,0.004355907,0.221728962,1.162776638,0.695024405,0.1469,13.83822937,0.803252678,0.929582576,2.02539026,0.196490423
"J2252_Batch6",-71.83001232,-75.29296875,282.5927734,11.53894502,-29.38842773,81.84814453,1.7,3.497599017,-9.948730469,1.02233677,11,130,1.005542075,580.2,235.4,0.000294261,0.073045535,1.067956085,0.232498098,0.2436,21.39054871,0.973735033,0.984691054,0.292277825,0.065864317
"J2254_Batch6",-70.88568916,-81.5339588,304.4782366,8.197977953,-29.87670898,92.22412109,1.7,3.633815477,-9.063720703,1.05106383,11,150,1.054710392,325.3,212.5,4.07e-05,0.026816238,1.041650142,0.090524644,0.1142,9.814511108,0.987915408,0.993290194,3.848900448,0.224979555
"J2264_Batch6",-73.85611304,-77.28562128,398.2979911,12.70736545,-35.82763672,84.47265625,1.9,3.582494597,-7.995605469,1.036630037,12,90,1.053858819,292.9,189.1,0.000404808,0.089108046,1.052156698,0,0.1178,11.32471619,0.994396713,0.99310439,0.2477726,0.059527188
"J231_Batch6",-58.23148407,-57.10071382,569.1964286,29.54147944,-42.63305664,83.58764648,2.1,2.587205711,-5.676269531,1.36381323,3,30,1.05263469,100.4,59.7,0.001439053,0.153909465,1.36381323,1.19965133,0.175,16.47507782,0.771730915,0.84179102,1.571495309,0.153575341
"J232_Batch6",-73.10900496,-73.97170294,443.2024275,11.89699038,-36.34643555,78.94897461,1.8,3.01185882,-11.35253906,1.114511352,12,60,1.07288865,396,163.9,0.001726835,0.184718828,1.064900059,0,0.0559,5.370222473,0.968701095,0.992644841,0.326288387,0.071216707
"J235_Batch6",-80.11634306,-86.21564593,542.9513114,9.377942884,-36.4074707,77.81982422,2.1,3.730760479,-12.14599609,1.211267606,10,80,1.080520264,281,146.7,0.003402644,0.235324398,1.094354892,0.07177999,0.1185,12.16599121,0.948072384,0.991307014,0.422731498,0.080873185
"J252_Batch6",-57.26737442,-57.15215774,585.5015346,19.47317295,-28.96118164,72.05200195,2.4,2.977452525,-10.58959961,0.952238806,9,40,1.086353355,366.8,147.4,0.000995093,0.117674021,1.1748766,0,0.1467,14.66371155,0.914449447,0.975172382,0.395694625,0.079063749
"J265_Batch6",-77.09994917,-80.87565104,443.7255859,7.905000032,-37.04833984,83.46557617,1.6,3.350071608,-19.04296875,1.073770492,16,80,1.115581037,257.1,137.5,0.001111541,0.169885856,1.023316025,0,0.2256,21.79889526,0.990699405,0.99252101,0.426562005,0.081726681
"J268_Batch6",-73.83983681,-77.37630208,491.5945871,9.32522136,-29.296875,73.48632813,2.2,3.543365138,-11.23046875,1.428076256,7,70,1.066633127,299.9,151.2,0.004290944,0.231379385,1.185002285,0,0.1147,10.43083344,0.818894389,0.956638161,1.015974332,0.133463246
"J271_Batch6",-70.07989493,-81.40258789,352.5216239,8.070062785,-25.81787109,86.15112305,1.7,3.307460865,-15.50292969,1.038243626,11,140,1.075363859,364.9,209.1,0.000147658,0.051501198,1.006140799,0,0.1601,13.73556213,0.986577181,0.994851038,0.067766771,0.030186565
"J273_Batch6",-56.66521481,-62.2546968,324.9686105,11.12113485,-20.11108398,85.02197266,1.8,3.517809272,-9.887695313,1.088367899,12,120,1.031668072,279.5,213.9,0.000531884,0.101056769,0.994237875,0,0.0794,6.038122559,0.971395881,0.988640856,1.102337226,0.135189496
"J274_Batch6",-69.16108796,-68.56108166,401.6985212,15.72825793,-42.23632813,91.88842773,1.4,3.658571885,-10.22338867,1.178787879,14,45,1.097506932,76.1,44.8,0.001208809,0.166906209,1.177098379,0.497565658,0.4063,40.43816833,0.913982066,0.981836364,0.379884634,0.068749018
"J3101_Batch6",-74.14314607,-79.74504743,542.2537667,10.85589434,-34.08813477,75.43945313,2.2,2.769689251,-13.76342773,1.566964286,4,70,1.053328537,162.6,104.8,0.013088261,0.34364163,1.730737017,0.142239045,0.1224,11.40420837,0.743944637,0.785157859,1.657725149,0.161013876
"J3112_Batch6",-74.44331021,-78.65542457,242.8327288,9.597477004,-40.46630859,93.87207031,1.7,3.412767414,-8.758544922,1.118226601,12,90.66666667,1.042377482,453.1,184.7,0.00074421,0.121253589,1.049816596,0,0.0336,2.922177124,0.976377953,0.989334172,0.231840256,0.054038156
"J3141_Batch6",-71.89156736,-73.65519206,452.2705078,9.876499126,-33.14208984,83.34350586,1.9,3.117818137,-15.625,0.934595525,13,70,1.122785849,533.1,181.7,0.000381524,0.089708532,1.041735199,0,0.1297,12.27770233,0.949871936,0.99418565,0.64146877,0.094852265
"J3144_Batch6",-87.15728724,-105.4629371,402.3960658,8.828294421,-45.83740234,84.41162109,1.6,2.886964841,-12.81738281,1.094315245,12,130,1.040766417,259.3,159,0.000547577,0.105633658,1.10613539,0,0.064,6.359832764,0.995628415,0.995398325,0.125094265,0.041098284
"J3213_Batch6",-63.49881955,-67.10030692,226.1788504,8.498992342,-28.01513672,90.88134766,1.6,3.436000096,-14.03808594,1.095567867,14,100,1.059362336,530.1,144.2,0.000268071,0.077715675,1.036528606,0,0.098,7.536402893,0.991362126,0.993747491,0.478642833,0.078096479
"J3216_Batch6",-72.74535201,-79.43870908,283.2903181,9.230421287,-34.85107422,84.62524414,1.6,2.952601221,-13.51928711,1.193333333,11,102,1.038738845,425.7,201.6,0.001837325,0.18157181,1.096166691,0,0.0653,5.590066528,0.970479705,0.986678931,0.588040972,0.092396227
"J3243_Batch6",-65.89775004,-83.94542876,340.2273996,9.862092036,-20.41625977,68.66455078,1.6,2.310952595,-17.76123047,1.199477352,6,170,1.023400456,151.6,106.5,0.004379035,0.212014298,1.203622861,0.13765144,0.0637,5.043643188,0.885365854,0.92138819,1.30742531,0.143224123
"J3253_Batch6",-74.37466003,-78.34036691,388.9683315,11.92898932,-34.08813477,82.15332031,1.9,3.531979584,-8.972167969,1.051401869,10,72,1.065086336,490.9,232.3,0.001647561,0.161829257,1.044216603,0.01333924,0.1611,14.62929077,0.92108273,0.981272884,1.462094299,0.157303198
"J3254_Batch6",-56.38671822,-54.81858026,719.9532645,20.94712874,-34.1796875,88.65356445,2,4.791510694,-11.93237305,1.051908397,16,20,1.090807915,117.6,55.5,0.000917231,0.153031595,1.037053266,0.195281191,0.2715,27.91414032,0.958680556,0.990289962,1.236129163,0.139410348
"J3256_Batch6",-67.84184026,-67.20203218,804.0945871,21.79211452,-30.73120117,74.82910156,2,3.355181539,-13.12255859,1.334622824,9,36.66666667,1.101961898,236.1,92.9,0.005256234,0.275057238,1.172316096,0.655688492,0.1909,21.62733459,0.840336134,0.973274947,0.458632776,0.084860942
"J3262_Batch6",-76.94153786,-75.78880673,498.1340681,17.46613085,-44.49462891,84.6862793,2.1,3.927846845,-10.80322266,0.963039014,10,40,1.06534188,329.3,136,0.00071537,0.109242329,1.024687657,0,0.1075,10.98478088,0.850385424,0.974033132,1.3527862,0.146517681
"J3268_Batch6",-79.77396943,-85.44980004,459.2459542,12.9762991,-32.83691406,79.95605469,2.1,4.036365027,-13.58032227,1.393175074,9,70,1.108524228,397.9,182.9,0.002992671,0.212078306,1.167270449,0.271881572,0.1436,13.78407593,0.883982036,0.96598281,0.959738714,0.126437169
"J3284_Batch6",-73.19297273,-87.24452427,380.7721819,10.11347721,-34.1796875,83.03833008,2.1,3.527899971,-7.141113281,1.154320988,9,130,1.024082841,262.6,193.6,0.000602276,0.092740879,1.080859023,0,0.0485,4.32666626,0.980608365,0.992475525,1.895801522,0.165989352
"J3314_Batch6",-69.10391409,-72.65625,346.6796875,15.84579345,-34.02709961,87.1887207,1.8,3.468893402,-10.95581055,1.035409035,10,90,1.001635404,297.7,172.7,0.001656306,0.167203914,1.045943179,0,0.4407,38.28437195,0.94592646,0.975781184,0.370680002,0.073726675
"J341_Batch6",-75.47502241,-85.1175944,301.7752511,9.717432975,-36.77368164,89.38598633,1.9,3.21303246,-11.65771484,0.882822903,11,140,1.017524925,419.9,225.7,0.000471567,0.091132696,1.012677538,0.343104879,0.065,5.889666748,0.968114926,0.991125134,0.310289152,0.064015763
"J344_Batch6",-72.43555594,-78.11046782,401.524135,10.51922333,-29.47998047,70.89233398,2.3,2.907010624,-10.49804688,0.876892028,6,120,1.026096549,369.8,218,0.000603037,0.080873544,1.016308902,0,0.0455,4.447155762,0.958390489,0.983019283,0.108846532,0.041990613
"J346_Batch6",-65.64241864,-74.07430013,271.7808315,6.329665956,-26.61132813,86.24267578,1.8,3.13120596,-10.16235352,1,11,140,1.022119717,487.8,227.9,0.000224346,0.063476037,1.019379707,0.077053709,0.0783,6.515338135,0.981711778,0.994878216,0.104011222,0.036993529
"J351_Batch6",-72.15720947,-73.44273158,367.0828683,13.8372095,-35.27832031,76.66015625,2.1,2.520622528,-8.850097656,1.054852321,8,90,1.039333041,350.4,208.4,0.001950349,0.163325891,1.184948818,0,0.2494,24.2594696,0.945299838,0.96724041,0.983316456,0.130379625
"J372_Batch6",-77.54299692,-83.00723121,475.9870257,14.35805417,-33.72192383,78.30810547,2.4,3.495718629,-9.857177734,1.004781421,7,100,1.068651013,206.6,136.8,0.001156996,0.112757463,1.046664846,0,0.128,12.58331909,0.838372527,0.950867618,1.016089502,0.127638255
"J373_Batch6",-74.53164973,-78.65222749,535.7142857,9.165504189,-33.35571289,83.984375,1.9,2.916550019,-14.52636719,1.135699374,12,80,1.057638606,227.8,134.6,0.001546877,0.176147098,1.075547159,0,0.0393,3.748910522,0.950487622,0.988886439,0.687349433,0.106208915
"J375_Batch6",-76.52046643,-93.36053757,491.7689732,6.396554591,-31.06689453,81.78710938,1.9,3.21178838,-14.55688477,1.043918919,12,110,1.103517775,275.4,174.9,0.001493898,0.173167587,1.070710017,0,0.2067,18.63628845,0.956750658,0.984313123,0.964705503,0.127167676
"J377_Batch6",-79.79680658,-77.80761719,623.1689453,13.2832296,-48.1262207,70.92285156,1.9,2.695262389,-12.84790039,1.121681416,10,40,1.069455235,143.7,66.7,0.001639478,0.168095332,1.090805473,0.017502024,0.145,15.74862061,0.806176351,0.971294181,0.752578619,0.114582535
"J4118_Batch6",-60.37784329,-70.37062872,399.6058873,11.43098254,-16.17431641,77.02636719,1.9,2.890049499,-13.51928711,1.102017937,9,110,1.041080479,484.4,205.1,0.001634229,0.153067998,1.054557048,0,0.1883,14.51049805,0.968882059,0.980058609,0.435457117,0.080373102
"J412_Batch6",-62.49264563,-63.44604492,410.15625,15.89359211,-32.89794922,81.17675781,2.1,3.059643146,-11.07788086,1.056198347,9,52.5,1.05265194,346.6,183.5,0.001220969,0.135360837,1.060434078,0.083823481,0.2987,26.89443665,0.938032533,0.973639857,0.424419118,0.081017667
"J4141_Batch6",-63.69147693,-63.47859701,436.7501395,17.71225979,-28.56445313,83.80126953,2,3.920826719,-12.26806641,1.100241546,10,70,1.102731466,257,144.2,0.000526422,0.091418739,1.107003658,0,0.2137,19.57443848,0.948998867,0.985707093,0.47476613,0.082797815
"J4144_Batch6",-79.17787037,-81.40491304,301.2520926,12.02174419,-45.44067383,79.04052734,2.3,3.276681536,-8.972167969,1.033962264,12,100,1.013342137,287.4,169.6,0.000264338,0.07055581,1.054265201,0,0.0663,6.71348877,0.983084186,0.996048354,0.496872409,0.08488701
"J4145_Batch6",-71.04164346,-79.02657645,365.687779,13.56290022,-30.36499023,85.51025391,1.9,3.492511278,-8.270263672,1.226176808,10,120,1.034356622,286.6,185,0.000699697,0.107789509,1.145000144,0,0.1547,13.47705078,0.941570525,0.970789256,0.609320063,0.098194941
"J4146_Batch6",-67.5985688,-69.44986979,350.3417969,12.39068729,-28.74755859,83.03833008,2,3.842642184,-10.95581055,1.237479806,10,83.84615385,1.042323222,569.5,273.9,0.000386332,0.080661834,1.055931764,0.17383521,0.2357,21.05487061,0.966512702,0.988946723,0.196874506,0.053989509
"J4147_Batch6",-69.88171187,-77.595738,482.2649275,8.996026882,-25.17700195,75.56152344,2.2,3.142560756,-13.27514648,1.163265306,10,90,1.07539716,308.5,146.6,0.002267176,0.191984371,1.096034208,0,0.1624,14.54098511,0.886091127,0.980249791,0.726039327,0.109687661
"J4153_Batch6",-69.13244721,-75.20345052,634.4168527,10.37847886,-23.62060547,75.1953125,2,3.331589111,-11.26098633,0.931415929,9,70,1.085081434,275.6,141.8,0.003914985,0.24012102,1.123339783,0.293704694,0.2259,20.03029327,0.873330635,0.963585271,1.111262121,0.136601393
"J4156_Batch6",-79.10665335,-87.57091704,456.8917411,10.41897291,-34.63745117,79.58984375,1.8,3.288711275,-11.0168457,1.115819209,10,110,1.130845375,217.5,142.1,0.000825533,0.116258747,1.052025684,0,0.0983,9.310682678,0.941712926,0.978656832,1.436575312,0.159279061
"J4162_Batch6",-77.54109751,-76.59301758,482.0033482,14.66518091,-39.18457031,82.18383789,1.8,3.456188506,-13.00048828,0.955484897,13,70,1.173976142,286,169.3,0.000508727,0.10449324,1.022518047,0,0.2316,23.39335327,0.988441462,0.993420783,0.464396077,0.085227005
"J4163_Batch6",-79.29403858,-94.17724609,440.6738281,8.856276321,-38.05541992,89.1418457,1.8,3.69387208,-10.89477539,0.982616651,12,110,1.090573828,283.5,171.7,0.000830521,0.12896355,1.012904987,0,0.0761,7.043035889,0.948547427,0.988181612,0.25110948,0.058696074
"J4165_Batch6",-77.75548922,-79.59798177,449.1315569,13.51263991,-37.65869141,86.39526367,1.8,3.758446985,-12.08496094,0.942857143,12,70,1.111823223,442.8,173.6,0.000355801,0.0845566,1.012160793,0.105408716,0.1993,19.51472473,0.929992631,0.98554955,0.533724779,0.088600093
"J4175_Batch6",-69.44591603,-78.13517253,343.6279297,6.533088521,-29.87670898,93.0480957,1.6,3.656039016,-17.21191406,0.950638298,16,110,1.06111359,355.1,156.4,8.5e-05,0.046646688,1.00158077,0,0.0379,3.285290527,1,1.000103932,0.387949399,0.068600155
"J4177_Batch6",-66.82456503,-73.66943359,364.9902344,9.854358729,-26.48925781,80.90209961,1.9,2.760002883,-13.48876953,1.083906465,12,100,1.025488891,289.7,131.9,0.00046827,0.096827776,1.026169394,0,0.1187,10.01626587,0.975824176,0.989866879,0.542134129,0.087907231
"J4183_Batch6",-77.70610899,-81.96818034,342.4072266,8.004258358,-43.21289063,88.04321289,2,3.66881615,-6.683349609,0.938095238,16,90,1.05544588,235,131.6,0.00046774,0.109862071,1.013764107,0.017599058,0.1066,10.42852783,0.983791402,0.993699187,0.623818223,0.095025413
"J4184_Batch6",-75.78078259,-91.29115513,470.8426339,10.87980168,-29.60205078,81.3293457,1.7,3.225007388,-14.46533203,0.989983306,13,120,1.104147322,238.2,164.3,0.000126637,0.051679159,0.999314373,0,0.1096,10.02715759,0.953558052,0.990560227,0.618952202,0.096697678
"J4212_Batch6",-67.67836727,-70.51304408,416.7829241,16.03137394,-32.80639648,79.92553711,1.7,3.520891917,-11.62719727,1.053623188,12,80,1.037387603,215.1,131.9,0.001310977,0.160186431,1.089970177,0.014913347,0.1307,11.54314423,0.955987312,0.988183109,0.449471037,0.086001067
"J4214_Batch6",-85.77535127,-95.25814965,441.3713728,8.895775272,-40.37475586,81.0546875,1.8,3.741064293,-14.19067383,1.015452539,12,100,1.091386726,395.3,204.4,0.000584513,0.108467181,1.049070791,0.346868229,0.1702,17.0652298,0.945627376,0.985429199,0.394161339,0.07813985
"J4216_Batch6",-70.19354745,-68.9973377,481.3058036,12.44427346,-33.23364258,78.06396484,1.8,3.694689032,-12.57324219,1.065666041,13,50,1.122703056,372.6,154.8,0.002049894,0.208952635,1.068021211,0.146824384,0.1675,15.30612183,0.935822637,0.985820644,0.645036918,0.10373397
"J4217_Batch6",-72.7369196,-78.43744187,305.6117467,10.72051068,-33.38623047,80.16967773,2,3.380488277,-10.34545898,0.965865992,13,101.5789474,1.033720451,549.9,258.5,0.001393089,0.17099996,1.031737826,0.02884074,0.1027,9.211230469,0.965504025,0.98926213,0.54427865,0.093189703
"J4229_Batch6",-65.97997619,-68.30037435,441.1097935,13.41417937,-29.60205078,82.88574219,1.7,3.489881535,-13.70239258,1.150664697,11,63.33333333,1.062754137,299.5,149.1,0.001114851,0.139730234,1.144074758,1.35812268,0.0523,4.556591797,0.914153955,0.974172217,0.669754585,0.100690927
"J4235_Batch6",-71.56681358,-96.11496698,299.5954241,6.702215112,-26.12304688,86.2121582,1.7,3.854565842,-12.11547852,1.22992228,4,200,1.025752895,447.4,299.9,0.002253507,0.127649275,1.22992228,0.030533808,0.1253,10.16640015,0.985263158,0.987272576,0.020269383,0.015430573
"J4241_Batch6",-76.58016046,-77.80529204,351.3881138,18.4209023,-45.31860352,90.02685547,1.9,4.541608876,-8.239746094,1.386627907,12,60,1.120184275,201.8,103.6,0.002838963,0.234189526,1.352842883,0.322094674,0.3268,32.41581421,0.889491525,0.974596516,0.342776579,0.068785643
"J4242_Batch6",-69.94827232,-71.08154297,494.1231864,14.69460515,-32.44018555,75.34790039,2,3.062971905,-13.54980469,1.104740904,14,70,1.093207453,296.2,183,0.000323557,0.085358355,1.021986195,0,0.1165,11.18240814,0.947145877,0.995356668,0.576231652,0.098655808
"J4247_Batch6",-72.47145973,-77.24434989,276.8380301,9.785328686,-41.53442383,82.61108398,1.6,2.34683731,-6.927490234,1.003731343,13,91.57894737,1.063801728,428.9,172.1,0.00075152,0.124802008,1.047526019,0.426210064,0.319,27.50206299,0.933429291,0.983126584,1.764896558,0.160569299
"J4257_Batch6",-74.27810789,-80.59692383,387.5732422,8.72312956,-29.63256836,78.27758789,1.6,2.830702696,-14.16015625,1.066666667,14,102.7272727,1.136601687,511.5,233.2,0.001312388,0.172901561,1.037989551,0,0.1419,12.74586945,0.960160966,0.988675501,1.638237729,0.177872607
"J426_Batch6",-72.62885694,-82.06118629,341.0121373,29.74611341,-31.40258789,86.54785156,1.9,3.8126686,-10.34545898,1.213210702,9,120,1.023898509,364.3,182,0.001712845,0.156692426,1.157098864,0,0.012,1.027346802,0.936328263,0.968067618,0.82860473,0.109622029
"J4281_Batch6",-59.47055822,-61.47024972,336.390904,32.4591839,-26.33666992,70.70922852,2.1,2.631624689,-9.979248047,1.130289532,7,90,1.030066249,242.5,147,0.00109916,0.111962356,1.096271186,0,0.1791,15.90387573,0.884879725,0.947126317,1.822456059,0.188401859
"J4283_Batch6",-55.44319547,-56.28807431,690.4820033,30.37617149,-29.93774414,89.69116211,2.3,3.955996712,-12.11547852,1.093023256,9,20,1.110550371,507,81.6,0.00162455,0.158137623,1.048432643,1.008501639,0.5014,53.26143188,0.873209169,0.958542239,1.043548902,0.123973027
"J4284_Batch6",-70.46015075,-70.63075474,552.280971,15.41084048,-31.89086914,76.50756836,1.9,3.403745663,-13.15307617,0.94205052,12,60,1.105314376,255.1,124.4,0.00090862,0.134027529,1.018355535,0,0.2187,21.30404663,0.901386749,0.980146883,0.756331864,0.115367003
"J4285_Batch6",-74.61606662,-75.74462891,416.7829241,9.491241176,-34.82055664,80.99365234,1.7,3.71337039,-14.16015625,1.101040119,14,70,1.097165961,335.8,165.4,0.000394929,0.09553666,1.015476901,0.538141537,0.069,6.5061203,0.957714286,0.990048819,0.382119491,0.076162528
"J434_Batch6",-70.65375222,-75.08050828,290.788923,12.90149434,-36.86523438,81.20727539,1.7,2.677902505,-10.83374023,1.029261156,9,90,1.024557167,433,160.9,0.003735024,0.243053715,1.043569191,0.042962127,0.1641,13.89023132,0.940434478,0.977442002,0.88266684,0.112679916
"J435_Batch6",-68.12955232,-71.82675316,287.3883929,15.96680534,-36.37695313,82.36694336,1.7,3.093247451,-8.880615234,1.223903177,9,110,1.015176252,257.9,182.2,0.00171287,0.155445234,1.223756703,0.206702234,0.378,32.45242615,0.95588785,0.977899098,0.551441086,0.091799355
"J438_Batch6",-80.20028558,-87.53371466,284.1622489,14.71819749,-42.05322266,84.83886719,2.1,3.60480622,-9.857177734,1.154105737,8,110,1.007287137,395.3,212.4,0.002631058,0.188742188,1.104683834,0,0.4615,43.7256012,0.936439148,0.971507575,0.41044431,0.077682181
"J471_Batch6",-74.7355297,-78.67838542,272.2167969,20.2992948,-34.66796875,77.17895508,2,2.782270756,-13.18359375,1.534201954,6,150,1.032781695,408.9,130.7,0.00066273,0.087048984,1.534201954,0.756651695,0.0585,5.489935303,0.904267589,0.956797106,0.203695781,0.054215486
"J485_Batch6",-76.37651369,-91.43938337,292.7943638,6.258962109,-34.91210938,88.01269531,1.7,2.960218214,-12.78686523,1.004761905,11,160,1.044684485,357.2,185.5,0.000766498,0.121515013,1.04751951,0.279968547,0.2539,22.93971863,0.988779804,0.994375507,0.039238016,0.022306933
"J486_Batch6",-70.31495996,-68.55904715,561.7850167,17.74852516,-38.81835938,79.83398438,2.3,3.259282999,-6.866455078,1.016032064,13,40,1.104125389,156.1,78.4,0.000658022,0.120170182,1.024965521,0.626517593,0.1856,19.39441376,0.969910121,0.989272907,0.247378717,0.060704037
"J487_Batch6",-77.62979645,-90.67063105,367.0828683,9.940449431,-37.62817383,85.02197266,1.7,3.594454303,-12.14599609,1.044642857,12,120,1.033650447,372.9,203.4,0.000500138,0.100278511,1.039709187,0,0.0567,5.129849243,0.977631096,0.991610976,0.194415357,0.051765165
"J495_Batch6",-77.39628083,-82.84883045,432.2160993,8.951051427,-33.02001953,80.71899414,1.9,4.097128543,-15.28930664,1.002293578,14,90,1.120471875,425.3,176.5,0.000587623,0.116154555,1.031896241,0.178565149,0.3001,28.72755737,0.974505327,0.991324089,0.587539755,0.097155308
"J5122_Batch6",-57.1515832,-58.07059152,462.5592913,31.71406739,-35.67504883,82.7331543,2,4.218883486,-0.274658203,3.233480176,6,50,1.140203129,94.8,46.4,0.011276081,0.333045862,2.044078871,4.750749421,0.3467,31.5565155,0.820264948,0.959929502,0.508796758,0.085369112
"J5126_Batch6",-73.97724686,-81.86965216,363.3335658,12.63019231,-31.9519043,79.28466797,1.7,3.141882832,-11.77978516,1.085066163,10,100,1.034442803,486,215.8,0.000998794,0.126246613,1.055609723,0,0.0679,5.901681519,0.917712177,0.972300761,1.62565324,0.165390798
"J5128_Batch6",-60.82740155,-63.9831543,407.1044922,10.68759592,-21.45385742,85.9375,2,3.892174712,-10.62011719,1.094170404,12,63.84615385,1.081358627,527,189.1,0.002809461,0.23740983,1.085664548,0,0.1244,10.11107178,0.893478261,0.982418438,1.190689399,0.142641891
"J5141_Batch6",-72.55023566,-72.55772182,646.1007254,20.36742728,-38.39111328,77.78930664,2.2,3.553562696,-13.671875,0.922201139,11,50,1.111475983,177.8,83.3,0.00059076,0.102154808,1.023690308,0,0.1091,11.91765747,0.910572186,0.984269948,0.653295068,0.10095388
"J5144_Batch6",-65.6264763,-64.00873093,557.0765904,12.07366211,-24.78027344,77.48413086,1.8,3.222439904,-18.03588867,1.041039672,13,30.90909091,1.145223578,508.1,152.8,0.000315121,0.083419844,1.030619045,0,0.1841,17.27828674,0.955684008,0.99359011,0.384205757,0.075140995
"J5146_Batch6",-57.21312166,-57.40065802,310.4073661,21.45019212,-34.97314453,88.56201172,1.8,3.499344041,-7.110595703,1.066876475,10,50,1.000833425,252.8,144.3,0.000728391,0.109543834,1.05771529,0,0.4853,37.31842346,0.961151578,0.987357162,0.180309436,0.048929459
"J5149_Batch6",-73.11706728,-73.19946289,351.8676758,10.54661922,-36.74316406,85.51025391,1.6,3.86336769,-12.26806641,0.994722955,16,50,1.103483495,280,140.4,0.000490153,0.114357862,1.016538317,0,0.0897,8.175453186,0.959986082,0.990539356,0.265299372,0.061466809
"J5161_Batch6",-81.67243618,-82.98456101,479.2131696,19.99469957,-46.6003418,86.27319336,2,4.036785171,-9.216308594,1,8,60,1.08061338,296.4,163.3,0.00042045,0.07653879,1.028259597,0.39319776,0.3239,33.67129974,0.90238764,0.963140493,0.701036902,0.101588611
"J5162_Batch6",-65.85252092,-67.21859887,508.1612723,18.99588377,-30.48706055,79.49829102,2,3.418737216,-10.71166992,1.167721519,9,60,1.074607721,320.6,134.3,0.001205306,0.133541239,1.060280524,0.137965105,0.1488,13.60037231,0.829646876,0.963867766,0.920844957,0.123950272
"J5164_Batch6",-75.05766374,-77.1484375,622.5585938,14.48803314,-33.05053711,72.11303711,1.9,3.218810822,-13.18359375,1.167857143,11,70,1.122768818,145.4,99.1,0.000960892,0.130944806,1.068155638,0.151455748,0.1796,17.94904633,0.895869191,0.98397618,0.693437628,0.113102927
"J5165_Batch6",-68.38268974,-68.97844587,351.3009208,12.729269,-35.09521484,80.81054688,1.6,3.441690587,-12.08496094,0.979978925,13,60,1.052032433,414.3,151.5,5.5e-05,0.034086978,0.997213933,0,0.1995,18.26279297,0.962739532,0.993661812,0.093420525,0.034485922
"J5167_Batch6",-75.58011549,-92.22237723,409.7202846,8.992185616,-24.29199219,61.46240234,1.9,2.081395126,-15.41137695,1.170658683,11,123.3333333,1.064472401,544.6,182.9,0.002321311,0.20672203,1.092011472,0,0.4239,37.25960083,0.928305015,0.982602016,0.606486075,0.103721759
"J5168_Batch6",-75.12118257,-73.96705264,603.7248884,30.42057728,-55.23681641,83.09936523,2.1,3.363259716,-7.171630859,1.197777778,8,30,1.136386212,141.1,97.3,0.001855467,0.174222597,1.141523242,1.180100576,0.2548,31.36575623,0.841854935,0.941063241,1.718399027,0.180300679
"J5191_Batch6",-73.27639662,-82.8465053,312.1512277,11.11430107,-32.59277344,80.62744141,1.8,3.346692178,-10.22338867,1.025142857,11,130,1.058874032,415.9,241.6,5.79e-05,0.032408276,1.017778269,0.109318193,0.0643,5.587203979,0.977272727,0.993391762,0.865218178,0.11266994
"J5192_Batch6",-71.76536746,-70.1105027,571.9866071,24.21883655,-35.98022461,79.86450195,2.4,4.503329023,-8.148193359,1.132330827,9,40,1.10022661,344.2,164.6,0.000213853,0.057292808,1.039618771,0.891551684,0.1243,12.32944336,0.9048583,0.973299141,0.375080523,0.076972629
"J5193_Batch6",-71.84810927,-75.5452474,471.1914062,12.14687292,-30.42602539,81.66503906,1.8,3.479518001,-10.13183594,0.944656489,13,80,1.022044369,343.6,212.7,0.000520736,0.106368224,1.013799273,0.06225647,0.0342,3.200146484,0.964106523,0.988867285,0.447284907,0.082552066
"J5194_Batch6",-70.7889165,-71.30475725,617.5013951,15.34038694,-28.01513672,71.59423828,2.1,3.97133189,-15.65551758,1.01497006,9,50,1.082875495,235.5,121.1,0.002035774,0.175295915,1.077634381,0.621577213,0.1748,16.29035187,0.874244256,0.964976736,1.018115219,0.131132437
"J5195_Batch6",-76.3848937,-84.68511672,398.210798,9.997316763,-29.54101563,74.09667969,1.6,2.716348975,-18.37158203,0.995454545,14,120,1.080964922,447.9,167.3,0.001116944,0.160424577,1.045025618,0.148151645,0.1661,15.50717163,0.973555736,0.98834184,1.15571742,0.147865855
"J5196_Batch6",-79.66803443,-91.76839193,391.8457031,6.51456953,-35.58349609,77.02636719,1.5,2.253835525,-17.24243164,1.012392755,17,112,1.117098743,474.9,216.9,0.000480901,0.118515939,1.051403964,0,0.0972,8.991905212,1.006026517,0.999728987,0.129281483,0.044907892
"J5197_Batch6",-60.2674214,-60.09085519,777.0647321,34.44709764,-34.85107422,86.76147461,2.2,3.55396815,-9.216308594,1.045908184,12,20,1.084527794,236.5,66.2,0.00135973,0.1625603,1.038039563,1.049838862,0.3852,44.83408966,0.90971223,0.972572582,0.896937215,0.119866383
"J5201_Batch6",-74.24848884,-73.8487607,302.2112165,26.93684784,-49.59106445,85.35766602,2.1,3.890129075,-0.610351563,1.94556213,6,50,1.096075989,385.4,153.8,0.009651953,0.309042322,1.497818942,1.990848595,0.5018,49.74047546,0.831905782,0.96904672,0.496484459,0.082056758
"J5202_Batch6",-65.58038172,-68.62792969,519.4963728,19.81431477,-35.76660156,77.1484375,2.1,3.310758011,-9.155273438,1.041193182,9,70,1.056248297,147.6,106.4,0.000863172,0.114317369,1.045532712,0,0.2077,19.10840149,0.919554455,0.975867712,1.425659333,0.158665632
"J5204_Batch6",-76.27297182,-91.95498512,451.4857701,8.629381412,-29.90722656,80.62744141,1.8,3.404604733,-14.70947266,1.033730159,12,120,1.077956164,301.2,186,0.001183349,0.152871029,1.043791662,0,0.1056,9.546960449,0.947647951,0.982362235,0.660335998,0.105056767
"J5205_Batch6",-70.1005527,-80.80618722,443.4640067,13.11911012,-22.36938477,70.19042969,1.8,2.857228856,-16.14379883,1.057873486,11,110,1.056072338,469.3,153.8,0.000276859,0.070212713,1.015074703,0,0.1116,9.600250244,0.951440979,0.983235033,0.605556546,0.097525184
"J5207_Batch6",-71.27006017,-76.40991211,305.7861328,9.91186376,-31.89086914,82.64160156,1.7,4.209176217,-9.887695313,1.148514851,12,90.66666667,1.080684739,590,232.1,0.001583298,0.178681794,1.096596434,0.433502157,0.1373,11.80455322,0.967549422,0.99005229,0.391079407,0.076928401
"J5209_Batch6",-77.40660433,-90.97086589,318.8650949,6.282825948,-31.9519043,84.83886719,1.6,3.49028865,-13.82446289,1.090512541,12,132.9411765,1.054609872,537.3,253.8,0.001139929,0.151976087,1.052127888,0,0.0846,7.678656006,0.969840116,0.989996834,0.130800951,0.042573348
"J5211_Batch6",-83.72458658,-90.0297619,366.6469029,9.440020381,-42.51098633,82.21435547,2.1,3.801085325,-13.97705078,0.991869919,14,100,1.058261683,443.8,205.6,0.000830026,0.137155437,1.021959357,0.017278019,0.0932,9.45032959,0.965194611,0.992114929,0.99428638,0.127917364
"J5212_Batch6",-69.33879094,-70.04597982,444.3359375,13.19623428,-30.18188477,81.08520508,1.8,3.116013937,-15.44189453,0.979879276,12,70,1.114256987,368.4,153.4,0.000482027,0.097192903,1.007202843,0.031148218,0.151,14.09327698,0.932269504,0.981741462,0.700437233,0.104401364
"J5214_Batch6",-71.05730342,-78.04797945,441.632952,9.677824892,-24.32250977,76.26342773,2.2,4.7205493,-12.6953125,1.07505071,10,100,1.103955997,421,194.7,0.001602347,0.16290701,1.033460415,0.172626274,0.266,23.20875244,0.925057648,0.979109755,1.43148633,0.160782984
"J5215_Batch6",-76.22506222,-87.31224423,336.5652902,8.485362861,-31.76879883,81.3293457,1.7,3.138062833,-12.54272461,1.003102378,11,120.6666667,1.06247394,475.4,249,0.000344102,0.080191095,1.014174658,0.02514225,0.1844,16.49661255,0.970746728,0.990741775,0.292734714,0.064723438
"J5216_Batch6",-63.89780249,-65.6156994,558.9948382,15.30408399,-31.49414063,92.46826172,1.8,3.138706388,-9.521484375,0.947058824,13,60,1.121682172,160.3,48.1,0.000418875,0.093085324,0.99302831,0,0.2084,19.08978271,0.960945529,0.976486976,0.939612648,0.115099688
"J5217_Batch6",-71.42363907,-79.82468378,416.695731,11.45554488,-26.45874023,75.10375977,1.8,3.105671767,-13.88549805,1.110458284,11,100,1.077997116,336,154.1,0.001276315,0.154152804,1.068749257,0.136526402,0.1023,8.784344482,0.90755627,0.978231019,0.604748752,0.10314254
"J5221_Batch6",-78.56479124,-89.04883975,426.5485491,9.66097334,-36.56005859,84.59472656,1.9,3.759651665,-14.19067383,0.985195155,14,110,1.091679298,291.4,163.6,0.000322249,0.086982153,1.007641691,0,0.3213,30.32599335,0.973409989,0.993043397,0.587949626,0.093808849
"J5222_Batch6",-75.67607646,-76.15152995,337.5244141,8.981133659,-45.50170898,81.66503906,1.9,2.965793703,-7.293701172,1.11311054,13,50.47619048,1.095259649,403.4,115.1,0.000755756,0.126459532,1.032390913,0.262563979,0.1646,15.83464813,0.92294159,0.985322636,0.978589776,0.124562522
"J5223_Batch6",-75.73282889,-85.1382301,386.0037667,12.7286965,-35.06469727,86.2121582,1.9,4.409370528,-8.7890625,1.11686747,11,110,1.04696359,320.4,204.9,0.000705621,0.113942558,1.056444561,0.492034668,0.2671,24.30447083,0.961217833,0.984815071,0.256172415,0.060497506
"J5224_Batch6",-71.21520852,-70.75892857,485.4910714,16.7649379,-35.98022461,82.48901367,2,4.255990706,-10.34545898,0.917670683,15,50,1.061387296,440.9,185.7,0.000317035,0.087797384,1.005534314,0.453992847,0.1152,11.23031921,0.966704937,0.990665948,0.621920776,0.100745363
"J5227_Batch6",-60.13028098,-59.42615327,586.2862723,21.67894772,-29.41894531,72.72338867,3,3.426523807,-3.479003906,1.00140647,5,30,1.146867167,406.6,217.1,0.001290433,0.126985705,1.107542513,2.795607289,0.2086,20.37303925,0.83955384,0.896766653,1.34796043,0.15502109
"J5231_Batch6",-70.61296555,-78.44616118,444.6847098,12.71406646,-26.21459961,73.48632813,2.2,3.024079238,-13.9465332,1.240928882,6,110,1.085536651,205.6,120.4,0.002453096,0.173046283,1.07966549,0,0.194,17.3565155,0.825451749,0.940605435,3.145657803,0.237710545
"J5233_Batch6",-60.07443804,-59.64442662,504.4119699,20.19614758,-29.0222168,81.45141602,2,5.353525546,-11.9934082,1.01955105,12,50,1.052624857,269.6,155.8,0.000526705,0.101633652,1.01955105,0,0.1482,13.22271271,0.955755531,0.987082064,1.03724231,0.13235943
"J5235_Batch6",-88.25593427,-100.2406529,268.2059152,8.10829776,-48.40087891,78.85742188,1.9,3.514738664,-9.765625,1.008460237,12,150,0.999336555,440.8,224.7,0.000806256,0.128957632,1.045783437,0.043419103,0.412,41.34873657,0.969685192,0.994495915,0.139126129,0.045119249
"J5236_Batch6",-83.19795857,-99.10510835,293.4919085,7.41598468,-39.03198242,82.91625977,1.7,3.264328054,-15.25878906,1.048165138,9,153.3333333,1.024094274,535.7,239.3,0.000689424,0.102243507,1.051145192,0.068679718,0.0605,5.7256073,0.979664645,0.991420819,0.08714574,0.03311804
"J5237_Batch6",-64.40033465,-66.79251535,368.8703265,34.20629928,-46.75292969,85.78491211,1.7,2.411148134,-4.364013672,0.936794582,12,50,1.076697096,202.7,321,0.001156484,0.149906179,1.059615528,0,0.2997,26.51506348,0.919453434,0.978070706,0.605982014,0.095468355
"J5238_Batch6",-78.02267322,-79.32506743,586.7222377,12.71530188,-32.86743164,73.08959961,1.8,2.917038088,-11.96289063,1.140664962,10,80,1.118831405,187.2,105.2,0.00278234,0.214628123,1.284754894,0.034958215,0.1556,15.46303711,0.941810345,0.96897819,0.728348259,0.113422481
"M1141_Batch5",-67.58469613,-67.73914156,528.6516462,26.13278203,-34.33227539,86.76147461,2.1,4.648997152,-8.056640625,1.038314176,8,50,1.061377157,326.5,147.3,0.001529419,0.145515327,1.070618894,0.830742875,0.3793,35.30264893,0.86,0.940297215,1.708694274,0.164618581
"M1143_Batch5",-70.70768429,-69.31268601,677.9261998,15.73155841,-35.82763672,82.15332031,1.9,4.286854078,-16.84570313,0.859180036,15,40,1.116527875,259.3,84.1,0.000209536,0.070530687,0.997870342,0.057531817,0.1503,16.91418152,0.919406151,0.987905565,1.155595894,0.133504587
"M1145_Batch5",-68.8008376,-75.03836496,327.4972098,8.412688118,-33.44726563,92.16308594,1.8,3.824777581,-10.71166992,0.97029703,14,103.3333333,1.074908134,393.4,182.7,0.000528531,0.10959963,1.084799001,0.154122748,0.3174,27.42966614,0.976963351,0.989526443,0.210694752,0.05287692
"M1163_Batch5",-60.26911088,-90.91622489,379.725865,9.297665032,-19.28710938,85.35766602,1.6,3.048071119,-15.10620117,1.069014085,10,190,1.043504308,86,84,0.000131546,0.047169712,1.008526014,0.219154852,0.1188,8.775891113,0.977989729,0.995499802,0.103127794,0.036268599
"M1164_Batch5",-65.39106045,-73.89322917,410.7666016,9.697562286,-27.09960938,82.39746094,2.2,3.301606045,-6.164550781,0.934722222,13,110,1.037063608,234.1,171.3,0.000722056,0.123586132,1.02067526,0,0.0619,5.533752441,0.994365139,0.996289412,0.1896769,0.053311767
"M1175_Batch5",-76.41531445,-93.96362305,329.284668,7.813005808,-33.9050293,89.44702148,1.7,3.442106322,-11.56616211,1.155698234,9,160,1.047025191,251.3,177.5,0.001066913,0.125675872,1.097970178,0.026676048,0.0663,5.93184967,0.976364268,0.988398488,0.08573541,0.032800006
"M12132_Batch5",-80.14842407,-90.46020508,490.7226563,8.51583066,-33.44726563,72.87597656,2.2,2.989403316,-14.16015625,1.179930796,9,100,1.065987061,333.2,190.2,0.002504473,0.192497466,1.101009898,0.060043569,0.0609,5.924060059,0.96344086,0.989769642,0.228176171,0.061113918
"M12134_Batch5",-67.46243032,-71.51605515,371.3553292,14.6698972,-33.87451172,74.70703125,1.5,2.561614472,-19.19555664,0.976973684,12,90,1.018455461,182.8,97,0.001611021,0.178113356,1.057237265,0.085980029,0.5491,47.48290405,0.970503892,0.98051431,0.880465998,0.12609353
"M1252_Batch5",-66.71459165,-66.63614909,331.5080915,20.07483998,-31.70776367,81.69555664,1.9,3.961219583,-9.613037109,4.194444444,9,70,1.172619999,165.4,79.8,0.028433948,0.636032827,2.865033488,2.833606275,0.5169,48.7743042,0.634280181,0.971745391,4.147075706,0.264983029
"M1273_Batch5",-61.10017247,-60.82327706,565.7087054,18.7127531,-31.40258789,75.65307617,2.3,3.680102523,-8.697509766,0.903125,11,50,1.069981721,147.7,114.1,0.00016586,0.053782589,0.977637615,0,0.0875,9.051249695,0.95236189,0.988567826,0.325435917,0.070130972
"M1274_Batch5",-71.51913309,-75.10870071,316.5980748,10.05255962,-36.52954102,85.51025391,2,3.443310493,-6.744384766,0.928677563,17,91.57894737,1.034813377,585.3,274.3,0.000719773,0.141583498,1.012580837,0,0.0545,5.19491272,0.985315712,0.994520761,1.035291611,0.132762104
"M1275_Batch5",-82.6947262,-95.06196522,373.4479632,9.476322181,-40.28320313,87.03613281,1.9,3.962532559,-9.460449219,1.158508159,11,120,1.056052443,406.5,205.6,0.001809389,0.18306667,1.074815449,0.00622978,0.1029,9.945477295,0.932322485,0.984640914,0.460760008,0.083372602
"M1276_Batch5",-78.45488751,-79.82991536,324.9686105,13.7857351,-45.8984375,84.32006836,2,3.92119103,-6.256103516,1.011157601,12,70,1.038338624,361.1,150.9,0.000965969,0.136474078,1.038160418,0.159204057,0.1516,14.93094788,0.928239914,0.983360221,0.423407926,0.077247636
"M1293_Batch5",-82.14075152,-81.98678153,279.976981,9.750448711,-36.86523438,78.73535156,2,2.735810286,-11.23046875,1.10817942,9,150,1.142206798,274.5,223.4,0.00164691,0.157548587,1.190119522,0.049976596,0.1633,16.11662903,0.946762018,0.97075647,0.385951432,0.079313161
"M1296_Batch5",-60.05495199,-60.42596726,772.3563058,39.78066646,-33.17260742,83.92333984,2,3.366663369,-4.699707031,1.386843697,3,20,1.095524994,337.7,149.4,0.003343185,0.206369427,1.386843697,4.538157885,0.4128,55.21933594,0.743400894,0.765751751,2.776537655,0.209665295
"M132_Batch5",-66.47849461,-69.83235677,512.7825056,11.56663116,-27.74047852,81.26831055,1.8,3.728840934,-16.63208008,1.095112285,13,70,1.095836161,240.3,136.2,0.000971271,0.142236768,1.064060322,0,0.1124,9.828852844,0.953602414,0.987546792,0.818426442,0.114717347
"M2103_Batch5",-71.41408357,-69.28623744,399.9546596,11.56007719,-26.58081055,77.69775391,2,2.944215868,-10.71166992,1.209267564,9,100,1.165059076,271,184,0.001387838,0.149705032,1.058200325,0.016512962,0.1392,13.06277313,0.883411581,0.971259416,0.573718262,0.099760433
"M2253_Batch5",-72.96887643,-75.64522879,329.6770368,10.49105898,-29.84619141,84.9609375,1.8,3.157828525,-11.13891602,1.202321725,11,120,1.053096485,488.1,265,0.001311473,0.152719874,1.121184231,0.11148226,0.0728,6.741519165,0.971117779,0.984204104,0.267595463,0.063066083
"M2255_Batch5",-64.29261167,-65.16956148,457.938058,14.87263589,-26.06201172,89.5690918,1.9,4.379049076,-4.8828125,1.31010453,11,50.66666667,1.101916273,517.1,200.9,0.002336558,0.20377448,1.180524632,0.313870054,0.138,11.74774628,0.901827302,0.973864964,1.302050882,0.14493533
"M234_Batch5",-56.44284276,-67.74989537,257.8299386,7.376752812,-13.88549805,84.19799805,1.9,2.770437612,-10.22338867,1.012058108,5,190,1.00632294,495.7,364.5,0.000320363,0.056146255,1.038812542,0,0.0192,1.397814941,1.009201012,0.998510187,0.008254545,0.010162575
"M251_Batch5",-71.33792743,-74.43586077,343.8023158,11.75726838,-32.56225586,82.70263672,1.9,3.2746805,-12.45117188,1.040780142,10,90,1.057643423,579.3,221.3,0.002602292,0.20808502,1.050831953,0,0.1837,16.47589722,0.964831804,0.987085854,0.653848357,0.101909313
"M253_Batch5",-59.4549223,-57.16785249,655.7791574,14.45485889,-26.3671875,67.96264648,2.6,2.658918458,-5.218505859,1.623778502,5,40,1.060619557,184,105.8,0.004354743,0.195468366,1.294345341,1.177451227,0.198,17.18544312,0.79639056,0.943270757,0.526876611,0.095712759
"M266_Batch5",-74.84877733,-95.3645252,227.5739397,8.2354057,-36.19384766,93.65844727,1.6,3.654476677,-10.71166992,1.079696395,3,220,1.011322639,371.6,227.5,0.000241423,0.038321168,1.079696395,0,0.0619,5.20050354,0.988216039,0.990133194,0.006137839,0.008156684
"M272_Batch5",-76.86917385,-92.00613839,338.3091518,9.099194684,-34.72900391,85.32714844,1.7,3.359604724,-11.41357422,0.957241379,10,150,1.039427966,353.3,262.8,8.51e-05,0.039445588,0.999319485,0,0.1048,9.431512451,0.991827637,0.994538531,0.104209778,0.037800577
"M3111_Batch5",-55.42814719,-53.33891369,710.1876395,21.88877311,-36.62109375,78.70483398,2.6,2.584590023,-10.25390625,1.132323232,4,30,1.062802825,83.1,49.6,0.006281653,0.224172315,1.297205327,1.10505828,0.5543,52.6649704,0.770510836,0.860225382,1.847664388,0.172986311
"M3122_Batch5",-68.24145606,-72.87452334,437.273298,9.354793547,-22.58300781,81.08520508,2,3.746046412,-15.07568359,1.040849673,11,72,1.091871768,511.7,178.2,0.000968807,0.133327722,1.016640047,0,0.1566,13.81522522,0.948269445,0.977330553,0.885966021,0.117306031
"M3124_Batch5",-67.87756851,-73.81417411,494.2103795,13.55804811,-30.70068359,80.68847656,1.8,3.318715769,-11.71875,1.197387518,9,80,1.025807713,233.7,128.5,0.002725055,0.199965332,1.120925301,0,0.0309,2.624981689,0.912960851,0.975727031,0.783052769,0.114065627
"M3212_Batch5",-59.90670572,-58.94426618,410.9409877,37.02312466,-30.76171875,81.29882813,2,3.77124864,-4.333496094,2.554307116,5,50,1.084871085,211.1,136.3,0.019254161,0.429141265,2.41277081,2.232716464,0.478,44.89569702,0.847834275,0.954224967,0.639745613,0.094316068
"M3214_Batch5",-60.11695141,-58.03542364,592.8257533,15.87630245,-30.67016602,76.75170898,1.9,2.497995934,-14.28222656,1.220238095,12,30,1.135288222,272.9,80.5,0.002314569,0.212863844,1.130235222,0.127077613,0.2133,20.17619934,0.942459571,0.985425391,1.186569001,0.140657393
"M3263_Batch5",-62.95989797,-61.30836124,405.0118583,20.28774428,-31.15844727,77.02636719,2.2,3.154264707,-9.490966797,1.187022901,9,60,1.061554358,272.4,139.6,0.00222395,0.177405867,1.120745194,0.042511699,0.1002,9.3522995,0.877143997,0.972027916,1.142902777,0.140337942
"M3266_Batch5",-72.39177546,-74.08040365,341.6224888,14.62587105,-40.86303711,83.64868164,1.9,3.363657248,-7.995605469,0.962406015,12,70,1.015344451,318.3,150.5,0.000301353,0.076461485,1.007434079,0.09324975,0.0468,4.335418701,0.935495627,0.987186066,0.310661603,0.067019144
"M3271_Batch5",-75.17997874,-79.30297852,554.8095703,13.59224561,-40.46630859,86.9140625,2.3,3.678558117,-6.652832031,1.492647059,6,70,1.07124126,138.8,89.8,0.010430428,0.323837281,1.636363636,0,0.149,14.49276581,0.788536846,0.876882231,5.02215419,0.294069914
"M3272_Batch5",-69.90705864,-75.17845517,281.2848772,12.6656741,-41.9921875,89.63012695,2,4.163137262,-2.410888672,1.088777219,11,100,1.028176286,232.6,155.7,0.001436327,0.161002509,1.106034709,0.056112034,0.0793,6.676831055,0.944291609,0.984314701,0.427692097,0.076434937
"M3273_Batch5",-75.0103968,-80.98115467,388.2707868,10.86475969,-35.21728516,82.79418945,1.7,3.379544139,-14.25170898,0.954301075,12,90,1.052087992,295.8,150,0.000132155,0.051234343,0.996362481,0,0.0503,4.587017822,0.990504018,0.992475098,0.283622969,0.061637533
"M3274_Batch5",-61.07298406,-60.26436942,550.8858817,23.30113116,-35.64453125,94.84863281,2,4.727852297,-8.544921875,1.18230563,10,30,1.090460124,398.4,101.2,0.002688222,0.204257153,1.194725439,0.292033534,0.2418,25.56224976,0.850721785,0.928252097,4.011198963,0.257910248
"M3281_Batch5",-60.01683348,-59.91065616,350.8649554,47.6712316,-37.20092773,91.61376953,2.5,5.561405084,-6.256103516,1.276710581,4,40,1.042780125,533.1,230,0.010750043,0.253892857,1.304524491,1.935533404,0.3926,36.29248962,0.938440161,0.961377524,0.12925334,0.039353833
"M3282_Batch5",-59.79977954,-59.23055013,318.6035156,19.41662215,-36.07177734,87.24975586,1.8,3.542759089,-9.521484375,1.19020979,9,32,1.013862843,509.8,184.2,0.003387409,0.227694516,1.155433012,0,0.1931,15.90892639,0.963381246,0.985111013,0.328035756,0.066820146
"M3285_Batch5",-69.72200531,-69.25513858,453.0552455,14.73682448,-41.07666016,85.32714844,2,3.955821695,-5.706787109,0.93620178,13,50,1.037639661,311.9,127.4,0.000647917,0.117494862,1.034584073,0.210760807,0.0346,3.278610229,0.984908372,0.995525503,0.158312064,0.047086397
"M3311_Batch5",-60.26552663,-56.91731771,394.4614955,40.08922044,-32.83691406,79.49829102,2.5,3.17060844,-8.758544922,1.403037909,4,70,1.079969956,128.3,80.1,0.070367337,0.675747176,1.677251542,0,0.0711,6.635264587,0.795274652,0.833566537,2.54802678,0.202942641
"M342_Batch5",-62.50025618,-62.58515858,503.452846,19.4767839,-30.9753418,78.8269043,2.3,3.670044459,-9.490966797,1.134,7,50,1.080207815,281.9,119.1,0.005076823,0.234063784,1.168821199,0.210524694,0.2039,18.57153931,0.856870229,0.965018539,0.880889038,0.117798291
"M354_Batch5",-70.88510332,-86.9547526,408.4995815,11.25580377,-31.76879883,76.62963867,1.9,2.628974141,-10.77270508,1.404682274,7,140,1.016578285,142.6,105.2,0.009341465,0.326523272,1.276794133,0.225262154,0.0598,5.082141113,0.865023474,0.953774205,1.443680176,0.153576912
"M362_Batch5",-59.38419923,-61.28133138,368.6523438,23.63396067,-30.73120117,92.80395508,1.9,3.928868202,-8.575439453,4.826484018,4,90,1.10053534,53,42.8,0.03501249,0.646382351,3.70274059,2.28462776,0.3226,27.90783997,0.69437799,0.813681157,4.587924805,0.25237952
"M376_Batch5",-69.44644233,-69.53357515,433.5239955,24.13100631,-33.41674805,83.12988281,1.7,4.006261622,-10.68115234,7.692307692,10,60,1.151820271,115.9,70.2,0.014686034,0.506065338,3.534240456,2.937550327,0.4111,41.82778625,0.75078534,0.990251752,2.715270698,0.198724283
"M377_Batch5",-79.79680658,-77.80761719,623.1689453,13.2832296,-48.1262207,70.92285156,1.9,2.695262389,-12.84790039,1.121681416,10,40,1.069455235,143.7,66.7,0.001639478,0.168095332,1.090805473,0.017502024,0.145,15.74862061,0.806176351,0.971294181,0.752578619,0.114582535
"M4112_Batch5",-75.53322902,-78.77400716,665.8063616,13.12727014,-34.94262695,68.14575195,2.3,2.768567525,-13.671875,0.99339207,7,70,1.09340098,133.4,91.6,0.008476935,0.331011048,1.211376698,0.237397116,0.1757,17.91545258,0.849719101,0.969880436,0.442456285,0.088482302
"M4113_Batch5",-71.81188179,-71.75554548,457.5020926,14.68797965,-37.109375,81.81762695,2,3.764591173,-8.178710938,1.04601227,10,60,1.015143364,262.6,135.9,0.002745608,0.209631482,1.05782715,0.18442383,0.0254,2.377297974,0.904780262,0.973929627,2.265864415,0.212593303
"M4114_Batch5",-68.36835229,-68.16696894,309.8842076,11.62739245,-29.11376953,81.81762695,1.7,3.242335691,-15.86914063,0.919075145,14,100,1.073289953,473.8,252.6,0.000111352,0.050487652,0.967991403,0,0.1007,9.44745636,1.012810559,1.001410716,0.221218219,0.056169544
"M4115_Batch5",-68.11447277,-67.02357701,364.8158482,16.44567159,-48.06518555,92.34619141,2.1,5.067249572,-2.136230469,1.25,10,30,1.018086269,323.6,88.6,0.00242711,0.206190615,1.120624043,0.228924304,0.2801,28.3255188,0.974624374,0.993675799,0.020688174,0.015407684
"M4116_Batch5",-75.56639139,-74.00192987,547.6597377,16.9138186,-40.40527344,80.29174805,2,3.718333614,-9.979248047,0.98682284,10,40,1.09067699,434.3,156.2,0.000458231,0.089530485,1.026955873,0,0.1033,10.70170135,0.89105818,0.978273169,0.48132876,0.085203216
"M414_Batch5",-74.05453788,-88.42250279,349.6442522,10.23928783,-35.46142578,84.47265625,1.7,3.14651493,-9.460449219,1.23699422,11,130,1.096915282,231.4,170.5,0.00104277,0.13637317,1.216040173,0.503997803,0.1633,14.04255981,0.965925926,0.991527051,0.715005558,0.102137116
"M4155_Batch5",-65.26668893,-63.95089286,619.7684152,20.77916241,-41.59545898,85.32714844,1.9,3.731174222,-7.232666016,0.989856298,9,40,1.037451515,113.2,81.5,0.002172319,0.182829767,1.049902906,0,0.2666,25.2867981,0.869647594,0.966502919,1.817889152,0.180435787
"M4164_Batch5",-79.69755724,-83.5484096,423.7583705,11.48125591,-36.86523438,81.69555664,1.9,3.227044868,-11.23046875,1.168356998,10,90,1.126175449,451.1,243.3,0.001050113,0.133048321,1.062377275,0.219299133,0.1536,14.88182526,0.943764346,0.975758506,0.873559375,0.119679318
"M4167_Batch5",-78.86603307,-94.49695406,550.7986886,12.9687817,-32.37915039,77.20947266,2.1,3.641188809,-11.13891602,1.37164751,7,110,1.091007248,205,117.8,0.008718641,0.306900143,1.384510651,0,0.256,23.89555054,0.881889764,0.895491098,3.015118721,0.231659589
"M416_Batch5",-58.03388566,-58.92508371,344.0638951,21.83774399,-35.03417969,83.46557617,2,3.661628158,-6.439208984,1.521885522,7,60,1.009517152,179.1,108.8,0.005629276,0.245435068,1.348773477,0,0.1542,11.88352356,0.909424276,0.964715117,0.245306198,0.058431851
"M4172_Batch5",-80.10850938,-79.88891602,420.5322266,12.20123729,-42.05322266,83.25195313,2,3.469777626,-12.26806641,0.802153432,11,70,1.095816362,384.2,190,0.000351813,0.079869935,1.025177609,0.099273769,0.1527,15.62638092,0.946191739,0.984489692,0.326943238,0.068864325
"M4173_Batch5",-69.76236969,-68.32653227,602.7657645,16.67925668,-28.90014648,78.21655273,2,3.697223044,-15.13671875,1.219858156,9,40,1.113347188,234.2,129.8,0.003526343,0.226231271,1.091035807,0,0.1748,16.98574677,0.837382445,0.957158051,1.851401426,0.184212246
"M4176_Batch5",-69.4142442,-76.77205404,330.0258092,9.684122234,-20.72143555,79.49829102,1.8,3.454596927,-12.14599609,1.162732919,11,140,1.071854298,464.6,244.7,0.000673312,0.111611835,1.157730371,0.167691486,0.151,12.57890015,0.934244551,0.985104046,0.194544782,0.053626398
"M4178_Batch5",-59.51805725,-98.46307664,445.9054129,6.225282349,-9.155273438,78.64379883,1.9,3.653856987,-13.51928711,1.20620285,6,190,1.063349355,327.4,192.2,0.003035485,0.179949895,1.20620285,0,0.0755,5.313565063,0.968565089,0.987859976,0.026101742,0.018455335
"M4179_Batch5",-57.31715328,-73.98681641,331.4208984,10.90312859,-13.21411133,85.81542969,1.7,3.59982157,-9.613037109,1.075443787,10,140,1.048346816,442.2,239.1,0.000161992,0.051892943,1.05513692,0,0.0271,1.877810669,0.949454545,0.985118111,0.255424599,0.059515989
"M417_Batch5",-74.70655005,-82.04025995,516.0958426,15.89174399,-36.04125977,82.27539063,2,3.217042363,-7.263183594,1.502521008,9,90,1.051803887,203.4,132.6,0.003056316,0.216529443,1.215950834,0.70322946,0.1293,12.05091248,0.895785441,0.973523131,1.125739262,0.134375936
"M4181_Batch5",-61.23475306,-68.85521298,416.1725725,10.0743398,-17.54760742,76.75170898,2,3.306820938,-11.77978516,1.171232877,9,100,1.074298494,247.6,152.2,0.002863401,0.210108799,1.094878061,0.345503916,0.131,10.08097839,0.884510339,0.969425667,1.66943733,0.172524351
"M4185_Batch5",-65.57652083,-99.58641416,377.0228795,7.275618955,-20.11108398,83.80126953,1.7,3.395966308,-11.74926758,1.04978355,7,190,1.036548674,290.7,213.8,0.000731106,0.099588096,1.064445411,0.255055745,0.1033,7.723016357,0.968911917,0.984570878,0.095471631,0.035877379
"M4186_Batch5",-60.83355036,-65.43085007,433.2624163,8.533483445,-19.71435547,87.43286133,1.8,3.714082169,-11.90185547,1.06518724,14,71,1.081634539,382.3,171.5,0.000512571,0.108168763,1.02788839,0.010702285,0.2063,16.14328461,0.97515087,0.993567198,0.422526744,0.078307587
"M421_Batch5",-69.21189133,-74.36145601,383.039202,16.74748648,-33.32519531,87.70751953,2,3.280402096,-8.361816406,1.2075,9,100,1.056131124,233.6,162,0.001312431,0.138595294,1.094788725,0.023014614,0.2159,18.87876587,0.94044665,0.978164514,0.545929862,0.086934921
"M42210_Batch5",-78.54588203,-94.13771856,422.7120536,7.258639852,-35.61401367,84.71679688,1.5,3.569167982,-14.28222656,1.018072289,13,120,1.063002598,251.8,154,0.000975947,0.143743688,1.069011713,0,0.0929,8.621984863,0.980194454,0.988672024,0.80348245,0.11031994
"M4222_Batch5",-60.15103158,-59.29885138,404.2271205,28.37123587,-36.68212891,95.9777832,2,5.103282921,-2.380371094,1.731182796,8,30,1.224197281,128.3,90.1,0.005221325,0.253288955,1.440315013,7.5185066,0.4628,43.87206116,0.761548065,0.954482576,1.649373223,0.152118796
"M4225_Batch5",-79.16992356,-81.56098865,360.0202288,10.44435897,-34.97314453,81.42089844,1.7,3.135689005,-14.09912109,1.092337917,13,120,1.089300354,344.2,211.7,7.5e-05,0.04045567,1.074885509,0.121279824,0.1109,10.80332031,0.994891945,0.997437922,0.210704747,0.056519212
"M4227_Batch5",-69.93646186,-71.08648391,516.444615,15.28985254,-26.0925293,78.67431641,2.1,4.026973239,-8.514404297,1.264778325,8,80,1.098524307,237.6,141.8,0.001376323,0.132640891,1.116101928,0,0.1328,12.24145966,0.90747331,0.969876172,0.502607315,0.088685176
"M4231_Batch5",-69.41695212,-71.14548456,463.9543806,16.74366046,-31.15844727,75.16479492,1.9,3.047661537,-13.09204102,1.093548387,10,80,1.106665858,207.7,117.6,0.000643595,0.101949031,1.027351643,0,0.2265,21.38818665,0.897236279,0.979212809,1.127402213,0.144572169
"M4237_Batch5",-70.70839323,-75.93732561,374.5814732,10.70275618,-27.49633789,82.7331543,1.9,3.97457603,-10.52856445,1.164869029,11,120,1.059833938,332.2,185,0.001475999,0.165819922,1.095074081,0.062590311,0.1859,16.53037415,0.966836735,0.989582987,0.273550487,0.066072448
"M423_Batch5",-58.8210669,-58.09238979,359.6714565,38.59152517,-35.21728516,90.51513672,2,4.591312212,-6.042480469,2.181229773,7,30,1.188419323,202.3,113.4,0.018574104,0.44178555,1.963127865,5.968955276,0.3911,36.28732605,0.829571475,0.948817091,0.673783776,0.097625303
"M4243_Batch5",-68.93668374,-68.49568685,385.6549944,13.48294397,-32.62329102,82.70263672,1.8,3.346558337,-14.22119141,1.027837259,14,62,1.10200826,463.5,208,0.00036123,0.091030552,1.032323177,0.250447759,0.1429,13.10389709,0.986111111,0.992743842,0.331535455,0.070589542
"M4246_Batch5",-68.14066585,-68.49365234,376.1509487,17.98958367,-34.97314453,80.16967773,1.9,3.923006793,-7.690429688,0.8962818,13,70,1.025725869,359.2,198.7,0.000363109,0.08738628,1.005426211,0,0.031,2.877151489,0.97630875,0.991559874,0.486216448,0.086482147
"M4252_Batch5",-74.26616524,-75.61645508,394.8102679,11.05031164,-37.35351563,83.984375,1.8,3.077984547,-11.29150391,0.973843058,12,60.90909091,1.098056437,537.9,215.8,0.000790979,0.124326317,1.047154808,0.0231843,0.2122,19.76309052,0.938937052,0.989442496,0.414938237,0.07853471
"M4253_Batch5",-59.9416161,-60.25187174,358.3635603,18.95023897,-29.60205078,85.72387695,1.7,3.765868278,-13.88549805,1.165481577,13,70,1.027871045,373.5,222.7,0.000325732,0.082549873,1.071058795,0,0.2809,24.40346985,1.00965251,0.994840445,0.211607914,0.054916094
"M472_Batch5",-74.52969577,-78.06803385,514.2647879,15.02157964,-36.65161133,75.77514648,2,3.587658773,-10.80322266,1.00747198,9,70,1.067867135,297.4,153.6,0.001514325,0.153762327,1.057227046,0.641158925,0.1247,12.16583862,0.893987342,0.961590995,1.034976836,0.134773715
"M483_Batch5",-77.29774414,-94.74196661,360.0202288,8.162385199,-33.14208984,82.79418945,1.7,3.366927698,-16.20483398,1.098577236,12,150,1.04580626,394.2,221.4,0.000371292,0.087056232,1.043275667,0.004410533,0.1495,13.43678894,0.962783774,0.992201795,0.22517614,0.056436775
"M484_Batch5",-75.28901127,-76.96678525,573.3816964,13.58451234,-37.29248047,85.08300781,2,3.819176645,-8.605957031,0.902017291,10,60,1.092669168,257.7,151.4,0.001838829,0.171847379,1.017533038,0.163802154,0.2294,22.04723663,0.899502841,0.975698746,2.100659299,0.193574524
"M491_Batch5",-83.40632808,-87.05240885,362.5488281,11.12839951,-47.82104492,90.5456543,2.1,3.482654754,-10.95581055,1.100719424,15,100,1.114098842,416.1,210.4,0.001041048,0.15835676,1.060633864,0.101204371,0.1484,15.0453949,0.962824011,0.994463001,0.726555291,0.098747924
"M492_Batch5",-66.47545059,-68.11319987,435.1806641,13.21577647,-31.37207031,87.98217773,2.1,3.985591198,-10.83374023,1.10041841,9,70,1.044386798,369.4,144.8,0.001143941,0.127033107,1.071163744,0,0.06,5.413995361,0.933869839,0.976053599,1.045400279,0.123419071
"M493_Batch5",-68.27555925,-70.85745675,224.9581473,14.79012317,-37.71972656,95.4284668,2.1,5.749899206,-8.178710938,1.118303571,8,110,1.082458229,502.6,260.9,0.00140973,0.138023193,1.094418052,0.77910982,0.3464,29.47328186,0.952396804,0.971140748,0.303686198,0.061541224
"M496_Batch5",-75.6521903,-78.1956264,344.7614397,11.87965536,-33.87451172,76.66015625,2,3.306479501,-9.796142578,0.992307692,13,100,1.06832339,517,249.5,0.000512314,0.105152936,1.017102312,0,0.1275,12.18164062,0.993723029,0.995572124,2.887638187,0.21901992
"M497_Batch5",-76.67842368,-78.59874907,546.7006138,12.3315783,-33.50830078,77.63671875,2.3,3.809776814,-4.791259766,1.190730838,10,60,1.02062062,356,189.2,0.00110957,0.133276353,1.15719406,0.051909254,0.0368,3.534832764,0.959790913,0.991460382,1.1885144,0.138855235
"M498_Batch5",-85.54499249,-101.595924,519.5835658,14.23376059,-47.27172852,84.56420898,1.9,2.841025219,-8.361816406,1.176339286,9,110,1.068799639,144.9,121.3,0.004107447,0.243851548,1.134222636,0,0.1004,9.965592957,0.894425987,0.957063298,1.876518029,0.180044721
"O1013_Batch2",-85.4275235,-89.70772879,477.2077288,12.80232389,-43.73168945,76.35498047,1.8,2.681677882,-11.62719727,1.137524558,10,90,1.112719776,206.2,116.6,0.001293303,0.147556039,1.069886457,0,0.1301,13.59477081,0.9184,0.980753863,0.785452067,0.116158913
"O8202_Batch2",-75.89855123,-87.15035575,409.02274,10.90704163,-30.18188477,84.59472656,2,3.336796115,-14.31274414,0.98627685,8,110,1.040774816,378.6,166.3,0.000763711,0.098180151,1.012436242,0,0.0773,7.171965027,0.956102784,0.980415233,0.445290736,0.078293211
"O8204_Batch2",-60.68580741,-58.86986142,407.1916853,32.42823478,-29.9987793,83.43505859,1.9,4.0610618,-6.805419922,1.908798283,9,30,1.109892543,207.7,114.4,0.006705525,0.304884864,1.373024344,4.706477638,0.4162,39.59916382,0.923191648,0.980717187,0.735948043,0.105787926
"O8211_Batch2",-65.997792,-68.4000651,619.5068359,16.56903396,-26.73339844,86.12060547,2.3,5.522558437,-10.52856445,0.997277677,11,60,1.134016708,173.9,108.6,0.005082553,0.298924253,1.044177435,0.345075041,0.1403,12.4560791,0.916575592,0.975307886,2.267810591,0.199569283
"O8212_Batch2",-75.4047541,-82.10100446,418.5267857,12.41697194,-30.91430664,81.60400391,1.8,3.652553116,-14.61791992,1.028023599,13,90,1.113593238,479,225.9,0.000831195,0.133316305,1.026620623,0.047189561,0.2248,20.4673584,0.963074604,0.990409894,0.845592873,0.119576538
"O8221_Batch2",-84.69594327,-94.77277483,343.8895089,7.326868231,-40.86303711,81.78710938,1.7,3.004411094,-10.68115234,1.032258065,13,130,1.080500563,461.8,265.3,0.000186425,0.063643656,1.028553637,0.093245717,0.1107,10.93277588,0.982972136,0.993807376,0.180285528,0.051634876
"O8233_Batch2",-83.61334998,-93.03065709,366.9956752,9.032072491,-42.66357422,83.0078125,2,3.604447321,-7.781982422,0.962472406,11,101,1.101448235,586,240.4,0.002724312,0.224010566,1.069875192,0,0.1128,10.82997437,0.894166043,0.978351439,0.99008631,0.127436371
"O8244_Batch2",-83.1359331,-90.54245722,301.9496373,12.57141119,-38.26904297,83.64868164,1.8,2.810756053,-9.674072266,1.821052632,4,161.4285714,1.074086622,248.8,150.2,0.041445027,0.498967862,1.930355634,0.108949159,0.1375,13.30797577,0.89044201,0.939777843,0.262320347,0.058786992
"O8264_Batch2",-71.87513307,-71.80175781,543.0385045,11.53166431,-28.96118164,78.88793945,1.9,2.817756571,-16.17431641,0.998573466,15,62.30769231,1.097814397,548,347.3,0.000735202,0.134793053,1.002145927,0.801838412,0.1085,10.55166931,0.999174577,0.99111282,0.54430946,0.094559569
"O8272_Batch2",-79.02422036,-91.74194336,409.5458984,8.623426306,-31.40258789,77.30102539,2,3.745586642,-15.10620117,1.388535032,8,110,1.079363779,242,155.7,0.004394392,0.23418317,1.275512532,0,0.1011,9.300012207,0.87189441,0.945812103,2.382841815,0.207770221
"O8275_Batch2",-72.84494645,-80.80037435,285.1213728,8.885214001,-32.44018555,84.77783203,2,3.216560592,-9.979248047,1.025270758,10,140,1.011456949,493.8,256.4,9.29e-05,0.039056991,1.003663004,0,0.0312,2.790779114,1.000730994,0.995961215,0.048360311,0.025151601
"O9115_Batch2",-63.93833331,-61.44351051,803.9202009,16.19735506,-22.30834961,65.97900391,2.7,3.013581075,-9.582519531,1.790030211,5,40,1.115185142,243.6,115.7,0.006159051,0.2369213,1.309811464,0.423815666,0.2693,26.48854675,0.80620155,0.922663679,0.886271533,0.128462601
"O9123_Batch2",-65.43695354,-63.60880534,388.8811384,17.77355708,-36.25488281,83.61816406,2.1,3.27777951,-8.117675781,0.867435159,13,70,1.04670133,338.8,205.1,0.000315576,0.082343815,1.013912749,0,0.085,8.259931946,0.967664671,0.9888214,0.43671944,0.085750694
"O9131_Batch2",-63.44821263,-62.97636486,497.7852958,34.26368573,-42.48046875,94.20776367,2.2,4.941328238,-3.875732422,1.240700219,10,30,1.181094581,175.1,98.4,0.002077174,0.182531381,1.10339807,4.89392324,0.4762,51.91214294,0.908458058,0.966483323,2.000746673,0.181048597
"O9132_Batch2",-79.65686049,-87.06490653,405.6222098,9.937479206,-37.87231445,87.76855469,1.9,3.825370284,-11.29150391,1.119733925,10,100,1.074524694,340,149,0.001095966,0.131778845,1.078367099,0,0.0733,6.984945679,0.919648886,0.973025903,1.226191879,0.136423103
"O9161_Batch2",-80.44459355,-87.3479934,480.1722935,10.4738136,-36.19384766,77.4230957,1.8,3.402907129,-12.75634766,0.954433498,11,90,1.096848733,331.2,173,0.000839969,0.126754662,1.011721251,0,0.1965,18.87267761,0.968860859,0.977231008,0.536499222,0.094102124
"O9163_Batch2",-57.86266687,-55.74718657,645.8391462,32.63996496,-35.24780273,87.82958984,1.9,4.201456991,-4.730224609,1.294382022,9,20,1.055410217,147.8,62.3,0.015040152,0.458561068,1.369150701,2.131550062,0.4391,46.95444183,0.884133612,0.982296955,2.748058905,0.205408385
"O9171_Batch2",-68.64087368,-67.80773344,553.9376395,18.52458207,-40.3137207,73.88305664,2.3,2.800044604,-11.74926758,0.868956743,11,40,1.093997622,332.6,125.9,0.001210987,0.147449132,1.043834013,0,0.1191,12.21500702,0.886709367,0.981859171,0.498292558,0.090123838
"O9191_Batch2",-71.86433319,-75.99080404,305.0013951,12.88278869,-26.21459961,82.24487305,2.2,3.296366047,-9.948730469,1.275675676,8,140,1.076315054,487.3,216.8,0.00462347,0.235197568,1.437096312,0.078413767,0.1343,11.68294678,0.913301223,0.963798966,0.315570328,0.066360338
"O9192_Batch2",-62.35929988,-63.20626395,244.4022042,16.32730574,-26.58081055,73.91357422,1.6,2.957506667,-14.9230957,1.046439628,13,102,1.021953527,548.1,231.9,0.000529013,0.104790611,1.064855949,0.623871013,0.0945,7.820013428,0.966503268,0.989374152,0.673915814,0.106414772
"O9204_Batch2",-97.44618099,-106.2069847,452.9680525,7.105109594,-53.31420898,79.49829102,1.8,3.333685918,-12.08496094,1.072386059,17,90,1.093687194,263,130.8,0.000440631,0.110336881,1.036861763,0.089914578,0.0581,6.539363098,1.011346445,0.997104963,0.324636819,0.068478979
"O9206_Batch2",-69.84105663,-72.17203776,473.5456194,13.27915743,-31.43310547,71.53320313,2.3,3.377096658,-7.32421875,1.12084063,10,70,1.05216491,266,153.7,0.000871265,0.120850849,1.090844697,0.203470995,0.0706,6.682312012,0.935375577,0.9777507,1.175413311,0.145919385
"O9231_Batch2",-73.62491026,-79.9487886,324.3582589,12.36504838,-30.36499023,78.46069336,1.8,3.497636686,-11.87133789,1.041262136,10,120,1.031678715,543,259.4,0.000254126,0.064924124,1.061552889,0,0.0782,6.89909668,0.97255978,0.989771498,0.277223465,0.06403159
"O9232_Batch2",-61.20639501,-66.55360631,386.7885045,13.20329543,-19.50073242,84.2590332,1.9,2.953793023,-13.91601563,1.088646967,15,93.33333333,1.042291432,437.9,216.9,0.000607573,0.121352781,1.04095662,0,0.056,4.666622925,1.011388685,1.000406048,0.182803699,0.050364734
"O9241_Batch2",-57.06056499,-57.84970238,690.0460379,13.44835479,-21.45385742,76.56860352,2.3,3.01315464,-9.490966797,1.239224138,10,60,1.156376399,135.4,59.2,0.001914169,0.180461096,1.082298004,0.646924957,0.083,7.138186646,0.822040498,0.959670881,2.511895716,0.23111304
"O9242_Batch2",-68.21480302,-80.30482701,414.6030971,8.334817182,-28.07617188,87.79907227,1.9,3.43806398,-6.927490234,0.85767098,15,110,1.051420669,270.4,170.7,0.000897324,0.148679077,1.016838489,0.036843084,0.0698,5.974276733,0.975103734,0.992215257,0.447760958,0.082119301
"O9243_Batch2",-68.5498957,-70.93157087,345.2845982,28.01105347,-35.06469727,81.08520508,2,3.994860442,-2.380371094,5.798882682,8,90,1.061573904,142.1,90.4,0.014814515,0.423390455,4.981843575,1.131681741,0.3671,33.90235901,0.83701761,0.975731818,1.483630505,0.146183092
"O9244_Batch2",-77.8062823,-88.33443778,224.1734096,10.53990877,-35.55297852,81.14624023,1.5,2.774773723,-15.96069336,0.934599156,6,192.3076923,1.008018577,592.1,337.4,0.000792333,0.09791714,1.064792122,0,0.3147,28.27887268,0.995112782,0.993536415,0.011622367,0.012144906
"O9267_Batch2",-63.8099558,-64.53886486,436.5757533,14.82998866,-33.29467773,87.64648438,1.9,3.597964185,-3.753662109,1.009060023,12,60,1.091722896,202.6,114.1,0.001725792,0.184101718,1.050667787,0.468368968,0.2281,19.39465942,0.941678521,0.983786922,0.572126015,0.092068481
"O9271_Batch2",-76.60243444,-74.47277251,596.0518973,14.20416482,-40.25268555,81.81762695,2.1,3.449100973,-8.636474609,0.995461422,10,40,1.113887585,337,133,0.001805026,0.173817264,1.041218877,0.446591551,0.1373,13.67064362,0.922816265,0.961966022,2.105875827,0.192040509
"O9275_Batch2",-75.30037219,-75.94807943,472.5864955,8.840800876,-34.63745117,70.89233398,2,2.747368691,-11.29150391,1.144278607,13,70,1.066624968,476,194,0.002165427,0.213382332,1.049516637,0.049364656,0.1208,12.15116272,0.956653663,0.986934362,0.486581523,0.096959385
"O935_Batch2",-62.41369392,-59.94262695,245.3613281,20.51134137,-32.16552734,79.40673828,2.2,3.201912623,-13.18359375,1.107819905,12,90,1.021671608,569.5,297.7,0.000195204,0.061861553,1.048891436,0,0.0729,6.476480103,1.001544998,0.998375112,0.071985896,0.032566655
"O993_Batch2",-77.86486712,-92.82430013,499.2675781,7.887674212,-29.66308594,77.91137695,1.8,2.763288231,-16.14379883,1.018092105,11,110,1.068577786,280.1,150.8,0.000753529,0.116784166,1.028288364,0,0.0637,6.038044739,0.985299807,0.994131919,0.278758848,0.063153249
